GID_2,GID_0,COUNTRY,GID_1,NAME_1,NL_NAME_1,NAME_2,VARNAME_2,NL_NAME_2,TYPE_2,ENGTYPE_2,CC_2,HASC_2,id
COL.1.1_2,COL,Colombia,COL.1_2,Amazonas,NA,El Encanto,NA,NA,Corregimiento Departamental,Corregimiento Departamental,NA,CO.AM.EE,1
COL.1.2_2,COL,Colombia,COL.1_2,Amazonas,NA,La Chorrera,NA,NA,Corregimiento Departamental,Corregimiento Departamental,NA,CO.AM.LC,2
COL.1.3_2,COL,Colombia,COL.1_2,Amazonas,NA,La Pedrera,NA,NA,Corregimiento Departamental,Corregimiento Departamental,NA,CO.AM.LP,3
COL.1.4_2,COL,Colombia,COL.1_2,Amazonas,NA,La Victoria,NA,NA,Corregimiento Departamental,Corregimiento Departamental,NA,CO.BY.LV,4
COL.1.5_2,COL,Colombia,COL.1_2,Amazonas,NA,Leticia,NA,NA,Municipio,Municipality,NA,CO.AM.LE,5
COL.1.6_2,COL,Colombia,COL.1_2,Amazonas,NA,Mirití-Paraná,NA,NA,Corregimiento Departamental,Corregimiento Departamental,NA,CO.AM.MI,6
COL.1.7_2,COL,Colombia,COL.1_2,Amazonas,NA,Puerto Alegria,NA,NA,Municipio,Municipality,NA,CO.AM.AL,7
COL.1.8_2,COL,Colombia,COL.1_2,Amazonas,NA,Puerto Arica,NA,NA,Municipio,Municipality,NA,CO.AM.AR,8
COL.1.9_2,COL,Colombia,COL.1_2,Amazonas,NA,Puerto Nariño,NA,NA,Municipio,Municipality,NA,CO.AM.PN,9
COL.1.10_2,COL,Colombia,COL.1_2,Amazonas,NA,Puerto Santander,NA,NA,Corregimiento Departamental,Corregimiento Departamental,NA,CO.AM.PS,10
COL.1.11_2,COL,Colombia,COL.1_2,Amazonas,NA,Tarapacá,NA,NA,Corregimiento Departamental,Corregimiento Departamental,NA,CO.AM.TA,11
COL.2.1_2,COL,Colombia,COL.2_2,Antioquia,NA,Abejorral,NA,NA,Municipio,Municipality,NA,CO.AN.AB,12
COL.2.2_2,COL,Colombia,COL.2_2,Antioquia,NA,Abriaquí,NA,NA,Municipio,Municipality,NA,CO.AN.AQ,13
COL.2.3_2,COL,Colombia,COL.2_2,Antioquia,NA,Alejandría,NA,NA,Municipio,Municipality,NA,CO.AN.AJ,14
COL.2.4_2,COL,Colombia,COL.2_2,Antioquia,NA,Amagá,NA,NA,Municipio,Municipality,NA,CO.AN.AM,15
COL.2.5_2,COL,Colombia,COL.2_2,Antioquia,NA,Amalfi,NA,NA,Municipio,Municipality,NA,CO.AN.AF,16
COL.2.6_2,COL,Colombia,COL.2_2,Antioquia,NA,Andes,NA,NA,Municipio,Municipality,NA,CO.AN.AD,17
COL.2.7_2,COL,Colombia,COL.2_2,Antioquia,NA,Angelópolis,NA,NA,Municipio,Municipality,NA,CO.AN.AL,18
COL.2.8_2,COL,Colombia,COL.2_2,Antioquia,NA,Angostura,NA,NA,Municipio,Municipality,NA,CO.AN.AS,19
COL.2.9_2,COL,Colombia,COL.2_2,Antioquia,NA,Anorí,NA,NA,Municipio,Municipality,NA,CO.AN.AN,20
COL.2.10_2,COL,Colombia,COL.2_2,Antioquia,NA,Anzá,NA,NA,Municipio,Municipality,NA,CO.AN.AZ,21
COL.2.11_2,COL,Colombia,COL.2_2,Antioquia,NA,Apartadó,NA,NA,Municipio,Municipality,NA,CO.AN.AP,22
COL.2.12_2,COL,Colombia,COL.2_2,Antioquia,NA,Arboletes,NA,NA,Municipio,Municipality,NA,CO.AN.AR,23
COL.2.13_2,COL,Colombia,COL.2_2,Antioquia,NA,Argelia,NA,NA,Municipio,Municipality,NA,CO.AN.AG,24
COL.2.14_2,COL,Colombia,COL.2_2,Antioquia,NA,Armenia,Mantequilla,NA,Municipio,Municipality,NA,CO.AN.AA,25
COL.2.15_2,COL,Colombia,COL.2_2,Antioquia,NA,Barbosa,NA,NA,Municipio,Municipality,NA,CO.AN.BB,26
COL.2.16_2,COL,Colombia,COL.2_2,Antioquia,NA,Bello,NA,NA,Municipio,Municipality,NA,CO.AN.BL,27
COL.2.17_2,COL,Colombia,COL.2_2,Antioquia,NA,Belmira,NA,NA,Municipio,Municipality,NA,CO.AN.BM,28
COL.2.18_2,COL,Colombia,COL.2_2,Antioquia,NA,Betania,NA,NA,Municipio,Municipality,NA,CO.AN.BN,29
COL.2.19_2,COL,Colombia,COL.2_2,Antioquia,NA,Betulia,NA,NA,Municipio,Municipality,NA,CO.AN.BE,30
COL.2.20_2,COL,Colombia,COL.2_2,Antioquia,NA,Briceño,NA,NA,Municipio,Municipality,NA,CO.AN.BR,31
COL.2.21_2,COL,Colombia,COL.2_2,Antioquia,NA,Buriticá,NA,NA,Municipio,Municipality,NA,CO.AN.BU,32
COL.2.22_2,COL,Colombia,COL.2_2,Antioquia,NA,Cáceres,NA,NA,Municipio,Municipality,NA,CO.AN.CE,33
COL.2.23_2,COL,Colombia,COL.2_2,Antioquia,NA,Caicedo,NA,NA,Municipio,Municipality,NA,CO.AN.CD,34
COL.2.24_2,COL,Colombia,COL.2_2,Antioquia,NA,Caldas,NA,NA,Municipio,Municipality,NA,CO.AN.CL,35
COL.2.25_2,COL,Colombia,COL.2_2,Antioquia,NA,Campamento,NA,NA,Municipio,Municipality,NA,CO.AN.CM,36
COL.2.26_2,COL,Colombia,COL.2_2,Antioquia,NA,Cañasgordas,NA,NA,Municipio,Municipality,NA,CO.AN.CG,37
COL.2.27_2,COL,Colombia,COL.2_2,Antioquia,NA,Caracolí,NA,NA,Municipio,Municipality,NA,CO.AN.CA,38
COL.2.28_2,COL,Colombia,COL.2_2,Antioquia,NA,Caramanta,NA,NA,Municipio,Municipality,NA,CO.AN.CT,39
COL.2.29_2,COL,Colombia,COL.2_2,Antioquia,NA,Carepa,NA,NA,Municipio,Municipality,NA,CO.AN.CP,40
COL.2.30_2,COL,Colombia,COL.2_2,Antioquia,NA,Carolina del Principe,Carolina,NA,Municipio,Municipality,NA,CO.AN.CR,41
COL.2.31_2,COL,Colombia,COL.2_2,Antioquia,NA,Caucasia,NA,NA,Municipio,Municipality,NA,CO.AN.CU,42
COL.2.32_2,COL,Colombia,COL.2_2,Antioquia,NA,Chigorodó,NA,NA,Municipio,Municipality,NA,CO.AN.CH,43
COL.2.33_2,COL,Colombia,COL.2_2,Antioquia,NA,Cisneros,NA,NA,Municipio,Municipality,NA,CO.AN.CI,44
COL.2.34_2,COL,Colombia,COL.2_2,Antioquia,NA,Ciudad Bolívar,NA,NA,Municipio,Municipality,NA,CO.AN.BO,45
COL.2.35_2,COL,Colombia,COL.2_2,Antioquia,NA,Cocorná,NA,NA,Municipio,Municipality,NA,CO.AN.CO,46
COL.2.36_2,COL,Colombia,COL.2_2,Antioquia,NA,Concepción,NA,NA,Municipio,Municipality,NA,CO.AN.CC,47
COL.2.37_2,COL,Colombia,COL.2_2,Antioquia,NA,Concordia,NA,NA,Municipio,Municipality,NA,CO.AN.CN,48
COL.2.38_2,COL,Colombia,COL.2_2,Antioquia,NA,Copacabana,NA,NA,Municipio,Municipality,NA,CO.AN.CB,49
COL.2.39_2,COL,Colombia,COL.2_2,Antioquia,NA,Dabeiba,NA,NA,Municipio,Municipality,NA,CO.AN.DA,50
COL.2.40_2,COL,Colombia,COL.2_2,Antioquia,NA,Don Matías,NA,NA,Municipio,Municipality,NA,CO.AN.DM,51
COL.2.41_2,COL,Colombia,COL.2_2,Antioquia,NA,Ebéjico,NA,NA,Municipio,Municipality,NA,CO.AN.EJ,52
COL.2.42_2,COL,Colombia,COL.2_2,Antioquia,NA,El Bagre,NA,NA,Municipio,Municipality,NA,CO.AN.EB,53
COL.2.43_2,COL,Colombia,COL.2_2,Antioquia,NA,El Carmen de Viboral,Carmen De Vibora,NA,Municipio,Municipality,NA,CO.AN,54
COL.2.44_2,COL,Colombia,COL.2_2,Antioquia,NA,El Sopetrán,NA,NA,Municipio,Municipality,NA,CO.AN.SO,55
COL.2.45_2,COL,Colombia,COL.2_2,Antioquia,NA,Entrerríos,NA,NA,Municipio,Municipality,NA,CO.AN.ER,56
COL.2.46_2,COL,Colombia,COL.2_2,Antioquia,NA,Envigado,NA,NA,Municipio,Municipality,NA,CO.AN.EN,57
COL.2.47_2,COL,Colombia,COL.2_2,Antioquia,NA,Fredonia,NA,NA,Municipio,Municipality,NA,CO.AN.FD,58
COL.2.48_2,COL,Colombia,COL.2_2,Antioquia,NA,Frontino,NA,NA,Municipio,Municipality,NA,CO.AN.FN,59
COL.2.49_2,COL,Colombia,COL.2_2,Antioquia,NA,Giraldo,NA,NA,Municipio,Municipality,NA,CO.AN.GL,60
COL.2.50_2,COL,Colombia,COL.2_2,Antioquia,NA,Girardota,NA,NA,Municipio,Municipality,NA,CO.AN.GT,61
COL.2.51_2,COL,Colombia,COL.2_2,Antioquia,NA,Gómez Plata,NA,NA,Municipio,Municipality,NA,CO.AN.GP,62
COL.2.52_2,COL,Colombia,COL.2_2,Antioquia,NA,Granada,NA,NA,Municipio,Municipality,NA,CO.AN.GR,63
COL.2.53_2,COL,Colombia,COL.2_2,Antioquia,NA,Guadalupe,NA,NA,Municipio,Municipality,NA,CO.AN.GD,64
COL.2.54_2,COL,Colombia,COL.2_2,Antioquia,NA,Guarné,NA,NA,Municipio,Municipality,NA,CO.AN.GU,65
COL.2.55_2,COL,Colombia,COL.2_2,Antioquia,NA,Guatapé,NA,NA,Municipio,Municipality,NA,CO.AN.GA,66
COL.2.56_2,COL,Colombia,COL.2_2,Antioquia,NA,Heliconia,NA,NA,Municipio,Municipality,NA,CO.AN.HE,67
COL.2.57_2,COL,Colombia,COL.2_2,Antioquia,NA,Hispania,NA,NA,Municipio,Municipality,NA,CO.AN.HI,68
COL.2.58_2,COL,Colombia,COL.2_2,Antioquia,NA,Itagüí,NA,NA,Municipio,Municipality,NA,CO.AN.II,69
COL.2.59_2,COL,Colombia,COL.2_2,Antioquia,NA,Ituango,NA,NA,Municipio,Municipality,NA,CO.AN.IN,70
COL.2.60_2,COL,Colombia,COL.2_2,Antioquia,NA,Jardín,NA,NA,Municipio,Municipality,NA,CO.AN.JA,71
COL.2.61_2,COL,Colombia,COL.2_2,Antioquia,NA,Jericó,NA,NA,Municipio,Municipality,NA,CO.AN.JR,72
COL.2.62_2,COL,Colombia,COL.2_2,Antioquia,NA,La Ceja,NA,NA,Municipio,Municipality,NA,CO.AN.LC,73
COL.2.63_2,COL,Colombia,COL.2_2,Antioquia,NA,La Estrella,NA,NA,Municipio,Municipality,NA,CO.AN.LE,74
COL.2.64_2,COL,Colombia,COL.2_2,Antioquia,NA,La Pintada,NA,NA,Municipio,Municipality,NA,CO.AN.LP,75
COL.2.65_2,COL,Colombia,COL.2_2,Antioquia,NA,La Unión,NA,NA,Municipio,Municipality,NA,CO.AN.LU,76
COL.2.66_2,COL,Colombia,COL.2_2,Antioquia,NA,Liborina,NA,NA,Municipio,Municipality,NA,CO.AN.LI,77
COL.2.67_2,COL,Colombia,COL.2_2,Antioquia,NA,Maceo,NA,NA,Municipio,Municipality,NA,CO.AN.MC,78
COL.2.68_2,COL,Colombia,COL.2_2,Antioquia,NA,Marinilla,NA,NA,Municipio,Municipality,NA,CO.AN.MA,79
COL.2.69_2,COL,Colombia,COL.2_2,Antioquia,NA,Medellín,NA,NA,Municipio,Municipality,NA,CO.AN.ME,80
COL.2.70_2,COL,Colombia,COL.2_2,Antioquia,NA,Montebello,NA,NA,Municipio,Municipality,NA,CO.AN.MO,81
COL.2.71_2,COL,Colombia,COL.2_2,Antioquia,NA,Murindó,NA,NA,Municipio,Municipality,NA,CO.AN.MR,82
COL.2.72_2,COL,Colombia,COL.2_2,Antioquia,NA,Mutatá,NA,NA,Municipio,Municipality,NA,CO.AN.MT,83
COL.2.73_2,COL,Colombia,COL.2_2,Antioquia,NA,Nariño,NA,NA,Municipio,Municipality,NA,CO.AN.NA,84
COL.2.74_2,COL,Colombia,COL.2_2,Antioquia,NA,Nechí,NA,NA,Municipio,Municipality,NA,CO.AN.NH,85
COL.2.75_2,COL,Colombia,COL.2_2,Antioquia,NA,Necoclí,NA,NA,Municipio,Municipality,NA,CO.AN.NC,86
COL.2.76_2,COL,Colombia,COL.2_2,Antioquia,NA,Olaya,NA,NA,Municipio,Municipality,NA,CO.AN.OL,87
COL.2.77_2,COL,Colombia,COL.2_2,Antioquia,NA,Peñol,NA,NA,Municipio,Municipality,NA,CO.AN.PL,88
COL.2.78_2,COL,Colombia,COL.2_2,Antioquia,NA,Pequé,NA,NA,Municipio,Municipality,NA,CO.AN.PQ,89
COL.2.79_2,COL,Colombia,COL.2_2,Antioquia,NA,Pueblorrico,NA,NA,Municipio,Municipality,NA,CO.AN.PU,90
COL.2.80_2,COL,Colombia,COL.2_2,Antioquia,NA,Puerto Berrío,NA,NA,Municipio,Municipality,NA,CO.AN.PB,91
COL.2.81_2,COL,Colombia,COL.2_2,Antioquia,NA,Puerto Nare,La Magdalena,NA,Municipio,Municipality,NA,CO.AN,92
COL.2.82_2,COL,Colombia,COL.2_2,Antioquia,NA,Puerto Triunfo,NA,NA,Municipio,Municipality,NA,CO.AN.PT,93
COL.2.83_2,COL,Colombia,COL.2_2,Antioquia,NA,Remedios,NA,NA,Municipio,Municipality,NA,CO.AN.RM,94
COL.2.84_2,COL,Colombia,COL.2_2,Antioquia,NA,Retiro,NA,NA,Municipio,Municipality,NA,CO.AN.RT,95
COL.2.85_2,COL,Colombia,COL.2_2,Antioquia,NA,Rionegro,NA,NA,Municipio,Municipality,NA,CO.AN.RI,96
COL.2.86_2,COL,Colombia,COL.2_2,Antioquia,NA,Sabanalarga,NA,NA,Municipio,Municipality,NA,CO.AN.SA,97
COL.2.87_2,COL,Colombia,COL.2_2,Antioquia,NA,Sabaneta,NA,NA,Municipio,Municipality,NA,CO.AN.ST,98
COL.2.88_2,COL,Colombia,COL.2_2,Antioquia,NA,Salgar,NA,NA,Municipio,Municipality,NA,CO.AN.SG,99
COL.2.89_2,COL,Colombia,COL.2_2,Antioquia,NA,San Andrés de Cuerquia,San Andres|San Andrés,NA,Municipio,Municipality,NA,CO.AN.SA,100
COL.2.90_2,COL,Colombia,COL.2_2,Antioquia,NA,San Carlos,NA,NA,Municipio,Municipality,NA,CO.AN.SC,101
COL.2.91_2,COL,Colombia,COL.2_2,Antioquia,NA,San Francisco,NA,NA,Municipio,Municipality,NA,CO.AN.SF,102
COL.2.92_2,COL,Colombia,COL.2_2,Antioquia,NA,San Jerónimo,NA,NA,Municipio,Municipality,NA,CO.AN.SM,103
COL.2.93_2,COL,Colombia,COL.2_2,Antioquia,NA,San José de la Montaña,NA,NA,Municipio,Municipality,NA,CO.AN.SJ,104
COL.2.94_2,COL,Colombia,COL.2_2,Antioquia,NA,San Juan de Urabá,San Juan De Urab,NA,Municipio,Municipality,NA,CO.AN.SX,105
COL.2.95_2,COL,Colombia,COL.2_2,Antioquia,NA,San Luís,NA,NA,Municipio,Municipality,NA,CO.TO.SL,106
COL.2.96_2,COL,Colombia,COL.2_2,Antioquia,NA,San Pedro de los Milagros,San Pedro,NA,Municipio,Municipality,NA,CO.AN.SP,107
COL.2.97_2,COL,Colombia,COL.2_2,Antioquia,NA,San Pedro de Urabá,NA,NA,Municipio,Municipality,NA,CO.AN.SU,108
COL.2.98_2,COL,Colombia,COL.2_2,Antioquia,NA,San Rafael,NA,NA,Municipio,Municipality,NA,CO.AN.SN,109
COL.2.99_2,COL,Colombia,COL.2_2,Antioquia,NA,San Roque,NA,NA,Municipio,Municipality,NA,CO.AN.SQ,110
COL.2.100_2,COL,Colombia,COL.2_2,Antioquia,NA,San Vicente,NA,NA,Municipio,Municipality,NA,CO.AN.SV,111
COL.2.101_2,COL,Colombia,COL.2_2,Antioquia,NA,Santa Bárbara,NA,NA,Municipio,Municipality,NA,CO.AN.SB,112
COL.2.102_2,COL,Colombia,COL.2_2,Antioquia,NA,Santa Rosa de Osos,NA,NA,Municipio,Municipality,NA,CO.AN.SR,113
COL.2.103_2,COL,Colombia,COL.2_2,Antioquia,NA,Santafé de Antioquia,NA,NA,Municipio,Municipality,NA,CO.AN.AT,114
COL.2.104_2,COL,Colombia,COL.2_2,Antioquia,NA,Santo Domingo,NA,NA,Municipio,Municipality,NA,CO.AN.SD,115
COL.2.105_2,COL,Colombia,COL.2_2,Antioquia,NA,Santuario,NA,NA,Municipio,Municipality,NA,CO.RI,116
COL.2.106_2,COL,Colombia,COL.2_2,Antioquia,NA,Segovia,NA,NA,Municipio,Municipality,NA,CO.AN.SE,117
COL.2.107_2,COL,Colombia,COL.2_2,Antioquia,NA,Sonsón,NA,NA,Municipio,Municipality,NA,CO.AN.SS,118
COL.2.108_2,COL,Colombia,COL.2_2,Antioquia,NA,Támesis,NA,NA,Municipio,Municipality,NA,CO.AN.TM,119
COL.2.109_2,COL,Colombia,COL.2_2,Antioquia,NA,Tarazá,NA,NA,Municipio,Municipality,NA,CO.AN.TZ,120
COL.2.110_2,COL,Colombia,COL.2_2,Antioquia,NA,Tarso,NA,NA,Municipio,Municipality,NA,CO.AN.TA,121
COL.2.111_2,COL,Colombia,COL.2_2,Antioquia,NA,Titiribí,NA,NA,Municipio,Municipality,NA,CO.AN.TI,122
COL.2.112_2,COL,Colombia,COL.2_2,Antioquia,NA,Toledo,NA,NA,Municipio,Municipality,NA,CO.AN.TO,123
COL.2.113_2,COL,Colombia,COL.2_2,Antioquia,NA,Turbo,NA,NA,Municipio,Municipality,NA,CO.AN.TU,124
COL.2.114_2,COL,Colombia,COL.2_2,Antioquia,NA,Uramita,NA,NA,Municipio,Municipality,NA,CO.AN.UM,125
COL.2.115_2,COL,Colombia,COL.2_2,Antioquia,NA,Urrao,NA,NA,Municipio,Municipality,NA,CO.AN.UO,126
COL.2.116_2,COL,Colombia,COL.2_2,Antioquia,NA,Valdivia,NA,NA,Municipio,Municipality,NA,CO.AN.VD,127
COL.2.117_2,COL,Colombia,COL.2_2,Antioquia,NA,Valparaíso,NA,NA,Municipio,Municipality,NA,CO.AN.VP,128
COL.2.118_2,COL,Colombia,COL.2_2,Antioquia,NA,Vegachí,NA,NA,Municipio,Municipality,NA,CO.AN.VG,129
COL.2.119_2,COL,Colombia,COL.2_2,Antioquia,NA,Venecia,NA,NA,Municipio,Municipality,NA,CO.AN.VN,130
COL.2.120_2,COL,Colombia,COL.2_2,Antioquia,NA,Vigía del Fuerte,NA,NA,Municipio,Municipality,NA,CO.AN.VF,131
COL.2.121_2,COL,Colombia,COL.2_2,Antioquia,NA,Yalí,NA,NA,Municipio,Municipality,NA,CO.AN.YL,132
COL.2.122_2,COL,Colombia,COL.2_2,Antioquia,NA,Yarumal,NA,NA,Municipio,Municipality,NA,CO.AN.YR,133
COL.2.123_2,COL,Colombia,COL.2_2,Antioquia,NA,Yolombó,NA,NA,Municipio,Municipality,NA,CO.AN.YB,134
COL.2.124_2,COL,Colombia,COL.2_2,Antioquia,NA,Yondó,NA,NA,Municipio,Municipality,NA,CO.AN.YD,135
COL.2.125_2,COL,Colombia,COL.2_2,Antioquia,NA,Zaragoza,NA,NA,Municipio,Municipality,NA,CO.AN.ZA,136
COL.3.1_2,COL,Colombia,COL.3_2,Arauca,NA,Arauca,NA,NA,Municipio,Municipality,NA,CO.AR.AC,137
COL.3.2_2,COL,Colombia,COL.3_2,Arauca,NA,Arauquita,NA,NA,Municipio,Municipality,NA,CO.AR.AQ,138
COL.3.3_2,COL,Colombia,COL.3_2,Arauca,NA,Cravo Norte,NA,NA,Municipio,Municipality,NA,CO.AR.CN,139
COL.3.4_2,COL,Colombia,COL.3_2,Arauca,NA,Fortul,NA,NA,Municipio,Municipality,NA,CO.AR.FO,140
COL.3.5_2,COL,Colombia,COL.3_2,Arauca,NA,Puerto Rondón,NA,NA,Municipio,Municipality,NA,CO.AR.PR,141
COL.3.6_2,COL,Colombia,COL.3_2,Arauca,NA,Saravena,NA,NA,Municipio,Municipality,NA,CO.AR.SA,142
COL.3.7_2,COL,Colombia,COL.3_2,Arauca,NA,Tame,NA,NA,Municipio,Municipality,NA,CO.AR.TA,143
COL.4.1_2,COL,Colombia,COL.4_2,Atlántico,NA,Baranoa,NA,NA,Municipio,Municipality,NA,CO.AT.BO,144
COL.4.2_2,COL,Colombia,COL.4_2,Atlántico,NA,Barranquilla,NA,NA,Municipio,Municipality,NA,CO.AT.BQ,145
COL.4.3_2,COL,Colombia,COL.4_2,Atlántico,NA,Campo de la Cruz,NA,NA,Municipio,Municipality,NA,CO.AT.CC,146
COL.4.4_2,COL,Colombia,COL.4_2,Atlántico,NA,Candelaria,NA,NA,Municipio,Municipality,NA,CO.AT.CA,147
COL.4.5_2,COL,Colombia,COL.4_2,Atlántico,NA,Galapa,NA,NA,Municipio,Municipality,NA,CO.AT.GA,148
COL.4.6_2,COL,Colombia,COL.4_2,Atlántico,NA,Juan de Acosta,NA,NA,Municipio,Municipality,NA,CO.AT.JU,149
COL.4.7_2,COL,Colombia,COL.4_2,Atlántico,NA,Luruaco,NA,NA,Municipio,Municipality,NA,CO.AT.LU,150
COL.4.8_2,COL,Colombia,COL.4_2,Atlántico,NA,Malambo,NA,NA,Municipio,Municipality,NA,CO.AT.ML,151
COL.4.9_2,COL,Colombia,COL.4_2,Atlántico,NA,Manatí,NA,NA,Municipio,Municipality,NA,CO.AT.MN,152
COL.4.10_2,COL,Colombia,COL.4_2,Atlántico,NA,Palmar de Varela,NA,NA,Municipio,Municipality,NA,CO.AT.PV,153
COL.4.11_2,COL,Colombia,COL.4_2,Atlántico,NA,Piojó,NA,NA,Municipio,Municipality,NA,CO.AT.PI,154
COL.4.12_2,COL,Colombia,COL.4_2,Atlántico,NA,Polonuevo,Polo Nuevo,NA,Municipio,Municipality,NA,CO.AT.PL,155
COL.4.13_2,COL,Colombia,COL.4_2,Atlántico,NA,Ponedera,NA,NA,Municipio,Municipality,NA,CO.AT.PD,156
COL.4.14_2,COL,Colombia,COL.4_2,Atlántico,NA,Puerto Colombia,NA,NA,Municipio,Municipality,NA,CO.AT.PC,157
COL.4.15_2,COL,Colombia,COL.4_2,Atlántico,NA,Repelón,NA,NA,Municipio,Municipality,NA,CO.AT.RE,158
COL.4.16_2,COL,Colombia,COL.4_2,Atlántico,NA,Sabanagrande,NA,NA,Municipio,Municipality,NA,CO.AT.SG,159
COL.4.17_2,COL,Colombia,COL.4_2,Atlántico,NA,Sabanalarga,NA,NA,Municipio,Municipality,NA,CO.AN.SA,160
COL.4.18_2,COL,Colombia,COL.4_2,Atlántico,NA,Santa Lucía,NA,NA,Municipio,Municipality,NA,CO.AT.SL,161
COL.4.19_2,COL,Colombia,COL.4_2,Atlántico,NA,Santo Tomás,NA,NA,Municipio,Municipality,NA,CO.AT.ST,162
COL.4.20_2,COL,Colombia,COL.4_2,Atlántico,NA,Soledad,NA,NA,Municipio,Municipality,NA,CO.AT.SO,163
COL.4.21_2,COL,Colombia,COL.4_2,Atlántico,NA,Suan,NA,NA,Municipio,Municipality,NA,CO.AT.SU,164
COL.4.22_2,COL,Colombia,COL.4_2,Atlántico,NA,Tubará,NA,NA,Municipio,Municipality,NA,CO.AT.TU,165
COL.4.23_2,COL,Colombia,COL.4_2,Atlántico,NA,Usiacurí,NA,NA,Municipio,Municipality,NA,CO.AT.US,166
COL.5.1_2,COL,Colombia,COL.5_2,Bogotá D.C.,NA,Bogotá D.C.,NA,NA,Municipio,Municipality,NA,CO.DC,167
COL.6.1_2,COL,Colombia,COL.6_2,Bolívar,NA,Achí,NA,NA,Municipio,Municipality,NA,CO.BL.AC,168
COL.6.2_2,COL,Colombia,COL.6_2,Bolívar,NA,Altos del Rosario,NA,NA,Municipio,Municipality,NA,CO.BL.AL,169
COL.6.3_2,COL,Colombia,COL.6_2,Bolívar,NA,Arenal,NA,NA,Municipio,Municipality,NA,CO.BL.AN,170
COL.6.4_2,COL,Colombia,COL.6_2,Bolívar,NA,Arjona,NA,NA,Municipio,Municipality,NA,CO.BL.AR,171
COL.6.5_2,COL,Colombia,COL.6_2,Bolívar,NA,Arroyohondo,NA,NA,Municipio,Municipality,NA,CO.BL.AH,172
COL.6.6_2,COL,Colombia,COL.6_2,Bolívar,NA,Barranco de Loba,NA,NA,Municipio,Municipality,NA,CO.BL.BA,173
COL.6.7_2,COL,Colombia,COL.6_2,Bolívar,NA,Calamar,NA,NA,Municipio,Municipality,NA,CO.BL.CM,174
COL.6.8_2,COL,Colombia,COL.6_2,Bolívar,NA,Cantagallo,NA,NA,Municipio,Municipality,NA,CO.BL.CN,175
COL.6.9_2,COL,Colombia,COL.6_2,Bolívar,NA,Cartagena de Indias,Cartagena,NA,Municipio,Municipality,NA,CO.BL,176
COL.6.10_2,COL,Colombia,COL.6_2,Bolívar,NA,Cicuco,NA,NA,Municipio,Municipality,NA,CO.BL.CC,177
COL.6.11_2,COL,Colombia,COL.6_2,Bolívar,NA,Clemencia,NA,NA,Municipio,Municipality,NA,CO.BL.CL,178
COL.6.12_2,COL,Colombia,COL.6_2,Bolívar,NA,Córdoba,NA,NA,Municipio,Municipality,NA,CO.BL.CO,179
COL.6.13_2,COL,Colombia,COL.6_2,Bolívar,NA,El Carmen de Bolívar,El Carmen De Bol|El Carmen,NA,Municipio,Municipality,NA,CO.BL.EC,180
COL.6.14_2,COL,Colombia,COL.6_2,Bolívar,NA,El Guamo,NA,NA,Municipio,Municipality,NA,CO.BL.EG,181
COL.6.15_2,COL,Colombia,COL.6_2,Bolívar,NA,El Peñon,NA,NA,Municipio,Municipality,NA,CO.CU.EP,182
COL.6.16_2,COL,Colombia,COL.6_2,Bolívar,NA,Hatillo de Loba,NA,NA,Municipio,Municipality,NA,CO.BL.HL,183
COL.6.17_2,COL,Colombia,COL.6_2,Bolívar,NA,Magangué,NA,NA,Municipio,Municipality,NA,CO.BL.MG,184
COL.6.18_2,COL,Colombia,COL.6_2,Bolívar,NA,Mahates,NA,NA,Municipio,Municipality,NA,CO.BL.MH,185
COL.6.19_2,COL,Colombia,COL.6_2,Bolívar,NA,Margarita,NA,NA,Municipio,Municipality,NA,CO.BL.MA,186
COL.6.20_2,COL,Colombia,COL.6_2,Bolívar,NA,María la Baja,NA,NA,Municipio,Municipality,NA,CO.BL.MB,187
COL.6.21_2,COL,Colombia,COL.6_2,Bolívar,NA,Mompós,Mompox,NA,Municipio,Municipality,NA,CO.BL.MP,188
COL.6.22_2,COL,Colombia,COL.6_2,Bolívar,NA,Montecristo,NA,NA,Municipio,Municipality,NA,CO.BL.MC,189
COL.6.23_2,COL,Colombia,COL.6_2,Bolívar,NA,Morales,NA,NA,Municipio,Municipality,NA,CO.BL.MS,190
COL.6.24_2,COL,Colombia,COL.6_2,Bolívar,NA,Pinillos,NA,NA,Municipio,Municipality,NA,CO.BL.PI,191
COL.6.25_2,COL,Colombia,COL.6_2,Bolívar,NA,Regidor,NA,NA,Municipio,Municipality,NA,CO.BL.RE,192
COL.6.26_2,COL,Colombia,COL.6_2,Bolívar,NA,Río Viejo,NA,NA,Municipio,Municipality,NA,CO.BL.RV,193
COL.6.27_2,COL,Colombia,COL.6_2,Bolívar,NA,San Cristobal,NA,NA,Municipio,Municipality,NA,CO.BL.SB,194
COL.6.28_2,COL,Colombia,COL.6_2,Bolívar,NA,San Estanislao de Kostka,San Estanislao,NA,Municipio,Municipality,NA,CO.BL.SE,195
COL.6.29_2,COL,Colombia,COL.6_2,Bolívar,NA,San Fernando,NA,NA,Municipio,Municipality,NA,CO.BL.SF,196
COL.6.30_2,COL,Colombia,COL.6_2,Bolívar,NA,San Jacinto,NA,NA,Municipio,Municipality,NA,CO.BL.SJ,197
COL.6.31_2,COL,Colombia,COL.6_2,Bolívar,NA,San Jacinto del Cauca,NA,NA,Municipio,Municipality,NA,CO.BL.ST,198
COL.6.32_2,COL,Colombia,COL.6_2,Bolívar,NA,San Juan Nepomuceno,San Juan Nepomuc,NA,Municipio,Municipality,NA,CO.BL.SN,199
COL.6.33_2,COL,Colombia,COL.6_2,Bolívar,NA,San Martín de Loba,NA,NA,Municipio,Municipality,NA,CO.BL.SM,200
COL.6.34_2,COL,Colombia,COL.6_2,Bolívar,NA,San Pablo,NA,NA,Municipio,Municipality,NA,CO.BL.SP,201
COL.6.35_2,COL,Colombia,COL.6_2,Bolívar,NA,Santa Catalina,NA,NA,Municipio,Municipality,NA,CO.BL.SC,202
COL.6.36_2,COL,Colombia,COL.6_2,Bolívar,NA,Santa Rosa,NA,NA,Municipio,Municipality,NA,CO.BL.SR,203
COL.6.37_2,COL,Colombia,COL.6_2,Bolívar,NA,Santa Rosa del Sur,NA,NA,Municipio,Municipality,NA,CO.BL.SS,204
COL.6.38_2,COL,Colombia,COL.6_2,Bolívar,NA,Simití,NA,NA,Municipio,Municipality,NA,CO.BL.SI,205
COL.6.39_2,COL,Colombia,COL.6_2,Bolívar,NA,Soplaviento,NA,NA,Municipio,Municipality,NA,CO.BL.SO,206
COL.6.40_2,COL,Colombia,COL.6_2,Bolívar,NA,Talaigua Nuevo,NA,NA,Municipio,Municipality,NA,CO.BL.TA,207
COL.6.41_2,COL,Colombia,COL.6_2,Bolívar,NA,Tiquisio,NA,NA,Municipio,Municipality,NA,CO.BL.TQ,208
COL.6.42_2,COL,Colombia,COL.6_2,Bolívar,NA,Turbaco,NA,NA,Municipio,Municipality,NA,CO.BL.TC,209
COL.6.43_2,COL,Colombia,COL.6_2,Bolívar,NA,Turbaná,NA,NA,Municipio,Municipality,NA,CO.BL.TN,210
COL.6.44_2,COL,Colombia,COL.6_2,Bolívar,NA,Villanueva,NA,NA,Municipio,Municipality,NA,CO.BL.VN,211
COL.6.45_2,COL,Colombia,COL.6_2,Bolívar,NA,Zambrano,NA,NA,Municipio,Municipality,NA,CO.BL.ZA,212
COL.7.1_2,COL,Colombia,COL.7_2,Boyacá,NA,Almeida,NA,NA,Municipio,Municipality,NA,CO.BY.AL,213
COL.7.2_2,COL,Colombia,COL.7_2,Boyacá,NA,Aquitania,NA,NA,Municipio,Municipality,NA,CO.BY.AQ,214
COL.7.3_2,COL,Colombia,COL.7_2,Boyacá,NA,Arcabuco,NA,NA,Municipio,Municipality,NA,CO.BY.AR,215
COL.7.4_2,COL,Colombia,COL.7_2,Boyacá,NA,Belén,NA,NA,Municipio,Municipality,NA,CO.BY.BL,216
COL.7.5_2,COL,Colombia,COL.7_2,Boyacá,NA,Berbeo,NA,NA,Municipio,Municipality,NA,CO.BY.BB,217
COL.7.6_2,COL,Colombia,COL.7_2,Boyacá,NA,Beteitiva,NA,NA,Municipio,Municipality,NA,CO.BY.BT,218
COL.7.7_2,COL,Colombia,COL.7_2,Boyacá,NA,Boavita,NA,NA,Municipio,Municipality,NA,CO.BY.BO,219
COL.7.8_2,COL,Colombia,COL.7_2,Boyacá,NA,Boyacá,NA,NA,Municipio,Municipality,NA,CO.BY.BY,220
COL.7.9_2,COL,Colombia,COL.7_2,Boyacá,NA,Briceño,NA,NA,Municipio,Municipality,NA,CO.AN.BR,221
COL.7.10_2,COL,Colombia,COL.7_2,Boyacá,NA,Buenavista,NA,NA,Municipio,Municipality,NA,CO.BY.BU,222
COL.7.11_2,COL,Colombia,COL.7_2,Boyacá,NA,Busbanza,NA,NA,Municipio,Municipality,NA,CO.BY.BZ,223
COL.7.12_2,COL,Colombia,COL.7_2,Boyacá,NA,Caldas,NA,NA,Municipio,Municipality,NA,CO.AN.CL,224
COL.7.13_2,COL,Colombia,COL.7_2,Boyacá,NA,Campohermoso,NA,NA,Municipio,Municipality,NA,CO.BY.CM,225
COL.7.14_2,COL,Colombia,COL.7_2,Boyacá,NA,Cerinza,NA,NA,Municipio,Municipality,NA,CO.BY.CE,226
COL.7.15_2,COL,Colombia,COL.7_2,Boyacá,NA,Chinavita,NA,NA,Municipio,Municipality,NA,CO.BY.CN,227
COL.7.16_2,COL,Colombia,COL.7_2,Boyacá,NA,Chiquinquirá,NA,NA,Municipio,Municipality,NA,CO.BY.CQ,228
COL.7.17_2,COL,Colombia,COL.7_2,Boyacá,NA,Chíquiza,NA,NA,Municipio,Municipality,NA,CO.BY.CZ,229
COL.7.18_2,COL,Colombia,COL.7_2,Boyacá,NA,Chiscas,NA,NA,Municipio,Municipality,NA,CO.BY.CS,230
COL.7.19_2,COL,Colombia,COL.7_2,Boyacá,NA,Chita,NA,NA,Municipio,Municipality,NA,CO.BY.CA,231
COL.7.20_2,COL,Colombia,COL.7_2,Boyacá,NA,Chitaraque,NA,NA,Municipio,Municipality,NA,CO.BY.CR,232
COL.7.21_2,COL,Colombia,COL.7_2,Boyacá,NA,Chivatá,NA,NA,Municipio,Municipality,NA,CO.BY.CV,233
COL.7.22_2,COL,Colombia,COL.7_2,Boyacá,NA,Chivor,NA,NA,Municipio,Municipality,NA,CO.BY.CH,234
COL.7.23_2,COL,Colombia,COL.7_2,Boyacá,NA,Ciénaga,NA,NA,Municipio,Municipality,NA,CO.BY.CG,235
COL.7.24_2,COL,Colombia,COL.7_2,Boyacá,NA,Cómbita,NA,NA,Municipio,Municipality,NA,CO.BY.CB,236
COL.7.25_2,COL,Colombia,COL.7_2,Boyacá,NA,Coper,NA,NA,Municipio,Municipality,NA,CO.BY.CP,237
COL.7.26_2,COL,Colombia,COL.7_2,Boyacá,NA,Corrales,NA,NA,Municipio,Municipality,NA,CO.BY.CL,238
COL.7.27_2,COL,Colombia,COL.7_2,Boyacá,NA,Covarachía,NA,NA,Municipio,Municipality,NA,CO.BY.CO,239
COL.7.28_2,COL,Colombia,COL.7_2,Boyacá,NA,Cubará,NA,NA,Municipio,Municipality,NA,CO.BY.CU,240
COL.7.29_2,COL,Colombia,COL.7_2,Boyacá,NA,Cucaita,NA,NA,Municipio,Municipality,NA,CO.BY.CC,241
COL.7.30_2,COL,Colombia,COL.7_2,Boyacá,NA,Cuítiva,NA,NA,Municipio,Municipality,NA,CO.BY.CT,242
COL.7.31_2,COL,Colombia,COL.7_2,Boyacá,NA,Duitama,NA,NA,Municipio,Municipality,NA,CO.BY.DU,243
COL.7.32_2,COL,Colombia,COL.7_2,Boyacá,NA,El Cocuy,NA,NA,Municipio,Municipality,NA,CO.BY.EC,244
COL.7.33_2,COL,Colombia,COL.7_2,Boyacá,NA,El Espino,NA,NA,Municipio,Municipality,NA,CO.BY.EE,245
COL.7.34_2,COL,Colombia,COL.7_2,Boyacá,NA,Firavitoba,NA,NA,Municipio,Municipality,NA,CO.BY.FI,246
COL.7.35_2,COL,Colombia,COL.7_2,Boyacá,NA,Floresta,NA,NA,Municipio,Municipality,NA,CO.BY.FL,247
COL.7.36_2,COL,Colombia,COL.7_2,Boyacá,NA,Gachantivá,NA,NA,Municipio,Municipality,NA,CO.BY.GC,248
COL.7.37_2,COL,Colombia,COL.7_2,Boyacá,NA,Gámeza,NA,NA,Municipio,Municipality,NA,CO.BY.GZ,249
COL.7.38_2,COL,Colombia,COL.7_2,Boyacá,NA,Garagoa,NA,NA,Municipio,Municipality,NA,CO.BY.GG,250
COL.7.39_2,COL,Colombia,COL.7_2,Boyacá,NA,Guacamayas,NA,NA,Municipio,Municipality,NA,CO.BY.GM,251
COL.7.40_2,COL,Colombia,COL.7_2,Boyacá,NA,Guateque,NA,NA,Municipio,Municipality,NA,CO.BY.GT,252
COL.7.41_2,COL,Colombia,COL.7_2,Boyacá,NA,Guayatá,NA,NA,Municipio,Municipality,NA,CO.BY.GY,253
COL.7.42_2,COL,Colombia,COL.7_2,Boyacá,NA,Güicán,NA,NA,Municipio,Municipality,NA,CO.BY.GU,254
COL.7.43_2,COL,Colombia,COL.7_2,Boyacá,NA,Izá,NA,NA,Municipio,Municipality,NA,CO.BY.IZ,255
COL.7.44_2,COL,Colombia,COL.7_2,Boyacá,NA,Jenesano,NA,NA,Municipio,Municipality,NA,CO.BY.JN,256
COL.7.45_2,COL,Colombia,COL.7_2,Boyacá,NA,Jericó,NA,NA,Municipio,Municipality,NA,CO.AN.JR,257
COL.7.46_2,COL,Colombia,COL.7_2,Boyacá,NA,La Capilla,NA,NA,Municipio,Municipality,NA,CO.BY.LC,258
COL.7.47_2,COL,Colombia,COL.7_2,Boyacá,NA,La Uvita,NA,NA,Municipio,Municipality,NA,CO.BY.LU,259
COL.7.48_2,COL,Colombia,COL.7_2,Boyacá,NA,La Victoria,NA,NA,Corregimiento Departamental,Corregimiento Departamental,NA,CO.BY.LV,260
COL.7.49_2,COL,Colombia,COL.7_2,Boyacá,NA,Labranzagrande,NA,NA,Municipio,Municipality,NA,CO.BY.LB,261
COL.7.50_2,COL,Colombia,COL.7_2,Boyacá,NA,Macanal,NA,NA,Municipio,Municipality,NA,CO.BY.MC,262
COL.7.51_2,COL,Colombia,COL.7_2,Boyacá,NA,Maripí,NA,NA,Municipio,Municipality,NA,CO.BY.MP,263
COL.7.52_2,COL,Colombia,COL.7_2,Boyacá,NA,Miraflores,NA,NA,Municipio,Municipality,NA,CO.BY.MF,264
COL.7.53_2,COL,Colombia,COL.7_2,Boyacá,NA,Mongua,NA,NA,Municipio,Municipality,NA,CO.BY.MA,265
COL.7.54_2,COL,Colombia,COL.7_2,Boyacá,NA,Monguí,NA,NA,Municipio,Municipality,NA,CO.BY.MI,266
COL.7.55_2,COL,Colombia,COL.7_2,Boyacá,NA,Moniquirá,NA,NA,Municipio,Municipality,NA,CO.BY.MQ,267
COL.7.56_2,COL,Colombia,COL.7_2,Boyacá,NA,Motavita,NA,NA,Municipio,Municipality,NA,CO.BY.MV,268
COL.7.57_2,COL,Colombia,COL.7_2,Boyacá,NA,Muzo,NA,NA,Municipio,Municipality,NA,CO.BY.MZ,269
COL.7.58_2,COL,Colombia,COL.7_2,Boyacá,NA,Nobsa,NA,NA,Municipio,Municipality,NA,CO.BY.NO,270
COL.7.59_2,COL,Colombia,COL.7_2,Boyacá,NA,Nuevo Colón,NA,NA,Municipio,Municipality,NA,CO.BY.NC,271
COL.7.60_2,COL,Colombia,COL.7_2,Boyacá,NA,Oicatá,NA,NA,Municipio,Municipality,NA,CO.BY.OI,272
COL.7.61_2,COL,Colombia,COL.7_2,Boyacá,NA,Otanche,NA,NA,Municipio,Municipality,NA,CO.BY.OT,273
COL.7.62_2,COL,Colombia,COL.7_2,Boyacá,NA,Pachavita,NA,NA,Municipio,Municipality,NA,CO.BY.PC,274
COL.7.63_2,COL,Colombia,COL.7_2,Boyacá,NA,Páez,NA,NA,Municipio,Municipality,NA,CO.BY.PZ,275
COL.7.64_2,COL,Colombia,COL.7_2,Boyacá,NA,Paipa,NA,NA,Municipio,Municipality,NA,CO.BY.PP,276
COL.7.65_2,COL,Colombia,COL.7_2,Boyacá,NA,Pajarito,NA,NA,Municipio,Municipality,NA,CO.BY.PJ,277
COL.7.66_2,COL,Colombia,COL.7_2,Boyacá,NA,Panqueba,NA,NA,Municipio,Municipality,NA,CO.BY.PQ,278
COL.7.67_2,COL,Colombia,COL.7_2,Boyacá,NA,Pauna,NA,NA,Municipio,Municipality,NA,CO.BY.PA,279
COL.7.68_2,COL,Colombia,COL.7_2,Boyacá,NA,Paya,NA,NA,Municipio,Municipality,NA,CO.BY.PY,280
COL.7.69_2,COL,Colombia,COL.7_2,Boyacá,NA,Paz de Río,NA,NA,Municipio,Municipality,NA,CO.BY.PR,281
COL.7.70_2,COL,Colombia,COL.7_2,Boyacá,NA,Pesca,NA,NA,Municipio,Municipality,NA,CO.BY.PE,282
COL.7.71_2,COL,Colombia,COL.7_2,Boyacá,NA,Pisba,Pisva,NA,Municipio,Municipality,NA,CO.BY.PV,283
COL.7.72_2,COL,Colombia,COL.7_2,Boyacá,NA,Puerto Boyacá,Puerto Boyacáa,NA,Municipio,Municipality,NA,CO.BY.PB,284
COL.7.73_2,COL,Colombia,COL.7_2,Boyacá,NA,Quípama,NA,NA,Municipio,Municipality,NA,CO.BY.QU,285
COL.7.74_2,COL,Colombia,COL.7_2,Boyacá,NA,Ramiriquí,NA,NA,Municipio,Municipality,NA,CO.BY.RM,286
COL.7.75_2,COL,Colombia,COL.7_2,Boyacá,NA,Ráquira,NA,NA,Municipio,Municipality,NA,CO.BY.RA,287
COL.7.76_2,COL,Colombia,COL.7_2,Boyacá,NA,Rondón,NA,NA,Municipio,Municipality,NA,CO.BY.RO,288
COL.7.77_2,COL,Colombia,COL.7_2,Boyacá,NA,Saboyá,NA,NA,Municipio,Municipality,NA,CO.BY.SB,289
COL.7.78_2,COL,Colombia,COL.7_2,Boyacá,NA,Sáchica,NA,NA,Municipio,Municipality,NA,CO.BY.SH,290
COL.7.79_2,COL,Colombia,COL.7_2,Boyacá,NA,Samacá,NA,NA,Municipio,Municipality,NA,CO.BY.SA,291
COL.7.80_2,COL,Colombia,COL.7_2,Boyacá,NA,San Eduardo,NA,NA,Municipio,Municipality,NA,CO.BY.SD,292
COL.7.81_2,COL,Colombia,COL.7_2,Boyacá,NA,San José de Pare,NA,NA,Municipio,Municipality,NA,CO.BY.JP,293
COL.7.82_2,COL,Colombia,COL.7_2,Boyacá,NA,San Luis de Gaceno,San Luis De Gace,NA,Municipio,Municipality,NA,CO.BY.LG,294
COL.7.83_2,COL,Colombia,COL.7_2,Boyacá,NA,San Mateo,NA,NA,Municipio,Municipality,NA,CO.BY.SM,295
COL.7.84_2,COL,Colombia,COL.7_2,Boyacá,NA,San Miguel de Sema,NA,NA,Municipio,Municipality,NA,CO.BY.MS,296
COL.7.85_2,COL,Colombia,COL.7_2,Boyacá,NA,San Pablo de Borbur,NA,NA,Municipio,Municipality,NA,CO.BY.SP,297
COL.7.86_2,COL,Colombia,COL.7_2,Boyacá,NA,Santa María,Santamaria,NA,Municipio,Municipality,NA,CO.BY.SX,298
COL.7.87_2,COL,Colombia,COL.7_2,Boyacá,NA,Santa Rosa de Viterbo,NA,NA,Municipio,Municipality,NA,CO.BY.RV,299
COL.7.88_2,COL,Colombia,COL.7_2,Boyacá,NA,Santa Sofía,NA,NA,Municipio,Municipality,NA,CO.BY.SF,300
COL.7.89_2,COL,Colombia,COL.7_2,Boyacá,NA,Santana,NA,NA,Municipio,Municipality,NA,CO.BY.SN,301
COL.7.90_2,COL,Colombia,COL.7_2,Boyacá,NA,Sativanorte,NA,NA,Municipio,Municipality,NA,CO.BY.SE,302
COL.7.91_2,COL,Colombia,COL.7_2,Boyacá,NA,Sativasur,NA,NA,Municipio,Municipality,NA,CO.BY.SV,303
COL.7.92_2,COL,Colombia,COL.7_2,Boyacá,NA,Siachoque,NA,NA,Municipio,Municipality,NA,CO.BY.SI,304
COL.7.93_2,COL,Colombia,COL.7_2,Boyacá,NA,Soatá,NA,NA,Municipio,Municipality,NA,CO.BY.SO,305
COL.7.94_2,COL,Colombia,COL.7_2,Boyacá,NA,Socha,NA,NA,Municipio,Municipality,NA,CO.BY.SC,306
COL.7.95_2,COL,Colombia,COL.7_2,Boyacá,NA,Socotá,NA,NA,Municipio,Municipality,NA,CO.BY.ST,307
COL.7.96_2,COL,Colombia,COL.7_2,Boyacá,NA,Sogamoso,NA,NA,Municipio,Municipality,NA,CO.BY.SG,308
COL.7.97_2,COL,Colombia,COL.7_2,Boyacá,NA,Somondoco,NA,NA,Municipio,Municipality,NA,CO.BY.SK,309
COL.7.98_2,COL,Colombia,COL.7_2,Boyacá,NA,Sora,NA,NA,Municipio,Municipality,NA,CO.BY.SR,310
COL.7.99_2,COL,Colombia,COL.7_2,Boyacá,NA,Soracá,NA,NA,Municipio,Municipality,NA,CO.BY.SL,311
COL.7.100_2,COL,Colombia,COL.7_2,Boyacá,NA,Sotaquirá,NA,NA,Municipio,Municipality,NA,CO.BY.SQ,312
COL.7.101_2,COL,Colombia,COL.7_2,Boyacá,NA,Susacón,NA,NA,Municipio,Municipality,NA,CO.BY.SS,313
COL.7.102_2,COL,Colombia,COL.7_2,Boyacá,NA,Sutamarchán,NA,NA,Municipio,Municipality,NA,CO.BY.SU,314
COL.7.103_2,COL,Colombia,COL.7_2,Boyacá,NA,Sutatenza,NA,NA,Municipio,Municipality,NA,CO.BY.SZ,315
COL.7.104_2,COL,Colombia,COL.7_2,Boyacá,NA,Tasco,NA,NA,Municipio,Municipality,NA,CO.BY.TA,316
COL.7.105_2,COL,Colombia,COL.7_2,Boyacá,NA,Tenza,NA,NA,Municipio,Municipality,NA,CO.BY.TZ,317
COL.7.106_2,COL,Colombia,COL.7_2,Boyacá,NA,Tibaná,NA,NA,Municipio,Municipality,NA,CO.BY.TN,318
COL.7.107_2,COL,Colombia,COL.7_2,Boyacá,NA,Tibasosa,Tibabosa,NA,Municipio,Municipality,NA,CO.BY.TB,319
COL.7.108_2,COL,Colombia,COL.7_2,Boyacá,NA,Tinjacá,NA,NA,Municipio,Municipality,NA,CO.BY.TI,320
COL.7.109_2,COL,Colombia,COL.7_2,Boyacá,NA,Tipacoque,NA,NA,Municipio,Municipality,NA,CO.BY.TQ,321
COL.7.110_2,COL,Colombia,COL.7_2,Boyacá,NA,Toca,NA,NA,Municipio,Municipality,NA,CO.BY.TC,322
COL.7.111_2,COL,Colombia,COL.7_2,Boyacá,NA,Toguí,NA,NA,Municipio,Municipality,NA,CO.BY.TG,323
COL.7.112_2,COL,Colombia,COL.7_2,Boyacá,NA,Topagá,NA,NA,Municipio,Municipality,NA,CO.BY.TP,324
COL.7.113_2,COL,Colombia,COL.7_2,Boyacá,NA,Tota,NA,NA,Municipio,Municipality,NA,CO.BY.TO,325
COL.7.114_2,COL,Colombia,COL.7_2,Boyacá,NA,Tunja,NA,NA,Municipio,Municipality,NA,CO.BY.TJ,326
COL.7.115_2,COL,Colombia,COL.7_2,Boyacá,NA,Tunungua,NA,NA,Municipio,Municipality,NA,CO.BY.TU,327
COL.7.116_2,COL,Colombia,COL.7_2,Boyacá,NA,Turmequé,NA,NA,Municipio,Municipality,NA,CO.BY.TE,328
COL.7.117_2,COL,Colombia,COL.7_2,Boyacá,NA,Tuta,NA,NA,Municipio,Municipality,NA,CO.BY.TT,329
COL.7.118_2,COL,Colombia,COL.7_2,Boyacá,NA,Tutazá,Tutasa,NA,Municipio,Municipality,NA,CO.BY.TS,330
COL.7.119_2,COL,Colombia,COL.7_2,Boyacá,NA,Umbita,NA,NA,Municipio,Municipality,NA,CO.BY.UM,331
COL.7.120_2,COL,Colombia,COL.7_2,Boyacá,NA,Ventaquemada,NA,NA,Municipio,Municipality,NA,CO.BY.VE,332
COL.7.121_2,COL,Colombia,COL.7_2,Boyacá,NA,Villa de Leyva,NA,NA,Municipio,Municipality,NA,CO.BY.LE,333
COL.7.122_2,COL,Colombia,COL.7_2,Boyacá,NA,Viracachá,NA,NA,Municipio,Municipality,NA,CO.BY.VI,334
COL.7.123_2,COL,Colombia,COL.7_2,Boyacá,NA,Zetaquirá,NA,NA,Municipio,Municipality,NA,CO.BY.ZE,335
COL.8.1_2,COL,Colombia,COL.8_2,Caldas,NA,Aguadas,NA,NA,Municipio,Municipality,NA,CO.CL.AG,336
COL.8.2_2,COL,Colombia,COL.8_2,Caldas,NA,Anserma,NA,NA,Municipio,Municipality,NA,CO.CL.AN,337
COL.8.3_2,COL,Colombia,COL.8_2,Caldas,NA,Aranzazú,Aranzazé,NA,Municipio,Municipality,NA,CO.CL.AR,338
COL.8.4_2,COL,Colombia,COL.8_2,Caldas,NA,Belalcázar,NA,NA,Municipio,Municipality,NA,CO.CL.BE,339
COL.8.5_2,COL,Colombia,COL.8_2,Caldas,NA,Chinchiná,NA,NA,Municipio,Municipality,NA,CO.CL.CH,340
COL.8.6_2,COL,Colombia,COL.8_2,Caldas,NA,Filadelfia,NA,NA,Municipio,Municipality,NA,CO.CL.FI,341
COL.8.7_2,COL,Colombia,COL.8_2,Caldas,NA,La Dorada,NA,NA,Municipio,Municipality,NA,CO.CL.LD,342
COL.8.8_2,COL,Colombia,COL.8_2,Caldas,NA,La Merced,NA,NA,Municipio,Municipality,NA,CO.CL.LM,343
COL.8.9_2,COL,Colombia,COL.8_2,Caldas,NA,Manizales,NA,NA,Municipio,Municipality,NA,CO.CL.ML,344
COL.8.10_2,COL,Colombia,COL.8_2,Caldas,NA,Manzanares,NA,NA,Municipio,Municipality,NA,CO.CL.MZ,345
COL.8.11_2,COL,Colombia,COL.8_2,Caldas,NA,Marmato,NA,NA,Municipio,Municipality,NA,CO.CL.MM,346
COL.8.12_2,COL,Colombia,COL.8_2,Caldas,NA,Marquetalia,NA,NA,Municipio,Municipality,NA,CO.CL.MQ,347
COL.8.13_2,COL,Colombia,COL.8_2,Caldas,NA,Marulanda,NA,NA,Municipio,Municipality,NA,CO.CL.MD,348
COL.8.14_2,COL,Colombia,COL.8_2,Caldas,NA,Neira,NA,NA,Municipio,Municipality,NA,CO.CL.NE,349
COL.8.15_2,COL,Colombia,COL.8_2,Caldas,NA,Norcasia,NA,NA,Municipio,Municipality,NA,CO.CL.NO,350
COL.8.16_2,COL,Colombia,COL.8_2,Caldas,NA,Pácora,NA,NA,Municipio,Municipality,NA,CO.CL.PC,351
COL.8.17_2,COL,Colombia,COL.8_2,Caldas,NA,Palestina,NA,NA,Municipio,Municipality,NA,CO.CL.PL,352
COL.8.18_2,COL,Colombia,COL.8_2,Caldas,NA,Pensilvania,NA,NA,Municipio,Municipality,NA,CO.CL.PE,353
COL.8.19_2,COL,Colombia,COL.8_2,Caldas,NA,Riosucio,NA,NA,Municipio,Municipality,NA,CO.CL.RI,354
COL.8.20_2,COL,Colombia,COL.8_2,Caldas,NA,Risaralda,NA,NA,Municipio,Municipality,NA,CO.CL.RR,355
COL.8.21_2,COL,Colombia,COL.8_2,Caldas,NA,Salamina,NA,NA,Municipio,Municipality,NA,CO.CL.SL,356
COL.8.22_2,COL,Colombia,COL.8_2,Caldas,NA,Samaná,NA,NA,Municipio,Municipality,NA,CO.CL.SA,357
COL.8.23_2,COL,Colombia,COL.8_2,Caldas,NA,San José,San José de Caldas,NA,Municipio,Municipality,NA,CO.CL.SJ,358
COL.8.24_2,COL,Colombia,COL.8_2,Caldas,NA,Supía,NA,NA,Municipio,Municipality,NA,CO.CL.SU,359
COL.8.25_2,COL,Colombia,COL.8_2,Caldas,NA,Victoria,NA,NA,Municipio,Municipality,NA,CO.CL.VC,360
COL.8.26_2,COL,Colombia,COL.8_2,Caldas,NA,Villamaría,NA,NA,Municipio,Municipality,NA,CO.CL.VM,361
COL.8.27_2,COL,Colombia,COL.8_2,Caldas,NA,Viterbo,NA,NA,Municipio,Municipality,NA,CO.CL.VB,362
COL.9.1_2,COL,Colombia,COL.9_2,Caquetá,NA,Albania,NA,NA,Municipio,Municipality,NA,CO.CQ.AL,363
COL.9.2_2,COL,Colombia,COL.9_2,Caquetá,NA,Belén de los Andaquies,NA,NA,Municipio,Municipality,NA,CO.CQ.BE,364
COL.9.3_2,COL,Colombia,COL.9_2,Caquetá,NA,Cartagena del Chairá,NA,NA,Municipio,Municipality,NA,CO.CQ.CA,365
COL.9.4_2,COL,Colombia,COL.9_2,Caquetá,NA,Curillo,NA,NA,Municipio,Municipality,NA,CO.CQ.CU,366
COL.9.5_2,COL,Colombia,COL.9_2,Caquetá,NA,El Doncello,NA,NA,Municipio,Municipality,NA,CO.CQ.ED,367
COL.9.6_2,COL,Colombia,COL.9_2,Caquetá,NA,El Paujíl,NA,NA,Municipio,Municipality,NA,CO.CQ.EP,368
COL.9.7_2,COL,Colombia,COL.9_2,Caquetá,NA,Florencia,NA,NA,Municipio,Municipality,NA,CO.CQ.FL,369
COL.9.8_2,COL,Colombia,COL.9_2,Caquetá,NA,La Montañita,NA,NA,Municipio,Municipality,NA,CO.CQ.LM,370
COL.9.9_2,COL,Colombia,COL.9_2,Caquetá,NA,Milán,NA,NA,Municipio,Municipality,NA,CO.CQ.MI,371
COL.9.10_2,COL,Colombia,COL.9_2,Caquetá,NA,Morelia,NA,NA,Municipio,Municipality,NA,CO.CQ.MO,372
COL.9.11_2,COL,Colombia,COL.9_2,Caquetá,NA,Puerto Rico,NA,NA,Municipio,Municipality,NA,CO.CQ.PR,373
COL.9.12_2,COL,Colombia,COL.9_2,Caquetá,NA,San José del Fragua,San Jose De Frag,NA,Municipio,Municipality,NA,CO.CQ.SJ,374
COL.9.13_2,COL,Colombia,COL.9_2,Caquetá,NA,San Vicente del Caguán,NA,NA,Municipio,Municipality,NA,CO.CQ.SV,375
COL.9.14_2,COL,Colombia,COL.9_2,Caquetá,NA,Solano,NA,NA,Municipio,Municipality,NA,CO.CQ.SO,376
COL.9.15_2,COL,Colombia,COL.9_2,Caquetá,NA,Solita,NA,NA,Municipio,Municipality,NA,CO.CQ.ST,377
COL.9.16_2,COL,Colombia,COL.9_2,Caquetá,NA,Valparaíso,NA,NA,Municipio,Municipality,NA,CO.AN.VP,378
COL.10.1_2,COL,Colombia,COL.10_2,Casanare,NA,Aguazul,NA,NA,Municipio,Municipality,NA,CO.CS.AG,379
COL.10.2_2,COL,Colombia,COL.10_2,Casanare,NA,Chámeza,NA,NA,Municipio,Municipality,NA,CO.CS.CH,380
COL.10.3_2,COL,Colombia,COL.10_2,Casanare,NA,Hato Corozal,NA,NA,Municipio,Municipality,NA,CO.CS.HA,381
COL.10.4_2,COL,Colombia,COL.10_2,Casanare,NA,La Salina,NA,NA,Municipio,Municipality,NA,CO.CS.LS,382
COL.10.5_2,COL,Colombia,COL.10_2,Casanare,NA,Maní,NA,NA,Municipio,Municipality,NA,CO.CS.MA,383
COL.10.6_2,COL,Colombia,COL.10_2,Casanare,NA,Monterrey,NA,NA,Municipio,Municipality,NA,CO.CS.MO,384
COL.10.7_2,COL,Colombia,COL.10_2,Casanare,NA,Nunchía,NA,NA,Municipio,Municipality,NA,CO.CS.NU,385
COL.10.8_2,COL,Colombia,COL.10_2,Casanare,NA,Orocué,NA,NA,Municipio,Municipality,NA,CO.CS.OR,386
COL.10.9_2,COL,Colombia,COL.10_2,Casanare,NA,Paz de Ariporo,NA,NA,Municipio,Municipality,NA,CO.CS.PA,387
COL.10.10_2,COL,Colombia,COL.10_2,Casanare,NA,Pore,NA,NA,Municipio,Municipality,NA,CO.CS.PO,388
COL.10.11_2,COL,Colombia,COL.10_2,Casanare,NA,Recetor,NA,NA,Municipio,Municipality,NA,CO.CS.RE,389
COL.10.12_2,COL,Colombia,COL.10_2,Casanare,NA,Sabanalarga,NA,NA,Municipio,Municipality,NA,CO.AN.SA,390
COL.10.13_2,COL,Colombia,COL.10_2,Casanare,NA,Sácama,NA,NA,Municipio,Municipality,NA,CO.CS.SC,391
COL.10.14_2,COL,Colombia,COL.10_2,Casanare,NA,San Luis de Palenque,San Luis De Pale,NA,Municipio,Municipality,NA,CO.CS.SL,392
COL.10.15_2,COL,Colombia,COL.10_2,Casanare,NA,Támara,NA,NA,Municipio,Municipality,NA,CO.CS.TM,393
COL.10.16_2,COL,Colombia,COL.10_2,Casanare,NA,Tauramena,NA,NA,Municipio,Municipality,NA,CO.CS.TN,394
COL.10.17_2,COL,Colombia,COL.10_2,Casanare,NA,Trinidad,NA,NA,Municipio,Municipality,NA,CO.CS.TR,395
COL.10.18_2,COL,Colombia,COL.10_2,Casanare,NA,Villanueva,NA,NA,Municipio,Municipality,NA,CO.BL.VN,396
COL.10.19_2,COL,Colombia,COL.10_2,Casanare,NA,Yopal,NA,NA,Municipio,Municipality,NA,CO.CS.YO,397
COL.11.1_2,COL,Colombia,COL.11_2,Cauca,NA,Almaguer,NA,NA,Municipio,Municipality,NA,CO.CA.AL,398
COL.11.2_2,COL,Colombia,COL.11_2,Cauca,NA,Argelia,NA,NA,Municipio,Municipality,NA,CO.AN.AG,399
COL.11.3_2,COL,Colombia,COL.11_2,Cauca,NA,Balboa,NA,NA,Municipio,Municipality,NA,CO.CA.BA,400
COL.11.4_2,COL,Colombia,COL.11_2,Cauca,NA,Bolívar,NA,NA,Municipio,Municipality,NA,CO.AN.BO,401
COL.11.5_2,COL,Colombia,COL.11_2,Cauca,NA,Buenos Aires,NA,NA,Municipio,Municipality,NA,CO.CA.BA,402
COL.11.6_2,COL,Colombia,COL.11_2,Cauca,NA,Cajibío,NA,NA,Municipio,Municipality,NA,CO.CA.CJ,403
COL.11.7_2,COL,Colombia,COL.11_2,Cauca,NA,Caldonó,NA,NA,Municipio,Municipality,NA,CO.CA.CD,404
COL.11.8_2,COL,Colombia,COL.11_2,Cauca,NA,Caloto,NA,NA,Municipio,Municipality,NA,CO.CA.CT,405
COL.11.9_2,COL,Colombia,COL.11_2,Cauca,NA,Corinto,NA,NA,Municipio,Municipality,NA,CO.CA.CO,406
COL.11.10_2,COL,Colombia,COL.11_2,Cauca,NA,El Tambo,NA,NA,Municipio,Municipality,NA,CO.CA.ET,407
COL.11.11_2,COL,Colombia,COL.11_2,Cauca,NA,Florencia,NA,NA,Municipio,Municipality,NA,CO.CQ.FL,408
COL.11.12_2,COL,Colombia,COL.11_2,Cauca,NA,Guapí,NA,NA,Municipio,Municipality,NA,CO.CA.GU,409
COL.11.13_2,COL,Colombia,COL.11_2,Cauca,NA,Inzá,NA,NA,Municipio,Municipality,NA,CO.CA.IN,410
COL.11.14_2,COL,Colombia,COL.11_2,Cauca,NA,Jambaló,NA,NA,Municipio,Municipality,NA,CO.CA.JA,411
COL.11.15_2,COL,Colombia,COL.11_2,Cauca,NA,La Sierra,NA,NA,Municipio,Municipality,NA,CO.CA.LS,412
COL.11.16_2,COL,Colombia,COL.11_2,Cauca,NA,La Vega,NA,NA,Municipio,Municipality,NA,CO.CA.LV,413
COL.11.17_2,COL,Colombia,COL.11_2,Cauca,NA,López de Micay,López,NA,Municipio,Municipality,NA,CO.CA.LO,414
COL.11.18_2,COL,Colombia,COL.11_2,Cauca,NA,Mercaderes,NA,NA,Municipio,Municipality,NA,CO.CA.ME,415
COL.11.19_2,COL,Colombia,COL.11_2,Cauca,NA,Miranda,NA,NA,Municipio,Municipality,NA,CO.CA.MI,416
COL.11.20_2,COL,Colombia,COL.11_2,Cauca,NA,Morales,NA,NA,Municipio,Municipality,NA,CO.BL.MS,417
COL.11.21_2,COL,Colombia,COL.11_2,Cauca,NA,Padilla,NA,NA,Municipio,Municipality,NA,CO.CA.PD,418
COL.11.22_2,COL,Colombia,COL.11_2,Cauca,NA,Páez,NA,NA,Municipio,Municipality,NA,CO.BY.PZ,419
COL.11.23_2,COL,Colombia,COL.11_2,Cauca,NA,Patía,El Bordo,NA,Municipio,Municipality,NA,CO.CA.PA,420
COL.11.24_2,COL,Colombia,COL.11_2,Cauca,NA,Piamonte,NA,NA,Municipio,Municipality,NA,CO.CA.PM,421
COL.11.25_2,COL,Colombia,COL.11_2,Cauca,NA,Piendamó,NA,NA,Municipio,Municipality,NA,CO.CA.PI,422
COL.11.26_2,COL,Colombia,COL.11_2,Cauca,NA,Popayán,NA,NA,Municipio,Municipality,NA,CO.CA.PO,423
COL.11.27_2,COL,Colombia,COL.11_2,Cauca,NA,Puerto Tejada,NA,NA,Municipio,Municipality,NA,CO.CA.PT,424
COL.11.28_2,COL,Colombia,COL.11_2,Cauca,NA,Puracé,NA,NA,Municipio,Municipality,NA,CO.CA.PU,425
COL.11.29_2,COL,Colombia,COL.11_2,Cauca,NA,Rosas,NA,NA,Municipio,Municipality,NA,CO.CA.RO,426
COL.11.30_2,COL,Colombia,COL.11_2,Cauca,NA,San Sebastián,NA,NA,Municipio,Municipality,NA,CO.CA.SS,427
COL.11.31_2,COL,Colombia,COL.11_2,Cauca,NA,Santa Rosa,NA,NA,Municipio,Municipality,NA,CO.BL.SR,428
COL.11.32_2,COL,Colombia,COL.11_2,Cauca,NA,Santander de Quilichao,NA,NA,Municipio,Municipality,NA,CO.CA.SN,429
COL.11.33_2,COL,Colombia,COL.11_2,Cauca,NA,Silvia,NA,NA,Municipio,Municipality,NA,CO.CA.SI,430
COL.11.34_2,COL,Colombia,COL.11_2,Cauca,NA,Sotará,NA,NA,Municipio,Municipality,NA,CO.CA.SO,431
COL.11.35_2,COL,Colombia,COL.11_2,Cauca,NA,Suárez,NA,NA,Municipio,Municipality,NA,CO.CA.SU,432
COL.11.36_2,COL,Colombia,COL.11_2,Cauca,NA,Sucre,NA,NA,Municipio,Municipality,NA,CO.ST.SU,433
COL.11.37_2,COL,Colombia,COL.11_2,Cauca,NA,Timbío,NA,NA,Municipio,Municipality,NA,CO.CA.TM,434
COL.11.38_2,COL,Colombia,COL.11_2,Cauca,NA,Timbiquí,NA,NA,Municipio,Municipality,NA,CO.CA.TQ,435
COL.11.39_2,COL,Colombia,COL.11_2,Cauca,NA,Toribío,NA,NA,Municipio,Municipality,NA,CO.CA.TR,436
COL.11.40_2,COL,Colombia,COL.11_2,Cauca,NA,Totoró,NA,NA,Municipio,Municipality,NA,CO.CA.TT,437
COL.11.41_2,COL,Colombia,COL.11_2,Cauca,NA,Villa Rica,NA,NA,Municipio,Municipality,NA,CO.CA.VR,438
COL.12.1_2,COL,Colombia,COL.12_2,Cesar,NA,Aguachica,NA,NA,Municipio,Municipality,NA,CO.CE.AG,439
COL.12.2_2,COL,Colombia,COL.12_2,Cesar,NA,Agustín Codazzi,NA,NA,Municipio,Municipality,NA,CO.CE.AC,440
COL.12.3_2,COL,Colombia,COL.12_2,Cesar,NA,Astrea,NA,NA,Municipio,Municipality,NA,CO.CE.AS,441
COL.12.4_2,COL,Colombia,COL.12_2,Cesar,NA,Becerríl,NA,NA,Municipio,Municipality,NA,CO.CE.BE,442
COL.12.5_2,COL,Colombia,COL.12_2,Cesar,NA,Bosconia,NA,NA,Municipio,Municipality,NA,CO.CE.BO,443
COL.12.6_2,COL,Colombia,COL.12_2,Cesar,NA,Chimichagua,NA,NA,Municipio,Municipality,NA,CO.CE.CC,444
COL.12.7_2,COL,Colombia,COL.12_2,Cesar,NA,Chiriguaná,NA,NA,Municipio,Municipality,NA,CO.CE.CG,445
COL.12.8_2,COL,Colombia,COL.12_2,Cesar,NA,Curumaní,NA,NA,Municipio,Municipality,NA,CO.CE.CU,446
COL.12.9_2,COL,Colombia,COL.12_2,Cesar,NA,El Copey,NA,NA,Municipio,Municipality,NA,CO.CE.EC,447
COL.12.10_2,COL,Colombia,COL.12_2,Cesar,NA,El Paso,NA,NA,Municipio,Municipality,NA,CO.CE.EP,448
COL.12.11_2,COL,Colombia,COL.12_2,Cesar,NA,Gamarra,NA,NA,Municipio,Municipality,NA,CO.CE.GA,449
COL.12.12_2,COL,Colombia,COL.12_2,Cesar,NA,González,NA,NA,Municipio,Municipality,NA,CO.CE.GO,450
COL.12.13_2,COL,Colombia,COL.12_2,Cesar,NA,La Gloria,NA,NA,Municipio,Municipality,NA,CO.CE.LG,451
COL.12.14_2,COL,Colombia,COL.12_2,Cesar,NA,La Jagua de Ibirico,La Jagua De Irib,NA,Municipio,Municipality,NA,CO.CE.LJ,452
COL.12.15_2,COL,Colombia,COL.12_2,Cesar,NA,La Paz,NA,NA,Municipio,Municipality,NA,CO.CE.RO,453
COL.12.16_2,COL,Colombia,COL.12_2,Cesar,NA,Manaure,Manaure Balcon D|Balcón del Cesa,NA,Municipio,Municipality,NA,CO.CE.MA,454
COL.12.17_2,COL,Colombia,COL.12_2,Cesar,NA,Pailitas,NA,NA,Municipio,Municipality,NA,CO.CE.PA,455
COL.12.18_2,COL,Colombia,COL.12_2,Cesar,NA,Pelaya,NA,NA,Municipio,Municipality,NA,CO.CE.PE,456
COL.12.19_2,COL,Colombia,COL.12_2,Cesar,NA,Pueblo Bello,NA,NA,Municipio,Municipality,NA,CO.CE.PB,457
COL.12.20_2,COL,Colombia,COL.12_2,Cesar,NA,Río de Oro,NA,NA,Municipio,Municipality,NA,CO.CE.RI,458
COL.12.21_2,COL,Colombia,COL.12_2,Cesar,NA,San Alberto,NA,NA,Municipio,Municipality,NA,CO.CE.SA,459
COL.12.22_2,COL,Colombia,COL.12_2,Cesar,NA,San Diego,NA,NA,Municipio,Municipality,NA,CO.CE.SD,460
COL.12.23_2,COL,Colombia,COL.12_2,Cesar,NA,San Martín,NA,NA,Municipio,Municipality,NA,CO.CE.SM,461
COL.12.24_2,COL,Colombia,COL.12_2,Cesar,NA,Tamalameque,NA,NA,Municipio,Municipality,NA,CO.CE.TA,462
COL.12.25_2,COL,Colombia,COL.12_2,Cesar,NA,Valledupar,NA,NA,Municipio,Municipality,NA,CO.CE.VA,463
COL.13.1_2,COL,Colombia,COL.13_2,Chocó,NA,Acandí,NA,NA,Municipio,Municipality,NA,CO.CH.AC,464
COL.13.2_2,COL,Colombia,COL.13_2,Chocó,NA,Alto Baudó,Pie de Pato,NA,Municipio,Municipality,NA,CO.CH.AL,465
COL.13.3_2,COL,Colombia,COL.13_2,Chocó,NA,Atrato,NA,NA,Municipio,Municipality,NA,CO.CH.AT,466
COL.13.4_2,COL,Colombia,COL.13_2,Chocó,NA,Bagadó,NA,NA,Municipio,Municipality,NA,CO.CH.BA,467
COL.13.5_2,COL,Colombia,COL.13_2,Chocó,NA,Bahía Solano,NA,NA,Municipio,Municipality,NA,CO.CH.BS,468
COL.13.6_2,COL,Colombia,COL.13_2,Chocó,NA,Bajo Baudó,Piza|Pizarro,NA,Municipio,Municipality,NA,CO.CH.BB,469
COL.13.7_2,COL,Colombia,COL.13_2,Chocó,NA,Belén de Bajirá,NA,NA,Municipio,Municipality,NA,CO.CH.BE,470
COL.13.8_2,COL,Colombia,COL.13_2,Chocó,NA,Bojayá,NA,NA,Municipio,Municipality,NA,CO.CH.BO,471
COL.13.9_2,COL,Colombia,COL.13_2,Chocó,NA,Cértegui,NA,NA,Municipio,Municipality,NA,CO.CH.CE,472
COL.13.10_2,COL,Colombia,COL.13_2,Chocó,NA,Condotó,NA,NA,Municipio,Municipality,NA,CO.CH.CO,473
COL.13.11_2,COL,Colombia,COL.13_2,Chocó,NA,El Cantón del San Pablo,San Pablo,NA,Municipio,Municipality,NA,CO.CH,474
COL.13.12_2,COL,Colombia,COL.13_2,Chocó,NA,El Carmen de Atrato,El Carmen,NA,Municipio,Municipality,NA,CO.CH.EC,475
COL.13.13_2,COL,Colombia,COL.13_2,Chocó,NA,El Carmen del Darién,NA,NA,Municipio,Municipality,NA,CO.CH.CD,476
COL.13.14_2,COL,Colombia,COL.13_2,Chocó,NA,El Litoral del San Juan,Litoral Del San Juan,NA,Municipio,Municipality,NA,CO.CH,477
COL.13.15_2,COL,Colombia,COL.13_2,Chocó,NA,Istmina,NA,NA,Municipio,Municipality,NA,CO.CH.IS,478
COL.13.16_2,COL,Colombia,COL.13_2,Chocó,NA,Juradó,NA,NA,Municipio,Municipality,NA,CO.CH.JU,479
COL.13.17_2,COL,Colombia,COL.13_2,Chocó,NA,Lloró,NA,NA,Municipio,Municipality,NA,CO.CH.LL,480
COL.13.18_2,COL,Colombia,COL.13_2,Chocó,NA,Medio Atrato,NA,NA,Municipio,Municipality,NA,CO.CH.MA,481
COL.13.19_2,COL,Colombia,COL.13_2,Chocó,NA,Medio Baudó,NA,NA,Municipio,Municipality,NA,CO.CH.MB,482
COL.13.20_2,COL,Colombia,COL.13_2,Chocó,NA,Medio San Juan,NA,NA,Municipio,Municipality,NA,CO.CH.MS,483
COL.13.21_2,COL,Colombia,COL.13_2,Chocó,NA,Nóvita,NA,NA,Municipio,Municipality,NA,CO.CH.NO,484
COL.13.22_2,COL,Colombia,COL.13_2,Chocó,NA,Nuquí,NA,NA,Municipio,Municipality,NA,CO.CH.NU,485
COL.13.23_2,COL,Colombia,COL.13_2,Chocó,NA,Quibdó,NA,NA,Municipio,Municipality,NA,CO.CH.QU,486
COL.13.24_2,COL,Colombia,COL.13_2,Chocó,NA,Río Iro,NA,NA,Municipio,Municipality,NA,CO.CH.RR,487
COL.13.25_2,COL,Colombia,COL.13_2,Chocó,NA,Río Quito,NA,NA,Municipio,Municipality,NA,CO.CH.RQ,488
COL.13.26_2,COL,Colombia,COL.13_2,Chocó,NA,Riosucio,NA,NA,Municipio,Municipality,NA,CO.CL.RI,489
COL.13.27_2,COL,Colombia,COL.13_2,Chocó,NA,San José del Palmar,San Jose Del Pal,NA,Municipio,Municipality,NA,CO.CH.SJ,490
COL.13.28_2,COL,Colombia,COL.13_2,Chocó,NA,Sipí,NA,NA,Municipio,Municipality,NA,CO.CH.SI,491
COL.13.29_2,COL,Colombia,COL.13_2,Chocó,NA,Tadó,NA,NA,Municipio,Municipality,NA,CO.CH.TA,492
COL.13.30_2,COL,Colombia,COL.13_2,Chocó,NA,Unguía,NA,NA,Municipio,Municipality,NA,CO.CH.UN,493
COL.13.31_2,COL,Colombia,COL.13_2,Chocó,NA,Unión Panamericana,NA,NA,Municipio,Municipality,NA,CO.CH.UP,494
COL.14.1_2,COL,Colombia,COL.14_2,Córdoba,NA,Ayapel,NA,NA,Municipio,Municipality,NA,CO.CO.AY,495
COL.14.2_2,COL,Colombia,COL.14_2,Córdoba,NA,Buenavista,NA,NA,Municipio,Municipality,NA,CO.BY.BU,496
COL.14.3_2,COL,Colombia,COL.14_2,Córdoba,NA,Canalete,NA,NA,Municipio,Municipality,NA,CO.CO.CA,497
COL.14.4_2,COL,Colombia,COL.14_2,Córdoba,NA,Cereté,NA,NA,Municipio,Municipality,NA,CO.CO.CE,498
COL.14.5_2,COL,Colombia,COL.14_2,Córdoba,NA,Chimá,NA,NA,Municipio,Municipality,NA,CO.CO.CM,499
COL.14.6_2,COL,Colombia,COL.14_2,Córdoba,NA,Chinú,Chiné,NA,Municipio,Municipality,NA,CO.CO.CN,500
COL.14.7_2,COL,Colombia,COL.14_2,Córdoba,NA,Ciénaga de Oro,NA,NA,Municipio,Municipality,NA,CO.CO.CO,501
COL.14.8_2,COL,Colombia,COL.14_2,Córdoba,NA,Cotorra,NA,NA,Municipio,Municipality,NA,CO.CO.CT,502
COL.14.9_2,COL,Colombia,COL.14_2,Córdoba,NA,La Apartada,NA,NA,Municipio,Municipality,NA,CO.CO.LA,503
COL.14.10_2,COL,Colombia,COL.14_2,Córdoba,NA,Los Córdobas,NA,NA,Municipio,Municipality,NA,CO.CO.LC,504
COL.14.11_2,COL,Colombia,COL.14_2,Córdoba,NA,Momil,NA,NA,Municipio,Municipality,NA,CO.CO.MM,505
COL.14.12_2,COL,Colombia,COL.14_2,Córdoba,NA,Moñitos,NA,NA,Municipio,Municipality,NA,CO.CO.MT,506
COL.14.13_2,COL,Colombia,COL.14_2,Córdoba,NA,Montelíbano,NA,NA,Municipio,Municipality,NA,CO.CO.ML,507
COL.14.14_2,COL,Colombia,COL.14_2,Córdoba,NA,Montería,NA,NA,Municipio,Municipality,NA,CO.CO.MR,508
COL.14.15_2,COL,Colombia,COL.14_2,Córdoba,NA,Planeta Rica,NA,NA,Municipio,Municipality,NA,CO.CO.PR,509
COL.14.16_2,COL,Colombia,COL.14_2,Córdoba,NA,Pueblo Nuevo,NA,NA,Municipio,Municipality,NA,CO.CO.PN,510
COL.14.17_2,COL,Colombia,COL.14_2,Córdoba,NA,Puerto Escondido,NA,NA,Municipio,Municipality,NA,CO.CO.PE,511
COL.14.18_2,COL,Colombia,COL.14_2,Córdoba,NA,Puerto Libertador,Puerto Libertado,NA,Municipio,Municipality,NA,CO.CO.PL,512
COL.14.19_2,COL,Colombia,COL.14_2,Córdoba,NA,Purísima,NA,NA,Municipio,Municipality,NA,CO.CO.PU,513
COL.14.20_2,COL,Colombia,COL.14_2,Córdoba,NA,San Andrés de Sotavento,San Andres De So,NA,Municipio,Municipality,NA,CO.CO.SS,514
COL.14.21_2,COL,Colombia,COL.14_2,Córdoba,NA,San Antero,NA,NA,Municipio,Municipality,NA,CO.CO.SA,515
COL.14.22_2,COL,Colombia,COL.14_2,Córdoba,NA,San Bernardino de Sahagún,Sahagun|Sahagún|Sahagén,NA,Municipio,Municipality,NA,CO.CO.SH,516
COL.14.23_2,COL,Colombia,COL.14_2,Córdoba,NA,San Bernardo del Viento,NA,NA,Municipio,Municipality,NA,CO.CO.SB,517
COL.14.24_2,COL,Colombia,COL.14_2,Córdoba,NA,San Carlos,NA,NA,Municipio,Municipality,NA,CO.AN.SC,518
COL.14.25_2,COL,Colombia,COL.14_2,Córdoba,NA,San Pelayo,NA,NA,Municipio,Municipality,NA,CO.CO.SP,519
COL.14.26_2,COL,Colombia,COL.14_2,Córdoba,NA,Santa Cruz de Lorica,Lorica,NA,Municipio,Municipality,NA,CO.CO.LO,520
COL.14.27_2,COL,Colombia,COL.14_2,Córdoba,NA,Tierralta,NA,NA,Municipio,Municipality,NA,CO.CO.TI,521
COL.14.28_2,COL,Colombia,COL.14_2,Córdoba,NA,Valencia,NA,NA,Municipio,Municipality,NA,CO.CO.VA,522
COL.15.1_2,COL,Colombia,COL.15_2,Cundinamarca,NA,Agua de Díos,NA,NA,Municipio,Municipality,NA,CO.CU.AD,523
COL.15.2_2,COL,Colombia,COL.15_2,Cundinamarca,NA,Albán,NA,NA,Municipio,Municipality,NA,CO.CU.AL,524
COL.15.3_2,COL,Colombia,COL.15_2,Cundinamarca,NA,Anapoima,NA,NA,Municipio,Municipality,NA,CO.CU.AP,525
COL.15.4_2,COL,Colombia,COL.15_2,Cundinamarca,NA,Anolaima,NA,NA,Municipio,Municipality,NA,CO.CU.AN,526
COL.15.5_2,COL,Colombia,COL.15_2,Cundinamarca,NA,Arbeláez,NA,NA,Municipio,Municipality,NA,CO.CU.AR,527
COL.15.6_2,COL,Colombia,COL.15_2,Cundinamarca,NA,Beltrán,NA,NA,Municipio,Municipality,NA,CO.CU.BE,528
COL.15.7_2,COL,Colombia,COL.15_2,Cundinamarca,NA,Bituima,NA,NA,Municipio,Municipality,NA,CO.CU.BI,529
COL.15.8_2,COL,Colombia,COL.15_2,Cundinamarca,NA,Bojacá,NA,NA,Municipio,Municipality,NA,CO.CU.BO,530
COL.15.9_2,COL,Colombia,COL.15_2,Cundinamarca,NA,Cabrera,NA,NA,Municipio,Municipality,NA,CO.CU.CB,531
COL.15.10_2,COL,Colombia,COL.15_2,Cundinamarca,NA,Cachipay,NA,NA,Municipio,Municipality,NA,CO.CU.CA,532
COL.15.11_2,COL,Colombia,COL.15_2,Cundinamarca,NA,Cajicá,NA,NA,Municipio,Municipality,NA,CO.CU.CJ,533
COL.15.12_2,COL,Colombia,COL.15_2,Cundinamarca,NA,Caparrapí,NA,NA,Municipio,Municipality,NA,CO.CU.CP,534
COL.15.13_2,COL,Colombia,COL.15_2,Cundinamarca,NA,Cáqueza,NA,NA,Municipio,Municipality,NA,CO.CU.CQ,535
COL.15.14_2,COL,Colombia,COL.15_2,Cundinamarca,NA,Carmen de Carupa,NA,NA,Municipio,Municipality,NA,CO.CU.CC,536
COL.15.15_2,COL,Colombia,COL.15_2,Cundinamarca,NA,Chaguaní,NA,NA,Municipio,Municipality,NA,CO.CU.CN,537
COL.15.16_2,COL,Colombia,COL.15_2,Cundinamarca,NA,Chía,NA,NA,Municipio,Municipality,NA,CO.CU.CI,538
COL.15.17_2,COL,Colombia,COL.15_2,Cundinamarca,NA,Chipaque,NA,NA,Municipio,Municipality,NA,CO.CU.CE,539
COL.15.18_2,COL,Colombia,COL.15_2,Cundinamarca,NA,Choachí,NA,NA,Municipio,Municipality,NA,CO.CU.CH,540
COL.15.19_2,COL,Colombia,COL.15_2,Cundinamarca,NA,Chocontá,NA,NA,Municipio,Municipality,NA,CO.CU.CO,541
COL.15.20_2,COL,Colombia,COL.15_2,Cundinamarca,NA,Cogua,NA,NA,Municipio,Municipality,NA,CO.CU.CG,542
COL.15.21_2,COL,Colombia,COL.15_2,Cundinamarca,NA,Cota,NA,NA,Municipio,Municipality,NA,CO.CU.CT,543
COL.15.22_2,COL,Colombia,COL.15_2,Cundinamarca,NA,Cucunubá,NA,NA,Municipio,Municipality,NA,CO.CU.CU,544
COL.15.23_2,COL,Colombia,COL.15_2,Cundinamarca,NA,El Colegio,NA,NA,Municipio,Municipality,NA,CO.CU.EC,545
COL.15.24_2,COL,Colombia,COL.15_2,Cundinamarca,NA,El Peñon,NA,NA,Municipio,Municipality,NA,CO.CU.EP,546
COL.15.25_2,COL,Colombia,COL.15_2,Cundinamarca,NA,El Rosal,NA,NA,Municipio,Municipality,NA,CO.CU.ER,547
COL.15.26_2,COL,Colombia,COL.15_2,Cundinamarca,NA,Facatativá,NA,NA,Municipio,Municipality,NA,CO.CU.FA,548
COL.15.27_2,COL,Colombia,COL.15_2,Cundinamarca,NA,Fómeque,NA,NA,Municipio,Municipality,NA,CO.CU.FM,549
COL.15.28_2,COL,Colombia,COL.15_2,Cundinamarca,NA,Fosca,NA,NA,Municipio,Municipality,NA,CO.CU.FO,550
COL.15.29_2,COL,Colombia,COL.15_2,Cundinamarca,NA,Funza,NA,NA,Municipio,Municipality,NA,CO.CU.FZ,551
COL.15.30_2,COL,Colombia,COL.15_2,Cundinamarca,NA,Fúquene,Féquene,NA,Municipio,Municipality,NA,CO.CU.FQ,552
COL.15.31_2,COL,Colombia,COL.15_2,Cundinamarca,NA,Fusagasugá,NA,NA,Municipio,Municipality,NA,CO.CU.FS,553
COL.15.32_2,COL,Colombia,COL.15_2,Cundinamarca,NA,Gachalá,NA,NA,Municipio,Municipality,NA,CO.CU.GL,554
COL.15.33_2,COL,Colombia,COL.15_2,Cundinamarca,NA,Gachancipá,NA,NA,Municipio,Municipality,NA,CO.CU.GP,555
COL.15.34_2,COL,Colombia,COL.15_2,Cundinamarca,NA,Gachetá,NA,NA,Municipio,Municipality,NA,CO.CU.GT,556
COL.15.35_2,COL,Colombia,COL.15_2,Cundinamarca,NA,Gama,NA,NA,Municipio,Municipality,NA,CO.CU.GM,557
COL.15.36_2,COL,Colombia,COL.15_2,Cundinamarca,NA,Girardot,NA,NA,Municipio,Municipality,NA,CO.CU.GI,558
COL.15.37_2,COL,Colombia,COL.15_2,Cundinamarca,NA,Granada,NA,NA,Municipio,Municipality,NA,CO.AN.GR,559
COL.15.38_2,COL,Colombia,COL.15_2,Cundinamarca,NA,Guachetá,NA,NA,Municipio,Municipality,NA,CO.CU.GC,560
COL.15.39_2,COL,Colombia,COL.15_2,Cundinamarca,NA,Guaduas,NA,NA,Municipio,Municipality,NA,CO.CU.GD,561
COL.15.40_2,COL,Colombia,COL.15_2,Cundinamarca,NA,Guasca,NA,NA,Municipio,Municipality,NA,CO.CU.GU,562
COL.15.41_2,COL,Colombia,COL.15_2,Cundinamarca,NA,Guataquí,NA,NA,Municipio,Municipality,NA,CO.CU.GQ,563
COL.15.42_2,COL,Colombia,COL.15_2,Cundinamarca,NA,Guatavita,NA,NA,Municipio,Municipality,NA,CO.CU.GV,564
COL.15.43_2,COL,Colombia,COL.15_2,Cundinamarca,NA,Guayabal de Síquima,Guayabal De Siqu,NA,Municipio,Municipality,NA,CO.CU.GS,565
COL.15.44_2,COL,Colombia,COL.15_2,Cundinamarca,NA,Guayabetal,NA,NA,Municipio,Municipality,NA,CO.CU.GB,566
COL.15.45_2,COL,Colombia,COL.15_2,Cundinamarca,NA,Gutiérrez,NA,NA,Municipio,Municipality,NA,CO.CU.GZ,567
COL.15.46_2,COL,Colombia,COL.15_2,Cundinamarca,NA,Jerusalén,NA,NA,Municipio,Municipality,NA,CO.CU.JE,568
COL.15.47_2,COL,Colombia,COL.15_2,Cundinamarca,NA,Junín,NA,NA,Municipio,Municipality,NA,CO.CU.JU,569
COL.15.48_2,COL,Colombia,COL.15_2,Cundinamarca,NA,La Calera,NA,NA,Municipio,Municipality,NA,CO.CU.LC,570
COL.15.49_2,COL,Colombia,COL.15_2,Cundinamarca,NA,La Mesa,NA,NA,Municipio,Municipality,NA,CO.CU.LM,571
COL.15.50_2,COL,Colombia,COL.15_2,Cundinamarca,NA,La Palma,NA,NA,Municipio,Municipality,NA,CO.CU.LA,572
COL.15.51_2,COL,Colombia,COL.15_2,Cundinamarca,NA,La Peña,NA,NA,Municipio,Municipality,NA,CO.CU.LP,573
COL.15.52_2,COL,Colombia,COL.15_2,Cundinamarca,NA,La Vega,NA,NA,Municipio,Municipality,NA,CO.CA.LV,574
COL.15.53_2,COL,Colombia,COL.15_2,Cundinamarca,NA,Lenguazaque,NA,NA,Municipio,Municipality,NA,CO.CU.LE,575
COL.15.54_2,COL,Colombia,COL.15_2,Cundinamarca,NA,Machetá,NA,NA,Municipio,Municipality,NA,CO.CU.MC,576
COL.15.55_2,COL,Colombia,COL.15_2,Cundinamarca,NA,Madrid,NA,NA,Municipio,Municipality,NA,CO.CU.MD,577
COL.15.56_2,COL,Colombia,COL.15_2,Cundinamarca,NA,Manta,NA,NA,Municipio,Municipality,NA,CO.CU.MN,578
COL.15.57_2,COL,Colombia,COL.15_2,Cundinamarca,NA,Medina,NA,NA,Municipio,Municipality,NA,CO.CU.ME,579
COL.15.58_2,COL,Colombia,COL.15_2,Cundinamarca,NA,Mosquera,NA,NA,Municipio,Municipality,NA,CO.CU.MO,580
COL.15.59_2,COL,Colombia,COL.15_2,Cundinamarca,NA,Nariño,NA,NA,Municipio,Municipality,NA,CO.AN.NA,581
COL.15.60_2,COL,Colombia,COL.15_2,Cundinamarca,NA,Nemocón,NA,NA,Municipio,Municipality,NA,CO.CU.NE,582
COL.15.61_2,COL,Colombia,COL.15_2,Cundinamarca,NA,Nilo,NA,NA,Municipio,Municipality,NA,CO.CU.NI,583
COL.15.62_2,COL,Colombia,COL.15_2,Cundinamarca,NA,Nimaima,NA,NA,Municipio,Municipality,NA,CO.CU.NM,584
COL.15.63_2,COL,Colombia,COL.15_2,Cundinamarca,NA,Nocaima,NA,NA,Municipio,Municipality,NA,CO.CU.NO,585
COL.15.64_2,COL,Colombia,COL.15_2,Cundinamarca,NA,Pacho,NA,NA,Municipio,Municipality,NA,CO.CU.PC,586
COL.15.65_2,COL,Colombia,COL.15_2,Cundinamarca,NA,Paime,NA,NA,Municipio,Municipality,NA,CO.CU.PM,587
COL.15.66_2,COL,Colombia,COL.15_2,Cundinamarca,NA,Pandi,NA,NA,Municipio,Municipality,NA,CO.CU.PD,588
COL.15.67_2,COL,Colombia,COL.15_2,Cundinamarca,NA,Paratebueno,NA,NA,Municipio,Municipality,NA,CO.CU.PB,589
COL.15.68_2,COL,Colombia,COL.15_2,Cundinamarca,NA,Pasca,NA,NA,Municipio,Municipality,NA,CO.CU.PA,590
COL.15.69_2,COL,Colombia,COL.15_2,Cundinamarca,NA,Puerto Salgar,NA,NA,Municipio,Municipality,NA,CO.CU.PS,591
COL.15.70_2,COL,Colombia,COL.15_2,Cundinamarca,NA,Pulí,NA,NA,Municipio,Municipality,NA,CO.CU.PU,592
COL.15.71_2,COL,Colombia,COL.15_2,Cundinamarca,NA,Quebradanegra,NA,NA,Municipio,Municipality,NA,CO.CU.QN,593
COL.15.72_2,COL,Colombia,COL.15_2,Cundinamarca,NA,Quetame,NA,NA,Municipio,Municipality,NA,CO.CU.QT,594
COL.15.73_2,COL,Colombia,COL.15_2,Cundinamarca,NA,Quipile,NA,NA,Municipio,Municipality,NA,CO.CU.QP,595
COL.15.74_2,COL,Colombia,COL.15_2,Cundinamarca,NA,Rafael Reyes,NA,NA,Municipio,Municipality,NA,CO.CU.RR,596
COL.15.75_2,COL,Colombia,COL.15_2,Cundinamarca,NA,Ricaurte,NA,NA,Municipio,Municipality,NA,CO.CU.RI,597
COL.15.76_2,COL,Colombia,COL.15_2,Cundinamarca,NA,San Antonio del Tequendama,San Antonio Del,NA,Municipio,Municipality,NA,CO.CU.ST,598
COL.15.77_2,COL,Colombia,COL.15_2,Cundinamarca,NA,San Bernardo,NA,NA,Municipio,Municipality,NA,CO.CU.SB,599
COL.15.78_2,COL,Colombia,COL.15_2,Cundinamarca,NA,San Cayetano,NA,NA,Municipio,Municipality,NA,CO.CU.SC,600
COL.15.79_2,COL,Colombia,COL.15_2,Cundinamarca,NA,San Francisco,NA,NA,Municipio,Municipality,NA,CO.AN.SF,601
COL.15.80_2,COL,Colombia,COL.15_2,Cundinamarca,NA,San Juan de Río Seco,San Juan De Rioseco,NA,Municipio,Municipality,NA,CO.CU.SJ,602
COL.15.81_2,COL,Colombia,COL.15_2,Cundinamarca,NA,Sasaima,NA,NA,Municipio,Municipality,NA,CO.CU.SA,603
COL.15.82_2,COL,Colombia,COL.15_2,Cundinamarca,NA,Sesquilé,NA,NA,Municipio,Municipality,NA,CO.CU.SE,604
COL.15.83_2,COL,Colombia,COL.15_2,Cundinamarca,NA,Sibaté,NA,NA,Municipio,Municipality,NA,CO.CU.SI,605
COL.15.84_2,COL,Colombia,COL.15_2,Cundinamarca,NA,Silvania,NA,NA,Municipio,Municipality,NA,CO.CU.SV,606
COL.15.85_2,COL,Colombia,COL.15_2,Cundinamarca,NA,Simijaca,NA,NA,Municipio,Municipality,NA,CO.CU.SM,607
COL.15.86_2,COL,Colombia,COL.15_2,Cundinamarca,NA,Soacha,NA,NA,Municipio,Municipality,NA,CO.CU.SH,608
COL.15.87_2,COL,Colombia,COL.15_2,Cundinamarca,NA,Sopó,NA,NA,Municipio,Municipality,NA,CO.CU.SO,609
COL.15.88_2,COL,Colombia,COL.15_2,Cundinamarca,NA,Subachoque,NA,NA,Municipio,Municipality,NA,CO.CU.SQ,610
COL.15.89_2,COL,Colombia,COL.15_2,Cundinamarca,NA,Suesca,NA,NA,Municipio,Municipality,NA,CO.CU.SC,611
COL.15.90_2,COL,Colombia,COL.15_2,Cundinamarca,NA,Supatá,NA,NA,Municipio,Municipality,NA,CO.CU.SP,612
COL.15.91_2,COL,Colombia,COL.15_2,Cundinamarca,NA,Susa,NA,NA,Municipio,Municipality,NA,CO.CU.SS,613
COL.15.92_2,COL,Colombia,COL.15_2,Cundinamarca,NA,Sutatausa,NA,NA,Municipio,Municipality,NA,CO.CU.SU,614
COL.15.93_2,COL,Colombia,COL.15_2,Cundinamarca,NA,Tabio,NA,NA,Municipio,Municipality,NA,CO.CU.TB,615
COL.15.94_2,COL,Colombia,COL.15_2,Cundinamarca,NA,Tausa,NA,NA,Municipio,Municipality,NA,CO.CU.TS,616
COL.15.95_2,COL,Colombia,COL.15_2,Cundinamarca,NA,Tena,NA,NA,Municipio,Municipality,NA,CO.CU.TE,617
COL.15.96_2,COL,Colombia,COL.15_2,Cundinamarca,NA,Tenjo,NA,NA,Municipio,Municipality,NA,CO.CU.TJ,618
COL.15.97_2,COL,Colombia,COL.15_2,Cundinamarca,NA,Tibacuy,NA,NA,Municipio,Municipality,NA,CO.CU.TY,619
COL.15.98_2,COL,Colombia,COL.15_2,Cundinamarca,NA,Tibirita,NA,NA,Municipio,Municipality,NA,CO.CU.TI,620
COL.15.99_2,COL,Colombia,COL.15_2,Cundinamarca,NA,Tocaíma,NA,NA,Municipio,Municipality,NA,CO.CU.TM,621
COL.15.100_2,COL,Colombia,COL.15_2,Cundinamarca,NA,Tocancipá,NA,NA,Municipio,Municipality,NA,CO.CU.TC,622
COL.15.101_2,COL,Colombia,COL.15_2,Cundinamarca,NA,Topaipí,NA,NA,Municipio,Municipality,NA,CO.CU.TP,623
COL.15.102_2,COL,Colombia,COL.15_2,Cundinamarca,NA,Ubalá,NA,NA,Municipio,Municipality,NA,CO.CU.UL,624
COL.15.103_2,COL,Colombia,COL.15_2,Cundinamarca,NA,Ubaqué,NA,NA,Municipio,Municipality,NA,CO.CU.UQ,625
COL.15.104_2,COL,Colombia,COL.15_2,Cundinamarca,NA,Une,NA,NA,Municipio,Municipality,NA,CO.CU.UN,626
COL.15.105_2,COL,Colombia,COL.15_2,Cundinamarca,NA,Útica,NA,NA,Municipio,Municipality,NA,CO.CU.UT,627
COL.15.106_2,COL,Colombia,COL.15_2,Cundinamarca,NA,Venecia,NA,NA,Municipio,Municipality,NA,CO.AN.VN,628
COL.15.107_2,COL,Colombia,COL.15_2,Cundinamarca,NA,Vergara,NA,NA,Municipio,Municipality,NA,CO.CU.VE,629
COL.15.108_2,COL,Colombia,COL.15_2,Cundinamarca,NA,Vianí,NA,NA,Municipio,Municipality,NA,CO.CU.VN,630
COL.15.109_2,COL,Colombia,COL.15_2,Cundinamarca,NA,Villa de San Diego de Ubaté,Ubate|Ubaté,NA,Municipio,Municipality,NA,CO.CU.UB,631
COL.15.110_2,COL,Colombia,COL.15_2,Cundinamarca,NA,Villagómez,NA,NA,Municipio,Municipality,NA,CO.CU.VG,632
COL.15.111_2,COL,Colombia,COL.15_2,Cundinamarca,NA,Villapinzón,NA,NA,Municipio,Municipality,NA,CO.CU.VP,633
COL.15.112_2,COL,Colombia,COL.15_2,Cundinamarca,NA,Villeta,NA,NA,Municipio,Municipality,NA,CO.CU.VL,634
COL.15.113_2,COL,Colombia,COL.15_2,Cundinamarca,NA,Viotá,NA,NA,Municipio,Municipality,NA,CO.CU.VI,635
COL.15.114_2,COL,Colombia,COL.15_2,Cundinamarca,NA,Yacopí,NA,NA,Municipio,Municipality,NA,CO.CU.YA,636
COL.15.115_2,COL,Colombia,COL.15_2,Cundinamarca,NA,Zipacón,NA,NA,Municipio,Municipality,NA,CO.CU.ZC,637
COL.15.116_2,COL,Colombia,COL.15_2,Cundinamarca,NA,Zipaquirá,NA,NA,Municipio,Municipality,NA,CO.CU.ZQ,638
COL.16.1_2,COL,Colombia,COL.16_2,Guainía,NA,Barranco Minas,Guaviare,NA,Corregimiento Departamental,Corregimiento Departamental,NA,CO.GN.GU,639
COL.16.2_2,COL,Colombia,COL.16_2,Guainía,NA,Cacahual,NA,NA,Corregimiento Departamental,Corregimiento Departamental,NA,CO.GN.CA,640
COL.16.3_2,COL,Colombia,COL.16_2,Guainía,NA,La Guadalupe,NA,NA,Corregimiento Departamental,Corregimiento Departamental,NA,CO.GN.LG,641
COL.16.4_2,COL,Colombia,COL.16_2,Guainía,NA,Mapiripana,NA,NA,Municipio,Municipality,NA,CO.GN.MA,642
COL.16.5_2,COL,Colombia,COL.16_2,Guainía,NA,Morichal Nuevo,NA,NA,Municipio,Municipality,NA,CO.GN.MO,643
COL.16.6_2,COL,Colombia,COL.16_2,Guainía,NA,Pana Pana,NA,NA,Corregimiento Departamental,Corregimiento Departamental,NA,CO.GN.PA,644
COL.16.7_2,COL,Colombia,COL.16_2,Guainía,NA,Puerto Colombia,NA,NA,Municipio,Municipality,NA,CO.AT.PC,645
COL.16.8_2,COL,Colombia,COL.16_2,Guainía,NA,Puerto Inírida,Inirida,NA,Municipio,Municipality,NA,CO.GN.IN,646
COL.16.9_2,COL,Colombia,COL.16_2,Guainía,NA,San Felipe,NA,NA,Corregimiento Departamental,Corregimiento Departamental,NA,CO.GN.SF,647
COL.17.1_2,COL,Colombia,COL.17_2,Guaviare,NA,Calamar,NA,NA,Municipio,Municipality,NA,CO.BL.CM,648
COL.17.2_2,COL,Colombia,COL.17_2,Guaviare,NA,El Retorno,NA,NA,Municipio,Municipality,NA,CO.GV.ER,649
COL.17.3_2,COL,Colombia,COL.17_2,Guaviare,NA,Miraflores,NA,NA,Municipio,Municipality,NA,CO.BY.MF,650
COL.17.4_2,COL,Colombia,COL.17_2,Guaviare,NA,San José del Guaviare,San Jose Del Gua,NA,Municipio,Municipality,NA,CO.GV.SJ,651
COL.18.1_2,COL,Colombia,COL.18_2,Huila,NA,Acevedo,NA,NA,Municipio,Municipality,NA,CO.HU.AC,652
COL.18.2_2,COL,Colombia,COL.18_2,Huila,NA,Agrado,NA,NA,Municipio,Municipality,NA,CO.HU.AG,653
COL.18.3_2,COL,Colombia,COL.18_2,Huila,NA,Aipe,NA,NA,Municipio,Municipality,NA,CO.HU.AI,654
COL.18.4_2,COL,Colombia,COL.18_2,Huila,NA,Algeciras,NA,NA,Municipio,Municipality,NA,CO.HU.AL,655
COL.18.5_2,COL,Colombia,COL.18_2,Huila,NA,Altamira,NA,NA,Municipio,Municipality,NA,CO.HU.AM,656
COL.18.6_2,COL,Colombia,COL.18_2,Huila,NA,Baraya,NA,NA,Municipio,Municipality,NA,CO.HU.BA,657
COL.18.7_2,COL,Colombia,COL.18_2,Huila,NA,Campoalegre,NA,NA,Municipio,Municipality,NA,CO.HU.CA,658
COL.18.8_2,COL,Colombia,COL.18_2,Huila,NA,Colombia,NA,NA,Municipio,Municipality,NA,CO.HU.CO,659
COL.18.9_2,COL,Colombia,COL.18_2,Huila,NA,Elías,NA,NA,Municipio,Municipality,NA,CO.HU.EL,660
COL.18.10_2,COL,Colombia,COL.18_2,Huila,NA,Garzón,NA,NA,Municipio,Municipality,NA,CO.HU.GA,661
COL.18.11_2,COL,Colombia,COL.18_2,Huila,NA,Gigante,NA,NA,Municipio,Municipality,NA,CO.HU.GI,662
COL.18.12_2,COL,Colombia,COL.18_2,Huila,NA,Guadalupe,NA,NA,Municipio,Municipality,NA,CO.AN.GD,663
COL.18.13_2,COL,Colombia,COL.18_2,Huila,NA,Hobo,NA,NA,Municipio,Municipality,NA,CO.HU.HO,664
COL.18.14_2,COL,Colombia,COL.18_2,Huila,NA,Iquira,NA,NA,Municipio,Municipality,NA,CO.HU.IQ,665
COL.18.15_2,COL,Colombia,COL.18_2,Huila,NA,Isnos,NA,NA,Municipio,Municipality,NA,CO.HU.IS,666
COL.18.16_2,COL,Colombia,COL.18_2,Huila,NA,La Argentina,NA,NA,Municipio,Municipality,NA,CO.HU.LA,667
COL.18.17_2,COL,Colombia,COL.18_2,Huila,NA,La Plata,NA,NA,Municipio,Municipality,NA,CO.HU.LP,668
COL.18.18_2,COL,Colombia,COL.18_2,Huila,NA,Nátaga,NA,NA,Municipio,Municipality,NA,CO.HU.NA,669
COL.18.19_2,COL,Colombia,COL.18_2,Huila,NA,Neiva,NA,NA,Municipio,Municipality,NA,CO.HU.NE,670
COL.18.20_2,COL,Colombia,COL.18_2,Huila,NA,Oporapa,NA,NA,Municipio,Municipality,NA,CO.HU.OP,671
COL.18.21_2,COL,Colombia,COL.18_2,Huila,NA,Paicol,NA,NA,Municipio,Municipality,NA,CO.HU.PC,672
COL.18.22_2,COL,Colombia,COL.18_2,Huila,NA,Palermo,NA,NA,Municipio,Municipality,NA,CO.HU.PM,673
COL.18.23_2,COL,Colombia,COL.18_2,Huila,NA,Palestina,NA,NA,Municipio,Municipality,NA,CO.CL.PL,674
COL.18.24_2,COL,Colombia,COL.18_2,Huila,NA,Pital,NA,NA,Municipio,Municipality,NA,CO.HU.PI,675
COL.18.25_2,COL,Colombia,COL.18_2,Huila,NA,Pitalito,NA,NA,Municipio,Municipality,NA,CO.HU.PT,676
COL.18.26_2,COL,Colombia,COL.18_2,Huila,NA,Rivera,NA,NA,Municipio,Municipality,NA,CO.HU.RI,677
COL.18.27_2,COL,Colombia,COL.18_2,Huila,NA,Saladoblanco,Salado Blanco,NA,Municipio,Municipality,NA,CO.HU.SB,678
COL.18.28_2,COL,Colombia,COL.18_2,Huila,NA,San Agustín,NA,NA,Municipio,Municipality,NA,CO.HU.SA,679
COL.18.29_2,COL,Colombia,COL.18_2,Huila,NA,Santa María,Santamaria,NA,Municipio,Municipality,NA,CO.BY.SX,680
COL.18.30_2,COL,Colombia,COL.18_2,Huila,NA,Suazá,NA,NA,Municipio,Municipality,NA,CO.HU.SU,681
COL.18.31_2,COL,Colombia,COL.18_2,Huila,NA,Tarquí,NA,NA,Municipio,Municipality,NA,CO.HU.TA,682
COL.18.32_2,COL,Colombia,COL.18_2,Huila,NA,Tello,NA,NA,Municipio,Municipality,NA,CO.HU.TL,683
COL.18.33_2,COL,Colombia,COL.18_2,Huila,NA,Teruel,NA,NA,Municipio,Municipality,NA,CO.HU.TR,684
COL.18.34_2,COL,Colombia,COL.18_2,Huila,NA,Tesalia,NA,NA,Municipio,Municipality,NA,CO.HU.TS,685
COL.18.35_2,COL,Colombia,COL.18_2,Huila,NA,Timaná,NA,NA,Municipio,Municipality,NA,CO.HU.TI,686
COL.18.36_2,COL,Colombia,COL.18_2,Huila,NA,Villavieja,Villa Vieja,NA,Municipio,Municipality,NA,CO.HU.VV,687
COL.18.37_2,COL,Colombia,COL.18_2,Huila,NA,Yaguará,NA,NA,Municipio,Municipality,NA,CO.HU.YA,688
COL.19.1_2,COL,Colombia,COL.19_2,La Guajira,NA,Barrancas,NA,NA,Municipio,Municipality,NA,CO.LG.BA,689
COL.19.2_2,COL,Colombia,COL.19_2,La Guajira,NA,Dibulla,NA,NA,Municipio,Municipality,NA,CO.LG.DB,690
COL.19.3_2,COL,Colombia,COL.19_2,La Guajira,NA,Distracción,NA,NA,Municipio,Municipality,NA,CO.LG.DS,691
COL.19.4_2,COL,Colombia,COL.19_2,La Guajira,NA,El Molino,NA,NA,Municipio,Municipality,NA,CO.LG.EM,692
COL.19.5_2,COL,Colombia,COL.19_2,La Guajira,NA,Fonseca,NA,NA,Municipio,Municipality,NA,CO.LG.FO,693
COL.19.6_2,COL,Colombia,COL.19_2,La Guajira,NA,Hatonuevo,NA,NA,Municipio,Municipality,NA,CO.LG.HN,694
COL.19.7_2,COL,Colombia,COL.19_2,La Guajira,NA,La Jagua del Pilar,NA,NA,Municipio,Municipality,NA,CO.LG.LJ,695
COL.19.8_2,COL,Colombia,COL.19_2,La Guajira,NA,Maicao,NA,NA,Municipio,Municipality,NA,CO.LG.MC,696
COL.19.9_2,COL,Colombia,COL.19_2,La Guajira,NA,Manaure,Manaure Balcon D|Balcón del Cesa,NA,Municipio,Municipality,NA,CO.CE.MA,697
COL.19.10_2,COL,Colombia,COL.19_2,La Guajira,NA,Riohacha,NA,NA,Municipio,Municipality,NA,CO.LG.RI,698
COL.19.11_2,COL,Colombia,COL.19_2,La Guajira,NA,San Juan del Cesar,San Juan Del Ces,NA,Municipio,Municipality,NA,CO.LG.SJ,699
COL.19.12_2,COL,Colombia,COL.19_2,La Guajira,NA,Uribía,NA,NA,Municipio,Municipality,NA,CO.LG.UB,700
COL.19.13_2,COL,Colombia,COL.19_2,La Guajira,NA,Urumita,NA,NA,Municipio,Municipality,NA,CO.LG.UM,701
COL.19.14_2,COL,Colombia,COL.19_2,La Guajira,NA,Villanueva,NA,NA,Municipio,Municipality,NA,CO.BL.VN,702
COL.20.1_2,COL,Colombia,COL.20_2,Magdalena,NA,Algarrobo,NA,NA,Municipio,Municipality,NA,CO.MA.AL,703
COL.20.2_2,COL,Colombia,COL.20_2,Magdalena,NA,Aracataca,NA,NA,Municipio,Municipality,NA,CO.MA.AC,704
COL.20.3_2,COL,Colombia,COL.20_2,Magdalena,NA,Ariguaní,NA,NA,Municipio,Municipality,NA,CO.MA.AG,705
COL.20.4_2,COL,Colombia,COL.20_2,Magdalena,NA,Cerro de San Antonio,NA,NA,Municipio,Municipality,NA,CO.MA.CE,706
COL.20.5_2,COL,Colombia,COL.20_2,Magdalena,NA,Chivolo,NA,NA,Municipio,Municipality,NA,CO.MA.CH,707
COL.20.6_2,COL,Colombia,COL.20_2,Magdalena,NA,Ciénaga,NA,NA,Municipio,Municipality,NA,CO.BY.CG,708
COL.20.7_2,COL,Colombia,COL.20_2,Magdalena,NA,Concordia,NA,NA,Municipio,Municipality,NA,CO.AN.CN,709
COL.20.8_2,COL,Colombia,COL.20_2,Magdalena,NA,El Banco,NA,NA,Municipio,Municipality,NA,CO.MA.EB,710
COL.20.9_2,COL,Colombia,COL.20_2,Magdalena,NA,El Piñón,NA,NA,Municipio,Municipality,NA,CO.MA.EP,711
COL.20.10_2,COL,Colombia,COL.20_2,Magdalena,NA,El Retén,NA,NA,Municipio,Municipality,NA,CO.MA.ER,712
COL.20.11_2,COL,Colombia,COL.20_2,Magdalena,NA,Fundación,NA,NA,Municipio,Municipality,NA,CO.MA.FU,713
COL.20.12_2,COL,Colombia,COL.20_2,Magdalena,NA,Guamal,NA,NA,Municipio,Municipality,NA,CO.MA.GU,714
COL.20.13_2,COL,Colombia,COL.20_2,Magdalena,NA,Nueva Granada,NA,NA,Municipio,Municipality,NA,CO.MA.NG,715
COL.20.14_2,COL,Colombia,COL.20_2,Magdalena,NA,Pedraza,NA,NA,Municipio,Municipality,NA,CO.MA.PE,716
COL.20.15_2,COL,Colombia,COL.20_2,Magdalena,NA,Pijiño del Carmen,NA,NA,Municipio,Municipality,NA,CO.MA.PC,717
COL.20.16_2,COL,Colombia,COL.20_2,Magdalena,NA,Pivijay,NA,NA,Municipio,Municipality,NA,CO.MA.PI,718
COL.20.17_2,COL,Colombia,COL.20_2,Magdalena,NA,Plato,NA,NA,Municipio,Municipality,NA,CO.MA.PL,719
COL.20.18_2,COL,Colombia,COL.20_2,Magdalena,NA,Pueblo Viejo,Puebloviejo,NA,Municipio,Municipality,NA,CO.MA.PV,720
COL.20.19_2,COL,Colombia,COL.20_2,Magdalena,NA,Remolino,NA,NA,Municipio,Municipality,NA,CO.MA.RE,721
COL.20.20_2,COL,Colombia,COL.20_2,Magdalena,NA,Sabanas de San Angel,NA,NA,Municipio,Municipality,NA,CO.MA.SB,722
COL.20.21_2,COL,Colombia,COL.20_2,Magdalena,NA,Salamina,NA,NA,Municipio,Municipality,NA,CO.CL.SL,723
COL.20.22_2,COL,Colombia,COL.20_2,Magdalena,NA,San Sebastián de Buenavista,NA,NA,Municipio,Municipality,NA,CO.MA.SS,724
COL.20.23_2,COL,Colombia,COL.20_2,Magdalena,NA,San Zenón,NA,NA,Municipio,Municipality,NA,CO.MA.SZ,725
COL.20.24_2,COL,Colombia,COL.20_2,Magdalena,NA,Santa Ana,NA,NA,Municipio,Municipality,NA,CO.MA.SA,726
COL.20.25_2,COL,Colombia,COL.20_2,Magdalena,NA,Santa Bárbara de Pinto,NA,NA,Municipio,Municipality,NA,CO.MA.SP,727
COL.20.26_2,COL,Colombia,COL.20_2,Magdalena,NA,Santa Marta,NA,NA,Municipio,Municipality,NA,CO.MA.SM,728
COL.20.27_2,COL,Colombia,COL.20_2,Magdalena,NA,Sitionuevo,NA,NA,Municipio,Municipality,NA,CO.MA.SI,729
COL.20.28_2,COL,Colombia,COL.20_2,Magdalena,NA,Tenerife,NA,NA,Municipio,Municipality,NA,CO.MA.TE,730
COL.20.29_2,COL,Colombia,COL.20_2,Magdalena,NA,Zapayán,NA,NA,Municipio,Municipality,NA,CO.MA.ZP,731
COL.20.30_2,COL,Colombia,COL.20_2,Magdalena,NA,Zona Bananera,NA,NA,Municipio,Municipality,NA,CO.MA.ZB,732
COL.21.1_2,COL,Colombia,COL.21_2,Meta,NA,Acacías,NA,NA,Municipio,Municipality,NA,CO.ME.AC,733
COL.21.2_2,COL,Colombia,COL.21_2,Meta,NA,Barranca de Upía,NA,NA,Municipio,Municipality,NA,CO.ME.BA,734
COL.21.3_2,COL,Colombia,COL.21_2,Meta,NA,Cabuyaro,NA,NA,Municipio,Municipality,NA,CO.ME.CA,735
COL.21.4_2,COL,Colombia,COL.21_2,Meta,NA,Castilla la Nueva,NA,NA,Municipio,Municipality,NA,CO.ME.CN,736
COL.21.5_2,COL,Colombia,COL.21_2,Meta,NA,Cumaral,NA,NA,Municipio,Municipality,NA,CO.ME.CM,737
COL.21.6_2,COL,Colombia,COL.21_2,Meta,NA,El Calvario,NA,NA,Municipio,Municipality,NA,CO.ME.EV,738
COL.21.7_2,COL,Colombia,COL.21_2,Meta,NA,El Castillo,NA,NA,Municipio,Municipality,NA,CO.ME.EC,739
COL.21.8_2,COL,Colombia,COL.21_2,Meta,NA,El Dorado,NA,NA,Municipio,Municipality,NA,CO.ME.ED,740
COL.21.9_2,COL,Colombia,COL.21_2,Meta,NA,Fuente de Oro,NA,NA,Municipio,Municipality,NA,CO.ME.FO,741
COL.21.10_2,COL,Colombia,COL.21_2,Meta,NA,Granada,NA,NA,Municipio,Municipality,NA,CO.AN.GR,742
COL.21.11_2,COL,Colombia,COL.21_2,Meta,NA,Guamal,NA,NA,Municipio,Municipality,NA,CO.MA.GU,743
COL.21.12_2,COL,Colombia,COL.21_2,Meta,NA,La Macarena,NA,NA,Municipio,Municipality,NA,CO.ME.LM,744
COL.21.13_2,COL,Colombia,COL.21_2,Meta,NA,La Uribe,NA,NA,Municipio,Municipality,NA,CO.ME.LU,745
COL.21.14_2,COL,Colombia,COL.21_2,Meta,NA,Lejanías,NA,NA,Municipio,Municipality,NA,CO.ME.LE,746
COL.21.15_2,COL,Colombia,COL.21_2,Meta,NA,Mapiripán,NA,NA,Municipio,Municipality,NA,CO.ME.MA,747
COL.21.16_2,COL,Colombia,COL.21_2,Meta,NA,Mesetas,NA,NA,Municipio,Municipality,NA,CO.ME.ME,748
COL.21.17_2,COL,Colombia,COL.21_2,Meta,NA,Puerto Concordia,NA,NA,Municipio,Municipality,NA,CO.ME.PC,749
COL.21.18_2,COL,Colombia,COL.21_2,Meta,NA,Puerto Gaitán,NA,NA,Municipio,Municipality,NA,CO.ME.PG,750
COL.21.19_2,COL,Colombia,COL.21_2,Meta,NA,Puerto Lleras,NA,NA,Municipio,Municipality,NA,CO.ME.PL,751
COL.21.20_2,COL,Colombia,COL.21_2,Meta,NA,Puerto López,NA,NA,Municipio,Municipality,NA,CO.ME.PZ,752
COL.21.21_2,COL,Colombia,COL.21_2,Meta,NA,Puerto Rico,NA,NA,Municipio,Municipality,NA,CO.CQ.PR,753
COL.21.22_2,COL,Colombia,COL.21_2,Meta,NA,Restrepo,NA,NA,Municipio,Municipality,NA,CO.ME.RE,754
COL.21.23_2,COL,Colombia,COL.21_2,Meta,NA,San Carlos de Guaroa,NA,NA,Municipio,Municipality,NA,CO.ME.SC,755
COL.21.24_2,COL,Colombia,COL.21_2,Meta,NA,San Juan de Arama,San Juan De Aram,NA,Municipio,Municipality,NA,CO.ME.SA,756
COL.21.25_2,COL,Colombia,COL.21_2,Meta,NA,San Juanito,NA,NA,Municipio,Municipality,NA,CO.ME.SJ,757
COL.21.26_2,COL,Colombia,COL.21_2,Meta,NA,San Luis de Cubarral,Cubarral,NA,Municipio,Municipality,NA,CO.ME.CB,758
COL.21.27_2,COL,Colombia,COL.21_2,Meta,NA,San Martín,NA,NA,Municipio,Municipality,NA,CO.CE.SM,759
COL.21.28_2,COL,Colombia,COL.21_2,Meta,NA,Villavicencio,NA,NA,Municipio,Municipality,NA,CO.ME.VV,760
COL.21.29_2,COL,Colombia,COL.21_2,Meta,NA,Vista Hermosa,Vistahermosa,NA,Municipio,Municipality,NA,CO.ME.VH,761
COL.22.1_2,COL,Colombia,COL.22_2,Nariño,NA,Albán,NA,NA,Municipio,Municipality,NA,CO.CU.AL,762
COL.22.2_2,COL,Colombia,COL.22_2,Nariño,NA,Aldana,NA,NA,Municipio,Municipality,NA,CO.NA.AD,763
COL.22.3_2,COL,Colombia,COL.22_2,Nariño,NA,Ancuyá,NA,NA,Municipio,Municipality,NA,CO.NA.AN,764
COL.22.4_2,COL,Colombia,COL.22_2,Nariño,NA,Arboleda,NA,NA,Municipio,Municipality,NA,CO.NA.AR,765
COL.22.5_2,COL,Colombia,COL.22_2,Nariño,NA,Barbacoas,NA,NA,Municipio,Municipality,NA,CO.NA.BA,766
COL.22.6_2,COL,Colombia,COL.22_2,Nariño,NA,Belén,NA,NA,Municipio,Municipality,NA,CO.BY.BL,767
COL.22.7_2,COL,Colombia,COL.22_2,Nariño,NA,Buesaco,NA,NA,Municipio,Municipality,NA,CO.NA.BU,768
COL.22.8_2,COL,Colombia,COL.22_2,Nariño,NA,Chachagüí,NA,NA,Municipio,Municipality,NA,CO.NA.CH,769
COL.22.9_2,COL,Colombia,COL.22_2,Nariño,NA,Colón,NA,NA,Municipio,Municipality,NA,CO.NA.CL,770
COL.22.10_2,COL,Colombia,COL.22_2,Nariño,NA,Consacá,NA,NA,Municipio,Municipality,NA,CO.NA.CS,771
COL.22.11_2,COL,Colombia,COL.22_2,Nariño,NA,Contadero,NA,NA,Municipio,Municipality,NA,CO.NA.CN,772
COL.22.12_2,COL,Colombia,COL.22_2,Nariño,NA,Córdoba,NA,NA,Municipio,Municipality,NA,CO.BL.CO,773
COL.22.13_2,COL,Colombia,COL.22_2,Nariño,NA,Cuaspud,NA,NA,Municipio,Municipality,NA,CO.NA.CD,774
COL.22.14_2,COL,Colombia,COL.22_2,Nariño,NA,Cumbal,NA,NA,Municipio,Municipality,NA,CO.NA.CU,775
COL.22.15_2,COL,Colombia,COL.22_2,Nariño,NA,Cumbitara,NA,NA,Municipio,Municipality,NA,CO.NA.CT,776
COL.22.16_2,COL,Colombia,COL.22_2,Nariño,NA,El Charco,NA,NA,Municipio,Municipality,NA,CO.NA.EC,777
COL.22.17_2,COL,Colombia,COL.22_2,Nariño,NA,El Peñol,NA,NA,Municipio,Municipality,NA,CO.NA.EP,778
COL.22.18_2,COL,Colombia,COL.22_2,Nariño,NA,El Rosario,NA,NA,Municipio,Municipality,NA,CO.NA.ER,779
COL.22.19_2,COL,Colombia,COL.22_2,Nariño,NA,El Tablón de Gomez,El Tablón,NA,Municipio,Municipality,NA,CO.NA.EL,780
COL.22.20_2,COL,Colombia,COL.22_2,Nariño,NA,El Tambo,NA,NA,Municipio,Municipality,NA,CO.CA.ET,781
COL.22.21_2,COL,Colombia,COL.22_2,Nariño,NA,Francisco Pizarro,Francisco Pizarr,NA,Municipio,Municipality,NA,CO.NA.FP,782
COL.22.22_2,COL,Colombia,COL.22_2,Nariño,NA,Funes,NA,NA,Municipio,Municipality,NA,CO.NA.FU,783
COL.22.23_2,COL,Colombia,COL.22_2,Nariño,NA,Guachucal,NA,NA,Municipio,Municipality,NA,CO.NA.GC,784
COL.22.24_2,COL,Colombia,COL.22_2,Nariño,NA,Guaitarilla,NA,NA,Municipio,Municipality,NA,CO.NA.GT,785
COL.22.25_2,COL,Colombia,COL.22_2,Nariño,NA,Gualmatán,NA,NA,Municipio,Municipality,NA,CO.NA.GM,786
COL.22.26_2,COL,Colombia,COL.22_2,Nariño,NA,Iles,NA,NA,Municipio,Municipality,NA,CO.NA.IL,787
COL.22.27_2,COL,Colombia,COL.22_2,Nariño,NA,Imués,NA,NA,Municipio,Municipality,NA,CO.NA.IM,788
COL.22.28_2,COL,Colombia,COL.22_2,Nariño,NA,Ipiales,NA,NA,Municipio,Municipality,NA,CO.NA.IP,789
COL.22.29_2,COL,Colombia,COL.22_2,Nariño,NA,La Cruz,NA,NA,Municipio,Municipality,NA,CO.NA.LC,790
COL.22.30_2,COL,Colombia,COL.22_2,Nariño,NA,La Florida,NA,NA,Municipio,Municipality,NA,CO.NA.LF,791
COL.22.31_2,COL,Colombia,COL.22_2,Nariño,NA,La Llanada,NA,NA,Municipio,Municipality,NA,CO.NA.LL,792
COL.22.32_2,COL,Colombia,COL.22_2,Nariño,NA,La Tola,NA,NA,Municipio,Municipality,NA,CO.NA.LT,793
COL.22.33_2,COL,Colombia,COL.22_2,Nariño,NA,La Unión,NA,NA,Municipio,Municipality,NA,CO.NA.LU,794
COL.22.34_2,COL,Colombia,COL.22_2,Nariño,NA,Leiva,NA,NA,Municipio,Municipality,NA,CO.NA.LE,795
COL.22.35_2,COL,Colombia,COL.22_2,Nariño,NA,Linares,NA,NA,Municipio,Municipality,NA,CO.NA.LI,796
COL.22.36_2,COL,Colombia,COL.22_2,Nariño,NA,Los Andes,NA,NA,Municipio,Municipality,NA,CO.NA.LO,797
COL.22.37_2,COL,Colombia,COL.22_2,Nariño,NA,Magüí,NA,NA,Municipio,Municipality,NA,CO.NA.MG,798
COL.22.38_2,COL,Colombia,COL.22_2,Nariño,NA,Mallama,NA,NA,Municipio,Municipality,NA,CO.NA.ML,799
COL.22.39_2,COL,Colombia,COL.22_2,Nariño,NA,Mosquera,NA,NA,Municipio,Municipality,NA,CO.CU.MO,800
COL.22.40_2,COL,Colombia,COL.22_2,Nariño,NA,Nariño,NA,NA,Municipio,Municipality,NA,CO.AN.NA,801
COL.22.41_2,COL,Colombia,COL.22_2,Nariño,NA,Olaya Herrera,NA,NA,Municipio,Municipality,NA,CO.NA.OH,802
COL.22.42_2,COL,Colombia,COL.22_2,Nariño,NA,Ospina,NA,NA,Municipio,Municipality,NA,CO.NA.OS,803
COL.22.43_2,COL,Colombia,COL.22_2,Nariño,NA,Policarpa,NA,NA,Municipio,Municipality,NA,CO.NA.PC,804
COL.22.44_2,COL,Colombia,COL.22_2,Nariño,NA,Potosí,NA,NA,Municipio,Municipality,NA,CO.NA.PT,805
COL.22.45_2,COL,Colombia,COL.22_2,Nariño,NA,Providencia,NA,NA,Municipio,Municipality,NA,CO.NA.PR,806
COL.22.46_2,COL,Colombia,COL.22_2,Nariño,NA,Puerres,NA,NA,Municipio,Municipality,NA,CO.NA.PU,807
COL.22.47_2,COL,Colombia,COL.22_2,Nariño,NA,Pupiales,NA,NA,Municipio,Municipality,NA,CO.NA.PP,808
COL.22.48_2,COL,Colombia,COL.22_2,Nariño,NA,Ricaurte,NA,NA,Municipio,Municipality,NA,CO.CU.RI,809
COL.22.49_2,COL,Colombia,COL.22_2,Nariño,NA,Roberto Payán,NA,NA,Municipio,Municipality,NA,CO.NA.RO,810
COL.22.50_2,COL,Colombia,COL.22_2,Nariño,NA,Samaniego,NA,NA,Municipio,Municipality,NA,CO.NA.SM,811
COL.22.51_2,COL,Colombia,COL.22_2,Nariño,NA,San Bernardo,NA,NA,Municipio,Municipality,NA,CO.CU.SB,812
COL.22.52_2,COL,Colombia,COL.22_2,Nariño,NA,San Juan de Pasto,Pasto,NA,Municipio,Municipality,NA,CO.NA.PA,813
COL.22.53_2,COL,Colombia,COL.22_2,Nariño,NA,San Lorenzo,NA,NA,Municipio,Municipality,NA,CO.NA.SL,814
COL.22.54_2,COL,Colombia,COL.22_2,Nariño,NA,San Pablo,NA,NA,Municipio,Municipality,NA,CO.BL.SP,815
COL.22.55_2,COL,Colombia,COL.22_2,Nariño,NA,San Pedro de Cartago,NA,NA,Municipio,Municipality,NA,CO.NA.SC,816
COL.22.56_2,COL,Colombia,COL.22_2,Nariño,NA,Sandoná,NA,NA,Municipio,Municipality,NA,CO.NA.SD,817
COL.22.57_2,COL,Colombia,COL.22_2,Nariño,NA,Santa Bárbara,NA,NA,Municipio,Municipality,NA,CO.AN.SB,818
COL.22.58_2,COL,Colombia,COL.22_2,Nariño,NA,Santa Cruz,NA,NA,Municipio,Municipality,NA,CO.NA.SZ,819
COL.22.59_2,COL,Colombia,COL.22_2,Nariño,NA,Sapuyes,NA,NA,Municipio,Municipality,NA,CO.NA.SY,820
COL.22.60_2,COL,Colombia,COL.22_2,Nariño,NA,Taminango,NA,NA,Municipio,Municipality,NA,CO.NA.TN,821
COL.22.61_2,COL,Colombia,COL.22_2,Nariño,NA,Tangua,NA,NA,Municipio,Municipality,NA,CO.NA.TG,822
COL.22.62_2,COL,Colombia,COL.22_2,Nariño,NA,Tumaco,NA,NA,Municipio,Municipality,NA,CO.NA.TC,823
COL.22.63_2,COL,Colombia,COL.22_2,Nariño,NA,Túquerres,Téquerres,NA,Municipio,Municipality,NA,CO.NA.TQ,824
COL.22.64_2,COL,Colombia,COL.22_2,Nariño,NA,Yacuanquér,NA,NA,Municipio,Municipality,NA,CO.NA.YA,825
COL.23.1_2,COL,Colombia,COL.23_2,Norte de Santander,NA,Abrego,NA,NA,Municipio,Municipality,NA,CO.NS.AB,826
COL.23.2_2,COL,Colombia,COL.23_2,Norte de Santander,NA,Arboledas,NA,NA,Municipio,Municipality,NA,CO.NS.AR,827
COL.23.3_2,COL,Colombia,COL.23_2,Norte de Santander,NA,Bochalema,NA,NA,Municipio,Municipality,NA,CO.NS.BO,828
COL.23.4_2,COL,Colombia,COL.23_2,Norte de Santander,NA,Bucarasica,NA,NA,Municipio,Municipality,NA,CO.NS.BU,829
COL.23.5_2,COL,Colombia,COL.23_2,Norte de Santander,NA,Cáchira,NA,NA,Municipio,Municipality,NA,CO.NS.CR,830
COL.23.6_2,COL,Colombia,COL.23_2,Norte de Santander,NA,Cácota,NA,NA,Municipio,Municipality,NA,CO.NS.CA,831
COL.23.7_2,COL,Colombia,COL.23_2,Norte de Santander,NA,Chinácota,NA,NA,Municipio,Municipality,NA,CO.NS.CH,832
COL.23.8_2,COL,Colombia,COL.23_2,Norte de Santander,NA,Chitagá,NA,NA,Municipio,Municipality,NA,CO.NS.CT,833
COL.23.9_2,COL,Colombia,COL.23_2,Norte de Santander,NA,Convención,NA,NA,Municipio,Municipality,NA,CO.NS.CV,834
COL.23.10_2,COL,Colombia,COL.23_2,Norte de Santander,NA,Cucutilla,NA,NA,Municipio,Municipality,NA,CO.NS.CL,835
COL.23.11_2,COL,Colombia,COL.23_2,Norte de Santander,NA,Durania,NA,NA,Municipio,Municipality,NA,CO.NS.DU,836
COL.23.12_2,COL,Colombia,COL.23_2,Norte de Santander,NA,El Carmen,NA,NA,Municipio,Municipality,NA,CO.NS.EC,837
COL.23.13_2,COL,Colombia,COL.23_2,Norte de Santander,NA,El Tarra,NA,NA,Municipio,Municipality,NA,CO.NS.ET,838
COL.23.14_2,COL,Colombia,COL.23_2,Norte de Santander,NA,El Zulía,NA,NA,Municipio,Municipality,NA,CO.NS.EZ,839
COL.23.15_2,COL,Colombia,COL.23_2,Norte de Santander,NA,Gramalote,NA,NA,Municipio,Municipality,NA,CO.NS.GR,840
COL.23.16_2,COL,Colombia,COL.23_2,Norte de Santander,NA,Hacarí,NA,NA,Municipio,Municipality,NA,CO.NS.HA,841
COL.23.17_2,COL,Colombia,COL.23_2,Norte de Santander,NA,Herrán,NA,NA,Municipio,Municipality,NA,CO.NS.HE,842
COL.23.18_2,COL,Colombia,COL.23_2,Norte de Santander,NA,La Esperanza,NA,NA,Municipio,Municipality,NA,CO.NS.LE,843
COL.23.19_2,COL,Colombia,COL.23_2,Norte de Santander,NA,La Playa de Belén,La Playa,NA,Municipio,Municipality,NA,CO.NS.LP,844
COL.23.20_2,COL,Colombia,COL.23_2,Norte de Santander,NA,Labateca,NA,NA,Municipio,Municipality,NA,CO.NS.LB,845
COL.23.21_2,COL,Colombia,COL.23_2,Norte de Santander,NA,Los Patios,NA,NA,Municipio,Municipality,NA,CO.NS.LS,846
COL.23.22_2,COL,Colombia,COL.23_2,Norte de Santander,NA,Lourdes,NA,NA,Municipio,Municipality,NA,CO.NS.LO,847
COL.23.23_2,COL,Colombia,COL.23_2,Norte de Santander,NA,Mutiscua,NA,NA,Municipio,Municipality,NA,CO.NS.MU,848
COL.23.24_2,COL,Colombia,COL.23_2,Norte de Santander,NA,Ocaña,NA,NA,Municipio,Municipality,NA,CO.NS.OC,849
COL.23.25_2,COL,Colombia,COL.23_2,Norte de Santander,NA,Pamplona,NA,NA,Municipio,Municipality,NA,CO.NS.PA,850
COL.23.26_2,COL,Colombia,COL.23_2,Norte de Santander,NA,Pamplonita,NA,NA,Municipio,Municipality,NA,CO.NS.PT,851
COL.23.27_2,COL,Colombia,COL.23_2,Norte de Santander,NA,Puerto Santander,NA,NA,Corregimiento Departamental,Corregimiento Departamental,NA,CO.AM.PS,852
COL.23.28_2,COL,Colombia,COL.23_2,Norte de Santander,NA,Ragonvalía,NA,NA,Municipio,Municipality,NA,CO.NS.RA,853
COL.23.29_2,COL,Colombia,COL.23_2,Norte de Santander,NA,Salazar de las Palmas,Salazar,NA,Municipio,Municipality,NA,CO.NS.SZ,854
COL.23.30_2,COL,Colombia,COL.23_2,Norte de Santander,NA,San Calixto,NA,NA,Municipio,Municipality,NA,CO.NS.SX,855
COL.23.31_2,COL,Colombia,COL.23_2,Norte de Santander,NA,San Cayetano,NA,NA,Municipio,Municipality,NA,CO.CU.SC,856
COL.23.32_2,COL,Colombia,COL.23_2,Norte de Santander,NA,San José de Cúcuta,Cucuta|Cúcuta|Cécuta,NA,Municipio,Municipality,NA,CO.NS.CC,857
COL.23.33_2,COL,Colombia,COL.23_2,Norte de Santander,NA,Santiago,NA,NA,Municipio,Municipality,NA,CO.NS.SG,858
COL.23.34_2,COL,Colombia,COL.23_2,Norte de Santander,NA,Santo Domingo de Silos,Silos,NA,Municipio,Municipality,NA,CO.NS.SI,859
COL.23.35_2,COL,Colombia,COL.23_2,Norte de Santander,NA,Sardinata,NA,NA,Municipio,Municipality,NA,CO.NS.SR,860
COL.23.36_2,COL,Colombia,COL.23_2,Norte de Santander,NA,Teorama,NA,NA,Municipio,Municipality,NA,CO.NS.TE,861
COL.23.37_2,COL,Colombia,COL.23_2,Norte de Santander,NA,Tibú,Tibé,NA,Municipio,Municipality,NA,CO.NS.TI,862
COL.23.38_2,COL,Colombia,COL.23_2,Norte de Santander,NA,Toledo,NA,NA,Municipio,Municipality,NA,CO.AN.TO,863
COL.23.39_2,COL,Colombia,COL.23_2,Norte de Santander,NA,Villa Caro,NA,NA,Municipio,Municipality,NA,CO.NS.VC,864
COL.23.40_2,COL,Colombia,COL.23_2,Norte de Santander,NA,Villa del Rosario,Villa Del Rosari,NA,Municipio,Municipality,NA,CO.NS.VR,865
COL.24.1_2,COL,Colombia,COL.24_2,Putumayo,NA,Colón,NA,NA,Municipio,Municipality,NA,CO.NA.CL,866
COL.24.2_2,COL,Colombia,COL.24_2,Putumayo,NA,Orito,NA,NA,Municipio,Municipality,NA,CO.PU.OR,867
COL.24.3_2,COL,Colombia,COL.24_2,Putumayo,NA,Puerto Asís,NA,NA,Municipio,Municipality,NA,CO.PU.PA,868
COL.24.4_2,COL,Colombia,COL.24_2,Putumayo,NA,Puerto Caicedo,NA,NA,Municipio,Municipality,NA,CO.PU.PC,869
COL.24.5_2,COL,Colombia,COL.24_2,Putumayo,NA,Puerto Guzmán,NA,NA,Municipio,Municipality,NA,CO.PU.PG,870
COL.24.6_2,COL,Colombia,COL.24_2,Putumayo,NA,Puerto Leguízamo,NA,NA,Municipio,Municipality,NA,CO.PU.PL,871
COL.24.7_2,COL,Colombia,COL.24_2,Putumayo,NA,San Francisco,NA,NA,Municipio,Municipality,NA,CO.AN.SF,872
COL.24.8_2,COL,Colombia,COL.24_2,Putumayo,NA,San Miguel,NA,NA,Municipio,Municipality,NA,CO.ST.SM,873
COL.24.9_2,COL,Colombia,COL.24_2,Putumayo,NA,San Miguel de Mocoa,Mocoa,NA,Municipio,Municipality,NA,CO.PU.MO,874
COL.24.10_2,COL,Colombia,COL.24_2,Putumayo,NA,Santiago,NA,NA,Municipio,Municipality,NA,CO.NS.SG,875
COL.24.11_2,COL,Colombia,COL.24_2,Putumayo,NA,Sibundoy,NA,NA,Municipio,Municipality,NA,CO.PU.SI,876
COL.24.12_2,COL,Colombia,COL.24_2,Putumayo,NA,Valle del Guamuéz,NA,NA,Municipio,Municipality,NA,CO.PU.VA,877
COL.24.13_2,COL,Colombia,COL.24_2,Putumayo,NA,Villagarzón,NA,NA,Municipio,Municipality,NA,CO.PU.VG,878
COL.25.1_2,COL,Colombia,COL.25_2,Quindío,NA,Armenia,Mantequilla,NA,Municipio,Municipality,NA,CO.AN.AA,879
COL.25.2_2,COL,Colombia,COL.25_2,Quindío,NA,Buenavista,NA,NA,Municipio,Municipality,NA,CO.BY.BU,880
COL.25.3_2,COL,Colombia,COL.25_2,Quindío,NA,Calarcá,NA,NA,Municipio,Municipality,NA,CO.QD.CA,881
COL.25.4_2,COL,Colombia,COL.25_2,Quindío,NA,Circasia,NA,NA,Municipio,Municipality,NA,CO.QD.CI,882
COL.25.5_2,COL,Colombia,COL.25_2,Quindío,NA,Córdoba,NA,NA,Municipio,Municipality,NA,CO.BL.CO,883
COL.25.6_2,COL,Colombia,COL.25_2,Quindío,NA,Filandia,NA,NA,Municipio,Municipality,NA,CO.QD.FI,884
COL.25.7_2,COL,Colombia,COL.25_2,Quindío,NA,Génova,NA,NA,Municipio,Municipality,NA,CO.QD.GE,885
COL.25.8_2,COL,Colombia,COL.25_2,Quindío,NA,La Tebaida,NA,NA,Municipio,Municipality,NA,CO.QD.LT,886
COL.25.9_2,COL,Colombia,COL.25_2,Quindío,NA,Montenegro,NA,NA,Municipio,Municipality,NA,CO.QD.MO,887
COL.25.10_2,COL,Colombia,COL.25_2,Quindío,NA,Pijao,NA,NA,Municipio,Municipality,NA,CO.QD.PI,888
COL.25.11_2,COL,Colombia,COL.25_2,Quindío,NA,Quimbaya,NA,NA,Municipio,Municipality,NA,CO.QD.QU,889
COL.25.12_2,COL,Colombia,COL.25_2,Quindío,NA,Salento,NA,NA,Municipio,Municipality,NA,CO.QD.SA,890
COL.26.1_2,COL,Colombia,COL.26_2,Risaralda,NA,Apía,NA,NA,Municipio,Municipality,NA,CO.RI.AP,891
COL.26.2_2,COL,Colombia,COL.26_2,Risaralda,NA,Balboa,NA,NA,Municipio,Municipality,NA,CO.CA.BA,892
COL.26.3_2,COL,Colombia,COL.26_2,Risaralda,NA,Belén de Umbría,NA,NA,Municipio,Municipality,NA,CO.RI.BE,893
COL.26.4_2,COL,Colombia,COL.26_2,Risaralda,NA,Dosquebradas,Dos Quebradas,NA,Municipio,Municipality,NA,CO.RI.DO,894
COL.26.5_2,COL,Colombia,COL.26_2,Risaralda,NA,Guática,NA,NA,Municipio,Municipality,NA,CO.RI.GU,895
COL.26.6_2,COL,Colombia,COL.26_2,Risaralda,NA,La Celia,NA,NA,Municipio,Municipality,NA,CO.RI.LC,896
COL.26.7_2,COL,Colombia,COL.26_2,Risaralda,NA,La Virginia,NA,NA,Municipio,Municipality,NA,CO.RI.LV,897
COL.26.8_2,COL,Colombia,COL.26_2,Risaralda,NA,Marsella,NA,NA,Municipio,Municipality,NA,CO.RI.MA,898
COL.26.9_2,COL,Colombia,COL.26_2,Risaralda,NA,Mistrató,NA,NA,Municipio,Municipality,NA,CO.RI.MI,899
COL.26.10_2,COL,Colombia,COL.26_2,Risaralda,NA,Pereira,NA,NA,Municipio,Municipality,NA,CO.RI.PE,900
COL.26.11_2,COL,Colombia,COL.26_2,Risaralda,NA,Pueblo Rico,NA,NA,Municipio,Municipality,NA,CO.RI.PR,901
COL.26.12_2,COL,Colombia,COL.26_2,Risaralda,NA,Quinchía,NA,NA,Municipio,Municipality,NA,CO.RI.QU,902
COL.26.13_2,COL,Colombia,COL.26_2,Risaralda,NA,Santa Rosa de Cabal,NA,NA,Municipio,Municipality,NA,CO.RI.SR,903
COL.26.14_2,COL,Colombia,COL.26_2,Risaralda,NA,Santuario,NA,NA,Municipio,Municipality,NA,CO.RI,904
COL.27.1_2,COL,Colombia,COL.27_1,San Andrés y Providencia,NA,Islas Serranilla,Serranilla Bank,NA,Islas,Islands,NA,NA,905
COL.27.2_2,COL,Colombia,COL.27_1,San Andrés y Providencia,NA,Providencia,NA,NA,Municipio,Municipality,NA,CO.SA.PR,906
COL.27.3_2,COL,Colombia,COL.27_1,San Andrés y Providencia,NA,San Andrés,NA,NA,Municipio,Municipality,NA,CO.SA.SA,907
COL.28.1_2,COL,Colombia,COL.28_2,Santander,NA,Aguada,NA,NA,Municipio,Municipality,NA,CO.ST.AG,908
COL.28.2_2,COL,Colombia,COL.28_2,Santander,NA,Albania,NA,NA,Municipio,Municipality,NA,CO.CQ.AL,909
COL.28.3_2,COL,Colombia,COL.28_2,Santander,NA,Aratoca,NA,NA,Municipio,Municipality,NA,CO.ST.AR,910
COL.28.4_2,COL,Colombia,COL.28_2,Santander,NA,Barbosa,NA,NA,Municipio,Municipality,NA,CO.AN.BB,911
COL.28.5_2,COL,Colombia,COL.28_2,Santander,NA,Barichara,NA,NA,Municipio,Municipality,NA,CO.ST.BH,912
COL.28.6_2,COL,Colombia,COL.28_2,Santander,NA,Barrancabermeja,NA,NA,Municipio,Municipality,NA,CO.ST.BB,913
COL.28.7_2,COL,Colombia,COL.28_2,Santander,NA,Betulia,NA,NA,Municipio,Municipality,NA,CO.AN.BE,914
COL.28.8_2,COL,Colombia,COL.28_2,Santander,NA,Bolívar,NA,NA,Municipio,Municipality,NA,CO.AN.BO,915
COL.28.9_2,COL,Colombia,COL.28_2,Santander,NA,Bucaramanga,NA,NA,Municipio,Municipality,NA,CO.ST.BU,916
COL.28.10_2,COL,Colombia,COL.28_2,Santander,NA,Cabrera,NA,NA,Municipio,Municipality,NA,CO.CU.CB,917
COL.28.11_2,COL,Colombia,COL.28_2,Santander,NA,California,NA,NA,Municipio,Municipality,NA,CO.ST.CA,918
COL.28.12_2,COL,Colombia,COL.28_2,Santander,NA,Capitanejo,NA,NA,Municipio,Municipality,NA,CO.ST.CJ,919
COL.28.13_2,COL,Colombia,COL.28_2,Santander,NA,Carcasí,NA,NA,Municipio,Municipality,NA,CO.ST.CS,920
COL.28.14_2,COL,Colombia,COL.28_2,Santander,NA,Cepitá,NA,NA,Municipio,Municipality,NA,CO.ST.CE,921
COL.28.15_2,COL,Colombia,COL.28_2,Santander,NA,Cerrito,NA,NA,Municipio,Municipality,NA,CO.ST.CR,922
COL.28.16_2,COL,Colombia,COL.28_2,Santander,NA,Charalá,NA,NA,Municipio,Municipality,NA,CO.ST.CL,923
COL.28.17_2,COL,Colombia,COL.28_2,Santander,NA,Charta,NA,NA,Municipio,Municipality,NA,CO.ST.CH,924
COL.28.18_2,COL,Colombia,COL.28_2,Santander,NA,Chimá,NA,NA,Municipio,Municipality,NA,CO.CO.CM,925
COL.28.19_2,COL,Colombia,COL.28_2,Santander,NA,Chipatá,NA,NA,Municipio,Municipality,NA,CO.ST.CP,926
COL.28.20_2,COL,Colombia,COL.28_2,Santander,NA,Cimitarra,NA,NA,Municipio,Municipality,NA,CO.ST.CI,927
COL.28.21_2,COL,Colombia,COL.28_2,Santander,NA,Concepción,NA,NA,Municipio,Municipality,NA,CO.AN.CC,928
COL.28.22_2,COL,Colombia,COL.28_2,Santander,NA,Confines,NA,NA,Municipio,Municipality,NA,CO.ST.CF,929
COL.28.23_2,COL,Colombia,COL.28_2,Santander,NA,Contratación,NA,NA,Municipio,Municipality,NA,CO.ST.CN,930
COL.28.24_2,COL,Colombia,COL.28_2,Santander,NA,Coromoro,NA,NA,Municipio,Municipality,NA,CO.ST.CO,931
COL.28.25_2,COL,Colombia,COL.28_2,Santander,NA,Curití,NA,NA,Municipio,Municipality,NA,CO.ST.CU,932
COL.28.26_2,COL,Colombia,COL.28_2,Santander,NA,El Carmen de Chucurí,El Carmen,NA,Municipio,Municipality,NA,CO.ST.EC,933
COL.28.27_2,COL,Colombia,COL.28_2,Santander,NA,El Guacamayo,NA,NA,Municipio,Municipality,NA,CO.ST.EG,934
COL.28.28_2,COL,Colombia,COL.28_2,Santander,NA,El Peñon,NA,NA,Municipio,Municipality,NA,CO.CU.EP,935
COL.28.29_2,COL,Colombia,COL.28_2,Santander,NA,El Playón,NA,NA,Municipio,Municipality,NA,CO.ST.EY,936
COL.28.30_2,COL,Colombia,COL.28_2,Santander,NA,Encino,NA,NA,Municipio,Municipality,NA,CO.ST.EN,937
COL.28.31_2,COL,Colombia,COL.28_2,Santander,NA,Enciso,NA,NA,Municipio,Municipality,NA,CO.ST.ES,938
COL.28.32_2,COL,Colombia,COL.28_2,Santander,NA,Florián,El Florián,NA,Municipio,Municipality,NA,CO.ST.EF,939
COL.28.33_2,COL,Colombia,COL.28_2,Santander,NA,Floridablanca,NA,NA,Municipio,Municipality,NA,CO.ST.FL,940
COL.28.34_2,COL,Colombia,COL.28_2,Santander,NA,Galán,NA,NA,Municipio,Municipality,NA,CO.ST.GL,941
COL.28.35_2,COL,Colombia,COL.28_2,Santander,NA,Gámbita,NA,NA,Municipio,Municipality,NA,CO.ST.GA,942
COL.28.36_2,COL,Colombia,COL.28_2,Santander,NA,Girón,NA,NA,Municipio,Municipality,NA,CO.ST.GI,943
COL.28.37_2,COL,Colombia,COL.28_2,Santander,NA,Guaca,NA,NA,Municipio,Municipality,NA,CO.ST.GC,944
COL.28.38_2,COL,Colombia,COL.28_2,Santander,NA,Guadalupe,NA,NA,Municipio,Municipality,NA,CO.AN.GD,945
COL.28.39_2,COL,Colombia,COL.28_2,Santander,NA,Guapotá,NA,NA,Municipio,Municipality,NA,CO.ST.GP,946
COL.28.40_2,COL,Colombia,COL.28_2,Santander,NA,Guavatá,NA,NA,Municipio,Municipality,NA,CO.ST.GV,947
COL.28.41_2,COL,Colombia,COL.28_2,Santander,NA,Güepsa,NA,NA,Municipio,Municipality,NA,CO.ST.GU,948
COL.28.42_2,COL,Colombia,COL.28_2,Santander,NA,Hato,NA,NA,Municipio,Municipality,NA,CO.ST.HA,949
COL.28.43_2,COL,Colombia,COL.28_2,Santander,NA,Jesús María,Jesús María,NA,Municipio,Municipality,NA,CO.ST.JM,950
COL.28.44_2,COL,Colombia,COL.28_2,Santander,NA,Jordán,NA,NA,Municipio,Municipality,NA,CO.ST.JO,951
COL.28.45_2,COL,Colombia,COL.28_2,Santander,NA,La Belleza,NA,NA,Municipio,Municipality,NA,CO.ST.LB,952
COL.28.46_2,COL,Colombia,COL.28_2,Santander,NA,La Paz,NA,NA,Municipio,Municipality,NA,CO.CE.RO,953
COL.28.47_2,COL,Colombia,COL.28_2,Santander,NA,Landázuri,NA,NA,Municipio,Municipality,NA,CO.ST.LN,954
COL.28.48_2,COL,Colombia,COL.28_2,Santander,NA,Lebríja,NA,NA,Municipio,Municipality,NA,CO.ST.LE,955
COL.28.49_2,COL,Colombia,COL.28_2,Santander,NA,Los Santos,NA,NA,Municipio,Municipality,NA,CO.ST.LS,956
COL.28.50_2,COL,Colombia,COL.28_2,Santander,NA,Macaravita,NA,NA,Municipio,Municipality,NA,CO.ST.MC,957
COL.28.51_2,COL,Colombia,COL.28_2,Santander,NA,Málaga,NA,NA,Municipio,Municipality,NA,CO.ST.MA,958
COL.28.52_2,COL,Colombia,COL.28_2,Santander,NA,Matanza,NA,NA,Municipio,Municipality,NA,CO.ST.MZ,959
COL.28.53_2,COL,Colombia,COL.28_2,Santander,NA,Mogotes,NA,NA,Municipio,Municipality,NA,CO.ST.MG,960
COL.28.54_2,COL,Colombia,COL.28_2,Santander,NA,Molagavita,NA,NA,Municipio,Municipality,NA,CO.ST.MO,961
COL.28.55_2,COL,Colombia,COL.28_2,Santander,NA,Ocamonte,NA,NA,Municipio,Municipality,NA,CO.ST.OC,962
COL.28.56_2,COL,Colombia,COL.28_2,Santander,NA,Oiba,NA,NA,Municipio,Municipality,NA,CO.ST.OI,963
COL.28.57_2,COL,Colombia,COL.28_2,Santander,NA,Onzaga,NA,NA,Municipio,Municipality,NA,CO.ST.ON,964
COL.28.58_2,COL,Colombia,COL.28_2,Santander,NA,Palmar,NA,NA,Municipio,Municipality,NA,CO.ST.PL,965
COL.28.59_2,COL,Colombia,COL.28_2,Santander,NA,Palmas del Socorro,Palmas Del Socor,NA,Municipio,Municipality,NA,CO.ST.PS,966
COL.28.60_2,COL,Colombia,COL.28_2,Santander,NA,Páramo,NA,NA,Municipio,Municipality,NA,CO.ST.PR,967
COL.28.61_2,COL,Colombia,COL.28_2,Santander,NA,Piedecuesta,NA,NA,Municipio,Municipality,NA,CO.ST.PD,968
COL.28.62_2,COL,Colombia,COL.28_2,Santander,NA,Pinchote,NA,NA,Municipio,Municipality,NA,CO.ST.PI,969
COL.28.63_2,COL,Colombia,COL.28_2,Santander,NA,Puente Nacional,NA,NA,Municipio,Municipality,NA,CO.ST.PN,970
COL.28.64_2,COL,Colombia,COL.28_2,Santander,NA,Puerto Parra,NA,NA,Municipio,Municipality,NA,CO.ST.PP,971
COL.28.65_2,COL,Colombia,COL.28_2,Santander,NA,Puerto Wilches,NA,NA,Municipio,Municipality,NA,CO.ST.PW,972
COL.28.66_2,COL,Colombia,COL.28_2,Santander,NA,Rionegro,NA,NA,Municipio,Municipality,NA,CO.AN.RI,973
COL.28.67_2,COL,Colombia,COL.28_2,Santander,NA,Sabana de Torres,NA,NA,Municipio,Municipality,NA,CO.ST.ST,974
COL.28.68_2,COL,Colombia,COL.28_2,Santander,NA,San Andrés de Cuerquia,San Andres|San Andrés,NA,Municipio,Municipality,NA,CO.AN.SA,975
COL.28.69_2,COL,Colombia,COL.28_2,Santander,NA,San Benito,NA,NA,Municipio,Municipality,NA,CO.ST.SN,976
COL.28.70_2,COL,Colombia,COL.28_2,Santander,NA,San Gil,NA,NA,Municipio,Municipality,NA,CO.ST.SG,977
COL.28.71_2,COL,Colombia,COL.28_2,Santander,NA,San Joaquín,NA,NA,Municipio,Municipality,NA,CO.ST.SQ,978
COL.28.72_2,COL,Colombia,COL.28_2,Santander,NA,San José de Miranda,San Jose Miranda,NA,Municipio,Municipality,NA,CO.ST.SJ,979
COL.28.73_2,COL,Colombia,COL.28_2,Santander,NA,San Miguel,NA,NA,Municipio,Municipality,NA,CO.ST.SM,980
COL.28.74_2,COL,Colombia,COL.28_2,Santander,NA,San Vicente de Chucurí,NA,NA,Municipio,Municipality,NA,CO.ST.SV,981
COL.28.75_2,COL,Colombia,COL.28_2,Santander,NA,Santa Bárbara,NA,NA,Municipio,Municipality,NA,CO.AN.SB,982
COL.28.76_2,COL,Colombia,COL.28_2,Santander,NA,Santa Helena del Opón,Santa Helena,NA,Municipio,Municipality,NA,CO.ST.SH,983
COL.28.77_2,COL,Colombia,COL.28_2,Santander,NA,Simacota,NA,NA,Municipio,Municipality,NA,CO.ST.SI,984
COL.28.78_2,COL,Colombia,COL.28_2,Santander,NA,Socorro,NA,NA,Municipio,Municipality,NA,CO.ST.SO,985
COL.28.79_2,COL,Colombia,COL.28_2,Santander,NA,Suaita,NA,NA,Municipio,Municipality,NA,CO.ST.SU,986
COL.28.80_2,COL,Colombia,COL.28_2,Santander,NA,Sucre,NA,NA,Municipio,Municipality,NA,CO.ST.SU,987
COL.28.81_2,COL,Colombia,COL.28_2,Santander,NA,Suratá,NA,NA,Municipio,Municipality,NA,CO.ST.SR,988
COL.28.82_2,COL,Colombia,COL.28_2,Santander,NA,Tona,NA,NA,Municipio,Municipality,NA,CO.ST.TO,989
COL.28.83_2,COL,Colombia,COL.28_2,Santander,NA,Valle de San José,NA,NA,Municipio,Municipality,NA,CO.ST.VS,990
COL.28.84_2,COL,Colombia,COL.28_2,Santander,NA,Vélez,NA,NA,Municipio,Municipality,NA,CO.ST.VZ,991
COL.28.85_2,COL,Colombia,COL.28_2,Santander,NA,Vetas,NA,NA,Municipio,Municipality,NA,CO.ST.VT,992
COL.28.86_2,COL,Colombia,COL.28_2,Santander,NA,Villanueva,NA,NA,Municipio,Municipality,NA,CO.BL.VN,993
COL.28.87_2,COL,Colombia,COL.28_2,Santander,NA,Zapatoca,NA,NA,Municipio,Municipality,NA,CO.ST.ZA,994
COL.29.1_2,COL,Colombia,COL.29_2,Sucre,NA,Buenavista,NA,NA,Municipio,Municipality,NA,CO.BY.BU,995
COL.29.2_2,COL,Colombia,COL.29_2,Sucre,NA,Caimito,NA,NA,Municipio,Municipality,NA,CO.SU.CA,996
COL.29.3_2,COL,Colombia,COL.29_2,Sucre,NA,Chalán,NA,NA,Municipio,Municipality,NA,CO.SU.CH,997
COL.29.4_2,COL,Colombia,COL.29_2,Sucre,NA,Colosó,NA,NA,Municipio,Municipality,NA,CO.SU.CS,998
COL.29.5_2,COL,Colombia,COL.29_2,Sucre,NA,Corozal,NA,NA,Municipio,Municipality,NA,CO.SU.CZ,999
COL.29.6_2,COL,Colombia,COL.29_2,Sucre,NA,Coveñas,NA,NA,Municipio,Municipality,NA,CO.SU.CO,1000
COL.29.7_2,COL,Colombia,COL.29_2,Sucre,NA,El Roble,NA,NA,Municipio,Municipality,NA,CO.SU.ER,1001
COL.29.8_2,COL,Colombia,COL.29_2,Sucre,NA,Galeras,NA,NA,Municipio,Municipality,NA,CO.SU.GA,1002
COL.29.9_2,COL,Colombia,COL.29_2,Sucre,NA,Guarandá,NA,NA,Municipio,Municipality,NA,CO.SU.GU,1003
COL.29.10_2,COL,Colombia,COL.29_2,Sucre,NA,La Unión de Sucre,La Unión,NA,Municipio,Municipality,NA,CO.AN.LU,1004
COL.29.11_2,COL,Colombia,COL.29_2,Sucre,NA,Los Palmitos,NA,NA,Municipio,Municipality,NA,CO.SU.LP,1005
COL.29.12_2,COL,Colombia,COL.29_2,Sucre,NA,Majagual,NA,NA,Municipio,Municipality,NA,CO.SU.MA,1006
COL.29.13_2,COL,Colombia,COL.29_2,Sucre,NA,Morroa,NA,NA,Municipio,Municipality,NA,CO.SU.MO,1007
COL.29.14_2,COL,Colombia,COL.29_2,Sucre,NA,Ovejas,NA,NA,Municipio,Municipality,NA,CO.SU.OV,1008
COL.29.15_2,COL,Colombia,COL.29_2,Sucre,NA,Sampués,NA,NA,Municipio,Municipality,NA,CO.SU.SA,1009
COL.29.16_2,COL,Colombia,COL.29_2,Sucre,NA,San Antonio de Palmito,Palmito,NA,Municipio,Municipality,NA,CO.SU.PA,1010
COL.29.17_2,COL,Colombia,COL.29_2,Sucre,NA,San Benito Abad,NA,NA,Municipio,Municipality,NA,CO.SU.SB,1011
COL.29.18_2,COL,Colombia,COL.29_2,Sucre,NA,San Juan de Betulia,San Juan De Betu,NA,Municipio,Municipality,NA,CO.SU.SJ,1012
COL.29.19_2,COL,Colombia,COL.29_2,Sucre,NA,San Marcos,NA,NA,Municipio,Municipality,NA,CO.SU.SM,1013
COL.29.20_2,COL,Colombia,COL.29_2,Sucre,NA,San Onofre,NA,NA,Municipio,Municipality,NA,CO.SU.SO,1014
COL.29.21_2,COL,Colombia,COL.29_2,Sucre,NA,San Pedro,NA,NA,Municipio,Municipality,NA,CO.SU.SP,1015
COL.29.22_2,COL,Colombia,COL.29_2,Sucre,NA,Sincé,NA,NA,Municipio,Municipality,NA,CO.SU.SI,1016
COL.29.23_2,COL,Colombia,COL.29_2,Sucre,NA,Sincelejo,NA,NA,Municipio,Municipality,NA,CO.SU.SL,1017
COL.29.24_2,COL,Colombia,COL.29_2,Sucre,NA,Sucre,NA,NA,Municipio,Municipality,NA,CO.ST.SU,1018
COL.29.25_2,COL,Colombia,COL.29_2,Sucre,NA,Tolú,Tolé,NA,Municipio,Municipality,NA,CO.SU.TO,1019
COL.29.26_2,COL,Colombia,COL.29_2,Sucre,NA,Toluviejo,NA,NA,Municipio,Municipality,NA,CO.SU.TV,1020
COL.30.1_2,COL,Colombia,COL.30_2,Tolima,NA,Alpujarra,NA,NA,Municipio,Municipality,NA,CO.TO.AJ,1021
COL.30.2_2,COL,Colombia,COL.30_2,Tolima,NA,Alvarado,NA,NA,Municipio,Municipality,NA,CO.TO.AV,1022
COL.30.3_2,COL,Colombia,COL.30_2,Tolima,NA,Ambalema,NA,NA,Municipio,Municipality,NA,CO.TO.AM,1023
COL.30.4_2,COL,Colombia,COL.30_2,Tolima,NA,Anzoátegui,NA,NA,Municipio,Municipality,NA,CO.TO.AN,1024
COL.30.5_2,COL,Colombia,COL.30_2,Tolima,NA,Armero,NA,NA,Municipio,Municipality,NA,CO.TO.AR,1025
COL.30.6_2,COL,Colombia,COL.30_2,Tolima,NA,Ataco,NA,NA,Municipio,Municipality,NA,CO.TO.AT,1026
COL.30.7_2,COL,Colombia,COL.30_2,Tolima,NA,Cajamarca,NA,NA,Municipio,Municipality,NA,CO.TO.CJ,1027
COL.30.8_2,COL,Colombia,COL.30_2,Tolima,NA,Carmen de Apicalá,NA,NA,Municipio,Municipality,NA,CO.TO.CA,1028
COL.30.9_2,COL,Colombia,COL.30_2,Tolima,NA,Casabianca,NA,NA,Municipio,Municipality,NA,CO.TO.CB,1029
COL.30.10_2,COL,Colombia,COL.30_2,Tolima,NA,Chaparral,NA,NA,Municipio,Municipality,NA,CO.TO.CH,1030
COL.30.11_2,COL,Colombia,COL.30_2,Tolima,NA,Coello,NA,NA,Municipio,Municipality,NA,CO.TO.CL,1031
COL.30.12_2,COL,Colombia,COL.30_2,Tolima,NA,Coyaima,NA,NA,Municipio,Municipality,NA,CO.TO.CY,1032
COL.30.13_2,COL,Colombia,COL.30_2,Tolima,NA,Cunday,NA,NA,Municipio,Municipality,NA,CO.TO.CU,1033
COL.30.14_2,COL,Colombia,COL.30_2,Tolima,NA,Dolores,NA,NA,Municipio,Municipality,NA,CO.TO.DO,1034
COL.30.15_2,COL,Colombia,COL.30_2,Tolima,NA,Espinal,NA,NA,Municipio,Municipality,NA,CO.TO.ES,1035
COL.30.16_2,COL,Colombia,COL.30_2,Tolima,NA,Falán,NA,NA,Municipio,Municipality,NA,CO.TO.FA,1036
COL.30.17_2,COL,Colombia,COL.30_2,Tolima,NA,Flandes,NA,NA,Municipio,Municipality,NA,CO.TO.FL,1037
COL.30.18_2,COL,Colombia,COL.30_2,Tolima,NA,Fresno,NA,NA,Municipio,Municipality,NA,CO.TO.FR,1038
COL.30.19_2,COL,Colombia,COL.30_2,Tolima,NA,Guamo,NA,NA,Municipio,Municipality,NA,CO.TO.GU,1039
COL.30.20_2,COL,Colombia,COL.30_2,Tolima,NA,Herveo,NA,NA,Municipio,Municipality,NA,CO.TO.HE,1040
COL.30.21_2,COL,Colombia,COL.30_2,Tolima,NA,Honda,NA,NA,Municipio,Municipality,NA,CO.TO.HO,1041
COL.30.22_2,COL,Colombia,COL.30_2,Tolima,NA,Ibagué,NA,NA,Municipio,Municipality,NA,CO.TO.IB,1042
COL.30.23_2,COL,Colombia,COL.30_2,Tolima,NA,Icononzo,NA,NA,Municipio,Municipality,NA,CO.TO.IC,1043
COL.30.24_2,COL,Colombia,COL.30_2,Tolima,NA,Lérida,NA,NA,Municipio,Municipality,NA,CO.TO.LE,1044
COL.30.25_2,COL,Colombia,COL.30_2,Tolima,NA,Líbano,NA,NA,Municipio,Municipality,NA,CO.TO.LI,1045
COL.30.26_2,COL,Colombia,COL.30_2,Tolima,NA,Melgar,NA,NA,Municipio,Municipality,NA,CO.TO.ME,1046
COL.30.27_2,COL,Colombia,COL.30_2,Tolima,NA,Murillo,NA,NA,Municipio,Municipality,NA,CO.TO.MU,1047
COL.30.28_2,COL,Colombia,COL.30_2,Tolima,NA,Natagaima,NA,NA,Municipio,Municipality,NA,CO.TO.NA,1048
COL.30.29_2,COL,Colombia,COL.30_2,Tolima,NA,Ortega,NA,NA,Municipio,Municipality,NA,CO.TO.OR,1049
COL.30.30_2,COL,Colombia,COL.30_2,Tolima,NA,Palo Cabildo,Palocabildo,NA,Municipio,Municipality,NA,CO.TO.PA,1050
COL.30.31_2,COL,Colombia,COL.30_2,Tolima,NA,Piedras,NA,NA,Municipio,Municipality,NA,CO.TO.PI,1051
COL.30.32_2,COL,Colombia,COL.30_2,Tolima,NA,Planadas,NA,NA,Municipio,Municipality,NA,CO.TO.PL,1052
COL.30.33_2,COL,Colombia,COL.30_2,Tolima,NA,Prado,NA,NA,Municipio,Municipality,NA,CO.TO.PR,1053
COL.30.34_2,COL,Colombia,COL.30_2,Tolima,NA,Purificación,NA,NA,Municipio,Municipality,NA,CO.TO.PU,1054
COL.30.35_2,COL,Colombia,COL.30_2,Tolima,NA,Rioblanco,NA,NA,Municipio,Municipality,NA,CO.TO.RI,1055
COL.30.36_2,COL,Colombia,COL.30_2,Tolima,NA,Roncesvalles,NA,NA,Municipio,Municipality,NA,CO.TO.RC,1056
COL.30.37_2,COL,Colombia,COL.30_2,Tolima,NA,Rovira,NA,NA,Municipio,Municipality,NA,CO.TO.RR,1057
COL.30.38_2,COL,Colombia,COL.30_2,Tolima,NA,Saldaña,NA,NA,Municipio,Municipality,NA,CO.TO.SD,1058
COL.30.39_2,COL,Colombia,COL.30_2,Tolima,NA,San Antonio,NA,NA,Municipio,Municipality,NA,CO.TO.SA,1059
COL.30.40_2,COL,Colombia,COL.30_2,Tolima,NA,San Luís,NA,NA,Municipio,Municipality,NA,CO.TO.SL,1060
COL.30.41_2,COL,Colombia,COL.30_2,Tolima,NA,San Sebastian de Mariquita,Mariquita,NA,Municipio,Municipality,NA,CO.TO.MA,1061
COL.30.42_2,COL,Colombia,COL.30_2,Tolima,NA,Santa Isabel,NA,NA,Municipio,Municipality,NA,CO.TO.SI,1062
COL.30.43_2,COL,Colombia,COL.30_2,Tolima,NA,Suárez,NA,NA,Municipio,Municipality,NA,CO.CA.SU,1063
COL.30.44_2,COL,Colombia,COL.30_2,Tolima,NA,Valle de San Juan,NA,NA,Municipio,Municipality,NA,CO.TO.VS,1064
COL.30.45_2,COL,Colombia,COL.30_2,Tolima,NA,Venadillo,NA,NA,Municipio,Municipality,NA,CO.TO.VE,1065
COL.30.46_2,COL,Colombia,COL.30_2,Tolima,NA,Villahermosa,Villa Hermosa,NA,Municipio,Municipality,NA,CO.TO.VH,1066
COL.30.47_2,COL,Colombia,COL.30_2,Tolima,NA,Villarrica,NA,NA,Municipio,Municipality,NA,CO.TO.VR,1067
COL.31.1_2,COL,Colombia,COL.31_2,Valle del Cauca,NA,Alcalá,NA,NA,Municipio,Municipality,NA,CO.VC.AL,1068
COL.31.2_2,COL,Colombia,COL.31_2,Valle del Cauca,NA,Andalucía,NA,NA,Municipio,Municipality,NA,CO.VC.AD,1069
COL.31.3_2,COL,Colombia,COL.31_2,Valle del Cauca,NA,Ansermanuevo,NA,NA,Municipio,Municipality,NA,CO.VC.AN,1070
COL.31.4_2,COL,Colombia,COL.31_2,Valle del Cauca,NA,Argelia,NA,NA,Municipio,Municipality,NA,CO.AN.AG,1071
COL.31.5_2,COL,Colombia,COL.31_2,Valle del Cauca,NA,Bolívar,NA,NA,Municipio,Municipality,NA,CO.AN.BO,1072
COL.31.6_2,COL,Colombia,COL.31_2,Valle del Cauca,NA,Buenaventura,NA,NA,Municipio,Municipality,NA,CO.VC.BV,1073
COL.31.7_2,COL,Colombia,COL.31_2,Valle del Cauca,NA,Bugalagrande,NA,NA,Municipio,Municipality,NA,CO.VC.BG,1074
COL.31.8_2,COL,Colombia,COL.31_2,Valle del Cauca,NA,Caicedonia,NA,NA,Municipio,Municipality,NA,CO.VC.CC,1075
COL.31.9_2,COL,Colombia,COL.31_2,Valle del Cauca,NA,Calima,NA,NA,Municipio,Municipality,NA,CO.VC.CM,1076
COL.31.10_2,COL,Colombia,COL.31_2,Valle del Cauca,NA,Candelaria,NA,NA,Municipio,Municipality,NA,CO.AT.CA,1077
COL.31.11_2,COL,Colombia,COL.31_2,Valle del Cauca,NA,Cartago,NA,NA,Municipio,Municipality,NA,CO.VC.CR,1078
COL.31.12_2,COL,Colombia,COL.31_2,Valle del Cauca,NA,Dagua,NA,NA,Municipio,Municipality,NA,CO.VC.DA,1079
COL.31.13_2,COL,Colombia,COL.31_2,Valle del Cauca,NA,El Águila,NA,NA,Municipio,Municipality,NA,CO.VC.EA,1080
COL.31.14_2,COL,Colombia,COL.31_2,Valle del Cauca,NA,El Cairo,NA,NA,Municipio,Municipality,NA,CO.VC.EC,1081
COL.31.15_2,COL,Colombia,COL.31_2,Valle del Cauca,NA,El Cerrito,NA,NA,Municipio,Municipality,NA,CO.VC.ET,1082
COL.31.16_2,COL,Colombia,COL.31_2,Valle del Cauca,NA,El Dovio,NA,NA,Municipio,Municipality,NA,CO.VC.ED,1083
COL.31.17_2,COL,Colombia,COL.31_2,Valle del Cauca,NA,Florida,NA,NA,Municipio,Municipality,NA,CO.VC.FL,1084
COL.31.18_2,COL,Colombia,COL.31_2,Valle del Cauca,NA,Ginebra,NA,NA,Municipio,Municipality,NA,CO.VC.GI,1085
COL.31.19_2,COL,Colombia,COL.31_2,Valle del Cauca,NA,Guacarí,NA,NA,Municipio,Municipality,NA,CO.VC.GU,1086
COL.31.20_2,COL,Colombia,COL.31_2,Valle del Cauca,NA,Guadalajara de Buga,Buga,NA,Municipio,Municipality,NA,CO.VC.BU,1087
COL.31.21_2,COL,Colombia,COL.31_2,Valle del Cauca,NA,Jamundí,NA,NA,Municipio,Municipality,NA,CO.VC.JA,1088
COL.31.22_2,COL,Colombia,COL.31_2,Valle del Cauca,NA,La Cumbre,NA,NA,Municipio,Municipality,NA,CO.VC.LC,1089
COL.31.23_2,COL,Colombia,COL.31_2,Valle del Cauca,NA,La Unión,NA,NA,Municipio,Municipality,NA,CO.VC.LU,1090
COL.31.24_2,COL,Colombia,COL.31_2,Valle del Cauca,NA,La Victoria,NA,NA,Corregimiento Departamental,Corregimiento Departamental,NA,CO.BY.LV,1091
COL.31.25_2,COL,Colombia,COL.31_2,Valle del Cauca,NA,Obando,NA,NA,Municipio,Municipality,NA,CO.VC.OB,1092
COL.31.26_2,COL,Colombia,COL.31_2,Valle del Cauca,NA,Palmira,NA,NA,Municipio,Municipality,NA,CO.VC.PA,1093
COL.31.27_2,COL,Colombia,COL.31_2,Valle del Cauca,NA,Pradera,NA,NA,Municipio,Municipality,NA,CO.VC.PR,1094
COL.31.28_2,COL,Colombia,COL.31_2,Valle del Cauca,NA,Restrepo,NA,NA,Municipio,Municipality,NA,CO.ME.RE,1095
COL.31.29_2,COL,Colombia,COL.31_2,Valle del Cauca,NA,Riofrío,NA,NA,Municipio,Municipality,NA,CO.VC.RI,1096
COL.31.30_2,COL,Colombia,COL.31_2,Valle del Cauca,NA,Roldanillo,NA,NA,Municipio,Municipality,NA,CO.VC.RO,1097
COL.31.31_2,COL,Colombia,COL.31_2,Valle del Cauca,NA,San Pedro,NA,NA,Municipio,Municipality,NA,CO.SU.SP,1098
COL.31.32_2,COL,Colombia,COL.31_2,Valle del Cauca,NA,Santiago de Cali,Cali,NA,Municipio,Municipality,NA,CO.VC.CL,1099
COL.31.33_2,COL,Colombia,COL.31_2,Valle del Cauca,NA,Sevilla,NA,NA,Municipio,Municipality,NA,CO.VC.SE,1100
COL.31.34_2,COL,Colombia,COL.31_2,Valle del Cauca,NA,Toro,NA,NA,Municipio,Municipality,NA,CO.VC.TO,1101
COL.31.35_2,COL,Colombia,COL.31_2,Valle del Cauca,NA,Trujillo,NA,NA,Municipio,Municipality,NA,CO.VC.TR,1102
COL.31.36_2,COL,Colombia,COL.31_2,Valle del Cauca,NA,Tuluá,NA,NA,Municipio,Municipality,NA,CO.VC.TU,1103
COL.31.37_2,COL,Colombia,COL.31_2,Valle del Cauca,NA,Ulloa,NA,NA,Municipio,Municipality,NA,CO.VC.UL,1104
COL.31.38_2,COL,Colombia,COL.31_2,Valle del Cauca,NA,Versalles,NA,NA,Municipio,Municipality,NA,CO.VC.VE,1105
COL.31.39_2,COL,Colombia,COL.31_2,Valle del Cauca,NA,Vijes,NA,NA,Municipio,Municipality,NA,CO.VC.VI,1106
COL.31.40_2,COL,Colombia,COL.31_2,Valle del Cauca,NA,Yotoco,NA,NA,Municipio,Municipality,NA,CO.VC.YO,1107
COL.31.41_2,COL,Colombia,COL.31_2,Valle del Cauca,NA,Yumbo,NA,NA,Municipio,Municipality,NA,CO.VC.YU,1108
COL.31.42_2,COL,Colombia,COL.31_2,Valle del Cauca,NA,Zarzal,NA,NA,Municipio,Municipality,NA,CO.VC.ZA,1109
COL.32.1_2,COL,Colombia,COL.32_2,Vaupés,NA,Carurú,Caruré,NA,Municipio,Municipality,NA,CO.VP.CA,1110
COL.32.2_2,COL,Colombia,COL.32_2,Vaupés,NA,Mitú,Mité,NA,Municipio,Municipality,NA,CO.VP.MI,1111
COL.32.3_2,COL,Colombia,COL.32_2,Vaupés,NA,Pacoa,NA,NA,Corregimiento Departamental,Corregimiento Departamental,NA,CO.VP.PC,1112
COL.32.4_2,COL,Colombia,COL.32_2,Vaupés,NA,Papunahua,NA,NA,Corregimiento Departamental,Corregimiento Departamental,NA,CO.VP.PP,1113
COL.32.5_2,COL,Colombia,COL.32_2,Vaupés,NA,Taraira,NA,NA,Municipio,Municipality,NA,CO.VP.TA,1114
COL.32.6_2,COL,Colombia,COL.32_2,Vaupés,NA,Yavaraté,NA,NA,Corregimiento Departamental,Corregimiento Departamental,NA,CO.VP.YA,1115
COL.33.1_2,COL,Colombia,COL.33_2,Vichada,NA,Cumaribo,NA,NA,Municipio,Municipality,NA,CO.VD.CU,1116
COL.33.2_2,COL,Colombia,COL.33_2,Vichada,NA,La Primavera,NA,NA,Municipio,Municipality,NA,CO.VD.LP,1117
COL.33.3_2,COL,Colombia,COL.33_2,Vichada,NA,Puerto Carreño,NA,NA,Municipio,Municipality,NA,CO.VD.PC,1118
COL.33.4_2,COL,Colombia,COL.33_2,Vichada,NA,Santa Rosalía,NA,NA,Municipio,Municipality,NA,CO.VD.SR,1119
