"","day","year","arauca","arauquita","cravo_norte","fortul","puerto_rondon","saravena","tame"
"1",1,1981,0,0,0,0.08,0,0.03,0.17
"2",2,1981,0,0.14,0,0.34,0,1.75,0.13
"3",3,1981,0.04,0.27,0,0.03,0.14,0.02,0.11
"4",4,1981,0.02,1.69,0,2.09,0.08,2.38,0.84
"5",5,1981,0,0.02,0,1.21,0,0.9,0.68
"6",6,1981,0.57,0.03,0.94,0.24,0.04,0.11,0.16
"7",7,1981,2.7,1.35,3.06,0.99,1.83,1.11,0.6
"8",8,1981,0.94,0.73,1.35,1.55,0.32,1.64,0.87
"9",9,1981,0.45,0.32,0.92,0.77,0.21,0.67,0.51
"10",10,1981,0.6,0.09,1.71,0.28,0.09,0.21,0.22
"11",11,1981,0.18,0.32,0.07,0.36,0.21,0.23,0.37
"12",12,1981,0.03,0.04,0.03,0.05,0.03,0.06,0.05
"13",13,1981,0.05,1.22,0,1.4,0.22,2,0.86
"14",14,1981,0.05,0.08,0.02,0.78,0.1,0.59,0.39
"15",15,1981,0.01,0.02,0,0.09,0.01,0.06,0.07
"16",16,1981,0.01,0.2,0,0.31,0.03,0.48,0.22
"17",17,1981,0.01,0.6,0,1.02,0.07,0.94,0.44
"18",18,1981,0.01,0.2,0,0.98,0.03,0.94,0.36
"19",19,1981,0.01,0.21,0,0.14,0.03,0.4,0.16
"20",20,1981,0.01,0.2,0,0.03,0.03,0.28,0.08
"21",21,1981,0,0,0,0.03,0,0.01,0.12
"22",22,1981,0,0,0,0.1,0,0.02,0.18
"23",23,1981,0,0.02,0,0.61,0,0.33,0.35
"24",24,1981,0,0,0,0.46,0,0.15,0.29
"25",25,1981,0,0,0,0.27,0,0.09,0.27
"26",26,1981,0,0,0,0.28,0,0.49,0.52
"27",27,1981,0,0,0,0.14,0,0.36,0.26
"28",28,1981,0,0,0,1.59,0,1.6,0.63
"29",29,1981,0,0,0,1.88,0.01,1.86,1.76
"30",30,1981,0,0,0,0.02,0,0.32,0.17
"31",31,1981,0.05,2.19,0,2.24,0.15,3.81,1.06
"32",32,1981,0,0.3,0,1.18,0.01,1.59,0.54
"33",33,1981,0.01,0.36,0,0.68,0.04,0.95,0.21
"34",34,1981,0,0.01,0,0.35,0,0.2,0.19
"35",35,1981,0,0,0,0.05,0,0.05,0.05
"36",36,1981,0,0,0,0.06,0,0.02,0.04
"37",37,1981,0.02,0.07,0.02,0.09,0.05,0.05,0.05
"38",38,1981,0.07,1.78,0.02,2.37,0.26,5.41,0.67
"39",39,1981,0,0.08,0,1.48,0,1.99,0.7
"40",40,1981,0,0,0,1.27,0,1.11,0.35
"41",41,1981,0,0.07,0.01,0.4,0.03,0.42,0.14
"42",42,1981,0.15,1.1,0.11,1.7,0.58,1.85,0.57
"43",43,1981,0.04,0.21,0,0.27,0.04,0.13,0.21
"44",44,1981,0,0.21,0,2.13,0,2.82,0.55
"45",45,1981,0.01,0.24,0,2.99,0,3.22,0.9
"46",46,1981,0.22,0.23,0.41,3.93,0.33,2.3,1.36
"47",47,1981,0.5,0.39,0.51,4.55,0.28,3.23,4.57
"48",48,1981,3.78,4.24,4.39,4.04,4.15,4.92,4.94
"49",49,1981,3.03,4.63,3.52,4.15,4.42,5.88,3.06
"50",50,1981,4.4,5.19,5.71,7.16,5.91,9.03,5.34
"51",51,1981,7.89,5.63,12.14,5.64,11.88,6.23,6.9
"52",52,1981,9.24,6.13,8.58,8.63,9.46,5.55,8.74
"53",53,1981,5.43,15.59,5.5,21,9.33,23.51,14.42
"54",54,1981,9.3,21.26,9.57,39.07,10.43,38.35,17.91
"55",55,1981,20.72,25,17.85,26.25,30.97,16.7,27.75
"56",56,1981,18.22,31.83,19.39,23.01,29.05,22.97,18.49
"57",57,1981,7.72,15.79,6.66,13.66,4.97,18.08,8.15
"58",58,1981,10.42,26.92,7.98,36.97,8.36,50.76,25.34
"59",59,1981,3.69,8.68,3.38,21.64,1.47,30.27,10.75
"60",60,1981,7.53,9.53,7.9,6.85,9.48,8.47,6.76
"61",61,1981,7.2,12.83,5.4,11.2,6.8,14.47,9.77
"62",62,1981,4.46,5.35,6.64,9.63,3.18,14.97,6.4
"63",63,1981,6.79,18.52,2.48,13.61,10.27,20.85,11.22
"64",64,1981,18.64,23.43,16.49,20.76,18.03,26.52,13.56
"65",65,1981,5.49,7.48,5.44,10.42,3.9,9.86,7.02
"66",66,1981,1.54,4.84,0.85,4.16,2.76,2.86,4.59
"67",67,1981,2.03,1.4,4.11,3.02,1.75,2.12,2.17
"68",68,1981,7.01,2.42,7.59,2.18,2.66,1.39,2.04
"69",69,1981,2.58,5.06,2.05,4.6,3.23,4.07,5.44
"70",70,1981,1.07,0.9,1.52,2.34,0.4,1.93,1.92
"71",71,1981,1.76,1.85,1.01,1.54,1.65,0.93,1.11
"72",72,1981,0,0.15,0,1.14,0.03,0.74,0.62
"73",73,1981,0,0,0,0.22,0,0.1,0.98
"74",74,1981,0.22,0.37,0.11,1.49,0.18,1.78,1.67
"75",75,1981,0.03,0.25,0.03,0.78,0.02,0.95,0.24
"76",76,1981,0.03,0.01,0.03,0.24,0.02,0.22,0.05
"77",77,1981,0.03,0.08,0.03,0.18,0.02,0.15,0.06
"78",78,1981,0.03,0,0.03,0.17,0.02,0.13,0.05
"79",79,1981,0.03,0.01,0.03,0.24,0.02,0.36,0.07
"80",80,1981,0.62,1.3,0.52,0.35,0.36,0.29,0.33
"81",81,1981,3,3.34,4.08,4.11,3.34,3.87,2.81
"82",82,1981,0.25,0.12,0.61,1.24,0.12,0.9,0.33
"83",83,1981,0.36,0.36,0.03,1.73,0.1,3.22,1.06
"84",84,1981,0.05,0.4,0.1,1.35,0.54,1.14,0.5
"85",85,1981,0.2,0.21,0.23,0.56,0.04,0.66,0.49
"86",86,1981,0.01,0.07,0,0.46,0.01,1.04,0.22
"87",87,1981,0.01,0,0,0.07,0,0.05,0.1
"88",88,1981,0.01,0,0,0.02,0,0.02,0.06
"89",89,1981,0.02,0.05,0,0.17,0,0.16,0.18
"90",90,1981,3.68,1.19,3.62,0.12,0.63,0.04,0.27
"91",91,1981,0.13,0.08,0.13,0.32,0.15,0.32,0.22
"92",92,1981,0,0.01,0.01,1,0,0.82,0.61
"93",93,1981,0.4,0.23,0.45,0.23,0.4,0.3,0.31
"94",94,1981,7.58,5.63,4,6.39,9.42,12.55,5.5
"95",95,1981,16.89,7.97,19.03,12.12,19.19,22.6,8.56
"96",96,1981,2.46,6.93,0.74,7.05,0.82,7.94,5.3
"97",97,1981,1.91,4.51,1.87,7.37,2.04,9.61,4.1
"98",98,1981,25.25,17.48,23.4,8.93,20.61,9.76,8.7
"99",99,1981,13.62,16.57,10.68,8.11,12.6,15.18,7.38
"100",100,1981,2.03,4.68,2.16,9.27,1.6,9.94,9.43
"101",101,1981,4.98,3.88,7.43,6.73,7.68,11.04,4.19
"102",102,1981,7.9,11.25,7.86,15.36,8.84,19.23,12.81
"103",103,1981,15,18.42,19.88,19.02,16.89,25.19,18.45
"104",104,1981,10.01,11.48,10.49,19.21,10.8,22.13,18.66
"105",105,1981,6.77,11.24,9.44,21.67,8.94,26.73,15.59
"106",106,1981,7.63,14.22,9.11,13.84,8.19,13.04,12.3
"107",107,1981,28.25,28.29,36.82,32.26,28.38,44.99,25.25
"108",108,1981,21.66,16.53,25.05,13.49,28.92,15.31,13.92
"109",109,1981,13.93,16.13,14.87,16.27,16.81,18.53,17.69
"110",110,1981,12.03,15.52,12.29,26.52,12.37,38.97,21.09
"111",111,1981,7.43,11.33,7.19,38.98,19.95,30.23,36.02
"112",112,1981,12.7,17.65,12.39,31.87,22.15,24.53,30.75
"113",113,1981,5.16,13.12,4.59,25.69,9.15,20.16,21.87
"114",114,1981,4.84,9.57,4.8,18.16,4.95,16.46,13.32
"115",115,1981,6.65,13.33,6.87,25.7,12.17,23.04,12.72
"116",116,1981,15.88,9.94,19.49,11.51,11.54,16.22,8.44
"117",117,1981,20.45,16.87,21.49,19.67,22.97,27.86,17.43
"118",118,1981,8.13,7.55,8,8.9,6.93,9.95,10.92
"119",119,1981,9.49,4.08,10.37,5.98,6.74,4.46,10.5
"120",120,1981,16.19,10.62,17.25,13.32,17.87,11.37,19.6
"121",121,1981,13.61,11.19,14.26,15.35,19.73,10.94,23.53
"122",122,1981,9.17,7.17,9.78,15.21,8.48,10.97,22.27
"123",123,1981,9.02,17.47,6.85,37.22,12.84,42.44,26.37
"124",124,1981,6.24,8.54,8.31,7.78,9.23,5.32,10.5
"125",125,1981,13.84,9.99,12.65,8.11,15.64,6.31,11.66
"126",126,1981,6.03,12.24,7.16,20.86,6.69,26.72,9.83
"127",127,1981,7.35,10.35,7.6,28.96,6.06,40.38,13.4
"128",128,1981,4.74,4.3,6.43,12.28,3.03,10.11,15.69
"129",129,1981,13.31,14.2,14.32,10.51,10.57,12.4,14.68
"130",130,1981,8.9,13.95,10.02,15.05,6.52,17.71,15.65
"131",131,1981,9.14,15.51,12.52,10.66,8.51,11.78,11.42
"132",132,1981,13.87,14.21,15.49,6.88,9.24,7,7.65
"133",133,1981,11.46,10.63,16.26,11.26,12.06,14.8,10.64
"134",134,1981,9.33,9.11,10.82,9.93,8.07,13.25,11.44
"135",135,1981,10.65,11.91,11.68,24.4,6.44,35.32,9.87
"136",136,1981,23.78,31.48,23.65,21.79,16.95,24.48,12.15
"137",137,1981,12.04,5.14,17.11,7.25,10.97,5.48,8.33
"138",138,1981,19.72,24.57,21.8,13.98,19.95,12.83,13.92
"139",139,1981,5.2,7.29,5.09,9.94,3.75,10.61,6.04
"140",140,1981,4.18,9.08,3.58,11.01,2.92,13.55,5.47
"141",141,1981,4.18,3.37,4.18,8.27,5.52,6.65,4.71
"142",142,1981,10.1,10.98,11.08,9.42,16.82,6.81,9.94
"143",143,1981,7.33,12.98,7.93,12.05,15.31,6.78,14.54
"144",144,1981,7.97,11.23,9.22,16.54,11.36,13.12,13.65
"145",145,1981,11.47,20.2,14.31,39.48,18.86,43.19,24.33
"146",146,1981,9.13,9.58,12.73,14.48,12.24,10.97,16.4
"147",147,1981,5.5,9.33,5.4,7.55,5.21,10.7,3.86
"148",148,1981,11.02,10.23,10.96,9.74,9.57,13.39,5.13
"149",149,1981,13.17,17.68,11.07,22.05,9.29,33.58,9.36
"150",150,1981,22.35,23.08,31.89,47.57,21.53,41.08,42.13
"151",151,1981,12.37,4.82,20.06,6.15,9.33,5.45,8.76
"152",152,1981,6.98,7.2,6.9,7.31,8.28,4.37,11.1
"153",153,1981,12.24,15.77,10.1,15.3,4.71,14.28,14.9
"154",154,1981,14.33,16.09,14.28,18.75,9.51,16.04,19
"155",155,1981,6.36,5.81,7.98,10.34,5.27,12.18,5.95
"156",156,1981,3.31,12.38,2.69,15.94,2.46,21.02,6.91
"157",157,1981,3.09,7.72,2.61,8.03,2.85,13.61,2.26
"158",158,1981,9.18,14.73,8.43,14.5,6.86,16.82,6.64
"159",159,1981,13.17,23.82,11.53,27.36,10.14,39.37,10.64
"160",160,1981,8.1,8.98,8.85,12.08,4.86,14.59,6.51
"161",161,1981,5.89,12.69,5.03,10.56,3.6,16.46,5.91
"162",162,1981,18.86,14.21,19.75,36.5,14.94,47.56,18.05
"163",163,1981,18.31,16.38,13.81,22.97,12.53,33.89,14.06
"164",164,1981,15.89,19.16,13.32,21.16,16.66,33,11.81
"165",165,1981,10.5,8.4,12.85,15.5,7.63,26.4,5.64
"166",166,1981,11.62,7.18,11.22,10.52,9.22,16.98,4.97
"167",167,1981,4.17,8.73,3.05,9.63,5.24,9.12,10.04
"168",168,1981,9.23,8.22,9.63,10.43,7.74,12.44,10.08
"169",169,1981,7.54,9.85,10.48,15.84,11.14,18.74,16.26
"170",170,1981,5.15,7.51,5.52,16.33,5.83,18.04,16.89
"171",171,1981,5.8,8.42,5.96,9.64,7.57,8.85,8.86
"172",172,1981,10.33,8.51,11.66,6.8,13.56,7.57,7.09
"173",173,1981,7.12,14.55,7.19,12.11,9.56,13.28,9.71
"174",174,1981,13.23,31.36,13.06,22.36,20.79,23.34,19.74
"175",175,1981,6.95,20.04,7.41,30.27,11.12,37.59,16.5
"176",176,1981,7.26,5.97,9.31,20.1,8.31,16.32,15.27
"177",177,1981,5.92,9.99,6.65,8.57,9.12,7.67,11.21
"178",178,1981,12.08,19.73,18.6,22.36,16.48,27.49,21.12
"179",179,1981,11.72,13.1,17.09,19.05,9.8,27.73,14.08
"180",180,1981,10.23,13.44,15.43,12.58,10.38,14.24,14.81
"181",181,1981,4.05,5.79,6.97,7.98,6.56,4.68,14.4
"182",182,1981,14.97,8.99,14.5,5.34,11.67,3.41,7.55
"183",183,1981,7.08,5.98,6.65,4.54,5.9,4.98,4.49
"184",184,1981,10.86,14.03,11.88,12,11.47,15.34,11.63
"185",185,1981,6.39,8.72,5.45,12.42,7.68,15.7,8.63
"186",186,1981,23.05,37.3,14.28,29.27,24.27,43.58,19.05
"187",187,1981,12.2,18.53,8.11,12.22,8.21,18.14,7.11
"188",188,1981,26.02,35.94,29.28,19.99,25.13,25.08,16.35
"189",189,1981,3.81,5.77,3.73,3.22,3.12,3.28,4.04
"190",190,1981,10.15,11.46,13,8.04,11.19,9.87,5.82
"191",191,1981,13.67,25.29,12.48,15.12,16.03,20.19,10.1
"192",192,1981,14,9.97,13.43,17.52,9.16,21.39,12.26
"193",193,1981,9.1,11.89,8.98,23.15,5.95,43.17,6.87
"194",194,1981,4.26,1.3,5.56,3.45,1.04,5.55,1.34
"195",195,1981,7.12,11.04,6.6,10.21,8.78,11.28,6.3
"196",196,1981,5.76,6.85,5.85,6.82,6.07,7.4,6.8
"197",197,1981,14.29,11.95,12.95,11.72,17.84,12.71,15.58
"198",198,1981,34.68,14.44,37.33,10.84,28.03,10.69,14.92
"199",199,1981,17.4,9.93,12.59,13.42,19.35,13.08,12.73
"200",200,1981,9.84,7.02,15.5,5.43,16.32,4.07,8.27
"201",201,1981,20.78,9.71,18.12,12.2,21.52,15.03,15.29
"202",202,1981,1.51,0.99,1.57,2.86,0.97,4.61,0.96
"203",203,1981,0.01,0.11,0,0.85,0.01,1.02,0.98
"204",204,1981,0.15,1.03,0.16,3.34,0.61,3.25,3
"205",205,1981,0.59,1.87,0.6,4.03,1.12,6.54,2.1
"206",206,1981,2.38,3.21,3.05,4.03,2.06,7.13,1.58
"207",207,1981,0.71,1.45,0.35,4.13,0.44,4.57,1.99
"208",208,1981,0.71,1.93,0.37,4.99,0.76,5.08,2.42
"209",209,1981,4.24,6.04,4.15,5.76,12.67,4,9.49
"210",210,1981,5.22,3.82,2.87,4.94,4.71,4.59,4.67
"211",211,1981,3.28,2.18,2.47,3.77,3.27,3.45,3.19
"212",212,1981,10.74,4.03,7.93,3.95,9.66,4.21,3.5
"213",213,1981,19.86,6.05,25.27,10.37,3.64,15.02,5.57
"214",214,1981,11.58,9.44,17.76,8.74,9.96,13.33,5.17
"215",215,1981,5.61,3.48,8.71,3.04,5.19,2.67,2.7
"216",216,1981,13.49,7.14,16.73,4.18,8.64,4.37,3.3
"217",217,1981,15.1,25.3,17.81,18.48,10.78,29.7,10.3
"218",218,1981,6.27,3.39,7.49,6.58,7.26,7.33,3.64
"219",219,1981,3.27,1.32,2.5,2.64,4.87,1.74,3.16
"220",220,1981,7.73,4.06,11.06,4.87,14.18,3.18,6.07
"221",221,1981,5.67,4.94,5.73,7.65,8.56,8.03,6.58
"222",222,1981,5.34,3.79,6.89,5.24,8.85,5.53,4.81
"223",223,1981,7.17,6.49,6.32,2.52,5.63,2.18,3.13
"224",224,1981,13.33,7.68,12.14,7.82,12.01,10.03,6.89
"225",225,1981,12.94,9.81,9.72,10.27,9.2,15.65,5.08
"226",226,1981,8.27,7.11,9.39,11.15,8.21,16.17,6
"227",227,1981,4.84,3.53,3.97,6.49,4.51,8.73,3.39
"228",228,1981,0.81,1.38,1.05,2.38,0.82,1.48,2.18
"229",229,1981,11.46,8.24,17.16,4.16,13.65,4.29,6.84
"230",230,1981,16.29,12.59,15.83,11.45,11.22,12.64,6.63
"231",231,1981,4.87,7.95,5.23,20,6.79,32.54,6.08
"232",232,1981,3.25,6.57,3.11,9.37,2.72,13.36,3.93
"233",233,1981,9.63,6.89,13.13,9.91,11.17,6.83,14.17
"234",234,1981,9.85,6.42,13.09,11.08,9.77,6.83,13.95
"235",235,1981,12.91,11.72,18.37,20.62,18.07,15.84,36
"236",236,1981,7.14,18.26,8.52,27.64,13.26,27.14,26.84
"237",237,1981,22.15,17.39,34.42,16.54,28.17,16.25,17.21
"238",238,1981,16.24,9.88,19.35,8.93,15.15,11.23,13.02
"239",239,1981,2,1.55,2.82,2.76,2.68,3.4,2.89
"240",240,1981,1.25,0.3,1.89,0.56,0.61,0.39,1.32
"241",241,1981,11.62,4.2,11.4,2.27,5.1,2.32,6.08
"242",242,1981,17.09,11.92,14.37,11.26,13.4,14.01,13.66
"243",243,1981,11.43,13.41,12.35,20.9,9,28.34,18.59
"244",244,1981,24.93,15.79,23.26,18.66,22.1,24.07,17.39
"245",245,1981,4.22,2.61,5.38,5.73,3.06,4.69,8
"246",246,1981,1.22,3.41,0.76,5.42,1.24,5.4,5.34
"247",247,1981,17.46,15.44,17.48,9.13,25.01,7.38,12.59
"248",248,1981,10.32,11.09,10.04,13.06,9.95,12.13,14.55
"249",249,1981,11.24,11.52,9.2,11.28,8.02,13.21,13.92
"250",250,1981,13.14,8.06,15.39,9.31,9.61,7.37,12.68
"251",251,1981,8.53,12.15,8.04,7.84,5.79,9.07,9.85
"252",252,1981,7.74,13.56,8.75,9.78,7.4,11.95,8.62
"253",253,1981,7.11,3.39,6.37,4.91,4.62,5.29,7.33
"254",254,1981,9.36,17.84,16.82,20.14,9.63,23.3,12.01
"255",255,1981,1.08,5.54,1.38,15.16,2.38,19.22,7.3
"256",256,1981,1.3,5.24,0.97,11.28,1.83,8.82,6.86
"257",257,1981,10.72,17.36,17.39,19.37,10.18,16.22,14.2
"258",258,1981,18.18,22.98,25.42,21.48,32.8,23.97,24.94
"259",259,1981,1.36,6.96,2.25,18.22,2.21,23.87,9.06
"260",260,1981,1.41,4.45,2.37,17.92,2.62,26.36,8.12
"261",261,1981,0.51,0.22,1.46,3.05,0.59,2.33,2.83
"262",262,1981,2.7,9.8,5.17,16.53,6.31,19.59,14.77
"263",263,1981,1.81,6.42,3.14,20.9,2.67,26.16,11.73
"264",264,1981,1.02,0.74,1.05,1.64,0.63,3.09,0.47
"265",265,1981,3.24,2.47,2.95,2.22,2,3.17,1.35
"266",266,1981,15.59,6.42,18.46,4.14,10.36,6.97,2.24
"267",267,1981,7.66,5.54,5.68,7.61,1.99,12.35,3.23
"268",268,1981,8.57,4.53,9.17,5.33,5.58,6.66,2.55
"269",269,1981,5.66,10.79,6.99,14.22,7.74,19.86,12.73
"270",270,1981,5.94,11.72,6.97,11.21,8.74,16.87,9.01
"271",271,1981,4.7,3.98,6.03,8.74,3.85,9.65,7.9
"272",272,1981,11.92,7.11,16.12,8.62,11.46,11.42,5.38
"273",273,1981,4.29,8.81,4.52,7.75,8.04,8.58,4.8
"274",274,1981,22.67,15.86,30.61,6.58,15.76,5.83,14.65
"275",275,1981,4.27,3.97,4.95,8.19,3.33,5.5,13.82
"276",276,1981,14.37,11.76,15.87,9.8,11.74,7.51,20
"277",277,1981,13.5,5.24,18.83,8.08,11.24,4.11,11.32
"278",278,1981,2.57,0.86,2.48,5.52,1.51,2.05,7.18
"279",279,1981,0.43,0.62,0.28,0.7,0.37,0.43,1.76
"280",280,1981,2.33,1.59,1.97,2.56,1.55,2.28,3.43
"281",281,1981,10.39,11.76,8.82,18.23,5.84,22.45,15.42
"282",282,1981,16.13,20.97,14.2,21.47,24.6,30.25,20.53
"283",283,1981,9.15,8.44,9.05,7.67,8.08,9.68,11.52
"284",284,1981,4.34,1.8,3.24,2.25,2.32,1.72,5.53
"285",285,1981,5.87,8.74,5.13,7.86,4.27,15.26,9.92
"286",286,1981,3.12,11.36,2.21,12.42,2.85,20.22,9.8
"287",287,1981,9.78,15.3,9.22,32.51,6.74,42.79,27.11
"288",288,1981,2.48,3.5,3,8.48,1.89,8.87,6.82
"289",289,1981,16.38,8.08,21.45,17.54,12.3,24.85,12.06
"290",290,1981,4.03,5.16,6.22,12.1,4.16,16.18,7.59
"291",291,1981,5.86,2.7,9.23,3.31,6.9,3.95,4.3
"292",292,1981,4.36,2.91,4.64,6.47,2.97,7.65,7.13
"293",293,1981,1.73,3.56,1.91,10.49,1.26,17.46,3.34
"294",294,1981,6.12,3.21,7.79,4.16,2.26,6.49,1.85
"295",295,1981,9.42,15.81,12.78,13.05,14.27,15.24,9.69
"296",296,1981,1.75,8.41,1.31,11.33,4.07,15.89,4.69
"297",297,1981,4.53,11.69,4.71,11.1,5.56,19.61,4.79
"298",298,1981,4.1,6.24,5.62,6.99,4.61,8.57,3.52
"299",299,1981,11.52,6.93,11.01,4.29,9.6,2.59,5.69
"300",300,1981,4.53,11.57,3.9,5.31,10.09,4.02,5.51
"301",301,1981,4.73,5.43,3.88,9.42,5.98,7.67,5.67
"302",302,1981,1.18,2.35,1.54,2.85,1.07,1.3,2.25
"303",303,1981,0.75,2.73,0.7,4.02,0.86,1.79,4.07
"304",304,1981,8.18,7.43,8.91,5.2,10.34,2.3,7.67
"305",305,1981,0.28,1.68,0.44,7,0.14,8.22,4.49
"306",306,1981,0.49,1.27,0.34,4.55,0.11,4.59,3.91
"307",307,1981,1.41,2.26,1.63,4.96,0.51,5.51,3.23
"308",308,1981,0.7,1.24,1.07,3.23,0.57,3.16,2.3
"309",309,1981,1.35,2.34,1.03,1.79,0.82,2.53,1.04
"310",310,1981,6.09,2.47,8.95,3.8,3.57,2.63,2.01
"311",311,1981,7.62,12.08,9.37,10.41,5.7,8.87,6.37
"312",312,1981,4.73,5.75,5.66,6.64,4.57,5.42,4.65
"313",313,1981,2.57,2.37,2.38,3.95,1.5,3.41,1.79
"314",314,1981,0.1,0.56,0.12,2.45,0.04,3.22,1.73
"315",315,1981,0.02,0.45,0.03,0.7,0.02,2.34,0.63
"316",316,1981,0.25,4.31,0.15,3.96,0.2,13.42,2.66
"317",317,1981,0.21,5.19,0.13,5.21,0.19,16.09,2.04
"318",318,1981,0.06,0.46,0.41,1.3,0.06,4.45,0.37
"319",319,1981,0.13,1.54,0.4,0.95,0.24,3.71,0.21
"320",320,1981,0.18,0.14,0.46,1.48,0.73,1.12,1.29
"321",321,1981,0.29,0.14,0.57,0.57,0.82,0.38,1.22
"322",322,1981,0.05,0.06,0.11,0.51,0.14,0.49,1.28
"323",323,1981,0.04,0.2,0.09,0.51,0.11,0.82,1.1
"324",324,1981,0.34,0.33,0.73,0.94,0.76,2.17,1.58
"325",325,1981,5.32,14.55,3.65,10.96,13.55,12.7,14.02
"326",326,1981,3.74,13.63,2.83,10.08,5.09,13.07,7.74
"327",327,1981,2.56,1.37,3,7.06,1.42,7.69,3.95
"328",328,1981,1.3,1.08,1.52,7.11,1.42,8.92,3.57
"329",329,1981,0.09,0.04,0.15,0.97,0.06,0.48,0.9
"330",330,1981,0.13,0.15,0.45,0.11,0.16,0.05,0.37
"331",331,1981,0.24,3.29,0.38,7.22,0.71,14.06,4.36
"332",332,1981,0.37,0.33,0.77,0.7,0.48,0.46,1.43
"333",333,1981,0.04,0.17,0.14,1.31,0.18,0.75,2.28
"334",334,1981,0.58,3.44,0.78,2.52,1.43,4.68,3.13
"335",335,1981,0.19,1.65,0.12,0.99,0.57,2.21,0.76
"336",336,1981,0.19,2.89,0.06,5.14,0.43,10.54,1.51
"337",337,1981,0.03,0.2,0.02,1.38,0.09,1.73,0.53
"338",338,1981,0.33,1.78,0.21,1.51,1.03,1.75,1.11
"339",339,1981,0.24,4.03,0.1,3.17,0.62,5.15,2.42
"340",340,1981,3.14,11.35,1.9,8.96,3,12.27,4.81
"341",341,1981,6.01,3.32,8.76,6.04,7.64,9.12,4.09
"342",342,1981,8.23,9.39,7.59,9.11,6.87,19.34,3.59
"343",343,1981,4.83,6.08,4.96,7.18,5.37,18.37,4.01
"344",344,1981,2.39,6.44,2.86,14.15,2.53,29.62,4.84
"345",345,1981,2.88,2.34,3.61,3.39,2.95,10.03,0.92
"346",346,1981,1.89,1.54,2.57,1.74,1.48,2.37,1.18
"347",347,1981,4.38,2.28,5.22,1.65,3.64,3.69,1.13
"348",348,1981,4.81,3.62,4.65,1.59,4.39,3.37,1.1
"349",349,1981,1.16,0.31,0.89,0.8,0.9,0.92,0.57
"350",350,1981,0,0.25,0,0.16,0.03,0.93,0.05
"351",351,1981,0.04,1.58,0,1.2,0.28,2.95,0.4
"352",352,1981,0.04,1.92,0,2,0.23,3.78,0.51
"353",353,1981,0.01,0.66,0,1.64,0.08,1.99,0.63
"354",354,1981,0,0.1,0,1.23,0.02,1.32,0.52
"355",355,1981,0.04,0.67,0.05,1.35,0.19,0.92,1.24
"356",356,1981,0.07,0.78,0.06,1.2,0.33,0.86,1.47
"357",357,1981,0.07,3.07,0.02,3.17,0.47,4.78,2.03
"358",358,1981,0.01,0,0.04,0.19,0,0.13,0.51
"359",359,1981,0.02,0.45,0.05,3.36,0.13,6,2.41
"360",360,1981,2.6,0.73,3.87,1.05,2.06,0.77,2
"361",361,1981,2.67,1.78,2.58,1.21,2.29,1.69,1.56
"362",362,1981,0.94,1.34,1.07,1.15,0.99,1.82,0.86
"363",363,1981,1.82,0.81,2.38,1.19,2.23,1.34,2.18
"364",364,1981,4.26,1.07,5.03,0.8,2.58,0.44,1.82
"365",365,1981,2.2,4.2,1.8,1.58,2.11,1.33,1.47
"366",1,1982,0.05,4.23,0.11,9.11,0.17,8.28,7.07
"367",2,1982,0.54,6.17,1.33,6.04,0.73,5.22,3.67
"368",3,1982,0.52,3.71,1,2.07,0.37,2.14,1.92
"369",4,1982,0.08,0.99,0.14,0.75,0.08,0.95,1.54
"370",5,1982,0.14,1.56,0.42,1.39,0.13,1.92,2.26
"371",6,1982,0.03,0.55,0.02,1.02,0.09,1.59,0.56
"372",7,1982,0.05,1.21,0.03,2.33,0.21,2.8,1.48
"373",8,1982,0.02,0.34,0.01,1.56,0.03,1.49,1
"374",9,1982,0.03,0.07,0.02,0.17,0.06,0.04,0.31
"375",10,1982,0,0.02,0,0.19,0,0.11,0.1
"376",11,1982,0.01,0.12,0.01,2.23,0.01,1.61,0.94
"377",12,1982,0.67,6.46,0.23,7.27,1.6,10.36,4.14
"378",13,1982,0.09,0.46,0.05,2.56,0.18,2.77,0.95
"379",14,1982,0,0.06,0,2.11,0,3.08,0.58
"380",15,1982,0,0.11,0,1.24,0.01,1.02,0.8
"381",16,1982,0.03,0.82,0,1.68,0.14,2.07,0.93
"382",17,1982,0.01,0.03,0,0.1,0,0.04,0.09
"383",18,1982,0,0,0,0,0,0,0.01
"384",19,1982,0,0,0,0.04,0,0.01,0.02
"385",20,1982,0,0.11,0,0.75,0.01,0.61,0.42
"386",21,1982,0.01,0.06,0.02,0.13,0.02,0.15,0.08
"387",22,1982,0,0,0,0.03,0,0.03,0.08
"388",23,1982,0.1,0.49,0.06,0.14,0.26,0.06,0.15
"389",24,1982,0.04,0.62,0.03,1.36,0.09,2.14,0.71
"390",25,1982,0,0.02,0,1.36,0,0.96,0.92
"391",26,1982,0.06,0,0.04,0.48,0,0.3,0.38
"392",27,1982,0.02,0.08,0.02,1.43,0.01,1.14,1.28
"393",28,1982,0.2,0.18,0.2,0.75,0.03,0.62,0.47
"394",29,1982,0.17,0.22,0.22,0.93,0.05,0.76,0.61
"395",30,1982,0.1,0.71,0.07,1.82,0.06,2.41,0.74
"396",31,1982,0.1,0.76,0.11,3.72,0.05,4.91,1.73
"397",32,1982,0,0.01,0,0.07,0,0.03,0.25
"398",33,1982,0,0.03,0,0.7,0,0.8,1.09
"399",34,1982,0,0.09,0,0.76,0.01,0.9,1.12
"400",35,1982,0.01,1.1,0,2.64,0.28,4.67,2.51
"401",36,1982,0.01,1.01,0,2.98,0.22,4.37,4.35
"402",37,1982,0.06,0.8,0.02,7.13,0.19,9.43,2.27
"403",38,1982,0,0.16,0,2.38,0.01,1.9,1.42
"404",39,1982,0.02,0.3,0,3.71,0.06,4.33,1.3
"405",40,1982,0.02,0.41,0,7.13,0.06,8.62,2.14
"406",41,1982,0.01,0.17,0.01,4.02,0.01,5.92,1.21
"407",42,1982,0.7,6.21,0.57,17.31,2.16,29.85,5.6
"408",43,1982,0.09,0.79,0.07,3.42,0.13,2.94,2.26
"409",44,1982,0.12,1.98,0.04,5.41,0.45,6.35,3.15
"410",45,1982,0.01,0.55,0,2.74,0.03,3.03,2.16
"411",46,1982,0.01,0.08,0,0.96,0.01,0.76,0.8
"412",47,1982,0.49,0.56,0.44,6.39,1.27,2.61,2.75
"413",48,1982,0.15,0.36,0.25,3.31,0.25,1.76,1.33
"414",49,1982,2.58,2.2,2.16,11.74,4.93,6.43,5.28
"415",50,1982,2.75,1.41,3.16,4.43,2.45,2.32,3.05
"416",51,1982,1.58,2.27,1.94,15.99,6.47,8.79,10.44
"417",52,1982,0.1,3.39,0.05,4.77,0.18,8.78,5.22
"418",53,1982,0,0.2,0,1.98,0.02,2.71,2.31
"419",54,1982,0.07,0.06,0.07,0.66,0.02,0.68,0.53
"420",55,1982,14.55,11.23,16.2,4.4,18.56,5.35,5.31
"421",56,1982,8.81,18.93,9.75,13.45,17.35,21.7,12.51
"422",57,1982,0.1,2.92,0.02,4.71,0.35,8.76,1.53
"423",58,1982,0.05,0.62,0.01,2.82,0.13,3.68,1.19
"424",59,1982,0.04,0.56,0.01,1.73,0.09,3.14,0.56
"425",60,1982,0.04,1.59,0,2.95,0.15,3.7,1.52
"426",61,1982,0.02,0.94,0,1,0.06,1.5,0.6
"427",62,1982,0,0.09,0,0.28,0,0.77,0.18
"428",63,1982,0,0.01,0,0.32,0.01,0.22,0.13
"429",64,1982,0,0.11,0,0.84,0.01,0.65,0.33
"430",65,1982,0,0,0,0.23,0,0.2,0.09
"431",66,1982,0,0,0,0.02,0,0.01,0.02
"432",67,1982,0.02,0.61,0,0.57,0.05,0.7,0.18
"433",68,1982,0.05,3.48,0,3.92,0.16,6.38,0.93
"434",69,1982,0.02,1.71,0,3.72,0.05,6.17,1.23
"435",70,1982,0,0,0,0.1,0,0.05,0.13
"436",71,1982,0,0.23,0,0.95,0,1.4,0.37
"437",72,1982,0,0.71,0,1.55,0.01,2.23,0.56
"438",73,1982,0.01,1.67,0,2.75,0.03,3.95,1.18
"439",74,1982,0,0.92,0,1.28,0.02,1.11,1.19
"440",75,1982,0.01,0.06,0.01,0.95,0,0.99,0.8
"441",76,1982,0,0.06,0,0.66,0.01,0.81,0.67
"442",77,1982,0.07,0.24,0.12,0.79,0.44,0.84,0.94
"443",78,1982,0.08,1.01,0.2,1.74,1.44,1.73,1.72
"444",79,1982,0.31,0.61,0.58,1.17,1.95,0.79,1.27
"445",80,1982,0.83,2.79,1.53,4.34,1.77,4.6,2.77
"446",81,1982,3.56,7.59,7.15,7.66,4.78,11.63,2.25
"447",82,1982,1.26,3.38,2.64,9.76,2.57,11.94,3.49
"448",83,1982,3.69,6.19,5.77,16.23,6.15,19.48,5.53
"449",84,1982,1.67,3.91,3.12,6.13,4.03,5.04,4.44
"450",85,1982,0.12,0.61,0.28,4.93,0.82,5.29,3.05
"451",86,1982,0.04,0.19,0.06,2.12,0.07,1.9,1.15
"452",87,1982,0,0.01,0,1.08,0,0.61,0.65
"453",88,1982,0.08,0.06,0.22,1.27,0.18,1.42,0.35
"454",89,1982,0.35,0.1,0.78,1.21,0.38,1.42,0.61
"455",90,1982,0.63,0.58,1.93,4.21,2.64,7.2,1.33
"456",91,1982,22.35,18.31,20.99,14.47,15.44,12.31,11.27
"457",92,1982,27.64,19.74,27.79,15.84,23.84,18.14,12.22
"458",93,1982,26.84,27.41,28.47,37.3,22.1,31.3,34.58
"459",94,1982,12.62,14.97,10.05,21.14,19.33,27.25,13.15
"460",95,1982,7.7,16.4,8.15,29.19,10.01,35.34,13.67
"461",96,1982,29.06,37.41,33.69,46.44,23.18,68.63,23.83
"462",97,1982,3.83,9.28,5.02,8.34,3.75,10.27,8.17
"463",98,1982,12.86,12.42,12.01,10.17,8.18,11.28,6.04
"464",99,1982,9.3,5.9,10.23,7.61,5.21,6.83,5.77
"465",100,1982,0.61,0.14,1.15,1.96,0.79,1.15,1.47
"466",101,1982,0.07,0,0,0.01,0,0.01,0
"467",102,1982,0.01,0,0,0.03,0,0.04,0
"468",103,1982,0.15,0,0,0.06,0,0.22,0
"469",104,1982,0.07,0,0,0.07,0,0.32,0
"470",105,1982,0.02,0,0,0.16,0,0.89,0.01
"471",106,1982,0.09,1.46,0.1,5.14,0.31,5.82,4.61
"472",107,1982,3.72,3.53,5.08,5.07,3.2,4.84,6.6
"473",108,1982,9.57,11.38,11.54,7.54,11.63,9.75,10.84
"474",109,1982,7.3,13.25,10.32,10.48,10.7,13.17,11.29
"475",110,1982,9.34,19.44,10.09,24.18,15.47,46.43,14.66
"476",111,1982,8.24,9.48,7.89,12.18,7.09,13.17,6.14
"477",112,1982,7.4,6.13,6.37,6.9,5.71,6.14,5.91
"478",113,1982,9.05,9.3,11.83,9.19,9.27,9.94,7.91
"479",114,1982,13.73,12.45,16.29,13.37,13.37,13.18,18.71
"480",115,1982,11.74,26.53,13.97,54.93,13.31,56.24,35.59
"481",116,1982,6.84,11.7,7.14,19.27,9.24,26.44,11.06
"482",117,1982,13.12,14.31,14.18,26.29,6.7,37.57,9.7
"483",118,1982,25.61,25.63,27.86,29.42,18.58,34.4,19.5
"484",119,1982,7.26,15.38,6.66,14.72,10.18,12.28,18.6
"485",120,1982,11.92,15.84,12.3,16.51,11.56,13.85,22.64
"486",121,1982,11.34,14.94,8.72,24.49,8.46,16.09,25.74
"487",122,1982,21.75,13.73,23.29,17.53,23.6,11.7,29.86
"488",123,1982,25.47,19.86,21.9,25.2,21.6,33.43,20.66
"489",124,1982,9.88,11.83,7.47,21.26,7.92,23.93,12.93
"490",125,1982,14.9,10.26,15.31,18.33,7.51,19.42,13.65
"491",126,1982,20.62,17.59,21.05,20.35,15.19,28.07,10.33
"492",127,1982,20.72,19.33,18.72,21.1,15.95,28.17,11.84
"493",128,1982,21.81,31.84,19.24,28.35,15.96,35.22,16.39
"494",129,1982,25.09,39.44,21.59,26.86,18.52,38.26,13.58
"495",130,1982,0.61,1.47,1.24,8.68,0.78,8.77,5.22
"496",131,1982,0.25,0.05,0.24,0.28,0.22,0.13,0.68
"497",132,1982,2.73,0.2,4.05,0.64,1.47,0.39,1.74
"498",133,1982,6.61,2.78,7.63,9.83,5.86,13.05,6.04
"499",134,1982,12.21,3.88,12.37,13.51,9.08,21.58,7.87
"500",135,1982,11.7,2.89,12.06,15.24,8.18,23.6,6.65
"501",136,1982,15.03,13.14,16,7.73,19.08,8.62,5.79
"502",137,1982,12.38,7.97,14.8,7.83,19.02,8.69,7.68
"503",138,1982,15.43,12.24,21.32,10.5,23.23,10.41,13.93
"504",139,1982,10.64,8.36,15.22,7.58,10.67,9.36,6.24
"505",140,1982,15.15,5.16,18.84,7.17,12.69,9.68,8.29
"506",141,1982,10.83,23.21,12.61,26.54,18,28.03,23.26
"507",142,1982,6.92,8.38,8.66,10.83,7.5,14.06,5.95
"508",143,1982,15.07,32.79,13.75,41.67,26.43,53.64,27.94
"509",144,1982,6.5,8.07,6.09,9.9,6.2,14.96,3.75
"510",145,1982,6.45,2.3,9.97,3.23,5.76,2.64,1.82
"511",146,1982,26.68,17.27,27.04,15.18,23.2,17.8,11.36
"512",147,1982,14.54,13.56,14.5,21.92,15.79,28.04,13.17
"513",148,1982,36.98,24.5,42.08,22.85,46.53,25.73,20.33
"514",149,1982,22.62,22.18,23.19,26.83,24.3,26.8,24.89
"515",150,1982,9.5,15.39,11.81,23.82,7.76,24.95,16.53
"516",151,1982,5.76,5.88,8.06,21.11,5.03,20.59,14.35
"517",152,1982,11.83,7.15,16.45,14.42,9.86,18.04,6.28
"518",153,1982,6.56,5.15,8.04,10.18,6.99,10.94,5.73
"519",154,1982,8.16,11.32,6.64,16.42,10.82,21.46,7.29
"520",155,1982,10.69,17.98,9.93,22.86,18.69,26.67,12.77
"521",156,1982,10.67,13.41,13.24,20.26,15.95,21.33,11.92
"522",157,1982,5.18,10.16,5.54,19.15,8.03,15.11,15.28
"523",158,1982,7.8,15.87,6.26,19.82,11.89,16.02,23.81
"524",159,1982,3.9,4.59,5.77,15.17,4.6,8.04,14.03
"525",160,1982,5.07,8.52,3.54,10.43,3.92,6.6,8.88
"526",161,1982,7.6,8.93,7.67,9.76,10.43,5.2,12.56
"527",162,1982,10.62,13.34,10.23,16.49,5.67,15.15,9.37
"528",163,1982,19.31,28.1,18.06,27.84,17.17,39.29,11.3
"529",164,1982,22.28,14.06,22.16,12.5,15.62,13.82,5.38
"530",165,1982,12.91,19.26,16.25,20.85,10.9,26.23,8.45
"531",166,1982,14.64,25.83,15.5,24.23,16.94,27.63,11.59
"532",167,1982,20.61,32.19,26.01,19.25,22.82,28.2,16.37
"533",168,1982,9.97,14.11,16.11,13.2,8.87,25.71,6.39
"534",169,1982,7.63,12.46,9.81,13.26,6.58,23.17,8.04
"535",170,1982,6.08,4.85,7.35,8.37,3.66,11.4,7.99
"536",171,1982,7.47,13.18,10.65,17.04,7.52,29.18,9.66
"537",172,1982,17.83,33.22,20.43,37.42,23.56,43.09,22.62
"538",173,1982,8.04,8.41,10.44,15.47,10.88,17.99,8.18
"539",174,1982,9.01,18.75,10.49,28.53,11.8,30.55,15.16
"540",175,1982,4.59,5.62,5.69,11.63,4.88,17.37,4.54
"541",176,1982,8.28,13.94,10.46,19.1,11.02,26.27,9.06
"542",177,1982,6.76,1.87,9.5,1.41,5.73,2.04,1.57
"543",178,1982,33.13,8.16,41.94,5.02,23.84,6.99,8.24
"544",179,1982,8.24,4.44,12.01,4.69,8.25,10.03,3.75
"545",180,1982,10.36,6.49,12.31,4.25,15.14,7.25,2.91
"546",181,1982,32.97,22.87,39.4,9.15,33.4,16.08,9.05
"547",182,1982,9.16,5.74,6.58,4.82,3.44,5.07,2.52
"548",183,1982,16.04,8.01,13.14,5.27,9.29,5.3,3.61
"549",184,1982,17.28,10.23,13.83,14.4,10.86,16.34,10.45
"550",185,1982,18.08,10.46,19.44,16.6,9.72,16.06,10.82
"551",186,1982,10.45,5.24,7.99,6.03,4.59,6.9,2.68
"552",187,1982,7,6.56,10.65,12.26,16.47,12.89,5.77
"553",188,1982,5.14,2.93,10.39,4.74,10.5,4.76,3.08
"554",189,1982,5.86,2.8,9.31,3.76,8.86,3.32,2.87
"555",190,1982,2.08,3.3,3.14,5.2,4.17,3.27,4.82
"556",191,1982,10.62,6.92,18.37,9.23,24.57,11.35,5.64
"557",192,1982,11.91,14.66,12.31,11.55,17.69,14.16,11.35
"558",193,1982,10.85,16.54,9.34,16.33,16.73,24.74,12.12
"559",194,1982,9.24,24.26,7.13,19.57,17.65,26.45,19.6
"560",195,1982,4.62,15.36,3.08,13.85,10.07,20.48,9.27
"561",196,1982,3.79,6.36,4.59,9.91,4.47,13.33,7.28
"562",197,1982,3.12,4.43,2.36,7.83,4.04,10.6,4.54
"563",198,1982,4.66,4.76,3.83,6.31,4.62,9.99,3.81
"564",199,1982,22.98,16.12,19.61,17.81,21.96,26.66,14.24
"565",200,1982,25.46,16.96,30.13,16.47,17.88,21.79,16.17
"566",201,1982,6.32,10.67,3.63,12.63,6.12,19.28,11.96
"567",202,1982,17.94,14.23,19.14,17.55,19.63,19.4,13.54
"568",203,1982,19.04,15.95,23.2,29.42,18.05,27.83,20.2
"569",204,1982,4.56,6.64,5.96,27.11,2.25,34.21,12.57
"570",205,1982,8.42,2.58,9.4,13.26,7.68,9.31,10.88
"571",206,1982,12.73,12.86,11.88,9.99,19.75,6.15,18.66
"572",207,1982,11.24,5.2,11.82,5.59,5.85,4.44,3.87
"573",208,1982,12.83,7.09,14.99,9.06,10.68,9.97,5.74
"574",209,1982,17,7.88,19.16,8.45,12.96,5.25,11.63
"575",210,1982,13.2,12.95,12.91,11.62,12.84,11.64,7.05
"576",211,1982,16.5,9.81,16.95,12.51,11.25,14.16,5.51
"577",212,1982,7,4.53,7.64,4.89,6.85,3.19,4.84
"578",213,1982,12.31,5.83,14.7,16.18,13.27,11.68,13.33
"579",214,1982,12.61,3.84,16.31,15.7,11.52,12.52,7.75
"580",215,1982,18.09,10.78,20.09,20.86,23.36,18.87,15.1
"581",216,1982,1.79,0.66,2.39,2.71,1.94,2.16,2.2
"582",217,1982,7.97,1.83,9.87,4,7.85,3.27,3.19
"583",218,1982,8.96,8.49,9.77,8.68,7.21,8.27,8.4
"584",219,1982,9.35,9.66,9.5,15.33,6.4,21.47,10.09
"585",220,1982,6.8,6.15,6.04,8.49,4.54,11.03,6.26
"586",221,1982,4.01,0.83,4.34,1.79,2.65,0.96,3.4
"587",222,1982,4.25,1.27,4.39,1.7,2.98,1.64,1.98
"588",223,1982,9.62,7.92,11.5,6.26,6.97,6.56,5.91
"589",224,1982,10.74,14.1,13.16,21.14,15.1,27.5,12.7
"590",225,1982,7.74,11.06,11.3,14.28,9.86,19.87,9.93
"591",226,1982,10.19,16.7,11.16,13.73,13.41,13.49,16.32
"592",227,1982,12.03,10.6,16.66,11.14,12.6,10.68,11.57
"593",228,1982,10.96,5.07,10.38,7.52,3.5,11.36,5.73
"594",229,1982,13.91,8.75,14.01,10.7,7.67,18.11,10.32
"595",230,1982,11.44,7.59,8.36,9.23,3.26,11.1,8.47
"596",231,1982,9.28,5.71,12.54,6.01,5.23,7.14,7.13
"597",232,1982,8.07,13.4,11.43,13.48,5.69,22.62,11.62
"598",233,1982,2.28,5.26,2.91,8.49,3.01,13.81,5.93
"599",234,1982,7.06,4.32,9.8,5.68,5.22,9.97,4.45
"600",235,1982,2.47,5.57,3.07,4.88,2.49,7.57,4.8
"601",236,1982,7.09,9,10.69,6.41,7,12.42,8.52
"602",237,1982,3.69,2.9,5.61,4.07,3.58,6.32,3.94
"603",238,1982,9.02,6.95,10.48,6.59,10.34,4.8,8.82
"604",239,1982,14.18,2.5,17.98,7.54,8.36,6.99,5.72
"605",240,1982,13.41,14.35,14.86,17.36,11.79,23.38,11.94
"606",241,1982,5.26,11.1,5.71,16.58,7.12,25.4,9.09
"607",242,1982,9.67,4.87,12.35,8.08,7.65,8.43,5.45
"608",243,1982,14.64,16.33,15.72,22.81,13.49,33.49,10.55
"609",244,1982,8.26,7.35,12.69,16.75,7.12,16.5,7.32
"610",245,1982,7.07,9.32,6.86,15.27,6.01,16.99,8.55
"611",246,1982,8.17,10.78,10.84,17.3,4.92,18.41,6.95
"612",247,1982,13.94,20.4,15.36,27.33,12.86,32.26,10.63
"613",248,1982,8.48,13.01,9.64,16.46,8.93,17.84,9.85
"614",249,1982,4.91,3.63,6.85,9.43,7.14,8.03,9.19
"615",250,1982,4.78,5.22,4.08,11.58,4.88,12.24,9.09
"616",251,1982,9.25,11.38,8.77,15.39,10.89,12.87,12.23
"617",252,1982,7.2,5.25,7.35,16.8,5.04,17.2,11.27
"618",253,1982,7.28,10.55,8.92,11.83,8.93,11.28,13.72
"619",254,1982,15.58,16.14,14.37,15.97,21.13,9.33,25.37
"620",255,1982,4.97,13.03,4,24.04,8.47,28.56,14.94
"621",256,1982,2.48,5.2,2.62,9.17,3.12,7.3,7
"622",257,1982,12.96,12.95,10.26,12.73,9.84,13.11,8.41
"623",258,1982,9.7,9.48,10.26,15.21,7.3,15.97,9.74
"624",259,1982,3.73,15,2.82,14.87,4.12,18.3,7.9
"625",260,1982,3.54,10.14,2.6,9.84,3.47,7.38,5.48
"626",261,1982,4.97,10.17,4.16,8.38,6.49,6.91,7.05
"627",262,1982,0.67,1.8,2.28,3.32,1.71,2.12,2.9
"628",263,1982,3.63,1.67,5,4.26,1.91,4.49,2.95
"629",264,1982,5.13,3.41,4.31,9.39,6.23,9.77,8.01
"630",265,1982,4.29,13.63,3.16,12.14,7.22,10.53,11.25
"631",266,1982,6.41,8.12,4.4,8.36,4.06,9.17,6.26
"632",267,1982,6.95,5.45,8.35,9.15,7.37,7.51,9.41
"633",268,1982,6.9,10.85,7.71,24.25,8.47,22.84,23.54
"634",269,1982,10.87,12.27,18.67,15.78,20.13,18.94,17.58
"635",270,1982,3.23,4.16,3.74,12.49,3.04,10.35,13.15
"636",271,1982,6.98,16.41,8,22.18,12.9,24.34,18.44
"637",272,1982,10.38,16.12,16.18,18.7,15.85,17,19.96
"638",273,1982,7.38,6.97,11.73,11.98,11.48,13.49,11.31
"639",274,1982,10.91,9.88,9.68,12.08,7.42,16.88,8.32
"640",275,1982,8.94,4.52,7.37,3.08,8.51,2.36,4.5
"641",276,1982,6.59,10.57,4.12,7.34,6.08,9.31,5.9
"642",277,1982,12.19,1.97,12.11,3.98,4.76,7.4,2.08
"643",278,1982,6.21,1.54,7.32,1.68,4.3,0.95,1.91
"644",279,1982,7.94,1.83,10.33,1.45,4.88,1.52,3.46
"645",280,1982,14.14,8.79,16.45,12.57,8.13,20.94,11.45
"646",281,1982,5.33,3.16,6.77,7.86,4.08,14.89,4.87
"647",282,1982,1.73,1.65,1.9,6.62,1.4,8.05,5.32
"648",283,1982,14.57,14.79,13.38,11.04,11.68,21.02,10.98
"649",284,1982,2.96,6.06,5.18,6.59,2.01,9.95,7.58
"650",285,1982,6.13,21.66,7.45,23.47,10.08,34.17,21.09
"651",286,1982,2.01,8.79,2.82,9.69,4.61,9.78,12.53
"652",287,1982,1.71,2.15,2.23,3.46,2.45,1.87,6.42
"653",288,1982,7.08,14.11,10.15,4.04,7.04,4.71,3.03
"654",289,1982,12.11,18.75,12.09,13.62,14.08,10.58,10.16
"655",290,1982,7.48,10.64,6.76,21.43,14.43,27.82,11.1
"656",291,1982,3.66,2.23,4.29,7.94,7.34,7.15,5.68
"657",292,1982,5.51,2.64,8.29,11.24,7.03,7.44,7.33
"658",293,1982,9.93,24.84,7.84,29.56,22.29,33.04,23.95
"659",294,1982,5.72,15.94,6.17,16.79,5.13,22.67,15.44
"660",295,1982,6.25,10.71,5.23,12.31,4.15,14.01,12.9
"661",296,1982,7.37,8.89,8.32,11.41,6.74,12.1,14.16
"662",297,1982,0.55,1.87,1.07,5.41,0.75,3.65,11.9
"663",298,1982,9.34,8.1,8.13,7.97,5.34,10.56,6.92
"664",299,1982,4.33,11.25,6.08,16.11,8.15,15.06,11.89
"665",300,1982,3.96,5.55,5.45,10.76,2.21,9.47,7.37
"666",301,1982,3.59,3.69,6.05,6.43,2.17,4.34,7.22
"667",302,1982,2.46,1.7,2.88,5.28,1.54,2.85,5.46
"668",303,1982,2.18,2.94,3.43,7.43,0.95,6.1,4.06
"669",304,1982,4.28,1.9,6.94,9.11,3.09,6.09,9.32
"670",305,1982,0,0.45,0,2.28,0,3.63,0.74
"671",306,1982,0,0.26,0,2.02,0,2.89,0.81
"672",307,1982,0,0.63,0,2.79,0,4.26,1.53
"673",308,1982,0,0.61,0,2.74,0,3.11,1.78
"674",309,1982,0,0.41,0,2.41,0,2.52,1.87
"675",310,1982,0.4,0,0.77,0.5,0,0.63,0.48
"676",311,1982,0.31,0,0.49,0.38,0,0.61,0.24
"677",312,1982,0.31,0,0.53,0.24,0,0.41,0.1
"678",313,1982,0.24,0,0.78,0.41,0,0.75,0.15
"679",314,1982,0.64,0,0.95,0.53,0,1.36,0.18
"680",315,1982,0.06,0.02,0.51,0.07,0.12,0.3,0.33
"681",316,1982,0.03,0.01,0.26,0.07,0.05,0.17,0.18
"682",317,1982,0.03,0,0.33,0.05,0.07,0.08,0.1
"683",318,1982,0.02,0,0.17,0.05,0.06,0.17,0.04
"684",319,1982,0.07,0.02,0.66,0.16,0.18,0.7,0.17
"685",320,1982,2.61,2.8,5.78,5.01,0.63,3.2,2.87
"686",321,1982,4.26,3.21,9.57,6.78,0.54,4.8,4.37
"687",322,1982,3.85,6.3,11.49,15.1,1.09,11.53,7.18
"688",323,1982,1.8,7.5,3.91,15.89,0.31,11.11,7.29
"689",324,1982,1.57,1.9,4.33,3.84,0.32,1.9,3.25
"690",325,1982,14.18,12.29,14.49,6.24,19.58,3.83,14.52
"691",326,1982,8.77,3.66,12.04,3.07,11.94,2.14,9.53
"692",327,1982,9.61,8.59,10.44,5.01,13.91,5.33,11.29
"693",328,1982,3.82,1.65,6.43,2.72,3.02,3.03,3.61
"694",329,1982,16.58,9.32,18.21,3.61,19.46,2.88,8.03
"695",330,1982,0.68,3.66,1.09,4.64,1.46,3.94,4.67
"696",331,1982,0.01,0.04,0.05,0.76,0.04,0.07,3.03
"697",332,1982,0.03,1.12,0.05,6.83,0.11,5.02,8.54
"698",333,1982,0.18,1.65,0.59,4.22,0.21,2.65,4.39
"699",334,1982,0.41,1.35,1.61,3.28,0.9,2.82,3.25
"700",335,1982,8.1,1.85,6.47,1.95,4.35,3.72,0.74
"701",336,1982,5.3,1.38,5.94,1.7,2.87,2.23,1.12
"702",337,1982,1.77,1.22,1.66,0.87,1.45,0.89,0.69
"703",338,1982,1.3,1.53,1.32,1.53,1.09,1.62,1.42
"704",339,1982,0.66,0.98,0.56,2.33,0.68,2.64,1.71
"705",340,1982,0.05,1.21,0.01,4.34,0.1,3.71,1.79
"706",341,1982,0.1,0.33,0.04,2.28,0.11,1.37,0.99
"707",342,1982,0.27,2.07,0.08,6.55,0.49,7.28,2.81
"708",343,1982,0.47,5.48,0.15,17.02,0.82,18.82,7.76
"709",344,1982,0.34,9.78,0.06,15.55,1.18,15.53,6.87
"710",345,1982,0.08,0.42,0.47,1.05,0.26,0.52,1.22
"711",346,1982,0.07,0.52,0.41,1.21,0.48,1.16,1.15
"712",347,1982,0.08,0.32,0.6,0.71,0.29,0.81,0.59
"713",348,1982,0.13,0.23,1.03,1.39,0.28,1.18,1
"714",349,1982,0.04,0.05,0.35,0.61,0.07,0.3,0.41
"715",350,1982,0.02,0.66,0,0.72,0.16,0.52,0.8
"716",351,1982,0,0.05,0,0.68,0.02,0.54,0.75
"717",352,1982,0,0.32,0,1.7,0.07,1.38,1.64
"718",353,1982,0.02,0.81,0,1.69,0.19,1.44,1.29
"719",354,1982,0.04,2.86,0,4.34,0.34,10.01,1.6
"720",355,1982,0.05,0.95,0,2.49,0.3,4.15,1.41
"721",356,1982,0.01,0.46,0,1.18,0.05,1.33,1.12
"722",357,1982,0.01,0.71,0,2.12,0.08,3.25,1.02
"723",358,1982,0,0.02,0,0.86,0.01,0.53,0.51
"724",359,1982,0,0.04,0,0.45,0.01,0.26,0.47
"725",360,1982,0.04,0.27,0.16,0.68,0.26,0.6,0.64
"726",361,1982,0.05,0.19,0.2,1.08,0.33,0.99,1.28
"727",362,1982,0.02,0.8,0.05,2.08,0.31,3.19,1.81
"728",363,1982,0.12,0.41,0.47,1.17,0.76,1.85,0.89
"729",364,1982,0.04,0.1,0.16,0.63,0.09,0.69,0.68
"730",365,1982,0.05,1,0.15,1.79,0.49,1.86,1.74
"731",1,1983,0.04,0.2,0.07,1.4,0.02,1.47,0.56
"732",2,1983,0.2,1.38,0.29,1.7,0.13,2.25,0.64
"733",3,1983,0.13,3.48,0.14,7.74,0.37,11.39,2.7
"734",4,1983,0.25,2.13,0.36,5.56,0.3,9.46,1.72
"735",5,1983,0.11,2.53,0.13,6.35,0.17,11.47,1.88
"736",6,1983,0.21,5.7,0.05,7.13,1.06,11.31,2.98
"737",7,1983,0.11,1.43,0.06,3.2,0.4,4.58,1.02
"738",8,1983,0.02,0.46,0.01,1.49,0.03,2.63,0.39
"739",9,1983,0.04,0.55,0.04,1.53,0.12,3.28,0.33
"740",10,1983,0.04,1.28,0.02,3.02,0.22,4.89,1.05
"741",11,1983,0.16,0.72,0.09,1.8,0.3,4.24,0.86
"742",12,1983,0.16,1.15,0.06,1.97,0.31,4.63,0.92
"743",13,1983,0.16,0.4,0.08,0.4,0.33,0.44,0.44
"744",14,1983,0.01,0.22,0,0.39,0.03,0.81,0.29
"745",15,1983,0.01,0.25,0,0.47,0.01,0.83,0.37
"746",16,1983,0,0.01,0,0.41,0,0.29,0.36
"747",17,1983,0.01,0.25,0,0.55,0.04,0.85,0.16
"748",18,1983,0.01,0.21,0,0.63,0.05,0.87,0.25
"749",19,1983,0.03,0.61,0,0.75,0.06,1.14,0.25
"750",20,1983,0.03,0.93,0,1.98,0.15,3.04,0.68
"751",21,1983,0,0.03,0,0.73,0.04,0.75,0.28
"752",22,1983,0.02,0.31,0,0.33,0.04,0.43,0.24
"753",23,1983,0.08,0.06,0.06,0.37,0.06,0.49,0.21
"754",24,1983,0.21,1.6,0.1,1.98,0.56,4.22,0.66
"755",25,1983,0,0.19,0,2.04,0.05,3.07,0.75
"756",26,1983,0,0,0,0.2,0.02,0.12,0.2
"757",27,1983,0,0.15,0,0.87,0.03,0.78,0.3
"758",28,1983,0,0,0,0.08,0.02,0.03,0.09
"759",29,1983,0.05,1.2,0,1.29,0.21,1.77,0.49
"760",30,1983,0,0.2,0,1.09,0.02,2.22,0.69
"761",31,1983,0,0.2,0,0.76,0.02,0.89,0.32
"762",32,1983,0,0.02,0,0.81,0,0.9,0.2
"763",33,1983,0,0.02,0,0.78,0,1.07,0.16
"764",34,1983,0,0.04,0,0.8,0,1.09,0.34
"765",35,1983,0,0.2,0,1.19,0.01,2.08,0.34
"766",36,1983,0,0.29,0,0.69,0.02,0.99,0.18
"767",37,1983,0.01,0.32,0.02,1.62,0.06,2.26,0.63
"768",38,1983,0.01,0.11,0.02,0.1,0.06,0.03,0.25
"769",39,1983,0.01,0.11,0.02,0.17,0.06,0.09,0.08
"770",40,1983,0.01,0.21,0.02,0.86,0.06,0.94,0.46
"771",41,1983,0.01,0.12,0.02,0.11,0.06,0.08,0.13
"772",42,1983,0.01,0,0.03,0.01,0,0,0.04
"773",43,1983,0.01,0,0.03,0.05,0,0.01,0.06
"774",44,1983,0.14,0.07,0.24,1.08,0.01,1.69,0.29
"775",45,1983,0.18,1.03,0.13,1.51,0.47,1.77,0.88
"776",46,1983,0.01,0,0.03,0.32,0,0.29,0.27
"777",47,1983,0,0,0,0.11,0,0.08,0.05
"778",48,1983,0,0,0,0.25,0,0.2,0.07
"779",49,1983,0.02,0.04,0.07,0.37,0.02,0.24,0.22
"780",50,1983,0.18,0.52,0.54,1.1,0.13,1.54,0.63
"781",51,1983,0.01,0.34,0.08,1.66,0.01,3.1,0.42
"782",52,1983,0.87,0.58,1.16,3.18,0.27,3.42,1.39
"783",53,1983,0.14,0.24,0.17,3.35,0.16,2.2,2.19
"784",54,1983,2.59,5.84,2.56,10.02,5.39,13.13,6.42
"785",55,1983,6.11,3.89,6.74,3.31,6.11,3.95,3.75
"786",56,1983,4.54,10.67,2.31,12.67,6.22,17.51,8.47
"787",57,1983,0.29,3.95,0.02,10.03,0.18,21.59,2.2
"788",58,1983,0.21,1.54,0.02,3.73,0.55,5.98,1.47
"789",59,1983,3.01,24.74,0.14,19.32,4.38,32.36,6.57
"790",60,1983,1.24,2.61,0.15,1.79,0.63,1.95,0.83
"791",61,1983,1.77,3.01,0.3,1.49,0.93,2.7,1.25
"792",62,1983,0.2,0.19,0.03,0.39,0.1,0.31,0.29
"793",63,1983,0,0.01,0,0.56,0,0.63,0.28
"794",64,1983,0,0,0,0.27,0,0.21,0.19
"795",65,1983,0.54,0,1.56,0.13,0.26,0.08,0.27
"796",66,1983,0.54,0.06,1.56,0.22,0.26,0.6,0.21
"797",67,1983,0.56,0.36,1.56,0.59,0.43,0.64,0.52
"798",68,1983,0.62,3.35,1.56,0.96,0.46,4.27,0.71
"799",69,1983,0.57,2.64,1.61,2.18,2.62,2.96,1.6
"800",70,1983,0,0.07,0,0.61,0.02,0.23,1.55
"801",71,1983,0.54,0.02,0.86,0.31,0.27,0.11,0.64
"802",72,1983,12.66,14.4,9.28,9.33,12.01,8.78,11.02
"803",73,1983,18.61,15.24,25.83,14.6,21.65,23.26,13.74
"804",74,1983,0.2,0.55,0.19,1.52,0.8,1.2,2.68
"805",75,1983,0,0.34,0.02,0.88,0,1.15,0.28
"806",76,1983,0,1.33,0.01,3.93,0,3.31,1.19
"807",77,1983,0,1.69,0.02,1.21,0,2.79,0.27
"808",78,1983,0,0.52,0,1.22,0,1.56,0.37
"809",79,1983,0,0.04,0,0.15,0,0.19,0.05
"810",80,1983,1.32,1.29,0.91,1.43,0.26,1.17,1.4
"811",81,1983,10.52,11.74,8.89,9.1,9.04,10.79,9.63
"812",82,1983,2.72,3.72,1.35,7.72,3.32,9.2,6.75
"813",83,1983,0.49,0.36,0.5,1.68,0.46,1.37,1.5
"814",84,1983,0.13,0.5,0.14,3.84,0.11,4.98,2.7
"815",85,1983,0.81,1.14,0,1.45,0.05,1.3,5.25
"816",86,1983,0.05,1.5,0,0.92,0.01,1.82,0.81
"817",87,1983,0,0.54,0,1.88,0,1.64,0.88
"818",88,1983,0,0,0,1.13,0,0.41,0.56
"819",89,1983,0,0,0,0.98,0,0.34,0.56
"820",90,1983,0,0,0,1.07,0,0.41,0.41
"821",91,1983,0.05,0.26,0.09,1.32,0.05,1.39,0.63
"822",92,1983,0.72,1.08,1.14,7.83,1.08,8.41,3.36
"823",93,1983,21.05,17.98,23.39,27.97,18.38,40.09,17.03
"824",94,1983,11.25,6.01,9.63,10.81,9.86,8.57,8.16
"825",95,1983,9.82,25.04,10.43,41.6,10.51,45.02,26.38
"826",96,1983,1.33,0.89,2.18,2.84,0.62,2.39,1.5
"827",97,1983,0.18,1.18,0.33,7.06,0.26,7.08,2.83
"828",98,1983,1.18,1.73,3.42,11.77,1.07,12.55,6.9
"829",99,1983,5.33,4.5,9.26,8.34,2.74,10.96,3.98
"830",100,1983,2.81,4.7,5.28,15.07,2.27,24.63,6.22
"831",101,1983,8,3.53,6.25,0.02,4.79,0.59,3.34
"832",102,1983,3.71,4.24,2.83,0.03,4.24,1,3.36
"833",103,1983,7.74,6.38,6.82,0.13,6.29,3.83,7.74
"834",104,1983,9.65,4.91,8.51,0.05,5.23,1.5,3.42
"835",105,1983,9.49,4.62,10.83,0.1,6.75,2.9,2.43
"836",106,1983,17.83,17.77,21.03,24.2,10.44,30.12,14.76
"837",107,1983,4.47,7.1,4.93,19.22,3.43,24.92,11.41
"838",108,1983,11.87,9.13,14.82,19.51,6,21.13,10.88
"839",109,1983,10.04,14.02,9.78,16.06,8.79,17.72,14.55
"840",110,1983,13.04,16.15,13.36,27.44,9.27,32.94,18.28
"841",111,1983,26.02,26.08,30.33,33.56,32.1,38.65,29.23
"842",112,1983,2.88,1.97,3.51,3.85,2.42,4.06,3.22
"843",113,1983,4.56,3.77,3.79,3.21,3.34,3.74,3.47
"844",114,1983,8.84,5.13,10.96,6.24,10.57,5.25,8.08
"845",115,1983,9.88,4.94,6.77,10.16,6.48,7.45,7.5
"846",116,1983,11.44,15.61,10.31,21.15,9.14,27.48,14.97
"847",117,1983,9.71,13.34,8.82,15.43,14.37,20.8,15.94
"848",118,1983,20.16,6.38,21.83,10.17,10.27,9.36,7.67
"849",119,1983,8.76,16.77,7.58,33.39,8.35,35.84,34.02
"850",120,1983,1.16,0.94,3.03,7.77,0.29,7.78,5.85
"851",121,1983,9.65,1.06,14.41,3.1,6.88,4.45,2.29
"852",122,1983,9.58,4.57,6.35,3.54,22.38,2.63,10.05
"853",123,1983,8.37,2.1,10.54,4.36,8.43,4.32,6.15
"854",124,1983,24.85,8.43,16.37,7.42,44.64,4.74,22.2
"855",125,1983,2.25,1.15,3.6,3.68,2.72,2.11,6.32
"856",126,1983,16.72,17.03,20.49,9.9,11.99,9.33,7.65
"857",127,1983,13.47,29.99,14.96,22.68,33.38,27.76,27.04
"858",128,1983,8.23,13.68,10.88,21.27,7.46,28.01,12.8
"859",129,1983,22.08,34.34,23.94,24.42,31.1,29.2,23.9
"860",130,1983,7.28,13.28,7.42,23.17,15.09,21.99,27.06
"861",131,1983,6.2,11.19,5.08,21.14,6.18,26.77,10.53
"862",132,1983,4.07,9,2.6,28.54,2.59,35.45,9.84
"863",133,1983,1.37,7.13,0.56,16.78,1.58,17.36,7.3
"864",134,1983,6.29,12.14,4.18,35.85,7.95,33.96,15.81
"865",135,1983,5.77,11.55,4.5,30.55,4.93,31.56,13.06
"866",136,1983,11.01,21.82,9.28,16.23,14.81,36.33,10.08
"867",137,1983,10.01,37.41,7.16,23.42,23.02,36.82,21.91
"868",138,1983,9.04,15.28,9.04,9.5,10.99,14.92,7.08
"869",139,1983,6.25,35.67,6.25,24.03,13.79,53.68,15.34
"870",140,1983,5.77,19.78,5.74,18.98,15,27.62,16.18
"871",141,1983,7.61,8.45,14.99,5.94,17.23,8.18,7.12
"872",142,1983,14.05,9.8,24.79,7.77,18.86,12.1,7.51
"873",143,1983,3.94,6.99,5.77,5.54,5.21,6.73,6.39
"874",144,1983,2.39,2.05,4.37,2.52,1.47,4.73,1.38
"875",145,1983,11.02,4.62,20.99,2.36,14.83,2.99,2.87
"876",146,1983,8.96,14.54,8.82,27.97,12.6,22.9,19.1
"877",147,1983,6.53,14.55,8.29,16.22,16.36,10.8,18.79
"878",148,1983,11.57,25.65,14.29,33.56,16.34,30.55,22.03
"879",149,1983,8.56,17.25,9.53,13.97,11.53,13.99,8.55
"880",150,1983,1.63,5.24,1.74,8.5,3.1,7.08,5.53
"881",151,1983,1.56,10.17,1.83,12.81,1.92,11.52,7.02
"882",152,1983,30.38,26.48,32.97,17.27,28.13,9.71,19.93
"883",153,1983,30.24,23.21,35.44,16.78,26.62,13.12,19.51
"884",154,1983,14.29,18.22,24.29,26.96,24.95,25.15,28.84
"885",155,1983,17.04,21.11,12.99,32.89,19.04,29.85,26.07
"886",156,1983,8.14,14.36,6.58,17.27,8.23,15.49,10.39
"887",157,1983,11.52,5.54,14.69,20.2,9.56,22.89,8.83
"888",158,1983,23.43,28.21,27.18,24.01,37.32,26.04,23.17
"889",159,1983,6.19,14.91,8.51,29.49,5.49,36.26,18.14
"890",160,1983,5.44,7.95,5.95,15.05,6.8,14.45,9.58
"891",161,1983,7.88,24.25,10.66,27.85,10.35,28.73,22.93
"892",162,1983,13,10.38,10.87,7.12,9.61,13.56,2.75
"893",163,1983,8.49,12.18,6.7,12.37,7.88,21.32,4.91
"894",164,1983,11.31,4.9,11.31,2.97,11.48,3.38,3.71
"895",165,1983,31.46,20.01,33.55,14.84,25.5,22.88,10.32
"896",166,1983,5.99,16.1,6.77,14.29,5.55,23.87,5.03
"897",167,1983,9.42,5.46,11.25,9.13,7.46,7.76,7.64
"898",168,1983,14.82,7.5,10.96,18.88,12.24,20.39,8.67
"899",169,1983,4.1,3.24,4.13,12.22,0.91,14.65,3.85
"900",170,1983,4.16,2.7,4.59,7.05,4.02,6.19,5.52
"901",171,1983,7.85,3.97,8.99,7.33,8.13,5.99,7.41
"902",172,1983,24.18,15.01,30.62,13.95,22.4,19.46,7.6
"903",173,1983,6.95,5.15,9.24,8.26,2.76,10.51,3.6
"904",174,1983,6.3,6.73,5.29,8.7,5.6,9.08,3.59
"905",175,1983,9.71,3.31,12.59,1.56,9.67,1.5,1.31
"906",176,1983,18.15,14.8,19.2,8.92,17.74,9.3,6.34
"907",177,1983,5.87,6.14,10.31,7.64,9.15,8.9,9.02
"908",178,1983,7.23,6.26,10.13,5.98,9.74,10.22,4.04
"909",179,1983,14.28,12.9,14.38,6.41,13.01,7.11,8.71
"910",180,1983,19.75,26.69,22.28,21.79,30.53,20.39,50.77
"911",181,1983,8.03,10.03,8.3,7.65,6.16,16.32,6.33
"912",182,1983,9.45,28.14,7.48,39,14.33,38.22,26.9
"913",183,1983,8.16,18.41,4.92,9.14,8.94,6.93,9.11
"914",184,1983,9.12,18.05,6.67,15.68,10.98,9.95,16.96
"915",185,1983,13.78,14.77,11.26,11.49,16.6,9.94,15.03
"916",186,1983,3.69,8.58,2.31,13.11,4.55,11.75,10.09
"917",187,1983,3.08,6.76,3.82,8.68,2.75,10.55,4.56
"918",188,1983,4.74,9.29,8.28,12.31,6.06,15.9,5.97
"919",189,1983,22.69,10.7,32.66,6.42,21.84,4.4,7.31
"920",190,1983,18.37,23.32,22.92,24.84,19.01,30.8,16.29
"921",191,1983,1.13,2.99,1,5.72,1.44,7.02,2.63
"922",192,1983,5.75,5.58,4.31,6.31,10.83,6.09,7.18
"923",193,1983,22.78,15.15,20.14,12.42,22.36,11.31,12.28
"924",194,1983,7.35,4.61,7.55,16.92,8.66,17.04,8.83
"925",195,1983,12.98,5.88,13.85,7.57,14.99,8.86,9.18
"926",196,1983,14.98,9.62,16.76,20.33,24.97,22.85,16.87
"927",197,1983,8.98,3.72,12.4,3.28,10.02,4.14,2.65
"928",198,1983,18.03,18.47,17.37,5.36,18.26,8.28,5.21
"929",199,1983,10.91,9.75,11.19,5.71,13.71,10.76,4.83
"930",200,1983,8.65,8.67,7.11,4.78,13.06,6.47,7.22
"931",201,1983,25.87,24.51,24.56,7.17,34.09,12.01,14.02
"932",202,1983,13.82,17.26,12.98,15.9,8.75,21.52,7.69
"933",203,1983,16.14,13.46,17.92,13.61,14.56,15.07,9.72
"934",204,1983,19.18,34.98,22.61,39.12,28.34,50.99,21.43
"935",205,1983,1.36,2.97,1.61,6.25,1.66,8.91,1.99
"936",206,1983,1.31,1.21,2.27,3.41,1.17,2.58,2.04
"937",207,1983,6.33,5.65,6.33,6.75,4.83,9.91,5.05
"938",208,1983,7.1,5.41,7.58,10.84,10.42,9.82,9.87
"939",209,1983,9.3,7.97,10.25,12,8.26,18.01,10.32
"940",210,1983,11.1,12.23,13.11,16.24,15.88,30.03,8.62
"941",211,1983,5.25,5.11,4.92,7.49,7.1,8.16,7.84
"942",212,1983,20.76,14.73,21.95,19.75,21.03,30.53,15.86
"943",213,1983,11.31,8.97,11.43,7.32,14.74,13.19,5.23
"944",214,1983,11.28,9.95,9.77,7.25,10.53,12.96,5.28
"945",215,1983,6.33,9.89,12.59,8.43,14.33,11.03,21.24
"946",216,1983,4.74,5.73,5.95,1.86,6.15,2.52,3.21
"947",217,1983,7.39,6.97,7.48,5.04,9.61,9.88,3.62
"948",218,1983,5.1,5.97,6.56,11.85,3.36,14.23,6.34
"949",219,1983,4.23,11.79,3.58,13.08,5.65,13.16,11.97
"950",220,1983,2.95,1.6,3.51,4.52,1.12,3.46,3.16
"951",221,1983,7.35,8.12,8.99,11.54,3.21,17.23,4.95
"952",222,1983,4.34,3.89,4.29,6.03,1.15,7.25,3.09
"953",223,1983,6.95,1.29,9.23,4.66,2.75,2.47,2.43
"954",224,1983,3.24,4.78,2.93,9.42,3.96,3.64,6.8
"955",225,1983,6.67,1.67,7.55,3.69,2.1,1.95,1.53
"956",226,1983,8.63,8.06,7.51,11.78,4.36,7.95,4.47
"957",227,1983,14.78,19.47,16.7,37.56,11.23,25.08,16.9
"958",228,1983,12.48,12.76,11.63,9.49,7.77,11.63,7.53
"959",229,1983,9.81,10.97,10.85,9.51,6.65,12.75,5.04
"960",230,1983,9.61,11.1,12.36,11.18,6.28,18.25,6.14
"961",231,1983,9.66,9.78,11.6,6.69,4.32,8.88,3.87
"962",232,1983,5.61,8.31,6.8,6.76,4.97,10.2,4.51
"963",233,1983,8.99,8,10.69,11.83,10.35,14.7,9.29
"964",234,1983,9.95,7.57,14.04,8,9.54,8.68,11.06
"965",235,1983,7.92,7.87,10.35,10.1,9.3,10.32,11.68
"966",236,1983,7.89,6.75,10.86,11.74,8.05,12.14,9.05
"967",237,1983,9.11,8.66,10.38,8.48,6.84,9.58,7.58
"968",238,1983,10.14,17.07,12.11,18.29,16.63,27.1,15.38
"969",239,1983,3.02,8.05,2.71,5.15,6.2,5.9,4.32
"970",240,1983,21.58,12.98,25.88,12.32,15.79,13.86,14.69
"971",241,1983,7.71,11.09,7.3,16.29,6.06,26.94,8.27
"972",242,1983,6.85,10,8.39,16.24,7.91,25.15,10.19
"973",243,1983,1.36,0.73,1.49,2.24,0.6,2.73,1.35
"974",244,1983,5.49,2.28,9.46,8.23,4.61,3.8,11.5
"975",245,1983,19.56,23.24,23.79,31.38,24.61,31.68,30.5
"976",246,1983,2.41,3.96,4.6,17.35,4.82,20.83,5.7
"977",247,1983,7.82,6.38,10.52,9.79,9.47,5.67,11.92
"978",248,1983,6.31,9.71,9.57,15.62,8.83,9.16,15.62
"979",249,1983,6.64,5.37,7.92,17.36,4.46,16.57,16.95
"980",250,1983,4.25,6.15,3.8,18.02,2.36,25.81,6.71
"981",251,1983,9.34,7.33,9.3,19.61,5.06,20.86,13.98
"982",252,1983,5.9,7.79,6.75,14.98,4.39,16.73,9.15
"983",253,1983,4.55,3.76,6.44,15.13,6.34,18.36,9.01
"984",254,1983,3.66,7.41,5.38,4.32,1.78,10.39,2.9
"985",255,1983,2.66,4.51,4.42,4.65,1.62,8.27,3.31
"986",256,1983,5.48,9.95,6.79,14.65,3.09,38.86,7.98
"987",257,1983,2.03,11.81,3.21,12.13,1.6,33.61,4.15
"988",258,1983,1.74,0.55,1.99,1.62,0.5,2.2,1.62
"989",259,1983,15.71,24.5,17.31,25.24,19.65,24.19,32.65
"990",260,1983,11.44,7.9,14.16,20.61,9.34,24.17,14.83
"991",261,1983,5.21,6.91,5.53,4.06,8.49,2.84,6.62
"992",262,1983,7.22,17.98,7.99,14.8,8.94,15.61,17.14
"993",263,1983,12.8,27.26,13.45,25.45,15.62,34.87,18.16
"994",264,1983,4.16,7.76,3.9,14.6,7.07,12.08,12.4
"995",265,1983,13.2,9.53,9.25,12.46,15.81,11.63,15.48
"996",266,1983,13.87,16.69,11.01,18.21,11.24,24.93,13.74
"997",267,1983,4.6,11.74,3.9,26.8,5.31,26.03,11.83
"998",268,1983,2,1.2,1.25,7.98,1.38,7.76,4.74
"999",269,1983,3.61,3.82,6.17,10,5.49,10.76,9.64
"1000",270,1983,1.51,2.25,2.71,10.53,4.54,9.91,6.48
"1001",271,1983,2.28,2.31,5.88,7.69,5.51,9.48,4.61
"1002",272,1983,2.95,2.05,5.32,5.35,8.6,3.38,5.76
"1003",273,1983,7.49,12.5,10.03,16.76,18.24,19.97,14.46
"1004",274,1983,5.67,9.66,5.43,8.7,8.76,8.99,7.84
"1005",275,1983,13.89,33.62,11.79,19.63,28.07,23.12,16.54
"1006",276,1983,7.71,19.82,7.71,25.84,10.05,30.36,15.37
"1007",277,1983,8.97,16.66,8.61,26.11,12.59,29.87,17.51
"1008",278,1983,7.04,5.38,4.4,7.94,5.86,6.96,6.81
"1009",279,1983,1.84,0.8,2.91,0.35,1.28,1.02,1.01
"1010",280,1983,4.6,1.48,7.76,0.34,2.13,0.56,1.49
"1011",281,1983,5.18,5.16,7.1,0.57,7.6,1.48,4.79
"1012",282,1983,2.47,3.35,3.89,0.61,3.02,0.49,2.98
"1013",283,1983,4.98,1.1,9.67,0.63,2.18,0.5,3.43
"1014",284,1983,8.61,12.46,10.68,17.13,6.77,17.83,14.12
"1015",285,1983,6.92,9.17,7.84,15.41,6.44,18.76,15.65
"1016",286,1983,8.58,3.42,16.21,8.38,6.6,6.88,11
"1017",287,1983,10.57,7.46,14.81,11.18,10.09,17.06,9.52
"1018",288,1983,2.14,1.13,5.11,5.1,2.29,3.55,5.62
"1019",289,1983,10.86,3.14,9.88,7.04,10.69,5.72,5.07
"1020",290,1983,16.89,19.41,11.28,22.82,14.17,25.33,17.05
"1021",291,1983,6.78,6.2,5.08,10.44,8.32,10.89,7.25
"1022",292,1983,10.38,38.69,8.53,34.34,21.41,47.85,25.47
"1023",293,1983,24.54,16.12,24.82,25.22,26.28,34.66,15.57
"1024",294,1983,4.6,9.15,4.96,6.82,6.85,8.94,8.31
"1025",295,1983,3.1,2.68,3.82,4.99,2.08,5.07,3.94
"1026",296,1983,8.33,11.17,8.45,13.22,8.19,21.36,6.4
"1027",297,1983,16.86,10.47,26.63,12.28,12.22,19.24,6.89
"1028",298,1983,19.64,13.35,27.63,13.35,21.42,28.09,8.38
"1029",299,1983,9.45,10.38,9.23,7.68,9.4,10.3,9.61
"1030",300,1983,5.65,1.31,7.2,3,2.8,2.2,2.36
"1031",301,1983,10.35,10.33,10.62,8.38,10.07,8.45,11.16
"1032",302,1983,10.35,11.35,10.76,15.05,10.87,24,9.41
"1033",303,1983,6.24,2.68,6.96,4.72,5.2,4.51,6.37
"1034",304,1983,3.61,7.12,3.02,5.6,3.57,4.52,10.44
"1035",305,1983,6.52,4.79,2.62,2.44,4.31,1.23,6.18
"1036",306,1983,2.87,0.86,2.69,0.78,0.77,0.29,1.16
"1037",307,1983,5.42,3.42,4.19,1.86,3.02,1.46,2.41
"1038",308,1983,0.49,0.25,0.57,0.61,0.3,0.63,0.61
"1039",309,1983,0.79,0.55,0.94,0.31,0.49,0.26,0.63
"1040",310,1983,0.7,2.46,0.48,2.47,1.21,8.79,0.41
"1041",311,1983,0.43,0.6,0.65,0.55,0.66,1.23,0.36
"1042",312,1983,0.1,0.14,0.11,0.41,0.15,1.04,0.2
"1043",313,1983,0.07,0.4,0.13,1.67,0.16,3.2,0.87
"1044",314,1983,0.24,0.97,0.24,0.92,0.41,2.63,0.36
"1045",315,1983,1.29,1.81,0.1,2.15,0.37,1.5,1.74
"1046",316,1983,0.26,0.14,0.05,1.37,0.09,0.79,1.14
"1047",317,1983,0.15,0.17,0.01,0.38,0.05,0.21,1.46
"1048",318,1983,0.09,0.16,0.01,0.74,0.02,0.48,1.4
"1049",319,1983,0.2,0.25,0.01,2.07,0.06,1.39,1.28
"1050",320,1983,3.71,14.67,3.21,4.16,4.7,6.97,17.77
"1051",321,1983,1.71,12.68,1.43,7.5,4.61,8.87,19.66
"1052",322,1983,2.14,7.46,2.2,4.07,7.02,2.7,11.81
"1053",323,1983,1.91,3.98,1.78,2.67,2.82,2.52,7.5
"1054",324,1983,1.73,6.69,1.48,5.84,4.96,13.82,8.24
"1055",325,1983,2.65,12.42,1.94,9.18,9.18,7.32,9.87
"1056",326,1983,0.31,1.89,0.46,4.44,0.73,2.98,2.65
"1057",327,1983,0.54,1.48,0.52,1.86,1.1,1.02,2.04
"1058",328,1983,0.52,1.57,0.65,2.72,1.61,1.56,4.22
"1059",329,1983,1.81,7.58,1.82,9.12,6.38,5.61,7.2
"1060",330,1983,7.57,11.77,8.72,9.02,5.19,5.62,5.93
"1061",331,1983,3.81,4.43,5.62,4.11,3.49,4.26,2.22
"1062",332,1983,5.59,7.63,3.1,3.89,4.81,3.33,2.48
"1063",333,1983,4.6,6.58,5.05,4.95,2.71,2.61,4.07
"1064",334,1983,1.33,0.73,1.39,2.15,0.63,1.68,2.16
"1065",335,1983,0.82,1.31,1.03,2.3,0.41,1.98,1.3
"1066",336,1983,0.94,0.37,1.25,2.01,0.24,1.71,1.23
"1067",337,1983,4,7.75,4.64,11.71,3.37,17.05,4.89
"1068",338,1983,3.92,5.71,4.69,14.17,5.27,16.42,9.26
"1069",339,1983,0.53,1.73,0.86,4.29,0.57,3.37,2.81
"1070",340,1983,0,0.42,0,2.2,0.04,1.36,2.47
"1071",341,1983,0.02,1.52,0.01,5.08,0.1,7.27,2.26
"1072",342,1983,0.04,0.37,0.01,2.1,0.12,1.3,1.26
"1073",343,1983,0.04,0.63,0.01,2.73,0.17,2.23,1.92
"1074",344,1983,0.18,1.81,0.05,3.01,0.61,3.22,2.64
"1075",345,1983,7.16,14.68,5.68,7.24,10.53,12.25,11.61
"1076",346,1983,4.8,3.21,4.73,2.64,10.11,3.81,6.39
"1077",347,1983,7.67,13.38,4.91,6.75,19.98,12.78,14.13
"1078",348,1983,9.78,6.89,7.64,4.7,20.31,7.82,5.91
"1079",349,1983,6.74,5.39,5.5,2.95,8.53,4.84,3.11
"1080",350,1983,1.78,0.86,1.59,2.07,1.72,2.96,0.94
"1081",351,1983,0.69,0.66,0.64,1.76,1.13,1.43,0.92
"1082",352,1983,0.48,0.94,0.59,1.71,0.47,1.57,1.18
"1083",353,1983,2.11,1.2,2.83,2.38,2.88,3.49,1.58
"1084",354,1983,0.52,0.49,0.42,1.24,1.48,1.1,1.22
"1085",355,1983,0.06,2.08,0,4.19,0.25,7.37,1.53
"1086",356,1983,0.01,0.16,0,0.81,0.01,0.81,0.26
"1087",357,1983,0,0.09,0,0.9,0.02,1.11,0.31
"1088",358,1983,0.03,0.5,0,1.06,0.12,2.17,0.36
"1089",359,1983,0.01,0.1,0,1.32,0.02,1.59,0.52
"1090",360,1983,0.11,2.63,0.54,4,0.13,6.87,1.94
"1091",361,1983,0.15,2.33,0.57,3.61,0.11,5.91,1.99
"1092",362,1983,0.06,1.1,0.27,3.87,0.01,6.13,1.75
"1093",363,1983,0,0.01,0,0.19,0,0.14,0.14
"1094",364,1983,0,0,0,0.09,0,0.03,0.23
"1095",365,1983,0,0.05,0.03,0.22,0,0.16,0.26
"1096",1,1984,0,0.16,0,0.36,0.03,0.92,0.23
"1097",2,1984,0.01,0.37,0,0.83,0.05,0.86,0.59
"1098",3,1984,0.01,0.29,0,0.88,0.07,0.85,0.54
"1099",4,1984,0.02,0.34,0,0.99,0.1,1.13,0.48
"1100",5,1984,0.01,0.25,0,1.29,0.05,1.54,0.6
"1101",6,1984,0.01,0.04,0.23,0.97,0.02,1.04,0.37
"1102",7,1984,0.13,1.87,0.42,3.92,0.38,7.99,1.57
"1103",8,1984,0.02,0.26,0.02,1.07,0.04,2.22,0.36
"1104",9,1984,0,0.03,0,0.39,0.02,0.44,0.17
"1105",10,1984,0,0,0,0.26,0,0.35,0.1
"1106",11,1984,0.01,0.02,0.02,0.31,0.02,0.14,0.81
"1107",12,1984,0,0.12,0,0.53,0.03,0.44,0.6
"1108",13,1984,0,0.02,0.01,0.75,0,0.41,0.61
"1109",14,1984,0.01,0.05,0.03,0.24,0.01,0.29,0.22
"1110",15,1984,0.45,1.08,0.73,2.33,0.57,2.47,1.52
"1111",16,1984,2.53,3.18,3.25,2.13,2.75,1.66,1.95
"1112",17,1984,7.13,25.18,8.74,10.59,12.36,15.15,6.63
"1113",18,1984,4.52,4.53,4.64,2.67,3.11,2.99,2.16
"1114",19,1984,5.54,11.32,4.64,16.42,2.63,17.01,7.04
"1115",20,1984,1.05,4.61,1.25,4.09,2.61,4.37,2.02
"1116",21,1984,0.07,0.18,0.03,1.06,0.11,0.85,0.65
"1117",22,1984,0.13,1.11,0.05,3.75,0.34,4.66,1.99
"1118",23,1984,0.03,0.09,0.01,0.25,0.04,0.21,0.29
"1119",24,1984,0.11,0.46,0.05,0.32,0.22,0.35,0.34
"1120",25,1984,0.02,0.06,0.01,0.35,0.03,0.36,0.39
"1121",26,1984,0.02,0.32,0,0.59,0.14,0.7,0.48
"1122",27,1984,0.05,1.43,0,2.13,0.25,3.19,1.21
"1123",28,1984,0.01,0.32,0,0.8,0.06,1.61,0.48
"1124",29,1984,0,0,0,1.76,0,1.12,0.88
"1125",30,1984,0,0,0,0.91,0,0.54,0.42
"1126",31,1984,0,0.02,0,0.49,0,0.31,0.27
"1127",32,1984,3.97,0.74,6.15,2.18,1.33,3.62,0.64
"1128",33,1984,2.66,4.01,4.57,10.83,4.09,19.1,3.08
"1129",34,1984,0.58,0.89,0.99,4.94,0.89,6.35,1.65
"1130",35,1984,0.06,0.16,0.09,2.1,0.05,2.53,0.59
"1131",36,1984,0.05,0.37,0.09,2.42,0.11,3.1,1.07
"1132",37,1984,0.01,0.12,0,1.72,0.02,1.47,0.91
"1133",38,1984,0,0.02,0,0.93,0,0.73,0.67
"1134",39,1984,0.08,1.01,0.04,0.81,0.19,1.7,0.36
"1135",40,1984,0.01,0.4,0,2.32,0.04,2.67,1.18
"1136",41,1984,0,0.18,0,1.64,0.01,2.3,0.69
"1137",42,1984,0.43,0.17,0.21,1.98,0.11,2.43,0.56
"1138",43,1984,0,0.05,0,2.66,0,2.12,0.82
"1139",44,1984,0.43,0.08,0.28,1.85,0.08,1.75,0.93
"1140",45,1984,0.79,0.56,0.52,0.74,0.23,0.7,0.83
"1141",46,1984,1.41,1.4,0.53,4.31,0.32,2.71,2.46
"1142",47,1984,0.22,0.69,0.46,1.63,0.77,2.21,1
"1143",48,1984,0.15,0.29,0.31,2.61,0.58,2.58,1.42
"1144",49,1984,0.24,0.31,0.6,1.12,0.78,0.97,0.73
"1145",50,1984,0.13,0.19,0.31,1.54,0.35,1.14,0.84
"1146",51,1984,0.25,0.25,0.55,1.08,0.61,0.88,0.62
"1147",52,1984,0.92,0.46,0.96,1.52,1.49,1.57,1.43
"1148",53,1984,8.17,5.11,8.98,6.39,12.32,10.91,6.91
"1149",54,1984,7.06,3.84,7.94,5.88,14.17,9.12,6.55
"1150",55,1984,0.46,1.55,0.41,6.96,1.43,9.38,2.89
"1151",56,1984,0.02,0.02,0.02,2.84,0.07,2.26,1.48
"1152",57,1984,0,0.09,0,1.74,0,1.85,0.96
"1153",58,1984,0,0.08,0,0.63,0,1.06,0.18
"1154",59,1984,0.05,0.15,0.02,0.56,0.1,0.87,0.2
"1155",60,1984,0.18,2.45,0.05,4.54,0.33,6.41,2.01
"1156",61,1984,0.01,0.51,0.1,3.26,0.6,3.45,3.26
"1157",62,1984,0.03,0.04,0.01,1.68,0.03,1.15,1.06
"1158",63,1984,0,0.17,0.06,3.18,0.13,3.8,1.17
"1159",64,1984,0,0.05,0.1,0.86,0.07,0.74,0.53
"1160",65,1984,0.24,1.51,0.37,4.21,1.95,6.8,2.32
"1161",66,1984,0.21,0.7,1.43,1.27,0.58,2.31,3.78
"1162",67,1984,0.01,0.18,0.04,0.65,0.04,1.28,1.56
"1163",68,1984,0.03,0.08,0.12,0.22,0.07,0.43,0.81
"1164",69,1984,0.01,0.04,0.04,0.09,0.07,0.11,0.35
"1165",70,1984,0,0.01,0,0.12,0,0.2,0.35
"1166",71,1984,0,0,0,0.36,0,0.26,0.2
"1167",72,1984,0,0.41,0,0.3,0.01,0.23,0.17
"1168",73,1984,0,0.31,0,0.69,0.01,1.22,0.25
"1169",74,1984,0,0.07,0,0.35,0,0.55,0.28
"1170",75,1984,0,0,0,0.16,0,0.11,0.21
"1171",76,1984,0,0.02,0,0.04,0,0.1,0.02
"1172",77,1984,0,0.01,0,0.21,0,0.31,0.09
"1173",78,1984,0,0.03,0,0.38,0,0.44,0.24
"1174",79,1984,0.02,0.35,0.01,0.62,0,2.16,0.55
"1175",80,1984,0.17,0.62,0.03,0.63,0,1.81,0.33
"1176",81,1984,0,0.14,0.03,0.95,0,1.99,0.43
"1177",82,1984,0,0.07,0.04,0.59,0,1.04,0.36
"1178",83,1984,0,0.29,0.21,0.44,0,1.1,0.29
"1179",84,1984,0,0.06,0.02,0.18,0,0.37,0.15
"1180",85,1984,0,0.01,0.01,0.04,0,0.12,0.09
"1181",86,1984,0,0.03,0,0.56,0,0.39,0.57
"1182",87,1984,0,0,0.01,0.79,0,0.49,0.68
"1183",88,1984,1.99,0.1,3.48,1.28,2.14,0.85,1.84
"1184",89,1984,1.69,1.44,3.32,3.54,2.78,3.14,2.39
"1185",90,1984,1.32,2.33,2.15,6,2.66,4.61,4.9
"1186",91,1984,0.83,0.97,1.29,1.95,0.98,1.62,2.56
"1187",92,1984,2.45,2.89,1.13,1.21,1.83,3.85,2.47
"1188",93,1984,0.04,0.02,0.02,0.08,0.01,0.04,0.27
"1189",94,1984,0.11,0.13,0.01,0.49,0.03,0.53,0.5
"1190",95,1984,0.01,0.05,0,0.41,0,0.31,0.56
"1191",96,1984,0.01,0,0,0.32,0,0.19,0.48
"1192",97,1984,0.11,0.02,0.22,0.06,0.01,0.1,0.12
"1193",98,1984,0.38,0.28,0.48,0.82,0.46,0.89,0.84
"1194",99,1984,0.21,0.41,0.82,0.67,0.4,1.03,0.76
"1195",100,1984,0.18,0.01,0.23,0.08,0.11,0.08,0.17
"1196",101,1984,0.65,0.1,0.8,0.95,0.22,0.61,0.75
"1197",102,1984,3.96,3.54,2.63,10.13,4.64,7.72,8.21
"1198",103,1984,5.15,3.13,6.4,8.22,4.9,11.63,7.36
"1199",104,1984,8.44,3.37,10.06,9.74,7.92,8.78,10.93
"1200",105,1984,2.97,3.95,5.62,13.03,3.16,13.09,11.96
"1201",106,1984,1.74,0.17,2.92,1.59,0.71,0.91,1.62
"1202",107,1984,0,0.01,0,0.43,0.13,1.12,0.4
"1203",108,1984,0,0,0,0.26,0,0.52,0.07
"1204",109,1984,0,0,0,0.03,0,0.03,0.04
"1205",110,1984,0,0,0,0.09,0,0.1,0.01
"1206",111,1984,0,0,0,0.34,0,0.4,0.11
"1207",112,1984,0,0.01,0,0.12,0,0.07,1.1
"1208",113,1984,0.01,0.03,0,0.15,0.03,0.09,1.57
"1209",114,1984,0.07,0.18,0.17,0.71,0.07,0.28,5.53
"1210",115,1984,0.21,0.3,0.26,0.72,0.33,0.3,1.98
"1211",116,1984,6.52,9.15,7.33,8.39,15.62,2.76,15.13
"1212",117,1984,15.44,9.71,11.79,4.07,13.98,5.62,6.67
"1213",118,1984,4.13,9.09,2.71,7.57,4.16,11.16,6.06
"1214",119,1984,7.61,11.95,6.62,16.69,10.82,23.02,13.65
"1215",120,1984,14.61,16.25,15.56,23.57,26.51,25.84,28.97
"1216",121,1984,12.66,21.53,10.9,33.86,14.41,51.25,25.78
"1217",122,1984,1.96,3.26,3.1,5.83,1.29,8.86,1.13
"1218",123,1984,7.62,5.91,7.43,3.6,5.48,6.13,0.43
"1219",124,1984,1.87,2.29,1.34,4.38,1.16,4.78,0.49
"1220",125,1984,0.31,0.31,0.24,0.39,0.18,0.35,0.05
"1221",126,1984,0.64,1.25,0.35,1.04,0.28,2.09,0.1
"1222",127,1984,0.06,0.03,0.08,0.21,0.24,0.18,0.2
"1223",128,1984,0.04,0.11,0.05,0.29,0.2,0.63,0.45
"1224",129,1984,0.17,0.25,0.14,0.61,1.08,0.65,0.71
"1225",130,1984,1.14,0.62,1.4,1.74,1.66,2.22,2.24
"1226",131,1984,12.35,5.57,12.9,4.47,26.39,5.09,7.86
"1227",132,1984,16.64,21.45,28.41,32.04,30.91,39.46,25.93
"1228",133,1984,8.49,15.04,12.78,28.32,11.06,19.93,25.32
"1229",134,1984,3.76,12.51,5.65,17.91,7.18,17.97,25.41
"1230",135,1984,2.61,5.82,1.25,16.02,4.97,13.33,20.21
"1231",136,1984,0.32,2.71,0.59,11.47,2.46,5.67,16.6
"1232",137,1984,8.5,14.85,10.91,18.13,19.06,19.45,18.65
"1233",138,1984,10.58,15.05,12.53,24.56,19.41,22.07,29.86
"1234",139,1984,4.14,7.91,5.85,10.77,6.1,14.09,7.39
"1235",140,1984,2.66,11.36,2.4,12.42,8.1,14.55,9.22
"1236",141,1984,10.59,17.79,14.02,20.74,12.89,27.91,15.2
"1237",142,1984,0.45,0.35,1.26,3.27,2.52,2.21,4.44
"1238",143,1984,0.12,0.23,0.15,3.22,0.11,3.57,2.22
"1239",144,1984,8.9,9.87,12.27,11.43,8.4,22.18,8.63
"1240",145,1984,0.74,3.44,0.66,7.52,2.09,8.03,9.93
"1241",146,1984,8.77,10.2,8.04,17.28,12.34,17.81,12.38
"1242",147,1984,30.62,29.5,26.51,23.39,16.23,29.95,25.77
"1243",148,1984,12.37,16.06,8.78,20.28,10.38,23.66,13.6
"1244",149,1984,10.62,9.71,11.44,17.37,7.64,23.39,10.44
"1245",150,1984,5.75,5.82,6.56,19.45,6.75,12.47,17.62
"1246",151,1984,9.75,3.44,10.42,5.87,7.61,6.41,4.5
"1247",152,1984,30.11,35.18,24.73,31.21,24.94,38.29,24.5
"1248",153,1984,14.7,12.48,13.94,11.05,11.55,12.99,8.48
"1249",154,1984,13.53,9.89,11.93,8.73,13.09,8.78,11.89
"1250",155,1984,8.43,6.9,6.45,4.86,7.91,3.17,12.22
"1251",156,1984,14.03,12.9,14.13,9.69,17.39,10.36,20.42
"1252",157,1984,14.2,9.17,14.55,10.56,12.11,14.61,10.34
"1253",158,1984,8.75,10.88,9.23,14.4,9.39,13.86,12.6
"1254",159,1984,6.39,15.53,5.87,20.65,10.11,26.09,11.76
"1255",160,1984,11.54,17.42,14.42,21.08,20.09,26.74,19.01
"1256",161,1984,1.25,3.84,1.18,4.97,3.65,3.58,5.98
"1257",162,1984,5.97,5.65,7.24,8.5,6.99,6.47,7.13
"1258",163,1984,11.89,14.02,11.16,14.65,13.02,23.38,8.05
"1259",164,1984,7.85,8.76,6.07,7.89,8.76,10.6,5.74
"1260",165,1984,13.42,30.81,9.95,15.1,12.57,25.21,7.79
"1261",166,1984,8.23,9.5,10.05,11.54,8.8,19.86,6.66
"1262",167,1984,9.2,8.82,6.81,4.44,5.84,4.93,3.79
"1263",168,1984,18.28,8.13,18.16,11.46,15.34,10.67,10.28
"1264",169,1984,20.15,11.62,25.04,9.66,17.76,11.41,9.03
"1265",170,1984,15.07,4.47,20,7.14,14.64,8.09,5.66
"1266",171,1984,3.18,1.52,4.86,5.92,3.87,4.37,4.59
"1267",172,1984,0.83,0.09,1.65,0.98,0.15,0.44,1
"1268",173,1984,8.98,2.28,14.34,2.7,4.3,1.25,3.41
"1269",174,1984,12.59,15.1,12.92,19.65,9.25,15.41,15.49
"1270",175,1984,9.21,9.73,9.46,19.14,7.38,17.19,8.74
"1271",176,1984,12.08,4.7,13.44,8.97,6.52,4.56,8.76
"1272",177,1984,9.94,12.98,10.06,14.03,8.2,11.22,11.49
"1273",178,1984,12.99,8.65,12.5,4.66,22.07,4.92,8.92
"1274",179,1984,15.55,21.84,11.47,12.11,16.55,18.21,13.82
"1275",180,1984,22.05,18.35,21.83,11.16,20.52,16.98,9.52
"1276",181,1984,17.97,11,17.62,8.46,17.04,12.94,8.5
"1277",182,1984,8.63,13.66,11.71,7.23,12.88,9.77,7.13
"1278",183,1984,31.58,13.38,35.7,9.33,22.06,10.79,12.39
"1279",184,1984,8.79,4.11,7.64,9.66,2.63,10.1,7.04
"1280",185,1984,12.09,6.01,12.76,7.45,9.22,7.66,6.19
"1281",186,1984,9.02,6.13,13.18,15.3,5.14,20.31,8.07
"1282",187,1984,14.39,7.74,14.16,6.8,12.69,6.58,7.69
"1283",188,1984,27.89,28.32,26.93,30.56,32.52,37.49,22.62
"1284",189,1984,17.57,15.01,18.19,24.98,18.08,34.67,24.36
"1285",190,1984,24.63,42.85,17.74,27.75,34.06,36,24.5
"1286",191,1984,15.99,11.51,13.51,18.91,16.9,17.53,16.89
"1287",192,1984,3.31,0.87,2.22,2.09,1.86,0.95,2.98
"1288",193,1984,1.48,10.37,0.94,12.57,4.48,16.7,13.77
"1289",194,1984,1.01,1.16,1.22,4.21,0.62,3.79,6.57
"1290",195,1984,2.62,1.58,4.56,5.96,5.58,4.47,8.25
"1291",196,1984,11.28,2.24,11.94,5.89,7.06,3.54,6.23
"1292",197,1984,7.18,5.78,9,13.14,10.72,13.27,9.95
"1293",198,1984,2.61,2.87,5.06,6.03,5.74,4.72,7.29
"1294",199,1984,4.67,1.82,7.26,8.73,6.03,6.91,4.89
"1295",200,1984,5.83,6.7,11.61,15,16.6,18.09,11.49
"1296",201,1984,7.91,8.71,13.71,13.55,14.67,14.52,10.73
"1297",202,1984,5.4,6.8,8.8,12.77,14.02,15.52,8.1
"1298",203,1984,5.49,4.55,3.82,6.47,4.76,7.97,6.37
"1299",204,1984,11.78,5.41,11.18,4.22,12.37,4.28,7.84
"1300",205,1984,3.62,1.84,4.38,2.28,3.6,1.78,4.67
"1301",206,1984,9.11,5.45,9.32,4.09,8.72,2.98,10.33
"1302",207,1984,2.71,3.32,3.42,5.53,3.2,5.67,6.08
"1303",208,1984,3.6,2.03,3.32,2.85,3.25,8.03,1.27
"1304",209,1984,2.05,1.45,2.04,3.76,1.24,10.46,0.85
"1305",210,1984,2.64,3.59,3.07,4.2,5.5,8.96,4.24
"1306",211,1984,3.98,3.15,3.22,3.94,3.21,8.59,3.4
"1307",212,1984,4.15,1.8,4.01,3.62,1.75,10.08,0.79
"1308",213,1984,0.96,1.87,0.94,3.38,0.83,7.67,1.69
"1309",214,1984,15.25,6.33,17.59,9.6,8.91,12.02,8.05
"1310",215,1984,8.21,3.18,11.67,6.91,5.49,6.82,5.28
"1311",216,1984,10.41,3.84,12.35,3.89,8.06,2.72,5.96
"1312",217,1984,12.17,4.65,15.11,4.96,9.09,5.23,3.58
"1313",218,1984,9.07,9.57,9.03,10.81,5.14,18.78,3.91
"1314",219,1984,5.11,1.5,7.95,2.69,4.32,1.11,4.31
"1315",220,1984,6.17,5.24,7.9,4.52,4.88,4.83,5.2
"1316",221,1984,10.42,10.95,10.99,8.98,10.63,7.66,11.46
"1317",222,1984,6.95,12.6,8.13,14.15,7.58,13.71,12.41
"1318",223,1984,8.15,9.08,10.44,17.91,5.15,24.23,11.42
"1319",224,1984,12.42,30.71,12.35,36.85,22.94,42.79,23.9
"1320",225,1984,8.56,2.42,8.11,6.8,5.6,5.09,5.36
"1321",226,1984,10.95,14.54,11.62,12.52,21.09,10.58,14.29
"1322",227,1984,5.98,6.16,7.41,19.52,5.31,24.04,7.68
"1323",228,1984,4.2,7.89,5.73,20.87,8.92,23.52,11.99
"1324",229,1984,8.69,8.81,10.28,13.89,9.96,13.79,11.15
"1325",230,1984,10.39,8.07,14.36,12.49,9.36,11.7,9.82
"1326",231,1984,11.61,10.42,15.07,18.27,12.36,19.55,15.69
"1327",232,1984,10.07,11.75,11.54,11.84,11.02,15.6,10.33
"1328",233,1984,9.65,9.14,12.76,6.81,5.38,6.47,11.45
"1329",234,1984,8.32,10.68,5.66,3.55,7.47,8.21,2.44
"1330",235,1984,2.08,1.28,3.64,2.13,1.19,2.23,1.88
"1331",236,1984,4.18,6.64,5.15,5.46,3.56,11.4,2.52
"1332",237,1984,8.91,17.25,7.21,2.16,7.85,2.56,1.88
"1333",238,1984,13.43,5.72,14.72,2.43,13.9,3.29,2.31
"1334",239,1984,22.1,13.57,22.1,6.88,14.88,5.03,8.27
"1335",240,1984,15.7,11.07,15.69,13.32,10.67,20.01,9.76
"1336",241,1984,11.58,11.4,13.18,12.76,8.54,18.88,5.98
"1337",242,1984,4.11,7.17,6.17,13.18,3.18,19.28,7.36
"1338",243,1984,0.88,4.59,2.15,14.78,1.44,21.38,6.38
"1339",244,1984,4.1,9.42,3.14,15.14,2.25,21.62,6.23
"1340",245,1984,9.35,9.79,15.22,10.06,6.11,14.04,5.03
"1341",246,1984,7.63,7.59,12.99,10.76,7.83,12.31,9.57
"1342",247,1984,7.7,7.05,12.63,5.23,8.62,4.86,8.85
"1343",248,1984,4.53,3.63,9.46,2.69,5.47,3.02,4.59
"1344",249,1984,3.93,1.59,5.33,1.01,3.49,0.59,2.98
"1345",250,1984,24.15,24.74,23.48,18.5,26.73,19.49,12.16
"1346",251,1984,3.05,0.87,3.69,3.08,2.57,1.56,3.83
"1347",252,1984,9.8,7.08,10.37,6.27,11.18,5.4,4.56
"1348",253,1984,23.65,28.36,20.92,18.93,24.6,19.42,12.86
"1349",254,1984,12.7,9.47,10.08,15.89,9.26,12.77,16.38
"1350",255,1984,17.12,45.12,13.15,34.77,28.87,58.83,19.05
"1351",256,1984,12.57,12.48,13.71,11.67,14.05,12.86,9.48
"1352",257,1984,3.08,8.49,2.7,14.82,7.86,15.15,9.96
"1353",258,1984,10.16,10.83,6.37,7.72,11.45,6.5,11.43
"1354",259,1984,5.12,10.35,4.52,6.82,8.9,4.19,7.3
"1355",260,1984,2.71,4.25,3.43,7.42,5.19,5.16,7.63
"1356",261,1984,3.89,2.09,4.56,6.16,4.01,5.03,5.72
"1357",262,1984,13.67,8.86,14.58,13.07,17.1,12.69,11.36
"1358",263,1984,2.72,3.58,3.09,11.28,5.52,7.6,15.37
"1359",264,1984,5.09,8.98,5.67,13.58,7.54,14.71,14.8
"1360",265,1984,9.15,18.27,11.52,10.49,15.03,12.05,10.33
"1361",266,1984,3.87,3.48,6.66,5.04,6.59,3.33,6.38
"1362",267,1984,6.42,21.11,9.88,10.07,15.42,11.48,13.25
"1363",268,1984,1.7,3.67,2.87,9.41,2.53,11.66,8.88
"1364",269,1984,0.3,2.57,0.55,9.77,0.72,9.53,6.32
"1365",270,1984,3.43,3.11,4.78,6.95,2.22,5.95,7.48
"1366",271,1984,7.57,4.27,7.75,3.66,5.97,4.54,6.14
"1367",272,1984,4.78,9.24,3.94,2.6,4.08,2.11,3.24
"1368",273,1984,13.4,10.56,17.42,10.88,10.45,13.65,13.22
"1369",274,1984,11.78,12.77,14.98,22.04,9.88,39.83,14.4
"1370",275,1984,3.12,21.77,2.17,24.07,2.34,39.12,15.2
"1371",276,1984,2.43,3.61,2.36,5.24,0.08,5.32,3.97
"1372",277,1984,6.04,19.63,5.28,17.42,2.02,22.75,11.46
"1373",278,1984,1.51,3.84,1.46,10.49,0.14,22.44,3.69
"1374",279,1984,4.01,5.08,2.99,9.56,0.63,7.22,7.96
"1375",280,1984,3.02,4.5,2.64,2.82,5.11,3.86,11.19
"1376",281,1984,5.14,6.1,4.76,5.55,5.34,10.07,11.96
"1377",282,1984,5.44,7.4,4.61,6.56,4.27,13.25,7.05
"1378",283,1984,2.58,5.14,1.56,3.82,3.58,6.56,6.78
"1379",284,1984,1.64,1.98,1.13,3.16,1.26,6.25,2.47
"1380",285,1984,7.16,4.83,7.89,6.55,4.8,5.33,6.65
"1381",286,1984,8.22,21.97,8.16,25.14,14.5,32.66,18.7
"1382",287,1984,4.09,11.44,3.82,23.02,8.97,33.77,13.15
"1383",288,1984,6.28,7.71,5.54,11.46,8.79,13.93,8.79
"1384",289,1984,6.33,13.31,5.14,15.19,7.91,17.89,9.96
"1385",290,1984,2.43,4.43,1.94,3.6,3.24,8.1,3.42
"1386",291,1984,8.42,14.51,6.54,5.21,14.5,8.79,6.88
"1387",292,1984,8.2,12.18,6.55,3.02,14.19,6.15,4.87
"1388",293,1984,6.66,6.69,3.27,2.63,11.79,7.35,3.1
"1389",294,1984,7.94,17.56,5.08,7.39,14.64,13.18,8.2
"1390",295,1984,5.58,7.13,4.06,5.33,5.25,5.58,4.46
"1391",296,1984,0.63,0.53,1.05,0.59,0.37,0.43,1.06
"1392",297,1984,3.73,5.22,3.74,4.71,3.68,4.25,6.23
"1393",298,1984,4.25,6.08,5.01,4.21,3.97,4.52,5.11
"1394",299,1984,4.05,4.5,5.05,3.98,4.34,4.41,5.1
"1395",300,1984,0.45,2.88,0.09,2.75,0.99,3.06,2.76
"1396",301,1984,2.22,9.36,0.96,7.14,2.14,9.26,4.64
"1397",302,1984,1.88,6.25,0.54,6.88,2.05,8.47,6.03
"1398",303,1984,0.62,1.76,0.4,4.48,0.31,6.64,5.69
"1399",304,1984,0.61,6.2,0.23,9.53,1.65,9.4,8.67
"1400",305,1984,1.97,11.74,0.7,15.31,3.01,16.42,16.77
"1401",306,1984,0.89,3.97,1.46,6.91,2.09,5.42,9.04
"1402",307,1984,1.15,1.56,1.98,4.22,1.73,2.19,5.2
"1403",308,1984,1.01,4.91,1.64,9.74,2.46,7.87,10.65
"1404",309,1984,1.44,4.12,1.96,5.01,3.58,3.65,8.38
"1405",310,1984,1.38,6.04,1.72,8.55,2.96,7.37,11.79
"1406",311,1984,5.25,10.94,4.17,12.23,6.48,10.35,11.75
"1407",312,1984,4,10.73,3.75,13.14,6.88,9.58,15.12
"1408",313,1984,8.59,14.97,6.33,17.34,18.12,18.16,24.53
"1409",314,1984,0.32,2.49,0.17,10.74,0.52,8.91,10.68
"1410",315,1984,1.22,4.62,0.73,10.32,3.89,6.49,14.14
"1411",316,1984,2.71,16.4,1.92,36.88,7.21,32.05,30.69
"1412",317,1984,4.11,22.8,2.36,56.41,8.15,50.53,45.17
"1413",318,1984,3.97,9.33,2.31,8.34,5.86,13.58,6.75
"1414",319,1984,1.89,4.54,1.8,13.34,3.52,12.97,7.43
"1415",320,1984,4.13,14.44,2.94,22.45,6.37,27.75,11.04
"1416",321,1984,4.1,2.93,6.51,1.79,5.09,1.17,2.28
"1417",322,1984,12.92,18.18,16.15,7.5,14.78,8.76,6.02
"1418",323,1984,13.4,13.02,21.09,8.63,15.15,8.47,8.51
"1419",324,1984,20.62,30.71,25.61,19.38,23.91,28.77,11.86
"1420",325,1984,11.92,10.57,13.91,8.36,17.6,9.57,6.91
"1421",326,1984,0.24,1.72,0.21,2.11,0.69,1.94,1.56
"1422",327,1984,0.37,1.06,0.22,2.05,1.31,2.5,1.72
"1423",328,1984,0.06,0.56,0.09,2.09,0.17,3.1,0.96
"1424",329,1984,0.02,0.29,0.02,1.49,0.07,0.9,1.13
"1425",330,1984,0.36,1.05,0.59,0.86,1.06,1,1.24
"1426",331,1984,11.91,10.37,11.66,8.21,12.06,8.33,10.34
"1427",332,1984,5.91,5.17,5.18,5.87,4.48,9.87,6.56
"1428",333,1984,8.94,8.41,6.15,6.6,7.25,6.82,11.36
"1429",334,1984,4.35,7.81,2.55,8.37,6.7,7.85,11.9
"1430",335,1984,1.87,1.28,1.37,1.86,1.16,1.67,2.92
"1431",336,1984,2.92,4.3,0.46,4.29,2.11,2.7,2.68
"1432",337,1984,1.31,2.41,0.1,5.38,0.89,7.8,2.17
"1433",338,1984,0.09,0.24,0.04,0.23,0.18,0.07,0.27
"1434",339,1984,0.45,0.51,0.09,1.2,0.45,0.72,0.72
"1435",340,1984,1.62,5.03,0.08,5.66,2.03,4.46,4.44
"1436",341,1984,0.07,0.68,0.03,0.71,0.39,3.01,0.67
"1437",342,1984,0.01,0.33,0.01,0.51,0.14,0.46,0.41
"1438",343,1984,0.01,0.05,0.01,0.23,0.04,0.29,0.33
"1439",344,1984,0.03,0.29,0.01,0.73,0.1,0.94,0.8
"1440",345,1984,0.02,0.27,0.01,3.15,0.1,2.93,1.92
"1441",346,1984,0.02,0.5,0,0.8,0.68,0.66,1.56
"1442",347,1984,0.05,2.4,0,0.92,1.19,1.34,1.48
"1443",348,1984,0.06,1.91,0,1.86,1.48,3.53,1.62
"1444",349,1984,0.04,1.21,0,2.14,0.69,4.99,1.07
"1445",350,1984,0,0.1,0,1.18,0.07,1.1,0.47
"1446",351,1984,0.01,0.74,0,1.02,0.02,0.8,0.71
"1447",352,1984,0.01,1.77,0,5.76,0.01,7.3,1.87
"1448",353,1984,0.05,6.82,0,22.41,0.23,24.57,11.51
"1449",354,1984,0,0.23,0,2.81,0.01,1.54,2.75
"1450",355,1984,0.02,1.7,0,5.23,0.07,4.41,2.49
"1451",356,1984,0.05,0.8,0,3.33,0.06,4.59,1.63
"1452",357,1984,0.18,2.13,0,8.61,0.3,9.32,4.39
"1453",358,1984,1.25,2.85,0,7.94,0.74,6.05,8.04
"1454",359,1984,0.6,6.79,0,6.26,0.57,7.93,4.84
"1455",360,1984,0.18,1.25,0,5.9,0.1,5.27,3.98
"1456",361,1984,0.01,0.86,0,2.65,0.09,4.59,0.76
"1457",362,1984,0.01,1.73,0,5.24,0.1,9.89,1.22
"1458",363,1984,0,0.05,0,0.52,0,0.45,0.26
"1459",364,1984,0,0.11,0,0.19,0.02,0.16,0.23
"1460",365,1984,0.01,0.55,0,0.65,0.08,0.62,0.4
"1461",366,1984,0,0.01,0,0.03,0,0.01,0.09
"1462",1,1985,0,0,0,0.21,0,0.1,0.23
"1463",2,1985,0,0.01,0,0.33,0.01,0.18,0.23
"1464",3,1985,0.01,0.48,0,1.25,0.07,2.06,0.49
"1465",4,1985,0.02,0.65,0,2.02,0.08,2.61,1.47
"1466",5,1985,0,0.1,0,0.59,0,0.75,0.36
"1467",6,1985,0,0.08,0,1.8,0.02,1.04,1.92
"1468",7,1985,0,0.1,0,1.02,0.01,0.54,1.3
"1469",8,1985,0,0.1,0,1.46,0,0.9,1.83
"1470",9,1985,0.06,0.67,0.04,1.4,0.17,0.89,1.9
"1471",10,1985,0.03,0.52,0.01,1.41,0.1,1.24,1.55
"1472",11,1985,0.05,0.47,0.03,0.79,0.09,1.02,0.47
"1473",12,1985,0.03,0.13,0.03,0.57,0.05,0.62,0.38
"1474",13,1985,0.03,0.02,0.03,0.37,0.04,0.18,0.26
"1475",14,1985,0.1,0.42,0.03,0.13,0.24,0.1,0.17
"1476",15,1985,0.03,0.04,0.03,0.14,0.05,0.11,0.13
"1477",16,1985,0,0,0.02,0.01,0,0,0.03
"1478",17,1985,0.49,0.33,0.17,0.08,0.08,0.04,0.08
"1479",18,1985,0.01,0.45,0,1.09,0.06,2.12,0.62
"1480",19,1985,0,0.01,0,0.43,0,0.43,0.22
"1481",20,1985,0,0,0,0.24,0,0.09,0.11
"1482",21,1985,0,0,0,0.07,0,0.01,0.07
"1483",22,1985,0.05,0.21,0.03,0.41,0.11,0.22,0.34
"1484",23,1985,0.06,1.18,0.04,2.53,0.23,5.12,1.33
"1485",24,1985,0.26,0.52,0.02,0.15,1.01,0.07,0.34
"1486",25,1985,0,0,0,0.1,0,0.04,0.08
"1487",26,1985,0,0.01,0,0.13,0,0.07,0.12
"1488",27,1985,0,0.09,0,0.55,0.01,1.16,0.25
"1489",28,1985,0.02,0.66,0,0.78,0.08,1.27,0.29
"1490",29,1985,0,0.08,0,1.33,0,1.37,0.65
"1491",30,1985,0,0.2,0,0.4,0.01,0.65,0.14
"1492",31,1985,0,0.01,0,0.04,0,0.07,0.03
"1493",32,1985,0,0.09,0,0.95,0,1.6,0.36
"1494",33,1985,0,0.1,0,1.09,0.01,1.62,0.51
"1495",34,1985,0.01,0.61,0,1.06,0.04,1.71,0.37
"1496",35,1985,0,0.09,0,0.94,0,1.6,0.25
"1497",36,1985,0,0.09,0,1.57,0,1.87,0.33
"1498",37,1985,0,0.08,0,0.06,0,0.08,0.01
"1499",38,1985,0,0.02,0,0.37,0,0.55,0.09
"1500",39,1985,0.02,0.65,0.03,3.19,0.08,5.75,0.86
"1501",40,1985,0.04,0.74,0.03,2.7,0.11,4.01,1.1
"1502",41,1985,0.02,0.34,0.03,2.45,0.09,2.71,1.29
"1503",42,1985,0.49,2.48,0.57,5.66,0.85,9.35,2.36
"1504",43,1985,0.02,0.02,0.02,1.57,0,1.08,0.74
"1505",44,1985,0.02,0,0.02,1.08,0,0.59,0.62
"1506",45,1985,0.02,0.13,0.02,1.09,0.01,0.75,0.57
"1507",46,1985,0.02,0,0.02,1.72,0,1.1,0.93
"1508",47,1985,0.01,0.07,0.01,0.83,0.01,0.54,0.43
"1509",48,1985,0.01,0.3,0.03,1.13,0.02,2.26,0.33
"1510",49,1985,0.01,0.3,0,1.2,0.02,1.31,0.65
"1511",50,1985,0.22,0.15,0.27,0.34,0.19,0.16,0.32
"1512",51,1985,0,0.19,0,1.54,0,1.2,1.08
"1513",52,1985,0.14,0.05,0.1,1.31,0.01,0.26,1.19
"1514",53,1985,0.4,0.5,0.58,5.38,0.25,2.38,5.06
"1515",54,1985,0.02,0.35,0,1.75,0.01,0.71,4.74
"1516",55,1985,0.17,0.84,0.07,1.8,0.3,1.02,2.83
"1517",56,1985,0,0.42,0,5.98,0,3.18,5.54
"1518",57,1985,0,0.1,0,1.96,0,2.19,0.66
"1519",58,1985,0.1,0.44,0.04,2.78,0.07,2.61,1.15
"1520",59,1985,0.49,13.96,0.07,24.4,1.92,38.71,8.97
"1521",60,1985,0.01,0.28,0,0.97,0.04,1.68,0.44
"1522",61,1985,0.01,0.57,0,1.92,0.06,2.7,1.35
"1523",62,1985,0,0.08,0,0.67,0.01,0.81,0.5
"1524",63,1985,0,0.09,0,0.91,0.01,1.28,0.43
"1525",64,1985,0.01,0.56,0,1.93,0.07,2.32,1.86
"1526",65,1985,0,0.2,0,5.69,0.02,2.31,5
"1527",66,1985,0.01,0.36,0,9.61,0.02,4.21,5.01
"1528",67,1985,0,0.02,0,3.84,0,1.24,2.86
"1529",68,1985,0,0,0,0.54,0,0.14,0.55
"1530",69,1985,0,0,0,0.46,0,0.1,0.72
"1531",70,1985,0,0.01,0,0.23,0,0.11,0.67
"1532",71,1985,0,0.22,0,0.82,0.01,0.83,1.88
"1533",72,1985,0,0.49,0,1.69,0.02,1.86,4.56
"1534",73,1985,0,0.16,0,0.85,0,1.03,1.53
"1535",74,1985,0,0,0,0.17,0,0.12,0.5
"1536",75,1985,0,0,0,0.35,0,0.15,0.35
"1537",76,1985,0,0.04,0,0.72,0,0.49,0.7
"1538",77,1985,0,0.22,0,1.75,0,1.74,1.17
"1539",78,1985,0,0.11,0,0.76,0,0.36,0.94
"1540",79,1985,0,0.19,0,1.08,0,0.93,1.08
"1541",80,1985,0,0.01,0,0.41,0,0.42,0.36
"1542",81,1985,0,0.13,0,0.66,0,0.83,0.25
"1543",82,1985,0,0.01,0,0.28,0,0.38,0.1
"1544",83,1985,0.01,0.01,0,0.32,0,0.36,0.07
"1545",84,1985,0.39,0.5,0.19,1.36,0,3.47,0.19
"1546",85,1985,1.84,1.77,1.53,3.07,2.11,2.27,1.65
"1547",86,1985,4.65,4.77,5.82,4.05,5.53,2.33,3.93
"1548",87,1985,0.85,2.64,1.19,4.66,1.44,3.17,3.24
"1549",88,1985,1.86,6.57,1.84,10.52,3.71,8.26,6.68
"1550",89,1985,2.94,7.36,2.6,12.24,4.29,10.09,6.78
"1551",90,1985,0.89,0.7,1.74,5.19,0.73,4.95,1.62
"1552",91,1985,0.33,0.56,0.53,7.19,0.34,4.9,5.13
"1553",92,1985,1.01,1.06,1.05,3.58,1.24,2.96,2.59
"1554",93,1985,0.2,0.32,0.32,2.41,0.28,1.8,2.49
"1555",94,1985,0.65,0.39,1.13,1.66,0.85,1.13,1.71
"1556",95,1985,1.27,1.73,0.97,6.32,1.8,6.7,3.4
"1557",96,1985,0.58,0.8,0.62,1.65,1.37,2.72,1.83
"1558",97,1985,0.64,0.83,0.75,2.09,0.86,4.25,1.37
"1559",98,1985,0.02,0.15,0.03,0.99,0.06,1.48,1.02
"1560",99,1985,0,0.02,0,0.54,0,0.67,0.41
"1561",100,1985,2.21,0.29,1.7,0.8,1.25,1.17,0.99
"1562",101,1985,0,0,0,0.07,0,0.37,0.2
"1563",102,1985,0,0,0,0.01,0,0.01,0.03
"1564",103,1985,0,0,0,0,0,0.01,0.01
"1565",104,1985,0,0,0,0.01,0,0.01,0.02
"1566",105,1985,0,0,0,0.02,0,0.08,0.08
"1567",106,1985,0,0.71,0,2.99,0,6.57,1.27
"1568",107,1985,0,0.23,0,1.53,0,2.63,0.59
"1569",108,1985,0,0.05,0.04,1.71,0,1.51,0.62
"1570",109,1985,0.02,1.34,0.48,5.79,0,13.05,1.76
"1571",110,1985,0.18,1.96,1.18,7.25,0,17.49,4
"1572",111,1985,11.43,12.07,12.44,12.16,14.41,14.52,10.07
"1573",112,1985,17.78,14.73,16.87,17.77,14.4,23.41,17.13
"1574",113,1985,16.37,9.7,14.62,14.94,17.69,9.89,15.78
"1575",114,1985,18.96,27.69,14.58,30.06,25.12,27.23,37.11
"1576",115,1985,12.28,5.62,15.82,8.04,11.32,5.61,13.71
"1577",116,1985,14.18,15.1,12.79,14.4,24.29,13.21,22.67
"1578",117,1985,5.81,5.55,9.58,7.35,6.68,6.68,8.61
"1579",118,1985,6.28,11.73,6.75,11.55,8.58,13.73,11.12
"1580",119,1985,12.72,8.84,9.33,7.95,12.55,11.22,6.41
"1581",120,1985,9.88,17.39,9.94,15.42,16.23,22.22,11.85
"1582",121,1985,14.65,23.61,11.98,31.54,21.22,39.8,21.68
"1583",122,1985,2.33,7.79,1.51,10.11,5.94,9.13,8.09
"1584",123,1985,17.34,21.82,16.43,11.14,24.59,18.49,11.98
"1585",124,1985,7.98,6.92,8.41,6.82,4.99,12.34,3.72
"1586",125,1985,10.86,11.47,9.58,3.66,15.02,4.62,4.51
"1587",126,1985,9.49,15.02,7.17,12.65,7.57,13.9,12.59
"1588",127,1985,4.11,15.37,3.75,17.68,3.96,20.4,8.13
"1589",128,1985,14.28,20.09,11.32,22.35,18.78,21.01,13.97
"1590",129,1985,11.82,15.73,9.24,22.76,13.49,17.01,22.47
"1591",130,1985,11.09,24.63,9.59,21.46,17.82,16.47,21.01
"1592",131,1985,12.48,13.09,10.08,10.11,9.01,8.73,16.11
"1593",132,1985,5.48,10.81,5.42,7.77,8.58,8.16,13.21
"1594",133,1985,5.88,7.01,5.55,9.58,4.55,7.86,9.08
"1595",134,1985,5.94,8.18,5.72,11.77,5.66,11.3,7.65
"1596",135,1985,11.01,13.06,8,12.73,5.6,11.56,9.1
"1597",136,1985,6.77,5.87,8.02,8.38,9.96,11.21,8.06
"1598",137,1985,4.9,4.49,6.99,9.47,9.21,14.18,6.97
"1599",138,1985,6.87,3.09,9.53,3.11,6.7,2.19,2.93
"1600",139,1985,1.82,1.88,1.68,2.09,2.13,1.32,3.15
"1601",140,1985,1.02,1.6,1.21,0.61,1.64,0.7,0.99
"1602",141,1985,2.77,7.67,2.69,7.69,4.18,8.23,9.59
"1603",142,1985,1.53,1.13,3.53,4.62,1.97,4.07,3.81
"1604",143,1985,6.32,14.6,10.03,23.57,9.5,27.59,12.38
"1605",144,1985,4.4,6.68,5.86,10.52,4.36,10.87,5.76
"1606",145,1985,6.7,6.69,7.94,6.86,8.67,7.56,6.25
"1607",146,1985,10.74,9.05,12.31,8.19,13.52,10.56,10.18
"1608",147,1985,12.67,9.48,12.07,8.41,12.16,12.28,7.94
"1609",148,1985,24.67,23.56,17.15,15.92,22.41,24.77,15.88
"1610",149,1985,24,9.36,29.05,11.53,15.96,17.17,12.01
"1611",150,1985,13.63,11.53,16.54,10.99,13.49,20.81,8.5
"1612",151,1985,13.62,13.15,14.22,13.9,17.52,22.39,14.13
"1613",152,1985,16.32,24.45,15.45,24.8,17.66,34.35,16.06
"1614",153,1985,22.46,27.29,23.38,29.23,22.4,29.92,34.77
"1615",154,1985,16.93,17.97,19.03,13.99,15.99,19.3,11
"1616",155,1985,2.42,3.8,2.24,4.44,5.39,5.5,3.87
"1617",156,1985,8.51,9.77,7.12,9.14,7.11,13.12,6.83
"1618",157,1985,25.66,35.82,27.97,39.74,53.09,37.75,33.96
"1619",158,1985,25.9,22.99,29.71,28.36,37.28,29.34,25.98
"1620",159,1985,17.31,11.13,18.8,10.93,11.79,10.26,15.21
"1621",160,1985,8.15,10.78,12.83,22.98,22.02,25.53,21.73
"1622",161,1985,1.58,6.48,2.29,18.75,4.37,21.95,9.96
"1623",162,1985,0.21,1.12,0.2,2.9,0.42,3.47,0.87
"1624",163,1985,0.06,1.54,0.06,5.2,0.96,5.43,2.31
"1625",164,1985,0.85,4,0.4,6.77,1.87,5.82,3.68
"1626",165,1985,22.88,17.83,17.47,12.68,22.15,8.75,15.03
"1627",166,1985,14.09,24.38,6.99,17.69,13.04,16.65,9.48
"1628",167,1985,9.62,7.45,11.27,13.92,11,15.47,8.05
"1629",168,1985,16.44,15.41,20.69,31.76,31.45,33.96,23.6
"1630",169,1985,22.36,30.66,22.88,45.68,39.9,51.07,33.92
"1631",170,1985,12.44,6.36,13.3,17.32,16.98,19.11,9.56
"1632",171,1985,6.36,10.24,7.48,15.2,7.63,14.74,10.52
"1633",172,1985,10.55,10,14.58,17.23,10.18,20.88,11.47
"1634",173,1985,10.95,7.33,9.83,19.68,6.55,25.13,10.74
"1635",174,1985,13.85,8.45,16.91,15.79,10.03,22.67,9.6
"1636",175,1985,15.47,6.23,15.51,11.18,8.76,15.91,6.42
"1637",176,1985,10.73,6.24,12.49,7.82,12.93,8.78,8.7
"1638",177,1985,11.56,11.42,13.05,10.44,14.67,13.31,6.88
"1639",178,1985,10.34,9.78,11.16,13.8,14.89,21.8,9.09
"1640",179,1985,15.42,17.49,12.59,23.78,12.11,34.19,13.63
"1641",180,1985,10.15,10.2,10.44,15.98,12.46,19.76,10.19
"1642",181,1985,0.3,0.05,0.43,0.24,0.1,0.1,0.27
"1643",182,1985,2.46,0.24,2.51,0.49,0.88,0.16,0.52
"1644",183,1985,24.67,26.38,23.08,13.72,22.84,15.94,13.61
"1645",184,1985,15.8,15.42,13.9,13.39,13.72,14.88,10.39
"1646",185,1985,17.01,12.97,18.01,20.8,13.69,28.33,11.83
"1647",186,1985,6.87,10.75,6.61,18.62,7.45,21.67,10.23
"1648",187,1985,3.23,1.34,2.97,2.37,3.48,1.45,2.17
"1649",188,1985,6.15,8.72,7.33,8.09,12.17,5,9.55
"1650",189,1985,14.25,24.28,13.79,33.21,12.53,36.79,32.6
"1651",190,1985,4.68,9.32,4.64,21.64,5.17,30.08,9.36
"1652",191,1985,5.61,7.49,5.01,11.21,4.25,15.56,3.9
"1653",192,1985,32.45,13.12,24.85,5.45,21.69,6.61,12.11
"1654",193,1985,11.71,8.25,9.44,5.54,9.95,9.92,8.86
"1655",194,1985,11.86,7.59,10.3,4.5,11.98,5.27,8.51
"1656",195,1985,14.62,8.15,12.19,6.93,12.92,9.13,11.8
"1657",196,1985,5.24,4.52,3.71,9.17,1.87,19.63,6.81
"1658",197,1985,7.63,5.29,9.1,10.2,11.79,12.04,7
"1659",198,1985,17.37,11.35,22.71,10.89,28.59,9.84,11.75
"1660",199,1985,13.95,11.61,16.58,13.66,21.18,12.6,12.95
"1661",200,1985,3.43,2.31,4.83,6.89,4.41,5.74,7.36
"1662",201,1985,11.71,5.18,13.96,5.83,21.03,2.57,9.74
"1663",202,1985,11.18,6.49,10.28,16.44,8.58,18.2,9.96
"1664",203,1985,8.79,4.5,6.04,11.06,5.52,12.87,6.79
"1665",204,1985,14.4,6.53,13.74,10.95,13.71,10.17,12.98
"1666",205,1985,12.52,5.59,14.29,9.68,12.25,7.82,13.84
"1667",206,1985,13.9,7.99,13.51,8.67,11.35,7.52,11.41
"1668",207,1985,9.78,10.49,8.83,10.49,9.22,13.53,9.99
"1669",208,1985,1.15,0.56,1.37,1.6,1.25,0.86,1.65
"1670",209,1985,1.19,1.92,2.08,4.21,2.29,4.05,2.97
"1671",210,1985,20.95,11.23,20.35,3.43,20.17,4.37,4.27
"1672",211,1985,14.8,10.78,11.69,6.16,14.02,5.86,7.43
"1673",212,1985,12.9,6.81,13.12,3.66,11.59,2.87,4.73
"1674",213,1985,3.5,6.87,3.32,12.3,3.81,13.85,7.99
"1675",214,1985,3.23,3.05,4.08,13.13,3.97,12.57,7.03
"1676",215,1985,2.36,2.8,3.48,6.89,2.22,5.51,7.35
"1677",216,1985,5.19,5.87,5.92,12.65,7.55,13.68,15.38
"1678",217,1985,5.29,8.24,3.75,12.24,6.68,15.34,13.69
"1679",218,1985,15.92,11.74,13.92,9.16,10.32,11.33,7.67
"1680",219,1985,12.57,8.54,9.34,9.9,10.17,11.53,9.5
"1681",220,1985,15.86,18.9,11.8,18,14.5,15.48,24.56
"1682",221,1985,11.81,7.36,8.3,9.17,8.97,11.26,6.63
"1683",222,1985,8.67,10.16,6.86,17.58,9.39,24.85,10.43
"1684",223,1985,2.15,3.42,2.71,5.22,9.77,3.85,9.09
"1685",224,1985,9.55,11.52,10.04,6.84,14.62,8.22,10.78
"1686",225,1985,8.15,10.14,6.51,11.75,12.82,16.87,11.67
"1687",226,1985,11.67,15.25,9.39,19.14,15.09,27.23,14.61
"1688",227,1985,7.87,14.78,6.66,15.59,17.17,14.83,18.29
"1689",228,1985,5.65,6.73,4.46,11.58,2.66,11.83,5.97
"1690",229,1985,12.36,16.42,9.55,9.17,8.43,10.75,5.3
"1691",230,1985,11.43,14.47,8.96,15.49,8.07,18.99,6.56
"1692",231,1985,7.51,19.3,7.19,21.42,10.48,22.39,9.95
"1693",232,1985,11.2,22.56,10.77,18.3,12.93,19.38,10.75
"1694",233,1985,4.23,5.05,3.85,7.18,3.06,9.08,4.02
"1695",234,1985,10.08,6.27,11.91,4.82,6.69,4.93,3.31
"1696",235,1985,10.68,9.18,12.73,15.16,10.01,20.42,9.99
"1697",236,1985,7.28,7.95,8.8,12.11,7.3,14.33,8.3
"1698",237,1985,5.63,7.24,7.22,6.15,4.36,7.02,5.2
"1699",238,1985,3.28,3.41,6.49,7.6,5.12,7.57,7.97
"1700",239,1985,8.67,6,12.03,6.99,8.26,6.65,10.2
"1701",240,1985,4.24,9.35,5.34,9.65,7.04,11.53,5.35
"1702",241,1985,8.23,8.67,11.56,11.43,7.26,12.85,9.51
"1703",242,1985,6.52,11.73,8.61,11.66,8.69,8.17,14.53
"1704",243,1985,8.79,9.48,9.55,15.95,13.76,18.9,10.96
"1705",244,1985,3.12,3.16,3.68,8.5,3.31,10.74,2.17
"1706",245,1985,6.81,6.95,7.44,9.48,7.3,9.44,3.5
"1707",246,1985,11.03,5.53,13.57,6.92,4.84,11.35,1.97
"1708",247,1985,11.24,8.19,13.01,10.23,9.84,13.4,3.58
"1709",248,1985,13.75,11.8,16.19,11.34,13.31,10.82,6.34
"1710",249,1985,5.41,11.92,8.94,8.54,14.64,12.69,11.5
"1711",250,1985,1.91,4.2,3.22,6.58,3.37,9.96,4.82
"1712",251,1985,0.58,1.04,1.18,3.9,0.92,3.98,3.36
"1713",252,1985,4.62,8.45,7.59,4.84,11.41,7.37,10.05
"1714",253,1985,1.87,4.4,3.2,3.78,3.77,3.98,6.06
"1715",254,1985,0.8,5.32,0.77,5,2.32,2.19,7.21
"1716",255,1985,4.87,9.15,5.04,18.97,5.6,10.28,18.7
"1717",256,1985,8.82,23.38,8.51,21.12,10.38,26.11,16.44
"1718",257,1985,7.24,21.24,7.85,31.29,8.48,32.48,19.82
"1719",258,1985,5.74,7.8,5,14.91,5.89,17.18,7.23
"1720",259,1985,0.57,0.76,0.57,1.61,0.71,2.24,1.54
"1721",260,1985,2.37,2.18,3.26,1.77,2.33,3.03,2.31
"1722",261,1985,5.95,3.57,8.37,2.25,5.69,2.09,3.69
"1723",262,1985,6.04,26,6.01,17.76,13.12,28.3,12.22
"1724",263,1985,2.44,6.1,4.32,7.83,4.23,12.74,5.31
"1725",264,1985,1.86,3.87,2.58,8.49,3.67,8.71,5.25
"1726",265,1985,1.09,0.53,1.81,2.59,1.35,2.01,3.29
"1727",266,1985,2.17,1.39,4.3,1.86,6.08,1.1,5.39
"1728",267,1985,3.87,5.43,5.43,9.37,7.1,8.97,10.46
"1729",268,1985,5.49,3.65,8.52,5.3,6.68,5.14,6.15
"1730",269,1985,10.97,9.83,14.21,10.71,11.75,11.48,9.21
"1731",270,1985,6.78,16.77,7.11,10.34,11.89,14.36,8.82
"1732",271,1985,4.17,4.87,5.24,9.64,2.94,12.62,5.58
"1733",272,1985,5.88,5.54,7.54,7.71,6.02,5.93,5.45
"1734",273,1985,7.14,3.31,8.97,13.01,4.72,8.9,13.07
"1735",274,1985,3.54,6.09,5.04,5.23,3.01,4.1,6.41
"1736",275,1985,7.85,20.83,6.45,15.44,9.5,17.97,10.64
"1737",276,1985,5.12,23.29,5.2,27.56,10.86,33.38,14.43
"1738",277,1985,3.98,3.84,4.56,4.78,5.28,5.75,2.01
"1739",278,1985,1.05,0.54,1.63,0.61,0.77,0.32,0.56
"1740",279,1985,11.07,10.22,10.08,7.26,11.39,10.09,10.05
"1741",280,1985,10.56,18.61,9.39,22.37,12.58,31.33,15.55
"1742",281,1985,5.38,7.74,5.82,13.72,6.96,17.91,9.02
"1743",282,1985,18.8,22.15,16.79,17.41,20.03,21.38,18.95
"1744",283,1985,14.03,14.33,13.13,21.12,14.17,28.47,13.31
"1745",284,1985,3.98,9.94,4.67,16.1,7.61,19.11,9.09
"1746",285,1985,0.62,1.97,1.02,3.48,1.33,5.23,1.37
"1747",286,1985,3.73,4.61,6.75,2.71,8.43,2.99,4.94
"1748",287,1985,4.92,5.33,5.64,7.86,7.15,10.34,5.92
"1749",288,1985,0.6,2.78,1.66,5.71,2.91,4.35,5.03
"1750",289,1985,0.48,0.32,0.86,4.02,0.39,6.03,1.43
"1751",290,1985,2.11,0.27,3.76,1.85,1.52,1.56,1.3
"1752",291,1985,0.39,0.33,0.54,1.81,0.36,1.6,1.04
"1753",292,1985,1.07,0.32,1.8,2.92,1,2.25,1.91
"1754",293,1985,4.6,4.91,6.89,10.82,3.83,20.4,4.85
"1755",294,1985,11.91,17.69,11.81,24.43,14.87,22.72,23.35
"1756",295,1985,4.06,8.14,4.62,11.21,4.25,10.1,7.74
"1757",296,1985,5.48,10.8,5.05,26.11,4.21,35.86,11.39
"1758",297,1985,2.85,1.55,4.22,9.48,2.68,7.13,5.9
"1759",298,1985,9.15,22.97,9.28,25.47,11.44,25.22,23.99
"1760",299,1985,4.28,5.72,4.4,9.96,2.36,7.42,8.87
"1761",300,1985,3.63,7.85,1.68,5.09,4.06,3.41,5.05
"1762",301,1985,5.34,10.05,5.91,10.31,3.55,9.15,7.96
"1763",302,1985,4.71,6.79,4.67,3.68,4.36,5.6,3.5
"1764",303,1985,5.42,7,5.99,8.75,3.97,7.28,7.58
"1765",304,1985,6.78,9.2,5.51,13.87,7.6,10.96,9.94
"1766",305,1985,2.3,2.64,2.04,11.25,0.94,7.07,8.34
"1767",306,1985,2.42,2.71,1.94,12.24,2.49,7.33,8.87
"1768",307,1985,2.51,3.86,1.81,7.39,1.97,6.14,4.76
"1769",308,1985,7.82,1.39,8.47,4.84,1.65,3.42,4.47
"1770",309,1985,6.68,5.19,5.93,7.1,2.77,6.52,6.34
"1771",310,1985,7.26,8.24,11.67,3.18,7.59,6.1,3.94
"1772",311,1985,6.87,12.09,10.52,9.42,8.12,15.07,6.41
"1773",312,1985,2.37,0.5,4.1,3.24,1,2.68,2.88
"1774",313,1985,3.67,2.19,4.46,2.3,2.11,3.48,2.64
"1775",314,1985,6.12,4.63,5.9,3.59,3.83,4.83,4.57
"1776",315,1985,0.18,1.23,0.26,1.79,0.32,1.21,2
"1777",316,1985,0.43,4.62,0.43,4.78,0.75,4.7,4.75
"1778",317,1985,0.97,2.79,1.67,8.11,1.14,3.8,9.82
"1779",318,1985,3.42,11.48,3.88,8.58,4.45,10.03,9.85
"1780",319,1985,3.27,6.02,4.06,14.72,3.85,20.39,10.82
"1781",320,1985,3.41,7.35,1.39,6.77,3.67,6.83,5.78
"1782",321,1985,9.14,13.66,3.1,15.55,2.47,22.6,5.49
"1783",322,1985,4.79,11.52,1.34,13.52,2.68,23.12,3.97
"1784",323,1985,8.27,20.3,1.99,13.65,6.12,20.84,6.59
"1785",324,1985,2.59,3.43,0.7,4.81,1.68,2.65,4.46
"1786",325,1985,0.4,0.22,0.14,1.8,0.25,1.04,2.15
"1787",326,1985,0.52,0.32,0.16,2.78,0.37,2.49,2.89
"1788",327,1985,0.16,0.45,0.03,5.14,0.18,4.62,5.54
"1789",328,1985,0.03,0.16,0.01,4.18,0.04,2.87,4.3
"1790",329,1985,0.05,0.07,0.02,2.69,0.04,1.62,2.53
"1791",330,1985,0.07,0.48,0.12,2.2,0.08,3.36,1.79
"1792",331,1985,0.09,0.2,0.17,1.99,0.07,2.45,0.83
"1793",332,1985,0.38,1.54,0.58,3.63,0.37,6.79,1.52
"1794",333,1985,1.03,1.77,1.71,3.2,0.88,4.45,2.02
"1795",334,1985,0.5,2.9,0.81,5.63,0.77,15.63,2.86
"1796",335,1985,0.35,0.23,0.6,1.8,0.58,0.65,3.12
"1797",336,1985,2.67,8.83,2.4,10.66,6.19,16.28,8.09
"1798",337,1985,2.85,7.4,2.76,23.15,6.85,22.2,18.47
"1799",338,1985,5.76,15.36,3.88,13.01,10.76,20.67,11.58
"1800",339,1985,3.52,16.36,3.23,24.26,9.42,42.44,14.7
"1801",340,1985,0.21,1.22,0.18,3.02,0.39,4.65,1.71
"1802",341,1985,0.42,0.48,0.32,2.9,0.85,2.91,2.14
"1803",342,1985,0.71,3,0.33,3.27,1.43,4.56,2.93
"1804",343,1985,0.07,0.7,0.05,2.59,0.3,3.76,1.9
"1805",344,1985,0.02,0.13,0.01,0.19,0.06,0.22,0.29
"1806",345,1985,0,0,0,0.06,0,0.02,0.07
"1807",346,1985,0.05,1.41,0,2.67,0.13,3.9,1.16
"1808",347,1985,0.02,0.41,0,1.14,0.03,1.88,0.44
"1809",348,1985,0,0.01,0,0.06,0,0.11,0.08
"1810",349,1985,0,0,0,0,0,0,0.01
"1811",350,1985,0.02,0.83,0,1.15,0.07,1.59,0.52
"1812",351,1985,0,0,0,0.09,0,0.02,0.13
"1813",352,1985,0,0,0,0.05,0,0.02,0.06
"1814",353,1985,0,0.2,0,0.79,0.01,1.32,0.22
"1815",354,1985,0.01,0.62,0,1.63,0.07,2.1,0.7
"1816",355,1985,0.01,0.04,0,0.18,0.04,0.09,0.2
"1817",356,1985,0.03,1.1,0,1.28,0.22,2.31,0.65
"1818",357,1985,0.01,0.12,0,1.35,0.08,1.28,0.61
"1819",358,1985,0,0.01,0,0.32,0,0.2,0.11
"1820",359,1985,0.01,0.26,0,0.16,0.07,0.5,0.13
"1821",360,1985,0,0.1,0,0.07,0.01,0.07,0.07
"1822",361,1985,0.01,0.4,0,0.32,0.05,0.46,0.11
"1823",362,1985,0,0.05,0,0.05,0.01,0.09,0.04
"1824",363,1985,0,0.06,0,0.11,0.01,0.35,0.05
"1825",364,1985,0,0.5,0,2.18,0,5.63,0.37
"1826",365,1985,0.02,1.8,0,3.27,0.13,4.67,1.05
"1827",1,1986,0.02,1.06,0,1.9,0.13,3.23,0.57
"1828",2,1986,0.02,0.73,0,2.58,0.09,4.13,0.71
"1829",3,1986,0.05,3.69,0,8.63,0.32,13.71,3.11
"1830",4,1986,0,0.23,0,0.99,0.02,0.86,0.63
"1831",5,1986,0.01,0.04,0,0.02,0.05,0,0.13
"1832",6,1986,0.03,0.3,0.01,0.41,0.17,0.35,0.76
"1833",7,1986,0.02,0.38,0.01,1.06,0.14,1.4,0.85
"1834",8,1986,0.02,0.4,0.01,2.05,0.03,1.96,1.09
"1835",9,1986,0.01,0.3,0,5.06,0.08,2.92,3.2
"1836",10,1986,0.02,0.21,0.01,2.39,0.12,1.74,1.17
"1837",11,1986,0,0.06,0,0.7,0,0.86,0.28
"1838",12,1986,0,0,0,0.2,0,0.1,0.11
"1839",13,1986,0.05,0.07,0.03,0.41,0.02,0.27,0.27
"1840",14,1986,0.28,1.51,0.13,3.14,0.59,4.1,1.84
"1841",15,1986,0,0.04,0,0.22,0,0.22,0.34
"1842",16,1986,0,0.25,0,0.8,0.01,1.24,0.44
"1843",17,1986,0,0.23,0,0.31,0,0.34,0.14
"1844",18,1986,0.05,0.85,0,1.27,0.21,1.33,0.57
"1845",19,1986,0.02,0.47,0,1.18,0.08,1.81,0.4
"1846",20,1986,0.01,0.23,0,1.17,0.02,1.47,0.44
"1847",21,1986,0.06,0.36,0.05,0.57,0.1,0.69,0.44
"1848",22,1986,0.09,0.64,0.03,2.27,0.28,2.06,1.92
"1849",23,1986,0.02,0.41,0,1.73,0.08,1.72,1.41
"1850",24,1986,0,0.06,0,0.79,0.02,0.64,0.78
"1851",25,1986,0,0.01,0,0.71,0,0.23,0.98
"1852",26,1986,0,0.02,0.01,0.69,0,0.86,0.23
"1853",27,1986,0.01,0.17,0.02,0.68,0.01,0.77,0.39
"1854",28,1986,0.03,1.55,0.08,2.87,0.14,6.19,1.04
"1855",29,1986,0,0.28,0,1.18,0.01,3.15,0.29
"1856",30,1986,0,0.09,0,1.83,0,2.26,0.64
"1857",31,1986,0,0.03,0,0.42,0,0.33,0.25
"1858",32,1986,0.01,0.43,0,0.97,0.03,1.27,0.46
"1859",33,1986,0,0.33,0,0.95,0.03,1.36,0.31
"1860",34,1986,0,0.01,0,0.35,0,0.26,0.26
"1861",35,1986,0,0.1,0,0.56,0.01,0.64,0.44
"1862",36,1986,0,0.07,0,0.36,0,0.47,0.16
"1863",37,1986,0,0,0,0.33,0,0.34,0.34
"1864",38,1986,0,0.03,0,0.79,0,0.95,0.36
"1865",39,1986,0.04,0.61,0.05,1.21,0.14,2.62,0.35
"1866",40,1986,0.02,0.93,0,3.9,0.09,7.31,1.13
"1867",41,1986,0.01,0.12,0.01,0.69,0.02,0.52,0.41
"1868",42,1986,0.44,0.96,0.6,2.24,0.28,4.26,1.2
"1869",43,1986,0.03,0.24,0.02,2.07,0.08,2.37,1.09
"1870",44,1986,0.08,0.19,0.11,1.01,0.19,1.05,1.21
"1871",45,1986,0.09,0.25,0.13,0.45,0.15,0.6,0.67
"1872",46,1986,0.06,0.06,0.08,0.79,0.05,0.66,0.62
"1873",47,1986,0,0.01,0,0.6,0,0.24,0.55
"1874",48,1986,0,0.01,0,0.54,0,0.23,0.49
"1875",49,1986,0.21,0.28,0.27,1.15,0.16,0.75,0.85
"1876",50,1986,0.01,0.7,0.02,3.58,0.05,5.39,1.89
"1877",51,1986,0,0.05,0,1.33,0.01,1.25,1.04
"1878",52,1986,0.09,0.04,0.07,1.48,0.19,1.34,0.86
"1879",53,1986,1.22,1.24,0.33,5.06,1.66,5.81,3.01
"1880",54,1986,2.62,1.46,1.42,2.93,2.94,3.24,2.95
"1881",55,1986,1.2,1.44,0.87,2.74,3.48,2.82,2.8
"1882",56,1986,2.49,1.63,1.84,2.84,4.02,3.12,3.34
"1883",57,1986,16.55,21.24,18.65,23,19.12,23.36,20.55
"1884",58,1986,20.78,32.61,27.92,60.97,31.58,63.72,53.69
"1885",59,1986,6.05,10.52,6.86,12.32,12.29,8.92,15.24
"1886",60,1986,0.42,0.6,0.23,1.32,1.29,1.34,3.91
"1887",61,1986,0.3,0.78,0.23,2.58,0.79,3.92,6.34
"1888",62,1986,0.51,0.7,0.4,2.21,1.01,2.55,4.08
"1889",63,1986,0.05,0.2,0.06,1.28,0.13,1.47,1.32
"1890",64,1986,0.03,0.06,0.03,0.59,0.08,0.44,1.21
"1891",65,1986,0.14,0.1,0.02,1.36,0.15,0.44,1.18
"1892",66,1986,0.51,0.15,0.57,1.29,0.43,0.97,1.14
"1893",67,1986,1.12,1.21,1.68,5.51,4.38,4.6,3.89
"1894",68,1986,0.03,0.38,0.04,3.39,0.24,2.22,2.02
"1895",69,1986,0.23,0.02,0.16,1.05,0.13,0.3,0.8
"1896",70,1986,0.1,0.03,0.06,0.16,0.08,0.08,0.48
"1897",71,1986,2.27,1.21,1.6,0.86,2.42,1.23,1.6
"1898",72,1986,0.42,0.89,0.28,1.78,1.09,1.81,4.22
"1899",73,1986,0.24,0.17,0.49,0.89,0.19,0.8,1.98
"1900",74,1986,0.49,0.18,0.62,1.59,0.46,1.3,3.57
"1901",75,1986,0.04,0.15,0.01,0.35,0.04,0.42,0.14
"1902",76,1986,0.17,0.95,0.1,1.51,0.24,3.06,0.34
"1903",77,1986,0.07,0.36,0.03,0.71,0.07,1.3,0.13
"1904",78,1986,0.03,0.41,0.03,1.28,0.09,2.82,0.13
"1905",79,1986,0.02,0.4,0.01,1.23,0.13,2.2,0.17
"1906",80,1986,0.02,0.03,0.05,0.37,0.01,0.28,0.13
"1907",81,1986,0.09,0.14,0.04,0.24,0.15,0.16,0.2
"1908",82,1986,0.11,0.23,0,0.2,0.04,0.09,0.11
"1909",83,1986,0.07,0.42,0,1.19,0.01,1.44,0.49
"1910",84,1986,0.01,0.07,0,0.67,0.02,0.27,0.24
"1911",85,1986,0.01,0.03,0.39,1.17,0.1,0.26,1.58
"1912",86,1986,0.01,1.11,0.16,8.07,0.13,5.86,5.49
"1913",87,1986,0.01,1.76,0.46,14.2,0.19,14.03,7.6
"1914",88,1986,0.05,1.7,0.37,11.52,0.45,10.16,6.76
"1915",89,1986,0.05,1.17,1.34,8.42,0.48,6.53,5.4
"1916",90,1986,0.11,0.4,0.57,4.31,0.27,2.68,4
"1917",91,1986,6.02,4.79,7.92,7.77,4.53,9.52,8.46
"1918",92,1986,3.82,4.96,4.2,7.79,2.02,15.49,6.82
"1919",93,1986,0.15,0.28,0.16,2.87,0.36,2.43,2.68
"1920",94,1986,0.03,0.06,0.06,2.96,0.01,2.5,2.25
"1921",95,1986,0.36,0.12,0.9,1.46,0.21,0.8,2.64
"1922",96,1986,1.57,2.12,1.28,4.67,2.11,3.35,3.87
"1923",97,1986,8.44,12.98,7.59,14.67,10.2,13.4,11.23
"1924",98,1986,9.13,8,11.44,10.11,12.52,8.53,9.36
"1925",99,1986,5.64,2.08,8.25,7.64,5.78,7.15,3.51
"1926",100,1986,11.41,9.9,12.83,9.25,13.33,9.43,6.8
"1927",101,1986,8.8,12.5,9.61,15.05,16.75,13.26,13.54
"1928",102,1986,6.88,4.51,9.82,6.06,9.59,4.65,9.23
"1929",103,1986,9.57,12.69,7.8,15.46,8.84,14.63,10.68
"1930",104,1986,3.28,6.69,4.09,13.54,4.68,12.78,11.09
"1931",105,1986,6.28,2.03,8.43,8.17,8.13,5.26,9.02
"1932",106,1986,13.59,5.47,14.9,8.06,11.56,7.95,6.27
"1933",107,1986,14.43,26.51,12.88,22.96,16.79,30.27,16.76
"1934",108,1986,5.17,9.82,5.91,21.13,6.47,19.33,22.38
"1935",109,1986,2.39,1.08,3.97,4.46,1.46,3.23,5.85
"1936",110,1986,3.97,0.35,6.08,4,2.03,2.07,3.82
"1937",111,1986,5.99,11.63,6.82,16.99,7.99,17.45,12.42
"1938",112,1986,7.6,7.94,8.08,8.82,13.68,9.3,9.14
"1939",113,1986,4.66,1.92,8.24,4.32,4.31,3.93,3.6
"1940",114,1986,0.59,3.96,0.93,4.68,1.08,4.32,7.09
"1941",115,1986,1.54,0.62,4.54,2.18,3.17,0.96,5.17
"1942",116,1986,0.32,1.52,0.66,6.84,0.72,5.34,7.14
"1943",117,1986,2.36,3.88,3.92,11.93,3.44,12.74,9.07
"1944",118,1986,8.44,6.14,18.3,11.33,14.9,11.11,14.22
"1945",119,1986,9.48,7.68,13.81,15.85,20.42,13.64,28.37
"1946",120,1986,2.09,5.53,5.21,11.16,8.16,12.67,14.71
"1947",121,1986,10.02,25.92,10.72,34.76,17.32,43.85,21.76
"1948",122,1986,4.61,13.16,4.79,24.58,6.73,31.42,13.21
"1949",123,1986,3.63,6.68,4.08,11.51,7.15,10.96,13.84
"1950",124,1986,7.72,14.82,8.43,17.88,7.34,19.03,13.6
"1951",125,1986,7.89,14.11,8.15,20.05,11.8,17.37,21.04
"1952",126,1986,17.81,21.97,18.14,13.07,16.41,13.92,18.32
"1953",127,1986,2.66,4.07,3.93,7.27,1.91,6.91,5.91
"1954",128,1986,8.79,13.5,11.03,20.16,14.64,21.64,22.93
"1955",129,1986,17.82,29.08,19.54,31.77,21.11,45.17,27.14
"1956",130,1986,3.57,8.83,4.79,11.5,7.38,17.81,9.53
"1957",131,1986,4.48,8.56,7.53,11.65,9.17,12.74,10.95
"1958",132,1986,14.95,24.87,21.59,37.03,28.24,47.85,32.43
"1959",133,1986,3.5,8.96,4.92,13.72,5.75,13.15,12.94
"1960",134,1986,1.31,1.07,2.06,3.47,1.46,2.97,3.13
"1961",135,1986,8.06,14.64,9.09,8.33,16.6,4.42,14.12
"1962",136,1986,1.91,0.97,3.42,2.5,1.89,3.23,2.62
"1963",137,1986,8.56,6.68,9.69,7.99,7.73,10.32,6.01
"1964",138,1986,7.8,8.24,9.57,14.41,4.98,18.78,6.86
"1965",139,1986,21.54,17.77,25.53,23.51,21.03,23.65,17.14
"1966",140,1986,6.21,5.59,8.72,12.55,6.71,12.63,11.53
"1967",141,1986,9.72,11.86,12.07,13.25,13.82,18.78,15
"1968",142,1986,10.87,16.54,9.87,19.58,18.69,27.28,15.46
"1969",143,1986,8.68,10.07,8.26,14.16,15.06,14.93,13.45
"1970",144,1986,7.94,10.17,9.69,11.06,9.22,13.67,10.99
"1971",145,1986,3.07,8.37,3.22,12.92,7.22,10.4,17.24
"1972",146,1986,1.31,1.16,3.02,4.66,1.46,2.93,4.24
"1973",147,1986,7.12,7.19,7.86,12.47,8.5,10.77,10.4
"1974",148,1986,5.1,4.52,5.73,14.68,8.03,13.73,10.85
"1975",149,1986,3.99,7.28,5.05,15.3,5.58,21.44,15.13
"1976",150,1986,5.36,25.98,3.55,28.52,11.25,24.61,26.01
"1977",151,1986,5.24,20.4,4.11,25.73,8.33,25.01,16.44
"1978",152,1986,21.44,41.68,18.92,26.28,37.42,20.41,35.89
"1979",153,1986,7.76,23.91,6.62,34.67,11.33,44.77,15.27
"1980",154,1986,2.56,14.69,2.55,33.4,3.17,46.08,10.22
"1981",155,1986,3.8,10.02,4.37,13.56,6.2,9.33,17.09
"1982",156,1986,6.55,10.07,5.69,8.37,7.74,7.47,12.31
"1983",157,1986,25.15,37.39,20.66,31.39,35.56,39.18,32.46
"1984",158,1986,15.76,18.09,13.36,23.01,16.44,30.95,18.22
"1985",159,1986,13.35,9.97,11.3,12.44,21.98,12.27,17.8
"1986",160,1986,26.16,35.94,19.22,31.83,27.38,32.72,31.96
"1987",161,1986,15.78,21.72,9.72,22.71,13.43,33.43,13.12
"1988",162,1986,11.83,31.8,13.8,47.97,33.04,59.31,30
"1989",163,1986,1.5,0.57,2.12,0.78,1.75,0.38,1.3
"1990",164,1986,11.14,4.49,15.05,2.53,15.93,2.45,2.55
"1991",165,1986,17.43,2.6,23.54,9.22,13.81,5.14,8.46
"1992",166,1986,29.9,45.28,36.28,29.2,46.99,25.44,48.45
"1993",167,1986,19.42,9.14,18.52,6.24,19.06,7.4,5.84
"1994",168,1986,10.41,9.97,11.81,12.6,13.45,14.13,9.57
"1995",169,1986,23.58,22.32,25.94,13.76,30.62,12.26,13.22
"1996",170,1986,17.23,15.6,18.79,19.24,21.32,17.85,17.81
"1997",171,1986,27.79,22.21,30.81,20.74,32.97,18.93,22.79
"1998",172,1986,7.59,11.84,5.33,16.29,7.42,24.39,10.71
"1999",173,1986,12.33,13.5,9.62,9.6,15.23,11.05,8.46
"2000",174,1986,11.47,12.18,11.06,14.64,11.65,19.64,12.05
"2001",175,1986,17.19,27.37,14.86,24.77,25.32,31.32,25.48
"2002",176,1986,11.62,19.72,10.15,20.78,15.82,25.16,18.53
"2003",177,1986,19.43,13.11,14.98,8.45,9.33,10.05,5.25
"2004",178,1986,23.62,22.23,23.49,20.43,24.78,23.08,23.89
"2005",179,1986,18.4,18.35,10.88,9.23,9.07,11.36,6.58
"2006",180,1986,21.27,29.29,14.66,26.18,14.44,33.44,14.32
"2007",181,1986,9.7,10.15,12.98,18.1,13.12,13.45,17.18
"2008",182,1986,1.28,0.06,2.72,0.28,1.08,0.04,0.3
"2009",183,1986,11.02,4.13,18.32,4.52,18.45,5.39,10.63
"2010",184,1986,2.07,1.55,4.94,3.47,3.08,6.23,3.48
"2011",185,1986,10.04,3.76,10.64,5.12,16.01,7.51,12.33
"2012",186,1986,37.22,21.49,40.28,18.07,52.64,24.81,32.51
"2013",187,1986,9.87,7.61,7.5,11.03,5.7,16.97,7.2
"2014",188,1986,4.67,5.18,4.16,11.37,2.3,20.7,3.66
"2015",189,1986,0.74,5.46,0.71,10.99,0.66,16.77,4.58
"2016",190,1986,14.38,12.17,17.27,9.08,15.74,10.53,8.06
"2017",191,1986,37.55,26.43,47.54,24.53,39.28,40.05,13.11
"2018",192,1986,9.22,4.41,10.17,5.53,5.44,10.06,3.28
"2019",193,1986,19.58,9.68,14.43,3.01,15.06,3.52,4.99
"2020",194,1986,8.31,0.82,8.85,0.82,4.99,0.59,0.79
"2021",195,1986,15.2,3.12,17.66,4.31,9.85,5.45,3.22
"2022",196,1986,21.14,8.82,16.08,6.4,17.3,9.09,4.62
"2023",197,1986,10.61,14.51,8.19,17.79,19.82,23.52,14.3
"2024",198,1986,25.21,25.88,28.4,25.87,26.96,36.43,19.31
"2025",199,1986,26.13,17.27,30.02,17.78,18.3,26.5,12.19
"2026",200,1986,1.73,5.22,1.43,6.29,3.76,8.46,4.43
"2027",201,1986,7.33,1.19,7.7,4.39,1.9,4.72,2.32
"2028",202,1986,20.48,24.58,19.34,10.01,28.09,10.72,11.83
"2029",203,1986,32.53,49.38,31.82,17.51,45.3,25.31,17.26
"2030",204,1986,14.99,24.6,16.92,24.73,31.51,29.29,29.47
"2031",205,1986,2.09,3.88,2.72,7.32,1.22,12.81,1.82
"2032",206,1986,2.69,12.64,0.58,7.25,4.55,9.95,4.26
"2033",207,1986,5.17,3.9,4.55,5.43,3.06,3.65,6.94
"2034",208,1986,5.5,6.65,8,10.22,6.48,10.48,9.38
"2035",209,1986,2.71,2.95,3.43,5.22,1.75,6.19,3.26
"2036",210,1986,1,1.16,1.44,3.1,0.44,2.88,1.58
"2037",211,1986,3.07,1.47,3.62,2.18,4.1,1.66,3.01
"2038",212,1986,1.91,0.02,4.21,0.69,0.16,0.11,0.99
"2039",213,1986,24.35,9.61,27.97,5.16,20.36,3.89,8.92
"2040",214,1986,18.35,9.09,19.05,15.08,12.81,15.49,12.4
"2041",215,1986,3.97,1.33,4.59,5.27,4.66,3.68,7.67
"2042",216,1986,13.78,17.01,12.6,6.1,19.41,8.67,11.03
"2043",217,1986,22.7,10.54,27.99,14.05,17.84,16.38,11.83
"2044",218,1986,6.3,8.06,3.96,9.8,5.11,13.07,4.39
"2045",219,1986,8.54,5.21,5.43,12.66,3.54,15.72,4.58
"2046",220,1986,8.48,8.26,5.56,12.6,5.35,17.13,6.47
"2047",221,1986,7.59,5.61,5.55,11.53,3.25,16.7,4.84
"2048",222,1986,11.12,11.53,7.44,16.37,5.82,19.96,7.8
"2049",223,1986,18.05,39.45,14.59,42.87,12.3,43.46,33.14
"2050",224,1986,18.62,14.12,23.53,21.62,13.31,20.36,15.6
"2051",225,1986,28.54,38.32,25.88,36.66,26.47,37.29,28.04
"2052",226,1986,4.55,10.91,5.1,21.1,4.85,25.83,9.82
"2053",227,1986,20.92,14.23,16.98,4.12,21.92,1.26,10.05
"2054",228,1986,20.85,13.45,22.75,8.3,17.49,12.95,9.03
"2055",229,1986,11.16,12.04,11.89,15.27,12.28,23.36,10.26
"2056",230,1986,18.08,15.63,19.2,18.17,20.04,29.65,15.86
"2057",231,1986,7.13,3.37,5.86,3.04,6.72,2.72,4.12
"2058",232,1986,14.68,21.34,15.94,9.44,24.37,12.83,11.98
"2059",233,1986,16.39,11.5,13.25,13.86,6.49,18.43,6.92
"2060",234,1986,0.95,0.43,1.22,2.21,1.16,1.78,2.2
"2061",235,1986,2.87,2.22,3.71,2.03,1.89,1.19,3.8
"2062",236,1986,13.66,6.96,13.32,5.08,7.56,4.7,4.86
"2063",237,1986,7.22,8.42,7.33,5.52,10.62,4.59,7.06
"2064",238,1986,8.35,9.64,8.85,4.71,9.61,5.24,5.85
"2065",239,1986,6.33,4.94,4.8,5.55,9.01,3.96,4.85
"2066",240,1986,2.62,8.4,2.39,9.9,3.46,10.94,6.44
"2067",241,1986,7.45,12.99,9.03,18.36,8.38,23.62,8.96
"2068",242,1986,7.42,20.14,7.57,14.26,14.05,10.73,14.63
"2069",243,1986,5.51,9.04,6.28,6.71,8.67,4.84,9.39
"2070",244,1986,7.4,10.61,8.21,20.31,10.69,28.09,20.29
"2071",245,1986,12.16,12.52,12.03,14.62,16.69,12.28,18.63
"2072",246,1986,19.46,38.39,16.53,31.77,40.59,37.03,28.68
"2073",247,1986,18.3,8.91,19.51,12.24,27.59,13.08,15.56
"2074",248,1986,11.41,10.51,9.54,10.75,12.88,16.17,11.45
"2075",249,1986,3.94,4.17,4.21,3.55,5.24,4.52,4.35
"2076",250,1986,6.88,7,7.26,9.62,5.7,13.19,8.88
"2077",251,1986,7.07,7.96,7.08,8.77,6.2,14.56,6.34
"2078",252,1986,4.92,10.25,3.04,11.27,5.68,15.18,8.79
"2079",253,1986,16.64,11.43,16.02,11.24,13.73,20.9,12.35
"2080",254,1986,4.51,8,4.44,7.73,4.47,7.25,6.03
"2081",255,1986,19.27,15.03,16.66,10.13,9.98,9.83,8.72
"2082",256,1986,11.73,10.83,7.1,8.06,5.11,8.03,6.93
"2083",257,1986,8.15,3.24,7.56,5.66,4.26,5.96,3.61
"2084",258,1986,1.16,1.17,0.69,1.78,0.47,2.76,0.51
"2085",259,1986,2.49,1.32,3.86,3.29,1.78,3.85,1.5
"2086",260,1986,5.25,9.09,6.31,4.52,3.25,4.63,3.72
"2087",261,1986,7.47,7.98,9.42,6.47,5.6,5.32,6.83
"2088",262,1986,11.32,14.62,14.8,16.89,10.71,18.04,10.88
"2089",263,1986,8.51,14.42,12.67,20.85,9.33,24.71,14.05
"2090",264,1986,7,10.7,10.03,19.59,9.85,25.35,12.31
"2091",265,1986,4.78,7.06,7.25,10.19,7.3,10.71,10.12
"2092",266,1986,4.12,4.47,4.92,4.03,7.53,2.39,7.74
"2093",267,1986,2.7,7.37,2.74,5.37,4.67,5.52,8.72
"2094",268,1986,6.49,11.84,8.12,8.9,9.74,9.16,9.22
"2095",269,1986,5.22,4.69,6.04,3.65,6.04,3.43,3.98
"2096",270,1986,6.62,14.01,5.63,14.81,11.77,15.34,12.79
"2097",271,1986,7.96,7.83,6.94,9.03,11.4,6.72,13.51
"2098",272,1986,6.11,13.99,5.65,12.43,8.73,11.57,12.54
"2099",273,1986,9.69,13.68,10.39,11.67,12.4,15.13,7.94
"2100",274,1986,16.55,8.01,16.55,9.31,8.99,12.41,8.63
"2101",275,1986,11.05,9.63,11.7,13.16,8.98,20.19,10.55
"2102",276,1986,8.84,8.95,8.54,16.17,4.71,24.14,10.59
"2103",277,1986,11.06,10.61,12.09,11.57,8.94,18.69,6.94
"2104",278,1986,16.9,6.21,19.02,9.97,9.59,12.43,6.82
"2105",279,1986,4.21,9.14,3.61,8.9,3.38,8.99,5.54
"2106",280,1986,2.14,6.28,2.91,5.42,1.71,6.69,4.42
"2107",281,1986,6.76,2.53,9.74,3.06,4.96,2.32,3.58
"2108",282,1986,14.32,9.42,13.36,4.95,9.14,4.12,3.48
"2109",283,1986,0.8,0.73,1.41,1.68,0.63,1.33,2.36
"2110",284,1986,0.89,2.31,0.76,3.94,1.84,2.09,5.44
"2111",285,1986,12.77,11.51,13.05,8.48,10.79,9.13,9.88
"2112",286,1986,39.94,24.27,33.47,15.75,19.44,14.4,17.37
"2113",287,1986,29.43,18.82,37.65,17,24.3,19.09,20.74
"2114",288,1986,26.6,29.12,31.8,28.16,27.76,36.18,15.73
"2115",289,1986,8.73,10.23,6.94,18.18,9.86,23.89,20.39
"2116",290,1986,6.33,18.19,3.01,11.4,6.55,13.69,12.03
"2117",291,1986,2.01,3.16,2.21,6.44,2.59,4.51,7.35
"2118",292,1986,12.03,7.35,14.39,6.41,12.38,3.81,8.92
"2119",293,1986,16.67,13.96,17.48,7.28,19.79,5.8,11.94
"2120",294,1986,7.56,14.06,10.93,29.55,16.54,26.15,32.91
"2121",295,1986,3.98,7.63,5.35,12.07,7.7,14.09,10.73
"2122",296,1986,6.55,7.51,9.51,14.18,6.76,15.8,18.8
"2123",297,1986,8.47,9.62,10.59,21.86,12.64,19.05,28.74
"2124",298,1986,8.28,9.86,10.89,30.58,8.99,32.82,22.55
"2125",299,1986,15.73,9.44,14.06,13.56,13.17,13.14,10.19
"2126",300,1986,2.68,3.36,4.69,4.55,3.21,3.19,5.85
"2127",301,1986,10.9,4.91,12.47,4.89,7.18,2.25,8.34
"2128",302,1986,4.43,3.31,4.15,4.64,1.96,2.36,4.65
"2129",303,1986,4.3,1.27,3.62,1.93,1.67,1.09,1.31
"2130",304,1986,6.28,1.94,4.1,0.75,5.68,0.43,1.61
"2131",305,1986,1.59,6,1.01,2.2,1.17,3.64,2.68
"2132",306,1986,2.18,1.1,1.99,0.45,0.23,0.39,0.92
"2133",307,1986,1.54,9.67,0.73,4.36,1.98,7.53,6.71
"2134",308,1986,0.95,4.05,0.57,1.7,0.71,1.71,3.08
"2135",309,1986,0.82,5.14,0.47,3,0.49,2.99,3.68
"2136",310,1986,1.15,0.11,1.33,1.96,0.6,0.8,2.65
"2137",311,1986,1.35,0.2,1.51,7.4,0.68,4.53,3.32
"2138",312,1986,1.4,0.36,0.98,8.31,1.18,5.33,5.32
"2139",313,1986,0.49,0.04,0.26,1.7,0.19,0.24,4.18
"2140",314,1986,1.35,0.32,1.01,5.53,1.61,2.53,6.44
"2141",315,1986,4.62,15.25,5.87,12.28,3.24,9.94,10.91
"2142",316,1986,14.63,8.74,23.34,13.16,6.15,16.36,6.2
"2143",317,1986,7.55,13.02,12.95,20.54,3.33,31.86,7.66
"2144",318,1986,0.88,3.47,0.87,6.41,0.3,7.97,2.67
"2145",319,1986,2.44,7.42,3.96,8.91,2.44,11.2,3.95
"2146",320,1986,12.55,19.1,10.93,21.79,15.54,26.48,13.18
"2147",321,1986,7.6,7.38,9.41,10.5,9.09,11.17,6.03
"2148",322,1986,8.61,10.44,8.96,12.52,9.45,11,12.91
"2149",323,1986,10.11,17.26,10.25,18.19,26.01,20.62,20.84
"2150",324,1986,11.3,11.84,10.9,11.79,12.58,11.13,10.09
"2151",325,1986,0.06,0.37,0.06,0.62,0.09,0.57,0.49
"2152",326,1986,0.24,3.99,0.09,6.92,0.29,10.13,2.8
"2153",327,1986,0.05,0.45,0.02,1.11,0.07,1.3,0.99
"2154",328,1986,0.03,0.21,0.02,0.62,0.03,0.52,0.71
"2155",329,1986,0.42,3.84,0.18,7.1,0.76,9.31,4.29
"2156",330,1986,0.06,0.18,0.05,0.6,0.44,0.36,1.23
"2157",331,1986,0.58,1.48,0.35,1.67,1.08,1.57,1.56
"2158",332,1986,0.19,0.44,0.06,1.02,0.3,1.15,0.69
"2159",333,1986,0.07,0.45,0.05,1.66,0.24,1.49,1.91
"2160",334,1986,0.02,0.46,0.02,1.57,0.12,1.38,1.85
"2161",335,1986,0.06,0.72,0.15,2.88,0.28,2.42,3.47
"2162",336,1986,0.09,0.51,0.19,0.94,0.22,0.74,1.5
"2163",337,1986,0.69,0.13,1.13,0.37,0.56,0.22,0.43
"2164",338,1986,2.79,2.4,4.53,3.37,2.87,4.63,1.7
"2165",339,1986,5.52,12.06,8.08,11.23,7.52,18.57,8.55
"2166",340,1986,3.08,14.78,3.83,17.06,8.31,27.5,4.54
"2167",341,1986,1.5,8.42,4.01,12.4,6.46,21.97,3.25
"2168",342,1986,1.23,8.01,2.52,10.76,3.1,11.4,6.43
"2169",343,1986,0.2,3.31,0.2,4.16,1.1,5.04,1.91
"2170",344,1986,0.02,1.78,0.24,5.18,0.31,7.84,1.69
"2171",345,1986,0.02,5.8,0,16.27,0.09,19.96,2.41
"2172",346,1986,0.05,8.85,0,14.73,0.12,16.85,3.42
"2173",347,1986,0.01,0.34,0,1.05,0.01,0.6,0.38
"2174",348,1986,0.03,1.28,0,1.41,0.12,0.92,0.54
"2175",349,1986,0,0.26,0,2.14,0,1.21,0.68
"2176",350,1986,0,0.15,0,1.66,0,3.71,0.65
"2177",351,1986,0,0.21,0,2.09,0.01,2.98,1.15
"2178",352,1986,0,0.13,0,0.53,0.01,0.94,0.15
"2179",353,1986,0,0.23,0,3.07,0,4.6,0.69
"2180",354,1986,0.07,7.23,0,13.52,0.62,22.26,4.13
"2181",355,1986,0.04,2.29,0,7.41,0.49,8.24,2.5
"2182",356,1986,0.02,1.07,0,3.36,0.15,4.37,0.86
"2183",357,1986,0.03,1.42,0,5.06,0.14,4.68,1.54
"2184",358,1986,0.03,1.04,0,3.1,0.26,2.72,1.35
"2185",359,1986,0.03,1.37,0,1.06,0.19,1.53,0.47
"2186",360,1986,0,0,0,0.11,0,0.06,0.04
"2187",361,1986,0,0.63,0,1.7,0.04,3.24,0.49
"2188",362,1986,0.01,0.78,0,0.94,0.07,1.25,0.29
"2189",363,1986,0.01,1.29,0,1.74,0.13,3.36,0.45
"2190",364,1986,0,0.19,0,2.17,0,3.07,0.48
"2191",365,1986,0,0.07,0,1.25,0,1.2,0.41
"2192",1,1987,0,0.06,0,1.05,0,1.25,0.61
"2193",2,1987,0,0.21,0,1.09,0.04,1.69,0.38
"2194",3,1987,0,0.42,0,1.02,0.03,2.22,0.21
"2195",4,1987,0.02,1.31,0,1.86,0.08,3.38,0.53
"2196",5,1987,0.02,0.46,0,1.49,0.14,2.14,0.87
"2197",6,1987,0,0.01,0.07,1.6,0,1.47,0.56
"2198",7,1987,0.64,1.27,2.59,3.3,3.37,2.87,2.54
"2199",8,1987,0.29,0.88,3.45,3.91,1.2,7.43,2.42
"2200",9,1987,0.66,10.14,3.52,14.68,2.63,23.81,5.89
"2201",10,1987,0.07,0.8,0.52,2,0.25,2.94,0.79
"2202",11,1987,0.01,0.03,0.01,0.42,0.09,0.36,0.21
"2203",12,1987,0,0,0,0.16,0,0.08,0.07
"2204",13,1987,0.05,0.01,0.04,0.16,0.01,0.08,0.07
"2205",14,1987,0.09,0.48,0.04,0.71,0.21,0.6,0.43
"2206",15,1987,0.58,4.89,0.18,5.5,1.18,7.84,2.83
"2207",16,1987,0.01,0.42,0,1.56,0.04,2.33,0.67
"2208",17,1987,0.06,1.79,0,3.39,0.29,6.1,1.42
"2209",18,1987,0.01,0.63,0,1.89,0.07,3.9,0.48
"2210",19,1987,0,0.08,0,0.78,0,0.8,0.4
"2211",20,1987,0,0,0,0.24,0,0.16,0.13
"2212",21,1987,0.04,1.09,0.07,3.01,0.13,3.64,1.01
"2213",22,1987,0,0.01,0.01,0.63,0,0.33,0.54
"2214",23,1987,0,0.04,0.01,0.66,0.01,0.54,0.41
"2215",24,1987,0.18,0.91,0.02,0.4,0.46,1.12,0.57
"2216",25,1987,0,0.03,0.01,0.21,0,0.15,0.11
"2217",26,1987,0,0,0,0.3,0,0.2,0.13
"2218",27,1987,0,0,0,0.3,0,0.13,0.18
"2219",28,1987,0,0,0,0.22,0,0.08,0.09
"2220",29,1987,0.02,0.64,0,0.54,0.02,0.59,0.32
"2221",30,1987,0.04,2.19,0,5.74,0.23,10.81,1.63
"2222",31,1987,0,0.04,0,1.81,0,1.65,0.99
"2223",32,1987,0,0,0,0.13,0,0.07,0.15
"2224",33,1987,0,0.02,0.01,0.22,0,0.3,0.08
"2225",34,1987,0,0.12,0.34,1.14,0,1.79,0.24
"2226",35,1987,0.01,0.68,0.13,1.04,0.06,1.31,0.7
"2227",36,1987,0,0,0,0.15,0,0.07,0.15
"2228",37,1987,0,0.01,0,0.54,0,0.4,0.41
"2229",38,1987,0,0,0.01,0.34,0,0.29,0.18
"2230",39,1987,0,0.06,0.02,0.57,0.01,0.42,0.54
"2231",40,1987,0.04,0.43,0.08,1.12,0.15,1.61,0.6
"2232",41,1987,0.04,0.83,0.16,1.64,0.12,3.03,0.91
"2233",42,1987,3.13,0.96,6.29,6.91,3.26,6.23,5.71
"2234",43,1987,8.76,5.05,9.6,6.19,9.18,6.37,5.61
"2235",44,1987,5.28,2.03,6.69,4.96,6.2,2.85,6.43
"2236",45,1987,2.33,2.61,1.76,7.07,3.43,5.33,6.94
"2237",46,1987,0.65,0.89,0.86,5.69,1.97,3.67,3.88
"2238",47,1987,0.14,0.15,0.24,0.99,0.58,0.84,0.86
"2239",48,1987,0.65,0.2,0.95,0.7,0.55,0.7,0.48
"2240",49,1987,4.82,2.6,7.48,3.27,7.56,4.89,3.27
"2241",50,1987,0.31,1.27,0.45,3.01,1.44,3.74,2.86
"2242",51,1987,0,0.01,0,0.3,0,0.27,0.1
"2243",52,1987,0,0,0,0.13,0,0.09,0.06
"2244",53,1987,0,0,0,0.42,0,0.29,0.28
"2245",54,1987,0.04,0,0.08,0.64,0,0.51,0.42
"2246",55,1987,0.09,0,0.12,0.25,0.03,0.2,0.14
"2247",56,1987,2.71,3.42,3.46,4.05,1.69,7.42,2.19
"2248",57,1987,0.45,1.53,0.4,4.27,0.29,5.26,1.6
"2249",58,1987,0,0.02,0,0.95,0,0.43,0.41
"2250",59,1987,0.04,0.14,0.19,0.9,0.01,1.03,0.28
"2251",60,1987,0.84,1.08,1.1,1.34,0.96,1.45,1.04
"2252",61,1987,1.77,2.81,0.98,3.3,1.71,3.64,2.35
"2253",62,1987,0,0.01,0.04,2.51,0,1.63,1.49
"2254",63,1987,0,0,0.01,0.37,0,0.15,0.61
"2255",64,1987,0,0,0,0.43,0,0.2,0.58
"2256",65,1987,0.04,0.06,0.1,0.1,0.05,0.04,0.08
"2257",66,1987,0.04,0.06,0.1,0.09,0.05,0.06,0.05
"2258",67,1987,0.04,0.14,0.1,0.37,0.05,0.36,0.2
"2259",68,1987,0.04,0.06,0.1,0.19,0.05,0.24,0.19
"2260",69,1987,0.04,0.43,0.1,0.56,0.05,0.88,0.31
"2261",70,1987,0,0,0,0.3,0,0.27,0.34
"2262",71,1987,0,0.05,0.08,0.69,0.01,0.45,0.41
"2263",72,1987,3.57,3.81,2.17,1.31,2.69,1.22,1.96
"2264",73,1987,0.41,3.38,0.27,4.6,0.54,4.78,3.88
"2265",74,1987,8.69,9.38,7.33,5.38,8.75,6.41,6.47
"2266",75,1987,23.8,21.92,25.43,23.51,19.82,24.55,19.98
"2267",76,1987,4.77,3.76,4.92,8.09,4.55,8.93,7.3
"2268",77,1987,1.88,2.19,1.46,3.56,2.79,3.17,4.56
"2269",78,1987,3.06,4.92,3.56,11.73,4.48,9.14,10.37
"2270",79,1987,4.2,3.68,5.7,7.15,3.77,8.37,6.41
"2271",80,1987,4.26,3.81,3.96,6.42,3.49,3.5,7.43
"2272",81,1987,4.68,5.48,2.74,10.56,4.42,6.51,7.29
"2273",82,1987,12.21,10.42,9.02,10.07,7.3,8.8,9.13
"2274",83,1987,2.77,2.49,2.29,4.59,1.93,2.71,4.24
"2275",84,1987,3.51,0.27,3.3,0.95,0.49,0.29,1.82
"2276",85,1987,11.91,10.41,9.22,4.19,10.86,6.95,4.81
"2277",86,1987,1.68,3.51,1.11,3.8,2,3.88,2.15
"2278",87,1987,1.24,4.6,1.45,10,3.83,11.69,5.55
"2279",88,1987,1.42,6.36,0.37,7.14,3.39,8.52,4.09
"2280",89,1987,0.33,1.4,0.35,2.86,0.84,2.37,2.42
"2281",90,1987,0.13,1.54,0.09,2.74,0.53,2.73,2.28
"2282",91,1987,0.32,0.94,0.24,3.71,0.62,3.28,5.79
"2283",92,1987,0.21,0.43,0.16,11.09,0.24,5.27,13.3
"2284",93,1987,8.14,7,9.71,9.2,11.89,6.5,7.95
"2285",94,1987,11.15,12.3,5.88,17.51,8.03,15.83,14.21
"2286",95,1987,4.11,12.78,3,25.01,6.86,32.67,16.1
"2287",96,1987,2.43,3.91,2.61,6.15,2.07,6.43,4.85
"2288",97,1987,4.84,6.28,5.18,3.93,3.74,5.39,3.41
"2289",98,1987,6.81,3.2,9.25,6.01,5.32,4.24,4.69
"2290",99,1987,1.43,1.45,1.83,2.37,1.63,3.9,2.66
"2291",100,1987,7.73,8.25,11.72,6.13,7.93,7.75,6.05
"2292",101,1987,12.39,6.41,13.41,11.42,6.33,12.21,9.54
"2293",102,1987,0.17,0,0.31,0.51,0.05,0.17,0.34
"2294",103,1987,0.24,0.07,0.45,1.09,0.07,0.91,0.87
"2295",104,1987,0,0,0,0.41,0,0.04,0.59
"2296",105,1987,0,0,0.01,0.36,0,0.08,0.58
"2297",106,1987,0.04,0,0.14,0.4,0.04,0.09,1.49
"2298",107,1987,1.71,0.56,3.22,1.29,2.44,0.47,2.91
"2299",108,1987,7.52,4.63,9.48,9.45,12.82,8,11.69
"2300",109,1987,6.86,2.54,10.15,3.11,6.6,2.23,5.04
"2301",110,1987,3.97,5.33,6.16,7.25,6.77,7.68,9.77
"2302",111,1987,4.79,7.55,6.21,11.37,4.34,11.06,7.61
"2303",112,1987,11.37,9.72,12.46,16.06,4.95,15.64,9.15
"2304",113,1987,8.35,13.03,13.83,19.11,7.22,21.16,11.11
"2305",114,1987,11.32,9.57,11.39,11.04,6.1,12.05,9.35
"2306",115,1987,7.04,9.77,10.2,19.83,4.18,27.66,10.59
"2307",116,1987,2,6.22,3.09,13.21,6.54,11.76,12.93
"2308",117,1987,0.01,0.03,0.02,3.56,0,2.67,2.26
"2309",118,1987,0.03,0.17,0.09,4.94,0.05,4.84,2.41
"2310",119,1987,0.94,0.12,1.93,1.32,0.36,0.85,0.85
"2311",120,1987,15.48,12.22,14.9,6.4,7.28,14.16,3.85
"2312",121,1987,13.61,15.56,13.03,13.59,12.44,19.54,10.39
"2313",122,1987,5.31,1.52,6.36,3.05,4.29,3,2.26
"2314",123,1987,2.41,5.86,1.2,5.56,1.13,8.74,3.62
"2315",124,1987,8.88,0.66,5.91,4.56,1.24,3.37,1.69
"2316",125,1987,18.91,7.37,15.36,7.16,10.92,7.01,5.66
"2317",126,1987,2.13,3.13,4.16,8.46,2.62,5.91,12.34
"2318",127,1987,6.75,22.03,6.03,19.75,12.07,28.69,10.95
"2319",128,1987,5.05,6.52,4.13,11.44,7.59,18.22,5.46
"2320",129,1987,14.86,22.97,16.73,21.23,16.96,38.48,15.51
"2321",130,1987,14.31,26.63,12.87,22.41,24.26,36.42,12.46
"2322",131,1987,8.55,9.34,9.87,4.69,5.5,5.94,5.99
"2323",132,1987,10.03,10.5,8.09,6.9,9.18,6.53,8.79
"2324",133,1987,23.06,15.69,22.26,9.39,16.3,9,8.39
"2325",134,1987,18.35,28.4,19.1,15.96,15.27,20.98,15.03
"2326",135,1987,13.98,12.55,15.3,7.66,7.33,9.41,6.52
"2327",136,1987,9.03,19.11,8.51,19.92,12.44,25.5,18.64
"2328",137,1987,8.61,9.25,9.47,11.04,6.84,14.98,8.86
"2329",138,1987,2.53,5.28,3.71,17.41,1.57,24.23,9.22
"2330",139,1987,0.72,1.16,0.93,3.91,0.7,4.36,4.81
"2331",140,1987,4.06,8.08,2.98,20.48,4.17,21.07,16.5
"2332",141,1987,7.46,9.67,10.6,9.5,7.54,10.8,8.62
"2333",142,1987,11.01,15.96,13.85,31.66,11.99,31.62,21.05
"2334",143,1987,11.39,16.22,12.88,18.86,12.11,18.37,22.1
"2335",144,1987,20.92,18.71,27.24,25.06,21.98,31.48,17.7
"2336",145,1987,16.6,19.71,20.94,29.25,16.45,47.07,10.85
"2337",146,1987,2.76,2.37,2.59,4.65,0.65,9.75,4.82
"2338",147,1987,2.53,1.42,2.5,3.69,0.48,6.1,2.72
"2339",148,1987,0.76,0.47,0.61,1.5,0.09,2.71,1.75
"2340",149,1987,1.03,0.82,0.73,1.11,0.17,2.23,1.49
"2341",150,1987,1.42,1.16,0.72,1.26,0.2,3.24,1.34
"2342",151,1987,7.03,1.75,5.11,2.56,1.85,4.52,3.47
"2343",152,1987,13.64,15.73,16.59,14.01,9.83,14.23,11.36
"2344",153,1987,6.55,7.21,10.66,6.45,3,7.99,4.56
"2345",154,1987,7.39,6.37,9.48,8.93,3.14,13.24,3.32
"2346",155,1987,7.53,3.03,11.4,7.1,4.1,7.69,4.78
"2347",156,1987,8.02,3.22,13.36,8.22,4.69,5.43,9.46
"2348",157,1987,9.78,13.8,12.03,24.97,13.91,19.1,29.46
"2349",158,1987,3.73,2.55,5.69,6.06,2.57,6.52,3.54
"2350",159,1987,9.51,9.75,10.07,11.62,8.86,17.56,5.48
"2351",160,1987,9.42,14.87,11.78,11.64,16.36,18.81,10.76
"2352",161,1987,4.51,8.32,5.77,13.23,6.47,18.47,8.5
"2353",162,1987,5.91,6.94,5.17,3.68,9.45,6.16,5.32
"2354",163,1987,1.1,2.43,1.5,5.05,1.62,5.24,6.01
"2355",164,1987,3.47,2.65,2.98,4.12,2.46,5.32,4.37
"2356",165,1987,6.3,14.45,4.37,13.69,7.49,17.36,12.29
"2357",166,1987,2.76,4.18,2.88,6.63,3.65,10.19,4.64
"2358",167,1987,10.17,23.69,11.59,13.34,9.16,16.93,10.67
"2359",168,1987,8.5,7.78,8.7,9.16,8.1,14.93,4.76
"2360",169,1987,10.06,15.25,11.39,10.93,11.29,14.09,8.65
"2361",170,1987,3.23,5.59,3.97,10.68,1.13,19.84,2.66
"2362",171,1987,1.32,6.15,1.52,11.95,0.31,20.12,3.56
"2363",172,1987,0.57,4.66,0.73,12.27,0.31,15.92,5.05
"2364",173,1987,7.67,12.77,5.4,13.4,8.56,14.96,9.28
"2365",174,1987,17.02,20.44,16.07,17.95,20.61,16.67,21.74
"2366",175,1987,12.57,9.5,14.63,11.1,16.07,10.91,13.08
"2367",176,1987,16.39,16.49,15.93,19.85,25.01,24.73,20.89
"2368",177,1987,11.13,13.46,13.53,11.94,9.61,18.83,4.14
"2369",178,1987,5.56,13.06,6.09,14.72,7.48,23.33,5.92
"2370",179,1987,1.51,10.19,1.5,12.42,0.92,20.87,3.55
"2371",180,1987,5.9,10.33,7.79,7.86,5.53,11.48,3.11
"2372",181,1987,15.98,21.71,17.82,10.36,16.17,11.73,7.16
"2373",182,1987,16.28,18.13,16.89,23.71,19.94,25.87,19.27
"2374",183,1987,10.32,8.19,11.26,13.1,10.17,12.8,10.05
"2375",184,1987,29.91,31.28,30.2,20.54,57.5,21.04,29.44
"2376",185,1987,14.43,16.33,15.05,20.26,21.32,15.05,26.71
"2377",186,1987,17.05,17.5,16.38,19.18,23.91,24.03,20.54
"2378",187,1987,15.32,19.97,17.23,21.68,21.35,24.95,17.47
"2379",188,1987,1.42,0.53,2,1.67,1.13,0.74,1.87
"2380",189,1987,15.36,9.53,17.82,5.92,15.54,4.77,4.91
"2381",190,1987,13.98,11,16.74,4.9,20.34,3.45,5.7
"2382",191,1987,15.67,18.75,17.12,6.98,22.97,7.81,10.41
"2383",192,1987,7.44,13.41,5.95,7.94,7.53,14.03,5.2
"2384",193,1987,6.68,14.99,6.19,8.89,9.09,15.85,7.84
"2385",194,1987,6.94,2.8,5.86,1.35,5.48,1.5,2.55
"2386",195,1987,13.26,17.16,14.1,7.32,17.46,8.77,10.3
"2387",196,1987,12.19,33.73,10.42,17.63,15.27,27.51,17.63
"2388",197,1987,17.4,10.02,14.67,15.39,9.63,14.37,17.25
"2389",198,1987,18.62,11.35,20.73,17.05,13,13.47,19.22
"2390",199,1987,17.28,20.87,15.07,22.68,16.24,17.63,23.28
"2391",200,1987,23.06,19.88,20.69,20.13,17.26,22.74,11.71
"2392",201,1987,14.87,11.87,17.01,20.66,8.79,18.39,21.86
"2393",202,1987,8.63,4.99,10.1,6.09,8.04,9,4.79
"2394",203,1987,13.05,15.32,12.14,6.35,16.76,8.13,13.64
"2395",204,1987,12.69,13.72,9.96,4.68,11.13,7.49,11.61
"2396",205,1987,11.71,9.63,11.32,5.32,13.74,8.98,5.05
"2397",206,1987,4.01,4.72,4.94,4.41,7.76,4.57,7.88
"2398",207,1987,19.94,13.47,21.35,7.78,22.16,7.37,9.31
"2399",208,1987,7.37,9.39,9.98,5.13,8.77,3.85,5.8
"2400",209,1987,9.79,7.99,10.38,7.15,8.48,6.41,8.72
"2401",210,1987,14.61,20.63,12.69,14.78,19.14,17.3,14.9
"2402",211,1987,23.64,25.88,27.81,34.4,29.58,40.54,22.29
"2403",212,1987,25.8,17.58,38.25,22.04,31.52,25.77,17.77
"2404",213,1987,16.93,21.01,18.89,28.56,17.18,34.55,13.65
"2405",214,1987,10.71,14.05,15.93,18.94,17.46,17.87,19.77
"2406",215,1987,8.15,13.16,11.6,20.79,10.9,25.68,9.14
"2407",216,1987,9.96,9.3,11.43,8.92,9.1,9.88,4.21
"2408",217,1987,1.67,5.19,1.48,7.38,0.93,6.33,4.78
"2409",218,1987,15.57,11.3,16.2,13.1,17.69,11.49,11.94
"2410",219,1987,18.68,10.2,18.64,13.77,23.19,9.14,12.69
"2411",220,1987,9.15,6.43,11.39,12.85,9.72,13.7,7.6
"2412",221,1987,5.29,5.06,6.24,16.24,4.07,15.22,7.95
"2413",222,1987,8.97,4.18,10.11,1.97,5.61,1.09,3.35
"2414",223,1987,11.63,7.06,18.64,5.51,7.69,2.98,12.36
"2415",224,1987,15.18,14.3,20.88,14.46,15.95,13.51,15.43
"2416",225,1987,5.45,8.5,6.08,16.54,5.79,18.89,9.47
"2417",226,1987,1.62,1.08,2.15,2.25,2.23,2.33,1.77
"2418",227,1987,3.27,0.73,3.62,2.17,0.88,1.6,2.37
"2419",228,1987,3.74,5.86,4.86,5.14,5.84,4.83,6.12
"2420",229,1987,16.08,18.32,13.02,15.09,13.45,11.06,13.3
"2421",230,1987,5.32,9.16,6.88,14.2,2.66,21.59,6.91
"2422",231,1987,10.52,15.91,9.71,15.84,6.55,24.54,7.11
"2423",232,1987,7.65,14,7.57,8.06,7.38,7.28,6.83
"2424",233,1987,11.56,5.61,14.23,6.97,7.92,8.65,6.48
"2425",234,1987,15.37,5.88,18.51,6.88,9.78,7.74,6.36
"2426",235,1987,12.28,9.49,12.69,11.77,5.83,16.73,7.72
"2427",236,1987,15.58,9.99,16.42,13.29,10.17,21.37,7.64
"2428",237,1987,16.96,13.79,19.9,13.45,13.25,16.79,11.01
"2429",238,1987,7.68,2.07,10.05,10.1,1.58,10.54,5.41
"2430",239,1987,8.52,9.19,7.5,14.58,8.71,19.01,6.31
"2431",240,1987,4.8,5.25,5.25,9.49,3.54,8.7,6.05
"2432",241,1987,7.9,17.64,9.11,15.55,9.65,18.49,13.7
"2433",242,1987,8.95,10.18,9.01,8.33,7.7,9.52,7.07
"2434",243,1987,10.85,10.55,12.09,11.92,10.41,17.81,11.1
"2435",244,1987,5.36,8,5.61,17.87,8.29,21.06,9.45
"2436",245,1987,13.48,19.59,13.25,18.07,18.28,19.31,15.88
"2437",246,1987,7.62,14.76,7.73,11.89,11.12,8.98,11
"2438",247,1987,5.27,10.33,3.67,12.22,5.62,9.34,12.09
"2439",248,1987,9.46,13.72,9.88,14.19,12.15,15.03,12.83
"2440",249,1987,5.54,2.49,6.16,3.45,5.1,2.27,6.83
"2441",250,1987,8.06,17.19,9.97,13.1,22.88,18.55,13.66
"2442",251,1987,3.76,3.53,6.83,3.44,6.98,5.3,3.31
"2443",252,1987,12.04,7.77,20.11,3.01,19.08,4.03,9.48
"2444",253,1987,1.74,2.7,2.01,1.43,2.21,2.01,1.6
"2445",254,1987,7.1,4.23,11.41,3.43,8.22,2.39,4.4
"2446",255,1987,20.61,24.07,17.01,8.86,28.31,6.49,14.31
"2447",256,1987,9.26,6.22,6.86,7.54,3.46,7.18,6.63
"2448",257,1987,19.34,13.08,20.98,10.5,17.12,10.93,9.86
"2449",258,1987,10.79,22.54,12.48,34.97,14.23,50.36,18.58
"2450",259,1987,15.86,12.41,13.49,13.97,8.58,13.9,11.47
"2451",260,1987,2.62,2.06,2.63,2.86,2.34,1.81,3.08
"2452",261,1987,6.48,3.85,10.07,1.91,8.23,1.14,2.89
"2453",262,1987,9.13,9.85,6.51,3.74,8.87,3.16,6.97
"2454",263,1987,19.71,22.32,21.75,13.73,22.97,10.3,16.7
"2455",264,1987,2.11,1.36,2.51,2.97,1.35,1.47,4.58
"2456",265,1987,9.96,15.21,9.18,8.11,6.86,6.95,9.26
"2457",266,1987,7.06,9.75,7.34,10.11,6.47,9.11,8.31
"2458",267,1987,5.33,3.71,5.18,13.5,2.7,15.47,9.92
"2459",268,1987,5.93,9.46,4.51,15.33,4.66,19.47,6.56
"2460",269,1987,15.99,5.98,22.83,4.25,11.65,1.87,5.08
"2461",270,1987,7.66,13.35,11.57,10.57,11.77,7.88,10.32
"2462",271,1987,17.58,6.9,18.04,11.89,17.03,10.65,7.4
"2463",272,1987,10.63,6.7,13.53,10.63,14.06,9.21,8.43
"2464",273,1987,13.13,15,13.83,25.34,17.46,26.83,18.29
"2465",274,1987,11.99,10.86,12.68,6.89,8.34,9.81,9.69
"2466",275,1987,5.69,7.92,8.27,6.49,6.36,7.63,6.53
"2467",276,1987,15.38,21.24,13.79,11.62,13.6,19.15,10.53
"2468",277,1987,7.78,10.19,6.89,10.42,4.04,17.65,7.89
"2469",278,1987,11.87,18.58,12.26,17.84,13.31,28.62,10.67
"2470",279,1987,2.75,2.18,3.85,8.38,0.62,9.8,8.68
"2471",280,1987,11.11,7.5,14.4,7.6,7.49,9.28,7.48
"2472",281,1987,5.31,2.89,7.22,4.98,3.19,3.14,10.07
"2473",282,1987,6.71,6.58,9.03,8.33,5.06,7.63,10.92
"2474",283,1987,7.27,0.72,12.18,2.72,2.52,1.02,3.99
"2475",284,1987,1.15,7.01,0.8,6.58,3.55,6,4.6
"2476",285,1987,0.74,3.42,0.49,10.76,2.34,6.64,6.64
"2477",286,1987,1.52,5.95,1.99,11.34,3.63,8.53,7
"2478",287,1987,3.62,12.8,4.84,17.87,7.93,13.54,12.22
"2479",288,1987,7.75,12.89,7.96,22.68,14.53,30.62,11.02
"2480",289,1987,2.21,8.01,1.82,16.71,3.8,18.26,9.11
"2481",290,1987,12.51,21.55,11.14,34.15,9.99,46.87,18.73
"2482",291,1987,6.8,12.42,11.03,30,6.61,33.38,22.77
"2483",292,1987,10.33,19.21,13.52,27.86,11.39,23.45,22.19
"2484",293,1987,4.06,7.06,3.95,8.96,4.33,5.38,5.95
"2485",294,1987,0.43,0.6,1.19,4.84,0.3,6.33,2.89
"2486",295,1987,16.84,10.74,13.8,7.69,9.85,12.83,6.41
"2487",296,1987,11.3,22.79,11.56,12.69,10.51,27.01,9.14
"2488",297,1987,7.12,9.77,7.42,9.15,5.31,20.13,6.3
"2489",298,1987,1.79,12.8,0.79,20.45,3.77,27.03,11.41
"2490",299,1987,6.94,14.37,5.82,13.23,7.15,11.9,12.5
"2491",300,1987,18.47,28.07,17.4,38.99,12.45,54.94,17.77
"2492",301,1987,11.02,14.57,10.32,26.76,12.81,30.23,17.62
"2493",302,1987,17.23,11.9,15.74,10.81,12.61,6.74,13.15
"2494",303,1987,7.9,8.67,7.84,7.43,6.81,7.46,14.18
"2495",304,1987,1.59,1.64,1.99,2.12,1,1.61,3.5
"2496",305,1987,1.07,0.99,1.5,1.55,1.01,0.78,3.51
"2497",306,1987,0.63,0.69,0.86,1.71,1.09,0.97,5.74
"2498",307,1987,7.66,11.19,8.56,8.97,6.18,7.16,21.36
"2499",308,1987,2.07,3.86,1.14,7.55,1.47,6.16,9.5
"2500",309,1987,2.59,2.79,3.61,5.24,1.7,6.04,5.01
"2501",310,1987,0.95,21.56,1.9,30.1,2.84,58.29,9.68
"2502",311,1987,0.17,0.18,0.58,0.83,0.36,0.41,0.72
"2503",312,1987,0.38,1.19,1.49,3.05,0.74,3.15,3.34
"2504",313,1987,0.2,0.64,0.79,3.58,0.57,2.15,3.74
"2505",314,1987,0.14,0.4,0.44,1.02,0.33,0.59,1.71
"2506",315,1987,0.42,0.46,0.08,0.01,0,0.1,0.05
"2507",316,1987,0.23,1.11,0.05,0.02,0,0.73,0.03
"2508",317,1987,0.19,1.23,0.02,0.03,0,1.18,0.05
"2509",318,1987,0.12,1.64,0.01,0.02,0,1.07,0.03
"2510",319,1987,0.24,0.12,0.05,0.02,0,0.08,0.01
"2511",320,1987,0.44,0.22,0.31,1.8,0.05,2.24,0.65
"2512",321,1987,0.48,0.7,0.29,1.08,0.09,1.54,1.17
"2513",322,1987,1.14,4.36,0.67,6.04,0.29,11.83,2.32
"2514",323,1987,2.04,4.99,1.28,5.61,0.56,11.6,1.77
"2515",324,1987,1.73,2.78,1.05,4.14,0.29,6.21,1.91
"2516",325,1987,14.15,17.89,12.8,9.35,11.17,4.57,17.62
"2517",326,1987,11.8,6.2,11.06,5.22,7.38,2.71,12.45
"2518",327,1987,16.58,8.87,17.58,4.24,14.5,2.58,8.45
"2519",328,1987,2.52,0.87,5.06,4.84,1.24,3.62,4.61
"2520",329,1987,15.28,10.74,14.95,11.62,14.43,10.75,12.67
"2521",330,1987,12.08,9.6,12.39,16.11,11.24,13.05,19.58
"2522",331,1987,17.19,24.24,20.92,25.38,15.7,35.12,20.61
"2523",332,1987,15.86,10.8,18.05,10.35,16.84,10.17,12.65
"2524",333,1987,4.17,9.36,5.44,9.42,5.24,11.55,9.17
"2525",334,1987,19.45,11.86,23.47,9.66,15.43,10.39,11.2
"2526",335,1987,18.13,10.66,15.52,15.91,16.53,15.03,13.85
"2527",336,1987,3.9,2.16,5.18,6.18,7.58,4.07,5.33
"2528",337,1987,0.64,0.14,0.59,0.42,0.58,0.09,0.78
"2529",338,1987,1.77,1.06,0.99,0.54,1.43,0.23,1.23
"2530",339,1987,3.65,3.05,1.78,3.5,3.73,1.89,4.75
"2531",340,1987,2.85,9.76,4.18,12.69,6.89,12.03,10.98
"2532",341,1987,2.08,3.74,4.41,11.54,4.19,13.48,4.4
"2533",342,1987,0.91,2.25,1.56,5.07,3.51,4.21,2.79
"2534",343,1987,1.36,1.67,2.37,4.7,2.19,4.2,2.69
"2535",344,1987,4.3,7.26,7.73,11.35,12.28,7.68,13.32
"2536",345,1987,0.8,1.18,2.04,2.47,2.75,4.47,4.32
"2537",346,1987,0.6,0.57,2.01,2.49,1.82,3.25,2.96
"2538",347,1987,0.66,2.51,1.4,3.92,4.95,6.9,4.54
"2539",348,1987,0.53,0.26,1.58,0.61,2.82,0.71,0.88
"2540",349,1987,0.04,0.02,0.08,0.03,0.24,0.03,0.25
"2541",350,1987,0.01,0.22,0,0.19,0,1.34,0.21
"2542",351,1987,0,0,0,0,0,0,0.01
"2543",352,1987,0.02,0.28,0,0.86,0.02,1.03,0.42
"2544",353,1987,0.93,0.79,0,2.63,0.43,5.26,0.86
"2545",354,1987,0.53,2.55,0,4.3,0.76,7.33,1.51
"2546",355,1987,0.08,0.82,0,0.86,0.35,1.46,0.36
"2547",356,1987,0,0.91,0,1.55,0.15,3.11,0.39
"2548",357,1987,0,0.12,0,0.8,0.17,0.55,0.73
"2549",358,1987,0.05,1.07,0,2.08,0.3,2.4,1.13
"2550",359,1987,0,0.03,0,0.17,0.15,0.2,0.27
"2551",360,1987,0,0.02,0,0.07,0,0.05,0.03
"2552",361,1987,0,0.05,0,0.36,0,0.61,0.07
"2553",362,1987,0.01,0.69,0,2.13,0.08,4.3,0.53
"2554",363,1987,0.02,0.86,0,1.57,0.07,2.57,0.47
"2555",364,1987,0,0.4,0,0.66,0.01,1.15,0.16
"2556",365,1987,0.01,0.79,0,1.6,0.05,3.64,0.47
"2557",1,1988,0,0.06,0,0.25,0.01,0.15,0.19
"2558",2,1988,0.01,0.8,0,0.66,0.07,1.24,0.35
"2559",3,1988,0.01,0.08,0,0.03,0.04,0.03,0.08
"2560",4,1988,0.01,0.17,0,0.34,0.02,0.44,0.18
"2561",5,1988,0,0.05,0,1.54,0,2.3,0.51
"2562",6,1988,0.22,0.01,0.24,0.16,0.02,0.15,0.08
"2563",7,1988,0.22,0,0.24,0.32,0.02,0.2,0.16
"2564",8,1988,0.24,0.83,0.24,1,0.13,1.39,0.45
"2565",9,1988,0.22,0.15,0.24,0.53,0.04,0.64,0.43
"2566",10,1988,0.23,0.01,0.24,0.02,0.02,0,0.04
"2567",11,1988,0,0,0,0.26,0,0.07,0.3
"2568",12,1988,0.25,1.07,0.11,2.08,0.43,2.12,1.05
"2569",13,1988,0,0.04,0,0.04,0.01,0.01,0.22
"2570",14,1988,0,0,0,0.35,0,0.11,0.4
"2571",15,1988,0.01,0,0.03,0.15,0.02,0.04,0.27
"2572",16,1988,0.01,0.08,0,0.05,0.05,0.02,0.04
"2573",17,1988,0.01,0.42,0,0.52,0.06,0.56,0.3
"2574",18,1988,0,0.31,0,1,0.02,1.35,0.5
"2575",19,1988,0,0.01,0,0.56,0,0.3,0.25
"2576",20,1988,0,0,0,0.18,0,0.11,0.1
"2577",21,1988,1.76,0.71,1.66,1.09,1.98,1.79,0.71
"2578",22,1988,1.6,0.32,0.94,0.32,1.74,0.18,0.43
"2579",23,1988,0.06,0.37,0.09,1.02,0.09,1.07,0.38
"2580",24,1988,0.06,0,0.09,0.11,0.01,0.06,0.1
"2581",25,1988,0.06,0,0.09,0.05,0.01,0.02,0.04
"2582",26,1988,0,0,0,0.22,0,0.18,0.11
"2583",27,1988,0,0,0,0.11,0,0.05,0.13
"2584",28,1988,0,0.07,0,0.56,0,0.49,0.34
"2585",29,1988,0,0.13,0,1.21,0.02,0.97,1.13
"2586",30,1988,0,0.35,0,1.47,0.02,2.39,0.45
"2587",31,1988,0.02,1.04,0,2.48,0.07,5.3,0.66
"2588",32,1988,0.93,0.93,2.52,4.79,1.77,4.07,1.17
"2589",33,1988,0.71,1.3,1.28,3.51,3.19,2.16,1.13
"2590",34,1988,0.07,0.41,0.01,1.23,0.69,0.54,0.49
"2591",35,1988,0.02,0.13,0.03,3.4,0.12,1.87,1.09
"2592",36,1988,0.08,0.92,0.15,5.76,0.32,5.97,1.44
"2593",37,1988,0.04,0.63,0,1.91,0.02,2.65,0.44
"2594",38,1988,0.06,0.27,0.09,3.22,0.02,4.57,0.79
"2595",39,1988,1.28,11.36,0.51,29.02,1.19,54.39,6.39
"2596",40,1988,0.25,1.72,0.09,3.73,0.17,4.66,1.37
"2597",41,1988,0.01,0.06,0.01,2.27,0,2.05,0.87
"2598",42,1988,0.04,0.22,0.05,0.57,0.16,0.65,0.34
"2599",43,1988,0.2,0.24,0.39,1.1,0.3,0.99,0.58
"2600",44,1988,0.16,0.46,0.25,0.93,0.25,1.05,0.54
"2601",45,1988,0.17,1.06,0.2,1.71,0.43,2.83,0.77
"2602",46,1988,0,0.06,0,0.83,0,1.05,0.25
"2603",47,1988,0,0.15,0,0.54,0.01,0.42,0.23
"2604",48,1988,0,0.06,0,0.23,0,0.14,0.11
"2605",49,1988,0.49,0.32,0.65,0.31,0.48,0.24,0.27
"2606",50,1988,0.01,0.47,0,0.85,0.05,1.72,0.39
"2607",51,1988,0.01,0.44,0,0.68,0.05,0.66,0.39
"2608",52,1988,0,0.05,0,0.66,0,0.73,0.35
"2609",53,1988,1.13,0.76,1.43,1.55,1.08,1.56,0.84
"2610",54,1988,0.27,1.76,0.13,1.99,0.64,1.96,1.59
"2611",55,1988,0,0,0,0.42,0,0.14,0.53
"2612",56,1988,0,0.07,0,1.38,0,1.1,0.95
"2613",57,1988,0.11,0.13,0.16,0.66,0.07,0.32,0.71
"2614",58,1988,0.11,0.06,0.16,0.73,0.02,0.3,0.83
"2615",59,1988,0.11,0.11,0.16,1.09,0.01,0.52,1.17
"2616",60,1988,0.15,1.33,0.16,1.78,0.4,2.15,1.1
"2617",61,1988,0.01,0.71,0,2.48,0.03,3.95,1.1
"2618",62,1988,0.4,0.19,1.3,1.14,0.53,1.63,0.41
"2619",63,1988,0.2,0.47,0.69,0.7,0.49,0.98,0.35
"2620",64,1988,0,0,0,0.02,0,0.01,0.04
"2621",65,1988,2.61,0.57,6.02,0.11,1.33,0.11,0.06
"2622",66,1988,0.01,0.65,0,0.63,0.04,1.12,0.22
"2623",67,1988,0,0.03,0,0.03,0.01,0.02,0.02
"2624",68,1988,0,0.03,0,0.09,0.01,0.06,0.05
"2625",69,1988,0,0.07,0,0.36,0.01,0.36,0.29
"2626",70,1988,0,0.07,0,0.54,0.01,0.49,0.32
"2627",71,1988,0,0,0,1.53,0,0.55,0.92
"2628",72,1988,0.01,0.4,0.04,1.79,0,0.65,0.87
"2629",73,1988,0.03,0.24,0.04,1.39,0,0.5,0.84
"2630",74,1988,0.01,0.49,0,3.04,0.02,2.29,2.48
"2631",75,1988,0.14,1.13,0.06,2.77,0.38,2.7,1.94
"2632",76,1988,1.39,1.42,1.33,3.64,2.48,4.31,2.25
"2633",77,1988,1.37,3.03,1.96,6.56,2.13,8.46,3.25
"2634",78,1988,0.14,1.28,0,4.43,0.28,8.53,1.6
"2635",79,1988,0,0,0,0.04,0,0.02,0.01
"2636",80,1988,0,0,0,0.38,0,0.19,0.1
"2637",81,1988,0,0.41,0,0.8,0,1.25,0.26
"2638",82,1988,0,0,0,0.08,0,0.07,0.02
"2639",83,1988,0,0.01,0,0.06,0,0.1,0.02
"2640",84,1988,0,0.02,0,0.12,0,0.24,0.02
"2641",85,1988,0,0.03,0,0.42,0,0.67,0.07
"2642",86,1988,0,0,0,1.33,0,0.94,0.38
"2643",87,1988,0,0.04,0,1.47,0.01,1.27,0.46
"2644",88,1988,0,0.17,0,2.54,0.03,2.42,0.83
"2645",89,1988,0.08,0.81,0.25,3.05,0.24,3.77,1.13
"2646",90,1988,0.24,1.39,0.44,5.37,0.7,5.3,2.31
"2647",91,1988,1.26,5.23,1.01,8.5,1.39,12.14,5.97
"2648",92,1988,1.17,2.93,2.77,6.85,3.88,5.98,5.99
"2649",93,1988,0.39,1.12,0.59,5.4,1.64,4.9,3.49
"2650",94,1988,9.84,3.63,10.53,7.34,6.81,6.23,6.88
"2651",95,1988,4.22,6.3,5.37,23.84,6.69,22.02,20.15
"2652",96,1988,3.22,1.23,5.42,3.55,2.71,3.33,2.44
"2653",97,1988,15.93,10.86,23.98,14.44,16.08,16.78,14.36
"2654",98,1988,5.77,12.97,6.66,17.9,5.84,24.63,17.2
"2655",99,1988,2.59,4.98,3.64,13.24,2.21,17.22,8.2
"2656",100,1988,5.96,2.96,7.37,9.5,2.75,11.75,5.94
"2657",101,1988,6.61,9.79,8.26,9.47,5.35,9.13,7.77
"2658",102,1988,2.36,4.76,2.6,8.98,4.66,14.49,5.93
"2659",103,1988,3.7,6.77,3.35,9.23,5.67,13.14,4.25
"2660",104,1988,5.21,11.22,4.9,11.94,9.86,11.8,6.48
"2661",105,1988,0.45,0.06,0.46,0.39,0.38,0.22,0.52
"2662",106,1988,0.15,0.66,0.17,1.53,0.54,1.61,1.02
"2663",107,1988,0,0,0.03,0.16,0.22,0.31,0.36
"2664",108,1988,0,0,0.01,0.22,0.11,0.23,0.29
"2665",109,1988,0,0,0.01,0.26,0.36,0.53,0.73
"2666",110,1988,0,0,0.02,0.16,0.21,0.13,0.25
"2667",111,1988,0,0,0,0.03,0.01,0.03,0.22
"2668",112,1988,0.01,0,0.05,0.04,0.08,0.01,0.89
"2669",113,1988,0.21,0.04,0.34,0.37,0.53,0.2,1.93
"2670",114,1988,0.03,0.01,0.11,0.75,0.21,0.52,3.47
"2671",115,1988,0,0,0.01,0.53,0.01,0.45,1.76
"2672",116,1988,0.01,0,0.06,0.09,0.05,0.06,0.42
"2673",117,1988,0.01,0.11,0.03,1.87,0.08,1.08,2.47
"2674",118,1988,0.13,0.16,0.37,1.71,0.16,1.05,2.07
"2675",119,1988,2.39,4.45,7.37,9.56,7.74,11.2,9.12
"2676",120,1988,4.25,7.36,7.83,7.66,8.22,9.65,6.68
"2677",121,1988,4.33,10.88,7.36,19.31,11.89,29.8,11.96
"2678",122,1988,13.14,7.36,14.31,22.46,16.72,16.26,14.87
"2679",123,1988,4.72,5.01,4.68,23.07,6.19,15.57,11.56
"2680",124,1988,9.02,6.26,11.15,14.79,15.31,7.61,12.04
"2681",125,1988,12.44,4.52,15.48,11.51,9.38,7.59,7.63
"2682",126,1988,1.53,0.69,3.18,2.98,5.35,1.52,3.29
"2683",127,1988,2.1,1.56,3.41,4.73,2.33,2.81,6.94
"2684",128,1988,1.73,5.71,2.33,6.54,2.17,9.04,9.39
"2685",129,1988,4.31,3.92,3.79,4.41,2.07,5.58,7.07
"2686",130,1988,5.24,7.06,7.44,7.44,3.76,13.12,10.75
"2687",131,1988,5.53,9.45,7.1,10.98,4.33,20.9,13.45
"2688",132,1988,0.75,0.84,0.57,2.12,2.05,0.48,4.21
"2689",133,1988,1.68,0.17,2.54,1.08,0.52,0.41,1.01
"2690",134,1988,5.54,2.62,6.93,7.24,5.14,3.32,8.09
"2691",135,1988,7.59,8.25,3.56,9.62,8.95,5.56,16.06
"2692",136,1988,3.75,6.77,3.6,14.16,7.76,6.8,29.64
"2693",137,1988,4.13,2.21,4.29,0.95,11.42,0.83,6.67
"2694",138,1988,2.72,1.48,3.07,0.57,3.46,0.75,2.04
"2695",139,1988,6.32,2.57,5.32,0.62,9.43,0.53,3.39
"2696",140,1988,7.17,1.89,5.45,0.32,8.97,0.24,3.25
"2697",141,1988,1.98,1.38,1.94,0.38,4.66,0.37,3.1
"2698",142,1988,3.71,8.55,4.15,4.11,2.68,6.57,4.61
"2699",143,1988,1.03,6.44,1.21,2.61,1.48,4.61,2.9
"2700",144,1988,20.78,49.74,19.49,15.4,21.9,23.44,12.69
"2701",145,1988,6.07,15.21,5.58,17.92,6.76,25.21,20.6
"2702",146,1988,5.39,9.79,7.38,15.97,3.31,26.7,16.83
"2703",147,1988,0.77,0.04,3.22,0.87,0.86,1.76,1.79
"2704",148,1988,0.31,0,0.64,0.09,0.08,0.06,0.34
"2705",149,1988,0.23,0,0.87,0.06,0.06,0.04,0.54
"2706",150,1988,0.54,0.01,1.83,0.1,0.36,0.07,1.4
"2707",151,1988,2.2,0.48,8.21,0.83,4.52,2.04,8.21
"2708",152,1988,4.29,0.55,13.99,0.8,8.64,1.69,8.82
"2709",153,1988,7.79,13.19,7.48,13.09,10.73,15.74,14.64
"2710",154,1988,0.71,3.52,1.27,13.92,0.68,17.21,7.38
"2711",155,1988,3.91,5.95,3.34,14.01,2.04,17.62,10.55
"2712",156,1988,4.56,5.08,6.16,12.02,3.94,10.57,14.07
"2713",157,1988,6.94,9.42,6.62,12.19,5.64,13.27,9.9
"2714",158,1988,3.63,6.08,4.04,3.32,3.82,5.61,2.08
"2715",159,1988,3.67,1.61,2.73,0.54,1.08,0.91,0.51
"2716",160,1988,8.43,7.85,10.29,3.3,4.68,5.4,2.32
"2717",161,1988,16.2,13.99,24.74,8.61,15.9,14,5.28
"2718",162,1988,28.37,17.5,30.31,9.36,23.1,13.56,5.35
"2719",163,1988,7.26,4.04,9.24,3.1,9.52,3.59,6.18
"2720",164,1988,0.93,0.83,0.58,2.44,0.28,3.05,1.71
"2721",165,1988,1.71,1.43,2.66,1.4,4.23,1.09,3.82
"2722",166,1988,5.15,2.9,6.2,0.99,7.64,0.92,3.19
"2723",167,1988,3.49,3.49,3.56,2.13,6.02,2.37,6.07
"2724",168,1988,3.81,3.94,4.81,6.44,6.69,4.47,8.83
"2725",169,1988,6.23,4.79,6.56,3.65,10.07,2.61,4.17
"2726",170,1988,16.31,36.38,13.08,25.79,22.48,35.1,18.29
"2727",171,1988,13.25,14.74,11.82,18,15.42,26.59,8.66
"2728",172,1988,2.25,2.71,2.41,5.03,4.81,5.98,4.38
"2729",173,1988,3.85,5.43,3.46,10,6.75,6.8,18.3
"2730",174,1988,9.75,4.02,9.4,9.34,9.61,4.08,16.04
"2731",175,1988,14.44,9.31,15.54,27.7,12.7,19.29,30.68
"2732",176,1988,7.52,3.03,7.62,23.75,6.97,15.25,18.66
"2733",177,1988,9.37,5.48,11.13,34.31,6.51,28.02,20.19
"2734",178,1988,5.52,4.22,7.2,11.98,6.61,14.35,14.55
"2735",179,1988,8.35,3.42,9.61,4.14,6.94,4.12,8.83
"2736",180,1988,8.59,7.86,10.99,6.52,9.67,6.67,11.39
"2737",181,1988,19.47,4.93,19.49,8.61,15.7,7.54,11.75
"2738",182,1988,15.33,9.85,16.84,16.59,14.93,21.33,17.58
"2739",183,1988,6.12,6.74,6.49,13.24,4.99,17.79,8.38
"2740",184,1988,14.22,8.05,19.44,4.12,15.26,3.27,8.98
"2741",185,1988,10.39,7.57,13.46,9.77,8.77,9.24,11.84
"2742",186,1988,16.99,12.8,20.46,13.48,16.11,8.73,21.03
"2743",187,1988,4.69,0.86,8.81,1.98,5.81,0.62,4.57
"2744",188,1988,16.65,6.7,20.36,5.7,10.49,3.53,7.89
"2745",189,1988,4.87,5.15,3.36,6.79,4.84,2.82,7.19
"2746",190,1988,21.27,9.85,24.82,12.07,12.12,7.37,13.42
"2747",191,1988,11.45,8.69,12.07,12.97,9.88,11.44,10.44
"2748",192,1988,18.15,9.65,13.96,21.95,7.31,23.84,7.79
"2749",193,1988,1.03,1.59,1.11,5.26,0.68,12.65,0.93
"2750",194,1988,2.19,3.58,1.08,6.1,1.59,13.06,2.76
"2751",195,1988,1.91,2.81,1.09,7.04,1.99,13.29,3.64
"2752",196,1988,0.07,0.46,0.03,2.91,0.08,5.66,0.98
"2753",197,1988,0.06,0.32,0.06,2.37,0.1,3.55,1.17
"2754",198,1988,4.94,3.71,2.65,10.43,1.18,14.21,4.09
"2755",199,1988,6.77,7.41,5,10.39,5.52,10.29,6.33
"2756",200,1988,21.5,12.01,19.59,8.67,12.14,9.99,7.73
"2757",201,1988,28.64,12.93,32.9,15.01,13.92,23.1,8.29
"2758",202,1988,9.17,6.83,8.5,9.86,7.16,13.56,8.44
"2759",203,1988,8.3,8.79,7.99,8.12,5.14,11.08,4.57
"2760",204,1988,4.66,7.01,5.27,10.58,3.76,16.92,4.31
"2761",205,1988,24.21,14.85,27.75,9.07,25.52,10.07,12.53
"2762",206,1988,15.84,20.87,14.5,26.21,20.13,24.92,35.04
"2763",207,1988,3.69,6,3.47,9.45,4.75,12.07,7.14
"2764",208,1988,17.7,16.82,20.21,17.3,23.48,20.78,14.05
"2765",209,1988,8.29,9.49,10.92,21.33,6.02,28.57,9.97
"2766",210,1988,2.5,8.87,2.44,12.68,4.97,9.61,11.51
"2767",211,1988,7.04,7.33,7.79,9.26,11.44,10.23,10.02
"2768",212,1988,9,12.2,13.97,9.94,14.71,6.57,10.51
"2769",213,1988,4.21,4,4.87,2.7,6.61,1.49,5.17
"2770",214,1988,3.12,6.67,2.85,3.7,2.87,3.9,7.39
"2771",215,1988,11.85,15.72,12.05,16.55,7.25,22.32,9.41
"2772",216,1988,5.79,3.66,7.66,12.15,6.25,11.79,13.19
"2773",217,1988,8.38,7.78,9.41,8.24,8.25,9.62,5.81
"2774",218,1988,13.32,11.65,14.87,11.43,11.61,12.31,12.7
"2775",219,1988,10.24,5.2,11.1,10.27,5.41,12.87,5.61
"2776",220,1988,1.8,2.59,1.61,6.96,0.65,8.71,3.99
"2777",221,1988,6.34,5.75,5.86,7.73,5.33,7.35,14.39
"2778",222,1988,16.85,8.79,18.75,9.57,12.76,8.61,13.35
"2779",223,1988,8.32,5.98,9.76,10.74,6.11,14.92,5.34
"2780",224,1988,5.28,17.38,3.62,36.29,3.61,54.99,16.59
"2781",225,1988,8.25,9.61,11.06,15.33,10.91,17.22,15.39
"2782",226,1988,15.82,19.95,16.03,7.1,16.85,9.83,8.89
"2783",227,1988,5.15,8.4,4.92,17.51,5.26,21.61,11.75
"2784",228,1988,11.73,8.15,12.31,8.84,9.25,12.07,8.49
"2785",229,1988,5.16,5.04,5.6,8.25,6.15,6.09,10.46
"2786",230,1988,7.21,12.59,6.32,28.85,13.34,23.94,24.12
"2787",231,1988,4.98,10.26,5.14,20.1,8.99,18.38,15.8
"2788",232,1988,6.13,10.39,6.61,13.22,13.34,14.05,12.48
"2789",233,1988,5.01,8.32,4.96,9.99,13.41,7.73,16.41
"2790",234,1988,7.68,9.37,9.21,10.02,5.35,7.35,9.83
"2791",235,1988,12.66,9.98,13.2,14.18,7.36,17.94,7.88
"2792",236,1988,8.62,5.79,10.29,9.18,4.5,10.36,6.93
"2793",237,1988,4.12,4.74,4.29,4.31,2.71,4.84,3.8
"2794",238,1988,7.28,7.62,5.46,7.61,3.7,7.64,5.67
"2795",239,1988,12.64,16.2,13.34,25.89,18.44,23.94,17.28
"2796",240,1988,5.36,10.26,7.03,12.22,9.54,11.69,8.56
"2797",241,1988,10.94,9.69,12.61,7.06,9.44,10.18,5.22
"2798",242,1988,5.24,10.19,6.26,14.8,6.17,16.42,6.46
"2799",243,1988,10.67,9.2,10.3,15.06,12.58,12.11,13.88
"2800",244,1988,14.73,17.89,15.64,19.43,14.17,16.5,23.68
"2801",245,1988,5.67,3.64,6.5,7.3,3.56,7.89,13.88
"2802",246,1988,10.69,5.52,12.24,5.56,10.38,7,6.29
"2803",247,1988,17.83,9.29,22.92,7.36,13.74,8.62,6.2
"2804",248,1988,3.9,6.25,4.35,4,4.87,4.56,5.1
"2805",249,1988,5.7,1.95,8.49,2.14,6.39,2.82,3.8
"2806",250,1988,10.61,16.54,9.22,21.77,14.47,23.5,14.76
"2807",251,1988,3.36,11.07,4,22.55,7.18,26.82,10.78
"2808",252,1988,7.42,15.35,4.72,18.13,8.18,18.22,14.85
"2809",253,1988,2.99,5.36,2.47,13.85,4.64,8.4,12.04
"2810",254,1988,5.23,7.44,4.32,8.23,7.28,7.49,10.95
"2811",255,1988,9.93,11.66,12.56,25.15,11.83,24.36,23.65
"2812",256,1988,8.12,18.83,6.66,29.44,8.53,37.1,17.1
"2813",257,1988,9.43,7.62,11.87,9.71,7.53,12.1,6.26
"2814",258,1988,2.09,1.83,2.01,4.28,1.39,2.95,3.75
"2815",259,1988,5.62,3.91,6.29,3.85,5.46,3.27,5.65
"2816",260,1988,2.96,8.23,3.15,14.12,2.83,18.39,6.14
"2817",261,1988,12.57,14.15,15.7,13.3,15.63,18.14,12.11
"2818",262,1988,6.75,15.64,7.04,18.15,12.58,21,13.75
"2819",263,1988,10.25,24.33,10.47,23.58,15.75,35.34,16.75
"2820",264,1988,5.74,13.93,5.41,12.14,10.14,18.39,9.61
"2821",265,1988,4.71,2.22,7.37,9.09,3.59,14.88,3.74
"2822",266,1988,4.71,8.22,7.12,3.99,5.07,6.08,4.49
"2823",267,1988,5.48,13.77,5.09,11.6,6.27,15.49,9.12
"2824",268,1988,8.27,7.85,6.72,12.74,6.06,14.99,6.79
"2825",269,1988,9.93,7.99,8.96,14.74,5.95,26.56,4.87
"2826",270,1988,2.45,6.36,4.22,21.9,3.44,35.4,7.34
"2827",271,1988,0.82,2.65,1.13,10.33,1.13,13.95,4.29
"2828",272,1988,2.13,3.95,4.49,15.68,3.12,13.34,5.88
"2829",273,1988,5.98,15.3,8.55,20.23,8.32,22.84,14.65
"2830",274,1988,1.36,3.68,1.37,13.5,1.7,10.06,8.73
"2831",275,1988,0.35,0.25,0.47,1.55,0.35,0.56,2.49
"2832",276,1988,0.66,1.51,0.7,1.96,0.84,1.15,2.94
"2833",277,1988,12.24,18.9,10.43,12.04,10.65,14.43,11.9
"2834",278,1988,3.63,12.74,2.86,24.02,5.11,31.39,11.99
"2835",279,1988,4.34,3.15,3.43,6.65,2.02,9.6,2.88
"2836",280,1988,9.43,3.85,10.58,2.94,9.02,1.97,3.7
"2837",281,1988,11.42,12.5,10.95,10.4,10.07,12.84,6.88
"2838",282,1988,15.91,16.11,17.98,11.67,12.29,14.86,9.88
"2839",283,1988,2.68,8.08,2.77,9.1,5.64,12.16,6.8
"2840",284,1988,1.62,1.12,2.03,0.91,0.75,0.61,1.1
"2841",285,1988,2.03,2.39,4.04,7.91,3.05,6.69,4.19
"2842",286,1988,11.54,16.71,12.75,14.12,11.22,15.24,7.45
"2843",287,1988,8.15,17.18,8.42,14.38,12.35,18.64,9.56
"2844",288,1988,15.03,17.85,12.53,20.69,13.18,23.65,14.63
"2845",289,1988,6.2,8.65,6.14,21.78,8.63,30.43,16.61
"2846",290,1988,9.31,10.01,12.23,10.66,7.26,11.29,12.49
"2847",291,1988,19.18,31.84,18.29,39.92,32.7,41.93,44.4
"2848",292,1988,6.12,12.15,5.2,9.9,7.33,12.29,11.19
"2849",293,1988,6.33,8.9,11.89,11.86,10.28,11.59,11.56
"2850",294,1988,6.2,11.32,7.22,15.8,6.56,18.65,11.25
"2851",295,1988,18.13,23.76,20.98,12.78,21.23,14.2,11.74
"2852",296,1988,10.16,14.33,7.82,9.72,12.99,13.96,9.21
"2853",297,1988,3.02,3.05,3.49,1.09,1.86,2.41,0.93
"2854",298,1988,3.01,3.63,3.04,2.75,2.82,2.79,3.05
"2855",299,1988,1.81,0.71,1.86,1.8,1.29,1.13,4.24
"2856",300,1988,1.26,3.95,1,9.17,1.52,12.6,4.69
"2857",301,1988,2.76,4.22,2.6,7.38,3.03,17.66,4.43
"2858",302,1988,8.35,22.16,7.84,18.9,11.46,23.36,12.23
"2859",303,1988,1.06,1.94,1.05,3.96,0.56,5.95,4.34
"2860",304,1988,4.7,10.44,5.46,13.45,3.71,20.43,7.78
"2861",305,1988,4.19,5.21,5.08,13.05,1.94,13.6,6.27
"2862",306,1988,12.53,20.39,16.16,17.85,24.19,20.96,14.9
"2863",307,1988,11.84,18.58,14.77,25.08,18.21,26.05,17.94
"2864",308,1988,11.92,12.52,14.84,10.41,11.53,12.08,7.78
"2865",309,1988,6.93,8.89,10.1,15.16,8.51,19.6,10.75
"2866",310,1988,1.07,1.14,1.87,3.52,1.97,2.09,4.54
"2867",311,1988,4.75,11.58,4.51,6.61,8.73,6.02,10.13
"2868",312,1988,4.24,6.11,4.78,2.82,7.51,3.08,4.76
"2869",313,1988,8.8,10.86,9.44,6.38,10.33,7.38,8.57
"2870",314,1988,8.03,9.67,11.5,6.08,9.06,9.04,6.49
"2871",315,1988,3.76,6.74,5.8,6.64,4.29,16.9,4.48
"2872",316,1988,3.16,3.07,4.16,7.05,9.61,8.48,6.47
"2873",317,1988,5.62,1.16,7.66,3.06,2.13,2.08,2.23
"2874",318,1988,6.45,3.68,5.86,2.29,6.77,0.81,4.57
"2875",319,1988,13.1,9.81,12.29,5.65,22.2,2.56,14.13
"2876",320,1988,11.77,3.16,10.23,1.87,9.78,0.95,3.57
"2877",321,1988,7.03,17.9,5.88,17.84,14.32,18.69,20.83
"2878",322,1988,4.22,7.85,4.92,18.66,3.99,27.31,7.08
"2879",323,1988,1.86,6.41,1.37,7.57,3.4,7.1,7.18
"2880",324,1988,3.51,11.62,2.97,21.4,5.21,23.12,15.11
"2881",325,1988,1.46,10.86,1.04,18.03,4.62,19.06,17.32
"2882",326,1988,0.71,5.58,1.27,17.21,1.72,15.29,12.69
"2883",327,1988,1.19,1.51,1.76,2.17,0.81,2.8,2.22
"2884",328,1988,1.81,1.04,2.76,5.55,1.22,3.17,4.55
"2885",329,1988,1.66,5.25,2.15,4.83,3.22,3.86,5.54
"2886",330,1988,14.98,13.9,21.16,12.57,10.59,12.52,26.15
"2887",331,1988,7,4.43,5.14,5.91,4.03,7.22,4.06
"2888",332,1988,3.2,1.04,2.7,3.96,1.95,4.23,2.13
"2889",333,1988,0.78,0.19,1.01,0.93,0.46,0.72,0.65
"2890",334,1988,3.02,1.61,2.29,2.11,2.21,1.79,2.02
"2891",335,1988,0.35,0.13,0.34,0.13,0.26,0.1,0.38
"2892",336,1988,0.16,0.65,0.06,0.55,0.32,0.62,0.68
"2893",337,1988,0.13,0.52,0.1,1.03,0.31,0.96,1.09
"2894",338,1988,0.58,2.07,0.18,2.71,1,3.62,2.51
"2895",339,1988,0.31,1.12,0.19,1.89,0.5,2.17,1.7
"2896",340,1988,0.01,0.25,0.01,2.34,0.04,1.97,1.88
"2897",341,1988,0.01,0.23,0,0.49,0.03,0.46,0.87
"2898",342,1988,0.28,0.15,0.85,0.38,0.11,0.16,0.59
"2899",343,1988,1.12,7.63,1.52,6.3,2.22,8.09,4.59
"2900",344,1988,0.01,0.19,0.01,0.58,0.1,0.66,0.72
"2901",345,1988,0,0.09,0,1.07,0,1.26,0.83
"2902",346,1988,0.04,0.49,0.1,0.49,0.16,1.08,0.37
"2903",347,1988,0.69,1.53,2.6,1.56,0.49,3.7,0.98
"2904",348,1988,0.17,2.68,0.87,4.16,0.24,6.67,1.63
"2905",349,1988,0.21,0.78,0.62,0.75,1.29,0.95,0.85
"2906",350,1988,0.17,4.03,0.3,7.6,0.51,15.32,2.27
"2907",351,1988,0,0.17,0,0.16,0.01,0.12,0.14
"2908",352,1988,0,0,0,0,0,0,0.13
"2909",353,1988,0.01,0.6,0,1.8,0.13,1.37,1.34
"2910",354,1988,0.04,2.57,0,6.15,0.23,8.97,2.51
"2911",355,1988,0.07,2.55,0,2.87,0.27,3.04,1.49
"2912",356,1988,0,0.01,0,0.12,0.01,0.07,0.13
"2913",357,1988,0.01,0.18,0,0.41,0.05,0.42,0.47
"2914",358,1988,0.01,0.13,0,1.35,0.08,1.62,0.64
"2915",359,1988,0.11,2.05,0,3.38,0.64,5.83,1.45
"2916",360,1988,0.07,1.89,0,2.47,0.26,3.9,1.12
"2917",361,1988,0.09,0.83,0.12,2.2,0.2,2.02,1.4
"2918",362,1988,0.57,1.69,0.98,3.83,1.47,5.27,1.7
"2919",363,1988,0.66,1.9,1.28,5.71,1.66,6.21,2.62
"2920",364,1988,1.15,2.62,1.97,8.87,2.22,12.96,3.16
"2921",365,1988,1.47,3.77,2.6,19.11,3.23,27.12,7.43
"2922",366,1988,1.18,4.11,2,19.14,2.55,25.05,9
"2923",1,1989,0.02,2.2,0.16,8.77,0.15,14.18,4.46
"2924",2,1989,0,0.49,0.12,7.4,0.01,10.72,2.99
"2925",3,1989,0.02,0.96,0.01,4.8,0.08,5.47,2.68
"2926",4,1989,0.01,0.87,0.03,2.3,0.06,3.27,1.45
"2927",5,1989,0.02,1.06,0.38,2.61,0.13,4.88,1.5
"2928",6,1989,0.09,2.45,0.86,5.3,0.28,8.45,2.54
"2929",7,1989,0.02,0.33,0.02,1.2,0.08,1.57,0.45
"2930",8,1989,0.01,0.12,0,0.05,0.01,0.12,0.06
"2931",9,1989,0,0,0,0.06,0,0.02,0.12
"2932",10,1989,0,0,0.03,0.43,0,0.14,0.25
"2933",11,1989,0.1,0.51,0.05,0.52,0.5,0.79,0.56
"2934",12,1989,0.11,2.09,0.04,4.82,0.86,7.8,3.4
"2935",13,1989,0.04,0.35,0.03,1.8,0.13,2.01,1.06
"2936",14,1989,0.1,1.13,0.02,1.03,0.41,1.11,1.11
"2937",15,1989,0.09,0.77,0.04,0.76,0.57,0.99,1.11
"2938",16,1989,0.02,0.36,0,0.52,0.05,0.99,0.16
"2939",17,1989,0.02,0.99,0,2.33,0.09,4.57,0.64
"2940",18,1989,0,0.06,0,0.52,0.01,0.65,0.19
"2941",19,1989,0,0.05,0,0.46,0,0.55,0.13
"2942",20,1989,0,0.19,0,1.26,0.02,2.41,0.4
"2943",21,1989,0.16,1.44,1.76,2.24,0.29,4.68,1.03
"2944",22,1989,0.19,2.16,0.73,4.09,0.44,7.57,2.09
"2945",23,1989,0.01,0.17,0.09,1.16,0.02,1.39,0.79
"2946",24,1989,0.01,0.04,0.05,0.09,0.03,0.05,0.14
"2947",25,1989,0,0.01,0.01,0.13,0,0.07,0.26
"2948",26,1989,0.01,0.16,0,0.27,0.03,0.21,0.15
"2949",27,1989,0,0.06,0,0.38,0.01,0.26,0.14
"2950",28,1989,0,0.01,0,0.29,0,0.22,0.14
"2951",29,1989,0,0.35,0,1.21,0.01,1.31,0.36
"2952",30,1989,0.01,0.43,0,1.61,0.06,1.36,0.5
"2953",31,1989,0.03,1.93,0,3.98,0.12,6.57,1.36
"2954",32,1989,0.01,2.53,0,3.01,0.06,5.29,2.26
"2955",33,1989,0,0.18,0,1.58,0,2.1,1.76
"2956",34,1989,0,0.02,0,0.42,0,0.3,0.35
"2957",35,1989,0,0.02,0,1.37,0,1.27,0.68
"2958",36,1989,0,0.19,0,2.2,0,1.66,0.87
"2959",37,1989,0.01,0.37,0.01,2.41,0.01,4.35,0.76
"2960",38,1989,0.05,1.26,0.06,4.85,0.15,7.78,2.72
"2961",39,1989,0,0.02,0,0.19,0,0.26,0.2
"2962",40,1989,0,0.01,0,0.1,0,0.15,0.11
"2963",41,1989,0,0,0,0.01,0,0.01,0.04
"2964",42,1989,0.05,0.02,0.05,0.17,0.04,0.08,0.18
"2965",43,1989,0.02,0.13,0.03,1.13,0.01,0.99,0.9
"2966",44,1989,0.23,1.21,0.35,2.41,0.43,4.05,0.97
"2967",45,1989,0,0.01,0,0.65,0,0.52,0.5
"2968",46,1989,0,0,0,0.01,0,0.05,0.05
"2969",47,1989,0,0,0,0.6,0,0.45,0.36
"2970",48,1989,0,0,0,2.9,0,2.45,0.89
"2971",49,1989,0.19,0,0.22,1.99,0.08,1.31,0.79
"2972",50,1989,4.68,1.08,6.34,1.65,3.32,1.4,0.86
"2973",51,1989,28.36,12.93,28.28,7.5,28.12,15.53,5.65
"2974",52,1989,14.14,21.6,12.11,12.8,15.54,26.16,13.33
"2975",53,1989,0.08,0.04,0.16,0.86,0.1,0.78,0.71
"2976",54,1989,0.24,0.64,0.33,1.11,0.23,1.23,1.03
"2977",55,1989,0.22,0.59,0.15,1.68,0.17,1.73,1.54
"2978",56,1989,9.75,13.52,9.58,2.81,8.98,3.17,2.54
"2979",57,1989,10.66,9.17,12.45,21.78,6.09,23.8,16.69
"2980",58,1989,2.67,3.36,3.98,12.14,1.76,15.63,6.28
"2981",59,1989,0.26,1.38,0.42,12.64,0.37,18.09,5.45
"2982",60,1989,0.01,0.43,0.17,3.83,0.04,2.91,1.96
"2983",61,1989,0.04,0.16,0.06,4.31,0.03,2.24,3.31
"2984",62,1989,1.55,2.72,1.82,10.06,1.02,6.42,7.39
"2985",63,1989,2.7,2.22,3.76,10.26,1.69,5.09,8.68
"2986",64,1989,17.28,34.65,18.67,43.49,24.81,43.46,26.59
"2987",65,1989,0.03,1.13,0.3,1.39,0.53,1.35,2.38
"2988",66,1989,0,0.51,0.28,2.06,0.22,2.45,4.52
"2989",67,1989,0,0.22,0,1.44,0.07,1.53,2.8
"2990",68,1989,0,0.03,0.02,1.02,0.01,0.92,1.85
"2991",69,1989,0,0.13,0.04,1,0.04,0.86,2.67
"2992",70,1989,0.02,0.16,0.04,1.8,0.01,1.31,0.95
"2993",71,1989,0,0.12,0.06,1.33,0,0.79,1.03
"2994",72,1989,0.14,0.29,0.05,1.38,0.02,1.09,0.78
"2995",73,1989,2.06,1.5,1.44,3.01,0.15,3.82,1.65
"2996",74,1989,0.01,0.02,0.04,1.04,0,0.65,0.56
"2997",75,1989,0,0.01,0,0.34,0,0.25,0.1
"2998",76,1989,0,0.22,0,0.92,0.02,0.99,0.57
"2999",77,1989,0,0.1,0,1.61,0.01,1.26,0.84
"3000",78,1989,0,0.07,0.02,1,0.02,0.81,0.72
"3001",79,1989,0.73,1.63,0.71,2.75,1.6,3.54,1.96
"3002",80,1989,0,0.28,0,1.07,0,1.71,0.65
"3003",81,1989,0,0.15,0,0.81,0,1.14,0.37
"3004",82,1989,0,0.23,0,0.46,0,0.68,0.36
"3005",83,1989,0,0.47,0,1.08,0,1.78,0.53
"3006",84,1989,0,0.04,0,0.19,0,0.43,0.16
"3007",85,1989,0,0.01,0,0.32,0,0.22,0.18
"3008",86,1989,0,0.04,0,0.43,0,0.33,0.24
"3009",87,1989,0,0.18,0,0.7,0,0.71,0.31
"3010",88,1989,0,0.1,0,1.56,0,1.59,0.67
"3011",89,1989,0.01,0.55,0.03,2.2,0,3.64,0.85
"3012",90,1989,0.05,0.52,0.09,2.15,0,2.98,0.92
"3013",91,1989,0.32,1.51,0.62,2.21,0.85,3.51,1.75
"3014",92,1989,1.82,2.42,1.62,3.49,4.64,4.31,3.12
"3015",93,1989,1.03,1.23,0.71,1.72,2.01,2.15,1.45
"3016",94,1989,6.67,8.53,3.82,6.46,20.8,9.34,7.71
"3017",95,1989,2.03,2.83,1.03,5.32,3.78,8.71,2.8
"3018",96,1989,0.12,3.44,0.07,4.62,2.19,8.36,3.34
"3019",97,1989,0.52,0.43,0.12,0.73,0.33,1.02,0.63
"3020",98,1989,0.07,0.68,0.03,0.92,0.29,1.11,0.73
"3021",99,1989,0.05,0.72,0.02,0.88,0.36,1.19,0.59
"3022",100,1989,0,0.03,0,0.37,0,0.36,0.23
"3023",101,1989,0,0,0,0.88,0,0.51,0.34
"3024",102,1989,0.33,0.18,0.64,2.82,0.13,2.29,1.51
"3025",103,1989,1.58,6.76,1.63,13.76,1.95,17.21,9.86
"3026",104,1989,10.71,13.26,10.26,13.75,9.89,19.61,8.38
"3027",105,1989,1.82,5.51,2.22,9.88,2.02,16.57,5.19
"3028",106,1989,0.04,0,0.12,0.98,0.01,0.49,0.63
"3029",107,1989,0.19,0.02,0.05,1.34,0.15,0.97,1.06
"3030",108,1989,0,0,0,0.14,0,0.04,0.16
"3031",109,1989,0,0,0,0.42,0,0.14,0.17
"3032",110,1989,0.04,0.01,0.54,0.52,0.08,0.17,0.31
"3033",111,1989,8.88,6,9.32,6.01,6.15,3.41,6.76
"3034",112,1989,17.13,19.35,17.41,16.5,19.62,24.16,13.6
"3035",113,1989,4.09,9.61,6.16,15.31,7.67,21.17,10.66
"3036",114,1989,1.65,1.32,1.67,2.51,2.49,1.57,3.28
"3037",115,1989,2.22,2.08,2.54,2.73,1.58,1.62,5.44
"3038",116,1989,2.11,3.33,2.81,6.84,5.63,4.6,9.97
"3039",117,1989,4.59,1.65,7.12,5.5,8.15,2.76,7.22
"3040",118,1989,1.8,2.87,3.94,5.74,6.26,4.32,6.29
"3041",119,1989,1.6,2.37,2.24,7.16,5.07,4.08,6.56
"3042",120,1989,0.74,0.26,1.09,4.03,0.83,2.47,1.94
"3043",121,1989,0.31,0.37,0.44,2.42,0.29,1.75,1.83
"3044",122,1989,1.25,3.21,2.08,4.82,1.67,5.39,6.43
"3045",123,1989,6.29,3.76,6.09,4.25,4.24,5.16,5.61
"3046",124,1989,4.44,9.37,4.12,11.24,3.83,15.11,10.16
"3047",125,1989,9.54,7.98,11.16,9.99,5.29,11.47,11.13
"3048",126,1989,24.44,41.65,25.63,51.96,35.94,45.48,51.05
"3049",127,1989,5.99,13.94,8.97,20.08,19.56,23.08,25.99
"3050",128,1989,33.84,26.57,35.08,30.72,30.85,41.85,26.99
"3051",129,1989,3.88,13.01,2.9,21.54,3.23,24.11,16.24
"3052",130,1989,10.01,19.78,8.76,20.58,11.26,23.43,17.54
"3053",131,1989,9.99,7.69,11.54,16.12,8.65,19.69,8.39
"3054",132,1989,16.61,9.86,19.24,20.95,11.31,23.05,13.39
"3055",133,1989,14.3,9.69,15.34,19.68,12.65,19.98,20.46
"3056",134,1989,14.25,10.91,19.44,13.82,13.99,19.34,10.66
"3057",135,1989,4.85,5.48,7.18,17.18,8.76,18.12,11.2
"3058",136,1989,2.51,3.54,3.71,7.95,5.61,7.1,8.29
"3059",137,1989,6.4,9.72,8.87,18.5,12.3,22.86,16.27
"3060",138,1989,9.08,15.06,11.38,24.1,13.37,31.33,17.75
"3061",139,1989,2.36,0.92,4.51,4.62,3.92,3.06,4.71
"3062",140,1989,7.92,10.55,12.28,11.37,16.42,8.09,17.13
"3063",141,1989,5.62,6.9,7.03,7.11,9.34,5.89,12.62
"3064",142,1989,10.42,11.9,7.55,12.84,13.06,14.54,15.23
"3065",143,1989,24.83,25.98,24.73,26.13,27.96,31.4,30.51
"3066",144,1989,5.33,6.33,7.37,10,7.5,12.38,6.81
"3067",145,1989,2.81,4.33,4.63,7.63,4.38,7.35,6.18
"3068",146,1989,15.6,21.65,14.83,12.41,26.08,7.29,19.05
"3069",147,1989,7.22,13.12,8.31,11.74,15.44,7.98,11.31
"3070",148,1989,10.59,16.71,9.07,15.58,25.05,10.31,18.72
"3071",149,1989,9.72,12.89,11.27,10.58,16.62,8.5,9.23
"3072",150,1989,5.86,10.68,4.48,4.84,11.32,2.46,7.27
"3073",151,1989,1.9,8.38,1.62,4.09,4.63,2.13,5.58
"3074",152,1989,11.69,8.72,14.69,10.36,14.11,11.48,9.33
"3075",153,1989,14.19,15.45,16.5,34.7,18.18,45.84,20.03
"3076",154,1989,16.56,18.45,20.05,23.47,19.94,33.06,11.07
"3077",155,1989,8.52,7.84,14.48,13.62,14.23,10.05,18.04
"3078",156,1989,22.44,42.09,23.24,33.68,24.5,44.57,26.12
"3079",157,1989,2.87,7.4,1.84,10.56,5.84,16.1,3.59
"3080",158,1989,5.71,11.67,4.82,9.85,10.13,11.11,6.49
"3081",159,1989,2.66,5.79,1.77,8.49,5.09,11.82,3.66
"3082",160,1989,2.81,12.12,2.63,12.86,3.97,17.8,5.49
"3083",161,1989,5.69,9.79,3.74,8.6,8.47,10.73,5.7
"3084",162,1989,14.55,21.84,11.06,29.19,15.92,37.02,15.54
"3085",163,1989,6.22,13.21,6.7,18.52,11.54,22.28,12.84
"3086",164,1989,12.67,16.39,13.27,20.43,17.41,22.06,16.52
"3087",165,1989,14.68,18.69,16.3,30.22,21.17,20.82,39.72
"3088",166,1989,1.39,4.06,1.58,12.09,3.78,8.93,9.06
"3089",167,1989,0.72,0.24,0.83,0.47,0.43,0.17,0.29
"3090",168,1989,7.51,3.67,8.06,1.7,5.64,1.23,1.86
"3091",169,1989,31.85,13.36,43.21,7.66,17.41,6.7,5.12
"3092",170,1989,16.02,22.55,15.32,31.93,35.36,23.91,34.32
"3093",171,1989,8.27,3.64,7.02,3.59,3.78,3.26,2.92
"3094",172,1989,16.57,22.41,20.28,22.59,32.97,27.22,26.2
"3095",173,1989,10.99,10.19,11.05,11.26,11.52,13.72,10.44
"3096",174,1989,15.15,18.61,18.2,26.04,23.9,25.75,25.27
"3097",175,1989,3.15,1.32,5.7,5.68,3.12,4.72,4.75
"3098",176,1989,8.44,17.3,9.59,14.95,19.95,18.12,16.95
"3099",177,1989,16.1,22.89,12.63,21.68,35.36,32.26,19.84
"3100",178,1989,1.55,0.57,2.46,3.19,2.57,1.52,3.87
"3101",179,1989,1.94,0.63,1.86,3.02,2.17,1.27,5.34
"3102",180,1989,0.98,0.66,1.02,1.58,0.83,0.78,1.96
"3103",181,1989,24.94,23.77,19.57,17.83,28.77,21.26,20.98
"3104",182,1989,6.72,3.82,9.22,12.39,8.17,11.4,6.78
"3105",183,1989,16.5,14.16,20.19,12.66,17.93,15.88,10.47
"3106",184,1989,17.58,16.27,17.92,14.36,25.16,11.87,14.52
"3107",185,1989,7.15,10.83,8.91,11.98,17.77,7.14,19.06
"3108",186,1989,15.29,20.97,18.1,33.65,24.51,34.82,28.68
"3109",187,1989,3.95,8.38,2.99,8.88,4.07,9.96,8.11
"3110",188,1989,3.34,2.86,2.01,3.85,1.64,4.65,2.85
"3111",189,1989,0.25,0.34,0.2,2.15,0.13,3.3,0.81
"3112",190,1989,0.02,0.21,0.01,1.49,0.01,2.13,0.87
"3113",191,1989,0.01,0.18,0.01,1.29,0,1.99,0.67
"3114",192,1989,0.34,0.2,0.43,2.27,0.35,1.85,1.7
"3115",193,1989,1.22,0.3,1.47,3.26,0.48,2.68,2.34
"3116",194,1989,5.2,2.62,6.45,6.85,6.09,5.47,4.85
"3117",195,1989,9.18,5.96,10.74,4.09,14.07,2.55,6.82
"3118",196,1989,14.83,5.15,13.88,6.56,12.96,4,9.27
"3119",197,1989,26.53,12.46,14.54,9.49,12.86,13.04,6.51
"3120",198,1989,6.58,2.6,4.14,6.2,2.13,10.75,2.49
"3121",199,1989,7.98,2.72,5.6,4,1.79,7.23,1.01
"3122",200,1989,3.1,9.16,1.93,9.37,4.07,12.55,6.6
"3123",201,1989,17.04,15.89,13.58,8.76,22.2,11.12,8.66
"3124",202,1989,16.83,31.58,13.45,36.61,22.65,48.52,21.07
"3125",203,1989,21.55,34.31,15.2,26.95,25.49,38.56,20.76
"3126",204,1989,16.51,14.83,14.03,16.87,15.54,25.46,10.01
"3127",205,1989,20.74,24.52,16.68,10.37,24.11,10.81,12.73
"3128",206,1989,31.08,17.56,23.92,28.82,28.58,20.36,28.49
"3129",207,1989,8.07,8.86,12.71,13.14,6.67,15.93,8.77
"3130",208,1989,1.13,0.75,2.21,1.43,0.36,1.01,1.61
"3131",209,1989,6.69,4.81,13.83,1.55,9.45,1.29,4.91
"3132",210,1989,5.28,1.17,9.03,1.86,4.33,0.76,3.21
"3133",211,1989,0.73,0.28,1.74,1.54,0.59,0.61,2.59
"3134",212,1989,0.54,0.56,2.95,2.62,0.44,1.33,4.97
"3135",213,1989,7.95,6.86,8.84,14.47,9.31,17.36,8.81
"3136",214,1989,13.66,7.54,12.64,6.04,7.19,9.39,3.76
"3137",215,1989,7.14,5.41,7.36,4.41,6.6,5.67,3.15
"3138",216,1989,14.8,15.41,13.72,18.88,11.22,19.44,13.29
"3139",217,1989,12.19,10.21,13.32,12.8,11.05,13.41,8.73
"3140",218,1989,11.45,11.16,10.27,9.7,12.96,11.28,7.38
"3141",219,1989,1.6,6.76,1.04,10.08,2.93,9.85,6.8
"3142",220,1989,5.2,3.12,6.65,4.61,5.24,4.26,5.99
"3143",221,1989,12.2,14.87,10.47,11.75,9.48,13.97,8.32
"3144",222,1989,7.39,7.01,7.26,14.81,6,19.49,8.53
"3145",223,1989,4.04,3.81,6.29,2.91,5.11,3.78,4.22
"3146",224,1989,8.07,7.95,11.82,7.58,9.94,10.29,8.95
"3147",225,1989,3.48,6.82,3.35,8.4,4.12,11.79,8.19
"3148",226,1989,7.42,5.98,7.95,8.94,5.73,10.03,20.23
"3149",227,1989,12.47,4.53,16.17,4.82,5.52,4.9,4.32
"3150",228,1989,2.63,6.85,1.55,12.93,2.86,18.57,8.64
"3151",229,1989,2.42,4.01,1.01,10.38,1.94,15.36,6.11
"3152",230,1989,1.7,3.59,0.89,7.24,1.64,7.36,4.43
"3153",231,1989,3.95,2.49,2.75,11.26,2.31,9.03,8.77
"3154",232,1989,2.13,2.62,1.31,4.6,1.96,4.43,5.61
"3155",233,1989,7.28,10.82,9.9,7.87,9.71,9.03,7.04
"3156",234,1989,10.45,13.19,12.78,16.34,11.65,20.51,8.9
"3157",235,1989,4.23,7.15,5.54,9.04,5.08,12.49,7.21
"3158",236,1989,4.55,16.77,4.95,19.12,7.91,22.9,10.22
"3159",237,1989,3.21,4.93,5.23,6.98,3.93,9.06,3.83
"3160",238,1989,5.63,7.83,5.25,9.67,7.1,7.94,8.56
"3161",239,1989,8.84,11.56,9.2,9.94,7.76,14.4,9.83
"3162",240,1989,6.21,12.98,7.36,31.93,6.32,42.87,14.74
"3163",241,1989,9.84,14.62,14.29,9.4,13.97,13.35,8.33
"3164",242,1989,15.79,16.88,18.06,28.68,16.47,33.59,20.89
"3165",243,1989,7.18,4.2,7.06,11.54,3.26,8.07,8.58
"3166",244,1989,10.4,9.48,14.11,4.73,15.58,5.9,5.34
"3167",245,1989,8.5,6.7,10.91,3.41,11.06,3.43,5.18
"3168",246,1989,7.89,8.42,8.47,5.07,13.65,5.31,6.77
"3169",247,1989,2.52,2.32,3.42,5.44,4.58,4.16,10.48
"3170",248,1989,14.89,5.36,18.75,5.87,14.28,3.86,8.26
"3171",249,1989,14.01,22.5,14.35,15.35,14.51,20.9,17.2
"3172",250,1989,5.59,17.29,4.31,16.41,9.17,17,13.02
"3173",251,1989,13.86,7.01,16.39,5.87,15.49,7.33,7.48
"3174",252,1989,11.55,19.02,12.51,13.91,15.96,16.92,10.94
"3175",253,1989,11.02,10.24,11.51,18.84,14.24,18.19,12.35
"3176",254,1989,12.06,24.08,9.8,17.34,22.13,14.45,15.47
"3177",255,1989,5.6,9.24,6.4,16.22,7.06,14.27,12.65
"3178",256,1989,14.69,20.65,16.68,21.63,24.37,15.95,19.59
"3179",257,1989,4.06,8.32,3.94,17.07,5.32,13.6,11.23
"3180",258,1989,14.67,20.11,17.19,11.06,15.15,11.4,7.78
"3181",259,1989,10.22,12.36,7.9,9.06,22.26,9.39,11.88
"3182",260,1989,0.83,5.62,0.74,8.68,1.51,10.49,6.11
"3183",261,1989,1.3,4.42,0.3,6.91,1.24,9.01,5.59
"3184",262,1989,3.38,6.52,2.86,10.47,8.54,11.16,8.34
"3185",263,1989,12.53,13.39,12.63,10.2,16.23,10.19,8.98
"3186",264,1989,17.3,24.38,15.17,16.07,22.36,15.21,19.7
"3187",265,1989,11.81,16.16,10.98,12.44,11.42,18.72,7.96
"3188",266,1989,1.84,4.9,1.61,12.85,1.38,19.28,4.56
"3189",267,1989,10.2,17.8,7.49,19,10.98,29.32,9.65
"3190",268,1989,7.97,5.45,6.77,3.33,12.54,1.77,5.16
"3191",269,1989,17.59,24.4,21.32,23.07,16.29,25.37,14.5
"3192",270,1989,6.18,14.41,7.38,25.03,8.31,38.5,14.95
"3193",271,1989,9.53,17.87,8.03,28.6,12.02,39.85,21.97
"3194",272,1989,11.05,36.67,7.28,21.34,16.54,24.57,16.36
"3195",273,1989,12.73,8.24,13.74,4.51,7.08,5.44,4.49
"3196",274,1989,9.02,8.97,10.63,5.27,8.68,8.11,7.44
"3197",275,1989,7.17,5.53,7.31,7.64,5.99,10.37,9.48
"3198",276,1989,5.81,5.12,8.13,7.87,4.06,7.69,6.04
"3199",277,1989,4.76,4.49,8.22,9.42,4.45,8.66,9.2
"3200",278,1989,9.51,11.12,10.58,13.96,10.02,17.89,11.94
"3201",279,1989,8.2,6.97,10.15,12.14,13.84,15.13,9.03
"3202",280,1989,11.05,18.19,11.74,9.71,14.7,9.12,14.84
"3203",281,1989,3.2,1.21,4.14,8.05,6.76,4.61,8.74
"3204",282,1989,18.1,14.89,15.52,18.22,19,17.86,16.9
"3205",283,1989,13.47,28.38,10.99,29.35,21.6,28.42,25.44
"3206",284,1989,11.71,17.29,13.12,16.3,13.68,15.77,12.73
"3207",285,1989,9.78,21.17,9.56,20.29,11.22,29.17,14.05
"3208",286,1989,8.71,10.32,9.11,13.66,11.25,23.14,8.79
"3209",287,1989,3.15,6.32,4.87,12.3,7,10.59,10.15
"3210",288,1989,3.2,1.36,5.61,6.64,4.43,4.89,4.74
"3211",289,1989,6.98,11.14,8.32,13.34,11.53,14.25,11.42
"3212",290,1989,10.6,12.99,15.22,17.88,10.53,24.9,12.68
"3213",291,1989,9.41,24.13,8.85,28.72,9.56,42.34,16.84
"3214",292,1989,7.39,11.29,11.95,14.93,7.99,18.35,11.73
"3215",293,1989,0.65,0.98,1.09,2.56,0.93,1.78,3.23
"3216",294,1989,0.26,0.08,0.22,0.59,0.21,0.28,0.73
"3217",295,1989,1.6,0.12,2.6,0.16,0.69,0.04,0.42
"3218",296,1989,4.62,1.79,4.63,2.65,2.76,1.53,2.78
"3219",297,1989,10.17,2.51,9.9,2.13,5.48,1.77,3.97
"3220",298,1989,6,1.56,5.77,1.85,3.41,1.1,2.36
"3221",299,1989,3.54,7.34,4.17,5.47,4.61,3.79,6.06
"3222",300,1989,8.7,14.96,9.4,14.5,10.23,13.07,14.18
"3223",301,1989,9.86,14.92,10.74,17.54,12.68,18.69,13.07
"3224",302,1989,2.94,5.94,3.65,17.66,4.93,18.53,15.32
"3225",303,1989,6.92,6.6,10.08,10.26,3.74,11.71,8.55
"3226",304,1989,11.16,14.47,12.3,24.88,15.88,27.63,17.19
"3227",305,1989,0.3,1.29,0.49,4.83,0.56,8.45,2.19
"3228",306,1989,0.79,3.56,0.95,5.12,1.71,9.28,2.13
"3229",307,1989,0.5,1.1,0.67,1.4,0.94,1.68,1.56
"3230",308,1989,0.31,1.09,0.44,1.45,0.65,1.74,1.46
"3231",309,1989,0.43,3.49,0.54,3.96,1.29,6.75,2.88
"3232",310,1989,2.27,2.34,2.9,2.25,3.04,2.35,2.35
"3233",311,1989,0.33,1.54,0.25,2.66,0.58,1.42,5.09
"3234",312,1989,0.08,0.28,0.13,2.7,0.27,1.7,3.6
"3235",313,1989,0.27,0.75,0.34,4.64,0.56,2.29,6.96
"3236",314,1989,0.67,0.59,0.61,2.46,0.6,2.7,3.12
"3237",315,1989,2.65,3.58,2.25,4.56,5.34,3.66,4.42
"3238",316,1989,0.59,0.49,0.71,1.54,0.75,2.16,1.77
"3239",317,1989,0.34,0.76,0.22,2.39,0.35,1.52,1.64
"3240",318,1989,0.6,2.46,0.91,4.53,1.5,4.57,3.42
"3241",319,1989,0.89,2.01,0.66,2.24,1.78,1.82,2.66
"3242",320,1989,3.6,10.63,4.34,8.06,7.69,9,8.11
"3243",321,1989,6.64,11.27,7.02,11.31,9.16,17.06,10.75
"3244",322,1989,18.77,23.91,22.7,36.2,29.77,31.51,31.46
"3245",323,1989,6.48,6.58,6.21,6.03,8.98,3.89,7.25
"3246",324,1989,3.46,1.88,6.7,5.48,4.19,4.34,3.04
"3247",325,1989,5.12,4.5,8.83,5.21,6.03,4.01,6.86
"3248",326,1989,8.23,10.41,11.5,10.34,8.93,12.32,10.79
"3249",327,1989,2.79,1.83,5.7,8.54,2.8,8.86,7.77
"3250",328,1989,7.16,8.44,9.48,5.16,9.32,5.98,9.1
"3251",329,1989,1.51,3.08,1.94,10.31,1.24,18.51,6.5
"3252",330,1989,0.84,1,0.3,2.03,0.74,3.42,1.16
"3253",331,1989,0.51,0.7,0.14,1.39,0.76,1.49,1.85
"3254",332,1989,2.2,2.31,0.76,3.41,1.91,4.21,4.33
"3255",333,1989,0.9,1.2,0.34,2.73,0.44,3.63,1.74
"3256",334,1989,1.56,2.99,0.25,5.09,1.33,5.74,5.07
"3257",335,1989,1.66,4.32,1.28,4.83,2.49,4.09,6.1
"3258",336,1989,2.96,7.28,2.39,8.2,5.43,12.37,5.74
"3259",337,1989,2.41,8.68,0.93,11.87,3.49,16.02,7.82
"3260",338,1989,2.2,8.78,0.62,16.43,3.47,16.2,12.15
"3261",339,1989,0.32,5.94,0.02,8.57,0.97,9.51,6.64
"3262",340,1989,0.26,0.34,0.25,1.49,0.45,2.65,1.06
"3263",341,1989,0.19,0.06,0.28,0.31,0.15,0.26,0.12
"3264",342,1989,0.69,0.22,0.67,1.4,0.4,1.59,0.6
"3265",343,1989,0.06,0.19,0.06,0.77,0.1,0.85,0.54
"3266",344,1989,0.27,0.19,0.24,0.28,0.37,0.35,0.49
"3267",345,1989,3.94,15.07,3.12,22.01,4.18,27.9,16.78
"3268",346,1989,0.15,2.8,0.05,11.19,0.12,12.41,6.7
"3269",347,1989,0.13,0,0.2,0.55,0,0.13,0.78
"3270",348,1989,6.7,7.26,6.6,2.99,14.29,3.88,3.6
"3271",349,1989,0,0,0,0.04,0,0,0.16
"3272",350,1989,0.08,2.21,0.04,0.43,0.83,0.3,0.97
"3273",351,1989,0.03,3.18,0,6.48,0.31,13.2,4.58
"3274",352,1989,0,0,0.02,0.01,0.02,0,0.07
"3275",353,1989,0,0,0,0.12,0,0.03,0.32
"3276",354,1989,0,0.13,0,0.79,0,1.58,0.59
"3277",355,1989,0,0,0,0.12,0.06,0.43,0.11
"3278",356,1989,0,0,0,0.02,0.06,0.38,0.09
"3279",357,1989,0.06,1.91,0,4.41,0.63,4.84,1.29
"3280",358,1989,0.08,1.79,0,2.55,0.23,3.5,1.17
"3281",359,1989,0,0.32,0,0.99,0.11,1,1.04
"3282",360,1989,0.02,4.81,0,4.72,0.37,7.03,1.75
"3283",361,1989,0,0.05,0,0.3,0.01,0.2,0.14
"3284",362,1989,0.13,0.22,0,0.06,0.25,0.03,0.09
"3285",363,1989,0,0.03,0,0.41,0.01,0.29,0.36
"3286",364,1989,0.08,0.19,0,0.29,0.14,0.15,0.31
"3287",365,1989,0.04,0.27,0,0.28,0.05,0.23,0.28
"3288",1,1990,0,0.04,0,0.31,0,0.18,0.41
"3289",2,1990,0,0.38,0,0.8,0.03,0.94,0.42
"3290",3,1990,0.01,0.4,0,1.69,0.05,3.11,0.76
"3291",4,1990,0.01,0.19,0,0.96,0.02,0.95,0.47
"3292",5,1990,0.03,1.53,0,2.52,0.17,3.68,1.1
"3293",6,1990,0.11,2.09,0.07,3.21,0.23,4.26,1.87
"3294",7,1990,0,0.01,0,0.86,0.06,0.93,0.67
"3295",8,1990,0,0.01,0,0.22,0.06,0.11,0.25
"3296",9,1990,0.02,0.01,0.02,0.03,0.06,0.02,0.06
"3297",10,1990,0.03,0.06,0.02,0.31,0.09,0.23,0.14
"3298",11,1990,0,0,0,0.18,0,0.11,0.11
"3299",12,1990,0,0.01,0,0.74,0,0.63,0.43
"3300",13,1990,0.32,1.41,0.13,1.64,1.12,1.76,1.15
"3301",14,1990,0.44,4.89,0.15,6.61,1.43,9.56,3.99
"3302",15,1990,0,0.04,0,0.58,0,0.48,0.4
"3303",16,1990,0.01,0.14,0,1.21,0.02,0.59,0.57
"3304",17,1990,0.02,0.7,0,2.69,0.08,2.22,1.16
"3305",18,1990,0,0.12,0,3.26,0.02,1.56,1.55
"3306",19,1990,0,0.21,0,3.49,0.03,2.57,1.02
"3307",20,1990,0.15,4.91,0,19.38,0.81,16.44,8.74
"3308",21,1990,4.71,5.74,9.55,4.66,2.07,9.46,2.53
"3309",22,1990,4.13,10.81,4.53,17.61,2.83,24.58,14.93
"3310",23,1990,0.28,1.35,0.62,3.7,0.08,6.54,1.37
"3311",24,1990,0.78,1.95,0.77,3.06,0.41,5.45,1.3
"3312",25,1990,0.14,0.4,0.24,1.36,0.06,1.88,0.96
"3313",26,1990,5.21,9.37,5.36,11.29,8.17,13.57,9.1
"3314",27,1990,3.55,12.87,2.82,16.06,7.9,18.6,10.19
"3315",28,1990,1.92,8.11,1.15,9.37,4.39,12.18,7.26
"3316",29,1990,0.19,1.2,0.15,3.78,0.48,4.52,2.04
"3317",30,1990,0.1,0.42,0.12,2.11,0.11,2.26,1.35
"3318",31,1990,0.39,0.68,0.48,4.58,0.29,4.97,2.89
"3319",32,1990,0.52,2.2,0.69,3.39,0.34,6.08,1.57
"3320",33,1990,1,5.22,1.09,7.07,1.47,15,3.07
"3321",34,1990,1.57,12.9,1.84,10.64,2.58,15.57,6.7
"3322",35,1990,2.46,26.98,3.24,37.77,4.39,51.51,25.37
"3323",36,1990,7.87,33.61,11.03,40.64,13.38,89.78,14.39
"3324",37,1990,7.71,17.62,7.24,30.3,8.11,43.2,20.11
"3325",38,1990,5.17,9.42,4.75,11.23,9.17,19.43,9.03
"3326",39,1990,0.08,0.9,0.11,10.69,0.63,14.22,9.34
"3327",40,1990,0.04,0.23,0.09,1.73,0.22,1.35,1.27
"3328",41,1990,0.12,0.08,0.15,0.93,0.19,1.14,0.94
"3329",42,1990,3.82,2.95,4.51,4.13,1.6,4.28,3.02
"3330",43,1990,1.24,2.41,1.52,2.19,1.09,6.31,1.47
"3331",44,1990,0.13,0.62,0.06,1.13,0.19,1.44,0.96
"3332",45,1990,0.02,0.34,0.01,0.78,0.26,0.92,0.75
"3333",46,1990,0.02,0.42,0.02,1.4,0,3.96,0.93
"3334",47,1990,0,0.03,0.01,0.26,0,0.85,0.1
"3335",48,1990,0,0.03,0,0.64,0,0.64,0.2
"3336",49,1990,0.02,0.14,0.04,1.56,0.04,2.1,0.48
"3337",50,1990,0.1,0.77,0.12,2.94,0.27,3.77,1.02
"3338",51,1990,0.05,0.54,0.03,1.85,0.02,2.61,0.64
"3339",52,1990,0.16,1.43,0.06,2.12,0.32,1.41,1.42
"3340",53,1990,0.27,2.37,0.17,2.75,0.42,2.5,1.76
"3341",54,1990,0.06,2.16,0.12,3.95,0.07,5.29,2.01
"3342",55,1990,0,0.56,0,1.73,0.02,2.04,1.07
"3343",56,1990,0,0,0,0.06,0,0.04,0.1
"3344",57,1990,0,0.01,0,0.28,0,0.57,0.48
"3345",58,1990,0.01,0,0.02,0.65,0,0.53,0.81
"3346",59,1990,0.02,0.04,0.02,2.11,0.01,1.52,1.52
"3347",60,1990,0.2,0.51,0.1,1.37,0.22,0.63,1.1
"3348",61,1990,0.66,2.82,0.14,7.5,0.99,3.58,8.08
"3349",62,1990,0.38,1.87,0.29,3.55,0.7,2.1,2.5
"3350",63,1990,5.75,4.41,6.38,3.75,4.98,2.52,2.52
"3351",64,1990,33.54,17.44,36.9,14.23,30.1,10.19,10.06
"3352",65,1990,1.47,4.08,1.46,4.65,1.51,5.5,2.97
"3353",66,1990,0.01,0.34,0.01,3.97,0.06,3.27,2.36
"3354",67,1990,0.95,0.36,1.51,1.19,0.47,1.25,0.48
"3355",68,1990,10.21,5.23,12.02,7.12,6.41,11.54,2.53
"3356",69,1990,24.67,30.12,24.66,36.37,25.28,47.83,24.76
"3357",70,1990,3.96,6.49,3.17,13.05,3.65,15.81,7.32
"3358",71,1990,7.87,7.39,5.37,8.27,4.56,10.75,6.46
"3359",72,1990,1.42,2.79,1.45,7.33,0.89,10.37,3.64
"3360",73,1990,0.59,2.73,1.13,10.41,0.76,13.59,4.29
"3361",74,1990,4.65,3.08,4.01,8.77,2.12,13.38,3.59
"3362",75,1990,3.48,14.42,3.91,23.16,6.2,33.88,11.42
"3363",76,1990,2.23,4.35,2.37,11.24,3.74,16.61,5.59
"3364",77,1990,0.77,8.96,0.39,15.87,2.37,16.78,12.21
"3365",78,1990,0.31,3.19,0.12,8.4,1.71,6.96,5.51
"3366",79,1990,0.02,0.08,0.01,2.74,0.02,1.78,2.07
"3367",80,1990,0.09,0.81,0.16,3.4,0.2,4.56,2.28
"3368",81,1990,4.34,8.64,4.62,8.72,7.89,17.57,6.25
"3369",82,1990,0.55,3.68,1.43,6.54,1.22,7.82,7.78
"3370",83,1990,0.37,1.41,0.73,4.58,0.82,5.54,4.47
"3371",84,1990,0.8,3.66,0.6,7.23,1.84,10.31,6.02
"3372",85,1990,3.51,10.29,3.55,5.25,13.35,12.48,10.52
"3373",86,1990,2.26,4.25,1.93,2.55,4.84,6.52,2.86
"3374",87,1990,0,0.02,0,0.37,0,0.55,0.62
"3375",88,1990,0,0.19,0,0.58,0.04,1.67,0.51
"3376",89,1990,0.36,0.36,0.18,0.42,1.01,0.73,0.69
"3377",90,1990,0.39,0.86,0.38,0.72,1.34,1.15,1.5
"3378",91,1990,2.58,0.85,3.59,1.22,3.37,1.2,2.89
"3379",92,1990,22.69,12.66,19.64,10.24,32.08,15.24,17.21
"3380",93,1990,10.58,5.75,8.68,4.85,12.39,5.8,6.29
"3381",94,1990,13.95,7.47,10.24,12,14.02,17.28,9.96
"3382",95,1990,18.12,8.12,15.22,8.64,15.91,15.31,7.04
"3383",96,1990,23.49,28.68,21.21,32.48,28.14,35.9,29.24
"3384",97,1990,1.69,1.84,2.78,7.53,2.26,6.79,7.13
"3385",98,1990,1.31,0.41,1.37,1.13,1.81,0.58,1.79
"3386",99,1990,0.72,1.9,0.58,4.47,2.1,3.26,4.4
"3387",100,1990,0.26,0.95,0.23,3.2,1.05,3.26,1.88
"3388",101,1990,0.02,0.04,0.03,1.58,0.01,0.88,0.54
"3389",102,1990,0.17,0.03,0.32,1.64,0.1,0.78,0.83
"3390",103,1990,6.52,3.23,12.04,5.64,6.57,4.26,4.27
"3391",104,1990,15.53,8.74,16.07,3.93,11.67,2.96,6.1
"3392",105,1990,11.51,2.67,14.4,3.44,10.21,2.57,3.37
"3393",106,1990,0.84,1.84,1.34,3.8,1.94,3.66,2.81
"3394",107,1990,5.95,6.19,4.87,5.57,7.31,6.13,4.87
"3395",108,1990,1.05,2.79,1.18,5.68,3.7,5.78,4.59
"3396",109,1990,0.15,0.26,0.23,2.63,0.22,2.71,1.27
"3397",110,1990,2.25,1.09,3.41,5.89,1.99,7.68,2.09
"3398",111,1990,28.38,5.19,23.18,5.12,22.01,2.39,11.13
"3399",112,1990,10.11,3.8,12.67,15.59,8.51,9.27,21.83
"3400",113,1990,16.83,15.14,15.61,24.1,28.87,17.34,28.69
"3401",114,1990,10.15,6.83,10.55,9.25,14.36,6.68,12.54
"3402",115,1990,8.95,7.3,12.71,7.28,16.71,6.75,7.18
"3403",116,1990,5.9,5.78,8.74,18.27,3.43,24.13,10.79
"3404",117,1990,6.94,1.81,7.23,7.77,1.91,6.27,5.35
"3405",118,1990,16.2,20.26,21.28,27.27,21.31,32.42,19.26
"3406",119,1990,8.02,3.35,10.74,7.44,3.1,5.28,11.92
"3407",120,1990,10.13,13.88,13.3,24.54,10.36,19.22,29.09
"3408",121,1990,4.43,24.11,4.47,24.63,10.19,33.67,17.57
"3409",122,1990,10.24,55.5,6.83,36.01,21.72,55.56,34.1
"3410",123,1990,3.23,14.92,3.52,19.62,6.75,28.69,12.38
"3411",124,1990,5.42,21.53,4.57,17.51,7.6,26.64,9.95
"3412",125,1990,8.16,37.84,6.71,24.43,16.35,40.09,12.49
"3413",126,1990,8.73,14.29,10.78,19.53,7.22,15.52,16.29
"3414",127,1990,6.91,9.39,8.32,14.94,7.87,16.74,9.55
"3415",128,1990,12.34,26.32,15.91,39.75,16.29,55.55,21.65
"3416",129,1990,5.06,4.18,6.24,7.04,3.51,5.8,5.68
"3417",130,1990,11.68,13.3,13.37,7.55,9.23,7.63,6.53
"3418",131,1990,3.23,5.17,4.16,8.61,4.23,8.44,9.13
"3419",132,1990,28.42,20.35,25.45,10.81,29.33,11.76,15.02
"3420",133,1990,15.63,17.28,16.59,11.89,22.11,14.97,11.91
"3421",134,1990,7.65,5.84,7.67,7.44,8.17,12.22,3.45
"3422",135,1990,19.77,15.01,17.6,8.26,15.41,11.89,4.46
"3423",136,1990,19.18,14.81,16.92,13.81,13.24,16.45,8.31
"3424",137,1990,3.63,5.31,4.68,7.33,2.63,9.24,4.82
"3425",138,1990,12.84,17.92,12.27,15.02,9.38,20.91,9.4
"3426",139,1990,15.34,19.12,16.26,22.06,9.32,31.48,13.14
"3427",140,1990,22.27,47.4,17.83,28.25,24.92,36.9,20.04
"3428",141,1990,11.42,7.21,15.14,12,7.96,13.66,14.84
"3429",142,1990,24.97,25.89,30.44,21.54,19.88,27.27,26.56
"3430",143,1990,10.69,12.12,14.49,20.33,9.2,24.32,14.32
"3431",144,1990,18.92,14.5,19.8,18.67,12.65,21.98,13.61
"3432",145,1990,9.71,13.12,6.56,19.32,6.5,25.02,11.46
"3433",146,1990,2.01,10.91,1.13,12.97,6.52,11.15,14.43
"3434",147,1990,7.82,17.5,7.27,16.27,19.45,17.91,17.96
"3435",148,1990,6.21,6.22,8.39,4.55,12.09,3.85,5
"3436",149,1990,6.18,6.18,9.91,9.09,12.25,8.37,9.33
"3437",150,1990,0.81,2.4,1.21,2.59,3.99,0.97,5.35
"3438",151,1990,1.06,1.15,2.05,2.66,2.1,2,3.59
"3439",152,1990,11.34,20.85,12.37,12.74,14.06,16.07,8.34
"3440",153,1990,5.7,9.13,7.4,11.5,7.07,13.89,6.81
"3441",154,1990,0.56,0.19,0.98,0.32,0.71,0.15,0.4
"3442",155,1990,8.42,1.39,11.49,0.87,4.67,0.91,0.7
"3443",156,1990,11.32,27.03,12.02,14.61,17.28,17.7,12.01
"3444",157,1990,6.89,9.62,5.14,11.4,4.9,13.32,6.84
"3445",158,1990,12.53,28.19,12.07,15.6,8.6,23.04,8.04
"3446",159,1990,14.78,15.65,13.93,11.68,6.75,17.39,7.13
"3447",160,1990,13.94,18.61,19.04,16.12,8.33,16.86,11.07
"3448",161,1990,27.36,31.21,26.13,31.17,18.69,41.4,17.2
"3449",162,1990,12.69,15.39,13.2,26.25,22.66,33.27,17.33
"3450",163,1990,20.29,11.76,19.44,11.93,19.21,17.36,8.83
"3451",164,1990,19.46,14.57,16.89,15.09,20.66,16.95,15.48
"3452",165,1990,17.18,9.83,20.23,13.6,22.11,13.54,10.27
"3453",166,1990,11.5,20.38,11.99,18.3,17.39,18.81,14.45
"3454",167,1990,19.95,32.64,19.03,27.25,17.24,31.93,20.95
"3455",168,1990,5.21,6.54,8.09,16.48,2.66,24.34,5
"3456",169,1990,11.22,12.56,15.45,9.46,13.67,11,9.12
"3457",170,1990,8.4,12.8,10.84,11.87,10.18,9.46,12.26
"3458",171,1990,22.71,19.32,25.92,15.23,19.42,16.24,15.56
"3459",172,1990,11.44,20.25,5.05,10.53,13.77,13.72,8.81
"3460",173,1990,16.74,20.19,10.92,10.04,20.06,11.93,9.17
"3461",174,1990,18.09,24.69,13.97,7.27,21.33,8.49,6.33
"3462",175,1990,22.13,8.93,18.6,5.29,18.71,5.25,5.22
"3463",176,1990,5.57,3.51,5.48,1.89,3.15,2.59,1.1
"3464",177,1990,11.96,12.78,14.58,11.61,22.27,15.47,13.34
"3465",178,1990,27.78,11.82,31.36,10.37,18.68,14.15,10.02
"3466",179,1990,25.3,20.89,17.07,24.09,27.8,33.73,22.7
"3467",180,1990,13.59,11.82,14.4,15.36,15.07,19.87,13.74
"3468",181,1990,3.89,4.31,3.02,10.38,3.01,12.86,9.75
"3469",182,1990,6.63,3.72,4.73,3.5,2.99,4.77,7.06
"3470",183,1990,11.57,6.48,10.02,6.98,7.01,10.97,9.76
"3471",184,1990,5.32,0.77,4.07,0.77,2.03,0.6,2.37
"3472",185,1990,7.49,2.6,5.91,2.98,3.94,3.03,5.22
"3473",186,1990,9.75,5.87,6.99,6.85,6.65,9.8,10.65
"3474",187,1990,10.26,33.12,11.5,29.79,21.88,45.58,24.18
"3475",188,1990,0.7,1.62,0.75,4.05,0.75,3.02,5.09
"3476",189,1990,2.87,2.29,4.24,5.45,4.76,3.67,5.05
"3477",190,1990,0.82,0.26,0.77,1.82,0.79,0.68,2.5
"3478",191,1990,0.87,1.26,1.09,1.99,0.61,1.7,2
"3479",192,1990,8.84,5.3,10.41,7.19,9.89,5.65,6.02
"3480",193,1990,9.02,10.4,10.44,8.28,13.77,6.87,12.42
"3481",194,1990,10.38,4.26,9.58,2.38,9.85,1.35,7.79
"3482",195,1990,38.52,57.21,44.37,41.77,37.97,43.6,28.09
"3483",196,1990,2.14,4.22,3.05,9.8,4.06,8.39,9.44
"3484",197,1990,15.82,16.05,18.27,12.72,20.01,20.36,10.96
"3485",198,1990,15.21,12.36,18.39,8.53,21.26,9.45,15.09
"3486",199,1990,6.09,4.15,6.58,4.55,8.12,6.01,5.69
"3487",200,1990,13.85,15.4,14.24,12.46,12.93,19.91,8.88
"3488",201,1990,6.81,1.38,6.05,1.15,2.76,1.1,1.93
"3489",202,1990,7.66,13.16,9.25,13.95,12.9,12.1,17.66
"3490",203,1990,8.92,9.68,10.26,11.88,14.78,15.72,13.55
"3491",204,1990,5.2,6.59,7.16,12.67,7.63,19.96,8.64
"3492",205,1990,1.78,5.48,3.02,12.36,2.49,14.87,8.3
"3493",206,1990,5.21,9.39,4.32,13.63,4.54,19,8.39
"3494",207,1990,3.05,8.95,2.33,11.81,3.51,13.05,5.75
"3495",208,1990,5.45,9.24,7.17,12.58,6.24,10.22,9.34
"3496",209,1990,11.45,14.28,13.54,17.03,14.75,15.45,12.74
"3497",210,1990,5.42,5.95,8.43,15.59,12.62,17.14,10.52
"3498",211,1990,10.47,20.83,12.34,16.13,24.2,12.66,18.15
"3499",212,1990,3.81,2.08,5.08,8.59,1.74,9.67,4.14
"3500",213,1990,0.16,2.8,0.12,7.11,0.47,11.4,2.73
"3501",214,1990,0.24,1.46,0.17,5.03,0.44,7.16,3.09
"3502",215,1990,4.59,9.01,4.87,20.53,12.42,31.13,9.77
"3503",216,1990,3.27,13.95,4.24,18.99,17.77,26,12.85
"3504",217,1990,2.89,1.72,4.13,5.28,2.81,5.55,4
"3505",218,1990,6.1,5.39,5.06,6.34,5.65,7.61,5.4
"3506",219,1990,15.5,9.2,15.89,16.24,7.67,20.66,9.54
"3507",220,1990,10.07,8.95,11.14,21.8,10.16,26.68,12.92
"3508",221,1990,10.53,10.7,10.69,20.59,7.47,24.07,14.83
"3509",222,1990,12.1,9.79,15.19,22.55,10.46,28.4,12.57
"3510",223,1990,5.4,10.17,5.89,16.78,2.96,22.11,7.92
"3511",224,1990,7.23,10.23,6.59,19.14,5.5,26.08,8.77
"3512",225,1990,4.79,7.54,4.83,16.36,2.38,22.6,6.63
"3513",226,1990,2.98,7.45,3.78,12.03,3.76,14.25,9.47
"3514",227,1990,11.68,4.63,15.18,7.18,3.58,4.59,6.56
"3515",228,1990,10.85,19.56,8.99,13.96,18.84,20.5,13.72
"3516",229,1990,5.98,7.16,9.54,4.47,7.38,4.07,3.96
"3517",230,1990,14.79,12.99,18.33,9.07,21.54,12.66,7.13
"3518",231,1990,3.59,3.14,6.56,2.56,3.92,3.47,2.01
"3519",232,1990,19.11,19.83,22.43,9.29,26.37,10.13,11.63
"3520",233,1990,1.5,6.8,2.42,10.1,0.6,16.06,2.17
"3521",234,1990,0.8,3.95,1.25,8.27,0.27,11.97,1.91
"3522",235,1990,0.97,6.31,1.24,11.73,0.27,15.83,3.11
"3523",236,1990,1.29,11.93,1.1,26.93,0.43,37.52,7.31
"3524",237,1990,0.46,3.94,1.1,13.28,0.25,12.43,9.67
"3525",238,1990,2.57,1.78,2.35,4.53,2.53,3.48,6.22
"3526",239,1990,8.46,5.25,8.58,7.88,8.06,4.74,9.39
"3527",240,1990,12.78,18.29,14.52,27.17,22.16,35.73,20.38
"3528",241,1990,7.56,12.09,9.07,17.35,13.45,18.44,17.56
"3529",242,1990,3.64,5.04,4.58,5.99,5.45,6.49,5.88
"3530",243,1990,6.31,5.53,9.48,3.85,12.04,2.61,7.11
"3531",244,1990,8.89,5.84,12.13,3.05,11.02,1.67,7.76
"3532",245,1990,17.83,11.7,18.24,14.65,13.22,11.8,16.36
"3533",246,1990,6.41,5.7,8.32,15.1,5.5,18.38,6.75
"3534",247,1990,7.15,8.86,8.77,11.7,6.4,10.42,10.54
"3535",248,1990,3.93,3.74,5.09,5.63,2.78,4.96,8.39
"3536",249,1990,2.57,3.68,3.84,6.39,3.57,3.07,8.58
"3537",250,1990,5.9,8.34,5.94,10.04,10.96,7.6,10.42
"3538",251,1990,5.93,9.08,9.34,6.16,7.76,3.3,5.41
"3539",252,1990,13.01,13.73,20.01,9.49,17.96,7.58,14.79
"3540",253,1990,6.98,10.38,8.64,12.68,6.84,13.27,5.64
"3541",254,1990,5.09,2.67,6.91,3.36,4.21,3.06,4.56
"3542",255,1990,5.85,4.95,5.82,4.63,5.82,4.24,5.87
"3543",256,1990,5.25,4.75,6.8,2.45,5.18,2.85,3.03
"3544",257,1990,7.43,13.37,9.8,11.19,15.07,12.81,13.45
"3545",258,1990,7.78,11.13,6.86,17.26,7.59,26.51,6.48
"3546",259,1990,0.42,3.47,0.32,8.87,0.11,18.24,3.11
"3547",260,1990,0.27,0.94,0.26,3.21,0.28,5.13,2.12
"3548",261,1990,3.7,5.4,3.45,6.58,4.29,6.1,5.16
"3549",262,1990,6.39,13.58,6.93,9.28,8.07,11.83,8
"3550",263,1990,7.94,14.47,8.76,15.05,8.12,22.15,9.37
"3551",264,1990,3.17,2.26,3.77,6.89,3.07,6.78,4.14
"3552",265,1990,7.95,10.37,9.78,13.35,6.83,13.68,13.72
"3553",266,1990,7.12,8.85,7.53,7.72,6.79,11.25,8.34
"3554",267,1990,8.33,3.39,11.5,6.03,6.59,6.77,5.17
"3555",268,1990,9.66,5.66,12.41,9.97,9.44,17.91,5.68
"3556",269,1990,0.83,2.09,1.61,7.58,1.76,9.87,3.36
"3557",270,1990,3.01,5.04,5.26,7.81,5.75,7.6,5.18
"3558",271,1990,6.09,3.81,9.53,6.04,6.51,4.48,7.21
"3559",272,1990,4.26,3.46,8.46,6.08,4.7,4.98,5.53
"3560",273,1990,2.4,1.18,3.33,3.58,4.05,1.88,3.66
"3561",274,1990,11.59,12.05,14.39,8.36,16.89,10.95,11.06
"3562",275,1990,8.44,17.02,7.18,16.13,14.3,18.08,16.8
"3563",276,1990,7.5,12.85,5.32,11.81,5.98,12.33,11.78
"3564",277,1990,6.21,6.91,6.59,10.85,5.32,11.71,11.15
"3565",278,1990,2.25,6.59,1.64,25.41,3.57,32.49,14.99
"3566",279,1990,7.91,10.72,8.38,14.05,10.69,16.71,12.14
"3567",280,1990,9.42,13.98,11.79,26.14,12.76,32.12,16.37
"3568",281,1990,10.08,24.41,7.96,16.07,12.48,12.39,16.9
"3569",282,1990,7.62,16.28,6.38,17.18,9.36,16.17,16.52
"3570",283,1990,3.63,6.25,2.66,4.51,3.86,3.51,5.1
"3571",284,1990,7.23,5.77,7.67,13.99,8.75,12.18,12.2
"3572",285,1990,4.57,9.86,4.53,17.75,11.24,16.9,18.93
"3573",286,1990,1.71,2.53,2.88,9.98,2.78,8.94,12.41
"3574",287,1990,5.83,5.79,5.22,6.11,9.15,7.14,7.36
"3575",288,1990,1.62,1.54,1.96,3.05,3.55,2.17,3.4
"3576",289,1990,3.38,4.84,4.52,2.78,2.42,4.06,7.59
"3577",290,1990,5.93,8.24,5.91,3.28,6.52,4.53,7.42
"3578",291,1990,3.73,8.88,4.26,2.73,3.61,5.02,4.41
"3579",292,1990,2.38,3.99,2.83,4.36,1.75,5.87,3.77
"3580",293,1990,7.01,7.83,7.75,8.88,6.38,15.76,7.03
"3581",294,1990,10.83,10.05,7.83,12.58,9.24,18.05,7.57
"3582",295,1990,14.93,10.51,17.19,20.01,15.49,23.31,13.36
"3583",296,1990,8.71,8.77,6.34,19.79,7.88,24.12,12.29
"3584",297,1990,11.48,5.03,10.69,7.5,5.11,5.88,8.48
"3585",298,1990,9.58,12.13,9.35,15.24,11.04,13.39,14.48
"3586",299,1990,2.4,5.06,3.9,7.66,5.06,8.19,9.85
"3587",300,1990,1.44,1.9,1.65,5.88,1.48,7.05,4.52
"3588",301,1990,6.07,4.18,8.31,5.42,7.67,7.23,3.49
"3589",302,1990,2.86,2.59,3.43,2.44,1.85,2.4,2.79
"3590",303,1990,6.57,5.05,7.23,5.07,8.17,4.1,8.12
"3591",304,1990,5.79,7.01,6.87,3.39,9.09,3.28,6.59
"3592",305,1990,5.47,14.35,4.6,10.58,6.78,18.04,10.57
"3593",306,1990,2.24,5.98,2.03,14.88,4.02,12.66,14.05
"3594",307,1990,1.16,3.59,1.26,22.29,1.87,31.95,7.62
"3595",308,1990,2.94,3.47,3.01,8.33,5.65,5,6.82
"3596",309,1990,4.85,11.29,4.44,15.65,7.53,17.43,11.24
"3597",310,1990,18.27,25.77,16.18,11.68,18.12,18.36,11.19
"3598",311,1990,9.81,4.26,10.94,2.1,7.86,4.64,4.13
"3599",312,1990,14.36,18.98,15.91,10.38,23.54,18.57,12.33
"3600",313,1990,8.61,10.45,8.3,6.86,8.11,13.58,6.2
"3601",314,1990,15.55,19.74,10.14,9.59,21.62,19.94,5.69
"3602",315,1990,0,0.46,0.48,3.12,0.04,4.26,0.41
"3603",316,1990,0,1.01,0.34,5.29,0.05,6.35,0.99
"3604",317,1990,0,0.55,0.43,5.5,0.03,5.13,1.11
"3605",318,1990,0,0.26,0.88,4,0.04,3.64,0.85
"3606",319,1990,0,1.05,0.48,7.42,0.04,9.79,1.26
"3607",320,1990,2.97,2.77,3.62,2.84,6.74,2.94,3.5
"3608",321,1990,2.85,5.98,3.49,3.32,2.79,4.84,4.98
"3609",322,1990,4.75,9.16,5.43,8.61,5.33,15.26,8.55
"3610",323,1990,8.66,22.35,8.29,21.31,10.48,32.11,21.08
"3611",324,1990,2.21,1.26,3.7,4.57,1.87,3.94,7.65
"3612",325,1990,0.07,0.25,0.06,2.53,0.09,2.02,3.86
"3613",326,1990,1.48,9.53,0.11,8.29,1.9,15.07,9.11
"3614",327,1990,2.01,9.61,0.12,5.83,2.79,10.48,7.63
"3615",328,1990,0.97,7.6,0.09,4.36,1.5,4.58,4.57
"3616",329,1990,0.8,0.89,0.2,2.04,0.66,1.49,2.92
"3617",330,1990,10.43,9.4,9.51,10.25,13.97,8.35,14.73
"3618",331,1990,1.51,1.71,1.36,3.11,2.17,3.54,3.33
"3619",332,1990,2.25,4.11,2.27,5.86,2.89,7.75,2.99
"3620",333,1990,1.87,2.42,2.13,3.58,2.38,3.44,2.95
"3621",334,1990,3.25,4.51,2.91,4.53,3.68,2.95,6.89
"3622",335,1990,2.4,3.77,5.57,2.3,2.96,1.95,2.36
"3623",336,1990,4.14,9.26,6.07,7.14,7.55,6.85,6.2
"3624",337,1990,5.81,8.59,9.35,11.35,8.31,8.45,9.84
"3625",338,1990,4.27,3.56,7.9,5.68,4.8,3.61,3.87
"3626",339,1990,7.29,20.18,15.45,24.87,13.02,30.64,14.97
"3627",340,1990,0.25,3.17,0.26,6.36,1.62,10.19,3.66
"3628",341,1990,0.29,2.55,0.09,4.48,1.3,5.17,2.45
"3629",342,1990,0.12,2.06,0.03,3.24,1.09,3.01,2.27
"3630",343,1990,0.03,0.54,0.01,3.39,0.31,4.14,1.74
"3631",344,1990,0.01,0.91,0,5.36,0.11,7.47,3.17
"3632",345,1990,0,0.47,0,1.33,0.07,1.68,1.27
"3633",346,1990,0.29,0.1,0.35,0.08,0.26,0.1,0.23
"3634",347,1990,0.72,1.61,0.81,3.7,2.98,2.78,3.31
"3635",348,1990,0.74,1.96,0.74,5.34,1.81,5.83,3.28
"3636",349,1990,0.34,1.43,0.25,3.39,0.71,2.54,2.41
"3637",350,1990,0.02,1.2,0,2.91,0.07,4.06,1.51
"3638",351,1990,0.01,0.7,0,3.17,0.03,3.98,2.23
"3639",352,1990,0,0.12,0,0.45,0.01,0.47,0.56
"3640",353,1990,0.01,0.77,0,1.73,0.03,3.73,0.67
"3641",354,1990,0,0.51,0,1.73,0.03,2.61,0.77
"3642",355,1990,0.05,1.08,0,1.39,0.29,2.47,0.73
"3643",356,1990,0,0.15,0,0.11,0.01,0.23,0.19
"3644",357,1990,0,0.03,0,0.34,0,0.29,0.43
"3645",358,1990,0,0.02,0,0.43,0,0.32,0.3
"3646",359,1990,0,0.03,0,0.88,0.02,0.5,0.67
"3647",360,1990,0,0.08,0,0.98,0.02,0.87,0.36
"3648",361,1990,0,0.34,0,2.4,0.02,2.79,1.34
"3649",362,1990,0,0.11,0,1.2,0.01,0.54,0.76
"3650",363,1990,0,0.12,0,1.46,0.01,0.73,0.64
"3651",364,1990,0,0.27,0,1.2,0.03,0.83,0.93
"3652",365,1990,0.01,0.62,0,1.51,0.04,1.43,0.78
"3653",1,1991,0.01,0.56,0,2.02,0.07,1.88,1.58
"3654",2,1991,0,0.24,0,2.83,0.02,2.14,1.71
"3655",3,1991,0.02,1.41,0,2.68,0.18,3.97,1.17
"3656",4,1991,0,0.06,0,0.99,0,0.69,0.54
"3657",5,1991,0.01,0.99,0,4.06,0.05,5.88,1.7
"3658",6,1991,0.05,0.86,0.02,2.06,0.17,3.34,0.96
"3659",7,1991,0,0.11,0,0.49,0.01,0.47,0.24
"3660",8,1991,0.01,0.05,0.01,0.27,0.01,0.2,0.17
"3661",9,1991,0.03,0.47,0.02,0.6,0.08,0.84,0.27
"3662",10,1991,0,0.07,0,0.12,0.01,0.11,0.12
"3663",11,1991,0,0.06,0.01,0.55,0.01,0.83,0.27
"3664",12,1991,0.01,0.05,0.01,0.41,0.02,0.38,0.3
"3665",13,1991,0.01,0.04,0,0.43,0.01,0.37,0.29
"3666",14,1991,0.29,1.45,0.15,1.07,0.6,1.43,0.71
"3667",15,1991,0.01,0.24,0,0.78,0.02,0.78,0.3
"3668",16,1991,0,0.16,0,0.74,0,1.51,0.2
"3669",17,1991,0.03,0.72,0,0.8,0.13,0.98,0.56
"3670",18,1991,0.01,0.05,0,0.22,0.03,0.22,0.2
"3671",19,1991,0,0,0,0.06,0,0.04,0.09
"3672",20,1991,0,0,0,0.03,0,0.02,0.04
"3673",21,1991,0,0.01,0,0.28,0.01,0.12,0.52
"3674",22,1991,0.06,0.48,0,0.47,0.17,0.26,0.47
"3675",23,1991,0.02,0.41,0,0.68,0.09,0.59,0.39
"3676",24,1991,0,0.06,0,0.24,0.01,0.46,0.06
"3677",25,1991,0.07,0.21,0.11,0.74,0.16,1.4,0.16
"3678",26,1991,0,0.27,0,0.6,0.05,0.95,0.26
"3679",27,1991,0,0.05,0,0.66,0.02,0.72,0.37
"3680",28,1991,0,0.22,0,0.88,0.01,1.09,0.52
"3681",29,1991,0,0,0,0.04,0,0.01,0.06
"3682",30,1991,0,0.01,0,0.07,0,0.06,0.05
"3683",31,1991,0.02,0.43,0,0.24,0.04,0.32,0.15
"3684",32,1991,0,0.19,0,0.3,0.03,0.25,0.15
"3685",33,1991,0,0.05,0,0.06,0.01,0.05,0.09
"3686",34,1991,0,0.69,0,0.98,0.02,1,0.58
"3687",35,1991,0,0.39,0,1.82,0.01,3.06,1.13
"3688",36,1991,0.01,0.14,0,1.04,0.11,0.63,0.71
"3689",37,1991,0,0,0,0.09,0.01,0.07,0.12
"3690",38,1991,0.03,0.22,0.02,0.92,0.14,0.79,0.83
"3691",39,1991,0.03,1.04,0.03,2.8,0.26,4.86,1.42
"3692",40,1991,0.04,0.45,0.04,0.61,0.19,0.87,0.41
"3693",41,1991,0.02,0.42,0.01,0.59,0.07,0.87,0.25
"3694",42,1991,1.03,0.64,2.87,0.99,0.95,3.56,0.47
"3695",43,1991,4.38,7.58,10.06,3.46,19.79,9.1,6.7
"3696",44,1991,1.62,0.48,4.95,0.85,2.37,1.64,0.78
"3697",45,1991,0.08,0.54,0.14,0.97,0.98,1.88,1.16
"3698",46,1991,0,0.12,0.01,1.14,0.02,1.56,0.82
"3699",47,1991,0.07,0.03,0.11,1.21,0.02,0.89,0.53
"3700",48,1991,0.22,1.81,0.4,4.54,0.54,10.06,2
"3701",49,1991,0,0.09,0,0.67,0.01,0.6,0.43
"3702",50,1991,0,0,0,0.27,0,0.18,0.19
"3703",51,1991,0,0.02,0,1.45,0,1.45,0.64
"3704",52,1991,0.01,0.58,0,8.49,0.02,7.7,6.57
"3705",53,1991,0.03,0.26,0.04,2.33,0.06,3.69,0.61
"3706",54,1991,1.8,2.95,1.77,5.91,0.98,10.78,2.07
"3707",55,1991,6.03,6.57,4.94,4.73,2.26,9.55,2.79
"3708",56,1991,4.37,8.17,3.82,10.36,5.27,17.22,6.23
"3709",57,1991,0.75,2.24,0.07,4.14,0.92,6.17,2.65
"3710",58,1991,0.39,1.25,0.03,3.56,0.23,6.48,1.32
"3711",59,1991,1.43,5.91,0.05,11.61,0.89,18.98,6.5
"3712",60,1991,0.28,0.35,0.7,1.18,0.83,2.07,0.5
"3713",61,1991,0.28,0.5,0.41,1.93,0.38,1.56,1.22
"3714",62,1991,0.01,0.93,0,1.98,0.03,2.31,1.46
"3715",63,1991,0.02,1.01,0.04,3.1,0.2,3.11,2.27
"3716",64,1991,0.66,0.74,0.62,2.47,0.14,2.02,1.54
"3717",65,1991,4.63,3.09,4.81,3.6,5.3,1.67,6.04
"3718",66,1991,13.36,6.35,18.3,4.49,12.08,4.68,5.54
"3719",67,1991,0.72,4.99,0.34,10.17,3.19,7.12,9.97
"3720",68,1991,1.7,0.82,2.28,3.77,1.15,2.43,3.06
"3721",69,1991,6.03,4.2,7.21,6.42,5.14,7.07,4.54
"3722",70,1991,14.83,9.34,13.9,15.21,11.16,20.79,13.82
"3723",71,1991,19.25,11.35,22.82,14.61,15.85,24.79,19.75
"3724",72,1991,10.87,8.67,12.25,6.4,6.05,7.6,6.72
"3725",73,1991,5.84,3.08,8.62,4.34,5.91,5.92,4.65
"3726",74,1991,0.27,0.13,0.32,0.34,0.27,0.2,0.74
"3727",75,1991,0,0.06,0,0.71,0,0.69,0.23
"3728",76,1991,0,0.02,0,0.02,0,0.01,0.01
"3729",77,1991,0,0.27,0,0.44,0,0.74,0.11
"3730",78,1991,0,0.1,0,0.16,0,0.35,0.06
"3731",79,1991,0,0.02,0,0.02,0,0.04,0.01
"3732",80,1991,0,0,0,0.01,0,0,0
"3733",81,1991,0,0.52,0,1.21,0,2.9,0.25
"3734",82,1991,0,0.01,0,0.07,0,0.09,0.05
"3735",83,1991,0,0,0,0.03,0,0.03,0.02
"3736",84,1991,0,0.04,0,0.81,0,1.16,0.25
"3737",85,1991,0,0,0,0.17,0,0.1,0.1
"3738",86,1991,0.03,0.29,0.1,0.8,0,0.93,0.28
"3739",87,1991,1.08,1.71,3.17,4.34,0,7.86,1.04
"3740",88,1991,0.07,0.12,0.15,0.67,0,0.59,0.34
"3741",89,1991,0,0.01,0,0.35,0,0.33,0.13
"3742",90,1991,0,0.01,0,0.25,0,0.22,0.12
"3743",91,1991,0,0.01,0,0.76,0,0.39,1.16
"3744",92,1991,0.08,0.05,0.09,1.76,0.12,1.03,2.49
"3745",93,1991,0.18,0.07,0.19,2.09,0.05,1.25,2.27
"3746",94,1991,12.56,2.84,12.51,4.95,10.69,3.58,4.3
"3747",95,1991,18.56,6.25,16.38,11.49,13.95,11.7,6.77
"3748",96,1991,16.98,12.18,16,7.36,9.31,10.05,7.51
"3749",97,1991,11.93,14.66,9.37,18.99,11.79,21.83,11.22
"3750",98,1991,4.24,3.37,4.72,3.58,2.61,5.92,1.3
"3751",99,1991,6.66,10.07,7.3,13.12,5.98,13.78,11.18
"3752",100,1991,7.23,8,6.49,17.62,4.7,21.24,12.26
"3753",101,1991,2.32,9.03,2.97,16.21,4.54,14.92,10.27
"3754",102,1991,1.91,2.78,2.55,3.14,4.42,2.69,2.44
"3755",103,1991,1.5,7.72,1.78,11.06,4.62,9.76,7.11
"3756",104,1991,1.02,1.41,1.59,2.46,3.67,1.31,3.63
"3757",105,1991,2.69,9.28,2.77,7.18,6.04,7.39,4.72
"3758",106,1991,14.55,13.55,9.27,12.48,19.79,8.88,13.62
"3759",107,1991,3.22,0.66,2.92,3.26,1.4,1.41,2.68
"3760",108,1991,5.21,7.99,5.74,6.55,10.03,3.79,9.32
"3761",109,1991,12.64,19.2,11.3,14.34,24.76,12.48,13
"3762",110,1991,10.63,14.09,5.29,9.91,10.78,9.58,7.63
"3763",111,1991,6.17,4.93,8.54,7.77,8.1,11.28,7.13
"3764",112,1991,5.22,8.91,5.51,14.45,8.35,21.56,7.71
"3765",113,1991,5.34,9.24,3.74,11.29,5.93,18.11,7.61
"3766",114,1991,3.17,3.59,3.08,3.73,4.68,3.8,4.64
"3767",115,1991,0.77,0.38,1.06,0.88,0.86,0.36,1.08
"3768",116,1991,3.12,2.56,4.07,4.15,5.12,5.16,2.92
"3769",117,1991,1.79,1.1,1.86,3.17,1.12,4.91,2.7
"3770",118,1991,5.9,3.13,3.3,3.71,4.07,6.08,2.35
"3771",119,1991,4.53,1.73,4.78,3.37,1.93,5.83,1.82
"3772",120,1991,5.45,4.31,5.38,11.45,4.3,16.68,9.37
"3773",121,1991,5.19,3.45,5.5,4.04,5.98,2.18,8.51
"3774",122,1991,2.89,3.42,4.54,4.33,5.97,2.81,4.22
"3775",123,1991,0.03,0.08,0.11,0.81,0.12,0.29,1.39
"3776",124,1991,0.39,0.62,1.37,1.2,0.82,0.46,2.23
"3777",125,1991,4.94,6.38,7.5,8.41,9.44,4.93,10.2
"3778",126,1991,0.77,4.38,0.76,6.13,0.61,8.64,4.03
"3779",127,1991,8.24,14.77,6.15,10.5,4.57,12.6,12.86
"3780",128,1991,1.63,5.5,1.53,2.2,1.07,2.18,4.72
"3781",129,1991,10.22,19.43,10.88,12.71,9.94,16.88,14.15
"3782",130,1991,8.9,35.3,5.18,23.11,5.34,38.04,13.82
"3783",131,1991,18.38,13.52,13.73,13.79,8.89,19.24,10.3
"3784",132,1991,13.04,8.09,18.56,12.86,9.5,19.14,7.65
"3785",133,1991,5.43,3.57,7.14,9.87,4,10.77,6.17
"3786",134,1991,0.95,0.72,1.5,2.8,1.02,1.95,2.7
"3787",135,1991,8.27,7.25,8.29,4.43,6.1,4.78,3.66
"3788",136,1991,5.6,6.76,11.06,5.45,6.36,12.44,3.35
"3789",137,1991,7.29,10.84,12.25,5.01,16.85,7.76,8.19
"3790",138,1991,2.29,2.43,5.54,2,3.67,1.94,5.5
"3791",139,1991,1.83,2.36,3.54,1.45,2.43,1.55,3.32
"3792",140,1991,2.1,4.38,2.63,2.33,3.83,2.72,7.02
"3793",141,1991,6.34,20.18,4.63,25.02,11.17,27.75,14.88
"3794",142,1991,5.34,5.89,5.28,8.16,7.16,8.07,5.45
"3795",143,1991,8.35,14.29,6.37,21.11,18.95,21.17,15.48
"3796",144,1991,8.2,13.62,6.18,13.29,10.95,17.06,7.27
"3797",145,1991,6.86,21.42,4.98,44.23,15.06,52.51,24.11
"3798",146,1991,1.98,2.58,3.34,2.75,2.81,2.29,3.93
"3799",147,1991,2.51,10.5,2.08,10.57,3.81,14.62,6.73
"3800",148,1991,6.71,7.08,7.8,9.37,11.31,12.41,5.98
"3801",149,1991,13.64,6.49,14.73,5.92,11.31,6.52,6.74
"3802",150,1991,7.07,14.33,6.8,13.31,12.08,18.54,10.81
"3803",151,1991,19.36,14.33,19.47,12.63,19.89,16.3,14.58
"3804",152,1991,0.57,1.25,0.61,10.69,2.34,9.84,7.34
"3805",153,1991,0.37,1.53,0.42,6.22,3.02,5.7,5.29
"3806",154,1991,0.09,0.44,0.09,3.64,0.74,3.76,2.47
"3807",155,1991,0.08,0.12,0.13,2.41,0.32,1.61,1.22
"3808",156,1991,0.7,1.31,0.73,12,2.42,13.13,4.95
"3809",157,1991,7.13,15.95,6.73,13.73,9.04,19.84,9.69
"3810",158,1991,0.5,2.23,1.59,4.24,0.54,4.72,2.09
"3811",159,1991,4.44,7.64,4.99,7.07,6.75,9.28,5.13
"3812",160,1991,8.99,20.18,7.25,15.54,10.78,20.35,8.06
"3813",161,1991,7.17,19.54,6.27,13.63,5.7,25.03,6.29
"3814",162,1991,0.5,1.68,0.36,5.22,0.26,10.02,0.99
"3815",163,1991,4.15,3.34,9.19,6.65,3.83,10.53,3.66
"3816",164,1991,1.79,5.58,2.68,9,2.21,14.31,3.56
"3817",165,1991,7.03,7.62,12.86,7.5,10.27,8.25,7.24
"3818",166,1991,4.64,13.3,8.22,7.2,8.82,8.88,7.79
"3819",167,1991,16.59,23.58,14.49,13.44,18.37,21.99,17.05
"3820",168,1991,14.57,10.59,13.42,9.99,10.34,15.57,9.04
"3821",169,1991,9.71,11.29,7.55,15.66,4.89,26.18,8.3
"3822",170,1991,6.9,8.65,5.94,7.52,12.34,7.34,12.4
"3823",171,1991,8.55,5.22,7.01,4.87,10.32,4.53,5.27
"3824",172,1991,1.53,1.1,2.53,9.24,1.67,9.43,5.16
"3825",173,1991,3.34,6.49,5.4,8.75,2.49,11.86,6.08
"3826",174,1991,10.04,16.63,10.86,7.1,14.78,6.98,9.32
"3827",175,1991,16.68,25.78,16.86,15.47,21.31,20.42,17.67
"3828",176,1991,10.48,10.04,16.32,12.32,8.45,19.28,7.66
"3829",177,1991,4.97,1.83,8.28,4.44,8.01,1.98,8.31
"3830",178,1991,19.06,24.04,23.81,14.36,20.41,12.37,15.77
"3831",179,1991,28.36,27.88,45.32,25.95,40.53,21.98,31.33
"3832",180,1991,24.3,17.45,29.12,20.82,22.9,23.94,12.62
"3833",181,1991,14.14,8.88,22.02,19.02,7.96,26.41,6.93
"3834",182,1991,9.62,11.57,15.9,17.45,9.63,22.15,9
"3835",183,1991,17.94,15.08,24.86,24.48,16.63,28.72,18.22
"3836",184,1991,13.07,14.92,17.53,19.4,17.48,22.94,29.27
"3837",185,1991,51.64,30.31,64.31,30.69,43.85,31.89,28.89
"3838",186,1991,3.58,9.1,6.21,27.97,6.92,26.68,17.27
"3839",187,1991,5.59,7.34,6.65,4.56,7.36,4.11,5.87
"3840",188,1991,12.42,25.11,12.81,25.21,13.54,26.84,21.63
"3841",189,1991,6.71,6.33,7.58,11.71,3.97,12.82,6.29
"3842",190,1991,13.99,9.66,15.36,11.34,9.27,8.68,8.89
"3843",191,1991,10.14,13.39,9.15,21.47,12.66,24.47,9.73
"3844",192,1991,14.68,7.38,11.24,10.86,10.88,13.41,5.62
"3845",193,1991,2.36,0.51,3.22,2.51,1.59,1.42,2.32
"3846",194,1991,9.41,12.47,8.18,5.69,9.27,4.26,7.31
"3847",195,1991,20.04,23.18,14.23,19.67,20.73,27.19,15.37
"3848",196,1991,19.37,17.66,13.44,22.9,15.29,32.4,11.76
"3849",197,1991,11.85,9.67,8.07,18.49,5.57,29.18,9.64
"3850",198,1991,17.48,8.65,15.6,12.36,7.91,16.36,10.19
"3851",199,1991,20.91,7.65,19.75,9.91,14.46,9.3,16.9
"3852",200,1991,12.82,4.93,6.93,6.24,3.62,9.21,4.82
"3853",201,1991,11.65,6.52,8.62,7.39,6.59,7.87,7.99
"3854",202,1991,22.67,10.66,24.82,5.46,16.61,5.46,7.61
"3855",203,1991,7.39,11.27,8.02,16.9,12.62,19.25,14.75
"3856",204,1991,7.57,5.71,9.21,4.58,7.97,4.54,8.99
"3857",205,1991,20.01,19.1,20.06,12.32,24.38,16.2,18.37
"3858",206,1991,15.02,8.14,13.81,12.14,10.37,14.52,13.19
"3859",207,1991,2.2,0.35,7.55,2.9,2.5,1.62,3.52
"3860",208,1991,3.64,0.42,6.88,0.51,1.26,0.36,0.96
"3861",209,1991,14.55,13.77,22.3,6.49,18.09,5.01,10.68
"3862",210,1991,15.01,16.8,14.54,11.21,11.18,12.64,8.12
"3863",211,1991,17.42,13.93,24.95,8.77,16.03,10.19,11.4
"3864",212,1991,18.52,22.32,24.05,18.26,15.78,24.77,16.98
"3865",213,1991,7.62,21.01,7.08,21.36,2.73,41.38,5
"3866",214,1991,12.54,14.21,14.99,9.22,3.46,12.18,3.66
"3867",215,1991,3.88,10.02,4.33,7.81,2.08,11.38,4.39
"3868",216,1991,1.55,6.07,1.76,12.8,0.36,20.52,3.39
"3869",217,1991,5.14,18.2,7.28,19.33,3.12,31.97,8.54
"3870",218,1991,25.78,14.31,31.36,16.38,23.3,15.63,16.38
"3871",219,1991,22.02,14.93,25.36,19.53,14.88,25.36,12.76
"3872",220,1991,12.73,9.99,11.15,12.55,9.49,13.94,10.3
"3873",221,1991,12.66,9.65,11.81,8.82,10.77,11,5.14
"3874",222,1991,12.58,26.44,11.15,19.06,15.44,23.63,11.98
"3875",223,1991,11.4,1.86,13.65,13.41,6.65,10.42,9.28
"3876",224,1991,4.79,0.63,7.82,10.05,3.21,14.05,2.87
"3877",225,1991,4.3,1.09,4.43,22.01,4.06,26.53,7.46
"3878",226,1991,11.8,1.63,15.97,24.87,6.65,28.98,6.49
"3879",227,1991,0.3,0.53,0.61,17.68,0.36,22.71,3.57
"3880",228,1991,0.77,0.59,0.92,1.13,0.2,1.29,0.79
"3881",229,1991,1.37,1.01,1.39,1.55,0.46,1.74,1.87
"3882",230,1991,0.38,0.91,0.56,2.16,0.12,3.62,0.71
"3883",231,1991,0.55,0.47,0.89,2.04,0.07,3.33,0.67
"3884",232,1991,0.77,0.55,1.68,1.87,0.2,2.76,0.8
"3885",233,1991,2.97,4.96,1.37,7.15,1.15,13.77,2.11
"3886",234,1991,3,3.93,1.37,5.59,0.85,11.83,1.49
"3887",235,1991,3.83,8.08,0.87,8.54,1.33,10.22,3.05
"3888",236,1991,7.15,4.94,3.68,3.89,2.2,3.92,1.65
"3889",237,1991,5.31,9.54,1.86,2.38,1.21,2.74,1.65
"3890",238,1991,0.48,0.16,1.01,0.74,0.18,0.15,2.08
"3891",239,1991,9.53,6.98,11.11,2.54,3.44,2.37,5.91
"3892",240,1991,10.94,14.37,15.25,10.41,6.87,10.95,12.41
"3893",241,1991,7.3,7,9.62,7.73,3.89,11.39,10.34
"3894",242,1991,9.98,9.45,14.02,7.83,5.76,6.3,15.41
"3895",243,1991,11.25,10.52,17.66,4.64,4.58,4.49,8.75
"3896",244,1991,17.34,10.37,17.08,15.92,10.95,18.61,8.61
"3897",245,1991,6.26,5.14,6.9,14.74,5.47,15.61,12.85
"3898",246,1991,3.12,1.74,3.83,7.61,1.66,7.64,5.64
"3899",247,1991,10.92,8.66,9.59,14.72,7.08,13.35,11.2
"3900",248,1991,4.63,8.44,3.7,20.15,4,22.64,8.17
"3901",249,1991,7.29,9.52,8.54,14.09,5.99,17.63,11.01
"3902",250,1991,5.58,14.88,5.17,17.9,7.82,19.65,11.79
"3903",251,1991,3.56,4.12,2.38,9.07,3.21,6.63,9.43
"3904",252,1991,12.61,19.26,13.77,25.94,9.69,26.01,25.87
"3905",253,1991,7.88,16.77,8.92,28.58,8.04,37.98,21.16
"3906",254,1991,6.1,13.7,5.48,23.31,2.86,43.11,6.77
"3907",255,1991,3.86,8.4,2.45,7.55,4.54,11.13,2.48
"3908",256,1991,5.51,10.57,6.51,7.36,8.48,7.23,7.48
"3909",257,1991,6.9,5.04,6.39,5.23,4.76,4.01,4.48
"3910",258,1991,16.45,34.63,16.98,22.09,21.59,31.31,19.88
"3911",259,1991,5.36,5.9,5.5,12.3,4.92,17.65,12.33
"3912",260,1991,1,2.22,1.73,7.92,1.28,11.11,3.56
"3913",261,1991,5.76,3.37,7.95,2.63,3.62,2.4,4.37
"3914",262,1991,13.21,5.08,19.95,5.81,7.69,7.12,6.76
"3915",263,1991,15.2,9.02,18.52,15.31,12.74,19.03,18.8
"3916",264,1991,9.78,8.06,9.75,10.98,5.57,20.39,6.03
"3917",265,1991,5.15,5.23,6.27,8.03,3.2,9.27,5.66
"3918",266,1991,12.29,10.77,13.6,14.16,8.9,14.79,10.86
"3919",267,1991,8.43,12.31,9.16,19.7,8.64,29.88,10.5
"3920",268,1991,4.39,2.13,4.99,6.3,3.34,9.84,6.56
"3921",269,1991,7.27,10.81,5.07,8.85,12.33,13.65,8.5
"3922",270,1991,2.35,6.31,2.31,6.18,2.84,10.35,6.13
"3923",271,1991,3.12,5.93,2.92,6.21,6.54,9.63,6.07
"3924",272,1991,4.74,6.5,3.89,5.62,10.27,5.08,9.37
"3925",273,1991,1.31,1.31,1.46,0.79,1.52,0.98,2.61
"3926",274,1991,0.05,3.12,1.09,1.49,1.02,5.7,1.99
"3927",275,1991,0.06,4.48,0.92,2.33,1.48,16.62,3.2
"3928",276,1991,0.06,2.07,0.61,0.89,1.66,3.14,1.91
"3929",277,1991,0.01,0.29,0.38,0.56,0.33,4.16,0.62
"3930",278,1991,0.02,0.67,1.26,0.26,0.49,1.17,1.69
"3931",279,1991,4.43,5.14,4.5,4.51,3.54,2.92,8.73
"3932",280,1991,7.15,20.07,7.18,14.48,7.94,16.69,13.81
"3933",281,1991,12.05,25.19,12.94,23.41,10.99,26.4,19.87
"3934",282,1991,22.69,23.4,26.07,23.55,16.72,32.5,18.02
"3935",283,1991,9.12,5.8,15.97,10.97,7.89,13.28,9.89
"3936",284,1991,3.31,6.76,3.94,13.21,4.66,12.11,5.24
"3937",285,1991,13.77,7.57,10.28,12.97,12.37,11.62,7.01
"3938",286,1991,9.03,4,8.89,9.01,9.18,9.91,4.94
"3939",287,1991,6.59,4.59,5.34,11.29,8.63,10.13,6.41
"3940",288,1991,4,8.15,2.1,14.72,4.33,8.74,11.87
"3941",289,1991,5.43,14.31,6.17,11.83,9.55,8.36,15.05
"3942",290,1991,9.7,18.78,11.03,16.1,10.2,20.46,8.84
"3943",291,1991,7.8,20.96,7.82,14.29,8.08,17.21,10.07
"3944",292,1991,2.86,2.28,3.28,3.98,2.99,5.24,1.91
"3945",293,1991,0.95,1.2,1.09,2.04,0.98,1.85,1.81
"3946",294,1991,9.35,1.62,13.54,2.27,5.21,4.36,2.04
"3947",295,1991,11.48,14.71,9.38,8.84,11.45,19.92,5.64
"3948",296,1991,2.5,9.08,2.17,5.94,4.18,7.91,4.74
"3949",297,1991,2.88,1.71,3.42,3.55,3.41,4.89,2.33
"3950",298,1991,17.76,4.9,18.25,7.87,5.99,11.1,4.46
"3951",299,1991,6.66,12.02,7.61,10.09,8.27,14.25,7.86
"3952",300,1991,7.95,7.35,10.63,10.07,6.07,14.04,6.35
"3953",301,1991,2.63,2.99,3.7,5.39,3.37,6.52,4.44
"3954",302,1991,2.27,1.68,3.34,3.41,2.49,3.52,3.14
"3955",303,1991,7.35,11.87,8.09,13.78,8.31,14.14,9.56
"3956",304,1991,8.92,7.95,8.02,7.63,5.69,10.71,5.1
"3957",305,1991,0.01,0.4,0.13,2.43,0.8,1.98,1.9
"3958",306,1991,0.01,0.06,0.14,1.05,0.24,0.41,1.41
"3959",307,1991,0.02,0.52,0.18,0.87,1.24,0.73,2.85
"3960",308,1991,0.05,0.73,0.24,1.8,2.03,1.4,3.48
"3961",309,1991,0.04,1.25,0.29,2.58,2.44,2.1,5.51
"3962",310,1991,5.37,0.56,6.32,1.31,2.32,0.51,2.5
"3963",311,1991,11.15,4.14,14.61,4.66,6.7,4.7,5.28
"3964",312,1991,6.77,1.62,9.43,4.2,3.04,4.69,2.65
"3965",313,1991,6,1.08,9.17,3.78,2.8,3.96,2.79
"3966",314,1991,4.02,1.45,4.49,2.29,2.15,1.29,3.12
"3967",315,1991,0,0.11,0,1.73,0,0.43,10.54
"3968",316,1991,0,0.65,0,3.95,0,2.14,7.87
"3969",317,1991,0,0.3,0,3.53,0,1.95,7.23
"3970",318,1991,0,0.15,0,3.41,0,1.28,9.24
"3971",319,1991,0,0.12,0,3.35,0,2,8.2
"3972",320,1991,0,0.3,0.08,1.67,0.26,1.62,1.5
"3973",321,1991,0,1.26,0.04,2.21,0.6,3.13,2.12
"3974",322,1991,0,0.8,0.03,2.05,0.48,2.82,0.98
"3975",323,1991,0,0.58,0.22,1.64,0.73,1.63,0.94
"3976",324,1991,0,1.52,0.15,2.38,1.46,2.46,2.27
"3977",325,1991,6.08,14.32,7.19,10.23,5.78,11.62,13.61
"3978",326,1991,6.24,6.94,8.7,6.26,3.58,5.72,7.96
"3979",327,1991,1.83,6.28,1.59,11.19,1.44,11.42,7.01
"3980",328,1991,0.93,4.28,1.22,7.74,0.76,9.35,2.87
"3981",329,1991,2.05,3.87,2.99,5.74,1.09,4.1,4.3
"3982",330,1991,15.98,22.86,10.92,16.35,22.1,19.46,13.37
"3983",331,1991,9.25,12.56,8.39,15.52,16.42,19.98,11.96
"3984",332,1991,11.71,8.44,12.77,13.26,13.13,19.41,7.69
"3985",333,1991,0.77,1.61,1.14,3.69,2.45,2.38,5.03
"3986",334,1991,2.99,1,3.35,1.37,2.64,0.68,2.31
"3987",335,1991,1.66,3.9,0.74,3.83,3.19,4.57,2.17
"3988",336,1991,0.76,2.85,0.35,4.77,1.53,4.77,3.2
"3989",337,1991,0.12,2.01,0.04,4.6,0.36,5.12,2.46
"3990",338,1991,0.07,0.4,0.04,1.09,0.22,0.91,0.63
"3991",339,1991,0.06,0.17,0.04,0.48,0.15,0.31,0.63
"3992",340,1991,0.02,0.28,0.02,0.81,0.04,1.03,0.56
"3993",341,1991,0.08,0.47,0.02,1.36,0.17,1.25,0.63
"3994",342,1991,0.11,0.92,0.03,2.29,0.38,2.58,1.27
"3995",343,1991,0.02,0.36,0.01,1.36,0.16,0.95,1.07
"3996",344,1991,0,0.06,0,0.2,0,0.12,0.27
"3997",345,1991,0.06,0.83,0,0.58,0.12,0.78,0.27
"3998",346,1991,0.02,0.52,0,0.56,0.04,0.93,0.3
"3999",347,1991,0.02,0.51,0,0.86,0.05,0.79,0.41
"4000",348,1991,0.01,0.19,0,0.76,0.01,0.7,0.49
"4001",349,1991,0,0.35,0,2.04,0.01,3.42,0.91
"4002",350,1991,0,0.08,0,1.18,0,1.85,0.95
"4003",351,1991,0,0.04,0,0.96,0,0.78,0.99
"4004",352,1991,0.04,1.69,0,2.23,0.14,2.79,1.11
"4005",353,1991,0.01,1.48,0,2.14,0.06,2.61,0.86
"4006",354,1991,0,0.08,0,0.46,0,0.86,0.28
"4007",355,1991,0,0.06,0,0.34,0,2.4,0.15
"4008",356,1991,0,0.01,0,0.6,0,0.57,0.18
"4009",357,1991,0.01,0.17,0,1.89,0.05,2.14,0.72
"4010",358,1991,0.02,0.68,0,2.32,0.09,3.12,0.84
"4011",359,1991,0.12,3.36,0,2.61,0.68,4.66,0.9
"4012",360,1991,0.02,1.55,0,1.02,0.08,2.54,0.28
"4013",361,1991,0.02,2.25,0,4.31,0.23,10.23,1.11
"4014",362,1991,0.01,0.65,0,1.54,0.03,2.46,0.45
"4015",363,1991,0,0.22,0,0.45,0.01,0.74,0.19
"4016",364,1991,0,0.03,0,0.29,0,0.34,0.08
"4017",365,1991,0,0.04,0,0.3,0,0.36,0.07
"4018",1,1992,0.12,0.09,0.26,0.94,0.07,0.58,0.3
"4019",2,1992,2.03,4.24,3.29,4.62,3.94,4.11,2.95
"4020",3,1992,0.78,0.8,1.41,2.4,0.53,1.74,1.03
"4021",4,1992,0.67,1.61,1.71,2.75,1.98,2.6,1.69
"4022",5,1992,11.21,3.56,19.23,6.02,8.03,7.53,2.77
"4023",6,1992,5.45,12.9,3.49,6.35,1.58,9.7,3.75
"4024",7,1992,0.36,0.54,0.29,0.63,0.08,0.28,0.99
"4025",8,1992,0.02,0.22,0,0.05,0.02,0.06,0.14
"4026",9,1992,0,0.01,0,0.01,0,0,0.02
"4027",10,1992,0,0,0.01,0.02,0,0,0.02
"4028",11,1992,0,0.29,0,1.26,0.01,1.53,0.81
"4029",12,1992,0,0.07,0,0.25,0,0.18,0.19
"4030",13,1992,0.25,0.42,0.18,0.01,0.48,0.01,0.12
"4031",14,1992,0,0.07,0,0.11,0,0.09,0.11
"4032",15,1992,0,0.42,0,0.9,0.07,0.5,0.62
"4033",16,1992,0.02,0.33,0,0.14,0.08,0.07,0.13
"4034",17,1992,0.01,0.22,0,0.4,0.06,0.3,0.32
"4035",18,1992,0,0.42,0,1.1,0.02,1.63,0.25
"4036",19,1992,0,0.01,0,0.24,0.02,0.13,0.14
"4037",20,1992,0,0,0,0.46,0,0.22,0.54
"4038",21,1992,0,0.02,0,0.41,0,0.28,0.19
"4039",22,1992,0.02,0.09,0.04,0.54,0.03,0.35,0.32
"4040",23,1992,0.08,0.55,0.05,0.46,0.25,0.55,0.39
"4041",24,1992,0.01,0.02,0.01,0.07,0.01,0.03,0.14
"4042",25,1992,0.03,0.53,0.02,1.28,0.13,1.63,0.82
"4043",26,1992,0,0.04,0,0.15,0,0.24,0.15
"4044",27,1992,0.03,0.06,0.01,0.04,0.02,0.01,0.11
"4045",28,1992,0,0.03,0,0.07,0.01,0.03,0.1
"4046",29,1992,0.1,0.51,0.01,0.55,0.08,0.45,0.29
"4047",30,1992,0.02,0.25,0,0.81,0.03,0.73,0.53
"4048",31,1992,0,0.3,0,2.22,0.01,2.41,1.43
"4049",32,1992,0.13,3.47,0,11.65,1.03,11.02,7.86
"4050",33,1992,0.12,1.45,0,4.55,0.82,4.56,4.58
"4051",34,1992,0.12,1.3,0,3.35,0.82,3.81,2.15
"4052",35,1992,0.12,0.83,0,2.22,0.82,1.82,2.06
"4053",36,1992,4.71,6.28,2.29,3.12,5.11,2.42,3.5
"4054",37,1992,0.57,0.37,0.65,3.36,0.24,1.85,3.94
"4055",38,1992,15.28,12.66,13.89,5.6,14.37,6.81,6.55
"4056",39,1992,13.71,29.22,14.48,29.28,21.17,61.91,14.94
"4057",40,1992,0.04,0.44,0.03,5.78,0.06,4.01,4.58
"4058",41,1992,0,0,0,0.16,0,0.09,0.41
"4059",42,1992,0,0,0,0.38,0,0.11,0.42
"4060",43,1992,0.21,0.17,0.31,1.11,0.32,0.83,0.63
"4061",44,1992,0.24,1.09,0.32,2.35,0.42,2.93,1.65
"4062",45,1992,0.01,0.06,0,0.88,0.02,0.46,0.49
"4063",46,1992,0,0,0,0.17,0,0.02,0.2
"4064",47,1992,0.61,0.02,1.9,0.09,0.05,0.05,0.12
"4065",48,1992,0.44,0.28,1.73,0.72,0.2,1.45,0.51
"4066",49,1992,0.02,0.55,0,1.72,0.06,3.23,1.1
"4067",50,1992,0,0.01,0.08,0.75,0,0.6,0.48
"4068",51,1992,0.07,0.01,0.29,0.75,0,0.68,0.55
"4069",52,1992,0.15,0.08,0.16,0.29,0.06,0.25,0.46
"4070",53,1992,0.02,0.05,0.01,0.41,0.01,0.39,0.53
"4071",54,1992,0.34,0.9,0.3,1.6,0.32,1.94,1.48
"4072",55,1992,0.16,0.06,0.23,0.56,0.05,0.64,0.63
"4073",56,1992,0.08,0.27,0.09,1.06,0.24,1.8,0.55
"4074",57,1992,0.01,1.92,0,5.21,0.15,8.76,3
"4075",58,1992,0.01,0.09,0,0.44,0.01,0.67,0.56
"4076",59,1992,0.07,0.78,0.07,2.68,0.14,4.71,1.98
"4077",60,1992,0.65,3.26,0.66,3.88,1.15,5.47,3.25
"4078",61,1992,0.04,1.98,1.77,3.63,0.57,10.25,4.27
"4079",62,1992,0.01,0.38,0.21,0.84,0.09,2.09,0.97
"4080",63,1992,0,0.29,0.02,0.72,0.01,3.77,0.4
"4081",64,1992,0,0.02,0.01,0.32,0.01,0.61,0.49
"4082",65,1992,0,0.1,0,0.95,0,3.26,1.01
"4083",66,1992,0.02,0.08,0.01,0.94,0.01,0.48,0.59
"4084",67,1992,8.44,0.79,9.01,0.9,2.06,0.81,0.77
"4085",68,1992,5.97,2.88,4.47,2.02,1.73,1.85,1.73
"4086",69,1992,0.38,0.46,0.47,1.02,0.17,0.89,0.56
"4087",70,1992,0.55,0.47,0.31,0.28,0.14,0.25,0.23
"4088",71,1992,0.03,0.07,0.26,0.28,0.07,0.37,0.25
"4089",72,1992,1.1,1.6,1.41,1.43,3.9,2.8,0.49
"4090",73,1992,0.02,0.34,0.1,0.72,0.1,1.02,0.36
"4091",74,1992,0.15,0.21,0.43,0.67,0.58,1,0.3
"4092",75,1992,0.25,0.5,0.33,0.8,1.3,1.22,0.47
"4093",76,1992,0,0.51,0,0.5,0,1.02,0.75
"4094",77,1992,0,0.03,0,0.22,0,0.38,0.17
"4095",78,1992,0,0.01,0,0.07,0,0.13,0.02
"4096",79,1992,0,0.04,0,0.22,0,0.21,0.06
"4097",80,1992,0,0.02,0,0.35,0,0.48,0.2
"4098",81,1992,0,0.27,0,0.18,0,1.04,0.14
"4099",82,1992,0,0.04,0,0.56,0,0.63,0.08
"4100",83,1992,0,0,0,0.01,0,0,0
"4101",84,1992,0,0,0,0.05,0,0.03,0
"4102",85,1992,0,0.24,0,0.59,0,0.41,0.14
"4103",86,1992,0,0.01,0,0.04,0,0.03,0.03
"4104",87,1992,0,0,0,0.14,0.11,0.12,0.07
"4105",88,1992,0,0,0,0.55,0,0.54,0.12
"4106",89,1992,0,0,0,0.12,0,0.08,0.02
"4107",90,1992,0.88,0.02,0.67,0.35,0.35,0.42,0.1
"4108",91,1992,1.51,0.65,0.91,1.28,2.47,2.71,0.89
"4109",92,1992,0.58,0.58,0.53,1.35,1.15,1.22,3.04
"4110",93,1992,1.65,0.76,0.87,0.88,2.72,1.22,2.26
"4111",94,1992,0.17,0.08,0.18,0.74,0.21,0.71,0.47
"4112",95,1992,0.4,0.26,0.42,0.85,0.88,0.75,1.15
"4113",96,1992,1.28,0.39,1.16,0.56,1.33,0.6,0.82
"4114",97,1992,0.46,4.55,0.5,3.6,3.15,5.99,4.11
"4115",98,1992,0.52,4.69,0.75,3.27,2.58,4.87,3.31
"4116",99,1992,0.08,1.59,0.29,3.11,0.55,3.1,2.44
"4117",100,1992,0.25,2.41,0.58,3.55,1.49,3.92,4.23
"4118",101,1992,0.13,1.33,0.26,4.57,0.72,5.04,2.42
"4119",102,1992,4.52,7.75,2.24,8.76,6.4,11.28,8.02
"4120",103,1992,0.09,0.06,0.1,0.54,0.12,0.24,0.33
"4121",104,1992,0.14,0.08,0.11,0.67,0.1,0.33,0.53
"4122",105,1992,0.03,0.1,0.01,1.45,0.01,0.98,1.32
"4123",106,1992,0.97,1.24,0.63,3.83,0.81,2.05,4.22
"4124",107,1992,16.38,6.63,17.81,12.85,12.28,11.43,10.14
"4125",108,1992,11.06,4.85,11.9,12.95,11.06,12.41,11.48
"4126",109,1992,13.3,10.13,11.1,15.45,17.88,15.52,14.18
"4127",110,1992,10.04,3.91,10.12,4.11,8.22,3.7,6.37
"4128",111,1992,6.33,1.74,6.65,5.17,3.37,3.08,7.21
"4129",112,1992,4,3.74,4.32,7.54,1.55,5.2,9.16
"4130",113,1992,4.23,2.2,6.61,5.61,3.86,4.21,5.08
"4131",114,1992,10.05,5.28,8.28,6.46,7.78,6.53,2.8
"4132",115,1992,7.38,3.25,9.61,8.14,4.16,9.01,3.67
"4133",116,1992,11.27,4.42,14.5,9.01,6.45,7.74,5.98
"4134",117,1992,14.78,14.69,15.12,10.35,21.66,11.71,11.15
"4135",118,1992,22.92,11.61,23.97,13.96,16,18.03,12.74
"4136",119,1992,9.08,7.29,9.47,16.29,8.97,27.2,14.05
"4137",120,1992,0.96,1.35,0.71,4.13,0.85,4.91,2.96
"4138",121,1992,0.12,0.07,0.13,1.68,0.1,0.66,2.48
"4139",122,1992,0.22,0.07,0.33,3.16,0.24,2.36,1.58
"4140",123,1992,0.41,1.22,1.84,6.45,0.45,5.69,2.73
"4141",124,1992,7.08,9.26,13.39,16.4,13.03,12.79,18.46
"4142",125,1992,16.59,5.6,17.25,6.42,13.24,3.7,7.42
"4143",126,1992,36.45,40.43,23.35,20.27,39.69,22.14,13.51
"4144",127,1992,17.11,13.72,15.74,15.71,13.39,12.04,13.54
"4145",128,1992,6.05,2.76,7.17,7.41,11.37,4.39,8.55
"4146",129,1992,3.47,5.84,2.11,3.35,4.63,2.55,4.92
"4147",130,1992,16.82,23.27,16.84,14.31,18.53,16.27,17.86
"4148",131,1992,5.44,9.29,6.14,17.57,6.56,22.1,9.01
"4149",132,1992,5.65,4.05,9.6,4.92,3,5.29,4.71
"4150",133,1992,4.37,5.88,4.91,11.6,5.39,11.54,8.11
"4151",134,1992,12.8,5.93,13.98,9.67,4.71,9.93,6.77
"4152",135,1992,15.51,7.58,24.81,14.53,11.53,14.74,7.79
"4153",136,1992,18.35,17.44,18.52,28.88,16.35,31.16,24.35
"4154",137,1992,9.51,4.73,11.79,9.66,6.9,7.06,8.53
"4155",138,1992,14.53,8.65,15.25,14.49,13.35,18.09,10.42
"4156",139,1992,14.21,19.69,13.77,23.54,16.49,30.03,12.71
"4157",140,1992,4.13,2.72,4.23,9.71,1.45,11.2,4.43
"4158",141,1992,21.59,13.48,18.69,16.98,19.93,20.61,14.54
"4159",142,1992,18.7,26.93,21.95,26.73,21.69,26.94,20.02
"4160",143,1992,24.49,25.08,21.48,19.53,16.85,16.84,18.11
"4161",144,1992,9.85,12.5,7.53,29.08,7.31,24.53,21.4
"4162",145,1992,4.67,8.54,3.96,20.34,3.04,16.86,15.55
"4163",146,1992,5.96,9.54,5.36,5.15,7.06,4,6.44
"4164",147,1992,3.65,10.76,5.35,12.48,7.72,18.12,14.81
"4165",148,1992,7.09,13.2,8.23,14.68,9.08,15.14,17.23
"4166",149,1992,5.58,10.59,7.76,14.48,11.82,14.55,18.85
"4167",150,1992,4.47,9.18,6.24,9.28,5.11,10.09,10.53
"4168",151,1992,0.46,3.14,0.27,9.06,0.86,6.44,12.89
"4169",152,1992,1.48,1.41,2.05,3.69,1.12,4.09,4.6
"4170",153,1992,6.19,13.62,9.13,17.16,8.53,19.11,13.79
"4171",154,1992,5.52,7.06,8.1,5.5,6.1,7.72,4.82
"4172",155,1992,5.84,4.82,6,4.14,5.79,5.91,3.81
"4173",156,1992,7.31,8.08,9.59,5.78,7.9,6.91,5.73
"4174",157,1992,0.27,0.52,0.32,0.76,0.37,0.54,1.07
"4175",158,1992,2.55,2.69,3.23,3.3,3.94,2.26,5.85
"4176",159,1992,7.64,9.07,9.16,4.81,8.32,4.65,5.5
"4177",160,1992,30.19,33.27,27.42,14.99,35.26,13.69,17.92
"4178",161,1992,24.87,40.98,21.67,28.99,29.67,42.44,20.57
"4179",162,1992,25.53,31.72,23.68,24.93,25.67,32.78,16.87
"4180",163,1992,10.54,12.58,10.76,13.51,13.81,17.98,7.65
"4181",164,1992,13.03,20.06,14.3,25.43,20.65,31.4,23.91
"4182",165,1992,4.61,15.14,5.96,22.22,8.63,29.45,13.63
"4183",166,1992,10.86,12.82,10.82,11.84,14.22,14.64,8.3
"4184",167,1992,8.41,12.7,12.63,10.23,10.48,14.34,8.13
"4185",168,1992,15.74,25.76,18.52,16.15,28.77,19.25,14.42
"4186",169,1992,15.47,17.71,15.97,19.22,18.6,24.79,15.61
"4187",170,1992,12.55,14.06,12.02,16.83,15.46,19.06,16.07
"4188",171,1992,22.04,24.59,23.63,25.99,19.26,30.18,20.1
"4189",172,1992,20.91,30.41,20.52,26.65,27.35,29.55,27.5
"4190",173,1992,7.57,8.91,13.05,7.57,11.48,19.38,14.62
"4191",174,1992,2.46,1.48,3.17,1.49,3.16,4.37,3.66
"4192",175,1992,4.3,6.08,5.84,2.98,5.13,9.66,3.66
"4193",176,1992,11.05,5.7,16.51,2.64,10.77,7.66,7.57
"4194",177,1992,8.27,8.25,10.03,3.41,10.86,9.72,7.92
"4195",178,1992,6.66,6.65,6.04,8.07,4.76,6.55,7.73
"4196",179,1992,12.58,33.85,9.53,22.34,8.75,29.41,18.46
"4197",180,1992,9.6,23.5,6.58,19.13,5.87,30.14,6.43
"4198",181,1992,6.17,7.84,5.03,14.54,5.6,20.98,5.42
"4199",182,1992,6.96,7.72,4.84,15.84,2.72,21.81,5.88
"4200",183,1992,4.51,2.09,4.2,7.48,1.98,6.95,6.51
"4201",184,1992,21.61,5.02,19.44,10.34,9.37,8.64,15.51
"4202",185,1992,24.55,29.66,13.72,19.12,17.07,32.24,14.46
"4203",186,1992,14.75,15.33,10.46,19.1,7.3,35.55,12.75
"4204",187,1992,10.7,4.19,8.93,6.02,5.49,7.63,5.34
"4205",188,1992,19.45,26.42,17.76,14.37,16.32,15.4,14.06
"4206",189,1992,16.4,21.68,13.93,22.51,8.81,32.54,14.39
"4207",190,1992,19.68,13.14,11.81,8.44,6.42,12.69,7.82
"4208",191,1992,5.04,4.59,4.11,9.08,1.16,11.78,6.09
"4209",192,1992,13.99,9.3,15.41,14.35,5.51,12.97,22.55
"4210",193,1992,10.69,6.41,10.54,6.15,7.15,13.23,7.73
"4211",194,1992,6.39,7.58,11.11,3.67,10.39,4.92,6.98
"4212",195,1992,15.24,11.79,17.57,5.15,18.53,6.94,13.71
"4213",196,1992,6.74,8.83,10.25,8.79,5.83,26.06,3.8
"4214",197,1992,5.41,6.36,7.27,4.85,6.49,6.59,8.01
"4215",198,1992,9.62,2.85,9.26,2.68,7.7,2.38,3.01
"4216",199,1992,9.08,2.94,12.84,2.85,10.28,3.01,3.01
"4217",200,1992,17.79,6.35,20.39,4.34,21.27,4.25,6.28
"4218",201,1992,4.22,1.65,3.74,3.24,4.11,3.03,3
"4219",202,1992,8.26,3.91,8.22,7.17,9.87,9.64,4.81
"4220",203,1992,8.29,13.3,9.43,21.9,7.31,25.41,7.44
"4221",204,1992,48.53,41.58,54.18,25.57,50.38,23.11,22.87
"4222",205,1992,11.53,20.25,12.39,27.33,16.59,32.61,12.71
"4223",206,1992,1.03,2.46,3.02,8.87,0.98,12.17,1.36
"4224",207,1992,11.97,23.71,10.58,16.65,19.03,17.44,10.72
"4225",208,1992,2.89,5.29,2.26,10.85,1.76,17.76,3.35
"4226",209,1992,6.15,4.02,4.5,5.97,5.85,6.49,4.96
"4227",210,1992,13.28,11.57,9.34,6.54,13.91,7.65,9.77
"4228",211,1992,18.44,11.1,16.53,5.86,15.61,9.16,6.57
"4229",212,1992,26.88,17.15,22.17,19.09,25.53,19.23,18.81
"4230",213,1992,11.91,11.56,9.32,6.29,13.63,7.54,6.48
"4231",214,1992,7.58,6.46,8.61,14.49,7.42,21.6,11.61
"4232",215,1992,10.09,12.61,13.13,25.38,15.1,36.45,25.17
"4233",216,1992,0.83,1.94,1.08,6.77,1.53,6.02,10.51
"4234",217,1992,9.75,7.26,9.67,15.55,8.42,23.14,13.99
"4235",218,1992,23.81,16.77,24.87,21.99,23.07,37.32,20.68
"4236",219,1992,5.04,10.82,4.16,27.91,4.78,36.53,11.37
"4237",220,1992,9.15,14.32,6.83,28.99,8.54,33.22,14.26
"4238",221,1992,6.26,21,3.88,17.91,11.11,14.6,22.74
"4239",222,1992,6.65,16.72,5.45,18.19,6.52,14.86,20.72
"4240",223,1992,7.56,12.55,8.36,30.6,14.46,28.23,27
"4241",224,1992,11.52,13.39,12,17.3,14.32,20.32,14
"4242",225,1992,6.87,9.39,7.42,17.31,6.17,17.85,10.4
"4243",226,1992,9.11,8.76,10.09,13.87,8.09,15.4,10.98
"4244",227,1992,12.99,15.65,13.44,16.79,13.91,18.25,10.66
"4245",228,1992,4.83,3.32,7.06,7.12,6.37,4.59,8.29
"4246",229,1992,9.12,8.35,8.51,3.49,4.83,4.42,2.62
"4247",230,1992,13.75,7.59,13.37,6.96,7.27,9.26,3.53
"4248",231,1992,2.14,3.43,2.35,3.24,2.46,4.92,1.48
"4249",232,1992,11.11,9.08,10.59,7.71,6.23,9.32,4.34
"4250",233,1992,15.93,12.2,16.71,10.54,7.58,19.7,2.89
"4251",234,1992,2.45,1.73,4.84,5.1,1.66,5.92,2.68
"4252",235,1992,7.11,4.32,9.57,5.68,8.25,5.29,6.34
"4253",236,1992,9.34,12.38,10.21,10.2,7.32,13.29,6.64
"4254",237,1992,1.89,3.67,2.38,8.15,0.74,12.11,3.2
"4255",238,1992,3.74,5.05,3.54,5.47,2.67,8.42,2.92
"4256",239,1992,3.85,8.46,3.59,14.76,4.52,13.48,15.18
"4257",240,1992,12.1,10.02,12.78,12.26,11.26,9.79,19.97
"4258",241,1992,10.37,8.58,10.34,26.72,3.76,24.27,16.38
"4259",242,1992,5.89,4.7,5.71,21.12,2.42,21.96,12.04
"4260",243,1992,15.07,21.64,14.73,48.46,9.25,42.17,29.67
"4261",244,1992,8.31,9.33,8.77,33.82,5.34,27.38,23.99
"4262",245,1992,4.88,3.32,5.32,11.88,3.8,9.04,6.78
"4263",246,1992,0.45,0.42,0.55,2.31,0.56,1.15,2.52
"4264",247,1992,16.54,25.07,16.49,15.02,21.51,14.42,15.09
"4265",248,1992,11.85,13.7,9.87,26.39,9.39,29.82,18.77
"4266",249,1992,14.76,28.55,12.54,18.65,11.94,24.17,12.69
"4267",250,1992,9.31,19.53,7.61,22.62,8.71,28.23,15.28
"4268",251,1992,14.81,22.74,15.65,24.69,18.64,37.33,15.28
"4269",252,1992,10.5,28.62,9.24,23.23,13.98,37.5,16.78
"4270",253,1992,10.35,10.23,9.08,7.36,18.14,4.85,10.56
"4271",254,1992,8.03,18.66,6.79,8.96,9.34,10.06,8.88
"4272",255,1992,1.64,0.55,2.35,0.73,1.43,0.75,1
"4273",256,1992,3.89,2.01,5.13,0.6,7,0.24,1.76
"4274",257,1992,9.4,6.43,15.42,1.98,17.99,2.8,7.78
"4275",258,1992,10.38,7.06,13.15,3.51,13.06,5.12,7.33
"4276",259,1992,8.49,11.86,9.41,4.08,18.6,9.38,9.33
"4277",260,1992,3.72,3.53,5.17,3.87,2.18,4.49,4.46
"4278",261,1992,10.76,19.92,14.91,9.01,12.09,8.39,14.3
"4279",262,1992,5.22,8.2,5.25,4.28,7.2,3.2,7.11
"4280",263,1992,3.72,5.13,3.8,3.08,3.13,5.11,7.6
"4281",264,1992,2.71,5.64,3.2,1.86,1.58,1.68,3.56
"4282",265,1992,7.91,17.18,7.11,13.5,14.57,9.64,10.27
"4283",266,1992,9.03,27.3,7.96,23.13,29.88,22.17,20.72
"4284",267,1992,3.17,9.1,1.64,11.97,6.04,13.35,9.75
"4285",268,1992,10.02,26.78,8.39,29.67,12.22,41.17,13.32
"4286",269,1992,8.55,17.15,7.47,14.68,8.96,15.52,7.57
"4287",270,1992,5.12,7.22,7.14,13.99,6.88,6.97,10.04
"4288",271,1992,5.92,9.45,7.06,16.64,9.04,9.86,12.31
"4289",272,1992,6.14,9.01,7.07,20.22,8.65,19.4,9.79
"4290",273,1992,3.41,6.73,4.21,15.15,8.43,14.05,7.96
"4291",274,1992,4.71,5,6.56,9.8,6.65,5.4,10.66
"4292",275,1992,7.35,9.55,5.64,14.98,6.17,14.26,16.25
"4293",276,1992,10.77,15.01,7.32,20.52,7.59,22.09,12.1
"4294",277,1992,15.14,12.63,10.59,15.76,9.91,24.85,8.06
"4295",278,1992,1.07,0.6,0.99,2.1,0.56,1.01,3.9
"4296",279,1992,8.38,12.68,6.44,6.79,4.57,8.25,7.89
"4297",280,1992,17.9,19.13,15.59,19.71,11.09,23.5,15.14
"4298",281,1992,4.15,8.78,3.85,7.58,4.35,3.82,6.59
"4299",282,1992,17.29,26.25,13.27,28.89,11.11,23.58,27.97
"4300",283,1992,11.28,20.4,9.64,32.61,6.92,40.25,14.18
"4301",284,1992,7.37,10.82,6.82,24.45,6.86,34.57,8.82
"4302",285,1992,4.48,20.26,3.1,20.35,10.17,14.94,14.19
"4303",286,1992,0.33,1.41,0.49,9.66,0.56,6.29,8.81
"4304",287,1992,2.11,3.68,2.66,13.01,1.8,14.3,7.77
"4305",288,1992,9.6,10.08,8.63,11.25,12.24,16.52,12
"4306",289,1992,8.8,14.67,9.94,18.26,5.48,18.55,12.61
"4307",290,1992,1.28,0.79,1.26,4.91,0.94,2.74,5.7
"4308",291,1992,2.88,9.93,2.59,9.59,6.44,9.24,10.45
"4309",292,1992,2.17,3.91,2.36,12.7,1.7,12.24,10.68
"4310",293,1992,6.76,9.92,7.72,14.62,13.07,14.19,16.3
"4311",294,1992,2.09,7.71,2.45,14.23,5.55,13.96,14.42
"4312",295,1992,4.68,1.93,4.09,0.88,1.75,1.17,1.98
"4313",296,1992,1.29,1.98,1.54,1.43,0.95,1.41,2.78
"4314",297,1992,4.44,8.51,3.76,4.32,8.57,4.11,10.84
"4315",298,1992,10.27,15.75,10.07,10.92,6.32,15.93,13.17
"4316",299,1992,4.76,13.79,2.84,8.26,3.95,15.72,8.05
"4317",300,1992,0.4,0.96,0.88,3.23,0.51,5.06,2
"4318",301,1992,1.3,5.07,1.07,5.15,2.32,4.63,3.7
"4319",302,1992,0.22,2.45,0.27,8.37,0.85,11.94,4.76
"4320",303,1992,0.05,1.45,0.05,4.31,0.13,6.15,3.87
"4321",304,1992,0.05,1.01,0.08,2.91,0.09,3.57,1.66
"4322",305,1992,0.18,3.34,0.31,6.46,0.49,8.83,5.51
"4323",306,1992,0.23,0.1,0.37,0.33,0.53,0.45,0.45
"4324",307,1992,0.56,0.11,0.86,0.29,0.98,0.58,0.38
"4325",308,1992,0.72,0.08,1.11,0.12,0.66,0.52,0.19
"4326",309,1992,0.81,0.24,1.23,0.89,1.54,1.31,0.73
"4327",310,1992,2.06,0.35,3.28,1.12,3.06,1.53,1.35
"4328",311,1992,7.68,6.09,14.19,4.42,16.52,3.02,7.2
"4329",312,1992,4.41,3.64,7.8,3.01,8.05,2.15,5.39
"4330",313,1992,0.8,0.84,0.97,2.68,1.8,4.74,2.61
"4331",314,1992,0.44,0.53,0.93,1.55,1.08,2,1.19
"4332",315,1992,1.26,2.07,2.28,6.2,3.04,6.05,2.59
"4333",316,1992,8.07,3.59,14.64,9.43,7.85,3.97,7.48
"4334",317,1992,9.85,3.23,14.16,12.47,6.75,5.41,7.26
"4335",318,1992,5.92,1.38,10.89,10.77,3.84,3.86,8.24
"4336",319,1992,9.3,5.31,16.11,14.88,9.57,5.46,12.3
"4337",320,1992,3.44,2.37,6.64,9.17,2.81,2.92,7.9
"4338",321,1992,17.4,9.95,14.79,11.98,13.82,11.43,8.15
"4339",322,1992,19.07,16.37,21.41,13.74,23.08,13.27,18.22
"4340",323,1992,21.61,19.24,18.2,11.73,18.95,10.74,19.47
"4341",324,1992,19.37,20.54,14.36,12.58,21.12,11.03,20.32
"4342",325,1992,7.24,11.27,2.65,7.92,7.73,6.02,7.06
"4343",326,1992,4.91,11.04,3.37,4.3,3.18,3.31,3.77
"4344",327,1992,4.51,13.72,3.35,4.73,2.51,3.53,2.85
"4345",328,1992,12.7,34.1,7.6,5.1,7.84,4.15,5.55
"4346",329,1992,4.36,12.44,2.49,2.99,1.56,1.66,5.75
"4347",330,1992,4.97,18.52,4.53,3.48,3.29,3.62,4.63
"4348",331,1992,4.74,5.77,3.2,3.26,6.63,2.89,2.38
"4349",332,1992,6.83,10.22,5.56,17.15,11.36,12.57,10.49
"4350",333,1992,4.14,4.59,1.96,5.44,5.48,3.4,4.23
"4351",334,1992,4,6.53,3.01,7,6.66,6.47,5.74
"4352",335,1992,3.31,4.51,1.43,4.83,3.77,4.73,3.54
"4353",336,1992,0.33,3.29,0.29,4.06,3.46,2.01,5.7
"4354",337,1992,0.24,2.31,0.35,4.94,2.19,2.76,6.52
"4355",338,1992,0.05,1.74,0.05,5.63,0.6,2.98,8.56
"4356",339,1992,0.02,0.17,0.06,3.15,0.12,1.11,3.48
"4357",340,1992,0.4,3.1,0.49,21.65,3,12.53,16.52
"4358",341,1992,0.18,0.91,0.06,4.19,1.04,2.48,4.3
"4359",342,1992,0.05,1.7,0.05,4.03,0.93,5,3.47
"4360",343,1992,0.02,0.2,0.2,1.18,0.15,0.86,1.39
"4361",344,1992,0.1,3.26,0.2,5.58,0.75,6.37,4.47
"4362",345,1992,0.06,1.5,0.03,2.36,0.71,1.84,2.93
"4363",346,1992,0.04,0.96,0,3.95,0.7,1.5,5.21
"4364",347,1992,0.02,0.81,0,5.73,0.34,3.49,4.13
"4365",348,1992,0.02,0.46,0,2.31,0.27,0.99,2.58
"4366",349,1992,0.01,0.44,0,5.75,0.29,2.41,7.41
"4367",350,1992,0.01,0.66,0,5.2,0.37,3.44,4.24
"4368",351,1992,0.01,1.27,0.01,4.63,0.13,2.77,4.43
"4369",352,1992,0.15,9.71,0.13,14.96,1.41,19.6,11.31
"4370",353,1992,0.01,1.84,0,11.75,0.15,9.72,9.16
"4371",354,1992,0,0.03,0,1.13,0,0.79,0.95
"4372",355,1992,0,0,0,0.48,0,0.23,0.39
"4373",356,1992,0,0.04,0,0.14,0.01,0.07,0.12
"4374",357,1992,0.02,0.48,0,1.04,0.3,0.82,0.88
"4375",358,1992,0.06,2.2,0,4.01,0.77,5.43,2.46
"4376",359,1992,0.03,1.42,0,4.42,0.39,5.13,1.81
"4377",360,1992,0.02,0.55,0,2.96,0.27,2.56,1.25
"4378",361,1992,0.02,1.95,0,3.79,0.22,7.75,1.42
"4379",362,1992,0,0.28,0,1.05,0.06,1.57,0.46
"4380",363,1992,0.01,1.02,0,1.79,0.21,2.34,0.69
"4381",364,1992,0,0.02,0,0.21,0.01,0.26,0.1
"4382",365,1992,0,0,0,0.09,0,0.08,0.09
"4383",366,1992,0,0.12,0,0.47,0.04,1.07,0.14
"4384",1,1993,0.01,0.33,0,2.06,0.01,4.08,1.74
"4385",2,1993,0,0.02,0,0.82,0,0.62,1.43
"4386",3,1993,0.02,0.19,0,0.52,0.04,0.79,1.42
"4387",4,1993,0.02,0.61,0,2.02,0.04,2.89,3.39
"4388",5,1993,0.01,0.27,0,2.8,0.02,4.21,3.91
"4389",6,1993,0.06,3.75,0.05,6.02,0.14,8.58,2.92
"4390",7,1993,0.01,0.18,0.01,3.11,0.02,3.39,2.23
"4391",8,1993,0,0.42,0,7.33,0,8.04,3.65
"4392",9,1993,0,0.17,0.01,2.61,0.01,2.35,1.38
"4393",10,1993,0.02,1.09,0.01,3.94,0.02,4.41,2.06
"4394",11,1993,0.21,0.79,2.06,1.21,0.37,1.49,0.69
"4395",12,1993,0.07,0.51,0.1,1.09,0.08,1.83,0.44
"4396",13,1993,0.02,0.07,0.27,0.16,0.02,0.14,0.21
"4397",14,1993,0.02,0.22,0.08,0.49,0.02,0.56,0.24
"4398",15,1993,0.01,0.14,0.12,0.71,0.02,0.6,0.56
"4399",16,1993,0,0.17,0,1.14,0.01,1.79,0.45
"4400",17,1993,0,0.23,0,2.37,0.01,4.02,0.77
"4401",18,1993,0.07,3.43,0,3.27,0.24,5.14,1.39
"4402",19,1993,0,0.1,0,0.12,0.01,0.14,0.17
"4403",20,1993,0,0,0,0.04,0,0.02,0.06
"4404",21,1993,0.05,0.25,0.03,0.17,0.07,0.29,0.27
"4405",22,1993,0.1,0.81,0.1,1.14,0.26,2.49,0.4
"4406",23,1993,0.02,0.69,0,3.57,0.09,5.21,1.93
"4407",24,1993,0,0.06,0,0.65,0,0.77,0.28
"4408",25,1993,0.05,0.1,0.07,0.57,0.03,0.86,0.19
"4409",26,1993,0.16,0.15,0.2,1.25,0.02,2.09,1.45
"4410",27,1993,0.28,0.76,0.29,2.03,0.25,3.2,2.17
"4411",28,1993,3.27,2.44,4.21,2.81,1.82,5.29,2.23
"4412",29,1993,0.48,0.56,0.71,1.07,0.32,1.75,1.19
"4413",30,1993,0.01,0.02,0.02,0.3,0,0.29,0.6
"4414",31,1993,0.09,0.04,0.13,0.12,0.04,0.08,1.11
"4415",32,1993,0,0.02,0,0.34,0,0.36,0.39
"4416",33,1993,0,0.1,0,1.48,0.01,1.74,0.98
"4417",34,1993,0,0.34,0.02,0.77,0.05,1.13,0.69
"4418",35,1993,0.01,0.53,0.01,0.84,0.05,1.66,0.66
"4419",36,1993,0,0.05,0,0.24,0,0.42,0.15
"4420",37,1993,0.92,5.52,1.02,10.41,6.01,15.09,5.52
"4421",38,1993,0,0.38,0,4.71,0.03,4.56,2.32
"4422",39,1993,0.06,0.1,0.09,1.22,0.08,1.07,0.34
"4423",40,1993,0,0.06,0,1.68,0,1.44,0.7
"4424",41,1993,0,0,0,0.15,0,0.05,0.3
"4425",42,1993,0,0,0,0.23,0,0.14,0.19
"4426",43,1993,0.12,0.06,0.16,0.89,0.11,0.62,0.57
"4427",44,1993,0.15,0.46,0.18,0.85,0.35,0.83,0.56
"4428",45,1993,0.02,0.36,0.01,0.8,0.07,1.33,0.39
"4429",46,1993,0.05,0.53,0.03,0.42,0.24,0.72,0.31
"4430",47,1993,0.13,0.47,0.29,0.3,0.56,0.26,0.25
"4431",48,1993,0.03,0.23,0.15,0.51,0.02,0.48,0.35
"4432",49,1993,0,0.47,0,1.06,0.03,1.9,0.45
"4433",50,1993,0,0.12,0.04,1,0,1.04,0.43
"4434",51,1993,0,0.01,0,0.9,0,0.66,0.39
"4435",52,1993,0,0.01,0,1.01,0,0.55,0.88
"4436",53,1993,0.07,0.47,0.09,2.24,0.14,2.3,1.21
"4437",54,1993,0.19,0.24,0.15,0.8,0.07,0.75,0.77
"4438",55,1993,0.18,0.66,0.2,0.64,0.18,0.46,0.88
"4439",56,1993,0.35,2.72,0.21,2.72,0.88,4.49,1.61
"4440",57,1993,0.02,0.75,0.01,2.08,0.12,2.41,1.18
"4441",58,1993,0.1,0.41,0.05,0.57,0.19,0.55,0.68
"4442",59,1993,0.01,0.4,0,0.58,0.12,0.53,0.45
"4443",60,1993,0,0.05,0,0.16,0.02,0.11,0.38
"4444",61,1993,0,0.02,0,0.12,0,0.09,0.14
"4445",62,1993,0.02,0.28,0.05,0.48,0.2,0.74,0.67
"4446",63,1993,0.03,0.19,0.12,0.48,0.16,0.48,0.55
"4447",64,1993,0.09,1.15,0.21,1.45,0.52,1.87,1.62
"4448",65,1993,1.34,0.88,1.67,0.9,3.07,1.19,1.73
"4449",66,1993,0.16,0.3,0.22,0.65,0.26,0.62,0.76
"4450",67,1993,0.22,0.14,0.24,0.48,0.37,0.43,0.56
"4451",68,1993,1.71,1.25,3.04,2.55,4.09,3.34,2.9
"4452",69,1993,5.91,1.81,8.62,2.59,6.9,4.8,1.82
"4453",70,1993,16.63,13.48,11.56,13.05,8.85,17.61,7.37
"4454",71,1993,11.73,8.72,9.79,10.53,5.89,12.36,7.56
"4455",72,1993,5.71,5.7,4.17,5.88,4.41,6.42,5.05
"4456",73,1993,14.16,20.15,14.23,15.64,13.79,21.1,10.54
"4457",74,1993,1.31,0.76,0.85,1.72,0.82,1.28,1.93
"4458",75,1993,0.03,0.12,0.03,0.22,0.01,0.19,0.16
"4459",76,1993,0,0.04,0,0.49,0,0.46,0.35
"4460",77,1993,0,0.06,0,0.48,0,0.37,0.41
"4461",78,1993,0.01,0.1,0.01,0.21,0,0.14,0.23
"4462",79,1993,1.11,2.68,1.16,1.69,0.29,2.65,1.02
"4463",80,1993,8.53,11.4,10.88,6.44,7.27,6.8,9.67
"4464",81,1993,8.43,10.6,7.29,8.74,7.08,6.9,10.5
"4465",82,1993,3.78,5.64,5.03,4.33,5.71,4.09,6.23
"4466",83,1993,0.31,0.83,0.67,2.28,0.8,0.92,2.93
"4467",84,1993,7.72,8.42,10.45,3.5,6.45,3.25,5.35
"4468",85,1993,3.7,8.67,2.04,3.93,11.07,3.73,7.45
"4469",86,1993,0.74,6.12,0.28,3.86,4.94,4.44,6.23
"4470",87,1993,0.88,3.35,0.86,1.64,1.84,3.54,2.33
"4471",88,1993,0.9,4.43,0.31,4.46,1.11,6.76,4.82
"4472",89,1993,0.18,0.75,0.06,1.06,0.37,1.35,1.28
"4473",90,1993,0.05,0.46,0.02,1.06,0.18,1.2,2.32
"4474",91,1993,3.75,2.28,5.72,2.72,7.28,4.1,2.23
"4475",92,1993,10.14,7.34,14.02,12.35,24.41,14.82,8.67
"4476",93,1993,1.2,5.15,1.49,6.58,12.92,8.2,7.71
"4477",94,1993,0.08,0.92,0.17,3.11,0.58,3.45,1.41
"4478",95,1993,0.09,0.41,0.07,4.47,1.23,4.01,3.58
"4479",96,1993,0.16,0.96,0.28,5.21,0.51,2.88,5.3
"4480",97,1993,4.49,0.69,6.46,4.77,0.68,2.35,4.02
"4481",98,1993,18.3,10.12,26.92,14.33,16.89,11,15.83
"4482",99,1993,12.32,7.82,15.92,8.2,20.18,8.42,7.52
"4483",100,1993,14.27,11.62,16.38,8.98,12.74,6.47,14.16
"4484",101,1993,2.8,7.88,3.02,6.29,2.24,5.51,4.67
"4485",102,1993,3.17,7.62,4.3,8.5,4.92,9.57,5.1
"4486",103,1993,2.8,3.51,5.16,8.31,3.72,9.44,4.07
"4487",104,1993,3.33,12.93,5.02,20.23,5.39,19.93,17.79
"4488",105,1993,1.54,11.99,1.45,25.65,2.85,29.15,19.44
"4489",106,1993,0.08,0.22,0.13,2.85,0.14,1.23,2.42
"4490",107,1993,1.65,0.21,3.26,2.42,0.69,0.7,3.39
"4491",108,1993,11.89,16.95,14.9,14.45,20.73,13.87,15.79
"4492",109,1993,2.08,3.91,2.87,7.44,2.53,5.96,8.25
"4493",110,1993,6.49,4.05,8.33,5.41,8.48,4.12,5.78
"4494",111,1993,15.93,9.28,18.85,8.25,13.52,8.75,9.05
"4495",112,1993,7.23,14.34,8.42,11.16,15.72,7.83,14.09
"4496",113,1993,8.84,16.41,8.38,11.56,6.49,18.41,10.06
"4497",114,1993,6.59,5.14,5.71,5.83,3.34,9.36,4.99
"4498",115,1993,2.75,1.17,5.69,2.08,3.61,1.24,2.61
"4499",116,1993,0.63,2.81,0.38,7.24,3.03,7.59,7.96
"4500",117,1993,0.19,1.85,0.58,6.65,0.41,4.89,6.14
"4501",118,1993,7,14.44,6.17,13.19,12.6,8.97,17.24
"4502",119,1993,6.99,12.95,6.88,14.29,13.1,17.22,13.79
"4503",120,1993,3.82,6.57,4.18,9.29,8.02,7.05,17.93
"4504",121,1993,4.5,5.19,4.97,10.3,6.18,10.96,13.02
"4505",122,1993,3.7,5.12,4.61,10.92,5.22,13.82,9.83
"4506",123,1993,11.33,9.89,11.57,19.57,11.77,26.5,15.84
"4507",124,1993,1.84,1.68,2.55,5.2,1.86,3.58,6.3
"4508",125,1993,2.83,5.3,2.72,7.66,2.85,6.29,8.57
"4509",126,1993,3.95,2.37,8.15,10.64,2.74,5.04,17.16
"4510",127,1993,5.27,8.72,6.83,20.94,4.62,20.85,14.9
"4511",128,1993,3.71,5.5,5.67,14.73,2.35,15.73,9.05
"4512",129,1993,7.45,7.58,8.93,9.96,9.49,9.05,9.18
"4513",130,1993,4.53,8.31,5.47,21.79,2.69,26.07,10.68
"4514",131,1993,4,3.81,4.32,10.24,6.19,11.17,11.67
"4515",132,1993,7.53,6.94,5.94,6.4,6.28,6.09,7.78
"4516",133,1993,2.5,0.68,3.07,3.37,1.9,1.47,6.59
"4517",134,1993,12.4,6.06,17.96,9.97,11.25,9.77,18.38
"4518",135,1993,10.42,6.51,13.15,7.81,14.01,8.37,7.4
"4519",136,1993,17.1,18.54,19.49,15.41,35,13.17,24.99
"4520",137,1993,15.78,15.61,11.41,12.01,16.93,12.25,11.14
"4521",138,1993,13.73,14.3,11.81,23.63,8.79,34.21,9.89
"4522",139,1993,6.06,15.34,7.19,22.73,17.47,27.1,25.98
"4523",140,1993,2.79,2.79,4.1,8.8,3.3,6.22,8.64
"4524",141,1993,17.57,18.26,16.36,14.27,20.64,12.06,17.78
"4525",142,1993,8.72,11.2,11.89,14.78,13.26,12.78,15.15
"4526",143,1993,4.79,6.21,5.27,9.51,4.91,8.38,12.6
"4527",144,1993,11.52,5.14,13.12,8.31,10.67,5.66,12.74
"4528",145,1993,13.18,11.32,15.43,10.18,12.18,8.28,13.16
"4529",146,1993,7.03,14.14,6.52,17.78,11.82,15.25,23.06
"4530",147,1993,8.61,14.39,7.77,17.67,17.93,17.83,29.3
"4531",148,1993,2.56,8.5,3.98,22.68,2.6,30.74,11.59
"4532",149,1993,14.95,20.18,12.75,24.14,18.07,28.4,16.38
"4533",150,1993,4.48,20.15,3.38,18.41,6.6,19.78,11.57
"4534",151,1993,4.13,7.19,2.58,6.83,3.72,8.2,5.02
"4535",152,1993,6.58,7.1,8.9,8.99,9.22,11.2,6.38
"4536",153,1993,3.54,4.27,4.74,11.07,5.21,13.7,6.27
"4537",154,1993,3.36,3.98,4.7,9.27,4.66,11.83,6.75
"4538",155,1993,5.74,6.83,6.07,8.12,7.16,7.24,8.64
"4539",156,1993,6.02,5.23,8.15,22.98,9.76,21.86,13.95
"4540",157,1993,26.72,2.69,30.82,1.77,17.18,2.08,5.7
"4541",158,1993,7.65,0.3,16.04,0.45,6.17,0.4,1.46
"4542",159,1993,7.49,0.74,10.64,0.79,4.68,0.84,2.6
"4543",160,1993,15.45,2.32,20.79,3.23,14.36,4.31,7.15
"4544",161,1993,18.88,1.87,23.33,1.91,8.01,3.2,3.73
"4545",162,1993,19.17,21.93,18.16,19.38,24.58,22.21,21.62
"4546",163,1993,15.13,20.03,12.42,22.73,14.28,30.41,12.07
"4547",164,1993,16.71,19.2,13.58,21.96,15.76,22.9,21.36
"4548",165,1993,4.05,12.23,2.89,18.09,3.53,20.91,9.23
"4549",166,1993,8.91,23,6.74,26.59,19.85,31.34,22.02
"4550",167,1993,12.75,11.96,15.38,16.59,15.35,13.4,16.59
"4551",168,1993,6.4,8.18,7.61,12.46,5.9,12.2,10.07
"4552",169,1993,28.44,24.41,28.05,20.86,34.43,19.97,22.07
"4553",170,1993,26.98,21.57,28.27,20.62,26.79,20.68,17.8
"4554",171,1993,14.85,20.7,12.27,34.61,12.39,37.29,19.25
"4555",172,1993,21.61,17.61,26.81,14.81,13.78,27.37,8.31
"4556",173,1993,7,12.76,7.26,13.78,8.1,26.1,7.81
"4557",174,1993,6.4,12.18,5.4,10.86,4.91,19.91,6.48
"4558",175,1993,10.35,6.32,10.62,6.12,4.81,8.65,3.62
"4559",176,1993,29.03,33.57,31.36,16.37,44.79,20.85,18.4
"4560",177,1993,23.04,39.9,17.79,54.9,24.73,68.88,41.39
"4561",178,1993,8.47,9,8.78,8.26,6.46,11.31,4.65
"4562",179,1993,4.41,2.71,4.58,2.7,2.73,2.11,1.75
"4563",180,1993,9.91,4.4,12.85,2.09,5.13,1.53,2.26
"4564",181,1993,6.42,7.21,5.49,4.97,7.43,6.31,3.74
"4565",182,1993,17.76,28.92,15.43,35.42,23.37,49.93,28.83
"4566",183,1993,5.98,3.88,6.55,6.46,5.09,4.94,5.6
"4567",184,1993,2.84,0.73,5.28,3.73,1.21,1.75,5.22
"4568",185,1993,5.88,3.98,5.49,11.54,3.82,14.42,6.84
"4569",186,1993,14.51,20.28,13.09,16.95,19.64,22.64,12.51
"4570",187,1993,3.4,3.21,5.06,10.62,4.65,12.1,4.42
"4571",188,1993,0.93,0.54,1.33,2.27,1.39,1.27,2.17
"4572",189,1993,6.8,8.52,9.82,5.96,7,4.58,4.98
"4573",190,1993,20.91,27.74,22.23,25.1,19.16,30.91,17.4
"4574",191,1993,13.16,16.8,15,27.6,18.72,35.3,20.61
"4575",192,1993,7.85,5.12,7.55,6.02,6.23,9.4,5.53
"4576",193,1993,4.07,3.1,2.89,4.75,2.57,7.1,5.48
"4577",194,1993,7.74,2.94,9.91,5.83,4.9,6.64,6.29
"4578",195,1993,15.36,11.17,20.93,10.16,16.13,12.63,15.49
"4579",196,1993,27.49,21.31,20.65,13.37,17.65,21.95,12.3
"4580",197,1993,7.3,4.18,6.48,11.95,3.85,10.86,9.56
"4581",198,1993,0.87,1.29,1.34,6.78,0.76,7.12,3.62
"4582",199,1993,0.76,0.93,1.08,4.82,0.51,1.79,5.72
"4583",200,1993,28.77,8.82,34.61,5.56,23.01,3.81,12.49
"4584",201,1993,19.07,13.52,21.61,12.13,21.06,10.26,13.72
"4585",202,1993,6.57,3.49,7.78,8.06,3.87,7.86,6.39
"4586",203,1993,3.76,6.25,5.23,8.7,5.6,8.2,11.02
"4587",204,1993,20.24,19.99,18.31,16.34,18.92,23.25,17.17
"4588",205,1993,10.47,15.1,11.01,18.44,8.01,29.97,14.49
"4589",206,1993,7.82,7.96,8.32,10.08,7.98,11.49,14.57
"4590",207,1993,4.03,4.56,6.22,3.66,6.07,5.04,4.96
"4591",208,1993,1.54,0.83,1.67,2.32,1.65,2.49,2.11
"4592",209,1993,3.28,4.72,3.81,5.17,2.64,6.89,4.52
"4593",210,1993,17.32,10.1,20.07,7.24,11.81,10.46,7.62
"4594",211,1993,20.92,14.21,25.23,12.74,17.39,12.3,18.48
"4595",212,1993,14.95,17.16,22.04,14.04,18.97,20.51,16.25
"4596",213,1993,3.48,2.81,4.04,5.09,4.71,7.18,4.51
"4597",214,1993,2.1,2.16,2.39,3.7,1.31,5.26,2.24
"4598",215,1993,1.17,1.84,2.18,3.85,1.3,4.72,2.3
"4599",216,1993,2.88,2.02,3.62,4.76,2.34,7.3,2.1
"4600",217,1993,0.15,1.04,0.24,4.6,0.29,8.17,1.04
"4601",218,1993,0.61,1.14,0.65,2,0.43,3.68,0.49
"4602",219,1993,0.84,1.23,1.49,2.46,1.61,1.57,3.37
"4603",220,1993,11.33,8.08,15.2,4.5,14.06,4.71,6.58
"4604",221,1993,2.84,10.66,6.55,33.83,7.2,50.81,21.32
"4605",222,1993,8.5,7.04,13.39,8.61,9.38,11.35,4.95
"4606",223,1993,3.94,3.79,5.15,10.45,6.23,13.04,5.88
"4607",224,1993,10.53,10.4,13.43,12.79,14.31,10.82,18.02
"4608",225,1993,9.53,8.23,11,10.64,6.54,12.25,7.15
"4609",226,1993,4.91,8.5,7.43,14.72,7.79,15.51,17.23
"4610",227,1993,13.76,6.84,13.7,7.75,15.27,5.91,14.08
"4611",228,1993,6.06,7.7,7.57,7.14,11.03,8.1,12.6
"4612",229,1993,8.1,8.8,10.45,12.27,15.39,13.27,11.19
"4613",230,1993,2.59,6.12,1.96,8.46,2.99,9.26,5.64
"4614",231,1993,6.69,2.52,9.58,1.95,6.75,1.69,3.69
"4615",232,1993,2.79,0.84,3.99,1.61,3.9,0.7,6.73
"4616",233,1993,9.05,13.29,10.67,11.63,9.01,13.46,10.58
"4617",234,1993,2.9,2.84,4.21,4.3,2.96,6.04,4.89
"4618",235,1993,5.1,5.39,7.61,6.23,5.22,6.21,5.43
"4619",236,1993,7.08,10.35,8.74,10.73,4.85,13.63,7.38
"4620",237,1993,5.92,4.72,9.14,5.29,5.28,3.57,6.74
"4621",238,1993,7.14,4.58,9.98,7.06,7.61,4.57,9.07
"4622",239,1993,6.84,5.46,9.48,9.47,6.06,11.82,6.2
"4623",240,1993,7.65,7.9,10.26,14.66,5.72,14.74,7.14
"4624",241,1993,1.84,2.94,2.56,6.22,1.64,4.8,6.4
"4625",242,1993,1.54,2.48,2.17,3.94,2.45,2.92,5.05
"4626",243,1993,6.15,6.99,4.38,4.89,7.47,4.35,6.73
"4627",244,1993,14.34,4.93,14.69,5.05,12.49,4.5,5.27
"4628",245,1993,12.1,10.67,10.64,12.8,7.75,17.96,6.93
"4629",246,1993,23.15,26.71,20.83,17.07,18.75,23.12,14.34
"4630",247,1993,5.27,9.15,4.07,14.19,4.51,21.6,9.68
"4631",248,1993,9.28,17.38,7.08,19.67,10.32,18.61,14.09
"4632",249,1993,7.28,4.06,9.6,7,5.89,9.74,3.41
"4633",250,1993,0.32,0.08,0.53,1,0.27,0.35,1.79
"4634",251,1993,2.54,0.24,4.68,1.2,1.4,0.34,2.14
"4635",252,1993,5.94,5.15,9.32,8.03,6.93,9.37,7.51
"4636",253,1993,10.98,5.86,13,7.26,11.06,5.88,8.75
"4637",254,1993,5.79,8.42,5.64,4.77,4.83,5.24,3.91
"4638",255,1993,7.03,8.6,10.12,6.76,8.67,6.46,7.07
"4639",256,1993,9.84,20.5,12.22,27.32,15.41,25.19,28.13
"4640",257,1993,12.37,19.57,12.71,32.22,7.79,52.79,11.2
"4641",258,1993,6.88,10.43,8.89,14.85,7.41,18.79,9.01
"4642",259,1993,5.49,3.81,6.32,4.31,5.73,4.5,5.98
"4643",260,1993,7.48,3.62,8.34,2.6,7.4,2.89,6.25
"4644",261,1993,4.34,4.01,3.35,5.55,3.4,7.54,6.24
"4645",262,1993,0.7,1.18,0.48,1.56,0.53,1.82,1.22
"4646",263,1993,4.09,3.88,3.51,2.84,4.32,2.23,4.58
"4647",264,1993,0.65,1.2,1.49,4.19,1.14,5.68,2.5
"4648",265,1993,0.36,0.83,1.38,2.98,0.39,2.56,2.38
"4649",266,1993,0.88,6.8,3.85,12.11,2.07,13.82,6.3
"4650",267,1993,0.71,6.85,3.36,15.52,1.62,20.75,7.7
"4651",268,1993,0.14,0.44,1.81,1.79,0.17,0.94,1.66
"4652",269,1993,1.89,0.58,3.84,1.56,2.48,2.21,2.77
"4653",270,1993,8.46,4.16,8.75,2.34,8.11,4.7,3.67
"4654",271,1993,2.62,4.13,2.38,3.63,3.09,6.76,4.86
"4655",272,1993,8.7,11.16,7.74,4.45,7.75,9.91,3.89
"4656",273,1993,1.44,0.79,2.88,1.56,0.74,2.59,2.22
"4657",274,1993,8.01,3.66,5.12,4.94,11.26,4.62,5.63
"4658",275,1993,13.44,10.29,16.23,6.82,17.24,3.84,9.34
"4659",276,1993,14.81,13.9,15.92,10.36,16.2,6.53,13.54
"4660",277,1993,1.23,5.06,1.51,15.93,2.2,15.65,10.63
"4661",278,1993,3.35,6.13,4.18,13.96,3.59,14.02,8.64
"4662",279,1993,10.17,8.08,11.71,4.17,5.3,2.73,6.75
"4663",280,1993,41.71,18.88,41.32,5.93,25.07,3.33,12.47
"4664",281,1993,14.6,13.59,12.61,13.55,9.59,15.47,14.01
"4665",282,1993,7.49,6.54,8.41,8.24,4.36,7.23,11.71
"4666",283,1993,4.16,4.01,6.5,3.03,3.77,2.57,5.57
"4667",284,1993,11.91,7.92,12.82,8.74,7.07,16.13,5.85
"4668",285,1993,9.61,4.72,12.86,6.88,8.34,12.76,5.11
"4669",286,1993,6.84,4.2,10.1,8.84,3.08,20.92,3.58
"4670",287,1993,15.16,16.23,17.64,6.36,15.24,6.57,6.27
"4671",288,1993,21.74,12.32,26.91,8.49,17.12,9.2,9.4
"4672",289,1993,0.1,0.02,0.22,0.15,0.04,0.22,0.62
"4673",290,1993,0.43,1.76,0.28,0.98,0.31,2.6,3.03
"4674",291,1993,1.54,2.75,1.78,1.47,0.62,3.71,5.95
"4675",292,1993,1.75,0.72,2.73,0.58,0.54,2.1,1.25
"4676",293,1993,1.61,0.97,1.94,0.99,0.61,3.01,2.81
"4677",294,1993,9.52,10.87,7.14,7.69,8.29,9.71,8.07
"4678",295,1993,9.99,24.2,7.12,10.37,10.32,14.32,10.03
"4679",296,1993,2.72,2.91,3.44,2.81,6.76,2.3,4.48
"4680",297,1993,3.67,3.7,6.13,2.86,4.96,2.58,4.48
"4681",298,1993,4.45,6.12,4.42,4.56,4.66,6.88,5.19
"4682",299,1993,5,3.7,7.62,0.9,7.27,2.11,3.1
"4683",300,1993,4,5.76,6.52,1.66,5.45,3.14,4.29
"4684",301,1993,4.32,3.53,6.77,0.84,5.19,1.4,2.84
"4685",302,1993,4.81,11.14,5.81,3.33,4.77,5.29,6.12
"4686",303,1993,1.96,3.72,3.69,1.5,1.72,2.95,3.54
"4687",304,1993,5.12,9.12,7.79,3.09,5.48,5.31,7.45
"4688",305,1993,11.04,7.37,13.43,3.19,10.54,1.54,13.47
"4689",306,1993,4.68,1.42,5.68,1.43,3.18,0.64,5.65
"4690",307,1993,3.66,1.57,5.35,2.26,2.33,1.54,9.12
"4691",308,1993,14.29,5.69,22.01,2.51,12.39,1.77,10.63
"4692",309,1993,7.43,2.18,9.31,0.94,5.1,0.39,4.18
"4693",310,1993,0.1,0.06,0.19,0.07,0.19,0.04,0.44
"4694",311,1993,0.24,0.03,0.86,0.02,0.07,0.03,0.15
"4695",312,1993,0.93,0.48,3.7,0.34,1.32,0.55,1.28
"4696",313,1993,0.49,0.09,2.54,0.57,0.17,1.05,0.52
"4697",314,1993,0.83,0.74,2.76,0.32,1.44,0.49,2.85
"4698",315,1993,3.81,6.26,5.63,6.33,2.71,5.97,4.58
"4699",316,1993,3.13,6.87,6.22,5.4,2.93,5.91,4.81
"4700",317,1993,2.36,3.46,3.55,7.97,1.37,9.26,3.51
"4701",318,1993,3.07,5.57,4.2,12.43,2.27,11.45,8.08
"4702",319,1993,1.51,1.63,2.89,2.84,1.28,2.33,2.76
"4703",320,1993,0.12,0.03,0.2,1.31,0.17,0.56,2.17
"4704",321,1993,1.15,0.67,1.76,6.76,2.11,3.76,8.31
"4705",322,1993,4.99,4.75,4.92,3.86,6.84,2.07,9.01
"4706",323,1993,5.43,3.87,7.71,8.72,5.05,5.8,11
"4707",324,1993,8.69,6.89,11.02,6.59,12.15,5.12,13.79
"4708",325,1993,1.37,1.81,0.61,3.62,0.72,4.32,3.05
"4709",326,1993,0.91,2.2,0.53,1.83,0.95,3.04,1.69
"4710",327,1993,3.81,3.56,1.53,3.07,2.39,4.65,4.59
"4711",328,1993,1.96,4.2,1.1,13.22,2.26,11.61,19.41
"4712",329,1993,2.96,3.87,1.78,9.64,3.4,13.48,10.4
"4713",330,1993,2.12,10.78,4.06,19.77,6.12,22.97,17.84
"4714",331,1993,6.92,10.67,11.06,19,5.75,26.76,8.05
"4715",332,1993,6.55,7.39,8.1,15.18,7.66,16.71,14.34
"4716",333,1993,0.62,2.97,0.67,9.37,1.87,6.96,8.93
"4717",334,1993,0.18,0.74,0.2,1.03,0.54,1.12,5.94
"4718",335,1993,0.19,2.08,0.05,5.19,0.16,5.86,3.32
"4719",336,1993,0.27,1.12,0.05,2.62,0.12,1.83,2.37
"4720",337,1993,0.66,3.63,0.52,6.44,1.05,9.28,2.21
"4721",338,1993,2.1,3.37,0.73,7.55,2.55,9.75,2.81
"4722",339,1993,2.8,4.88,0.69,7.37,2.01,7.65,3.82
"4723",340,1993,0.19,0.18,0.45,0.66,0.05,0.47,0.41
"4724",341,1993,0.59,1.48,0.97,1.95,0.32,2.54,0.99
"4725",342,1993,0.82,2.15,0.93,3.69,0.3,4.81,1.71
"4726",343,1993,0.87,1.25,1.35,1.48,0.29,2.42,0.59
"4727",344,1993,0.89,1.25,1.79,2.32,0.37,3.56,0.77
"4728",345,1993,0.1,1.51,0,4.22,0.19,6.82,3.09
"4729",346,1993,0.03,0.89,0,2.54,0.06,2.23,3.73
"4730",347,1993,0,0,0,0.46,0,0.12,1.55
"4731",348,1993,0,0.01,0,0.26,0,0.05,0.88
"4732",349,1993,0,0,0,0.25,0,0.06,0.66
"4733",350,1993,0,0,0.01,0.56,0,0.37,0.36
"4734",351,1993,0,0.08,0.03,0.06,0,0.14,0.08
"4735",352,1993,0.01,0.1,0.03,0.2,0.03,0.16,0.3
"4736",353,1993,0.04,1.63,0.1,2.26,0.11,5.49,1.05
"4737",354,1993,0.01,0.67,0,3.07,0.03,4.94,0.82
"4738",355,1993,0,0.75,0,1.7,0.02,3.33,0.42
"4739",356,1993,0.01,0.19,0,0.79,0.02,0.44,0.69
"4740",357,1993,0,0.18,0,0.92,0.02,0.7,0.41
"4741",358,1993,0.08,0.61,0,0.05,0.41,0.06,0.26
"4742",359,1993,0,0.18,0,0.07,0.02,0.05,0.07
"4743",360,1993,0,0,0,0.02,0,0.16,0.07
"4744",361,1993,0.01,1.01,0,0.98,0.09,1.91,0.37
"4745",362,1993,0.02,0.63,0,1.82,0.07,1.64,0.68
"4746",363,1993,0,0,0,0.09,0,0.19,0.12
"4747",364,1993,0,0,0,0.09,0,0.18,0.06
"4748",365,1993,0,0,0,0.03,0,0.17,0.04
"4749",1,1994,0,0,0,0.06,0,0.04,0.03
"4750",2,1994,0,0.01,0,0.23,0,0.36,0.07
"4751",3,1994,0,0.01,0,0.4,0.01,0.26,0.51
"4752",4,1994,0.01,0.21,0,0.87,0.03,1.02,0.47
"4753",5,1994,0.02,1.21,0,2.04,0.13,4.05,0.97
"4754",6,1994,0,0.23,0,0.83,0.03,1.51,0.55
"4755",7,1994,0.01,0.01,0,0.13,0.01,0.06,0.15
"4756",8,1994,0.02,0,0.03,0.38,0.03,0.19,0.39
"4757",9,1994,0.05,1.08,0.01,1.36,0.19,2.46,0.82
"4758",10,1994,0.01,0.11,0.01,1.37,0.02,1.41,0.8
"4759",11,1994,0.01,0.04,0.01,0.77,0.03,0.58,0.47
"4760",12,1994,0,0.02,0,0.34,0,0.29,0.21
"4761",13,1994,0.04,0.48,0.03,1.1,0.07,1.78,0.41
"4762",14,1994,0.06,0.36,0.05,1.5,0.22,1.63,0.78
"4763",15,1994,0.18,1.08,0.08,0.99,0.32,1.11,0.68
"4764",16,1994,0.05,1.87,0,4.46,0.18,6.74,1.51
"4765",17,1994,0,0.03,0,0.15,0,0.16,0.06
"4766",18,1994,0,0,0,0.03,0,0.01,0.02
"4767",19,1994,0,0,0,0.01,0,0,0.01
"4768",20,1994,0,0,0,0.14,0,0.05,0.06
"4769",21,1994,0.03,0.07,0.01,0.1,0.07,0.05,0.11
"4770",22,1994,0.03,0.07,0.01,0.14,0.07,0.08,0.16
"4771",23,1994,0.03,0.09,0.01,0.59,0.07,0.58,0.45
"4772",24,1994,0.03,0.22,0.04,0.6,0.08,0.64,0.35
"4773",25,1994,0.04,0.7,0.04,1.08,0.12,1.46,0.71
"4774",26,1994,0,0.13,0,0.72,0.01,0.76,0.19
"4775",27,1994,0.01,0.66,0,2.02,0.03,3.65,0.69
"4776",28,1994,0,0.24,0,1.21,0.01,1.43,0.49
"4777",29,1994,0,0.03,0,0.12,0,0.06,0.06
"4778",30,1994,0.01,0.18,0,0.3,0.06,0.36,0.17
"4779",31,1994,0,0.07,0,0.27,0.01,0.2,0.27
"4780",32,1994,0.02,0.07,0.01,0.23,0.02,0.12,0.19
"4781",33,1994,0,0.25,0,1.04,0,1.6,0.32
"4782",34,1994,0,0.06,0,0.4,0,0.41,0.19
"4783",35,1994,0.05,0.27,0.1,0.47,0.02,0.39,0.42
"4784",36,1994,0.04,0.38,0.07,1.39,0.02,1.43,1.05
"4785",37,1994,0,0.03,0,0.38,0,0.38,0.39
"4786",38,1994,0,0.09,0,0.41,0.01,0.34,0.27
"4787",39,1994,0.02,0.59,0.01,2.19,0.11,4.17,0.68
"4788",40,1994,0,0.02,0,0.7,0,0.62,0.31
"4789",41,1994,0.04,0.51,0.05,0.69,0.13,1.56,0.19
"4790",42,1994,0.72,1.33,1.51,3.62,0.87,3.9,1.44
"4791",43,1994,0.04,0.11,0.02,0.26,0.02,0.11,0.25
"4792",44,1994,0.04,0,0.01,0.16,0,0.05,0.18
"4793",45,1994,0.26,0.03,0.16,0.31,0.06,0.13,0.32
"4794",46,1994,0.46,0.96,0.16,4.83,0.1,4.88,3.05
"4795",47,1994,0,0.08,0,4.1,0,3.14,2.63
"4796",48,1994,0,0.02,0,1.45,0,1,1.1
"4797",49,1994,0,0.09,0.01,3.11,0,2.18,1.35
"4798",50,1994,0.12,0.85,0.26,5.48,0.09,6.79,2.19
"4799",51,1994,0.13,1.78,0.49,13.69,0.23,11.91,13.98
"4800",52,1994,0.08,1.26,0.04,0.94,0.06,1.98,1.93
"4801",53,1994,0.43,2.3,0.39,2.73,0.87,5.24,4.14
"4802",54,1994,0.05,1.24,0.06,4.2,0.21,10.65,2.91
"4803",55,1994,0.02,0.06,0.01,1.35,0.01,1.97,1.63
"4804",56,1994,0.16,1.09,0.21,3.94,0.14,6.24,5.18
"4805",57,1994,0.2,2.66,0.06,5.28,0.36,8.7,2.87
"4806",58,1994,0.06,0.31,0.05,6.75,0.24,8.65,2.9
"4807",59,1994,0.02,0.41,0.04,9.53,0.01,13.25,2.1
"4808",60,1994,0.18,0.21,0.03,1.21,0.1,1.19,0.54
"4809",61,1994,0,0.04,0,0.23,0,0.18,0.12
"4810",62,1994,0,0.06,0,0.23,0,0.18,0.14
"4811",63,1994,0.21,0.3,0.23,0.73,0.12,0.83,0.55
"4812",64,1994,0.09,1.36,0.28,2.31,0.14,4.85,1.16
"4813",65,1994,0,0.21,0.01,0.48,0.04,0.55,0.72
"4814",66,1994,0,0.09,0,0.23,0.01,0.18,0.39
"4815",67,1994,0,0.02,0,0.15,0,0.12,0.44
"4816",68,1994,0.01,0.24,0,0.64,0.02,0.95,1.39
"4817",69,1994,0.01,0.56,0.26,0.72,0.02,1.44,0.58
"4818",70,1994,0.44,0.54,0.53,2.83,0.13,2.37,1.34
"4819",71,1994,0.75,2.13,0.96,2.76,0.28,3.8,2.08
"4820",72,1994,0.79,2.46,1.1,5.12,0.22,6.92,3.18
"4821",73,1994,0.48,0.81,0.61,2.6,0.05,2.75,1.25
"4822",74,1994,0.05,0.06,0.17,0.68,0.02,0.5,0.38
"4823",75,1994,4,10.78,3.82,15.13,4.2,26.95,8.1
"4824",76,1994,12.99,15.73,11.02,14.63,10.6,21.11,10.85
"4825",77,1994,5.91,14.69,5.12,13.73,5.56,20.42,7.95
"4826",78,1994,0.32,1.79,0.57,8.35,0.56,8.45,4.3
"4827",79,1994,0.89,10.95,0.77,13.53,1.86,18.87,7.07
"4828",80,1994,0.49,0.62,1.4,6.23,1.24,4.43,2.96
"4829",81,1994,0.97,1.41,1.01,8.46,0.63,4.98,4.38
"4830",82,1994,4.24,10.37,4.37,35.49,6.73,26.05,18.7
"4831",83,1994,1.17,3.55,1.87,24.59,2.44,12.57,26.51
"4832",84,1994,0.05,0.29,0.09,8.42,0.07,3.76,6.79
"4833",85,1994,0.31,1.24,0.39,4.29,0.29,4.51,1.95
"4834",86,1994,13.96,29.73,9.6,25.73,23.17,27.19,20.8
"4835",87,1994,7.02,14.14,4.87,11.93,10.74,11.72,12.23
"4836",88,1994,0.78,0.69,0.94,3.18,0.9,1.56,3.57
"4837",89,1994,0.61,2.2,0.69,4.51,0.77,3.83,2.83
"4838",90,1994,0.96,3.16,1.59,9.54,0.92,7.17,8.15
"4839",91,1994,9.03,10.6,6.35,20.42,11.95,18.68,22.43
"4840",92,1994,12.78,18.76,10.47,23.85,12.99,29.15,17.67
"4841",93,1994,9.79,7.46,8.62,8.04,7.03,9.17,7.51
"4842",94,1994,7.66,7.36,6.33,5.48,7.81,6.46,6.4
"4843",95,1994,1.08,2.58,0.72,4.48,1.38,4.08,6.77
"4844",96,1994,0.63,0.29,0.81,1.48,0.68,0.79,1.19
"4845",97,1994,4.03,0.56,4.39,0.91,1.06,0.81,0.71
"4846",98,1994,6.35,2.7,4,3.45,4.14,2.53,3.27
"4847",99,1994,0.7,0.31,0.3,0.24,0.23,0.18,0.41
"4848",100,1994,0.72,1.21,0.31,1.41,0.6,1.34,1.26
"4849",101,1994,0,0.01,0.01,0.41,0,0.16,0.28
"4850",102,1994,0,0.1,0.01,1.41,0,0.78,1.04
"4851",103,1994,0,0.03,0.01,1.58,0,0.4,1.21
"4852",104,1994,0,0.04,0,0.96,0,0.28,1.01
"4853",105,1994,0,0.01,0,0.96,0,0.25,0.4
"4854",106,1994,0.95,1.7,1.87,3.83,1.05,6.39,3.31
"4855",107,1994,0.54,0.47,0.26,2.39,0.26,3.74,1.41
"4856",108,1994,5.05,5.91,5.6,9.32,2.03,16.32,4.15
"4857",109,1994,1.3,0.51,2.11,1.9,0.47,1.85,1.28
"4858",110,1994,5.01,2.56,7.56,3.59,1.1,5.77,1.95
"4859",111,1994,9.65,3.34,7.45,8.57,4.35,11.5,7.48
"4860",112,1994,4.23,3.09,5.33,7.27,7.43,5.76,8.28
"4861",113,1994,0.92,2.49,1.04,6.86,1.97,9.18,5.69
"4862",114,1994,7.87,11.56,7.93,16.73,10.15,18.51,12.92
"4863",115,1994,12.27,14.52,10.01,10.48,10.96,10.86,9.99
"4864",116,1994,6.52,9.78,9.79,22.53,12.84,22.85,29.63
"4865",117,1994,23.48,27.36,28.27,30.62,29.06,30.31,32.81
"4866",118,1994,13,27.89,15.57,39.98,23.88,43,29
"4867",119,1994,5.25,28.91,3.21,51.27,12.75,71.3,27.8
"4868",120,1994,3.03,1.06,5.64,10.67,2.1,6.98,9.38
"4869",121,1994,9.09,12.06,7.82,5.07,10.54,6.65,5.67
"4870",122,1994,2.36,2.12,1.55,5.17,1.6,4.99,5.11
"4871",123,1994,4.01,1.08,5.64,2.52,3.41,1.37,2.82
"4872",124,1994,12.54,6.91,15.22,5.89,16.28,5.32,12.06
"4873",125,1994,8.82,6.53,6.29,5.7,8.26,4.82,8.9
"4874",126,1994,11.88,17.51,17.34,24.99,19.67,24.05,24.91
"4875",127,1994,13.91,7.57,10.26,9.2,13.93,6.12,11.59
"4876",128,1994,13.29,7.29,11.88,8.36,12.75,4.52,9.72
"4877",129,1994,7.29,6.4,6.08,12.92,8.78,12.71,10.84
"4878",130,1994,6.95,16.42,5.39,24.06,11.35,29.27,16.49
"4879",131,1994,13.59,23.08,12.76,25.68,13.55,32.3,23.73
"4880",132,1994,7,15.85,5.41,13.95,9.5,17.5,13.25
"4881",133,1994,13.38,16.35,8.93,16.82,15.48,19.12,19.25
"4882",134,1994,7.54,6.13,7.48,12.67,2.93,14.6,11.16
"4883",135,1994,6.43,4.83,5.45,4.84,3.75,4.53,5.88
"4884",136,1994,11.78,12.55,13.3,10.76,12.24,13.2,10.53
"4885",137,1994,9.26,14.58,10.86,15.39,12.65,23.29,14.27
"4886",138,1994,4.77,6.76,7.63,19.16,6.97,29.24,15.97
"4887",139,1994,2.94,3.18,3.28,6.3,0.64,11.04,6.22
"4888",140,1994,0.97,1.5,1.64,3.15,2.69,3.13,3.74
"4889",141,1994,2.15,0.4,4.1,0.88,1.3,0.43,1.82
"4890",142,1994,16.06,12.57,20.29,6.35,18.61,6.16,10.56
"4891",143,1994,4.02,2.43,5.58,8.09,3.84,8.92,4.15
"4892",144,1994,2.49,0.35,4.71,2.7,1.24,1.03,3.58
"4893",145,1994,14.61,8.39,19.15,11.7,11.83,11.81,9.77
"4894",146,1994,16.49,24.74,18.64,24.79,16.3,26.27,24.29
"4895",147,1994,10.28,17.86,13.2,14.1,14.5,13.03,19.91
"4896",148,1994,7.86,6.91,8.04,8.68,9.63,7.72,9.01
"4897",149,1994,8.76,17.6,8.67,13.53,10.79,17.81,9.68
"4898",150,1994,7.39,16.37,8.27,16.71,7.42,23.27,8.41
"4899",151,1994,11.37,4.98,14.2,5.78,10.18,6.99,5.36
"4900",152,1994,8.28,7.72,10.28,8.9,7.76,17.84,4.58
"4901",153,1994,14.82,6.49,21.76,7.87,14.97,9.95,9.06
"4902",154,1994,16.38,10,18.23,7.68,16.42,12.98,5.63
"4903",155,1994,14.77,2.84,21.42,1.59,13.35,1.29,4.35
"4904",156,1994,21.62,11.77,21.02,5.45,19.74,7.36,6.04
"4905",157,1994,13.86,11.21,16.86,6.89,16.37,8.27,7.24
"4906",158,1994,6.29,2.65,7.43,4.65,10.05,3.06,5.89
"4907",159,1994,12.96,13.75,16.99,16.75,12.86,19.4,12
"4908",160,1994,21.14,18.1,22.01,14.17,20.8,19.52,12.04
"4909",161,1994,12.98,7.72,13.48,9.76,10.97,13.93,9.57
"4910",162,1994,16.08,13.37,17.95,4.06,11.02,8.71,5.41
"4911",163,1994,16.2,11.06,25.24,4.17,12.15,8.29,5.17
"4912",164,1994,14.8,12.4,18.22,5.01,12.26,9.49,6.2
"4913",165,1994,11.81,11.71,14.31,4.77,8.81,11.54,4.53
"4914",166,1994,15.67,5.17,17.44,4.31,5.94,10.75,2.81
"4915",167,1994,12.53,12.98,14.77,12.9,5.34,16.13,10.94
"4916",168,1994,8.82,2.42,9.76,3.32,3.25,3.47,3.96
"4917",169,1994,18.45,8.92,25.66,6.66,11.06,6.95,6.55
"4918",170,1994,12.62,12.14,16.22,14.78,7.09,17.41,11.32
"4919",171,1994,8.14,1.24,12.91,5.12,4.59,2,8.5
"4920",172,1994,7.31,8.49,10.01,18.91,3.27,33.71,6.21
"4921",173,1994,11.3,7.85,13.29,8.91,12.71,8.13,7.36
"4922",174,1994,0.21,0.03,0.65,0.86,0.04,0.46,0.37
"4923",175,1994,0.43,0.05,0.72,0.04,0.35,0.01,0.06
"4924",176,1994,21.67,35.35,24.04,17.05,18.47,19.88,11.54
"4925",177,1994,2.17,2.84,2.6,6.75,3.34,12.34,3.04
"4926",178,1994,11.07,10.44,10.54,6.45,20.48,8.06,9.01
"4927",179,1994,6.24,4.9,7.83,5.96,12.1,5.15,14.68
"4928",180,1994,11.29,32.74,6,31.75,18.83,41.93,23.47
"4929",181,1994,2.23,7.77,1.99,12.73,3.29,18.05,10.18
"4930",182,1994,10.03,12.5,9.14,15.02,15.13,14.18,12.38
"4931",183,1994,14.64,20.69,14.62,31.82,20.89,42.32,17.31
"4932",184,1994,8.39,10.25,10.91,17.37,13.16,18.56,14.7
"4933",185,1994,20.14,28.34,21.47,35.47,31.66,39.97,38.49
"4934",186,1994,15.18,20.55,20.13,27.84,18.66,25.12,28.43
"4935",187,1994,7.65,6.64,9.79,5.45,2.79,6.81,7.89
"4936",188,1994,9.13,8.6,11.07,3.99,3.41,4.67,4.42
"4937",189,1994,9.19,9.45,11.69,12.73,3.27,19.37,9.45
"4938",190,1994,13.94,14.04,14.3,14.75,6.39,21.08,15.71
"4939",191,1994,14.54,18.09,12.56,16.26,4.33,26.66,14.31
"4940",192,1994,20.45,26.35,23.74,23.96,28.64,29.93,11.7
"4941",193,1994,9.68,9.84,9.38,10.74,6.92,12.72,5.25
"4942",194,1994,2.76,2.42,1.43,5.83,0.76,7.13,1.83
"4943",195,1994,1.12,2.1,0.59,6.47,0.71,6.99,2.93
"4944",196,1994,1.1,3.96,0.42,10.05,1.68,11.1,3.92
"4945",197,1994,2.64,9.18,1.9,10.28,6.24,13.56,7.7
"4946",198,1994,8.68,9.22,10.81,9.24,12.1,14.65,5.62
"4947",199,1994,4.75,6.5,4.55,8.56,7.99,12.84,5.69
"4948",200,1994,4.44,7.85,5.7,7.06,12.17,9.38,5.5
"4949",201,1994,6.27,6.35,5.79,3.14,9.85,4.17,2.48
"4950",202,1994,3.24,4.57,7.82,4.44,5.16,3.94,6.96
"4951",203,1994,3.36,7.74,5.6,1.89,6.82,1.48,3.25
"4952",204,1994,11.95,9.65,24.88,10.43,18.75,10.74,12.49
"4953",205,1994,3.29,8.16,5.2,5.88,8.11,6.5,7.62
"4954",206,1994,8.54,12.05,18.23,5.41,12.65,7.3,5.99
"4955",207,1994,6.77,3.72,11.74,4.01,8.42,4.06,4.08
"4956",208,1994,13.47,15.11,13.8,10.87,27.91,9.71,13.07
"4957",209,1994,15.26,18.95,12.8,17.09,19.13,22.31,8.97
"4958",210,1994,14.83,11.26,13.92,15.3,11.74,17.58,8.46
"4959",211,1994,25.21,27.65,23.2,16.15,20.8,18.26,15.34
"4960",212,1994,24.08,28.91,22.06,28.45,29.44,37.85,17.3
"4961",213,1994,15.69,8.42,13.35,11.78,10.15,11.77,12.9
"4962",214,1994,7.11,9.5,6.04,16.39,6.35,17.07,16.01
"4963",215,1994,15.76,12.19,14.75,16.39,11.95,14.54,18.27
"4964",216,1994,8.45,8.45,5.89,13.29,4.47,13.31,9.86
"4965",217,1994,9.71,5.34,9.03,13.37,5.78,14.52,10.58
"4966",218,1994,19.18,14.66,30.25,15.98,22.33,21.71,15.08
"4967",219,1994,6.74,11.26,6.38,16.53,6.53,24.83,7
"4968",220,1994,0.94,0.32,1.44,1.09,0.38,0.79,1.1
"4969",221,1994,3.07,2.82,4.25,1.99,2.98,2.39,2.23
"4970",222,1994,8.34,6.31,11.05,5.52,7.69,6.43,4.73
"4971",223,1994,8.78,9.48,10.86,14.48,10.49,16.45,10.73
"4972",224,1994,13.27,12.04,17.41,16.83,8.75,23.33,7.49
"4973",225,1994,5.33,5.13,8.15,4.44,3.31,3.71,6.59
"4974",226,1994,12.52,8.21,20.26,7.67,12.74,4.3,12.87
"4975",227,1994,11.43,9.04,14.23,11.17,9.53,11.35,10.57
"4976",228,1994,13.95,10.44,12.82,12.58,9.42,10.68,13.1
"4977",229,1994,8.06,11.06,7.44,12.05,10.86,11.71,14.31
"4978",230,1994,7.14,8.17,7.68,8.79,6.46,8.63,7.61
"4979",231,1994,15.94,12.08,13.13,16.43,10.69,20.82,9.72
"4980",232,1994,6.63,10.35,7.1,17.6,7.08,21.25,10.78
"4981",233,1994,7.53,9.05,8.88,7.24,8.46,5.91,5.7
"4982",234,1994,3.71,1.85,4.63,1.54,4.4,1.42,3.31
"4983",235,1994,14.01,8.66,14.48,4.11,7.81,4.05,4.01
"4984",236,1994,7.3,7.23,7.66,10.15,7.56,11.88,7.17
"4985",237,1994,8.53,7.54,9.53,12.61,9.07,18.44,5.04
"4986",238,1994,0.97,0.95,1.62,5.41,0.59,4.37,5.5
"4987",239,1994,10.2,14.21,9.07,10.74,7.55,13.37,7
"4988",240,1994,9.19,5.94,8.83,8.36,6.48,10.4,9.44
"4989",241,1994,11.78,21.6,9.77,24.31,13.74,34.97,13.49
"4990",242,1994,10.9,19.87,9.46,15.45,13.61,17.88,13.05
"4991",243,1994,9.42,13.48,10.25,18.09,5.5,15.6,14.77
"4992",244,1994,4.96,3.54,5,3.91,4.43,3.4,3.28
"4993",245,1994,11.59,10.74,14.35,8.66,5.79,13.39,5.73
"4994",246,1994,7.46,6.6,9.47,9.28,4.03,15.87,4.52
"4995",247,1994,7.06,9.21,7.21,6.53,4.53,9.38,5.19
"4996",248,1994,4.37,6.25,6.11,8.5,1.86,18.38,3.99
"4997",249,1994,8.78,9.14,10.55,9.78,13.4,11.33,13.05
"4998",250,1994,3.79,7.29,3.24,11.33,6.41,13.3,10.68
"4999",251,1994,13.37,8.84,11.07,15.23,11.91,15,12.1
"5000",252,1994,11.17,9.72,10.92,18.72,10.5,21.75,12.72
"5001",253,1994,7.96,11.13,9.54,25.41,6.89,35.88,13.11
"5002",254,1994,5.09,9.19,6.09,11.54,5.17,22.33,3.23
"5003",255,1994,1.4,5.08,3.36,11.69,3.22,23.67,3.76
"5004",256,1994,2.48,5.6,3.63,4.12,2.6,6.68,1.91
"5005",257,1994,2.98,5.75,4.01,5.16,5.74,6.49,4.14
"5006",258,1994,1.28,1.63,2.94,2.51,2.26,2.7,2.17
"5007",259,1994,8.85,9.81,11.45,11.06,7.47,12.66,7.73
"5008",260,1994,11.52,13.53,13.02,20.97,12.76,22.75,15.72
"5009",261,1994,13.32,9.18,15.62,12.93,13.74,13.05,9.6
"5010",262,1994,4.04,3.71,4.37,5.92,3.15,8,2.67
"5011",263,1994,8.28,3.48,9.37,4.98,4.71,4,6.03
"5012",264,1994,4.07,4.22,3.68,11.41,3.72,11.12,7.94
"5013",265,1994,8.05,17.06,8.62,22.03,8.64,32.73,12.55
"5014",266,1994,12.02,22.19,13.85,30.29,23.6,35.95,25.21
"5015",267,1994,3.95,6.79,4.14,19.75,5.23,26.31,12.78
"5016",268,1994,12.13,8.8,13.14,19.97,12.51,17.5,20.92
"5017",269,1994,1.99,5.73,2.93,8.12,2.78,7.56,6.67
"5018",270,1994,11.59,10.13,11.89,8.74,6.27,11.2,3.41
"5019",271,1994,18.59,8.19,15.72,5.19,15.36,6.63,4.24
"5020",272,1994,9.33,6.45,12.23,5.21,8.17,5.21,2.87
"5021",273,1994,0.87,0.8,1.4,0.49,1.08,0.49,1.07
"5022",274,1994,2.19,1.9,2.55,3.23,5.21,1.93,5.08
"5023",275,1994,12.81,5.04,13.88,8.73,17.13,5.14,9.16
"5024",276,1994,9.46,6.55,8.79,15.68,8.12,12.72,11.92
"5025",277,1994,12.43,12.14,10.76,20.31,13.76,17.13,14.38
"5026",278,1994,13.71,12.26,11.6,15.23,17.89,14.31,18.06
"5027",279,1994,1.23,4.59,1.18,3.53,1.54,5.45,2.24
"5028",280,1994,11.32,22.1,10.03,15.82,11.68,24.95,6.36
"5029",281,1994,5.28,10.76,3.72,4.77,3.61,9.96,3.54
"5030",282,1994,5.74,10.37,5.47,8.65,3.56,10.92,6.1
"5031",283,1994,3.51,16.05,1.93,9.72,4.6,11.81,12.48
"5032",284,1994,6.33,1.51,8.65,2.25,3.62,1.62,4.51
"5033",285,1994,5.53,5.08,5.27,4.89,3.65,5.62,7.59
"5034",286,1994,4.42,4.82,7.47,4.37,3.72,5.32,4.91
"5035",287,1994,12.2,14.08,15.39,14.37,9.03,25.4,7.15
"5036",288,1994,0.42,0.8,0.63,2.96,0.28,5.65,0.7
"5037",289,1994,1.05,0.7,1.36,2.43,1.41,4.21,3.82
"5038",290,1994,1.04,0.23,1.11,1.37,0.61,0.59,4.15
"5039",291,1994,8.85,2.67,10.91,6.21,5.5,8.97,6.13
"5040",292,1994,9.62,1.81,12.61,3.64,7.14,1.89,4.14
"5041",293,1994,3.32,0.83,3.88,3.57,1.27,1.73,6.38
"5042",294,1994,7.25,4.7,6.48,6.2,7.41,2.49,10.12
"5043",295,1994,8.91,15.16,10.29,15.33,12.85,9.93,16.86
"5044",296,1994,8.61,12.08,10.71,15.94,14.87,13.93,15.89
"5045",297,1994,5.09,8.95,5.54,18.93,7.87,15.98,17.21
"5046",298,1994,1.97,4.89,1.63,3.41,1.95,2.51,3.12
"5047",299,1994,1.13,4.01,2.24,3.81,1.02,4.32,3.97
"5048",300,1994,1.65,4.35,2.27,3.52,1.79,3.62,2.93
"5049",301,1994,0.78,2.65,1.41,2.4,0.8,3.32,2.36
"5050",302,1994,0.84,2.79,1.76,2.81,1.03,4.61,3.57
"5051",303,1994,1.44,3.11,2.54,3.47,1.35,4.55,3.91
"5052",304,1994,2.51,5.73,4.53,7.03,3.02,10.2,6.37
"5053",305,1994,8.2,16.67,5.72,20.43,17.72,28.62,15.1
"5054",306,1994,6.51,12.98,4.26,16.25,9.42,28.24,8.65
"5055",307,1994,4.3,11,2.89,5.61,7.63,5.28,5.18
"5056",308,1994,1.44,1.72,1.83,6.78,4.67,3.08,7.48
"5057",309,1994,0.56,1.99,0.48,17.7,0.96,18.9,10.46
"5058",310,1994,4.83,10.18,6.23,25.01,5.55,21.41,12.06
"5059",311,1994,5.31,1.81,6.65,6.65,5.07,3.1,5.3
"5060",312,1994,12.3,27.68,11.1,22.51,11.94,23.32,13.49
"5061",313,1994,5.63,7.4,5.41,11.24,4.57,7.3,13.32
"5062",314,1994,2.23,8.2,3.55,25.9,3.63,21.48,17.63
"5063",315,1994,3.57,4.49,4.19,21.24,2.56,16.11,9.34
"5064",316,1994,9.41,5.37,8.83,11.07,4.71,9.83,10.12
"5065",317,1994,4.75,6.83,5.93,20.72,3.92,14.38,11.68
"5066",318,1994,1.03,2.94,1.22,10.51,1.49,8.88,5.94
"5067",319,1994,0.79,0.48,0.78,4.88,0.19,1.69,2.13
"5068",320,1994,0,0.2,0,1.17,0.17,0.65,1
"5069",321,1994,0,0.87,0,2.05,0.19,2.31,1.31
"5070",322,1994,0,1.21,0,3.72,0.21,6.71,1.56
"5071",323,1994,0,0.05,0,0.1,0.09,0.08,0.19
"5072",324,1994,0,0.04,0,0.14,0.01,0.07,0.16
"5073",325,1994,20.55,17.62,14.26,18.18,13.56,22.34,14.46
"5074",326,1994,14.79,2.03,14.95,7.74,8.77,5.67,7.32
"5075",327,1994,15.16,4.88,19.74,11.15,12.57,12.38,7.5
"5076",328,1994,6.87,7.58,8.56,18.71,12.41,22,17.86
"5077",329,1994,18.48,10.74,15.01,13.02,12.7,12.77,11.83
"5078",330,1994,7.61,9.52,8.94,10.86,10.91,13.35,11.04
"5079",331,1994,4.68,14.25,3.8,21.08,7.87,37.51,10.13
"5080",332,1994,0.11,0.02,0.12,0.93,0.04,0.41,1.41
"5081",333,1994,0.01,0.07,0,0.66,0.01,0.51,0.82
"5082",334,1994,0.12,0,0.19,1.45,0.07,1.28,0.74
"5083",335,1994,0.03,0,0.02,0.36,0.02,0.31,0.6
"5084",336,1994,0.58,0.56,0.21,1.21,0.2,1.05,2.27
"5085",337,1994,1.17,5.39,0.62,9.68,0.65,23.03,4.31
"5086",338,1994,2.46,1.04,2.1,3.26,3.08,3.79,2.07
"5087",339,1994,1.38,2.2,1.06,3.45,1.85,5.06,2.02
"5088",340,1994,0.05,0.09,0.17,0.33,0.16,0.23,0.34
"5089",341,1994,0.18,1.48,0.56,1.51,0.94,1.4,1.09
"5090",342,1994,0.34,1.13,1.54,3.37,1.3,6.81,1.19
"5091",343,1994,0.74,4.45,1.35,4.12,4.17,6.97,2.76
"5092",344,1994,0.08,1.41,0.27,5.26,0.78,7.09,3.29
"5093",345,1994,0.02,0.17,0,1.02,0.02,2.57,0.25
"5094",346,1994,0.01,0.24,0,0.37,0.01,0.51,0.16
"5095",347,1994,0.08,1,0,1.48,0.12,2.18,0.64
"5096",348,1994,0.06,0.76,0,1.18,0.06,2.39,0.63
"5097",349,1994,0.02,1.11,0,1.66,0.07,3.12,0.83
"5098",350,1994,0.02,0.42,0,0.41,0.05,0.49,0.2
"5099",351,1994,0.02,0.4,0.01,0.86,0.03,1.77,0.37
"5100",352,1994,0.06,0.6,0.08,1.39,0.03,2.01,0.59
"5101",353,1994,0.04,1.26,0.04,2.74,0.05,4.18,1.09
"5102",354,1994,0.04,1.55,0.17,3.25,0.1,3.57,1.57
"5103",355,1994,0.06,2.05,0,4,0.33,5.31,1.97
"5104",356,1994,0.02,0.88,0,0.97,0.16,2.85,1.01
"5105",357,1994,0.01,0.32,0,0.99,0.05,1.76,0.79
"5106",358,1994,0,0.04,0,0.82,0.01,0.6,1.06
"5107",359,1994,0.01,0.03,0,0.5,0.02,0.36,0.56
"5108",360,1994,0.02,0.63,0,0.54,0.12,0.46,0.29
"5109",361,1994,0,0.12,0,0.5,0,0.58,0.33
"5110",362,1994,0,0.15,0,0.63,0,0.73,0.35
"5111",363,1994,0,0.38,0,0.86,0.01,1.75,0.3
"5112",364,1994,0,0.25,0,0.25,0.01,0.31,0.11
"5113",365,1994,0,0.03,0,0.09,0.01,0.1,0.04
"5114",1,1995,0.04,1.14,0,1.77,0.18,2.34,1.04
"5115",2,1995,0.01,0.58,0,0.91,0.06,1.45,0.43
"5116",3,1995,0,0,0,0.02,0,0.01,0.05
"5117",4,1995,0,0,0,0.03,0,0.01,0.04
"5118",5,1995,0,0,0,0.09,0,0.04,0.12
"5119",6,1995,0.01,0.06,0.01,0.23,0.01,0.28,0.08
"5120",7,1995,0.01,0.06,0.01,0.15,0.01,0.23,0.08
"5121",8,1995,0.01,0.06,0.01,0.03,0.01,0.17,0.02
"5122",9,1995,0.08,1.1,0.02,0.3,0.3,0.47,0.34
"5123",10,1995,0.01,0.43,0.01,1.77,0.07,2.15,1
"5124",11,1995,0,0.01,0,0.4,0,0.35,0.61
"5125",12,1995,0.03,0.04,0.01,0.62,0.07,0.3,0.65
"5126",13,1995,0.07,0.19,0.04,0.69,0.07,0.43,0.58
"5127",14,1995,0.16,0.69,0.13,1.25,0.23,1.12,0.51
"5128",15,1995,0.16,1.28,0.06,2.16,0.35,2.87,1.26
"5129",16,1995,0.12,0.7,0.09,0.9,0.09,0.88,0.71
"5130",17,1995,0.09,0.25,0.04,0.93,0.04,0.59,1.23
"5131",18,1995,0.02,0.27,0.02,0.26,0.05,0.26,0.14
"5132",19,1995,3.2,1.73,3.96,1.71,3.97,1.79,0.96
"5133",20,1995,8.48,7.19,9.87,3.88,6.94,7.95,1.25
"5134",21,1995,1.7,2.08,3.98,8.83,4.21,15.85,2.17
"5135",22,1995,0.02,0.01,0.11,2.08,0.06,1.29,1.04
"5136",23,1995,0,0,0,0.47,0,0.24,0.15
"5137",24,1995,0.04,0,0.09,0.15,0,0.06,0.08
"5138",25,1995,0,0,0,0.58,0,0.24,0.27
"5139",26,1995,0,0.11,0,0.1,0.01,0.05,0.07
"5140",27,1995,0.05,0.44,0,0.36,0.12,0.28,0.21
"5141",28,1995,0,0.11,0,0.45,0.01,0.27,0.48
"5142",29,1995,0,0.11,0,0.32,0.01,0.21,0.2
"5143",30,1995,0.01,0.25,0,0.96,0.01,1.09,0.5
"5144",31,1995,0,0.49,0,0.89,0.01,2.24,0.37
"5145",32,1995,0,0.63,0,2,0.02,3.85,0.62
"5146",33,1995,0,0.16,0,0.28,0.02,0.19,0.17
"5147",34,1995,0,0.16,0,0.24,0.02,0.16,0.17
"5148",35,1995,0,0.16,0,0.74,0.02,0.61,0.26
"5149",36,1995,0,0.16,0,0.32,0.02,0.18,0.24
"5150",37,1995,7.96,6.76,7.74,7.29,7.16,9.9,4.82
"5151",38,1995,7.96,6.76,7.74,5.76,7.16,8.51,4.43
"5152",39,1995,7.96,6.76,7.74,6.57,7.16,9.45,4.22
"5153",40,1995,7.96,6.76,7.74,16.23,7.16,18.07,6.83
"5154",41,1995,7.96,6.76,7.74,4.85,7.16,7.64,4.01
"5155",42,1995,0.15,0.32,0.17,0.35,0.23,0.13,0.7
"5156",43,1995,0.15,1.01,0.17,4.12,0.23,6.2,1.08
"5157",44,1995,0.15,0.32,0.17,0.18,0.23,0.08,0.3
"5158",45,1995,0.15,0.32,0.17,0.1,0.23,0.06,0.25
"5159",46,1995,0.15,0.32,0.17,0.09,0.23,0.06,0.23
"5160",47,1995,2.09,0.27,2.4,0.41,0.07,0.73,0.22
"5161",48,1995,0.22,0.27,0.31,0.31,0.07,0.71,0.25
"5162",49,1995,0.23,0.27,0.35,0.31,0.07,0.71,0.19
"5163",50,1995,0.29,0.29,0.31,0.64,0.07,0.91,0.37
"5164",51,1995,1.04,0.28,3.25,3.04,0.07,2.47,1.99
"5165",52,1995,0.33,0.03,0.42,0.78,0.12,0.51,0.41
"5166",53,1995,0.22,1,0.13,2.34,0.41,1.82,1.41
"5167",54,1995,0.44,2.31,0.34,4.11,0.79,6.09,1.95
"5168",55,1995,0.03,0.17,0.02,1.78,0.05,1.39,0.99
"5169",56,1995,0.01,0.04,0,1.06,0.01,0.61,0.59
"5170",57,1995,0.05,0.42,0.37,1.67,0.73,1.53,1.59
"5171",58,1995,0.09,0.43,0.04,2.43,0.52,2.34,2.54
"5172",59,1995,0.32,1.63,0.35,2.13,2.62,3.18,3.29
"5173",60,1995,0.12,0.49,0.09,3.36,0.12,2.88,3.11
"5174",61,1995,0.03,0.27,0.31,2.22,0.07,2.13,1.03
"5175",62,1995,0.63,1.46,1.19,2.61,0.53,2.53,1.44
"5176",63,1995,2.31,8.02,0.87,7.48,3.96,12.88,4.54
"5177",64,1995,0.02,0.89,0.01,3.5,0.11,5.11,2.56
"5178",65,1995,0,0.03,0,0.76,0.01,0.48,0.14
"5179",66,1995,0,0,0,0.85,0.01,0.34,0.17
"5180",67,1995,0,0.13,0,0.8,0.02,0.36,0.18
"5181",68,1995,0,0.13,0,1.67,0.01,0.98,0.35
"5182",69,1995,0.02,1.03,0,3.07,0.04,3.1,0.91
"5183",70,1995,0.26,1.09,0.44,1.83,0.34,2.1,1.89
"5184",71,1995,3.61,9.55,3.39,5.74,8.93,7.65,7.36
"5185",72,1995,3.52,6.94,3.38,7.85,4.57,9.08,9.46
"5186",73,1995,0.01,1.4,0.01,4.98,0.67,4.42,7.72
"5187",74,1995,0.02,0.14,0.01,0.9,0.06,0.77,1.16
"5188",75,1995,0.08,0.21,0,3.38,0.05,2.21,2.59
"5189",76,1995,0.01,0.04,0.01,2.81,0.02,2.22,2.6
"5190",77,1995,0.04,0.08,0.02,0.52,0.06,0.23,1.12
"5191",78,1995,2.26,0.7,0.6,1.48,1.04,0.88,1.57
"5192",79,1995,13.02,10.14,5.8,7.87,15.65,8.16,5.54
"5193",80,1995,6.83,7.3,6.22,10.46,3.24,10.17,7.02
"5194",81,1995,5.6,14.77,7.29,25.49,7.6,36.67,12.6
"5195",82,1995,6.19,6.95,4.97,10,5.54,10.64,7.57
"5196",83,1995,9.94,6.75,7.68,12.92,6.96,11.74,11.17
"5197",84,1995,2.14,5.23,1.59,9,5.03,6.92,7.74
"5198",85,1995,0.44,1.46,0,8.24,0.98,10.81,4.33
"5199",86,1995,0.02,0.04,0,1.88,0.01,1.45,1.87
"5200",87,1995,0,0,0,0.23,0,0.09,1.09
"5201",88,1995,0.03,0.04,0,0.48,0.02,0.27,0.95
"5202",89,1995,0.04,0.14,0,1.36,0.04,0.87,1.3
"5203",90,1995,0,0.02,0,0.89,0,0.7,0.55
"5204",91,1995,0.19,0.25,0.05,1.69,0.06,0.95,0.94
"5205",92,1995,0.19,0.25,0.05,2.36,0.06,1.31,1.31
"5206",93,1995,0.66,0.25,0.83,1.76,0.09,1.1,0.59
"5207",94,1995,0.24,0.25,0.19,1.89,0.06,1.15,0.76
"5208",95,1995,0.2,0.25,0.11,1.74,0.08,2.55,0.58
"5209",96,1995,0,0.03,0.52,0.34,0,0.59,0.19
"5210",97,1995,0.05,0.15,0.14,0.58,0.15,0.42,0.48
"5211",98,1995,0.12,0.86,0.22,2.8,0.32,4.5,1.58
"5212",99,1995,0,0.45,0.06,1.73,0.05,1.2,0.95
"5213",100,1995,0.06,0.12,0.14,0.57,0.04,0.88,0.25
"5214",101,1995,0.05,0.01,0.05,0.11,0.06,0.12,0.52
"5215",102,1995,0.49,0.04,0.1,0.14,0.06,0.14,0.92
"5216",103,1995,14.67,5.74,15.34,1.82,27.09,2.19,10.23
"5217",104,1995,14.44,11.28,7.09,8.22,22.09,12.05,41.16
"5218",105,1995,3.27,1.76,2.26,1.87,6.14,4.32,8.37
"5219",106,1995,13.63,23.01,14.25,34.36,18.9,50.73,22.61
"5220",107,1995,16.1,24.75,17.22,38.5,15.92,55.99,17.19
"5221",108,1995,1.43,0.84,1.4,3.52,1.31,1.47,5.6
"5222",109,1995,5.82,1.48,7.06,3.76,7.64,1.65,5.98
"5223",110,1995,9.32,19.89,5.53,13.34,18.01,11.37,17.29
"5224",111,1995,2.64,2.73,3.13,3.62,3.73,2.77,6.51
"5225",112,1995,13.92,18.05,12.46,11.48,16.93,10.16,15.99
"5226",113,1995,21.69,31,38.61,27.38,39.73,29.9,27.8
"5227",114,1995,17.73,31.45,13.61,28.17,21.64,36.6,25.32
"5228",115,1995,22.45,36.08,22.07,24.28,26.69,29.06,19.17
"5229",116,1995,7.68,9.07,8.13,12.78,7.11,14.17,12.9
"5230",117,1995,0.71,0.62,0.75,1.84,0.47,1.51,3.56
"5231",118,1995,0.79,0.45,1.12,1.02,0.84,0.7,1.88
"5232",119,1995,13.15,4.27,20.5,5.48,16.94,6.4,7.31
"5233",120,1995,6.97,1.92,8.31,2.32,7.13,2.11,4.53
"5234",121,1995,5.28,4.68,5.78,7.44,3.27,12.12,9.94
"5235",122,1995,6.32,7.89,6.9,6.93,4.49,17.61,6.84
"5236",123,1995,11.19,4.76,13.46,2.12,8.1,3.18,3.22
"5237",124,1995,12.92,3.1,17.8,1.71,7.26,3.5,2.09
"5238",125,1995,0.73,0.61,0.9,2.14,0.66,3.31,3.9
"5239",126,1995,0.09,0.02,0.46,0.63,0.54,0.27,2.65
"5240",127,1995,0.01,0.01,0.08,0.75,0.05,0.35,2.33
"5241",128,1995,0.02,0.03,0.16,1.45,0.28,0.68,2.52
"5242",129,1995,0.86,0.88,5.68,0.65,4.32,0.51,1.93
"5243",130,1995,1.6,16.37,5.29,13.73,11.67,16.08,14.11
"5244",131,1995,5.53,16.21,8.07,16.42,14.06,15.72,8.18
"5245",132,1995,0.97,0.38,1.91,2.38,0.72,1.46,0.82
"5246",133,1995,5.27,3.63,6.63,3.19,13.5,1.7,3.95
"5247",134,1995,1.87,5.99,2.26,5.15,3.12,3.52,2.02
"5248",135,1995,6.32,14.04,7.01,17.51,10.96,10.41,9.84
"5249",136,1995,5.19,6.82,6.96,8.5,2.78,13.8,4.85
"5250",137,1995,2.54,2.08,4.64,5.85,1.92,11.7,3.28
"5251",138,1995,5.14,3.23,5.75,2.76,2.7,4.5,2.6
"5252",139,1995,2.5,0.21,3.31,0.5,0.63,0.38,1.65
"5253",140,1995,2.48,3.44,2.75,1.29,1.62,1.36,3.33
"5254",141,1995,0.89,1.24,1.79,1.89,0.9,2.68,3.75
"5255",142,1995,9.87,4.35,12.51,3.43,6.96,3.37,4.11
"5256",143,1995,11.33,5.68,15.44,4.07,8.7,3.03,5.12
"5257",144,1995,10.58,10.28,11.16,6.81,16.47,5.65,8.36
"5258",145,1995,8.73,12.76,13.44,25.05,9.28,25.95,17.02
"5259",146,1995,13.89,8.31,13.33,8.99,11.62,7.9,11.03
"5260",147,1995,14.15,8.35,16.2,7.24,15.11,8.06,11.04
"5261",148,1995,17.18,10.89,15.52,6.21,20.06,4.34,11.47
"5262",149,1995,28.95,21.42,27.46,13.45,24.61,16.99,15.66
"5263",150,1995,22.57,23.65,21.46,18.83,29.3,26.6,11.41
"5264",151,1995,5.92,10.62,8.24,22.63,5.75,36.76,9.23
"5265",152,1995,10.1,17.59,8.3,10.25,11.4,12.39,10.41
"5266",153,1995,26.81,34.45,27.95,16.51,26.68,21.73,13.2
"5267",154,1995,20.7,37.19,17.53,16.27,17.72,26.04,9.03
"5268",155,1995,24.67,13.2,22.03,11.19,12,16.68,9.6
"5269",156,1995,15.48,38.73,15.71,30.31,23.99,48.84,15.7
"5270",157,1995,6.71,7.55,10.38,12.39,7.32,13.08,12.31
"5271",158,1995,6.17,4.35,8.03,5.67,4.35,5.1,5.1
"5272",159,1995,14.58,5.6,20.67,4.56,13.23,2.88,9.34
"5273",160,1995,15.6,8.75,24.05,8.71,20.73,8.33,13.61
"5274",161,1995,5.95,2.82,7.53,6.34,3.91,7.99,4.4
"5275",162,1995,3.57,22.81,1.97,23.37,6.05,34.99,12.08
"5276",163,1995,12.43,15.75,6.4,13.78,13.04,14.09,12.52
"5277",164,1995,11.1,38.59,6.31,31.31,24.12,41.41,23.63
"5278",165,1995,19.67,39.06,14.88,25.55,24.23,40.01,18.71
"5279",166,1995,2.85,5.69,0.6,5.35,1.93,3.93,7.41
"5280",167,1995,3.31,3.89,3.97,3.84,5.25,3.08,4.94
"5281",168,1995,9.88,17.73,9.26,22.08,12.4,20.92,16.94
"5282",169,1995,14.06,25.99,12.04,30.1,14.34,37.59,17.19
"5283",170,1995,17.29,12.31,20.32,19.03,12.76,26.43,9.86
"5284",171,1995,14.14,14.48,16.93,27.11,21.95,32.52,19.82
"5285",172,1995,16.25,13.12,18.51,8.97,20.85,11.08,14.99
"5286",173,1995,12.89,16.3,10.57,17.45,16.56,26.14,26.17
"5287",174,1995,20.37,19.71,17.39,10.94,16.3,11.99,19.22
"5288",175,1995,1.93,3.51,2.28,2.85,2.77,3.47,4.71
"5289",176,1995,0.28,0.02,0.67,0.29,0.16,0.1,0.74
"5290",177,1995,12.42,1.28,15.39,3.67,9.36,1.32,3.43
"5291",178,1995,8.81,3.02,9,2.46,6.62,1.17,4.41
"5292",179,1995,10.23,8.75,10.46,9,12.38,7.28,12.75
"5293",180,1995,19.76,13.71,22.56,13.62,18.53,13.94,13.51
"5294",181,1995,16.57,14.68,12.34,21.43,16.48,23.54,14.24
"5295",182,1995,5.31,25.46,5.17,22.78,6.91,38.03,11.98
"5296",183,1995,5.93,17.89,7.17,5.32,7.37,5.5,7.1
"5297",184,1995,17.73,15.68,18.43,9.51,10.45,10.02,10.65
"5298",185,1995,10.49,18.73,9.25,12.36,4.7,17.98,6.01
"5299",186,1995,12.97,22.96,12.2,10.21,7.66,18.72,6.13
"5300",187,1995,8.48,5.54,8.5,3.6,6.22,4.56,5
"5301",188,1995,21.1,16.94,20.63,13.45,19.31,18.76,9.51
"5302",189,1995,14.93,10.05,14.41,9.94,9.76,15.72,7.73
"5303",190,1995,9.8,14.02,9.95,6.59,9.61,6.05,10.7
"5304",191,1995,14.47,21.78,13.22,15.44,9.62,22.58,8.95
"5305",192,1995,2.74,3.32,2.98,13.48,4.47,20.3,4.08
"5306",193,1995,3.1,2.65,4.63,8.41,6.55,9.02,6.06
"5307",194,1995,17.18,9.53,18.93,16.66,17.57,16.39,9.72
"5308",195,1995,18.5,12.89,19,12.13,19.46,14.92,9.04
"5309",196,1995,5.15,6.3,4.13,8.24,6.69,9.39,7.72
"5310",197,1995,17.56,19.78,18.42,22.69,24.06,25.33,14.57
"5311",198,1995,19.69,7.99,21.44,18.13,12.7,19.81,9.94
"5312",199,1995,23.93,22.52,24.31,22.06,25.79,23.89,19.62
"5313",200,1995,4.84,7.33,5.04,8.14,6.05,8.35,6.7
"5314",201,1995,13.88,10.94,19.03,4.79,14.66,4.71,6.8
"5315",202,1995,21.22,16.15,21.43,14.49,16.3,13.3,15.89
"5316",203,1995,9.92,9.01,14.78,14.23,9.87,17.7,9.58
"5317",204,1995,6.99,9.44,7.58,6.35,8.12,6.43,9.1
"5318",205,1995,7.39,5.21,8.71,4.59,7.21,2.45,7.33
"5319",206,1995,13.59,4.82,15.05,3.79,11.02,1.8,4.66
"5320",207,1995,8.87,4.9,10.92,4.23,10.81,2.73,6.33
"5321",208,1995,3.43,8.1,4.16,6.53,7.04,5.29,10.79
"5322",209,1995,8.69,10.71,8.4,5.64,12.32,7.29,9.35
"5323",210,1995,7.14,9.87,7.8,7.97,13.4,10.2,11.76
"5324",211,1995,10.5,9.58,10.96,9.01,15.46,11.43,10.8
"5325",212,1995,5.41,5.47,7.46,14.44,4.99,23.82,6.09
"5326",213,1995,5.28,7.75,4.25,20.32,5.35,18.81,9.51
"5327",214,1995,8.51,4.89,12.92,13.78,4.9,9.84,7.95
"5328",215,1995,6.25,5.3,5.69,7.58,6.97,4.31,10.27
"5329",216,1995,14.33,6.91,14.21,6.26,7.68,4.61,7.87
"5330",217,1995,22.5,23.01,23.13,26.98,16.93,24.73,15.17
"5331",218,1995,4.32,2.98,3.6,13.01,1.5,16.2,5.22
"5332",219,1995,8.27,2.74,10.66,9.34,3.71,8.21,5.85
"5333",220,1995,11.4,4.91,12.57,7.47,6.98,8,7.09
"5334",221,1995,7.75,4.03,6.53,10.87,3.95,11.6,6.31
"5335",222,1995,6.96,3.36,6.84,12.83,4.81,10.78,11.55
"5336",223,1995,12.75,10.37,11.87,25.62,5.2,24.98,20.02
"5337",224,1995,2.77,2.1,3.21,5.83,0.82,4.02,6.16
"5338",225,1995,6.28,16.41,5.11,29.07,2.96,35.86,12.89
"5339",226,1995,6,2.95,6.41,9.75,1.28,10.33,6.3
"5340",227,1995,2.42,2.11,3.23,7.29,1.54,7.24,3.75
"5341",228,1995,10.34,11.02,11.19,20.36,10.69,16.52,17.75
"5342",229,1995,23.48,33.27,16.89,23.59,28.01,22.71,21.95
"5343",230,1995,11.68,19.86,13.47,34.24,16.84,41.08,23.85
"5344",231,1995,2.76,7.1,3.8,36.81,2.3,57.31,8.77
"5345",232,1995,17.97,22.52,11.86,25.67,22.19,27.1,20.44
"5346",233,1995,8.72,9.54,7.63,23.62,3.22,22.58,12.18
"5347",234,1995,7.66,8.78,6.46,5.8,6.75,4.48,7.39
"5348",235,1995,15.38,17.58,15.38,13.76,13.47,13.33,11.06
"5349",236,1995,20.88,16.82,21.01,31.68,12.63,34.95,16.69
"5350",237,1995,10.89,18.52,10.4,33.23,8.99,30.05,17.88
"5351",238,1995,9.87,6.49,11.56,10.05,5.6,12.26,8.3
"5352",239,1995,10.66,12.04,10.34,27.14,6.1,46.07,10.14
"5353",240,1995,8.06,6.93,9.43,10.73,4.54,15.3,5.45
"5354",241,1995,6.87,6.44,7.38,8.08,4.17,10.1,5.51
"5355",242,1995,2.7,2.63,3.08,2.42,0.77,3.03,1.27
"5356",243,1995,3.26,6.42,3.63,3.63,3.19,6.02,2.29
"5357",244,1995,1.12,5.01,1.25,6.25,4.49,12.36,4.11
"5358",245,1995,1.56,6.2,2.42,8.69,4.48,18.44,4.71
"5359",246,1995,5.59,4.48,8.65,6.73,8.8,13.86,4.47
"5360",247,1995,1.37,2.67,2.25,6.19,3.83,16.02,3.94
"5361",248,1995,0.86,5.26,0.88,10.09,3.85,18.5,5.86
"5362",249,1995,2.95,10.25,3.43,20.71,4.43,22.76,12.96
"5363",250,1995,6.32,10.72,8.25,25.31,10.91,31.44,19.14
"5364",251,1995,8.61,11.66,11.92,16.56,13.41,17.96,12.46
"5365",252,1995,3.56,2.85,7.1,3.47,3.68,3.61,4.64
"5366",253,1995,7.98,14.08,10.84,10.27,10.97,8.01,12.78
"5367",254,1995,8.9,4.85,12.92,5.25,7.26,5.48,5
"5368",255,1995,3.49,11,3.55,24.39,6.84,30.02,13.07
"5369",256,1995,1.6,3.99,3.09,13.44,4.74,12.07,8.88
"5370",257,1995,3.4,2.99,4.43,7.42,4.81,8.08,6.14
"5371",258,1995,8,9.41,11.9,7.59,7.77,9.87,8.09
"5372",259,1995,5.12,7.62,7.23,17.1,5.05,20.99,13.37
"5373",260,1995,5.86,9.24,6.36,14.34,5.31,13.94,12.59
"5374",261,1995,1.04,3.36,1.34,5.55,1.74,4.13,5.93
"5375",262,1995,2.1,1.67,3.38,2.39,1.45,1.51,3.5
"5376",263,1995,6.79,20.48,7.62,11.96,8.78,13.5,13.68
"5377",264,1995,7.03,5.19,13.93,8.35,3.52,7.64,4.33
"5378",265,1995,3.69,5.04,5.68,8.72,2.83,9.14,5.24
"5379",266,1995,5.07,4.18,8.2,12.88,2.92,15.89,6.11
"5380",267,1995,3.71,3.43,7.07,7.49,2.41,8.45,3.11
"5381",268,1995,4.08,12.87,6.71,13.73,5.86,14.49,7.24
"5382",269,1995,1.39,0.93,1.89,4.23,0.86,4.59,2.78
"5383",270,1995,0.54,0.66,0.85,2.86,0.74,2.66,2.7
"5384",271,1995,1.68,0.95,3.06,2.59,1.93,1.44,4.5
"5385",272,1995,1.55,0.82,3.26,2.03,1.56,1.54,4.53
"5386",273,1995,4.69,2.14,9.06,4.14,4.89,4.65,5.2
"5387",274,1995,14.06,11.14,10.36,8.64,8.31,12.64,4.32
"5388",275,1995,4.97,9.44,4.17,14.76,5.36,25.03,7.08
"5389",276,1995,5.47,6.72,3.47,5.91,6.73,7.95,7.15
"5390",277,1995,4.52,4,4.62,7.86,3.05,6.78,6.67
"5391",278,1995,4.74,3.8,4.8,7.24,5.41,8.04,5.28
"5392",279,1995,3.82,12.51,3.32,26.25,3.49,34.05,11.59
"5393",280,1995,0.3,0.75,0.52,3.94,0.17,2.16,4.68
"5394",281,1995,4.22,7.65,2.98,5.44,1.61,5.46,5.2
"5395",282,1995,2.26,11.61,1.2,10.24,3.1,12.87,11.35
"5396",283,1995,6.69,14.64,7.68,13.11,8.33,10.4,19.89
"5397",284,1995,11.11,15.31,10.09,12.19,8.26,14.24,14.81
"5398",285,1995,5.46,9.39,5.57,11.46,3.53,10.81,10.72
"5399",286,1995,1.65,3.07,1.96,3.77,2.13,2.23,5.07
"5400",287,1995,7.34,7.39,6.27,7.71,5.77,7.35,5.69
"5401",288,1995,7.51,5.39,7.35,10.16,4.36,11.89,6.16
"5402",289,1995,6.05,9.67,7.53,6.32,3.31,12.61,3.92
"5403",290,1995,5.43,22.67,4.98,25.61,10.44,42.56,18.39
"5404",291,1995,3.6,2.18,5.43,7.45,2.11,14.82,2.89
"5405",292,1995,8.25,7.03,9.12,12.31,8.24,16.14,9.82
"5406",293,1995,3.12,8,2.9,9.93,3.76,9.41,14.05
"5407",294,1995,4.44,4.98,3.58,24.34,2.65,23.16,11.24
"5408",295,1995,7.42,20.22,4.68,23.7,8.89,22.37,15.73
"5409",296,1995,5.54,3.61,8.31,3.15,3.6,1.59,7.9
"5410",297,1995,13.67,23.94,12.02,16.81,16.76,17.39,15.09
"5411",298,1995,9.44,19.41,8.02,19.31,9.07,20.27,14.12
"5412",299,1995,7.49,10.09,7.06,28.75,13.65,44.37,21.08
"5413",300,1995,3.31,4.58,3.2,23.08,2.62,36.64,9.36
"5414",301,1995,1.26,7.66,1.16,23.4,5.4,34.08,14.95
"5415",302,1995,3.38,2.31,2.81,5.59,3.36,7.42,5.27
"5416",303,1995,7.51,5.62,7.81,5.01,7.67,9.99,8.15
"5417",304,1995,6.52,4.33,6.73,8.23,9.35,7.36,10.63
"5418",305,1995,4.26,8.51,2.52,5.52,6,8.13,6.26
"5419",306,1995,0.61,4.61,0.37,5.83,1.56,6.94,7.41
"5420",307,1995,4.45,6.46,2.1,5.89,4.28,6.16,5.87
"5421",308,1995,3.64,8.52,3.52,5.35,4.82,6.91,5.09
"5422",309,1995,2.94,7.07,1.64,5.75,4.49,6,5.08
"5423",310,1995,6.72,5.76,8.11,20.05,6.41,21.38,7.98
"5424",311,1995,7.1,3.36,7.13,8.72,6.87,7.53,4.85
"5425",312,1995,7.8,11,9.83,13.33,8.13,12.62,8.85
"5426",313,1995,5.67,10.03,3.68,10.3,6.34,8.97,7.94
"5427",314,1995,0.22,0.13,0.34,1.91,0.23,0.75,1.5
"5428",315,1995,0.03,0,0.07,0.03,0,0,0.04
"5429",316,1995,0.06,0,0.15,0.02,0.25,0,0.2
"5430",317,1995,0.25,0.02,0.48,0.4,0.4,0.05,2.14
"5431",318,1995,0.64,0.36,1.48,1.48,3.35,0.47,14.24
"5432",319,1995,1.3,0.05,2.25,0.23,0.68,0.08,1.44
"5433",320,1995,1.11,4.53,0.35,7.48,0.13,7.39,4.26
"5434",321,1995,0.42,0.24,0.18,3.32,0.12,1.22,3.02
"5435",322,1995,0.28,1.43,0.11,3.12,0.09,1.78,3.24
"5436",323,1995,0.25,1.48,0.05,3.92,0.28,1.88,3.66
"5437",324,1995,0.34,1.06,0.27,1.92,0.09,1.32,2.95
"5438",325,1995,7.43,3.88,3.96,2.43,8.87,1.49,10.13
"5439",326,1995,1.7,0.4,0.74,0.72,1.36,0.4,1.31
"5440",327,1995,1.6,0.75,0.69,0.44,2.61,0.33,1.45
"5441",328,1995,0.81,0.16,0.3,0.16,0.68,0.07,0.4
"5442",329,1995,0.16,0.02,0.06,0.01,0.12,0,0.07
"5443",330,1995,0,0,0,0.17,0,0.1,0.19
"5444",331,1995,0.24,1.45,0.07,1.78,0.78,2.3,1.79
"5445",332,1995,0.11,0.21,0.14,0.2,0.27,0.21,0.28
"5446",333,1995,0.01,0,0.03,0,0.02,0,0.03
"5447",334,1995,0.02,0.01,0.02,0.07,0.05,0.02,0.18
"5448",335,1995,0.05,0.16,0.03,1.13,0.12,0.65,1.35
"5449",336,1995,0.12,0.48,0.08,2.97,0.26,2.21,2.51
"5450",337,1995,0.27,1.4,0.17,4.51,0.6,4.34,3.91
"5451",338,1995,0.14,0.79,0.12,2.32,0.35,1.34,3.01
"5452",339,1995,0.17,1.08,0.18,1.31,0.41,1.48,1.96
"5453",340,1995,0.28,1.39,0.34,2.49,0.79,2.58,2.68
"5454",341,1995,0.01,0.11,0.03,0.76,0.01,1.3,0.9
"5455",342,1995,0.01,0.13,0.02,0.63,0.09,0.31,0.69
"5456",343,1995,0,0.1,0.02,0.75,0.03,0.41,0.77
"5457",344,1995,0.07,0.21,0.09,1.69,0.14,1,1.08
"5458",345,1995,0.12,0.25,0.45,0.93,0.15,0.57,0.88
"5459",346,1995,0.06,0.06,0.26,0.64,0.03,0.47,0.75
"5460",347,1995,0.16,0.51,0.38,0.48,0.08,0.76,0.32
"5461",348,1995,0.07,0.88,0.16,1.46,0.1,1.9,0.99
"5462",349,1995,0.01,0.09,0,1.13,0.03,0.67,0.91
"5463",350,1995,0,0,0,1.75,0,0.87,1.77
"5464",351,1995,0,0,0,2.39,0,1.15,1.85
"5465",352,1995,0.35,0,0.53,2.67,0,1.3,1.82
"5466",353,1995,18.18,3.71,29.48,9.78,14.81,6.88,11.54
"5467",354,1995,13.92,13.97,13.19,14.2,13.59,21.67,12.79
"5468",355,1995,1.62,0.93,1.66,6.52,1.36,3.91,9.53
"5469",356,1995,6.97,10.19,6.66,12.94,14.58,11.32,12.88
"5470",357,1995,4.52,4.72,3.52,10.7,4.86,12.35,7.26
"5471",358,1995,5.35,16.23,4.27,20.86,13.06,20.68,18.77
"5472",359,1995,4.31,1.08,5.41,3.61,5.07,1.45,4.04
"5473",360,1995,0.01,0.22,0.19,0.46,0.07,0.34,0.31
"5474",361,1995,0,0.03,0.02,0.23,0.01,0.18,0.09
"5475",362,1995,0,0,0.06,0.06,0,0.03,0.05
"5476",363,1995,0,0.08,0.04,0.82,0.02,0.63,0.89
"5477",364,1995,0.01,0.92,0.02,0.95,0.1,2.15,0.57
"5478",365,1995,0.01,0.1,0.01,0.12,0.04,0.08,0.12
"5479",1,1996,0,0,0.01,0.01,0,0,0.07
"5480",2,1996,0.02,0.15,0.12,0.28,0.26,0.17,0.18
"5481",3,1996,0.01,1.05,0,2.02,0.49,2.58,0.81
"5482",4,1996,0.2,0.41,2.21,0.52,1.48,0.38,0.52
"5483",5,1996,0,0.09,0.05,0.25,0.12,0.59,0.17
"5484",6,1996,0.03,0.35,0.03,0.61,0.09,0.61,0.26
"5485",7,1996,0.01,0.06,0,0.11,0.04,0.22,0.06
"5486",8,1996,0.01,0.06,0,0.23,0.04,0.28,0.19
"5487",9,1996,0.02,0.06,0.02,0.07,0.07,0.2,0.14
"5488",10,1996,0.03,1.04,0.01,2.23,0.06,2.97,0.87
"5489",11,1996,0.07,0.39,0.07,1.43,0.08,1.76,0.57
"5490",12,1996,0.21,0.91,0.07,2.94,0.43,2.55,1.75
"5491",13,1996,0.01,0,0.01,0.19,0.01,0.05,0.27
"5492",14,1996,0,0.14,0,1.06,0.01,0.69,0.84
"5493",15,1996,0.02,0.22,0.01,1.08,0.04,0.77,0.66
"5494",16,1996,0,0.19,0,1.34,0.01,1,1.08
"5495",17,1996,0.02,0.23,0,0.83,0.07,0.47,0.67
"5496",18,1996,0.02,0.75,0,1.2,0.08,1.96,0.72
"5497",19,1996,0,0.09,0,1.18,0.01,0.66,1.13
"5498",20,1996,0.01,0.04,0,0.48,0.02,0.12,0.76
"5499",21,1996,0.07,0.69,0.02,1.05,0.12,0.74,0.69
"5500",22,1996,0.12,0.65,0.08,1.8,0.32,1.18,1.37
"5501",23,1996,0,0.08,0,3.33,0,2.56,1.93
"5502",24,1996,0,0,0,2.23,0,1.08,0.84
"5503",25,1996,0,0,0,0.45,0,0.12,0.58
"5504",26,1996,0,0.09,0,0.08,0.02,0.07,0.13
"5505",27,1996,0,0.09,0,0.07,0.02,0.05,0.1
"5506",28,1996,0,0.09,0,0.07,0.02,0.05,0.11
"5507",29,1996,0,0.09,0,0.37,0.02,0.31,0.2
"5508",30,1996,0,0.09,0,0.43,0.02,0.3,0.21
"5509",31,1996,0.01,0.67,0,2.17,0.05,3.14,0.98
"5510",32,1996,0,0.03,0,1.18,0,1.9,0.36
"5511",33,1996,0.01,0.82,0,2.62,0.06,4.94,1.1
"5512",34,1996,0,0.42,0,2.77,0.02,2.93,1.36
"5513",35,1996,0,0.57,0,2.17,0.01,4.79,0.76
"5514",36,1996,0,0.15,0,1.38,0.01,1.6,0.67
"5515",37,1996,0,0.11,0,1.43,0,1.06,2.07
"5516",38,1996,0,0,0,1.21,0,0.57,2.27
"5517",39,1996,0.28,0.7,0.28,2.36,0.22,2.69,1.22
"5518",40,1996,16.46,18.86,15.04,7.39,14.21,15.5,4.66
"5519",41,1996,19.15,23.73,16.52,20.49,15.8,48.79,9.26
"5520",42,1996,0.26,0.57,0.61,6.96,1.03,4.78,2.43
"5521",43,1996,0.23,2.59,0.85,15.13,3,19.76,4.75
"5522",44,1996,0.02,0.09,0.14,2.87,0.35,2.22,0.95
"5523",45,1996,0.04,0.22,0.11,1.79,0.47,1.66,0.6
"5524",46,1996,0.01,0.04,0.1,1.68,0.03,1.23,0.49
"5525",47,1996,0.61,1.72,0.57,5.23,0.85,6.09,3.55
"5526",48,1996,0.5,0.39,0.54,3.5,0.87,3.01,2.58
"5527",49,1996,1.32,1.58,1.12,3.32,3.48,2.85,6.73
"5528",50,1996,4.02,6.4,3.72,12.33,6.13,23.36,8.84
"5529",51,1996,0.11,0.34,0.05,0.97,0.34,1.04,1.27
"5530",52,1996,0.01,0.25,0,1.79,0.02,0.99,1.07
"5531",53,1996,0.11,0.22,0.09,1.21,0.09,0.47,0.74
"5532",54,1996,0.77,1.64,0.55,1.58,0.33,1.08,0.81
"5533",55,1996,1.41,1.32,1.67,5.13,0.47,4.38,1.95
"5534",56,1996,3.45,13.77,3.14,16.94,4.46,19.56,6.85
"5535",57,1996,0.07,1.11,0.02,1.32,0.15,2.38,0.83
"5536",58,1996,0.02,0.1,0,0.62,0.02,0.63,0.79
"5537",59,1996,0.07,0.35,0.04,0.64,0.2,0.5,0.86
"5538",60,1996,0.01,0.21,0,0.97,0.01,1.07,1.02
"5539",61,1996,0,0.22,0.04,1.65,0.05,2.44,1.44
"5540",62,1996,0.04,0.13,0.22,1.3,0.06,1.14,1.16
"5541",63,1996,0.03,0.47,0.21,1.46,0.17,1.84,2.38
"5542",64,1996,0.08,0.47,0.09,0.81,0.08,0.59,1.02
"5543",65,1996,0.01,0.95,0,1.57,0.05,2.28,2.17
"5544",66,1996,0,0,0,0.24,0,0.22,0.28
"5545",67,1996,0,0.01,0,0.36,0,0.9,0.24
"5546",68,1996,0.34,0.11,0,0.89,0.06,2.48,0.51
"5547",69,1996,0.21,0.21,0,0.94,0.03,2.26,0.65
"5548",70,1996,1.82,4.59,0.47,6.06,0.47,15.55,3.52
"5549",71,1996,5.86,1.28,9.49,5.25,2.07,5.95,3.61
"5550",72,1996,0.1,0.03,0.14,0.44,0.08,0.47,0.38
"5551",73,1996,0.31,0.08,0.06,1.08,0.03,1.03,0.58
"5552",74,1996,0,0,0,0.27,0,0.11,0.16
"5553",75,1996,0,0,0,0.77,0,0.44,0.35
"5554",76,1996,0,0,0,2.16,0,1.58,1.29
"5555",77,1996,0,0.19,0,1.03,0,0.78,1.28
"5556",78,1996,0,1.24,0,2.85,0,6.01,1.77
"5557",79,1996,0,0.3,0,0.18,0,1.2,0.08
"5558",80,1996,0,0,0,0.33,0,0.14,0.23
"5559",81,1996,0,0,0,4.54,0,4.36,2.06
"5560",82,1996,0,0,0.01,9.48,0,9.1,4.61
"5561",83,1996,0.01,0,0.11,1.37,0.05,0.74,1
"5562",84,1996,0.03,0.02,0.14,10.47,0.01,36.65,4.59
"5563",85,1996,13.96,49.38,16.51,47.14,26.89,66.48,24.93
"5564",86,1996,0.06,0.99,0.22,4.78,0.05,8.63,1.41
"5565",87,1996,0,0.04,0,0.52,0,0.42,0.11
"5566",88,1996,0,0,0,0.63,0,0.54,0.12
"5567",89,1996,0.02,0.03,0.14,0.49,0.01,0.39,0.13
"5568",90,1996,0.01,0.61,0.27,1.82,0,3.84,0.91
"5569",91,1996,0.01,0.15,0.16,1.12,0.01,1.49,0.81
"5570",92,1996,12.63,8.64,8.82,9.4,13.37,11.98,8.76
"5571",93,1996,0.13,3.59,0.13,4.94,1.05,11,3.34
"5572",94,1996,1,1.65,1.54,6.41,3.79,8.08,3.37
"5573",95,1996,7.36,12.51,3.7,10.47,6.95,15.33,6.49
"5574",96,1996,1.78,3.37,2.19,4.22,4.58,9.97,2.42
"5575",97,1996,0.87,0.41,2.23,2.22,0.9,3.23,1.46
"5576",98,1996,1.88,1.67,0.7,1.76,1.82,4.5,1.54
"5577",99,1996,0.33,0.09,0.4,0.23,0.12,0.72,0.18
"5578",100,1996,0.05,0.06,0.13,0.36,0.17,0.85,0.28
"5579",101,1996,0.03,0.04,0.07,0.39,0.03,0.58,0.36
"5580",102,1996,0.44,0.43,0.44,4.51,0.95,1.34,2.91
"5581",103,1996,6.1,0.24,12.97,1.61,4.82,0.48,1.72
"5582",104,1996,1.3,1.41,0.31,3.98,1.59,1.27,3.48
"5583",105,1996,0,0,0,0.3,0,0.08,0.17
"5584",106,1996,0,0,0,0.11,0,0.02,0.06
"5585",107,1996,0,0,0,0.08,0,0.03,0.22
"5586",108,1996,0,0,0,0.04,0,0.01,0.09
"5587",109,1996,0,0,0,0.08,0,0.03,0.17
"5588",110,1996,0.02,0,0.13,0.35,0.16,0.23,0.49
"5589",111,1996,5.47,1.79,1.99,1.21,11.04,2.54,6.89
"5590",112,1996,3.88,2.14,4.06,6.8,3.51,3.17,5.66
"5591",113,1996,4.45,17.28,1.6,23.01,6.03,18.09,21.28
"5592",114,1996,5.05,2.87,4.7,7.63,2.81,4.98,4.28
"5593",115,1996,12.8,21.33,8.97,29.23,9.1,24.33,18.58
"5594",116,1996,12.24,13.8,7.76,14.55,9.35,11.22,9.19
"5595",117,1996,7.73,3.1,7.09,3.79,3.45,4.07,4.81
"5596",118,1996,9.19,6.19,9.08,8.2,7.63,12.52,6.08
"5597",119,1996,19.6,8.23,23.5,10.46,13.99,14.33,9.33
"5598",120,1996,9.08,8.46,6.5,13.12,5.38,14.89,20.41
"5599",121,1996,9.65,5.08,14.91,16.48,7.19,19.58,23.38
"5600",122,1996,22.81,10.14,19.99,6.05,16.27,4.58,9.53
"5601",123,1996,6.08,6.91,6.21,3.68,8.19,2.89,5.51
"5602",124,1996,10.34,15.93,8.52,9.92,17.49,9.47,14.76
"5603",125,1996,9.92,12.4,8.91,12.17,8.06,15.01,8.4
"5604",126,1996,19.21,36.62,18.96,36.13,35.25,28.94,37.08
"5605",127,1996,8.29,12.85,7.75,22.06,18.89,37.62,12.8
"5606",128,1996,5.02,9.52,6.62,11.79,10.79,22.57,5.53
"5607",129,1996,9.89,11.22,10.26,12.21,10.42,28.16,4.64
"5608",130,1996,3.54,2.87,3.5,2.55,6.39,5.55,1.39
"5609",131,1996,0.66,2.45,1.15,3.43,1.85,7.72,1.4
"5610",132,1996,0.77,0.49,1.08,4.84,0.54,3.81,3.34
"5611",133,1996,0.63,1.16,0.94,10.84,1.28,12.8,6.9
"5612",134,1996,0.37,0.65,0.47,5,0.25,6.06,3.86
"5613",135,1996,0.78,0.33,1.55,0.92,0.39,0.6,1.45
"5614",136,1996,29.45,43.09,38.15,44.31,39.47,51.04,47.28
"5615",137,1996,7.75,4.55,11.72,12.05,11.84,10.62,7.72
"5616",138,1996,11.89,34.95,11.54,41.56,15.26,58.48,29.65
"5617",139,1996,18.26,29.49,10.99,32.26,25.77,41.17,26.61
"5618",140,1996,9.6,26.04,11.6,42.22,23.59,59.34,25.17
"5619",141,1996,9.9,34.58,11.41,26.75,18.52,33.62,26.45
"5620",142,1996,1.78,0.35,1.96,2.14,0.65,1.03,2.92
"5621",143,1996,12.53,5.88,10.22,16.02,3.86,11.86,21.01
"5622",144,1996,24.46,12.7,31.59,19.28,20.89,17.68,13.84
"5623",145,1996,40.14,41.27,50.33,36.7,48.44,40.94,28.73
"5624",146,1996,5.53,7.47,7.13,20.75,7.37,21.14,11.33
"5625",147,1996,2.9,2.14,5.57,11.6,2.27,8.29,6.8
"5626",148,1996,23.7,10.1,37.16,17.07,21.54,12.86,14.5
"5627",149,1996,5.19,3.08,9.89,9.95,5.54,5.97,10.65
"5628",150,1996,18.14,4.76,29.31,6.9,12.08,4.33,7.79
"5629",151,1996,10.69,5.93,16.93,12.98,19.21,7.98,16.93
"5630",152,1996,2.1,0.17,5.15,2.53,0.56,1.26,3.43
"5631",153,1996,4.61,5.5,5.47,6.76,4.01,3.98,7.94
"5632",154,1996,12.99,17.56,11.13,18.49,8.49,20.23,13.29
"5633",155,1996,19.93,10.5,23.24,19.65,13.74,15.26,16.95
"5634",156,1996,8.82,13.33,8.66,66.56,9.87,63.34,32.55
"5635",157,1996,15.3,10.8,16.32,50.54,10.24,58.06,14.99
"5636",158,1996,11,0.89,13.96,17.18,1.72,17.11,6.55
"5637",159,1996,0.85,0.31,1.96,11.59,0.24,11.18,4.64
"5638",160,1996,6.31,1.18,7.54,10.66,1.46,8.52,7.26
"5639",161,1996,5.14,0.45,7.06,7.67,1.49,5.12,13.21
"5640",162,1996,10.89,1.42,14.28,9.14,5.38,6.16,20.07
"5641",163,1996,4.34,5.07,4.68,17.1,4.59,22.26,11.33
"5642",164,1996,14.06,16.6,13.94,30.77,13.72,40.73,20.08
"5643",165,1996,11.23,14.83,15.36,29.41,8.56,41.95,12.99
"5644",166,1996,2.68,9.01,4,11.62,3.72,8.9,10.09
"5645",167,1996,7.55,3.95,11.79,8.21,9.22,5.39,6.7
"5646",168,1996,7.13,6.25,5.58,5.79,7.12,9.21,3.78
"5647",169,1996,26.99,15.59,25.63,7.65,18.37,10.79,5.38
"5648",170,1996,16.95,16.65,12.91,4.98,11.75,10.12,4.61
"5649",171,1996,16.92,19.29,13.05,14.96,19.38,22.79,12.63
"5650",172,1996,8.91,18.56,9.17,14.39,16.27,21.19,12.24
"5651",173,1996,26.76,17.18,23.3,12.69,16.59,12.62,14.09
"5652",174,1996,6.42,13.49,5.79,15.46,7.64,20.38,10.81
"5653",175,1996,21.24,33.15,21.43,22.05,23.79,34.19,19.09
"5654",176,1996,21.31,19.43,16.8,14.34,23.07,17.84,13.04
"5655",177,1996,6.84,11.68,8.16,15.39,14.95,15.18,17.72
"5656",178,1996,3.83,4.22,5.14,9.33,3,10.64,5.87
"5657",179,1996,5.12,5.92,4.8,5.81,5.27,5.57,5.55
"5658",180,1996,3.92,2.3,3.97,3.97,4.5,3.04,3.77
"5659",181,1996,16.93,25.18,15.07,20.23,14.96,21.36,20.62
"5660",182,1996,46.02,61.04,25.65,36.39,42.15,65.88,32.68
"5661",183,1996,2.4,1.58,3.49,8.11,1.16,9.25,2.72
"5662",184,1996,5.36,5.42,4.84,9.02,4.9,8.66,6.14
"5663",185,1996,3.73,6.23,2.11,6.82,4.71,5.75,6.2
"5664",186,1996,9.22,12.23,9.04,7.74,9.32,8.21,6.7
"5665",187,1996,13.3,14.49,11.61,6.82,11.21,7.46,5.85
"5666",188,1996,4.24,1.67,4.72,3.56,7.82,2.27,5.83
"5667",189,1996,4.12,1.07,4.95,3.86,4.16,3.38,3.91
"5668",190,1996,2.18,4.23,1.66,8.35,3.75,8.05,16.34
"5669",191,1996,7.96,5.45,8.28,6.56,9.35,8.39,9.27
"5670",192,1996,21.74,14.62,17.58,22.08,23.8,28.15,14.8
"5671",193,1996,18.7,10.02,20.62,8.61,14.59,11.04,6.47
"5672",194,1996,7.64,7.99,7.95,11.82,6.11,17.91,5.44
"5673",195,1996,16.6,12.21,14.32,13.61,10.68,17.04,10.17
"5674",196,1996,4.9,5.82,5.83,11.37,3.59,15.13,5.88
"5675",197,1996,18.83,10.26,15.62,10.28,13.88,12.57,8.76
"5676",198,1996,8.2,2.11,9.89,8.6,2.58,7.74,5.33
"5677",199,1996,1.94,1.07,1.65,8.7,0.45,8.18,3.35
"5678",200,1996,6.09,2.87,5.41,7.71,2.2,6.9,4.58
"5679",201,1996,5.87,4.11,6.27,6.31,7.28,3.02,7.72
"5680",202,1996,14.22,7.1,13.28,19.92,13.93,11.88,22.91
"5681",203,1996,28,26.09,25.56,21.19,24.95,20.18,17.81
"5682",204,1996,20.93,18.53,18.29,13.09,16.71,16.78,7.67
"5683",205,1996,7.87,17.96,5.3,23.93,8.35,33.1,9.14
"5684",206,1996,4.71,5.96,4.12,5.01,6.4,4.49,4.19
"5685",207,1996,16.18,11.15,12.65,8.36,11.03,5.79,6.03
"5686",208,1996,59.17,43.86,51.19,39.28,60.78,58.83,34.4
"5687",209,1996,12.53,14.8,15.96,32.92,11.11,57.1,12.13
"5688",210,1996,18.14,29.24,17.42,20.56,30.1,27.34,19.98
"5689",211,1996,33.6,29.34,33.98,18.84,31.15,28.48,13.98
"5690",212,1996,3.06,0.52,5.1,2.05,4.12,1.1,2.74
"5691",213,1996,3.57,7.42,4.89,8.79,5.33,6.76,9.24
"5692",214,1996,6.02,4.49,5.83,6.34,7.26,8.38,4.43
"5693",215,1996,4.71,5.76,6.31,6.38,7.46,8.48,6.88
"5694",216,1996,18.77,19.44,23.38,12.07,26.59,16.86,12.75
"5695",217,1996,13.69,24.19,13.19,20.57,13.68,40.75,9.1
"5696",218,1996,7.56,9.79,8.63,6.83,11.34,11.77,6.27
"5697",219,1996,19.21,13.79,20.08,23.27,16.07,23.44,19.44
"5698",220,1996,6.53,12.76,5.58,20.91,10.85,35.16,10.43
"5699",221,1996,12.76,14.57,12.54,14.58,9.63,21.94,9.85
"5700",222,1996,15.47,10.14,15.09,8.07,14.33,7.75,13.21
"5701",223,1996,22.29,24.57,22.04,23.4,19.85,26.85,19.99
"5702",224,1996,12.42,13.73,5.75,7.5,14.31,10.11,7.5
"5703",225,1996,5.91,8.55,5.19,11.39,8.88,18.16,6.9
"5704",226,1996,2.74,6.02,1.02,6.31,4.11,10.12,4.46
"5705",227,1996,8.5,11.77,5.52,4.96,9.84,5.32,4.95
"5706",228,1996,15.74,28.16,12.88,23.52,16.26,47.18,13.54
"5707",229,1996,8.22,27.12,6.21,40.41,14.43,51.27,21.6
"5708",230,1996,10.24,22.75,5.61,22.92,5.26,29.01,12.21
"5709",231,1996,23.64,30.64,17.29,17.76,18.5,24.2,12.24
"5710",232,1996,20.49,21.93,14.8,13.46,19.74,12.34,14.71
"5711",233,1996,12.03,9.95,11.82,15.1,4.82,17.26,9.51
"5712",234,1996,10.41,4.47,12.99,8.42,6.5,9.74,4.25
"5713",235,1996,11.66,9.82,15.31,10.49,11.42,9.02,9.3
"5714",236,1996,10.9,4.72,13.28,6.43,12.33,5.79,7.23
"5715",237,1996,19.52,15.06,22.17,18.02,22.19,14.68,18.9
"5716",238,1996,13.29,7.17,16.24,6.72,9.44,6.09,11.88
"5717",239,1996,2.32,1.21,2.46,3.29,2.84,1.58,5.26
"5718",240,1996,9.74,11.33,8.64,12.32,10.29,9.11,8.59
"5719",241,1996,8.33,9.12,7.52,5.96,9.06,4.03,5.1
"5720",242,1996,4.03,4.95,3.3,5.34,3.75,5.11,3.97
"5721",243,1996,9.88,13,8.47,11.51,12.3,11.09,11.16
"5722",244,1996,6.43,11.93,4.56,14,8.7,16.86,7.47
"5723",245,1996,8.68,10.28,11.5,11.32,10.82,13.57,7.91
"5724",246,1996,22.11,20.16,28.28,13.14,25.78,12.65,17.66
"5725",247,1996,0.99,4.75,1.69,10.52,2.12,9.48,9.93
"5726",248,1996,1.7,1.08,2.68,2.94,1.92,3.07,1.92
"5727",249,1996,12.75,3.04,21.21,5.39,14.34,2.12,9.33
"5728",250,1996,10.65,10.41,9.38,6.56,9.45,5.23,5.51
"5729",251,1996,8,5.85,9.94,4.49,11.03,5.65,3.79
"5730",252,1996,2.06,3.65,2.05,2.77,2.66,2.51,2.84
"5731",253,1996,11.11,5.68,14.91,3.57,9.89,4.76,4.05
"5732",254,1996,11.5,8.19,16.61,9.46,17.69,10.91,8.24
"5733",255,1996,7.96,11.35,7.93,14.38,4.03,17.94,7.78
"5734",256,1996,1.17,4.5,1.28,6.49,0.66,12.21,2.17
"5735",257,1996,6.29,9.63,2.79,9.11,2.21,11.25,6.98
"5736",258,1996,11.25,17.52,10.43,18.52,7.33,23.58,16.3
"5737",259,1996,12.6,9.5,13,15.53,6.55,23.21,9.5
"5738",260,1996,10.32,12.19,8.41,13.2,9.72,15.94,7.04
"5739",261,1996,17.75,16.04,20.04,11.43,25.12,11.68,13.94
"5740",262,1996,6.87,6.59,4.79,7.77,6.38,7.85,6.45
"5741",263,1996,5.36,4.29,3.71,7.14,7.06,4.29,7.53
"5742",264,1996,14.05,15.44,14.14,17.34,13.9,17.18,12.01
"5743",265,1996,9.21,4.28,8.89,4.66,7.06,5.61,2.84
"5744",266,1996,0.58,0.81,0.52,0.85,0.52,0.72,0.51
"5745",267,1996,7.57,6.97,6.18,2.19,6.71,2.1,2.09
"5746",268,1996,20.96,10.75,18.05,7.47,12.32,11.11,4.25
"5747",269,1996,2.89,1.94,2.08,2.96,1.59,4.62,0.96
"5748",270,1996,4.07,4.98,6.68,5.65,4.21,12.02,2.97
"5749",271,1996,5.58,6.92,9.77,6.72,5.63,13.27,4.21
"5750",272,1996,7.04,12.74,10.79,15.57,7.38,34.12,7.25
"5751",273,1996,4.72,6.4,6.19,9.77,3.69,11.08,6.98
"5752",274,1996,5.79,7.49,10.57,8.57,5.77,12.63,6.85
"5753",275,1996,4.99,9.31,5.91,11.06,6.74,11.7,10.72
"5754",276,1996,0.86,1.38,1.03,4.01,0.82,2.48,6.2
"5755",277,1996,3.01,2.26,3.28,3.67,1.65,3.57,3.17
"5756",278,1996,5.3,6.81,7.03,10.7,3.57,10.04,9.08
"5757",279,1996,5.67,5.05,7.69,8.82,6.75,5.59,9.55
"5758",280,1996,14.39,10.96,11.54,13.97,6.85,22.23,6.4
"5759",281,1996,5.59,7.79,5.44,6.08,8.05,6.17,6.02
"5760",282,1996,9.4,14.28,7.64,8.68,9.26,8.47,9.63
"5761",283,1996,20.84,24.71,13.24,11.04,16.51,12.05,12.49
"5762",284,1996,4.07,5.69,2.47,10.06,2.66,7.05,10.59
"5763",285,1996,6.77,20.54,3.62,27.79,11.53,26.17,19.8
"5764",286,1996,13.86,13.31,13.49,24.65,12.13,35.42,14.65
"5765",287,1996,14,26,7.26,25.04,18.16,29.1,30.68
"5766",288,1996,19.95,12.22,20.09,22.2,16.53,20.15,21.94
"5767",289,1996,34.72,48.13,25.8,42.19,47.64,42.19,41.1
"5768",290,1996,0.7,6.56,1.92,19.07,2.44,28.33,13.3
"5769",291,1996,0.82,1.28,2.55,3.62,2.82,2.19,4.77
"5770",292,1996,0.2,0.77,0.62,4.12,0.79,1.67,6.5
"5771",293,1996,0.56,3.38,1.5,4.76,1.83,5.8,6.24
"5772",294,1996,0.65,3.91,1.73,7.46,2.05,7.77,8.69
"5773",295,1996,2.75,0.33,3.48,3.82,1.34,6.1,1.61
"5774",296,1996,10.49,1.89,9.12,7.03,8.39,13,3.5
"5775",297,1996,1.27,0.18,1.08,3.11,0.76,8.75,0.65
"5776",298,1996,6.53,1.46,6.01,7.56,6.21,15.11,2.39
"5777",299,1996,3.51,0.4,3.08,1.95,2.4,2.78,1.08
"5778",300,1996,1.8,2.2,2.74,2.07,2.1,1.48,2.25
"5779",301,1996,12.14,11.65,13.49,7.92,13.02,6.37,6.18
"5780",302,1996,16.82,29.6,13.25,20.08,19.01,20.7,16.52
"5781",303,1996,5.19,19.14,4.35,27.16,4.7,31.52,16.75
"5782",304,1996,10.37,27.31,5.82,18.97,12.41,21.6,9.08
"5783",305,1996,6.22,9.28,5.46,8.48,7.81,9.57,6.39
"5784",306,1996,13.9,9.63,10.63,6.13,8.61,6.64,6.16
"5785",307,1996,4.69,7.29,3.66,11.23,5.37,18.72,5.83
"5786",308,1996,4.26,1.9,2.26,3.02,3.56,3.96,1.76
"5787",309,1996,1.66,0.67,1.96,2.39,0.99,2.13,1.52
"5788",310,1996,0.38,0.21,0.61,1.74,0.18,1.26,1.22
"5789",311,1996,1.12,0.03,2.19,3.78,1.64,2.18,2.45
"5790",312,1996,1.27,0.01,2.03,6.97,0.53,3.38,4.32
"5791",313,1996,1.86,0.01,3.89,8.38,0.99,5.14,4.45
"5792",314,1996,2.22,0.04,5.3,8.65,2.23,3.49,12.2
"5793",315,1996,1.29,0.04,2.47,11.58,2.19,6.62,8.2
"5794",316,1996,7.02,8.29,7.54,11.92,9.74,14.21,13.27
"5795",317,1996,6.73,15.48,4.31,18.1,11.58,22.56,19.27
"5796",318,1996,4.59,2.09,4.14,3.03,5.26,2.28,5.99
"5797",319,1996,4.34,5.78,4.91,5.01,7.31,4.24,9.85
"5798",320,1996,1.17,2.36,1.64,2.87,1.21,3.11,6.06
"5799",321,1996,0.69,15.43,1.48,15.84,7.93,13.2,14.77
"5800",322,1996,0.11,6.18,0.79,14.14,2.55,10.92,17.18
"5801",323,1996,0.03,2.45,0.11,7.47,0.65,4.42,8.39
"5802",324,1996,0.03,1.5,0.07,12.9,0.19,6.79,16.44
"5803",325,1996,0.05,0.86,1.1,3.97,0.28,1.77,5.65
"5804",326,1996,18.75,19.14,21.98,10.71,22.3,10.71,14.42
"5805",327,1996,7.91,17.47,9.37,11.04,8.19,14.51,11
"5806",328,1996,4.04,5.86,4.66,4.82,4.43,7.09,5.05
"5807",329,1996,8.37,15.59,9.74,9.06,11.37,8.31,6.86
"5808",330,1996,8.29,2.95,6.58,8.95,6.03,5.21,4.61
"5809",331,1996,0.67,0.4,0.66,0.47,0.48,0.24,0.93
"5810",332,1996,4.89,4.03,3.86,1.2,6.47,0.77,4.73
"5811",333,1996,3.53,2.99,2.82,2.5,1.85,1.85,5.8
"5812",334,1996,11.07,9.98,7.19,6.19,5.66,5.82,10.33
"5813",335,1996,6.37,3.72,3.9,2.57,2.8,3.04,3.52
"5814",336,1996,0.94,1.57,1.62,1.74,1.77,1.39,1.34
"5815",337,1996,0.38,1.6,0.59,1.23,1.08,0.69,1.23
"5816",338,1996,0.31,0.51,0.8,1.2,0.52,0.78,1.27
"5817",339,1996,0.56,2.46,0.92,3.55,0.98,4.01,3.01
"5818",340,1996,1.44,3.51,2.88,5.42,2.77,5.48,3.76
"5819",341,1996,0.92,5.87,0.93,10.04,1.04,21.61,4.6
"5820",342,1996,0.25,1.38,0.34,4.94,0.26,7.99,1.94
"5821",343,1996,0.09,0.24,0.24,6.87,0.13,6.32,2.28
"5822",344,1996,1.22,7.7,0.92,12.3,1.57,13.16,5.9
"5823",345,1996,0.2,1.07,0.28,3.95,0.17,3.43,1.8
"5824",346,1996,1.39,5.21,2.35,7.67,2.38,4.02,10.48
"5825",347,1996,1.64,1.01,3.75,3.86,1.68,2.33,4.03
"5826",348,1996,0.82,3.06,0.94,8.03,0.69,5.44,7.37
"5827",349,1996,4.22,8.85,4.78,12.51,2.46,9.67,7.8
"5828",350,1996,6.31,22.29,5.45,25.17,5.41,28.7,14.83
"5829",351,1996,2.24,8.49,1.14,6.09,0.91,13.62,2.35
"5830",352,1996,0.36,1.47,0.4,2.03,0.17,5,1.04
"5831",353,1996,0.57,1.33,0.56,1.39,0.41,2.56,0.82
"5832",354,1996,0.68,0.96,0.83,1.16,0.12,2.42,0.64
"5833",355,1996,0.14,0.29,0.12,0.86,0.04,0.46,0.93
"5834",356,1996,0.02,0.44,0,0.62,0.29,0.61,0.57
"5835",357,1996,0.03,0.76,0,1.4,0.16,1.62,0.86
"5836",358,1996,0.01,0.58,0,1.61,0.03,3.39,0.54
"5837",359,1996,0.01,0.08,0,0.85,0.02,1.01,0.51
"5838",360,1996,0.02,0.69,0,0.89,0.12,1.46,0.55
"5839",361,1996,0.01,1,0,0.83,0.1,2.21,0.33
"5840",362,1996,0.01,0.3,0,0.07,0.05,0.13,0.06
"5841",363,1996,0.01,0.51,0,0.57,0.07,0.87,0.32
"5842",364,1996,0,0.3,0,0.98,0.01,1.47,0.56
"5843",365,1996,0,0.37,0,0.7,0.06,0.51,0.5
"5844",366,1996,0.01,0.08,0,0.39,0.05,0.33,0.31
"5845",1,1997,0.01,0.48,0,0.65,0.05,0.68,0.6
"5846",2,1997,0.01,0.38,0,0.54,0.05,0.8,0.34
"5847",3,1997,0,0.07,0,0.63,0,1.05,0.38
"5848",4,1997,0,0.12,0,0.77,0.01,1.04,0.52
"5849",5,1997,0.01,0.25,0,0.22,0.07,0.15,0.27
"5850",6,1997,0.01,0.06,0.01,0.14,0.03,0.07,0.27
"5851",7,1997,0.01,0.09,0.01,0.44,0.04,0.4,0.43
"5852",8,1997,0.02,0.09,0.01,0.49,0.04,0.43,0.49
"5853",9,1997,0.03,0.56,0.01,1.54,0.14,1.77,1.27
"5854",10,1997,0.02,0.6,0.02,1.63,0.05,2.3,1.25
"5855",11,1997,0.26,0.25,1.26,3.36,0.17,2.11,2.5
"5856",12,1997,0.72,1.28,2.4,4.34,0.84,5.65,1.6
"5857",13,1997,0.27,1.32,0.88,3.08,0.28,3.38,1.73
"5858",14,1997,0.37,0.84,1.6,1.2,0.29,1.99,0.56
"5859",15,1997,0.21,0.35,0.51,0.56,0.32,0.6,0.4
"5860",16,1997,0.01,0.06,0,1.38,0.02,0.78,0.81
"5861",17,1997,0.01,0.19,0,0.47,0.01,0.23,0.49
"5862",18,1997,0.01,0.49,0,0.56,0.05,1.29,0.35
"5863",19,1997,0,0.05,0,0.52,0,0.51,0.25
"5864",20,1997,0.02,0.25,0,0.25,0.09,0.07,0.17
"5865",21,1997,0.14,0.75,0.04,0.42,0.31,0.31,0.4
"5866",22,1997,0,0,0.01,0.11,0,0.06,0.2
"5867",23,1997,0,0,0,0.7,0,0.43,1.11
"5868",24,1997,0.04,0.44,0.09,1.03,0.1,2.41,0.89
"5869",25,1997,0,0.13,0,1.1,0.02,0.87,1.17
"5870",26,1997,0,0,0,0.28,0,0.16,0.18
"5871",27,1997,0,0.05,0,0.85,0.01,0.72,0.49
"5872",28,1997,0.01,0.12,0,0.16,0.02,0.14,0.09
"5873",29,1997,0,0,0,0.03,0,0.02,0.05
"5874",30,1997,0.01,0.45,0,0.38,0.04,0.43,0.32
"5875",31,1997,0.01,0.83,0,2.74,0.04,5,0.96
"5876",32,1997,0,0.23,0,3.83,0,7.18,1.65
"5877",33,1997,0,0.07,0.01,2.38,0,1.98,1.19
"5878",34,1997,0,0.19,0.03,3.62,0,6.59,1.14
"5879",35,1997,0,0.08,0.02,5.13,0,5.84,1.7
"5880",36,1997,0.01,1.47,0,6.71,0.07,9.92,2.37
"5881",37,1997,1.09,1.54,0.39,3.95,1.24,3.15,2.77
"5882",38,1997,2.44,2.55,2.12,7.26,3.51,7.06,4.47
"5883",39,1997,8.15,10.62,9.23,16.01,13.17,19.27,8.7
"5884",40,1997,7.73,18.22,4.2,31.84,15.06,37.27,14.91
"5885",41,1997,14.5,16.28,9.12,16.49,19.7,16.64,12.95
"5886",42,1997,6.72,4.76,5.94,4.01,8.87,4.83,3.08
"5887",43,1997,22.2,17.26,23.12,11.27,21.96,16.36,7.05
"5888",44,1997,12.9,9.73,14.54,4.51,11.5,5.86,4.51
"5889",45,1997,12.02,15.97,10.45,12.82,12.89,16.95,9.23
"5890",46,1997,1.46,3.82,1.08,5.02,2.25,6.63,2.43
"5891",47,1997,0.08,7.77,0.08,5.59,0.1,20.33,1.46
"5892",48,1997,0.14,2.7,0.16,2.49,0.17,5.36,1.28
"5893",49,1997,0,4.36,0,4.71,0.01,15.79,1.62
"5894",50,1997,0.11,1.49,0.13,0.23,0.12,0.24,0.2
"5895",51,1997,0.02,0.37,0.03,1.28,0.02,3.88,0.34
"5896",52,1997,0.2,0.25,0.22,1.79,0.03,2.87,0.9
"5897",53,1997,0.79,3.68,0.53,7.33,0.81,14.93,5.01
"5898",54,1997,2.11,7.26,2.58,11.72,1.26,21.67,9.74
"5899",55,1997,1.04,0.79,1.25,2.79,0.25,3.46,2.38
"5900",56,1997,0.73,2.2,0.92,8.54,0.36,17.68,3.37
"5901",57,1997,0.1,2.34,0.04,6.51,0.16,13.88,1.66
"5902",58,1997,0.07,0.32,0.03,1.49,0.22,1.21,1.41
"5903",59,1997,0,0.01,0,0.37,0,0.27,0.24
"5904",60,1997,0.03,0.9,0,2.06,0.14,2.5,1.21
"5905",61,1997,0,0.02,0,0.02,0,0.05,0.12
"5906",62,1997,0,0.37,0,0.18,0.01,0.47,0.17
"5907",63,1997,0,0.02,0,0.15,0,0.09,0.08
"5908",64,1997,0.01,0.02,0.02,0.03,0,0.05,0.08
"5909",65,1997,0.02,0.13,0,0.05,0.03,0.04,0.03
"5910",66,1997,0.02,0.96,0,0.66,0.05,1.73,0.32
"5911",67,1997,0,0.09,0,0.37,0,0.83,0.08
"5912",68,1997,0,0.2,0,0.97,0,2.84,0.34
"5913",69,1997,0,0.2,0,1.7,0,3.96,0.7
"5914",70,1997,0.19,0.29,0.12,1.61,0.14,2.58,0.78
"5915",71,1997,0.44,0.68,0.44,2.79,0.83,4.33,1.64
"5916",72,1997,2.67,1.83,4.38,4.05,2.58,3.9,5.4
"5917",73,1997,14.58,14.22,8.5,4.08,12.39,6.49,7.33
"5918",74,1997,0.36,0.23,0.14,0.77,0.17,0.61,1.7
"5919",75,1997,0,1.08,0,5.18,0,3.94,2.44
"5920",76,1997,0,0.76,0,5.04,0,3.36,2.61
"5921",77,1997,0,0.22,0,4.25,0,2.82,1.71
"5922",78,1997,0,0.09,0,3.66,0,2.54,1.64
"5923",79,1997,0,0.06,0,3.72,0,2.23,1.66
"5924",80,1997,0,0.22,0,0.66,0,1.15,0.24
"5925",81,1997,0,0.07,0,0.34,0,0.42,0.14
"5926",82,1997,0,0.15,0,0.24,0,0.37,0.06
"5927",83,1997,0,0,0,0.03,0,0.02,0.01
"5928",84,1997,0,0,0,0.01,0,0,0
"5929",85,1997,0.01,0.03,0.01,0.07,0.05,0.03,0.08
"5930",86,1997,0.01,0.14,0.01,0.33,0.05,0.59,0.24
"5931",87,1997,0.01,1.71,0.01,2.05,0.08,2.15,0.84
"5932",88,1997,0.01,0.02,0.01,0.35,0.05,0.1,0.39
"5933",89,1997,0.01,0.03,0.01,0.55,0.07,0.15,0.68
"5934",90,1997,0.01,0.7,0.01,1.15,0.08,0.83,0.75
"5935",91,1997,0.01,0.49,0.01,2.44,0.07,1.96,1.85
"5936",92,1997,0.01,0.5,0,1.16,0.03,1.21,0.9
"5937",93,1997,0.01,0.18,0.01,0.99,0.06,1.19,0.76
"5938",94,1997,0.02,0.5,0.02,1.17,0.05,1.57,0.39
"5939",95,1997,1.33,0.54,1.88,1.62,0.81,1.52,0.65
"5940",96,1997,5.67,6.4,7.72,7.91,7.65,6.74,6.56
"5941",97,1997,14.75,9.87,8.28,7.17,12.66,8.12,6.5
"5942",98,1997,5.66,4,5.76,6.4,6.27,6.13,7.68
"5943",99,1997,6.22,10.2,4.44,10.96,5.07,17,6.45
"5944",100,1997,7.13,11.45,5.6,17.33,6.61,26.24,5.97
"5945",101,1997,9.1,11.97,7.09,17.67,14.01,23.64,9.88
"5946",102,1997,5.84,3.73,8.85,6.91,9.98,7.52,5.66
"5947",103,1997,0.78,2.68,0.9,7.4,2.2,9.82,4.46
"5948",104,1997,0.41,0.78,0.43,2.45,0.73,2.1,1.74
"5949",105,1997,0.2,0.22,0.2,1.28,0.27,0.94,1.59
"5950",106,1997,0.17,0.91,0.1,2.37,0.32,1.21,2.75
"5951",107,1997,0.09,0.58,0.1,3.9,0.24,3.76,1.74
"5952",108,1997,10.7,2.48,12.95,2.97,12.77,1.04,6.04
"5953",109,1997,10.61,14.68,10.32,12.9,12.07,11.23,12.65
"5954",110,1997,10.8,15.45,12.54,22.93,13.05,24.66,20.93
"5955",111,1997,10.01,7.78,7.59,9.5,13,12.89,7.31
"5956",112,1997,5,2.05,3.12,8.66,3.75,11.1,4.97
"5957",113,1997,1.25,1.53,1.34,4.08,1.44,3.96,5.51
"5958",114,1997,3,6.44,2.06,6.36,4.86,5.65,7.01
"5959",115,1997,4.02,4.81,3.67,9.63,5.96,6.29,10.21
"5960",116,1997,6.54,17.54,4.67,29.66,17.33,29.28,24.91
"5961",117,1997,1.27,6.87,0.7,19.89,3.41,23.63,12.29
"5962",118,1997,0.22,0.48,0.17,1.69,0.86,1.03,2.32
"5963",119,1997,0.32,0.85,0.18,2.92,1.03,2.81,2.15
"5964",120,1997,0.56,0.39,1.81,3.53,1.04,2.86,1.34
"5965",121,1997,7.46,20.5,6.15,12.85,11.28,20.61,11.34
"5966",122,1997,7.2,2.65,11.62,6.21,5.52,12.99,3.2
"5967",123,1997,22.21,23.72,20.09,22.87,17.07,53.71,14.12
"5968",124,1997,15.62,4.05,18.75,6.69,10.34,9.75,10.88
"5969",125,1997,6.75,3.29,5.92,2.04,2.08,2.89,2.15
"5970",126,1997,12.5,3.79,10.85,5.68,7.69,3.66,7.07
"5971",127,1997,5.58,4.6,7.39,10.02,5.62,9.68,12.14
"5972",128,1997,7.97,2.44,6.34,5.28,4.11,4.69,6.01
"5973",129,1997,17.15,6.38,16.05,13.68,8.3,17.17,9.16
"5974",130,1997,5.45,7.61,3.36,15.26,4.42,16.74,9.79
"5975",131,1997,11.2,8.72,10.71,8.14,11.87,4.91,11.55
"5976",132,1997,7.21,5.32,4.72,9.9,7.32,6.25,13.28
"5977",133,1997,0.59,0.06,0.56,1.38,0.18,0.36,2.94
"5978",134,1997,7.04,1.12,11.37,2.12,5.89,1.37,2.68
"5979",135,1997,9.77,2.49,10.08,3.13,7.25,1.28,6.86
"5980",136,1997,12.28,15.13,18.85,5.11,18.02,8.92,4.28
"5981",137,1997,4.7,6.02,12.07,5.94,14.17,11.8,5.18
"5982",138,1997,2.15,0.38,4.61,0.46,2.38,0.49,0.34
"5983",139,1997,15.96,13.08,24.07,7.04,21.52,11.95,5.95
"5984",140,1997,10.91,12.45,19.33,8.2,20.81,16.76,8.45
"5985",141,1997,7.41,6.12,7.59,10.08,9.67,13.29,10.21
"5986",142,1997,11.18,5.75,9.23,8.52,8.12,11.16,8.58
"5987",143,1997,14.19,10.95,13.91,14.37,15.85,18.3,13.92
"5988",144,1997,17.09,13.56,14.22,11.57,19.62,9.47,19.49
"5989",145,1997,8.84,6.23,8.51,10.47,8.68,10.58,14.01
"5990",146,1997,18.36,29.41,15.05,38.11,10.63,41.99,24.07
"5991",147,1997,15.14,16.55,11.02,30.43,14.39,34.34,26.96
"5992",148,1997,12.29,16.11,8.41,20.78,3.9,23.8,9.74
"5993",149,1997,13.04,24.07,9.69,21.82,14.57,22.45,19.42
"5994",150,1997,10.73,7.96,9.13,13.62,9.86,12.08,12.61
"5995",151,1997,20.55,16.45,17.9,17.33,9.77,14.14,24.63
"5996",152,1997,10.02,4.96,10.11,9.1,3.88,10.15,5.07
"5997",153,1997,4.56,9.47,6.66,15.65,5.44,19.52,9.49
"5998",154,1997,3.1,4.71,2.56,10.36,2.95,9.85,8.37
"5999",155,1997,15.12,11.04,16.37,10.88,15.23,16.13,9.22
"6000",156,1997,5.25,4.78,8.17,13.13,6.9,12.87,7.9
"6001",157,1997,2.31,2.18,3.93,11.86,1.66,9.18,8.34
"6002",158,1997,2.67,3.41,4.94,10.24,2.42,9.07,7.29
"6003",159,1997,4.12,8.42,6.9,7.97,5.75,8.01,14.74
"6004",160,1997,14.51,12.62,15.92,8.51,11.51,8.24,11.11
"6005",161,1997,0.94,1.67,2.24,12.3,0.32,15.41,4.03
"6006",162,1997,8.18,5.32,9.99,11.36,6.12,7.53,8.58
"6007",163,1997,18.58,27.59,20.38,24.6,23.84,31.88,12.35
"6008",164,1997,12.71,9.54,14.25,13.04,7.48,18.66,4.7
"6009",165,1997,7.02,6.01,6.88,12.34,10.34,14.79,6.03
"6010",166,1997,8.86,9.06,8.09,14.76,8.34,11.01,9.95
"6011",167,1997,0.9,0.11,1.98,0.59,0.7,0.35,0.32
"6012",168,1997,0.6,0.06,0.85,0.18,0.69,0.12,0.07
"6013",169,1997,8.49,1.42,12.26,1.49,7.13,1.56,0.87
"6014",170,1997,9.38,10.27,11.11,5.98,7.52,8.67,4.09
"6015",171,1997,25.37,36.9,23.07,18.85,26.38,32.21,9.41
"6016",172,1997,16.1,9.4,11.4,10.24,9.41,9.28,8.1
"6017",173,1997,19.98,5.52,27.5,10.56,12.11,6.7,10.36
"6018",174,1997,28.87,32.2,28.97,12.42,19.19,12.5,9.84
"6019",175,1997,26.51,38.89,27.33,30.35,35.9,37.81,22.74
"6020",176,1997,43.15,34.72,38.03,25.69,34.83,32.17,16.54
"6021",177,1997,32.52,12.81,33.97,10.27,28.01,9.71,12.53
"6022",178,1997,11.7,5.7,13.45,7.54,7.36,9.41,11.02
"6023",179,1997,8.79,8.38,9.16,13.55,8.53,18.73,9.32
"6024",180,1997,16.11,12.65,15.06,13.17,9.26,13.86,10.16
"6025",181,1997,14.49,6.24,13.44,6.15,7.76,8.25,5.76
"6026",182,1997,11.7,11.82,13.72,14.17,11.51,26.76,8.08
"6027",183,1997,5.81,4.47,9.28,5.83,5.37,9.13,7.09
"6028",184,1997,12.33,14.49,18.64,19.06,10.72,32.38,12.35
"6029",185,1997,5.84,2.79,8.02,6.87,4.67,8.64,6.57
"6030",186,1997,16.32,3.5,23.78,6.47,7.5,4.73,6.8
"6031",187,1997,4.99,7.73,4.8,5.02,6.43,7.12,4.84
"6032",188,1997,5.66,10.33,6.08,12.63,6.27,18.12,9.47
"6033",189,1997,2.29,2.92,2.63,6.24,3.99,5.64,5.57
"6034",190,1997,2.69,3.52,3.02,6.42,2.74,6.38,5.3
"6035",191,1997,3.96,5.06,4.84,9.48,4.96,9.27,13.4
"6036",192,1997,27.15,36.82,18.4,30.25,36.29,32.01,28.2
"6037",193,1997,10.96,10.55,7.15,14.66,9.7,19.96,8.47
"6038",194,1997,1.01,2.88,0.96,8.78,1.33,14.28,2.15
"6039",195,1997,17.79,20.89,8.12,20.37,16.9,23.19,20.03
"6040",196,1997,9.96,18.12,7.3,26.63,10.53,32.52,15.41
"6041",197,1997,3.91,1.58,2.3,4.27,1.11,3.18,5.79
"6042",198,1997,5.97,2.2,6.37,3.38,1.31,2.39,5.37
"6043",199,1997,6.05,2.12,6.13,5.47,1.7,4.97,4.84
"6044",200,1997,7.74,1.68,6.9,3.53,1.25,3.46,2.98
"6045",201,1997,8.23,3.62,6.25,3.9,2.54,3.01,4.8
"6046",202,1997,28.06,10.32,28.68,7.46,18.56,8.13,7.01
"6047",203,1997,8.62,8.54,9.65,10.99,13.43,13.3,7.92
"6048",204,1997,10.96,11.58,18.69,9.16,18.82,11.83,8.91
"6049",205,1997,9.35,6.83,7.52,7.83,12,10.66,5.62
"6050",206,1997,6.73,6.98,7.97,9.78,10.48,11.76,10.52
"6051",207,1997,3.21,15.66,2.21,35.5,1.62,55.76,10.34
"6052",208,1997,11.38,25.6,9.59,33.34,4.97,37.36,19.19
"6053",209,1997,9.27,15.17,9.3,22.79,2.33,32.32,10.49
"6054",210,1997,5.37,7.19,6.02,13.54,2.56,14.55,12.11
"6055",211,1997,1.82,4.28,2.37,9.96,1.35,7.26,8.1
"6056",212,1997,6.65,12.08,6.27,21.31,1.98,30.29,7
"6057",213,1997,16.13,10.96,16.38,21.39,6.9,20.39,10.59
"6058",214,1997,10.81,9.82,10.08,12.6,7.52,10.45,9.59
"6059",215,1997,6.32,8.9,5.64,15.52,3.48,14.83,8.85
"6060",216,1997,10.1,12.23,13.95,14.52,11.3,11.5,8.99
"6061",217,1997,18.47,13.71,18.46,11.44,14.22,8.96,8.13
"6062",218,1997,9.37,18.09,9.91,14.23,10.43,21.81,9.73
"6063",219,1997,3.33,8.15,8.79,13.42,6.09,22.32,6.56
"6064",220,1997,4.89,9.37,6.48,7.91,5.98,16.24,2.91
"6065",221,1997,2.25,6.56,1.61,10.03,1.79,17.85,2.86
"6066",222,1997,1.37,4.35,2.15,7.08,0.72,14.03,1.56
"6067",223,1997,1.58,1.35,1.6,3.13,0.92,5.5,2.11
"6068",224,1997,0.67,8.47,0.59,7.82,0.6,12.79,4.51
"6069",225,1997,7.41,21.18,4.47,17.56,8.07,26.96,9.11
"6070",226,1997,16.09,30.08,12.13,20.17,12.56,33.5,14.2
"6071",227,1997,7.58,2.4,6.9,2.45,5.24,1.88,2.76
"6072",228,1997,9.43,15.75,10.91,13.59,14.11,14.28,15.91
"6073",229,1997,5.91,5.48,8.27,9.48,11.79,6.93,11.22
"6074",230,1997,9.6,6.47,11.14,14.54,8.05,14.96,13.72
"6075",231,1997,14.71,25.89,16.48,22.24,21.62,29.45,23.05
"6076",232,1997,3.01,5.19,3.3,12.31,3.57,18.62,7.04
"6077",233,1997,11.6,1.48,10.98,2.83,3.87,2.19,3.31
"6078",234,1997,12.99,11.44,13.45,15.97,8.65,15.13,9.12
"6079",235,1997,3.84,2.99,3.35,8.94,1.65,9.66,5.52
"6080",236,1997,8.89,4.14,10.79,7.7,4.43,6.51,6.5
"6081",237,1997,7.28,3.29,8.52,10.86,3.74,7.86,8.33
"6082",238,1997,10.46,7.18,12.76,8.31,13.6,8.45,10.4
"6083",239,1997,15.03,10.46,14.29,10.16,7.85,17.57,4.63
"6084",240,1997,9.06,5.94,12.04,9.83,5.2,16.35,5.59
"6085",241,1997,1.84,1.98,2.77,3.12,2.05,3.04,3.23
"6086",242,1997,1.73,0.52,3.03,0.84,1.05,0.53,1.67
"6087",243,1997,1.33,0.96,1.31,1.96,1.65,1.06,3.14
"6088",244,1997,5.65,5.11,9.55,7,5.24,5.13,3.34
"6089",245,1997,5.2,3.73,7.78,17.2,5,12.98,7.94
"6090",246,1997,1.52,2.46,2.59,3.01,2.98,1.77,2.48
"6091",247,1997,1.99,2.24,2.2,3.24,3.05,1.54,4.55
"6092",248,1997,5.33,2.04,8.63,4.35,4.11,2.56,7.22
"6093",249,1997,9.63,13.47,10.78,11.4,16.04,11.1,11.41
"6094",250,1997,1.51,4.44,1.77,9.97,3.13,11.03,6.33
"6095",251,1997,11.42,14.21,13.3,23.94,21.15,35.06,14.88
"6096",252,1997,4.95,7,5.86,3.81,5.99,6.56,3.91
"6097",253,1997,11.55,17.83,12.43,10.33,20.97,12.03,12.21
"6098",254,1997,10.39,17.56,9.64,9.96,13.78,15.36,8.18
"6099",255,1997,12.34,13.6,11.94,7.6,10.84,11.6,6.71
"6100",256,1997,0.42,1.1,0.71,2.02,0.61,2.99,1.35
"6101",257,1997,1.42,0.83,1.68,0.84,0.99,1.13,0.94
"6102",258,1997,18.34,7.81,20.66,4.52,13.29,7.98,3.81
"6103",259,1997,2.64,5.77,2.62,7.68,4.46,10.5,9.03
"6104",260,1997,5.29,2.71,6.65,3.55,4.54,3.21,8.05
"6105",261,1997,7.69,12.06,9.82,14.11,10.15,15.55,17.2
"6106",262,1997,5.17,8.34,4.32,12.96,9.53,10.59,17.88
"6107",263,1997,1.89,4.03,2.04,6.12,1.74,3.72,10.79
"6108",264,1997,3.22,16.78,3.66,5.78,10.65,8.62,6.59
"6109",265,1997,2.16,6.01,2.99,4.32,3.71,8.4,2.5
"6110",266,1997,4.84,19.38,7.43,12.42,15.3,25.56,13.44
"6111",267,1997,2.45,2.52,3.42,2.2,3.25,4.34,2.81
"6112",268,1997,1.95,2.56,2.54,2.12,1.72,4.48,2.11
"6113",269,1997,6.85,5.15,11.8,8.32,4.38,16.91,5.03
"6114",270,1997,5.7,0.99,8.95,1.76,1.14,2.02,1.79
"6115",271,1997,7.97,6.31,13.31,4.14,6.16,3.39,5.88
"6116",272,1997,1.99,5.43,3.17,6.98,2.6,9.29,7.47
"6117",273,1997,3.3,1.49,5.51,3.94,2.13,2.42,7.43
"6118",274,1997,2.63,11.15,1.16,8.47,2.4,8.9,8.46
"6119",275,1997,3.55,14.65,2.42,15.29,3.9,24.64,8.61
"6120",276,1997,3.92,12.31,2.08,22.05,2.5,40.16,7.28
"6121",277,1997,1,2.7,0.65,8.25,0.96,11.38,3.48
"6122",278,1997,0.09,0.4,0.08,1.28,0.11,1.35,0.61
"6123",279,1997,0.24,1.93,0.84,4.35,0.46,7.61,2.47
"6124",280,1997,3.99,7.87,6.18,6.59,3.78,9.85,4.72
"6125",281,1997,1.75,8.16,2.41,11.38,4.09,18.1,9.21
"6126",282,1997,3.11,1.57,6.49,2.42,0.85,5.37,2.62
"6127",283,1997,8.14,10.37,8.3,8.51,7.76,13.28,9.53
"6128",284,1997,4.11,2.32,4.21,6.91,2.37,6.67,3.14
"6129",285,1997,4.14,7.94,4.09,8.97,2.01,15.47,2.9
"6130",286,1997,3.53,5.21,4.82,9.17,2.64,11.86,4.39
"6131",287,1997,7.41,12.69,8.59,16.07,5.25,18.91,14.43
"6132",288,1997,2.3,8.36,2.42,9.72,2.77,7.79,8.69
"6133",289,1997,1.34,0.63,0.31,7.5,0.45,7.24,7.32
"6134",290,1997,2.19,2.01,1.67,3.38,1.3,2.9,3.11
"6135",291,1997,0.79,1.55,0.14,4.57,0.66,3.26,2.71
"6136",292,1997,1.41,4.35,0.4,4.14,0.68,4.1,3.46
"6137",293,1997,0.84,1.44,0.7,2.33,0.74,2.39,3.48
"6138",294,1997,10.69,7.35,9.53,3.33,5.81,2.33,3.47
"6139",295,1997,12.77,7.45,12.47,6.1,9.47,6.43,4.25
"6140",296,1997,4.49,2.58,5.54,2.09,3.55,1.95,2.34
"6141",297,1997,1.5,0.82,1.49,1.42,0.64,1.51,1.06
"6142",298,1997,2.52,0.59,3,1.41,2.01,0.84,1.1
"6143",299,1997,0.78,0.76,2,1.5,2.51,2.25,0.8
"6144",300,1997,0.39,0.35,1.52,1.02,1.28,1.36,0.7
"6145",301,1997,1.06,5.03,1.89,4.52,4.61,6.15,4.39
"6146",302,1997,0.45,0.35,1.51,0.88,1.11,0.88,0.57
"6147",303,1997,0.21,0.44,0.86,1.09,0.91,0.9,0.86
"6148",304,1997,0.89,3.03,2.03,4.85,3.59,7.62,3.23
"6149",305,1997,0.31,2.26,0.61,3.55,0.85,5.81,2.77
"6150",306,1997,0.06,0.52,0.36,1.96,0.08,2.05,1.51
"6151",307,1997,0.04,0.08,0.12,1.07,0.04,0.53,1.56
"6152",308,1997,0.05,0.09,0.48,1.23,0.04,0.78,1.44
"6153",309,1997,0.03,0.16,0.21,1.6,0.06,1.7,1.43
"6154",310,1997,1.09,5.58,2.92,7.71,2.47,9.15,7.46
"6155",311,1997,5.9,20.74,7.78,19.03,13.04,22.43,14.7
"6156",312,1997,3.27,14.93,5.31,18.49,5.82,20.14,13.39
"6157",313,1997,2.2,3.85,3.65,10.71,4.7,9.27,12.89
"6158",314,1997,0.56,3.57,0.81,5.63,3.1,3.43,8.4
"6159",315,1997,0.04,0,0.63,0.34,0.02,0.72,0.03
"6160",316,1997,0.02,0.01,0.24,0.09,0.02,0.17,0.01
"6161",317,1997,0.03,0.03,0.34,0.46,0.03,0.57,0.08
"6162",318,1997,0.02,0.05,0.3,0.84,0.02,1.17,0.12
"6163",319,1997,0.06,0.06,1.47,0.77,0.02,1.85,0.1
"6164",320,1997,1.67,2.18,3.07,1.37,3.75,0.97,2.47
"6165",321,1997,1.03,0.61,3.15,2.05,0.75,1.29,1.61
"6166",322,1997,4.9,5.43,9.16,3.78,6.48,5.67,5.54
"6167",323,1997,1.52,3.41,2.18,4.09,3.84,3.56,4.64
"6168",324,1997,0.97,0.3,2.73,1.79,0.95,1.39,1.5
"6169",325,1997,0.68,3.61,1.62,4.8,1.73,7.48,2.46
"6170",326,1997,0.12,0.71,0.33,1.4,0.37,1.8,0.61
"6171",327,1997,0.34,1.36,1.12,4.34,1.61,7.68,1.33
"6172",328,1997,0.53,1.89,1.72,1.99,2.71,1.82,1.87
"6173",329,1997,0.65,1.68,1.62,1.26,1.15,2.69,1.07
"6174",330,1997,0.06,0.16,0.03,0.14,0.14,0.08,0.45
"6175",331,1997,0.1,1.03,0.02,0.36,0.31,0.44,0.36
"6176",332,1997,0.14,1.31,0.05,2.47,0.28,3.86,1.23
"6177",333,1997,0.11,2.06,0.06,2.74,0.54,6,1.27
"6178",334,1997,0.2,0.83,0.14,3.28,0.52,2.59,1.65
"6179",335,1997,0.35,2.05,0.37,6.94,0.52,14.23,2.19
"6180",336,1997,0.03,0.09,0.02,1.04,0.07,1.66,0.53
"6181",337,1997,0,0,0,0.01,0,0,0.02
"6182",338,1997,0.18,0.51,0.22,1.1,0.41,1.53,0.38
"6183",339,1997,0,0,0,0.81,0,0.74,0.1
"6184",340,1997,0.14,0.19,0.84,1.37,0.3,1.54,0.72
"6185",341,1997,1.34,3.47,3.23,6.12,4.43,11.03,3.98
"6186",342,1997,0.86,1.07,2.31,3.31,1.27,7.55,1.17
"6187",343,1997,1.65,3.88,1.02,3.3,3.54,4.68,3.31
"6188",344,1997,0.11,0.44,0.1,0.93,0.35,1.66,0.52
"6189",345,1997,0.01,1.05,0,2,0.05,4.37,0.83
"6190",346,1997,0.01,0.25,0,0.35,0.03,0.27,0.15
"6191",347,1997,0.01,0.21,0,0.14,0.02,0.09,0.1
"6192",348,1997,0.01,0.18,0,0.92,0.02,0.73,0.55
"6193",349,1997,0.01,0.18,0,0.45,0.02,0.35,0.34
"6194",350,1997,0,0.02,0,0.16,0.04,0.09,0.08
"6195",351,1997,0.02,1.2,0,1.52,0.06,2.2,0.57
"6196",352,1997,0.01,0.81,0,2,0.01,3.51,0.8
"6197",353,1997,0,0.01,0,0.44,0,0.29,0.27
"6198",354,1997,0,0,0,0.51,0,0.38,0.28
"6199",355,1997,0,0,0,0.12,0,0.05,0.16
"6200",356,1997,0,0,0,0.4,0,0.29,0.16
"6201",357,1997,0.01,0.24,0,0.56,0.02,0.83,0.18
"6202",358,1997,0.05,2.15,0,4.9,0.31,10.77,1.54
"6203",359,1997,0.01,0.1,0,0.21,0.03,0.33,0.07
"6204",360,1997,0,0.13,0,0.26,0.02,0.66,0.06
"6205",361,1997,0,0.42,0,0.59,0.02,0.88,0.19
"6206",362,1997,0,0.37,0,1.16,0.01,1.89,0.56
"6207",363,1997,0.01,0.94,0,1.1,0.06,2.37,0.28
"6208",364,1997,0,0.19,0,1.49,0,2,0.41
"6209",365,1997,0,0,0,0.15,0,0.08,0.13
"6210",1,1998,0,0.18,0,0.32,0.05,0.2,0.34
"6211",2,1998,0.02,0.11,0,0.06,0.03,0.02,0.13
"6212",3,1998,0,0,0,0.04,0,0.03,0.03
"6213",4,1998,0,0.56,0,2.01,0,3.97,0.78
"6214",5,1998,0.02,1.09,0,2.84,0.17,5.29,0.91
"6215",6,1998,0.01,0.05,0.01,0.58,0.02,0.45,0.26
"6216",7,1998,0.02,0.32,0.01,1.19,0.05,1.11,0.81
"6217",8,1998,0.01,0.19,0.01,1.08,0.06,0.79,0.95
"6218",9,1998,0.09,1.11,0.06,2.56,0.26,3.79,0.88
"6219",10,1998,0.16,0.81,0.17,2.28,0.61,4.01,0.72
"6220",11,1998,0.12,1.31,0.42,2.69,0.31,4.98,0.74
"6221",12,1998,0.43,1.14,1.39,3.55,0.58,6.06,0.95
"6222",13,1998,2.09,0.41,6.5,0.64,2.72,0.79,0.5
"6223",14,1998,0.05,0.03,0.11,0.12,0.01,0.08,0.1
"6224",15,1998,0,0,0,0.09,0,0.05,0.09
"6225",16,1998,0.01,0.64,0,1.45,0.09,2.49,0.53
"6226",17,1998,0.01,0.16,0,0.59,0.04,0.52,0.33
"6227",18,1998,0.01,0.12,0,0.42,0.04,0.28,0.23
"6228",19,1998,0.01,0.14,0,0.32,0.04,0.36,0.13
"6229",20,1998,0.01,0.13,0,0.46,0.04,0.37,0.27
"6230",21,1998,0.03,0.03,0.05,0.37,0.05,0.35,0.18
"6231",22,1998,0.17,0.58,0.06,0.28,0.39,0.34,0.29
"6232",23,1998,0.01,0.65,0.04,1.5,0.09,1.93,0.86
"6233",24,1998,0,0.11,0.04,0.53,0.04,0.95,0.28
"6234",25,1998,0,0.08,0.04,0.73,0.05,0.71,0.27
"6235",26,1998,0,0,0,0.18,0,0.09,0.09
"6236",27,1998,0,0,0,0.11,0,0.03,0.08
"6237",28,1998,0,0.01,0,0.19,0,0.07,0.16
"6238",29,1998,0,0,0,0.11,0,0.04,0.11
"6239",30,1998,0,0.06,0,1.06,0.01,0.45,0.69
"6240",31,1998,0.04,1.59,0,4.41,0.3,4.47,2.28
"6241",32,1998,1.55,0.46,9.83,2.4,5.29,1.31,4.52
"6242",33,1998,1.43,0.72,3.22,2.4,6.06,1.61,4.31
"6243",34,1998,0.07,0.05,0.22,0.37,0.63,0.24,1
"6244",35,1998,0.24,0.19,0.73,1.63,2.16,0.88,4
"6245",36,1998,1.56,0.93,3.38,2.21,7.91,2,5.9
"6246",37,1998,2.79,2.88,1.6,2.65,2.27,4.46,2.2
"6247",38,1998,0.68,1.87,0.34,2.87,1.16,3.91,2.67
"6248",39,1998,9.3,10.33,7.67,14.14,9.83,12.71,16.62
"6249",40,1998,8.02,6.2,4.7,2.4,4.4,1.39,4.58
"6250",41,1998,2.07,6.05,0.64,4.99,2.08,4.78,5.83
"6251",42,1998,0.18,2.05,0.08,2.74,0.26,3.77,2.02
"6252",43,1998,0.62,1.9,0.85,5.12,0.89,6.76,2.44
"6253",44,1998,5.76,10.85,4.67,19.54,4.77,24.77,12.83
"6254",45,1998,1.16,8.55,0.94,15.74,1.59,25.57,8.94
"6255",46,1998,2.88,4.15,2.03,3.93,2.44,4.22,4.24
"6256",47,1998,0.36,2.25,0.31,2.63,0.31,4.11,1.27
"6257",48,1998,0.07,0.87,0.06,2.26,0.08,3.35,0.73
"6258",49,1998,0,0.03,0,0.39,0,0.21,0.27
"6259",50,1998,0,0,0,0.14,0,0.03,0.21
"6260",51,1998,0,0,0,0.21,0,0.05,0.24
"6261",52,1998,0.1,0.13,0.05,0.07,0.06,0.03,0.07
"6262",53,1998,0.1,0.13,0.05,0.15,0.06,0.08,0.12
"6263",54,1998,0.1,0.48,0.05,0.95,0.06,2.1,0.21
"6264",55,1998,0.1,0.13,0.05,0.46,0.06,0.28,0.25
"6265",56,1998,0.29,0.54,0.36,1.26,0.36,0.78,1.17
"6266",57,1998,0.07,0.33,0.02,0.77,0.09,0.56,0.61
"6267",58,1998,0.07,0.94,0.02,1.68,0.15,2.38,0.74
"6268",59,1998,0.07,0.32,0.02,1.21,0.1,0.74,1.32
"6269",60,1998,0.01,0,0.21,0.29,0,0.13,1.45
"6270",61,1998,0.04,0.05,0.21,0.5,0,0.28,1.63
"6271",62,1998,0.11,0.04,0.57,0.45,0.01,0.45,0.71
"6272",63,1998,0.6,1.58,0.51,1.27,0.23,2.77,1.85
"6273",64,1998,4.38,4.23,6.15,3.94,1.55,7.81,3.5
"6274",65,1998,2.9,5.84,9.04,5.93,8.77,6.58,9.87
"6275",66,1998,1.29,2.07,2.67,2.65,1.67,3.27,2.61
"6276",67,1998,0.08,0.19,0.48,1.4,0.59,1.1,1.32
"6277",68,1998,0,0.07,0,0.66,0.01,0.48,0.95
"6278",69,1998,0,0,0,0.21,0,0.09,1.02
"6279",70,1998,0,0,0,0.22,0,0.13,0.13
"6280",71,1998,0,0.73,0,1.38,0.02,1.82,0.91
"6281",72,1998,0,0,0,0.28,0,0.16,0.37
"6282",73,1998,0,0,0,0.15,0,0.09,0.05
"6283",74,1998,0,0.37,0,0.45,0.02,0.3,0.27
"6284",75,1998,0,0.41,0,1.47,0,0.63,2.33
"6285",76,1998,0,0.03,0,0.61,0,0.24,0.95
"6286",77,1998,0,0.06,0,0.49,0,0.11,0.53
"6287",78,1998,0,0.45,0,1.65,0,0.42,1.58
"6288",79,1998,0,1.25,0,4.99,0,2,5.74
"6289",80,1998,2.81,1.82,1.95,4.42,0.92,4.11,6.32
"6290",81,1998,5.72,10.94,3.58,22.97,4.72,31.09,15.77
"6291",82,1998,1.36,5.91,0.53,6.21,1.63,9.28,4.27
"6292",83,1998,0.25,0.17,0.16,1.93,0.06,1.24,2.68
"6293",84,1998,0.5,1.75,0.33,5.05,0.52,5.08,4.96
"6294",85,1998,3.65,4.92,7.17,7.97,5.3,10.02,2.68
"6295",86,1998,0.04,0.45,0.07,3.14,0.07,3.61,0.58
"6296",87,1998,0.5,1.62,0.05,3.1,0.26,3.31,0.8
"6297",88,1998,1.04,3.88,0.3,6.21,0.39,6.21,1.43
"6298",89,1998,9.58,10.44,10.76,12.42,14.39,14.86,4.52
"6299",90,1998,8.23,9.15,9.15,11.2,8.7,12.88,5.87
"6300",91,1998,6.32,11.32,8.38,10.68,8.25,12.93,13.17
"6301",92,1998,4.58,7.36,6.26,16.59,3.99,22.33,5.67
"6302",93,1998,9.99,13.44,10.63,15.55,5.43,20.13,7.62
"6303",94,1998,5.47,8.34,7.66,7.69,5.07,8.29,5.71
"6304",95,1998,5.52,6.41,6.3,15.48,3.28,9.37,17.9
"6305",96,1998,2.79,3.42,4.1,7.73,2.74,7.53,4.77
"6306",97,1998,3.67,2.76,4.16,9.28,1.82,6.13,6.45
"6307",98,1998,1.88,6.63,3.45,7.64,3.24,6.96,5.09
"6308",99,1998,1.3,3.19,1.5,4.4,1.92,4.24,3.45
"6309",100,1998,0.74,0.33,2.16,1.44,0.61,0.65,1.56
"6310",101,1998,0.51,0.55,0.69,1.92,0.45,0.99,3.34
"6311",102,1998,2.2,0.48,3.65,1.31,0.83,0.75,2.06
"6312",103,1998,22.87,5.96,23.81,7.87,16.19,5.25,11.22
"6313",104,1998,11.66,20.91,13.62,29.24,16.1,22.03,31.95
"6314",105,1998,4.68,11.37,5.94,16.97,4.06,16.37,12.57
"6315",106,1998,2.72,3.22,3.75,7.58,5.18,7.92,9.37
"6316",107,1998,0.57,3.97,0.81,12.93,4.76,11.17,16.22
"6317",108,1998,1.81,2.5,2.02,6.98,2.43,5.02,9.98
"6318",109,1998,8.32,11.55,9.79,20.64,11.46,35.25,17.02
"6319",110,1998,28.04,15.74,22.42,27.91,40.65,36.05,35.06
"6320",111,1998,7.39,13.67,6.36,24.56,8.25,26.15,15.76
"6321",112,1998,0.43,3.18,0.48,7.66,0.61,5.68,5.14
"6322",113,1998,3.4,1,4.08,1.69,1.28,1.03,1.51
"6323",114,1998,22,28.84,18.4,20.7,30.31,19.67,17.61
"6324",115,1998,3.68,11.82,4.18,28.12,3.75,23.49,17.23
"6325",116,1998,2.58,5.88,1.68,11.66,1.07,19.34,7.79
"6326",117,1998,0.24,0.46,0.61,1.41,0.06,2.81,0.94
"6327",118,1998,0.23,0.27,0.3,1.43,0.11,1.34,1.25
"6328",119,1998,0.05,0.62,0.19,2.3,0.11,3.18,2.58
"6329",120,1998,2.6,2.28,3.18,5.44,1.32,6.22,3.96
"6330",121,1998,17.93,5.08,24.45,8.65,15.95,6.33,12.14
"6331",122,1998,9.92,12.58,13.1,32.3,19.56,22.99,47.68
"6332",123,1998,4.41,7.2,5.57,12.84,7.44,14.45,8.17
"6333",124,1998,6.71,15.37,4.47,27.77,16.89,31.6,21.12
"6334",125,1998,4.88,4.98,5.52,12.42,8.62,15.65,6.88
"6335",126,1998,12.58,9.78,14.04,13.23,14.31,13.89,10.78
"6336",127,1998,11.17,13.9,10.91,31.1,14.59,35.82,20.06
"6337",128,1998,5.03,5.47,6.64,12.75,6.82,13.62,10.22
"6338",129,1998,10.26,15.92,8.18,45.99,13.15,37.08,46.38
"6339",130,1998,6.35,7.31,6.28,13.36,8.46,17.21,10.62
"6340",131,1998,11.64,5.91,15.05,11.58,9.82,7.28,10.99
"6341",132,1998,12.09,7.21,14.32,12.91,8.12,8.88,12.03
"6342",133,1998,1.74,4.38,1.42,9.46,1.77,7.28,4.13
"6343",134,1998,2.15,0.89,3.14,4.85,1.18,3.21,2.51
"6344",135,1998,12.39,4.56,18.98,10.62,11.07,7.17,8.52
"6345",136,1998,8.77,16.76,6,7.69,13.49,10.07,9.81
"6346",137,1998,12.28,20.96,11.09,11.73,18.08,20.04,17.43
"6347",138,1998,4.54,17.73,2.87,10.43,10.45,17.61,14.46
"6348",139,1998,1.49,2.26,1.52,2.3,2.81,3.5,3.07
"6349",140,1998,0.05,1.08,0.01,1.3,0.05,2.99,2.17
"6350",141,1998,0.79,1.33,1.64,3.1,0.38,7.03,0.9
"6351",142,1998,1.07,1.47,1.5,4.12,0.19,9.04,1.02
"6352",143,1998,11.36,6.42,18.6,7.94,8.99,12.81,3.8
"6353",144,1998,16.16,12.34,12.59,11.41,5.1,19.53,4.45
"6354",145,1998,20.56,17.68,24.61,13.79,13.66,20.38,4.61
"6355",146,1998,17.03,9,17.58,18.05,14.6,13.64,21.12
"6356",147,1998,13.72,7.43,15.29,18.19,8.67,11.76,21.75
"6357",148,1998,40.51,32.61,33.84,28.63,19.78,31.96,17.2
"6358",149,1998,11.07,7.31,9.9,15.67,7.85,16.56,8.51
"6359",150,1998,9.31,5.17,10.42,15.45,7.83,9.72,13.39
"6360",151,1998,28.8,9.7,23.62,12.25,17.36,13.28,12.48
"6361",152,1998,14.79,12.42,16.08,10.48,13.22,13.4,8.49
"6362",153,1998,18.14,22.93,18.17,22.2,18.8,23.15,29.65
"6363",154,1998,16.06,19.27,16.12,18.07,11.02,24.89,9.19
"6364",155,1998,5.95,8.02,5.8,15.58,2.82,22.56,5.16
"6365",156,1998,6.98,7.62,6.08,15.11,2.09,19.3,6.45
"6366",157,1998,11.85,9.89,8.13,15.26,10.72,17.37,13.88
"6367",158,1998,30.99,24.84,25.79,30.32,36.94,33.98,35.26
"6368",159,1998,44.5,23.94,37.79,28.52,36.37,35.17,22.59
"6369",160,1998,7.37,3.2,9.92,12.06,6.28,10.97,10.08
"6370",161,1998,0.98,0.04,1.13,0.45,0.32,0.18,0.6
"6371",162,1998,7.28,2.19,6.43,2,5.74,0.82,3.73
"6372",163,1998,20.94,27.01,16.53,16.81,23.9,19.36,14.04
"6373",164,1998,3.2,4.18,4.23,9.88,3.95,14.79,9.24
"6374",165,1998,24.3,21.85,18.15,20.23,25.13,30.96,18.76
"6375",166,1998,21.18,13.64,23.42,17.48,14.93,25.29,12.52
"6376",167,1998,3.04,7.37,5.78,14.07,4.21,17.63,6.01
"6377",168,1998,4.52,7.92,4.88,6.83,7.79,5.42,7.48
"6378",169,1998,7.16,16.35,6.69,11.85,13.44,10.79,9.08
"6379",170,1998,7.32,6.74,8.39,6.82,8.07,4.53,7.1
"6380",171,1998,18.5,15.8,16.17,8.15,20.05,5.87,10.13
"6381",172,1998,28.93,56.14,11.02,36.73,16.2,52.28,17.22
"6382",173,1998,25.9,51.65,16,33.69,27.69,39.8,24.57
"6383",174,1998,20.92,10.87,20.21,8.84,19.15,6.03,14.01
"6384",175,1998,19.66,7.95,18.28,7.48,19.17,4.3,10.91
"6385",176,1998,22.29,16.23,20.99,9.76,22.55,8.39,9.8
"6386",177,1998,13.18,11.44,15.5,13.83,13,12.47,13.3
"6387",178,1998,27.03,13.13,34.22,16.83,24.17,15.52,17.88
"6388",179,1998,8.29,6.77,13.13,17.17,7.01,16.22,19.25
"6389",180,1998,3.83,8.1,4.33,16.99,7.81,16.68,14.17
"6390",181,1998,3.38,2.14,3.88,3.24,4.97,2.82,3.79
"6391",182,1998,14.46,12.52,13.58,16.51,18.62,23.35,15.31
"6392",183,1998,11.7,9.29,10.16,13.24,19.78,18.83,9.98
"6393",184,1998,11.86,7.38,9.56,6.46,9.23,4.02,14.68
"6394",185,1998,20.21,15.43,18.89,15.52,15.14,25.88,13.43
"6395",186,1998,21.68,15.6,20.21,22.24,25.71,31.74,20.21
"6396",187,1998,5.74,10.98,6.43,14.32,7.9,20.3,10.42
"6397",188,1998,8.44,14.04,8.38,10.95,16.25,16.69,7.95
"6398",189,1998,7.45,5.74,7.79,7.89,8.27,7.02,8.01
"6399",190,1998,9.63,2.89,11.31,3.48,9,2.22,4.14
"6400",191,1998,10.5,15.21,9.27,10.74,20.33,15.17,9.45
"6401",192,1998,12.68,5.13,16.38,8.31,9.02,11.32,5.39
"6402",193,1998,10.49,7.71,11.19,18.14,10.93,20.56,14.18
"6403",194,1998,3.53,3.56,5.05,4.55,4.07,5.52,3.95
"6404",195,1998,18.27,8.15,18.43,5.5,19.92,5.25,12.79
"6405",196,1998,5.21,3.26,7.27,5.98,6.15,4.64,6.46
"6406",197,1998,17.89,20.96,18.92,11.89,13.56,14.98,6.62
"6407",198,1998,30.54,27.23,31.06,23.65,25.66,25.58,22.93
"6408",199,1998,4.22,2.26,10.21,7.02,4.72,5.37,7.78
"6409",200,1998,11.11,6.64,11.72,5.64,6.48,6.34,3.6
"6410",201,1998,6.61,7.53,6.12,6.36,4.91,6.23,5.2
"6411",202,1998,10.48,9.27,11.81,4.87,10.14,6.09,5.56
"6412",203,1998,15.23,7.14,17.47,12.85,8.32,14.61,9.29
"6413",204,1998,9.87,11.1,8.36,14.57,13.73,13.14,13.98
"6414",205,1998,17.19,17.35,16.87,20.24,16.8,23.37,22.96
"6415",206,1998,10.12,1.57,13.5,6.73,5.34,4.6,6.29
"6416",207,1998,16.95,9,25.16,5.53,13.15,7.66,5.87
"6417",208,1998,7.28,3.75,7,4.3,4.09,5.95,3.75
"6418",209,1998,11.6,3.95,15.42,16.14,6.81,26.48,7.78
"6419",210,1998,10.39,6.58,12.98,15.23,10.61,21.32,15.86
"6420",211,1998,14.09,5.24,15.58,10.42,12.12,13.94,9.57
"6421",212,1998,8.28,4.3,8.77,11.64,3.59,20.5,5.83
"6422",213,1998,10.33,12.52,13.06,11.49,10.09,14.25,6.05
"6423",214,1998,21.97,3.15,35.88,6.79,10.86,9.65,3.13
"6424",215,1998,11.32,5.37,15.57,5.93,5.52,9.34,3.31
"6425",216,1998,19.99,11.37,27.28,4.71,12.33,4.98,4.2
"6426",217,1998,12.4,3.08,16.12,2,8.72,1.63,2.01
"6427",218,1998,10.95,10.16,8.49,7.59,15.15,7.95,7.84
"6428",219,1998,15.63,11.33,14,11.42,15.63,19.7,8.11
"6429",220,1998,7.24,3.24,7,9.71,7.44,9.86,5.82
"6430",221,1998,2.75,0.37,3.56,1.87,3.83,1.52,1.64
"6431",222,1998,11.2,16.45,8.33,5.7,18.07,7.44,9.66
"6432",223,1998,5.19,10.98,5.64,13.93,5.44,16.58,9.75
"6433",224,1998,11.06,6.16,10.34,6.83,7.21,11.97,4.71
"6434",225,1998,17.32,7,18.42,2.96,12.52,3.35,4.36
"6435",226,1998,13.08,7.44,18.2,6.15,11.34,4.65,7.04
"6436",227,1998,18.41,12.85,18.01,14.71,16.25,17.82,11.57
"6437",228,1998,11.28,7.62,8.88,5.91,7.08,5.13,6.63
"6438",229,1998,2.87,4.12,2.23,5.76,2.83,6.48,6.3
"6439",230,1998,0.46,1.56,0.69,2.7,0.95,3.08,3.28
"6440",231,1998,5.69,13.57,4.7,13.02,6.58,9.62,17.21
"6441",232,1998,12.11,16.17,9.7,9.16,18.16,7.82,14.46
"6442",233,1998,7.99,9.68,9.14,14.63,4.88,15.88,8.31
"6443",234,1998,10.29,21.19,10.14,25.12,11.33,34.89,13.76
"6444",235,1998,8.47,11,9.24,11.57,7.38,19.38,7.59
"6445",236,1998,3.62,12.2,2.69,12.18,5.66,15.65,12.93
"6446",237,1998,13.9,12.94,16.85,24.74,11.81,33.31,16.27
"6447",238,1998,7.08,7.09,8.4,7.35,10.42,8.7,6.98
"6448",239,1998,2.34,7.42,1.78,10.13,4.79,10.25,6.72
"6449",240,1998,3.71,4.5,3.36,4.38,5.35,3.35,3.93
"6450",241,1998,8.4,9.09,6.01,6.16,7.8,6.39,5.28
"6451",242,1998,11.47,13.47,9.23,10.36,13.91,9.96,12.78
"6452",243,1998,1.89,5.13,2.14,16.56,1.76,21.94,5.05
"6453",244,1998,0.35,1.49,0.7,8,0.28,8.01,4.01
"6454",245,1998,2.81,4.89,3.34,12.19,5.1,12.21,8.04
"6455",246,1998,1.15,1.84,1.24,5.61,0.76,5.49,2.45
"6456",247,1998,0.19,0.14,0.3,1.56,0.25,1.11,0.58
"6457",248,1998,0.26,0.12,0.42,1.12,0.19,0.5,1.17
"6458",249,1998,9.81,2.58,10.26,2.59,4.71,2.24,2.42
"6459",250,1998,4.62,5.35,4.68,10.89,4.6,8.24,10.63
"6460",251,1998,13.17,9.52,13.92,5.83,6.6,5.83,6.35
"6461",252,1998,10.53,12.2,10.52,11.07,10.46,15.8,6.94
"6462",253,1998,12.57,7.21,12.59,6.38,6.1,8.53,4.4
"6463",254,1998,12.35,5.9,13.2,2.54,6.42,2.99,2.49
"6464",255,1998,3.86,9.48,4.19,10.08,4.99,9,9.9
"6465",256,1998,9.09,10.03,11.91,10.56,6.58,15.29,6.44
"6466",257,1998,13.87,7.49,16.1,11.95,8.68,14.94,5.95
"6467",258,1998,5.65,6.26,5.5,11.27,7,13.51,5.14
"6468",259,1998,9.52,5.66,11.15,9.23,8.65,7.08,8.34
"6469",260,1998,3.44,3.52,3.11,7.75,3.28,7.55,5.7
"6470",261,1998,6.02,8.74,7.14,14.44,8.03,13.08,10.1
"6471",262,1998,9.2,11.11,10.11,10.05,10.75,7.11,14.67
"6472",263,1998,11.22,8.86,14.41,5.48,15.43,4.55,7.48
"6473",264,1998,5.38,2.35,7.79,5.04,3.25,4.94,4.34
"6474",265,1998,4.41,4.23,3.69,8.41,2,11.22,7.21
"6475",266,1998,3.59,3.38,3.2,15.23,1.67,21.69,6.14
"6476",267,1998,5.59,4.78,5.05,10.7,3.15,12.16,7.15
"6477",268,1998,7.77,4.43,7.67,8.3,4.45,6,7.53
"6478",269,1998,19.34,23.91,21.54,7.51,21.82,10.75,8.56
"6479",270,1998,0.84,3.84,1.07,3.77,1.65,5.19,3.96
"6480",271,1998,9.61,10.56,8.05,4.89,10.82,11.87,4.8
"6481",272,1998,3.8,5.49,4.47,3.27,7.36,5.47,3.72
"6482",273,1998,2.03,1.14,3.66,0.7,2.25,1.99,0.45
"6483",274,1998,6.89,10.64,7.3,6.08,6.94,7.79,6.6
"6484",275,1998,4.1,7.16,2.8,6.58,2.75,9.57,5.32
"6485",276,1998,2.91,3.75,2.42,6.29,1.43,8.9,5.6
"6486",277,1998,2.67,6.6,1.78,3.29,2.17,3,4.53
"6487",278,1998,2.69,2.84,2.68,3.6,1.79,3.09,3.96
"6488",279,1998,6.37,5.47,7.7,12.16,9.04,9.31,11.03
"6489",280,1998,15.71,25.02,20.39,37.61,28.88,43.72,25.26
"6490",281,1998,9.58,18.61,9.54,35.58,12.45,46.4,18.3
"6491",282,1998,6.18,15.23,7.77,18.44,14.69,24.63,11.07
"6492",283,1998,1.57,6.4,1.59,12,2.89,14.23,6.5
"6493",284,1998,0.65,1.64,0.69,7.29,0.46,12.71,1.38
"6494",285,1998,1.95,0.75,3.22,3.34,1.03,1.67,2.22
"6495",286,1998,11,21.17,11.9,24.45,10.7,22.01,16.93
"6496",287,1998,15.91,18.94,14.78,19.86,12.72,22.9,12.24
"6497",288,1998,12.84,9.75,10.4,22.69,10.03,23.23,11
"6498",289,1998,7.15,2,10.92,5.11,8.54,3.26,4.7
"6499",290,1998,1.17,2.66,1.99,4.79,2.86,3.18,5.98
"6500",291,1998,0.99,2.2,1.92,5.66,2.29,3.41,6.01
"6501",292,1998,8.01,18.53,9.67,14.38,12.91,19.72,13.2
"6502",293,1998,7.57,11.15,11.41,16.44,10.31,24.12,12.37
"6503",294,1998,8.37,14.21,7.3,15.59,10.02,17.24,11.5
"6504",295,1998,0.57,2.54,1.03,9.68,0.74,9.02,7.01
"6505",296,1998,1.69,2.16,2.71,9.39,1.41,9.44,8.41
"6506",297,1998,4.69,5.15,4.21,5.11,5.52,6.04,2.83
"6507",298,1998,0.74,2.66,0.93,5.1,1.48,2.36,10.25
"6508",299,1998,1.16,0.56,1.49,0.67,0.9,0.2,2.22
"6509",300,1998,8.31,6.18,6.61,3.24,6.89,2.6,8.18
"6510",301,1998,3.66,12.23,2.79,10.58,7.11,10.58,12.59
"6511",302,1998,9.99,11.82,13.1,15.71,16.25,10.29,12.71
"6512",303,1998,11.64,14.98,12.87,17.47,9.13,23.25,10.4
"6513",304,1998,0.62,1.61,0.56,7.28,0.89,7.26,4.96
"6514",305,1998,1.21,5.96,1.04,7.05,1.56,14.93,2.85
"6515",306,1998,2.33,9.55,2.14,5.52,4.18,11.19,4.05
"6516",307,1998,15.38,29.37,11.45,14.15,19.02,19.96,11.46
"6517",308,1998,7.15,12.68,8.24,20.43,9.91,34.38,8.85
"6518",309,1998,0.76,1.95,0.67,2.31,1.86,3.02,1.85
"6519",310,1998,5.74,6.5,5.15,9.49,4.1,6.73,9.78
"6520",311,1998,12.5,14.45,10.9,23.22,7.51,32.21,15.93
"6521",312,1998,3.55,3.59,3.73,5.53,3.26,4.74,9.18
"6522",313,1998,10.42,22.16,4.89,13.48,7.74,19.99,9.19
"6523",314,1998,2.34,2.44,2.22,6.97,1.84,5.41,7.06
"6524",315,1998,3.66,0.5,5.28,0.05,2.49,0.04,1.19
"6525",316,1998,0.28,0.2,0.32,0.01,0.21,0.04,0.72
"6526",317,1998,0.42,0.23,1.35,0.04,0.26,0.05,1.35
"6527",318,1998,4.5,2.68,3.36,0.22,3.97,0.98,2.99
"6528",319,1998,7.15,2.09,7.71,0.23,4.02,0.72,1.08
"6529",320,1998,0,0.28,0.16,2.26,0.22,1.15,1.8
"6530",321,1998,0,0.3,0.21,2.31,0.25,1.01,1.25
"6531",322,1998,0,2.27,0.17,7.9,0.31,6.1,4.02
"6532",323,1998,0,1.66,0.13,6.35,0.41,2.88,3.73
"6533",324,1998,0,1.61,0.04,5.77,0.24,3.43,3.39
"6534",325,1998,0.17,1.4,0.1,4.06,1.18,7.18,2.67
"6535",326,1998,0.15,0.25,0.16,1.43,0.35,2.07,1.14
"6536",327,1998,0.04,0.72,0.01,2.07,0.1,3.95,1.76
"6537",328,1998,0.01,0.06,0.01,0.94,0.04,0.75,1.2
"6538",329,1998,0,0.1,0,0.95,0.03,0.96,1.21
"6539",330,1998,0.02,0.23,0.06,2.32,0.11,2.16,2.36
"6540",331,1998,0.05,0.06,0.14,0.6,0.16,0.32,0.93
"6541",332,1998,0.11,0.61,0.15,1.21,0.44,1.3,1.71
"6542",333,1998,0.64,2.18,0.75,1.3,2.2,1.94,1.54
"6543",334,1998,0.95,2.94,1.8,2.62,3.36,3.27,2.51
"6544",335,1998,1.06,0.53,1.55,3.18,0.43,1.67,2.82
"6545",336,1998,0.49,1.2,0.52,7.53,0.63,5.18,4.28
"6546",337,1998,0.87,1.94,0.9,17.49,0.9,12.89,12.04
"6547",338,1998,4.08,2.72,5.7,7.01,1.59,6.12,5.55
"6548",339,1998,4.38,1.66,5.43,1.24,1.81,0.67,1.73
"6549",340,1998,0.37,1.61,0.5,1.95,0.46,2.33,1.71
"6550",341,1998,0.56,3.49,0.32,3.23,0.47,3.24,2.58
"6551",342,1998,0.47,4.28,0.17,5.47,0.68,8.99,3.59
"6552",343,1998,0.23,0.93,0.2,1.8,0.24,1.78,1.55
"6553",344,1998,0.08,0.49,0.07,1.26,0.08,1.24,1.24
"6554",345,1998,2.77,7.95,2.85,2.63,1.73,8.8,2.37
"6555",346,1998,0.89,1.19,1.43,1,0.61,1.48,1.11
"6556",347,1998,2.68,3.95,4.36,3.34,1.78,6.92,2.45
"6557",348,1998,4.27,4.31,4.88,2.21,2.63,5.39,1.4
"6558",349,1998,2.31,5.62,2.2,4.87,1.53,13.93,2.57
"6559",350,1998,0.05,1.89,0,3.18,0.24,5.75,1.06
"6560",351,1998,0,0,0,1.28,0,1.22,0.39
"6561",352,1998,0,0,0,0.01,0,0,0.03
"6562",353,1998,0.03,2.73,0,2.61,0.12,5.01,0.85
"6563",354,1998,0,0.19,0,0.86,0.01,1.68,0.37
"6564",355,1998,0.01,0.14,0.02,0.11,0.03,0.08,0.19
"6565",356,1998,0.35,1.75,0.19,3.35,0.56,2.68,2.61
"6566",357,1998,0.54,1.02,0.35,2.81,0.48,3.48,1.24
"6567",358,1998,1.41,0.53,1.42,1.42,1.45,0.85,0.7
"6568",359,1998,2.92,2.94,1.64,2.49,2.29,1.71,1.75
"6569",360,1998,0.03,0.1,0.02,1.26,0.15,1.63,1.11
"6570",361,1998,0.13,0.2,0.1,2.03,0.33,2.99,1.79
"6571",362,1998,0.13,0.32,0.08,1.13,0.91,1.67,0.73
"6572",363,1998,0.08,0.29,0.05,0.77,0.28,0.89,0.66
"6573",364,1998,0.53,2.7,0.22,2.02,2.92,7.36,1.54
"6574",365,1998,0.2,1.16,0.12,2.81,2.29,7.87,1.82
"6575",1,1999,0.01,0.99,0,3.04,0.1,3.93,1.36
"6576",2,1999,0.02,1.41,0,2.81,0.18,4.02,1.58
"6577",3,1999,0,0.46,0,1.88,0.03,3.32,0.89
"6578",4,1999,0,0.03,0,0.26,0,0.62,0.31
"6579",5,1999,0,0.06,0,0.12,0.01,0.11,0.11
"6580",6,1999,0.01,0.22,0,0.4,0.03,1.52,0.47
"6581",7,1999,0.01,0.24,0.01,0.18,0.09,0.08,0.49
"6582",8,1999,0.01,0.02,0.01,0.06,0.03,0,0.26
"6583",9,1999,0.03,0.11,0.02,2.65,0.05,1.54,1.34
"6584",10,1999,0.03,1.15,0.02,2.05,0.12,2.37,1.2
"6585",11,1999,0.05,0.3,0.05,1.06,0.37,0.6,1.19
"6586",12,1999,0.54,4.26,0.24,7.65,1.85,7.54,4.58
"6587",13,1999,0.05,1.14,0.1,3.33,0.23,3.12,2.17
"6588",14,1999,0,0.01,0,0.54,0,0.34,0.27
"6589",15,1999,0,0.03,0,0.61,0,0.36,0.39
"6590",16,1999,0,0.03,0,0.66,0,0.55,0.36
"6591",17,1999,0,0.03,0,0.28,0,0.13,0.27
"6592",18,1999,0.04,1.55,0,1.94,0.14,3.61,0.6
"6593",19,1999,0.01,0.5,0,2.21,0.05,2.89,0.88
"6594",20,1999,0,0.03,0,1.28,0.01,0.86,0.62
"6595",21,1999,0,0.04,0.02,1.4,0.01,1.24,0.68
"6596",22,1999,0.05,0.45,0.6,1.77,0.16,2.38,0.7
"6597",23,1999,0.09,1.31,0.21,4.33,0.33,5.59,2.23
"6598",24,1999,0.04,0.58,0.24,2.18,0.19,2.82,1.29
"6599",25,1999,0.08,1.89,0.14,4.23,0.21,5.35,2.34
"6600",26,1999,0.01,1.06,0,2.29,0.07,3.07,1.4
"6601",27,1999,0.02,1.51,0,4.74,0.13,7.62,2.16
"6602",28,1999,0,0.37,0,1.66,0.03,2.53,0.61
"6603",29,1999,0,0.15,0,1.29,0.01,1.91,0.35
"6604",30,1999,0,0.61,0,2.71,0.02,4.85,0.64
"6605",31,1999,0.02,1.35,0,4.01,0.08,7.1,1.16
"6606",32,1999,0,0.94,0,1.01,0.03,1.52,0.47
"6607",33,1999,0.01,1.54,0,2.61,0.03,4.35,1.01
"6608",34,1999,0,0.3,0,1.95,0,2.68,0.84
"6609",35,1999,0,0.13,0,0.63,0,0.63,0.33
"6610",36,1999,0,0.06,0,0.17,0.01,0.1,0.17
"6611",37,1999,0.78,0.81,0.39,1.58,0.76,1.29,1.28
"6612",38,1999,0.06,0.05,0.03,0.8,0.05,0.33,2.2
"6613",39,1999,0,0.06,0.01,1.64,0,0.99,1.84
"6614",40,1999,0.09,0.63,0.21,2.49,0.24,3.18,1.01
"6615",41,1999,7.11,5.84,4.38,19.4,5.26,23.45,9.13
"6616",42,1999,0.32,1.14,0.91,5.1,0.78,5.41,2.37
"6617",43,1999,1.01,2.43,2.13,4.03,2.44,4.35,2.07
"6618",44,1999,2.36,5.95,3.88,6.2,4.8,6.59,3.12
"6619",45,1999,0.06,0.2,0.12,2.03,0.06,1.74,1.02
"6620",46,1999,0.28,0.5,0.9,1.08,1.54,0.69,1.26
"6621",47,1999,0.97,2.88,0.95,11.85,2.21,9.59,10.09
"6622",48,1999,0.1,0.34,0.06,5.2,0.37,2.32,8.96
"6623",49,1999,0.08,0.19,0.06,4.83,0.14,2.05,6.54
"6624",50,1999,2.57,4.43,2.77,11.23,3.69,7.74,14.86
"6625",51,1999,8.71,7.86,11.39,9.66,13.42,8.85,10.67
"6626",52,1999,14.59,18.38,12.94,16.86,13.27,21.87,8.72
"6627",53,1999,51.85,63,46.29,60.2,53.36,66.34,45.62
"6628",54,1999,46.34,32.87,37.81,18.17,43.58,24.1,14.26
"6629",55,1999,13.96,9.47,12.2,10.34,15.86,12.96,7.75
"6630",56,1999,0.48,1.86,0.68,10.66,0.86,9.41,5.79
"6631",57,1999,0.08,0.47,0.03,2.08,0.15,2.78,1.11
"6632",58,1999,0.08,0.54,0.04,1.6,0.12,1.86,1.17
"6633",59,1999,0.03,1,0,1.79,0.09,2.7,1.31
"6634",60,1999,0.01,0.85,0,1.72,0.02,2.38,0.99
"6635",61,1999,0,0.04,0,0.25,0.01,0.13,0.5
"6636",62,1999,0,0,0,0.07,0,0.02,0.05
"6637",63,1999,1.83,0.39,0.77,0.2,0.09,0.08,0.2
"6638",64,1999,0.14,0.28,0.04,0.68,0.03,0.37,0.5
"6639",65,1999,0.01,0.82,0,0.53,0.03,0.63,0.27
"6640",66,1999,0,0.01,0,0.09,0,0.08,0.13
"6641",67,1999,0,0.05,0,0.29,0,0.31,0.18
"6642",68,1999,0,0.15,0,1.02,0.01,1.35,0.65
"6643",69,1999,0.05,0.76,0,1.2,0.1,1.72,0.85
"6644",70,1999,0.13,0.3,0.07,2.52,0.15,2.83,1.72
"6645",71,1999,3.56,0.97,4.76,8.59,2.2,10.54,5.58
"6646",72,1999,10.47,3.83,13.96,10.57,13.39,10.48,12.47
"6647",73,1999,8.41,3.73,7.34,6.36,14.74,5.71,7.26
"6648",74,1999,5.49,2.04,6.01,8.45,3.08,8.39,5.7
"6649",75,1999,0.1,0.01,0.11,0.34,0,0.25,0.45
"6650",76,1999,0.15,0.46,0.26,1.4,0,1.9,1.08
"6651",77,1999,0.06,0.08,0.09,0.53,0,0.84,0.6
"6652",78,1999,0,0.02,0.01,0.62,0,0.57,0.71
"6653",79,1999,0.02,0.22,0.04,0.96,0,1.51,0.83
"6654",80,1999,6.06,4.48,4.86,5.51,5.43,6.65,5.81
"6655",81,1999,14.58,11.4,7.88,7.18,16.61,8.2,8.2
"6656",82,1999,11.03,1.88,11.78,2.72,8.16,2.23,2.61
"6657",83,1999,16.66,6.9,25.02,4.3,26.48,4.69,3.69
"6658",84,1999,0,0.02,0,0.59,0.03,0.2,0.56
"6659",85,1999,0.02,0.14,0.01,0.08,0.12,0.09,0.1
"6660",86,1999,3.52,2.63,2.26,1.1,2.27,1.13,1.27
"6661",87,1999,23.07,40.6,11.08,15.34,38.26,18.24,19.47
"6662",88,1999,0.35,0.5,0.24,0.79,0.55,0.58,1.47
"6663",89,1999,0.03,0.31,0,0.64,0.11,0.59,1.12
"6664",90,1999,0.04,0.15,0.03,0.58,0.04,0.58,1.99
"6665",91,1999,1.72,0.75,2.09,2.41,1.77,1.68,3.32
"6666",92,1999,10.78,17.47,14.95,19.11,15.35,24.82,14.55
"6667",93,1999,5.13,8.88,6.39,29.22,9.54,46.8,14.14
"6668",94,1999,7.73,16.56,6.76,30.53,15.29,40.64,25.06
"6669",95,1999,12.38,11.73,15.12,20.82,19.4,16.22,33.26
"6670",96,1999,17,7.09,18.9,5.99,20.78,8.82,8.59
"6671",97,1999,22.95,13.78,20.18,6.01,26.92,4.99,18.19
"6672",98,1999,58.69,33.2,62.04,14.96,50.83,25.31,26.49
"6673",99,1999,13.46,16.03,12,10.95,11.95,13.12,23.45
"6674",100,1999,19.69,10.76,26.38,13.38,14.28,15.35,20.02
"6675",101,1999,5.69,6.57,7.35,9.53,7.4,14.06,8.12
"6676",102,1999,5.82,10.45,5.3,14.85,11.76,16.22,15.66
"6677",103,1999,9.79,5.53,11.56,6.86,6.96,9.19,6.08
"6678",104,1999,21.35,16.26,24.59,17.15,22.42,25.49,11.71
"6679",105,1999,15.59,8.56,14.97,6.12,17.86,8.15,4.75
"6680",106,1999,1.25,3.45,3.45,12.64,2.98,15.98,2.11
"6681",107,1999,0.1,0.03,0.34,0.22,0.14,0.24,0.03
"6682",108,1999,0.2,0.01,0.6,0.21,0.19,0.19,0.03
"6683",109,1999,0.24,0.57,0.85,3.05,0.89,2.88,0.6
"6684",110,1999,2.3,5.94,5.87,17.79,8.35,16.25,4.53
"6685",111,1999,20.01,24.45,19.33,9.9,27.51,12.22,13.27
"6686",112,1999,14.46,18.92,17.37,11.01,14.93,13.41,10.79
"6687",113,1999,16.32,33.27,13.45,11.05,13.82,15.55,10.74
"6688",114,1999,11.03,12.16,11.84,7.56,9.69,9.86,7.97
"6689",115,1999,9.97,11.16,8.55,7.82,6.78,13.49,5.04
"6690",116,1999,10.5,6.23,10.04,18.18,7.23,17.29,12
"6691",117,1999,2.1,1.9,1.58,12.51,2.45,9.85,7.4
"6692",118,1999,4.81,2.9,4.92,8.28,4.02,7.24,3.94
"6693",119,1999,1.65,0.46,3.06,9.84,1.02,10.08,3.41
"6694",120,1999,2.03,1.36,3.63,7.42,3.14,6.91,6.06
"6695",121,1999,4.64,1.13,5.48,3.2,2.6,2.39,4.05
"6696",122,1999,4.65,1.1,5.05,1.47,3.44,0.81,2.84
"6697",123,1999,6.6,4.21,5.9,2.65,3.89,2.78,8.68
"6698",124,1999,2.04,1.8,2.5,3.08,1.32,2.19,7.24
"6699",125,1999,0.7,0.12,0.82,0.71,0.22,0.16,1.88
"6700",126,1999,8.26,9.8,11.18,7.95,9.79,8.23,10.46
"6701",127,1999,5.88,9.84,6.5,7.83,6.53,7.29,5.53
"6702",128,1999,7.86,6.47,10.54,10.97,8.95,7.31,9.07
"6703",129,1999,16.55,31.92,14.92,29.63,13.48,30.67,26.76
"6704",130,1999,9.97,16.39,10.18,52.25,9,61.18,22.47
"6705",131,1999,3.07,6.63,2.64,11.44,4.19,9.76,15.06
"6706",132,1999,3.58,2.18,6.56,3.98,4.1,3.33,5.72
"6707",133,1999,2.73,4.42,4.03,7.02,4.06,9.28,7.06
"6708",134,1999,2.76,3.58,5.29,2.46,6.03,2.14,4.94
"6709",135,1999,3.23,4.64,3.07,5.33,3.92,6.55,5.11
"6710",136,1999,8.93,6.24,11.5,7.55,5.02,15.13,2.48
"6711",137,1999,0.74,0.16,1.09,0.79,0.6,0.77,0.43
"6712",138,1999,0.09,0.01,0.22,0.2,0.05,0.12,0.09
"6713",139,1999,1.98,2.43,2.74,2.42,3.04,3.46,1.75
"6714",140,1999,40.18,39.09,38.42,33.8,37.56,47.73,21.24
"6715",141,1999,1.98,2.1,5.88,2.47,4.71,3.13,2.28
"6716",142,1999,0.29,0.76,1.15,1.41,1.9,1.38,1.88
"6717",143,1999,0.05,0.03,0.2,0.08,0.12,0.06,0.09
"6718",144,1999,0.04,0.01,0.15,0.04,0.07,0.03,0.05
"6719",145,1999,0.05,0.04,0.18,0.15,0.11,0.14,0.21
"6720",146,1999,0.23,0.1,0.42,0.17,0.23,0.07,0.53
"6721",147,1999,0.35,0.14,0.56,0.51,0.43,0.09,1.33
"6722",148,1999,18.5,14.89,19.32,3.68,30.67,2.14,11.55
"6723",149,1999,30.66,27.11,25.41,21.67,21.05,14.68,23.62
"6724",150,1999,8.96,26.42,10.46,27.96,15.52,34.44,26.68
"6725",151,1999,13.88,14.34,12.03,17.4,16.08,23.83,13.49
"6726",152,1999,4.28,4.85,7.11,10.42,20.29,11.08,14.39
"6727",153,1999,3.06,0.23,5.29,0.67,1.33,0.84,0.48
"6728",154,1999,12.17,1.29,23.1,1.07,18.57,0.53,4.51
"6729",155,1999,7.1,0.8,9.24,0.67,9.89,0.2,3.12
"6730",156,1999,4.86,5.57,5.71,6.81,22.39,3.71,11.08
"6731",157,1999,3.11,2.11,3.8,7.94,3.62,5.73,4.76
"6732",158,1999,17.33,25.7,17.08,12.66,21.6,12.48,19.43
"6733",159,1999,3.67,10.91,4.36,14.76,6.76,14.02,13.3
"6734",160,1999,12.86,34,11.82,31.73,23.21,28.99,24.67
"6735",161,1999,6.64,14.79,7.65,24.33,11.45,34.52,19.34
"6736",162,1999,6.5,7.86,6.48,16.93,9.87,9.22,20.96
"6737",163,1999,5.4,8.92,4.79,7.47,7.43,5.87,7.58
"6738",164,1999,11.52,14.21,12.14,14.59,11.31,11.81,15.66
"6739",165,1999,7,14.04,6.98,33.47,6.88,36.06,14.75
"6740",166,1999,4.68,6.08,3.59,6.05,4.92,2.96,7.39
"6741",167,1999,12.32,30.03,7.91,19.68,12.94,25,15.13
"6742",168,1999,3.92,6.6,6.33,15.17,4.86,19.7,8.47
"6743",169,1999,19.98,26.12,22.63,25.7,22.17,31.57,14.87
"6744",170,1999,11.52,17.96,14.18,26.85,15.69,32.91,14.43
"6745",171,1999,5.98,1.75,12.05,8,6.52,7.29,4.06
"6746",172,1999,11.87,33.1,16.79,31.7,10.92,58.84,13.61
"6747",173,1999,10.62,8.13,16.5,18.28,9.42,23.85,12.59
"6748",174,1999,6.19,9.82,8.34,13.33,4.96,21.5,7.99
"6749",175,1999,13.74,13.54,18.35,9.07,15.55,7.79,9.19
"6750",176,1999,11.75,11.41,16.16,24.19,7.63,38.81,10.51
"6751",177,1999,9.04,4.63,14.83,8.17,9.37,5.41,9.58
"6752",178,1999,14.62,8.03,17.94,11.41,11.84,12.74,8.71
"6753",179,1999,9.27,5.46,13.5,11.14,9.06,14.9,5.28
"6754",180,1999,12.18,9.44,16.41,15.26,14.13,17.44,10.69
"6755",181,1999,4.86,3.27,5.83,9.66,3.57,11.02,4.92
"6756",182,1999,17.45,13.96,22.42,19.16,30.43,17.1,13.52
"6757",183,1999,6.52,1.95,6.78,5.25,6.93,4.61,7.14
"6758",184,1999,33.04,20.53,30.98,8.09,37.78,10.4,10.56
"6759",185,1999,8.47,8.55,8.97,15.31,9.16,18.9,11.59
"6760",186,1999,5.11,5.83,10.91,6.76,8.59,5.68,5.95
"6761",187,1999,18.13,18.65,13.74,8.93,22.51,6.44,12.75
"6762",188,1999,10.4,9.65,9.99,12.45,9.13,15.44,10.02
"6763",189,1999,0.87,2.93,1.58,6.67,1.4,9.37,4.48
"6764",190,1999,1.53,2.18,1.08,7.96,0.97,10.6,3.05
"6765",191,1999,2.35,9.35,4.51,12.45,3.31,17.29,5.93
"6766",192,1999,2.61,3.15,2.93,2.73,2.77,2.53,5.34
"6767",193,1999,9.38,9.38,10.3,5,8.07,4.84,6.79
"6768",194,1999,6.73,4.76,9.14,5.06,4.88,6.39,5.99
"6769",195,1999,2.91,6.41,2.73,5.98,3.04,7.34,9.16
"6770",196,1999,5.1,0.95,6.87,0.59,2.59,0.34,1.28
"6771",197,1999,1.14,0.48,2.06,3.93,0.78,2.05,5.48
"6772",198,1999,7.47,8.07,7.6,14.85,4.35,14.82,11.87
"6773",199,1999,7.17,6.67,7.19,19.57,3.04,21.79,14.28
"6774",200,1999,4.37,6.19,4.34,16.5,2.27,21.3,12.37
"6775",201,1999,3.91,0.93,5.53,5.08,1.79,3.26,8.82
"6776",202,1999,6.11,2.63,7.07,4.94,3.42,4.56,3.9
"6777",203,1999,14.56,19.56,12.53,20.7,24.99,24.58,18.16
"6778",204,1999,8.56,19.71,9.57,18.67,10.39,18.76,11.78
"6779",205,1999,22.12,23.97,23.3,17.99,28.9,20.44,15.24
"6780",206,1999,9.75,6.79,12.53,13.51,9.53,10.65,10.97
"6781",207,1999,10.41,16.71,15.71,27.61,15.76,36.12,17.73
"6782",208,1999,35.77,26.93,39.25,20.33,26.97,23.37,18.61
"6783",209,1999,3.75,4.27,2.86,13.26,2.33,16.23,6.06
"6784",210,1999,21.06,17.63,23.24,13.01,17.53,14.78,10.96
"6785",211,1999,8.19,7.85,11.05,11.74,9.17,11.42,11.55
"6786",212,1999,33.66,23.23,38.98,20.97,22.29,31.9,9.47
"6787",213,1999,11.59,7.62,15.13,9.5,3.39,21.13,2.25
"6788",214,1999,5.15,3.27,9.04,5.94,2.33,8.55,2.33
"6789",215,1999,3.18,4.85,2.16,7.88,5.27,17.64,2.94
"6790",216,1999,0.53,1.88,1.27,5.37,0.22,12.39,1.39
"6791",217,1999,1.48,1.29,1.1,2.23,1.92,2.72,2.74
"6792",218,1999,8.53,12.39,10.37,9.23,9.61,11.62,10.87
"6793",219,1999,3.7,3.25,6.24,3.42,4.31,3.08,3.47
"6794",220,1999,15.51,14.16,22.96,15.3,10.85,22.15,9.84
"6795",221,1999,1.24,3.49,2.65,10.22,1.54,14.84,4.79
"6796",222,1999,11.49,12.21,17.18,13.13,9.21,14.36,10.13
"6797",223,1999,3.33,3.81,3.89,7.59,2.2,8.8,8.47
"6798",224,1999,3.55,3.21,5.01,3.5,5.2,2.43,5.22
"6799",225,1999,17.5,13.05,16.22,5.82,18.25,7,9.67
"6800",226,1999,7.57,11,8.33,8.41,6.28,8.24,13.97
"6801",227,1999,11.06,8.39,12.46,7.9,8.15,13.79,5.98
"6802",228,1999,15.8,5.08,18.4,3.15,20.95,3.15,6.18
"6803",229,1999,3.07,1.33,3.63,1.88,3.47,2.46,2.59
"6804",230,1999,1.06,0.34,1.28,1.31,1.05,1.72,1.3
"6805",231,1999,2.76,0.82,3.34,0.82,2.57,0.95,1.38
"6806",232,1999,15.55,5.25,19.52,3.08,26.06,1.75,8
"6807",233,1999,5.73,22.24,5.48,31.99,11.92,33.05,19.13
"6808",234,1999,7.25,28.26,6.71,39.31,11.71,42.17,20.53
"6809",235,1999,5.6,10.19,6.71,13.23,7.29,11.75,12.64
"6810",236,1999,5.38,22.73,2.71,20.49,11.23,21.24,20.71
"6811",237,1999,11.77,27.87,11.29,24.63,19.82,27.44,22.3
"6812",238,1999,5.78,12.92,6.3,17.81,6.5,17.89,9.97
"6813",239,1999,9.61,20.85,9.12,27.93,17.3,29.87,17.68
"6814",240,1999,6.79,22.4,5.15,29.54,16,37.84,18.36
"6815",241,1999,4.27,20.89,3.53,20.39,8.94,24.94,10.86
"6816",242,1999,7.07,9.14,8.21,6.75,8.02,6.81,5.13
"6817",243,1999,0.88,1.09,1.34,3.5,0.83,3.33,4.8
"6818",244,1999,9.43,3.37,13.74,7.11,7.42,4.81,6.94
"6819",245,1999,8.57,15.25,10.07,17.05,9.89,17.12,16.14
"6820",246,1999,1.52,9.16,1.96,20.82,2.27,25.93,18.04
"6821",247,1999,1.91,3.16,2.18,7.78,1.32,7.73,5.77
"6822",248,1999,7.21,8.2,9.63,3.34,8.69,2.7,6.05
"6823",249,1999,3.25,0.84,4.13,2.18,0.85,1.24,2.82
"6824",250,1999,3.98,1.78,4.64,6.54,1.98,3.96,6
"6825",251,1999,3.72,3.25,5.37,9.04,3.64,9.65,4.21
"6826",252,1999,3.21,2.97,3.87,3.79,3.43,2.28,5.08
"6827",253,1999,10.7,5.34,15.81,6.77,8.33,5.58,8.66
"6828",254,1999,15.21,13.1,16.89,17.22,13.37,12.2,14.45
"6829",255,1999,8.33,22.14,9.24,35.91,8.84,43.28,20.61
"6830",256,1999,6.98,16.19,6.65,32.15,10.5,41.13,17.52
"6831",257,1999,9.12,22.05,10.79,26.28,8.91,28.93,22.49
"6832",258,1999,11.1,10.6,12.98,15.08,11.36,10.39,18.23
"6833",259,1999,6.61,7.23,6.45,9.72,12.29,6.87,10.66
"6834",260,1999,8.7,19.93,12.33,10.89,18.93,9.45,13.12
"6835",261,1999,4.77,9.85,5.29,16.07,4.46,24.5,9.06
"6836",262,1999,6.91,12.55,7.26,9.96,10.94,9.99,13.57
"6837",263,1999,8.47,15.16,8.35,10.97,10.43,10.47,11.63
"6838",264,1999,19.52,18.37,16.15,13.71,20.29,18.42,11.1
"6839",265,1999,11.76,13.19,10.29,26.34,16.74,25.29,16.33
"6840",266,1999,6.09,6.34,7.39,7.05,11.33,8.96,6.03
"6841",267,1999,6.4,15.98,6.2,14.24,8.46,15.85,14.67
"6842",268,1999,6.71,11.59,4.95,10.58,9.44,9.2,12.58
"6843",269,1999,4.53,3.87,4.14,3.59,3.95,2.56,7.6
"6844",270,1999,14.82,16.6,13.56,5.17,16.91,5.62,10.94
"6845",271,1999,12.56,13.37,9.8,21.78,10.1,22.97,14.53
"6846",272,1999,2.48,3.96,3.21,8.56,2.9,9.88,7.57
"6847",273,1999,6.04,2.8,5.27,5.73,3.98,5.34,5.62
"6848",274,1999,5.97,9.31,5.88,17.58,5.62,20.37,12.01
"6849",275,1999,7.9,18.66,7.99,23.13,8.94,32.68,15.13
"6850",276,1999,9.32,4.79,12.37,10.07,7.03,5.91,12.19
"6851",277,1999,12.89,11.05,15.9,12.29,10.86,10.98,13.46
"6852",278,1999,12.17,10.76,17.13,16.73,10.86,26.88,14.16
"6853",279,1999,5.83,8.98,6.72,15.48,5.23,14.52,15.71
"6854",280,1999,5.31,8.47,6.9,18.16,5.68,18.79,13.34
"6855",281,1999,5.28,6.81,9.02,9.66,10.61,11.54,9.37
"6856",282,1999,7.61,6.72,9.92,7.58,11.69,7.82,8.35
"6857",283,1999,3.81,8,5.08,12.95,4.66,12.54,9.13
"6858",284,1999,7.08,6.49,7.37,8.28,6.54,7.14,7.45
"6859",285,1999,7.31,7.2,7.1,8.2,4.61,7.46,7.06
"6860",286,1999,2.75,1.92,4.33,4.36,1.15,4.51,3.13
"6861",287,1999,7.96,4.66,9.73,6.54,7.39,5.55,6.5
"6862",288,1999,5.67,5.7,5.29,6.04,4.8,6.21,4.91
"6863",289,1999,7.61,4.43,9.43,8.37,3.06,14.66,4.68
"6864",290,1999,1.44,2.52,2.96,3.45,1.09,4,3.97
"6865",291,1999,3.88,3.49,4.63,4.91,2.27,5.11,5.8
"6866",292,1999,2.9,1.55,5,3.41,1.93,2.6,5.08
"6867",293,1999,6.66,1.92,6.07,4.5,1.11,6.37,3.79
"6868",294,1999,10.3,14.27,10.55,31.01,8.78,40.44,15.92
"6869",295,1999,14.22,17.72,15.49,23.33,11.46,24.77,19.74
"6870",296,1999,11.61,14.2,12.58,17.52,13.17,15.48,20.5
"6871",297,1999,13.34,20.12,12.19,23.07,10.68,28.17,18.42
"6872",298,1999,5.27,13.39,5.12,30.68,5.27,42.32,14.01
"6873",299,1999,0.91,2.12,1.48,6.1,1.23,9.21,3.15
"6874",300,1999,0.44,0.2,0.73,0.62,0.24,0.35,0.97
"6875",301,1999,6.99,10.19,10.72,7.6,6.04,9.34,5.56
"6876",302,1999,3.69,5.5,5.36,6.96,3.14,8.21,4.52
"6877",303,1999,7.93,4.89,11.82,7.83,4.03,12.88,3.62
"6878",304,1999,3.08,2.27,6.52,2.88,0.83,3.81,3.24
"6879",305,1999,1.24,3.51,2.5,2.05,1.76,3.51,3.73
"6880",306,1999,1.49,3.69,1.27,4.16,2.58,7.07,4.36
"6881",307,1999,2.69,6.4,3.87,8.06,3.28,11.32,5.87
"6882",308,1999,1.69,3.18,1.72,5.45,2.2,5.78,2.75
"6883",309,1999,0.06,0.17,0.07,0.17,0.05,0.27,0.26
"6884",310,1999,1.34,1.08,4.04,0.58,1.54,0.94,1.27
"6885",311,1999,1.39,1.38,2.32,2.02,1.94,3.92,2.19
"6886",312,1999,0.61,0.62,1.41,1.41,0.67,2.33,0.91
"6887",313,1999,0.97,0.87,2.01,1.2,1.06,1.99,1.18
"6888",314,1999,3.61,1.87,8.38,1.44,4.01,2.47,2.35
"6889",315,1999,1.66,1.56,4.46,2.78,1.88,2.06,3.42
"6890",316,1999,0.98,2.98,1.83,6.32,2.76,6.71,4.09
"6891",317,1999,0.24,1.03,0.38,6.1,1.12,6.41,3.44
"6892",318,1999,0.33,0.65,0.72,5.57,0.56,4.94,3.27
"6893",319,1999,0.88,2.85,0.81,6.4,2.68,3.8,7.72
"6894",320,1999,6.67,4.02,6.13,6.55,10.51,4.75,9.31
"6895",321,1999,14.34,8.3,18.49,7,23.68,6.75,14.94
"6896",322,1999,7.84,11.73,5.63,19.81,7.49,21.66,17.81
"6897",323,1999,4.91,5.04,3.8,5.59,5.79,7.24,7.5
"6898",324,1999,1.55,1.59,1.16,5.33,4.34,4.81,8.21
"6899",325,1999,0.31,0.94,0.07,7.46,0.69,5.63,6.54
"6900",326,1999,3.1,4.36,4.29,6.91,5.72,6.05,13.58
"6901",327,1999,5.9,6.49,3.4,5.36,11.85,6.52,10.39
"6902",328,1999,1.81,4.43,1.53,9.94,4.27,9.3,9.04
"6903",329,1999,1.46,6.54,0.56,16.71,3.06,18.26,14
"6904",330,1999,0.15,0.92,0.04,6.21,0.29,5.42,6.45
"6905",331,1999,0.01,0.04,0.01,0.54,0.04,0.36,1.08
"6906",332,1999,0.01,0.02,0.02,0.37,0.03,0.2,0.54
"6907",333,1999,0.03,0.08,0.02,0.31,0.1,0.16,0.6
"6908",334,1999,0.2,0.77,0.14,3.32,0.78,3.86,2.36
"6909",335,1999,1.56,2.72,1.77,5.98,1.89,7.78,5.49
"6910",336,1999,5.59,23.1,4.11,19.87,13.56,30.05,18.24
"6911",337,1999,7.2,20.93,4.44,7.76,15.25,11.19,8.46
"6912",338,1999,3.81,6.45,4.35,3.66,4.98,6.4,5.86
"6913",339,1999,2.01,2.36,1.58,3.34,2.03,3.91,4.18
"6914",340,1999,0.02,0.99,0.02,2.24,0.1,3.89,1.44
"6915",341,1999,0.02,0.15,0.02,0.28,0.06,0.28,0.44
"6916",342,1999,0.02,0.13,0.03,0.42,0.07,0.45,0.56
"6917",343,1999,0.26,2.88,0.34,2.98,0.86,5.12,1.47
"6918",344,1999,0.27,3.08,0.23,5.36,0.77,10.88,1.91
"6919",345,1999,1.49,6.87,1.58,9.12,4.46,14.63,3.57
"6920",346,1999,1.8,5.89,1.81,7.29,5.24,8.26,5.08
"6921",347,1999,1,3.71,0.86,7.59,3.29,6.17,4.58
"6922",348,1999,0.43,0.85,0.61,1.85,0.92,1.25,1.06
"6923",349,1999,1.08,3.06,1.19,2.66,3.85,1.94,2.32
"6924",350,1999,0.05,7.42,0.24,9.4,0.21,16.38,3.58
"6925",351,1999,0,0.26,0.04,0.84,0,0.82,0.77
"6926",352,1999,0,0.05,0.02,0.42,0,0.33,0.5
"6927",353,1999,0,0.3,0.05,1.53,0.01,2.38,0.88
"6928",354,1999,0,1.51,0,2.78,0.02,5.96,0.99
"6929",355,1999,0.01,0,0,0.01,0.01,0.02,0.22
"6930",356,1999,0.01,0.27,0,0.53,0.03,1.18,0.77
"6931",357,1999,0.01,0.32,0,0.41,0.04,0.38,0.59
"6932",358,1999,0.06,0.96,0,0.72,0.43,0.96,0.67
"6933",359,1999,0.01,0.8,0,3.8,0.07,3.95,4.08
"6934",360,1999,0,0.05,0,0.96,0,0.97,0.64
"6935",361,1999,0,0.2,0,1.82,0.01,2.07,1.23
"6936",362,1999,0,0.06,0,0.33,0,0.29,0.34
"6937",363,1999,0,0.08,0,0.25,0.02,0.24,0.19
"6938",364,1999,0.02,1.4,0,1.04,0.78,2.09,0.53
"6939",365,1999,0,0.28,0,0.77,0.01,1.35,0.32
"6940",1,2000,0.02,0.49,0,0.26,0.12,0.28,0.16
"6941",2,2000,0,0.01,0,0.11,0.01,0.14,0.09
"6942",3,2000,0.02,0.54,0,0.58,0.14,0.52,0.45
"6943",4,2000,0,0.9,0,3.58,0.05,4.55,1.52
"6944",5,2000,0,0.07,0,0.76,0,0.46,0.48
"6945",6,2000,0,0.06,0.01,1.23,0.01,0.87,0.78
"6946",7,2000,0.07,0.72,0.06,2.39,0.32,1.98,1.45
"6947",8,2000,0.06,0.92,0.01,2.02,0.19,3.36,1.16
"6948",9,2000,0.02,1.19,0.01,2.19,0.09,3.14,0.79
"6949",10,2000,0.01,0.05,0.01,0.04,0.01,0.03,0.09
"6950",11,2000,0.1,0.2,0.13,0.73,0.33,0.49,0.56
"6951",12,2000,0.32,0.62,0.17,0.71,0.51,0.73,0.57
"6952",13,2000,0.06,1.21,0,2.44,0.1,3.71,1.3
"6953",14,2000,0,0.01,0,0.36,0,0.24,0.3
"6954",15,2000,0,0,0,0.08,0,0.07,0.2
"6955",16,2000,0,0.03,0,0.53,0,0.47,0.28
"6956",17,2000,0,0.11,0,3.76,0,3.19,1.57
"6957",18,2000,0.02,0.44,0,1.59,0.04,1.31,1.01
"6958",19,2000,0.05,1.24,0,2.97,0.1,4.41,0.78
"6959",20,2000,0.22,6.64,0,10.6,1.2,14.33,5.05
"6960",21,2000,0.45,2.25,0.15,3.97,0.71,7.2,1.54
"6961",22,2000,0.08,0.5,0.03,1.8,0.05,2.92,0.51
"6962",23,2000,0,0.03,0,0.67,0,0.57,0.25
"6963",24,2000,0.05,0.15,0.02,0.46,0.05,0.33,0.3
"6964",25,2000,0,0,0,0.57,0,0.35,0.46
"6965",26,2000,0.03,0.12,0.01,0.94,0.15,0.53,1.14
"6966",27,2000,0.1,2.02,0.04,2.59,0.13,3.97,1.05
"6967",28,2000,0.18,0.5,0.19,1.1,0.03,2.96,0.49
"6968",29,2000,0.02,0,0.03,0.1,0,0.07,0.16
"6969",30,2000,0,0.07,0,1.23,0,1.29,0.5
"6970",31,2000,0.13,0.02,0.14,1.22,0.01,1.02,0.53
"6971",32,2000,0,0.57,0,1.78,0.05,2.98,0.7
"6972",33,2000,0,1.69,0,3.09,0.03,5.64,1.76
"6973",34,2000,0,0.03,0,0.56,0,0.43,0.44
"6974",35,2000,0,0.03,0,0.41,0,0.33,0.4
"6975",36,2000,0,0,0,0.03,0,0.01,0.08
"6976",37,2000,0.04,0.37,0.05,0.08,0.18,0.17,0.11
"6977",38,2000,0,0.1,0,0.14,0,0.22,0.09
"6978",39,2000,0,0.1,0,1.59,0,2.05,0.77
"6979",40,2000,0,0.38,0,0.86,0.02,0.76,0.76
"6980",41,2000,0,0.1,0,0.05,0,0.17,0.14
"6981",42,2000,0.04,0.53,0.05,2.46,0.12,3.38,1.56
"6982",43,2000,0.04,0.18,0.05,0.12,0.12,0.04,0.29
"6983",44,2000,0.22,0.18,0.35,0.07,0.13,0.02,0.23
"6984",45,2000,0.04,0.18,0.06,0.06,0.12,0.02,0.16
"6985",46,2000,0.04,0.18,0.05,0.3,0.12,0.09,0.38
"6986",47,2000,0,0,0.01,0.05,0,0.01,0.2
"6987",48,2000,0.06,0.1,0.05,0.27,0.08,0.14,0.55
"6988",49,2000,0.1,0.93,0.11,3.55,0.07,5.62,2.39
"6989",50,2000,0,0,0,0.9,0,0.45,0.72
"6990",51,2000,0.08,0.08,0.1,0.77,0.05,0.45,0.7
"6991",52,2000,0.06,0.11,0.14,0.46,0.02,0.32,1.05
"6992",53,2000,0.14,1.05,0.12,1.41,0.12,1.53,1.15
"6993",54,2000,0.78,3.16,0.92,4.86,0.78,6.4,3.01
"6994",55,2000,0.2,2.01,0.27,4.73,0.73,5.43,3.08
"6995",56,2000,0.13,1.76,0.05,4.88,0.07,5.76,3.77
"6996",57,2000,0.04,0.47,0.02,3.84,0.03,4.41,3.84
"6997",58,2000,0,0.1,0,2.34,0.01,1.81,2.12
"6998",59,2000,0.05,0.26,0.02,2.62,0.09,2.3,2.34
"6999",60,2000,0.11,1.39,0.04,5.52,0.12,8.78,3.3
"7000",61,2000,0.01,0.33,0,1.54,0.03,1.78,0.95
"7001",62,2000,0.03,2.38,0.01,6.2,0.2,10.99,3.33
"7002",63,2000,0.01,1.14,0,3.24,0.1,5.58,1.39
"7003",64,2000,0,0.1,0,0.73,0.01,0.53,0.56
"7004",65,2000,0,0.02,0,0.45,0,0.29,0.29
"7005",66,2000,0,0.06,0,0.7,0,0.76,0.16
"7006",67,2000,0.02,0.42,0,0.76,0.11,1.1,0.28
"7007",68,2000,0.03,2.17,0,2.15,0.25,3.45,1.1
"7008",69,2000,0,0,0,0.03,0,0.03,0.02
"7009",70,2000,0,0,0,0.04,0,0.02,0.01
"7010",71,2000,0,0,0,0.05,0,0.03,0.03
"7011",72,2000,0.01,2.21,0,4.07,0.03,8.57,1.27
"7012",73,2000,0,0.52,0,2.5,0.02,2.86,1.02
"7013",74,2000,0,0.07,0,0.62,0,0.5,0.2
"7014",75,2000,0,0.05,0,0.41,0,0.32,0.09
"7015",76,2000,0,0.71,0,2.1,0,5.9,0.29
"7016",77,2000,0,0.76,0,1.79,0,1.59,0.82
"7017",78,2000,0,0,0,0.12,0,0.12,0.1
"7018",79,2000,0,0,0,0.29,0,0.26,0.07
"7019",80,2000,0,0,0,0.86,0,0.82,0.18
"7020",81,2000,0.01,0.02,0,0.63,0.02,0.24,0.56
"7021",82,2000,0,0.01,0.36,1.66,0,0.72,2.2
"7022",83,2000,5.77,3.26,8.13,9.73,4.09,7.37,6.46
"7023",84,2000,24.08,37.63,18.61,38.5,29.7,39.48,31.86
"7024",85,2000,35.25,72.98,26.12,74.16,44.71,118.59,48.33
"7025",86,2000,1.09,2.74,0.93,5.3,1.02,8.15,2.26
"7026",87,2000,0.75,2.94,0.47,3.13,0.59,3.16,2.67
"7027",88,2000,0.22,1.03,0.09,2.3,0.32,1.59,2.62
"7028",89,2000,0.21,0.95,0.07,1.75,0.4,1.73,1.64
"7029",90,2000,0.13,0.25,0.09,0.61,0.12,0.45,0.67
"7030",91,2000,0.02,0.05,0.01,0.12,0.02,0.05,0.38
"7031",92,2000,0.39,0.86,0.33,2.04,0.7,1.88,1.25
"7032",93,2000,0.46,0.7,0.4,3.73,0.43,4.91,1.26
"7033",94,2000,1.12,1.15,1.47,10.3,0.74,11.69,3.38
"7034",95,2000,11.99,21.86,10.76,17.88,15.73,22.27,15.77
"7035",96,2000,20.6,23.56,18.86,29.52,24.84,43.73,26.39
"7036",97,2000,8.99,9.86,8.92,11.55,8.97,14.38,7.6
"7037",98,2000,13.61,33.06,12.18,52.43,20.4,70.58,35.2
"7038",99,2000,0.38,0.43,0.35,1.45,0.46,2.09,0.69
"7039",100,2000,0.16,0.3,0.13,0.51,0.32,0.36,1.56
"7040",101,2000,0.17,0.51,0.17,2.4,0.31,1.84,2.58
"7041",102,2000,0.02,0.13,0.09,0.5,0.53,0.32,0.82
"7042",103,2000,0.1,0.77,0.22,1.48,3.75,1.01,2.78
"7043",104,2000,0.06,0.49,0.13,0.85,3.12,0.67,1.46
"7044",105,2000,0.05,0.32,0.06,1.94,2.95,1.28,1.68
"7045",106,2000,0.02,0.38,0.02,3.74,0.92,2.76,2.01
"7046",107,2000,4.05,4.56,6.35,2.66,3.38,6.57,1.58
"7047",108,2000,0.81,0.98,0.84,1.2,0.6,2.64,0.78
"7048",109,2000,0.72,1.38,1.39,2.07,0.84,4.8,0.94
"7049",110,2000,0.1,0.14,0.15,1.75,0.07,2.7,0.76
"7050",111,2000,1.09,1.74,0.87,1.51,0.79,2.92,0.75
"7051",112,2000,3.08,1.31,2.48,3.5,3.01,3.73,2.71
"7052",113,2000,12.85,7.59,11.92,8.26,11.63,9.94,6.81
"7053",114,2000,11.97,14.87,15.43,9.53,10.59,13.04,9.19
"7054",115,2000,7.34,11.13,12.93,12.07,9.01,20.79,8.31
"7055",116,2000,0.64,0.91,0.99,2.15,0.85,1.74,1.75
"7056",117,2000,0.29,0.01,0.07,0.23,0.04,0.12,0.03
"7057",118,2000,0,0,0.01,0.2,0,0.11,0.01
"7058",119,2000,0.01,0,0.11,0.51,0,0.41,0.04
"7059",120,2000,0.58,0.02,0.22,0.79,0.15,0.55,0.02
"7060",121,2000,0.96,0.03,0.47,0.34,0.27,0.24,0.04
"7061",122,2000,2.22,5.47,3.83,11.87,3.19,8.41,8.91
"7062",123,2000,1.09,6.43,0.94,12.13,1.64,14.45,7.61
"7063",124,2000,0.37,1.01,0.48,2.7,1.52,3.06,1.38
"7064",125,2000,31.54,15.59,30.3,5.34,27.61,7.32,5.3
"7065",126,2000,8.61,4.54,8.6,6.99,5.7,5.23,6.23
"7066",127,2000,4.61,1.96,5,8.06,2.24,9.01,5.99
"7067",128,2000,0.45,0.44,0.42,1.73,0.22,1.62,1.87
"7068",129,2000,3.66,5.06,4.34,7.58,3.55,8.32,5.49
"7069",130,2000,14.74,14.33,14.28,14.44,7.35,16.78,8.16
"7070",131,2000,10.84,9.67,14.8,14.43,11.59,18.14,18.07
"7071",132,2000,9.07,5.78,12.07,8.16,7.17,8.8,9.18
"7072",133,2000,19.29,14,15.08,14.21,13.6,17.01,17.06
"7073",134,2000,8.79,9.67,10.69,12.11,17.29,13.76,11.72
"7074",135,2000,8.56,6.88,11.49,14.53,9.34,14.74,12.02
"7075",136,2000,9.52,4.95,11.41,8.29,8.66,8.97,7.8
"7076",137,2000,15.43,9.2,19.44,12.23,10.55,15.12,10.72
"7077",138,2000,0.83,0.33,1.7,1.15,0.71,1.1,0.91
"7078",139,2000,2.06,3.35,4.84,4.19,2.15,4.77,3.39
"7079",140,2000,7.72,4.16,12.34,4.29,8.95,4.53,5.33
"7080",141,2000,18.41,10.17,21.13,4.12,19.64,4.29,8.8
"7081",142,2000,10.24,15.65,13.03,16.41,22.76,15.72,19.44
"7082",143,2000,13.37,17.29,13.16,9.47,17.16,9.21,10.72
"7083",144,2000,9.06,6.16,13.47,12.5,9.45,18.62,6.78
"7084",145,2000,8.23,7.91,10.5,13.29,10.14,16.52,10.26
"7085",146,2000,19.5,16.78,20.37,33.57,20.27,33.65,36.46
"7086",147,2000,8.01,16.51,10.5,21.95,10.42,31.92,13.77
"7087",148,2000,7.26,4.42,10.88,9.3,7.09,9.92,7.97
"7088",149,2000,12.12,8.92,20.23,9.76,13.12,12.49,8.31
"7089",150,2000,4.82,5.16,6.54,10.99,3.89,15.28,6.11
"7090",151,2000,5.01,5.54,8.98,8.5,4.41,10.11,6.12
"7091",152,2000,15.25,11.78,20.17,18.4,13.13,23.08,16.76
"7092",153,2000,10.75,15.39,12.32,25.78,11.29,26.82,19.5
"7093",154,2000,0.48,0.21,0.78,0.81,0.48,0.26,0.84
"7094",155,2000,2.93,6.57,3.79,3.94,5.71,3.38,3.82
"7095",156,2000,4.97,11.14,6.08,14.66,5.05,18.95,7.7
"7096",157,2000,6.07,6.69,8.39,13.14,8.14,13.59,9.36
"7097",158,2000,3.42,1.02,6.8,2.05,5.82,0.68,3.36
"7098",159,2000,8.05,5.2,10.82,4.24,12.89,2.94,7.31
"7099",160,2000,5.88,8.11,6.32,10.14,7.94,8.38,10.45
"7100",161,2000,10.61,5.14,12.63,7.78,11.96,6.02,9.82
"7101",162,2000,5.75,4.62,8.73,9.9,7.54,9.84,10.01
"7102",163,2000,14.22,10.16,14.12,13.74,8.34,21.98,5.31
"7103",164,2000,10.2,9.83,9.12,9.13,9.25,11.2,7.56
"7104",165,2000,13.35,14.47,11.89,9.94,12.76,10.96,12.26
"7105",166,2000,15.74,14.17,16.29,12.78,16.02,11.89,14.11
"7106",167,2000,4.33,2.02,6.33,5.76,2.69,5.07,5.03
"7107",168,2000,8.78,15.51,7.85,11.17,11.83,13.39,8.56
"7108",169,2000,6.97,17.84,6.96,20.86,13.56,29.28,11.97
"7109",170,2000,17.34,9.56,17.35,8.85,14.66,8.4,8.1
"7110",171,2000,14.64,19.18,14.52,16.06,18.99,15.11,15.07
"7111",172,2000,12.28,8.85,11.28,11.71,8.23,15.92,6.44
"7112",173,2000,16.57,7.48,15.8,4.98,13.12,3.87,5.95
"7113",174,2000,10.24,5.18,9.18,3.39,5.31,4.17,4.37
"7114",175,2000,16.45,26.44,13.76,33.38,25.56,34.54,35.58
"7115",176,2000,24.93,28.29,24.34,23.25,22.42,33.25,13.46
"7116",177,2000,1.81,7.38,2.44,6.41,2.41,7.59,7.18
"7117",178,2000,3.9,6.07,8.27,5.69,7.58,5.51,4.7
"7118",179,2000,9.86,7.64,14.97,7.6,11.04,10.26,6.6
"7119",180,2000,13,5.27,15.82,4.24,11.69,3.11,5.18
"7120",181,2000,24.05,35.76,23.9,34.88,26.64,53.98,21.09
"7121",182,2000,2.77,0.51,3.35,5.26,1.34,4.03,2.97
"7122",183,2000,0.12,0.58,0.22,5.4,0.17,4.93,3.63
"7123",184,2000,14.3,5.66,13.17,6.14,11.86,5.65,7.1
"7124",185,2000,4.24,2.31,4.63,6.73,5.03,5.19,7.97
"7125",186,2000,30.95,43.64,32.09,22.1,40.77,26.09,26.52
"7126",187,2000,20.67,21.8,28.68,30.91,36.13,41.84,27.52
"7127",188,2000,11.48,14.76,8.64,10.99,11.08,17.82,7.42
"7128",189,2000,3.57,10.49,3.02,6.99,7.9,10,6.12
"7129",190,2000,0.31,0.6,0.43,1.83,0.54,1.55,1.13
"7130",191,2000,0.41,0.33,0.73,0.26,0.55,0.24,0.28
"7131",192,2000,0.33,0.17,0.52,0.27,0.31,0.19,0.23
"7132",193,2000,0.35,0.22,0.45,0.79,0.42,0.56,0.54
"7133",194,2000,8.47,6.79,8.95,4.29,11.24,3.48,4.76
"7134",195,2000,18.84,39.42,14.69,32.67,31.55,39.35,37.36
"7135",196,2000,33.96,26.41,32.9,29.51,37.2,38.22,30.37
"7136",197,2000,0.37,3.38,0.45,10.12,0.74,16.19,4.77
"7137",198,2000,9.79,14.09,12.9,19.92,13.01,23.58,13.49
"7138",199,2000,8.29,3.92,5.67,8.46,3.98,8.46,5.57
"7139",200,2000,6.07,7.01,9.23,20.2,10.71,17.63,17.64
"7140",201,2000,9.9,8.34,9.23,6.63,15.24,7.43,7.76
"7141",202,2000,18,12.6,19.09,9.7,16.87,9.82,9.57
"7142",203,2000,18.09,25.11,17.57,22.39,18.25,22.97,20.26
"7143",204,2000,7.1,8.13,7.89,24.03,7.9,26.32,12.55
"7144",205,2000,2.69,3.49,2.94,5.32,4.65,4.34,4.51
"7145",206,2000,18.3,39.21,14.72,21.74,20.06,22.84,16.25
"7146",207,2000,19.39,19.94,19.84,18.02,22.99,22.27,19.63
"7147",208,2000,9.44,3.89,7.16,6.97,10.03,7.59,8.6
"7148",209,2000,4.72,3.32,2.63,6.51,3.42,7.11,6.46
"7149",210,2000,0.96,1.94,0.93,5.36,0.95,6.03,4.86
"7150",211,2000,1.05,1.31,1.36,7.14,1.63,7.79,4.06
"7151",212,2000,0.22,1.37,0.13,4.11,0.29,3.28,3.38
"7152",213,2000,1.77,1.93,1.82,1.56,5.79,0.89,4.66
"7153",214,2000,10.95,5.6,11.04,4.32,10.95,3.46,8.13
"7154",215,2000,4.74,2.72,4.53,4.93,3.43,4.08,6.49
"7155",216,2000,6.19,6.95,7.92,10.83,6.09,8.72,14.51
"7156",217,2000,10.23,10.83,9.45,14.77,6.58,18.77,9.99
"7157",218,2000,7.82,5.38,9.53,12.31,6.19,17.85,4.88
"7158",219,2000,2.84,6.51,2.98,8.11,4.4,8.54,9.01
"7159",220,2000,16.15,23.87,16.36,25.13,23.9,26.94,25.77
"7160",221,2000,6.96,6.69,6.62,13.7,5.6,18.28,10.64
"7161",222,2000,5.31,5.76,4.72,8.09,5.16,10.46,4.31
"7162",223,2000,8.66,2.78,7.1,6.63,3.84,8.25,4.17
"7163",224,2000,8.78,13.69,8.86,10.73,13.07,11.76,8.6
"7164",225,2000,4.9,11.4,4.83,12.78,15.9,12.8,19.58
"7165",226,2000,7.03,6.61,7.63,14.95,8.38,17.87,11.72
"7166",227,2000,1.23,1.76,1.38,11.32,1.87,7.17,13.1
"7167",228,2000,11.03,10.39,12.21,15.15,13.72,8.57,13.95
"7168",229,2000,6.67,8.05,7.2,8.96,9.67,8.55,8.86
"7169",230,2000,6.89,10.26,7.83,9.13,9.52,8.46,10.86
"7170",231,2000,5.64,7.04,5.38,6.87,10.4,6.79,8.43
"7171",232,2000,5.69,4.43,6.48,4.85,5.27,3.99,5.77
"7172",233,2000,6.34,7.32,5.2,5.81,12.53,3,6.39
"7173",234,2000,4.2,2.25,5.34,2.13,3.22,2.46,2.8
"7174",235,2000,10.15,8.24,8.58,8,7.4,6.79,6.36
"7175",236,2000,16.15,20.77,14.45,21.95,15.44,33.22,16.18
"7176",237,2000,12.33,4.71,14.24,9.59,6.06,10.3,7.11
"7177",238,2000,21.38,18.28,19.68,13.41,17.49,17.11,10.6
"7178",239,2000,9.38,6.74,8.87,7.39,6.95,9.47,5.09
"7179",240,2000,14.95,9.28,18.09,5.21,7.78,5.36,5.89
"7180",241,2000,17.1,15.34,15.23,12.18,15.6,14.1,13.03
"7181",242,2000,1.76,3.44,1.5,8.29,1.37,12.07,4.97
"7182",243,2000,6.44,5.56,7.6,5.51,6.04,6.37,4.54
"7183",244,2000,18.88,25.35,24.08,17.51,25.67,19.27,23.13
"7184",245,2000,6.86,9.78,6.51,15.91,7.7,16.11,15.2
"7185",246,2000,9.33,9.14,9.28,15.97,10.08,16.9,10.46
"7186",247,2000,3.56,3.09,4.36,8.6,2.48,6.03,5.58
"7187",248,2000,12.11,10.92,14.55,11.79,14.74,11.44,13.16
"7188",249,2000,6.16,5.78,7.85,6.89,7.09,6.39,14.09
"7189",250,2000,3.83,6.01,4.7,4.05,7.17,6.82,8.24
"7190",251,2000,0.5,1.27,1.11,3.79,1.26,2.9,4.88
"7191",252,2000,1.31,2.59,2.27,3.13,2.09,4.08,3.16
"7192",253,2000,4.55,7.73,6.84,6.78,8.49,8.36,7.87
"7193",254,2000,3.85,3.59,8.38,3.44,6.78,3.92,4.88
"7194",255,2000,3.86,4.61,4.5,6.1,1.79,9.48,4.07
"7195",256,2000,1.62,1.04,3.55,5.23,1.06,7.15,2.86
"7196",257,2000,1.78,1.33,1.68,2.67,1.1,1.4,3.97
"7197",258,2000,2.31,1.94,3.44,2.66,1.7,1.83,4.83
"7198",259,2000,7.98,10.18,9.84,9.92,7.32,10.38,10.6
"7199",260,2000,2.77,3.74,2.63,13.6,1.43,10.91,9.79
"7200",261,2000,4.7,5.87,4.18,5.73,3.95,5.96,6.17
"7201",262,2000,1.94,3.85,2.36,14.03,1.73,14.34,14.81
"7202",263,2000,1.05,2.69,2.15,8.47,1.26,6.85,11.45
"7203",264,2000,1.13,4.15,1.79,6.12,1.11,3.9,6.16
"7204",265,2000,5.42,5.6,4.62,9.98,8.44,5.54,17.53
"7205",266,2000,4.34,10.55,4.92,11.22,8.77,10.22,12.38
"7206",267,2000,12.71,18.5,11.51,18.72,16.53,17.41,22.98
"7207",268,2000,8.6,11.64,9.41,27.88,12.99,26.1,21.78
"7208",269,2000,1.56,4.5,1.15,10.04,4.53,11.47,6.63
"7209",270,2000,6.05,5.24,8.67,5.48,8.72,4.17,6.34
"7210",271,2000,17.22,11.92,21.91,4.81,21.37,5.61,9.41
"7211",272,2000,16.39,13.35,15.92,9.7,12.94,9.78,13.27
"7212",273,2000,10.68,16.16,11.12,23.69,14.06,31.54,16.33
"7213",274,2000,9.53,15.35,10.4,16.53,11.64,16.98,13.4
"7214",275,2000,4.56,0.55,9.01,1.49,0.95,1.41,2.15
"7215",276,2000,13.84,9.59,20.26,8.91,5.48,10.1,8.95
"7216",277,2000,13.58,7.82,22.43,11.96,6.79,21.8,7.13
"7217",278,2000,0.5,1.01,1.08,3.92,0.17,4.37,2.95
"7218",279,2000,1.11,0.32,2.19,0.83,0.4,0.47,1.51
"7219",280,2000,2.31,1.59,2.29,1.47,3.33,1.64,2.36
"7220",281,2000,7.63,7.58,7.17,4,6.61,7.14,6.01
"7221",282,2000,15.41,11.8,13.3,8.16,11.76,11.57,8.51
"7222",283,2000,13.03,9.79,10.89,11.41,6.95,20.32,11.65
"7223",284,2000,4.45,7.07,4.71,5.33,3.17,10.36,4.56
"7224",285,2000,3.45,0.84,3.6,0.94,2.11,2.08,2.86
"7225",286,2000,13.33,6,12.93,4.46,10.41,9.29,7.15
"7226",287,2000,8.05,7.59,8.39,5.96,8.03,9.8,5.41
"7227",288,2000,8.26,10.13,6.95,11.67,5.08,20.95,9.57
"7228",289,2000,12.84,12.4,15.23,9.97,14.05,21.3,8.33
"7229",290,2000,5.05,9.88,6.21,7.67,2.96,12.55,3.88
"7230",291,2000,5.98,14.49,7.46,12.9,6.21,24.96,6.63
"7231",292,2000,5.35,20.31,5.6,17.17,6.47,35.47,8.57
"7232",293,2000,1.5,5.28,3.48,8.2,2.83,12.61,5.07
"7233",294,2000,3.28,7.73,4.86,7.02,3.51,6.67,4.9
"7234",295,2000,19.64,15.23,17.5,4.48,34.08,5.3,11.16
"7235",296,2000,0.76,3.29,0.74,1.67,1.48,2.43,2.53
"7236",297,2000,1.28,7.12,1.23,3.44,2.07,7.73,3.44
"7237",298,2000,8.79,16.77,10.78,8.39,13.82,8.16,6.51
"7238",299,2000,6.7,10.36,9.76,7.34,3.92,15,5.15
"7239",300,2000,1.57,6.34,1.97,27.26,1.44,36.69,16.61
"7240",301,2000,2.94,2.39,4.36,8.99,3.5,8.99,6.83
"7241",302,2000,1.59,4.21,2.05,7.69,3.94,10.15,9.12
"7242",303,2000,5.71,10.98,6.92,17.86,9.06,22.89,15.9
"7243",304,2000,3.58,13.11,5.45,26.46,8.11,39.24,19.98
"7244",305,2000,5.06,9.36,4.99,7.27,9.59,7.04,17.67
"7245",306,2000,2.71,4.73,3.3,4.78,3.84,6.01,5.45
"7246",307,2000,0.54,1.41,0.76,2.77,1.2,1.66,5.05
"7247",308,2000,1.62,2.19,1.88,8.3,2.44,6.81,10.99
"7248",309,2000,5.22,21.79,6.44,32.13,15.49,34.39,33.76
"7249",310,2000,3.46,4.47,3.31,5.99,6.45,7.32,8.33
"7250",311,2000,0.11,1.29,0.01,1.74,0,4.36,1.49
"7251",312,2000,0.2,2.83,0,1.29,0,5.83,1.5
"7252",313,2000,0.01,0.03,0.01,0.37,0,0.23,0.57
"7253",314,2000,0.03,0.34,0.01,0.27,0,0.52,0.87
"7254",315,2000,0.06,1.07,0,2.29,0,3,2.54
"7255",316,2000,7.9,14.7,0.18,10.64,4.48,9.5,11.57
"7256",317,2000,1.33,2.09,0.08,4.74,0.55,3.99,3.87
"7257",318,2000,0.07,0.99,0,4.79,0.13,3.84,4.17
"7258",319,2000,0.16,0.81,0,1.86,0.09,1.21,1.91
"7259",320,2000,0.23,0.04,0.04,0.37,0.02,0.14,0.5
"7260",321,2000,13.16,17.33,13.5,7.26,13.76,11.24,5.11
"7261",322,2000,17.76,23.75,17.11,11.12,18.67,19.03,8.39
"7262",323,2000,22,32.35,21.3,22.87,33.91,33.84,20.96
"7263",324,2000,6.37,9.61,7.02,3.64,7.92,5.76,2.66
"7264",325,2000,0.36,1.01,0.23,0.36,0.53,0.69,0.46
"7265",326,2000,0.01,0.02,0.01,0,0.03,0,0.06
"7266",327,2000,0.03,0.22,0.02,0.02,0.13,0.01,0.18
"7267",328,2000,0.08,0.94,0.05,0.16,0.28,0.32,0.34
"7268",329,2000,0.51,5.82,0.18,1.42,2.34,2.72,1.57
"7269",330,2000,0.04,0.32,0.05,0.51,0.14,0.53,0.5
"7270",331,2000,1.71,2.68,1.67,1.1,2.47,0.75,1.1
"7271",332,2000,2.23,3.25,2.17,2.91,2.81,2.57,2.01
"7272",333,2000,13,30.94,12.49,13.01,14.91,16.45,8.74
"7273",334,2000,3.68,5.23,4.44,8.66,5.1,13,4.36
"7274",335,2000,4.79,2.93,5.48,5.97,2.53,12.68,1.16
"7275",336,2000,0.44,4.7,0.23,5.64,1.35,18.71,1.69
"7276",337,2000,0.59,5.71,0.43,9.11,1.54,27.83,2.89
"7277",338,2000,1.02,8,0.77,11.63,2.21,27.93,4.07
"7278",339,2000,0.08,0.89,0.07,3.09,0.25,5.39,1.92
"7279",340,2000,0.02,0.18,0.05,1.06,0.06,1.27,0.77
"7280",341,2000,0.05,0.15,0.08,0.38,0.19,0.29,0.27
"7281",342,2000,0.16,1.35,0.05,2.44,0.42,2.56,2
"7282",343,2000,0.02,0.12,0.01,0.72,0.08,0.71,0.49
"7283",344,2000,0.06,0.62,0.01,0.7,0.15,1.17,0.42
"7284",345,2000,0.01,0.14,0,0.58,0.03,0.88,0.31
"7285",346,2000,0.03,0.45,0,1.88,0.07,1.79,0.79
"7286",347,2000,0.01,0.5,0,1.72,0.04,1.95,0.87
"7287",348,2000,0,0.02,0,0,0,0,0.01
"7288",349,2000,0.05,0.83,0,0.27,0.08,0.37,0.14
"7289",350,2000,0,0.05,0,0.46,0,0.41,0.3
"7290",351,2000,0,0.12,0,2.17,0,1.76,1.1
"7291",352,2000,0.04,0.21,0.01,0.69,0.78,0.42,0.59
"7292",353,2000,0.18,2.75,0.02,4.49,2.83,3.6,3.31
"7293",354,2000,0,0.72,0,3.94,0.01,4.95,2.76
"7294",355,2000,0,0.03,0,1.54,0.16,0.55,3.15
"7295",356,2000,0.09,0.05,0.13,0.41,0.01,0.32,0.23
"7296",357,2000,0.81,1.4,1.02,0.51,0.53,0.8,0.28
"7297",358,2000,1.71,3.84,4.23,3.03,1.52,4.57,1.75
"7298",359,2000,2.06,1.97,3.04,3.06,1.35,3.62,2.05
"7299",360,2000,2.32,5.21,4.29,4.94,2.8,7.93,3.27
"7300",361,2000,2.05,1.96,2.77,4.78,2.28,6.04,3.36
"7301",362,2000,5.57,10.82,6.24,16.11,9.56,19.07,15.07
"7302",363,2000,2.94,5.53,3.14,8,3.86,8.4,10.68
"7303",364,2000,2.72,7.55,3.22,13.33,8.06,16.08,12.89
"7304",365,2000,8.3,8.29,8.4,10.87,13.1,14.62,9.62
"7305",366,2000,1.54,1.86,2.22,3.58,3.45,3.75,3.67
"7306",1,2001,0.05,2.36,0,2.82,0.27,4.43,1.18
"7307",2,2001,0,0.08,0,0.35,0,0.61,0.15
"7308",3,2001,0,0,0,0.08,0,0.02,0.11
"7309",4,2001,0,0,0,0.01,0,0,0.05
"7310",5,2001,0,0,0,0.07,0,0.03,0.1
"7311",6,2001,0,0,0.01,0.31,0,0.23,0.18
"7312",7,2001,0.08,1.29,0.04,1.03,0.25,1.84,0.5
"7313",8,2001,0.04,0.95,0.01,1.34,0.12,1.95,0.64
"7314",9,2001,0,0.05,0,0.14,0.01,0.1,0.11
"7315",10,2001,0,0,0,0.02,0,0.01,0.05
"7316",11,2001,0.19,0.82,0.06,0.65,0.14,0.38,0.56
"7317",12,2001,0.11,1.31,0.06,1.64,0.17,2.15,0.81
"7318",13,2001,0,0,0,0.13,0,0.04,0.21
"7319",14,2001,0,0.14,0,0.56,0.01,0.55,0.36
"7320",15,2001,0.14,0.3,0.07,0.55,0.45,0.5,0.61
"7321",16,2001,0.01,0.31,0,0.83,0.06,1.47,0.23
"7322",17,2001,0.01,0.47,0,1.79,0.05,2.28,0.67
"7323",18,2001,0.01,0.37,0,0.55,0.04,0.93,0.15
"7324",19,2001,0.01,0.24,0,0.91,0,2.26,0.11
"7325",20,2001,0,0.1,0,0.47,0,0.52,0.12
"7326",21,2001,0.03,0.16,0.02,0.85,0.07,0.89,0.44
"7327",22,2001,0,0.05,0,0.74,0.01,0.7,0.43
"7328",23,2001,0,0,0,0.52,0,0.31,0.31
"7329",24,2001,0.01,0.02,0.04,0.62,0.03,0.47,0.26
"7330",25,2001,0.11,1.37,0.03,2.01,0.3,4.13,0.72
"7331",26,2001,0.02,0.1,0,0.11,0.12,0.05,0.12
"7332",27,2001,0.02,1.46,0,2.4,0.05,2.1,0.68
"7333",28,2001,0,0,0,0.08,0,0.04,0.26
"7334",29,2001,0,0.47,0,0.39,0,2.52,0.15
"7335",30,2001,0,0,0,0.16,0,0.09,0.11
"7336",31,2001,0,0,0,0.25,0,0.21,0.17
"7337",32,2001,0,0.04,0,0.03,0,0.4,0.12
"7338",33,2001,0,0.04,0,0.02,0,0.4,0.1
"7339",34,2001,0,0.36,0,0.76,0.02,1.1,0.33
"7340",35,2001,0,0.04,0,0.12,0,0.44,0.16
"7341",36,2001,0.01,0.33,0,2.11,0.04,2.1,0.7
"7342",37,2001,0,0.19,0,1.12,0.01,2.08,0.46
"7343",38,2001,0.02,0.59,0.04,1.02,0.1,1.57,0.65
"7344",39,2001,0.04,0.3,0.02,0.91,0.16,1.09,0.62
"7345",40,2001,0,0.03,0,0.53,0,0.49,0.37
"7346",41,2001,0,0,0,0.04,0,0.01,0.03
"7347",42,2001,0,0.01,0,0.18,0,0.21,0.08
"7348",43,2001,0.18,0.41,0.35,1.11,0.25,1.2,0.6
"7349",44,2001,0.01,0.44,0,1.69,0.02,3,0.81
"7350",45,2001,0.01,0.13,0,0.34,0.01,0.37,0.21
"7351",46,2001,0.18,0.4,0.12,0.2,0.36,0.17,0.2
"7352",47,2001,0.17,0.57,0.22,0.29,0.1,0.31,0.16
"7353",48,2001,0.01,0.34,0,1.21,0.03,2.48,0.37
"7354",49,2001,0.01,0.07,0,0.95,0.02,1.12,0.49
"7355",50,2001,0.01,0,0,0.4,0.02,0.22,0.23
"7356",51,2001,0.01,0.01,0,0.62,0.02,0.51,0.39
"7357",52,2001,0,0.38,0.01,1.34,0.04,1.6,1.04
"7358",53,2001,0,0.03,0.01,0.71,0,0.58,0.34
"7359",54,2001,0,0,0.01,0.29,0,0.19,0.17
"7360",55,2001,0.5,0.67,0.48,0.32,0.52,0.24,0.24
"7361",56,2001,0.04,0.13,0.04,0.49,0,1.02,0.15
"7362",57,2001,0.05,0.86,0.02,1.24,0.13,1.14,0.83
"7363",58,2001,0.05,0.13,0.02,2.01,0.08,1.04,1.76
"7364",59,2001,0.05,0.34,0.02,1.35,0.08,1.9,0.81
"7365",60,2001,0,0.02,0,0.57,0,0.66,0.42
"7366",61,2001,0,0.01,0,0.84,0,0.55,0.53
"7367",62,2001,0.01,0,0.03,0.85,0.02,0.36,0.32
"7368",63,2001,1.25,0.42,1.89,1.16,1.15,0.83,0.6
"7369",64,2001,0.49,0.72,0.47,1.61,1.59,2.54,1.21
"7370",65,2001,0,0.19,0.01,0.66,0.01,1.13,0.4
"7371",66,2001,0.01,0.55,0.18,0.9,0.04,2.2,0.36
"7372",67,2001,0,0.08,0.01,0.47,0.02,1.09,0.12
"7373",68,2001,0,0.01,0.01,0.29,0,0.22,0.11
"7374",69,2001,0,0.1,0,0.38,0.01,0.43,0.15
"7375",70,2001,0,0.02,0,0.07,0,0.02,0.14
"7376",71,2001,0,0.02,0,0.06,0,0.04,0.1
"7377",72,2001,0,0.23,0,0.6,0,1.1,0.21
"7378",73,2001,0,0.34,0,0.28,0,0.32,0.28
"7379",74,2001,0,0.27,0,0.74,0.02,0.54,0.8
"7380",75,2001,0,0,0,0.2,0,0.09,0.52
"7381",76,2001,0,0,0,0.26,0,0.09,0.65
"7382",77,2001,0,0.01,0,0.41,0,0.39,1
"7383",78,2001,0,0.01,0,0.78,0,0.42,2.94
"7384",79,2001,0,0.76,0,2.52,0.01,3.44,2.73
"7385",80,2001,0.97,2.94,1.71,6.75,3.18,8.19,5.16
"7386",81,2001,2,2.95,2.51,4.66,2.53,4.92,5.58
"7387",82,2001,2.21,0.58,3.06,1.36,1.8,1.15,1.1
"7388",83,2001,0.9,1.03,1.12,2.37,1.73,2.49,1.42
"7389",84,2001,0,0.01,0,0.43,0,0.27,0.21
"7390",85,2001,0,0.09,0.02,0.55,0.01,0.47,0.24
"7391",86,2001,0.53,0.34,0.78,0.94,0.2,1,0.61
"7392",87,2001,1.31,0.47,1.66,0.29,0.91,0.16,0.46
"7393",88,2001,1.49,2.05,2.44,1.75,4.14,2.4,3
"7394",89,2001,0.37,0.67,0.51,0.96,0.93,1.34,0.7
"7395",90,2001,0.71,0.56,0.9,0.56,0.68,0.52,0.58
"7396",91,2001,0.61,0.27,0.69,0.55,0.24,0.73,0.65
"7397",92,2001,0.01,0.18,0.02,0.67,0.02,0.8,0.51
"7398",93,2001,0,0,0,0.4,0,0.21,0.25
"7399",94,2001,0.32,0.02,0.84,0.58,1.23,0.31,0.3
"7400",95,2001,13.36,5.94,8.51,7.16,7.33,8.63,4
"7401",96,2001,0.75,2.76,0.49,5.58,1.05,8.92,1.95
"7402",97,2001,0.03,1.75,0.03,3.23,1.32,3.49,2.64
"7403",98,2001,0.05,0.4,0.06,1.45,0.2,1.11,1.15
"7404",99,2001,1.16,1.91,1.65,2.98,2.73,2.91,2.33
"7405",100,2001,1.37,1.91,1.44,3.69,3.48,3.97,2.53
"7406",101,2001,0.69,0.37,1.1,1.38,1,1.82,0.59
"7407",102,2001,4.79,4.87,5.27,3.02,4.27,8.08,1.39
"7408",103,2001,0.54,0.62,0.71,2.19,0.88,4.16,1.04
"7409",104,2001,0.24,0.11,0.64,1.49,0.31,1.21,0.79
"7410",105,2001,4.9,0.45,9.22,1.84,4.89,2.6,0.81
"7411",106,2001,7.67,4.25,8.75,6.9,8.43,7.39,5.07
"7412",107,2001,13.03,7.48,16.16,4.83,9.2,7.04,3.02
"7413",108,2001,1.55,4.05,2.81,5.64,3.68,8.09,2.77
"7414",109,2001,2.89,4.91,3.93,7.48,2.27,12.46,3.55
"7415",110,2001,0.29,0.27,0.43,1.51,0.23,1.96,0.73
"7416",111,2001,0,0,0,0.36,0,0.14,0.18
"7417",112,2001,0,0,0,1.18,0,0.93,0.27
"7418",113,2001,0,0,0,3.22,0,2.45,0.63
"7419",114,2001,0,0,0,2.85,0,2.08,0.51
"7420",115,2001,0.06,0,0.06,4.76,0,8.65,0.48
"7421",116,2001,14.13,5.55,13.47,7.65,5.71,9.41,5.11
"7422",117,2001,12.92,21.78,10.11,20.27,13.47,29.89,23.72
"7423",118,2001,12.04,15.48,10.78,12.74,15.7,14.78,15.22
"7424",119,2001,4.12,3.08,5.29,7.99,3.15,8.92,8.24
"7425",120,2001,6.09,3.64,6.94,3.63,4.05,4.62,3.78
"7426",121,2001,14.21,13.23,15.85,12.79,13.92,14.2,14.86
"7427",122,2001,12.33,22.21,11.72,15.96,10.2,16.09,13.93
"7428",123,2001,19.84,31.13,17.09,32.46,15.76,35.41,27.94
"7429",124,2001,3.78,4.11,6.76,9.25,4.97,10.38,8.02
"7430",125,2001,7.91,16.93,9.18,30.78,7.79,33.04,18.11
"7431",126,2001,4.12,10.59,2.99,15.88,7.59,17.15,18.95
"7432",127,2001,8.27,7,12.96,8.02,5.74,10.22,7.63
"7433",128,2001,10.17,19.37,13.45,20.5,13.37,27.34,16.89
"7434",129,2001,10.42,7.48,9.79,9.1,10.34,9.78,10.95
"7435",130,2001,1.79,3.87,3.02,2.28,3.42,3.16,5.69
"7436",131,2001,2.8,4.32,5.68,1.78,9.27,2.26,3.79
"7437",132,2001,2.26,7.26,2.29,7.67,5.47,11,5.56
"7438",133,2001,21.98,8.5,25.14,9.14,21.98,9.21,6.96
"7439",134,2001,17,11.41,15.9,16.27,20.87,21.56,13.84
"7440",135,2001,9.49,18.12,9.65,7.29,15.76,5.97,11.43
"7441",136,2001,6.04,5.2,6.06,8.6,4.17,8.22,7.93
"7442",137,2001,18.87,24.45,19.3,21.97,21.47,25.48,19.62
"7443",138,2001,11.48,10.37,12.51,10.5,15.39,12.23,10.32
"7444",139,2001,15.44,17.11,16.4,12.89,16.44,14.8,13.21
"7445",140,2001,18.37,11.08,22.04,15.31,12.86,20.3,9.85
"7446",141,2001,1.77,2.64,2.56,9.04,3.96,14.26,5.61
"7447",142,2001,2.84,1.09,3.09,3.13,1.84,3.16,2.63
"7448",143,2001,0.58,0.49,0.42,1.09,0.76,0.65,1.4
"7449",144,2001,0.89,2.06,0.78,2.98,0.96,2.84,3.36
"7450",145,2001,7.28,7.78,4.56,5.57,10.11,6.82,6.68
"7451",146,2001,2.02,3.14,4.53,3.38,2.86,3.47,3.81
"7452",147,2001,1.32,2.9,2.96,4.2,3.17,5.82,3.24
"7453",148,2001,15.56,18.39,20.31,10.87,20.9,13.77,10.65
"7454",149,2001,5.75,7.76,8.45,7.32,7.24,10.64,5.31
"7455",150,2001,11.33,9.95,12.98,9.11,10.21,10.23,10.55
"7456",151,2001,12.21,5.44,17.6,5.73,6.55,7.78,2.83
"7457",152,2001,15.21,4.99,18.13,6.87,11.42,10.86,4.58
"7458",153,2001,13.71,11.26,15.62,8.67,19.95,10.48,9.73
"7459",154,2001,7.59,4.65,10.89,6.19,9.22,10.98,4.71
"7460",155,2001,22.21,13.32,20.43,8.98,16.12,15.1,5.72
"7461",156,2001,11.3,2.4,13.96,2.9,7.53,2.71,3.73
"7462",157,2001,12.9,14.91,15.08,7.88,17.82,6.44,15.13
"7463",158,2001,13.27,10.65,15.59,12.43,11.22,13.81,10.26
"7464",159,2001,3.26,4.5,4.78,11.2,4.08,14.61,7.53
"7465",160,2001,10.85,15.24,10.45,10.88,12.15,16.85,6.77
"7466",161,2001,11.45,5.12,12.71,5.18,10.1,6.44,8.7
"7467",162,2001,10.01,12.55,5.88,3.6,6.45,5.5,3.56
"7468",163,2001,7.16,3.85,5.41,1.72,3.42,1.44,3.62
"7469",164,2001,3.9,4.76,3.02,1.11,2.03,1.82,0.92
"7470",165,2001,5.98,7.16,5.03,5.09,4.03,6.93,3.92
"7471",166,2001,2.65,1.07,3.24,0.56,2.23,0.6,0.62
"7472",167,2001,1.05,1.15,1.52,1.77,0.98,1.5,2.32
"7473",168,2001,26.11,32.76,22.45,20.83,29.99,31.53,17.02
"7474",169,2001,13.12,16.57,12.1,9.42,9.37,13.47,7.43
"7475",170,2001,10.5,13.52,12.38,22.67,12.17,20.05,27.4
"7476",171,2001,20.57,17.75,25.31,18.91,17.21,20.76,18.43
"7477",172,2001,7.52,6.83,8.91,5.98,8.75,7.89,5.96
"7478",173,2001,0.45,1.28,0.43,2.87,0.84,4.77,1.52
"7479",174,2001,0.07,0.39,0.12,1.23,0.19,2.16,0.7
"7480",175,2001,0.23,0.67,0.21,2.7,0.3,4.07,1.43
"7481",176,2001,1.17,5.85,0.66,7.8,2.01,10.34,6.39
"7482",177,2001,2.57,6.86,1.68,11.76,3.7,14.91,7.68
"7483",178,2001,3.05,6.2,5.43,11.07,6.29,10.6,9.76
"7484",179,2001,14.67,23.84,16.64,15.83,26.43,19.06,16.32
"7485",180,2001,14.35,21.39,13.56,16.52,22.42,24.04,15.83
"7486",181,2001,13.07,20.03,11.62,27.05,20.6,37.37,20.62
"7487",182,2001,4.02,13.74,5.36,10.14,10.44,16.03,6.62
"7488",183,2001,0.86,1.19,3.51,1.7,1.79,2.2,1.36
"7489",184,2001,2.62,4.79,3.75,3.94,7.7,5.89,3.11
"7490",185,2001,5.4,6.72,6.62,2.35,9.65,2.09,2.63
"7491",186,2001,13.25,14.89,17.51,8.02,24.62,9.26,6.51
"7492",187,2001,14.67,15.57,16.2,16.05,13.55,21.5,18.47
"7493",188,2001,5.05,4.41,7.13,6.52,5.87,9.48,6.54
"7494",189,2001,17.86,8.55,19.58,7.57,11.82,11,8.41
"7495",190,2001,6.82,8.72,6.84,7.03,5.12,8.71,5.78
"7496",191,2001,7.14,8.21,7.68,11.04,6.51,15.81,5.41
"7497",192,2001,10.44,10.45,9,15.43,15.03,14.95,17.98
"7498",193,2001,13.43,20.42,10.6,16.94,14.75,17.72,16.04
"7499",194,2001,20.91,21.88,18.98,31.97,21.06,31.57,27.03
"7500",195,2001,1.84,6.1,1.9,14.65,2.89,14.55,9.37
"7501",196,2001,18.2,29.18,16.08,28.36,27.42,35.38,33.76
"7502",197,2001,8.93,8.31,9.17,8.05,6.59,9.86,10.58
"7503",198,2001,20.6,38.46,18.7,22.81,21.7,29.13,18.74
"7504",199,2001,2.21,4.43,3.53,11.83,1.34,16.63,5.5
"7505",200,2001,6.64,1.56,10.64,9.65,3.56,9.63,5.55
"7506",201,2001,7.44,7.9,8.97,11.25,7.73,15.55,7.58
"7507",202,2001,7.83,2.39,7.04,5.96,6.77,4.1,6.55
"7508",203,2001,5.59,1.33,6.39,2.04,6.02,1,3.78
"7509",204,2001,6.53,10.51,5.24,10.39,6.15,12.72,8.71
"7510",205,2001,2.86,10.51,2.09,10.51,3.89,14.57,7.46
"7511",206,2001,7.38,4.43,8.71,3.42,4.75,3.87,2.76
"7512",207,2001,12.01,27.01,10.92,16.01,11.36,19.75,16.64
"7513",208,2001,11.39,9.7,9.39,12.62,5.12,10.81,10.19
"7514",209,2001,15.62,17.61,11.44,19.81,12.28,17.26,24.59
"7515",210,2001,6.02,5.14,6.18,4.11,6.41,2.74,8.85
"7516",211,2001,9.99,13.68,7.09,14.2,7.64,20.93,9.78
"7517",212,2001,14.58,24.75,7.92,35.67,12.36,49.09,23.73
"7518",213,2001,5.67,6.1,6.95,9.61,5.57,16.62,7.13
"7519",214,2001,8.68,7.27,11.45,12.93,4.99,26.66,4.85
"7520",215,2001,2.84,7.34,3.24,11.11,1.2,18.05,4.24
"7521",216,2001,8.87,8.34,12.42,11.57,7.7,20.39,7.18
"7522",217,2001,10.64,7.71,12.86,8.43,8.34,15.07,6.03
"7523",218,2001,0.51,2.73,0.3,4.28,1.25,4.28,4.6
"7524",219,2001,4.58,7.93,3.58,7.56,7.58,6.15,7.71
"7525",220,2001,12.84,15.66,10.3,20.79,16.11,23.33,18.96
"7526",221,2001,1.36,2.66,1.37,11.35,0.42,18.23,2.71
"7527",222,2001,4.59,9.73,3.39,13.62,11.2,11.14,17.08
"7528",223,2001,1.62,4.93,1.45,5.81,1.19,13.1,3.03
"7529",224,2001,4.75,5.38,5.27,3.03,2.13,5.19,3.4
"7530",225,2001,5.79,6.64,4.91,3.59,4.66,5.78,7.26
"7531",226,2001,12.4,3.66,15.85,1.72,11.33,1.2,4.01
"7532",227,2001,16.51,3.62,15.48,0.91,8.05,0.96,2.83
"7533",228,2001,5.77,3.66,4.96,5.69,4.7,7.62,7.19
"7534",229,2001,10.4,10.8,12.45,6.04,7.2,5.93,9.56
"7535",230,2001,13.62,8.09,16.29,8.19,9.72,12.13,6.44
"7536",231,2001,21.96,17.61,22.45,12.28,23.75,13.67,17.11
"7537",232,2001,23.79,12.83,28.14,14.1,21.11,20.52,17.34
"7538",233,2001,5.15,2.07,6.84,7.78,3.3,10.62,4.18
"7539",234,2001,2.48,1.71,2.97,8.67,2.01,9.71,3.48
"7540",235,2001,2.94,2.43,3.47,2.92,3.82,2.73,5.32
"7541",236,2001,8.25,2.37,12.24,2.82,7.84,2,5.52
"7542",237,2001,5.33,2.27,8.17,4.66,5.52,3.66,7.46
"7543",238,2001,3.03,7.03,3.94,11.67,3.59,15.1,11.58
"7544",239,2001,1.37,2.81,1.49,6.33,3.23,6.5,7.82
"7545",240,2001,9.78,13.32,10.45,18.26,10.72,21.55,11.92
"7546",241,2001,4.79,14.53,3.58,17.32,6.6,26.64,7.74
"7547",242,2001,4.22,3.39,3.44,5.47,2.75,8.67,3.67
"7548",243,2001,4.2,1.86,5.26,3.27,4.97,2.55,4.6
"7549",244,2001,4.32,13.65,3.15,12.77,7.93,15.15,11.46
"7550",245,2001,13.6,18.07,11.61,19.2,11.64,26.13,15.13
"7551",246,2001,9.72,16.77,8.59,22.17,10.76,35.08,14.24
"7552",247,2001,3.88,5.26,3.66,15.74,3.68,26.52,7.54
"7553",248,2001,37.06,38.31,35.24,26.85,28.85,44.95,18.48
"7554",249,2001,5.3,4.27,10.15,6.54,5.12,5.64,5.4
"7555",250,2001,3.72,1.62,7.94,2.29,1.88,1.07,3.51
"7556",251,2001,1.02,0.42,3.67,2.15,0.57,0.82,4.14
"7557",252,2001,0.37,0.26,1.67,0.96,0.33,0.27,3.18
"7558",253,2001,0.4,0.13,1.49,0.67,0.47,0.17,1.77
"7559",254,2001,13.91,8.76,13.88,4.88,11.37,5.62,5.2
"7560",255,2001,15.38,10.65,16.25,8.01,9.01,8.98,8.62
"7561",256,2001,8.59,8.32,8.14,10.8,6.54,11.91,10.58
"7562",257,2001,12.47,17.72,9.97,16.29,11.33,23.85,9.86
"7563",258,2001,2.45,1.87,2.61,5.38,1.86,9.15,1.4
"7564",259,2001,3.61,0.94,4.73,2.75,2.18,1.62,5.25
"7565",260,2001,3.92,7.07,3.62,4.74,13.16,3.16,12.21
"7566",261,2001,19.27,22.64,19.52,29.37,27.85,34.71,28.69
"7567",262,2001,10.52,12.22,11.49,19.5,9.14,19.11,16.83
"7568",263,2001,13.07,14.26,17.42,11.64,8.51,11.16,14.66
"7569",264,2001,14.61,6.54,12.34,7.4,16.96,6.05,10.65
"7570",265,2001,20.01,6.04,20.58,8.31,13.1,12,10.02
"7571",266,2001,26.27,19.1,27.68,18.7,21.87,28.68,14.91
"7572",267,2001,9.96,1.65,11.37,2.55,4.22,2.48,2.68
"7573",268,2001,2.25,1.21,2.48,2.52,3.19,1.61,3.63
"7574",269,2001,2.08,1.46,2.55,4.98,2.24,3.1,6.07
"7575",270,2001,4.44,4.18,6.16,9.29,6.32,10.24,9.5
"7576",271,2001,10.48,15.15,12.44,24.58,13.38,29.85,13.9
"7577",272,2001,13.57,3.82,18.46,5.91,11.4,7.24,5.7
"7578",273,2001,4.42,3.68,3.91,6.53,8.36,6.42,6.32
"7579",274,2001,5.82,6.03,6.68,7.24,4.72,7.51,12.58
"7580",275,2001,10.67,8.17,14.15,6.58,8.91,7.68,7.48
"7581",276,2001,7.92,8.62,8.31,5.12,8.58,6.25,5.81
"7582",277,2001,3.91,2.18,5.48,8.93,2.3,13.98,4.71
"7583",278,2001,2.28,0.59,3.16,2.99,0.64,3.18,2.09
"7584",279,2001,9.4,13.23,8.48,13.97,11.79,21.58,14.61
"7585",280,2001,3.37,8.08,3.58,11.3,2.51,19.06,7.24
"7586",281,2001,4.18,0.91,5.51,1.75,2.32,2.06,1.6
"7587",282,2001,14.92,28.7,6.75,23.36,10.98,43.47,11.3
"7588",283,2001,2.63,8.53,2.78,17.96,7.71,36.11,10.51
"7589",284,2001,5.42,3.95,5.86,7.45,5.98,12.36,3.97
"7590",285,2001,8.3,4.2,9.59,4.02,7.06,4.41,5.87
"7591",286,2001,10.68,14.31,11.44,14.99,15.95,19.91,17.62
"7592",287,2001,4.99,5.47,5,12.42,3.31,13.6,11.38
"7593",288,2001,2.72,6.22,3.26,17.87,5.05,23.83,17.45
"7594",289,2001,10.53,15.98,6.12,12.78,6.72,25.22,3.83
"7595",290,2001,3.84,7.63,3.62,12.95,2.76,18.82,4.97
"7596",291,2001,6.98,15.14,7.11,11.97,7.4,12.62,11.45
"7597",292,2001,2.5,4.84,2.65,7.42,2.93,6.56,6.04
"7598",293,2001,8.04,12.01,7.15,10.1,4.8,17.7,5.36
"7599",294,2001,0.71,0.42,0.53,1.55,0.26,1.17,2.56
"7600",295,2001,0.48,0.72,0.29,3.23,0.49,1.54,6.68
"7601",296,2001,1.98,4.06,2.08,2.64,3.52,1.48,4.82
"7602",297,2001,4.34,5.37,4.6,6.33,3.51,6.76,6.41
"7603",298,2001,1.97,2.77,1.72,4.99,1.71,5.57,5.66
"7604",299,2001,2.05,1.5,2.09,3.95,1.84,4.9,2.26
"7605",300,2001,1.6,3.19,1.25,7.55,1.71,10.16,2.65
"7606",301,2001,2.4,6.66,1.13,8.92,2.43,9.43,6.03
"7607",302,2001,2.75,8.52,2.3,14.53,4.33,14.93,9.31
"7608",303,2001,3.4,12.72,1.74,20.13,4.87,22.84,13.25
"7609",304,2001,6.17,6.7,5.13,7.73,5.68,11.06,5.47
"7610",305,2001,7.52,6.79,15.85,9.2,7.91,12.15,6.46
"7611",306,2001,5.71,17.92,6.48,23.04,9.59,27.47,12.37
"7612",307,2001,1.2,4.18,1.17,6.07,0.79,8.97,3.49
"7613",308,2001,2.06,4.24,2.87,5.47,4.52,6.22,2.91
"7614",309,2001,2.77,5.43,4.22,11.7,3.25,11.17,5.11
"7615",310,2001,2.36,6.02,3.33,6.65,2.51,15.83,2.36
"7616",311,2001,8.77,10.31,10.06,10.16,9.4,17.54,7.48
"7617",312,2001,14.09,9.83,20.42,3.89,13.57,3.66,5.66
"7618",313,2001,6.63,8.69,8.27,12.9,8.87,18.43,11.64
"7619",314,2001,6.6,4.04,8.34,7.09,5.88,10.14,5.35
"7620",315,2001,0.62,1.52,0.09,1.28,0.66,4.76,0.98
"7621",316,2001,1.05,2.85,0.05,1.9,1.56,3.63,2.06
"7622",317,2001,0.69,1.4,0.13,1.38,1.47,2.22,1.66
"7623",318,2001,0.76,1.62,0.08,0.89,0.59,1.17,1.04
"7624",319,2001,0.32,0.83,0.03,0.69,0.59,1.37,0.92
"7625",320,2001,0.41,0.57,0.81,3.89,0.71,1.95,4.3
"7626",321,2001,2.42,7,2.71,7.24,2.96,9.75,6.14
"7627",322,2001,2.97,8.47,3.43,11.86,4.41,12.31,8.05
"7628",323,2001,1.3,9.65,1.88,13.43,6.14,12.69,11.79
"7629",324,2001,0.85,1.68,1.43,9.3,2.93,5.36,7.65
"7630",325,2001,0.12,0.63,0.53,2.62,0.49,2.54,2.02
"7631",326,2001,0.1,0.09,0.31,0.8,0.12,0.59,0.75
"7632",327,2001,0.03,0.06,0.16,0.33,0.13,0.22,0.33
"7633",328,2001,0.05,0.05,0.26,0.24,0.1,0.07,0.52
"7634",329,2001,0.11,1.47,0.24,2.64,0.24,3.03,2.25
"7635",330,2001,0.26,0.94,0.06,1.08,0.22,0.86,1.61
"7636",331,2001,1.45,6.18,0.2,4.57,1.1,4.27,5.35
"7637",332,2001,0.66,6.02,0.11,6.56,1.05,5.2,7.87
"7638",333,2001,0.14,1.8,0.03,6.63,0.27,5.54,6.04
"7639",334,2001,0.04,0.43,0.01,2.27,0.06,1.37,2.84
"7640",335,2001,0.84,1.99,0.57,4.92,2.37,6.02,3.63
"7641",336,2001,0.37,0.55,0.27,0.34,1.09,0.12,0.52
"7642",337,2001,0.5,0.22,0.49,0.05,1.54,0,0.21
"7643",338,2001,2.56,5.63,0.89,3,6.93,2.56,3.23
"7644",339,2001,0.67,2.09,0.37,1.39,3,0.89,1.78
"7645",340,2001,6.92,6.4,8.51,5.77,12.36,8.07,9.13
"7646",341,2001,8.2,4.61,9.19,2.16,12.46,3.39,4.18
"7647",342,2001,9.24,8.96,12.11,7.05,19.95,9.93,10.29
"7648",343,2001,6.66,3.3,10.51,4.36,10.08,5.72,5.65
"7649",344,2001,7.37,5.07,9.16,2.56,16.16,3.96,5.17
"7650",345,2001,1.14,1.7,1.59,5.2,0.32,8.86,2.66
"7651",346,2001,0.81,0.32,1.39,1.4,0.06,1.79,0.87
"7652",347,2001,0.49,1.52,0.59,2.9,0.18,4.51,1.95
"7653",348,2001,0.81,1.05,1.68,4.17,0.22,3.85,2.76
"7654",349,2001,1.83,3.08,3.31,11.11,0.47,13.42,9.05
"7655",350,2001,7.13,21.55,6.22,26.91,10.32,27.37,21.88
"7656",351,2001,7.44,22.92,5.73,32.89,14.44,45.57,24.29
"7657",352,2001,6.71,12.41,5.08,13.54,8.74,18.04,8.28
"7658",353,2001,5.95,11.23,7.06,5.99,9.05,3.8,7.79
"7659",354,2001,7.17,6,8.37,9.98,5.63,11.63,6.61
"7660",355,2001,0.88,3.75,1.32,8.06,1.6,7.11,5.4
"7661",356,2001,1.35,6.28,1.25,3.51,5.03,1.81,5.17
"7662",357,2001,0.15,1.17,0.14,0.82,0.4,0.55,0.68
"7663",358,2001,0.08,0.71,0.08,1.27,0.26,0.67,1.74
"7664",359,2001,1.6,6.86,1.92,6.42,3.64,8.23,7.02
"7665",360,2001,8.49,15.07,4.14,5.61,6.05,15.26,1.53
"7666",361,2001,8.68,20.25,5.12,4.21,8.63,9.82,1.69
"7667",362,2001,1.99,2.19,1.13,1.46,1.46,2.7,0.47
"7668",363,2001,0.34,0.86,0.2,0.61,0.38,0.93,0.24
"7669",364,2001,0.09,0.05,0.09,0.13,0.08,0.18,0.07
"7670",365,2001,0.05,0,0.06,0.01,0.04,0.01,0.02
"7671",1,2002,0,0,0,0.05,0,0.83,0.2
"7672",2,2002,0.01,0.15,0.01,1.43,0.03,1.13,0.59
"7673",3,2002,0,0,0,0.2,0,0.09,0.13
"7674",4,2002,0,0,0,0.02,0,0,0.06
"7675",5,2002,0.02,1.2,0.01,1.09,0.15,1.64,0.56
"7676",6,2002,0.08,1.23,0.04,1.03,0.25,1.46,0.54
"7677",7,2002,0.01,0.11,0,1.32,0.02,1.62,0.75
"7678",8,2002,0,0,0,0.06,0,0.05,0.06
"7679",9,2002,0,0,0,0.09,0,0.03,0.05
"7680",10,2002,0,0.01,0,0.01,0,0,0.04
"7681",11,2002,0,0,0,0.05,0,0.03,0.11
"7682",12,2002,0,0.02,0,0.5,0.01,0.34,0.23
"7683",13,2002,0.01,0.01,0.01,0.05,0.01,0.02,0.06
"7684",14,2002,0.22,1.01,0.12,1.29,0.26,1.68,0.84
"7685",15,2002,0.06,0.35,0.04,0.43,0.22,0.48,0.4
"7686",16,2002,0.03,1.01,0,1.46,0.12,1.57,0.69
"7687",17,2002,0,0.01,0,0.23,0,0.12,0.14
"7688",18,2002,0,0,0,0.11,0,0.06,0.06
"7689",19,2002,0,0.09,0,0.33,0.01,0.21,0.1
"7690",20,2002,0.02,0.93,0,4.05,0.1,5.69,1.35
"7691",21,2002,0,0.04,0,1.29,0.04,1.04,0.65
"7692",22,2002,0,0,0.03,0.45,0.01,0.32,0.2
"7693",23,2002,0.55,8.17,1.74,14.88,1.67,26.1,6.14
"7694",24,2002,0.03,0.76,0.05,2.41,0.12,2.92,0.99
"7695",25,2002,0,0.02,0,0.44,0,0.6,0.12
"7696",26,2002,0,0.01,0,0.04,0,0.09,0.01
"7697",27,2002,0,0,0,0.02,0,0.01,0.01
"7698",28,2002,0.01,0.05,0.01,0.43,0.02,0.75,0.16
"7699",29,2002,0,0.06,0.01,0.51,0.01,0.75,0.18
"7700",30,2002,0.1,1.33,0.05,2.97,0.35,5.75,1.09
"7701",31,2002,0.01,0.36,0.01,1.75,0.09,2.65,0.89
"7702",32,2002,0,0.08,0.01,0.53,0.01,0.67,0.27
"7703",33,2002,0,0.24,0.01,0.97,0.02,1.32,0.48
"7704",34,2002,0,0.11,0,0.78,0.01,1.03,0.39
"7705",35,2002,0,0.02,0.01,0.26,0,0.18,0.27
"7706",36,2002,0,0.29,0.01,1.16,0.01,2.02,0.6
"7707",37,2002,0.04,0.29,0.01,1.96,0.12,3.18,0.8
"7708",38,2002,0.03,0.41,0.01,1.13,0.02,1.86,0.51
"7709",39,2002,0.02,0.06,0.02,0.21,0.02,0.2,0.2
"7710",40,2002,0.03,0.44,0.01,0.62,0.07,0.99,0.31
"7711",41,2002,0.01,0.13,0,0.74,0.02,1.07,0.27
"7712",42,2002,0.06,0.6,0.01,2.3,0.07,1.67,1.38
"7713",43,2002,0.05,0.06,0.01,0.08,0.05,0.03,0.16
"7714",44,2002,0.05,0.06,0.01,0.01,0.05,0,0.08
"7715",45,2002,0.05,0.06,0.01,0.09,0.05,0.02,0.1
"7716",46,2002,0.27,0.44,0.56,0.83,0.48,1.95,0.3
"7717",47,2002,0.01,0.01,0.01,0.16,0,0.14,0.06
"7718",48,2002,0.86,0.05,0.5,0.22,0.07,0.16,0.13
"7719",49,2002,0.33,0.7,0.07,1.08,0.23,2.18,0.45
"7720",50,2002,0.21,0.4,0.07,0.84,0.09,0.77,0.61
"7721",51,2002,0.09,0.24,0.05,1.14,0.02,1.8,0.58
"7722",52,2002,0.14,0.16,0.13,0.15,0.14,0.08,0.42
"7723",53,2002,0.16,0.34,0.17,0.89,0.14,1.37,0.34
"7724",54,2002,0.14,0.25,0.13,1.07,0.14,1.17,0.51
"7725",55,2002,0.14,0.19,0.13,0.21,0.14,0.27,0.2
"7726",56,2002,0.14,0.16,0.13,0.08,0.14,0.04,0.17
"7727",57,2002,0.11,0.02,0.08,0.53,0.1,0.29,0.3
"7728",58,2002,0.06,0.68,0,0.78,0.14,0.6,0.6
"7729",59,2002,0.02,0.63,0,1.65,0.07,2.7,0.94
"7730",60,2002,0,0.4,0,0.16,0.01,0.1,0.1
"7731",61,2002,0.03,0.54,0.01,0.86,0.08,1.37,0.19
"7732",62,2002,0,0.21,0,0.96,0.04,0.95,0.78
"7733",63,2002,0,0.01,0,0.24,0,0.13,0.23
"7734",64,2002,0,0,0,0.11,0,0.04,0.08
"7735",65,2002,0,0.17,0,0.3,0.03,0.33,0.35
"7736",66,2002,0,0.17,0,0.26,0.03,0.32,0.37
"7737",67,2002,0.01,0.56,0,0.27,0.03,0.38,0.31
"7738",68,2002,0,0.18,0,2.16,0.03,1.15,2.31
"7739",69,2002,0.02,0.18,0,0.28,0.03,0.34,0.13
"7740",70,2002,2.1,2.08,1.89,4.89,2.32,6.88,2.71
"7741",71,2002,6.61,16.33,5.68,40.16,12.99,46.86,31.48
"7742",72,2002,0.67,1.3,0.83,7.97,1.21,7.62,6.76
"7743",73,2002,1.05,1.92,1.33,5.98,1.69,7.29,4.38
"7744",74,2002,11.9,15.36,11.56,19.51,11.39,39.21,11.09
"7745",75,2002,1.69,7.14,2.26,13.19,2.23,16.88,8.25
"7746",76,2002,0.18,0.61,0.29,6.99,0.13,7.06,4.4
"7747",77,2002,0.27,3.53,0.43,10.74,0.94,12.66,6.43
"7748",78,2002,0.07,2.06,0.08,9.7,0.29,10.77,4.61
"7749",79,2002,0.38,1.54,0.54,11.78,0.21,13.31,5.48
"7750",80,2002,3.42,4.66,5.51,11.14,2.01,12.68,7.43
"7751",81,2002,20.51,35.76,25.85,26.28,26.02,38.66,20.51
"7752",82,2002,2.17,4.65,2.89,7.5,1.86,9.11,5.43
"7753",83,2002,0.71,1.27,0.75,2.45,0.66,2.71,1.99
"7754",84,2002,0.2,0.43,0.31,1.9,0.11,2.46,1.12
"7755",85,2002,0.01,0.35,0.03,1.32,0.05,1.4,0.87
"7756",86,2002,0,0.05,0,1.19,0,0.68,1.01
"7757",87,2002,0.28,0.08,1.53,1.48,0.17,0.77,1.52
"7758",88,2002,3.01,3.04,7.06,5.08,4.23,5.45,7.1
"7759",89,2002,1.71,1.48,4.96,2.17,2.08,1.94,3.94
"7760",90,2002,0.73,0.76,1.38,2.54,0.67,2.66,2.65
"7761",91,2002,6.87,5.38,8.79,12.83,6.62,14.17,10.09
"7762",92,2002,16.07,11.02,19.19,13.36,18.68,15.87,12.92
"7763",93,2002,5.18,7.42,5.38,10.23,6.3,8.7,11.68
"7764",94,2002,5.91,2.67,9.5,3.95,9.07,2.96,4.68
"7765",95,2002,6.58,3.21,6.75,4.73,3.98,3.42,5.36
"7766",96,2002,3.08,5.6,4.18,6.53,4.02,5.23,4.77
"7767",97,2002,6.89,15.39,7.87,25.23,5.83,18.58,17.74
"7768",98,2002,3.39,8.77,6.73,13.37,5.1,12.58,12.48
"7769",99,2002,0.12,0.5,0.13,1.39,0.38,0.88,2.24
"7770",100,2002,0.59,0.96,0.81,4.78,0.39,3.83,5.89
"7771",101,2002,0.98,2.54,0.56,1.51,2.38,0.72,2.24
"7772",102,2002,0.04,0.29,0.05,0.66,0.12,0.24,1.09
"7773",103,2002,0,0.07,0,0.65,0.06,0.24,1.01
"7774",104,2002,0.16,0.55,0.08,0.38,0.58,0.15,0.44
"7775",105,2002,6.14,8.71,7.25,3.01,17.65,1.8,3.52
"7776",106,2002,7.38,7.37,5.4,3.57,11.6,3.69,4.56
"7777",107,2002,23.04,27.71,19.58,14.42,34.75,16.97,16.82
"7778",108,2002,11.88,13.86,9.86,17.29,12.88,21.55,11.38
"7779",109,2002,10.59,4.68,8.54,7.93,6.06,11.5,3.98
"7780",110,2002,4.73,9.61,3.81,13.21,8.44,17.39,7.69
"7781",111,2002,8.87,6.78,8.69,14.71,8.84,19.36,8.51
"7782",112,2002,6.06,8.63,5.51,13.93,8.39,20.84,5.35
"7783",113,2002,17.75,25.06,14.78,21.51,24.1,25.3,17.21
"7784",114,2002,10.11,18.98,11.14,20.37,16.49,20.39,17.33
"7785",115,2002,2.77,6.79,3.16,17.96,3.63,20.31,11.55
"7786",116,2002,2.05,3.08,1.93,0.71,3.45,0.14,1.3
"7787",117,2002,5.25,2.2,7.63,0.56,2.79,0.11,1
"7788",118,2002,0.91,0.78,1.25,0.34,1.24,0.08,0.75
"7789",119,2002,3.39,0.28,5.19,0.26,1.26,0.09,0.56
"7790",120,2002,6.77,1.84,7.74,0.42,4.18,0.17,0.69
"7791",121,2002,18.69,19.25,24.67,18.55,24.49,19.59,17.95
"7792",122,2002,12.14,19.9,15.89,19.24,12.11,23.22,16.47
"7793",123,2002,7.31,7.4,6.86,9.81,8.9,10.4,8.25
"7794",124,2002,3.11,0.42,5.66,1.43,3.33,0.59,1.67
"7795",125,2002,6.6,13.89,7.51,6.94,11.21,7.77,7.36
"7796",126,2002,3.9,2.5,4.48,2.87,1.83,2.72,2.68
"7797",127,2002,9.65,8.67,8.35,7.26,8.33,5.99,8.29
"7798",128,2002,9.42,7.84,12.11,7.07,6.06,8.35,4.17
"7799",129,2002,12.89,11.09,14,13.23,7.21,13.9,10.82
"7800",130,2002,25.22,21.43,28.41,21.77,22.32,28.43,16.03
"7801",131,2002,7.17,11.37,8.25,20.9,9.26,30.3,15.39
"7802",132,2002,3.81,0.98,5.44,3.49,1.63,2.48,2.57
"7803",133,2002,17.57,20.25,16.64,16.92,22.56,22.22,16.25
"7804",134,2002,12.03,5.69,15.01,9.98,9.94,14.26,5.78
"7805",135,2002,7.64,7.66,8.47,8.56,12.4,12.1,7.31
"7806",136,2002,2.4,1.29,4.01,3.21,2.7,4.45,1.73
"7807",137,2002,8.88,22.74,8.55,16.41,17.3,25.8,11.77
"7808",138,2002,6,22.3,7.79,28.03,9.63,42.72,14.9
"7809",139,2002,1.59,1.63,1.9,4.44,2.77,5.17,1.97
"7810",140,2002,2.89,2.85,4.03,3.34,2.08,3.68,1.52
"7811",141,2002,15.29,11.9,15.66,12.75,15.18,12.17,14.85
"7812",142,2002,23.78,25.85,23.83,22.42,26.04,35.74,13.64
"7813",143,2002,32.44,33.96,34.13,18.74,34.17,23.57,19.62
"7814",144,2002,8.18,14.43,10.93,20.38,12.92,33.4,13.21
"7815",145,2002,19.35,23.04,15.04,30.39,20.41,43.28,18.03
"7816",146,2002,6.64,7.87,5.98,28.72,6.85,33.12,15.54
"7817",147,2002,6.31,7.47,7.81,11.56,5.02,8.69,14
"7818",148,2002,4.21,15.61,4.33,22.31,5.65,24.71,19.09
"7819",149,2002,7.29,13.89,7.66,11.1,12.3,10.26,13.25
"7820",150,2002,17.62,19.19,14.57,15.58,20.19,18.07,15.94
"7821",151,2002,21.74,21.13,22.79,25.6,22.03,32.99,15.64
"7822",152,2002,5.87,2.98,8.1,7.85,5.07,7.77,5.63
"7823",153,2002,6.5,8.94,6,13.37,8.1,13.09,9.55
"7824",154,2002,10.75,5.64,9.15,7.9,7.97,4.54,9.18
"7825",155,2002,7.61,11.25,8.05,8.29,8.25,6.61,7.01
"7826",156,2002,16.54,9.96,17.26,10.85,12.18,8.89,8.4
"7827",157,2002,4.92,15.94,6.55,23.1,10.15,20.96,21.92
"7828",158,2002,9.95,7.62,12.89,15.85,14.56,14.9,11.94
"7829",159,2002,11.63,14.91,11.49,20.32,13.19,25.18,12.13
"7830",160,2002,9.44,12.89,14.03,21.19,12.43,27.92,13.34
"7831",161,2002,3.38,4.66,4.2,13.74,7.15,17.78,7.74
"7832",162,2002,17.95,21.33,18.62,18.45,16.38,20.36,12.14
"7833",163,2002,7.21,11.2,8,11.04,12.91,10.17,9.14
"7834",164,2002,19.6,5,27.79,3.18,18.74,1.06,4.8
"7835",165,2002,15.05,10.74,16.64,10.48,15.73,8.76,7.71
"7836",166,2002,11.68,8.08,9.44,5.26,4.93,6.85,3.04
"7837",167,2002,17,11.8,19.96,10.81,13.88,18.53,7.59
"7838",168,2002,18.21,17.75,21.63,13.51,18.46,23.77,7.51
"7839",169,2002,4.89,3.76,9.46,11.58,3.1,24.22,2.43
"7840",170,2002,39.69,19.09,35.5,14.06,23.01,23.5,9.48
"7841",171,2002,19.96,17.96,25.19,20.3,25.58,22.34,21.97
"7842",172,2002,6.73,4.76,6.21,10.61,2.96,14.96,4.47
"7843",173,2002,3.61,5.19,3.38,10.92,1.93,14.07,6.02
"7844",174,2002,8.34,14.64,3.95,10.71,5.01,13.9,5.03
"7845",175,2002,1.45,2.58,1.63,8.08,1.46,9.48,4.39
"7846",176,2002,8.06,15.74,5.47,12.47,5.42,13.82,9.53
"7847",177,2002,8.77,2.29,5.86,2.4,3.75,3.68,1.93
"7848",178,2002,4.29,2.49,2.51,2.08,2.56,4.26,1.15
"7849",179,2002,11.09,6.4,10.26,3.89,12.16,4.62,4.41
"7850",180,2002,15.29,6.3,14.4,5,13.62,7.92,4.4
"7851",181,2002,11.26,6.21,12.07,5.02,13.63,7.85,3.88
"7852",182,2002,12.22,22.85,17.54,28.85,13.89,41.01,15.49
"7853",183,2002,10.43,11.86,12.37,15.94,13.34,22.1,12.53
"7854",184,2002,13.03,15.89,16.24,12.85,18.61,15.12,15.07
"7855",185,2002,12.75,9.35,16.43,12.18,12.39,13.7,11.06
"7856",186,2002,6.23,5.88,10.41,8.02,12.13,6.53,10.23
"7857",187,2002,10.24,1.28,14.35,6.49,9.4,4.33,6.27
"7858",188,2002,13.36,18.6,12.11,9.57,14.9,10.88,9.39
"7859",189,2002,9.84,11.5,8.19,10.5,9.4,15.47,5.47
"7860",190,2002,14.75,19.77,12.42,11.65,14.8,14.83,9.88
"7861",191,2002,14.41,16.07,10.61,18.07,15.18,31.58,9.22
"7862",192,2002,15.48,17.02,15.56,16.75,12.53,22.32,8.12
"7863",193,2002,10.53,19.17,8.15,21.91,11.13,28.86,15.51
"7864",194,2002,12.2,14.04,10.96,12.29,12.94,13.85,9.6
"7865",195,2002,8.31,12.51,6.98,14.98,9.62,19.17,7.86
"7866",196,2002,22.02,23.27,19.93,19.6,15.34,26.75,13.57
"7867",197,2002,10.19,3.7,13.92,8.55,17.17,5.92,9.12
"7868",198,2002,23.35,28.22,24.08,29.11,24.27,33.36,24.1
"7869",199,2002,7.7,17.46,7.55,24.65,13.1,29.85,19.92
"7870",200,2002,7.36,10.47,9.43,10.82,11.4,12.54,8.76
"7871",201,2002,7.82,5.96,11.35,5.43,15.11,3.09,8.98
"7872",202,2002,3.41,1.2,3.71,6.06,3.43,4.02,3.55
"7873",203,2002,0.45,0.56,0.29,0.82,0.69,0.44,0.74
"7874",204,2002,2.46,0.31,4.26,1.8,0.73,1.23,0.98
"7875",205,2002,8.39,5.58,8.73,4.18,10.62,4.07,4.48
"7876",206,2002,11.44,19.14,14.44,22.18,18.4,27.89,16.8
"7877",207,2002,2.5,3.12,3.14,7.91,2.13,10.31,6.77
"7878",208,2002,12.44,5.14,17.52,6.01,7.95,4.3,7.9
"7879",209,2002,20.54,20.15,21.07,17.02,22.59,23.26,12.42
"7880",210,2002,8.1,18.47,7.22,14.41,10.17,22.82,8.69
"7881",211,2002,8.71,4.85,11.47,2.11,8.62,1.21,3.5
"7882",212,2002,14.57,6.48,18.63,6.46,15.55,4.66,6.64
"7883",213,2002,5.27,5.88,4.89,6.52,9.16,3.06,13.24
"7884",214,2002,3.8,5.38,4.08,9.89,5.3,8.65,13.46
"7885",215,2002,10.1,7.8,10.63,8.22,16.09,7,11.79
"7886",216,2002,5.76,9.55,4.91,18.49,6.07,20.17,19.04
"7887",217,2002,3.68,7.09,2.9,9.59,4.42,11.01,9.62
"7888",218,2002,7.36,4.16,8.03,5.53,5.62,5.08,5.01
"7889",219,2002,8.77,10.45,11.81,12.34,11.09,12.2,8.91
"7890",220,2002,20.07,12.62,18.97,16.73,15.76,16.13,13.78
"7891",221,2002,22.87,18.86,29.74,22.09,25.82,24.32,15.58
"7892",222,2002,5.21,5.15,5.02,17.79,6.08,17.1,11.11
"7893",223,2002,3.31,5.07,1.87,8.51,1.38,16.84,3.39
"7894",224,2002,12.6,6.81,12.74,5.72,9.5,8.38,5.1
"7895",225,2002,9.75,6.84,7.96,5.58,7.87,5.99,6.39
"7896",226,2002,8.05,7.38,7.55,9.9,6.37,14.63,5.1
"7897",227,2002,12.36,13.91,12.83,16.05,13.5,25.95,11.89
"7898",228,2002,11.28,14.73,11.65,11.5,9.36,20.27,6.31
"7899",229,2002,0.63,0.84,0.83,1.14,0.57,1.7,1.43
"7900",230,2002,2.79,3.38,3.02,2.48,3.54,2.01,2.43
"7901",231,2002,6.57,10.33,6.05,6.8,10.98,9.23,6.9
"7902",232,2002,10.29,19.94,8.23,13.17,8.48,20.25,6.14
"7903",233,2002,1.76,1.67,1.86,3.3,1.61,4.29,1.3
"7904",234,2002,8.16,4.48,7.04,5.97,4.7,5.47,4.01
"7905",235,2002,9.25,7.27,6.82,5.44,5.48,6.91,4.22
"7906",236,2002,5.78,5.21,7.4,7.07,5.07,6.18,6.07
"7907",237,2002,11.87,2.31,11.29,3.42,5.62,1.69,4.46
"7908",238,2002,21.64,13.59,19.29,7.17,14.65,11.44,3.74
"7909",239,2002,8.55,5.09,9.93,5.76,4.67,7.54,2.81
"7910",240,2002,2.49,1.52,3.34,2.22,1.7,1.71,1.53
"7911",241,2002,5.89,1.81,6.4,1.75,3,1.48,1.4
"7912",242,2002,20.3,13.69,20.19,6.13,21.33,6.27,4.73
"7913",243,2002,11.26,6.79,11.26,3.28,10.44,3.21,2.33
"7914",244,2002,6.6,3.67,9.11,3.63,5.34,3.36,5.45
"7915",245,2002,7.63,7.9,8.07,11.2,10.16,10.75,11.59
"7916",246,2002,2.76,5.84,3.06,14.39,1.91,19.45,8.61
"7917",247,2002,6.39,6.69,6.21,4.66,7.94,4.37,5.7
"7918",248,2002,7.4,8.85,9.42,4.15,12.37,3.31,6.87
"7919",249,2002,5.46,4.04,6.61,12.02,5.85,12.16,14.91
"7920",250,2002,5.91,6.83,7.91,12.71,6.25,18.32,9.12
"7921",251,2002,3.23,3.35,5.2,6.33,2.74,12.28,3.87
"7922",252,2002,6.05,5.77,11.01,6.73,12.15,7.22,9.14
"7923",253,2002,7.03,7.34,8.29,17.18,4.99,18.83,17.04
"7924",254,2002,3.66,4.89,6.41,16.64,1.68,18.53,9.56
"7925",255,2002,2.8,4.5,6.42,18.25,2.57,25.21,12.88
"7926",256,2002,2.94,7.22,4.28,15.35,2.41,21.58,9.61
"7927",257,2002,1.14,0.88,2.08,8.38,0.82,6.93,5.4
"7928",258,2002,1.46,4.63,2.86,5.46,1.2,7.63,4.22
"7929",259,2002,8.38,8.63,7.36,5.81,6.6,9.45,3.43
"7930",260,2002,5.2,8,5.51,11.11,5.99,16.64,6.78
"7931",261,2002,11.24,14.54,11.25,9.16,15.85,10.67,8.98
"7932",262,2002,18.69,13.71,18.31,19.15,15.94,22.32,15.4
"7933",263,2002,0.48,3.25,0.43,6.03,1.48,8.5,4.02
"7934",264,2002,0.55,1.85,0.75,4.74,0.68,4.68,2.21
"7935",265,2002,0.61,1.25,0.95,2.43,0.93,2.63,1.61
"7936",266,2002,1.86,2.4,3.04,3.53,2.17,2.69,4.38
"7937",267,2002,3.07,0.71,4.96,2.54,1.41,1.11,3.98
"7938",268,2002,16.58,19.79,18.09,14.68,18.99,14.82,18.55
"7939",269,2002,5.12,7.45,4.43,16.89,5.87,14.35,19.17
"7940",270,2002,5.17,10.22,4.14,25.07,3.29,28.78,14.78
"7941",271,2002,6.27,4.76,9.22,5.23,6.53,4.46,7.19
"7942",272,2002,5.65,5.15,6.29,3.44,4.48,1.96,4.46
"7943",273,2002,0.4,1.33,0.38,2.8,0.77,2.01,3.2
"7944",274,2002,2.9,3.59,1.93,3.57,1.29,4.27,1.77
"7945",275,2002,5.75,3.03,8.46,7.03,2.84,6.68,4.14
"7946",276,2002,9.88,15.07,10.87,14.7,9.74,18.12,7.67
"7947",277,2002,6.08,11.05,4.63,19.21,5.61,24.91,8.32
"7948",278,2002,3.78,1.96,5.56,3.62,2.36,2.93,2.65
"7949",279,2002,4.68,17.33,5.18,8.68,5.74,11.29,8.57
"7950",280,2002,2.08,9.94,1.29,9.88,2.68,17.84,6.94
"7951",281,2002,1.54,6.48,0.87,8.28,1.77,17.79,5.66
"7952",282,2002,1.11,2.43,2.5,3.01,1.37,2.71,2.79
"7953",283,2002,1.43,2.35,3.86,2.34,2.28,4.05,3.21
"7954",284,2002,5.4,9.04,6.11,6.84,4.4,12.02,3.87
"7955",285,2002,1.49,5.44,1.67,11.01,1.41,17.53,3.88
"7956",286,2002,0.15,0.47,0.3,1.24,0.12,2.02,0.31
"7957",287,2002,0.45,0.59,0.41,0.83,0.45,0.43,1.01
"7958",288,2002,2.46,12.21,3.19,9.97,3.84,10.36,7.73
"7959",289,2002,5.16,3.77,5.57,6.09,3.95,6.64,6.48
"7960",290,2002,2.81,1.71,3.06,4.22,1.66,6.14,2.19
"7961",291,2002,1.93,0.95,3.3,1.71,1.5,1.67,2.31
"7962",292,2002,0.92,0.6,1.18,0.52,0.51,0.37,0.45
"7963",293,2002,2.03,2.67,2.19,2.29,2.48,2.64,2.37
"7964",294,2002,7.88,4.98,8.9,3.92,8.32,3.15,3.76
"7965",295,2002,9.73,2.51,15.54,4.28,7.75,4.02,3.07
"7966",296,2002,9.2,12.27,11.82,12.02,9.13,16.09,8.92
"7967",297,2002,11.09,10.63,11.8,16.46,9.49,18.08,15.55
"7968",298,2002,1.15,2.11,1.92,5.16,1.63,4.6,3.92
"7969",299,2002,1.45,5.84,1.76,7.43,3.02,9.59,9.35
"7970",300,2002,3.08,4.88,4.55,6.42,2.48,9.95,7.06
"7971",301,2002,2.4,6.5,3.38,14.43,4.22,27.33,7.43
"7972",302,2002,2.43,4.01,5.09,14.83,2.76,23.65,10.26
"7973",303,2002,0.89,1.46,1.44,1.69,1.69,2.32,4.86
"7974",304,2002,1.41,6.09,1.21,6.01,5.12,11.08,8.94
"7975",305,2002,4.59,5.41,8.01,6.52,10.32,7.32,8.56
"7976",306,2002,5.16,3.74,7.27,6.1,5.13,6.61,3.64
"7977",307,2002,7.81,2.05,9.39,2.14,9.07,1.46,1.93
"7978",308,2002,4.84,13.99,5.23,8.34,9.36,11.88,7.03
"7979",309,2002,0.93,5.16,1.35,5.25,2.08,6.78,4.08
"7980",310,2002,5.91,4.46,10.06,5.45,6.46,8.69,3.21
"7981",311,2002,7.89,6.84,13.94,6.95,11.02,10.81,5.12
"7982",312,2002,6.06,6.97,9.39,13.4,6.79,17.42,9.97
"7983",313,2002,3.67,1.02,7.45,1.72,2.79,2.01,1.32
"7984",314,2002,3.86,8.93,4.4,5,5.02,9.67,2.89
"7985",315,2002,0.52,0.46,1.14,0.95,0.86,1.29,1.21
"7986",316,2002,1.65,0.41,2.87,0.83,2.27,1.31,1.26
"7987",317,2002,3.87,3.99,6.46,4.03,5.57,4.58,8.08
"7988",318,2002,6.89,10.18,11.67,7.43,10.43,10.77,14.52
"7989",319,2002,6.26,9.24,7.49,11.28,8.59,23.42,7.35
"7990",320,2002,0.03,0.69,0.09,2.67,0.89,4.92,0.9
"7991",321,2002,0.07,0.33,0.2,1.5,0.64,2.32,0.64
"7992",322,2002,0.04,0.93,0.08,0.92,0.52,1.52,0.94
"7993",323,2002,0.03,1.04,0.1,1.67,1.47,1.78,1.99
"7994",324,2002,0.03,0.35,0.14,0.52,0.68,0.51,0.55
"7995",325,2002,6.59,1.76,6.02,1.56,2.84,2.03,1.06
"7996",326,2002,6.73,1.87,8.75,0.71,5.08,1.25,0.7
"7997",327,2002,3.79,0.58,4.65,0.5,2.34,0.4,0.87
"7998",328,2002,2.63,0.9,3.38,0.44,3.46,0.28,1.14
"7999",329,2002,2.99,1.32,4.13,0.72,3.62,0.81,1.37
"8000",330,2002,0.15,1.03,0.22,1.43,0.59,2.4,0.86
"8001",331,2002,0.11,2.07,0.12,2.44,0.3,3.89,1.05
"8002",332,2002,0.09,1.47,0.28,3.27,0.4,4.97,1.44
"8003",333,2002,0.04,0.29,0.08,1.12,0.13,1.3,0.61
"8004",334,2002,0.18,0.62,0.33,0.75,0.37,0.68,0.6
"8005",335,2002,3.8,10.11,2.14,7.72,6.61,11.89,5.17
"8006",336,2002,1.02,2.43,0.52,5.76,1.27,9.08,2.44
"8007",337,2002,0.21,0.1,0.19,0.74,0.13,0.54,0.32
"8008",338,2002,0.18,0.04,0.2,0.74,0.23,0.51,0.27
"8009",339,2002,0.02,0.03,0.02,0.92,0.03,0.67,0.5
"8010",340,2002,0,0.05,0.02,0.43,0.01,0.27,0.27
"8011",341,2002,0.16,1.24,0.03,1.88,0.53,3.71,0.98
"8012",342,2002,0.04,0.99,0,3.15,0.39,3.61,1.92
"8013",343,2002,0,0.02,0,0.42,0.01,0.38,0.51
"8014",344,2002,0,0,0,0.16,0,0.05,0.18
"8015",345,2002,0.03,0.53,0,0.75,0.05,0.89,0.37
"8016",346,2002,0,0.01,0,0.34,0,0.3,0.31
"8017",347,2002,0,0.08,0,0.47,0.01,0.59,0.44
"8018",348,2002,0.01,0.27,0,0.88,0.04,1.05,1.3
"8019",349,2002,0.03,0.73,0,1.84,0.06,1.65,3.28
"8020",350,2002,0.22,0.28,0.19,3.62,0.17,1.94,4.93
"8021",351,2002,1.84,0.29,2.58,5.38,0.59,2.96,4.72
"8022",352,2002,18.92,21.5,23.18,21.14,25.06,29.31,14.52
"8023",353,2002,0.49,0.36,0.66,3,0.15,1.74,3.14
"8024",354,2002,0.68,0.99,0.52,1.67,0.51,1.4,2.86
"8025",355,2002,0.02,0.68,0,1.59,0.08,2.21,0.7
"8026",356,2002,0.04,0.15,0,0.47,0.14,0.43,0.16
"8027",357,2002,0.08,2.73,0,2.92,0.37,6.5,0.76
"8028",358,2002,0,0.27,0,2.77,0.02,5.69,0.55
"8029",359,2002,0,0.12,0,1.99,0,3.35,0.46
"8030",360,2002,0.01,1.03,0.03,1.91,0.1,3.18,0.67
"8031",361,2002,0,0.04,0.01,0.32,0.01,0.28,0.18
"8032",362,2002,0.01,0.28,0,0.5,0.02,0.46,0.23
"8033",363,2002,0,0,0,0.01,0,0,0.04
"8034",364,2002,0,0,0,0.08,0,0.05,0.04
"8035",365,2002,0,0.03,0,0.34,0,0.41,0.06
"8036",1,2003,0,0.05,0,0.35,0,0.41,0.15
"8037",2,2003,0,0.23,0,0.59,0.03,1.05,0.2
"8038",3,2003,0,0.17,0,0.84,0.02,1.21,0.3
"8039",4,2003,0,0.08,0,0.28,0.01,0.18,0.13
"8040",5,2003,0.02,0.75,0,0.46,0.09,0.62,0.47
"8041",6,2003,0,0.01,0,0.29,0,0.24,0.13
"8042",7,2003,0,0.02,0,0.16,0,0.28,0.04
"8043",8,2003,0,0.05,0,0.3,0,0.22,0.1
"8044",9,2003,0.07,0.77,0.04,0.86,0.21,1.22,0.66
"8045",10,2003,0.01,0.21,0,0.25,0.02,0.42,0.13
"8046",11,2003,0.02,0.1,0.07,0.22,0.05,0.18,0.13
"8047",12,2003,0.16,0.14,0.08,0.43,0.1,0.62,0.16
"8048",13,2003,0.13,0.96,0.04,0.89,0.36,1.08,0.69
"8049",14,2003,0,0.01,0,0.19,0,0.12,0.18
"8050",15,2003,0,0,0,0.18,0,0.08,0.13
"8051",16,2003,0,0,0,0.14,0,0.08,0.08
"8052",17,2003,0,0,0,0.41,0,0.3,0.18
"8053",18,2003,0,0,0,0.24,0,0.15,0.14
"8054",19,2003,0,0,0,0.24,0,0.15,0.24
"8055",20,2003,0.04,0.86,0,0.66,0.15,1.24,0.3
"8056",21,2003,0.12,1.07,0.03,1.44,0.27,2.26,0.86
"8057",22,2003,0,0,0,0.02,0,0.01,0.07
"8058",23,2003,0,0,0,0.02,0,0,0.01
"8059",24,2003,0,0,0,0.16,0,0.04,0.11
"8060",25,2003,0.03,0.04,0.07,0.65,0.11,0.44,0.25
"8061",26,2003,0.02,0.46,0,0.68,0.07,1.25,0.3
"8062",27,2003,0.01,0.39,0,0.65,0.04,0.72,0.5
"8063",28,2003,0,0.03,0,0.19,0,0.14,0.12
"8064",29,2003,0,0.03,0,0.22,0,0.17,0.08
"8065",30,2003,0,0.07,0,0.35,0,0.77,0.08
"8066",31,2003,0,0,0,0.36,0,0.28,0.15
"8067",32,2003,0,0,0,0.25,0,0.16,0.21
"8068",33,2003,0,0,0,0.32,0,0.26,0.12
"8069",34,2003,0,0,0,0.21,0,0.13,0.12
"8070",35,2003,0.01,0.34,0,0.41,0.05,0.55,0.14
"8071",36,2003,0,0.44,0,1.67,0.01,3.26,0.56
"8072",37,2003,0,0.03,0,0.56,0,0.41,0.22
"8073",38,2003,0,0.08,0,1.94,0,2.02,0.68
"8074",39,2003,0,0.12,0.01,2.59,0.01,2.25,1.12
"8075",40,2003,0.04,2.18,0.01,7.58,0.16,8.35,4.79
"8076",41,2003,0.01,0.44,0.01,2.46,0.05,3.13,1.66
"8077",42,2003,0.33,1.3,0.41,4.6,0.67,5.73,3.82
"8078",43,2003,0,0.11,0,2.01,0.01,1.83,1.73
"8079",44,2003,0,0,0,0.61,0,0.23,0.72
"8080",45,2003,0,0,0,0.45,0,0.21,0.59
"8081",46,2003,0,0,0,0.07,0,0.03,0.28
"8082",47,2003,0,0.02,0,0.15,0.02,0.08,0.15
"8083",48,2003,0.09,0,0.15,0.74,0.02,0.26,0.52
"8084",49,2003,0.18,0.56,0.19,3.34,0.14,2.4,1.27
"8085",50,2003,0,0.13,0,1.15,0.02,0.54,0.99
"8086",51,2003,0,0.26,0,1.95,0.05,2.28,1.07
"8087",52,2003,0.01,0.01,0,0.5,0,0.45,0.29
"8088",53,2003,0.12,0.13,0.12,0.38,0.07,0.33,0.21
"8089",54,2003,0.58,0.89,0.62,2.47,0.51,5.23,0.6
"8090",55,2003,0.11,0.58,0.11,1.65,0.1,3.15,0.53
"8091",56,2003,0,0.43,0,1.24,0.05,2.18,0.62
"8092",57,2003,0,0.25,0,1.79,0.01,2.69,1.74
"8093",58,2003,0.15,0.31,0.07,0.38,0.26,0.53,0.36
"8094",59,2003,0.06,0.88,0.03,1.01,0.06,1.03,0.4
"8095",60,2003,0.02,0.42,0.01,0.6,0.05,0.57,0.25
"8096",61,2003,0.02,0.93,0.01,2.13,0.08,2,0.86
"8097",62,2003,0,0.22,0,0.59,0.01,1.49,0.47
"8098",63,2003,0,0.22,0,1.22,0,2.54,0.26
"8099",64,2003,0,0.12,0,0.26,0,0.84,0.03
"8100",65,2003,0.01,0.08,0,0.01,0.01,0.01,0.03
"8101",66,2003,0.02,0.28,0,0.28,0.04,0.33,0.13
"8102",67,2003,0.01,0.11,0,0.39,0.01,0.35,0.19
"8103",68,2003,0.01,0.1,0,0.65,0.01,0.41,0.74
"8104",69,2003,0.01,0.2,0,0.84,0.01,0.98,0.43
"8105",70,2003,0,0,0,0.38,0,0.17,0.21
"8106",71,2003,0.1,0.14,0.04,1.27,0.03,1.46,0.6
"8107",72,2003,0.46,1.11,0.22,5.89,0.2,11.24,2.57
"8108",73,2003,0,0.06,0,3.04,0,2.88,2.22
"8109",74,2003,0.02,0.04,0.02,2.98,0.02,2.71,1.64
"8110",75,2003,1.25,1.72,2.85,8.2,1.57,6.15,5.51
"8111",76,2003,0.8,1.34,2.01,6.79,1,4.53,4.82
"8112",77,2003,2.12,1.43,3.89,7.58,2.87,5.88,4.39
"8113",78,2003,7.87,16.43,11.5,22.77,14.82,30.82,14.64
"8114",79,2003,0.47,5.45,0.91,10.37,1.01,15.45,5.42
"8115",80,2003,1.03,0.16,0.93,0.46,0.66,0.45,0.25
"8116",81,2003,0.91,0.4,0.63,0.35,1.2,0.52,0.28
"8117",82,2003,0.56,0.28,0.65,0.76,1.03,1.74,0.73
"8118",83,2003,0.52,0.16,0.78,0.72,0.48,0.94,0.55
"8119",84,2003,2.95,0.27,3.12,0.69,1.46,0.67,0.84
"8120",85,2003,0.71,0.13,3.17,0.49,1.03,0.28,2.66
"8121",86,2003,0.55,1.48,0.92,2.35,1.1,2.9,4.31
"8122",87,2003,0.07,0.41,0.15,1.78,0.13,2.15,2.28
"8123",88,2003,1.39,0.11,3.45,0.53,1.18,0.87,0.56
"8124",89,2003,1.2,2.1,2.18,3.18,2.52,3.32,2.53
"8125",90,2003,2.14,4.23,2.3,3.34,1.78,5.55,2.79
"8126",91,2003,0.26,3.65,0.45,5.16,0.84,7.41,2.74
"8127",92,2003,0.03,0.08,0.09,0.59,0.08,0.41,0.33
"8128",93,2003,0.03,0.32,0.15,1.92,0.18,2.01,0.68
"8129",94,2003,0.65,0.28,1.36,3.14,0.27,1.93,1.71
"8130",95,2003,0.12,0.86,0.26,3.84,0.39,2.55,2.09
"8131",96,2003,0.36,0.43,1.01,2.36,0.24,1.62,1.54
"8132",97,2003,0.63,0.58,1.57,1.41,0.73,0.97,1.13
"8133",98,2003,0.09,0.42,0.13,1.42,0.09,1.09,0.98
"8134",99,2003,0.01,0.03,0.08,1.94,0.01,1.07,1.45
"8135",100,2003,0.35,0.31,0.92,3.83,0.18,2.65,3.86
"8136",101,2003,5.85,0.66,9.34,2.5,2.6,1.22,1.94
"8137",102,2003,9.4,7.69,11.45,9.48,3.27,9.69,5.66
"8138",103,2003,5.84,4.9,7.55,9.65,2.52,10.45,6.2
"8139",104,2003,1.44,1.64,1.37,7.17,0.44,7.67,3.03
"8140",105,2003,5.42,4.06,4.5,11.38,2.26,13.32,6.21
"8141",106,2003,7.32,15.24,7.09,14.02,12,17.4,12.2
"8142",107,2003,9.54,17.21,5.32,13.73,9.77,18.74,14.98
"8143",108,2003,3.46,2.83,2.6,4.58,4.71,3.9,5.98
"8144",109,2003,11.77,7.99,9.93,8.4,8.14,14.03,5.57
"8145",110,2003,5.19,2.02,6.96,1.98,8.51,1.21,2.84
"8146",111,2003,9.43,20.75,7.98,20.13,12.21,24.57,15.52
"8147",112,2003,3.45,2.36,4.27,5.15,2.68,3.22,4.82
"8148",113,2003,5.77,12.84,3.68,16.05,7.02,16.04,9.95
"8149",114,2003,2.62,13.51,1.6,19.33,5.14,22.13,10.94
"8150",115,2003,4.56,13.4,4.91,18.3,7.45,25.65,15
"8151",116,2003,8.34,6.61,10.53,11.09,7.36,10.29,6.04
"8152",117,2003,13.55,37.22,13.8,43.51,26.55,51.93,29.3
"8153",118,2003,4.79,1.5,4.03,2.93,2.47,2.91,1.32
"8154",119,2003,10.35,16.29,9.14,11.84,11.62,13.26,8.18
"8155",120,2003,5.18,1.91,5.56,3.83,4.48,5.1,2.02
"8156",121,2003,8.9,6.16,9.64,5.53,9.74,3.97,5.43
"8157",122,2003,6.23,4.13,6.48,2.38,8,1.21,3.38
"8158",123,2003,21.91,21,18.35,10.75,27.64,7.36,12.81
"8159",124,2003,13.35,22.53,12.53,23.49,17.37,15.84,23.55
"8160",125,2003,2.3,0.88,2.74,2.88,2.23,0.96,2.8
"8161",126,2003,0.4,0.44,0.37,1.43,0.44,1.68,1.21
"8162",127,2003,4.71,1.81,4.56,2.06,4.93,2.17,2.45
"8163",128,2003,21.82,11.05,16.2,6.99,9.55,7.57,8.13
"8164",129,2003,7.2,8.46,5.77,9.57,8.99,12.04,12.23
"8165",130,2003,11.26,9.98,6.53,7.72,7.26,9.97,6.39
"8166",131,2003,3.34,2.64,4.06,6.9,3.02,7.26,3.81
"8167",132,2003,16.52,30.51,17.35,22.82,20,33.31,13.72
"8168",133,2003,17.18,15.04,15.29,13.42,14.02,21.44,9.36
"8169",134,2003,3.1,8.2,3.68,14.09,5.28,25.65,6
"8170",135,2003,9.7,20.48,9.91,21.73,8.62,35.99,8.89
"8171",136,2003,12.52,20.05,15.08,18.33,21.03,23.32,15.96
"8172",137,2003,14.13,11.12,16.39,6.86,13.54,6.47,6.72
"8173",138,2003,7.56,17.15,7.67,9.26,14.31,8.56,12.04
"8174",139,2003,15.71,13.35,14.33,11.26,17.21,15.47,9.01
"8175",140,2003,9.59,21.6,10.17,26.95,17.28,46.47,14.43
"8176",141,2003,0.81,6.01,0.69,14.27,2.15,20.12,6.54
"8177",142,2003,5.29,18.69,5.1,22.75,4.49,31.47,11.6
"8178",143,2003,7.85,11.6,8.71,13,6.93,14.97,9.63
"8179",144,2003,11.98,15.46,15.59,20.92,10.7,27.07,11.19
"8180",145,2003,3.94,6.6,6.91,14.72,6.9,17.49,8.61
"8181",146,2003,2.44,1.84,3.18,2.71,2.17,1.43,3.19
"8182",147,2003,1.19,0.17,2.81,1.33,0.87,0.58,1.68
"8183",148,2003,19.55,9.35,22.95,5.55,14.92,4.1,5.07
"8184",149,2003,31.21,41.85,29.22,21.06,36.01,19.84,21.92
"8185",150,2003,11.81,14.06,13.83,17.27,14.81,21.35,11.51
"8186",151,2003,21.95,24.91,27.87,22.39,23.23,20.64,19.64
"8187",152,2003,9.33,9.65,11.65,10.63,6.47,18.38,5.91
"8188",153,2003,8.4,12.18,9.26,12.55,9.96,19.77,10.05
"8189",154,2003,12.49,19.79,14.08,25.7,10.1,42.63,13.4
"8190",155,2003,6.12,9.52,6.84,19.75,6.2,31.21,10.08
"8191",156,2003,4.87,6.52,7.32,10.17,3.78,17.57,7.86
"8192",157,2003,14.18,18.35,16.99,20.21,19.33,26.12,15.63
"8193",158,2003,13.66,17.75,13.51,18.34,22.16,17.97,19.65
"8194",159,2003,2.66,3.92,4.48,4.17,4.46,4.09,6.48
"8195",160,2003,3.17,11.65,3.37,15.83,12.99,19.19,16.62
"8196",161,2003,9.3,10.04,11.52,10.45,13.19,12.37,11.93
"8197",162,2003,7.1,5.17,9.87,8.98,8.75,7.03,5.55
"8198",163,2003,11.36,13.91,12.85,13.57,15.14,11.84,13.97
"8199",164,2003,10.96,20.28,11.18,37.14,16.74,50.3,13.98
"8200",165,2003,3.43,10.06,4.53,10.43,6.96,10.36,9.16
"8201",166,2003,13.19,8.85,15.21,8.77,12.11,11.71,9.45
"8202",167,2003,4.09,6.49,5.46,6.88,5.43,8.9,6.63
"8203",168,2003,10.67,19.04,11.61,18.18,16.12,22.68,24.28
"8204",169,2003,6.84,9.36,8.35,15.56,6.82,18.27,11.73
"8205",170,2003,7.16,11.71,8.63,13.74,8.12,16,13.69
"8206",171,2003,4.26,7.06,5.83,13.23,5.42,15.98,8.29
"8207",172,2003,17.49,21.1,22.21,20.53,18.61,28.13,13.99
"8208",173,2003,13.56,12.63,18.75,12.52,20.52,15.59,12.07
"8209",174,2003,2.16,4.33,4.44,11.25,3.43,12.81,7.44
"8210",175,2003,3.71,3.34,5,10.47,2.27,16.33,3.2
"8211",176,2003,13.01,17.13,16.89,15.77,21.4,21.99,12.4
"8212",177,2003,19.73,20.48,20.04,14.88,16.45,19.66,8.29
"8213",178,2003,9.71,1.14,13.56,3.03,5,2.24,3.57
"8214",179,2003,10.97,19.87,14.53,9.97,14.45,12.3,8.94
"8215",180,2003,18.92,19.18,19.82,20.8,21.63,29.52,11.16
"8216",181,2003,17.19,11.75,18.8,10.12,17.48,10.33,7.91
"8217",182,2003,23.19,15.43,25.92,16.39,20.61,14.63,13.02
"8218",183,2003,7.1,2.25,8.46,5.41,4.21,4.15,4.13
"8219",184,2003,4.56,3.11,5.43,5.44,3.16,8.44,1.91
"8220",185,2003,19.54,12.53,22.82,15.65,20.58,18.02,8.37
"8221",186,2003,3.13,3.84,5.15,8.1,4.42,11.16,3.93
"8222",187,2003,1.35,1.09,1.75,1.96,1.92,1.56,2.92
"8223",188,2003,1.37,1.31,2.15,4.38,2.19,2.24,5.32
"8224",189,2003,8.91,8.72,9.3,6.71,12.49,4.55,14.12
"8225",190,2003,13.38,14.5,14.97,24.14,13.85,33.01,13.6
"8226",191,2003,7.09,14.47,4.71,9.31,11.45,8.18,12.65
"8227",192,2003,20.35,14.08,19.27,9.86,15.21,9.32,12.43
"8228",193,2003,21.5,13.2,21.55,15.48,18.96,18.8,11.6
"8229",194,2003,4.9,7.27,4.86,11.76,3.74,18.09,6
"8230",195,2003,5.41,4.7,7.68,11.16,5.14,13.72,7.97
"8231",196,2003,15.81,13.7,12.16,6.67,14.84,7.12,8.35
"8232",197,2003,1.91,4.71,2.74,10.09,1.82,18.45,5.31
"8233",198,2003,7.33,5.75,9.56,11.56,5.14,20.22,7.07
"8234",199,2003,1.89,2.02,2.73,3.37,1.31,5.09,1.98
"8235",200,2003,2.68,5.97,2.28,5.19,1.75,6.64,3.17
"8236",201,2003,12.32,8.21,10.69,10.34,7.78,14.77,8.78
"8237",202,2003,3.11,9.72,1.76,14.19,2.98,17.71,7.77
"8238",203,2003,9.09,11.99,9.25,14.34,7.84,18.12,8.05
"8239",204,2003,11.45,12.71,11.97,15.61,8.34,19.21,9.3
"8240",205,2003,6.63,4.86,6.69,5.61,8.95,6.24,5.27
"8241",206,2003,12.33,10.19,11.63,16.35,10.09,22.72,8.25
"8242",207,2003,11.51,7.05,16.1,9.94,9.34,12.4,7.76
"8243",208,2003,14.47,6.38,17.54,12.29,9.29,13.26,10.62
"8244",209,2003,0.41,2.14,0.33,4.99,0.52,3.35,5.44
"8245",210,2003,5.58,3.36,5.25,3.83,5.01,3.33,6.64
"8246",211,2003,31.69,17.48,25.62,10.79,19.05,13.52,14.98
"8247",212,2003,6.53,4.76,8.82,13.26,6.45,15.73,9.34
"8248",213,2003,7.26,12.6,11.84,17.37,7.04,20.25,11.22
"8249",214,2003,1.04,4.98,0.93,7.85,0.93,6.88,5.59
"8250",215,2003,7.82,7.55,6.39,6.44,13.2,3.37,9.56
"8251",216,2003,6.4,12.93,3.57,9.89,8.71,8.99,7.59
"8252",217,2003,1.64,4.78,1.47,7.6,2.84,8.95,4.74
"8253",218,2003,1.79,2.1,1.97,6,2.56,5.28,3.2
"8254",219,2003,6.92,2.36,11.83,4.76,6.01,3.23,4.19
"8255",220,2003,7.56,7.74,8.32,6.26,12.15,3.34,8.46
"8256",221,2003,17.69,15.07,22.76,15.99,16.69,17.02,8.75
"8257",222,2003,12.52,12.5,11.39,15.23,11.85,15.39,10.34
"8258",223,2003,5.21,7.53,3.61,9.43,6.67,16.27,4.05
"8259",224,2003,4.75,6.6,4.79,5.42,3.92,8.45,2.36
"8260",225,2003,13.68,8.32,11.77,6.64,10.26,7.69,4.63
"8261",226,2003,8.66,11.93,6.11,9.66,9.89,13.04,5.79
"8262",227,2003,8.16,8.18,5.78,5.44,6.36,7.34,3.38
"8263",228,2003,3.04,3.23,3.86,4.47,2.39,3.96,4.99
"8264",229,2003,11.51,11.74,10.58,11.31,10.09,13.03,8.03
"8265",230,2003,7.07,6.89,8.59,12.53,7.25,15.63,8.62
"8266",231,2003,12.37,9,13.45,7.78,11.5,7.61,9.19
"8267",232,2003,2.39,4.46,2.33,10.07,2.94,8.26,8.97
"8268",233,2003,4.05,6.2,4.31,9.51,4.5,8.27,5.95
"8269",234,2003,5.52,5.79,5.58,6.72,4.65,8.69,3.65
"8270",235,2003,9.09,10.64,10.86,16.48,8.43,20.74,7.45
"8271",236,2003,4.98,6.13,5.69,8.05,7.24,5.45,6.93
"8272",237,2003,6.16,10.2,6.32,8.4,4.3,9.27,4.73
"8273",238,2003,2.49,4.72,3.02,5.38,7.08,6.59,6.65
"8274",239,2003,5.05,5.55,6.35,8.09,9.22,8.6,8.19
"8275",240,2003,9.07,7.18,9.94,9.06,9.62,10.55,6.58
"8276",241,2003,4.9,2.92,7.1,6.49,2.31,9.94,2.45
"8277",242,2003,2.14,1.86,3.67,7.15,0.89,10.76,2.09
"8278",243,2003,0.66,2.96,0.85,5.96,0.51,7.92,2.66
"8279",244,2003,0.82,2.11,0.53,3.97,0.4,5.74,2.94
"8280",245,2003,9.48,6.33,9.46,8.15,8.25,8.3,6.28
"8281",246,2003,0.45,1.84,0.51,5.45,0.32,9.4,1.83
"8282",247,2003,7.79,9.27,8.56,9.86,7.61,14.86,7.59
"8283",248,2003,7.62,3.98,8.41,5,7.05,7.33,4.48
"8284",249,2003,4.97,4.68,5.84,5.52,6.16,6.27,5.98
"8285",250,2003,2.95,9.56,3.18,5.57,9.64,3.7,7.15
"8286",251,2003,24.28,26.09,26.45,17.31,20.15,22.99,13.57
"8287",252,2003,15.39,23.56,13.98,25.71,13.05,40.4,14.36
"8288",253,2003,10.63,6.95,13.21,20.33,10.47,38.57,5.82
"8289",254,2003,8.69,7.99,9.72,11.25,8.35,14.45,7.62
"8290",255,2003,3.09,1.35,3.39,2.84,1.65,4.72,1
"8291",256,2003,4.29,2.89,4.28,2.13,1.96,3.49,1.21
"8292",257,2003,0.84,0.82,1.12,3.44,0.24,5.75,0.88
"8293",258,2003,1.62,0.89,1.76,2.18,0.75,2.56,0.89
"8294",259,2003,5.6,9.9,3.41,7.5,4.56,13.74,5.76
"8295",260,2003,6.16,6.08,6.87,6.21,6.22,8.94,4.45
"8296",261,2003,14.59,15.86,11.66,7.09,14.19,12.85,8.36
"8297",262,2003,7.69,8.88,6.58,9.6,8.7,14.48,7.37
"8298",263,2003,14.77,20.24,14.02,12.58,14.16,21.62,10.9
"8299",264,2003,5.96,8.2,8.88,11.58,6.44,16.54,7.37
"8300",265,2003,3.61,5.95,5.44,7.02,6.77,6.45,6.91
"8301",266,2003,13.73,7.37,16.41,2.5,8.76,2.96,3.98
"8302",267,2003,5.03,3.8,7.6,4.19,2.1,3.98,5.69
"8303",268,2003,1.1,1.25,1.23,2.4,1.26,1.77,2.86
"8304",269,2003,7.88,5.57,7.68,4.09,5.1,3.74,4.14
"8305",270,2003,23.06,21.67,24.12,9.37,19.49,12.22,8.41
"8306",271,2003,17.72,13.92,15.86,13.38,15.8,11.03,12.79
"8307",272,2003,10.33,11.97,5.93,15.09,8.91,18,7.33
"8308",273,2003,12.82,13.52,12.46,19.2,12.09,27.53,6.19
"8309",274,2003,5.91,6.78,5.6,2.64,5.54,3.74,3.56
"8310",275,2003,3.89,3.08,4.2,2.91,3.06,3.06,4.13
"8311",276,2003,2.34,3.49,2.6,3.83,3.89,3.05,5.64
"8312",277,2003,3.35,5.16,4.18,3.07,3.84,4.11,6.2
"8313",278,2003,2.89,7.57,2.88,5.23,5.45,7.96,8.78
"8314",279,2003,3.43,7.98,3.43,5.44,2.89,7.69,4.69
"8315",280,2003,4.8,8,4.83,9.67,4.86,12.42,8.74
"8316",281,2003,4.44,8.71,3.96,7.82,6.81,8.87,7.82
"8317",282,2003,2.47,0.8,3.37,3.72,2.03,2.12,7.71
"8318",283,2003,4.46,3.84,6.44,4.96,4.36,5.47,6.33
"8319",284,2003,4.11,7.69,3.94,7.71,5.94,8.18,8.95
"8320",285,2003,4.51,8.11,4.63,10.56,9.65,8.75,9.73
"8321",286,2003,8.05,11.4,7.85,15.84,11.75,15.96,11.01
"8322",287,2003,4.56,9.8,3.61,24.77,4.64,35.3,11.34
"8323",288,2003,3.44,12.3,3.52,32.31,5.89,38.38,23.78
"8324",289,2003,8.48,7.02,8.07,8.43,12.3,8.23,13.73
"8325",290,2003,4.73,10.14,4.76,8.97,7.37,9.89,8.02
"8326",291,2003,4.16,12,4.4,16.75,3.65,20.1,9.52
"8327",292,2003,1.74,3.6,2.67,8.34,2.3,13.97,3.1
"8328",293,2003,10.76,20.12,11.43,14.08,9.14,18.6,6.4
"8329",294,2003,1.53,1.36,2.48,3.17,5.75,3.84,3.52
"8330",295,2003,0.36,0.22,0.86,1.06,1.45,0.71,1.84
"8331",296,2003,1.88,0.77,3,0.78,6.12,0.67,1.87
"8332",297,2003,2.43,0.49,3.63,0.69,3.71,1,1.23
"8333",298,2003,2.68,0.8,5.14,0.82,6.96,0.78,2.52
"8334",299,2003,0.4,0.63,0.51,0.84,1.41,0.67,2.27
"8335",300,2003,1.7,11.39,1.29,10.71,1.67,15.42,8.74
"8336",301,2003,9.14,7.05,7.95,5.03,6.51,5.91,6.67
"8337",302,2003,11.46,29.16,10.97,17.33,13.61,30.65,16.61
"8338",303,2003,10.76,12.64,15.39,19.35,10.87,27.38,19.69
"8339",304,2003,4.83,13.24,3.62,13.83,5.71,14.06,11.08
"8340",305,2003,1.44,2.03,1.46,7.23,2.25,7.7,4.13
"8341",306,2003,6.05,4.31,7.68,4.11,5.42,2.75,4.09
"8342",307,2003,15.57,33.51,16.25,27.88,24.34,37,27.16
"8343",308,2003,6.5,4.13,8.91,3.76,5.94,5.25,6.18
"8344",309,2003,1.35,3.37,2.09,6.95,2.91,8.85,4.91
"8345",310,2003,5.49,3.93,6.74,3.14,3.23,3.59,2.86
"8346",311,2003,4.54,13.57,6.8,12.5,6.71,15.25,6.26
"8347",312,2003,2.35,4.03,4.17,8.65,2.48,8.23,6
"8348",313,2003,1.02,3.96,1.59,2.95,1.02,2.32,3.84
"8349",314,2003,9.03,17.5,14.15,12.84,14.91,12.98,11.81
"8350",315,2003,4.33,10.02,6.78,12.39,6.82,19.2,9.98
"8351",316,2003,4.29,6.3,5.29,6.97,7.33,10.82,4.06
"8352",317,2003,1.54,3.13,3.02,9.9,3.08,14.13,4.44
"8353",318,2003,2.31,2.11,5.54,2.38,4.48,1.99,3.39
"8354",319,2003,2.51,3.31,4.91,2.49,4.51,2.05,4.32
"8355",320,2003,0.06,1.37,0.04,1.71,0.8,1.92,1.94
"8356",321,2003,0.01,0.1,0.01,0.41,0.03,0.2,0.46
"8357",322,2003,0.03,0.96,0.03,1.37,0.18,1.25,1.27
"8358",323,2003,0.01,0.33,0.01,0.81,0.06,0.48,1.76
"8359",324,2003,0.04,1.9,0.02,1.71,0.32,2.99,2.08
"8360",325,2003,0.65,1.61,0.43,5.48,0.72,5.72,3.04
"8361",326,2003,3.93,11.54,2.13,8.85,6.8,13.09,5.4
"8362",327,2003,3.32,5.6,2.18,5.53,4.9,4.85,5.9
"8363",328,2003,1.09,3.68,0.79,3.51,1.78,4.93,3.66
"8364",329,2003,0.26,1.79,0.21,2.26,0.7,2.75,2.23
"8365",330,2003,1.34,1.09,1.8,1.35,0.73,1.96,1.3
"8366",331,2003,0.65,0.75,1.17,3.15,0.61,3.39,2.07
"8367",332,2003,1.76,1.91,2.5,4.13,0.95,4.77,3.02
"8368",333,2003,2.05,4.3,3.17,9.27,1.82,14.51,5
"8369",334,2003,0.8,3.47,1.14,11.09,0.64,16.83,5.26
"8370",335,2003,5.2,27.11,3.63,28.21,7.36,49.97,13.12
"8371",336,2003,12.67,23.87,10.18,16.44,19.08,26.62,11.42
"8372",337,2003,8.43,11.65,9.72,7.33,16.49,9.33,5.58
"8373",338,2003,6.25,13.83,5.75,16.66,7.84,25.11,10.57
"8374",339,2003,10.21,24.26,11.24,15.8,14.56,19.09,10.81
"8375",340,2003,4.99,7.03,4.55,7.23,5.11,8.48,6.9
"8376",341,2003,8.56,9.28,9.76,7.03,9.31,8.88,6.69
"8377",342,2003,3.01,1.89,3.88,2.13,1.61,2.82,1.25
"8378",343,2003,2.07,2.98,2.76,4.51,4.24,8.24,2.84
"8379",344,2003,1.32,0.82,1.69,2.46,0.85,2.65,2.88
"8380",345,2003,0.17,0.43,0.22,1.94,0.51,1.92,1.04
"8381",346,2003,0.3,0.62,0.53,0.68,0.89,0.66,1.08
"8382",347,2003,0.36,0.89,0.56,0.53,0.7,0.43,0.52
"8383",348,2003,0.28,2.19,0.34,2.21,0.76,2.86,1.01
"8384",349,2003,0.03,0.07,0.04,0.16,0.03,0.11,0.13
"8385",350,2003,0,0.05,0.03,0.09,0.01,0.08,0.04
"8386",351,2003,0,0.35,0.02,1.25,0.02,1.85,0.59
"8387",352,2003,0,0.06,0.05,0.41,0.01,0.23,0.39
"8388",353,2003,0.08,2.16,0.41,1.79,0.22,2.72,1.56
"8389",354,2003,0.02,1.15,0.18,3.53,0.09,5.51,1.44
"8390",355,2003,0.07,1.97,0.5,4.4,0.24,8.16,1.16
"8391",356,2003,0.02,1.09,0.11,3.12,0.22,4.28,1.51
"8392",357,2003,0.01,0.36,0,0.8,0.09,0.81,0.48
"8393",358,2003,0,0.02,0.01,0.36,0,0.3,0.18
"8394",359,2003,0.01,0.28,0.05,0.84,0.07,0.9,0.55
"8395",360,2003,0.01,0.61,0,0.8,0.04,0.95,0.45
"8396",361,2003,0.03,3.1,0,4.14,0.31,8.06,1.6
"8397",362,2003,0,0.13,0,0.95,0.01,0.71,0.73
"8398",363,2003,0,0.03,0,0.87,0,0.67,0.44
"8399",364,2003,0,0.06,0,0.74,0,0.93,0.34
"8400",365,2003,0,0.06,0,0.7,0,1.01,0.29
"8401",1,2004,0,0.07,0,0.47,0,0.84,0.1
"8402",2,2004,0.02,1.03,0,2.56,0.11,3.89,0.81
"8403",3,2004,0.01,0.25,0,0.53,0.03,0.48,0.4
"8404",4,2004,0,0.05,0,0.58,0,0.45,0.52
"8405",5,2004,0,0,0,0.25,0,0.1,0.25
"8406",6,2004,0.12,0.62,0.03,1.61,0.23,2.2,0.66
"8407",7,2004,0.09,0.5,0.07,1.13,0.19,1.53,0.69
"8408",8,2004,0.01,0.14,0.02,1.22,0.12,0.83,0.73
"8409",9,2004,0.03,0,0.01,0.23,0.01,0.1,0.12
"8410",10,2004,0.06,0.06,0.02,0.33,0.04,0.18,0.23
"8411",11,2004,0.03,0.13,0.01,0.35,0.05,0.2,0.43
"8412",12,2004,0.32,0.74,0.41,0.72,0.34,0.61,0.77
"8413",13,2004,0,0.34,0,1.08,0.02,1.39,0.86
"8414",14,2004,0,0.11,0,0.75,0,0.77,0.58
"8415",15,2004,0.08,0.05,0.06,0.37,0.03,0.23,0.27
"8416",16,2004,0.01,0.26,0,0.82,0.04,0.61,0.47
"8417",17,2004,0.01,0.33,0,1.06,0.03,0.71,0.79
"8418",18,2004,0.01,0.25,0,0.89,0.05,0.74,0.57
"8419",19,2004,0.01,0.09,0,0.32,0.03,0.19,0.17
"8420",20,2004,0,0.01,0,0.61,0,0.52,0.25
"8421",21,2004,0.04,0.26,0.02,2.14,0.07,1.65,1.29
"8422",22,2004,0.04,0.68,0.02,0.38,0.06,0.8,0.2
"8423",23,2004,0.02,0.02,0.02,0.05,0.04,0.05,0.1
"8424",24,2004,0.02,0.01,0.02,0.03,0.13,0.01,0.09
"8425",25,2004,0.02,0.05,0.02,0.13,0.05,0.15,0.1
"8426",26,2004,0,0,0,0.01,0,0,0.06
"8427",27,2004,0,0,0,0.04,0,0.02,0.06
"8428",28,2004,0.02,0.63,0,1.09,0.1,0.81,0.57
"8429",29,2004,0,0.09,0,0.46,0,0.51,0.24
"8430",30,2004,0,0.15,0,0.78,0,1.42,0.45
"8431",31,2004,0,0,0,0.05,0,0.02,0.05
"8432",32,2004,0,0,0,0.05,0,0.04,0.04
"8433",33,2004,0,0,0,0.19,0,0.08,0.1
"8434",34,2004,0.01,0.7,0,2.76,0.06,4.05,1.09
"8435",35,2004,0,0,0,0.02,0,0.1,0.06
"8436",36,2004,0,0.16,0,0.05,0.01,0.04,0.02
"8437",37,2004,0.02,0.31,0.03,1.12,0.05,2.06,0.39
"8438",38,2004,0,0.04,0.01,0.57,0,0.33,0.49
"8439",39,2004,0,0,0,0.26,0,0.12,0.36
"8440",40,2004,0.01,0.11,0,0.04,0.04,0.02,0.09
"8441",41,2004,0.02,0.4,0.02,0.61,0.13,0.61,0.31
"8442",42,2004,0.21,0.29,0.26,0.87,0.27,0.58,0.48
"8443",43,2004,0.08,0.1,0.15,0.92,0.19,0.86,0.74
"8444",44,2004,0.02,0.17,0.02,0.45,0.04,1.15,0.23
"8445",45,2004,0,0.15,0,0.66,0.04,0.81,0.42
"8446",46,2004,0.02,0.36,0,0.12,0.08,0.16,0.14
"8447",47,2004,0,0,0,0.06,0,0.01,0.06
"8448",48,2004,0,0,0,0.1,0,0.02,0.08
"8449",49,2004,0,0,0,0.35,0,0.08,0.45
"8450",50,2004,0,0.06,0,0.59,0,0.37,0.47
"8451",51,2004,0.18,0.67,0.22,3.42,0.2,3.83,1.96
"8452",52,2004,0.08,0.69,0.02,2.71,0.08,3,1.54
"8453",53,2004,0.04,0.19,0.04,0.91,0.04,0.71,0.91
"8454",54,2004,0.06,0.24,0.17,1.16,0.1,1.05,0.61
"8455",55,2004,0.24,0.19,0.41,0.96,0.17,0.47,1
"8456",56,2004,0.19,0.62,0.37,1.75,0.88,1.49,1.85
"8457",57,2004,0.01,0.1,0,0.76,0.02,0.91,1.74
"8458",58,2004,0.01,0.1,0.04,0.7,0.05,0.93,0.74
"8459",59,2004,0.38,0.36,0.41,1.6,0.93,2.66,1.16
"8460",60,2004,1.91,2.98,2.73,3.34,2.51,4.68,2.3
"8461",61,2004,1.57,3.86,3.65,9.74,6.46,14.08,6.72
"8462",62,2004,0.07,0.54,0.16,3.79,0.51,6.25,1.71
"8463",63,2004,0.03,0.04,0.04,1.08,0.05,1.04,0.4
"8464",64,2004,0.01,0.05,0.03,0.54,0.07,0.32,0.34
"8465",65,2004,0.15,0.11,0.33,0.18,0.83,0.09,0.42
"8466",66,2004,0.06,0.14,0.02,1.18,0.07,1.06,1.95
"8467",67,2004,0.04,0.04,0.01,0.38,0.02,0.22,0.79
"8468",68,2004,0,0,0,0.56,0,0.41,0.4
"8469",69,2004,0.02,0,0.33,0.35,0.07,0.38,0.38
"8470",70,2004,5.95,3.14,8.43,3.53,7.88,6.14,3.18
"8471",71,2004,0.02,1.5,0.48,2,0.2,3.15,1.05
"8472",72,2004,0,0.08,0.03,0.13,0.02,0.13,0.1
"8473",73,2004,0,0.03,0,0.12,0,0.16,0.05
"8474",74,2004,0,0.02,0.01,0.19,0,0.17,0.07
"8475",75,2004,0,0.15,0.01,0.89,0.01,1.05,0.44
"8476",76,2004,0,0.02,0,0.24,0,0.25,0.08
"8477",77,2004,0,0.06,0,0.19,0,0.14,0.09
"8478",78,2004,0,0.37,0,1,0,1.6,0.52
"8479",79,2004,0,0.04,0,0.37,0,0.39,0.15
"8480",80,2004,0,0,0,0.12,0,0.1,0.08
"8481",81,2004,0.03,0.16,0.02,1.39,0.09,0.77,0.66
"8482",82,2004,0.03,1.2,0.02,3.81,0.09,5.05,2.38
"8483",83,2004,0.26,3.1,0.4,3.59,1.14,3.75,3.87
"8484",84,2004,0.5,6.29,1.4,9.33,1.82,10.93,6.26
"8485",85,2004,0.15,4.83,0.22,8.3,0.68,8.46,4.8
"8486",86,2004,0.16,0.5,0.12,1.59,0.22,0.87,1.46
"8487",87,2004,0.14,0.09,0.24,1.89,0.14,0.82,1.75
"8488",88,2004,0.32,0.92,0.36,4.41,0.89,3.8,3.35
"8489",89,2004,0.69,1.95,0.67,4.56,0.33,4.82,4.02
"8490",90,2004,5.29,2.69,6.12,3.76,8.02,2.94,5.11
"8491",91,2004,2.12,1.47,3.39,2.31,2.4,1.83,1.88
"8492",92,2004,2.08,1.5,3.91,5.68,1.59,4.36,4.17
"8493",93,2004,10.49,16.14,14.08,21.35,17.18,24.49,14.75
"8494",94,2004,19.85,17.28,22.42,14.11,14.57,20.1,14.43
"8495",95,2004,7.98,7.23,8.99,9.55,6.74,15.66,5.84
"8496",96,2004,5.98,5.01,9.33,3.14,8.45,5.1,3.38
"8497",97,2004,1.51,3.45,1.69,4.17,4.08,3.99,4.14
"8498",98,2004,1.67,1.9,3.08,3.32,1.43,4.93,3.18
"8499",99,2004,2.63,3.11,3.72,5.97,2.9,7.31,4.43
"8500",100,2004,4.94,10,7.23,12.09,10.38,12.59,13.04
"8501",101,2004,4.54,2.3,7.51,4.76,5.88,6.58,5.61
"8502",102,2004,6.17,7.27,7.4,5.63,7.85,7.7,6.99
"8503",103,2004,2.27,5.6,1.7,4.96,1.92,8.17,5.93
"8504",104,2004,6.2,3.93,6.2,3.84,8.73,5.18,5.54
"8505",105,2004,2.55,2.24,1.98,3.48,1.88,5.08,2.95
"8506",106,2004,2.2,2.56,2.29,4.3,1.68,6.07,3.59
"8507",107,2004,0.92,1.82,1.48,13.27,0.6,10.75,14.2
"8508",108,2004,0.68,2.03,2.12,5.01,0.56,5.69,3.06
"8509",109,2004,15.27,22.86,18.53,18.12,12.14,20.61,10.53
"8510",110,2004,3.9,2.53,8.45,9.2,2.56,10.87,3.64
"8511",111,2004,12.76,13,16.38,29.48,14.31,33.29,19.66
"8512",112,2004,9.17,3.63,15.68,24.18,6.29,29.7,12.39
"8513",113,2004,10.6,8.2,13.96,20.24,8.37,18.95,18.31
"8514",114,2004,15.06,30.39,12.42,29.81,16.96,40.29,27.58
"8515",115,2004,5.73,7.12,7.95,5.27,6.38,4.57,10.59
"8516",116,2004,12.16,14.94,13.33,18.49,10.93,17.86,17.05
"8517",117,2004,9.52,7.56,11.32,13.81,7.19,17.42,9.01
"8518",118,2004,17.47,12.02,16.53,7.84,14.85,7.73,9.66
"8519",119,2004,10.74,7.59,10.71,7.32,11.48,7.61,9.35
"8520",120,2004,14.33,9.87,13.42,4.38,11.42,4.58,5.1
"8521",121,2004,20.18,16.58,22.34,13.7,11.96,20.29,8.82
"8522",122,2004,10,19.19,9.02,31.34,19.51,40.97,13.81
"8523",123,2004,9.07,6.95,11.71,17.3,8.56,16.47,11.43
"8524",124,2004,7.87,14.56,8.66,27.21,12.37,32.83,13.32
"8525",125,2004,7.45,8.8,7.42,8.7,5.88,12.54,4.98
"8526",126,2004,10.54,8.28,9.02,7.97,9.04,11.68,5.87
"8527",127,2004,3.28,6.07,3.74,16.12,3.65,17.5,9.73
"8528",128,2004,11.44,11.73,19.64,9.53,15.89,9.98,8.33
"8529",129,2004,6.23,17.63,5.66,20.05,12.9,19.71,16.42
"8530",130,2004,10.54,13.56,10.39,22.12,9.44,26.4,11.91
"8531",131,2004,14.16,10.49,13.27,9.1,6.76,10.1,6.87
"8532",132,2004,7,19.99,6.76,16.61,6.55,25.04,8.39
"8533",133,2004,6.38,6.13,8.82,8.6,8.11,6.34,9.5
"8534",134,2004,8.16,8.01,13.39,8.27,7.87,11.17,5.82
"8535",135,2004,1.3,4,3.06,12.16,1.11,17.33,4.6
"8536",136,2004,4.75,3.37,7.96,6.89,4.43,7.18,5.88
"8537",137,2004,8.31,7.83,9.22,13.41,8.17,9.05,10.56
"8538",138,2004,17.16,19.71,25.07,20.32,13.39,15.59,19.21
"8539",139,2004,19.65,30.08,21.33,19.52,23.6,18.36,21.07
"8540",140,2004,9.43,17.55,13.37,27.92,14.76,30.3,15.71
"8541",141,2004,4.22,31.39,5.64,59.27,4.92,84.72,22.37
"8542",142,2004,9.71,10.05,12.84,17.19,12.09,20.9,13.41
"8543",143,2004,7.72,9.87,10.27,19.82,12.09,19.07,27.82
"8544",144,2004,5.24,11.68,7.05,32.08,7.1,25.91,22.86
"8545",145,2004,15.12,22.02,20.97,20.78,19.6,21.2,23.97
"8546",146,2004,8.07,15.42,9.61,14.11,8.72,17.49,7.45
"8547",147,2004,5.58,2.41,7.83,2.76,2.53,4.78,1.78
"8548",148,2004,11.47,8.14,12.1,4.88,9.16,9.77,4.72
"8549",149,2004,11.09,8.62,11.11,3.93,9.35,6.8,4.46
"8550",150,2004,6.21,8.48,6.15,10.73,3.54,18.19,9.15
"8551",151,2004,7.25,7.11,8.25,12.65,5.88,19.69,7.43
"8552",152,2004,11.35,10.27,13.73,11.83,7.42,21.04,8.59
"8553",153,2004,11.69,10.48,13.85,9.19,10.71,13.31,7.38
"8554",154,2004,9.89,11.61,17.36,12.01,11.64,14.67,9.06
"8555",155,2004,10.45,13.06,14.14,6.89,13.58,8.9,6.56
"8556",156,2004,15.73,15.88,16.36,11.84,19.93,17.61,12.34
"8557",157,2004,20.82,24.23,22.3,15.17,24.46,18.62,16.62
"8558",158,2004,22.88,21.54,23.6,19.07,22.42,22.3,19.2
"8559",159,2004,6.87,6.05,6.97,13.23,5.95,16.35,9.8
"8560",160,2004,11.23,10.11,10.88,6.92,8.09,12.25,5.09
"8561",161,2004,11.67,14.05,10.81,12.92,9.68,18.7,9.22
"8562",162,2004,1.03,3.53,1.01,4.83,1.43,8.43,2.33
"8563",163,2004,5.39,5.16,7.42,5.03,6.07,6.06,4.21
"8564",164,2004,23.85,17.5,23.74,13.33,11.4,15.49,11.81
"8565",165,2004,4.87,8.25,8.72,16.28,4.7,23.4,7.49
"8566",166,2004,7.54,14.8,13.89,19.83,7.63,25.54,12.33
"8567",167,2004,3.5,6.11,5.16,6.96,5.77,6.37,10.33
"8568",168,2004,9.06,13.05,6.14,14.59,10.05,15.7,11.46
"8569",169,2004,7.06,7.36,8.18,14.58,3.88,17.56,6.22
"8570",170,2004,21.51,15.89,17.82,12.92,14.79,14.95,11.25
"8571",171,2004,19.19,10.34,21.66,16.79,14.71,17.9,11.75
"8572",172,2004,21,15.97,21.61,16.92,17.64,18.93,14.47
"8573",173,2004,8.61,14.48,11.75,13.62,14.34,20.37,13.55
"8574",174,2004,9.35,10.12,8.78,6.82,9.18,10.97,5.2
"8575",175,2004,14.54,9.41,19.34,6.96,8.27,11.75,6.13
"8576",176,2004,17.01,17.1,17.92,15.7,15.7,23.54,13.54
"8577",177,2004,0.93,0.1,1.26,0.68,0.56,0.3,1.1
"8578",178,2004,0.72,0.63,0.97,1.44,0.62,1.47,0.82
"8579",179,2004,36.25,19.77,31.34,8.25,20.86,14.24,4.18
"8580",180,2004,31.92,41.51,29.17,24.97,29.17,42.41,14.87
"8581",181,2004,20.68,22.31,25.65,31.78,24.74,54.01,19.73
"8582",182,2004,9.57,4.2,10.8,9.07,9.85,10.83,5.79
"8583",183,2004,12.88,7.79,15.33,8.19,14.16,7.66,10.76
"8584",184,2004,2.25,1.28,5.26,3.07,4.18,1.96,8.18
"8585",185,2004,20.68,19.85,22.97,12.61,21.74,14.17,14.32
"8586",186,2004,25.16,24.13,21.26,13.8,27.99,16.46,17.13
"8587",187,2004,9.23,9.35,10.5,14.65,8.35,25.75,9.61
"8588",188,2004,7.38,4.93,7.38,9.17,3.02,16.38,3.71
"8589",189,2004,5.11,7.64,5.84,4.74,7.04,6.64,3.57
"8590",190,2004,2.89,5.81,2.66,3.74,1.9,4.13,2.43
"8591",191,2004,9.5,13.8,6.62,9.87,8.12,11.38,6.39
"8592",192,2004,5.82,3.88,8.78,8.97,5.59,9.09,5.09
"8593",193,2004,9.64,13.07,16.22,19.4,10.33,21.24,12.21
"8594",194,2004,18.91,26.11,18.01,14.08,20.03,19.82,8.29
"8595",195,2004,5.14,8.27,5.95,7.17,8.47,5.12,7.93
"8596",196,2004,7.84,5.41,11.92,5.44,9.13,3.66,6.51
"8597",197,2004,15.77,21.3,11.71,13.96,12.93,16.13,7.69
"8598",198,2004,8.8,14.17,8.35,8.92,10.1,10.84,8.59
"8599",199,2004,4.13,5.95,3.71,8.77,2.82,11.62,7.76
"8600",200,2004,2.17,4.96,2.08,11.1,2.08,15.5,6.25
"8601",201,2004,17.61,16.37,11.82,14.14,19.88,13.58,13.97
"8602",202,2004,5.62,11.28,4.3,8.95,4.75,11.72,6.37
"8603",203,2004,9.4,9.99,9.93,21.57,9.44,26.13,11.43
"8604",204,2004,8.74,11,10.01,16.99,13.89,18.61,13.4
"8605",205,2004,6.57,4.76,9.39,6.97,8.69,4.12,6.66
"8606",206,2004,5.72,7.34,7.37,5.37,7.28,3.9,7.44
"8607",207,2004,14.02,8.95,14.06,11.35,10.81,9.33,10.28
"8608",208,2004,36.33,26.54,28.95,12.82,22.88,16.32,13.91
"8609",209,2004,15.45,14.25,18.91,10.89,18.1,15.4,9.91
"8610",210,2004,9.82,14.85,10.8,20.39,12.55,34.01,10.1
"8611",211,2004,10.44,17.12,6.57,18.88,10.22,22.42,15.49
"8612",212,2004,14.21,20.6,10.64,20.39,12.16,27.88,11.65
"8613",213,2004,14.8,18.86,15.72,21.81,13.73,34.14,13.83
"8614",214,2004,3.94,2.76,6.22,4.66,3.29,7.71,6.25
"8615",215,2004,9.63,4.05,13.45,4.99,6.79,7.6,7.4
"8616",216,2004,4.76,4.93,6.44,7.71,6.06,11.83,6.68
"8617",217,2004,14.12,7.34,16.74,5.34,13.31,5.74,10.2
"8618",218,2004,1.47,1.73,1.61,5.6,0.82,12.25,1.74
"8619",219,2004,8.13,11.34,11.86,11.6,16.29,7.86,18.84
"8620",220,2004,3.31,7.27,2.58,11.08,6.41,10.81,10.9
"8621",221,2004,2.51,3.16,3.66,7.94,2.6,9.12,3.49
"8622",222,2004,0.58,2.37,1.3,5.3,1.31,5.61,3.5
"8623",223,2004,0.84,4.05,1.25,8.9,0.88,9.13,5.61
"8624",224,2004,1.53,5.69,2.41,18.52,2.45,33.26,8.7
"8625",225,2004,1.99,4.4,2.87,10.75,1.34,21.57,4.46
"8626",226,2004,8.41,8.42,10.29,12.05,7.22,16.78,10
"8627",227,2004,10.38,11.03,16.02,14,9.49,26.7,9.47
"8628",228,2004,9.17,3.83,12.3,4.22,5.23,4,4.92
"8629",229,2004,8.74,7.06,10.49,12.58,9.73,11.1,11.87
"8630",230,2004,7.85,9.61,7.57,19.11,9.37,23.85,10.9
"8631",231,2004,14.31,14.78,17.19,13.31,18.99,16.03,16.61
"8632",232,2004,8.93,6.51,9.74,12.91,7.29,17.05,6.42
"8633",233,2004,10.5,10.47,9.99,10.73,8.83,11.55,10.68
"8634",234,2004,15.52,12.28,17.37,9.45,12.94,7.55,14.91
"8635",235,2004,2.05,4.18,2.36,6.81,2.06,7.79,3.64
"8636",236,2004,2.5,5.83,2.73,8.11,3.43,6.56,7.9
"8637",237,2004,6.85,8.89,9.09,9.82,9.23,7.41,10.43
"8638",238,2004,9.23,8.61,12.97,6.79,11.11,5.55,7.17
"8639",239,2004,5.04,3.12,5.4,5.94,5.14,4.9,6.82
"8640",240,2004,8.26,9.1,10.21,15.55,6.3,15.08,17.58
"8641",241,2004,7.29,8.37,8.14,16.07,5.92,16.27,13.23
"8642",242,2004,1.59,9.41,1.48,25.86,3.3,30.08,16.65
"8643",243,2004,8.57,5.08,9.73,10.34,5.79,7.43,11.93
"8644",244,2004,4.26,7.71,5.56,9.02,4.2,10.17,7.7
"8645",245,2004,4.95,10.67,5.19,9.87,7.24,9.52,9.8
"8646",246,2004,2.94,4.14,3.39,6.12,3.34,5.63,10.44
"8647",247,2004,6.27,8.04,8.81,8.51,7.82,9.9,8.12
"8648",248,2004,10.73,19.15,12.44,25.23,10.33,29.75,15.33
"8649",249,2004,12.31,18.39,16.91,33.25,12.9,51.43,16.57
"8650",250,2004,5.41,1.72,5.28,2.73,3.39,1.24,2.92
"8651",251,2004,2.91,1.76,2.33,0.8,3.11,0.24,2.94
"8652",252,2004,9.06,3.36,9.63,3.53,11.69,1.47,6.9
"8653",253,2004,38.03,34.29,25.51,18.09,25.16,18.08,15.44
"8654",254,2004,24.22,17.59,20.36,22.62,22.45,29.61,13.34
"8655",255,2004,7.85,9.58,7.8,16.21,6.7,17.87,9.56
"8656",256,2004,25.21,18.37,25.2,16.56,23.26,14.91,15.01
"8657",257,2004,2.74,6.7,3.67,12.28,0.81,15.13,4.07
"8658",258,2004,0.59,2.21,0.7,3.77,0.54,4.36,2.25
"8659",259,2004,4.43,7.82,3.05,7.07,2.52,5.4,6.86
"8660",260,2004,5.18,10.3,4.3,8.99,13.37,9.68,7.82
"8661",261,2004,1.53,8.45,1.18,15.11,3.3,23.13,6.42
"8662",262,2004,5.16,8.13,4.85,8.57,7.27,11.82,7.47
"8663",263,2004,5.45,7.64,4.58,10.53,8.44,7.6,12.19
"8664",264,2004,3.6,10.74,3.48,8.65,5.55,8.28,9.47
"8665",265,2004,5.92,7.75,6.98,8,6.42,6.6,12.81
"8666",266,2004,9.84,11.19,9.51,12.05,11.32,13.38,14.85
"8667",267,2004,8.8,13.06,8.98,12.49,14.22,10.22,17.81
"8668",268,2004,3.81,6.87,3.53,20.43,4.51,22.94,13.51
"8669",269,2004,17.82,18.43,15,23.69,18.93,24.49,23.71
"8670",270,2004,3.49,12.03,5.47,20.66,5.6,29.32,11.04
"8671",271,2004,7.37,16.48,7.21,15.91,10.15,20.23,14.96
"8672",272,2004,8.39,5.77,10.97,8.81,8.03,6.06,13.64
"8673",273,2004,6.31,6.95,7.24,7.6,6.46,7.91,7.95
"8674",274,2004,3.45,7.8,4.12,13.8,2.94,20.62,5.87
"8675",275,2004,12.2,9.39,15.53,10.08,17.62,10.14,8.79
"8676",276,2004,1.49,0.78,2.57,1.01,1.37,0.58,1.4
"8677",277,2004,11.27,9.69,6.09,2.96,10.8,2.44,5.37
"8678",278,2004,24.12,18.48,32.53,13.98,23.34,14,12.62
"8679",279,2004,14.36,17.34,14.66,21.45,13.71,29.5,11.51
"8680",280,2004,3.76,10.82,2.88,13.97,8.12,16.01,13.1
"8681",281,2004,3.87,4.48,4.01,9.73,4.72,10.99,9.35
"8682",282,2004,2.07,1.53,1.99,4.05,0.99,3.5,4.37
"8683",283,2004,1.57,3.07,1.06,4.75,3.18,4.67,4.15
"8684",284,2004,1.07,3.63,0.83,4.97,3.64,3.74,4.82
"8685",285,2004,1.7,4.18,2.18,7.51,3.17,6.13,3.67
"8686",286,2004,1.07,1.1,1.93,3.81,1.58,2.2,2.96
"8687",287,2004,4.31,13.53,4.98,8.67,7.29,7.5,7.53
"8688",288,2004,3.93,8.17,5,7.45,5.27,5.61,6.1
"8689",289,2004,7.26,2.08,9.85,1.8,4.77,1.07,1.61
"8690",290,2004,8.25,7.1,7.61,9.22,15.38,9.11,12.11
"8691",291,2004,5.02,1.01,10.18,5.2,4.22,3.05,6.94
"8692",292,2004,6.54,9.47,9.25,14.99,13.29,11.1,15.92
"8693",293,2004,5.52,8.8,6.73,4.87,8.8,4.96,7.69
"8694",294,2004,14.87,17.07,21.06,28.68,19.16,28.15,29.32
"8695",295,2004,4.28,13.98,2.9,16.25,9.11,13.79,13.58
"8696",296,2004,5.08,16.65,3.85,23.34,6.53,25.5,16.12
"8697",297,2004,1.11,6.02,1.01,24.62,1.1,29.14,9.71
"8698",298,2004,3.61,2.03,3.51,2.5,4.18,1.42,6.67
"8699",299,2004,14.27,17.38,11.88,8.47,14.56,9.04,11.87
"8700",300,2004,1.41,1.36,2.04,1.19,1.71,1.23,2.46
"8701",301,2004,9.82,7.57,11.96,7.13,6.83,7.02,7.49
"8702",302,2004,11.28,13.61,9.49,10.71,8.87,9.09,8.69
"8703",303,2004,12.64,33.19,12.22,45.12,14.67,45.03,31.74
"8704",304,2004,2.99,16.29,2.64,17.97,7.2,18.57,26.22
"8705",305,2004,2.3,4.84,1.38,15.54,1.21,19.32,6.28
"8706",306,2004,3.95,7.09,7.08,10.48,11.92,8.87,13.19
"8707",307,2004,5.15,2.69,7.76,2.93,4.76,3.61,2.43
"8708",308,2004,0.64,3.66,1.16,8.68,1.97,6.58,8.35
"8709",309,2004,2.68,1.55,5.58,1.93,3.62,0.73,3.6
"8710",310,2004,2.04,4.89,3.22,6.3,4.2,4.51,8.58
"8711",311,2004,3.2,3.85,3.07,6.03,2.87,5.34,4.76
"8712",312,2004,9.06,15.9,7.51,13.02,10.33,17.42,8.74
"8713",313,2004,1.06,4.85,1.04,11.9,1.13,16.61,5.24
"8714",314,2004,4.93,3.54,4.22,5.47,4.26,6.86,3.2
"8715",315,2004,5.86,6.41,5.47,8.72,6.54,6.89,12.1
"8716",316,2004,3.89,4.64,7.01,9.46,12.88,7.83,12.63
"8717",317,2004,1.99,5.62,3.39,10.92,9.63,6.91,14.08
"8718",318,2004,0.81,1.62,1.23,7.26,2.9,4.8,8.57
"8719",319,2004,4.9,7.58,5.72,6.94,11.66,4.8,13.66
"8720",320,2004,3.46,7.38,2.95,8.38,9.79,7.98,15.19
"8721",321,2004,2.81,8.16,3.72,7.57,3.66,14.12,5.95
"8722",322,2004,1.74,2.75,3.27,5.11,1.21,5.54,2.8
"8723",323,2004,4.05,9.57,6.12,10.85,3.72,14.79,6.72
"8724",324,2004,1.79,3.63,3.38,7.75,2.83,8.93,5.05
"8725",325,2004,3.03,2.34,7.22,5.2,3.65,9.47,2.83
"8726",326,2004,3.8,6.24,6.28,8.95,4.57,15.19,5.11
"8727",327,2004,0.43,0.31,0.61,0.76,0.16,1.24,0.53
"8728",328,2004,1.23,2.87,4.24,4.54,0.95,6.67,3.32
"8729",329,2004,3.98,5.8,6.46,6.42,3.34,10.44,4.08
"8730",330,2004,3.55,9.07,5.99,7.99,3.19,9.47,6.67
"8731",331,2004,9.65,18.71,7.4,12.51,10.21,16.12,10.49
"8732",332,2004,2.67,5.04,1.86,3.17,3.4,4.36,3.41
"8733",333,2004,0.4,0.94,0.39,1.07,0.51,1.42,1.24
"8734",334,2004,3.71,7.37,2.44,4.07,2.15,4.47,3.42
"8735",335,2004,1.32,5.09,1.17,4.91,1.05,6.44,3.81
"8736",336,2004,0.23,2.56,0.07,3.58,0.6,5.12,2.67
"8737",337,2004,0.13,1.15,0.16,1.87,0.57,3.14,1.29
"8738",338,2004,0.42,3.57,0.15,2.51,0.91,4.84,1.48
"8739",339,2004,0.38,1.43,0.22,3.76,0.48,9.12,1.32
"8740",340,2004,0.17,0.27,0.17,1.09,0.32,1.03,0.91
"8741",341,2004,0.38,6.24,0.5,7.79,2.37,9.36,3.99
"8742",342,2004,0.2,3.96,0.29,10.81,1.09,14.88,4.02
"8743",343,2004,0.02,0.74,0.03,2.9,0.15,4.24,1.08
"8744",344,2004,0,0.08,0.01,0.08,0.02,0.17,0.21
"8745",345,2004,0.01,0.16,0.08,0.34,0.04,0.28,0.2
"8746",346,2004,1.37,3.51,0.2,4.37,3.99,13.87,2.52
"8747",347,2004,2.63,13.17,0.45,18.34,4.42,23.8,10.43
"8748",348,2004,5.47,45.29,0.63,24.8,7.67,54.12,12.61
"8749",349,2004,0.83,6.49,0.15,6.94,3.1,11.06,5.41
"8750",350,2004,0.41,1.99,0.11,1.9,2,2.15,3.09
"8751",351,2004,0.02,0.88,0,1.25,0.09,1.77,0.67
"8752",352,2004,0.01,1.57,0,2.87,0.08,4.36,1.03
"8753",353,2004,0,0.1,0,0.27,0.01,0.31,0.32
"8754",354,2004,0.02,0.41,0,0.61,0.06,0.83,0.19
"8755",355,2004,0.03,1.3,0.01,4.66,0.15,5.74,1.47
"8756",356,2004,0.11,3.29,0.09,2.35,0.81,3.3,1.02
"8757",357,2004,0.04,3.45,0.1,2.76,0.19,5.59,0.99
"8758",358,2004,0.01,0.43,0.03,0.76,0.08,1.31,0.29
"8759",359,2004,0,0.02,0.03,0.95,0.01,1.02,0.29
"8760",360,2004,0,0.18,0,0.95,0.03,0.89,0.53
"8761",361,2004,0,0.05,0,0.54,0,0.76,0.32
"8762",362,2004,0.01,0.23,0,0.44,0.05,0.46,0.32
"8763",363,2004,0.01,1,0,0.87,0.14,1.44,0.38
"8764",364,2004,0,0.32,0,1.05,0.03,1.15,0.41
"8765",365,2004,0,0.49,0,1.11,0.03,1.23,0.34
"8766",366,2004,0,0.09,0,0.74,0.02,1.53,0.18
"8767",1,2005,0.01,1.09,0,2.41,0.16,3.12,1.49
"8768",2,2005,0,0.09,0,0.43,0.01,0.21,0.46
"8769",3,2005,0.04,3.21,0,3.34,0.38,3.77,1.77
"8770",4,2005,0,0.09,0,1.93,0,1.64,1.26
"8771",5,2005,0.01,2.1,0,7.92,0.08,13.53,2.96
"8772",6,2005,0.38,3.88,0.29,9.52,0.26,26.44,1.54
"8773",7,2005,0.02,0.38,0.02,2.11,0.01,3.14,0.85
"8774",8,2005,4.08,5.51,5.26,7.14,1.31,14.13,3.5
"8775",9,2005,1.53,5.97,1.9,9.32,0.71,17.8,3.35
"8776",10,2005,0.07,1.29,0.08,4.78,0.06,10.21,1.03
"8777",11,2005,0.1,0.66,0.06,2.35,0.22,2.35,1.22
"8778",12,2005,0.2,1.7,0.12,2.5,1.25,2.52,1.78
"8779",13,2005,0.98,5.66,0.38,5.06,3.7,5.3,4.35
"8780",14,2005,0.74,2.93,0.36,2.26,2.76,2.17,2.39
"8781",15,2005,2.45,22.78,0.62,21.45,11.17,29.43,18.25
"8782",16,2005,0.03,1.87,0,4.22,0.25,4.43,2.11
"8783",17,2005,0,0.02,0,1.1,0,0.66,0.48
"8784",18,2005,0,0,0,0.42,0,0.14,0.42
"8785",19,2005,0,0,0,0.19,0,0.05,0.24
"8786",20,2005,0,0,0,0.07,0,0.02,0.12
"8787",21,2005,0,0,0,1.38,0,1.09,0.52
"8788",22,2005,0,0,0,2.05,0,1.4,1.08
"8789",23,2005,0.14,0.32,0.21,0.29,0.37,0.13,0.6
"8790",24,2005,1.65,7.34,1.75,7.97,3.53,10.6,5.88
"8791",25,2005,0.27,1.3,0.19,6.05,0.77,7.04,4
"8792",26,2005,0,0.25,0,0.87,0.01,1.45,0.54
"8793",27,2005,0,0,0,0.14,0,0.06,0.08
"8794",28,2005,0,0.1,0.02,0.78,0.02,0.76,0.47
"8795",29,2005,0.01,0.5,0,1.05,0.04,1.04,0.68
"8796",30,2005,0,0,0,0.22,0,0.14,0.34
"8797",31,2005,0,0.02,0,0.29,0,0.15,0.62
"8798",32,2005,0,0.18,0,0.61,0,0.76,0.34
"8799",33,2005,0,0,0,0.14,0,0.11,0.13
"8800",34,2005,0,0,0,0.27,0,0.22,0.2
"8801",35,2005,0.08,0.4,0.42,1.12,0,1.97,0.58
"8802",36,2005,0.38,1.22,2.11,2.81,0.13,3.41,1.04
"8803",37,2005,3.62,0.54,8.6,1.23,3.1,1.03,1.55
"8804",38,2005,0.74,0.2,1.61,1.5,0.91,1.85,1.27
"8805",39,2005,2.57,1.62,4.58,4.79,3.94,5.32,4.58
"8806",40,2005,11.61,6.73,13.88,4.67,11.08,9.17,4.96
"8807",41,2005,10.87,4.64,11.33,8.63,10.74,14.37,5.88
"8808",42,2005,4.21,6.92,4.57,17.68,8.2,17.81,12.8
"8809",43,2005,0.73,1.97,0.82,4.22,1.26,7.35,2.29
"8810",44,2005,0.16,1.53,0.2,4.1,0.26,6.87,1.63
"8811",45,2005,0.06,0.02,0.06,0.26,0.08,0.12,0.48
"8812",46,2005,0.01,0,0.01,0.16,0.01,0.05,0.32
"8813",47,2005,0.11,0.13,0.12,0.19,0.13,0.1,0.28
"8814",48,2005,0.03,0.21,0.02,1.46,0.12,1.35,0.88
"8815",49,2005,0.07,0.25,0.05,0.91,0.09,1.29,0.3
"8816",50,2005,0.02,0.16,0.01,0.61,0.03,0.77,0.26
"8817",51,2005,0.01,0.15,0.01,0.53,0.05,0.42,0.48
"8818",52,2005,0.48,0.27,0.51,0.17,0.52,0.07,0.34
"8819",53,2005,0.02,0.81,0,2.12,0.02,1.28,1.09
"8820",54,2005,0,0,0,0.45,0,0.16,0.8
"8821",55,2005,0,0,0,0.3,0,0.14,0.21
"8822",56,2005,0.01,0.22,0.01,1.09,0,1.92,0.35
"8823",57,2005,0.09,0.28,0.04,1.18,0.1,0.97,0.41
"8824",58,2005,0.07,1.33,0.02,2.74,0.2,4.27,2.02
"8825",59,2005,0,0.03,0,0.45,0,0.41,0.35
"8826",60,2005,0,0.03,0.01,1.08,0,1.02,0.41
"8827",61,2005,0.04,0.17,0.17,1.56,0.03,1.71,0.51
"8828",62,2005,0.31,1.43,1.31,3.13,0.11,7.18,1.31
"8829",63,2005,0.09,0.92,0.24,2.92,0.11,3.78,1.69
"8830",64,2005,0,0.02,0.02,0.21,0,0.17,0.23
"8831",65,2005,0.01,0.51,0,1.64,0.03,1.2,2.16
"8832",66,2005,0.01,0.32,0,0.16,0.02,0.49,0.24
"8833",67,2005,0,0,0,0.23,0,0.2,0.23
"8834",68,2005,0,0,0,0.19,0,0.15,0.1
"8835",69,2005,0,0,0,0.06,0,0.11,0.04
"8836",70,2005,0,0.03,0,0.05,0,0.22,0.1
"8837",71,2005,0,0.03,0,0.07,0,0.23,0.09
"8838",72,2005,0,0.71,0,1.71,0.02,1.49,0.58
"8839",73,2005,0,0.03,0,0.09,0,0.26,0.13
"8840",74,2005,0,0.03,0,0.14,0,0.25,0.16
"8841",75,2005,0,0,0,0.04,0,0.02,0.01
"8842",76,2005,0,0,0.04,0.06,0.01,0.04,0.04
"8843",77,2005,0,0.08,0.01,0.28,0.01,0.18,0.24
"8844",78,2005,0,0.09,0.01,0.24,0.01,0.15,0.4
"8845",79,2005,0,0.43,0.06,1.47,0.12,2.04,0.63
"8846",80,2005,0.33,0.36,0.17,0.74,0.63,0.84,0.68
"8847",81,2005,0,0,0,0.1,0,0.07,0.05
"8848",82,2005,1.56,0.04,2.24,0.25,0.45,0.18,0.13
"8849",83,2005,5.85,3.38,10.19,4.33,12.3,7.6,6.12
"8850",84,2005,0.54,0.09,1.07,0.18,0.45,0.17,0.24
"8851",85,2005,0,0.19,0,0.75,0,1.84,0.27
"8852",86,2005,0,0.02,0,0.27,0,0.49,0.08
"8853",87,2005,0,0.03,0,0.28,0,0.3,0.09
"8854",88,2005,0,0.04,0,0.37,0,0.47,0.16
"8855",89,2005,0,0.07,0,0.33,0,0.44,0.2
"8856",90,2005,0,0.15,0,0.84,0,1.64,0.33
"8857",91,2005,1.27,0.29,4.1,5,0.69,4.25,4.22
"8858",92,2005,13.14,13.87,10.76,9.04,19.39,10.53,9.31
"8859",93,2005,8.49,25.95,9.96,31.99,11.1,52.4,18.09
"8860",94,2005,10.85,12.48,12.17,12.61,12.21,16.46,9.38
"8861",95,2005,8.62,2.55,13.69,6.05,5.58,9.37,4.28
"8862",96,2005,9.04,10.36,8.18,15.06,8.9,18.89,14.48
"8863",97,2005,1.54,0.55,2.51,1.1,1.67,0.58,1.28
"8864",98,2005,0.97,0.45,1.22,2.2,0.68,1.61,1.4
"8865",99,2005,11.88,4.45,12.56,7.18,7.62,7.15,6.41
"8866",100,2005,3.37,2.62,2.45,3.75,4.35,4.15,2.6
"8867",101,2005,1.81,3.22,2.04,5.23,0.95,6.18,3.33
"8868",102,2005,11.18,6.17,11.11,11.06,7.51,12.37,10.09
"8869",103,2005,9.4,9.66,8.45,16.55,8.9,21.76,14.25
"8870",104,2005,5.76,6.27,8.36,11.16,8.71,14.67,9.59
"8871",105,2005,17.85,18.75,19.51,23.96,14.13,28.3,25.27
"8872",106,2005,5.72,7.67,5.49,14.86,7.89,12.83,14.9
"8873",107,2005,6.53,15.64,5.76,13.74,11.4,14.23,16.41
"8874",108,2005,2.73,2.29,3.6,2.82,2.43,2.88,2.92
"8875",109,2005,5.21,4.74,3.05,9.02,3.41,4.95,10.68
"8876",110,2005,8.63,14.61,9.87,36.98,10.81,47.57,31.13
"8877",111,2005,5.63,4.17,6.64,17.24,4.08,19.68,12.76
"8878",112,2005,9.02,8.97,9.99,12.78,13.01,13.85,14.08
"8879",113,2005,17.46,14.51,18.44,23.45,20.61,24.86,31.75
"8880",114,2005,5.2,8.13,8.29,16.37,3.93,12.27,16.81
"8881",115,2005,22.58,17.84,25.4,14.58,22.08,15.1,17
"8882",116,2005,1.85,3.29,3.72,4.48,2.35,4.51,3.16
"8883",117,2005,1.52,2.22,1.71,2.96,0.77,3.75,2.7
"8884",118,2005,0.51,0.69,0.73,1.32,0.29,1.07,2.45
"8885",119,2005,2.01,7.78,1.66,5.37,2.12,6.63,4.95
"8886",120,2005,6.27,7.06,9.43,6.07,3.88,8.37,4.61
"8887",121,2005,8.82,6.07,7.99,9.49,8.09,14.73,6.03
"8888",122,2005,12.59,13.22,15.23,15.53,12.43,19.94,13.88
"8889",123,2005,7.13,9.72,8.48,11.37,6.96,14,16.63
"8890",124,2005,19.6,14.79,23.72,14.55,10.93,17.51,18.54
"8891",125,2005,8.82,3.54,11.46,4.63,6.38,4.61,5.3
"8892",126,2005,17.83,10.7,20.61,10.29,16.42,13.08,7.44
"8893",127,2005,2.83,1.4,3.06,5.34,1.54,7.39,3.21
"8894",128,2005,3.54,2.83,3.28,8.31,2.02,7.78,9.41
"8895",129,2005,13.23,10.82,13.72,14.57,14.55,13.32,16.53
"8896",130,2005,13.77,7.11,14.5,9.15,10.69,9.72,13.36
"8897",131,2005,14.44,9.05,13.05,19.71,12.76,23.35,16.23
"8898",132,2005,9.48,11.59,11.19,18.55,13.61,25.94,16.62
"8899",133,2005,16.8,8.95,19.42,14.27,11.65,14.27,14.22
"8900",134,2005,12.69,9.81,11.44,21.07,14.77,20.87,30.82
"8901",135,2005,3.05,2.85,3.79,10.57,4.25,13.24,10.05
"8902",136,2005,6.87,5.84,7.11,9.25,6.17,9.83,8.97
"8903",137,2005,12.52,15.34,12.9,15.67,11.61,20.04,12.62
"8904",138,2005,1.34,1.87,1.61,10.3,2.23,10.8,11.59
"8905",139,2005,6.19,13.52,6.56,25.27,10.54,21.54,23.98
"8906",140,2005,5.44,6.4,6.06,5.67,7.52,4.78,15.66
"8907",141,2005,3.74,9.28,1.9,17.47,4.68,15.3,20.34
"8908",142,2005,7.88,3,10,1.78,7.62,2.15,5.91
"8909",143,2005,10.34,3.61,11.17,3.92,4.65,3.58,3.77
"8910",144,2005,2.3,3.76,2.67,3.26,2.95,3.79,4.17
"8911",145,2005,2.77,0.62,3.04,1.7,2.1,1.04,1.86
"8912",146,2005,7.41,10.39,7.46,6.51,9.42,6.92,6.05
"8913",147,2005,22.6,22.54,23.27,14.6,20.05,19.75,10.19
"8914",148,2005,3.72,14.42,3.65,14.47,8.53,20.94,8.43
"8915",149,2005,3.76,2.48,2.38,7.94,2.28,9.29,4.12
"8916",150,2005,15.71,17.9,13.7,20.38,20.39,21.82,14.73
"8917",151,2005,27.94,36.96,31.08,41.8,36.23,52.4,27.18
"8918",152,2005,10.66,12.36,8.7,16.22,11.67,17.28,16.44
"8919",153,2005,8.24,5.4,8.75,4.66,7.01,3.24,8.68
"8920",154,2005,8.21,8.96,8.1,6.63,14.16,4.63,11.5
"8921",155,2005,11.31,10.46,11.33,7.66,12.63,8.55,8.33
"8922",156,2005,10.01,8.74,11.02,12.2,12.18,14.08,8.16
"8923",157,2005,9.38,11.6,8.23,23.58,8.25,29.04,14.07
"8924",158,2005,10.85,21.02,7.79,21.15,5.53,27.86,10.99
"8925",159,2005,9.13,11.08,7.43,17,15.74,15.24,15.78
"8926",160,2005,19.77,20.13,18.31,13.48,23.17,19.59,9.09
"8927",161,2005,13.04,19.62,11.49,20.25,21.6,26.37,17.16
"8928",162,2005,8.64,5.87,12.5,11.84,7.8,9.46,12.94
"8929",163,2005,16.49,14.28,14,17.62,18.65,20.04,12.69
"8930",164,2005,3.73,6.17,2.72,10.12,2.97,10.09,7.37
"8931",165,2005,8.46,6.7,9.6,8.74,11.75,8.75,6.85
"8932",166,2005,18.39,16.45,16.85,16.89,16.42,12.7,17.47
"8933",167,2005,4.75,15.97,6,24.17,8.4,31.95,16.77
"8934",168,2005,15.86,27.29,12.65,21.96,18.46,31.02,16.14
"8935",169,2005,7.97,14.12,7.34,15.74,15.21,12.79,17.77
"8936",170,2005,11.67,12.71,12.54,10.01,14.66,11.48,10.15
"8937",171,2005,25.69,29.35,22.22,26.06,30.31,29.03,26.78
"8938",172,2005,9.74,7.21,8.35,12.02,8.55,14.59,9.42
"8939",173,2005,11.05,9.59,10.52,12.76,8.31,20.9,5.4
"8940",174,2005,6.2,6.97,5.65,5.9,6.9,7.96,5.05
"8941",175,2005,5.78,6.29,4.02,14.94,5.55,21.93,8.01
"8942",176,2005,2.32,4,2.27,12.69,1.35,22.91,3.38
"8943",177,2005,15.72,38.32,12.67,29.35,17.5,29.14,25.18
"8944",178,2005,1.78,0.68,2.87,3.62,0.8,1.99,3.93
"8945",179,2005,7.38,2.88,8.75,4.97,3.58,3.77,4.36
"8946",180,2005,9.68,6.81,12.51,12.2,7.74,12.39,7.61
"8947",181,2005,30.58,24.63,34.45,16.11,33.15,16.43,13.93
"8948",182,2005,3.34,3.39,5.79,8.05,4.31,7.71,5.27
"8949",183,2005,2.66,2.24,2.22,4.67,2.65,5.14,3.02
"8950",184,2005,1.17,2.49,1.64,3.73,3.18,2.4,5.2
"8951",185,2005,0.57,0.48,0.77,1.66,0.47,0.85,2.23
"8952",186,2005,3.27,5.16,3.32,9.65,5.42,6.51,7.6
"8953",187,2005,11.51,14.29,12.21,17.11,9.88,24.88,9.1
"8954",188,2005,6.29,9.16,6.54,7.86,4.43,10.09,4.25
"8955",189,2005,3.38,8.85,3.33,10.25,6.6,12.35,7.53
"8956",190,2005,1.61,2.76,1.96,5.3,1.14,9.17,2.43
"8957",191,2005,0.19,2.14,0.16,5.94,0.22,10.7,2.14
"8958",192,2005,1.05,1.5,1.11,6.6,0.43,12.72,1.7
"8959",193,2005,0.1,1.02,0.19,7.63,0.11,12.53,3.2
"8960",194,2005,0.16,0.73,0.21,4.52,0.47,6.25,2.44
"8961",195,2005,0.76,0.7,0.71,3.6,0.5,3.92,4.37
"8962",196,2005,3.53,6.67,2.18,9.21,5.11,10.62,6.78
"8963",197,2005,4.37,8.38,5.18,13.59,6.66,16.76,6.9
"8964",198,2005,14.42,4.1,22.49,2.68,13.72,1.51,4.14
"8965",199,2005,15.27,14.4,16.64,11.22,10.73,11.49,7.76
"8966",200,2005,19.71,29.44,23.39,30.43,22.48,35.07,26.41
"8967",201,2005,5.71,6.16,6.87,11.15,3.58,17.46,4.23
"8968",202,2005,5.78,8.85,5.65,6.44,8.62,7.23,5.73
"8969",203,2005,16.11,11.63,14.42,6.52,14.63,8.95,4.86
"8970",204,2005,10.84,6.3,11.33,4.62,9.7,5.24,3.42
"8971",205,2005,30.48,21.97,26.95,10.71,29.77,14.77,10.61
"8972",206,2005,7.05,4.57,7.83,6.51,8.21,10.35,3.39
"8973",207,2005,5.31,5.85,5.69,4.47,3.38,7.68,2.73
"8974",208,2005,4.67,4.22,3.97,5.08,2.78,8.75,2.87
"8975",209,2005,10.87,5.82,10.15,4.38,7.9,4.93,4.96
"8976",210,2005,4,4.96,4.53,4.73,4.6,6.2,5.82
"8977",211,2005,6.48,5.06,6.38,4.23,6.53,5.27,3.62
"8978",212,2005,2.71,1.95,3.26,1.83,2.37,2.56,2.55
"8979",213,2005,6.56,11.29,6.53,11.27,11.5,14.1,8.31
"8980",214,2005,6.78,6.25,6.4,7.71,6,11.83,3.27
"8981",215,2005,8.57,11.45,9.45,16.1,10.75,18.89,9.22
"8982",216,2005,4.29,5.59,5.16,13.88,6.27,12.26,10.49
"8983",217,2005,16.02,22.56,16.67,28.27,21.19,37.04,18.35
"8984",218,2005,15.08,10.13,14.7,10.84,8.52,18.75,5.18
"8985",219,2005,23.74,9.53,34.58,6.78,19.9,9.42,7.25
"8986",220,2005,9.2,13.43,8.58,13.48,10.31,20.62,9.33
"8987",221,2005,6.33,6.59,8.73,8.71,3.12,16.12,2.76
"8988",222,2005,11.89,7.02,11.7,6.23,7.85,8.24,3.39
"8989",223,2005,4.44,4.23,5.69,7.84,4.56,13.46,2.71
"8990",224,2005,0.94,2.36,0.33,5.19,0.59,7.65,2.68
"8991",225,2005,10.17,10.14,7.94,9.29,12.8,11.85,7.14
"8992",226,2005,10.84,7.99,5.44,8.54,9.67,8.72,8.57
"8993",227,2005,28.41,22.26,25.81,14.3,24.02,20.04,10.53
"8994",228,2005,3.51,7.76,2.47,11.24,6.03,13.76,6.79
"8995",229,2005,2.11,6.38,2.36,10.56,3.92,13.09,5.01
"8996",230,2005,6.69,6.91,6.25,6.39,10.99,4.9,7.93
"8997",231,2005,7.93,14.92,6.05,10.96,14.13,9.5,15.31
"8998",232,2005,1.25,3.88,1.43,6.53,1.68,8.62,2.95
"8999",233,2005,9.89,7.76,7.35,9.26,7.44,11.54,8.57
"9000",234,2005,6.49,2.68,6.41,4.59,3.66,2.65,7.08
"9001",235,2005,3.26,2.48,3.15,2.51,4.71,2.33,7.24
"9002",236,2005,24.81,10.76,24.16,5.48,15.1,6.79,8.94
"9003",237,2005,4.29,2.99,5.63,7.52,3,7.58,4.47
"9004",238,2005,2.69,8.64,2.86,11.49,5.16,17.52,6.26
"9005",239,2005,6.6,7.53,6.62,5.59,3.79,7.52,4.62
"9006",240,2005,8.06,7.39,9.23,7.83,10.26,11.62,5.69
"9007",241,2005,1.6,1.35,2.13,2.6,0.93,3.64,1.38
"9008",242,2005,5.13,8.46,4.78,4.77,5.66,7.45,4.94
"9009",243,2005,1.92,0.9,2.15,2.27,1.48,1.77,2.33
"9010",244,2005,5.67,3.93,5.28,6.67,6.76,6.98,8.83
"9011",245,2005,4.57,9.46,4.57,8.93,4.41,15.07,5.65
"9012",246,2005,11.64,6.56,14.15,7.6,13.5,11.11,10.18
"9013",247,2005,6.38,12.85,7.77,18.56,8.02,23.68,16.98
"9014",248,2005,1.38,0.75,2.5,3.15,2.4,2.59,8.35
"9015",249,2005,12.31,18.09,8.23,14.4,12.42,20.41,9.78
"9016",250,2005,8.41,9.06,9.82,13.8,10.8,11.77,17.01
"9017",251,2005,1.42,4.27,1.8,9.3,2.1,12.26,6.54
"9018",252,2005,9.23,18.67,8.55,15.37,21.97,16.82,19.33
"9019",253,2005,7.03,6.57,5.08,3.65,8.82,3.77,6.34
"9020",254,2005,16.14,1.43,22.61,1.53,9.22,1.7,1.87
"9021",255,2005,14.99,5.6,14.86,5.62,4.11,9.02,3.36
"9022",256,2005,7.69,4.35,13.03,4.78,9.22,6.68,3.45
"9023",257,2005,4.91,7.95,6.28,6.84,11.16,6.84,11.73
"9024",258,2005,8.44,8.71,12.04,6.37,9.46,9.77,6.99
"9025",259,2005,5.19,5.18,2.71,3.71,0.7,9.85,1.78
"9026",260,2005,1.38,2.2,0.58,2.11,0.13,5.8,0.75
"9027",261,2005,6.32,4.24,2.17,2.63,0.81,5.58,1.3
"9028",262,2005,1.21,0.79,1.55,2.08,0.07,4.39,0.76
"9029",263,2005,2.07,1.03,2.86,2.46,0.46,4.01,0.91
"9030",264,2005,6.05,4.6,5.75,9.91,4.44,11.83,6.54
"9031",265,2005,6.75,8.57,9.66,11.17,8.88,11.19,11.95
"9032",266,2005,6.95,8.74,8.54,9.59,5.65,13.5,6.97
"9033",267,2005,8.53,4.8,9.18,3.82,8.34,2.74,6.44
"9034",268,2005,0.58,0.28,1.45,0.52,0.83,0.22,2.6
"9035",269,2005,2.11,4.02,2.1,4.78,7.41,3.4,5.89
"9036",270,2005,25.03,15.76,32.11,13.8,22.3,11.13,11.12
"9037",271,2005,3.47,5.26,4.35,9.06,2.32,11.94,6.67
"9038",272,2005,9.1,17.73,6.37,20.93,14.1,24.6,15.71
"9039",273,2005,1.93,4.36,2.23,12.82,3.11,16.17,7.25
"9040",274,2005,3.89,2.69,6.41,7.42,1.66,12.52,2.8
"9041",275,2005,5.64,1.23,6.21,1.97,1.37,2.7,1.24
"9042",276,2005,2.17,0.53,3.05,2.1,0.93,2.06,1.97
"9043",277,2005,12,0.63,17.19,2.11,2.48,1.36,1.61
"9044",278,2005,3.79,1.93,6.22,4.07,1.38,3.77,3.32
"9045",279,2005,2.79,3.67,3.11,4.58,3.77,3.7,6.16
"9046",280,2005,5.49,17.93,4.55,14.01,13.31,19.51,11.58
"9047",281,2005,6.52,7.89,5.44,9.03,9.71,11.47,7.77
"9048",282,2005,9.7,16.25,8.43,11.85,13.68,16.41,10.55
"9049",283,2005,3.32,7.35,3.13,15.34,3.92,13.29,17.44
"9050",284,2005,4.42,7.61,5.27,10.58,8.84,10.86,13.84
"9051",285,2005,5.2,9.86,5.17,17.65,7.78,24.91,12.41
"9052",286,2005,3.2,15.49,1.86,17.12,8.65,16.48,13.96
"9053",287,2005,2.79,7.18,3.5,8.94,5.73,7.4,13.61
"9054",288,2005,10.05,4.97,13.25,5.74,14.91,2.38,15.77
"9055",289,2005,2.97,4.27,2.64,5.71,1.38,5.64,8.02
"9056",290,2005,0.48,1.2,0.78,3.36,0.92,3.52,5.44
"9057",291,2005,1.75,0.48,3.61,1.44,0.88,1.34,1.71
"9058",292,2005,4.6,4.69,6.44,4.21,8.61,5.83,6.27
"9059",293,2005,1.12,1.64,2.05,2.38,1.68,3.71,2.83
"9060",294,2005,2.09,0.64,2.99,1.29,0.57,1.3,0.92
"9061",295,2005,8.08,8.57,5.71,12.34,6.35,22.71,6.91
"9062",296,2005,12.5,7.28,12.27,11.81,9.54,13.07,5.31
"9063",297,2005,14.77,10.91,15.19,12.12,13.49,10.65,13.36
"9064",298,2005,11.39,18.23,11.58,12.63,8.85,16.59,11.63
"9065",299,2005,0.36,0.38,0.45,5.84,0.34,5.09,2.23
"9066",300,2005,2.42,3.14,2.28,6.54,2.36,6.61,2.57
"9067",301,2005,5.18,9.91,6.42,14.53,6.1,14.4,12.56
"9068",302,2005,1.95,2.27,2.47,5.7,2.04,6.51,8.12
"9069",303,2005,3.36,6.5,2.33,4.95,5.1,3.6,5.13
"9070",304,2005,2.01,1.44,3.17,5.86,1.79,7.39,3.18
"9071",305,2005,5.97,9.07,7.82,8.38,13.81,8.16,9.71
"9072",306,2005,5.26,16.33,6.02,15.93,8.38,16.2,12.47
"9073",307,2005,5.35,6.04,7.85,13.6,6.97,17.08,6.96
"9074",308,2005,3.28,6.38,4.79,7.97,8.15,5.94,10.21
"9075",309,2005,2.43,7.5,2.07,4.92,8.5,3.74,6.79
"9076",310,2005,12.57,12.51,17.13,6.9,9.03,4.65,8.45
"9077",311,2005,4.58,5.72,5.57,14.41,8.43,11.55,12.89
"9078",312,2005,7.93,8.83,11.06,11.94,10.53,9.62,10.29
"9079",313,2005,20.79,21.91,22.71,24.84,20.7,22.75,21.99
"9080",314,2005,3.63,7.51,4.67,10.48,5.3,8.01,11.33
"9081",315,2005,5.33,8.23,7.79,13.25,8.32,15.14,12.14
"9082",316,2005,7.36,2.29,11.37,6.57,6.07,4.62,5.89
"9083",317,2005,5.76,21.07,8.24,28.41,15.76,24.23,35.1
"9084",318,2005,6.42,4.5,9.96,8.07,5.23,4.99,11.29
"9085",319,2005,5.87,12.41,8.02,24.34,12.25,27.26,20.51
"9086",320,2005,3.24,3.61,4.15,4.86,1.53,4.91,4.71
"9087",321,2005,0.98,1.03,1.71,4.43,0.46,5.25,4.27
"9088",322,2005,2.34,2.44,3.5,6.51,1.55,6.71,8.65
"9089",323,2005,2.67,1.99,5.01,5.36,1.76,4.39,11.57
"9090",324,2005,1.25,2.05,2.22,2.38,0.53,4.71,3.03
"9091",325,2005,11.2,15.97,13.35,14.51,12.73,11.46,13.03
"9092",326,2005,2.83,6.67,3.22,7.79,3.81,6.61,7.34
"9093",327,2005,3.22,11.59,3.32,14.37,8.2,14.53,18.62
"9094",328,2005,2.8,13.6,2.92,18.9,6.34,22.52,16.41
"9095",329,2005,0.17,1.45,0.32,4.63,0.46,5.21,4.41
"9096",330,2005,0.22,0.93,0.1,0.42,0.53,1.01,0.44
"9097",331,2005,0.01,0.17,0,0.1,0.11,0.53,0.18
"9098",332,2005,0,0.03,0,0.08,0.01,0.2,0.12
"9099",333,2005,0.1,0.36,0.08,1,0.28,1.04,0.73
"9100",334,2005,0.08,1.38,0.04,2.8,0.38,3.15,1.84
"9101",335,2005,0.02,0.5,0.01,3.58,0.05,6.59,1.29
"9102",336,2005,0.02,0.25,0.02,1.84,0.05,2.62,0.72
"9103",337,2005,0.03,0.39,0.05,1.44,0.06,1.63,0.82
"9104",338,2005,0.06,0.11,0.11,0.34,0.04,0.34,0.22
"9105",339,2005,0.56,4.58,0.44,6.09,1.11,9.48,2.21
"9106",340,2005,0.2,2.36,0.06,2.91,0.71,3.8,2.31
"9107",341,2005,0.05,0.86,0.02,1.38,0.13,1.77,1.07
"9108",342,2005,0.04,0.27,0.02,0.68,0.07,0.57,0.56
"9109",343,2005,0.08,0.32,0.03,0.6,0.13,0.53,0.26
"9110",344,2005,0.21,1.45,0.18,6.36,0.34,9.02,2.34
"9111",345,2005,2.24,5.3,2.95,6.11,7.94,8.38,5.8
"9112",346,2005,1.57,2.52,1.48,2.99,3.78,3.18,2.59
"9113",347,2005,0.34,1.01,0.58,1.22,1.85,1.01,2.14
"9114",348,2005,0.03,0.14,0.03,0.06,0.15,0.15,0.39
"9115",349,2005,0.07,0.06,0.13,0.09,0.23,0.05,0.21
"9116",350,2005,0.01,0.4,0,4.33,0.02,4.67,1.35
"9117",351,2005,0,0.13,0,0.25,0,0.48,0.18
"9118",352,2005,0.04,2.79,0,3.31,0.24,4.53,1.14
"9119",353,2005,0,0.13,0,0.6,0.01,0.71,0.45
"9120",354,2005,0,0,0,0.25,0,0.07,0.27
"9121",355,2005,0,0,0,0.25,0,0.16,0.2
"9122",356,2005,0.05,1.43,0,1.91,0.31,3.64,0.86
"9123",357,2005,0,0.03,0,0.85,0.01,0.64,0.54
"9124",358,2005,0,0,0,0.12,0,0.04,0.11
"9125",359,2005,0.02,0.27,0,0.54,0.04,0.42,0.28
"9126",360,2005,0.02,1.11,0,2.28,0.11,2.59,0.95
"9127",361,2005,0,0.13,0,0.02,0.02,0.02,0.04
"9128",362,2005,0,0.01,0,0.04,0,0.67,0.1
"9129",363,2005,0,0,0,0.01,0,0.01,0.02
"9130",364,2005,0,0,0,0.06,0,0.06,0.03
"9131",365,2005,0,0,0,0.02,0,0.01,0.04
"9132",1,2006,0,0,0,0.19,0.01,0.1,0.2
"9133",2,2006,0,0,0,0.07,0,0.02,0.1
"9134",3,2006,0.73,3.57,0.58,2.27,1.2,1.76,1.83
"9135",4,2006,1.82,2.8,1.86,5.78,1.42,5.36,5.03
"9136",5,2006,0.56,7.95,0.5,16.31,1.19,23.31,7
"9137",6,2006,0.24,0.36,0.49,0.28,0.14,0.3,0.25
"9138",7,2006,0.15,0.26,0.19,1.35,0.18,1.02,0.99
"9139",8,2006,0.64,1.62,0.82,2.4,0.39,3.73,1.15
"9140",9,2006,0,0.01,0.01,0.46,0,0.29,0.33
"9141",10,2006,0.03,0.01,0.04,0.24,0.01,0.18,0.14
"9142",11,2006,0.02,0.02,0.01,0.13,0.01,0.08,0.14
"9143",12,2006,0.02,0.05,0,0.63,0.03,0.41,0.47
"9144",13,2006,0.1,0.4,0.02,0.47,0.11,0.31,0.33
"9145",14,2006,0.14,0.37,0.12,0.65,0.16,0.89,0.2
"9146",15,2006,0.12,0.63,0.1,1.23,0.19,1.65,0.99
"9147",16,2006,0.03,0.81,0.07,0.96,0.23,1.59,0.56
"9148",17,2006,0.01,0.36,0.04,1.97,0.12,2.56,0.83
"9149",18,2006,0,0.01,0,0.04,0.01,0.03,0.05
"9150",19,2006,0,0,0,0.01,0,0,0.03
"9151",20,2006,0,0,0,0.13,0,0.12,0.07
"9152",21,2006,0,0,0,0.22,0,0.12,0.14
"9153",22,2006,0.35,0.06,0.25,0.51,0.25,0.54,0.19
"9154",23,2006,1.97,1.52,1.99,5.43,2.81,7.81,2.27
"9155",24,2006,1.82,1.63,1.7,3.53,4.86,4.67,2.17
"9156",25,2006,2.28,2.02,1.81,3.17,3.64,5.76,1.28
"9157",26,2006,6.95,21.23,5.58,9.08,14.31,15.38,11.12
"9158",27,2006,11.05,11.61,13.46,7.49,10.67,15.14,6.29
"9159",28,2006,25.19,25.17,27.73,15.73,18.28,22.77,15.47
"9160",29,2006,6.91,17.51,5.86,13.47,6.67,16.93,12.61
"9161",30,2006,0.73,6.83,0.69,10.88,1.5,12.88,9.35
"9162",31,2006,0.31,1.93,0.35,2.54,0.53,2.47,2.12
"9163",32,2006,0,0.03,0,0.55,0,0.65,0.24
"9164",33,2006,0,0.04,0.01,0.47,0.02,0.53,0.21
"9165",34,2006,0.07,0.43,0.05,1.93,0.05,2.39,0.75
"9166",35,2006,0.06,0.63,0.03,1.28,0.05,1.86,0.61
"9167",36,2006,0,0.02,0,0.1,0,0.14,0.16
"9168",37,2006,0,0.06,0,0.42,0.01,0.83,0.59
"9169",38,2006,0.05,0.25,0.03,0.29,0.16,0.2,0.23
"9170",39,2006,0.01,0.48,0.01,0.79,0.04,0.58,0.42
"9171",40,2006,0,0,0,0.39,0.01,0.24,0.26
"9172",41,2006,0,0.2,0,0.62,0.01,1.16,0.3
"9173",42,2006,0.16,0.26,0.09,0.48,0.29,0.71,0.24
"9174",43,2006,0.12,0.76,0.22,1.6,0.31,2.19,0.94
"9175",44,2006,0,0.01,0,0.32,0,0.21,0.28
"9176",45,2006,0.02,0.02,0.01,0.49,0,0.3,0.35
"9177",46,2006,0.05,0.21,0.07,0.06,0.05,0.04,0.04
"9178",47,2006,0,0,0,0.26,0,0.19,0.11
"9179",48,2006,0.03,0.01,0.01,0.64,0.01,0.48,0.26
"9180",49,2006,0.23,0.97,0.29,1.29,0.27,1.69,0.7
"9181",50,2006,0.03,0.28,0.04,1.83,0,3.01,0.8
"9182",51,2006,0,0.07,0,0.31,0,0.59,0.27
"9183",52,2006,0.27,0.1,0.33,0.04,0.21,0.01,0.2
"9184",53,2006,0.54,0.06,0.85,0.2,0.13,0.12,0.11
"9185",54,2006,1.14,1.25,1.59,2.55,0.67,3.2,1.62
"9186",55,2006,0,0.02,0,0.21,0,0.18,0.13
"9187",56,2006,0,0,0,0.06,0,0.01,0.05
"9188",57,2006,0.12,0.35,0.1,0.23,0.08,0.13,0.13
"9189",58,2006,0.03,0.13,0.04,1.91,0.03,1.97,1.24
"9190",59,2006,0.06,1.21,0.04,3.15,0.23,5.11,1.79
"9191",60,2006,0.01,0.16,0.01,0.99,0.02,1.24,0.55
"9192",61,2006,0.05,0.19,0.14,1.6,0.1,1.52,1.18
"9193",62,2006,0.25,0.32,0.64,1.33,0.33,0.98,1.03
"9194",63,2006,0.25,0.33,0.79,1.4,0.52,0.97,1.21
"9195",64,2006,3.08,2.38,7.03,3.31,3.67,3.92,3.07
"9196",65,2006,6.52,4.59,8.54,7.69,7.29,6.89,6.02
"9197",66,2006,0.9,3.23,1.52,4.1,2.12,3.94,3.9
"9198",67,2006,2.91,5.27,2.51,4.48,4.88,3.63,4.25
"9199",68,2006,4.17,16.82,3.04,18.79,8.43,18.66,14.48
"9200",69,2006,0.16,0.38,0.12,1.36,0.32,0.73,1.38
"9201",70,2006,0,1.71,0,6.95,0.02,9.04,3.51
"9202",71,2006,0,0.39,0,0.71,0.05,0.5,0.81
"9203",72,2006,0,0.04,0,1.55,0,1.27,0.97
"9204",73,2006,0,0,0,0.66,0,0.42,0.37
"9205",74,2006,0.01,2.01,0,2.04,0.07,1.26,1.4
"9206",75,2006,3.61,7.34,3.76,2.84,5.23,3.41,3.75
"9207",76,2006,0.78,1.73,0.4,3.8,0.57,4.4,3.5
"9208",77,2006,0.09,0.33,0.02,1.77,0.05,1.27,2.19
"9209",78,2006,0.08,0.21,0.06,1.17,0.15,0.71,1.11
"9210",79,2006,3.03,3.63,5.75,1.24,3.13,1.3,1.25
"9211",80,2006,8.73,6.67,10.87,6.92,7.08,9.07,6.27
"9212",81,2006,1.05,3.92,1.49,6.97,2.31,9.02,4.82
"9213",82,2006,6.07,5.54,10.17,6.8,4.86,10.8,4.14
"9214",83,2006,5.43,10.89,6.21,14.72,6.66,20.56,9.73
"9215",84,2006,5.52,6.34,4.87,6.73,4.53,6.34,10.28
"9216",85,2006,1.37,6.67,1.8,12.32,1.09,16.18,3.9
"9217",86,2006,10.01,9.08,9.54,6.11,13.35,4.65,6.21
"9218",87,2006,2.85,6.16,5.78,16.67,6.99,12.83,18.72
"9219",88,2006,0.22,0.31,0.36,2.11,0.27,1.63,1.14
"9220",89,2006,0,0,0,0.49,0,0.22,0.52
"9221",90,2006,0.08,0,0.16,1.13,0.05,0.56,1.18
"9222",91,2006,0.04,0.08,0.05,1.15,0.02,0.58,1
"9223",92,2006,0.49,0.35,1.62,3.53,0.17,2.25,3.26
"9224",93,2006,0.35,1.2,0.68,5.33,0.19,4.68,2.96
"9225",94,2006,0.34,1.26,0.45,5.69,0.16,6.98,2.13
"9226",95,2006,0.44,1.36,0.58,10.16,0.09,12.41,3.45
"9227",96,2006,1.55,2.24,1.31,2.39,2.14,2.37,2.91
"9228",97,2006,3.12,9.06,3.19,10.03,7.58,10.2,11.03
"9229",98,2006,1.48,3.12,2.08,2.9,1.94,3.01,3.12
"9230",99,2006,0.02,0.1,0.1,0.94,0.01,0.45,1.54
"9231",100,2006,0,0.1,0.01,1.82,0.03,0.74,2.43
"9232",101,2006,0,0.01,0,1.74,0.01,0.89,2.13
"9233",102,2006,0.03,0.09,0.09,3.35,0.01,2.15,2.25
"9234",103,2006,0.08,0.2,0.27,3.48,0.11,3.15,1.73
"9235",104,2006,6.99,4.97,8.79,7.49,4.49,7.56,7.49
"9236",105,2006,10.84,14.19,8.16,14,12.15,16.27,13.12
"9237",106,2006,5.72,4.52,4.74,4.69,4.63,3.85,5.66
"9238",107,2006,13.04,8.22,14.16,6.34,10.07,6.21,7.96
"9239",108,2006,9.7,5.68,9.19,8.18,7.31,12.56,4.53
"9240",109,2006,7.01,5.96,5.69,5.33,8.07,4.62,7.74
"9241",110,2006,2.28,2.61,3.17,4.41,4.22,3.57,6.42
"9242",111,2006,1.75,2.15,2.37,4.09,3.92,6.79,5.5
"9243",112,2006,2.25,1.29,4.01,0.99,6.75,0.6,4.05
"9244",113,2006,0.81,2.56,0.99,8.05,4.87,11.47,5.78
"9245",114,2006,2.6,1.43,2.15,2.24,1.65,2.25,3.05
"9246",115,2006,0.27,0.25,1.08,2.15,2.43,1.48,3.53
"9247",116,2006,17.91,7.75,19.94,9.32,23.28,8.5,9.02
"9248",117,2006,5.93,14.2,7,20.23,13.35,18.58,20.91
"9249",118,2006,12.38,11.13,11.05,15.54,14.72,14.46,14.07
"9250",119,2006,14.81,6.48,13.97,5.06,16.13,3.05,11.15
"9251",120,2006,6.46,10.96,5.63,13.25,11.15,9.27,20.88
"9252",121,2006,17.96,13.19,21.7,19.43,16.47,13.69,14.54
"9253",122,2006,24.18,29.7,23.9,33.96,34.68,37,25.63
"9254",123,2006,19.05,27.52,16.66,20.07,11.51,14.98,19.41
"9255",124,2006,30.89,21.46,41.27,19.61,33.26,17.66,20.17
"9256",125,2006,4.65,17.3,4.45,30.57,3.5,33.78,12.84
"9257",126,2006,7.67,9.34,8.23,17.23,7.58,19.13,10.04
"9258",127,2006,16.84,9.45,16.63,14.79,14.14,16.02,14.16
"9259",128,2006,15.23,17.99,14.12,22.04,27.11,21.01,24.45
"9260",129,2006,17.62,19.42,18.24,21.69,22.21,17.57,24.35
"9261",130,2006,2.52,3,3.31,7.97,1.58,8.89,4.59
"9262",131,2006,3.68,3.17,4.74,12.44,0.94,19.53,7.86
"9263",132,2006,1.51,2.96,2.01,23.29,0.08,34.31,8.68
"9264",133,2006,2.54,2.1,2.04,13.07,0.03,19.02,5.34
"9265",134,2006,5.49,6.29,6.02,18.38,0.96,28.16,7.67
"9266",135,2006,10.93,6.07,11.15,16.41,0.62,21.62,9.65
"9267",136,2006,4.17,12.34,4.62,17.29,5.77,20.03,14.53
"9268",137,2006,3.98,6.77,5.51,15.67,5.4,16.74,11.9
"9269",138,2006,5.58,6.3,5.99,7.72,3.85,6.69,10.12
"9270",139,2006,13.33,7.04,15.71,4.23,11.56,3.78,13.25
"9271",140,2006,1.31,0.76,1.6,2.12,1.97,0.85,3.92
"9272",141,2006,0.05,0.06,0.07,0.14,0.04,0.07,0.73
"9273",142,2006,0.03,0.01,0.08,0.21,0.01,0.19,0.29
"9274",143,2006,1.29,0.85,3.21,2.43,0.98,2.64,1.42
"9275",144,2006,2.17,2.85,4.07,4.76,4.38,5.38,4.89
"9276",145,2006,2.39,6.48,3.6,11.03,8.9,11.59,13.26
"9277",146,2006,14.01,18.36,13.57,18.6,13.55,22.02,10.71
"9278",147,2006,9.68,10.94,12.83,12.77,10.59,11.88,11.48
"9279",148,2006,15.5,12.94,16.53,12.48,15.77,10.22,14.68
"9280",149,2006,17.18,16.8,22.39,17.26,21.57,16.32,21.01
"9281",150,2006,3.67,3.13,4.18,6.14,5.49,3.38,7.97
"9282",151,2006,9.88,16.71,11.88,16.04,13.3,17.83,16.32
"9283",152,2006,16.43,8.01,24.36,12.04,15.06,13.11,11.53
"9284",153,2006,2.35,6.75,2.32,14.72,4.2,14.04,9.98
"9285",154,2006,10.09,8.41,11.68,7.26,11.45,6.54,15.74
"9286",155,2006,3.13,2.1,4.72,7.48,4.18,6.21,9.4
"9287",156,2006,7.62,8.36,9.75,8.5,11.35,8.58,10
"9288",157,2006,13.4,16.22,12.71,20.82,16.02,22.09,21.19
"9289",158,2006,4.18,9.9,5.01,29.04,2.77,39.06,11.17
"9290",159,2006,11.39,22.32,17.25,16.13,14.63,17.04,14.89
"9291",160,2006,10,7.63,13.37,12.59,12.21,9.62,13.57
"9292",161,2006,15.48,17,18.29,22.64,15.05,25.07,17.34
"9293",162,2006,9.36,7.37,14.94,10.76,8.49,15.44,9.48
"9294",163,2006,6.11,3.41,11,4.06,7.34,3.88,4.83
"9295",164,2006,9.71,6.88,13.81,8.45,17.69,7.69,11.58
"9296",165,2006,12,21.41,14.27,23.75,18.81,29.77,22.21
"9297",166,2006,4.8,9.11,6.03,14.68,7.17,23.17,14.21
"9298",167,2006,1.47,0.5,2.74,1.41,1.38,0.84,3.22
"9299",168,2006,15.83,15.46,21.86,16.71,17.31,13.35,13.43
"9300",169,2006,5.8,6.76,11.95,17.09,2.63,23.29,6.86
"9301",170,2006,8.2,10.4,11.19,12.93,10.23,10.81,19.89
"9302",171,2006,10.58,12.41,17.41,9.06,13.11,7.9,10.54
"9303",172,2006,31.24,48.07,29.27,50.54,29.37,61.69,27.57
"9304",173,2006,4.59,11.84,3.46,22.59,5.91,18.95,14.7
"9305",174,2006,7.25,8.86,10.58,11.34,7.52,12.12,11.74
"9306",175,2006,9.01,16.54,10.99,17.75,8.08,19.89,11.41
"9307",176,2006,15.93,16.97,13.95,17.75,13.65,17.38,18.63
"9308",177,2006,5.88,3.25,5.58,10.18,3.06,9.62,9.33
"9309",178,2006,12.68,22.74,8.55,21.99,15.17,24.96,18.21
"9310",179,2006,15.01,21.43,14.95,24.32,17.15,30.28,21.66
"9311",180,2006,6.78,7.72,6.99,19.27,6.96,29.12,6.34
"9312",181,2006,1.43,4.21,1.1,11.77,0.91,20.37,2.94
"9313",182,2006,12.21,15.03,15.83,13.22,18.02,15.14,13.17
"9314",183,2006,15.3,11.81,21.23,8.58,18.49,9.98,10.62
"9315",184,2006,13.14,10.3,15.93,10.58,15.44,14.23,10.36
"9316",185,2006,5.22,5.43,8.36,17.42,5.12,22.75,12.66
"9317",186,2006,5.09,10.06,6.38,20.77,6.82,29.31,8.99
"9318",187,2006,10.62,17.15,12.89,20.41,10.05,27.91,14.57
"9319",188,2006,18.05,26.8,20.1,21.39,8.97,33,12.31
"9320",189,2006,2.62,10.78,3.48,19.04,3.89,27,11.09
"9321",190,2006,4.32,3.63,5.31,3.89,3.29,4.91,2.49
"9322",191,2006,16.01,23.89,20.93,6.42,7.98,12.96,4.32
"9323",192,2006,21.51,29.35,19.63,29.53,24.36,34.98,27.56
"9324",193,2006,4.36,5.6,5.28,12.85,3.41,17.34,7.72
"9325",194,2006,9.06,9.88,8.39,13.64,10.16,15.97,9.91
"9326",195,2006,12,5.79,15.05,8.72,9.6,7.63,12.32
"9327",196,2006,5.87,2.24,9.22,8.73,3.37,9.83,8.72
"9328",197,2006,6.18,12.01,6.47,24.97,15.22,30.64,13
"9329",198,2006,3.37,6.66,2.55,19.35,4.54,28.38,6.1
"9330",199,2006,0.86,4.38,1.93,18.31,1.82,22.65,6.14
"9331",200,2006,1.21,2.81,3.68,11.66,5.61,12.62,8.19
"9332",201,2006,0.34,4.49,0.31,7.9,1.6,6,5.53
"9333",202,2006,3.17,1.44,4.41,3.38,3.65,2.75,3.48
"9334",203,2006,6.64,3.69,9.17,5.52,8.86,5.22,4.89
"9335",204,2006,14.99,9.69,15.95,8.47,16.46,9.26,8.07
"9336",205,2006,7.81,0.28,13.8,1.89,4.01,1.31,1.63
"9337",206,2006,16.01,2.62,23.56,2.08,9.29,1.16,4.63
"9338",207,2006,4.39,2.05,6.74,5.16,5.34,5.03,3.85
"9339",208,2006,16.87,9.76,19.32,9.12,14.63,5.68,10.67
"9340",209,2006,23.03,25.01,24.79,15.22,25.17,18.63,20.75
"9341",210,2006,9.04,11.6,6.13,13.64,6.4,13.18,13.68
"9342",211,2006,1.69,4.63,1.11,13.6,1.86,20.48,4.67
"9343",212,2006,6.13,14.4,6.68,12.72,9.93,16.41,9.29
"9344",213,2006,6.05,4.9,6.55,11.42,2.82,13.96,4.72
"9345",214,2006,1.51,3.16,1.34,6.21,0.65,9.9,1.62
"9346",215,2006,2.2,3.4,1.5,5.06,1.52,6.39,2.22
"9347",216,2006,5.73,7.51,3.93,10,4.69,14.3,6
"9348",217,2006,2.67,3.12,3.31,3.32,1.7,4.21,1.81
"9349",218,2006,4.83,3.71,5.08,5.37,5.66,7.67,6.3
"9350",219,2006,14.48,4.93,19.13,6.74,11.52,7.46,6.71
"9351",220,2006,6.21,3.48,8.52,5.62,13.24,6.03,6.85
"9352",221,2006,20.56,8.97,27.58,4.43,18.78,5.18,4.83
"9353",222,2006,6.52,4.66,4.32,6.17,3.56,7.03,3.67
"9354",223,2006,12.47,6.6,10.98,5.34,4.26,5.71,5.84
"9355",224,2006,2.04,3.37,3.18,5.92,2.63,6.82,6.64
"9356",225,2006,1.08,0.71,1.18,3.7,0.74,2.18,5.89
"9357",226,2006,2.69,0.86,4.18,1.05,0.92,0.96,1.75
"9358",227,2006,9.2,5.39,11.44,3.94,8.37,3.87,8.74
"9359",228,2006,13.21,9.17,13.39,10.69,10.78,10.93,9.2
"9360",229,2006,3.62,4.33,3.28,11.54,6.72,14.1,9.3
"9361",230,2006,14.79,5.69,14.36,9.59,10.34,12.6,7.22
"9362",231,2006,18.64,9.25,16.29,17.24,15.59,20.52,13.22
"9363",232,2006,7.31,5.7,6.92,10.07,8.07,9.64,10.48
"9364",233,2006,28.95,21.2,21.02,7.19,21.65,7.76,8.98
"9365",234,2006,1.38,0.77,1.08,1.5,0.76,1.14,3.14
"9366",235,2006,14.87,6.7,14.17,3.69,10.58,3.67,4.74
"9367",236,2006,29.11,9.62,26.81,8.03,17.5,8.39,7.29
"9368",237,2006,14.95,13.35,12.95,17.04,13.52,22.01,12.86
"9369",238,2006,6.64,7.19,8.18,13.97,5.87,20.41,8.03
"9370",239,2006,3.47,4.32,4.59,4.09,2.79,6.05,4.65
"9371",240,2006,7.6,4.3,12.59,1.9,5.64,1.76,3.7
"9372",241,2006,5.99,6.09,8.56,7.54,4.67,10.67,9.17
"9373",242,2006,6.83,3.06,8.12,4.99,3.73,7.13,3.21
"9374",243,2006,0.87,1.15,1.32,3.61,0.69,3.22,3.63
"9375",244,2006,8.86,11.48,7.92,14.68,12.38,19,8.9
"9376",245,2006,1.36,0.9,1.57,3.06,1.18,2.18,2.28
"9377",246,2006,1.49,2.26,1.68,3.07,1.6,2.25,4.41
"9378",247,2006,6.04,2.74,8.29,3.28,4.77,2.44,6.59
"9379",248,2006,9.23,9.88,7.85,15.81,13.53,14.24,13.43
"9380",249,2006,9.95,3.6,10.54,8.09,5.21,11.06,3.5
"9381",250,2006,3.35,3.2,4.43,6.99,1.71,7.6,3.86
"9382",251,2006,4.91,2.95,4.75,4.62,3.8,4.66,5.19
"9383",252,2006,1.55,1.89,1.8,2.66,1.89,2.3,3.84
"9384",253,2006,1.39,0.4,2.66,1.27,1.75,1.15,1.57
"9385",254,2006,10.08,10.22,13.28,10.46,10.17,12.33,9.95
"9386",255,2006,13.51,5.13,16.24,4.89,7.22,4.33,7.58
"9387",256,2006,10.11,15.53,11.38,21.6,17.15,21.89,19.2
"9388",257,2006,1.32,1.89,1.49,8.57,1.07,8.61,6.05
"9389",258,2006,1.75,2.45,2.16,9.2,3.51,8.85,7.72
"9390",259,2006,15.59,15.75,15.71,8.91,15.63,6.89,10.11
"9391",260,2006,16.79,9.43,16.26,12.12,11.64,12.49,7.42
"9392",261,2006,4.29,6.51,4.9,12.09,3.66,13.48,7.49
"9393",262,2006,11.11,19.2,12.74,23,14.68,24.14,20.96
"9394",263,2006,2.08,7.22,2.27,5.15,5.11,4.65,4.62
"9395",264,2006,0.79,1.22,1.32,3.16,1.37,2.6,2.8
"9396",265,2006,2.05,6.74,2.86,8.33,4.22,6.02,11.68
"9397",266,2006,3.1,7.83,5.41,5.38,4.44,7.03,6.12
"9398",267,2006,8.7,30.06,7.45,26.72,27.38,25.77,27.97
"9399",268,2006,6.21,10.25,8.73,23.85,8.27,28,17.22
"9400",269,2006,3.39,9.69,3.14,9.23,5.59,8.1,12.13
"9401",270,2006,2.68,1,3.2,1.63,1.71,1.62,2.17
"9402",271,2006,3.73,1.76,3.31,3.63,1.41,2.43,4.41
"9403",272,2006,10.88,5.1,13.36,5.25,9.91,4.83,8.1
"9404",273,2006,4.43,3.61,5.1,6.82,3.39,6.17,10.09
"9405",274,2006,7.04,18.04,7.2,15.74,13.32,20.1,20.3
"9406",275,2006,7.14,10.52,11.66,7.66,8.61,9.65,15.07
"9407",276,2006,7.12,12.57,10.38,19.89,7.87,38.26,17.26
"9408",277,2006,2.4,4.34,3.85,9.58,3.27,16.82,6.95
"9409",278,2006,0.29,1.97,0.54,4.88,1.38,8.68,6.54
"9410",279,2006,5.11,3.1,9.8,7.3,4.07,12.24,2.5
"9411",280,2006,5.86,11.7,8.35,16.68,5.92,25.69,7.46
"9412",281,2006,10.92,6.97,12.12,11.61,10.9,15.03,8.82
"9413",282,2006,27.3,20.29,31.64,14.02,25.27,21.89,9.07
"9414",283,2006,4.1,9.07,5.71,15.87,7.07,20.86,12.79
"9415",284,2006,5.15,3.94,5.15,13.14,2.22,20.13,5.16
"9416",285,2006,1.39,1.41,1.89,8.56,1.09,6.68,4.64
"9417",286,2006,3.11,9.54,1.87,12.6,2.75,16.31,9.12
"9418",287,2006,3.32,11.25,3.07,8.44,3.88,7.84,7.68
"9419",288,2006,1.89,10.28,1.62,16,2.97,16.1,14.03
"9420",289,2006,3.29,1.19,6.87,3.48,3.98,1.86,6.79
"9421",290,2006,7.76,15.9,10.56,27.47,13.19,32.1,27.73
"9422",291,2006,1.35,1.31,2.01,9.42,1.05,6.39,11.89
"9423",292,2006,3.69,18.47,3.28,21.09,6.56,15.35,15.01
"9424",293,2006,15.09,21.37,19.01,28.01,16.21,34.44,26.55
"9425",294,2006,0.09,2.4,0.51,14.48,0.15,11.46,8.46
"9426",295,2006,0.44,10.38,0.81,15.53,1.88,17.98,11.86
"9427",296,2006,1.94,12.43,4.81,19.61,7.14,23.25,14.58
"9428",297,2006,0.31,3.43,0.81,6.65,1.27,6.14,4.35
"9429",298,2006,0.09,0.56,0.32,2.38,0.41,1.64,1.88
"9430",299,2006,3.2,5.06,4.32,5.2,3.69,8.53,2.95
"9431",300,2006,1.29,2.49,1.95,1.95,1.48,4.4,2.55
"9432",301,2006,0.79,1.2,1.91,3.59,1.23,5.11,1.48
"9433",302,2006,1.65,4.14,2.69,5.38,1.98,8.75,2.89
"9434",303,2006,0.67,2.34,0.43,2.45,0.61,3.36,2.04
"9435",304,2006,1.83,6.69,1.72,3.58,2.49,8.68,2.82
"9436",305,2006,0,0.1,0,0.31,0,1.08,0.35
"9437",306,2006,0,0.01,0,0.01,0,0.01,0.08
"9438",307,2006,0.02,0.31,0,0.7,0,1.57,0.31
"9439",308,2006,0.01,0.05,0,0.23,0,0.18,0.32
"9440",309,2006,0,0.02,0,0.89,0,1,0.43
"9441",310,2006,0.25,1.05,0.26,2.89,0.27,2.21,2.28
"9442",311,2006,0.29,1.27,0.53,2.69,0.43,2.56,1.66
"9443",312,2006,0.3,1.67,1.05,5.16,0.47,7.61,4.13
"9444",313,2006,2.01,2.77,3.17,2.75,2.56,3.93,2.42
"9445",314,2006,3.21,5.74,3.79,3.27,2.73,6.44,2.63
"9446",315,2006,2.28,1.28,2.7,4.69,2.32,2.43,4.88
"9447",316,2006,13.71,17.51,15.29,11.75,26.26,8.09,19.81
"9448",317,2006,16.01,13.94,17.09,6.97,19.51,6.84,13.24
"9449",318,2006,6.13,10.44,7.45,14.26,8.38,12.4,19.67
"9450",319,2006,18.25,25.84,16.76,36.5,18.3,37.23,44.15
"9451",320,2006,3.14,6.16,4.38,13.07,4.23,10.16,16.2
"9452",321,2006,6.28,14.69,5.96,11.29,9.2,12.74,12.72
"9453",322,2006,2.74,3.11,3.4,5.36,3.13,4.97,5.22
"9454",323,2006,4.76,4.97,6.28,9.92,5.98,12.96,7.64
"9455",324,2006,9.42,8.22,10.53,15.93,10.89,18.76,13.34
"9456",325,2006,0.78,1.08,0.81,4.24,1.49,4.33,3.38
"9457",326,2006,2.73,0.71,2.65,1.59,1.79,1.1,1.91
"9458",327,2006,1.25,0.25,1.24,1.24,2.09,0.41,1.39
"9459",328,2006,0.49,0.4,0.45,2.35,1.13,0.87,3.58
"9460",329,2006,1.45,0.34,1.2,1.2,1.58,0.63,1.07
"9461",330,2006,6.89,14.31,5.91,8.45,9.34,10.48,4.7
"9462",331,2006,5.04,20.89,4.52,7.32,13.82,13.35,8.18
"9463",332,2006,3.82,8.05,2.54,2.4,13.47,4.31,5.21
"9464",333,2006,10.1,31.82,10.36,14.05,25.11,26.25,11.84
"9465",334,2006,1.03,8.16,0.86,8.92,2.51,13.43,4.59
"9466",335,2006,0.1,0.13,0.14,0.54,0.16,0.3,0.74
"9467",336,2006,0.2,1.42,0.14,1.79,0.51,1.68,2.29
"9468",337,2006,0.21,0.36,0.17,0.43,0.39,0.29,0.63
"9469",338,2006,0.22,1.62,0.14,2.67,0.46,3.64,2.19
"9470",339,2006,0.24,1.59,0.23,6.71,0.3,8.81,4.29
"9471",340,2006,0.08,0.86,0.01,3.15,0.15,6.26,1.56
"9472",341,2006,0.27,3.35,0.04,5.22,0.65,9.04,3.3
"9473",342,2006,0.01,0.09,0,0.1,0.02,0.06,0.36
"9474",343,2006,0.29,1.74,0.03,1.51,0.65,1.99,1.11
"9475",344,2006,0.13,0.51,0.02,0.57,0.48,0.58,0.9
"9476",345,2006,0.81,9.17,0.02,9.17,0.41,19.71,3.17
"9477",346,2006,0.41,2.92,0.01,5.15,0.13,10.06,1.94
"9478",347,2006,0.01,0.11,0,1.27,0,1.39,0.7
"9479",348,2006,0.01,0.42,0,1.99,0.01,3.16,0.99
"9480",349,2006,0.01,0.36,0,1.46,0.01,3.38,0.72
"9481",350,2006,0.03,0.49,0.01,0.45,0.05,0.6,0.4
"9482",351,2006,0.06,0.26,0.02,0.4,0.08,0.54,0.23
"9483",352,2006,0.03,0.24,0.01,0.38,0.04,0.4,0.26
"9484",353,2006,0.01,0.6,0,2.19,0.02,4.43,0.93
"9485",354,2006,0.01,0.25,0.01,1.28,0.03,1.97,0.64
"9486",355,2006,0.01,0.17,0.03,0.61,0.02,0.64,0.53
"9487",356,2006,0.42,5.14,0.75,6.24,2.05,11.57,4.04
"9488",357,2006,0.2,1.87,0.45,4.61,0.52,8.89,2.06
"9489",358,2006,0.02,0.26,0.03,2.16,0.12,1.87,1.57
"9490",359,2006,0.01,0.06,0.03,0.73,0.04,0.79,0.44
"9491",360,2006,0.01,0.01,0,0.36,0,0.21,0.26
"9492",361,2006,0.07,0.21,0,0.6,0.02,0.63,0.38
"9493",362,2006,0.13,0.79,0,1.16,0.06,2.07,0.53
"9494",363,2006,0.23,0.4,0,0.7,0.03,1.23,0.31
"9495",364,2006,0.01,0.12,0,0.25,0.02,0.39,0.11
"9496",365,2006,0.12,0.07,0,0.27,0,0.24,0.17
"9497",1,2007,0,0.41,0,2.29,0.01,4.49,0.82
"9498",2,2007,0.01,0.3,0,0.45,0.05,0.39,0.26
"9499",3,2007,0.01,0.79,0,1.05,0.07,1.7,0.56
"9500",4,2007,0,0.06,0,0.57,0.01,0.62,0.3
"9501",5,2007,0,0.04,0,0.5,0,0.47,0.43
"9502",6,2007,0,0,0,0.26,0,0.13,0.17
"9503",7,2007,0.01,0.14,0,0.37,0.01,0.2,0.14
"9504",8,2007,0,0.01,0,0.39,0,0.26,0.1
"9505",9,2007,0,0.18,0.02,1.3,0.01,1.99,0.51
"9506",10,2007,0.05,1.17,0.02,2.99,0.19,3.83,1.21
"9507",11,2007,0.12,0.72,0.08,1.52,0.23,2.4,0.73
"9508",12,2007,0.15,1.76,0.06,2.55,0.37,3.92,1.34
"9509",13,2007,0.04,0.33,0.01,1.24,0.1,1.65,0.46
"9510",14,2007,0.01,0.19,0,0.94,0.02,1.19,0.46
"9511",15,2007,0.02,0.39,0.01,2.04,0.04,2.92,0.77
"9512",16,2007,0.03,0.42,0.04,2.4,0.01,3.49,0.87
"9513",17,2007,0.02,0.32,0.01,1.87,0.01,2.65,0.74
"9514",18,2007,0.02,0.63,0.02,0.75,0.04,1.19,0.49
"9515",19,2007,0.03,0.72,0.01,1.56,0.07,2.29,0.83
"9516",20,2007,0.02,0.34,0.02,0.63,0.04,1.31,0.26
"9517",21,2007,0.01,0.67,0.02,3.06,0.04,5.49,0.82
"9518",22,2007,0.16,0.65,0.14,1.33,0.18,1.2,1.01
"9519",23,2007,0.03,0.28,0.02,0.67,0.12,0.79,0.56
"9520",24,2007,0,0,0,0.07,0,0.05,0.07
"9521",25,2007,0,0,0,0.51,0,0.27,0.37
"9522",26,2007,0,0.02,0,0.66,0,0.55,0.39
"9523",27,2007,0,0.1,0,1.14,0,1.2,0.57
"9524",28,2007,0.01,0.54,0,0.79,0.05,1.63,0.43
"9525",29,2007,0,0.3,0,0.7,0.03,0.96,0.21
"9526",30,2007,0.02,0.19,0,0.42,0.02,0.51,0.14
"9527",31,2007,0,0.01,0,0.19,0,0.16,0.1
"9528",32,2007,0,0.05,0,0.07,0.01,0.03,0.07
"9529",33,2007,0,0.05,0,0.02,0.01,0.02,0.05
"9530",34,2007,0,0.05,0,0,0.01,0.01,0.04
"9531",35,2007,0,0.38,0,1.53,0.02,2.69,0.43
"9532",36,2007,0,0.05,0,0.57,0.01,0.27,0.41
"9533",37,2007,0.01,0.16,0.01,0.19,0.04,0.49,0.06
"9534",38,2007,0.01,0.16,0.01,0.55,0.04,0.72,0.18
"9535",39,2007,0.01,0.16,0.01,0.28,0.04,0.53,0.11
"9536",40,2007,0.01,0.16,0.01,1.04,0.04,1.05,0.33
"9537",41,2007,0.01,0.16,0.01,0.9,0.04,0.9,0.87
"9538",42,2007,0.05,0.01,0.08,0.17,0.11,0.09,0.12
"9539",43,2007,0.05,0.01,0.08,0.45,0.11,0.31,0.2
"9540",44,2007,0.05,0.07,0.08,0.68,0.11,1.1,0.57
"9541",45,2007,0.05,0.01,0.08,0.15,0.11,0.1,0.22
"9542",46,2007,0.1,0.91,0.08,1.72,0.18,2.59,0.72
"9543",47,2007,0.02,0,0.06,0,0.08,0,0.06
"9544",48,2007,0.02,1.63,0.06,2.31,0.13,3.99,0.74
"9545",49,2007,0.19,0.65,0.18,0.91,0.85,0.84,0.42
"9546",50,2007,0.02,0,0.06,0.59,0.08,1.94,0.52
"9547",51,2007,0.06,0,0.09,0.01,0.08,0,0.09
"9548",52,2007,0.32,2.51,0.02,1.55,0.23,1.65,0.51
"9549",53,2007,0,0,0,0.01,0,0,0.09
"9550",54,2007,0,0,0,0.01,0,0.01,0.02
"9551",55,2007,0.01,0,0.01,0.18,0.01,0.1,0.15
"9552",56,2007,10.2,21.37,7.32,15.43,8.09,30.92,7.77
"9553",57,2007,3.01,4.41,2.61,5.21,4.18,8.79,4.81
"9554",58,2007,0,0.29,0,0.75,0.01,0.87,0.22
"9555",59,2007,0,0.23,0,0.2,0.01,0.06,0.07
"9556",60,2007,0,0,0,0.05,0,0.03,0.03
"9557",61,2007,0,0,0,0.04,0,0.02,0.01
"9558",62,2007,0.08,1.41,0.11,0.39,0.19,1.45,0.18
"9559",63,2007,0,0.68,0.01,3.2,0.05,6.38,1.45
"9560",64,2007,0,0.02,0,2.02,0,2.58,0.63
"9561",65,2007,0.19,0.04,0.17,0.44,0.15,0.24,0.32
"9562",66,2007,0.05,0.11,0.37,1.78,0.06,2.01,0.81
"9563",67,2007,0.05,0.01,0.33,0.55,0.19,0.35,0.54
"9564",68,2007,1.29,0.5,1.87,1.84,0.65,1.69,1.4
"9565",69,2007,0.08,0.93,0.18,2.69,0.52,3.18,1.71
"9566",70,2007,0,0.02,0,0.27,0,0.24,0.08
"9567",71,2007,0,0,0,0.04,0,0.02,0.02
"9568",72,2007,0,0,0,0.12,0,0.06,0.05
"9569",73,2007,0.08,0.31,0,0.47,0.08,0.34,0.23
"9570",74,2007,0.01,0.7,0,1.56,0.14,2.64,0.79
"9571",75,2007,0,0.05,0,0.35,0,0.31,0.34
"9572",76,2007,2.46,1.25,1.6,0.38,2.47,0.26,0.42
"9573",77,2007,0,0.05,0,0.76,0,0.58,0.58
"9574",78,2007,0.73,0.14,0.83,0.55,0.78,0.41,0.44
"9575",79,2007,0.42,0.63,0.35,0.91,0.62,1.8,0.57
"9576",80,2007,0.19,0.05,0.14,0.66,0.09,0.32,0.89
"9577",81,2007,0,0.02,0.01,1.37,0,0.91,1.15
"9578",82,2007,0.04,0.21,0.03,2.06,0.1,1.92,2.49
"9579",83,2007,0.11,0.36,0.18,3.08,0.04,3.93,1.33
"9580",84,2007,12.76,19.11,10.45,21.63,6.84,29.49,12.79
"9581",85,2007,12.52,10.74,8.11,21.79,7.36,38.41,8.89
"9582",86,2007,12.34,12.88,14.48,21.72,12.63,40.98,9.47
"9583",87,2007,4.28,6.93,4.72,10.88,4.56,10.59,7.04
"9584",88,2007,30.35,33.32,27.68,18.68,26.62,23.81,14.42
"9585",89,2007,5.47,6.36,2.96,4.69,3.74,4.15,6
"9586",90,2007,21.06,42.88,12.88,20.65,16.55,26.34,16.36
"9587",91,2007,13.56,7.9,16.73,4.67,14.18,4.98,4.49
"9588",92,2007,20.53,31.57,20.61,17.27,27.77,18.77,17.27
"9589",93,2007,9.18,8.34,10.82,11.52,8.59,9.45,11.43
"9590",94,2007,2.99,3.06,4.46,6.42,2.62,4.54,6.12
"9591",95,2007,7.69,8.9,7.82,8.69,8.44,7.14,6.93
"9592",96,2007,10.83,19.48,9.23,24.91,13.1,28.04,18.54
"9593",97,2007,6.65,14.72,3.37,26.41,8.46,31.98,21.86
"9594",98,2007,1.52,6.39,1.12,11.32,4.33,13.13,6.53
"9595",99,2007,4.06,2.94,4.65,2.42,8.57,2.21,3.97
"9596",100,2007,0.44,0.15,0.48,0.91,0.5,0.42,1.51
"9597",101,2007,0,0.03,0,0.52,0,0.56,0.36
"9598",102,2007,0.03,0.88,0.02,1.3,0.08,3.19,0.65
"9599",103,2007,0.14,1.24,0.06,1.01,0.73,1.71,0.62
"9600",104,2007,2.76,12.1,1.13,7.25,9.36,12.32,8.06
"9601",105,2007,0.3,8.65,0.09,5.01,1.24,9.61,2.98
"9602",106,2007,2.62,1.89,4.2,3.56,2.61,3.04,2.33
"9603",107,2007,4.68,2.75,3.52,4.46,4.14,3.58,3.22
"9604",108,2007,13.99,6.49,14.67,7.67,13.77,8.82,4.92
"9605",109,2007,18.13,8.61,15,6.95,8.11,6.7,7.52
"9606",110,2007,7.02,3.11,6.83,6.08,4,5.72,3.79
"9607",111,2007,0.51,3.35,0.32,8.68,1.45,6.37,6.59
"9608",112,2007,6.02,12.62,3.61,10.28,19.06,7.88,14.23
"9609",113,2007,4.41,6.98,2.4,3.89,6.06,2.59,5.28
"9610",114,2007,15.97,14.17,9.77,4.96,19.79,6.23,3.42
"9611",115,2007,2.52,1.52,2.93,2.61,4.87,1.88,4.23
"9612",116,2007,5.16,3.7,4.08,4.61,8,7.12,4.06
"9613",117,2007,0.54,0.1,0.63,0.64,0.4,0.41,0.97
"9614",118,2007,0.82,1.19,1.92,0.94,3.55,0.93,2.19
"9615",119,2007,2.41,1.75,2.45,1.99,8.99,1.67,4.76
"9616",120,2007,13.41,9.09,8.38,4.83,17.22,5.65,6.96
"9617",121,2007,4.05,6.5,3.6,10.35,3.33,15.65,6.87
"9618",122,2007,5.9,2.08,6.67,4.81,2.48,5.69,3.49
"9619",123,2007,7.61,13.82,6.56,11.56,6.69,17.57,9.86
"9620",124,2007,8.29,10.78,7.29,6.11,6.52,8.51,4.49
"9621",125,2007,4.82,2.76,5.67,6.25,3.27,4.41,4.53
"9622",126,2007,7.34,4.97,5.64,6.07,6.93,4.38,7.8
"9623",127,2007,4.66,3.88,4.37,7.66,4.05,6.71,6.36
"9624",128,2007,28.83,32.05,30.96,33.53,26.36,42.73,20.96
"9625",129,2007,17.83,20.22,13.13,25.22,19.27,28.12,20.61
"9626",130,2007,15.23,20.31,14.93,23.13,17.42,30.46,16.51
"9627",131,2007,9.8,7.27,9.56,10.79,7.67,10.55,9.44
"9628",132,2007,0.95,1.58,1.72,7.61,0.24,8.57,2.57
"9629",133,2007,7.86,6.97,10.53,11.08,5.75,11,9.08
"9630",134,2007,0.21,3.82,0.07,10.64,1.69,10.81,7.47
"9631",135,2007,4.4,7.27,2.86,8.15,5.46,7.03,8.03
"9632",136,2007,8.89,7.14,10.6,7.84,10.66,10.89,9.51
"9633",137,2007,0.89,0.77,1.97,2.49,2.23,2.48,3.01
"9634",138,2007,8.57,6.12,11.92,5.33,7.62,5.62,7.06
"9635",139,2007,6.52,8.28,6.31,7.51,7.78,9.04,12.1
"9636",140,2007,6.34,7.88,8.76,7.55,9.04,8.88,9.44
"9637",141,2007,1.19,5.03,1.67,6.34,2.11,3.97,9.35
"9638",142,2007,0.14,0.63,0.21,1.53,0.25,0.73,3.59
"9639",143,2007,0.69,1.25,0.71,2.63,0.94,1.2,3.59
"9640",144,2007,5.54,2.77,8.15,2.73,3.29,2.28,1.78
"9641",145,2007,22.85,15.06,31.63,15.3,25.94,16.43,15.22
"9642",146,2007,11.53,12.39,9.89,10.76,6.11,12.05,7.23
"9643",147,2007,4.56,6.98,3.15,10.78,3.25,14.44,6.27
"9644",148,2007,5.99,15.17,4.51,9.9,7.41,10.71,10.1
"9645",149,2007,7.69,10.86,5.96,10.59,4.74,10.85,8.83
"9646",150,2007,7.25,11.45,5.8,14.14,5.57,17.7,12.13
"9647",151,2007,6.57,10.25,7.13,11.6,6.07,14.42,8.84
"9648",152,2007,15.46,15.32,15.19,9.35,17.91,7.49,10.26
"9649",153,2007,9.91,19.17,10.97,18.12,15.6,18.42,20.97
"9650",154,2007,26.64,22.91,26.92,20.33,32.58,19.18,20.55
"9651",155,2007,9.32,15.11,9.34,25.46,14.23,31.82,14.95
"9652",156,2007,15.31,27.1,15.22,25.66,31.35,29.93,22.3
"9653",157,2007,15.76,4.9,14.06,4.79,9.66,4.68,2.97
"9654",158,2007,18.9,11.23,17.26,6.89,18.45,4.95,6.94
"9655",159,2007,3.47,2.52,4.72,2.76,2.55,3.82,1.34
"9656",160,2007,15.44,24.72,10.95,15.71,15.12,22.37,7.68
"9657",161,2007,13.42,15.12,12.44,12.54,12.33,15.51,6.72
"9658",162,2007,11.95,12.97,13.08,11.06,11.09,18.97,8.02
"9659",163,2007,3.53,1.75,4.64,1.19,3.81,2.21,3.09
"9660",164,2007,1.63,1.12,2.74,1.36,2.8,3.71,1.59
"9661",165,2007,6.76,7.35,8.43,7.89,9.39,15.26,5.55
"9662",166,2007,11.58,7.24,12.89,4.56,13.56,9.81,3.83
"9663",167,2007,3.58,0.75,6.6,4.36,5.4,3.3,3.83
"9664",168,2007,4.43,1.05,5.67,2.1,3.59,1.81,2.29
"9665",169,2007,12.91,8.07,12.22,6.03,19.32,3.93,12.53
"9666",170,2007,22.65,27.9,16.99,16.05,29.47,16.29,20.19
"9667",171,2007,4.85,23.38,2.97,28.86,12.39,44.18,12.47
"9668",172,2007,10.23,9.64,13.93,15.96,8.68,26.88,6.6
"9669",173,2007,9.05,2.5,15.25,10.49,7.81,9.08,5.96
"9670",174,2007,24.79,11.79,34.76,22.3,14.03,21.78,18
"9671",175,2007,19.54,40.93,18.76,30.04,27.2,37.86,26.97
"9672",176,2007,12.86,9.67,12.3,11.87,6.68,15.83,8.43
"9673",177,2007,13.61,8.36,12.76,6.47,7.03,6.91,6.76
"9674",178,2007,18.62,12.21,24.82,9.34,19.7,10.45,10.19
"9675",179,2007,31.11,22.63,29.84,15.97,39.1,14.57,17.85
"9676",180,2007,8.43,6.7,10.88,9.04,5.55,14.13,3.33
"9677",181,2007,4.12,3.26,4.99,5.97,3.02,8.53,2.47
"9678",182,2007,11.54,8.4,11.12,13.88,6.88,15.67,8.82
"9679",183,2007,1.21,2.7,0.73,7.32,0.45,7.74,4.11
"9680",184,2007,2.32,6.57,1.86,14.8,3.08,21.59,4.31
"9681",185,2007,6.84,15.16,4.59,10.32,9.43,12.83,7.77
"9682",186,2007,28.91,14.59,28.6,9.01,25.39,11.02,6.09
"9683",187,2007,23.45,29.11,28.75,31.25,17.77,41.45,19.53
"9684",188,2007,3.87,9.03,6.12,15.72,4.83,26.95,6.74
"9685",189,2007,8.25,5.62,11.98,11.56,7.55,13.38,8.57
"9686",190,2007,15.27,14.78,13.75,10.18,22.99,5.61,18.42
"9687",191,2007,22.8,23.54,26.06,15.97,19.41,21.79,22.44
"9688",192,2007,3.03,2.77,2.3,5.21,1.98,8.21,1.45
"9689",193,2007,35.74,23.16,29.71,8.06,25.44,10.34,7.39
"9690",194,2007,21.78,15.4,18.9,7.56,16.97,9.31,4.79
"9691",195,2007,12.35,6.12,11.34,7.04,11.49,6.9,5.89
"9692",196,2007,11.4,7.69,11.33,3.73,13.05,4.15,3.12
"9693",197,2007,7.62,4.4,13.17,6.15,9.19,11.02,5.5
"9694",198,2007,1.36,0.3,2.23,1.02,1.71,0.6,2.05
"9695",199,2007,0.67,0.19,1.04,0.1,0.64,0.02,0.21
"9696",200,2007,17.28,1.59,21.8,0.35,9.93,0.07,1.94
"9697",201,2007,20.92,14.08,24.71,6.12,18.13,8.18,8.16
"9698",202,2007,1.82,1.88,3.69,5.11,4.08,5.33,4.85
"9699",203,2007,7.21,9.09,10.19,5.61,13.07,3.85,11.46
"9700",204,2007,1.47,3.56,1.82,3.35,4.05,2.38,5.07
"9701",205,2007,2.95,3.46,4.52,3.27,5.16,1.9,5.93
"9702",206,2007,3.19,1.58,4.95,1.21,5.69,0.59,2.64
"9703",207,2007,7.33,7.28,7.21,8,8.46,6.06,8.87
"9704",208,2007,9.68,15.16,9.76,12.43,13.41,11.8,16.11
"9705",209,2007,8.07,11.4,7.18,12.82,9.72,16.76,14.5
"9706",210,2007,6.65,8.23,6.77,22.56,1.74,38.3,9.97
"9707",211,2007,0.73,4.81,0.78,10.42,0.47,15.98,6.14
"9708",212,2007,6.45,6.16,7.1,10.52,7.97,12.48,8.9
"9709",213,2007,3.19,9.5,2.86,12.56,4.51,11.24,11.18
"9710",214,2007,1.29,3.41,1.94,8.1,2.26,8.58,5.75
"9711",215,2007,23.8,24.33,26.38,21.21,30.84,25.34,21.46
"9712",216,2007,1.74,3.44,3.93,12.97,0.56,16.66,5.24
"9713",217,2007,5.71,7.97,8.81,12.14,1.55,16.38,4.01
"9714",218,2007,0.35,0.93,0.5,2.83,0.36,4.16,1.91
"9715",219,2007,1.63,2.73,2.74,2.82,2.91,3,3.76
"9716",220,2007,12.28,8.85,13.72,9.9,14.06,11.87,10.13
"9717",221,2007,4,3.83,3.69,9.6,1.71,14.71,4.76
"9718",222,2007,4.94,3.03,6.98,5.36,4.05,6.59,4.36
"9719",223,2007,14.86,14.67,20.51,13.21,15.39,16.77,10.06
"9720",224,2007,6.57,16.12,8.79,27.93,4.74,41.51,12.29
"9721",225,2007,16.22,21.85,19.3,13.46,17.02,14.94,10.15
"9722",226,2007,5.48,10.03,5.89,12.24,6.45,14.44,10.32
"9723",227,2007,9.11,5.89,13.68,7.05,5.21,5.87,10.08
"9724",228,2007,9.82,7.96,13.28,4.92,9.99,6.12,12.49
"9725",229,2007,4.25,7.48,2.4,14.29,5.93,17.73,11.61
"9726",230,2007,3.24,6.98,3.44,13.61,2.19,16.76,8.17
"9727",231,2007,14.54,8.65,15.16,11.32,11.95,16.79,9.77
"9728",232,2007,13.44,11.13,12.95,13.66,8.23,20.29,10.29
"9729",233,2007,9.2,14.51,8.3,14.69,8.48,21.14,7.12
"9730",234,2007,0.38,2.02,0.32,6.96,0.06,10.7,1.4
"9731",235,2007,2.53,11.81,1.66,6.38,6.1,3.83,8.57
"9732",236,2007,9.2,14.48,9.08,9.64,7.14,11.3,9.3
"9733",237,2007,17.33,23.15,13.07,17.58,18.14,19.47,16.6
"9734",238,2007,6.48,15.08,5.19,18.91,11.08,18.72,16.06
"9735",239,2007,6.54,11.64,8.93,14.29,8.34,11.23,11.64
"9736",240,2007,0.85,0.91,1.66,2.84,0.9,1.4,2.77
"9737",241,2007,8.72,15.14,11.88,7.71,14.18,5.84,9.44
"9738",242,2007,29.48,26.88,30.7,17.92,35.97,13.67,26.55
"9739",243,2007,6.16,20.1,5.46,41.78,5.03,51.6,21.52
"9740",244,2007,4.79,12.15,4.53,16.69,10.13,17.15,15.07
"9741",245,2007,0.57,2.83,0.5,7.15,0.34,7.14,6.25
"9742",246,2007,8.46,14.34,7,17.06,13.64,20.86,10.41
"9743",247,2007,2.18,9.68,2.13,12.46,7.01,12.39,13.49
"9744",248,2007,5.05,9.57,5.1,9.21,8.39,8.81,10.9
"9745",249,2007,6.65,5.63,6.63,3.64,6.12,4.13,4.61
"9746",250,2007,18.32,20.81,16.15,4.86,13.14,5.83,7
"9747",251,2007,4.13,6.46,2.98,5.11,4.87,7.68,7.16
"9748",252,2007,5.33,9.3,5.39,6.24,8.34,8.66,6.29
"9749",253,2007,2.51,1.32,2.07,1.48,1.36,2.02,1.85
"9750",254,2007,6.42,2.32,6.87,2.81,3.56,1.55,3.34
"9751",255,2007,21.26,12.87,17.7,7.89,21.2,7.77,8.23
"9752",256,2007,11.46,8.04,11.61,8.81,13.86,8.93,11.07
"9753",257,2007,7.65,4.84,7.01,7.55,5.87,8.96,6.3
"9754",258,2007,11.84,20.14,6.34,11.87,13.75,11.48,15.12
"9755",259,2007,15.68,18.2,11.78,17.27,13.98,23.63,9.65
"9756",260,2007,3.49,9.49,2.63,6.77,8.02,7.43,5.56
"9757",261,2007,5.84,2.63,7.41,1.92,2.89,1.97,1.95
"9758",262,2007,11.41,10.3,13.3,8.65,7.24,8.54,6.62
"9759",263,2007,10.16,20.99,9.03,19.6,10.14,21.88,17.21
"9760",264,2007,2.77,3.03,2.53,4.86,2.03,9.85,1.86
"9761",265,2007,1.23,0.87,2.02,2.53,0.78,3.77,2.03
"9762",266,2007,2.81,3.88,2.09,5.08,2.85,3.77,5.08
"9763",267,2007,12.17,13.75,13.59,5.41,15.58,8.1,6.72
"9764",268,2007,11.66,11.28,12.19,14.45,13.49,17.14,10.11
"9765",269,2007,7.9,14.53,8.96,21.29,6.2,21.64,10.29
"9766",270,2007,6.66,10.34,5.78,18.95,9.73,22.97,14.15
"9767",271,2007,9.28,9.66,11.36,6.71,5.76,7.61,4.9
"9768",272,2007,3.58,9.13,3.62,13.49,5.57,13.79,8.24
"9769",273,2007,1.59,8.17,1.25,18.39,2.13,18.24,10.02
"9770",274,2007,11.85,21.59,11.72,27.21,12.45,29.39,16.89
"9771",275,2007,5.71,10.11,6.43,15.07,8.77,21.52,11.51
"9772",276,2007,3.01,4.65,4.4,10.36,2.33,12.12,8.46
"9773",277,2007,0.98,2.16,1.31,5.1,0.72,5.41,5.49
"9774",278,2007,1.46,7.08,2.15,11.16,2.42,13.51,10.74
"9775",279,2007,5.47,10.46,3.73,16.34,6.34,17.38,15.85
"9776",280,2007,2.26,2.08,2.64,7.19,0.84,6.57,7.58
"9777",281,2007,9.36,13.12,9.1,12.73,6.98,12.54,10.76
"9778",282,2007,6.44,3.13,7.24,6.46,4.4,6.74,9.28
"9779",283,2007,13.06,14.41,6.56,9.61,9.99,10.59,13.95
"9780",284,2007,4.16,7.05,3.51,5.78,4.42,9.22,4.28
"9781",285,2007,5.1,2.65,2.92,2.56,4.92,3.36,4.69
"9782",286,2007,8.81,23.8,6.69,12.89,15.08,13.17,13.74
"9783",287,2007,5.62,14.22,4.63,10.89,9.93,16.44,8.34
"9784",288,2007,4.37,2.74,4.27,6.18,5.01,5.8,3.66
"9785",289,2007,8.49,7.27,9.25,6.89,7.41,8.32,5.51
"9786",290,2007,3.63,3.95,4.91,8.12,3.09,10.51,7.55
"9787",291,2007,4.07,5.14,5.55,7.35,4.82,10.38,9
"9788",292,2007,8.55,3.53,11.88,3.1,4.25,2.76,6.65
"9789",293,2007,4.53,0.35,7.4,2.9,1.06,1.95,3.83
"9790",294,2007,7.04,6.54,7.72,6.87,4.57,8.42,4.56
"9791",295,2007,11.89,14.77,8.65,6.16,9.4,7.27,6.41
"9792",296,2007,3.94,3.13,4.81,4.77,2.3,6.12,3.18
"9793",297,2007,12.66,13.04,9.01,11.2,7.82,13.23,12.37
"9794",298,2007,5.51,8.03,4.15,8.25,6.37,6.9,13.91
"9795",299,2007,8.14,9.58,6.08,6.53,7.98,7.04,11.8
"9796",300,2007,9.55,10.06,8.05,13.24,7.96,14.9,13.52
"9797",301,2007,12.55,21.6,12.38,25.58,10.17,34.85,14.9
"9798",302,2007,1.92,4.83,1.99,8.67,1.43,9.48,4.07
"9799",303,2007,8.94,14.56,7.16,9.91,8.07,10.87,7.97
"9800",304,2007,12.95,14.35,11.77,7.42,9.59,9.14,6.61
"9801",305,2007,0.09,0.84,0,2.74,0.11,1.93,3.17
"9802",306,2007,0.12,0.86,0,3.35,0.05,3.73,1.9
"9803",307,2007,0.34,3.59,0,4.54,0.14,9.1,2.22
"9804",308,2007,0.61,2.89,0,5.87,0.32,10.16,3.08
"9805",309,2007,0.08,0.33,0,1.03,0.05,1.05,0.94
"9806",310,2007,3.74,1.46,4.88,0.69,2.62,0.82,1.32
"9807",311,2007,8.16,1.31,8.74,1.31,2.47,0.98,2.65
"9808",312,2007,28.49,11.56,23.3,5.01,19.25,6.6,5.75
"9809",313,2007,16.25,12.54,11.88,8.26,15.64,10.88,6.88
"9810",314,2007,0.75,0.23,1.52,0.85,0.37,0.48,1.54
"9811",315,2007,1.82,3.75,3.96,0.24,1.4,0.49,1.48
"9812",316,2007,3.73,9.9,4.62,0.43,2.57,2.31,2.77
"9813",317,2007,0.72,4.32,1.01,0.37,0.57,1.77,1.83
"9814",318,2007,0.25,1.13,0.72,0.08,0.18,0.44,0.59
"9815",319,2007,0.8,4.37,2.28,0.23,0.27,2.64,0.77
"9816",320,2007,4.95,3.48,6.62,6.92,2.95,6.11,5.29
"9817",321,2007,11.6,14.85,13.23,12.31,12.48,15.25,10.14
"9818",322,2007,9.97,11,11.6,11.8,5.7,10.31,9.39
"9819",323,2007,0.39,1.16,0.57,6.47,0.27,7.87,2.63
"9820",324,2007,0.49,0.31,0.55,2.44,0.36,1.16,2.13
"9821",325,2007,2.69,0.93,5.25,1.2,4.17,2.16,1.27
"9822",326,2007,7.51,5.8,12.46,4.75,4.95,9.16,3.63
"9823",327,2007,4.83,21.17,7.98,12.53,14.52,23.52,11.21
"9824",328,2007,3.05,4.51,5.4,1.81,3.15,4.36,1.24
"9825",329,2007,3.7,8.32,5.06,3.62,3.53,7.81,1.9
"9826",330,2007,0.38,1.23,0.18,1.97,0.73,2.61,1.1
"9827",331,2007,0.25,0.24,0.1,0.13,0.33,0.09,0.16
"9828",332,2007,0.17,0.44,0.09,0.22,0.27,0.21,0.25
"9829",333,2007,0.03,0.13,0.01,0.23,0.08,0.17,0.48
"9830",334,2007,0,0.05,0,0.23,0,0.22,0.56
"9831",335,2007,0.01,0.08,0.03,0.24,0.02,0.18,0.43
"9832",336,2007,0.09,0.68,0,0.55,0.08,0.67,0.44
"9833",337,2007,0.38,1.09,0.27,1.48,1.1,1.45,0.97
"9834",338,2007,0.12,0.7,0.1,2.28,0.41,1.89,1.09
"9835",339,2007,0.13,1.1,0.14,2.24,0.33,3.31,1.06
"9836",340,2007,0.01,1.81,0,3.28,0.03,3.83,1.71
"9837",341,2007,0.05,0.22,0.04,0.48,0.05,0.39,0.46
"9838",342,2007,0.79,1.8,0.2,0.93,0.6,1.11,0.81
"9839",343,2007,0.03,0.91,0.03,2.43,0.11,4.02,1.18
"9840",344,2007,0.01,0.02,0.01,0.21,0.01,0.1,0.12
"9841",345,2007,0.14,0.06,0.09,2.01,0.13,1.48,0.95
"9842",346,2007,0.06,0.44,0.05,3.19,0.08,2.32,1.75
"9843",347,2007,5.6,8.42,4.04,7.11,4.42,11.05,3.84
"9844",348,2007,5.2,9.11,3.86,10.43,4.7,16.96,5.31
"9845",349,2007,2.91,8.18,1.75,9.19,4.68,11.21,5.51
"9846",350,2007,1.47,5.43,0.54,7.43,2.52,13.11,2.45
"9847",351,2007,0.01,0.11,0.01,3.83,0.1,4.09,1.6
"9848",352,2007,0.04,0.01,0.04,0.17,0.05,0.62,0.28
"9849",353,2007,0.02,0.15,0,0.12,0.04,0.11,0.2
"9850",354,2007,1.06,1.53,0.65,3.08,1.65,4.11,1.08
"9851",355,2007,3.03,2.03,3.07,2.23,3.39,1.78,1.82
"9852",356,2007,16.73,19.94,18.37,5.85,14.31,9.97,3.77
"9853",357,2007,13.15,9.82,17.67,9.6,10.92,17.99,4.2
"9854",358,2007,21.11,14.85,24.71,17.06,24.75,26.1,12.33
"9855",359,2007,6.67,7.98,8.04,9.51,5.41,14.14,5.31
"9856",360,2007,0.02,0.95,0,1.2,0.1,1.47,0.49
"9857",361,2007,0.07,4.36,0,9.07,0.16,16.3,1.94
"9858",362,2007,0.15,6.11,0,4.5,0.28,6.11,1.56
"9859",363,2007,0.06,2.85,0,2.01,0.09,4.03,0.41
"9860",364,2007,0.02,0.1,0,0.06,0.05,0.06,0.05
"9861",365,2007,0,0,0,0.02,0,0,0.02
"9862",1,2008,0,0.04,0,0.01,0,0.01,0
"9863",2,2008,0,0.09,0,0.02,0.01,0.01,0.02
"9864",3,2008,0,0.02,0,0.04,0.01,0.01,0.05
"9865",4,2008,0.02,1.17,0,1.47,0.09,2.83,0.46
"9866",5,2008,0.01,0.61,0,2.11,0.07,2.87,1.14
"9867",6,2008,0.03,0.54,0.01,1.52,0.08,1.79,0.7
"9868",7,2008,0.07,0.97,0.01,1.8,0.15,2.34,0.84
"9869",8,2008,0.02,0.26,0.01,0.74,0.06,0.52,0.57
"9870",9,2008,0.02,0.41,0.01,0.78,0.05,0.67,0.8
"9871",10,2008,0,0.16,0,1.32,0.02,1.26,0.76
"9872",11,2008,0.1,0.61,0.07,1.7,0.37,1.58,1.12
"9873",12,2008,0.11,0.25,0.11,0.99,0.08,0.83,0.66
"9874",13,2008,0.25,0.79,0.32,0.88,0.44,0.89,0.58
"9875",14,2008,0.34,3.4,0.53,4.55,0.54,6.91,1.77
"9876",15,2008,0.04,0.25,0.05,1.06,0.03,0.62,0.74
"9877",16,2008,0.24,1.64,0.04,2.42,0.72,1.95,1.85
"9878",17,2008,0.04,0.28,0,1.36,0.23,1.03,0.96
"9879",18,2008,0.01,0.15,0,0.77,0.03,1,0.29
"9880",19,2008,0.18,1.03,0.07,2,0.36,3.02,0.77
"9881",20,2008,0.08,1.08,0.06,3.9,0.09,4.37,1.58
"9882",21,2008,0,0.02,0,0.64,0,0.39,0.5
"9883",22,2008,0.04,0.21,0.04,0.73,0.04,0.94,0.34
"9884",23,2008,0.04,0.3,0.06,1.17,0.09,1.33,0.65
"9885",24,2008,0.1,1.56,0.01,2.7,0.31,5.21,1.15
"9886",25,2008,0,0,0,0.19,0,0.14,0.28
"9887",26,2008,0,0.2,0,1.73,0,1.82,0.73
"9888",27,2008,0.04,1.12,0,0.61,0.12,1.09,0.34
"9889",28,2008,0,0.05,0,0.76,0,1,0.41
"9890",29,2008,0,0,0,0.17,0,0.07,0.18
"9891",30,2008,0,0,0,0.02,0,0.01,0.04
"9892",31,2008,0,0,0,0.05,0,0.03,0.06
"9893",32,2008,0,0,0,0.01,0,0,0.06
"9894",33,2008,0,0,0,0.24,0,0.14,0.31
"9895",34,2008,0,0.15,0,0.94,0.01,0.82,0.42
"9896",35,2008,0,0.02,0,1.01,0,0.91,0.35
"9897",36,2008,0.02,1,0,0.99,0.2,1.99,0.31
"9898",37,2008,0.06,0.43,0.25,2.68,0.03,3.65,0.79
"9899",38,2008,0.02,0.78,0.01,2.57,0.03,3.53,0.77
"9900",39,2008,0.02,0.43,0.02,2.08,0.04,3.31,0.52
"9901",40,2008,2.23,5.1,2.98,7.39,1.07,13.94,2.34
"9902",41,2008,0.9,3.66,1.5,10.96,0.87,15.5,5.85
"9903",42,2008,0.1,0.94,0.09,3.86,0.23,5.62,2.13
"9904",43,2008,0.09,0.31,0.09,0.93,0.16,1.63,0.41
"9905",44,2008,0.18,0.24,0.17,0.67,0.28,1.06,0.32
"9906",45,2008,0.06,0.07,0.06,0.51,0.08,0.55,0.38
"9907",46,2008,0.28,1.07,0.23,2.36,0.63,4.52,1.27
"9908",47,2008,0.01,0.24,0.01,2.36,0.08,2.18,1.68
"9909",48,2008,0.02,0.13,0.01,1.78,0.06,1.47,0.86
"9910",49,2008,0.06,1.01,0.04,4.56,0.14,7.28,2
"9911",50,2008,0.1,0.6,0.09,2.36,0.15,2.73,1.6
"9912",51,2008,0.08,1.18,0.1,3.81,0.23,5.9,1.63
"9913",52,2008,0.08,0.74,0,1.42,0.16,1.03,1.34
"9914",53,2008,0,0.03,0,0.46,0,0.36,0.28
"9915",54,2008,0.42,0.74,0.34,0.32,0.7,0.31,0.26
"9916",55,2008,0.31,0.47,0.24,1.53,0.23,2.59,0.33
"9917",56,2008,0.03,0.01,0,0.24,0.03,0.11,0.21
"9918",57,2008,0,0,0,0.19,0,0.11,0.14
"9919",58,2008,0,0.02,0,0.38,0,0.33,0.17
"9920",59,2008,0.23,2.21,0.06,3.39,0.53,3.95,2.27
"9921",60,2008,0,0,0,0.04,0,0.02,0.04
"9922",61,2008,0.08,0.11,0.05,0.11,0.02,0.05,0.25
"9923",62,2008,0,0,0,0.24,0,0.07,0.52
"9924",63,2008,0,0,0,0.48,0,0.21,0.53
"9925",64,2008,0,0.01,0,1.23,0,0.65,1.45
"9926",65,2008,0.42,1.09,0.49,2.44,0.17,2.78,3.2
"9927",66,2008,1.87,1.82,1.66,2.6,1.68,4.83,1.44
"9928",67,2008,0.29,0.94,0.29,2.73,0.28,4.62,1.47
"9929",68,2008,0.03,0.44,0.14,1.69,0.02,2.84,0.85
"9930",69,2008,0.13,0.09,0.19,0.44,0.04,0.37,0.3
"9931",70,2008,0,0.06,0,1.04,0,0.94,0.92
"9932",71,2008,0,0.17,0,5.82,0,5.47,3.12
"9933",72,2008,0.01,0.01,0.01,1.78,0,0.96,1.64
"9934",73,2008,5.88,3.27,5.78,3.39,4.37,2.23,2.6
"9935",74,2008,15.43,27.03,14.13,32.85,15.99,42.44,23.32
"9936",75,2008,1.15,0.72,0.85,3.59,1.01,2.74,2
"9937",76,2008,0.02,0.46,0.01,0.76,0.09,0.77,0.59
"9938",77,2008,0,0.14,0,0.48,0.02,0.37,0.19
"9939",78,2008,0,0.24,0,1,0.02,1.13,0.49
"9940",79,2008,0,0.02,0,0.26,0,0.29,0.08
"9941",80,2008,0,0.03,0,0.47,0,0.28,0.38
"9942",81,2008,0,0.11,0,0.48,0.03,0.75,0.15
"9943",82,2008,0,0.06,0,0.22,0.02,0.42,0.05
"9944",83,2008,0.02,0.26,0,0.7,0.08,2.07,0.12
"9945",84,2008,0,0.05,0,0.33,0.01,0.52,0.12
"9946",85,2008,0.01,0.04,0,0.34,0.17,0.44,0.14
"9947",86,2008,0.09,0.09,0.03,0.44,0,0.08,0.28
"9948",87,2008,0,0.03,0,0.88,0,0.41,0.4
"9949",88,2008,0,0.03,0,0.78,0,0.14,0.38
"9950",89,2008,0,0,0,1.37,0,0.33,0.61
"9951",90,2008,0,0,0,1.39,0,0.35,0.74
"9952",91,2008,0,0.51,0,3.46,0,2.38,2.22
"9953",92,2008,0,0.17,0,5.96,0,6.29,2.98
"9954",93,2008,0.01,0.04,0.01,1.26,0,0.99,1.01
"9955",94,2008,0,0.01,0,2.17,0,1.2,0.89
"9956",95,2008,0.03,0.11,0.01,2.14,0.02,1.29,1.2
"9957",96,2008,0.44,2.51,0.3,5.92,0.58,9.6,3.37
"9958",97,2008,0.37,1.53,1.18,3.53,1.51,4.79,2.21
"9959",98,2008,0.13,0.79,0.39,1.66,0.33,2.26,0.9
"9960",99,2008,0,0.02,0,0.49,0,0.33,0.34
"9961",100,2008,0.01,0.1,0.07,0.82,0.03,0.89,0.54
"9962",101,2008,0.08,0.23,0.28,1.08,0.13,1.15,1.18
"9963",102,2008,1.52,1.74,1.66,1.82,1.42,2.22,3.53
"9964",103,2008,1.31,4.07,1.58,4.73,2.6,6.71,3.79
"9965",104,2008,1.73,2.44,2.34,8.49,1.12,11.05,3.96
"9966",105,2008,4.92,10.95,5.5,28.26,4.89,36.46,20.06
"9967",106,2008,3.51,11.33,3.26,17.42,3.23,34.32,7.05
"9968",107,2008,0.29,0.35,0.5,2.33,0.32,2.83,1.17
"9969",108,2008,0.96,0,1.74,0.19,0.13,0.11,0.08
"9970",109,2008,11.38,4.52,11.6,2.81,13.9,2.4,3.82
"9971",110,2008,0.34,0.82,2.53,4.09,2.18,3.12,6.07
"9972",111,2008,2.64,0.07,6.65,0.86,0.83,0.54,0.54
"9973",112,2008,3.97,2.52,4.38,3.9,1.6,3.08,5.08
"9974",113,2008,3.76,3.75,3.73,5.76,4.64,3.6,4.49
"9975",114,2008,7.41,11.45,9.34,18.73,12.47,15.25,14.66
"9976",115,2008,13.04,35.14,15.81,41.27,18.61,56.15,33.8
"9977",116,2008,4.69,8.44,5.62,22.62,5.07,36.68,8.13
"9978",117,2008,5.27,3.74,6.56,8.13,5.53,11.59,8.73
"9979",118,2008,17.21,30.79,20.73,24.63,23.72,41.29,19.41
"9980",119,2008,0.69,2.6,1.14,5,2.35,7.48,5.13
"9981",120,2008,0.13,0.19,0.15,0.77,0.29,0.4,1.08
"9982",121,2008,0.07,0.27,0.05,1.2,0.24,0.7,1.7
"9983",122,2008,0.15,0.3,0.1,1.34,0.18,0.76,1.44
"9984",123,2008,4.14,3.78,3.64,6.4,2.65,4.77,6.04
"9985",124,2008,10.97,27.05,6.23,28.04,11.96,32.36,20.3
"9986",125,2008,4.45,17.95,3.82,25.67,3.32,36.39,17.3
"9987",126,2008,6.72,11.16,4.94,22.61,3.25,40.71,7.14
"9988",127,2008,8.52,7.52,11.64,17.53,5.95,28.67,6.43
"9989",128,2008,3.92,5.67,3.07,10.2,6.37,11.62,10.87
"9990",129,2008,12.75,17.23,11.53,19.1,14.48,23.67,21.34
"9991",130,2008,13.63,7.91,16.06,16.68,15.44,23.49,9.91
"9992",131,2008,3.72,0.28,5.61,1.62,1.57,1.05,1.54
"9993",132,2008,4.75,0.72,7.23,2.19,2.36,2.24,2.04
"9994",133,2008,10.49,6.54,15.8,6.73,17.7,7.94,10.85
"9995",134,2008,2.11,1.75,3.41,1.88,6.84,1.91,4.34
"9996",135,2008,7.85,3.13,12.08,2.86,7.32,3.75,3.15
"9997",136,2008,6.87,8.88,7.42,9.09,10.51,12.54,8.65
"9998",137,2008,13.59,23.09,14.77,14.64,13.16,18.97,9.15
"9999",138,2008,5.68,8.52,7.59,7.15,5.86,7.75,4.82
"10000",139,2008,9.98,18.56,12.85,20.17,9.32,29.24,8.96
"10001",140,2008,7.07,7.9,7.58,10.05,4.81,13.98,3.73
"10002",141,2008,7.83,3.8,9.82,9.16,3.07,10.13,3.46
"10003",142,2008,6.36,10.41,8.84,10.23,10.01,8.75,11.23
"10004",143,2008,5.13,11.77,3.08,12.28,6.21,15.47,12.32
"10005",144,2008,10.38,14.59,7.78,16.19,9.94,12.69,14.4
"10006",145,2008,9.68,16.67,8.29,20.49,11.38,23.45,19.35
"10007",146,2008,14.97,13.5,13.16,22.48,16.45,17.48,17.48
"10008",147,2008,23.15,27.9,24.29,49,27.51,67.57,39.81
"10009",148,2008,11.55,11.24,12.13,9.13,10.18,13.4,5.4
"10010",149,2008,6.77,10.23,9.34,23.85,10.38,37.47,8.74
"10011",150,2008,8.78,4.38,11.45,2.4,6.29,3.19,2.26
"10012",151,2008,12.1,3.04,14.42,1.61,8.39,0.98,1.73
"10013",152,2008,13.42,6.66,16.09,3.33,10.47,4.01,3.14
"10014",153,2008,9.07,10.85,8.13,10.82,11.49,11.93,11.73
"10015",154,2008,12.38,13.99,12.81,23.72,10.73,27.85,16.01
"10016",155,2008,9.56,7.97,12.8,21.93,7.85,25.1,14.75
"10017",156,2008,5.57,4.9,5.17,11.33,6.48,8.99,10.99
"10018",157,2008,16.63,30.96,17.92,52.95,32.95,52.43,49.53
"10019",158,2008,1.29,3.95,1.02,5.74,3.41,6.85,8.13
"10020",159,2008,2.56,3.28,3.96,3.11,5.64,5.87,2.98
"10021",160,2008,12.94,6.07,13.52,4.47,7.49,6.15,6.03
"10022",161,2008,10.42,19.87,11.43,10.07,19.84,11.24,14.52
"10023",162,2008,11.06,4.09,12.47,2.92,6.36,2.69,3.45
"10024",163,2008,5.48,1.89,5.58,1.35,4.93,0.89,4.19
"10025",164,2008,0.47,0.29,0.73,0.57,0.55,0.4,1.11
"10026",165,2008,1.95,1.22,3.97,1.63,3.79,1.38,3.48
"10027",166,2008,3.25,5.94,3.49,4.9,8.88,5.26,6.5
"10028",167,2008,5.41,8.5,8.11,8.2,13.43,9.09,10.26
"10029",168,2008,12.14,8.85,22.8,12.48,8.69,16.68,5.06
"10030",169,2008,6.76,7.43,7.24,8.97,14.89,13.63,8.15
"10031",170,2008,10.75,19.33,11.36,23.93,14.36,26.04,20.56
"10032",171,2008,5.92,18.13,7.56,15.98,5.37,19.64,7.14
"10033",172,2008,2.33,1.55,4.35,2.99,3.9,2.39,2.06
"10034",173,2008,11.43,13.23,17.14,6.42,15.85,8.44,6.91
"10035",174,2008,7.2,9.57,8.79,18.73,11.16,23.8,11.44
"10036",175,2008,1.83,1.03,3.09,2.13,1.62,1.74,1.21
"10037",176,2008,21.41,17.98,21.12,12.75,14.95,13.23,9.48
"10038",177,2008,8.73,29.72,10.72,64.77,17.3,80.8,52.5
"10039",178,2008,10.68,5.79,14.42,5.63,7.64,5.42,9.25
"10040",179,2008,25.44,10.36,29.02,6.94,27.04,7.78,12.75
"10041",180,2008,22.63,14.07,29.72,15.44,24.18,21.31,14.8
"10042",181,2008,6.24,5.8,7.98,13.75,8.37,18.01,9.69
"10043",182,2008,9.05,8.34,11.87,11.46,10.95,15.74,6.73
"10044",183,2008,9.14,9.49,9.18,9.34,11.76,11.86,7.7
"10045",184,2008,23.18,14.04,20.97,11.32,19.97,14.32,14
"10046",185,2008,13.8,8.19,14.86,13.23,8.2,15.98,9.91
"10047",186,2008,17.02,10.55,15.43,9.72,14.35,12.26,10.97
"10048",187,2008,8.1,4.85,6.6,3.1,6.68,2.33,4.45
"10049",188,2008,0.99,7.21,0.73,8.05,1.08,10.7,7.93
"10050",189,2008,10.84,3.12,14.65,4.67,2.87,5.9,4.56
"10051",190,2008,7.76,3.67,15.52,4.32,8.29,4.74,3.52
"10052",191,2008,15.65,16.42,17.6,16.45,12.59,20.63,11.84
"10053",192,2008,16.38,14.67,24.1,23.91,14.99,30.33,18.56
"10054",193,2008,10.77,6.6,14.85,6.05,4.86,9.69,4.18
"10055",194,2008,1.35,1.74,2.34,5.49,1.61,6.22,5
"10056",195,2008,3.62,2.92,7.64,2.37,2.36,2.38,2.4
"10057",196,2008,2.57,1.14,4.89,1.11,1.93,0.91,1.89
"10058",197,2008,9.25,7.04,14.78,9.9,4.88,14.76,4.23
"10059",198,2008,23.36,13.7,20.2,31.78,8.45,54.21,7.56
"10060",199,2008,5.39,5.51,5.48,12.67,3.43,15.61,6.44
"10061",200,2008,16.35,10.69,12.3,9.08,13.39,6.68,13.3
"10062",201,2008,26.93,31.85,22.56,25.53,21.67,31.27,21.96
"10063",202,2008,9.13,5.16,8.52,8.03,4.72,8.01,4.82
"10064",203,2008,11.13,34.57,8.91,29.55,26.2,33.17,29.88
"10065",204,2008,6.63,9.12,6.33,13.74,12.23,18.51,7.89
"10066",205,2008,5.42,3.11,6.18,10.3,4.19,11.96,6.53
"10067",206,2008,12.27,5.23,13.19,3.54,7.99,3.64,3.56
"10068",207,2008,13,5.92,13.01,8.97,7.92,9.7,7.23
"10069",208,2008,21.21,13.03,20.27,9.28,16.33,13.08,7.25
"10070",209,2008,3.91,3.27,5.75,11.89,5.2,13.67,8.77
"10071",210,2008,8.01,7.7,9.06,12.31,12.29,18.47,7.52
"10072",211,2008,6.64,1.79,6.84,5.54,2.58,5.29,4.34
"10073",212,2008,4.41,1.16,3.48,1.77,1.65,1.06,2.28
"10074",213,2008,5.31,4.04,5.23,2.13,4.44,1.7,4.32
"10075",214,2008,7.55,11.36,9.47,7.94,8.82,8.28,9.04
"10076",215,2008,2.36,4.85,2.19,7.53,2.69,7.46,6.35
"10077",216,2008,9.19,21.46,11.92,14.68,14.77,24.53,11.05
"10078",217,2008,5.85,2.6,8.96,3.76,6.06,4.52,6.09
"10079",218,2008,4.51,1.86,5.65,1.03,4.79,0.57,3.2
"10080",219,2008,13.99,23.19,15.17,14.77,24.46,15.36,20.48
"10081",220,2008,2.6,0.43,3.5,1.9,0.89,1.63,1.47
"10082",221,2008,1.89,2.05,2.12,7.59,1.64,9.26,5.28
"10083",222,2008,10.81,11.19,12.13,14.63,7.89,16.45,11.27
"10084",223,2008,8.86,8.87,7.9,23.43,4.99,27.76,21.07
"10085",224,2008,11.1,12.51,9.34,16.36,14.21,19.65,9.81
"10086",225,2008,0.97,2.82,1.1,7.1,2.36,3.96,10.56
"10087",226,2008,4.08,7.1,2.83,6.69,6.52,7.06,7.15
"10088",227,2008,7.54,16.83,6.14,21.02,11.92,21.88,11.68
"10089",228,2008,12.55,21.6,9.18,19.44,20.56,24.8,11.67
"10090",229,2008,10.77,9.02,11.76,15.34,23.03,20.97,14.63
"10091",230,2008,2.01,1.04,2.4,6.17,4.52,4.49,4.01
"10092",231,2008,15.09,13.95,14.86,12.86,17.82,16.03,11.74
"10093",232,2008,15,10.95,19.34,7.41,14.43,9.01,5.27
"10094",233,2008,7.31,4.8,6.88,5.48,5.51,5.48,4.35
"10095",234,2008,5.45,6.03,6.49,9.59,7.15,8.41,7.83
"10096",235,2008,6.9,15.53,6.11,15.32,14.82,18.62,11.76
"10097",236,2008,6.65,9.22,7.25,13.5,10.88,10.5,14.21
"10098",237,2008,14.57,18.04,11.64,22.34,12.86,19.04,32.76
"10099",238,2008,5.38,8.93,4.4,18.3,7.34,25.68,8.47
"10100",239,2008,6.13,3.63,6.33,5.35,3.42,6.79,2.8
"10101",240,2008,2.7,1.86,2.98,5.07,2.4,4.92,4.64
"10102",241,2008,3.14,5.32,2.24,5.12,4.94,4.52,5.57
"10103",242,2008,14.13,9.01,13.83,8.41,10.38,7.16,6.48
"10104",243,2008,22.7,11.05,31.39,12.07,23.57,13.39,10
"10105",244,2008,6.29,8.62,3.73,6.84,9.35,6.33,7.03
"10106",245,2008,8.41,11.02,8.14,8.82,9.33,9.33,8.82
"10107",246,2008,6.33,9.52,6.54,13.24,5.29,14.61,9.47
"10108",247,2008,5.54,9.47,5.41,23.19,6.64,28.68,17.23
"10109",248,2008,3.75,8.44,3.52,12.92,4.75,12.66,10.64
"10110",249,2008,0.73,0.63,1.3,3.8,0.82,1.94,4.24
"10111",250,2008,0.44,0.18,0.98,0.73,0.34,0.26,1.1
"10112",251,2008,6.07,6.14,9.84,2.77,8.71,1.9,3.71
"10113",252,2008,8.72,10.42,11.26,11.64,7.08,15.11,5.67
"10114",253,2008,7.28,7.49,11.65,6.81,9.48,8.45,4.32
"10115",254,2008,0.76,2.56,1.61,3.59,1.66,2.63,2.79
"10116",255,2008,21,5.71,24.43,6.24,13.76,3.07,8.87
"10117",256,2008,1.15,1.62,1.37,3.83,1.16,4.18,5.89
"10118",257,2008,7.37,5.59,6.83,6.66,3.63,6.21,6.1
"10119",258,2008,12.74,19.41,13.42,18.56,12.91,18.31,14.55
"10120",259,2008,18.68,14.47,23.86,20.33,15.2,24.47,13.36
"10121",260,2008,11.14,8.16,15.2,12.33,5.39,15.29,8.02
"10122",261,2008,5.56,7.36,9.46,12.71,3.17,20.05,4.83
"10123",262,2008,1.47,2.62,2.94,5.24,0.97,4.71,5.06
"10124",263,2008,7.81,3.69,10.44,7.97,3.19,5.11,10.13
"10125",264,2008,4.05,6.6,4.53,10.97,3.23,9.39,11.8
"10126",265,2008,4.7,8.62,5.04,17,7.03,23.17,5.68
"10127",266,2008,10.48,10.63,11.99,6.86,13.12,4.99,9.01
"10128",267,2008,4.46,4.03,4.37,4.65,1.32,5.14,2.54
"10129",268,2008,5.38,9.85,4.62,11.37,9.87,7.32,11
"10130",269,2008,8.87,10.85,8.68,11,10.29,9.26,9.08
"10131",270,2008,27.78,15.73,29.66,19.33,19.19,24.8,11.38
"10132",271,2008,8.17,2.72,7.87,7.21,2.35,7.28,7.87
"10133",272,2008,8.97,2.81,9.63,5.18,4.36,5.37,5.9
"10134",273,2008,16.9,10.26,15.93,13.73,11.14,17.31,10.25
"10135",274,2008,13.97,2.4,18.25,7.47,5.94,6.03,7.72
"10136",275,2008,4.91,10.38,7.05,16.67,10.88,22.27,13.11
"10137",276,2008,0.95,1.75,0.84,2.7,1.17,2.98,2.87
"10138",277,2008,1.17,1.06,1.83,4.33,1.59,2.36,6.02
"10139",278,2008,4.86,0.76,6.55,3.92,1.97,1.64,6.56
"10140",279,2008,2.65,15.09,1.94,18.38,6.35,15.54,20.19
"10141",280,2008,6.94,8.69,9.44,10.79,7.91,9.86,11.88
"10142",281,2008,15.68,31.39,16.3,23.94,22.14,24.1,26.04
"10143",282,2008,2.15,10.22,2.92,29.16,1.08,45.14,7.32
"10144",283,2008,2.82,12.8,2.19,19.8,4.31,22.8,15.19
"10145",284,2008,6.48,10.92,6.99,14.87,11.84,14.42,17.13
"10146",285,2008,12.99,8.74,13.45,14.76,6.3,13.98,10.69
"10147",286,2008,8.92,8.68,7.66,15.34,6.53,16.02,10.35
"10148",287,2008,5.07,11.85,4.44,14.06,6.59,14.53,16.28
"10149",288,2008,19.54,12.55,24.29,15.45,16.03,17.53,13.73
"10150",289,2008,10.46,24,10.44,41.26,10.57,47.99,21.64
"10151",290,2008,3.74,18,1.56,33.7,6.43,50.78,19.79
"10152",291,2008,2.87,11.05,3.43,16.13,3.17,27.37,6.84
"10153",292,2008,0.77,4.2,0.72,5.59,2.23,4.76,4.92
"10154",293,2008,0.69,0.98,1.12,2.38,1.52,1.44,3.45
"10155",294,2008,4.28,3.53,4.65,2.53,3.18,1.36,3.81
"10156",295,2008,1.34,0.5,1.54,0.48,1.67,1.15,0.69
"10157",296,2008,0.65,0.33,1.06,0.38,0.95,0.7,0.66
"10158",297,2008,0.28,0.2,0.46,0.27,0.53,0.66,0.61
"10159",298,2008,1.06,0.18,2.78,0.3,1.32,0.57,0.37
"10160",299,2008,6.1,2.5,11.09,1.26,6.44,3.23,3.88
"10161",300,2008,8.37,6.22,8.54,2.05,5.27,1.64,6.26
"10162",301,2008,11.81,10.89,12.31,6.3,14.02,7.74,7.96
"10163",302,2008,18.68,8.7,21.04,7.59,12.61,7.92,7.96
"10164",303,2008,4.96,2.44,5.41,5.58,3.19,6.52,4.24
"10165",304,2008,5.04,2.93,6.11,1.63,5.92,1.55,2.67
"10166",305,2008,6.48,0.69,9.21,0.5,3.26,0.19,1.85
"10167",306,2008,14.22,5.97,16.52,8.33,9.38,5.04,13.13
"10168",307,2008,12.87,15.48,14.75,8.4,10.93,10.26,10.37
"10169",308,2008,25.24,22.7,28.25,9.93,21.63,7.74,11.37
"10170",309,2008,9.04,9.89,13.12,21.25,7,26.2,13.81
"10171",310,2008,10.77,14.33,14.67,15.96,11.89,27.71,8.93
"10172",311,2008,0,0,0,0.12,0,0.16,0.04
"10173",312,2008,0,0,0,0.12,0,0.14,0.06
"10174",313,2008,0,0,0,0.03,0,0.02,0.04
"10175",314,2008,0,0,0,0.03,0,0.03,0.06
"10176",315,2008,0,0,0,0.01,0,0.02,0.02
"10177",316,2008,0.39,0.99,0.31,0.47,0.01,1.13,0.54
"10178",317,2008,1.45,3.81,0.92,1.36,0.08,4.16,1.4
"10179",318,2008,2.01,4.41,0.41,1.64,0.1,5.62,1.52
"10180",319,2008,0.99,4.35,0.54,2.63,0.06,11.18,2.91
"10181",320,2008,0.23,0.89,0.24,0.46,0.01,1.36,0.44
"10182",321,2008,5.42,1.69,5.85,2.92,2.87,1.43,4.35
"10183",322,2008,4.53,9.4,2.81,4.58,4.83,7.96,4.61
"10184",323,2008,6.19,28.97,6.72,30.05,10.16,35.74,26.1
"10185",324,2008,9.44,9.28,11.19,8.89,11.06,10.29,10.53
"10186",325,2008,9.21,18.6,13.92,39.21,15.63,45.02,39.16
"10187",326,2008,8.3,8.63,7.43,11.46,12.52,17.52,10.65
"10188",327,2008,8.47,39.82,6.65,40.67,20.04,48.04,31.41
"10189",328,2008,10.88,11.89,11.51,6.31,14.62,7.21,6.4
"10190",329,2008,8.08,4.68,10.7,11.57,6.29,12.39,7.74
"10191",330,2008,9.3,11.15,6.59,8.37,13.41,9.2,6.58
"10192",331,2008,7.13,8.56,8.99,16.01,5.06,27.18,9.16
"10193",332,2008,4.74,12.4,4.95,14.5,6.22,16.69,11.69
"10194",333,2008,3.23,2.38,2.44,2.6,3.1,3.7,3.43
"10195",334,2008,0.28,1.9,0.23,2.11,0.39,4.6,2.33
"10196",335,2008,1.12,1.03,1.6,0.82,1.23,1.39,0.85
"10197",336,2008,0.26,0.35,0.33,0.44,0.54,0.45,0.66
"10198",337,2008,0.55,1.26,0.53,0.95,0.66,1.18,0.94
"10199",338,2008,3.15,1.18,3.93,0.69,2.22,1.71,0.69
"10200",339,2008,0.06,0.31,0.04,0.31,0.1,0.57,0.42
"10201",340,2008,0,0.38,0,2.93,0.01,5.38,1.18
"10202",341,2008,0.43,0.14,0.78,0.73,0.44,0.29,1.61
"10203",342,2008,6.94,3.43,7.9,4.07,4.06,3.96,4.87
"10204",343,2008,12.94,7.89,11.59,8.03,8.95,8.74,7.09
"10205",344,2008,2.87,2.34,1.96,3.57,1.95,4.17,2.36
"10206",345,2008,0.72,0.76,0.49,1.13,0.62,1.07,0.92
"10207",346,2008,0.02,0.2,0,0.35,0.02,0.39,0.29
"10208",347,2008,0.01,0.47,0,1.05,0.02,2.29,0.69
"10209",348,2008,0.05,1.15,0,2.58,0.13,3.01,1.82
"10210",349,2008,0,0.04,0,0.16,0.01,0.1,0.29
"10211",350,2008,0,0.04,0,0.01,0.01,0.01,0.07
"10212",351,2008,0.01,0.11,0,0.31,0.04,0.75,0.2
"10213",352,2008,0,0.13,0,0.43,0.01,0.46,0.38
"10214",353,2008,0.01,0.82,0,1.2,0.05,2.27,0.51
"10215",354,2008,0,0.11,0,0.4,0.01,0.35,0.22
"10216",355,2008,0.01,0.47,0,1.48,0.05,1.5,0.65
"10217",356,2008,0,0.12,0,1.82,0.04,1.26,1.31
"10218",357,2008,0.02,0.35,0,0.74,0.05,0.53,0.44
"10219",358,2008,0.01,0.55,0,1.85,0.05,1.91,0.84
"10220",359,2008,0.03,0.17,0,0.14,0.17,0.97,0.22
"10221",360,2008,0.03,0.74,0,0.95,0.19,0.75,0.73
"10222",361,2008,0,0.1,0,0.15,0.03,0.19,0.09
"10223",362,2008,0,0.09,0,0.68,0,1.66,0.17
"10224",363,2008,0,0.05,0,0.21,0.01,0.17,0.17
"10225",364,2008,0,0.05,0,0.27,0.01,0.18,0.22
"10226",365,2008,0,0.07,0,0.33,0.01,0.2,0.33
"10227",366,2008,0.02,1.17,0,2.37,0.16,3.13,1.66
"10228",1,2009,0,0.23,0,2.14,0.02,2.96,1.36
"10229",2,2009,0,0.07,0,1.11,0.01,2.18,0.29
"10230",3,2009,0,0.01,0,0.23,0,0.2,0.16
"10231",4,2009,0.01,1.01,0,4.04,0.19,6.63,2
"10232",5,2009,0.03,1.63,0,1.94,0.21,4.46,0.9
"10233",6,2009,0.04,1.18,0.15,2.08,0.43,2.67,1.07
"10234",7,2009,0.09,3.25,0.3,4.6,1.42,8.1,2.23
"10235",8,2009,0.01,0.23,0.03,0.68,0.1,0.73,0.3
"10236",9,2009,0,0.09,0.01,0.74,0.03,0.67,0.28
"10237",10,2009,0,0.05,0,0.56,0.04,0.63,0.23
"10238",11,2009,0.06,0.32,0.02,0.44,0.05,0.47,0.26
"10239",12,2009,0.16,1.04,0.12,2.32,0.34,3.45,1.28
"10240",13,2009,0.01,0.12,0.01,0.73,0.06,0.79,0.36
"10241",14,2009,0.01,0.04,0.01,0.19,0.02,0.13,0.16
"10242",15,2009,0.02,0.03,0.02,0.02,0.07,0.01,0.09
"10243",16,2009,0.21,0.04,0.23,0.65,0.3,0.52,0.6
"10244",17,2009,0.25,0.13,0.29,3.75,0.19,7.78,1.69
"10245",18,2009,2.72,0.31,3.45,1.23,0.99,1.41,0.71
"10246",19,2009,2.37,2.01,2.02,4.64,1.5,7.13,3.06
"10247",20,2009,2.45,2.06,1.51,3.12,1.78,4.98,2.6
"10248",21,2009,0.59,0.44,0.41,1.65,0.34,2.27,1.26
"10249",22,2009,1.66,4.47,1.85,6.81,2.05,13.61,4.23
"10250",23,2009,3.4,9.18,2.77,11.1,3.33,18.78,8.17
"10251",24,2009,0.22,0.75,0.24,3.27,0.27,3.63,3.15
"10252",25,2009,0.01,0.11,0.01,1.92,0.02,2.47,1.36
"10253",26,2009,0.09,0.04,0.1,0.19,0.05,0.14,0.6
"10254",27,2009,0.53,0.46,0.43,1.94,0.65,1.78,1.23
"10255",28,2009,0.43,1.47,0.27,3.94,0.49,3.85,2.1
"10256",29,2009,0.54,0.15,0.5,0.9,0.33,0.29,0.95
"10257",30,2009,3.65,1.79,5.46,5.24,1.63,5.35,3.35
"10258",31,2009,32.41,23.55,31.34,19.65,30.11,18.35,21.83
"10259",32,2009,1.61,3.2,0.98,1.8,6.23,1.62,2.07
"10260",33,2009,0.38,2.23,0.44,4.43,2.94,6,2.83
"10261",34,2009,0.07,0.15,0.16,0.37,0.26,0.29,0.23
"10262",35,2009,0.34,1.12,0.38,1.82,1.12,2.33,0.98
"10263",36,2009,0.82,2.91,0.67,3.99,3.97,4.98,2.54
"10264",37,2009,0.06,2.5,0.03,7.08,0.43,9.57,3.87
"10265",38,2009,0,0,0,0.52,0,0.32,0.47
"10266",39,2009,0,0.03,0,0.83,0.01,0.53,0.54
"10267",40,2009,0.02,0.75,0.01,3.18,0.16,3.69,1.62
"10268",41,2009,0.01,0.4,0.01,5.2,0.05,5.99,2.4
"10269",42,2009,0.72,2.21,0.82,6.57,0.58,10.41,2.93
"10270",43,2009,0.09,0.86,0.09,4.59,0.12,7.19,1.73
"10271",44,2009,0.01,0,0.01,0.11,0.01,0.03,0.16
"10272",45,2009,0.01,0.13,0.01,0.51,0.02,0.85,0.42
"10273",46,2009,0,0.02,0,0.72,0,0.66,0.46
"10274",47,2009,0,0,0.02,0.2,0,0.14,0.1
"10275",48,2009,0.19,0.09,0.79,0.22,0.03,0.14,0.15
"10276",49,2009,0.87,2.98,2.22,3.12,1.56,5.5,1.16
"10277",50,2009,0.03,1.02,0.09,5.57,0.07,9.91,1.8
"10278",51,2009,0,0.1,0.01,0.43,0,0.86,0.21
"10279",52,2009,0.35,0.49,0.27,0.31,0.3,0.26,0.26
"10280",53,2009,0.11,0.71,0.19,2.12,0.15,5.27,0.65
"10281",54,2009,0.02,0.12,0.02,0.78,0.08,0.85,0.37
"10282",55,2009,0,0.02,0,0.26,0,0.33,0.13
"10283",56,2009,0,0.08,0,1.07,0,1.17,0.56
"10284",57,2009,0.08,0.54,0.02,2.91,0.15,2.52,2.01
"10285",58,2009,0.11,0,0.06,0.45,0,0.24,0.4
"10286",59,2009,0.07,1.38,0.06,1.62,0.14,4.08,0.74
"10287",60,2009,0,0.05,0.01,1.3,0,0.94,0.6
"10288",61,2009,0.01,0.59,0.01,3.67,0.02,7.28,0.87
"10289",62,2009,3.34,1.87,3.51,4.68,2.05,4.34,2.01
"10290",63,2009,6.98,10.87,5,17.26,8.28,22.33,10.44
"10291",64,2009,0.53,2.41,0.2,5.13,0.73,5.64,2.58
"10292",65,2009,0.54,1.89,0.08,3.79,0.75,3.18,3.33
"10293",66,2009,0.64,2.44,0.01,0.51,0.65,0.19,0.68
"10294",67,2009,1.35,3.84,0.07,2.51,1.8,2.08,2.6
"10295",68,2009,0.01,0.41,0,2.18,0.04,2.54,1.81
"10296",69,2009,0,0.19,0,1.33,0,1.14,0.89
"10297",70,2009,0,0.02,0,1.55,0,0.81,0.91
"10298",71,2009,0,0,0,3.45,0,2,1.25
"10299",72,2009,0.01,0.06,0.03,3.78,0.13,2.09,1.54
"10300",73,2009,0.41,0.2,0.52,1.15,0.69,0.48,0.87
"10301",74,2009,1.91,4.16,2.62,7.23,3.55,12.65,2.41
"10302",75,2009,1.06,3.68,1.28,4.67,0.56,7.97,2.87
"10303",76,2009,4.86,12.14,5.78,11.69,1.96,15.93,7.94
"10304",77,2009,0.01,0.89,0.03,5.8,0.01,8.41,3.41
"10305",78,2009,0.51,1.23,0.7,3.74,0.19,5.02,3.7
"10306",79,2009,0.57,0.94,0.66,4.45,0.12,4.94,3.71
"10307",80,2009,11.52,6.09,13.24,8.51,5.8,8.13,7.02
"10308",81,2009,33.88,18.22,28.14,13.02,20.58,17.18,8.18
"10309",82,2009,7.17,10.41,5.29,5.81,2.32,5.65,5.01
"10310",83,2009,4.5,5.05,4.72,7.88,1.49,8,5
"10311",84,2009,0.17,1.31,0.16,3.96,0.19,2.86,3.07
"10312",85,2009,0.02,1.63,0,2.02,0.47,1.84,2.21
"10313",86,2009,0.01,0.04,0.02,0.52,0.01,0.38,0.42
"10314",87,2009,1.19,0.96,1.79,0.65,2.75,0.5,0.93
"10315",88,2009,2.56,5.26,3.55,4.75,3.81,4.37,5.44
"10316",89,2009,0.27,0.76,0.41,0.95,0.48,0.79,0.83
"10317",90,2009,0.47,2.81,0.66,2.23,0.53,2.26,1.41
"10318",91,2009,0.19,0.4,0.46,1.52,0.11,1.26,0.83
"10319",92,2009,0.23,0.84,0.28,2.65,0.38,2.64,1.67
"10320",93,2009,0.1,0.24,0.4,0.68,0.09,0.47,0.5
"10321",94,2009,0.05,0.04,0.06,0.16,0.06,0.21,0.18
"10322",95,2009,0.01,0.02,0.01,0.08,0.01,0.04,0.12
"10323",96,2009,0,0,0,0.55,0,0.33,0.92
"10324",97,2009,0.21,0.01,0.97,1.37,0.17,0.9,1.2
"10325",98,2009,3.77,4.97,6.3,8.31,3.27,10.67,6.65
"10326",99,2009,4.78,3.93,5.88,8.71,4.79,7.66,8.84
"10327",100,2009,34.95,29.85,34.99,23.18,34.42,39.69,19.28
"10328",101,2009,1.81,1.8,2.45,2.68,2.11,2.99,2.04
"10329",102,2009,1.55,4.54,1.8,4.18,4.27,4.16,4.51
"10330",103,2009,0.61,1.55,0.68,1.48,1.28,2.06,1.59
"10331",104,2009,0.09,0.38,0.12,1.41,0.24,1.46,1.22
"10332",105,2009,0.15,0.37,0.19,0.65,0.39,0.72,0.67
"10333",106,2009,0.72,1.33,1.5,4.1,3.21,5.28,3.32
"10334",107,2009,3.57,6.69,3.66,17.65,10.03,18.39,17.6
"10335",108,2009,11.15,23.59,12.11,31.24,22.78,28.54,29.21
"10336",109,2009,5.75,19.74,5.63,21.95,12.4,39.1,13.11
"10337",110,2009,41.59,28.38,46.04,18.33,22.65,30.76,15.46
"10338",111,2009,7.13,4.91,6.67,3.22,1.77,3.19,3.45
"10339",112,2009,5.81,2.71,4.81,1.47,1.25,1.65,1.41
"10340",113,2009,7.95,5.34,6.93,1.97,2.34,1.58,2.4
"10341",114,2009,0.4,0.51,0.38,1.19,0.07,0.56,1.59
"10342",115,2009,0.06,0.1,0.04,0.52,0.01,0.26,0.86
"10343",116,2009,0.07,0.14,0.12,0.54,0.74,0.33,1.08
"10344",117,2009,0.18,0.42,0.21,1.22,0.47,0.79,1.38
"10345",118,2009,2.57,2.48,4.12,4.6,4.9,3.49,5.83
"10346",119,2009,11.31,4.05,12.64,3.36,15.44,2.99,7.24
"10347",120,2009,7.89,8.03,10.25,12.17,12.75,9.59,14.25
"10348",121,2009,6.15,4.08,6.17,9.34,10.06,10.14,5.57
"10349",122,2009,6.12,5.63,7.15,9.47,5.66,11.01,5.71
"10350",123,2009,4.83,11.13,5.43,18.79,5.83,26.72,9.17
"10351",124,2009,9.76,25.53,8.36,37.08,8.73,39.75,32.77
"10352",125,2009,1.59,4.52,1.69,4.26,1.55,6,4.39
"10353",126,2009,4.82,7.15,4.24,5.3,8.34,9.1,10.51
"10354",127,2009,10.02,4.44,11.44,1.86,7.02,2.69,2.94
"10355",128,2009,11.23,20.83,6.93,8.94,16.62,18.75,8.68
"10356",129,2009,9.64,12.38,5.92,6.5,6.81,14.5,5.2
"10357",130,2009,2.13,2.74,2.63,3.68,3.6,5.78,3.76
"10358",131,2009,0.43,1.44,0.66,1.46,1.42,3.88,1.3
"10359",132,2009,0.35,1.14,0.28,1.47,0.77,2.98,2.36
"10360",133,2009,0.12,0.78,0.17,1.48,0.57,1.62,1.58
"10361",134,2009,0.85,1.54,0.75,1.06,2.29,1.55,1.77
"10362",135,2009,1.92,6.67,1.14,4.19,11.81,4.42,6.04
"10363",136,2009,2.98,5.72,5.57,6.72,5.51,4.7,6.69
"10364",137,2009,7.5,9.91,8.94,15.28,10.09,17.46,18.69
"10365",138,2009,11.47,21.28,11.18,22.54,13.98,24.89,24.66
"10366",139,2009,7.16,23.14,5.95,28.88,9.5,33.16,21.51
"10367",140,2009,3.02,16.26,2.95,27.45,3.38,47.28,9.5
"10368",141,2009,8.18,8.12,6.98,10.29,7.41,15.29,7.4
"10369",142,2009,1.71,1.94,1.63,7.32,1.63,6.49,6.65
"10370",143,2009,2.47,1.46,2.15,2.41,1.51,2.35,2.44
"10371",144,2009,4.13,2.49,3.34,3.51,2.16,2.46,3.17
"10372",145,2009,1.43,2.66,1.65,1.85,1.46,1.39,2.23
"10373",146,2009,0.39,1.54,0.36,1.83,1.83,2.32,2.75
"10374",147,2009,0.55,0.76,2.13,2.56,1.17,2.66,3.94
"10375",148,2009,1.6,3.27,3.99,5.56,6.82,8.9,7.7
"10376",149,2009,0.12,0.19,0.41,1.26,0.25,1.22,1.46
"10377",150,2009,0.08,0.04,0.22,0.3,0.21,0.14,0.37
"10378",151,2009,0.08,0.07,0.14,0.6,0.34,0.47,1.17
"10379",152,2009,1.48,0.22,2.68,0.9,0.32,0.47,0.85
"10380",153,2009,2.65,0.95,3.68,1.38,2.91,1.07,2.02
"10381",154,2009,7.62,10.73,4.92,9.15,6.3,8.15,8.56
"10382",155,2009,9.41,10.98,7.65,17.69,7.67,24.02,6.81
"10383",156,2009,19.78,46.65,18.54,39.93,35.92,38.03,36.68
"10384",157,2009,1.4,3.72,1.92,12.54,2.31,13.81,9.11
"10385",158,2009,13.92,18.5,17.02,18.23,20.58,14.82,23.64
"10386",159,2009,12.78,9.02,15.86,5.96,16.07,6.13,6.91
"10387",160,2009,12.27,5.11,10.71,10.3,7.17,8.06,12.8
"10388",161,2009,24.06,16.85,30.49,16.98,27.3,12.71,23.06
"10389",162,2009,18.66,19.92,21.5,15.96,18.34,19.13,13.63
"10390",163,2009,5.82,4.11,4.6,8.6,2.36,12.51,4.43
"10391",164,2009,8.24,4.87,11.45,10.82,4.83,17.12,3.75
"10392",165,2009,3.27,8.76,3.28,10.79,4.49,18.63,5.95
"10393",166,2009,4.64,3.98,7.93,3.33,5.31,2.53,6.25
"10394",167,2009,6.43,1.13,8.44,1.18,4.5,0.69,2.7
"10395",168,2009,28.59,10.67,32.42,10.25,26.46,12.17,6.6
"10396",169,2009,6.12,8.08,12.13,11.6,9.78,13.16,8.24
"10397",170,2009,7.8,1.75,10.75,6.72,4.99,3.84,7.27
"10398",171,2009,24.55,2.85,25.76,4.02,7.93,2.42,4.83
"10399",172,2009,25.36,27.01,22.37,21.9,29.56,18.65,24.38
"10400",173,2009,10.13,18.24,8.46,25.36,11.52,28.61,17.35
"10401",174,2009,26.5,31.71,20.77,42.84,35.91,52.96,37.56
"10402",175,2009,0.66,4.05,0.54,10.61,1.35,11.23,6.13
"10403",176,2009,38.52,32.02,43.57,26.56,44.04,35.86,21.38
"10404",177,2009,7.92,4.43,10.23,8.3,4.35,10.49,5.4
"10405",178,2009,4.58,12.92,5.86,13.36,8.28,23.48,5.49
"10406",179,2009,7.92,10.79,8.67,8.75,6.64,12.87,5.19
"10407",180,2009,10.95,12.51,13.13,7.99,9.71,8.09,7.06
"10408",181,2009,10.19,11.69,13.56,11.63,8.02,20.47,6.54
"10409",182,2009,12.22,11.97,14.7,14.3,18.77,12.71,19.1
"10410",183,2009,12.2,15.85,16.13,18.41,17.95,25.07,11.22
"10411",184,2009,13.37,12.68,21.12,27.17,22.11,26.82,21.17
"10412",185,2009,26.59,30.42,31.24,24.04,37.56,22.11,22.91
"10413",186,2009,5.21,4.54,7.65,11.09,9.69,9.96,6.73
"10414",187,2009,10.43,18.73,14.55,21.02,11.19,20.34,17.01
"10415",188,2009,5.92,3.64,10.68,10.15,2.91,9.46,5.59
"10416",189,2009,16.35,26.17,20.06,27.19,19.9,25.93,32.47
"10417",190,2009,8.76,10.48,10.71,13.35,8.57,16.56,12.83
"10418",191,2009,6.09,4.1,10.86,10.2,4.7,11.58,7.88
"10419",192,2009,7.81,16.64,9.18,14.85,5.83,20.76,12
"10420",193,2009,15.76,12.93,17.45,24.93,8.6,33.13,15.32
"10421",194,2009,2.16,0.69,4.21,2.96,0.47,2.89,2.04
"10422",195,2009,8.62,8.5,9.05,9.75,5.16,13.35,5.48
"10423",196,2009,4.31,4.93,4.93,6.17,3.06,6.77,7.26
"10424",197,2009,8.68,3.14,9.39,3.31,12.09,3.28,6.03
"10425",198,2009,9.12,3.21,7.51,2.73,8.38,2.44,3.66
"10426",199,2009,8,6.37,11.46,12.81,11.41,16.66,8.16
"10427",200,2009,4.48,6.48,4.31,7.8,12.74,11.04,5.97
"10428",201,2009,12.06,9.28,13.74,6.39,24.03,10.43,8.86
"10429",202,2009,22.33,20.97,21.13,16.4,21.96,18.23,16.32
"10430",203,2009,9.09,10.02,11.35,11.02,7.28,15.85,7.97
"10431",204,2009,29.76,22.73,28.2,6.29,33.76,6.9,9.12
"10432",205,2009,3.3,5.45,3.86,12.06,4.2,17.65,5.88
"10433",206,2009,2.7,1.89,4.61,3.43,2.33,2.21,3.83
"10434",207,2009,17.88,12.23,15.87,4.69,11.5,4.36,7.93
"10435",208,2009,11,16.58,13.02,15.08,14.91,22.35,9.79
"10436",209,2009,7.7,7.35,9.25,7.15,7.18,7.9,6.34
"10437",210,2009,5.1,12.64,6.45,16.15,8.01,22.37,10.64
"10438",211,2009,2.24,6.79,1.62,16.28,1.76,25.21,7.77
"10439",212,2009,18.32,15.28,15.63,10.1,19.68,12.4,11.84
"10440",213,2009,32.04,25.49,31.86,15.82,40.84,21.57,17.2
"10441",214,2009,3.73,1.62,5.54,5.01,2.25,6.01,7.99
"10442",215,2009,5.05,4.35,5.25,5.52,5.73,6.98,6.69
"10443",216,2009,23.94,14.95,20.97,13.65,19.35,13.69,14.69
"10444",217,2009,4.98,10.8,6.27,19.95,9.23,23.29,13.13
"10445",218,2009,12.25,11.5,15.7,15.23,13.67,15.36,11.87
"10446",219,2009,8.63,9.86,9.72,12.24,9.69,10.52,15.04
"10447",220,2009,5.95,9.37,7.17,6.71,13.77,4.53,11.18
"10448",221,2009,8.01,10.56,10.16,14.94,12.12,17.5,11.91
"10449",222,2009,0.98,5.42,1.11,9.6,2.79,11.64,6.09
"10450",223,2009,6.83,4.23,7.72,5.91,3.87,6.95,4.52
"10451",224,2009,2.96,5.05,1.84,6.19,2.01,6.23,4.66
"10452",225,2009,3.85,5.34,4.2,11.52,2.66,13.17,5.86
"10453",226,2009,4.74,5.84,5.32,13.38,3.79,15.03,9.07
"10454",227,2009,0.27,0.77,0.33,4.27,0.27,5.39,2.63
"10455",228,2009,4.45,7.21,5.37,6.27,5.05,5.34,7.99
"10456",229,2009,9,5.01,11.57,10.29,7.22,9.87,10.99
"10457",230,2009,17.49,34.35,19.01,23.95,21.63,30.91,16.73
"10458",231,2009,3.23,1.48,4.8,3.47,2.37,1.58,5.3
"10459",232,2009,6.43,3.66,8.64,6.29,6.17,5.44,7.77
"10460",233,2009,22.78,18.57,20.56,14.09,19.95,16.18,10.55
"10461",234,2009,0.96,0.52,1.12,2.74,0.74,1.25,3.58
"10462",235,2009,13.05,11.22,8,4.32,11.11,4.24,8.57
"10463",236,2009,2.9,4.74,2.78,10.43,3.16,10.51,7.3
"10464",237,2009,8.81,6.56,9.81,9.25,6.44,9.08,6.88
"10465",238,2009,11.89,11.32,15.29,8.39,15.13,10.61,10.58
"10466",239,2009,2.2,3.62,1.96,7.87,2.52,9.49,7.99
"10467",240,2009,11.34,9.42,16.87,15.71,9.35,22.21,12.91
"10468",241,2009,4.71,6.85,5.52,13.56,6.47,14.44,13.31
"10469",242,2009,5.85,6.45,8.59,10.14,12.85,11.77,10.25
"10470",243,2009,0.3,0.14,0.52,1.27,0.52,0.65,2.05
"10471",244,2009,3.76,1.58,4.06,1.63,6.03,0.77,2.74
"10472",245,2009,2.37,1.44,1.79,4.97,1.17,5.68,2.33
"10473",246,2009,6.96,7.58,6.68,8.82,7.88,7.55,8.63
"10474",247,2009,10.79,9.63,9.94,12.25,7.03,15.63,5.28
"10475",248,2009,6.07,11.88,4.66,9,6.58,13.85,4.63
"10476",249,2009,4.49,1.82,5.88,1.04,4.58,1.21,1.81
"10477",250,2009,9.35,0.79,12.2,0.6,4.69,0.46,1.82
"10478",251,2009,5.37,4.38,4.75,0.65,5.99,0.56,4.31
"10479",252,2009,11.65,7.66,10.97,4.32,8.92,5.67,2.88
"10480",253,2009,1.86,1.2,2.5,1.06,1.22,1.57,1.05
"10481",254,2009,15.58,1.73,21.44,2.62,7.52,2.45,2.93
"10482",255,2009,4.72,2.79,4.67,7.32,1.84,14,1.81
"10483",256,2009,14.83,23.1,13.55,26.17,15.77,31.77,15.25
"10484",257,2009,12.08,24.04,11.25,26.19,16.56,36.55,17.85
"10485",258,2009,21.28,28.75,31.19,28.83,25.6,37.69,20.89
"10486",259,2009,7.62,6.8,9.92,13.53,5.89,19.81,10.15
"10487",260,2009,1.92,3.12,2.86,6.86,2.03,10.23,4.6
"10488",261,2009,2.47,1.05,3.92,3.81,1.11,3.57,3.2
"10489",262,2009,1.52,1.72,2.4,2.71,1.21,2.87,2.8
"10490",263,2009,3.3,1.24,5.25,1.26,0.9,1.33,1.22
"10491",264,2009,19.67,27.54,26.99,13.91,25.53,25.79,10.86
"10492",265,2009,9.13,7.21,10.56,10.08,7.9,16.82,6.62
"10493",266,2009,2.32,1.86,2.46,4.04,1.18,5.93,1.71
"10494",267,2009,3.95,2.59,3.81,2.68,2.94,4.82,0.77
"10495",268,2009,8.43,1.39,11.09,2.6,4.04,4.59,1.49
"10496",269,2009,5.86,2.95,9.79,1.57,11.08,2.08,3.84
"10497",270,2009,1.27,1.09,2.46,1.53,2.86,3.8,2.43
"10498",271,2009,9.45,8.36,10.76,6.6,17.22,13.72,5.86
"10499",272,2009,1.32,0.98,2.05,2.03,1.06,5.78,0.76
"10500",273,2009,0.42,1.15,0.7,1.42,1.31,3.69,0.79
"10501",274,2009,1.73,1.07,2.78,1.98,0.74,1.85,1.25
"10502",275,2009,5.7,10.73,6.82,9.54,9.72,8.8,8
"10503",276,2009,8.55,28.18,9.56,24.44,14.33,28.38,23.21
"10504",277,2009,2.43,10.21,4.8,20.41,4.38,28.26,12.78
"10505",278,2009,1.17,1.59,1.39,4.13,1.13,2.15,3.76
"10506",279,2009,0.44,0.8,0.19,1.63,0.41,1.02,2.63
"10507",280,2009,6.33,24.38,2.87,15.93,11.85,16.12,17.28
"10508",281,2009,2.13,3.67,2.83,7.35,2.01,11.84,4.13
"10509",282,2009,0.16,0.36,0.58,1.03,0.08,1.4,0.32
"10510",283,2009,3.47,1.73,2.86,1.22,1.6,0.74,1.86
"10511",284,2009,4.74,5.4,6.89,4.69,7.63,7.33,4
"10512",285,2009,0.73,0.75,1.02,0.31,0.91,0.33,0.56
"10513",286,2009,5.62,1.55,11.04,2.22,4.24,1.57,2.07
"10514",287,2009,6.6,14.7,9.92,9.74,5.68,15.54,7.48
"10515",288,2009,12.42,10.63,13.82,7.89,14.95,10.12,7.61
"10516",289,2009,11.38,13.29,13.7,13.29,14.63,21.91,9.86
"10517",290,2009,0.65,2.58,0.9,6.76,1.49,11.21,3.81
"10518",291,2009,0.79,0.23,1.96,1.28,0.82,0.9,1.72
"10519",292,2009,0.52,0.7,0.83,2,0.53,1.48,4.2
"10520",293,2009,0.81,1.05,1.39,1.16,0.77,1.2,1.94
"10521",294,2009,2.83,3.91,2.97,2.65,3.15,3.17,2.98
"10522",295,2009,18.06,5.73,16.57,5.55,15.25,3.61,8
"10523",296,2009,21.55,14.07,22.97,6.32,13.84,5.43,7.52
"10524",297,2009,17.84,19.17,20.18,15,22.73,18.75,14.98
"10525",298,2009,4.48,9.26,6.87,14.91,7.73,27.3,6.48
"10526",299,2009,0.35,2.88,0.5,5.27,0.72,4.85,2.43
"10527",300,2009,1,3.47,0.95,4.53,1.64,3.14,2.76
"10528",301,2009,1.24,0.73,2.52,4.77,0.73,3.15,2.25
"10529",302,2009,7.17,7.33,8.44,8.41,8.85,5.52,7.52
"10530",303,2009,7.55,6.3,12.15,14.21,9.84,8.97,13.35
"10531",304,2009,4.64,22.35,10.8,39.3,11.07,44.87,28.3
"10532",305,2009,0.2,2.07,0.24,7.05,0.38,5.18,9.03
"10533",306,2009,0.12,1.39,0.15,6.86,0.2,6.7,8.42
"10534",307,2009,1.31,3.59,1.5,5.65,1.38,7.35,6.16
"10535",308,2009,0.41,1.96,0.71,4.51,0.66,4.84,4.12
"10536",309,2009,0.2,2.37,0.19,4.6,0.29,4.41,4.77
"10537",310,2009,0,0.8,0.13,1.31,0,1.72,2.6
"10538",311,2009,0.01,3.91,0.05,6.1,0,10.44,3.99
"10539",312,2009,0.01,1.08,0.01,1.96,0,2,1.76
"10540",313,2009,0,0.23,0.06,1.23,0,1.18,1.02
"10541",314,2009,0,0.63,0.33,1.53,0,2.39,0.7
"10542",315,2009,0.92,6.93,0.81,10.98,3.91,14.31,7.34
"10543",316,2009,8.29,6.62,7.99,6.58,5.68,6.11,4.8
"10544",317,2009,7.51,4.79,11.18,7.24,10.84,6.9,6.52
"10545",318,2009,10.06,19.19,7.4,12.86,17.62,13.53,13.56
"10546",319,2009,2.45,6.47,3.3,7.08,3.93,7.21,11.18
"10547",320,2009,0.41,0.61,0.99,2.27,0.93,2.67,1.94
"10548",321,2009,1.36,0.82,2.62,1.91,1.97,2.81,1.9
"10549",322,2009,0.57,0.75,1.12,2.23,1.71,2.39,2.06
"10550",323,2009,0.12,0.23,0.38,2.18,0.43,2.13,1.71
"10551",324,2009,0.34,0.15,0.81,1.29,0.34,3.21,0.56
"10552",325,2009,2.93,2.64,2.54,1.59,3.24,2.72,0.8
"10553",326,2009,0.18,0.55,0.06,1.12,0.21,1.71,0.54
"10554",327,2009,1.78,1.51,0.83,0.97,0.92,1.41,0.42
"10555",328,2009,0.76,0.96,0.34,0.91,0.4,1.68,0.5
"10556",329,2009,1.02,1.53,0.46,0.8,0.86,1.5,0.44
"10557",330,2009,0.26,1.31,0.55,1.75,1.4,3.03,1.17
"10558",331,2009,0.07,0.11,0.16,0.28,0.34,0.53,0.22
"10559",332,2009,0.09,0.16,0.24,0.22,0.31,0.4,0.27
"10560",333,2009,0.08,0.05,0.23,0.1,0.24,0.16,0.09
"10561",334,2009,0.3,0.34,0.64,0.32,1.72,0.54,0.28
"10562",335,2009,0.21,1.35,0.2,1.65,0.6,2.41,1.11
"10563",336,2009,0.18,0.56,0.14,1.27,0.36,1.39,0.8
"10564",337,2009,0.06,0.22,0.05,0.63,0.07,0.66,0.43
"10565",338,2009,0.15,0.26,0.13,0.06,0.26,0.07,0.08
"10566",339,2009,0.06,0.28,0.03,0.13,0.14,0.12,0.17
"10567",340,2009,0.02,0.09,0,0.08,0.01,0.07,0.12
"10568",341,2009,0.02,0.12,0.01,1.1,0.05,1.06,0.48
"10569",342,2009,0.02,0.49,0.01,2.04,0.04,2.6,0.9
"10570",343,2009,0.06,1.72,0.02,4.9,0.16,8.18,1.85
"10571",344,2009,0.09,1.33,0.02,3.9,0.5,6.47,1.91
"10572",345,2009,0.04,1.38,0,1.93,0.11,4.37,0.57
"10573",346,2009,0.02,0.19,0,1.18,0.01,1.7,0.35
"10574",347,2009,0.02,0.7,0,1.53,0.05,2.97,0.55
"10575",348,2009,0,0.02,0,0.16,0,0.31,0.04
"10576",349,2009,0,0.2,0,1.52,0,2.72,0.46
"10577",350,2009,0,0.12,0,0.7,0,1.71,0.24
"10578",351,2009,0,0.28,0,0.9,0.02,1.19,0.31
"10579",352,2009,0,0.26,0,2.19,0.01,2.43,0.86
"10580",353,2009,0.02,1.91,0,3.25,0.15,5.07,1.05
"10581",354,2009,0.06,1.86,0,1.25,0.19,2.23,0.45
"10582",355,2009,2.07,5.56,1.44,4.02,4.55,5.74,4.54
"10583",356,2009,0.4,0.68,0.72,3.09,0.95,3.72,1.86
"10584",357,2009,0.24,1.02,0.29,3.71,0.68,5.79,1.4
"10585",358,2009,0.19,1.73,0.15,7.75,0.92,12.01,2.79
"10586",359,2009,0.67,3.88,0.34,3.87,1.74,4.2,3.01
"10587",360,2009,0.02,1.08,0,1.63,0.13,2.47,0.99
"10588",361,2009,0,0.3,0,1.11,0.01,2.52,0.51
"10589",362,2009,0,0.01,0,0.02,0,0.04,0.09
"10590",363,2009,0,0.02,0,0,0.01,0,0.02
"10591",364,2009,0,0,0,0,0,0,0.01
"10592",365,2009,0,0,0,0,0,0,0
"10593",1,2010,0.01,0.21,0,1.25,0.03,1.18,0.52
"10594",2,2010,0,0.21,0,0.24,0.03,0.39,0.29
"10595",3,2010,0,0.21,0,0.18,0.03,0.37,0.13
"10596",4,2010,0,0.21,0,0.19,0.03,0.37,0.13
"10597",5,2010,0,0.21,0,0.3,0.03,0.43,0.27
"10598",6,2010,0.05,0.66,0.05,0.3,0.11,0.43,0.19
"10599",7,2010,0.03,0.83,0.01,1.88,0.12,2.68,0.98
"10600",8,2010,0,0.05,0,0.62,0,0.82,0.17
"10601",9,2010,0,0,0,0.04,0,0.01,0.03
"10602",10,2010,0,0,0,0.02,0,0.01,0.02
"10603",11,2010,0.04,0.18,0.01,0.15,0.08,0.05,0.18
"10604",12,2010,0.04,0.18,0.01,0.12,0.08,0.04,0.21
"10605",13,2010,0.04,0.18,0.01,0.06,0.08,0.02,0.16
"10606",14,2010,0.04,0.18,0.01,0.45,0.08,0.23,0.26
"10607",15,2010,0.11,0.43,0.13,1.22,0.09,1.65,0.57
"10608",16,2010,0.03,0.75,0,1.2,0.12,1.62,0.62
"10609",17,2010,0,0.1,0,0.17,0,0.16,0.11
"10610",18,2010,0,0,0,0.07,0,0.05,0.05
"10611",19,2010,0,0,0,0.1,0,0.04,0.13
"10612",20,2010,0,0,0,0.2,0,0.09,0.12
"10613",21,2010,0,0,0,0.08,0,0.07,0.03
"10614",22,2010,0,0,0,0.28,0,0.23,0.12
"10615",23,2010,0,0,0,0.37,0,0.26,0.34
"10616",24,2010,0.06,0.15,0.21,0.44,0.17,0.33,0.77
"10617",25,2010,0.09,1.29,0,1.88,0.18,3.6,0.92
"10618",26,2010,0,0,0,0.82,0,0.32,1.12
"10619",27,2010,0,0,0,0.56,0,0.2,0.6
"10620",28,2010,0,0,0,0.04,0,0,0.18
"10621",29,2010,0.02,0.85,0,1.18,0.05,0.8,0.82
"10622",30,2010,0.01,1.07,0,5.18,0.02,5.37,2.76
"10623",31,2010,0,0.07,0,0.41,0,0.4,0.12
"10624",32,2010,0.18,0.47,0.23,1.85,0.21,3.05,0.71
"10625",33,2010,0.77,1.59,1.32,1.47,0.92,2.03,1.18
"10626",34,2010,0.12,0.3,0.21,1.42,0.22,2.1,0.66
"10627",35,2010,0.04,0.12,0.04,0.88,0.06,0.98,0.51
"10628",36,2010,1.19,0.62,1.6,0.74,0.92,0.84,0.66
"10629",37,2010,0.01,0.12,0.02,0.17,0.03,0.29,0.36
"10630",38,2010,0,0.03,0,0.33,0,0.32,0.22
"10631",39,2010,0,0,0.19,0.16,0,0.1,0.08
"10632",40,2010,0.07,1.19,0.19,3.42,0.65,6.47,1.4
"10633",41,2010,0,0.01,0,0.07,0,0.04,0.11
"10634",42,2010,0.06,0.56,0.03,0.26,0.09,1.33,0.25
"10635",43,2010,0.06,0.06,0.03,0.02,0.09,0.01,0.11
"10636",44,2010,0.06,0.06,0.03,0.05,0.09,0.02,0.08
"10637",45,2010,0.06,0.35,0.03,1.47,0.12,1.26,0.59
"10638",46,2010,0.09,0.07,0.22,0.93,0.17,0.77,0.72
"10639",47,2010,0,0,0,0.36,0,0.18,0.47
"10640",48,2010,0,0,0,0.04,0,0.01,0.08
"10641",49,2010,0.02,0,0,0.03,0,0.01,0.02
"10642",50,2010,5.3,0.71,7.11,0.68,5.07,1.11,0.73
"10643",51,2010,1.43,0.61,3.14,2.46,0.84,3.74,1.02
"10644",52,2010,0.49,0.72,0.64,2.12,1.02,1.05,1.52
"10645",53,2010,0.01,0.28,0.04,1.64,0.03,0.86,1.23
"10646",54,2010,0.38,0.33,0.55,3.5,0.51,2.04,2.77
"10647",55,2010,6.25,4.23,9.4,1.5,6.76,1.23,2.73
"10648",56,2010,6.93,6.54,6.54,3.54,4.23,3.24,2.45
"10649",57,2010,3.81,8.36,3.93,13.69,8.19,14.39,10.68
"10650",58,2010,0.9,0.37,1.47,1.84,1.04,1.88,0.79
"10651",59,2010,0.95,0.29,1.61,2.41,0.97,2.25,1.82
"10652",60,2010,0.07,0.94,0.09,2.35,0.16,4.07,0.86
"10653",61,2010,2.61,0.91,2.77,0.87,3.59,0.67,1.33
"10654",62,2010,9.52,8.8,8.5,7.95,12.02,11.16,6.24
"10655",63,2010,8.5,13.84,4.32,7.41,9.41,10.43,6.88
"10656",64,2010,9.09,9.3,8.61,9.69,11.75,9.56,7
"10657",65,2010,0.86,4.76,0.87,11.43,0.43,13.63,10.63
"10658",66,2010,3.68,7.39,2.36,11.4,5.05,11.77,8.71
"10659",67,2010,12.47,9.6,10.84,11.56,6.38,11.44,11.55
"10660",68,2010,1.18,1.75,2.39,4.91,2.92,3.18,5.71
"10661",69,2010,5.1,4.32,9.69,10.28,5.95,6.51,9.39
"10662",70,2010,3.05,2.29,5.02,5.52,1.98,4.24,6.35
"10663",71,2010,0.71,3.25,0.91,3.33,1.72,3.38,4.57
"10664",72,2010,1.52,4.53,1.7,5.52,3.6,4.7,8.03
"10665",73,2010,0.07,0.26,0.15,1.24,0.15,1.09,2.01
"10666",74,2010,0.07,0.02,0.13,0.24,0.14,0.08,0.43
"10667",75,2010,0.8,0.76,0.76,2.63,2.14,1.46,5.02
"10668",76,2010,3.86,5.41,3.32,12.98,6.52,7.05,16.3
"10669",77,2010,3.67,6.42,3.63,9.68,8.01,11.31,9
"10670",78,2010,5.84,19.74,3.72,21.12,9,26.55,22.89
"10671",79,2010,0.76,2.28,0.78,10.92,1.25,14.89,5.85
"10672",80,2010,0.01,0.45,0.14,0.89,1.67,1.69,2.11
"10673",81,2010,0,0.11,0.01,0.29,0.12,0.65,0.68
"10674",82,2010,0,0,0,0,0,0,0.05
"10675",83,2010,0,0,0,0.05,0,0.09,0.03
"10676",84,2010,0,0,0,0.12,0,0.13,0.06
"10677",85,2010,0.03,0.02,0.03,0.23,0.04,0.39,0.41
"10678",86,2010,0.32,0.08,0.32,0.26,0.29,0.29,0.81
"10679",87,2010,4.73,0.23,6.24,0.75,1.79,1.11,1.46
"10680",88,2010,2.65,0.07,2.5,0.37,0.71,0.46,0.68
"10681",89,2010,3.09,0.58,2.51,1.26,3.36,2.94,1.42
"10682",90,2010,0.11,0.05,0.12,0.52,0.1,0.6,0.59
"10683",91,2010,0.26,0.71,0.37,1.25,0.47,0.58,2.3
"10684",92,2010,1.79,2.28,0.91,4.64,0.5,2.16,6.68
"10685",93,2010,2.02,6.15,1.5,6.85,1.19,3.5,9
"10686",94,2010,7.14,0.68,11.29,2.87,3.84,1.18,1.98
"10687",95,2010,15.95,22.45,22.54,25.89,22.75,22.04,24.7
"10688",96,2010,3.5,9.1,5.41,7.76,9.35,7.84,7.17
"10689",97,2010,7.67,20.69,7.53,27.27,10.98,32.91,21.89
"10690",98,2010,6.68,11.4,5.71,13.71,8.34,14.6,15.52
"10691",99,2010,6.92,23.09,7.26,43.51,16.41,46.33,45.21
"10692",100,2010,13.75,13.04,12.65,8.68,10.67,10.78,7.47
"10693",101,2010,20.13,16.1,26.06,11.79,27.69,18.02,13.26
"10694",102,2010,1.43,4.16,0.72,4.94,2.03,3.87,4.92
"10695",103,2010,12.34,9.57,8.85,16.02,9.1,16.48,13.32
"10696",104,2010,1.38,1.28,2.06,3.7,0.76,3.58,4.99
"10697",105,2010,11.5,4.28,12.86,10.4,7.85,10.9,12.13
"10698",106,2010,5.58,15.17,4.44,25.56,11.37,26.53,28.05
"10699",107,2010,0.66,4.67,0.56,6.97,1.15,9.18,6.36
"10700",108,2010,3.2,3.83,3.42,5.46,3.03,6.32,4.6
"10701",109,2010,6.87,16.35,7.51,13.02,9.76,18.26,7.82
"10702",110,2010,0.29,1.32,0.21,5.27,0.13,4.45,2.43
"10703",111,2010,5.78,6.93,6.21,8.81,6.95,10.47,5.67
"10704",112,2010,0.54,0.5,0.7,1.32,0.65,1.58,0.81
"10705",113,2010,7.44,2.5,16.53,4.29,8.65,5.32,3
"10706",114,2010,17.84,11.51,17.57,14.3,16.3,17.13,10.35
"10707",115,2010,3.78,3.51,3.26,4.24,2.6,5.65,4.07
"10708",116,2010,8.81,12.11,10.75,10.9,6.98,17.32,5.85
"10709",117,2010,4.09,3.18,8.48,3.69,6.02,3.11,3.5
"10710",118,2010,8.56,10.76,10.15,7.22,9.51,10.25,5.69
"10711",119,2010,1.22,0.16,2.18,0.58,0.86,0.75,0.44
"10712",120,2010,0.6,1.6,1.06,1.33,0.32,2.09,1.05
"10713",121,2010,0.45,1.1,0.46,1.79,0.77,1.26,2.17
"10714",122,2010,3.39,5.58,7.53,10.21,6.43,7.76,12.58
"10715",123,2010,2.32,6.34,2.21,8.85,3.48,7.09,11.01
"10716",124,2010,0.07,0.02,0.18,1.34,0.04,0.52,1.66
"10717",125,2010,0.1,0.07,0.31,1.22,0.11,0.53,1.46
"10718",126,2010,0.79,0.47,1.13,0.8,0.27,0.44,2.12
"10719",127,2010,2.17,1.81,6.04,1.98,2.06,1.53,1.71
"10720",128,2010,14.03,3.65,16.55,6.61,10.6,6.53,8.82
"10721",129,2010,13.34,21.61,13.99,21.2,14.62,25.36,18.98
"10722",130,2010,9.73,24.09,13.49,28.3,14.71,42.96,21.67
"10723",131,2010,15.57,25.73,13.21,17.08,26.88,19.39,23.12
"10724",132,2010,8.85,10.27,9.01,6.36,4.06,16.83,5.73
"10725",133,2010,1.29,3.18,1.1,9.95,0.98,17.27,4
"10726",134,2010,0.76,4.89,1.14,11.97,3.88,14.87,11.23
"10727",135,2010,3.68,10.94,2.54,14.76,7.83,17.91,15.22
"10728",136,2010,1.79,2.15,2.05,5.91,2.38,6.06,6.19
"10729",137,2010,14.09,14.13,11.72,8.63,21.97,9.1,17.9
"10730",138,2010,13.55,6.27,14.75,6.35,14.06,7.01,8.13
"10731",139,2010,7.86,4.71,10,8,7.98,6.96,9.18
"10732",140,2010,11.33,5.76,14.28,5.87,8.65,8.02,7.18
"10733",141,2010,7.2,9.1,9.03,11.25,9.03,15.08,8.48
"10734",142,2010,21.06,24.23,29.42,28.2,25.46,26.12,25.38
"10735",143,2010,1.88,3.37,3.09,9.69,2.33,7.38,7.58
"10736",144,2010,4.71,14.87,5.03,10.65,5.59,10.47,8.33
"10737",145,2010,18.59,22.06,24.05,21.05,18.4,21.45,18.16
"10738",146,2010,10.57,12.38,11.34,12.98,18.84,14.51,13.79
"10739",147,2010,16.26,10.98,27.29,16.14,19.3,17.81,13.61
"10740",148,2010,3.81,6.49,4.76,22.62,2.21,31.21,11.1
"10741",149,2010,1.63,2.23,2.67,10.63,3.13,7.47,13.52
"10742",150,2010,19.14,16.5,21.58,15.99,25.09,15.45,25.07
"10743",151,2010,26.77,17.72,27.23,11.06,20.18,11.15,16.14
"10744",152,2010,7.7,9.43,8.7,14.03,13.01,16.36,14.81
"10745",153,2010,3.63,2.13,4.65,9,2.23,7.51,9.11
"10746",154,2010,5.29,4.71,7.89,3.11,4.24,4.26,4.18
"10747",155,2010,12.38,12.26,12.47,8.72,13.44,9.64,12.17
"10748",156,2010,8.24,6.41,9.01,5.28,9.39,3.84,8.35
"10749",157,2010,10.43,10.68,11.51,15.43,15.44,19.57,8.6
"10750",158,2010,3.88,7.1,4.77,15.83,4.99,22.26,5.39
"10751",159,2010,15.43,8.98,17.21,12.87,13.71,12.42,9.13
"10752",160,2010,7.41,10.06,13.09,16.91,13.7,16.19,13.31
"10753",161,2010,9.46,10.71,11.1,22.53,14.82,28.42,13.76
"10754",162,2010,8.55,7.92,7,21.63,6.09,24.72,11.64
"10755",163,2010,11.68,6.64,12.26,24.88,3.6,31.74,8.27
"10756",164,2010,6.36,13.1,8.05,34.42,8.62,41.67,17.91
"10757",165,2010,15.59,13.37,20.75,25.75,16.04,26.28,22.67
"10758",166,2010,8.38,3.78,9.41,6.61,7.19,3.93,9.16
"10759",167,2010,6.9,21.65,8.54,26.33,15.25,31.3,19.45
"10760",168,2010,7.05,3.12,9.96,7.53,4.75,6.33,5.64
"10761",169,2010,10.5,15.07,13.34,20.88,13.49,22.61,13.3
"10762",170,2010,5.69,1.2,7.98,1.96,3.57,1.46,2.33
"10763",171,2010,19.57,34.85,19.84,27.77,29.31,29.31,34.54
"10764",172,2010,8.63,10.36,9.31,22.18,13.92,16.95,21.31
"10765",173,2010,14.09,19.01,18.17,32.39,23.03,30.15,29.92
"10766",174,2010,8.87,9.5,10.84,13.96,15.03,13.88,11.95
"10767",175,2010,7.6,3.18,10.38,5.1,7.41,4.11,6.44
"10768",176,2010,29.14,16.02,39.38,19.38,31.77,17.59,16.55
"10769",177,2010,19.43,7.89,20.04,11.86,9.84,15.17,7.25
"10770",178,2010,5.58,4.67,3.8,5.59,2.26,6.7,2.92
"10771",179,2010,19.15,8.52,21.37,4.02,18.77,3.86,7.83
"10772",180,2010,12.54,8.15,20.75,6.06,18.25,6.66,10.18
"10773",181,2010,7.42,4.61,10.33,5.56,8.94,4.5,8.58
"10774",182,2010,18.68,26.37,15.16,16.94,18,18.41,14.67
"10775",183,2010,41.09,23.62,45.51,14.78,42.1,15.62,17.48
"10776",184,2010,14.75,17.18,9.62,28.23,12.27,39.03,14.62
"10777",185,2010,16.48,19.92,17.45,20.21,17.57,21.34,22.37
"10778",186,2010,13.57,5.56,13.84,5.42,12.42,1.71,16.26
"10779",187,2010,31.02,26.84,36.91,17.39,29.74,21.55,20.6
"10780",188,2010,6.17,6.71,8.65,5.44,6.03,4.22,8.57
"10781",189,2010,30.99,22,27.73,13.23,19.11,15.48,12.49
"10782",190,2010,10.33,14.51,8.89,22.68,12.28,28.98,16.69
"10783",191,2010,7.9,12.15,11.78,27.02,9.49,38.3,12.5
"10784",192,2010,18.8,38.41,16.63,30.19,24.75,36.3,26.03
"10785",193,2010,1.92,2.69,4.66,9.68,3.31,7.63,11.92
"10786",194,2010,6.02,5.31,7.8,5.31,9.83,4.33,7.87
"10787",195,2010,4.31,1.88,6.32,6.15,5.73,3.92,9.48
"10788",196,2010,6.01,8.29,7.63,13.05,12.85,13.87,15.17
"10789",197,2010,14.09,14.96,15.32,13.55,11.76,16.41,15.41
"10790",198,2010,7.58,9.33,9.14,16.25,5.18,24.59,9.71
"10791",199,2010,7.19,4.86,8.89,15.46,2.91,20.36,8.51
"10792",200,2010,1.88,2.53,3.25,6.74,0.91,10.75,3.51
"10793",201,2010,0.24,0.44,0.34,2.6,0.07,3.72,1.85
"10794",202,2010,0.17,0.99,0.38,5.8,0.38,9.21,3.62
"10795",203,2010,2.63,3.46,4.79,9.61,1.25,11.25,6.53
"10796",204,2010,19.84,38.22,19.41,29.57,27.47,35.66,27.46
"10797",205,2010,10.49,13.02,15.08,17.37,12.87,19.04,13.41
"10798",206,2010,15.01,8.06,14.32,15.97,9.71,17.71,14.45
"10799",207,2010,16.15,21.5,12.17,18.2,20.84,14.74,19.24
"10800",208,2010,13.46,13.01,15.65,9.22,14.76,8.14,12.47
"10801",209,2010,0.64,2.21,0.68,7.18,0.42,7.69,3.45
"10802",210,2010,9.01,4.91,9.4,7.73,8.16,8.12,6.55
"10803",211,2010,4,6.52,6.61,5.9,3.45,5.88,5.53
"10804",212,2010,1.87,7.94,1.47,13.92,4.1,13.32,10.65
"10805",213,2010,7.49,5.13,10.48,8.72,8.39,6.69,9.04
"10806",214,2010,6.24,6.55,10.28,5.55,10.99,5.21,5.97
"10807",215,2010,7.61,11.68,7.88,11.7,12.43,14.71,10.59
"10808",216,2010,5.04,8.28,5.28,16.03,2.5,29.61,4.88
"10809",217,2010,1.56,8.17,1.88,16.64,1.72,26.15,4.9
"10810",218,2010,1.33,1.1,1.58,5.59,0.66,6.54,1.95
"10811",219,2010,0.24,0.27,0.36,4.47,0.04,5.09,1.48
"10812",220,2010,0.02,0.09,0.01,2.82,0.02,2.49,1.39
"10813",221,2010,0.13,0.31,0.26,4.71,0.1,5.85,1.39
"10814",222,2010,0.31,0.28,0.4,2.89,0.5,4.46,0.57
"10815",223,2010,3.17,6.3,5.28,15.85,1.21,25.11,4.34
"10816",224,2010,3.19,4.97,4.35,15.08,1.37,20.17,5.74
"10817",225,2010,6.17,10.14,4.65,15.97,6.17,19.4,11.25
"10818",226,2010,20.08,15.25,19.66,17.16,16.63,20.83,17.86
"10819",227,2010,1.47,5.82,2.09,13.7,0.98,18.09,7.4
"10820",228,2010,0.27,0.82,0.22,5.79,0.11,6.65,3.46
"10821",229,2010,1.57,1.6,1.7,2.97,1.56,2.74,2.99
"10822",230,2010,25.4,7.89,27.31,8.31,14.04,5.5,14.68
"10823",231,2010,6.83,8.25,8.04,19.54,5.21,22.41,13.35
"10824",232,2010,1.02,3.31,1.15,14.09,6.19,10.8,14.48
"10825",233,2010,8.62,8.81,8.59,11.5,9.38,9.86,6.42
"10826",234,2010,5.88,7.46,6.68,11.05,4.93,14.31,4.33
"10827",235,2010,1.65,2.73,2.08,7.08,1.74,6.24,5.25
"10828",236,2010,7.96,13.77,8.24,10.54,14.14,10.74,11.72
"10829",237,2010,8.03,5.1,10.75,5.7,11.51,4.16,11.08
"10830",238,2010,8.61,11.14,7.2,15.65,9.62,22.18,12.89
"10831",239,2010,20.11,12.25,18.41,13.17,18.28,17.39,12.66
"10832",240,2010,5.75,9.64,4.18,8.81,4.47,13.72,6.33
"10833",241,2010,1.36,5.35,1.29,4.81,2.05,6.21,4.66
"10834",242,2010,2.52,3.19,4.42,2.64,0.92,4.46,1.61
"10835",243,2010,6.41,10.01,4.53,10.54,7.65,13.05,14.34
"10836",244,2010,5.85,20.51,5.01,17.39,11.41,26.41,12.45
"10837",245,2010,12.45,25.9,13.97,13.74,24.65,18.93,15.56
"10838",246,2010,6.37,4.46,9.73,4.77,13.1,2.79,8
"10839",247,2010,13.83,11.81,15.68,6.95,15.08,4.18,12.53
"10840",248,2010,10.8,10.32,12.05,14.01,14.42,22.43,7.97
"10841",249,2010,6.27,3.18,9.81,6.54,6.84,4.81,6.04
"10842",250,2010,16.77,14.3,16.46,7.36,13.45,10.57,7.38
"10843",251,2010,10.1,16.18,4.12,15.88,7.22,24.17,8.58
"10844",252,2010,4.07,8.31,2.43,16.55,3.44,20.86,12.74
"10845",253,2010,14.12,16.1,10.3,10.57,14.94,12.27,13.41
"10846",254,2010,11.26,28.76,10.55,22.44,15.47,24.87,22.63
"10847",255,2010,11.61,23.87,11.41,24.12,11.8,27.81,19.45
"10848",256,2010,10.88,24.02,7.98,34.06,12.31,41.58,23.55
"10849",257,2010,1.29,5.88,1.61,13.22,2.62,12.53,8.89
"10850",258,2010,12.31,5.64,14.52,2.03,7.22,1.59,2.07
"10851",259,2010,7.31,6.8,10.03,9.49,4.73,12.14,5.85
"10852",260,2010,5.88,14.43,6.88,16.45,7.28,17.66,17.03
"10853",261,2010,2.74,11.09,2.45,22.35,2.76,34.22,7.79
"10854",262,2010,10.99,9.95,15.62,13.8,10.56,14.31,10.97
"10855",263,2010,5.32,6.4,5.09,17.42,4.21,11.12,19.47
"10856",264,2010,4.96,8.19,5.62,11.62,8.94,10.16,14.43
"10857",265,2010,2.96,2.47,3.68,6.92,4.41,5.45,5.55
"10858",266,2010,12.29,16.39,13.04,23.75,20.12,25,19.4
"10859",267,2010,10.26,2.04,15.21,6.63,7.85,5.11,6.48
"10860",268,2010,3.86,8.25,4.29,14.87,8.63,12.81,13.03
"10861",269,2010,5.05,3.75,5.75,11.07,3.71,8.7,8.65
"10862",270,2010,7.09,8.67,9.57,22.6,6.71,25.16,12.46
"10863",271,2010,6.83,8.26,7.05,10.96,7.39,10.43,11.56
"10864",272,2010,2.78,1.68,2.51,6.38,2.52,3.06,7.14
"10865",273,2010,1.94,2.03,4.67,4.46,1.11,2.13,5.63
"10866",274,2010,5.02,7.89,3.27,7.02,5.64,7.15,5.73
"10867",275,2010,13.08,18.41,10.43,17.2,12.59,19.18,19.41
"10868",276,2010,4.1,9.38,5.55,11.59,4.39,11.21,9.95
"10869",277,2010,12.31,24.54,11.55,22.1,13.06,19.41,22.09
"10870",278,2010,4.36,13.9,4.48,29.45,6.94,41.86,17.28
"10871",279,2010,1.26,7.48,0.64,33.49,0.87,43.5,14.1
"10872",280,2010,4.29,9.16,4.42,26.1,4.47,36.51,12.65
"10873",281,2010,9.77,9.95,7.57,13.19,9.39,15.28,7.51
"10874",282,2010,24.72,20.25,22.2,10.99,18.73,13.92,6.68
"10875",283,2010,6.91,3.01,6.24,3.89,4.54,3.88,3.32
"10876",284,2010,2.21,2.65,2.11,4.86,2.96,5.76,6.25
"10877",285,2010,4.44,3.3,5.88,4.87,2.81,6.75,5.5
"10878",286,2010,5.51,4.61,5.97,4.89,4.75,5.83,5.28
"10879",287,2010,3.83,2.44,5.74,5.25,3.35,4.72,6.55
"10880",288,2010,13.43,14.22,14.74,14.44,13.18,18.21,12.96
"10881",289,2010,10.67,3.99,17.24,12.24,10.87,13.41,7.11
"10882",290,2010,4.35,0.62,7.53,3.39,2.15,3.26,3.13
"10883",291,2010,7.84,4.97,7.02,7.33,9.23,7.79,6.61
"10884",292,2010,6.7,6.83,7.61,8.38,7.79,6.43,14.69
"10885",293,2010,9.19,7.76,13.42,9.44,12.89,9,21.66
"10886",294,2010,6.29,1.29,5.43,2.83,1.54,3.57,2.72
"10887",295,2010,1.26,1.1,0.8,4.1,0.46,3.31,2.39
"10888",296,2010,0.76,0.56,0.7,1.41,0.3,1.49,1.4
"10889",297,2010,0.34,0.48,0.19,1.27,0.5,0.96,1.97
"10890",298,2010,1.02,0.26,0.8,2.55,0.32,3.01,2.63
"10891",299,2010,2.86,2.9,4.07,5.1,0.8,6.13,3.72
"10892",300,2010,0.75,0.44,1.19,2.99,0.28,1.95,3.52
"10893",301,2010,0.46,2.3,0.69,3.75,0.28,8.12,4.7
"10894",302,2010,0.3,0.65,0.46,4.97,0.13,4.21,4.84
"10895",303,2010,0.18,0.23,0.15,1.18,0.06,0.7,4.36
"10896",304,2010,0.23,0.83,0.18,1.97,0.24,1.72,2.6
"10897",305,2010,13.16,3.3,21.96,1.43,10.52,0.73,2.07
"10898",306,2010,14.6,9.41,17.78,9.66,15.12,10.9,7.32
"10899",307,2010,5.74,6.4,8.9,10.53,6.84,9.12,9.83
"10900",308,2010,6.02,7.18,5.6,15.36,4.48,16.7,10.76
"10901",309,2010,4.23,4.89,6.09,10.17,5.22,12.21,6.89
"10902",310,2010,8.65,9.71,7.88,12.24,7.58,10.83,14.07
"10903",311,2010,11.78,16.93,13.22,26.4,14.1,28.71,24.3
"10904",312,2010,11.14,10.34,8.42,25.94,15.36,23.55,25.87
"10905",313,2010,11.59,6.78,11.03,7.64,11.81,3.87,9.78
"10906",314,2010,16.92,9.02,15.58,10.59,10.75,10.37,6.2
"10907",315,2010,1.42,0.79,1.76,5.92,1.07,8.89,2.52
"10908",316,2010,9.75,5.53,11.62,5.76,7.79,4.8,6.27
"10909",317,2010,11.19,8.56,9.69,12.86,7.95,14.23,11.84
"10910",318,2010,7.85,6.21,6.73,14.65,3.74,15.59,12.46
"10911",319,2010,7.5,5.02,6.18,6.27,6.28,6.06,6.7
"10912",320,2010,6.73,4.69,8.7,8.37,8.23,7.29,8.52
"10913",321,2010,3.73,3.8,2.64,2.85,6.18,2.94,4.86
"10914",322,2010,10.4,2.91,16.61,2.81,5.21,2.16,2.5
"10915",323,2010,6.53,2.28,7.8,6.48,5.49,4.68,5.06
"10916",324,2010,2.64,2.41,2.87,4.48,3.16,3.39,3.18
"10917",325,2010,0.41,1.43,0.9,0.54,0.96,0.79,0.43
"10918",326,2010,0.44,1.82,1.12,0.46,0.88,1.24,0.41
"10919",327,2010,0.58,4.18,0.63,2.02,1.78,2.76,1.22
"10920",328,2010,0.04,2.13,0.07,1.27,0.13,3.5,0.59
"10921",329,2010,0.21,0.55,0.28,0.36,0.54,0.54,0.35
"10922",330,2010,7.15,7.49,14.14,7.82,5.31,8.2,5.16
"10923",331,2010,7.53,12.53,11.2,9.12,7.47,12.49,7.18
"10924",332,2010,1.58,8.56,1.76,10.69,2.84,19.18,8.31
"10925",333,2010,0.45,3.51,0.59,10.78,0.62,15.05,4.71
"10926",334,2010,2.9,6.19,3.55,6.83,2.59,11.88,3.89
"10927",335,2010,1.72,2.75,1.88,4.56,1.32,4.33,4.21
"10928",336,2010,1.31,3.03,1.31,7.77,1.3,9.49,5.79
"10929",337,2010,8.5,7.81,9.3,19.45,10.04,14.31,17.05
"10930",338,2010,6.47,20.52,6.35,42.84,14.2,50.81,35.37
"10931",339,2010,1.58,2.82,1.62,21.91,1.33,31.3,5.69
"10932",340,2010,0.9,4.14,1.22,9.93,0.76,22.86,2.7
"10933",341,2010,1.7,0.99,1.88,2.8,1.88,3.41,1.76
"10934",342,2010,3.49,1.56,4.19,3.1,3.27,2.11,3.1
"10935",343,2010,1.28,2.95,0.72,3.06,1.48,3.69,2.78
"10936",344,2010,0.53,0.26,0.56,1,0.28,0.57,1.43
"10937",345,2010,0.04,1.1,0,0.68,0.17,1.37,0.4
"10938",346,2010,0.06,1.83,0,1.67,0.18,2.99,0.59
"10939",347,2010,0.01,0.7,0,0.94,0.06,1.38,0.49
"10940",348,2010,0.02,0.85,0,1.6,0.13,2.14,0.97
"10941",349,2010,0.03,2.11,0,6,0.11,9.53,2.77
"10942",350,2010,0.05,0.26,0.33,0.38,0.66,0.51,0.68
"10943",351,2010,0.17,1.15,0.98,1.92,0.59,2.98,1.57
"10944",352,2010,0.02,0.35,0.09,1.22,0.19,1.53,1.49
"10945",353,2010,0,0.05,0.01,0.59,0.01,0.37,0.78
"10946",354,2010,0.02,0.24,0.05,1.73,0.16,2.15,1.47
"10947",355,2010,0.19,0.55,0.19,1.43,0.09,1.76,1.04
"10948",356,2010,0.28,0.34,0.54,0.62,0.16,0.63,0.6
"10949",357,2010,0.89,0.66,1.72,0.65,0.74,0.49,0.62
"10950",358,2010,1.47,2.17,2.05,1.93,0.98,1.87,2.68
"10951",359,2010,1.94,1.91,3.07,3.72,0.96,4.93,2.23
"10952",360,2010,2.52,1.55,4.06,2.15,4.37,2.79,3.05
"10953",361,2010,0.3,0.38,0.51,0.37,0.9,0.3,0.58
"10954",362,2010,1.66,1.11,2.54,0.8,4.2,0.71,1.25
"10955",363,2010,1.35,5.74,1.71,3.2,2.71,6.26,2.37
"10956",364,2010,0.22,0.33,0.29,0.12,0.59,0.11,0.19
"10957",365,2010,0.01,0,0.03,0,0.01,0,0.02
"10958",1,2011,0,0.08,0,0.08,0,0.1,0.06
"10959",2,2011,0.01,0.35,0,0.31,0.04,0.36,0.17
"10960",3,2011,0.04,1.52,0,2.08,0.21,3.96,0.9
"10961",4,2011,0,0.37,0,1.35,0,3.21,0.57
"10962",5,2011,0,0.14,0,1.2,0.01,1.01,0.63
"10963",6,2011,3.03,1.6,4.85,1.43,1.58,1.87,0.87
"10964",7,2011,9.02,3.69,12.27,4.66,7.04,3.87,3.98
"10965",8,2011,5.12,4.77,6.5,9.36,4.81,11.87,4.56
"10966",9,2011,7.38,10.51,8.07,11.4,9.84,17.24,6.25
"10967",10,2011,3.99,3.23,4.02,3.58,5.15,3.01,2.65
"10968",11,2011,0.3,1.7,0.14,2.09,0.57,3.14,1.04
"10969",12,2011,0.02,0.23,0,0.08,0.07,0.07,0.07
"10970",13,2011,0.01,0.02,0.01,0.12,0.01,0.1,0.06
"10971",14,2011,0.01,0.37,0,1.52,0.02,2.53,0.54
"10972",15,2011,0.03,0.37,0.01,0.6,0.05,0.95,0.24
"10973",16,2011,0.01,0.61,0,1.39,0.05,1.66,0.68
"10974",17,2011,0.03,0.31,0,0.36,0.09,0.41,0.27
"10975",18,2011,0,0.07,0,0.16,0,0.15,0.1
"10976",19,2011,0,0.01,0,0.03,0.01,0.02,0.02
"10977",20,2011,0,0,0,0,0,0,0.01
"10978",21,2011,0,0.01,0,0,0.01,0,0.01
"10979",22,2011,0.09,0.62,0.02,0.05,0.18,0.05,0.06
"10980",23,2011,0.01,0.2,0.02,0.51,0.04,0.35,0.23
"10981",24,2011,0.07,1.64,0.05,3.75,0.28,5.9,1.43
"10982",25,2011,0,0.01,0,0.82,0.01,0.61,0.26
"10983",26,2011,0,0,0,0.99,0,0.83,0.38
"10984",27,2011,0,0.01,0,0.33,0,0.27,0.15
"10985",28,2011,0,0.07,0,0.05,0,0.05,0.04
"10986",29,2011,0.01,0.33,0,0.66,0.03,0.8,0.4
"10987",30,2011,0.01,0.64,0,0.99,0.07,1.75,0.34
"10988",31,2011,0.02,0.83,0,2.02,0.04,3.97,0.55
"10989",32,2011,0.01,1.14,0,2.9,0.07,4.4,0.94
"10990",33,2011,0,0.13,0,0.86,0,1.61,0.17
"10991",34,2011,0,0,0,0.25,0,0.18,0.08
"10992",35,2011,0,0,0,0.05,0,0.02,0.05
"10993",36,2011,0,0.05,0,0.66,0,0.63,0.21
"10994",37,2011,0.02,0.12,0.01,1.53,0.03,1.35,0.42
"10995",38,2011,0.01,0.07,0,2.29,0.06,1.74,0.76
"10996",39,2011,0.01,0.42,0.03,1.83,0.05,1.35,1.14
"10997",40,2011,0.07,4.18,0.02,8.44,0.32,12.22,3.21
"10998",41,2011,0,0.48,0,4.13,0,7.03,1.53
"10999",42,2011,0.01,0.26,0.08,3.08,0.02,2.7,1.89
"11000",43,2011,1.8,2.51,3.14,7.09,1.15,7.68,4.52
"11001",44,2011,0,0.1,0,2.67,0,1.65,1.65
"11002",45,2011,0.06,0.1,0.11,1.9,0.03,1.2,1.7
"11003",46,2011,1.47,2.25,2.28,7.63,0.88,9,3.8
"11004",47,2011,0.55,2.04,1.22,4.8,0.77,8.35,2.49
"11005",48,2011,0.04,0.1,0.01,0.65,0.02,0.85,0.53
"11006",49,2011,0.17,0.22,0.25,0.87,0.43,1.09,0.76
"11007",50,2011,0.01,0.05,0,0.94,0.04,0.97,0.94
"11008",51,2011,0,0,0,0.49,0,0.49,0.35
"11009",52,2011,0,0,0,1.78,0,1.73,0.65
"11010",53,2011,0.06,0.13,0.02,1.62,0.11,1.39,0.92
"11011",54,2011,0.26,0.79,0.08,3.07,0.66,4.91,1.28
"11012",55,2011,2.99,5.93,0.74,16.51,5.86,31.34,6.68
"11013",56,2011,2.31,12.39,0.23,7.53,3.24,13.05,4.25
"11014",57,2011,2.97,5.05,3.1,8.36,5.69,9.14,5.74
"11015",58,2011,13.09,22.57,17.01,55.61,29,53.39,43.81
"11016",59,2011,0.88,1.75,1.2,11.92,1.44,10.85,6.07
"11017",60,2011,0.11,2.16,0.16,3.63,0.12,3.73,1.32
"11018",61,2011,1.13,3.53,0.18,3.27,1.17,2.6,1.5
"11019",62,2011,0.23,3.38,0.24,6.53,1.04,6.4,3.27
"11020",63,2011,0.01,0.08,0,2.75,0.03,1.35,1.14
"11021",64,2011,0.46,0.34,1.21,0.66,0.16,0.19,0.48
"11022",65,2011,4.39,5.87,3.54,5.22,11.15,3.66,6.99
"11023",66,2011,3.43,7.69,1.46,11.98,4.53,8.9,9.57
"11024",67,2011,0.53,1.87,0.58,5.83,1.07,3.37,5.49
"11025",68,2011,5.1,3.58,7.02,7.99,2.61,5.19,6.96
"11026",69,2011,7.76,8.35,5.48,8.26,5.47,8.49,9.13
"11027",70,2011,0.71,2.17,0.2,1.47,1.49,1.14,1.37
"11028",71,2011,0.29,1.6,0.04,1.45,1.35,0.94,1.57
"11029",72,2011,0,0.07,0,0.63,0,0.47,0.46
"11030",73,2011,0,0.01,0,0.24,0,0.12,0.13
"11031",74,2011,0.01,0.1,0,0.1,0.02,0.07,0.09
"11032",75,2011,0.19,0.17,0.21,0.2,0.3,0.12,0.47
"11033",76,2011,4.63,4.74,2.96,2.13,6.25,2.48,1.77
"11034",77,2011,3.43,2.68,3.93,3.05,3.1,2.81,2.67
"11035",78,2011,1.73,3.51,1.66,3.43,3.46,3.85,2.87
"11036",79,2011,0.06,0.49,0.06,1.35,0.11,1.06,1.12
"11037",80,2011,1.07,0.8,1.42,4.03,0.87,2.76,4.41
"11038",81,2011,10.97,3.67,18.49,3.31,11.34,3.44,3.5
"11039",82,2011,3.48,16.41,2.59,34.23,4.96,37.7,22.96
"11040",83,2011,2.75,8.42,3.04,21.28,4.55,32.32,9.61
"11041",84,2011,10.21,7.71,13.4,9.58,6.47,12.64,7.19
"11042",85,2011,21.48,11.74,18.37,11.35,12.82,20.39,5.87
"11043",86,2011,0.87,0.14,0.5,2.28,0.35,1.67,1.37
"11044",87,2011,0,0.01,0,1.34,0.01,0.68,1
"11045",88,2011,0.01,0.09,0.01,0.97,0.02,1.01,0.6
"11046",89,2011,0.31,0.29,0.23,1.45,0.08,1.27,0.8
"11047",90,2011,2.85,0.92,4.25,2.61,1.3,3.5,2.07
"11048",91,2011,0.04,0.13,0.06,1.01,0.13,1,0.7
"11049",92,2011,0.05,0.15,0.13,0.56,0.1,0.53,0.41
"11050",93,2011,0.63,1.99,1.39,3.51,1.98,5.92,2.34
"11051",94,2011,0.07,0.33,0.09,1.67,0.3,1.74,0.86
"11052",95,2011,0.01,0.17,0.01,0.88,0.14,0.66,0.43
"11053",96,2011,0.07,0.36,0.07,3.48,0.12,3.09,2.2
"11054",97,2011,0.79,3.5,0.47,8.33,2.02,8.22,7.12
"11055",98,2011,2.26,3.03,1.98,4.85,2.32,5.06,5.71
"11056",99,2011,0.96,1.87,1.54,3.71,1.43,3.24,3.43
"11057",100,2011,6.31,5.61,9.14,10.13,8.32,8.16,12.98
"11058",101,2011,7.19,7.66,13.53,12.3,5.78,15.21,8.78
"11059",102,2011,10.28,3.8,13.69,11.41,9.86,14.74,6.05
"11060",103,2011,3.71,1.74,5.6,7.74,1.75,8.31,3.44
"11061",104,2011,10.48,8.03,10,14.15,5.46,21.74,5.13
"11062",105,2011,7.56,12.51,7.11,14.25,7.81,22.01,7.76
"11063",106,2011,25.21,15.35,30.79,28.02,19.65,26.34,15.03
"11064",107,2011,22.37,28.65,25.47,34.43,20.47,33.93,31.71
"11065",108,2011,26.05,30,30.5,48.11,29.96,38.7,35.02
"11066",109,2011,14.36,20.34,14.88,26.45,20.69,26.75,15.99
"11067",110,2011,28.85,40.81,19.18,35.51,25.53,41.84,31.57
"11068",111,2011,6.6,8.67,4.79,14.29,4.97,22.37,11.05
"11069",112,2011,3.11,10.15,4.17,16.01,5.45,29.86,9.58
"11070",113,2011,10.77,21.76,12.59,47.03,16.41,57.59,36.77
"11071",114,2011,6.37,15.72,6.71,12.88,8.76,15.72,10.48
"11072",115,2011,7.62,17.06,8.43,32.45,6.91,56.73,12.68
"11073",116,2011,7.69,7.73,6.09,9.03,5.09,6.83,7.16
"11074",117,2011,9.59,16.7,13.69,16.33,12.22,17.98,11.22
"11075",118,2011,5.95,22.78,6.49,23.05,14.85,29.89,15.85
"11076",119,2011,3.86,10.12,2.38,14.07,4.75,19.6,11.14
"11077",120,2011,3.85,11.06,3.6,11.58,5.15,13.83,12.58
"11078",121,2011,17.56,11.92,18.57,10.74,17.06,8.45,14.51
"11079",122,2011,18.35,25.32,18.77,35.15,17.85,47.4,26.51
"11080",123,2011,27.33,16.32,32.46,18.94,21.86,20.08,17.75
"11081",124,2011,10.36,12.25,9.79,23.99,6.98,30.05,13.88
"11082",125,2011,6.61,9.22,9.75,20.7,1.67,28.87,9.52
"11083",126,2011,3.49,5.23,5.29,12.32,6.37,11.8,12.13
"11084",127,2011,15.41,25.57,14.74,24.45,23.84,22.51,32.95
"11085",128,2011,2.21,6.44,2.13,11.07,1.09,11.37,6.98
"11086",129,2011,1.48,4.92,1.11,10.35,3.72,12.57,6.89
"11087",130,2011,12.08,20.49,11.38,25.58,22.61,24.55,25.93
"11088",131,2011,12.43,20.65,8.09,19.02,12.58,26.53,10.21
"11089",132,2011,8.2,16.34,9.6,14.29,8.42,19.76,7.11
"11090",133,2011,16.79,19.77,17.48,15.45,17.15,16.19,17.51
"11091",134,2011,14.5,21.11,17.81,21.43,23.86,17.25,26.15
"11092",135,2011,12.02,14.21,15.42,12.23,10.93,10.02,14.23
"11093",136,2011,20,40.69,21.17,47.68,49.7,44.73,52.98
"11094",137,2011,6.76,17.94,9.9,31.05,10.82,31.53,22.74
"11095",138,2011,14.35,56.8,9.89,49.67,29.51,59.74,36.14
"11096",139,2011,7.04,27.72,6.46,39.35,13.44,45.37,25.58
"11097",140,2011,15.47,14.39,18.08,8.9,20.31,6.86,10.03
"11098",141,2011,5.95,2.47,8.3,5.42,5.93,4.26,4.33
"11099",142,2011,12.12,10.69,15.8,19.73,14.94,24.69,8.76
"11100",143,2011,4.82,3.25,8.02,7.53,5.25,7.94,5.25
"11101",144,2011,8.63,5.46,13.03,6.06,12.74,4.91,7.19
"11102",145,2011,5.54,5.88,5.61,6.43,7.3,3.98,13.82
"11103",146,2011,15.53,11.51,20.25,10.05,18.18,11.96,16.12
"11104",147,2011,11.28,8.46,15.38,13.66,11.3,14.38,10.21
"11105",148,2011,12.04,15.91,15.25,22.85,17.28,28.76,17.1
"11106",149,2011,9.04,9.71,10.08,18.26,12.64,20.93,15.84
"11107",150,2011,16.8,16.85,17.91,30.98,24.22,38.79,34.63
"11108",151,2011,1.93,2.54,5.33,14.23,2.19,18.05,10.29
"11109",152,2011,15.79,25.26,13.79,28.27,24.3,28.22,25.66
"11110",153,2011,32.55,29.87,27.81,32.56,33.12,30.65,28.03
"11111",154,2011,3.73,8.76,2.56,11.33,0.84,10.77,10.53
"11112",155,2011,14.15,9.6,15.41,8.95,14.66,7.1,11.91
"11113",156,2011,5.79,15.87,4.37,20.75,6.04,28.41,7.31
"11114",157,2011,1.41,5.99,1.44,29.42,1.6,34.28,13.1
"11115",158,2011,8.52,9.81,10.25,14.82,12.8,14.98,10.41
"11116",159,2011,15.28,17.34,19.77,9.56,18.04,9.91,15.7
"11117",160,2011,3.67,3.49,3.75,4.57,4.22,3.84,5.62
"11118",161,2011,9.65,6.12,12.75,6.53,10.91,6.01,9.05
"11119",162,2011,13.68,4.04,17.16,6.45,13.86,7.66,5.27
"11120",163,2011,12.56,13.18,15.01,11.02,12.78,12.7,10
"11121",164,2011,21.28,9.28,24.35,9.05,9.7,9.27,7.34
"11122",165,2011,15.05,11.14,17.4,21.65,17.27,20.72,25.25
"11123",166,2011,4.76,7.88,3.6,5.1,6.52,7.23,3.74
"11124",167,2011,16.85,15.91,20.32,13.08,19.27,16.99,9.61
"11125",168,2011,5.37,0.48,10.47,2.28,2.97,1.66,1.52
"11126",169,2011,19.74,10.26,26.31,4.17,18.06,2.36,5.27
"11127",170,2011,16.35,8.22,10.6,3.5,10.46,4.38,3.41
"11128",171,2011,20.86,23.08,22.58,16.42,19.02,27.15,8.4
"11129",172,2011,12.64,4.68,13.44,5.62,8.13,5.39,5.35
"11130",173,2011,17.75,16.11,19.88,13.21,13.46,15.91,10.82
"11131",174,2011,17.65,13.34,16.88,13.23,15.42,17.01,12.53
"11132",175,2011,8.18,13.39,9.67,24.85,9.4,38.89,14.71
"11133",176,2011,6.94,2.64,8.87,7.32,3.65,7.16,7.56
"11134",177,2011,15.71,10.37,18.51,26.82,14.55,31.55,19.4
"11135",178,2011,17.08,14.89,26.39,23.77,16.98,33.74,20.36
"11136",179,2011,7.36,1.96,9.18,3.8,3.84,3.05,4.55
"11137",180,2011,8.11,7.26,9.08,6.31,7.18,2.83,8.36
"11138",181,2011,13.09,5.18,16.34,9.43,12.55,8.51,9.78
"11139",182,2011,4.32,6.73,6.91,20.5,5,18.64,16.7
"11140",183,2011,11.68,10.81,11.81,16.79,11.37,17.6,12.07
"11141",184,2011,12.78,7.95,12.27,6.15,11.48,6.3,6.91
"11142",185,2011,6.38,5.44,6.15,14.24,7.84,15.5,9.79
"11143",186,2011,17.25,12.27,18.92,12.67,20.29,14.24,12.14
"11144",187,2011,18.6,14.06,14.42,10.58,14.33,10.82,10.82
"11145",188,2011,2.33,3.76,3.52,14.07,1.21,21.42,3.16
"11146",189,2011,1.82,8.27,0.81,5.03,1.88,5.82,2.93
"11147",190,2011,2.82,8.33,1.54,10.85,4.14,11.25,9.62
"11148",191,2011,28.31,17.63,30.67,14.98,29.78,18.86,9.52
"11149",192,2011,12.82,19.56,13.05,22.17,16.71,32.1,12.02
"11150",193,2011,9.4,10,9.88,13.76,12.05,16.92,14.31
"11151",194,2011,8.42,14.39,11.95,13.32,8.74,18.26,9.28
"11152",195,2011,5.6,6.82,8.02,11.11,5.2,12.87,8.21
"11153",196,2011,9.48,3.83,12.71,4.46,6.93,3.07,5.42
"11154",197,2011,1.94,0.48,3.56,6.73,1.55,3.52,5.74
"11155",198,2011,3.71,0.21,6.1,1.54,0.97,1.17,1.48
"11156",199,2011,15.29,11.77,16.18,14.17,10.39,18.53,7.24
"11157",200,2011,6.63,7.9,8.68,11.69,5.61,16.04,9.13
"11158",201,2011,16.88,17.4,22.14,11.95,18.58,16.17,10.62
"11159",202,2011,10.97,4.67,10.18,6.1,4.28,5.54,2.87
"11160",203,2011,10.75,3.87,12.65,6.01,7.59,6.09,4.42
"11161",204,2011,20.76,12.22,24.8,18.22,15.82,20.89,10.76
"11162",205,2011,11.75,7.42,12.18,7.15,4.58,10.68,2.46
"11163",206,2011,9.52,5.41,8.94,14.35,2.55,20.63,4.04
"11164",207,2011,4.33,16.11,4.14,15.93,4.32,25.83,6.54
"11165",208,2011,34.19,29.78,33.31,14.24,31.31,18.7,10.03
"11166",209,2011,6.09,7.36,9.59,13.6,4.71,21.89,6.11
"11167",210,2011,8.77,1.16,13.33,2.16,4.19,1.38,5.16
"11168",211,2011,21.12,12.39,24.04,5.02,16.83,5,5.93
"11169",212,2011,13.62,3.72,16.11,1.77,13.62,0.88,4.22
"11170",213,2011,6.82,3.32,4.08,2.98,3.89,1.49,4.74
"11171",214,2011,3.8,3.99,4.68,4.29,5.04,4.26,6.29
"11172",215,2011,10.83,6.59,12.43,10.11,8.02,11.12,10.68
"11173",216,2011,36.92,8.06,47.75,4.1,35.71,5.84,5.7
"11174",217,2011,4.23,2.51,3.17,3.03,2.06,3.87,1.63
"11175",218,2011,8.62,7.26,11.81,7.32,10.31,10.44,6.48
"11176",219,2011,3.81,5.46,4.4,12.15,3.92,21.16,7.1
"11177",220,2011,3.99,3.69,3.45,3.34,4.1,4.76,2.61
"11178",221,2011,6.96,8.95,10.25,10.65,7.89,13.39,9.08
"11179",222,2011,0.95,2.53,0.96,6.74,0.74,11.08,2.51
"11180",223,2011,10.92,7.57,17.64,6.62,12.36,7.37,5.69
"11181",224,2011,9.2,16.13,11.51,19.44,6.17,27.5,11.11
"11182",225,2011,3.37,2.72,5.79,8.14,3.67,8.45,5.87
"11183",226,2011,6.67,1.97,6.22,3.85,4.51,2.83,4.24
"11184",227,2011,2.9,10.81,3.95,16.79,5.47,15.59,13.68
"11185",228,2011,12.89,6.37,16.06,8.25,19.27,7.76,9.63
"11186",229,2011,19.19,6.95,25.1,9.01,16.74,8.68,7.56
"11187",230,2011,2.05,0.52,2.96,2.83,1.3,2.97,2.04
"11188",231,2011,22.5,4.24,28.63,8.48,13.99,6.71,9.31
"11189",232,2011,16.13,14.35,15.01,11.16,13.82,15.1,9.93
"11190",233,2011,1.1,1.09,1.22,0.88,1.19,0.54,1.06
"11191",234,2011,5.84,2.41,7.39,1.81,8.04,1.54,2.96
"11192",235,2011,4.07,5.43,3.22,13.16,2.83,16.21,6.41
"11193",236,2011,4.5,2.31,4.17,7.16,1.42,7.29,2.61
"11194",237,2011,2.54,3.03,2.35,5.74,4.4,4.61,4.83
"11195",238,2011,8.97,14.58,9.18,20.19,10.51,22.5,12.14
"11196",239,2011,1.85,0.71,2.23,2.5,1.35,2.74,1.81
"11197",240,2011,24.32,8.84,30.56,18.01,17.3,16.77,12.04
"11198",241,2011,5.11,4.56,4.39,13.3,5.15,15.44,8.38
"11199",242,2011,1.36,1.35,1.53,2.35,1.34,2.85,1.62
"11200",243,2011,23,7.49,25.92,7.03,13.01,8.51,3.73
"11201",244,2011,6.4,4.45,11.51,5.25,4.57,6.84,4.1
"11202",245,2011,3.8,2.58,5.93,7.31,2.93,9.3,4.54
"11203",246,2011,6.93,2.66,9.53,7.64,4.88,6.63,9.76
"11204",247,2011,1.27,0.9,1.51,4,1.57,2.16,4.66
"11205",248,2011,0.57,0.2,1.08,0.71,0.3,0.59,0.86
"11206",249,2011,3.58,2.26,5.62,2.15,5.37,3.66,1.74
"11207",250,2011,29.59,12.37,28.93,3.57,24.72,2.66,7.67
"11208",251,2011,15.98,8.96,22.49,7.75,12.77,7.7,9.25
"11209",252,2011,6.16,4.97,6.29,10.3,5.73,7.86,11.68
"11210",253,2011,3.06,6.52,2.5,7.47,3.29,7.54,7.01
"11211",254,2011,16.69,13.83,27.09,16.63,17.06,16.21,16.68
"11212",255,2011,1.94,3.59,2.82,14.23,1.02,19.93,4.94
"11213",256,2011,2.6,2.37,4.71,6.9,2.01,9.78,4.65
"11214",257,2011,15.12,10.86,16.68,9.64,13.54,7.3,11.57
"11215",258,2011,3.72,3.64,5,7.26,3.6,6.3,11.23
"11216",259,2011,7.5,2.7,8.05,6.06,4.22,4.87,5.71
"11217",260,2011,5.01,4.67,5.76,6.68,6.2,6.34,8.9
"11218",261,2011,0.47,0.94,1.13,5.49,0.92,5.68,4.87
"11219",262,2011,5.05,3.93,5.27,7.67,3.06,8.87,5.46
"11220",263,2011,3.06,3.2,5.36,3.53,3.76,3.68,3.44
"11221",264,2011,8.75,7.86,9.92,8.67,8.58,7.01,9.25
"11222",265,2011,0.34,1.99,0.69,7.67,0.98,7.62,6.96
"11223",266,2011,1.6,1.4,2.05,2.34,2.65,2.3,3.35
"11224",267,2011,4.54,5.21,6.17,7.03,5.29,7.95,7.5
"11225",268,2011,13.69,15.77,14.18,19.39,18.78,30.91,11.98
"11226",269,2011,0.51,0.39,2.01,6.15,0.51,4.77,3.36
"11227",270,2011,1.67,0.41,3.54,1.35,1.77,0.72,2.78
"11228",271,2011,3.9,0.79,8.87,2.92,4.06,1.16,4.74
"11229",272,2011,1.11,0.33,1.76,2.21,0.89,1.31,3.55
"11230",273,2011,3.58,0.52,8.09,2.59,3.5,0.97,5.18
"11231",274,2011,1.49,3.08,2.66,9.67,2.43,13.37,6.27
"11232",275,2011,0.85,0.75,1.44,2.15,1.19,2.64,1.67
"11233",276,2011,6.96,4.62,9.62,5.01,10.25,6.44,4.57
"11234",277,2011,7.5,13.23,7.99,14.68,8.76,16.71,12.96
"11235",278,2011,3.73,7.86,3.98,7.95,7.92,11.36,10.8
"11236",279,2011,2.92,3.67,4.59,5.73,1.85,5.76,7.76
"11237",280,2011,10.01,22.69,8.14,14.48,15.62,17.62,18.56
"11238",281,2011,11.48,33.84,5.84,19.92,25.95,24.98,22.19
"11239",282,2011,4.69,12.24,3.58,9.64,9.21,9.71,7.4
"11240",283,2011,1.06,2.43,1.66,1.86,1.51,1.53,3.37
"11241",284,2011,8.97,4.04,11.24,5.93,10.5,3.86,7.68
"11242",285,2011,5.91,7.48,8.3,8.76,8.39,9.72,10.12
"11243",286,2011,1.15,2.14,0.98,9.08,1.85,9.29,9.66
"11244",287,2011,1.51,2.2,1.44,6.88,2.56,5.24,8.72
"11245",288,2011,4.37,3.56,5.38,4.76,5.51,5.78,5.17
"11246",289,2011,0.87,2.31,0.73,6.22,1.67,6.07,8
"11247",290,2011,0.19,1.25,0.18,6.35,0.67,4.25,10.23
"11248",291,2011,4.97,4.81,7.08,8.12,8,6.18,14.79
"11249",292,2011,2.21,4.91,2.73,11.94,3.59,9.55,16.95
"11250",293,2011,1.73,3.57,2.18,10.45,4.32,6.67,13.29
"11251",294,2011,1.78,3.89,1.65,10.5,2.51,12.22,7.42
"11252",295,2011,1.25,0.82,0.94,5.06,1.3,4.58,4.49
"11253",296,2011,1.53,2.67,1.59,3.48,2.46,4.41,3.45
"11254",297,2011,2.69,1.66,4.05,1.46,3.03,2.75,2.27
"11255",298,2011,2.03,1.33,1.98,1.49,2.32,1.7,1.79
"11256",299,2011,3.01,7.02,3.35,6.95,6.86,6.61,5.55
"11257",300,2011,4.4,5.55,5.21,3.39,6.11,3.03,2.83
"11258",301,2011,12.62,13.12,16.06,19.09,20.21,21.86,25.05
"11259",302,2011,10.32,8.08,11.78,22.23,5.76,34.21,7.56
"11260",303,2011,0.46,1.8,0.37,4.25,0.53,4.73,1.62
"11261",304,2011,0.07,0.04,0.19,0.65,0.1,0.26,0.51
"11262",305,2011,2.74,0.31,4.71,1.74,0.9,1.43,1.37
"11263",306,2011,5.57,1.02,9.16,1.6,3.41,1.58,2.37
"11264",307,2011,5.57,6,5.22,7.25,4.86,10.97,7.31
"11265",308,2011,8.46,4.64,14.57,8.17,7.03,10.41,8.98
"11266",309,2011,4.47,5.62,5.4,9.26,4.72,10.42,6.43
"11267",310,2011,3.57,8.48,3.85,13.83,3.89,20.9,12.29
"11268",311,2011,3.93,6.05,5.02,7.69,6.03,4.51,8.03
"11269",312,2011,4.64,1.42,7.22,4.69,4.36,2.36,10.44
"11270",313,2011,7.97,11.29,9.06,5.95,13.19,8.92,15.41
"11271",314,2011,6.16,5.41,7.28,4.29,5.36,5.52,6.52
"11272",315,2011,5.55,9.73,7.14,6.72,8.45,11.7,5.38
"11273",316,2011,30.47,32.9,24.34,32.88,26.16,39.29,22.39
"11274",317,2011,7.75,11.64,7.08,7.65,6.64,10.95,5.25
"11275",318,2011,2.77,9.24,1.91,10.1,2.79,17.08,5.67
"11276",319,2011,3.66,12.88,1.94,9.49,4.92,10.06,7.03
"11277",320,2011,4.14,2.39,4.37,3.6,4.35,2.54,5.09
"11278",321,2011,3.45,9.18,3.59,14.57,3.8,12.39,15.01
"11279",322,2011,12.85,18.37,9.05,12.51,14.08,14.46,17.29
"11280",323,2011,4.08,4.81,4,9.09,6.02,14.13,8.56
"11281",324,2011,7.87,8.39,6.55,9.91,8.78,12,10.53
"11282",325,2011,1.66,4.35,1.97,6.78,2.12,7.42,7.17
"11283",326,2011,1.69,4.4,1.44,6.32,2.1,8.37,4.26
"11284",327,2011,1.54,3.95,1.41,6.92,1.93,9.48,2.95
"11285",328,2011,2.68,0.68,3.8,3.16,1.62,2.83,1.81
"11286",329,2011,3.14,5.97,3.32,5.96,3.48,8.79,2.88
"11287",330,2011,4.31,2.46,4.54,4.41,2.98,3.68,2.5
"11288",331,2011,1.87,3.03,1.53,3.22,2.62,2.23,2.39
"11289",332,2011,4.1,8.9,6.1,14.31,4.6,13.41,8.34
"11290",333,2011,14.51,14.17,13.99,15.83,14.96,26.52,11.97
"11291",334,2011,17.51,27.92,13.03,23.78,19.23,29.32,22.96
"11292",335,2011,1.68,7.1,2.24,29.76,1.63,39.58,13.33
"11293",336,2011,1.45,5.12,1.96,7.18,0.85,11.49,3.49
"11294",337,2011,2.55,3.65,3.69,5.43,1.98,8.02,3.09
"11295",338,2011,2.18,5.27,2.25,12.52,2.06,14.57,4.58
"11296",339,2011,1.28,2.78,1.7,12.18,0.83,11.12,4.83
"11297",340,2011,4.77,1.24,6.86,2.11,2.16,2.62,2.16
"11298",341,2011,21.77,25.69,23.93,26.53,18.24,51.38,24.53
"11299",342,2011,3.05,3.99,3.05,5.79,2.17,11.53,2.74
"11300",343,2011,3.28,0.77,3.95,1.56,1.54,2.97,0.62
"11301",344,2011,0.82,1.55,0.92,1.53,0.51,2.06,0.86
"11302",345,2011,4.5,6.34,9.36,4.08,8.3,9.99,2.61
"11303",346,2011,6.14,1.54,9.61,1.24,7.47,2.85,0.64
"11304",347,2011,0.17,0.46,0.16,2.16,0.34,5.35,0.81
"11305",348,2011,0.28,0.16,0.63,0.49,0.24,0.6,0.41
"11306",349,2011,0.82,0.42,2.31,0.6,1.29,1.14,0.45
"11307",350,2011,0.04,2.86,0.01,5.13,0.11,11.17,1.99
"11308",351,2011,0.04,1.27,0.01,2.37,0.17,3.47,1.08
"11309",352,2011,0,0.4,0,1.7,0.01,1.99,0.69
"11310",353,2011,0,0.14,0,0.53,0.02,0.72,0.37
"11311",354,2011,0,0.17,0,0.88,0.03,1.37,0.33
"11312",355,2011,0.01,0.03,0.01,0.21,0.04,0.22,0.14
"11313",356,2011,0.01,0.03,0.02,0.13,0.01,0.12,0.1
"11314",357,2011,0.08,2.27,0.02,4.21,0.4,8.09,2.13
"11315",358,2011,0.02,0.65,0.01,1.51,0.12,3.01,0.74
"11316",359,2011,0,0.01,0,0.19,0,0.28,0.09
"11317",360,2011,0,0.01,0,0.3,0,0.3,0.12
"11318",361,2011,0,0.27,0,0.95,0.02,2.11,0.2
"11319",362,2011,0.03,2.35,0,3.45,0.18,8.43,0.77
"11320",363,2011,0,0.88,0,2.15,0.05,4.24,0.57
"11321",364,2011,0,0.46,0,1.59,0.02,2.64,0.65
"11322",365,2011,0,0.27,0,0.68,0.01,1.14,0.24
"11323",1,2012,0.04,0.37,0.07,1.62,0.16,2.11,0.64
"11324",2,2012,0.05,0.01,0.13,0.65,0.07,0.45,0.3
"11325",3,2012,0.02,0.16,0.04,0.73,0.16,0.36,0.83
"11326",4,2012,0.12,2.3,0.11,3.69,0.47,6.15,1.89
"11327",5,2012,0.17,0.58,0.34,0.78,0.33,1.02,0.58
"11328",6,2012,0.02,0.45,0.02,0.73,0.1,0.86,0.6
"11329",7,2012,0.01,0.21,0.01,0.5,0.09,0.53,0.39
"11330",8,2012,0.01,0.07,0,0.32,0.01,0.23,0.29
"11331",9,2012,0,0.01,0.01,0.21,0,0.22,0.13
"11332",10,2012,0.03,0.43,0.02,0.65,0.03,0.94,0.27
"11333",11,2012,0.18,1.19,0.22,1.14,0.21,2.33,0.46
"11334",12,2012,0.52,3.8,0.33,3.61,0.61,8.18,1.49
"11335",13,2012,0,0.04,0,0.47,0,0.53,0.24
"11336",14,2012,0.14,0.84,0.13,2.16,0.09,3.92,0.87
"11337",15,2012,0.2,0.22,0.18,0.12,0.15,0.11,0.15
"11338",16,2012,0.03,0.51,0,0.94,0.11,0.86,0.62
"11339",17,2012,0.01,0.37,0,0.99,0.03,1.05,0.46
"11340",18,2012,0,0.01,0,0.3,0,0.18,0.3
"11341",19,2012,0,0.02,0,0.48,0,0.23,0.4
"11342",20,2012,0,0.01,0,0.45,0,0.24,0.39
"11343",21,2012,0,0,0,0.22,0,0.1,0.26
"11344",22,2012,0,0,0,0.14,0,0.03,0.29
"11345",23,2012,0.02,0.08,0.02,0.1,0.06,0.03,0.15
"11346",24,2012,0.02,0.14,0.03,0.24,0.05,0.24,0.19
"11347",25,2012,0.11,1.1,0.04,2.8,0.29,3.01,1.87
"11348",26,2012,0,0.16,0,0.53,0.02,0.54,0.41
"11349",27,2012,0,0.02,0,0.23,0.01,0.15,0.27
"11350",28,2012,0.02,0.6,0,0.79,0.04,0.97,0.46
"11351",29,2012,0,0.22,0,1.37,0.03,1.35,0.99
"11352",30,2012,0,0.13,0,0.73,0.02,0.9,0.45
"11353",31,2012,0,0.06,0,0.6,0,0.47,0.46
"11354",32,2012,0,0.04,0,0.74,0,0.71,0.5
"11355",33,2012,0.01,0.02,0.01,0.2,0.01,0.12,0.13
"11356",34,2012,0.01,0,0,0.38,0,0.24,0.22
"11357",35,2012,0.2,0.03,0.59,0.73,0.04,0.87,0.24
"11358",36,2012,2.06,2.89,2.65,7.22,2.51,13.13,3.25
"11359",37,2012,3.24,5.75,3.16,6.58,6.93,9.72,5.65
"11360",38,2012,3.65,2.46,2.57,2.66,3.26,4.75,1.53
"11361",39,2012,1.41,0.97,1.55,2.31,1.31,2.95,1.87
"11362",40,2012,0.2,0.35,0.16,0.86,0.37,1.42,0.46
"11363",41,2012,0.1,0.26,0.04,1.06,0.1,0.98,0.72
"11364",42,2012,0.39,0.55,0.51,0.7,0.61,0.76,0.49
"11365",43,2012,0.02,0.47,0,1.21,0.03,1.64,0.64
"11366",44,2012,0.01,0.16,0.02,1.19,0.06,1.07,0.88
"11367",45,2012,0,0.17,0,0.32,0.01,0.56,0.2
"11368",46,2012,0,0,0,0.05,0,0.03,0.05
"11369",47,2012,0,0,0,0.02,0,0.01,0.03
"11370",48,2012,0,0,0,0.28,0,0.19,0.13
"11371",49,2012,0.2,0.28,0.25,0.72,0.17,0.57,0.35
"11372",50,2012,0.01,0.33,0.01,1.24,0.04,1.83,0.8
"11373",51,2012,0,0.21,0,0.5,0.01,0.82,0.27
"11374",52,2012,0,0,0,0.03,0,0.01,0.06
"11375",53,2012,0,0.02,0,0.07,0.01,0.02,0.05
"11376",54,2012,0.02,0.02,0,0.02,0.01,0.01,0.02
"11377",55,2012,0.27,0.05,0.33,0.57,0.24,0.64,0.24
"11378",56,2012,1.26,1.13,1.02,2,1.36,2.64,1.62
"11379",57,2012,0.04,0.5,0.02,0.92,0.09,2.14,0.42
"11380",58,2012,0.06,0.52,0.03,1.56,0.11,2.66,0.68
"11381",59,2012,0.05,1.23,0.02,3.42,0.08,6.23,1.28
"11382",60,2012,0.03,0.23,0.01,1.08,0.04,1.09,0.88
"11383",61,2012,0.02,0,0.03,1.27,0.01,0.55,0.84
"11384",62,2012,4.22,1.24,7.97,2.18,9.84,2.49,2.13
"11385",63,2012,8.37,4.35,10.2,8.15,12.36,9.04,9.34
"11386",64,2012,0.61,0.35,1.58,2.81,2.63,2.1,2.97
"11387",65,2012,0.31,0.3,0.5,2.26,0.59,1.65,1.47
"11388",66,2012,0.22,0.66,0.19,4.22,0.15,4.07,3.09
"11389",67,2012,0.41,0.97,0.26,3.36,0.32,3.71,1.89
"11390",68,2012,0.03,0.06,0.01,2.16,0.02,1.55,1.41
"11391",69,2012,0.72,0.93,1.03,3.64,0.37,4.74,1.52
"11392",70,2012,7.23,8.22,5.79,11.35,6.01,15.42,7.1
"11393",71,2012,0.68,2.16,0.69,9.72,0.52,8.81,5.03
"11394",72,2012,4.03,14.81,4.27,13.47,5.81,13.6,11.55
"11395",73,2012,1.88,13.89,1.46,15.54,4.07,17.37,8.95
"11396",74,2012,0.12,2.3,0.03,7.61,0.18,7.52,3.71
"11397",75,2012,0.06,0.77,0.04,5.96,0.04,5.29,2.76
"11398",76,2012,0.35,1.31,0.49,5.61,0.54,9.04,2.11
"11399",77,2012,0.71,1.65,1.03,4.47,0.88,6.45,2.19
"11400",78,2012,2.44,4.15,3.3,5.34,1.87,5.48,5.49
"11401",79,2012,0.11,1.25,0.22,3.63,0.35,3.39,5.01
"11402",80,2012,0.97,1.87,1.53,6.74,1.27,8.83,6.14
"11403",81,2012,0.56,3.22,0.27,10.48,0.39,17.64,5.07
"11404",82,2012,1.81,2.11,2.72,5.38,0.64,6.44,4.6
"11405",83,2012,6.56,3.78,9.72,5.95,1.96,6,5.49
"11406",84,2012,0.85,2.8,1.69,7.78,0.74,8.95,5.54
"11407",85,2012,8.79,12.41,11.75,11.15,6.25,16.25,11.06
"11408",86,2012,0.91,3.2,2.38,10.92,1.43,17,6.17
"11409",87,2012,6.95,6.46,6.51,11.39,6.92,13.2,10.54
"11410",88,2012,9.64,5.04,11.27,6.36,9.89,6,7.66
"11411",89,2012,10.58,5.17,17.39,6.73,7.78,7.46,6.29
"11412",90,2012,4.51,3.91,5.64,9.8,9.04,14.47,8.17
"11413",91,2012,12.53,1.16,12.28,6.5,4.72,9.37,5.29
"11414",92,2012,1.89,10.35,1.59,19.65,4.38,19.9,12.14
"11415",93,2012,2.79,7.91,2.41,19.42,5.98,15.74,17.47
"11416",94,2012,2.89,1.73,2.45,4.8,3.03,2.04,6.47
"11417",95,2012,9.68,13.62,12.02,11.08,18.53,6.38,14.6
"11418",96,2012,15.71,14.37,14.61,22.24,11.74,17.51,20.29
"11419",97,2012,25.86,9.43,24.95,12.63,18.81,11.44,9.75
"11420",98,2012,23.67,33.98,21.07,29.38,29.78,32.63,24.43
"11421",99,2012,9.35,11.88,8.36,15.05,11.33,12.72,13.17
"11422",100,2012,18.64,23.66,15.83,46.16,14.42,52.62,36.76
"11423",101,2012,10.62,9.51,10.4,15.27,16.16,9.51,14.66
"11424",102,2012,11.65,9.36,12.26,8.13,4.68,9.93,9.38
"11425",103,2012,21.68,23.08,22.48,33.86,14.89,50.6,19.72
"11426",104,2012,11.67,5.05,14.49,9.89,7.75,10.13,10.68
"11427",105,2012,14.06,14.49,12.35,11.97,16.35,13.08,9.2
"11428",106,2012,18.52,22.22,18.2,14.2,15.94,20.48,9.24
"11429",107,2012,2.25,4.56,3.27,5.39,5.34,6.39,8.58
"11430",108,2012,1.25,0.69,2.73,3.29,1.04,5.68,1.6
"11431",109,2012,22.08,9.32,32.15,15.04,15.23,21.12,11.24
"11432",110,2012,12.9,11.63,10.49,11.11,15.26,15.24,16.02
"11433",111,2012,4.74,6.36,6.92,10.62,6.59,12.6,12.46
"11434",112,2012,20.14,32.22,22.7,32.03,32.14,34.23,29.79
"11435",113,2012,3.63,10.06,3.07,19.78,11.84,24.97,14.89
"11436",114,2012,18.25,11.53,19.35,29.35,15.96,28.74,20.06
"11437",115,2012,5.51,16.22,4.93,18.91,10.7,15.73,16.82
"11438",116,2012,10.17,15.55,9.83,15.72,12.25,12.56,14.94
"11439",117,2012,3.76,6.25,6.52,7.38,3.53,8.44,4.38
"11440",118,2012,0.88,0.58,1.8,2.35,0.5,1.66,2.53
"11441",119,2012,0.72,0.68,2.31,2.37,0.67,1.57,2.77
"11442",120,2012,3.1,2.34,7.66,2.97,1.15,3.12,4.53
"11443",121,2012,2.29,3.13,3.54,6.73,1.99,7.09,7.33
"11444",122,2012,12.05,11.55,23.86,8.7,30.53,6.15,23.94
"11445",123,2012,6.89,5.61,9.82,7.72,7.32,5.5,9.2
"11446",124,2012,1.85,7.39,2.47,9.82,2.5,8.97,7.68
"11447",125,2012,8.59,6.22,13.48,11.19,11.92,10.3,13.95
"11448",126,2012,10.08,12.03,11.08,20.21,19.11,21.57,20.44
"11449",127,2012,3.35,11.19,4.83,22.46,2.18,26.54,11.84
"11450",128,2012,35.07,17.69,35.07,23.59,37.2,18.53,31.03
"11451",129,2012,13.01,12.97,11.68,23.6,8.06,26.29,18.87
"11452",130,2012,9.74,12.46,7.13,15.65,5.99,15.26,9.74
"11453",131,2012,11.83,10.04,11.72,10.21,12.43,8.23,14.31
"11454",132,2012,6.71,13.84,8.79,13.66,12.73,17.3,12.69
"11455",133,2012,11.4,9.88,12.16,11.33,14.75,15.86,8.76
"11456",134,2012,4.52,7.85,5.69,10.79,8.59,16.19,7.25
"11457",135,2012,0.57,0.11,0.89,1.68,0.35,1.13,1
"11458",136,2012,1.06,0.12,1.73,1.04,0.16,0.76,0.81
"11459",137,2012,5.59,1.62,15.44,5.13,5.86,3.4,5.38
"11460",138,2012,11.66,8.95,14.61,8.55,15.45,12.46,5.93
"11461",139,2012,7.31,6.42,12.9,9.99,5.99,12.42,9.48
"11462",140,2012,16.17,23.54,22.97,20.25,23.39,28.49,19.65
"11463",141,2012,1.4,3.01,2.11,7.95,3.85,9.4,6.04
"11464",142,2012,7.49,17.54,8.71,13.97,4.83,16.15,13.48
"11465",143,2012,18.98,17.4,21.7,18.17,20.15,25.72,14.79
"11466",144,2012,23.05,21.94,27.79,14.34,18.05,17.34,13.81
"11467",145,2012,10.99,5.09,13.07,9.94,15.13,11.17,8.77
"11468",146,2012,11.79,9.84,13.53,13.75,6.15,17.07,9.59
"11469",147,2012,21.01,16.64,21.14,21.14,9.96,24.13,15.79
"11470",148,2012,2.22,1.95,2.45,3.99,2.59,3.42,3.07
"11471",149,2012,10.1,8.91,9.95,9.5,14.12,9.04,8.34
"11472",150,2012,12.55,15.46,9.87,12.16,17.3,13.34,8.91
"11473",151,2012,6.38,11.69,5.51,24.65,5.37,34.49,14.82
"11474",152,2012,22.06,23.38,16.03,17.98,23,23.99,14.36
"11475",153,2012,3.58,10.82,4.36,8.89,5.69,13.09,5.58
"11476",154,2012,3.64,7.27,5.44,4.62,9.22,5.52,4.39
"11477",155,2012,0.4,1.69,1.2,1.99,1.33,1.67,2.05
"11478",156,2012,0.26,0.04,0.5,0.06,0.34,0.02,0.46
"11479",157,2012,0.25,0.31,0.53,0.36,0.31,0.42,0.72
"11480",158,2012,7.02,1.4,8.96,4.13,3.54,5.05,1.98
"11481",159,2012,10.49,5.94,13.54,6.01,10.5,7.61,4.97
"11482",160,2012,49.14,26.12,47.77,12.1,24.76,23.75,10.67
"11483",161,2012,6.4,3.01,8.63,8.54,6.15,12.13,8.99
"11484",162,2012,18.94,28.55,19.78,36.83,25.46,60.93,20.63
"11485",163,2012,7.71,9.09,9.21,16.19,3.32,15.79,12.48
"11486",164,2012,15.83,10.33,20.43,22.78,10.36,28.12,9.48
"11487",165,2012,16.89,19.05,21.15,22.56,28.59,18.3,28.86
"11488",166,2012,5.03,6.5,10.54,8.98,6.35,8.12,13.39
"11489",167,2012,8.53,8.09,12.43,15.62,12.87,15.52,12.76
"11490",168,2012,7.97,9.87,9.88,10.29,14.32,10.27,10.05
"11491",169,2012,9.6,11.44,10.94,16.04,12.87,17.41,13.12
"11492",170,2012,1.72,6.6,1.88,13.53,4.9,13.15,10.69
"11493",171,2012,1.38,0.72,1.98,1.98,2.73,0.54,3.38
"11494",172,2012,3.7,6.28,5.33,6.49,5.4,5.37,8.12
"11495",173,2012,7.81,9.46,8.55,17.19,9.2,18.59,13.5
"11496",174,2012,1.02,0.72,1.61,2.37,0.97,2.45,0.93
"11497",175,2012,6.63,7.58,8.27,8.01,8.42,7.78,11.77
"11498",176,2012,9.17,8.07,14.5,14.72,15.63,17.48,13.54
"11499",177,2012,9.21,11.78,7.12,25.54,9.91,25.38,33.29
"11500",178,2012,4.27,15.22,3.63,17.64,7.31,19.52,11.81
"11501",179,2012,6.27,13.71,8.93,12.9,13.79,18.56,15.55
"11502",180,2012,1.53,2.03,2.68,6.38,2.33,7.3,7.13
"11503",181,2012,0.93,0.52,1.87,2.31,1.57,1.19,3.33
"11504",182,2012,6.68,8.36,8.81,8.03,11.83,5.8,10.19
"11505",183,2012,11.91,18.14,8.8,17.76,11.13,18.81,13.33
"11506",184,2012,7.35,9.07,5.69,9.71,9.39,7.95,9.76
"11507",185,2012,14.04,16.21,10.34,19.47,9.79,24.7,8.18
"11508",186,2012,16.22,11.44,16.49,15.12,9.32,16.89,8.32
"11509",187,2012,2.81,3.56,3.64,10.64,2.19,9.94,5.4
"11510",188,2012,20.38,16.65,23.8,11.32,21.26,13.73,8.68
"11511",189,2012,14.81,9.76,18.65,16,12.69,22.28,10.35
"11512",190,2012,4.46,7.3,5.81,8.8,4.87,13.97,5.16
"11513",191,2012,15.44,9.28,14.82,12.27,9.71,16.9,10.23
"11514",192,2012,16.99,15.17,20.2,8.49,21.62,7.6,16.86
"11515",193,2012,6.99,1.55,15.2,3.48,9.92,2.43,6
"11516",194,2012,19.2,4.97,20.8,4.02,10.33,3.24,6.35
"11517",195,2012,17.95,5.49,17.33,4.84,11.67,4.02,5.34
"11518",196,2012,13.62,2.38,14.83,6.48,9.34,6.62,3.97
"11519",197,2012,19.75,8.5,21.09,3.02,16.14,3.35,3.56
"11520",198,2012,8.78,11.48,8.79,8.33,12.14,8.23,7.88
"11521",199,2012,10.34,6.46,11.35,12.21,3.88,11.81,7.39
"11522",200,2012,8.07,5.79,10.01,11.89,4.53,13.02,4.84
"11523",201,2012,2.53,2.69,4.58,14.98,1.01,19.21,4.12
"11524",202,2012,2.51,1.23,3.32,8.8,0.64,10.52,2.79
"11525",203,2012,2.71,3.07,2.52,10.28,0.65,15.16,3.58
"11526",204,2012,0.81,1.93,0.92,4.75,2.47,3.8,3.42
"11527",205,2012,6.3,4.03,6.31,3.41,11.79,2.46,4.98
"11528",206,2012,24.58,26.45,29.62,32.25,29.62,34.93,25.88
"11529",207,2012,1.78,1.1,2.63,1.98,0.58,2.88,1.05
"11530",208,2012,9.68,14.06,11.76,10.77,7.52,16.74,7.35
"11531",209,2012,15.99,16.11,17.36,16.73,10.64,27.07,12.66
"11532",210,2012,25.23,28.56,29.54,33.9,17.61,53.5,27.41
"11533",211,2012,2.55,3.76,4.68,5.62,2.6,6.96,5.16
"11534",212,2012,8.98,9.94,10.56,7.59,7.06,9.5,7.24
"11535",213,2012,5.6,8.23,6.4,14.93,3.95,22.23,7.49
"11536",214,2012,8.51,7.33,6.76,9.09,8.19,13.87,6.08
"11537",215,2012,0.76,1.95,0.5,5.51,1.21,6.72,3.44
"11538",216,2012,6.48,10.48,6.61,11.74,10.13,17.54,9.6
"11539",217,2012,12.29,15.59,11.26,12.08,18.29,14.93,12.25
"11540",218,2012,14.14,13.84,12.62,17.15,18.87,30.7,12
"11541",219,2012,5.35,3.34,3.85,6.14,1.41,12.06,2.41
"11542",220,2012,1.22,0.94,0.86,1.56,0.48,1.96,1.76
"11543",221,2012,1.67,2.09,0.65,3.14,0.77,5.47,1.8
"11544",222,2012,2.01,3.05,0.78,5.12,1.21,10.83,1.8
"11545",223,2012,0.09,1.05,0.26,2.66,0.14,5.29,1.13
"11546",224,2012,0.17,2.08,0.23,7.24,0.2,9.39,2.91
"11547",225,2012,8.61,4.59,13.59,5.94,7.35,5.22,8.07
"11548",226,2012,8.77,16.75,9.31,12.47,7.9,17.87,8.96
"11549",227,2012,24.48,12.42,31.14,19.1,17.66,27.62,16.72
"11550",228,2012,0.66,2.13,1.27,6.45,1.34,6.44,4.62
"11551",229,2012,0.92,1.77,1.01,5.29,2.18,3.77,5.61
"11552",230,2012,23.66,26.93,24.13,15.09,26.24,14.49,21.59
"11553",231,2012,5.73,5.72,6.69,14.36,5.13,21.32,5.44
"11554",232,2012,4.59,11.15,3.41,23.29,7.1,22.57,17.14
"11555",233,2012,11.6,9.58,9.48,23.91,6.99,30.9,13.1
"11556",234,2012,10.29,4.56,12.22,8.88,4.95,7.62,8.4
"11557",235,2012,5.42,7.28,6.81,12.54,6.89,12.89,9.15
"11558",236,2012,1.77,3.69,2.29,11.99,2.78,10.62,7.55
"11559",237,2012,12.34,15.39,11.22,22.31,8.96,24.48,10.66
"11560",238,2012,12.42,16.22,13.32,29.67,14.35,37.84,16.06
"11561",239,2012,5.71,1.95,6.42,2.65,1.21,5.74,2.27
"11562",240,2012,2.72,1.38,4.61,2.59,1.93,7.16,1.19
"11563",241,2012,1.51,1.4,2.5,3.98,1.23,11.07,1.34
"11564",242,2012,0.92,1.02,1.73,1.68,0.35,4.56,0.81
"11565",243,2012,3.31,1.66,3.63,1.76,0.92,3.8,1.35
"11566",244,2012,2.61,1.19,3.47,1.7,1.97,3.31,3.39
"11567",245,2012,0.29,2.53,0.22,6.98,0.49,9.99,4.65
"11568",246,2012,5.38,10.56,5.51,16.61,5.96,22.18,8.5
"11569",247,2012,12.39,5.68,11.03,8.13,6.87,10.35,4.52
"11570",248,2012,0.35,4.37,0.42,21.36,0.35,28.41,8.49
"11571",249,2012,16.45,17.27,22.53,13.41,20.85,18.59,13.03
"11572",250,2012,2.95,4.44,2.81,13.31,5.52,17.1,10.06
"11573",251,2012,1.91,4.38,2.84,6.31,3.68,8.15,5.16
"11574",252,2012,12.21,10.26,13.88,12.28,15.17,13.88,11.22
"11575",253,2012,5.73,2.55,6.56,5.61,3.27,5.43,3.34
"11576",254,2012,2.67,2.7,2.25,4.74,3.99,3.3,6.13
"11577",255,2012,8.42,19.22,8.9,11.3,8.8,13.8,13.07
"11578",256,2012,6.59,9.7,4.91,9.56,5.59,9.9,8.07
"11579",257,2012,17,15.08,18.27,15.12,12.92,25.9,7.96
"11580",258,2012,0.96,6.58,0.82,11.7,0.52,25.32,2.45
"11581",259,2012,7.95,4.01,9.44,1.85,5.33,2.39,1.96
"11582",260,2012,0.09,1.29,0.34,4.22,0.77,5.8,1.65
"11583",261,2012,0.73,6.17,2.01,13.89,2.94,20.03,6.29
"11584",262,2012,0.27,0.99,1.15,7.82,1.28,6.6,4.42
"11585",263,2012,0.1,0.24,0.42,3.27,0.09,1.78,2.56
"11586",264,2012,0.22,0.28,0.63,1.59,0.61,0.83,1.92
"11587",265,2012,4.97,1.66,8.71,1.57,3.74,1.66,1.77
"11588",266,2012,20.89,5.12,29.91,3.46,7.17,6.8,2.06
"11589",267,2012,7.1,0.45,10.57,0.74,2.65,0.47,1.16
"11590",268,2012,16.03,5.86,25.95,3.8,13.06,3.66,6.82
"11591",269,2012,2.84,4.5,2.67,4.53,2.35,7.34,3.86
"11592",270,2012,1.95,0.62,2.84,3.25,0.81,3.73,3.83
"11593",271,2012,13.98,9.78,14.61,8.28,7.85,9.76,7.84
"11594",272,2012,2.24,8.05,1.69,12.2,3.99,23.15,7.53
"11595",273,2012,10.99,8.64,9.77,8.23,12.01,11.31,9.06
"11596",274,2012,7.59,4.86,9.46,5.48,5.23,6.94,4.82
"11597",275,2012,9.2,5.25,9.96,5.82,9.07,6.66,5.41
"11598",276,2012,6.35,6.08,7.61,7.62,8.24,6.59,5.7
"11599",277,2012,2.55,0.27,6.12,2.16,1.94,1.13,2.01
"11600",278,2012,4.9,2.81,10.19,7.06,3.92,6.51,4.85
"11601",279,2012,8.05,12.44,9.68,16.58,10.65,12.59,15.49
"11602",280,2012,9.83,11.82,8.62,10.77,8.09,17.54,14.15
"11603",281,2012,5.99,6.78,6.08,6.09,3.36,11.67,3.05
"11604",282,2012,4.14,4.26,5.3,8.66,5.19,19.87,5.07
"11605",283,2012,2.19,0.3,2.21,0.98,0.48,1.15,0.75
"11606",284,2012,0.58,0.19,0.53,0.71,0.17,0.53,1.2
"11607",285,2012,0.5,2.96,0.39,2.47,1.16,2.68,2.98
"11608",286,2012,8.46,8.66,7.9,10.55,8.34,7.3,11.85
"11609",287,2012,12.24,26.65,9.31,25.15,14.94,25.32,26.06
"11610",288,2012,9.92,20.63,6.28,26,7.95,33.46,20.25
"11611",289,2012,5.94,14.18,4.31,18.8,6.09,15.19,18.94
"11612",290,2012,34.45,20.94,38.22,19.91,34.32,22.97,20.71
"11613",291,2012,8.77,7.2,7.39,16.21,10.76,13.46,13.82
"11614",292,2012,9.11,4.14,13.66,8.34,12.99,5.41,9.51
"11615",293,2012,20.59,26.42,19.78,14.79,24.43,12.19,15.88
"11616",294,2012,7.79,6.17,10.79,5.89,9.11,5.34,9.2
"11617",295,2012,12.68,12.47,12.15,9.41,9.65,10.94,13.7
"11618",296,2012,3.9,6.38,6.52,12.81,6.34,18.5,14.33
"11619",297,2012,4.09,3.24,3.8,10.97,1.47,14.13,11.77
"11620",298,2012,2.19,1.73,3.15,6.06,1.13,9.98,3.26
"11621",299,2012,2.07,0.89,3.76,2.18,0.91,2.72,1.55
"11622",300,2012,7.66,7.15,8.2,7.37,6.64,11.46,5.43
"11623",301,2012,0.56,0.5,0.53,1.55,0.25,1.95,1.25
"11624",302,2012,0.38,0.87,0.61,1.24,0.36,1.56,0.65
"11625",303,2012,7.45,5.32,8.97,9.4,6.11,10.61,7.07
"11626",304,2012,5.82,5.23,5.39,9.21,3.6,12.38,4.85
"11627",305,2012,1.79,0.4,2.58,2.45,0.51,1.07,2.83
"11628",306,2012,1.56,1.65,1.66,3.56,2.48,2.27,2.94
"11629",307,2012,8.8,6.5,10.84,6.81,10.41,6.01,7.81
"11630",308,2012,1.93,2.14,2.27,1.99,1.93,1.74,2.38
"11631",309,2012,5.85,6.23,6.19,7.6,7.93,6.7,7.28
"11632",310,2012,10.02,17.79,9.82,21.06,15.66,26.93,19.53
"11633",311,2012,0.4,0.94,0.72,2.49,0.65,1.74,2.17
"11634",312,2012,0.24,1.02,0.42,1.05,1.27,0.85,2.3
"11635",313,2012,0.42,1.63,1.63,1.04,0.74,1.08,1.39
"11636",314,2012,0.24,3.9,0.28,1.01,0.44,1.36,1.66
"11637",315,2012,0.14,0.48,0.26,0.47,0.26,0.34,0.68
"11638",316,2012,0.52,0.61,0.95,2.76,0.57,1.91,2.16
"11639",317,2012,0.84,0.71,1.7,3.42,0.8,2.45,2.34
"11640",318,2012,3.66,4.36,6.6,4.27,4.61,3.07,5.59
"11641",319,2012,3.73,3.53,6.36,4.27,4.65,2.06,6.59
"11642",320,2012,3.87,6.08,4.88,7.77,7.08,5.28,11.4
"11643",321,2012,3.05,2.06,4.19,1.58,3.35,1.75,2.86
"11644",322,2012,0.48,1.74,0.43,2.56,1.13,1.75,3.91
"11645",323,2012,0.12,0.62,0.17,0.5,0.4,0.48,1.55
"11646",324,2012,0.02,0.01,0.03,0.01,0.02,0.01,0.14
"11647",325,2012,0.01,0.02,0.01,0.06,0.01,0.03,0.12
"11648",326,2012,0.09,0.09,0.02,0.59,0.05,0.6,1.39
"11649",327,2012,0.34,1.13,0.2,3.42,0.72,3.9,9.97
"11650",328,2012,0.34,0.4,0.16,0.82,0.22,1.49,3.18
"11651",329,2012,0.09,0.27,0.03,0.56,0.18,0.63,2.02
"11652",330,2012,0.39,0.66,1.05,0.75,0.64,4.4,2.22
"11653",331,2012,0.34,0.85,1.35,5.07,0.66,7.34,2.43
"11654",332,2012,0.42,1.37,1.17,2.99,1.7,3.79,2.31
"11655",333,2012,0.01,0.08,0.16,0.45,0.05,0.25,0.51
"11656",334,2012,0.14,0.26,0.32,0.44,0.77,0.23,0.77
"11657",335,2012,0,0.05,0,0.58,0.01,0.46,0.76
"11658",336,2012,0.02,0.05,0.01,0.45,0.02,0.61,0.47
"11659",337,2012,0.05,0.17,0.03,0.74,0.1,0.31,0.93
"11660",338,2012,0.42,0.77,0.03,2.8,0.36,1.81,2.34
"11661",339,2012,0.07,0.04,0.18,1.07,0.06,0.72,0.76
"11662",340,2012,1.32,0.65,1.88,0.84,1.15,1,0.76
"11663",341,2012,0.14,0.4,0.71,0.81,0.11,0.81,0.71
"11664",342,2012,0.34,0.45,0.86,0.9,0.2,0.95,0.61
"11665",343,2012,0.18,0.52,0.43,0.91,0.17,1.12,0.52
"11666",344,2012,0.73,0.2,1.71,0.75,0.14,1.18,0.45
"11667",345,2012,0.63,0.07,1.29,0.55,0.08,0.48,0.39
"11668",346,2012,0.05,0.75,0,0.76,0.1,1.04,0.43
"11669",347,2012,0.02,1.17,0,1.93,0.05,2.58,0.84
"11670",348,2012,0.04,1.4,0,1.55,0.08,2.92,0.68
"11671",349,2012,0.01,0.38,0,0.36,0.02,0.8,0.24
"11672",350,2012,0.01,0.42,0,3.07,0.02,5.65,1.73
"11673",351,2012,0,0.05,0,0.91,0,1.18,1.28
"11674",352,2012,0,0.24,0,0.25,0.02,0.29,0.25
"11675",353,2012,0,0.41,0,1.72,0,3.47,0.78
"11676",354,2012,0.03,3.66,0,6.78,0.14,12.78,2.82
"11677",355,2012,0,0.55,0,1.92,0.02,2.71,0.84
"11678",356,2012,0.24,1.08,0.37,1.35,0.28,2.01,1.03
"11679",357,2012,0.81,1.31,1.4,2.17,0.22,3.81,1.22
"11680",358,2012,12.68,26.23,14.76,22.22,18.46,33.97,26.15
"11681",359,2012,6.99,10.94,6.35,6.77,5.66,14.43,5.03
"11682",360,2012,5.27,4.2,8,2.22,6.8,3.72,3.53
"11683",361,2012,0.01,1.41,0.01,4.58,0.06,9.92,1.1
"11684",362,2012,0,0.48,0,3.54,0.03,4.82,0.75
"11685",363,2012,0,0,0,0.05,0,0.04,0.02
"11686",364,2012,0.01,1.14,0,1.86,0.04,4.76,0.34
"11687",365,2012,0,0.29,0,1.23,0.01,2.07,0.29
"11688",366,2012,0,0.9,0,1.96,0.02,4.46,0.4
"11689",1,2013,0.01,0.45,0,1.36,0.06,2.5,0.54
"11690",2,2013,0.02,0.78,0,1.06,0.09,1.58,0.45
"11691",3,2013,0,0.3,0,0.69,0.01,1.56,0.16
"11692",4,2013,0,0.01,0,0.15,0,0.16,0.11
"11693",5,2013,0,0.01,0,0.05,0,0.05,0.01
"11694",6,2013,0.01,0.04,0,0.07,0,0.08,0.05
"11695",7,2013,0.01,0.37,0.01,0.76,0.02,1.09,0.29
"11696",8,2013,0.03,0.79,0.02,0.74,0.19,1.23,0.34
"11697",9,2013,0.02,0.59,0.02,1.69,0.03,3.84,0.31
"11698",10,2013,0,0.06,0,0.45,0,0.68,0.24
"11699",11,2013,0,0,0.01,0.08,0,0.06,0.05
"11700",12,2013,0.3,0.16,0.28,0.01,0.07,0.02,0.03
"11701",13,2013,0.05,0.97,0.03,0.95,0.22,1.09,0.52
"11702",14,2013,0.15,0.5,0.26,1.68,0.38,3.24,0.85
"11703",15,2013,0.01,0.26,0.02,0.82,0.04,1.3,0.3
"11704",16,2013,0,0.01,0,0.71,0,0.65,0.27
"11705",17,2013,0,0.02,0,0.42,0,0.39,0.19
"11706",18,2013,0.01,0.45,0,0.66,0.05,0.75,0.47
"11707",19,2013,0.02,0.8,0,0.95,0.05,1.83,0.34
"11708",20,2013,0.01,0.55,0,1.72,0.08,3.69,0.32
"11709",21,2013,0.05,0.26,0.04,0.4,0.13,0.75,0.1
"11710",22,2013,0.01,0.13,0.02,0.36,0.05,0.53,0.13
"11711",23,2013,0.05,0.38,0.06,0.74,0.08,1.19,0.33
"11712",24,2013,0.05,0.55,0.02,1.29,0.18,1.59,0.72
"11713",25,2013,0,0.02,0,0.13,0.03,0.08,0.1
"11714",26,2013,0.03,0.09,0.01,0.5,0.06,0.33,0.21
"11715",27,2013,0,0.05,0,1.11,0,0.75,0.37
"11716",28,2013,0.01,0.03,0.01,0.6,0,0.36,0.2
"11717",29,2013,0.1,0.44,0.04,0.84,0.18,0.92,0.4
"11718",30,2013,0.01,0.26,0.01,0.89,0.03,1.39,0.29
"11719",31,2013,0.19,1.24,0.05,3.25,0.37,4.85,1.31
"11720",32,2013,0.01,0.53,0,1.71,0.04,1.65,1.1
"11721",33,2013,0,0.11,0,1.7,0,1.95,0.74
"11722",34,2013,0,0.09,0,0.95,0,1.57,0.35
"11723",35,2013,0,0.03,0,0.87,0,0.62,0.5
"11724",36,2013,0,0.36,0,2.19,0.03,2.14,1.26
"11725",37,2013,0,0,0,0.58,0,0.3,0.83
"11726",38,2013,0.05,0.15,0.08,0.36,0.28,0.25,0.54
"11727",39,2013,0.1,1.19,0.03,1.17,0.79,1.71,1.01
"11728",40,2013,0.02,1.3,0,5.16,0.13,6.58,3.13
"11729",41,2013,0.01,0.18,0,3.59,0.01,2.72,2.44
"11730",42,2013,0.25,2.14,0.84,2.87,0.25,3.37,2.26
"11731",43,2013,0.13,2.69,0.06,4.83,0.64,3.38,2.84
"11732",44,2013,0,0.01,0,0.49,0,0.26,0.43
"11733",45,2013,0.06,0,0.19,0.45,0.09,0.17,0.47
"11734",46,2013,0.41,0.47,0.63,0.83,0.38,1.7,0.5
"11735",47,2013,0.06,0.91,0.04,1.9,0.07,3.06,0.76
"11736",48,2013,0.05,0.16,0.06,1.43,0.02,1.13,0.94
"11737",49,2013,0.02,0.1,0,1.14,0.01,1.01,0.44
"11738",50,2013,0.12,0.27,0.21,1.58,0.15,1.44,0.59
"11739",51,2013,0.08,0.43,0.05,2.52,0.05,4.6,0.79
"11740",52,2013,0.02,0.37,0.01,1.49,0.05,2.43,0.5
"11741",53,2013,0,0.03,0,0.6,0,0.52,0.25
"11742",54,2013,0.25,0.24,0.34,0.41,0.4,0.37,0.19
"11743",55,2013,0.57,0.85,0.55,1.9,0.56,2.16,1.03
"11744",56,2013,0.07,0.29,0.03,1.05,0.05,1.08,0.62
"11745",57,2013,0.01,0.23,0.03,1.62,0.04,1.4,1.13
"11746",58,2013,0.07,0.36,0.22,1.91,0.27,3.13,1.06
"11747",59,2013,0.77,2.11,1.91,2.66,2.28,4.56,2.13
"11748",60,2013,0.04,1.32,0.12,5.21,0.07,8.68,2.27
"11749",61,2013,0,0.15,0.01,1.07,0,1.36,0.33
"11750",62,2013,0.01,0.2,0.16,1.19,0.09,1.8,0.45
"11751",63,2013,0.47,1.43,1.03,4.1,0.92,5.02,2.18
"11752",64,2013,0.25,2.73,0.22,1.55,0.29,2.23,1.33
"11753",65,2013,0.01,0.56,0,1.1,0.45,1.4,0.63
"11754",66,2013,0.01,0.71,0,1.03,0.1,1.67,0.56
"11755",67,2013,0,0.15,0,0.39,0.06,0.75,0.16
"11756",68,2013,0.01,0.18,0,0.34,0.24,0.47,0.27
"11757",69,2013,0.07,2.85,0,2.83,1.4,5.75,1.18
"11758",70,2013,0.29,0.43,0.83,3.74,0.89,2.6,2.28
"11759",71,2013,2.57,2.21,5.21,7.98,4.11,8.97,3.59
"11760",72,2013,1.73,2.7,4,8.76,3.64,12.65,3.73
"11761",73,2013,0.42,0.5,0.6,4.66,0.54,3.91,3.11
"11762",74,2013,0.58,4.5,0.97,10.88,1.69,13.63,3.45
"11763",75,2013,0.47,0.69,2.01,8.04,0.75,8.1,2.93
"11764",76,2013,2.01,3.26,4.39,11.57,3.42,11.34,7.65
"11765",77,2013,1.08,1.5,2.56,7.57,2.97,6.47,5.67
"11766",78,2013,0.21,0.27,0.66,3.11,0.65,2.36,2.86
"11767",79,2013,0.07,0.12,0.09,1.61,0.09,1.06,1.23
"11768",80,2013,0.1,0.91,0.07,8.19,0.13,6.02,7.49
"11769",81,2013,0.5,1.61,0.35,4.73,0.2,5.43,3.16
"11770",82,2013,33.43,30.66,27.52,15.88,31.83,21.69,16.54
"11771",83,2013,2.04,3.42,2.14,3.26,0.86,3.61,1.91
"11772",84,2013,0.21,0.33,0.31,3.61,0.19,3.47,2.59
"11773",85,2013,0.03,1.31,0,4.9,0.03,7.93,2.46
"11774",86,2013,0.01,0.09,0.04,0.75,0.01,0.7,0.54
"11775",87,2013,3.83,0.88,7.1,2.78,3.33,2.07,2.24
"11776",88,2013,38.66,16.78,38.2,7.93,29.26,8.58,11.57
"11777",89,2013,6.77,41.81,5.04,54.58,15.85,77.59,34.44
"11778",90,2013,2.92,6.35,5.94,2.59,3.7,2.4,1.3
"11779",91,2013,0,0.24,0,1.54,0.01,1.96,0.44
"11780",92,2013,0.28,1.18,0.06,2.73,0.2,2.95,1
"11781",93,2013,0.39,2.17,0.02,4.06,0.43,5.19,1.78
"11782",94,2013,0.15,0.19,0.06,1.12,0.06,0.97,0.85
"11783",95,2013,0.72,1.1,0.35,3.78,0.28,3.28,2.09
"11784",96,2013,0.05,0.32,0.05,1.01,0.24,1.36,0.43
"11785",97,2013,0.06,0.66,0.04,1.47,0.29,2.12,0.69
"11786",98,2013,0.06,0.3,0.02,0.59,0.36,1.28,0.29
"11787",99,2013,0.01,0.09,0.01,0.32,0.06,0.3,0.13
"11788",100,2013,0.06,0.3,0.08,1.15,1.32,1.82,0.52
"11789",101,2013,0.02,1.39,0.02,17.04,0.2,16.24,6.72
"11790",102,2013,0,0.37,0,8.71,0.04,7.06,5.38
"11791",103,2013,0.24,0.83,0.55,8.47,0.47,6.56,4.28
"11792",104,2013,9.56,21.79,13,29.36,12.55,52.11,16.62
"11793",105,2013,6.11,17.39,7.46,19.36,10.7,24.63,14.89
"11794",106,2013,5.56,5.77,4.3,4.92,2.67,6.23,3.92
"11795",107,2013,5.4,7.16,5.08,13.86,3.95,16.45,8.22
"11796",108,2013,15.16,16.18,12.46,16.41,9.7,25.22,8.57
"11797",109,2013,16.66,27.12,18.9,40.79,16.26,58.35,25.92
"11798",110,2013,4.69,12.8,5.7,15.05,2.51,16.53,10.51
"11799",111,2013,3.33,10.84,2.35,10.88,11.08,7.45,15.01
"11800",112,2013,5.19,6.42,3.7,6.55,4.78,5.05,10.22
"11801",113,2013,18.22,21.89,8.68,11.37,22.89,10.98,21.11
"11802",114,2013,14.72,9.39,9.34,5.76,12.89,5.18,8.94
"11803",115,2013,6.08,9.84,3.12,7.09,7.53,5.88,10.41
"11804",116,2013,0.66,3.57,0.45,9.91,0.59,11.15,4.72
"11805",117,2013,5.23,7.33,5.41,11.14,5.61,10.16,5.96
"11806",118,2013,18.91,40.84,14.97,44.33,19.06,49.14,31.39
"11807",119,2013,11.06,24.02,12.32,28.62,9.4,23.65,22.53
"11808",120,2013,7.43,6.68,11.06,13.82,2.19,13.3,8.76
"11809",121,2013,14.3,16.07,14.03,15.37,14.86,22.04,11.31
"11810",122,2013,4.13,8.41,4.38,8.92,9.8,8.7,9.53
"11811",123,2013,6.76,8.74,6.72,10,8.84,11.38,10.87
"11812",124,2013,4.68,9.96,5.32,14.67,7.79,16.68,14.8
"11813",125,2013,13.97,30.26,13.54,32.74,15.56,43.74,32.94
"11814",126,2013,7.06,7.62,6.24,11.8,4.9,10.21,10.74
"11815",127,2013,22.54,41.04,19.22,35.8,22.12,54.71,26.07
"11816",128,2013,9.26,8.82,8.18,10.64,4.49,18.95,4.68
"11817",129,2013,9.54,9.11,11.27,15.67,7.77,23.13,8.1
"11818",130,2013,1.45,1.51,2.85,8.1,1.27,12.4,2.36
"11819",131,2013,0.32,0.78,0.16,0.59,0.95,0.36,0.63
"11820",132,2013,0.27,0.38,0.97,0.14,0.87,0.07,0.27
"11821",133,2013,13.1,9.03,14.42,5.62,19.46,5.5,6.83
"11822",134,2013,5.41,4.37,6.25,5.7,11.8,6.43,4.74
"11823",135,2013,1.73,0.3,3.85,0.78,1.84,0.6,0.49
"11824",136,2013,8.43,4.06,14.5,9.4,7.86,7.68,8.93
"11825",137,2013,6.58,14.61,9.09,15.18,9.64,15.71,15.79
"11826",138,2013,10.48,23.48,8.94,17.23,8.84,22.42,12.19
"11827",139,2013,6.94,6.28,9.73,7.53,8.33,12.54,4.37
"11828",140,2013,12.75,28.04,12.99,31.05,18.16,39.01,28.86
"11829",141,2013,10.43,13.7,13.16,6.84,22.5,10.33,8.72
"11830",142,2013,12.78,8.52,17.83,3.85,18.25,6.09,2.93
"11831",143,2013,6.92,10.15,8.36,7.83,11.03,9.58,7.35
"11832",144,2013,0.51,1.69,1.61,1.32,0.72,1.32,1.01
"11833",145,2013,0.59,0.45,1.73,0.39,0.86,0.34,0.43
"11834",146,2013,10.12,15.11,12.15,5.95,8.49,8.1,5.8
"11835",147,2013,9.21,10.09,12.75,14.62,6.59,17.05,11.6
"11836",148,2013,4.48,9.46,4.37,22.95,4.18,33.73,8.64
"11837",149,2013,3.89,2.08,5.12,7.23,3.3,5.98,4.46
"11838",150,2013,9.36,6.21,11.4,9.09,7.46,6.6,8.25
"11839",151,2013,12.01,17.22,11.98,30.85,10.35,44.25,17.9
"11840",152,2013,15.95,19.61,11.72,16.19,11.81,19.43,10.88
"11841",153,2013,16.04,13.97,15.97,12.85,7.37,13.97,10.17
"11842",154,2013,16.06,19.26,15.53,16.42,13.86,22.46,9.4
"11843",155,2013,9.28,8.18,8.12,11.39,5.64,17.69,5.58
"11844",156,2013,16.5,13.12,14.19,11.21,9.33,14.85,7.3
"11845",157,2013,20.78,11.53,23.54,7.83,16.4,9.64,8.32
"11846",158,2013,17.42,17.48,16.69,22.25,18.26,31.54,14.54
"11847",159,2013,3.81,4.73,6.62,7.59,4.73,12.44,5.25
"11848",160,2013,13.46,23.41,15.83,16.79,14.67,24.04,10.37
"11849",161,2013,16.93,19.37,21.48,6.51,20.44,11.2,3.69
"11850",162,2013,16.04,23.18,16.52,12.13,17.75,20.02,10.34
"11851",163,2013,5.68,14.22,9.82,14.36,12.26,21.45,8.84
"11852",164,2013,17.66,15.22,19.86,6.86,22.61,8.05,11.56
"11853",165,2013,26.92,15.8,26.79,7.82,24.04,10.84,8.17
"11854",166,2013,2.2,8.32,2.28,13.12,4.46,22.3,5.93
"11855",167,2013,4.93,4.31,5.04,5.22,2.94,7.59,3.68
"11856",168,2013,3.84,2.15,3.49,3.54,1.82,3.2,2.77
"11857",169,2013,20.33,20.31,18.64,18.22,17.13,34.71,13.79
"11858",170,2013,15.72,14.27,14.79,18.44,6.26,39.15,5.71
"11859",171,2013,16.4,8.12,14.13,7.02,16.12,9.25,4.11
"11860",172,2013,7.7,3.51,12.72,5.66,5.04,7.11,2.98
"11861",173,2013,4.18,1.18,6.83,2.08,2.91,2.09,1.28
"11862",174,2013,14.02,15.33,12.45,5.64,14.42,8.27,4.11
"11863",175,2013,16.99,28.76,18.44,16.06,18.45,22.04,13.24
"11864",176,2013,3.72,15.31,3.05,10.94,5.66,15.69,5.65
"11865",177,2013,2.42,0.51,2.9,1.84,1.12,1.03,2.14
"11866",178,2013,25.36,11.85,30.3,7.56,28.27,6.32,12.84
"11867",179,2013,19.02,13.55,23.39,15.07,10.46,21.38,9.05
"11868",180,2013,3.78,2.71,4.6,6.73,2.73,8.84,3.8
"11869",181,2013,13.38,11.09,16.72,10.8,9.88,10.29,11.79
"11870",182,2013,26.31,20.29,27.16,10.26,17.18,13.54,9.22
"11871",183,2013,4.47,4.45,4.89,7.71,7.72,12.41,2.84
"11872",184,2013,0.9,0.19,0.76,0.27,0.52,0.07,0.68
"11873",185,2013,2.3,1.74,2.25,1.23,2.19,0.77,2.16
"11874",186,2013,17.21,17.06,16.05,11.58,20.08,12.87,11.38
"11875",187,2013,3.35,2.03,4.63,4.47,3.06,5.79,8.07
"11876",188,2013,7.69,3.82,10.36,11.07,7.29,10.71,14.04
"11877",189,2013,5.43,8.55,4.39,5.02,11.14,4.73,7.64
"11878",190,2013,42.9,25.64,47.43,9.51,46.91,10.2,16.72
"11879",191,2013,6.72,11.3,6.34,18.2,12.71,22.47,19.45
"11880",192,2013,1.12,3.33,1.88,20.94,2.54,22.67,11.67
"11881",193,2013,0.79,0.27,1.55,0.86,0.53,0.43,2.13
"11882",194,2013,1.16,0.84,3.15,1,1.69,0.56,1.89
"11883",195,2013,10.23,14.53,9.44,17.9,10.3,16.05,13.1
"11884",196,2013,17.51,28.52,19.51,54.03,20.75,74.02,27.49
"11885",197,2013,11.52,14.55,15.9,22.09,13.34,36.56,7.97
"11886",198,2013,9.89,20.77,15.01,19.56,16.52,20.96,14.77
"11887",199,2013,6.3,9.77,5.14,11.17,13.87,9.99,9.41
"11888",200,2013,7.37,15.06,10.24,7.31,10.84,8.33,6.61
"11889",201,2013,15.34,20.85,20.22,37.12,21.12,41.66,28.59
"11890",202,2013,8.88,7.45,11.01,12.99,8.52,18.85,4.98
"11891",203,2013,15.2,6.81,22.02,9.13,12.2,8.5,8.48
"11892",204,2013,19.5,22.46,25.28,12.56,36.78,13.06,15.98
"11893",205,2013,8.64,10.54,11.85,12.27,7.77,17.85,6.34
"11894",206,2013,37.78,26.31,36.95,22.28,26.5,18.79,18.28
"11895",207,2013,15.14,11.29,9.84,10.29,7.84,14.44,7.74
"11896",208,2013,1.73,2.62,1.96,5,1.11,8.57,1.69
"11897",209,2013,1.31,2.08,1.65,5.23,1.14,8.16,1.83
"11898",210,2013,1.44,2.41,0.85,6.74,0.58,13.17,1.1
"11899",211,2013,3.4,11.5,1.14,7.62,2.71,9.65,3.45
"11900",212,2013,1.33,4.68,1.39,9.84,0.73,15.5,2.61
"11901",213,2013,12.97,7.82,12.96,6.4,15.62,8.06,10.47
"11902",214,2013,29.64,9.54,28.37,3.2,17.53,4.44,3.7
"11903",215,2013,22.51,15.38,24.94,9.86,14.2,13.58,11.11
"11904",216,2013,11.04,8.32,12.5,8.9,7.49,16.14,7.09
"11905",217,2013,2.67,0.95,3.01,2.15,2.11,1.64,2.17
"11906",218,2013,10.63,1.79,16.55,0.49,15.45,0.16,2.75
"11907",219,2013,30.8,8.04,33.43,7.66,20.17,8.26,9.45
"11908",220,2013,3.78,2.49,3.56,8.11,2.76,8.02,7.41
"11909",221,2013,11.88,7.56,10.62,7.66,8.73,6.37,12.99
"11910",222,2013,21.29,9.07,18.26,10.64,9.94,13.64,11.07
"11911",223,2013,16.04,13.08,18.21,30.75,13.96,37.13,24.66
"11912",224,2013,8.66,7.47,11.91,21.98,9.62,31.03,9.78
"11913",225,2013,7.91,6.98,8.85,14.47,7.19,16.98,10.05
"11914",226,2013,4.53,1.75,7.52,5.44,5.89,2.41,6.28
"11915",227,2013,15.78,10.9,21.64,14.63,14.02,19,11.61
"11916",228,2013,18.81,10.71,33.77,10.13,47.51,11.47,12.55
"11917",229,2013,30.95,22.55,34.46,17.88,51.15,19.38,17.29
"11918",230,2013,6.26,3.47,17.8,6.33,9.36,7.8,4.26
"11919",231,2013,3.51,3.61,3.61,7.77,7.99,9.18,5.94
"11920",232,2013,16.55,6.9,28.83,14.89,19.04,17.86,8.27
"11921",233,2013,8.66,17.47,10.04,25.11,8.18,45.2,9.52
"11922",234,2013,0.95,0.35,2.07,1.17,0.44,1.49,1.12
"11923",235,2013,6.28,1.22,8.33,1.97,4.7,1.49,1.86
"11924",236,2013,13.64,1.59,14.51,2.07,7.19,1.66,1.87
"11925",237,2013,29.22,23.34,33.17,6.62,25.38,8.54,11.09
"11926",238,2013,4.59,3.46,1.94,2.1,4.88,3.58,2.31
"11927",239,2013,2.49,1.37,2.44,1.78,1.99,3.62,0.67
"11928",240,2013,0.8,0.95,1.17,2.09,0.78,3.39,1.04
"11929",241,2013,0.47,0.68,0.4,1.89,0.41,4.34,0.55
"11930",242,2013,0.23,0.19,0.25,1.05,0.34,2.03,0.76
"11931",243,2013,0.23,0.39,0.22,1.55,0.62,1.87,1.37
"11932",244,2013,0.85,1.68,1.27,7.21,1.07,10.12,3.5
"11933",245,2013,3.05,1.16,3.8,1.49,3.38,0.87,2.33
"11934",246,2013,6.63,4.54,7.44,6.97,5.46,4.67,6.87
"11935",247,2013,10.05,6.3,12.07,9.27,12.14,11.34,6.49
"11936",248,2013,6.12,8.98,9.52,14.46,10.36,22.09,6.01
"11937",249,2013,4.33,9.74,6.28,20.26,8.12,27.21,9.72
"11938",250,2013,6.31,6.4,7,13.28,9.87,13.82,11.36
"11939",251,2013,2.59,5.94,3.17,8.52,6.73,6.82,8.69
"11940",252,2013,8.36,7.78,11.24,11.41,7.63,10.88,9.08
"11941",253,2013,2.1,5.83,2.64,9.14,1.67,9.82,5.07
"11942",254,2013,11.54,16.75,14.18,16.95,19.07,18.75,15.31
"11943",255,2013,0.49,1.76,0.66,3.26,1.01,1.74,5.04
"11944",256,2013,0.3,1.28,0.32,3.23,1,1.77,6.69
"11945",257,2013,7.21,15.39,6.64,9.99,5.78,7.44,8.74
"11946",258,2013,9.14,13.25,8.88,11.09,12.78,8.9,11
"11947",259,2013,5.96,5.92,8.36,15.68,8.5,20.87,11.71
"11948",260,2013,8.3,2.22,11.14,3.05,4.16,2.05,3.99
"11949",261,2013,6.93,2.59,6.68,3.28,5.58,3.44,5.1
"11950",262,2013,12.51,35.98,5.83,17.43,11.61,30.96,10.56
"11951",263,2013,4.3,7.73,3.4,5.54,4.7,8.68,5.15
"11952",264,2013,7.7,7.57,5.52,4.58,7.67,5.22,3.89
"11953",265,2013,2.18,3.33,1.24,4.98,2.27,4.62,5.76
"11954",266,2013,14.48,5.42,11.68,7.82,5.41,8.22,5.95
"11955",267,2013,14.5,10.23,15.9,10.58,11.21,14.03,5.2
"11956",268,2013,10.77,14.78,10.64,14.53,10.78,20.14,8.81
"11957",269,2013,6.5,18.62,5.61,18.31,4.53,21.48,12.53
"11958",270,2013,8.53,14.79,11.03,18.12,9.57,22.51,9.75
"11959",271,2013,3.84,8.14,5.17,8.61,5.33,9.42,6.83
"11960",272,2013,5.21,4.94,6.77,4.01,8.32,4.15,5.27
"11961",273,2013,2.19,1.67,4.17,3.11,1.31,1.38,4.75
"11962",274,2013,10.15,9.42,14.52,8.52,8.53,9.41,8.56
"11963",275,2013,3.05,1.6,5.9,8.85,4.02,5.16,8.6
"11964",276,2013,4.94,13.37,3.88,14.74,5.79,18.92,9.04
"11965",277,2013,22.67,25.74,19.33,17.11,17.28,25.98,12.75
"11966",278,2013,0.27,0.67,0.54,4.24,0.48,4.2,5.52
"11967",279,2013,0.07,0.2,0.12,0.87,0.05,0.87,0.46
"11968",280,2013,1.22,1.05,2.31,3.4,0.86,2.26,2.29
"11969",281,2013,3.47,4.78,5,6.31,4.74,6.23,5.4
"11970",282,2013,0.69,0.95,0.49,2.54,0.97,2.29,2.05
"11971",283,2013,0.25,0.19,0.41,0.96,0.11,0.75,0.89
"11972",284,2013,2.57,1.35,5.05,3.97,1.65,4.98,1.52
"11973",285,2013,10.15,3.3,16.83,4.18,12.46,3.91,3.12
"11974",286,2013,7.45,11.1,4.66,9.71,12.03,15.74,7.54
"11975",287,2013,3.99,7.38,3.93,8.62,8.03,8.39,6.28
"11976",288,2013,8,2.15,6.81,2.48,7.32,4.47,1.75
"11977",289,2013,7.64,16.86,10.12,25.51,14.21,28.77,23.66
"11978",290,2013,6.47,4.19,8.15,5.77,3.55,3.27,4.93
"11979",291,2013,2.08,1.83,2.34,5.37,1.76,5.55,4
"11980",292,2013,1.29,3.7,1.29,4.7,1.92,4.78,4.16
"11981",293,2013,3.75,6.54,5.6,7.99,4.78,7,6.45
"11982",294,2013,4.6,3.07,4.47,3.59,5.6,2.42,5.05
"11983",295,2013,13.39,16.08,12.61,23.81,15.61,27.26,19.44
"11984",296,2013,14.17,29.47,14.63,21.73,21.58,25.33,21.01
"11985",297,2013,0.81,2.26,0.96,6.73,0.44,8.95,4.75
"11986",298,2013,3.73,2.46,4.91,4.67,2.24,5.56,1.99
"11987",299,2013,0.33,0.83,0.37,1.58,0.29,2.34,1.5
"11988",300,2013,2.31,4.57,2.28,4.99,3.89,6.08,5.55
"11989",301,2013,1.41,0.8,1.31,0.79,2.33,0.67,2.42
"11990",302,2013,1.89,5.25,1.47,3.46,3.3,5.47,5.34
"11991",303,2013,0.44,0.48,0.57,0.46,1.1,0.52,2.78
"11992",304,2013,0.8,4.16,0.5,5.46,4.26,7.57,18.59
"11993",305,2013,3.86,2.49,4.13,8.94,2.16,6.84,10.01
"11994",306,2013,5.69,9.1,6.91,9.77,6.26,11.31,8.13
"11995",307,2013,14.31,12.53,15.31,10.87,12.13,11.73,9.58
"11996",308,2013,11.34,14.06,11.05,14.95,11.25,17.69,11.92
"11997",309,2013,6.07,2.92,10.15,4.44,6.4,4.26,5.09
"11998",310,2013,5.78,9.73,5.61,11.22,10.82,8.93,9.04
"11999",311,2013,9.23,13.64,10.91,11.73,8.31,10.11,10.85
"12000",312,2013,4.73,6.87,5.8,19.72,6.86,19.35,13.47
"12001",313,2013,7.19,5.5,9.9,5.39,7.16,4.64,6.06
"12002",314,2013,5.2,4.58,6.05,10.07,4.44,8.62,7.79
"12003",315,2013,4.1,14.99,5.3,12.66,5.48,21.23,4.43
"12004",316,2013,0.2,1.85,0.3,5.78,0.22,11.81,0.71
"12005",317,2013,0.96,1.15,1.25,2.11,0.34,1.87,0.58
"12006",318,2013,1.07,2.89,2.14,3.31,1.42,4.8,1.23
"12007",319,2013,2.13,6.7,2.42,3.57,3.48,4.42,1.98
"12008",320,2013,0.2,0.5,0.07,3.46,0.08,3.4,1.39
"12009",321,2013,0.23,1.39,0.08,2.18,0.15,1.57,1.98
"12010",322,2013,0.18,6.31,0.05,14.29,0.14,21.92,10.77
"12011",323,2013,0.14,3.98,0.06,19.43,0.28,22.13,13.01
"12012",324,2013,0.21,1.57,0.08,5.72,0.25,8.03,3.69
"12013",325,2013,0.12,0.18,0.1,1.46,0.17,1.32,1.26
"12014",326,2013,0.08,0.03,0.19,0.93,0.05,0.43,0.66
"12015",327,2013,1.4,1.59,1.49,3.95,1.92,3.64,4.56
"12016",328,2013,0.79,2.27,0.4,12.61,3.26,15.39,12.91
"12017",329,2013,0.89,0.47,1.83,1.6,1.79,0.91,1.56
"12018",330,2013,4.95,9.4,4.26,2.73,13.91,2.44,3.07
"12019",331,2013,0.69,0.59,0.76,0.57,0.82,0.48,0.8
"12020",332,2013,0.41,10.34,0.16,12.84,1.52,20.95,7.09
"12021",333,2013,0.49,5.35,0.46,5.3,1.05,6.48,2.61
"12022",334,2013,0.01,0.31,0.01,1.19,0.02,0.82,0.99
"12023",335,2013,0.8,0.53,0.74,3.58,0.57,2.33,3.77
"12024",336,2013,10.44,4.17,11.16,3.83,9.7,2.76,5.97
"12025",337,2013,3.68,9.36,2.11,16.77,1.99,24.19,6.56
"12026",338,2013,3.67,4.31,2.06,4.99,3.07,4.76,3.99
"12027",339,2013,9.18,11.02,11.22,3.96,14.6,2.63,6.06
"12028",340,2013,0.64,8.36,0.16,5.25,2.29,9.4,4.07
"12029",341,2013,0.1,3.75,0.01,5.02,0.37,6.25,4.79
"12030",342,2013,0.01,0.39,0,1.51,0.06,1.37,1.11
"12031",343,2013,0.01,0.62,0.05,2.82,0.04,5.41,1.15
"12032",344,2013,0.05,1.23,0.06,4.67,0.46,5.4,2.77
"12033",345,2013,2.74,3.15,2.9,1.33,3.25,1.14,2.16
"12034",346,2013,2.78,13.61,1.13,4.81,4.54,8.52,3.98
"12035",347,2013,0.26,2.13,0.09,2.17,0.53,5.34,1.2
"12036",348,2013,0.48,4.66,0.15,3.55,0.8,7.3,1.84
"12037",349,2013,0.45,3.53,0.1,3.97,0.34,8.94,1.58
"12038",350,2013,0.04,2.45,0,7.88,0.08,13.52,1.96
"12039",351,2013,0.02,0.1,0,0.77,0.03,0.58,0.5
"12040",352,2013,0.02,2.04,0,4.32,0.14,5.37,2.57
"12041",353,2013,0.02,0.33,0,0.32,0.1,0.24,0.62
"12042",354,2013,0,0.01,0,0.03,0,0.03,0.07
"12043",355,2013,0,0.01,0,0,0.01,0,0.02
"12044",356,2013,0.01,0.02,0,0.03,0.03,0,0.08
"12045",357,2013,0.03,0.77,0,0.62,0.15,1.06,0.57
"12046",358,2013,0.04,0.77,0,2.78,0.18,1.54,2.08
"12047",359,2013,0.01,0.8,0,5.25,0.2,6.24,2.44
"12048",360,2013,0.01,1.27,0,3.31,0.04,7.34,0.73
"12049",361,2013,0.01,0.65,0,1.01,0.05,1.85,0.29
"12050",362,2013,0.01,0.38,0,0.31,0.1,0.47,0.17
"12051",363,2013,0,0.15,0,0.44,0.01,0.81,0.14
"12052",364,2013,0,0.04,0,0.21,0,0.21,0.07
"12053",365,2013,0.01,0.89,0,1.34,0.04,2.77,0.45
"12054",1,2014,0.02,0.42,0,0.71,0.07,1.01,0.25
"12055",2,2014,0.01,0.26,0,0.39,0.03,0.59,0.12
"12056",3,2014,0,0.17,0,0.87,0,1.2,0.24
"12057",4,2014,0.02,1.76,0,3.19,0.04,6.82,0.87
"12058",5,2014,0.02,1.56,0,3.82,0.2,6.78,1.15
"12059",6,2014,0,0.31,0,1.71,0.09,2.35,1.09
"12060",7,2014,0.01,0.42,0.01,1.6,0.02,1.98,0.86
"12061",8,2014,0.03,0.3,0.02,0.17,0.04,0.4,0.12
"12062",9,2014,0.05,0.53,0.03,0.7,0.16,1.25,0.32
"12063",10,2014,0,0,0,0.05,0,0.01,0.06
"12064",11,2014,0,0,0,0.01,0,0,0.03
"12065",12,2014,0,0,0,0.06,0,0.02,0.05
"12066",13,2014,0.01,0.1,0,0.41,0.03,0.49,0.21
"12067",14,2014,0.02,0.18,0.02,1.89,0.02,1.79,0.88
"12068",15,2014,0.32,1.04,0.16,0.57,0.51,0.64,0.54
"12069",16,2014,0.02,0.68,0,0.73,0.05,0.65,0.67
"12070",17,2014,0.01,0.49,0,1.85,0.02,2.2,0.75
"12071",18,2014,0.07,3.77,0.01,6.49,0.24,10.97,1.83
"12072",19,2014,0.27,9.22,0.03,10.11,1.56,11.85,5.77
"12073",20,2014,0.01,0.27,0,0.99,0.05,0.68,0.61
"12074",21,2014,0,0.08,0,1.31,0.01,1.22,1.17
"12075",22,2014,0,0.01,0,0.5,0,0.48,0.42
"12076",23,2014,0,0.01,0,0.37,0.01,0.23,0.29
"12077",24,2014,0.19,1.02,0.12,0.67,0.43,1.04,0.54
"12078",25,2014,0,0.06,0,0.67,0.01,0.72,0.76
"12079",26,2014,0,0.04,0,0.56,0,0.64,0.19
"12080",27,2014,0.02,0.92,0,1.1,0.07,2.28,0.46
"12081",28,2014,0,0.19,0,1.12,0.01,1.32,0.49
"12082",29,2014,0.01,0.33,0,1.06,0.03,1.86,0.34
"12083",30,2014,0,0.2,0,1.76,0.01,1.96,0.56
"12084",31,2014,0,0.18,0,1.19,0,2.61,0.41
"12085",32,2014,0,0,0,0.83,0,0.65,0.31
"12086",33,2014,0,0.06,0,0.81,0,1.46,0.26
"12087",34,2014,0,0.32,0,1.81,0.04,1.81,0.84
"12088",35,2014,0.01,1.56,0,2.44,0.11,3.83,1.11
"12089",36,2014,0,0,0,0.93,0,0.71,0.55
"12090",37,2014,0.02,0.22,0,2.97,0.05,2.85,1.21
"12091",38,2014,0.01,0.28,0.03,1.46,0.05,1.16,0.79
"12092",39,2014,0.13,2.11,0.04,2.55,0.44,3.96,0.91
"12093",40,2014,0,0.54,0,5.47,0.04,7.19,1.53
"12094",41,2014,0.01,0.03,0.03,0.95,0.1,0.55,0.44
"12095",42,2014,0.23,1.45,0.3,5.12,0.55,4.09,2.34
"12096",43,2014,0.14,0.4,0.13,1.09,0.12,1.43,0.4
"12097",44,2014,0,0.06,0,1.11,0,0.6,0.49
"12098",45,2014,0,0,0,0.72,0,0.38,0.33
"12099",46,2014,0,0,0,0.1,0,0.02,0.09
"12100",47,2014,0.02,0.01,0.03,0.6,0,0.1,0.65
"12101",48,2014,0.02,0.02,0.03,0.74,0.01,0.2,0.96
"12102",49,2014,0.06,0.32,0.09,3.16,0.11,2.59,2.43
"12103",50,2014,0.04,0.24,0.03,4.61,0.02,2.73,4.57
"12104",51,2014,0.04,0.64,0.03,4.27,0.09,2.73,3.1
"12105",52,2014,0,0.05,0,2.02,0.01,1.45,2.27
"12106",53,2014,0,0.01,0,1.98,0,0.8,3.46
"12107",54,2014,0.06,0.39,0.05,1.64,0.1,1.16,1.98
"12108",55,2014,0.28,0.34,0.33,1.87,0.21,1.92,1.85
"12109",56,2014,0.18,1.51,0.12,4.57,0.36,6.25,3.85
"12110",57,2014,0.04,1.95,0.01,7.29,0.11,5.13,9.94
"12111",58,2014,0.35,2.09,0.54,6.82,0.93,5.81,4.37
"12112",59,2014,15.98,30.09,11.61,42.61,16.82,58.48,26.57
"12113",60,2014,0.05,1.06,0.01,1.13,0.2,0.55,1.41
"12114",61,2014,0,0.62,0,3.13,0.04,3.77,2.14
"12115",62,2014,0,0.04,0,0.7,0,0.39,0.55
"12116",63,2014,0,0.01,0,0.77,0,0.36,0.54
"12117",64,2014,0,0.02,0,0.95,0,0.43,0.77
"12118",65,2014,0,0.09,0,0.32,0,0.25,0.17
"12119",66,2014,0.05,0.9,0.54,2.24,0.12,2.21,1.05
"12120",67,2014,0.05,0.12,0.19,0.81,0.04,0.58,0.6
"12121",68,2014,0.04,0.43,0.01,0.29,0.31,0.23,0.43
"12122",69,2014,0.01,0.63,0.06,1.1,0.12,2.14,0.8
"12123",70,2014,0,0.04,0,0.38,0,0.58,0.27
"12124",71,2014,0,0.01,0,0.69,0,0.5,0.7
"12125",72,2014,0.02,0.22,0.05,1.25,0.3,0.89,1.6
"12126",73,2014,0.22,4.47,1.24,4.77,7.17,6.1,5.56
"12127",74,2014,0,0.17,0,0.51,0.09,0.46,0.75
"12128",75,2014,0,0.09,0,0.66,0,1.17,0.31
"12129",76,2014,0,0,0,0.68,0,0.68,0.26
"12130",77,2014,0,0.04,0,0.46,0,0.43,0.18
"12131",78,2014,0,0.74,0,1.51,0,2.85,0.4
"12132",79,2014,0,0.27,0,1.31,0,2.46,0.35
"12133",80,2014,0,0,0,0.26,0,0.31,0.16
"12134",81,2014,0,0.06,0.02,0.3,0.04,0.76,0.22
"12135",82,2014,0.01,0.17,0.27,0.61,0.3,0.91,0.55
"12136",83,2014,0.04,0.37,0.33,0.57,1.71,1.46,1.33
"12137",84,2014,0.04,0.5,0.52,0.86,1.57,1.6,1.2
"12138",85,2014,0.11,2.6,0.01,3.62,0,4.49,1.44
"12139",86,2014,0.22,0.47,0.04,0.74,0,0.53,0.58
"12140",87,2014,0,0.02,0,0.22,0,0.17,0.17
"12141",88,2014,0,0,0,0.01,0,0,0.04
"12142",89,2014,0,0,0,0.01,0,0,0.04
"12143",90,2014,0,0,0,0.2,0,0.1,0.19
"12144",91,2014,0.09,0.02,0.15,0.62,0.08,0.17,0.54
"12145",92,2014,15.2,2.98,15.18,1.29,6.61,0.94,2.01
"12146",93,2014,16.01,10.69,18.03,15.44,17.2,19.05,14.24
"12147",94,2014,18.17,22.77,20.37,15.66,23.94,15.78,16.94
"12148",95,2014,4.86,18.5,7.51,40.12,7.9,55.46,16.61
"12149",96,2014,0.96,1.73,1.41,6.44,1.49,9.57,2.68
"12150",97,2014,8.61,14.69,12.27,28.72,11.24,46.6,10.66
"12151",98,2014,1.99,2.51,2.25,6.36,3.53,7.37,3.92
"12152",99,2014,0.26,0.6,0.42,3.38,0.34,3.72,1.63
"12153",100,2014,0.02,0.12,0.01,2.25,0.05,1.85,1.24
"12154",101,2014,0.03,0.08,0.03,1.36,0.03,0.79,1.8
"12155",102,2014,0.01,0.01,0.02,1.09,0.01,0.43,1.19
"12156",103,2014,0.01,0.07,0.04,1.17,0.02,0.77,1.22
"12157",104,2014,0.74,0.46,1.67,6.24,1.66,6.68,5.44
"12158",105,2014,12.04,12.93,12.74,23,14.43,22.29,22.99
"12159",106,2014,6.3,5.24,6.56,12.01,5.33,11.74,7.52
"12160",107,2014,22.28,26.9,17.83,17.01,21.42,26.3,17.34
"12161",108,2014,9.73,6.74,10.63,9.41,10.23,15.18,5.52
"12162",109,2014,14.53,10.2,21.47,23.89,13.75,38.08,12.82
"12163",110,2014,3.52,7.61,3.93,8.56,6.13,13.59,6.24
"12164",111,2014,5.82,13.54,7.18,19.88,8.09,24.53,11.96
"12165",112,2014,12.47,9.64,15.21,13.48,18.14,10.56,10.59
"12166",113,2014,10.81,13.83,6.6,22.65,11,29.66,14.24
"12167",114,2014,53.24,27.48,66.03,28.86,58.31,36.3,27.63
"12168",115,2014,9.81,29.76,6.94,31.25,22.04,36.47,17.41
"12169",116,2014,0.34,0.87,0.64,2.62,0.56,2.34,5.04
"12170",117,2014,1.69,7.33,1.99,8.35,3.38,6.96,8.6
"12171",118,2014,0.6,2.13,0.92,4.91,1.07,3,5.84
"12172",119,2014,1.97,7.07,1.53,4.61,3.57,4.1,5.26
"12173",120,2014,2.54,3.41,2.4,2.01,9.81,1.19,5.81
"12174",121,2014,1.99,1.63,2.89,2.51,0.78,4.48,2.13
"12175",122,2014,0.12,0.08,0.29,2.01,0.09,2.14,0.59
"12176",123,2014,0.16,0.01,0.91,0.79,0.07,0.81,0.3
"12177",124,2014,0.21,0.06,1.19,1.14,0.18,1.34,0.65
"12178",125,2014,2.5,0.51,5.31,2.54,1.32,2.6,3.53
"12179",126,2014,2.91,2.83,2.52,7.62,3.35,5.26,5.9
"12180",127,2014,8.61,13.69,7.72,9.28,12.69,7.15,7.27
"12181",128,2014,7.98,16.19,11.93,16.04,11.13,14.94,10.15
"12182",129,2014,17.02,47.67,15.78,64.44,38.04,55.93,65.04
"12183",130,2014,7.37,20.13,8.32,33.56,13.74,45.81,26.95
"12184",131,2014,1.04,2.5,1.25,6.92,0.8,4.41,14.2
"12185",132,2014,3.25,2.22,4.35,4.44,4.44,2.9,5.38
"12186",133,2014,1.51,0.28,3.43,2.21,0.6,1.09,2.33
"12187",134,2014,9.55,2.94,10.93,2.83,12.15,2.24,3.29
"12188",135,2014,9.26,10.25,8.98,4.74,11.39,4.7,7.45
"12189",136,2014,5.89,7.51,5.28,5.06,7.95,6.43,9.58
"12190",137,2014,4.25,5.85,5.14,9.05,3.1,10.72,8.06
"12191",138,2014,18.34,12.79,21.5,7.78,24.2,8.45,12.47
"12192",139,2014,10.27,13.77,9.65,10.12,15.26,9.13,13.75
"12193",140,2014,1.51,3.92,1.28,3.09,2.69,3.01,3.72
"12194",141,2014,15.51,19.55,15.52,14.27,15.7,31.54,6.82
"12195",142,2014,1.21,1.11,1.1,4.89,1.22,7.48,3.26
"12196",143,2014,0.19,0.12,0.18,1.61,0.15,2.52,0.6
"12197",144,2014,0.04,0,0.07,0.24,0.06,0.43,0.09
"12198",145,2014,0.14,0.03,0.19,0.44,0.04,0.68,0.18
"12199",146,2014,1.21,0.32,3.19,0.73,1.49,0.3,0.7
"12200",147,2014,14.07,26.4,19.59,24.06,31.85,29.62,24.8
"12201",148,2014,28.63,21.18,22.81,21.38,21.91,28.4,15.45
"12202",149,2014,2.55,2.44,3.36,7.9,2.94,10.75,3.47
"12203",150,2014,1.95,2.15,3.96,2.91,3.02,1.65,4.22
"12204",151,2014,0.37,0.38,0.66,1.01,0.62,0.99,0.85
"12205",152,2014,6.76,6.73,6.82,4,5.55,5.86,2.14
"12206",153,2014,9.29,19.24,10.58,13.67,12.71,20.8,7.88
"12207",154,2014,0.66,1.82,0.84,4.08,1.63,4.88,1.95
"12208",155,2014,0.15,0.61,0.22,0.95,0.2,1.01,0.6
"12209",156,2014,0.16,0.28,0.32,0.56,0.23,0.83,0.18
"12210",157,2014,10.7,15.94,11.95,11.64,12.85,11.21,10.88
"12211",158,2014,19.53,17.89,17.29,6.19,14.55,5.94,6.71
"12212",159,2014,22.04,44.54,17.85,23.93,34.54,33.59,22.2
"12213",160,2014,9.83,19.11,7.88,21.04,12.33,33.22,10.06
"12214",161,2014,13.65,9.79,17.07,9.74,7.87,14.12,6.06
"12215",162,2014,26.23,16.47,33.4,10.98,27.07,13.7,11.52
"12216",163,2014,3.76,7.76,3.5,12.64,4.6,15.6,10.84
"12217",164,2014,4.2,12.47,4.71,16.71,8.61,20.97,10.81
"12218",165,2014,6.75,5.04,9.16,8.4,8.01,10.16,5.66
"12219",166,2014,7.59,9.58,8.96,12.88,12.77,13.49,13.49
"12220",167,2014,4.37,1.28,3.12,2.96,0.43,3.08,1.92
"12221",168,2014,5.64,2.14,4.7,1.75,3,0.93,2.49
"12222",169,2014,4.39,7.28,3.78,6.12,6.22,4.83,5.16
"12223",170,2014,1.84,2.47,1.38,3.04,1.17,2.46,2.21
"12224",171,2014,0.71,3.21,0.77,6.64,1.7,4.99,6.31
"12225",172,2014,0.09,1.22,0.06,4.64,0.28,5.76,2.28
"12226",173,2014,7.95,5.02,8.77,5.42,10.34,6.12,4.92
"12227",174,2014,23.71,25.58,23.81,14.93,19.86,23.4,10.18
"12228",175,2014,14.99,6.12,24.24,4.83,13.86,6.3,4.56
"12229",176,2014,48.76,14.41,60.43,19.57,37.16,19.32,23.49
"12230",177,2014,3.79,0.3,4.49,4.8,2.06,1.62,5.75
"12231",178,2014,0.82,0.08,1.03,0.34,0.36,0.07,0.49
"12232",179,2014,17.42,13.41,11.74,8.36,13.96,7.75,16.05
"12233",180,2014,7.1,22.89,5.01,27.59,6.99,36.13,18.99
"12234",181,2014,13.95,11.86,10.91,10.91,10.65,9.79,21.51
"12235",182,2014,9.63,9.49,12.49,14.43,15.1,22.7,13.31
"12236",183,2014,3.83,1.91,6.87,2.26,6.67,2.57,4.32
"12237",184,2014,3.35,0.82,6.4,0.9,4.36,0.76,1.21
"12238",185,2014,5.36,0.58,14.38,1.63,5.2,1.38,2.47
"12239",186,2014,5.85,1.61,13.19,2.08,12.73,1.73,3.69
"12240",187,2014,12.41,1.9,13.61,1.55,10.7,1.26,1.98
"12241",188,2014,25.68,17.68,32.82,13.17,26.51,17.02,16.56
"12242",189,2014,28.25,30.82,26.86,17.52,29.91,24.93,20.41
"12243",190,2014,13.14,17.52,14.58,15.61,11.73,20.89,13.38
"12244",191,2014,15.46,11.36,10.57,9.82,5.55,16.9,6.47
"12245",192,2014,6.35,5.99,8.95,8.44,6.46,11.11,5.92
"12246",193,2014,12.58,8.15,16.88,14.33,16.88,16.79,18.88
"12247",194,2014,10.56,5.75,12.95,12.11,8.59,14.18,11.09
"12248",195,2014,13.27,4.84,17.04,9.04,9.03,8.03,8.22
"12249",196,2014,23.72,10.66,27.06,6.71,14.24,8.92,4.4
"12250",197,2014,14.17,10.64,11.23,16.7,5.33,17.65,18.29
"12251",198,2014,2.83,3.31,3.78,9.2,2.89,8.78,9.09
"12252",199,2014,4.77,3.07,3.41,7.32,5.68,6.36,9.67
"12253",200,2014,3.93,3.43,2.79,4.26,3.4,4.85,5.13
"12254",201,2014,5.35,7.02,5.49,17.96,7.64,22.43,16.4
"12255",202,2014,18.3,22.8,19.14,10.44,14.75,18.35,5.72
"12256",203,2014,1.46,2.07,2.58,2.79,2.18,4.14,2.03
"12257",204,2014,16.89,2.23,19.26,2.03,11.59,3.3,0.92
"12258",205,2014,9.17,6.9,8.87,3,7.74,4.49,2.05
"12259",206,2014,1.43,0.32,1.44,0.68,0.98,0.95,0.42
"12260",207,2014,3.37,1.71,3.17,1.04,7.03,0.44,4.88
"12261",208,2014,6.81,5.03,7.32,11.54,7.19,14.35,11.51
"12262",209,2014,3.42,1.54,1.1,1.57,1.2,1.48,1.89
"12263",210,2014,17.47,18.7,12.79,12.83,10.23,18.01,9.13
"12264",211,2014,7.64,19.09,4.55,17.24,7.64,22.74,15.01
"12265",212,2014,3.91,9.25,3.36,16.85,6.43,23.51,11.06
"12266",213,2014,12.86,13.6,16.55,13.85,16.9,15.77,10.65
"12267",214,2014,4.56,8.15,7.38,14.05,3.49,21.89,4.69
"12268",215,2014,2.11,4.87,3.82,13.55,2.27,20.75,4.05
"12269",216,2014,1.77,0.61,4.61,0.93,3.99,0.73,1.33
"12270",217,2014,4.5,2.75,6.43,1.76,4.49,1.89,3.11
"12271",218,2014,5.82,4.35,6.54,10.08,5.64,8.02,7.01
"12272",219,2014,5.82,6.81,7.16,13.92,6.7,18.95,7
"12273",220,2014,0.95,3.22,0.6,10.13,2.62,8.85,7.01
"12274",221,2014,5.03,7.6,7.35,9.15,6.37,11.75,7.41
"12275",222,2014,4.95,6.73,6.41,8.99,5.41,10.39,10.26
"12276",223,2014,3.71,1.1,6.95,3.3,2.38,2.46,5.44
"12277",224,2014,19.63,16.69,22.05,7.33,18.2,7.12,11.89
"12278",225,2014,11.28,2.74,13.01,3.47,7.16,4.48,5.41
"12279",226,2014,28.43,19.84,31.43,13.99,38.72,14.49,17.54
"12280",227,2014,8.21,3.93,12.74,10.37,4.84,14.05,10.41
"12281",228,2014,8.03,8.62,10,5.56,7.93,5.08,3.71
"12282",229,2014,14.97,9.13,17.21,8.3,10.6,8.63,4.93
"12283",230,2014,7.04,6.49,10.86,8.57,4.82,11.02,3.84
"12284",231,2014,10.21,10.03,13.3,10,6.4,12.97,3.65
"12285",232,2014,0.21,1.72,0.31,3.34,0.26,4.47,0.89
"12286",233,2014,0.15,0.14,0.34,1.45,0.22,1.55,1.8
"12287",234,2014,1.13,0.2,1.97,1.48,0.4,1.75,2.07
"12288",235,2014,5.74,1.42,10.85,4.3,6.43,4.62,5.64
"12289",236,2014,0.49,1.43,0.84,5.32,2.4,7.09,5.61
"12290",237,2014,3.09,0.8,5.3,1.59,4.46,1.8,3.16
"12291",238,2014,20.01,10.38,25.27,6.09,19.08,8.32,6.34
"12292",239,2014,1.83,0.46,2.35,3.23,0.63,3.12,2.91
"12293",240,2014,8.27,5.05,8.17,6.57,6.43,7.49,7.58
"12294",241,2014,1.48,1.05,2.02,1.61,1.66,2.72,1.07
"12295",242,2014,4.39,0.56,8.73,0.73,2.46,0.96,0.93
"12296",243,2014,0.84,0.69,1.05,0.8,0.59,0.68,1.1
"12297",244,2014,6.9,5.45,8.89,6.72,8.78,6.25,9.08
"12298",245,2014,14.36,13.65,14.43,13.71,13.03,14.14,11.74
"12299",246,2014,35.69,33.88,35.19,17.91,33.15,18.34,14.24
"12300",247,2014,4.26,11.44,2.67,13.73,7.11,16.38,7.93
"12301",248,2014,5,2.21,6.77,7.74,4.8,6.63,7.04
"12302",249,2014,12.05,8.22,14.78,8.31,14.06,4.2,10.19
"12303",250,2014,6.1,9.28,5.45,9.04,10.01,6.12,9.97
"12304",251,2014,1.91,2.54,2.57,6.62,2.08,3.98,7.3
"12305",252,2014,17.2,12.36,18.49,7.23,17.64,5.14,7.41
"12306",253,2014,4.32,2.06,6.5,5.03,9.82,2.47,7.39
"12307",254,2014,25.69,14.69,28.81,6.55,23.72,7.35,8.96
"12308",255,2014,20.15,13.02,26.99,12.14,18.95,14.79,15.99
"12309",256,2014,18.6,19.33,17.75,10.3,22.17,14.86,10.84
"12310",257,2014,11.19,9.37,15.11,4.78,13.62,4.47,7.98
"12311",258,2014,19.44,11.23,21.42,2.52,7.38,5.14,1.7
"12312",259,2014,4.94,1.36,4.98,3.26,1.76,2.58,1.97
"12313",260,2014,12.54,9.7,13.99,4.03,14.91,2.87,6.03
"12314",261,2014,11.38,11.81,14.66,10.46,10.07,9.77,13.84
"12315",262,2014,2.8,5.69,2.14,8.29,1.95,6.44,6.72
"12316",263,2014,9.46,8.64,7.79,19.35,10.21,18.36,12.19
"12317",264,2014,4.09,1.93,2.26,8.14,3.23,4.21,6.86
"12318",265,2014,0.24,0.87,0.43,5.07,0.84,2.21,6.57
"12319",266,2014,2.78,2.37,2.25,6.84,7.4,2.55,11.27
"12320",267,2014,1.68,0.93,1.27,4.03,4.16,2.13,7.95
"12321",268,2014,0.35,0.46,0.35,2.37,0.94,1.26,2.88
"12322",269,2014,5.56,6.16,8,11.43,5.35,18.07,8.11
"12323",270,2014,4.33,17.5,4.64,26.77,9.37,32.33,18.92
"12324",271,2014,1.17,4.65,1.44,10.23,2.12,17.87,4.59
"12325",272,2014,2.98,2.41,4.46,3.33,3.1,5.68,1.36
"12326",273,2014,0.34,0.55,1.19,2.17,0.2,4.04,0.5
"12327",274,2014,19.24,17.13,13.86,14.78,12.16,20.38,16.22
"12328",275,2014,15.33,6.48,14.65,9.22,8.15,12.3,6.05
"12329",276,2014,11.5,2.09,13.8,3.77,4.6,5.35,3.39
"12330",277,2014,3.4,3.02,2.71,6.8,6.99,4.77,10.08
"12331",278,2014,15.25,16.81,12.28,31.07,14.2,46.91,22.23
"12332",279,2014,13.07,13.91,16.84,25.17,8.34,31.01,10.85
"12333",280,2014,9.54,13.12,14.75,24.17,9.24,28.59,10.76
"12334",281,2014,2.82,5.7,2.82,15.71,4.78,15.61,9.15
"12335",282,2014,12.37,8.76,13.6,13.62,8.31,13.24,14.33
"12336",283,2014,3.44,4.36,5.19,11.18,7.39,7.53,18.05
"12337",284,2014,11.95,8.68,7.75,11.23,7.88,15.31,7.33
"12338",285,2014,0.44,1.72,0.52,6.46,0.37,7.87,3.42
"12339",286,2014,7.67,11.09,9.35,8.55,6.75,9.64,4.76
"12340",287,2014,0.37,2.19,0.39,7.66,0.52,14.23,1.96
"12341",288,2014,8.94,6.36,8.86,5.42,6.2,7.24,2.91
"12342",289,2014,4.58,5.82,4.16,6.92,4.42,6.06,7.5
"12343",290,2014,11.83,6.67,11.28,5.73,9.34,3.83,6.2
"12344",291,2014,4.74,4.69,4.07,3.44,5.59,2.92,4.57
"12345",292,2014,3.5,3.94,2.76,5.08,1.72,4.6,2.84
"12346",293,2014,6.32,6.59,7.64,8.2,5.06,9.76,4.79
"12347",294,2014,3.12,1.15,4.97,4.29,1.79,5.79,3.59
"12348",295,2014,24.76,16.57,25.44,7.15,38.37,8.72,21.33
"12349",296,2014,1.96,1.9,2.44,4.42,1.56,4.45,4.23
"12350",297,2014,4.01,6.87,3.65,3.45,7.13,5.51,7.03
"12351",298,2014,7.99,18.59,7.07,14.51,9.82,19.87,24.52
"12352",299,2014,2.51,8.44,4.45,21.34,5.89,25.46,13.44
"12353",300,2014,9.16,10.94,14.21,13.23,6.71,21.32,7.47
"12354",301,2014,10.54,24.03,7.37,11.31,17.11,15.43,11.95
"12355",302,2014,1.03,3.07,0.89,5.23,3.23,4.56,3.76
"12356",303,2014,0.45,0.66,0.51,2.94,0.61,2.66,1.52
"12357",304,2014,2.98,4.02,3.4,6.84,6.2,7.68,4.07
"12358",305,2014,0.88,9.49,1.93,7.12,4.52,8.63,8.99
"12359",306,2014,0.17,0.32,0.75,0.8,0.37,0.34,1.4
"12360",307,2014,0.08,0.23,0.37,0.9,0.18,0.5,1.31
"12361",308,2014,0.06,1,0.09,1.85,0.26,1.13,2.42
"12362",309,2014,0.63,6.2,2.24,9.55,0.72,16.47,8.24
"12363",310,2014,14.8,22.67,9.68,10.78,6.59,14.53,10.21
"12364",311,2014,3.23,5.65,2.44,8.04,6.62,7.47,10.48
"12365",312,2014,13.34,17,15.44,21.76,21.31,30.04,18.05
"12366",313,2014,10.98,6.21,9.03,12.07,7.1,19.64,4.92
"12367",314,2014,3.84,3.35,3.85,7.56,2.72,4.98,6.07
"12368",315,2014,2.87,14.37,3.79,14.74,6.58,17.6,12.8
"12369",316,2014,1.31,22.29,2.19,28.32,1.93,49.98,13.77
"12370",317,2014,0.27,5.49,0.56,8.45,1.39,15.4,6.65
"12371",318,2014,0.65,4.77,1.82,4.76,1.45,10.3,4.53
"12372",319,2014,1.87,5.88,5.45,4.29,6.24,9.16,3.73
"12373",320,2014,5.46,6.16,5.94,8.73,5.07,15.84,5.35
"12374",321,2014,0.44,0.32,1.51,1.62,0.26,3.71,0.66
"12375",322,2014,1.97,2.43,1.1,2.86,1.92,3.47,2.9
"12376",323,2014,3.35,6.15,3.05,2.85,2.81,7.78,2.14
"12377",324,2014,0.5,1.23,0.62,0.52,0.65,1.53,0.81
"12378",325,2014,0.11,0.39,0.27,0.45,0.18,0.38,0.49
"12379",326,2014,0.28,0.4,1.82,0.63,0.31,0.53,0.65
"12380",327,2014,0.86,5.58,4.38,8.18,1.12,8.29,3.02
"12381",328,2014,0.03,0.17,0.09,1.22,0.06,0.92,0.45
"12382",329,2014,0.2,1,0.25,3.69,0.21,4.1,0.85
"12383",330,2014,0.03,0.08,0.07,0.31,0.07,0.38,0.94
"12384",331,2014,0.15,0.26,0.22,0.26,0.59,0.35,0.74
"12385",332,2014,0.07,0.42,0.48,0.74,0.26,0.83,1.28
"12386",333,2014,0.5,3.5,0.35,2.63,1.17,4.06,2.42
"12387",334,2014,0.18,0.92,0.67,1.33,0.36,3.3,1.24
"12388",335,2014,0.82,4.62,0.47,7.01,2.26,7.21,8.33
"12389",336,2014,0.03,0.7,0.01,2.93,0.28,2.85,2.32
"12390",337,2014,0.06,1.25,0.02,2.77,0.49,4.05,1.58
"12391",338,2014,0.05,0.53,0.01,0.77,0.31,0.71,0.8
"12392",339,2014,0.17,0.85,0.11,2.52,1.71,1.42,5.17
"12393",340,2014,4.47,3.71,5.5,3.2,6.62,3.94,3.58
"12394",341,2014,2.34,1.13,2.74,0.86,2.94,0.51,1.65
"12395",342,2014,6.43,10.46,5.02,6.15,8.12,8,5.47
"12396",343,2014,0.49,0.49,0.44,3.67,0.61,4.78,3.04
"12397",344,2014,2.09,0.52,3.53,3.23,1.75,3.46,2.46
"12398",345,2014,2.29,4.12,3.38,11.22,1.25,14.79,6.35
"12399",346,2014,0.23,0.46,0.37,2.43,0.1,2.14,1.15
"12400",347,2014,0.38,0.54,0.51,1.94,0.24,1.76,0.96
"12401",348,2014,0.11,0.93,0.12,1.37,0.09,1.27,1.46
"12402",349,2014,0.12,1.07,0.1,2.47,0.13,3.72,1.59
"12403",350,2014,0.02,2.22,0,3.9,0.12,8.24,1.26
"12404",351,2014,0,0.12,0,0.7,0.01,0.73,0.25
"12405",352,2014,0.02,0.59,0,0.41,0.04,0.3,0.21
"12406",353,2014,0.02,0.38,0,0.78,0.07,0.83,0.26
"12407",354,2014,0.01,0.41,0,0.62,0.01,1.11,0.27
"12408",355,2014,0.01,0.46,0,1.2,0.07,1.15,0.85
"12409",356,2014,0,0,0,0.07,0,0.06,0.04
"12410",357,2014,0.05,1.51,0,1.84,0.38,3.76,0.64
"12411",358,2014,0,0.11,0,1.19,0,1.7,0.38
"12412",359,2014,0,0.01,0,0.03,0,0.01,0.04
"12413",360,2014,0,0.09,0,0.04,0.01,0.06,0.02
"12414",361,2014,0,0,0,0.25,0,0.26,0.05
"12415",362,2014,0,0.26,0,1.25,0.01,2.22,0.51
"12416",363,2014,0,0.36,0,0.49,0.02,0.97,0.14
"12417",364,2014,0.02,1.73,0,3.15,0.17,5.15,1.12
"12418",365,2014,0.01,2.2,0,4.89,0.12,11.74,1.31
"12419",1,2015,0.01,0.8,0,0.8,0.03,1.4,0.25
"12420",2,2015,0.01,0.64,0,0.86,0.04,1.78,0.16
"12421",3,2015,0.01,1.19,0,2.78,0.07,5.46,0.78
"12422",4,2015,0.01,0.76,0,2.53,0.1,4.78,0.71
"12423",5,2015,0.01,0.21,0,0.26,0.06,0.2,0.11
"12424",6,2015,0.01,0.13,0.02,0.01,0.04,0.02,0.01
"12425",7,2015,0.03,0.28,0.07,0.07,0.04,0.1,0.02
"12426",8,2015,0,0.03,0,0.28,0,0.44,0.07
"12427",9,2015,0.01,0.03,0.04,0.38,0,0.59,0.09
"12428",10,2015,0.05,1.34,0.3,2.69,0.22,4.6,1.15
"12429",11,2015,0.46,2.64,0.46,7.15,0.95,10.88,2.82
"12430",12,2015,0.05,0.13,0.04,1.14,0.05,1.43,0.31
"12431",13,2015,0.07,0.24,0.04,0.72,0.09,0.63,0.33
"12432",14,2015,0.04,0.31,0.01,0.74,0.04,0.94,0.4
"12433",15,2015,0.03,0.05,0.08,0.92,0.03,0.73,0.54
"12434",16,2015,0.42,0.89,0.56,2.72,0.41,2.09,1.73
"12435",17,2015,0.83,1.28,0.51,3.4,0.92,2.42,3.27
"12436",18,2015,2.04,3.08,0.73,3.49,1.79,4.2,2.75
"12437",19,2015,0.06,0.28,0.07,1.08,0.06,0.92,0.73
"12438",20,2015,0.6,1.35,0.32,2.68,0.71,3.51,1.09
"12439",21,2015,0.6,1.79,0.9,6.19,0.68,8.51,2.42
"12440",22,2015,3.98,3.62,7.42,3.73,7.35,4.15,3.51
"12441",23,2015,0.68,1.48,1.2,1.78,1.32,2.49,1.16
"12442",24,2015,0.18,0.3,0.32,1.69,0.66,1.41,1.25
"12443",25,2015,0,0,0,0.48,0,0.34,0.28
"12444",26,2015,0,0.01,0,0.13,0,0.06,0.12
"12445",27,2015,0,0,0,0.38,0,0.15,0.46
"12446",28,2015,0,0,0,0.1,0,0.03,0.16
"12447",29,2015,0,0,0,0.17,0,0.06,0.12
"12448",30,2015,0.21,0.07,0.3,0.42,0.05,0.17,0.3
"12449",31,2015,9.53,3.55,14.54,6.94,12.63,8.02,4.12
"12450",32,2015,28.17,5.53,22.88,4.08,9.07,5.52,3.37
"12451",33,2015,4.84,5.43,2.35,5.75,3.01,5.75,4.51
"12452",34,2015,0.21,0.34,0.32,1.64,0.59,1.45,0.87
"12453",35,2015,0.77,1.36,0.12,2.61,0.24,3.82,1.12
"12454",36,2015,0.03,0.07,0.01,1.3,0,0.96,0.72
"12455",37,2015,0.66,0.63,0.66,2.9,0.23,1.63,2.51
"12456",38,2015,0.66,0.38,0.66,1.95,0.23,0.67,1.93
"12457",39,2015,0.66,1.84,0.66,2.14,0.23,3.29,3.08
"12458",40,2015,0.81,0.53,0.81,0.97,0.59,0.25,1.91
"12459",41,2015,0.67,0.8,0.77,2.33,0.32,0.93,2.27
"12460",42,2015,0.52,0.1,0.5,4.22,0.05,3.4,3.43
"12461",43,2015,2.43,1.24,4.31,5.49,2.45,4.8,5.07
"12462",44,2015,12.35,27.08,10.55,24.63,16.73,46.5,15.16
"12463",45,2015,0.62,1.53,0.7,3.8,1.52,3.79,7
"12464",46,2015,0,0.02,0.01,0.48,0.01,0.36,0.98
"12465",47,2015,0.03,0.13,0.08,0.75,0.06,0.67,0.36
"12466",48,2015,0.02,0.25,0.04,0.79,0.04,1.57,0.26
"12467",49,2015,0.02,0.01,0.04,0.44,0.03,0.23,0.25
"12468",50,2015,0.07,0.01,0.05,0.71,0.06,0.39,0.45
"12469",51,2015,0.04,0.38,0.04,0.77,0.04,0.85,0.48
"12470",52,2015,0.02,0.06,0.01,0.06,0.01,0.08,0.05
"12471",53,2015,0.1,0.36,0.08,0.09,0.23,0.4,0.15
"12472",54,2015,0.24,0.2,0.28,0.68,0.25,0.52,0.44
"12473",55,2015,0.15,0.34,0.19,1.07,0.11,1.07,0.68
"12474",56,2015,0.01,0.23,0.01,0.99,0.01,1.36,0.84
"12475",57,2015,0,0.12,0,0.6,0.01,0.41,0.61
"12476",58,2015,0.13,1.15,0.18,3.73,0.39,4.47,1.43
"12477",59,2015,2.23,10.73,2.75,11.87,5.15,17.58,5.12
"12478",60,2015,0.19,2.75,0.01,5.97,0.26,10.59,2.35
"12479",61,2015,0.01,0.17,0,0.07,0.01,0.06,0.08
"12480",62,2015,0,0.04,0,0.79,0,0.72,0.62
"12481",63,2015,0,0.01,0,1.21,0,0.94,0.67
"12482",64,2015,0.01,0.33,0.01,0.35,0.01,0.63,0.36
"12483",65,2015,0.02,0.79,0,2.02,0.02,3.87,0.62
"12484",66,2015,0.01,0.62,0,2.37,0.01,3.26,0.76
"12485",67,2015,0,0.06,0,0.98,0,1.2,0.28
"12486",68,2015,0,0.06,0,0.74,0,1.36,0.17
"12487",69,2015,0.01,0.32,0,1.65,0.05,2.54,0.42
"12488",70,2015,0.01,1.43,0,4.58,0.02,5.76,1.33
"12489",71,2015,0,0.52,0,1.78,0,1.85,0.63
"12490",72,2015,0,0.31,0,2.24,0,1.61,1.2
"12491",73,2015,0,0.26,0,0.67,0,0.6,0.42
"12492",74,2015,0,0.09,0,1.22,0,0.71,0.64
"12493",75,2015,0.14,0.02,0.13,1.7,0.04,0.66,2.08
"12494",76,2015,1.7,0.78,3.31,5.03,1.65,3.32,4.15
"12495",77,2015,9.33,3.32,18.08,8.24,9.18,5.68,7.62
"12496",78,2015,5.17,2.91,7.87,10.05,3.27,10.5,7.48
"12497",79,2015,28.89,9.8,44.7,10.01,17.68,12.33,6.33
"12498",80,2015,0,0.26,0,1.07,0,1.68,0.27
"12499",81,2015,0,0.07,0,0.29,0,0.23,0.13
"12500",82,2015,0,0.04,0,0.19,0,0.24,0.04
"12501",83,2015,0,0.06,0,0.09,0,0.14,0.02
"12502",84,2015,0,0.01,0,0.03,0,0.04,0.01
"12503",85,2015,0,0,0,0.42,0,0.18,0.26
"12504",86,2015,0.2,0.02,0.35,0.55,0.02,0.21,0.36
"12505",87,2015,0.35,0.41,0.28,3.57,0.03,6.75,1.39
"12506",88,2015,0.73,1.03,1.15,4.51,0.31,6.63,2.12
"12507",89,2015,0.13,0,0.18,0.13,0,0.03,0.32
"12508",90,2015,0.35,0,0.87,0.31,0.01,0.1,0.39
"12509",91,2015,0.89,0.32,2.08,1.98,1.22,1.1,2.72
"12510",92,2015,14.43,7.23,18.53,7.25,17.87,6.68,9.76
"12511",93,2015,3.17,7.29,4.23,14.48,4.71,19.4,9.81
"12512",94,2015,4.18,5.23,5.09,12.85,6.96,15.75,8.21
"12513",95,2015,0.32,0.93,0.25,6.63,0.25,6,4.62
"12514",96,2015,0.22,0.92,0.04,2.91,0.32,2.99,2.1
"12515",97,2015,0.99,0.43,1.88,2.07,1.15,2.09,1.43
"12516",98,2015,3.95,2.44,3.68,6.13,4.86,6.42,5.26
"12517",99,2015,4.27,11.43,4.17,15.88,12.45,15.8,16.01
"12518",100,2015,1.45,0.61,4.05,4.53,3.21,3.47,4.29
"12519",101,2015,5.08,2.8,5.33,4.29,4.47,4.39,3.77
"12520",102,2015,12.96,8.93,10.25,8.7,9.98,9.28,7.3
"12521",103,2015,2.61,4.58,3.48,6.02,5.47,8.71,4.34
"12522",104,2015,7.13,4.64,10.92,8.07,10.72,9.12,7.99
"12523",105,2015,0.54,0.18,0.53,2.78,0.2,1.48,2.84
"12524",106,2015,2.91,2.7,3.02,5.17,2.06,5.8,4.92
"12525",107,2015,5.95,10.09,5.98,12.8,7.09,14.07,14.33
"12526",108,2015,8.01,7.31,10.69,6.76,8.12,7.52,7.59
"12527",109,2015,15.97,11.04,17.25,8.3,12.71,10.97,7.31
"12528",110,2015,12.08,10.64,13.65,9.86,10.55,12.92,9.34
"12529",111,2015,1.32,1.28,2.31,3.07,2.84,6.69,4.37
"12530",112,2015,0.42,0.06,0.92,0.51,0.39,0.76,0.64
"12531",113,2015,0.43,0.08,0.45,0.32,0.22,0.36,0.4
"12532",114,2015,6.93,3.84,6.64,3.25,8.54,3.35,5.64
"12533",115,2015,13.87,9.79,13.74,6.32,10.92,12.34,7.19
"12534",116,2015,4.28,3.31,6.42,12.51,2.62,19.93,3.5
"12535",117,2015,6.24,1.73,8.35,5.3,2.6,3.81,3.35
"12536",118,2015,1.62,0.55,1.95,0.55,1.75,0.43,0.48
"12537",119,2015,2.42,0.37,4.3,0.43,4.55,0.39,0.33
"12538",120,2015,3.39,1.47,5.59,1.48,4.82,1.46,0.95
"12539",121,2015,0.27,0.06,0.35,0.18,0,0.13,0.46
"12540",122,2015,0.13,0,0.45,0.02,0,0.01,0.5
"12541",123,2015,0.04,0.15,0.12,0.15,0,0.26,0.26
"12542",124,2015,0,0,0.02,0.08,0,0.13,0.1
"12543",125,2015,0.07,0.02,0.12,0.12,0,0.45,0.16
"12544",126,2015,0.01,0.02,0.05,0.41,0,0.42,0.43
"12545",127,2015,3.88,2.41,4.45,2.09,9.49,1.72,2.88
"12546",128,2015,12.59,8.19,16.29,4.86,22.65,8.46,6.62
"12547",129,2015,3.41,1.12,7.72,3.17,3.35,8.49,2.39
"12548",130,2015,0.02,0.03,0.06,0.62,0.11,0.68,0.38
"12549",131,2015,0.04,0.03,0.07,0.59,0.04,0.32,0.33
"12550",132,2015,0.42,1.48,0.73,3.98,0.93,3.39,2.41
"12551",133,2015,2.95,0.92,1.53,1.75,2.19,1.07,1.66
"12552",134,2015,8.86,3.85,8.4,7.63,10.09,6.7,5.49
"12553",135,2015,4.99,12.23,4.58,22.03,9.79,18.1,14.63
"12554",136,2015,5.09,2.5,8,3.74,6.88,3.3,5.87
"12555",137,2015,5.16,3.12,8.8,3.71,4.51,3.15,4.58
"12556",138,2015,17.66,8.29,16.16,6.72,12.08,6.21,7.94
"12557",139,2015,13.79,20.24,9.92,18.35,9.15,26.37,10.14
"12558",140,2015,18.85,18.98,15.62,17.76,26.31,20.09,21.73
"12559",141,2015,3.61,13.44,2.15,12.62,5.46,15.25,6.5
"12560",142,2015,16.22,31.23,10.35,15.3,11.71,26.42,12.68
"12561",143,2015,5.23,6.94,4.52,11.97,4.88,11.48,10.02
"12562",144,2015,1.77,2.04,1.33,2.86,1.12,5.16,1.57
"12563",145,2015,5.9,11.43,4.36,16.86,5.93,24.18,9.79
"12564",146,2015,0.3,0.7,0.42,4.86,1.01,3.63,2.81
"12565",147,2015,0.06,0.98,0.06,4.5,0.18,7.15,1.52
"12566",148,2015,1.46,8.69,1.3,17.75,7.04,16.76,9.66
"12567",149,2015,3,13.2,2.33,7.57,4.49,14.61,5.27
"12568",150,2015,4.36,8.01,3.58,9.96,5.39,18.87,4.53
"12569",151,2015,6.82,29.8,4.07,25.86,16.02,41.16,12.94
"12570",152,2015,8.54,12.09,14.06,9.94,8.18,14.58,6.5
"12571",153,2015,10.04,10.15,11.28,11.37,6.11,15.24,8.47
"12572",154,2015,5.36,5.4,9.1,10.36,14.46,10.49,15.29
"12573",155,2015,16.13,32.13,13.59,20.34,27.27,28.26,19.67
"12574",156,2015,12.95,20.4,14.96,10.09,11.03,14.39,9.78
"12575",157,2015,3.55,7.77,2.35,7.97,4.94,9.33,5.29
"12576",158,2015,20.91,24.53,20.06,15.85,22.31,22.07,19.77
"12577",159,2015,4.65,9.54,6.42,9.34,9.5,12.2,11.77
"12578",160,2015,2.1,3.73,1.65,11.41,3.14,10.27,9.45
"12579",161,2015,1.63,0.88,3.8,1.27,1.78,0.87,2.53
"12580",162,2015,9.52,33.81,13.26,25.1,35.6,36.79,27.42
"12581",163,2015,7.84,14.2,8.42,15.94,8.79,24.89,10.86
"12582",164,2015,7.37,27.53,8.57,17.33,16.85,17.59,21.64
"12583",165,2015,9.32,21.9,10.34,24.13,20.98,31.83,24.52
"12584",166,2015,9.66,16.68,13.91,26.03,17.79,32.83,29.79
"12585",167,2015,16.82,13.26,22.32,11.2,13.3,12.72,7.63
"12586",168,2015,7.56,5.33,10.14,7.57,3.92,10.94,2.15
"12587",169,2015,8.85,4.39,14,6.87,6.03,6.54,5.5
"12588",170,2015,15.31,26.14,17.14,11.39,14.05,12.44,8.84
"12589",171,2015,24.02,10.57,35.16,6.26,16.5,6.46,6.94
"12590",172,2015,17.3,2.61,19.97,5.46,3.98,6.2,6.82
"12591",173,2015,29.54,15.37,19.26,15.46,21.86,22.13,20.39
"12592",174,2015,6.74,2.14,6.45,7.13,2.13,11.45,6.8
"12593",175,2015,3.04,2.81,1.8,6.91,1.19,11.87,3.42
"12594",176,2015,25.26,9.14,23.62,8.41,14.63,13.02,12.62
"12595",177,2015,8.15,15.64,5.3,15.75,8.87,23.44,9
"12596",178,2015,14.16,8.11,13.11,9.82,13.55,14.19,6.11
"12597",179,2015,1.02,3.38,0.9,7.82,1.54,10.44,3.63
"12598",180,2015,1.05,0.54,1.38,1.2,1.17,0.97,1.52
"12599",181,2015,2.68,2.51,2.51,0.86,3.91,0.72,1.83
"12600",182,2015,9.07,3.08,9.4,5.87,7.02,7.37,4.42
"12601",183,2015,9.99,7.09,11.52,4.94,8.1,7.25,3.81
"12602",184,2015,12.51,3.97,12.48,3.82,12,5.57,2
"12603",185,2015,3.97,2.72,4.03,6.57,4.31,9.15,3.95
"12604",186,2015,5.28,4.71,5.56,3.96,5.44,3.97,3.51
"12605",187,2015,21.92,20.6,26.88,5.41,43.36,9.26,10.53
"12606",188,2015,18.79,16.51,21.49,7.29,19.29,14.47,9.14
"12607",189,2015,13.42,7.5,15.61,3.24,10.44,6.49,4.09
"12608",190,2015,5.14,0.72,8.94,1.1,2.38,2.15,0.67
"12609",191,2015,20.92,5.71,27.13,3.09,13.43,5.15,3.51
"12610",192,2015,5.71,9.97,6.88,10.45,4.06,13.93,5.49
"12611",193,2015,8.01,11.71,6.99,7.85,14.74,9.76,10.08
"12612",194,2015,10.33,7.3,16.11,4.05,8.23,4.69,3.8
"12613",195,2015,6.77,8.15,7.23,6.89,5.61,8.61,8.75
"12614",196,2015,10.92,6.89,17.31,6.78,12.74,6.9,11.6
"12615",197,2015,15.11,11.32,13.63,22.26,12.73,26.43,13.45
"12616",198,2015,5.79,5.06,5.34,14.54,4.04,16.01,5.74
"12617",199,2015,6.98,10.54,7.64,17.91,8.65,19.92,8.47
"12618",200,2015,7.97,6.74,9.29,12.34,6.61,14.07,10.75
"12619",201,2015,11.08,19.18,19.34,23.74,17.67,28.47,24.5
"12620",202,2015,8.33,6.75,10.3,11.85,6.32,14.23,9.28
"12621",203,2015,9.49,10.33,9.55,26.73,7.97,32.42,14.16
"12622",204,2015,12.69,16.32,18.13,13.78,21.77,12.55,13.81
"12623",205,2015,12.4,5.96,13.52,14.4,5.52,9.26,15.61
"12624",206,2015,5.84,2.29,5.83,9.23,1.87,6.64,6.71
"12625",207,2015,5.77,1.25,8.64,5.43,2.51,7.41,2.61
"12626",208,2015,9.07,7.13,9.59,10.38,8.57,17.38,6.94
"12627",209,2015,15.07,5.26,21.04,7.24,8.66,9.38,3.58
"12628",210,2015,6.91,3.25,12.5,6.79,5.65,8.48,4.24
"12629",211,2015,25.85,9.26,30.79,8.96,12.82,7.71,10.9
"12630",212,2015,4.22,2.81,7.5,6.89,4.9,6.61,7.71
"12631",213,2015,6.21,8.34,8.98,9.49,6.26,16.97,5.13
"12632",214,2015,16.5,7.23,21.07,11.66,13.16,19.19,9.36
"12633",215,2015,5.73,2.96,9.63,8.45,5.24,14.4,4
"12634",216,2015,21.05,12.38,26.06,15.34,12.77,21.98,11.33
"12635",217,2015,3.15,6.09,5.44,13.4,4,24.08,7.45
"12636",218,2015,4.2,18,4.66,22.88,7.85,28.41,16.08
"12637",219,2015,3.94,7.33,5.15,10.12,5.19,12.69,7.25
"12638",220,2015,20.04,20.39,21.77,19.24,13.55,28.16,8.44
"12639",221,2015,3.79,7.76,3.47,13.47,3.67,15.2,6.76
"12640",222,2015,4.79,8.55,3.56,6.3,8.31,5.38,6.45
"12641",223,2015,8.42,6.42,12.79,8.22,12.7,12.5,6.15
"12642",224,2015,2.92,5.38,3.62,4.17,2.76,7.57,1.71
"12643",225,2015,14.82,31.34,10.82,12.05,40.48,16.33,13.49
"12644",226,2015,5.62,11.21,9.15,10.83,14.17,15.61,8.92
"12645",227,2015,9.74,19.9,11.77,18.18,23.18,22.59,17.72
"12646",228,2015,30.88,19.61,43.71,17.51,23.66,19.08,20.84
"12647",229,2015,2.12,3.1,2.86,7.61,1.22,9.82,5.97
"12648",230,2015,0.96,0.25,2.89,2.36,0.36,1.81,1.66
"12649",231,2015,8.75,1.66,14.81,1.76,5.89,0.86,4.26
"12650",232,2015,13.08,14.45,14.84,15.97,12.95,20.98,9.47
"12651",233,2015,0.75,3.45,0.79,13.56,1.64,17.54,6.84
"12652",234,2015,3.44,7.81,4.25,15.79,3.67,17.53,11.52
"12653",235,2015,3.34,3.22,6.66,13.52,4.31,11.21,18.22
"12654",236,2015,3.21,10,5.35,20.84,4.47,27.25,10.48
"12655",237,2015,1.08,1.67,1.69,6.13,0.79,5.25,5.09
"12656",238,2015,4.78,4.29,6.18,4.38,3.79,3.4,5.1
"12657",239,2015,13.85,7.09,16.38,6.46,10.89,4.41,11.85
"12658",240,2015,5.46,11.12,4.49,12.17,5.1,12.65,17.29
"12659",241,2015,8.33,3.55,10.02,2.7,4.75,3.38,2.2
"12660",242,2015,16.04,11.44,21.79,9.15,14.83,7.86,11.36
"12661",243,2015,10.32,6.84,12.08,2.84,10.7,2.74,7.15
"12662",244,2015,5.69,3.66,4.39,3.24,2.48,6.25,2.42
"12663",245,2015,16.48,12.54,14.56,7.5,13.19,9.24,4.88
"12664",246,2015,5.32,4.72,4.42,5.34,6.82,9.27,3.11
"12665",247,2015,7.97,7.97,6.92,3.95,6.48,8.08,1.85
"12666",248,2015,12.1,8.83,12.46,6.86,8.68,11.11,3.42
"12667",249,2015,10.9,10.51,14.32,11.08,10.08,12.08,12.68
"12668",250,2015,6.56,6.1,5.12,6.11,5.8,9.22,6.2
"12669",251,2015,0.5,0.1,0.86,0.83,0.43,0.42,1.61
"12670",252,2015,2.54,0.99,4.4,1.54,1.64,1.19,2.46
"12671",253,2015,8.92,2.61,11.7,5.75,7.8,7.11,4.95
"12672",254,2015,4.06,1.8,6.99,7.39,1.13,9.83,1.93
"12673",255,2015,1.03,0.28,1.53,1.22,0.2,1.7,0.28
"12674",256,2015,10.26,1.17,12.69,1.87,1.46,3.42,0.51
"12675",257,2015,6.93,3.17,9.29,4.46,2.5,5.89,1.99
"12676",258,2015,9.3,2.72,12.92,3.58,2.52,6.6,2.18
"12677",259,2015,11.26,8.51,13.13,4.76,13.67,5.84,7.71
"12678",260,2015,2.6,3.21,2.39,4.19,3.27,3.22,7.04
"12679",261,2015,9.78,13.19,10.51,11.71,10.11,10.69,15.42
"12680",262,2015,3.31,6.65,3.6,15.29,5.68,22.41,14.77
"12681",263,2015,15.66,10.49,16.4,13.25,14.24,17.51,13.53
"12682",264,2015,2.79,2.15,2.87,3.27,2.33,5.46,2.29
"12683",265,2015,4.14,1.66,5.57,3.8,1.2,5.73,2.66
"12684",266,2015,4.05,1.18,7.18,3.33,1.59,5.52,1.97
"12685",267,2015,9.06,7.52,8.48,3.25,4.43,6.04,1.78
"12686",268,2015,6.51,2.23,8.81,4.43,3.39,6.66,2.28
"12687",269,2015,14.3,3.32,19.13,4.65,8.19,6.18,3.24
"12688",270,2015,0.94,1.16,0.9,1.2,0.68,1.48,0.74
"12689",271,2015,1.86,0.76,5.71,1.7,3.23,1.55,1.57
"12690",272,2015,1.92,1.61,2.35,1.89,1.83,1.05,2.41
"12691",273,2015,2.34,0.3,4.8,1.73,2.78,0.76,3.74
"12692",274,2015,1.27,3.05,1.95,3.25,1.49,2.52,2.73
"12693",275,2015,4.48,5.54,7.04,17.73,2.61,26.66,9.15
"12694",276,2015,8.34,30.72,6.12,30.95,9.67,49.11,18.02
"12695",277,2015,4.01,14.03,4.16,12.8,5.72,16.19,8.99
"12696",278,2015,5.77,5.65,4.09,2.46,4.02,2.57,2.37
"12697",279,2015,5.64,5.71,6.96,2.17,7.46,2.18,8.76
"12698",280,2015,0.32,0.5,0.59,0.61,0.31,0.89,1.35
"12699",281,2015,5.46,1.13,15.11,0.39,4.84,0.38,1.46
"12700",282,2015,0.82,0.5,1.29,0.53,0.99,0.6,1.3
"12701",283,2015,12.07,18.03,12.7,4.57,21.25,3.81,10.22
"12702",284,2015,8.26,6.12,7.22,12.25,8.8,12.12,8.79
"12703",285,2015,12.67,12.65,9.52,6.79,14.56,6.38,6.7
"12704",286,2015,23.49,16.76,20.1,12.88,16.7,13,16.75
"12705",287,2015,15.85,13.52,15.81,24.03,12.92,29.98,20.95
"12706",288,2015,2.33,3.04,3.06,11.55,2.71,11.63,9.12
"12707",289,2015,0.09,0.4,0.25,1.94,0.25,1.11,2.27
"12708",290,2015,0.68,2.05,2.01,4.39,3.21,2.26,6.03
"12709",291,2015,0.54,4.13,1.51,9.75,1.94,9.59,7.81
"12710",292,2015,2.04,13.59,1.75,17.56,2.5,15.15,14.48
"12711",293,2015,0.2,2.18,0.34,3.02,1.95,2.51,4.09
"12712",294,2015,0.87,0.45,1.3,1.18,0.67,1.19,1.82
"12713",295,2015,1.59,0.38,3.01,2.39,0.97,1.88,3.71
"12714",296,2015,8.8,6.24,9.35,2.39,16.93,1,10.1
"12715",297,2015,6.98,17.63,6.61,17.74,13.06,15.48,17.38
"12716",298,2015,7.01,11.39,9.47,14.79,5.82,15.99,20.23
"12717",299,2015,0.38,0.87,0.49,1.26,0.45,2.62,1.42
"12718",300,2015,0.29,0.37,0.4,0.49,0.44,0.63,1.09
"12719",301,2015,1.2,0.63,1.15,0.23,0.42,0.14,0.58
"12720",302,2015,0.6,2.06,0.07,0.42,0.72,0.23,1
"12721",303,2015,0.82,0.56,0.55,0.15,0.43,0.13,0.54
"12722",304,2015,0.27,0.4,0.24,0.32,0.45,0.22,0.98
"12723",305,2015,3.4,2.19,3.06,3.71,2.66,4.61,3.58
"12724",306,2015,4.39,8.17,5.97,15.15,6.34,17.97,11.22
"12725",307,2015,2.87,0.77,5.13,5.11,3.51,8.3,3.92
"12726",308,2015,17.79,32.36,22.26,36.75,30.53,64.02,27.09
"12727",309,2015,14.91,13.74,19.57,18.17,14.71,29.82,12.69
"12728",310,2015,6.76,12.34,4.84,9,8.38,9.41,9.58
"12729",311,2015,7.14,19.35,6.36,14.46,14.66,10.92,17.6
"12730",312,2015,9.05,14.55,7.81,18.75,12.15,22.12,8.7
"12731",313,2015,0.73,0.23,0.96,2.06,0.55,0.75,1.71
"12732",314,2015,8.55,6.34,6.62,7.28,5.74,6.48,5.61
"12733",315,2015,5.71,12.59,3.55,2.14,7.1,5.43,1.16
"12734",316,2015,3.63,5.54,2.26,1.46,2.14,3.7,0.58
"12735",317,2015,2.89,8.49,2.31,1.41,4.17,2.42,1.39
"12736",318,2015,5.74,15.54,3.83,3.9,8.4,7.65,3.29
"12737",319,2015,4.69,7.7,3.73,4.34,5.67,7.92,2.96
"12738",320,2015,4.89,6.45,7,14.91,3.38,19.34,6.78
"12739",321,2015,1.79,5.41,2.48,15.57,1.8,22.41,5.52
"12740",322,2015,2.4,0.88,4.12,5.37,1.64,6.65,1.76
"12741",323,2015,2.49,1.38,2.85,2.36,1.48,2.35,1.73
"12742",324,2015,0.05,0.43,0.04,1.58,0.09,0.81,1.93
"12743",325,2015,0.02,0.18,0.01,2.69,0.05,1.68,1.99
"12744",326,2015,0.48,0.36,0.62,1.71,0.69,1.57,0.97
"12745",327,2015,0.56,1.84,0.31,7.8,1.75,9.35,3.77
"12746",328,2015,0.25,0.37,0.11,2.02,0.52,1.41,1.09
"12747",329,2015,0.53,0.91,0.28,3.31,1.02,3.55,1.61
"12748",330,2015,1.24,0.49,1.88,0.83,2.02,0.45,1.23
"12749",331,2015,9.15,4,8.48,4.44,12.04,4.04,5.01
"12750",332,2015,3,1.37,3.38,6.83,2.26,7.82,3.71
"12751",333,2015,1.68,3.95,1.82,8.58,4.91,11.01,6.94
"12752",334,2015,4.92,3.99,6.27,8.43,8.77,9.48,6.74
"12753",335,2015,0.52,6.31,0.5,12.96,0.55,21.08,3.4
"12754",336,2015,0.82,3.8,3.12,7.31,0.9,10.71,2.44
"12755",337,2015,8.87,15.42,13.21,12.69,2.98,23.06,3.48
"12756",338,2015,1.77,3.07,5.04,8.38,0.83,7.42,4.77
"12757",339,2015,2.8,8.37,4.45,9.51,2.73,10.73,3.59
"12758",340,2015,0.03,0.37,0.01,0.99,0.08,1.03,1.04
"12759",341,2015,0,0.01,0.03,0.23,0,0.18,0.2
"12760",342,2015,0.01,0.06,0.01,0.37,0.06,0.41,0.33
"12761",343,2015,0.08,0.44,0.07,0.63,0.33,0.88,0.54
"12762",344,2015,0.06,0.76,0.02,1.08,0.27,1.65,0.66
"12763",345,2015,0.65,0.88,0.29,1.16,0.3,2.67,0.99
"12764",346,2015,0.6,1.67,0.13,1,0.42,1.39,1.01
"12765",347,2015,0.43,1.64,0.3,1.63,0.26,2.78,1.34
"12766",348,2015,0.69,1.36,0.97,1.45,0.42,1.91,1.67
"12767",349,2015,0.71,1.16,1.99,1.53,0.54,2.29,1.9
"12768",350,2015,0.3,3.11,0.2,2.88,0.23,5.06,1.25
"12769",351,2015,0.71,5.46,0.46,2.95,0.1,6.12,1.16
"12770",352,2015,1.49,9.21,0.48,5.96,0.55,11.73,2.3
"12771",353,2015,0.18,0.88,0.18,2.77,0.03,2.81,1.93
"12772",354,2015,0.01,0.09,0,0.49,0,0.55,0.24
"12773",355,2015,0.01,0.07,0,0.37,0.05,0.44,0.14
"12774",356,2015,0.05,2.01,0,3.33,0.3,7,1.29
"12775",357,2015,0.02,0.1,0,0.33,0.08,0.38,0.12
"12776",358,2015,0.01,0.42,0,1.29,0.1,2.17,0.6
"12777",359,2015,0,0.02,0,0.55,0,0.61,0.19
"12778",360,2015,0,0,0,0.05,0,0.04,0.02
"12779",361,2015,0,0,0,0.14,0,0.16,0.05
"12780",362,2015,0,0.01,0,0.12,0,0.18,0.03
"12781",363,2015,0,0.04,0,0.28,0.01,0.5,0.09
"12782",364,2015,0.02,1.97,0,2.66,0.19,6.62,0.89
"12783",365,2015,0,0.16,0,1.58,0,3.08,0.55
"12784",1,2016,0.02,0.74,0,1.83,0.11,2.65,0.59
"12785",2,2016,0,0,0,0.43,0,0.24,0.34
"12786",3,2016,0,0.34,0,1.79,0.01,2.65,0.93
"12787",4,2016,0,0.24,0,1.23,0.01,1.72,0.62
"12788",5,2016,0,0.13,0,0.71,0.03,0.36,0.94
"12789",6,2016,0.03,0.36,0.03,1.47,0.07,1.69,0.76
"12790",7,2016,0.01,0.27,0,1.35,0.02,0.91,0.91
"12791",8,2016,0,0.04,0,0.63,0,0.45,0.48
"12792",9,2016,0.02,0.69,0,1.07,0.1,1.46,0.51
"12793",10,2016,0.01,0.37,0,1.02,0.01,1.3,0.52
"12794",11,2016,0.11,0.98,0.03,1.32,0.24,1.76,0.68
"12795",12,2016,0.04,0.05,0.03,0.38,0.05,0.18,0.25
"12796",13,2016,0.04,0.14,0.03,0.64,0.05,0.36,0.42
"12797",14,2016,0.04,0.05,0.03,0.25,0.05,0.07,0.4
"12798",15,2016,0.04,0.05,0.03,0.06,0.05,0.02,0.06
"12799",16,2016,0.1,0.19,0.12,0.2,0.03,0.33,0.12
"12800",17,2016,0.1,0.19,0.12,0.22,0.03,0.32,0.14
"12801",18,2016,0.1,0.19,0.12,0.2,0.03,0.3,0.19
"12802",19,2016,0.1,0.19,0.12,0.18,0.03,0.3,0.17
"12803",20,2016,0.1,0.19,0.12,1.12,0.03,1.02,0.44
"12804",21,2016,0.29,0.07,0.27,0.22,0.06,0.19,0.12
"12805",22,2016,0.3,0.15,0.27,0.48,0.07,0.75,0.28
"12806",23,2016,0.3,0.72,0.27,0.94,0.1,1.14,0.44
"12807",24,2016,0.29,0.09,0.27,0.34,0.06,0.38,0.25
"12808",25,2016,0.29,0.08,0.27,0.28,0.06,0.25,0.24
"12809",26,2016,0,0.07,0,0.06,0.02,0.02,0.05
"12810",27,2016,0,0.19,0,0.11,0.02,0.11,0.06
"12811",28,2016,0,0.2,0,0.94,0.02,1.18,0.3
"12812",29,2016,0,0.07,0,0.14,0.02,0.04,0.16
"12813",30,2016,0,0.07,0,0.1,0.02,0.04,0.13
"12814",31,2016,0.01,0.58,0,1.62,0.02,2.29,0.8
"12815",32,2016,0,0.02,0,0.23,0.01,0.17,0.15
"12816",33,2016,0,0.19,0,0.49,0.01,1.22,0.1
"12817",34,2016,0,0.4,0,0.93,0.02,1,0.58
"12818",35,2016,0,0.1,0,0.41,0.02,0.26,0.3
"12819",36,2016,0,0.02,0,0.33,0.01,0.22,0.19
"12820",37,2016,0.02,0.06,0.01,0.32,0.04,0.16,0.2
"12821",38,2016,0.02,0.51,0.01,1.83,0.08,2.31,0.67
"12822",39,2016,0.01,1.66,0,7.16,0.12,11.98,2.23
"12823",40,2016,0,0.02,0,0.45,0.01,0.29,0.23
"12824",41,2016,0.05,0.75,0.02,1.36,0.24,1.57,0.79
"12825",42,2016,0.01,0.09,0,0.64,0.01,0.29,0.44
"12826",43,2016,0.04,0.01,0.03,1.01,0,0.44,0.93
"12827",44,2016,0.05,0.05,0.01,1.64,0,0.81,1.29
"12828",45,2016,0.03,0.73,0,2.96,0.01,3.44,1.66
"12829",46,2016,0.25,0.58,0.39,1.79,0.66,1.57,1.35
"12830",47,2016,0.11,0.23,0.09,0.42,0.09,0.41,0.26
"12831",48,2016,0.07,0.4,0.13,1.36,0.06,2.43,0.46
"12832",49,2016,0.01,0.17,0,0.54,0.06,0.47,0.36
"12833",50,2016,0,0.03,0,0.43,0,0.28,0.32
"12834",51,2016,0,0.02,0,0.56,0,0.41,0.18
"12835",52,2016,0.15,0.86,0.09,4.01,0.19,4.18,1.62
"12836",53,2016,0.03,0.74,0.08,4.52,0.1,3.71,3.09
"12837",54,2016,0,0.03,0,1.04,0.02,0.4,1.12
"12838",55,2016,0.11,0.15,0.13,1.84,0.11,0.93,1.69
"12839",56,2016,0.24,0.49,0.2,0.87,0.43,0.65,1
"12840",57,2016,0.14,0.98,0.06,1.92,0.3,2.2,1.58
"12841",58,2016,0.01,0.45,0,1.12,0.03,1.44,0.56
"12842",59,2016,0,0.01,0,0.27,0,0.19,0.2
"12843",60,2016,0,0,0,0.13,0,0.06,0.09
"12844",61,2016,0.07,0.77,0.09,1.29,0.02,1.43,0.57
"12845",62,2016,0.02,1.93,0.14,2.86,0.04,3.01,1.77
"12846",63,2016,0.01,1.21,0.06,1.23,0.02,1.31,0.94
"12847",64,2016,0,0.29,0,1.49,0,1.52,0.84
"12848",65,2016,0,0.1,0,0.58,0,0.27,0.59
"12849",66,2016,0.08,0.66,0,1.29,0.12,0.76,1.53
"12850",67,2016,0.08,0.39,0,0.34,0.05,0.52,0.63
"12851",68,2016,0.52,1.11,0,0.74,1.68,0.69,1.11
"12852",69,2016,0.7,1.85,0,0.37,0.07,0.59,0.69
"12853",70,2016,0.07,0.01,0,0.11,0.05,0.06,0.56
"12854",71,2016,0.16,1.01,0.23,1.96,0.15,1.9,0.76
"12855",72,2016,0.02,0.1,0,0.68,0.09,1.22,1.16
"12856",73,2016,0,0.39,0,1.77,0.02,1.64,1.11
"12857",74,2016,0.09,0,0.22,0.39,0.02,0.26,0.18
"12858",75,2016,8.09,3.63,11.67,1.74,9.2,2.33,2.42
"12859",76,2016,2.43,1.96,3.59,6.16,2.94,6.73,5.24
"12860",77,2016,8.52,18.58,11.93,16.37,10.37,31.37,13.49
"12861",78,2016,10.36,8.59,12.63,5.7,5.61,6.79,4.62
"12862",79,2016,0.46,0.89,0.55,3.74,0.61,4.76,2.57
"12863",80,2016,1.04,0.6,2.65,1.32,0.76,1.92,0.94
"12864",81,2016,0,0.26,0,0.6,0,1.39,0.17
"12865",82,2016,0,0.14,0,0.48,0,0.57,0.16
"12866",83,2016,0,0.01,0,0.11,0,0.17,0.02
"12867",84,2016,0,0,0,0.04,0,0.04,0.02
"12868",85,2016,0,0.01,0,0.19,0,0.19,0.05
"12869",86,2016,0,0.01,0,0.57,0,0.24,0.28
"12870",87,2016,0,0.04,0.04,0.6,0.01,0.3,0.35
"12871",88,2016,0.2,0.08,0.52,0.65,0.15,0.35,1.65
"12872",89,2016,1.09,0.53,1.78,1.64,1.34,1.05,2
"12873",90,2016,1.14,1.59,1.86,6.92,2.38,6.36,4.92
"12874",91,2016,7.95,2.9,13.32,6.95,7.98,6.69,4.82
"12875",92,2016,6.97,2.89,6.64,5.13,9.27,6.66,9.6
"12876",93,2016,10.79,5.5,10.37,8.45,9.45,9.78,11.52
"12877",94,2016,6.54,4.45,6.3,5.41,12.49,6.02,7.83
"12878",95,2016,9.74,6.03,6.5,7.93,9.47,11.13,10.3
"12879",96,2016,5.5,1,6.93,3.25,4.72,2.42,3.39
"12880",97,2016,7.51,7.28,9.72,12.01,14.75,10.89,13.13
"12881",98,2016,1.13,5.95,0.92,15.18,2.29,13.81,8.82
"12882",99,2016,10.6,8.01,14.02,9.7,6.43,11.76,6.52
"12883",100,2016,13.47,4.78,13.5,4.69,11.8,6.25,4.07
"12884",101,2016,2.77,6.11,1.88,5.88,3.37,7.15,4.65
"12885",102,2016,0.27,0.53,0.29,1.78,0.88,1.13,1.7
"12886",103,2016,0.17,1.97,0.23,4.25,0.45,7.15,4.04
"12887",104,2016,11.34,1.32,15.96,9.53,7.27,9.84,5.39
"12888",105,2016,8.7,5.2,7.85,13.52,9.07,10.05,11.07
"12889",106,2016,1.32,0.55,3.07,6,0.97,3.98,3.21
"12890",107,2016,5.87,3.4,7.25,12.5,4.99,10.72,10.85
"12891",108,2016,5.12,1.94,8.85,9.79,3.43,8.45,9.79
"12892",109,2016,11.36,12.65,6.8,15.32,11.52,12.27,11.14
"12893",110,2016,14.53,27.39,11.94,13.67,21.08,13.46,13.41
"12894",111,2016,22.09,20.81,23.58,17.59,26.55,18.21,18.91
"12895",112,2016,6.1,9.56,7.21,20.68,8.37,24.21,11.34
"12896",113,2016,27.43,42.01,29.78,33.24,33.49,42.44,24.84
"12897",114,2016,4.69,3.13,4.98,8.6,1.86,9.15,4.33
"12898",115,2016,11.12,10.34,14.74,12.02,10.42,14.66,10.12
"12899",116,2016,2.02,3.05,2.51,4.48,2.67,2.67,4.42
"12900",117,2016,1.12,2.24,0.96,3.82,1.01,2.8,7.21
"12901",118,2016,1.93,2.8,2.66,4.31,1.23,2.82,4.4
"12902",119,2016,8.12,17.87,8.89,14.67,10.44,15.74,20.27
"12903",120,2016,8.66,20.84,5.8,18.52,20.6,20.28,30.5
"12904",121,2016,5.87,15.79,2.28,27.82,4.15,38.74,23.47
"12905",122,2016,7.44,10.59,5.22,23.42,7.31,25.28,20.41
"12906",123,2016,4.76,11,5.6,20.7,5.97,25.9,10.43
"12907",124,2016,21.38,75.57,21.07,64.04,32.55,96.09,41.51
"12908",125,2016,15.61,22.36,17.34,21.84,23.18,23.57,27.93
"12909",126,2016,9.65,13.63,11.1,13.12,12.08,10.72,13.49
"12910",127,2016,10.4,9.97,9.55,8.27,5.28,16.25,8.22
"12911",128,2016,13.13,17.2,13.97,6.15,18.34,11.76,7.68
"12912",129,2016,4.46,4.11,4.37,2.72,0.91,3.4,4.01
"12913",130,2016,11.36,11.17,11.52,3.05,5.48,3.38,5.51
"12914",131,2016,9.44,4.75,12.22,6.46,3.34,11.09,5.26
"12915",132,2016,7.43,4.45,8.64,3.97,6.46,3.38,2.8
"12916",133,2016,5.82,15.52,5.17,18.85,8.88,22,13.7
"12917",134,2016,14.98,20.54,13.34,14.94,12.5,17.86,17.75
"12918",135,2016,3.06,9.49,3.84,14.17,5.62,19.63,11.66
"12919",136,2016,9.13,10.39,7.41,13.08,8.45,14.64,13.56
"12920",137,2016,18.08,13.19,19.12,3.4,15.18,6.72,6.45
"12921",138,2016,20.72,6.02,20.03,2.08,15.5,3.29,4.8
"12922",139,2016,15.51,14.36,13.71,4.63,11.76,8.48,6.12
"12923",140,2016,15.75,6.86,18.04,5.12,14.58,6.74,9.18
"12924",141,2016,6.74,6.03,7.69,4.29,9.64,6.62,6.01
"12925",142,2016,5.95,7.79,6.46,9.6,6.54,11.25,8.41
"12926",143,2016,8.14,9.51,9.7,13.75,7.37,17.61,14.06
"12927",144,2016,6.05,4.21,8.65,9.23,6.22,9.9,9.19
"12928",145,2016,6.5,10.83,8.43,15.45,8.53,18.58,18.32
"12929",146,2016,6.21,7.35,9.22,12.28,8.84,14.5,16.55
"12930",147,2016,13.09,12.63,13.14,15.55,10.96,18.28,10.14
"12931",148,2016,14.15,33.46,15.85,42.25,19.78,52.72,27.02
"12932",149,2016,12.54,16.34,12.64,19.91,14.17,21.76,19.59
"12933",150,2016,8.02,9.14,8.22,9.18,12.99,8.99,7.07
"12934",151,2016,5.43,7.94,6.25,6.37,6.97,5.42,9.37
"12935",152,2016,5.9,8.34,4.97,8.72,5.39,6.92,9.35
"12936",153,2016,7.53,9.34,7.46,11.76,7.2,16.74,7.02
"12937",154,2016,8.5,6.33,7.92,9.72,1.87,16.05,2.72
"12938",155,2016,12.73,1.59,16.7,3.56,6.09,3.34,2.69
"12939",156,2016,0.78,0.06,1.03,0.69,0.29,0.31,0.82
"12940",157,2016,3.35,0.61,5.04,0.72,1.88,0.42,1.08
"12941",158,2016,19.13,14.49,14.77,10.91,21.61,8.15,11.91
"12942",159,2016,23.2,28.56,22.48,22.95,25.36,39.86,9.46
"12943",160,2016,15.6,11.5,15.42,23.09,13.28,30.65,16.81
"12944",161,2016,34.08,16.18,36.98,15.29,24.43,23.57,8.54
"12945",162,2016,25.25,28.17,26.62,26.71,31.79,38.3,18.16
"12946",163,2016,10.84,4.6,14.26,5.69,9.66,4.17,8.3
"12947",164,2016,6.08,1.4,9.22,1.9,2.66,1.78,2.49
"12948",165,2016,12.15,7.04,15.19,3.41,8.19,3.86,4.74
"12949",166,2016,6.09,7.49,16.77,9.18,9.82,9.12,11.09
"12950",167,2016,12.43,9.11,17.36,8.62,10.31,6.93,12.56
"12951",168,2016,0.58,0.61,1.16,1.04,1.41,0.78,1.09
"12952",169,2016,17.93,4.5,25.3,3.84,15.21,2.72,4.75
"12953",170,2016,18.05,18.23,20.58,12.74,20.28,12,12.92
"12954",171,2016,6.53,13.47,8.32,9.94,6.26,12.64,6.81
"12955",172,2016,13.85,8.67,12,8.6,8.65,9.31,6.8
"12956",173,2016,13.1,15.88,15.93,14.54,24.33,13.69,14.62
"12957",174,2016,5.05,2.92,7.52,8.85,5.24,7.93,7.43
"12958",175,2016,12.81,5.11,10.21,8.24,7.08,8.26,8.29
"12959",176,2016,18.31,29.88,14.37,27.24,19.58,29.15,20.55
"12960",177,2016,27.68,27.01,31.17,21.53,24.35,28.12,12.07
"12961",178,2016,10.06,7.13,11.39,8.29,6.51,15.31,2.85
"12962",179,2016,4.35,1.47,2.28,1.91,1.54,3,0.65
"12963",180,2016,12.18,1.76,14.57,2.73,5.44,3.84,1.58
"12964",181,2016,15.42,8.04,20.38,7.1,11.33,12.33,2.83
"12965",182,2016,22.21,18.57,19.36,25.48,21.35,37.28,15.78
"12966",183,2016,7.44,11.77,9.89,19.2,7.75,24.21,11.69
"12967",184,2016,4.93,4.41,6.73,9.32,4.14,9.8,6
"12968",185,2016,17.41,13.31,22.1,10.93,15.51,11.55,10.5
"12969",186,2016,6.1,7.11,6.65,4.18,4.69,3.1,3.85
"12970",187,2016,17.58,13.58,17.11,9.28,13.1,9.65,8.22
"12971",188,2016,11.25,16.66,14.02,25.24,14.45,24.92,22.08
"12972",189,2016,12.74,16.16,14.47,29.52,15.19,40.04,16.08
"12973",190,2016,1.5,1.87,1.87,8.94,1.16,11.14,3.16
"12974",191,2016,7.3,9.74,6.53,14.43,6.82,16.66,9.33
"12975",192,2016,9.54,15.18,8.66,15.68,11.81,17.22,11.36
"12976",193,2016,20.37,13.55,16.77,9.45,18.08,12.2,7.57
"12977",194,2016,5.43,5.77,5.81,4.84,8.01,3.64,5.86
"12978",195,2016,15.51,5.23,17.54,3.51,10.31,2.61,4.11
"12979",196,2016,19.34,12.62,19.56,15.39,12.92,17.95,14.39
"12980",197,2016,15.57,10.73,12.54,3.42,9.38,3.2,9.52
"12981",198,2016,12.97,8.61,15.17,8.38,11.79,11.75,12.49
"12982",199,2016,2.92,5.47,2.32,13.69,3.99,18.65,8.84
"12983",200,2016,0.26,0.48,0.49,4.55,0.55,4.84,3.3
"12984",201,2016,2.19,2.32,2.47,5.48,2.95,5.55,4.49
"12985",202,2016,3.88,5.28,4.43,7.44,5.19,6.75,8.55
"12986",203,2016,7.66,3.91,6.06,7.67,5.29,6.68,6.28
"12987",204,2016,3.22,3.35,5.17,6.83,3.63,4.93,5.53
"12988",205,2016,4.51,1.32,5.28,3.58,3.67,1.88,6.08
"12989",206,2016,18.05,9.04,17.86,13.82,20.66,13.11,17.12
"12990",207,2016,13.48,6.68,18.01,13.23,15.36,13.99,14
"12991",208,2016,4.13,5.32,5.12,3.63,6.26,4.14,5.27
"12992",209,2016,22.01,17.88,26.35,12.38,20.78,15.61,11.64
"12993",210,2016,5.48,7.54,9.8,8.97,15.62,16.62,7.1
"12994",211,2016,13.18,13.16,12.07,8.15,10.84,15.58,7.09
"12995",212,2016,11.83,4.84,13.51,6.38,8.25,6.28,8.09
"12996",213,2016,0.89,2.33,1.5,4.82,0.7,7.78,2.7
"12997",214,2016,16.47,7.98,14.99,5.73,5.91,7.73,4.27
"12998",215,2016,7.6,8.94,6.55,11.34,7.57,13.74,11.86
"12999",216,2016,12.56,8.83,16.65,13.29,10.88,13.94,11.37
"13000",217,2016,9.04,5.14,9.09,10.88,5.3,16.42,4.62
"13001",218,2016,14.63,6.76,18.45,5.91,12.95,5.54,8.82
"13002",219,2016,0.42,2.28,0.39,5.83,1.27,9.59,2.82
"13003",220,2016,1.72,1.54,1.91,2.34,2.4,3.16,2.18
"13004",221,2016,3.97,3.76,4.42,3.66,7.8,4.58,5.21
"13005",222,2016,16.65,16.62,20.04,10.25,17.79,15.38,5.72
"13006",223,2016,8.74,4.06,10.46,7,6.76,10.82,3.69
"13007",224,2016,1.64,3.34,2.13,4.96,1.27,5.84,4.6
"13008",225,2016,18.26,15.43,17.5,12.47,15.36,12.64,15.96
"13009",226,2016,7.08,9.65,8.67,17.02,8.68,13.21,17.77
"13010",227,2016,1.63,5.42,1.4,9.95,1.52,12.79,5.75
"13011",228,2016,1.59,2.87,1.86,11.01,1.7,10.78,6.73
"13012",229,2016,5.55,10.53,5.25,16.39,6.97,20.36,13
"13013",230,2016,1.25,0.72,2.48,3.59,2.68,2.17,4.28
"13014",231,2016,13.16,17.72,17.11,22.97,24.47,24.82,24.12
"13015",232,2016,5.64,4.07,5.75,8.85,5.04,12.55,4.34
"13016",233,2016,0.4,0.86,0.5,2.73,0.47,3.54,1.45
"13017",234,2016,5.01,3.19,6.45,5.89,3.71,7.54,1.71
"13018",235,2016,26.87,16.2,29.55,13.08,18.92,17.87,5.96
"13019",236,2016,5.53,6.86,4.92,10.71,2.92,16.26,4.02
"13020",237,2016,15.22,12.62,14.23,15.01,8.92,19.79,8.23
"13021",238,2016,5.56,15.09,4.41,23.42,4.56,31.89,6.93
"13022",239,2016,9.38,9.05,10.59,20.43,17.26,24.67,14.88
"13023",240,2016,3.93,5.03,3.73,16.19,4.85,13.93,12.44
"13024",241,2016,2.64,1.2,2.29,4.85,1.53,2.85,3.6
"13025",242,2016,2.61,2.08,3.9,4.24,6.54,2.73,7.43
"13026",243,2016,9.7,2.24,14.96,9.11,8.51,7.03,9.12
"13027",244,2016,2.16,1.74,3.42,5.36,3.1,4.24,6.97
"13028",245,2016,15.09,10.37,14.82,6.37,14.1,6.18,8.97
"13029",246,2016,17.39,6.76,20.79,7.97,11.39,10.38,5.29
"13030",247,2016,10.3,6.92,11.66,14.15,9.06,8.35,15.14
"13031",248,2016,15.54,9.82,20.89,13.34,15.28,14.05,11.92
"13032",249,2016,23.4,10.44,27.55,17.59,19.9,18.31,10.32
"13033",250,2016,12.45,11.17,9.02,9.89,6.43,12.88,6.43
"13034",251,2016,9.75,8.99,7.98,8.64,5.56,11.38,4.58
"13035",252,2016,2.14,5.52,3.8,13.73,3.64,16.25,8.25
"13036",253,2016,7.12,14.59,4.38,10.98,7.78,13.96,7.51
"13037",254,2016,21.71,14.88,22.61,11.71,16.03,12.57,11.09
"13038",255,2016,21.98,19.06,23.51,14.87,26.68,18.51,11.4
"13039",256,2016,1.87,2.47,2.76,4.09,2.58,4.45,3.24
"13040",257,2016,7.02,4.27,8.7,2.27,7.75,1.69,4.7
"13041",258,2016,24.43,10.71,28.69,6.81,20.15,4.39,8.95
"13042",259,2016,10.57,2.4,13.84,3.17,7.69,2.29,4.05
"13043",260,2016,2.03,1.48,3.56,1.26,2.24,1.84,1.32
"13044",261,2016,0.87,3.63,2.38,4.7,2.81,5.83,4.72
"13045",262,2016,0.56,3.16,0.88,7.78,0.8,7.85,4.91
"13046",263,2016,3.05,8.17,4.42,7.69,6.14,10.32,7.73
"13047",264,2016,1.66,7.34,3.04,6.59,5.03,7.43,6.22
"13048",265,2016,4.16,14.04,5.33,8.67,9.37,12.17,6.89
"13049",266,2016,1.97,8.18,2.46,13.17,4.81,17.77,10.16
"13050",267,2016,1.84,4.77,2.24,9.88,2.9,11.46,8.06
"13051",268,2016,0.91,3.15,2.83,5.89,3.67,6.42,5.12
"13052",269,2016,4.73,5.17,6.47,6.05,8.43,4.52,8.62
"13053",270,2016,1.44,3.7,1.89,5.38,1.6,6.51,2.72
"13054",271,2016,0.26,0.52,0.48,1.74,0.33,1.79,0.88
"13055",272,2016,0.18,0.1,0.25,0.8,0.16,0.23,0.96
"13056",273,2016,0.16,0.18,0.17,0.41,0.12,0.11,0.97
"13057",274,2016,0.43,1.98,0.37,5.53,0.41,4.1,4.44
"13058",275,2016,9.19,10.57,12.34,11.42,9.84,7.74,17.05
"13059",276,2016,14.19,13.5,15.8,14.79,15.53,13.1,16.24
"13060",277,2016,11.41,13.05,9.65,15.27,9.66,16.48,12.94
"13061",278,2016,3.32,1.52,2.55,3.16,2.34,1.98,5.22
"13062",279,2016,2.29,4.91,1.86,4.13,4.84,2.59,5.9
"13063",280,2016,4.98,0.92,7.63,2.69,2.21,1.96,2.73
"13064",281,2016,2.64,5.8,3.78,4.83,2.78,5.9,6.63
"13065",282,2016,2.6,3.25,4.27,6.16,3.09,7.24,5.86
"13066",283,2016,14.69,9.2,23.47,9.96,11.41,10.84,9.95
"13067",284,2016,1.16,1.25,1.68,8.32,1.23,13.77,2.65
"13068",285,2016,5.41,6.37,5.18,5.36,7.44,7.29,9.1
"13069",286,2016,2.47,8.95,2.11,8.43,4.61,8.8,8.14
"13070",287,2016,11.36,6.51,11.94,3.41,10.35,2.85,6.52
"13071",288,2016,15.04,17.59,11.98,6.74,19.62,7.48,11.71
"13072",289,2016,5.37,5.08,6.02,7.34,4.24,10.13,5.42
"13073",290,2016,3.3,3.13,4.38,14.26,3.11,19.08,10.68
"13074",291,2016,3.81,2.56,3.84,14.69,1.73,23.63,7.74
"13075",292,2016,4.78,0.96,6.84,6.33,2,11.05,2.39
"13076",293,2016,2.43,3.75,3.59,20.54,3.03,29,11.25
"13077",294,2016,9.44,3.94,7.55,13.64,5.72,15.67,5.64
"13078",295,2016,0.4,0.38,0.83,0.42,0.54,1.19,0.56
"13079",296,2016,0.5,0.19,0.67,0.08,0.52,0.26,0.26
"13080",297,2016,3.32,1.42,3.46,0.81,2.91,0.8,1.48
"13081",298,2016,0.78,2.1,0.72,0.52,0.98,2.03,0.99
"13082",299,2016,6.3,6.56,5.09,3,9.84,2.88,5.01
"13083",300,2016,2.7,2.72,3.63,4.72,4.42,3.48,7.61
"13084",301,2016,6.19,5.03,6.33,6.49,5.29,5.69,10.01
"13085",302,2016,16.78,14.98,16.2,8.17,10.52,12.52,9.56
"13086",303,2016,6.87,9.04,8.41,7.56,9.8,10.46,7.41
"13087",304,2016,0.7,2.37,0.44,4.31,0.35,6.52,2.1
"13088",305,2016,0.24,0.66,0.31,2.84,0.27,2.91,2.36
"13089",306,2016,2.52,4.56,3.39,10.44,3.3,8.69,8.81
"13090",307,2016,5.93,12.23,4.44,7.92,12.78,15.45,12.07
"13091",308,2016,3.9,7.68,2.84,8.7,4.7,7.77,9.64
"13092",309,2016,16.37,19.93,21.35,26.94,12.09,29.99,21.81
"13093",310,2016,6.51,12.63,4.79,16.12,6.19,25.8,4.72
"13094",311,2016,0.57,1.61,0.78,5.33,0.31,8.81,3
"13095",312,2016,0.49,1.97,0.2,3.99,0.88,7.55,6.22
"13096",313,2016,1.93,3.97,3.04,2.21,2.33,3.05,5.01
"13097",314,2016,0.27,0.48,0.44,0.58,0.32,0.6,1.83
"13098",315,2016,3.23,10.44,3.98,5.38,3.5,8.71,10.14
"13099",316,2016,10.03,24.89,9.29,23.13,20.71,23.24,26.36
"13100",317,2016,0.36,0.25,0.59,4.86,0.55,2.61,3.03
"13101",318,2016,3.76,3.93,3.64,7.72,4.05,5.93,6.34
"13102",319,2016,1.27,4.26,1.48,14.44,2.8,18.03,11.95
"13103",320,2016,0.44,0.19,0.45,1.65,0.52,2.03,3.89
"13104",321,2016,0.05,0.83,0.07,3.05,0.16,2.38,4.74
"13105",322,2016,0.76,0.41,1.13,2.67,0.46,1.37,6.85
"13106",323,2016,6.06,9.33,8.09,7.05,9.96,5.4,12.62
"13107",324,2016,8.34,4.15,9.76,4.58,4.81,2.77,12.43
"13108",325,2016,1.36,2.34,1.81,10.63,1.6,7.73,15.61
"13109",326,2016,0.81,2.72,1.88,13.77,0.72,11.08,12.57
"13110",327,2016,0.89,2.48,2.11,18.3,2.7,14.03,15.91
"13111",328,2016,0.22,1.57,0.51,3.93,0.47,3.19,3.16
"13112",329,2016,0.5,0.44,0.9,2.02,0.19,1.47,1.69
"13113",330,2016,5.15,15.02,5.67,12.36,10.3,15.19,12.34
"13114",331,2016,3.31,4.92,3.24,6.57,2.65,7.56,4.54
"13115",332,2016,9.78,23.1,5.47,9.86,7.2,12.55,8.58
"13116",333,2016,4.59,8.45,2.48,6.54,6.95,6.58,9.53
"13117",334,2016,22,33.4,14.13,15.78,17.11,14.99,22.17
"13118",335,2016,4.89,15.14,3.91,17.75,8.28,19.86,21.54
"13119",336,2016,10.89,12.13,14.24,10.76,7.87,17.35,8.33
"13120",337,2016,11.32,21.43,16.32,24.92,18.54,39.11,13.59
"13121",338,2016,3.51,2.65,7.48,4.89,2.32,5.02,4.95
"13122",339,2016,0.77,0.17,1.5,0.68,0.22,0.38,0.78
"13123",340,2016,0.54,0.24,1.13,0.51,0.51,0.37,0.66
"13124",341,2016,0.11,0.84,0.11,1.43,0.19,2.07,0.92
"13125",342,2016,0.05,0.11,0.09,0.85,0.04,0.97,0.45
"13126",343,2016,0.04,0.11,0.07,0.56,0.04,0.47,0.31
"13127",344,2016,0.23,1.87,0.26,2.45,0.64,3.82,1.24
"13128",345,2016,0.15,1.56,0.29,6.58,0.2,12.1,2.6
"13129",346,2016,0.07,1.13,0.08,4.98,0.95,6.97,2.43
"13130",347,2016,0.07,0.28,0.08,1.93,0.67,1.86,1.42
"13131",348,2016,0,0,0.03,0.18,0.02,0.06,0.37
"13132",349,2016,0.04,0.25,0.04,0.82,0.58,0.54,1.35
"13133",350,2016,0.01,0.5,0,0.45,0.13,1.02,0.43
"13134",351,2016,0,0.02,0,0.07,0,0.05,0.2
"13135",352,2016,0.01,0.42,0,0.61,0.05,1.11,0.3
"13136",353,2016,0.02,1.52,0,1.92,0.08,4.01,0.69
"13137",354,2016,0,0.06,0,0.04,0.02,0.02,0.05
"13138",355,2016,0,0.12,0,3.53,0.01,3.64,1.45
"13139",356,2016,0.01,0.03,0.03,1.96,0.03,1.27,1.73
"13140",357,2016,0.21,0.06,0.33,1.74,0.25,1.64,1.09
"13141",358,2016,1.14,0.36,2.02,2.53,1.25,1.65,1.83
"13142",359,2016,1.63,0.98,3.33,3.05,2.19,3.93,1.73
"13143",360,2016,2.93,1.55,4.16,2.93,5.81,3.29,2.2
"13144",361,2016,1.92,9.74,0.65,4.7,3.46,5.96,2.92
"13145",362,2016,0.47,4.36,0.15,2.19,0.62,3.5,1.25
"13146",363,2016,0.45,1.05,0.16,0.54,0.46,0.6,0.37
"13147",364,2016,1.2,2.04,0.98,1.12,1.68,1.68,0.89
"13148",365,2016,2.94,10.63,3.84,8.45,3.29,16.49,4.05
"13149",366,2016,21.15,33.62,17.67,34.21,29.44,52.4,25.54
"13150",1,2017,1.96,2.47,0.74,3.85,2,5.59,2.7
"13151",2,2017,0,0,0,0.08,0,0.03,0.1
"13152",3,2017,0.13,0.02,0.09,0.11,0.22,0.09,0.11
"13153",4,2017,0.41,0.23,0.29,1.38,0.64,1.34,1.04
"13154",5,2017,0.56,1.35,0.35,3.16,1.23,3.66,2.39
"13155",6,2017,1.39,1.81,1.72,10.78,2.16,14.23,5.19
"13156",7,2017,3.04,1.4,3.75,3.34,2.66,5.99,1.76
"13157",8,2017,4.32,1.7,6.53,7.09,4.08,7.91,4.79
"13158",9,2017,0.9,2.09,1.12,7.17,1.53,10.63,4.55
"13159",10,2017,0.02,0.22,0.01,1.73,0.14,5.68,0.9
"13160",11,2017,0,0.15,0,0.72,0,0.99,0.36
"13161",12,2017,0.07,0.07,0.04,0.12,0.08,0.05,0.16
"13162",13,2017,0.12,0.27,0.03,0.31,0.22,0.17,0.33
"13163",14,2017,0.06,1.08,0.03,1.55,0.16,1.9,0.9
"13164",15,2017,0,0.06,0,0.61,0,0.59,0.33
"13165",16,2017,0,0.15,0,0.57,0,1.01,0.16
"13166",17,2017,0,0.05,0,0.48,0,0.5,0.25
"13167",18,2017,0,0.05,0,0.73,0,0.67,0.46
"13168",19,2017,0,0.3,0,1.18,0.02,1.46,0.54
"13169",20,2017,0.03,0.85,0,0.72,0.13,1,0.35
"13170",21,2017,0,0.09,0,0.43,0.01,0.44,0.21
"13171",22,2017,0.01,0.15,0,0.75,0.03,0.93,0.46
"13172",23,2017,0.04,0.27,0.02,1.36,0.09,1.53,0.55
"13173",24,2017,0.02,0.14,0.01,0.42,0.03,0.59,0.18
"13174",25,2017,0.26,2.58,0.12,3.95,0.49,8.1,1.09
"13175",26,2017,0.01,0.55,0,1.26,0.03,2.73,0.42
"13176",27,2017,0,0.04,0,0.79,0,0.8,0.3
"13177",28,2017,0,0.07,0,0.9,0,1.23,0.31
"13178",29,2017,0,0,0,0.25,0,0.22,0.06
"13179",30,2017,0.02,0.77,0,0.75,0.27,1.11,0.67
"13180",31,2017,0.01,1.43,0,3.63,0.22,5.74,1.9
"13181",32,2017,0,0.86,0,2.9,0.04,4,1.39
"13182",33,2017,0.01,0.45,0,1.77,0.03,2.87,0.58
"13183",34,2017,0,0.17,0,0.54,0.02,0.4,0.25
"13184",35,2017,0,0.07,0,1.92,0.01,1.37,0.73
"13185",36,2017,0,0.12,0,1.21,0,1.12,0.39
"13186",37,2017,0.49,0.06,0.33,0.77,0.01,0.51,0.25
"13187",38,2017,0.01,0,0.02,0.02,0,0,0.02
"13188",39,2017,0,0.09,0,0.48,0,1.28,0.15
"13189",40,2017,0.92,0.01,0.59,0.02,0.05,0,0.11
"13190",41,2017,0.59,3.01,0.19,3.09,0.4,3.98,1.39
"13191",42,2017,0.05,0.34,0.08,1.21,0.05,2.14,0.59
"13192",43,2017,0.13,0.33,0.08,0.76,0.34,0.71,0.43
"13193",44,2017,0.05,0.16,0.08,1.13,0.05,1.76,0.5
"13194",45,2017,0.05,0.08,0.08,0.71,0.05,0.98,0.31
"13195",46,2017,0.12,1.19,0.08,1.4,0.36,1.69,0.94
"13196",47,2017,0.01,0.47,0,2.02,0.03,1.8,0.81
"13197",48,2017,0,0.58,0,0.98,0.02,2.81,0.28
"13198",49,2017,0,0,0,0.27,0,0.11,0.16
"13199",50,2017,0.06,0.02,0.05,0.19,0.02,0.08,0.14
"13200",51,2017,0.13,0.13,0.16,0.17,0.22,0.09,0.2
"13201",52,2017,0.05,0.17,0.04,0.76,0.05,0.55,1.48
"13202",53,2017,0.14,0.72,0.58,2.58,0.14,2.13,4.25
"13203",54,2017,0.31,3.3,0.33,13.11,0.26,16.18,11.53
"13204",55,2017,0.78,1.27,1.03,5.71,0.52,7.02,4.02
"13205",56,2017,1.34,2.99,1.26,3.72,2.31,5.24,3.7
"13206",57,2017,2.73,3.17,3.11,6.97,3.25,11.24,2.99
"13207",58,2017,0.58,0.04,0.67,1.63,0.06,1.14,0.73
"13208",59,2017,0.02,0.06,0.07,0.09,0.01,0.08,0.32
"13209",60,2017,0.46,1.1,0.09,0.66,0.24,0.96,0.39
"13210",61,2017,0.34,1.62,0.15,2.37,0.1,4.27,0.78
"13211",62,2017,0.45,0.72,0.22,0.34,0.3,0.27,0.2
"13212",63,2017,0.26,0.4,0.39,0.85,0.69,1.04,0.46
"13213",64,2017,0.53,2.02,0.24,4.77,0.35,9,2.2
"13214",65,2017,0.24,0.17,0.36,0.81,0.04,0.98,0.38
"13215",66,2017,2.33,1.01,4,1.37,2.16,1.92,0.72
"13216",67,2017,0.6,0.71,0.91,1.58,0.92,2.1,0.86
"13217",68,2017,0.08,0.46,0.13,1.28,0.19,1.66,0.66
"13218",69,2017,0.32,0.03,0.51,0.19,0.17,0.13,0.07
"13219",70,2017,0.52,4,0.47,22.65,0.58,35.24,7.76
"13220",71,2017,47.79,83.01,37.46,66.17,53.68,82.32,56.57
"13221",72,2017,0.54,2.5,0.57,8.64,1.02,8.04,5.37
"13222",73,2017,0.3,0.79,0.34,4.09,0.42,3.23,3.93
"13223",74,2017,0.19,1.1,0.07,2.8,0.39,2.69,3.39
"13224",75,2017,0,0,0,0.17,0,0.12,0.09
"13225",76,2017,0.22,0.43,0.12,0.57,0.13,1.27,0.16
"13226",77,2017,0.03,0.42,0,0.65,0.15,1.16,0.39
"13227",78,2017,0.04,2.78,0,4.48,0.13,6.47,2.16
"13228",79,2017,2.09,2.51,1.5,3.13,1.92,2.97,2.23
"13229",80,2017,1.84,1.45,1.83,8.22,1.06,2.61,12.43
"13230",81,2017,6.84,3.21,9.63,10.16,10.44,6.24,11.35
"13231",82,2017,9.36,5.51,7.31,6.81,7.65,4.22,8.02
"13232",83,2017,15.28,13.8,17.88,20.19,14,20.78,15.63
"13233",84,2017,13,15.34,8.7,10.28,20.68,7.75,10.5
"13234",85,2017,5.03,7.12,6.06,18.6,3.35,20.32,16.91
"13235",86,2017,6.89,15.66,5.45,15.55,11.11,17.49,17.23
"13236",87,2017,4.78,2.89,4.59,5.31,3.54,5.38,5.79
"13237",88,2017,14.27,20.63,15.44,28.74,14.72,44.01,15.93
"13238",89,2017,13.89,4.86,11.61,8.28,7.29,9.36,5.51
"13239",90,2017,2.43,3.43,1.72,5.72,3.33,5.07,6.48
"13240",91,2017,0.98,2.42,1.15,3.29,1.68,4.54,2.01
"13241",92,2017,0.16,0.18,0.24,0.63,0.06,0.54,0.53
"13242",93,2017,0.01,0.01,0.01,0.02,0,0.01,0.05
"13243",94,2017,0,0,0,0.01,0,0.01,0.03
"13244",95,2017,0.01,0.01,0,0.02,0,0.02,0.02
"13245",96,2017,0.06,0.01,0.05,0.03,0.01,0.04,0.01
"13246",97,2017,0,0,0,0.2,0,0.1,0.11
"13247",98,2017,0.02,0.06,0.04,0.82,0.03,0.72,0.33
"13248",99,2017,0.34,1.51,0.37,3.75,0.49,4.78,2.19
"13249",100,2017,0.53,2.53,0.7,3.96,0.72,4.88,2.11
"13250",101,2017,0.01,0.15,0.06,2.89,0.1,1.74,2.59
"13251",102,2017,0.76,1.91,3.31,7.22,1.54,7.01,5.51
"13252",103,2017,6.19,4.62,7.98,8.63,6.1,8.5,7.65
"13253",104,2017,9.66,5.41,13,7.69,7.25,9.89,5.42
"13254",105,2017,4.16,1.69,4.47,5,3.75,6.55,2.82
"13255",106,2017,6.31,9.99,5.01,16.96,4.9,15.07,11.51
"13256",107,2017,12.62,25.14,12.51,36.06,14.63,39.82,16.8
"13257",108,2017,8.06,17.81,8.25,14.28,9.82,10.14,12.49
"13258",109,2017,5.74,11.11,5.24,12.95,12.06,7.99,14.76
"13259",110,2017,6.31,1.52,11.28,8.26,5.4,3.24,9.44
"13260",111,2017,2.54,6.08,1.75,8.66,2.58,7.63,12.27
"13261",112,2017,10.44,7.8,10.23,8.55,7.82,4.86,8.59
"13262",113,2017,14,18.16,9.77,18.28,15.05,15.94,13.71
"13263",114,2017,7.92,15.85,7.86,20.28,11.98,28.92,10.4
"13264",115,2017,1.74,5.86,2.33,11.73,3.89,14.68,8.58
"13265",116,2017,0.9,1.84,0.41,4.83,2.03,2.93,7.67
"13266",117,2017,4.5,2.02,3.22,5.43,3.63,4.01,3.63
"13267",118,2017,19.02,31.72,14.76,32.32,33.89,35.49,21.82
"13268",119,2017,6.01,0.88,8.55,7.99,2.66,10.82,1.96
"13269",120,2017,22.98,19.96,21.25,25.02,13.21,25.3,15.9
"13270",121,2017,14.46,14.43,19.11,14.31,12.18,15.93,11.16
"13271",122,2017,4.11,5.43,5.13,14.28,7.31,12.09,13.4
"13272",123,2017,12.45,15.35,12.88,20.56,12.7,25.8,15.88
"13273",124,2017,1.02,1.51,2.17,4.28,1.67,2.87,3.96
"13274",125,2017,13.43,16.3,15.13,18.95,14.09,22.28,12.68
"13275",126,2017,9.64,7.9,9.01,10.83,10.28,13.3,7.56
"13276",127,2017,10.75,7.68,11.03,12.44,11.87,16.15,9.16
"13277",128,2017,7.34,7.45,7.64,6.46,6.21,6.9,9.39
"13278",129,2017,5.66,6.31,4.26,9.03,5.05,9.65,8.85
"13279",130,2017,8.59,8.72,7.7,10.36,9.87,11.57,11.31
"13280",131,2017,6.15,3.34,7.85,11.75,4.34,11.71,5.99
"13281",132,2017,4.9,15.98,7.76,42.17,8.5,47.53,28.25
"13282",133,2017,7.69,7.74,9.27,12.71,9.32,12.45,12.84
"13283",134,2017,3.45,2.36,4.78,3.67,2.67,3.02,4.9
"13284",135,2017,28.66,19.42,28.08,15.47,28.14,20.27,15.53
"13285",136,2017,0.17,6.29,0.32,7.59,2,16.39,4.13
"13286",137,2017,0.2,5.01,0.35,5.88,1.62,11.57,3.46
"13287",138,2017,0.09,0.62,0.12,0.67,0.27,1.02,0.76
"13288",139,2017,0.16,1.51,0.41,1.61,0.53,2.01,1.31
"13289",140,2017,0.02,0.75,0.08,2.52,0.23,3.57,1.55
"13290",141,2017,2.5,0.79,4.24,5.06,1.41,2.96,3.39
"13291",142,2017,17.48,20.26,17.44,9.85,21.69,10.71,14.62
"13292",143,2017,16.33,25.97,15.22,15.66,18.9,16.54,14.44
"13293",144,2017,21.11,28.36,20.09,43.55,12.94,61.39,24.5
"13294",145,2017,7.29,8.36,5.2,10.43,12.87,15.68,6.33
"13295",146,2017,7.04,2.84,9.84,9.47,5.5,13.24,3.67
"13296",147,2017,12.35,7.86,9.49,14.43,9.5,22.08,5.89
"13297",148,2017,8.8,10.66,8.76,14.63,12.78,21.52,7.28
"13298",149,2017,9.4,5.92,9.14,11.68,4.65,15.27,5.86
"13299",150,2017,10.29,14.16,9.31,14.7,14.81,18.37,8.99
"13300",151,2017,17.62,43.42,15.48,38.39,32.33,59.77,22.71
"13301",152,2017,4.13,1.08,7.78,2.28,3.97,2.52,1.66
"13302",153,2017,0.73,0.61,1.5,3.38,0.79,4.39,1.58
"13303",154,2017,5.52,0.27,8.18,0.62,2.2,0.46,0.95
"13304",155,2017,11.22,8.73,11.35,5.2,12.25,5.44,4.88
"13305",156,2017,10.05,10.5,8.05,7.54,9.31,9.17,6.04
"13306",157,2017,6.8,3.57,8.46,10.65,2.9,13.17,5.2
"13307",158,2017,23.85,57.69,24.16,43.67,38.99,51.8,40.61
"13308",159,2017,61.93,33.2,70.04,20.23,61.89,20.38,25.24
"13309",160,2017,6.81,3.25,11.24,5.15,4.77,2.69,4.33
"13310",161,2017,26.93,28.18,33.38,24.64,36.52,27.69,17.78
"13311",162,2017,11.62,20,13.59,25.02,14.82,30.31,22.87
"13312",163,2017,20.08,21.31,21.76,31.79,29.68,27.91,35.46
"13313",164,2017,13.74,3.36,20.47,9.59,8.65,12.82,6.13
"13314",165,2017,4.73,8.93,5.73,16.77,6.1,19.1,12.21
"13315",166,2017,23.88,12.64,28.99,13.75,25.92,16.83,12.43
"13316",167,2017,2.73,4.76,2.76,12.3,3.55,10.33,9.39
"13317",168,2017,16.34,17.77,20.33,28.46,15.77,36.97,17.73
"13318",169,2017,10.35,16.06,10.63,21.73,17.2,20.76,21.18
"13319",170,2017,6.71,15.36,7.54,30.89,9.47,26.78,24.09
"13320",171,2017,10.1,18.15,9.56,15.77,13.35,14.26,11.58
"13321",172,2017,8.7,8.06,7.52,15.94,13.03,18.54,8.75
"13322",173,2017,7.83,15.86,7.57,15.65,9.11,20.71,9.95
"13323",174,2017,2.37,6.35,1.92,6.33,3.71,7.75,10.07
"13324",175,2017,7.15,10.3,3.53,6.57,6.59,10.06,8.38
"13325",176,2017,8.56,12.98,6.12,18.25,6.54,26.34,8.61
"13326",177,2017,5.72,6.59,9.82,12.67,5.91,13.21,10.44
"13327",178,2017,1.14,0.44,2.76,3.24,1.61,1.62,3.62
"13328",179,2017,0.53,0.2,0.81,0.41,0.55,0.26,1.04
"13329",180,2017,16.15,3.66,21.94,1.83,13.03,1.08,3.19
"13330",181,2017,8.72,8.52,10.3,17.05,9.58,20.41,8.88
"13331",182,2017,9.5,14.53,7.77,14.4,22.43,18.6,15.33
"13332",183,2017,27.47,20.18,27.75,12.77,20.86,14.7,9.26
"13333",184,2017,3.6,3.52,4.73,10.83,0.76,17.4,3.4
"13334",185,2017,6.87,2.22,9.06,3.33,3.99,3.77,4.25
"13335",186,2017,3.12,6.55,2.84,5.83,2.42,7.61,3.61
"13336",187,2017,14.51,16.35,8.53,20.25,10.46,24.39,10.21
"13337",188,2017,2.49,5.35,3.24,13.9,0.86,21,4.25
"13338",189,2017,1.16,2.96,3.15,9.2,0.79,14.63,3.14
"13339",190,2017,20.13,25.56,24.18,15.41,18.82,23.64,6.52
"13340",191,2017,27.91,15.38,35,22.38,21.77,27.7,17.83
"13341",192,2017,8.89,12.96,6.64,14.79,5.54,21.4,12.53
"13342",193,2017,2.86,8.13,2.35,14.07,3.15,20.63,9.15
"13343",194,2017,3.11,1.6,2.15,3.71,2.35,5.76,2.55
"13344",195,2017,0.12,1.11,0.13,5.04,0.05,5.95,3.23
"13345",196,2017,1.08,2.47,1.11,5.95,1.14,4.48,5.25
"13346",197,2017,11.54,18.89,12.29,18.65,19.61,19.22,17.78
"13347",198,2017,6.3,7.78,5.12,7.31,10.3,5.81,8.04
"13348",199,2017,29.68,25.51,26.25,33.55,28.77,34.49,22.92
"13349",200,2017,8.06,10.05,10.17,19.47,5.95,26.41,12.56
"13350",201,2017,4.62,3.92,4.74,22.25,3,30.61,6.9
"13351",202,2017,2.86,1.72,5.75,5.08,3.32,7.82,3.47
"13352",203,2017,14.9,13.2,9.79,18.33,10.36,27.63,11.42
"13353",204,2017,7.14,8.85,7.56,14.29,6.57,21.26,10.02
"13354",205,2017,1.36,5.7,2.33,11.67,2.12,12.18,7.26
"13355",206,2017,14.5,9.66,17.05,11.43,14.43,14.11,12.81
"13356",207,2017,0.15,0.96,0.06,2.88,0.07,3.37,0.56
"13357",208,2017,0.13,0.42,0.1,2.21,0.14,1.86,0.9
"13358",209,2017,3.34,1.51,3.11,5.62,2.12,5.91,2.45
"13359",210,2017,1.23,1.14,1.1,5.44,0.66,5.95,1.88
"13360",211,2017,1.73,1.21,1.48,4.04,1.36,3.31,2.44
"13361",212,2017,1.91,0.88,1.26,5.1,0.52,5.46,1.62
"13362",213,2017,0.68,0.46,1.43,2.44,0.42,1.4,3.06
"13363",214,2017,0.14,0.2,0.14,0.85,0.09,0.32,1.6
"13364",215,2017,0.49,1.33,0.69,6.66,0.13,6.93,3.23
"13365",216,2017,28.55,26.27,20.76,21.95,27.5,27.12,21.26
"13366",217,2017,22.63,21.62,17.86,24.01,7.86,30.23,10.07
"13367",218,2017,1.94,7.86,2.36,18.88,2.24,27.17,9.33
"13368",219,2017,8.51,12.26,9.19,15.53,2.64,27.74,7.44
"13369",220,2017,6.16,3.07,8.34,6.49,3.17,8.34,4.36
"13370",221,2017,18.58,15.67,19.87,14.52,20.92,14.27,16.54
"13371",222,2017,14.99,2.92,21.35,3.91,9.41,2.31,7.64
"13372",223,2017,5.25,10.24,6.74,12.75,4.84,14.33,13.93
"13373",224,2017,2.95,6.97,3.71,10.77,7.62,19.31,8.5
"13374",225,2017,4.14,4.79,5.13,6.57,4.97,8.51,5.73
"13375",226,2017,2.19,0.63,2.93,1.44,1.47,1.1,1.36
"13376",227,2017,10.18,6.59,12.92,5.78,12.73,6.83,7.21
"13377",228,2017,4.95,6.37,5.01,8.62,4.82,8.51,6.08
"13378",229,2017,2.96,1.53,2.42,3.7,1.02,3.39,2.72
"13379",230,2017,12.66,9.36,14.36,9.44,11.42,12.07,10.91
"13380",231,2017,6.03,5.43,7.02,4.8,6.57,6.1,5.89
"13381",232,2017,7.46,5.35,9.89,11.04,12.5,17.21,4.25
"13382",233,2017,8.95,0.62,14.28,5.21,2.32,4.96,2.71
"13383",234,2017,7.84,2.8,13.1,2.94,16.11,4.59,4.48
"13384",235,2017,1.64,2.65,1.38,6.42,3.45,7.9,5.64
"13385",236,2017,11.72,1.55,19.88,5.72,6.62,3.14,10.86
"13386",237,2017,5.68,6.99,6.5,9.79,7.48,12.02,9.97
"13387",238,2017,0.75,0.17,1.36,1.51,0.78,0.84,1.99
"13388",239,2017,6.2,10.48,7.32,5.76,6.24,7.66,7.36
"13389",240,2017,7.63,12.09,6.03,15.55,6.74,25.12,7.92
"13390",241,2017,5.43,8.42,5.95,8.73,6.3,16.32,4.77
"13391",242,2017,6,3.47,7.1,3.84,3.49,7.07,1.78
"13392",243,2017,4.35,3.97,4.24,6.25,2.83,13.27,2.46
"13393",244,2017,2.71,2.64,2.05,8.5,2.18,9.57,4.47
"13394",245,2017,9.49,10.96,8.36,14.04,13.86,13.28,19.59
"13395",246,2017,12.6,4.48,16.3,17.36,8.09,17.62,8.26
"13396",247,2017,1.21,0.39,1.3,4.48,0.46,3.56,2.79
"13397",248,2017,12.11,1.51,10.78,4.99,7.05,2.36,5.92
"13398",249,2017,2.59,15.82,1.01,12.96,6.28,13.77,10.19
"13399",250,2017,12.02,15.12,9.45,19.25,16.16,28.14,13.73
"13400",251,2017,42.58,33.31,36.52,29.43,39.36,30.4,30.99
"13401",252,2017,3.16,9.83,2.83,22.02,4.96,19.44,17.27
"13402",253,2017,2.87,1.45,4.45,4.62,1.72,5.51,3.61
"13403",254,2017,0.79,0.67,0.87,1.25,0.58,0.85,0.81
"13404",255,2017,10.78,14.07,12.5,5.8,12.22,6.57,8.29
"13405",256,2017,5.37,11.8,5.76,9.11,4.48,9.9,6.09
"13406",257,2017,7.32,10.03,5.5,15.75,4.7,19.58,9.86
"13407",258,2017,1.32,7.4,0.36,13.97,3.11,20.02,5.9
"13408",259,2017,8.76,7.52,10.31,8.8,9.06,10.73,5.99
"13409",260,2017,5.72,5.69,6.76,10.91,3.26,10.18,5.14
"13410",261,2017,3.25,3.51,2.86,3.13,2.77,2.57,3.27
"13411",262,2017,1.98,2.3,3.04,5.02,1.3,3.74,5.55
"13412",263,2017,21.17,20.34,14.71,12.1,16.56,8.64,13.45
"13413",264,2017,26.4,19.06,34.55,21.45,29.17,20.17,24.99
"13414",265,2017,12.05,11.63,13.17,18.46,9.01,21.56,14.36
"13415",266,2017,6.98,9.02,7.65,11.14,9.48,15.85,6.29
"13416",267,2017,26.78,24.76,29.89,16.47,32.85,19.3,14.01
"13417",268,2017,3.76,3.93,3.21,5.81,3.8,7.06,4.41
"13418",269,2017,7.82,6.46,9.65,9,7.96,10.38,5.15
"13419",270,2017,10.78,7.8,14.03,7.66,6.75,7.87,6.15
"13420",271,2017,6.26,13.09,7.92,17.65,6.37,15,15.93
"13421",272,2017,16.07,11.36,20.08,15.7,9.34,21.87,8.93
"13422",273,2017,3.59,5.06,4.38,18.53,2.54,24.82,7.58
"13423",274,2017,0.27,0.42,0.45,1.86,0.13,3.52,0.55
"13424",275,2017,1.28,0.47,1.84,0.4,0.43,0.24,0.86
"13425",276,2017,2.34,1.1,3.39,1.18,0.84,1.43,3.21
"13426",277,2017,17.56,23.88,15.72,17.22,11.11,24.14,21.8
"13427",278,2017,1.1,2.55,1.24,7.34,0.67,11.04,3.69
"13428",279,2017,16.25,20.27,17.7,18.99,33.54,25.69,18.4
"13429",280,2017,9.93,4.7,8.93,2.9,9.33,1.75,4.86
"13430",281,2017,1.34,2.51,1.12,3.15,1.42,2.19,4.91
"13431",282,2017,4.18,3.35,5.78,14.65,6.86,10.77,15.73
"13432",283,2017,10.85,11.28,11.55,28.66,20.16,23.28,33.89
"13433",284,2017,7.8,19.77,9.3,34.35,16.67,49.16,19.53
"13434",285,2017,0.79,0.77,1.73,2.71,0.93,1.85,1.55
"13435",286,2017,2.22,1.59,3.68,2.79,3.37,2.57,1.86
"13436",287,2017,3.06,1.83,4.19,1.91,5.74,1.43,1.99
"13437",288,2017,8.62,11.04,8.52,6.57,9.87,9.93,2.56
"13438",289,2017,13.83,6.29,16.01,17.29,14.89,23.83,12.67
"13439",290,2017,5.8,2.89,8.38,5.91,8.28,9.78,3.75
"13440",291,2017,5.09,2.91,5.36,6.6,2.91,10.7,3.9
"13441",292,2017,6.76,0.97,11.59,4.49,4.15,7.61,2.31
"13442",293,2017,4.74,7.8,5.2,22.12,3.67,34.82,9.59
"13443",294,2017,16.9,29.97,10.31,27.55,16.93,27.84,21.8
"13444",295,2017,1.7,12,0.92,15.97,3.32,24.83,7.82
"13445",296,2017,0.53,0.76,0.42,1.79,0.48,3.29,0.37
"13446",297,2017,3.89,4.09,3.63,4.61,4.3,7.23,2.61
"13447",298,2017,2.34,1.87,1.82,5.18,2.18,8.56,1.72
"13448",299,2017,2.78,3.09,3.03,5.83,2.29,6.45,3.87
"13449",300,2017,2.58,2.93,3.71,6.56,4.03,5.23,6.57
"13450",301,2017,4.93,6.13,5.78,7.47,3.5,4.98,7.7
"13451",302,2017,9.76,7.2,11,3.53,14.3,3.66,5.75
"13452",303,2017,3.48,4.28,3.73,2.54,7.77,4.45,4.62
"13453",304,2017,8.63,5.06,8.77,1.61,6.18,2.3,2.92
"13454",305,2017,4.18,4.76,6.19,6.91,6.1,10.64,7.75
"13455",306,2017,2.51,5.04,1.92,7.84,2.33,12.12,5.73
"13456",307,2017,4.24,6.5,4.52,10.87,5.76,12.09,7.84
"13457",308,2017,7.28,16.89,7.74,19.09,12.64,28.36,19.97
"13458",309,2017,12.1,14.02,8.45,15,8.43,13.53,10.62
"13459",310,2017,6.69,5.64,5.53,4.53,5.49,5.34,4.48
"13460",311,2017,1.05,0.71,1.32,1.68,1.39,1.58,1.51
"13461",312,2017,2.72,12.63,1.59,15.18,4.58,22.22,8.05
"13462",313,2017,0.75,2.16,0.65,3.19,0.67,4.01,1.55
"13463",314,2017,0.49,0.7,0.63,2.07,0.54,1.88,1.26
"13464",315,2017,1.67,8.07,0.54,8.17,2.98,10.6,7.03
"13465",316,2017,1.84,2.57,2,6.53,1.17,6.92,4.66
"13466",317,2017,0.99,1.47,1.09,4.65,1.72,3.8,5.27
"13467",318,2017,6.88,4.07,9.1,12.76,4.97,10.39,12.85
"13468",319,2017,4.93,11.47,4.37,18.17,6.22,28.36,13.63
"13469",320,2017,0.83,3.08,0.84,8.03,0.98,8.55,3.09
"13470",321,2017,4.39,8.46,2.99,13.75,4.62,16.22,7.63
"13471",322,2017,0.88,8.71,0.64,16.62,2.54,20.65,8.45
"13472",323,2017,0.46,1.1,0.2,4.13,0.36,3.77,2.64
"13473",324,2017,0.32,1.24,0.27,3.14,0.79,2.23,2.56
"13474",325,2017,0.43,0.67,0.43,1.29,0.64,0.97,1.63
"13475",326,2017,0.3,0.23,0.68,0.96,0.52,0.5,1.8
"13476",327,2017,2.01,3.03,2.14,4.01,1.6,3.68,5.1
"13477",328,2017,5.31,10.36,5.95,8.05,10.46,12.11,13.42
"13478",329,2017,6.33,11.17,11.03,7.51,16.34,9.4,13.49
"13479",330,2017,0.46,1.39,0.11,1.54,0.9,2.43,1.33
"13480",331,2017,0.01,0.12,0,0.48,0.02,0.64,0.3
"13481",332,2017,0.06,0.12,0.04,0.69,0.07,0.71,0.43
"13482",333,2017,0.05,0.22,0.03,0.89,0.1,1.01,0.67
"13483",334,2017,0.21,0.25,0.07,0.76,0.18,0.56,0.64
"13484",335,2017,0.07,1.38,0.13,1.71,0.63,1.68,2.81
"13485",336,2017,0.33,4.02,0.14,3.28,0.8,5.59,2.84
"13486",337,2017,0.12,6.41,0.15,10.19,0.63,26.26,4.39
"13487",338,2017,0.9,7.21,1.53,3.29,2.84,6.62,2.21
"13488",339,2017,0.04,2.78,0.1,5.07,0.21,15.76,2.67
"13489",340,2017,0.03,0.16,0.03,1.24,0.08,1.58,0.56
"13490",341,2017,0.33,3.34,0.1,5.34,1.42,5.63,3.05
"13491",342,2017,0,0.02,0,1.02,0,0.57,0.69
"13492",343,2017,0.03,0.26,0,1.56,0.04,1.15,1.19
"13493",344,2017,0,0.01,0,0.06,0,0.01,0.4
"13494",345,2017,0.03,1.25,0,0.84,0.1,1.92,0.58
"13495",346,2017,0.04,1.2,0,1.89,0.04,2.66,0.91
"13496",347,2017,0.01,0.06,0,0.69,0.02,0.53,0.51
"13497",348,2017,0.07,0.55,0,0.3,0.12,0.24,0.16
"13498",349,2017,0.06,2.04,0,5.71,0.12,10.88,1.08
"13499",350,2017,0,2.9,0,8.01,0.08,16.16,1.86
"13500",351,2017,0,0.01,0,0,0,0.03,0.23
"13501",352,2017,0.04,0.38,0,0.03,0.07,0.04,0.17
"13502",353,2017,0.01,0.16,0,0.73,0.04,0.82,0.37
"13503",354,2017,0.04,2.37,0,1.68,0.28,1.33,0.84
"13504",355,2017,0,0,0,0.18,0,0.11,0.16
"13505",356,2017,0.06,1.68,0,2.39,0.33,4.39,1.13
"13506",357,2017,0.02,0.81,0,0.46,0.09,1.54,0.23
"13507",358,2017,0.1,1.65,0,2.36,0.66,3.23,1
"13508",359,2017,0,0,0,0.69,0,0.51,0.48
"13509",360,2017,0,0.03,0,12.64,0,10.49,2.63
"13510",361,2017,0,0.19,0.01,6.69,0.01,4.99,1.99
"13511",362,2017,0.01,0.52,0.16,3.95,0.02,3.31,1.51
"13512",363,2017,0.04,0.94,0.35,4.07,0.07,2.5,3.12
"13513",364,2017,0.12,5.11,0.47,15.37,0.61,23.68,6.63
"13514",365,2017,0.07,1.86,0.55,5.72,0.23,5.8,2.07
"13515",1,2018,16.76,46.86,10.63,31.36,16.44,68.99,14.37
"13516",2,2018,11.47,8.91,9.81,16.1,9.76,33.4,8.16
"13517",3,2018,2.24,3.13,2.43,14.37,5.55,18.73,8.07
"13518",4,2018,0.21,0.58,0.13,4.36,0.32,4.6,2.41
"13519",5,2018,0.01,0.15,0,1.1,0.03,1.26,0.97
"13520",6,2018,0.08,0.52,0.08,1.47,0.1,2.54,0.46
"13521",7,2018,0.01,0.02,0.01,0.5,0,0.47,0.2
"13522",8,2018,0.05,0.22,0.03,0.48,0.06,0.41,0.3
"13523",9,2018,0.04,0.82,0.02,2.19,0.05,2.18,0.96
"13524",10,2018,0.01,0.44,0,2.04,0.06,3.08,0.68
"13525",11,2018,0.03,0.07,0.02,2.48,0.04,2.24,1.27
"13526",12,2018,0.04,0.28,0.11,1.4,0.13,1.68,0.57
"13527",13,2018,0.1,1.64,0.04,1.77,0.15,3.49,0.61
"13528",14,2018,0.16,0.58,0.14,0.71,0.25,1.41,0.32
"13529",15,2018,0.04,0.17,0.02,0.52,0.06,0.44,0.24
"13530",16,2018,1.47,1.98,1.27,0.91,2.22,0.9,1.85
"13531",17,2018,7.47,7.93,10.43,5.64,12.37,5.56,7.52
"13532",18,2018,31.23,27.77,24.84,9.54,39.96,12.57,12.57
"13533",19,2018,2.13,3.9,1.65,3.83,5.01,3.78,4.14
"13534",20,2018,2.57,0.68,3.29,1.29,1.92,1.18,1.37
"13535",21,2018,0.06,1.04,0.09,1.06,0.21,3.36,0.28
"13536",22,2018,0.02,0.09,0,0.23,0,0.15,0.1
"13537",23,2018,0.05,0.04,0.01,0.83,0.03,0.69,0.31
"13538",24,2018,0.03,0.42,0,1.11,0.09,1.08,0.68
"13539",25,2018,0,0.1,0,0.78,0.08,0.67,0.3
"13540",26,2018,0,0.08,0,1,0.01,0.55,0.51
"13541",27,2018,0,0.1,0,0.81,0.01,0.58,0.36
"13542",28,2018,0.01,0.17,0,0.9,0.01,0.71,0.38
"13543",29,2018,0.01,0.5,0,2.18,0.03,3.28,0.62
"13544",30,2018,0,0.05,0,0.83,0,0.79,0.43
"13545",31,2018,0.02,0.89,0,2.45,0.05,2.3,0.94
"13546",32,2018,0.01,0.5,0,0.43,0.05,0.41,0.21
"13547",33,2018,0,0.05,0,0.4,0,0.35,0.41
"13548",34,2018,0,0.37,0,2.12,0,5.21,0.57
"13549",35,2018,0,0.17,0,1.05,0.01,1.76,0.36
"13550",36,2018,0,0.01,0,0.22,0,0.24,0.11
"13551",37,2018,0,0.11,0,1,0,1.9,0.22
"13552",38,2018,0,0.09,0,0.3,0.02,0.46,0.11
"13553",39,2018,0,0,0,0.04,0,0.02,0.08
"13554",40,2018,0.05,0.85,0.03,0.96,0.21,1.12,0.45
"13555",41,2018,0.02,0.63,0.01,3.38,0.01,6.91,0.9
"13556",42,2018,0.01,0.16,0.03,2.52,0.02,2.15,1.11
"13557",43,2018,0.1,0.64,0.08,2.1,0.25,2.15,1.06
"13558",44,2018,0,0.18,0,1.67,0,2.56,0.77
"13559",45,2018,0,0.33,0,1.95,0,4.06,0.87
"13560",46,2018,0.25,0.86,0.3,2.7,0.37,3,2.18
"13561",47,2018,0.12,0.31,0.15,1.02,0.09,1.49,0.38
"13562",48,2018,0.06,0.5,0.05,2,0.07,3.06,0.98
"13563",49,2018,0,0.07,0,0.71,0.01,1.25,0.31
"13564",50,2018,0,0.01,0,0.34,0,0.25,0.16
"13565",51,2018,0.01,0.04,0,0.01,0.03,0.01,0.04
"13566",52,2018,0.24,0.54,0.32,0.08,0.16,0.07,0.05
"13567",53,2018,0.1,0,0.04,0.04,0,0.02,0.05
"13568",54,2018,0.06,0.18,0.07,0.68,0.07,0.63,0.2
"13569",55,2018,0,0.37,0,1.5,0,2.89,0.7
"13570",56,2018,0.1,0.18,0.03,1.04,0.31,0.67,0.9
"13571",57,2018,0.11,0.95,0.05,1.33,0.22,1.78,0.85
"13572",58,2018,0.03,0.33,0,0.53,0.09,0.85,0.26
"13573",59,2018,0,0.02,0,1.07,0,0.86,1.04
"13574",60,2018,0,0.04,0,2.16,0,1.63,2.83
"13575",61,2018,0,0.07,0,0.92,0,0.84,1.15
"13576",62,2018,0,0.17,0,1.14,0,1.49,0.87
"13577",63,2018,1.9,2.56,1.76,8.2,0.78,15.58,5.2
"13578",64,2018,16.69,15.74,22.27,10.25,15.88,10.68,11.67
"13579",65,2018,6.65,8.03,11.15,7.57,11.81,8.5,5.46
"13580",66,2018,8.23,7.67,8.6,6.92,10.55,6.7,2.74
"13581",67,2018,5.5,7.1,8.06,8.98,8.39,9.16,5.37
"13582",68,2018,0.59,1.97,0.69,4.38,0.92,5.16,1.27
"13583",69,2018,0,0.01,0.01,0.38,0,0.22,0.11
"13584",70,2018,0,0.06,0,0.14,0,0.77,0.04
"13585",71,2018,0,0.01,0,0.08,0,0.16,0.03
"13586",72,2018,0,0.01,0,0.41,0,0.3,0.27
"13587",73,2018,0,0,0,0.26,0,0.15,0.1
"13588",74,2018,0.01,1.1,0,2.8,0.02,4.19,1
"13589",75,2018,0.05,1.54,0,3.03,0,5.31,0.36
"13590",76,2018,0,0,0,1.05,0,0.81,0.14
"13591",77,2018,0,0.07,0,1.77,0,1.59,0.28
"13592",78,2018,0,0.01,0,0.93,0,0.91,0.1
"13593",79,2018,0,0,0,1.24,0,0.89,0.14
"13594",80,2018,0,0,0,0.3,0,0.09,0.2
"13595",81,2018,0.55,3.62,0.57,3.07,0.53,5.18,1.69
"13596",82,2018,1.04,7.13,0.5,9.27,1.81,16.65,7.4
"13597",83,2018,0.03,0.75,0,6.64,0.1,4.81,3.97
"13598",84,2018,0,0,0,1.53,0,0.96,0.86
"13599",85,2018,0,0.06,0.01,3.72,0,2.42,2.44
"13600",86,2018,0.38,0.69,0.62,6.4,0.3,4.29,4.77
"13601",87,2018,10.36,15.22,10.34,28.5,5.15,35.8,16.72
"13602",88,2018,8.02,14.75,11.13,29.73,12.4,31.93,27.82
"13603",89,2018,2.59,3.3,2.59,4.3,1.19,4.15,2.68
"13604",90,2018,0.28,0.4,0.43,3.79,0.15,1.84,5.36
"13605",91,2018,2.33,5.8,1.44,14.81,2.51,16.09,9.63
"13606",92,2018,1.83,2.49,0.59,4.86,0.88,3.09,3.39
"13607",93,2018,0.93,0.79,0.66,3.89,0.72,1.97,3.41
"13608",94,2018,15.45,17.27,21.24,19.84,18.84,17.17,18.84
"13609",95,2018,27.59,13.12,30.65,9.09,23.21,10.49,8.02
"13610",96,2018,2.65,10.86,1.77,14.87,6.74,23.81,12.5
"13611",97,2018,0.71,0.44,1.05,2.78,1.4,1.76,1.98
"13612",98,2018,0.02,0.09,0.11,2.72,0.09,1.51,2.34
"13613",99,2018,0.72,1.91,0.91,3.99,4.68,3.7,5.05
"13614",100,2018,1.45,5.12,1.6,12.92,3.66,13.68,9.42
"13615",101,2018,12.23,1.5,16.59,1.73,15.33,0.84,3.24
"13616",102,2018,3.55,1.6,2.13,2.58,5.52,1.01,4.48
"13617",103,2018,4.61,0.81,6.09,1.62,5.33,1.39,4
"13618",104,2018,6.24,1.74,6.53,3.99,5.76,2.73,6.04
"13619",105,2018,3.96,0.43,5.91,0.72,3.48,0.56,0.9
"13620",106,2018,5.57,3.34,5.39,6.19,3.76,6.65,3.4
"13621",107,2018,19.57,8.19,15.9,6.1,13.73,5.63,7
"13622",108,2018,13.58,11.55,13.38,14.06,10.46,18.26,7.01
"13623",109,2018,5.57,2.77,6.08,8.03,4.99,9.12,4.59
"13624",110,2018,1.6,1.28,2.48,3.34,2.01,3.3,1.68
"13625",111,2018,0.3,0.18,0.42,1.32,0.17,0.84,0.78
"13626",112,2018,7.04,5.95,11.76,6.6,12.16,7.22,7.39
"13627",113,2018,3.87,9.58,3.46,15.28,5.18,22.38,7.94
"13628",114,2018,4.55,10.43,2.76,8.1,8.11,7.75,5.83
"13629",115,2018,6.5,1.57,8.77,2.28,2.61,1.94,1.37
"13630",116,2018,4.82,10.2,7.21,20.72,13.65,20.48,18.66
"13631",117,2018,5.67,9.63,7.1,23.64,13.38,23.75,27.51
"13632",118,2018,7.31,23.38,10.81,21.72,15.32,22.13,19.67
"13633",119,2018,8.41,21.91,13.01,20.86,23.87,20.62,33.03
"13634",120,2018,4.97,3.27,8.43,2.87,7.18,2.38,3.84
"13635",121,2018,9.39,10.86,7.5,6.67,3.8,8.16,4.51
"13636",122,2018,3.23,21.5,5.27,36.5,11.27,40.63,30.57
"13637",123,2018,5.09,3.81,6.53,5.65,6.29,5.57,5.77
"13638",124,2018,8.86,22.51,9.59,19.06,12.46,22.8,18.58
"13639",125,2018,5.23,11.13,6.84,18.27,7.37,30.55,7.9
"13640",126,2018,11.29,4.45,11.37,6.44,10,8.72,6.01
"13641",127,2018,13.13,14.9,16.2,14.65,12.89,25.23,10.01
"13642",128,2018,34.49,18.71,32.96,13.07,33.52,14.79,24.24
"13643",129,2018,14.59,4.33,14.12,3.6,12.93,4.12,5.12
"13644",130,2018,13.19,10.5,10.28,6.61,13.3,6.14,9.99
"13645",131,2018,23.23,13.32,29.7,12.36,28.66,10.47,13.6
"13646",132,2018,13.21,11.64,15.12,10.93,12.56,8.83,10.66
"13647",133,2018,19.14,13.78,23.16,15.77,16.47,17.04,13.59
"13648",134,2018,15.54,14.46,15.77,12.08,39.65,11.92,17.32
"13649",135,2018,48.6,52.28,25.93,29.94,39.19,27.01,31.53
"13650",136,2018,1.64,2.47,1.51,2.34,2.12,2.33,3.37
"13651",137,2018,0.9,0.3,1.13,0.49,0.53,0.55,0.42
"13652",138,2018,2.7,2.53,4.49,2.5,4.19,2.57,3.11
"13653",139,2018,9.5,8.3,9.46,4.05,8.32,5.66,4.55
"13654",140,2018,9.39,8.77,7.51,4.97,9.36,8.99,4.7
"13655",141,2018,20.72,17.7,19.3,16.24,16.79,19.91,8.64
"13656",142,2018,14.35,13.23,11.13,5.61,12.93,4.71,5.31
"13657",143,2018,25.88,20.73,23.43,20.87,36.31,18.45,25.56
"13658",144,2018,12.78,12.08,17.23,9.75,15.49,10.76,13.58
"13659",145,2018,10.62,6.46,6.36,11.06,3.51,14.63,6.11
"13660",146,2018,6.81,11.91,6.25,19.95,9.18,33.49,9.07
"13661",147,2018,9.08,14.08,8.41,15.21,11.84,20.99,12.8
"13662",148,2018,9.24,19.02,14.12,18.65,19.85,25.43,12.35
"13663",149,2018,8.11,10.55,8.16,7.92,6.21,11.22,4.8
"13664",150,2018,7.99,0.2,11.22,2.51,1.81,1.79,1.64
"13665",151,2018,1.9,0.98,3.3,5.91,2.8,7.03,2.16
"13666",152,2018,1.83,0.66,3.26,2.34,1.51,1.9,1.77
"13667",153,2018,12.46,8.52,15.36,5.49,18.34,7.03,6.61
"13668",154,2018,16.8,16.01,17.91,18.31,19.33,27.26,17.09
"13669",155,2018,1.58,2.54,2.74,8.43,2.4,13.01,4.69
"13670",156,2018,6.45,5.4,10.13,7.29,5.65,7.49,7.18
"13671",157,2018,4.23,7.09,2.92,8.48,2.55,10.99,6.02
"13672",158,2018,6.04,6.35,4.74,5.75,6.24,8.51,3.87
"13673",159,2018,15.56,8.13,16.81,15.96,14.55,19.55,9.6
"13674",160,2018,14.79,18.59,18.4,27.13,15.75,30.8,15.87
"13675",161,2018,12.41,5.36,16.41,12.82,12.15,10.29,9.25
"13676",162,2018,36.31,44.83,33.02,40.13,41.53,40.7,40.87
"13677",163,2018,1.94,2.04,4.13,6.48,2.09,5.01,4.65
"13678",164,2018,19.51,17.09,24.2,5.67,19.49,4.62,8.33
"13679",165,2018,16.43,19.38,21.47,20.82,17.79,27.84,16.82
"13680",166,2018,10.51,9.39,12.9,16.4,8.38,22.79,7.76
"13681",167,2018,7.28,16.6,4.69,8.57,5.32,8.81,6.03
"13682",168,2018,9.87,5.25,13.9,7.46,4.56,12.14,2.71
"13683",169,2018,16.71,10.48,14.53,7.52,13.2,9.76,7.42
"13684",170,2018,4.06,4.32,3.47,9.61,1.11,13.55,4.45
"13685",171,2018,8.19,4.72,7.37,7.43,4.39,8.88,5.47
"13686",172,2018,4.48,1.15,3.92,3.95,1.13,6.11,3.26
"13687",173,2018,1.52,0.43,1.5,1.86,0.21,2.57,1.29
"13688",174,2018,14.55,10.8,14.52,8.92,6.49,12.99,6.09
"13689",175,2018,32.08,43.65,39.06,28.53,32.04,42.28,21.62
"13690",176,2018,32.21,27.63,30.2,20.92,10.27,42.63,7.99
"13691",177,2018,5.11,6.01,5.47,6.67,1.96,12.32,2.31
"13692",178,2018,11.13,5.29,14.86,8.26,12.85,10.08,7.04
"13693",179,2018,11.36,17.12,18,28.32,15.1,36.14,26.9
"13694",180,2018,7.08,12.31,8.55,11.27,9.96,17.79,10.93
"13695",181,2018,4.86,10.71,6.32,3.44,9.19,4.06,4.52
"13696",182,2018,1.82,1.3,1.38,1.71,1,1.12,2.41
"13697",183,2018,8.53,10.06,7,25.5,7.12,27.98,18.7
"13698",184,2018,12.11,8.83,8.31,12.81,14.45,9.62,16.42
"13699",185,2018,9.43,5.74,9.19,3.01,4.3,2.63,4.51
"13700",186,2018,10.69,10.84,8.57,12.86,7.18,13.81,9.02
"13701",187,2018,1.03,0.54,2.27,4.57,0.48,3.96,3.14
"13702",188,2018,2.01,1.16,4.28,4.03,1.84,3.95,3.66
"13703",189,2018,18.02,14.18,16.41,4.07,11.67,3.28,4.29
"13704",190,2018,10.1,26.37,13.62,18.9,11.38,37.51,11.04
"13705",191,2018,26.26,41.84,22.91,34.47,24.77,67.15,14.38
"13706",192,2018,7.82,10.8,7.09,19.99,10.02,23.5,13.81
"13707",193,2018,11.53,8.38,7.28,12.46,12.34,11.63,22.62
"13708",194,2018,9.04,10.25,6.87,10.91,11.86,11.67,9.51
"13709",195,2018,3.16,6.63,2.44,13.65,5.93,14.85,11.52
"13710",196,2018,1.25,2.35,0.54,4.36,3.15,5.86,6.27
"13711",197,2018,6.57,4.12,12.66,9.58,8.08,18.8,7.03
"13712",198,2018,16.44,19.29,22.76,22.55,22.82,35.31,16.57
"13713",199,2018,10.12,5.06,17.47,4.45,14.16,3.18,7.57
"13714",200,2018,12.99,10.75,12.1,8.08,14.47,11.1,5.76
"13715",201,2018,9.59,20.66,16.62,26.54,19.85,39.73,19.61
"13716",202,2018,20.83,5.51,23.33,7.85,16.01,4.25,8.7
"13717",203,2018,6.63,2.36,8.05,6.8,7.18,3.68,11.36
"13718",204,2018,19.98,17.08,22,7.99,23.51,6.16,13.34
"13719",205,2018,35.27,38.02,33.84,43.61,34.11,51.48,34.31
"13720",206,2018,1.76,7.96,2.23,25.02,2.78,28.38,19.25
"13721",207,2018,14.21,28.37,10.51,29.06,18.32,50.77,10.29
"13722",208,2018,1.74,7.27,3.24,20.76,1.87,34.09,7.75
"13723",209,2018,1.96,3.05,3.14,10.15,1.48,11.32,4.58
"13724",210,2018,16.21,6.43,17.47,3.5,15.94,2.8,5.15
"13725",211,2018,10.31,10.55,17.92,8.22,10.86,5.83,10.5
"13726",212,2018,35.63,38.7,46.25,17.09,49.18,14,19.19
"13727",213,2018,16.53,13.98,17.53,28.76,18.06,26.49,21.64
"13728",214,2018,3.18,2.6,2.31,6.24,1.22,5.47,4.99
"13729",215,2018,2.33,0.97,2.72,6.63,2.19,3.52,6.57
"13730",216,2018,3.65,2.34,6.04,7.23,5.52,3.22,8.58
"13731",217,2018,12.86,11.58,16.16,11.86,17.26,12.19,10.24
"13732",218,2018,0.91,3.25,0.62,4.86,5.59,6.73,2.55
"13733",219,2018,3.91,3.5,5.02,5.43,5.53,5.05,6.53
"13734",220,2018,16.59,15.77,21.86,26.18,21.39,32.23,18.97
"13735",221,2018,3.99,10.39,5.15,24.38,12.09,22.38,23.27
"13736",222,2018,0.01,0.95,0.01,6.13,0.07,9.06,1.36
"13737",223,2018,0.6,0.12,0.67,0.88,0.24,1.12,0.47
"13738",224,2018,4.82,1.7,8.17,1.86,4.47,2.7,2.15
"13739",225,2018,9.83,9.12,8.49,4.66,10.18,4.41,7.65
"13740",226,2018,12.79,14.08,13.38,19.59,13.6,32.54,18.82
"13741",227,2018,7.54,7.84,5.31,11.73,3.53,25.32,3.64
"13742",228,2018,1.62,0.9,2.59,2.34,2.51,3.85,1.58
"13743",229,2018,15.06,7.44,20.55,4.76,12.62,3.71,3.87
"13744",230,2018,12.74,22.83,7.39,18.11,26.02,21.52,17.13
"13745",231,2018,0.74,2.53,0.97,8.31,0.99,13.25,3.93
"13746",232,2018,8.2,3.46,12.28,3.25,14.79,2.03,6.71
"13747",233,2018,17.25,24.05,18.45,8.15,18.58,8.76,12.38
"13748",234,2018,15.37,7.5,20.54,9.62,11.88,13.42,8.82
"13749",235,2018,1.11,4.61,0.83,23.59,0.27,29.6,9.73
"13750",236,2018,0.06,0.57,0.13,5.93,0.01,8.5,3.54
"13751",237,2018,6.83,11.43,8.01,10.39,16.17,12.56,12.14
"13752",238,2018,16.19,12.96,12.54,25.68,9.7,35.23,12.31
"13753",239,2018,6.04,13.94,4.17,27.33,3.32,38.57,15.88
"13754",240,2018,1.27,4.05,1.52,4.47,0.81,5.68,3.72
"13755",241,2018,1.93,0.62,2.24,4.02,0.49,3.86,3.67
"13756",242,2018,6.44,14.74,3.58,14.76,5.46,18.77,13.14
"13757",243,2018,1.83,3.25,0.94,6.08,0.65,6.52,5.78
"13758",244,2018,1.78,7.62,1.81,8.99,6.02,13.67,6.31
"13759",245,2018,14.99,9.95,17.37,7.1,20.86,6.57,12.44
"13760",246,2018,3.69,3.76,4.97,7.65,2.34,6.19,8.37
"13761",247,2018,22.64,28.08,24.17,44.1,8.41,68.08,17.15
"13762",248,2018,25.74,47.89,26.43,61.32,28.53,83.5,48.52
"13763",249,2018,31.74,54.87,30.99,44.77,58.92,50.56,38.66
"13764",250,2018,17.13,19.54,18.36,42.2,26.55,38.85,32.26
"13765",251,2018,7.84,15.82,10.14,31.36,24.37,31.85,27.08
"13766",252,2018,0.84,2.67,1.25,5.94,1.78,6.93,2.19
"13767",253,2018,2.38,2.72,2.84,7.09,3.51,7.28,4.25
"13768",254,2018,5.19,1.62,7.73,10.19,7.37,9.55,6.55
"13769",255,2018,6.95,8.05,4.31,9.86,6.01,11.81,8.88
"13770",256,2018,8.56,23.93,8.53,12.23,16.11,12.9,15.4
"13771",257,2018,7.86,12.65,7.86,7.88,7.73,7.1,9.62
"13772",258,2018,29.56,19.45,27.67,13.9,23.38,9.32,15.37
"13773",259,2018,6.51,31.1,4.25,22.26,8.05,27.35,13.76
"13774",260,2018,25.13,17.63,24.92,7.69,26.18,8.76,7.56
"13775",261,2018,20.7,27.08,24.97,23.6,18.58,24.98,16.85
"13776",262,2018,7.79,10.59,9.73,17.55,5.87,20.71,9.7
"13777",263,2018,1.52,4.9,1.36,11.44,1.32,18.67,2.71
"13778",264,2018,0.95,2.57,1.56,8.91,1.18,12.75,3.25
"13779",265,2018,7.37,16.13,9.55,21.29,17.87,18.82,27.58
"13780",266,2018,4.04,11.6,2.75,19.81,4.86,29.13,9.48
"13781",267,2018,4.16,10.49,4.21,10.74,2.61,15.89,5.07
"13782",268,2018,1.31,2.83,2.36,16.9,0.96,15.9,8.42
"13783",269,2018,4.19,0.62,5.58,2.72,1.24,2.52,1.98
"13784",270,2018,11.4,6.31,14.45,7.31,7.59,6.14,5.42
"13785",271,2018,19.47,18.58,22.33,15.39,12.05,19.19,14.99
"13786",272,2018,6.22,3.16,7.9,5.84,2.64,5.26,3.76
"13787",273,2018,13.75,23.59,10.77,23.76,12.22,37.97,9.97
"13788",274,2018,8.29,14.89,6.99,20.01,9.8,17.61,18.36
"13789",275,2018,6.65,20.17,5.06,24.87,11.32,21.89,27
"13790",276,2018,2.05,6.15,0.63,8.24,1.33,7.81,7.77
"13791",277,2018,7.78,8.99,9.03,19.96,5.8,20.26,17.92
"13792",278,2018,14.1,32.5,12.68,37.71,27.68,43.65,40.68
"13793",279,2018,8.72,21.22,7.59,30.66,10.83,43.08,23.86
"13794",280,2018,2.05,3.65,1.67,8.66,5.08,6.12,9.49
"13795",281,2018,1.73,2.06,2.05,3.99,2.52,2.91,4.09
"13796",282,2018,0.8,0.33,1.25,3.58,0.53,1.72,4.79
"13797",283,2018,2.73,2.29,1.74,2.7,3.82,1.71,10.49
"13798",284,2018,3.03,12.4,2.5,11.06,5.6,10.97,10.71
"13799",285,2018,10.49,24.18,6.3,22.28,16.8,26.05,15.68
"13800",286,2018,12.96,17.94,12.76,20.14,10.22,26.76,18.4
"13801",287,2018,4.65,15.37,6.75,16.53,8.08,17.28,12.7
"13802",288,2018,7.6,7.55,10.8,13.7,11.04,11.21,14.08
"13803",289,2018,0.23,0.82,0.33,6.63,0.66,3.99,4.33
"13804",290,2018,0.26,0.26,0.33,1.46,0.92,0.57,1.89
"13805",291,2018,1.78,1.46,1.58,1.76,1.18,1.99,2.35
"13806",292,2018,11.45,16.78,9.82,16.17,14.53,24.52,17.62
"13807",293,2018,5.68,15.35,4.16,44.43,12.69,37.9,33.05
"13808",294,2018,5.95,8.12,7.74,29.27,6.37,24.22,20.62
"13809",295,2018,13.64,11.89,14.09,12.58,10.8,12.09,11.45
"13810",296,2018,8.09,11.2,10.68,13.21,5.62,16.78,11.31
"13811",297,2018,4.23,4.68,4.03,3.86,6,3.74,5.72
"13812",298,2018,12,12.28,14.94,10.74,15.02,12.3,7.09
"13813",299,2018,1.34,2.6,3.65,5.07,3.02,10.14,2.61
"13814",300,2018,4.13,13.97,4.65,9.96,6.87,20.63,4.39
"13815",301,2018,1.43,0.84,3.46,1.26,2.81,1.01,1.76
"13816",302,2018,0.69,2.46,1.32,2.64,2.09,3.4,2.99
"13817",303,2018,0.56,3.3,0.47,5.82,1.47,9.16,2.73
"13818",304,2018,0.48,2.82,1.39,5.64,0.59,8.45,2.44
"13819",305,2018,2.1,4.68,1.58,6.94,1.78,7.7,4.45
"13820",306,2018,3.39,24.1,2.53,33.38,4.89,44.89,11.84
"13821",307,2018,0.54,0.24,0.79,3.19,0.13,1.97,2.04
"13822",308,2018,0.32,1.96,0.35,4.18,0.45,2.71,3.62
"13823",309,2018,0.07,2.05,0.09,3.74,0.12,4.44,3.19
"13824",310,2018,0.6,1.09,0.43,2.18,1.4,0.66,5.28
"13825",311,2018,11.13,3.95,12.36,3.39,13.11,1.21,6.42
"13826",312,2018,7.28,4.93,6.63,6.02,5.87,3.31,5.65
"13827",313,2018,11.08,12.79,8.91,11.69,15.42,8.63,12.33
"13828",314,2018,5.54,3.21,4.12,2.21,4.6,0.87,3.65
"13829",315,2018,0.47,4.45,0.24,0.73,0.8,1.26,0.66
"13830",316,2018,0.18,1.01,0.08,0.75,0.62,0.93,0.59
"13831",317,2018,0.03,0.08,0.03,0.45,0.08,0.14,0.32
"13832",318,2018,0.22,0.15,0.07,0.08,0.25,0.03,0.07
"13833",319,2018,0.85,4.02,0.15,1.06,1.8,2.08,0.79
"13834",320,2018,5.75,5.63,9.1,1.34,3.11,2.39,0.92
"13835",321,2018,8.54,12.81,13.7,6.52,6.58,11.28,3.09
"13836",322,2018,4.96,19.32,4.66,21.1,4.9,30.24,8.22
"13837",323,2018,0.61,0.92,1.29,2.53,0.34,3.12,0.85
"13838",324,2018,2.41,2.82,3.37,3.44,1.53,4.02,1.32
"13839",325,2018,0.29,0.23,0.94,0.5,0.17,0.98,0.3
"13840",326,2018,0.45,0.61,0.73,1.02,1.25,1.7,0.82
"13841",327,2018,0.13,0.31,0.22,1.57,0.24,2.43,0.79
"13842",328,2018,0.11,0.13,0.11,1.67,0.14,2.42,1.28
"13843",329,2018,0.09,0.17,0.14,1.2,0.17,1.57,0.78
"13844",330,2018,0.58,0.58,0.28,1.4,0.33,0.98,0.67
"13845",331,2018,0.01,0.03,0.03,1.04,0.01,0.25,0.52
"13846",332,2018,0.51,0.19,0.46,0.52,0.34,0.25,0.56
"13847",333,2018,0.71,2.05,0.46,4.82,1.81,2.82,3.21
"13848",334,2018,0,0.86,0,2.39,0.04,3.33,0.96
"13849",335,2018,0.2,1.14,0.08,0.74,0.72,1.36,0.77
"13850",336,2018,0.55,0.38,0.65,0.18,0.52,0.12,0.14
"13851",337,2018,0.06,0.15,0.06,0.27,0.1,0.18,0.23
"13852",338,2018,0,0,0,0.1,0,0.03,0.18
"13853",339,2018,0.06,0.43,0.05,1.79,0.17,1.76,1.07
"13854",340,2018,0.06,0.52,0.01,1.68,0.18,2.14,0.79
"13855",341,2018,0.02,0.3,0,0.49,0.06,0.74,0.27
"13856",342,2018,0.01,0.1,0.01,0.52,0.03,0.51,0.23
"13857",343,2018,0.13,0.87,0.03,0.65,0.4,1.45,0.57
"13858",344,2018,0.06,0.34,0.02,0.59,0.18,0.77,0.29
"13859",345,2018,0,0.01,0,0.11,0,0.15,0.05
"13860",346,2018,0.03,0.26,0,0.38,0.11,0.82,0.19
"13861",347,2018,0.14,1.66,0,1.97,0.46,3.81,0.92
"13862",348,2018,0.02,0.29,0,0.83,0.02,0.79,0.54
"13863",349,2018,0.02,0.08,0,0.07,0.3,0.04,0.14
"13864",350,2018,0,0.09,0,0.18,0,0.16,0.11
"13865",351,2018,0,0,0,0.18,0,0.12,0.13
"13866",352,2018,0.08,2.07,0,2.74,0.19,4.82,1
"13867",353,2018,0,0.23,0,0.57,0.01,0.68,0.24
"13868",354,2018,0,0.07,0,0.28,0.05,0.21,0.17
"13869",355,2018,0.85,2.21,0.62,3.01,1.72,2.99,1.94
"13870",356,2018,0.52,1.29,0.16,0.69,0.38,1.44,0.55
"13871",357,2018,0,0.01,0,0.14,0,0.09,0.09
"13872",358,2018,0,0,0,0.38,0,0.22,0.15
"13873",359,2018,0.12,0,0.16,0.29,0.06,0.16,0.15
"13874",360,2018,0.01,0.91,0,0.8,0.1,2.07,0.25
"13875",361,2018,0,0.17,0,0.43,0.01,0.84,0.19
"13876",362,2018,0,0.13,0,0.38,0,1.11,0.09
"13877",363,2018,0.02,0.31,0,0.36,0.05,0.34,0.17
"13878",364,2018,0,0.02,0,0.32,0,0.36,0.09
"13879",365,2018,0,0.01,0,0.75,0,0.73,0.35
"13880",1,2019,0.01,0.22,0,0.37,0.03,0.28,0.25
"13881",2,2019,0,0.36,0,0.5,0.05,0.79,0.19
"13882",3,2019,0,0.24,0,0.56,0,1.34,0.12
"13883",4,2019,0,0.3,0,0.68,0.01,0.65,0.44
"13884",5,2019,0.01,0.27,0,0.49,0.08,0.39,0.51
"13885",6,2019,0.06,0.24,0.11,0.54,0.13,0.46,0.51
"13886",7,2019,0,0.09,0,0.57,0,0.49,0.3
"13887",8,2019,0.02,0.04,0,0.36,0.01,0.15,0.32
"13888",9,2019,0.22,0.26,0.34,1.05,0.12,0.83,0.66
"13889",10,2019,0.66,2.34,0.54,1.94,0.89,1.82,1.07
"13890",11,2019,0.08,2.12,0,6.69,0.48,6.87,3.37
"13891",12,2019,0.16,0.56,0.08,1.9,0.15,1.44,1.13
"13892",13,2019,0.06,0.59,0.06,1.39,0.17,1.35,0.84
"13893",14,2019,0,0.03,0,0.69,0,0.31,0.54
"13894",15,2019,0,0,0,0.4,0,0.16,0.21
"13895",16,2019,0,0,0,0.74,0,0.45,0.47
"13896",17,2019,0.01,0.2,0,0.8,0.08,0.7,0.54
"13897",18,2019,0.03,1.16,0,1.64,0.09,2.26,0.81
"13898",19,2019,0.01,0.8,0,1.68,0.04,3.54,0.36
"13899",20,2019,0,0.11,0,0.5,0.01,0.56,0.14
"13900",21,2019,0.03,0.04,0.07,0.61,0.03,0.56,0.17
"13901",22,2019,0,0.02,0,0.4,0,0.47,0.11
"13902",23,2019,0.06,0.14,0.03,0.36,0.05,0.52,0.08
"13903",24,2019,0,0.07,0,0.51,0,1.08,0.13
"13904",25,2019,0.06,2.16,0,4.19,0.31,8.17,1.45
"13905",26,2019,0,0.63,0,1.83,0.01,4.57,0.41
"13906",27,2019,0,0.25,0,2.64,0,4.54,0.69
"13907",28,2019,0,0.01,0,1.67,0,1.35,1.14
"13908",29,2019,0.02,1.21,0,0.88,0.03,0.91,0.37
"13909",30,2019,0.01,0.61,0,2.2,0.1,4.28,0.84
"13910",31,2019,0,0.03,0,0.52,0,0.45,0.28
"13911",32,2019,0,0.17,0,0.36,0.01,0.83,0.14
"13912",33,2019,0,0.08,0,0.3,0.01,0.3,0.29
"13913",34,2019,0,0.1,0,0.23,0.01,0.33,0.12
"13914",35,2019,0,0.11,0,0.41,0.01,0.52,0.18
"13915",36,2019,0,0.27,0,0.93,0.03,1.02,0.44
"13916",37,2019,0.05,0.23,0.04,1.91,0.13,1.85,0.96
"13917",38,2019,0.01,0.87,0,1.42,0.09,4.19,0.45
"13918",39,2019,0,0.03,0,0.97,0,1.12,0.54
"13919",40,2019,0,0.1,0,1.44,0,0.92,0.94
"13920",41,2019,0,0,0,0.7,0,0.4,0.3
"13921",42,2019,0,0.03,0,0.4,0,0.4,0.17
"13922",43,2019,0,0.1,0,0.59,0,1.12,0.27
"13923",44,2019,0,0.1,0,0.49,0,0.95,0.25
"13924",45,2019,0.19,0.18,0.29,0.86,0.12,0.89,0.86
"13925",46,2019,0.17,0.89,0.14,0.81,0.52,0.64,0.57
"13926",47,2019,0.05,0.55,0.1,1.41,0.2,2.74,0.48
"13927",48,2019,0.84,0.41,1.42,1.06,1.3,0.95,0.44
"13928",49,2019,0,0.35,0.01,2.15,0,4.37,0.65
"13929",50,2019,0.03,0.09,0.05,1.8,0,2.21,0.63
"13930",51,2019,0,0.07,0,0.98,0,0.97,0.29
"13931",52,2019,0,0,0,0.96,0,0.41,0.78
"13932",53,2019,0.32,0.55,0.41,1.41,0.4,2.07,0.96
"13933",54,2019,0.17,0.52,0.08,2.34,0.09,2.5,1.43
"13934",55,2019,0,0,0,0.02,0,0,0.12
"13935",56,2019,0.03,0.28,0,0.03,0.05,0.03,0.04
"13936",57,2019,0.14,1.14,0.05,0.33,0.31,0.19,0.5
"13937",58,2019,0.01,0.09,0,3.55,0,2.71,2.26
"13938",59,2019,0.01,0.66,0,4.99,0,6.91,2.89
"13939",60,2019,0,0.61,0,2.72,0,7.52,0.65
"13940",61,2019,0,0.01,0,3.7,0,2.4,1.31
"13941",62,2019,0,0.11,0,2.83,0,2.31,0.84
"13942",63,2019,0,0.04,0,1.69,0.01,1.34,0.55
"13943",64,2019,0.04,1.71,0.01,3.07,0.14,2.64,1.1
"13944",65,2019,0,0.03,0,0.35,0,0.2,1.35
"13945",66,2019,0,0.1,0,0.85,0,0.77,2.82
"13946",67,2019,0,0.11,0,0.65,0.02,0.71,0.8
"13947",68,2019,0.01,0.12,0,0.77,0.03,0.86,1.13
"13948",69,2019,0.21,3.03,0,2.67,0.79,4.95,4.01
"13949",70,2019,0.45,0.46,1.01,2.66,0.73,3.17,2.51
"13950",71,2019,0.07,0.59,0.07,2.01,0.26,1.98,3.19
"13951",72,2019,0.02,0.47,0.11,2.56,0.08,2.35,4.38
"13952",73,2019,0.57,0.31,0.68,1.2,0.24,1.22,1.96
"13953",74,2019,1.57,2.02,4.14,3.38,3.06,5.61,3.72
"13954",75,2019,0.01,0.2,0,3,0.01,2.54,1.29
"13955",76,2019,0.06,0.44,0,1.44,0.03,1.2,0.76
"13956",77,2019,0,0.1,0,2.08,0.01,2.49,0.82
"13957",78,2019,0.09,1.46,0,5.32,0.04,10.9,1.34
"13958",79,2019,0.01,0.32,0,4.89,0.01,3.57,2.38
"13959",80,2019,0.01,0.44,0.01,0.87,0.01,1.56,0.26
"13960",81,2019,0.02,0.22,0.7,1.05,0.06,1.17,0.28
"13961",82,2019,0,1.12,0.03,2.2,0.18,5.03,0.73
"13962",83,2019,0,0.05,0,0.42,0.01,0.38,0.08
"13963",84,2019,0,0,0,0.34,0,0.3,0.11
"13964",85,2019,0,0,0,1.3,0,0.48,2.51
"13965",86,2019,0,0.01,0.01,1.38,0,0.46,2.19
"13966",87,2019,0,0,0.04,1.13,0,0.45,0.89
"13967",88,2019,8.33,2.05,8.54,14,7.94,7.94,12.42
"13968",89,2019,12.4,15.87,12.46,14.2,16.19,14.26,17.27
"13969",90,2019,11.06,14.88,12.31,16.7,17.13,24.57,15.49
"13970",91,2019,8.51,7.35,11.8,16.98,12.38,20.03,11.73
"13971",92,2019,0.75,8.52,0.61,21.07,7.66,18.38,22.48
"13972",93,2019,0,0.01,0,2.08,0,1.25,2.23
"13973",94,2019,0.04,0.13,0.05,1.09,0.17,0.49,1.77
"13974",95,2019,0,0.02,0,1.96,0.01,0.98,1.35
"13975",96,2019,0,0.71,0,1.88,0,8.91,0.29
"13976",97,2019,0,0,0,0.28,0,0.37,0.15
"13977",98,2019,0.06,0.67,0.03,2.08,0.07,2.38,0.56
"13978",99,2019,0.32,0.48,0.2,1.8,0.08,2.48,0.66
"13979",100,2019,0.48,4.34,0.38,5.45,0.49,11.04,2.17
"13980",101,2019,8.8,11.51,8.19,11.3,7.89,13.97,15.58
"13981",102,2019,7.17,5.2,7.36,6.33,5.7,6.51,6.1
"13982",103,2019,2.08,2.94,1.27,6.38,2.06,5.49,4.26
"13983",104,2019,5.17,10.39,6.59,11.02,13.72,10.72,7.19
"13984",105,2019,2.1,12.62,1.95,23.05,4.22,30.55,14.86
"13985",106,2019,1.94,4.58,3.05,9.02,3.05,6.98,6.71
"13986",107,2019,8.08,2.81,8.2,5.68,4.34,3.47,7.72
"13987",108,2019,20.69,17.32,34.68,20.73,35.97,11.23,27.34
"13988",109,2019,4.82,2.53,13.33,5.57,8.8,4.63,4.92
"13989",110,2019,5.28,3.88,7.1,8.84,5.7,6.2,7.17
"13990",111,2019,18.05,22.67,21.44,18.64,31.9,22.11,22.16
"13991",112,2019,5.53,14.73,6.63,27.03,9.44,30.94,24.01
"13992",113,2019,2.31,4.92,3.18,15.36,2.7,16.02,10.29
"13993",114,2019,11.63,22.21,12.99,31.16,9.16,37.87,27.65
"13994",115,2019,7.39,5.45,6.88,10.33,6.09,13.8,9.3
"13995",116,2019,4.91,14.56,5.59,17.61,12,16.76,19.02
"13996",117,2019,8.11,8.12,7.53,7.72,8.58,5.77,9.54
"13997",118,2019,3.23,6.67,2.8,14.21,4.85,12.32,12.01
"13998",119,2019,0.35,0.49,0.82,1.9,0.95,1.24,1.19
"13999",120,2019,0.07,0.02,0.2,0.57,0.08,0.22,0.35
"14000",121,2019,0,0,0,0.07,0,0.06,0.02
"14001",122,2019,0,0,0.01,0.09,0,0.07,0.06
"14002",123,2019,0.04,0.26,0.34,0.36,0.26,0.57,0.41
"14003",124,2019,0.03,1.16,0.9,3.33,0.61,6.05,2.27
"14004",125,2019,0.06,0.59,0.5,1.48,1.3,1.21,2.22
"14005",126,2019,5.15,9.66,5.03,11.21,9.02,10.06,10.51
"14006",127,2019,10.01,6.9,11.35,15.18,7.48,12.77,12.77
"14007",128,2019,27.2,29.8,27.74,44.37,29.75,50.26,36.18
"14008",129,2019,11.15,8.71,16.29,20.72,11.7,15.56,26.3
"14009",130,2019,5.6,6.64,7.84,21.84,3.82,22.4,17.05
"14010",131,2019,5.34,5.4,6.88,4.95,5.97,5.82,4.47
"14011",132,2019,11.13,7.79,14.34,5.03,7.81,9.05,3.75
"14012",133,2019,14.83,19.79,15.09,20.08,9.31,30.84,12.64
"14013",134,2019,8.94,6.21,11.09,7.25,8.44,11.87,6.64
"14014",135,2019,3.61,2.96,6.54,2.69,3.81,3.51,2.13
"14015",136,2019,1.13,1.32,1.92,5.11,3.93,4.8,6.79
"14016",137,2019,2.81,6.68,3.1,8.79,4.67,14.3,10.93
"14017",138,2019,2.88,1.32,3.14,1.49,2.13,1.22,2.29
"14018",139,2019,3.26,1.17,5.42,3.11,1.87,2.56,3.8
"14019",140,2019,1.16,0.37,2.16,2.13,0.79,1.44,4.43
"14020",141,2019,14.59,4.07,17.8,5.23,10.16,4.2,4.93
"14021",142,2019,6.49,4.49,5.31,9.88,5.21,11.08,5.4
"14022",143,2019,38.43,36.26,36.52,23.66,34.89,26.41,21.8
"14023",144,2019,17.81,24.09,11.07,23.01,17.73,21.12,14.66
"14024",145,2019,33.01,36.98,44.79,33.5,35.35,45.41,23.6
"14025",146,2019,7.66,9.13,8.91,10.53,6.91,11.49,7.61
"14026",147,2019,25.48,27.01,23.67,34.82,28,44.84,22.72
"14027",148,2019,9.26,14.04,9.04,23.41,20.8,25.83,19.39
"14028",149,2019,21.64,23,14.77,20.81,19.99,24,14.65
"14029",150,2019,12.77,18.67,17.66,21.82,17.28,23.56,14.68
"14030",151,2019,8.13,9.44,11.41,16.22,13.33,11.2,27.6
"14031",152,2019,18.78,28.99,17.18,28.89,17.49,25.13,43.23
"14032",153,2019,6.63,11.95,6.16,25.33,5.51,30.51,16.58
"14033",154,2019,17.12,17.66,17.45,19.2,22.8,23.04,26
"14034",155,2019,18.15,15.67,14.44,21.5,9.85,22.53,14.94
"14035",156,2019,9.3,7.88,9.41,19.45,9.69,23.85,11.52
"14036",157,2019,27.09,34.31,26.38,23.54,33.32,31.04,20.23
"14037",158,2019,9.16,12.13,11.5,19.19,6.08,26.73,10.18
"14038",159,2019,6.23,7.09,5.68,5.65,3.06,4.81,6.43
"14039",160,2019,13.45,17.51,20.72,17.97,20.7,17.25,14.56
"14040",161,2019,21.45,29.69,24.63,25.3,28.06,31.29,21.13
"14041",162,2019,10.27,18.22,14.75,13.66,13.86,27.37,9.14
"14042",163,2019,1.9,6.47,4.3,7.98,4.37,10.91,5.92
"14043",164,2019,1.21,0.68,2.9,1.17,1.42,0.98,1.36
"14044",165,2019,6.2,9.87,10.65,5.35,8.53,7.88,4.51
"14045",166,2019,0.41,0.8,0.83,0.98,1.57,1.27,0.91
"14046",167,2019,1.74,0.81,2.53,1.17,5.39,0.37,2.09
"14047",168,2019,9.05,3.54,9.87,6.25,10.42,4.22,6.64
"14048",169,2019,4.68,5.37,7,16.64,17.53,13.22,17.47
"14049",170,2019,28.52,35.89,21.56,38.47,25.55,48.26,23.97
"14050",171,2019,15.29,5.65,13.57,17.16,9.42,19.54,8.41
"14051",172,2019,19.8,33.05,20.96,30.3,23,45.02,18.58
"14052",173,2019,13.1,11.33,19.99,17.91,19.51,24.05,14.72
"14053",174,2019,4.16,9.34,4.79,10.28,9.99,10.45,10.89
"14054",175,2019,13.19,13.27,11.95,15.57,14.79,18.06,15.55
"14055",176,2019,12.2,13.74,13.73,7.68,14.33,9.81,6.44
"14056",177,2019,0.8,0.77,0.38,0.8,0.31,1.5,0.85
"14057",178,2019,0.43,0.17,0.18,0.22,0.16,0.21,0.24
"14058",179,2019,0.18,0.18,0.11,0.68,0.03,2.03,0.23
"14059",180,2019,11.69,9.81,5.73,5.29,4.58,13.76,3.65
"14060",181,2019,3.26,2.21,2.22,2.01,1.55,2.94,2.11
"14061",182,2019,12.6,19.24,11.91,17.48,13.43,19.97,12.31
"14062",183,2019,27.28,26.67,28.45,42.64,39.15,42.67,36.73
"14063",184,2019,1.97,0.81,2.58,2.25,3.02,1.13,2.75
"14064",185,2019,0.28,0.03,0.34,0.23,0.24,0.07,0.36
"14065",186,2019,16.85,4.29,18.46,9.57,7.99,9.07,6.44
"14066",187,2019,6.59,4.16,6.14,5.55,5.78,6.83,4.9
"14067",188,2019,1.33,2.88,2.61,4.56,2.61,6.99,6.62
"14068",189,2019,9.11,4.36,12.68,3.57,8.49,5,5.71
"14069",190,2019,2.81,4.72,6.48,9.05,7.18,9.74,13.64
"14070",191,2019,5.48,3.6,9.45,8.16,5.88,11.28,5.85
"14071",192,2019,3.11,1.34,3.56,2.99,1.02,4.33,1.96
"14072",193,2019,1.42,2.53,1.06,1.61,0.45,2.26,1.49
"14073",194,2019,11.05,15.09,9.01,12.31,4.07,17.91,6.37
"14074",195,2019,4.92,5.63,2.67,5.68,2.27,9.25,1.58
"14075",196,2019,0.87,0.4,1.27,0.88,0.2,1.07,0.63
"14076",197,2019,7.33,2.59,8.81,5.29,3.91,2.71,7.6
"14077",198,2019,15.63,7.73,18.8,9.22,13.16,7.28,9.62
"14078",199,2019,5.76,4.64,3.84,8.75,5.57,10.62,4.28
"14079",200,2019,14.29,13.61,20,21.06,18.52,20.96,13.46
"14080",201,2019,23.63,17.24,23.5,11.8,19.55,13.08,11.41
"14081",202,2019,10.12,13.61,9.96,6.37,10.11,8.53,4.55
"14082",203,2019,15.74,9.19,17.95,7.09,8.29,10.4,5.91
"14083",204,2019,11.97,9.2,9.37,3.11,14.01,2.62,4.7
"14084",205,2019,17.97,13.68,20.47,8.07,19.52,7.89,10.47
"14085",206,2019,5.1,1.25,8.52,0.34,3.95,0.19,0.78
"14086",207,2019,12.53,9.84,13.02,8.99,15.42,8.34,10.72
"14087",208,2019,13,12.72,15.22,10.43,26.58,10.26,20.18
"14088",209,2019,6.94,6.48,6.77,7.51,8.27,6.22,11.84
"14089",210,2019,0.3,1.26,0.33,4.87,0.16,8.59,2.63
"14090",211,2019,0.72,0.41,1.25,3.49,0.73,5.19,1.6
"14091",212,2019,5.16,4.35,6.52,8.41,6.5,9.29,9.27
"14092",213,2019,3.12,4.28,1.91,7.68,1.37,11.02,4.62
"14093",214,2019,0.49,0.34,0.68,2.81,0.05,1.73,3.34
"14094",215,2019,21.61,32.48,14.85,22.04,22.03,23.78,30.36
"14095",216,2019,11.77,17.4,11.88,23.16,7.97,28.14,13.95
"14096",217,2019,15.29,18.96,19.17,25.95,27.19,30.84,19.06
"14097",218,2019,1.21,5.71,0.69,14.45,0.93,19.17,6.05
"14098",219,2019,2.54,4.3,2.74,14.71,1.38,17.62,6.97
"14099",220,2019,6.22,7.46,5.98,11.69,4.24,12.22,11.84
"14100",221,2019,0.17,2.13,0.12,4.76,0.03,5.6,2.16
"14101",222,2019,5.33,5.11,5.41,7.2,7.2,4.46,11.11
"14102",223,2019,15.61,10.14,20.09,7.86,18.75,8.97,7
"14103",224,2019,0.91,4.68,0.59,11.18,3.12,14.36,7.34
"14104",225,2019,5.06,10.2,4.68,9.63,4.17,10.84,9.46
"14105",226,2019,8.77,15.27,7.37,17.41,10.47,23.27,15.45
"14106",227,2019,0.26,2.36,0.57,7.71,0.13,12.81,1.95
"14107",228,2019,8.17,16.64,6.92,11.49,11.56,15.42,13.84
"14108",229,2019,23.84,29.89,35.33,37.17,34.07,27.91,43.23
"14109",230,2019,10.65,8.82,5.58,10.25,8.58,12.8,10.16
"14110",231,2019,11.53,23.09,4.95,18.21,11.13,28.54,9.38
"14111",232,2019,4.7,4.79,3.85,9.47,2.29,18.85,3.18
"14112",233,2019,0.42,0.2,0.66,0.86,0.3,0.96,0.31
"14113",234,2019,0.48,0.32,0.4,2.24,0.34,1.81,3.1
"14114",235,2019,8.07,18.19,9.38,20.04,14.23,23.42,15.51
"14115",236,2019,2.11,7.94,1.66,19.87,3.5,27.54,7.12
"14116",237,2019,2.85,6.15,1.98,15.88,3.44,13.57,14.49
"14117",238,2019,6.75,1.52,9.2,3.05,6.1,4.52,3.47
"14118",239,2019,13.81,10.44,17.77,14.31,14.55,16.2,16.21
"14119",240,2019,25.99,24.45,28.52,18.34,14.07,29.88,12.44
"14120",241,2019,0.33,1.07,0.54,3.33,0.27,7.24,0.6
"14121",242,2019,0.26,0.07,0.31,0.56,0.03,0.69,0.21
"14122",243,2019,1.81,1.19,3.4,1.62,1.78,1.19,2.54
"14123",244,2019,5.79,0.9,8.67,3.38,1.49,2.48,3.35
"14124",245,2019,11.05,18.35,7.46,14.53,3.25,19.27,6.52
"14125",246,2019,2.24,2.33,3.19,8.56,1.87,6.19,6.41
"14126",247,2019,4.89,4.14,7.26,7.12,3.57,7.34,8.17
"14127",248,2019,25.29,19.46,26.84,15.34,30.67,22.89,13.8
"14128",249,2019,6.29,7.18,8.2,12.46,8.66,21.85,7.74
"14129",250,2019,0.99,1.55,0.67,3.51,0.95,7.28,0.92
"14130",251,2019,0.73,0.06,1.37,0.47,0.1,0.6,0.07
"14131",252,2019,0.88,0.24,1.1,1.29,0.54,1.66,0.65
"14132",253,2019,1.6,0.87,0.88,1.49,0.61,1.03,1.4
"14133",254,2019,1.32,4.42,1.07,4.85,2.85,4.33,4.76
"14134",255,2019,3.09,3.43,3.67,10.89,2.95,12.12,6.08
"14135",256,2019,7.21,1.89,10.16,3.29,3.1,4.17,2.03
"14136",257,2019,8.08,8.13,7.88,5.95,8.79,8.25,3.82
"14137",258,2019,1.59,0.42,2.6,2,0.77,1.69,1.76
"14138",259,2019,1.74,2.57,1.64,2.41,2.39,1.05,3.19
"14139",260,2019,7.74,7.98,4.28,3.3,5.58,3.2,7.74
"14140",261,2019,0.91,4.06,0.36,7.78,0.82,6.28,8.91
"14141",262,2019,9.66,6.57,12.92,14.23,11.15,12.09,16.38
"14142",263,2019,16.67,33.32,17.19,44.64,22.52,43.64,33.84
"14143",264,2019,3.14,1.66,3.84,5.24,1.66,4.09,2.66
"14144",265,2019,1.39,1.09,2.06,3.31,0.83,1.31,4.19
"14145",266,2019,4.34,14.54,3.58,24.1,3.59,23.89,13.56
"14146",267,2019,13.05,23.21,14.61,37.79,14.34,40.37,26.46
"14147",268,2019,9.47,16.16,10.38,21.04,15.69,19.49,22.56
"14148",269,2019,12.39,5.52,15.65,8.56,9.66,16.42,3.73
"14149",270,2019,0.39,0.12,0.61,0.87,0.6,0.98,0.76
"14150",271,2019,0.39,0.25,1.06,0.54,0.5,0.33,1.49
"14151",272,2019,5.39,8.33,4.99,6.44,7.77,9.32,9.45
"14152",273,2019,8.78,4.36,9.52,6.76,12.22,8.16,8.05
"14153",274,2019,9.28,8.84,8.84,10.9,10.18,15.25,9.91
"14154",275,2019,5.1,5.91,4.09,5.74,5.77,6.38,10.61
"14155",276,2019,19.52,11.73,23.7,5.92,30.92,6.89,10.73
"14156",277,2019,2.73,0.34,3.25,0.86,1.24,0.48,1.1
"14157",278,2019,5.49,6.8,4.65,3.08,5.67,2.07,4.21
"14158",279,2019,4.27,2,4.62,1.67,5.44,0.87,4.68
"14159",280,2019,3.88,1.75,2.99,2.38,2.86,1.03,7.05
"14160",281,2019,9.04,8.64,9.91,3.14,14.44,2.46,10.68
"14161",282,2019,19.17,27.3,13.86,20.35,14.74,24.93,15.49
"14162",283,2019,9.38,26.09,5.83,21.48,11.09,33.22,15.37
"14163",284,2019,13.74,17.23,13.29,26.99,14.02,32.45,21.99
"14164",285,2019,7.75,11.52,6.48,25.99,6.32,30.84,17.48
"14165",286,2019,0.56,0.78,0.81,4.13,0.58,4.57,1.85
"14166",287,2019,0.53,0.26,0.67,0.76,0.47,0.78,0.71
"14167",288,2019,5.78,9.34,7.1,4.24,3.05,4.99,3.73
"14168",289,2019,5.89,1.68,7.36,3.04,3.38,2.03,4.42
"14169",290,2019,3.15,5.37,2.66,6.2,4.19,8.94,4.92
"14170",291,2019,7.69,8.79,8.97,8.88,9.33,9.56,8.75
"14171",292,2019,6.52,3.85,9.29,4.26,3.56,5.3,3.47
"14172",293,2019,3.52,1.72,4.25,3.04,2.96,2.94,1.67
"14173",294,2019,1.09,1.37,1.42,3.05,1.19,1.74,6.29
"14174",295,2019,1.21,5.89,0.34,6.97,1.37,7.73,7.11
"14175",296,2019,0.36,0.3,0.62,3.31,0.27,1.59,5.14
"14176",297,2019,2.91,1.89,3.91,5.44,1.38,7.33,4.63
"14177",298,2019,4.17,11.59,3.09,25.53,4.24,37.24,14.43
"14178",299,2019,2.22,0.9,4.63,2.12,2.72,2.11,1.94
"14179",300,2019,1.97,2.76,2.3,3.92,2.55,3.89,3.32
"14180",301,2019,3.78,3.29,4.87,4.69,4.9,5.51,4.17
"14181",302,2019,0.57,0.22,0.82,0.85,0.41,0.57,1.41
"14182",303,2019,3.7,1.67,4.82,0.79,4.49,0.45,3.57
"14183",304,2019,3.78,6.78,4.38,2.58,3.74,3.34,5.38
"14184",305,2019,3.07,3.54,3.47,1.69,4.23,2.51,2.79
"14185",306,2019,2.79,3.66,3.61,1.73,2.51,3.03,3.51
"14186",307,2019,2.23,3.68,2.53,1.81,2.7,2.48,2.28
"14187",308,2019,0.59,0.98,0.67,2.27,0.61,2.68,2.03
"14188",309,2019,0.89,1.39,1.22,2.66,0.53,3.38,1.79
"14189",310,2019,4.67,1.1,6.38,1.82,2.19,1.02,2.69
"14190",311,2019,8.94,7.16,10.16,10.19,8.1,12.6,8.89
"14191",312,2019,4.54,1.73,5.55,5.61,3.02,6.94,5.08
"14192",313,2019,7.34,3.76,12.04,8.66,5.57,7.23,10.25
"14193",314,2019,19.08,18.39,20.46,13.04,28.81,13.9,26.57
"14194",315,2019,1.04,0.79,3.05,3.49,1.2,2.15,3.5
"14195",316,2019,3.28,2.82,7.55,3.26,6.76,2.66,4.7
"14196",317,2019,1.84,2.2,4.54,3.94,3.56,2.68,7.09
"14197",318,2019,0.79,0.76,1.27,1.45,0.94,2.16,2.73
"14198",319,2019,0.75,6.27,0.63,9.27,1.68,10.93,9.03
"14199",320,2019,0.9,1.02,0.54,1.5,1.8,1.6,1.96
"14200",321,2019,0.61,1.44,0.25,4.34,1.33,5.98,3.96
"14201",322,2019,1.74,3.12,0.8,6.62,2.24,7.59,6.01
"14202",323,2019,0.35,1.06,0.24,1.59,0.77,3.72,1.03
"14203",324,2019,1.16,2.2,0.96,1.43,2.27,4.18,1.71
"14204",325,2019,9.45,9.62,17.27,7.12,11.87,8.27,6.02
"14205",326,2019,8.33,9.48,15.89,7.53,5.92,6.24,6.05
"14206",327,2019,3.38,2.64,4.8,3.02,3.37,2.37,3.49
"14207",328,2019,1.35,0.78,2.27,1.37,0.75,0.86,1.14
"14208",329,2019,5.5,2.55,11.15,1.92,4.4,1.4,2.61
"14209",330,2019,2.61,4.6,3.41,3.93,2.51,10.74,1.88
"14210",331,2019,5.68,4.3,7.99,2.96,5.11,6.76,1.3
"14211",332,2019,0.49,0.63,0.72,0.64,0.56,0.59,0.33
"14212",333,2019,0.24,0.14,0.48,0.17,0.48,0.19,0.31
"14213",334,2019,0.44,1.1,0.7,1.24,0.68,3.11,1.06
"14214",335,2019,0.33,0.54,0.78,0.76,0.27,0.76,1.12
"14215",336,2019,0.78,0.98,1.02,2.47,0.33,2.89,1.1
"14216",337,2019,0.07,0.35,0.14,1.48,0.12,1.22,0.98
"14217",338,2019,0.17,0.03,0.25,0.41,0.06,0.15,0.47
"14218",339,2019,0.25,0.21,0.19,0.22,0.28,0.12,0.42
"14219",340,2019,0.01,0.03,0,0.33,0.02,0.11,0.62
"14220",341,2019,0.1,0.32,0.02,0.71,0.27,0.37,1.67
"14221",342,2019,0.1,1.01,0.01,3.15,0.32,3.3,2.63
"14222",343,2019,0,0.2,0,1.95,0.01,1.45,1.81
"14223",344,2019,0.02,0.01,0.01,0.39,0.03,0.07,1
"14224",345,2019,0.01,0.01,0.1,0.12,0.03,0.05,0.19
"14225",346,2019,0.06,0.38,0.13,2.08,0.21,3.21,1.57
"14226",347,2019,0.47,5.26,0.17,8.2,1.04,18.92,3.76
"14227",348,2019,0.05,0.43,0.08,1.63,0.14,2.38,1.56
"14228",349,2019,3.52,2.62,3.26,2.98,4.59,3.27,3.41
"14229",350,2019,3.12,5.75,6.16,4.98,3.67,5.61,2.14
"14230",351,2019,0.52,7.18,0.92,11.2,0.7,14.84,3.52
"14231",352,2019,0.06,2.63,0.13,8.4,0.13,11.87,1.82
"14232",353,2019,0.17,0.62,0.59,4.49,0.17,4.24,1.39
"14233",354,2019,2.31,11.84,6,11.55,3.51,19.49,3.5
"14234",355,2019,1.19,5.92,2.42,13.85,3.57,18.61,5.35
"14235",356,2019,0.06,0.17,0.16,0.65,0.14,0.47,0.3
"14236",357,2019,0.05,0.12,0.21,0.28,0.13,0.11,0.14
"14237",358,2019,0.19,0.15,0.45,0.4,0.46,0.49,0.1
"14238",359,2019,0.04,0.22,0.21,1.56,0.31,1.49,0.48
"14239",360,2019,3.13,4.51,2.14,6.13,3.43,8.24,3.4
"14240",361,2019,1.89,5.34,0.75,10.54,2.78,18.98,3.3
"14241",362,2019,0.5,0.36,0.5,2.43,0.33,1.41,1.88
"14242",363,2019,1.39,6.39,0.9,9.27,2.44,10.24,8.29
"14243",364,2019,0.02,0.07,0.01,2.39,0.01,1.61,2.74
"14244",365,2019,0,0,0,0.19,0,0.09,1.04
"14245",1,2020,0.01,0.63,0,1.4,0.04,1.18,0.56
"14246",2,2020,0.01,0.12,0,0.28,0.03,0.35,0.3
"14247",3,2020,0.01,0.12,0,0.15,0.03,0.3,0.15
"14248",4,2020,0.01,0.12,0,0.14,0.03,0.3,0.12
"14249",5,2020,0.01,0.12,0,0.15,0.03,0.3,0.14
"14250",6,2020,0,0,0,0.02,0,0,0.17
"14251",7,2020,0,0.03,0,0.1,0,0.71,0.14
"14252",8,2020,0,0,0,0.25,0,0.12,0.13
"14253",9,2020,0,0,0.01,0.12,0.01,0.06,0.13
"14254",10,2020,0.08,1.27,0.04,2.12,0.25,2.93,0.65
"14255",11,2020,0.1,0.82,0.07,0.67,0.16,1.29,0.21
"14256",12,2020,0,0.04,0,0.35,0.01,0.37,0.15
"14257",13,2020,0.15,0.54,0.02,0.93,0.23,1.33,0.4
"14258",14,2020,0,0.03,0.01,0.69,0,0.55,0.42
"14259",15,2020,0.03,0.47,0.06,0.91,0.13,1.13,0.5
"14260",16,2020,0.02,0.74,0.01,2.44,0.05,4.98,0.37
"14261",17,2020,0.02,1.01,0.01,7.46,0.02,13.41,1.31
"14262",18,2020,0.03,1.76,0.01,4.26,0.1,9.51,0.8
"14263",19,2020,0.02,2.01,0,5.19,0.13,10.77,1.06
"14264",20,2020,0,0.24,0,1.26,0.01,2.22,0.35
"14265",21,2020,0.3,0.39,0.47,0.93,0.12,1.06,0.82
"14266",22,2020,0.24,0.04,0.36,1.42,0.35,1.52,0.66
"14267",23,2020,0.79,0.44,2.35,1.16,0.61,0.88,0.75
"14268",24,2020,0.29,0.23,0.29,0.86,0.2,0.47,0.65
"14269",25,2020,0.2,0.06,0.27,0.45,0.06,0.91,0.3
"14270",26,2020,0,0.04,0,0.46,0.02,0.58,0.69
"14271",27,2020,0,0.07,0,0.62,0.01,0.31,0.82
"14272",28,2020,0,0.17,0,1.52,0,1.41,0.76
"14273",29,2020,0,0.01,0,0.41,0,0.22,0.19
"14274",30,2020,0,0.15,0,0.91,0,1.01,0.38
"14275",31,2020,0.02,0.69,0,1.32,0.1,0.87,0.77
"14276",32,2020,0.01,0.56,0.38,1.61,0.05,2.3,0.91
"14277",33,2020,0,0.02,0,0.39,0,0.29,0.32
"14278",34,2020,0,0,0.07,0.03,0,0.01,0.15
"14279",35,2020,0,0,0,0,0,0,0.01
"14280",36,2020,0,0,0,0,0,0,0
"14281",37,2020,0,0,0,0.01,0,0,0.03
"14282",38,2020,0,0,0,0.08,0,0.04,0.07
"14283",39,2020,0,0,0,0.88,0,0.57,0.5
"14284",40,2020,0,0,0,0.45,0,0.22,0.55
"14285",41,2020,0.05,0.92,0.02,2.07,0.2,3.19,1.09
"14286",42,2020,0,0.01,0,0.15,0,0.18,0.04
"14287",43,2020,0,0,0,0.3,0,0.25,0.09
"14288",44,2020,0.1,0.46,0.14,2.17,0.21,3.91,0.7
"14289",45,2020,0.21,0.87,0.25,3.06,0.26,4.43,1.43
"14290",46,2020,0.02,0.83,0,2.08,0.12,5.21,0.64
"14291",47,2020,0,0,0,0.54,0,0.41,0.33
"14292",48,2020,0,0,0,0.13,0,0.06,0.06
"14293",49,2020,0.03,0.04,0.03,0.09,0.02,0.11,0.04
"14294",50,2020,0.12,0.57,0.16,1.54,0.14,3.42,0.78
"14295",51,2020,0.01,0.19,0,0.95,0.02,1.13,0.87
"14296",52,2020,0,0.09,0,0.61,0.01,0.27,0.73
"14297",53,2020,0.13,0.75,0.01,3.06,0.18,2.88,2.14
"14298",54,2020,0,0.15,0,2.36,0.09,1.49,2.09
"14299",55,2020,0.13,0.07,0.22,1.03,0.05,0.4,1.45
"14300",56,2020,0.2,0,0.2,0.35,0.16,0.09,1.01
"14301",57,2020,0.33,2.49,0.31,2.57,0.51,4,1.08
"14302",58,2020,0,0.55,0,1.34,0,3.65,0.66
"14303",59,2020,0,0.01,0,1.79,0,1.63,1.29
"14304",60,2020,0,0,0,0.99,0,0.71,0.45
"14305",61,2020,0.01,0.44,0,0.98,0.02,2.24,0.27
"14306",62,2020,0.01,0.13,0,2.05,0.02,1.18,1.53
"14307",63,2020,0.01,0.47,0,0.85,0.08,0.53,0.52
"14308",64,2020,0.01,0.13,0,0.08,0.02,0.05,0.12
"14309",65,2020,0.01,0.13,0,0.04,0.02,0.03,0.04
"14310",66,2020,0,0,0,0.08,0,0.01,0.06
"14311",67,2020,0,0,0,0.44,0,0.1,0.37
"14312",68,2020,0,0.01,0,1.18,0,0.45,1.09
"14313",69,2020,0.01,0.43,0,2.81,0.09,3.98,1.11
"14314",70,2020,0.02,0.95,0,3.1,0.01,2.92,1.38
"14315",71,2020,0,0.01,0,1.06,0,0.61,0.96
"14316",72,2020,0.01,1.61,0.03,6.02,0.01,6.56,3.37
"14317",73,2020,0.01,0.33,0.05,3.84,0.08,2.49,4.38
"14318",74,2020,0.08,1.24,0.6,3.51,0.26,2.57,4.05
"14319",75,2020,0.01,2.15,0.09,2.81,0.05,4.4,2.45
"14320",76,2020,0,0.02,0,0.37,0.01,0.37,0.28
"14321",77,2020,0,0.02,0,0.19,0.01,0.24,0.35
"14322",78,2020,0,0.09,0,0.31,0.01,0.57,0.16
"14323",79,2020,0.01,0.41,0,0.5,0.25,0.66,0.51
"14324",80,2020,0,0.03,0,1.69,0.01,1.22,1.09
"14325",81,2020,0,0.02,0,0.61,0,0.55,0.49
"14326",82,2020,0,0,0,0.04,0,0.02,0.09
"14327",83,2020,0,0.09,0,0.24,0,0.17,0.18
"14328",84,2020,0,0.38,0,1.93,0,3.46,1.11
"14329",85,2020,0,0.12,0,0.8,0,0.7,0.78
"14330",86,2020,0,0.21,0,0.61,0,0.97,0.7
"14331",87,2020,0,0.09,0,0.19,0,1.17,0.36
"14332",88,2020,0,0,0,0.1,0,0.06,0.14
"14333",89,2020,0,0,0,0.15,0,0.08,0.09
"14334",90,2020,0,0.03,0.02,0.94,0,0.75,0.51
"14335",91,2020,0,1.29,0.13,4.63,0,8.13,2.38
"14336",92,2020,1.12,1.86,0.7,6.83,2.07,6.54,5.57
"14337",93,2020,1.77,2.72,1.57,8.42,2.01,4.57,9.22
"14338",94,2020,1.03,0.8,0.8,2.3,0.08,2.69,1.32
"14339",95,2020,0.48,4.98,0.42,7.85,0.17,9.43,3.85
"14340",96,2020,7.68,9.7,8.2,8.24,8,9.26,6.5
"14341",97,2020,9.68,13.82,8.98,8.45,8.27,12.4,8.11
"14342",98,2020,6.3,15.99,5.02,18.31,10.01,30.88,14.46
"14343",99,2020,6.11,10.42,7.46,10.2,16.38,14.88,12.6
"14344",100,2020,3.79,4.71,2.92,6.2,2.81,6.43,6.27
"14345",101,2020,7.42,25.11,4.56,28.93,7.69,26.97,21.68
"14346",102,2020,4.21,5.37,2.61,5.46,8.72,4.59,8.28
"14347",103,2020,0.01,0.01,0.07,0.18,0.01,0.07,0.36
"14348",104,2020,0,0,0,0.01,0,0,0.13
"14349",105,2020,0,0,0,0.02,0,0,0.03
"14350",106,2020,0,0,0,0.05,0,0.02,0.24
"14351",107,2020,0,0,0,0.1,0,0.04,0.33
"14352",108,2020,0,0,0.03,0.48,0.01,0.28,0.36
"14353",109,2020,5.53,0.01,5.59,0.96,0.36,0.74,0.91
"14354",110,2020,3.35,0.42,4.06,3.32,1.65,3.03,4.62
"14355",111,2020,4.8,1.38,7.52,1.76,4.97,2.56,4.8
"14356",112,2020,1.87,3.37,2.77,6.8,3.17,9.35,5.03
"14357",113,2020,8.38,2.74,13.43,6.34,7.8,7.38,6.84
"14358",114,2020,5.89,7.22,4.74,4.14,8.7,6.23,4.53
"14359",115,2020,0.32,0.47,0.24,0.17,0.74,0.53,0.6
"14360",116,2020,0,0,0,0.17,0,0.06,0.42
"14361",117,2020,0.04,0,0.08,0.54,0.02,0.26,0.64
"14362",118,2020,0.09,0,0.11,0.3,0,0.12,0.14
"14363",119,2020,0.63,0.12,0.99,0.52,0.49,0.23,1.46
"14364",120,2020,12.29,0.86,15.94,4.35,8.62,3.43,4.16
"14365",121,2020,8.23,3.92,15.51,8.97,15.55,7.47,8.06
"14366",122,2020,2.63,2.54,3.85,7.68,5.01,7.26,7.91
"14367",123,2020,7.22,6.64,5.79,7.13,6.2,5.94,5.28
"14368",124,2020,5.37,14.15,5.38,19.5,10.63,28.4,13.65
"14369",125,2020,3.37,12.39,3.8,6.49,4.63,11.13,3.46
"14370",126,2020,10.44,4.29,11.92,4.22,18.42,3.84,5.35
"14371",127,2020,6.7,4.06,11.92,3.18,12.15,3.63,4.32
"14372",128,2020,8.36,7.25,10.75,12.1,15.86,8.51,15.37
"14373",129,2020,21.08,13.66,19.71,7.45,15.18,6.61,14.42
"14374",130,2020,6.31,23.23,3.14,22.32,9.54,28.39,10.38
"14375",131,2020,0.34,0.06,0.81,1.05,0.44,0.7,0.93
"14376",132,2020,0.77,0.05,0.66,0.44,0.3,0.17,0.67
"14377",133,2020,0.74,1.1,0.35,1.28,0.43,1.63,1.9
"14378",134,2020,18.73,10.65,27.15,8.36,17.63,7.41,9.71
"14379",135,2020,4.34,4.84,5.6,11.14,8.8,16.37,10.12
"14380",136,2020,12.27,17.6,8.28,20.07,11.57,27.54,8.85
"14381",137,2020,3.05,4.95,4.25,4.84,3.51,11.78,3.38
"14382",138,2020,2.51,0.86,2.5,1.8,2.12,2.85,2.45
"14383",139,2020,16,16.44,18.52,12.76,17.5,21.37,13.46
"14384",140,2020,0.15,0.2,0.42,1.18,0.26,1.93,0.57
"14385",141,2020,0.07,0.01,0.13,0.24,0.03,0.14,0.13
"14386",142,2020,2.4,0.56,3.03,1.1,0.89,0.86,1.61
"14387",143,2020,12.74,4.13,15.52,6.36,5.52,11.34,4.6
"14388",144,2020,2.33,1.26,4.14,2.93,2.02,4.83,2.57
"14389",145,2020,0.82,0.82,1.25,2.63,1.32,4.77,3.67
"14390",146,2020,8.45,1.19,10.66,4.5,2.89,8.11,3.83
"14391",147,2020,13.23,22.33,7.15,17.04,7.11,21.41,8.22
"14392",148,2020,4.3,5.99,5.44,21.13,2.12,35.82,5.8
"14393",149,2020,14.41,39.88,7.46,45.7,17.72,61.39,30.37
"14394",150,2020,1.13,1.83,0.37,7.67,1.33,6.75,7.61
"14395",151,2020,7.58,10.71,10.1,12.3,12.68,15.36,8.75
"14396",152,2020,19.24,22.42,14.52,18.74,19.72,18.34,19.35
"14397",153,2020,2.73,5.9,4.16,8.11,7.27,7.14,8.99
"14398",154,2020,2.64,7.71,2.44,7.16,2.63,8.83,5.15
"14399",155,2020,0.21,2.47,0.37,4.05,0.56,4.37,3.11
"14400",156,2020,0.36,1.46,1.11,4.91,1.58,3.78,4.59
"14401",157,2020,4.81,2.21,7.39,5.14,3.31,6.54,2.83
"14402",158,2020,9.49,9.99,11.33,8.25,11.85,9.13,7.6
"14403",159,2020,11.33,20.21,8.92,15.25,8.2,11.49,13.14
"14404",160,2020,8.65,12.88,6.57,16.37,7.66,22.68,10.38
"14405",161,2020,8.48,17.69,5.41,19.74,7.29,26.44,14.96
"14406",162,2020,7.09,11.95,2.38,19.3,5.17,22.95,15.12
"14407",163,2020,11.83,20.75,15.5,30.19,14.54,30.18,28.93
"14408",164,2020,2.67,1.87,3.39,5.1,2.14,3.01,7.82
"14409",165,2020,4.92,4.78,3.43,4,4.04,2.49,3.74
"14410",166,2020,4.57,13.06,3.77,19.48,4.34,26.33,8.82
"14411",167,2020,11.1,18.33,10.1,30.5,9.52,39.91,14.3
"14412",168,2020,6.42,5.47,5.32,14.18,4.75,13.08,10.65
"14413",169,2020,12.74,30.08,11.45,33.2,27.41,32.51,44.48
"14414",170,2020,15.57,15.68,17.3,16.27,14.55,16.54,22.2
"14415",171,2020,11.79,15.73,12.34,32.43,14.41,38.11,22.18
"14416",172,2020,19.91,26.24,17.73,31.91,22.16,37.07,18.67
"14417",173,2020,19.91,18.59,21.9,8.84,21.5,10.85,9.8
"14418",174,2020,8.14,13.25,8.81,14.27,10.11,17.22,15.55
"14419",175,2020,7.01,9.25,9.22,15.39,7.23,20.15,10.78
"14420",176,2020,0.16,0.03,0.34,0.13,0.22,0.04,0.32
"14421",177,2020,10.57,10.36,7.01,1.65,14.46,1.07,3.59
"14422",178,2020,19.07,18.8,14.63,18.04,9.92,22.23,8.91
"14423",179,2020,15.37,5.42,20.13,4.24,13.1,3.26,4.84
"14424",180,2020,34.03,27.89,38.66,16.82,37.74,17.93,20.39
"14425",181,2020,8.5,18.1,3.65,16.82,15.32,15.15,19.56
"14426",182,2020,0.92,0.09,1.22,0.87,0.15,0.44,0.95
"14427",183,2020,18.89,14.48,14.85,9.25,21.35,7.74,12.51
"14428",184,2020,16.51,40.34,15.57,38.51,37.8,50.23,32.39
"14429",185,2020,13.16,6.86,15.97,11.62,11.03,9.88,10.43
"14430",186,2020,15.38,32.57,17.44,50.4,27.14,58.45,36.11
"14431",187,2020,2.2,0.17,5.06,0.4,1.37,0.13,1.03
"14432",188,2020,11.88,13.74,10.12,4.16,16.66,3.88,5.2
"14433",189,2020,2.01,3.53,1.73,6.74,2.33,8.68,3.57
"14434",190,2020,1.51,3.85,1.65,11.7,1.98,15.73,4.49
"14435",191,2020,26.36,29.02,27.48,24.46,21.17,33.19,16.04
"14436",192,2020,10.39,1.99,14.28,6.76,5.24,8.23,3.06
"14437",193,2020,19.63,12.78,23.86,16.6,11.82,26.51,7.55
"14438",194,2020,13.73,17.31,13.21,15.03,13.03,18.55,14.49
"14439",195,2020,10.58,12.27,6.3,13.41,6.76,14.57,12.44
"14440",196,2020,2.5,2.9,1.7,3.15,1.42,3.52,1.84
"14441",197,2020,20.76,14.12,12.06,9.65,18.16,11.45,13.15
"14442",198,2020,4.99,5.26,5.77,6.41,2.76,10.62,2.88
"14443",199,2020,14.56,7.44,16.93,9.36,12.13,16,4.95
"14444",200,2020,9.79,7.19,10.27,9.94,6.83,14.34,7.54
"14445",201,2020,2.34,5.21,2.8,6.55,3.67,7.97,5.08
"14446",202,2020,15.49,12.31,14.97,11.03,11.86,14.8,7.2
"14447",203,2020,14.62,11.73,16.02,18.03,23.13,22.38,12.75
"14448",204,2020,21.12,11.26,21.94,7.4,23.3,6.59,8.96
"14449",205,2020,23.86,14.42,32.09,9.86,27.13,10.68,10.12
"14450",206,2020,26.35,22.91,21.45,21.07,25.72,23.02,18.28
"14451",207,2020,6.52,16.12,6.24,19.81,9.43,24.59,11
"14452",208,2020,19.38,12.64,17.01,10.02,20.74,13.78,9.72
"14453",209,2020,2.12,6,2.04,10.02,3.44,15.76,7.14
"14454",210,2020,1.32,1.44,1.14,2.01,1.62,2.42,3.17
"14455",211,2020,5.94,3.46,6.95,3.08,7.57,3.44,7.47
"14456",212,2020,15.77,9.68,21.91,10.92,17.14,18.41,12.78
"14457",213,2020,1.58,0.68,2.07,4.58,0.52,7.12,2.66
"14458",214,2020,0.99,0.3,0.73,1.53,0.22,1.31,0.67
"14459",215,2020,0.12,0.37,0.15,2.63,0.01,4.71,0.65
"14460",216,2020,7.25,3.19,3.69,4.27,0.96,8.82,0.73
"14461",217,2020,1.67,4.28,1.32,13.6,0.26,28.73,1.89
"14462",218,2020,5.08,7.5,4.25,12.17,2.87,21.57,3.52
"14463",219,2020,7.36,7.25,5.36,16.19,7.23,20.98,8.67
"14464",220,2020,16.04,33.19,12.76,27.51,17.07,32.37,18.29
"14465",221,2020,2.86,2.87,3.61,8.58,3.62,10.43,11.28
"14466",222,2020,2.67,2.1,2.4,6.76,2.21,9.55,2.55
"14467",223,2020,2.34,8.98,1.72,13.71,4.08,14.53,10.12
"14468",224,2020,0.31,6.23,0.3,16.26,0.94,17.68,11.6
"14469",225,2020,10.25,26.54,8.23,23.83,20.76,28.15,25.31
"14470",226,2020,26.84,40.37,32.09,35.97,53.14,50.77,34.2
"14471",227,2020,7.53,4.13,10.48,6.57,9.92,7.97,4.81
"14472",228,2020,2.97,11.2,4.05,12.83,5.53,17.52,8.18
"14473",229,2020,8.71,4.33,12.61,7.86,9.1,6.36,9.59
"14474",230,2020,17.48,17.5,21.64,14.9,25.08,13.09,24.49
"14475",231,2020,15.99,10.07,15.03,8.08,13.11,8.28,9.13
"14476",232,2020,16.27,36.88,14.16,20.61,20.2,33.97,11.73
"14477",233,2020,5.05,5.86,8.13,32.35,3.01,38.22,11.31
"14478",234,2020,4.82,9.2,4.85,11.08,8.45,11.9,9.72
"14479",235,2020,30.53,36.02,33.08,17.58,45.02,16.77,22.96
"14480",236,2020,9.43,21.11,7.7,31.41,15.8,42.5,20.26
"14481",237,2020,1.02,3.67,0.69,7.24,1.52,8.57,5.94
"14482",238,2020,1.49,4.08,0.82,7.13,2.41,9.12,6.71
"14483",239,2020,15.9,4.72,22.02,4.95,13.41,5.51,5.7
"14484",240,2020,0.61,0.13,1.17,0.91,0.62,0.39,1.42
"14485",241,2020,0.61,0.15,1.48,0.58,0.51,0.32,0.74
"14486",242,2020,1.68,0.08,3.86,0.02,0.96,0,0.32
"14487",243,2020,1.29,0.21,2.22,0.09,0.87,0.03,0.65
"14488",244,2020,2.8,2.19,2.92,3.84,2.71,4.11,3.2
"14489",245,2020,2.85,2.8,4.09,6.62,3.64,6.49,3.8
"14490",246,2020,5.84,8.96,5.92,25.04,9.51,23.5,21.33
"14491",247,2020,1.75,8.8,1.96,29.02,2.53,29.52,15.54
"14492",248,2020,0.79,7.27,0.84,28.95,2.62,33.72,11.53
"14493",249,2020,1.38,1.19,2.5,3.61,1.63,3.4,1.92
"14494",250,2020,3.35,4.43,2.82,5.9,3.1,5.68,6.26
"14495",251,2020,10.61,14.08,9.62,14.63,10.03,11.38,13.81
"14496",252,2020,4.02,11.04,3.43,16.75,6.26,21.96,12.7
"14497",253,2020,6.07,5.29,6.19,4.92,6.21,4.46,3.91
"14498",254,2020,1.02,4.7,1.14,11.7,1.82,13.88,7.53
"14499",255,2020,4.96,3.82,5.08,7.42,4.4,7.3,5.73
"14500",256,2020,1.96,3.46,1.5,7.13,3.65,6.65,8.49
"14501",257,2020,10.74,7.05,12.63,8.98,9.42,9.57,7.8
"14502",258,2020,1.4,0.22,2.89,1.21,0.66,0.82,1.04
"14503",259,2020,3.39,0.12,4.35,0.92,0.42,0.28,2.52
"14504",260,2020,4.5,4.77,3.94,5.66,3.38,3.19,11.03
"14505",261,2020,0.42,0.66,0.69,2.04,0.38,1.06,2.46
"14506",262,2020,0.64,1.27,0.53,1.47,0.52,1.13,3.77
"14507",263,2020,4.79,9.64,4.01,9.28,7.15,6.61,20.51
"14508",264,2020,8.78,34.12,6.49,45.33,12.33,47.09,22.52
"14509",265,2020,0.37,1.68,0.2,5.82,0.45,6.44,3.47
"14510",266,2020,0.46,0.82,0.5,2.23,0.72,2.46,1.03
"14511",267,2020,18.26,29.68,24.19,32.99,27.48,31.03,22.08
"14512",268,2020,13.38,9.71,12.99,26.69,14.05,32.71,13.42
"14513",269,2020,12.82,5.81,7.3,4.64,5.41,5.86,1.48
"14514",270,2020,6.05,1.61,9.24,0.61,4.46,0.54,1.79
"14515",271,2020,2.04,0.41,3.73,0.7,1.51,0.79,2.48
"14516",272,2020,8.72,4.42,10.63,0.67,7.94,1.56,1.64
"14517",273,2020,22.06,33.33,18.14,12.27,34.51,27.63,17.93
"14518",274,2020,1.98,2.54,3.7,4.59,1.45,12.49,3.32
"14519",275,2020,1.85,0.59,2.58,0.74,1.19,0.44,1.35
"14520",276,2020,2.24,3.56,2.55,6.39,3.08,8.16,5.52
"14521",277,2020,2.26,7.4,3.41,10.36,3.08,18.18,7.87
"14522",278,2020,1.53,3.01,3.21,5.31,4.9,6.85,4.27
"14523",279,2020,2.04,1.47,4.01,3.54,1.14,5.37,2.81
"14524",280,2020,2.49,1.88,4.03,6.35,1.64,9.27,3.95
"14525",281,2020,14.56,6.57,16.62,13.74,15.15,14.8,10.46
"14526",282,2020,29.18,24.6,31.14,23.64,24.6,23.9,18.42
"14527",283,2020,1.29,0.94,2.02,7.03,0.55,5.04,6.59
"14528",284,2020,9.41,5.44,7.48,8.43,5.53,8.12,6.7
"14529",285,2020,6.61,7.51,7.44,5.85,5.99,10.2,3.28
"14530",286,2020,12.04,11.28,12.83,9.57,5.4,14.55,4.57
"14531",287,2020,3.9,5.64,5.22,12.93,4.19,14.89,7.13
"14532",288,2020,0.84,1.32,0.88,6.98,0.88,10.3,3.23
"14533",289,2020,0.29,0.21,0.41,0.95,0.25,0.58,0.97
"14534",290,2020,1.84,2.16,2.51,2.63,2.44,3.25,2.59
"14535",291,2020,8.94,8.26,8.3,5.03,7.39,9.15,3.79
"14536",292,2020,5.62,16.79,3.56,9.45,4.17,14.64,4.84
"14537",293,2020,1.19,4.17,0.71,8.01,2.96,12.46,9.4
"14538",294,2020,3.11,16.86,4.83,28.68,12.07,29.82,25.23
"14539",295,2020,4.16,4.35,6.7,9.53,6.99,12.16,7
"14540",296,2020,6.59,7.37,7.75,5.32,3.75,4.37,4.54
"14541",297,2020,6.49,8.13,5.89,12.56,12.9,11.82,11.01
"14542",298,2020,1.39,1.73,1.07,7.43,3.28,9.15,6.18
"14543",299,2020,1.27,0.71,1.03,2.34,1.02,1.65,3.17
"14544",300,2020,0.11,0.21,0.19,1.05,0.12,0.75,2.14
"14545",301,2020,0.21,0.21,0.26,1.02,0.37,0.98,1.49
"14546",302,2020,0.21,0.35,0.31,0.99,0.25,5.53,1.52
"14547",303,2020,0.27,1.03,0.37,9.77,1.14,9.36,5.61
"14548",304,2020,0.49,4.31,0.28,11.54,1.93,11.39,9.83
"14549",305,2020,3.47,9.45,4.53,24.35,4.08,40.89,18.69
"14550",306,2020,15.27,17.97,13.44,15.31,16.9,21.69,11.67
"14551",307,2020,3.32,10.22,3.01,14.36,4.66,17.65,8.94
"14552",308,2020,3.66,5.71,4.19,4.4,3.29,5.01,2.92
"14553",309,2020,1.8,1.75,2.36,7.71,2.64,6.83,6.96
"14554",310,2020,4.54,4.57,4.75,8.46,3.72,10.67,5.83
"14555",311,2020,1.51,2.52,2.01,5.73,1.55,4.65,7.54
"14556",312,2020,3.09,0.34,5.11,3.76,2.11,1.85,5.38
"14557",313,2020,7.21,9.57,6.07,6.2,5.11,9.78,7.27
"14558",314,2020,8.74,7.97,6.07,6.76,8.47,10.88,14.01
"14559",315,2020,17.98,15.64,18.28,10.08,13.61,13.16,11.95
"14560",316,2020,16.05,31.38,14.12,25.51,17.28,29.86,21.99
"14561",317,2020,3.57,2.01,6.13,6.24,2.28,4.93,3.28
"14562",318,2020,13.76,30.09,18.52,57.27,24.68,78.66,34.94
"14563",319,2020,1.02,1.1,1.32,14.2,0.47,12.62,8.61
"14564",320,2020,6.56,5.96,9.48,12.21,4.83,10.99,6.24
"14565",321,2020,8.63,3.75,10.61,8.62,10.3,3.6,15.56
"14566",322,2020,17.58,11.4,18.59,10.15,18.34,8.11,19.86
"14567",323,2020,3.15,1.99,4.1,9.47,3.45,6.57,11.62
"14568",324,2020,0.41,2.32,0.36,9.73,1.22,4.84,11.41
"14569",325,2020,0.33,0.51,0.34,1.5,0.55,0.66,2.36
"14570",326,2020,0.56,0.54,0.49,0.72,0.93,2.26,0.55
"14571",327,2020,3.62,0.79,5.36,0.47,3.17,1.55,0.52
"14572",328,2020,1.76,4.03,1.52,3.67,7.18,9.42,3.33
"14573",329,2020,0.88,1.24,0.83,2.14,1.37,3.89,2.22
"14574",330,2020,1.79,1.04,2.2,0.96,2.03,2.72,0.92
"14575",331,2020,5.09,7.34,4.24,1.77,2.9,1.85,2.5
"14576",332,2020,17.86,19.25,21,12.08,16.23,8.53,18.02
"14577",333,2020,13.15,22.21,6.89,14.81,10.99,15.08,17.21
"14578",334,2020,5.42,7.26,6.18,14.88,4.63,12.99,8.8
"14579",335,2020,2.64,1.24,3.1,3.63,4.22,1.78,4.03
"14580",336,2020,7.47,22.12,6.45,8.77,14.33,12.55,9.44
"14581",337,2020,5.01,22.6,3.85,10.18,10.73,11.21,8.33
"14582",338,2020,1.31,3.71,0.9,0.62,2.98,0.41,1.96
"14583",339,2020,0.17,3.73,0.1,2.18,0.7,4.56,1.88
"14584",340,2020,2.04,2.36,3.28,0.83,2.1,0.8,1.16
"14585",341,2020,0.13,0.93,0.1,1.06,0.15,1.49,0.41
"14586",342,2020,0.2,1.18,0.1,1.17,0.67,1.65,0.66
"14587",343,2020,0.2,1.84,0.48,1.57,0.65,1.97,0.98
"14588",344,2020,0.16,1.51,0.23,1.1,0.8,1.31,0.88
"14589",345,2020,0.1,1.18,0.06,0.41,0.25,0.66,0.27
"14590",346,2020,0.04,1.04,0,0.65,0.11,1.76,0.33
"14591",347,2020,0.01,0.28,0,0.16,0.03,0.29,0.28
"14592",348,2020,0,0,0,0.01,0,0,0.02
"14593",349,2020,0.01,0.2,0,0.68,0,1.07,0.24
"14594",350,2020,0.01,0.37,0,1.93,0.03,2,1.01
"14595",351,2020,0.03,1.56,0,1.81,0.13,3.15,0.73
"14596",352,2020,0,0.08,0,1.24,0.01,1.76,0.49
"14597",353,2020,0.01,0.77,0,2.18,0.03,3.38,0.89
"14598",354,2020,0.01,0.8,0,1.25,0.03,2.29,0.5
"14599",355,2020,0,0.29,0,1.39,0.02,1.73,0.41
"14600",356,2020,0,0.18,0,2.78,0,3.61,1
"14601",357,2020,0.05,1.95,0,2.73,0.56,3.34,1.57
"14602",358,2020,0.03,1.08,0.01,0.95,0.24,1.49,0.5
"14603",359,2020,0.03,0.3,0.02,0.42,0.15,0.83,0.29
"14604",360,2020,0.02,0.22,0,0.3,0.05,0.21,0.32
"14605",361,2020,0.01,1.01,0,7.1,0.08,12.29,3.98
"14606",362,2020,0,1.11,0,11.45,0.05,13.94,5.57
"14607",363,2020,0,0.3,0,5.74,0,5.05,3.52
"14608",364,2020,0,0,0,0.34,0,0.04,0.69
"14609",365,2020,0.01,0.08,0.09,1.57,0.07,0.96,1.58
"14610",366,2020,0.02,0.88,0,9.35,0.13,6.93,5.09
"14611",1,2021,0.03,1.61,0.09,1.83,0.16,2.75,0.69
"14612",2,2021,0.05,2.67,0.03,5.23,0.33,6.49,2.44
"14613",3,2021,0.01,0.81,0.01,1.38,0.11,1.88,0.95
"14614",4,2021,0,0.09,0,1.61,0.02,3.76,0.26
"14615",5,2021,0,0.01,0,0.09,0,0.07,0.04
"14616",6,2021,0,0,0,0.45,0,0.06,1.04
"14617",7,2021,2.38,4.18,3.17,1.88,6.22,2.37,2.76
"14618",8,2021,10.13,27.16,11.4,21.95,18.83,31.9,19.24
"14619",9,2021,3.64,3,4.38,6.64,2.76,6.38,5.2
"14620",10,2021,8.85,23.3,10.84,27.03,17.79,36.97,16.42
"14621",11,2021,0.62,3.33,1.18,4.92,1.19,6.76,2.51
"14622",12,2021,0.05,0.16,0.1,0.08,0.05,0.09,0.1
"14623",13,2021,0,0,0.04,0.03,0,0,0.06
"14624",14,2021,0,0,0,0.02,0,0,0.06
"14625",15,2021,0,0,0,0,0,0,0.01
"14626",16,2021,0,0.1,0,0.02,0,0.14,0.03
"14627",17,2021,0,0,0,0.05,0,0.13,0.12
"14628",18,2021,0,0,0,0.04,0,0.12,0.09
"14629",19,2021,0.01,0.32,0,0.14,0.08,0.17,0.15
"14630",20,2021,0.03,0.79,0,1.94,0.1,2.2,0.77
"14631",21,2021,0.15,0.11,0.19,0.21,0.27,0.19,0.42
"14632",22,2021,0,0,0,0.16,0,0.04,0.26
"14633",23,2021,0.04,0,0.12,0.38,0.05,0.19,0.32
"14634",24,2021,1.05,2.36,0.9,2.04,1.75,4.29,1.17
"14635",25,2021,0.11,0.29,0.14,1.15,0.12,1.7,0.71
"14636",26,2021,0,0.16,0,0.82,0.03,1.78,0.51
"14637",27,2021,0,0.13,0,0.46,0.01,0.67,0.2
"14638",28,2021,0,0.12,0,0.41,0,0.43,0.26
"14639",29,2021,0,0.09,0,0.01,0,0.02,0.02
"14640",30,2021,0,0.09,0,0.06,0,0.03,0.09
"14641",31,2021,0.02,0.85,0,1.48,0.1,2.68,0.52
"14642",32,2021,0.01,0.19,0,4.73,0.02,3.98,1.5
"14643",33,2021,0,0,0,0.08,0,0.01,0.16
"14644",34,2021,0,0,0,0.08,0,0.01,0.13
"14645",35,2021,0.01,0,0.03,0.12,0,0.03,0.15
"14646",36,2021,0.2,2.62,0.05,5.05,0.16,10.25,1.53
"14647",37,2021,0.01,0.04,0.01,0.42,0.01,0.09,0.77
"14648",38,2021,0,0.4,0,5.31,0.04,6.66,1.73
"14649",39,2021,0,0.01,0,0.68,0,0.24,0.91
"14650",40,2021,0.07,0.63,0.04,1.01,0.11,0.65,0.89
"14651",41,2021,0.01,1.07,0.01,5.47,0.17,7.23,2.26
"14652",42,2021,0,0.03,0,1.04,0,1.14,0.56
"14653",43,2021,0,0.01,0,0.29,0,0.08,0.43
"14654",44,2021,0.08,0.07,0.09,0.87,0.02,0.52,0.78
"14655",45,2021,0.18,2.03,0.3,9.02,0.53,12.96,4.07
"14656",46,2021,0.18,0.53,0.12,0.47,0.28,0.92,0.56
"14657",47,2021,0.17,1.71,0.22,2.67,0.28,4.41,1.33
"14658",48,2021,0,0.3,0,6.8,0.08,7.54,2.23
"14659",49,2021,0,0,0,0.31,0,0.13,0.33
"14660",50,2021,0.06,0,0.04,0.09,0,0.01,0.18
"14661",51,2021,0,0,0,0.26,0,0.06,0.29
"14662",52,2021,0,0.02,0,0.31,0,0.17,0.28
"14663",53,2021,0,0.02,0,0.9,0,0.55,0.66
"14664",54,2021,0.09,0.04,0.08,0.49,0.03,0.14,0.61
"14665",55,2021,0.91,3.65,0.84,4.3,1.89,5.36,1.87
"14666",56,2021,0.11,1.34,0.14,5.79,0.17,10.75,1.86
"14667",57,2021,0.24,2.87,0.09,3.39,0.34,5.54,1.88
"14668",58,2021,0.04,2.42,0,8.32,0.46,14.56,3.58
"14669",59,2021,0.02,0.14,0.01,0.58,0.03,0.56,0.49
"14670",60,2021,0.01,0.71,0,3.38,0,4.67,1.27
"14671",61,2021,0.01,0.19,0,0.05,0,0.03,0.11
"14672",62,2021,0.01,0.19,0,0.04,0,0.03,0.02
"14673",63,2021,0.01,0.21,0,0.06,0.13,0.03,0.1
"14674",64,2021,0.05,0.24,0.49,0.57,0.06,0.08,1.19
"14675",65,2021,21.87,8.33,21.8,1.78,7.37,2.38,1.43
"14676",66,2021,15.37,12.53,18.43,12.24,23.04,15.66,9.03
"14677",67,2021,0.1,0.01,0.12,0.08,0.04,0.02,0.23
"14678",68,2021,0.69,0.3,0.54,0.1,0.62,0.12,0.27
"14679",69,2021,0.04,0.02,0.08,0.49,0.04,0.17,1.35
"14680",70,2021,0,0.02,0,0.86,0,0.51,0.63
"14681",71,2021,0.15,0.04,0.23,0.22,0.13,0.13,0.33
"14682",72,2021,0.41,0.31,0.81,1.35,0.54,0.98,1.29
"14683",73,2021,0.23,0.92,0.41,1.86,0.38,2.69,1.21
"14684",74,2021,2.8,8.1,4,9.97,5.77,15.82,6.87
"14685",75,2021,0.95,4.57,1.79,5.14,7.69,5.01,4.7
"14686",76,2021,0.55,5.31,1.02,9.55,4.08,7.91,7.97
"14687",77,2021,0.32,3.11,0.26,3.06,3.23,1.97,4.47
"14688",78,2021,0,0.11,0.01,0.43,0.03,0.19,0.91
"14689",79,2021,0,0.01,0,0.46,0,0.26,0.46
"14690",80,2021,0,0.01,0,0.41,0,0.11,0.82
"14691",81,2021,0,0.01,0,0.98,0,0.45,0.53
"14692",82,2021,0.28,0.02,0.73,0.77,0.76,0.12,1.45
"14693",83,2021,17.74,9.45,17.49,8.61,16.91,10.58,11.87
"14694",84,2021,10.1,6.23,11.17,15.31,15.61,15.96,13.43
"14695",85,2021,1.23,5.52,0.95,14.34,1.59,16.91,7.63
"14696",86,2021,0.17,3.26,0.26,12.89,0.25,13.87,8.72
"14697",87,2021,0.98,0.54,2.67,8.03,0.57,6.26,3.94
"14698",88,2021,2.86,3.28,2.73,5.64,0.77,5.24,3.34
"14699",89,2021,15.08,11.23,18.89,13.85,6.91,20.54,7.69
"14700",90,2021,1.33,2.52,2.64,8.34,1.58,8.57,6.92
"14701",91,2021,4.34,6.98,5.7,16.79,8.53,16,15.81
"14702",92,2021,0.25,0.64,0.4,6.15,0.17,4.23,5.32
"14703",93,2021,1.79,3.8,1.5,4.34,1.1,6.06,2.88
"14704",94,2021,0.04,0.26,0.05,2.33,0.01,1.21,2.58
"14705",95,2021,6.5,4.86,9.24,5.33,6.3,4.9,5.95
"14706",96,2021,8.01,8.87,7.29,11.01,5,12.79,12.46
"14707",97,2021,6.01,11.73,7.1,18.12,8.7,18.45,11.26
"14708",98,2021,1.44,4.61,1.37,7.58,1.41,8.1,7.53
"14709",99,2021,3.36,3.55,3.66,5.2,4.07,4.39,7.2
"14710",100,2021,3.76,3.89,4.47,5.28,6.41,2.93,7.89
"14711",101,2021,0.68,0.29,1.16,1.98,0.46,1.43,4.65
"14712",102,2021,3.98,2.49,5.97,6.39,2.26,8.9,8.01
"14713",103,2021,0.37,1.88,0.56,6.36,0.25,7.77,3.55
"14714",104,2021,8.35,11.17,8.49,16.27,9.95,17.89,11.93
"14715",105,2021,1.33,5.09,1.63,19.23,3.46,16.79,17.55
"14716",106,2021,3.31,5.78,3.09,6.65,5.34,6.58,7.27
"14717",107,2021,8,5.16,8.34,4.55,8.53,5.58,6.33
"14718",108,2021,0.76,1.19,0.27,1.9,0.5,1.4,2.32
"14719",109,2021,0.23,0.12,0.29,0.18,0.19,0.46,0.53
"14720",110,2021,0.13,0.01,0.15,0.25,0.04,0.04,1.08
"14721",111,2021,0,0,0,0,0,0,0
"14722",112,2021,0,0,0,0.01,0,0,0
"14723",113,2021,0,0,0,0.03,0,0.04,0.01
"14724",114,2021,0,0,0,0.1,0,0.19,0.01
"14725",115,2021,0,0,0,0.04,0,0.05,0.01
"14726",116,2021,0.29,0.49,0.4,0.48,0.36,0.39,2.11
"14727",117,2021,5.96,3.53,11.23,5.42,8.02,4.14,9.21
"14728",118,2021,1.93,3.23,1.57,7.34,1.36,7.91,6.22
"14729",119,2021,15.91,22.14,17.97,22.55,22.73,23.47,26.82
"14730",120,2021,9.44,6.83,9.72,12.11,9.8,14.45,13.58
"14731",121,2021,1.45,4.93,0.9,9.12,2.21,7.51,11.33
"14732",122,2021,6.43,5.45,6.29,5.01,4.42,3.78,8.58
"14733",123,2021,15.14,26.09,15.73,49.14,12.7,61.49,34.53
"14734",124,2021,4.71,5.52,6.82,5.83,5.4,5.23,9
"14735",125,2021,5.13,7.03,5.64,9.81,3.89,10.9,6.55
"14736",126,2021,13.2,11.69,14.59,5.63,21.9,6.29,8.21
"14737",127,2021,9.57,4.38,12.6,2.18,6.98,3.02,4.69
"14738",128,2021,5.28,5.64,6.61,4.62,8.07,3.52,9.46
"14739",129,2021,17.66,5.91,26.26,2.45,9.85,2.75,3.68
"14740",130,2021,5.73,4.72,9.39,5.53,11.85,5.14,6.36
"14741",131,2021,3.19,1.27,3.97,0.91,1.19,1.42,0.73
"14742",132,2021,4.64,0.82,5.38,0.87,1.7,1.25,1.48
"14743",133,2021,0.43,0.02,0.73,0.08,0.12,0.05,0.3
"14744",134,2021,0.14,0.06,0.12,0.07,0.08,0.05,0.16
"14745",135,2021,0.14,0.01,0.17,0.06,0.03,0.02,0.31
"14746",136,2021,7.64,3.13,10.05,1.82,8.12,1.55,2.23
"14747",137,2021,21.68,24.22,16.64,21.43,31.62,21.72,36.69
"14748",138,2021,3.98,8.42,2,6.55,4.75,8.93,4.85
"14749",139,2021,10.33,9.66,9.22,8.38,15.19,10.22,9.45
"14750",140,2021,5.6,3.06,5.75,2.48,7.89,2.43,3.29
"14751",141,2021,3.85,1.19,7.56,2.99,3.77,2.68,2.74
"14752",142,2021,5.98,5.91,6.96,8.14,13.22,6.91,8.36
"14753",143,2021,0.65,0.35,1.05,0.67,0.49,0.62,0.8
"14754",144,2021,10.97,27.26,11.37,17.81,20.78,26.43,12.66
"14755",145,2021,11.14,16.48,15.87,16.55,18.9,21.41,19.73
"14756",146,2021,0.58,0.46,0.62,0.79,1.28,1.19,0.99
"14757",147,2021,13.34,8.76,8.95,5.63,10.96,6.64,4.82
"14758",148,2021,5.93,6.42,6.07,5.78,4.86,9.25,2.99
"14759",149,2021,11.89,6.59,15.16,11.28,12.12,18.45,6.26
"14760",150,2021,12.83,6.94,13.41,3.16,11.73,3.18,3.53
"14761",151,2021,8.73,5.58,8.31,4.82,6.54,7.58,3.76
"14762",152,2021,15.29,10.56,17.84,5.69,12.61,7.2,7.4
"14763",153,2021,7.6,3.59,9.58,5.99,4.32,4.4,7.89
"14764",154,2021,13.97,16.8,13.32,8.56,16.12,11.6,11.27
"14765",155,2021,10.35,3.47,14.26,1.27,9.41,1.52,4.43
"14766",156,2021,3.12,1.19,4.75,1.51,2.12,1.05,2.14
"14767",157,2021,33.73,50.2,46.13,56.23,51.61,69.86,39.27
"14768",158,2021,4.61,3.59,7.52,5.37,4.57,4.94,5.35
"14769",159,2021,4.23,6.2,6.15,2.27,7.87,1.65,4.55
"14770",160,2021,4.76,5.63,4.36,6.4,4.04,7.45,8.52
"14771",161,2021,7.93,3.73,8.44,0.8,16.69,0.22,3.44
"14772",162,2021,25.52,15.34,23.56,6.25,11.69,8.08,3.91
"14773",163,2021,13.13,7.21,14.89,8.55,8.93,10.22,4.93
"14774",164,2021,13.86,14.85,17.1,20.93,10.01,22.13,9.02
"14775",165,2021,3.93,2.99,4.04,1.96,2.6,2.88,1.42
"14776",166,2021,14.87,15.54,11.88,3.4,17.78,3.41,5.77
"14777",167,2021,25.78,7.51,24.03,1.9,16.75,1.35,4.51
"14778",168,2021,18.42,10.23,17.15,20.91,9.65,16.87,17.59
"14779",169,2021,16.22,19.31,12.57,33.15,24.71,29.51,28.96
"14780",170,2021,8.22,8.45,7.53,4.59,12.9,4.02,6.93
"14781",171,2021,56.28,87.76,54.47,55.86,62.04,62.65,45.71
"14782",172,2021,8.48,5.81,11.52,9.31,6.63,12.06,6.13
"14783",173,2021,15.62,12.09,13.95,6.08,10.71,6.07,6.03
"14784",174,2021,1.88,0.62,2.68,2.23,0.92,1.65,1.99
"14785",175,2021,17.14,11.15,16.18,15.89,14.82,14.04,9.81
"14786",176,2021,5.39,11.02,3.99,13.64,6.51,11.28,8.14
"14787",177,2021,18.57,37.09,20.31,33.11,22.45,39.37,20.49
"14788",178,2021,7.1,7.58,10,9.86,12.02,6.84,14.05
"14789",179,2021,5.68,6.31,9.01,6.45,8.73,4.9,11.2
"14790",180,2021,10.56,4.64,11.85,10.61,8.41,10.23,7.26
"14791",181,2021,23.09,28.15,24.98,29.31,37.22,38.89,22.38
"14792",182,2021,2.99,1.48,4.6,2.08,2.43,2.4,1.23
"14793",183,2021,0.04,0.27,0.06,0.85,0.04,1.13,0.56
"14794",184,2021,0.09,0.54,0.16,1.42,0.08,1.84,0.96
"14795",185,2021,0.86,1.77,1.2,2.28,2.15,2.31,2.46
"14796",186,2021,0.13,0.67,0.23,2.27,0.63,2.09,1.93
"14797",187,2021,11.19,15.15,11.88,11.12,23.71,12.15,15.57
"14798",188,2021,6.16,3.91,4.83,1.81,3.1,2.75,2.8
"14799",189,2021,11.6,8.68,10.74,3.96,17.21,4.34,8.19
"14800",190,2021,27.82,13.38,35.25,11.27,26.77,10.49,15.73
"14801",191,2021,9.29,21.57,7.34,21.4,21.49,20.28,21.83
"14802",192,2021,16.21,14.39,17.04,15.11,11.14,17.05,12.48
"14803",193,2021,5.22,3.23,6.98,4.46,6.09,3.57,5.03
"14804",194,2021,37.35,26.16,28.3,16.99,29.13,16.94,14.29
"14805",195,2021,4.73,1.11,6.21,0.94,2.66,0.44,2.32
"14806",196,2021,13.14,5.04,14.78,3.27,9.08,3.78,4
"14807",197,2021,11.24,9.8,11.55,8.03,14.22,7.95,9.64
"14808",198,2021,5.09,5.57,3.39,2.96,12.1,3.18,4.8
"14809",199,2021,1.71,0.42,3.79,0.74,1.64,0.55,0.81
"14810",200,2021,15.45,8.04,26.42,6.4,17.49,7.78,6.86
"14811",201,2021,2.68,5.42,2.52,4.46,1.68,5.8,2.34
"14812",202,2021,34.22,20.44,34.88,29.75,20.79,30.71,17.63
"14813",203,2021,37.94,60.02,28.91,50.01,47.56,62.68,40.45
"14814",204,2021,3.43,4.55,3.29,12.63,2.74,12.73,8.77
"14815",205,2021,1.86,9.8,3.02,23.24,5.24,22.51,17.02
"14816",206,2021,5.06,13.44,3.83,34.34,7.59,33.44,18.51
"14817",207,2021,4.24,2.86,4.19,6.34,2.06,4.71,5.93
"14818",208,2021,7.68,2.83,7.63,5.17,1.26,3.94,6.95
"14819",209,2021,20.58,13.28,21.23,7.87,18.12,8.09,12.78
"14820",210,2021,7.84,10.36,7.96,28.02,8.81,33.18,19.21
"14821",211,2021,23,13.63,27.43,16.04,16.09,19.87,11.21
"14822",212,2021,4.87,5.35,5.15,10.41,3.99,9.83,8.09
"14823",213,2021,0.33,0.47,0.42,3.34,0.52,4.16,2.38
"14824",214,2021,0.33,0.47,0.42,3.34,0.52,4.16,2.38
"14825",215,2021,0.33,0.47,0.42,3.34,0.52,4.16,2.38
"14826",216,2021,0.33,0.47,0.42,3.34,0.52,4.16,2.38
"14827",217,2021,0.33,0.47,0.42,3.34,0.52,4.16,2.38
"14828",218,2021,6.2,5.66,8.25,9.69,8.64,10.38,8.53
"14829",219,2021,6.2,5.66,8.25,9.69,8.64,10.38,8.53
"14830",220,2021,6.2,5.66,8.25,9.69,8.64,10.38,8.53
"14831",221,2021,6.2,5.66,8.25,9.69,8.64,10.38,8.53
"14832",222,2021,6.2,5.66,8.25,9.69,8.64,10.38,8.53
"14833",223,2021,10.22,9.49,10.09,15.43,8.91,16.62,11.7
"14834",224,2021,10.22,9.49,10.09,15.43,8.91,16.62,11.7
"14835",225,2021,10.22,9.49,10.09,15.43,8.91,16.62,11.7
"14836",226,2021,10.22,9.49,10.09,15.43,8.91,16.62,11.7
"14837",227,2021,10.22,9.49,10.09,15.43,8.91,16.62,11.7
"14838",228,2021,49.23,58.21,51.93,86,46.76,109.23,56.18
"14839",229,2021,0.25,1.14,0.38,0.02,1.98,0,0.41
"14840",230,2021,0.25,1.14,0.38,0.02,1.98,0,0.41
"14841",231,2021,0.25,1.14,0.38,0.02,1.98,0,0.41
"14842",232,2021,0.25,1.14,0.38,0.02,1.98,0,0.41
"14843",233,2021,9.83,10.77,11.27,17.86,11.8,17.23,13.85
"14844",234,2021,9.83,10.77,11.27,17.86,11.8,17.23,13.85
"14845",235,2021,9.83,10.77,11.27,17.86,11.8,17.23,13.85
"14846",236,2021,9.83,10.77,11.27,17.86,11.8,17.23,13.85
"14847",237,2021,9.83,10.77,11.27,17.86,11.8,17.23,13.85
"14848",238,2021,7.24,5.21,7.34,8.9,5.06,9.1,6.72
"14849",239,2021,7.24,5.21,7.34,8.9,5.06,9.1,6.72
"14850",240,2021,7.24,5.21,7.34,8.9,5.06,9.1,6.72
"14851",241,2021,7.24,5.21,7.34,8.9,5.06,9.1,6.72
"14852",242,2021,7.24,5.21,7.34,8.9,5.06,9.1,6.72
"14853",243,2021,7.24,5.21,7.34,8.9,5.06,9.1,6.72
"14854",244,2021,4.97,4.79,5.56,15.43,6.83,12,12.32
"14855",245,2021,4.97,4.79,5.56,15.43,6.83,12,12.32
"14856",246,2021,4.97,4.79,5.56,15.43,6.83,12,12.32
"14857",247,2021,4.97,4.79,5.56,15.43,6.83,12,12.32
"14858",248,2021,4.97,4.79,5.56,15.43,6.83,12,12.32
"14859",249,2021,7.89,11,9.83,13.88,10.76,17.26,10.47
"14860",250,2021,7.89,11,9.83,13.88,10.76,17.26,10.47
"14861",251,2021,7.89,11,9.83,13.88,10.76,17.26,10.47
"14862",252,2021,7.89,11,9.83,13.88,10.76,17.26,10.47
"14863",253,2021,7.89,11,9.83,13.88,10.76,17.26,10.47
"14864",254,2021,10.34,6.3,11.77,6.09,7.91,4.87,6.17
"14865",255,2021,10.34,6.3,11.77,6.09,7.91,4.87,6.17
"14866",256,2021,10.34,6.3,11.77,6.09,7.91,4.87,6.17
"14867",257,2021,10.34,6.3,11.77,6.09,7.91,4.87,6.17
"14868",258,2021,10.34,6.3,11.77,6.09,7.91,4.87,6.17
"14869",259,2021,4.03,2.6,4.85,2.72,3.56,1.94,2.79
"14870",260,2021,4.03,2.6,4.85,2.72,3.56,1.94,2.79
"14871",261,2021,4.03,2.6,4.85,2.72,3.56,1.94,2.79
"14872",262,2021,4.03,2.6,4.85,2.72,3.56,1.94,2.79
"14873",263,2021,4.03,2.6,4.85,2.72,3.56,1.94,2.79
"14874",264,2021,7.66,11.55,6.56,22.9,8.97,21.5,15.95
"14875",265,2021,7.66,11.55,6.56,22.9,8.97,21.5,15.95
"14876",266,2021,7.66,11.55,6.56,22.9,8.97,21.5,15.95
"14877",267,2021,7.66,11.55,6.56,22.9,8.97,21.5,15.95
"14878",268,2021,7.66,11.55,6.56,22.9,8.97,21.5,15.95
"14879",269,2021,7.86,6.73,8.22,15.56,7.6,13.94,10.89
"14880",270,2021,7.86,6.73,8.22,15.56,7.6,13.94,10.89
"14881",271,2021,7.86,6.73,8.22,15.56,7.6,13.94,10.89
"14882",272,2021,7.86,6.73,8.22,15.56,7.6,13.94,10.89
"14883",273,2021,7.86,6.73,8.22,15.56,7.6,13.94,10.89
"14884",274,2021,3.61,1.04,4.75,1.62,2.94,1.63,2.62
"14885",275,2021,0.3,0.53,0.34,0.89,0.46,0.96,2.18
"14886",276,2021,0.23,0.75,0.27,0.49,0.56,0.96,1.37
"14887",277,2021,3.61,10.21,3.23,8.65,7.48,20.3,7.91
"14888",278,2021,11.81,16.73,14.41,13.49,18.24,27.27,11.3
"14889",279,2021,5.88,25.55,7.46,36.14,13.3,40.21,28.19
"14890",280,2021,6.26,2.4,9.23,1.94,7.23,1.07,5.09
"14891",281,2021,7.75,13.61,9.33,11.91,9.58,11.81,10.58
"14892",282,2021,2.78,2.38,3.57,4.07,3.58,3.26,11.74
"14893",283,2021,0.94,4.76,1.18,8.11,2.2,7.16,13.62
"14894",284,2021,14.87,25.4,16.69,26.05,14.42,45.81,13.8
"14895",285,2021,2.85,4.79,2.78,7.14,5.56,6.78,4.48
"14896",286,2021,0.71,1.26,1.02,6.29,1.34,5.75,4.67
"14897",287,2021,0.26,0.56,0.27,3.1,0.34,2.37,2.7
"14898",288,2021,0.98,1.18,1.2,1.25,1.43,1.36,2.24
"14899",289,2021,13.37,13.36,16.56,17.45,10.69,26.32,9.9
"14900",290,2021,8.67,17.86,7,12.49,11.41,16.2,9.82
"14901",291,2021,0.52,1.12,0.58,1.93,0.89,0.88,2.04
"14902",292,2021,0.82,0.33,0.88,1.28,1.06,0.94,2.57
"14903",293,2021,0.76,0.88,1.22,1.39,1.88,2.01,2.43
"14904",294,2021,0.39,1.28,1.76,1.85,0.52,2.9,1.32
"14905",295,2021,0.21,1.11,0.87,1.13,0.49,2.02,0.8
"14906",296,2021,0.99,8.03,4.69,5.64,1.28,9.24,2.43
"14907",297,2021,0.88,2.72,6.57,3.72,0.39,6.01,1.21
"14908",298,2021,0.7,0.66,2.08,0.55,2.92,0.49,0.86
"14909",299,2021,10.42,1.74,12.35,0.92,6.11,1.29,2.94
"14910",300,2021,13.6,8.36,11.24,9.06,11.41,6.88,14.78
"14911",301,2021,12.87,35.32,10.96,66.96,14.38,93.7,37.88
"14912",302,2021,11.69,17.22,7.69,24.96,10.15,30.49,16.46
"14913",303,2021,2.55,4.42,2.22,7.54,3.23,9.42,10.61
"14914",304,2021,6.35,16.57,3.65,10.33,7.39,14.03,14.33
"14915",305,2021,0.08,1.54,0.11,2.45,0.04,5.09,1.81
"14916",306,2021,0.02,0.22,0.02,0.9,0.02,0.83,1.17
"14917",307,2021,0,0.01,0.01,0.25,0,0.21,0.64
"14918",308,2021,0.04,0.29,0.02,0.28,0.08,0.38,0.81
"14919",309,2021,0.01,0.08,0,0.22,0.01,0.38,0.11
"14920",310,2021,0.05,0,0.09,0.18,0.02,0.23,0.19
"14921",311,2021,0.05,0,0.06,0.05,0.01,0.03,0.11
"14922",312,2021,0.19,0,0.42,0.05,0.03,0.03,0.2
"14923",313,2021,0.23,0,0.3,0.05,0.15,0.14,0.07
"14924",314,2021,0.02,0,0.02,0.01,0.1,0.04,0.04
"14925",315,2021,0,0.02,0,0.1,0,0.27,0.14
"14926",316,2021,0,0.01,0,0.02,0,0.01,0.06
"14927",317,2021,0,0,0,0.04,0,0.02,0.2
"14928",318,2021,0,0.01,0,0.11,0,0.05,0.75
"14929",319,2021,0,0.03,0,0.08,0,0.08,0.39
"14930",320,2021,1.22,0.92,1.57,0.54,2.34,0.38,0.74
"14931",321,2021,0,0.02,0,0.33,0,0.31,0.08
"14932",322,2021,0.31,0.68,0.29,1.89,0.96,1.88,1.15
"14933",323,2021,0.55,0.89,0.76,1.34,1.14,2.16,1.42
"14934",324,2021,2.33,0.56,5.39,1.2,5.43,0.39,2.39
"14935",325,2021,15.95,5.91,17.64,1.63,19.53,1.29,5.12
"14936",326,2021,5.04,1.09,5.18,3.29,2.56,1.82,3.93
"14937",327,2021,4.52,14.19,2.86,19.95,7.82,17.82,19.19
"14938",328,2021,22.13,20.47,14.56,14.36,13.31,15.62,11.11
"14939",329,2021,16.83,13.73,13.98,16.13,14.67,17.76,12.36
"14940",330,2021,1.37,1.34,2.38,4.44,2.89,8.54,2.19
"14941",331,2021,2.67,2.19,6.65,0.92,4.28,1.29,1.41
"14942",332,2021,3.46,2.79,8.59,1.43,5.25,3.06,1.59
"14943",333,2021,4.89,4.9,11.22,2.24,10.76,3.88,2.97
"14944",334,2021,0.51,0.11,1.15,0.14,0.45,0.03,0.51
"14945",335,2021,0,0,0.11,0.07,0,0,0.33
"14946",336,2021,1.74,5.35,3.33,8.01,8.73,10.03,5.11
"14947",337,2021,0.09,0.01,0.36,0.46,0.15,0.04,1.04
"14948",338,2021,0.29,0.17,1.3,1.18,1.73,0.46,1.77
"14949",339,2021,0.18,0.22,0.58,0.78,0.55,0.61,0.93
"14950",340,2021,0.12,0.67,0.03,0.81,0.32,0.61,0.86
"14951",341,2021,0.11,0.99,0.02,1.32,0.5,1.31,1.38
"14952",342,2021,0.07,1.34,0.02,2.3,0.62,2.19,2.14
"14953",343,2021,0,0.37,0,1.92,0.16,1.49,1.59
"14954",344,2021,0.11,1.46,0.02,2.03,0.47,4.78,1.15
"14955",345,2021,0,0.03,0,0.02,0,0.05,0.05
"14956",346,2021,0,0,0,0.2,0,0.13,0.09
"14957",347,2021,0,0,0,0.18,0,0.16,0.17
"14958",348,2021,0.02,1.26,0,4.01,0.02,5.64,1.78
"14959",349,2021,0.07,2.06,0,11.18,0.22,11.91,4.15
"14960",350,2021,0.33,0.92,0.61,3.15,0.3,5.11,1.2
"14961",351,2021,0.13,0.62,0.18,3.36,0.13,3.46,1.2
"14962",352,2021,1.05,1.36,2.45,2.3,1.66,3.5,0.69
"14963",353,2021,0.46,0.43,0.46,0.41,0.38,0.21,0.41
"14964",354,2021,0.03,0.33,0.01,0.43,0.07,1.23,0.23
"14965",355,2021,0.01,0.36,0.01,0.97,0.1,0.51,0.58
"14966",356,2021,0.01,0.3,0.01,2.64,0.07,2.72,1.25
"14967",357,2021,0.03,1.33,0.02,4.43,0.2,6.67,1.01
"14968",358,2021,0.02,0.41,0.03,1.16,0.09,1.08,0.54
"14969",359,2021,0.03,1.53,0.03,3.95,0.32,4.42,1.45
"14970",360,2021,1.2,3.52,0,2.76,1.73,5.31,1.05
"14971",361,2021,0.52,1.33,0,1.47,1.17,1.67,0.72
"14972",362,2021,0.05,0.43,0,1.41,0.18,1.48,0.49
"14973",363,2021,0,0.01,0,0.28,0.01,0.24,0.15
"14974",364,2021,0,0.03,0,0.18,0.05,0.06,0.26
"14975",365,2021,0.7,1.45,0,0.34,2.01,0.1,0.55
"14976",1,2022,0.01,1.2,0,2.58,0.06,3.4,1.39
"14977",2,2022,0,0,0,0.01,0,0.01,0.03
"14978",3,2022,0,0,0,0,0,0,0.01
"14979",4,2022,0.02,0.13,0,0,0.12,0,0.03
"14980",5,2022,0.01,0.12,0,0,0.02,0,0.01
"14981",6,2022,0,0,0,0.01,0,0.01,0.04
"14982",7,2022,0,0,0,0.1,0,0.02,0.14
"14983",8,2022,0.01,0,0.01,0.09,0.01,0.02,0.11
"14984",9,2022,0,0.06,0,0.58,0,0.48,0.23
"14985",10,2022,0.09,1.38,0.03,1.36,0.28,2.31,0.76
"14986",11,2022,0.02,0.59,0,1.25,0.2,2.03,0.46
"14987",12,2022,0,0.05,0,0.32,0,0.31,0.11
"14988",13,2022,0.06,0.12,0.02,0.23,0,0.25,0.17
"14989",14,2022,0.19,0.85,0.04,0.64,0.31,0.68,0.62
"14990",15,2022,0.06,0.09,0.07,0.17,0.01,0.19,0.1
"14991",16,2022,0,0,0.09,0.17,0.01,0.04,0.15
"14992",17,2022,0.42,2.57,1.17,2.74,1.84,5.35,0.79
"14993",18,2022,0.01,0.2,0.03,0.68,0.1,0.63,0.47
"14994",19,2022,0,0.01,0,0.2,0,0.11,0.14
"14995",20,2022,0,0.04,0,0.34,0,0.23,0.13
"14996",21,2022,0,0,0,0.21,0,0.04,0.2
"14997",22,2022,0.15,1.14,0.08,0.29,0.35,0.17,0.26
"14998",23,2022,0.02,0.51,0,0.61,0.03,1.25,0.39
"14999",24,2022,0.01,0.62,0,5.3,0.09,6.47,1.62
"15000",25,2022,0,0,0,0.3,0,0.08,0.44
"15001",26,2022,0.01,0.4,0,0.16,0.04,0.11,0.12
"15002",27,2022,0,0.01,0,0,0.03,0,0.06
"15003",28,2022,0,0.01,0,0,0.03,0,0.02
"15004",29,2022,0,0.01,0,0.02,0.03,0,0.06
"15005",30,2022,0.01,0.42,0,0.67,0.1,1.16,0.47
"15006",31,2022,0,0.46,0,1.96,0.03,2.65,0.81
"15007",32,2022,0,0,0,0.17,0,0.03,0.25
"15008",33,2022,0,0.12,0,0.25,0.06,0.15,0.3
"15009",34,2022,0,0.15,0,0.82,0.15,0.68,0.49
"15010",35,2022,0,0.46,0,1.18,0.25,0.72,1.43
"15011",36,2022,0.01,0.9,0,6.87,0.26,8.24,2.76
"15012",37,2022,0.82,2.73,0.45,9.27,3.97,12.96,5.74
"15013",38,2022,0.16,0.87,0.31,7.65,0.36,6.07,3.28
"15014",39,2022,13.96,16.51,15.1,3.41,20.63,4.9,3.99
"15015",40,2022,1.02,4.21,1,2.53,3.02,2.61,3.54
"15016",41,2022,0.2,1.42,0.13,1.09,1.46,1.32,1.8
"15017",42,2022,1.41,2.99,2.21,11.34,2.07,12.26,6.64
"15018",43,2022,0.56,1.25,0.2,4.13,0.93,2.09,3.52
"15019",44,2022,0.05,1.37,0,2.63,0.09,1.11,2.86
"15020",45,2022,0,0,0,0.55,0,0.03,1.64
"15021",46,2022,0,0.01,0,0.87,0,0.27,0.87
"15022",47,2022,0.01,0,0,0.09,0,0.03,0.14
"15023",48,2022,0.27,1.07,0.33,2.86,0.31,3.09,1.18
"15024",49,2022,0,0.13,0,0.57,0,1.16,0.57
"15025",50,2022,0,0.16,0,4.1,0,4.34,1.56
"15026",51,2022,0,0.04,0,1.02,0,0.59,0.98
"15027",52,2022,0,0.01,0,3.43,0.02,2.5,1.72
"15028",53,2022,0.03,0.06,0.04,0.42,0.04,0.07,0.7
"15029",54,2022,0.15,0.1,0.19,0.78,0.25,0.12,1.19
"15030",55,2022,0.41,4.38,0.37,11.25,0.72,15.81,4.67
"15031",56,2022,0.27,0.41,0.23,1.18,0.56,0.79,1.78
"15032",57,2022,0.07,0.1,0.01,0.31,0.02,0.15,0.65
"15033",58,2022,2.12,6.32,0.48,11.37,1.28,16.38,5.5
"15034",59,2022,0.38,5.12,0.06,11.85,0.85,19.74,5.57
"15035",60,2022,0.13,0.15,0.08,2.84,0.02,1.88,1.14
"15036",61,2022,1.99,2.99,1.3,10.79,0.54,13.75,2.56
"15037",62,2022,0.54,0.55,0.19,0.88,0.08,0.86,0.82
"15038",63,2022,0.1,0.13,0.11,1.34,0.03,0.79,0.78
"15039",64,2022,0.04,0.05,0.03,0.57,0.01,0.66,0.39
"15040",65,2022,0.54,0.41,0.71,0.34,1.2,0.8,0.17
"15041",66,2022,0.02,0.53,0.02,1.23,0.05,2.1,0.39
"15042",67,2022,0.01,0.02,0.01,0.4,0.01,0.18,0.42
"15043",68,2022,1.06,0.67,1.62,4.19,2.3,4.92,1.37
"15044",69,2022,2.01,1.66,2.33,1.86,2.76,2.26,0.81
"15045",70,2022,3.06,4.97,3.99,4.77,0.83,6.54,5.29
"15046",71,2022,5.13,13.59,4.64,10.55,3.89,12.06,11.39
"15047",72,2022,4.37,4.47,7.02,2.95,2.01,5.66,3.78
"15048",73,2022,0.08,6.28,0.02,10.63,0.44,22.14,5.6
"15049",74,2022,0,0.08,0,1.16,0.03,0.84,1.44
"15050",75,2022,0,0.03,0,0.38,0.17,0.22,0.13
"15051",76,2022,0,1.96,0,7.03,1.4,10.95,1.62
"15052",77,2022,0,0.13,0,1.22,0.16,1.28,0.34
"15053",78,2022,0,0.02,0,0.33,0.1,0.16,0.13
"15054",79,2022,0,0.03,0,0.96,0.02,0.66,0.25
"15055",80,2022,0,0.23,0,0.76,0,0.8,0.19
"15056",81,2022,0,0.53,0,2.32,0,5.05,0.4
"15057",82,2022,0,0.01,0,0.41,0,0.42,0.06
"15058",83,2022,0,0,0,0.12,0,0.06,0.06
"15059",84,2022,0,0,0,0.33,0,0.2,0.15
"15060",85,2022,0.59,7.47,0.14,14.3,4.15,18.42,10.8
"15061",86,2022,1.9,25.36,0.41,25.15,21.41,29.07,21.93
"15062",87,2022,0.07,0.46,0.15,2.5,0.09,3.44,2.21
"15063",88,2022,1.29,1.39,1.32,5.37,5.09,4.12,5.72
"15064",89,2022,0.05,0.58,0.03,0.9,0.1,0.2,1.68
"15065",90,2022,0,0.03,0,3.11,0,1.22,2.94
"15066",91,2022,0.06,0.01,0.03,0.98,0.01,0.24,1.33
"15067",92,2022,0.03,0.24,0.02,1.25,0.11,0.23,2.51
"15068",93,2022,6.58,7.37,10.94,6.37,3.93,10.37,3.67
"15069",94,2022,22.08,27.77,17.15,18.04,42.07,19.22,18.23
"15070",95,2022,23.23,25.85,25.02,32.43,21.67,37.17,20.65
"15071",96,2022,3.51,5.16,3,8.87,7.55,7.78,12.05
"15072",97,2022,3.11,4.1,3.19,20.08,3.01,18.68,10.25
"15073",98,2022,0.63,1.54,0.58,3.69,0.63,3.77,3.73
"15074",99,2022,0.02,0,0.04,0.35,0.01,0.04,1.36
"15075",100,2022,0.14,0.01,0.4,0.37,0.01,0.05,1.26
"15076",101,2022,0.27,1.35,0.38,4.62,0.6,3.06,3.05
"15077",102,2022,1,0.86,0.66,6.41,0.6,4.52,3.02
"15078",103,2022,0.06,0.05,0.01,0.99,0.01,0.21,0.86
"15079",104,2022,0.34,0.65,0.06,3.56,0.1,2.1,1.89
"15080",105,2022,1.43,5.05,0.87,17.96,1.22,21.55,5.01
"15081",106,2022,2.65,1.18,3.25,11.07,2.87,8.07,7.67
"15082",107,2022,6.54,16.79,3.6,32.26,9.79,34.73,25.9
"15083",108,2022,2.32,11.12,0.71,19.67,3.75,20.91,15.26
"15084",109,2022,0.31,2.84,0.14,8.71,0.91,7.3,9.8
"15085",110,2022,1.03,1.68,2.97,2.48,1.36,2.17,4.6
"15086",111,2022,10,8.82,12.36,11.29,16.26,12.05,12.5
"15087",112,2022,1.48,3.17,0.98,17.82,4.09,27.35,12.32
"15088",113,2022,4.6,7.02,4.75,19.59,6.74,23.77,15.86
"15089",114,2022,0.13,11.29,0.04,26.38,1.56,30.67,12.78
"15090",115,2022,0.73,2.83,0.87,7.32,1.81,6.7,7.66
"15091",116,2022,1.14,0.43,1.15,2.02,0.8,0.63,2.95
"15092",117,2022,75.43,39.66,93,32.56,45.89,48.79,26.48
"15093",118,2022,4.53,4.78,4.18,6.12,4.95,5.22,7.21
"15094",119,2022,14.3,19.47,9.71,17.64,18.5,16.09,10.44
"15095",120,2022,11.59,15.96,12.79,26.41,11.68,25.43,10.98
"15096",121,2022,5.73,23.16,2.54,22.19,8.37,30.45,12.9
"15097",122,2022,0.68,2.42,0.86,3.67,3.86,5.43,3.29
"15098",123,2022,0.06,0.78,0.04,1.17,0.11,1.33,1.32
"15099",124,2022,0.39,0.55,0.54,0.42,0.56,0.38,1.06
"15100",125,2022,11.19,4.89,13.35,1.49,10.22,1.02,4.96
"15101",126,2022,28.27,27.81,38.99,20.47,30.96,21.69,19.44
"15102",127,2022,24.92,43.69,31.02,48.83,42.79,47.18,42.94
"15103",128,2022,20.93,12.9,22.17,17.35,12.15,17.41,15.56
"15104",129,2022,31.89,37.02,27.38,45.53,36.03,48.75,24.09
"15105",130,2022,11.34,14.9,14.45,23.18,17.11,22.14,16.35
"15106",131,2022,21.43,36.65,22.93,38.45,25.22,58.43,30.25
"15107",132,2022,9.65,23.06,9.13,21.02,11.42,41.92,14.54
"15108",133,2022,2.14,12.06,1.24,5.6,4.45,8.99,3.57
"15109",134,2022,8.24,3.83,8.24,2.13,4.7,3.04,3.26
"15110",135,2022,3.35,4.86,1.8,2.58,5.41,3.41,3.08
"15111",136,2022,1.64,3.32,5.21,7.74,5.14,8.84,4.08
"15112",137,2022,28.35,27.29,24.3,20.79,24.21,28.43,13.91
"15113",138,2022,30.74,18.23,35.63,12.88,22.64,17.96,12.73
"15114",139,2022,25.52,42.79,23.21,30.51,41.71,36.7,33.42
"15115",140,2022,5.19,27.85,2.7,27.22,7.37,49.87,11.86
"15116",141,2022,0.24,0,0.54,0.1,0.04,0.01,0.84
"15117",142,2022,0.3,0.01,0.53,0.08,0.11,0.01,0.78
"15118",143,2022,5.42,7.26,4.86,2.19,4.13,1.95,2.4
"15119",144,2022,12.71,8.8,15.9,4.75,9.89,5.87,5.28
"15120",145,2022,13.77,34.64,8.89,26.07,12.69,35.63,14.66
"15121",146,2022,15.82,7.01,21.3,7.78,14.16,6.35,8.64
"15122",147,2022,39.23,46.22,38.35,21.09,40.64,30.14,17.51
"15123",148,2022,2.42,2.24,4.27,4.74,4.16,4.27,4.39
"15124",149,2022,0.61,0.23,1.04,0.67,0.77,0.27,1.85
"15125",150,2022,0.78,0.31,1.29,0.85,1.85,0.36,2.72
"15126",151,2022,5.84,0.11,10.1,0.24,1.38,0.1,1.1
"15127",152,2022,1.94,0.06,3.82,0.44,1.03,0.03,1.78
"15128",153,2022,4.71,6.04,8.42,3.8,8.59,3.72,3.72
"15129",154,2022,10.22,5.79,14.12,6.95,8.25,11.63,5.95
"15130",155,2022,42.61,49.96,37.06,29.1,37.62,40.4,22.1
"15131",156,2022,19.7,14.48,18.19,32.29,13.47,29.78,16.22
"15132",157,2022,1.3,2.29,2.35,6.53,2.82,7.61,6.02
"15133",158,2022,1.06,1.3,1.92,3.33,1.44,4.34,3.57
"15134",159,2022,3.23,5.18,6.73,8.43,5.03,14.94,6.45
"15135",160,2022,1.97,2.67,4.07,9.95,3.35,13.5,5.83
"15136",161,2022,0.29,0.49,0.9,7.65,0.76,5.72,6.79
"15137",162,2022,4.61,2.5,6.88,1.93,4.72,1.41,5.86
"15138",163,2022,24.76,21.42,24.57,8.9,26.87,13.66,10.02
"15139",164,2022,13.98,23.12,11.08,20.3,16.03,31.51,12.42
"15140",165,2022,3.08,2.43,2.88,8.17,1.48,8.68,4.92
"15141",166,2022,1.11,2.31,1.46,6.4,1.64,7.53,5.28
"15142",167,2022,5.49,7.77,7.59,12.97,13.3,8.2,13.13
"15143",168,2022,26.02,17.67,38.17,18.54,22.56,17.47,18.33
"15144",169,2022,18.66,16.28,21.63,15.93,21.98,14,11.63
"15145",170,2022,23.03,15.01,26.41,33.72,27.74,28.31,22.36
"15146",171,2022,40.1,35.25,47.69,52.41,32.86,54.85,33.16
"15147",172,2022,3.64,4.89,5.05,6.86,3.38,6.36,8.83
"15148",173,2022,1.61,2.01,1.34,3.94,1.48,3.2,4.13
"15149",174,2022,4.46,5.91,9.41,7.42,5.15,9.18,7.54
"15150",175,2022,28.16,29,23.63,19.39,27.87,29.49,18.16
"15151",176,2022,3.85,11.81,2.43,15.58,3.51,20.29,11.45
"15152",177,2022,9.43,10.84,9.47,43.4,10.26,34.01,29.57
"15153",178,2022,1.25,3.81,1.04,7.09,1.48,5.57,8.8
"15154",179,2022,9.43,18.82,10.59,14.62,16.49,15.72,18.59
"15155",180,2022,11.65,4.66,11.6,6.21,13.06,4.52,9.41
"15156",181,2022,32.86,35.12,28.04,22.48,27.46,35.99,18.42
"15157",182,2022,4.89,11.56,6.66,19.17,13.32,18.33,15.1
"15158",183,2022,4.82,7.25,4.54,24.48,11.76,15.53,17.16
"15159",184,2022,7.45,7.79,8.56,13.13,10.23,10.2,8.98
"15160",185,2022,11.81,11.65,14.54,21.32,15.57,15.77,14.76
"15161",186,2022,0.34,0.45,0.43,2.12,0.44,1.29,1.73
"15162",187,2022,9.55,13.56,9.81,11.74,17.66,16.4,9.21
"15163",188,2022,13,19.8,13.61,9.89,11.33,19.04,5.18
"15164",189,2022,52.72,46.94,52.95,29.73,51.56,44.34,25.77
"15165",190,2022,5.06,14.81,6.13,15.24,8.34,22.37,8.2
"15166",191,2022,6.22,5.34,7.13,2.66,4.51,4.16,4.46
"15167",192,2022,4.52,22.52,6.7,32.43,11.78,46.22,18.55
"15168",193,2022,1.04,1.78,1.73,11.84,2.27,8.86,5.82
"15169",194,2022,0.56,1.35,1.36,8.43,1.78,7.8,5.38
"15170",195,2022,0.09,0.06,0.48,0.15,0.29,0.02,0.58
"15171",196,2022,0.05,0.64,0.12,0.9,0.42,0.98,1.08
"15172",197,2022,4.11,0.84,4.94,0.48,2.11,0.37,3.04
"15173",198,2022,14.43,51.39,7.9,37.96,36.67,52.25,30.15
"15174",199,2022,28.13,16.51,23.08,9.24,19.05,15.03,5.47
"15175",200,2022,25.73,34.2,28.17,22.16,25.09,31.97,19.7
"15176",201,2022,8.65,16.19,8.5,29.33,7.96,38.01,19
"15177",202,2022,26.64,12.74,31.33,29.81,21.64,30.64,20.79
"15178",203,2022,1.59,3.86,1.84,13.38,2.5,11.31,15.73
"15179",204,2022,0.5,0.03,1.17,0.77,0.31,0.13,3.08
"15180",205,2022,0.95,0.07,2.46,0.07,0.61,0.01,0.54
"15181",206,2022,12.55,8.28,18.96,8.65,22.44,7.37,14.44
"15182",207,2022,13.23,11.51,7.95,3.88,10.29,5.7,4.09
"15183",208,2022,5.66,10.49,7.06,23.5,8.67,30.87,12.1
"15184",209,2022,25.72,23.16,25.8,14.86,18.8,16.52,10.23
"15185",210,2022,5.12,7.54,4.6,10.83,6.14,11.47,7.18
"15186",211,2022,8.39,2.62,11.56,2.09,4.12,4.26,2.34
"15187",212,2022,12.48,11.73,17.85,5.24,10.8,7.01,4.11
"15188",213,2022,32.45,48.53,28.01,34.22,49.76,54.02,27.03
"15189",214,2022,10.98,14.45,14.4,18.08,17.87,23.5,15.96
"15190",215,2022,5.46,3.42,6.44,4.94,5.05,6.57,3.38
"15191",216,2022,1.2,2.11,1.69,5.15,5.51,6.31,5.12
"15192",217,2022,12.97,41.9,11.69,24.67,12.91,39.85,11.42
"15193",218,2022,20.45,10.56,28.6,11.03,18.42,13.73,10.49
"15194",219,2022,1.02,2.31,1.87,2.8,1.16,4.28,2.79
"15195",220,2022,1.18,0.22,2.35,0.81,0.34,0.79,1.07
"15196",221,2022,24.51,5.98,33.68,6.59,16.83,5.16,6.01
"15197",222,2022,10.09,6.69,8.7,11.56,7.96,12.67,11.74
"15198",223,2022,0.43,0.37,0.86,1.59,0.75,1.38,1.73
"15199",224,2022,12.61,12.08,14.71,9.15,12.22,10.15,9.65
"15200",225,2022,8.82,2.37,14.06,4.79,10,3.71,10.76
"15201",226,2022,24.85,17.65,26.08,17.17,16.47,20.05,13.44
"15202",227,2022,0.89,3.39,1.09,14.76,1.11,14,7.65
"15203",228,2022,1.17,1.81,1.69,8.55,1.29,8.56,6.65
"15204",229,2022,0.91,0.82,0.9,0.83,1.2,0.13,2.43
"15205",230,2022,0.31,0.02,0.35,0.05,0.29,0,0.48
"15206",231,2022,6.31,0.45,9.94,0.39,2.92,0.1,0.8
"15207",232,2022,24.47,25.67,18.28,25.4,24.78,38.51,14.71
"15208",233,2022,1.66,3.28,1.91,16.14,0.18,23.71,3.52
"15209",234,2022,0.81,0.37,0.51,6.88,0.01,6.26,1.68
"15210",235,2022,0.31,0.12,0.27,1.64,0.02,1.58,0.55
"15211",236,2022,0.19,0.35,0.18,1.78,0.03,2.15,0.53
"15212",237,2022,0.8,0.43,0.79,1.56,0.1,2.01,0.6
"15213",238,2022,3.11,4.48,1.84,19.64,8.12,13.53,18.17
"15214",239,2022,24.65,30.83,19.7,25.66,19.99,33.73,21.09
"15215",240,2022,6.92,6.88,7.85,13.48,5.53,14.43,11.2
"15216",241,2022,27.34,23.11,27.16,28.16,20.17,27.94,20.46
"15217",242,2022,0.94,2.61,1.12,9.67,1.32,9.51,8.14
"15218",243,2022,2.05,5.7,2,16.49,3.52,17.07,15.97
"15219",244,2022,4.89,2.98,6.02,2.35,6.32,3.61,4.69
"15220",245,2022,8.86,6.21,8.71,6.16,7.87,8.3,7.22
"15221",246,2022,9.73,10.78,8.92,10.39,7.79,12.49,10.68
"15222",247,2022,4.03,4.51,2.51,27.79,2.24,30.38,8.86
"15223",248,2022,3.37,2.2,6.46,8.51,1.5,7.53,4.95
"15224",249,2022,3.79,2.58,5.46,4.77,4,5.03,4
"15225",250,2022,1.13,0.85,0.8,7.31,0.24,7.32,3.83
"15226",251,2022,3.59,1.62,2.75,5.78,3.04,5.81,4.33
"15227",252,2022,12.36,7.93,11.76,9.25,14.8,11.94,8.34
"15228",253,2022,22.5,9.8,30.9,8,11.32,11.49,6.68
"15229",254,2022,0.95,0.85,3.17,2.61,0.49,4.84,1.25
"15230",255,2022,2.95,5.65,4.42,5.07,4.45,8.4,5.02
"15231",256,2022,11.32,20.03,13.4,17.54,15.47,30.97,12.73
"15232",257,2022,1.12,0.8,2.83,2.73,2.29,2.08,2.48
"15233",258,2022,0.8,0.35,1.29,2.58,1.08,2.04,2.35
"15234",259,2022,16.42,16.55,20.04,9.75,13.78,15.51,11.37
"15235",260,2022,0.58,2.74,1.68,11.53,0.86,13.28,5.66
"15236",261,2022,0.95,1.85,1.65,2.48,1.5,2.31,1.88
"15237",262,2022,5.72,13.18,3.75,15.5,2.87,20.4,5.84
"15238",263,2022,0.24,1.45,1.5,4.42,0.14,3.84,3.55
"15239",264,2022,14.59,10.65,20.71,7,12.38,7.07,7.72
"15240",265,2022,10.12,33.07,9.84,28.37,17.35,44.23,18.32
"15241",266,2022,5.11,6.49,4,7.08,1.98,4.71,6.08
"15242",267,2022,9.83,30.25,6.55,32.94,15.17,30.67,17.2
"15243",268,2022,7.83,4.03,11.77,21.93,7.66,15.87,10.3
"15244",269,2022,6.97,6.62,6.85,10.5,6.97,8.02,7.38
"15245",270,2022,7.4,3.3,10.44,6.97,9.66,4.15,9
"15246",271,2022,36.33,23.76,38.49,10.91,46.78,10.68,19.94
"15247",272,2022,5.46,10.53,5.7,6.18,2.51,5.35,14.2
"15248",273,2022,29.63,44.7,38.43,66.5,25.21,74.02,41.89
"15249",274,2022,3.1,5.85,4.21,9.89,4.44,8.61,9.62
"15250",275,2022,3.1,5.85,4.21,9.89,4.44,8.61,9.62
"15251",276,2022,3.1,5.85,4.21,9.89,4.44,8.61,9.62
"15252",277,2022,3.1,5.85,4.21,9.89,4.44,8.61,9.62
"15253",278,2022,3.1,5.85,4.21,9.89,4.44,8.61,9.62
"15254",279,2022,4.63,7.03,5.99,14.74,6.92,18.67,10.18
"15255",280,2022,4.63,7.03,5.99,14.74,6.92,18.67,10.18
"15256",281,2022,4.63,7.03,5.99,14.74,6.92,18.67,10.18
"15257",282,2022,4.63,7.03,5.99,14.74,6.92,18.67,10.18
"15258",283,2022,4.63,7.03,5.99,14.74,6.92,18.67,10.18
"15259",284,2022,4.19,13.2,3.98,19.52,7.13,24.06,14.54
"15260",285,2022,4.19,13.2,3.98,19.52,7.13,24.06,14.54
"15261",286,2022,4.19,13.2,3.98,19.52,7.13,24.06,14.54
"15262",287,2022,4.19,13.2,3.98,19.52,7.13,24.06,14.54
"15263",288,2022,4.19,13.2,3.98,19.52,7.13,24.06,14.54
"15264",289,2022,19.35,12.32,30.14,31.69,19.76,20.44,48.95
"15265",290,2022,0,0,0,0,0.04,0,0.02
"15266",291,2022,0,0,0,0,0.04,0,0.02
"15267",292,2022,0,0,0,0,0.04,0,0.02
"15268",293,2022,0,0,0,0,0.04,0,0.02
"15269",294,2022,7.07,5.26,7.53,11.1,5.85,12.38,10.2
"15270",295,2022,7.07,5.26,7.53,11.1,5.85,12.38,10.2
"15271",296,2022,7.07,5.26,7.53,11.1,5.85,12.38,10.2
"15272",297,2022,7.07,5.26,7.53,11.1,5.85,12.38,10.2
"15273",298,2022,7.07,5.26,7.53,11.1,5.85,12.38,10.2
"15274",299,2022,19.28,24.19,20.02,28.46,19.05,41.01,26.46
"15275",300,2022,19.28,24.19,20.02,28.46,19.05,41.01,26.46
"15276",301,2022,19.28,24.19,20.02,28.46,19.05,41.01,26.46
"15277",302,2022,19.28,24.19,20.02,28.46,19.05,41.01,26.46
"15278",303,2022,19.28,24.19,20.02,28.46,19.05,41.01,26.46
"15279",304,2022,19.28,24.19,20.02,28.46,19.05,41.01,26.46
"15280",305,2022,1.75,1.41,2.29,6.96,2.38,4.64,6.43
"15281",306,2022,11.64,18.95,13.72,24.42,21.2,20.49,25.56
"15282",307,2022,2.31,25.07,0.6,26.71,7.93,42.67,17.67
"15283",308,2022,0.16,1.35,0.11,5.44,0.35,5.76,3.47
"15284",309,2022,0.02,0.76,0,5.84,0,5.56,5.94
"15285",310,2022,0.13,0.8,0.16,6.36,0.13,4.26,7.27
"15286",311,2022,0.33,2.61,0.32,8.28,0.58,6.5,9.61
"15287",312,2022,12.09,12.39,8.81,18.49,14.08,15.46,16.07
"15288",313,2022,7.94,8.08,10.83,10.92,7.56,14.93,8.5
"15289",314,2022,7.5,13.97,4.9,8.7,7.36,11.38,8.21
"15290",315,2022,6.09,5.83,7.4,4.6,9.86,6.74,8.66
"15291",316,2022,2.63,14.48,4.21,30.9,4.43,54.61,13.79
"15292",317,2022,3.39,9.57,4.81,11.26,6.19,11.4,10.52
"15293",318,2022,0.52,1.82,0.52,10.18,0.69,6.79,8.52
"15294",319,2022,1.37,4.05,2.11,18.61,2.98,12.36,17.29
"15295",320,2022,9.16,6.48,9.92,5.85,3.46,7.25,4.37
"15296",321,2022,18.43,29.78,12.41,9.24,15.4,11.18,7.13
"15297",322,2022,10.38,29.88,9.84,35.08,18.78,42.62,26.04
"15298",323,2022,5.4,5.05,5.14,2.62,4.92,2.58,3.94
"15299",324,2022,1.1,4.24,0.3,3.46,1.09,4.94,4.53
"15300",325,2022,0.04,0.11,0.1,0.34,0.24,0.19,1.3
"15301",326,2022,0.03,0.22,0.08,0.87,0.21,0.78,2.17
"15302",327,2022,0.16,0.32,0.25,1.33,1.14,1.44,3.41
"15303",328,2022,0.23,0.2,0.47,0.38,0.83,0.1,2
"15304",329,2022,0.27,1.04,0.86,1.34,1.35,1.48,3.16
"15305",330,2022,1.34,1.37,1.48,1.31,3.07,0.47,4.69
"15306",331,2022,9.09,4.68,12.72,2.36,12.14,1.63,6.38
"15307",332,2022,9.51,10.73,10.52,4.85,18.63,3.32,12.26
"15308",333,2022,1.71,3.53,1.85,4.21,1.95,4.96,5.51
"15309",334,2022,0.32,1.59,0.14,3.78,0.65,5.8,2.14
"15310",335,2022,0.11,2.73,0.04,4.64,0.28,5.2,3.09
"15311",336,2022,0.17,1.11,0.12,1.32,0.31,1.73,0.52
"15312",337,2022,0.08,0.41,0.09,0.15,0.2,0.06,0.26
"15313",338,2022,0.09,1.49,0.08,1.47,0.3,1.24,2.12
"15314",339,2022,0.13,4.18,0.06,10.2,0.4,7.09,7.89
"15315",340,2022,0.08,1.32,0.06,3.42,0.08,4.23,2.35
"15316",341,2022,0,0.02,0,0.52,0,0.14,0.95
"15317",342,2022,0.05,0.04,0.06,0.93,0,0.54,0.66
"15318",343,2022,0.16,0.85,0.08,2.97,0.57,2.21,2.2
"15319",344,2022,0.19,0.07,0.47,1.27,0.06,0.3,1.7
"15320",345,2022,0.48,0.42,0.61,0.44,0.21,0.31,0.32
"15321",346,2022,0.7,0.75,0.74,1.03,0.47,1.17,0.33
"15322",347,2022,0.45,3.33,0.67,5.82,0.39,7.87,1.26
"15323",348,2022,7.81,19.47,6.03,14.82,7.75,26.61,2.42
"15324",349,2022,0.25,1.08,0.3,1.99,0.12,2.78,0.39
"15325",350,2022,0.01,1.09,0,4.34,0.08,5.22,1.66
"15326",351,2022,0,0.28,0,0.37,0.01,0.53,0.27
"15327",352,2022,0,0,0,0.05,0,0.01,0.11
"15328",353,2022,0.02,1.05,0,1.29,0.11,2.35,0.56
"15329",354,2022,0,0,0,0.34,0,0.15,0.35
"15330",355,2022,0.02,0.41,0,2.86,0.09,4.02,1
"15331",356,2022,0.05,1.92,0,3.17,0.47,3.73,1.59
"15332",357,2022,0,0,0,0.01,0,0,0.07
"15333",358,2022,0,0,0,0,0,0,0.01
"15334",359,2022,0,0,0,0,0,0,0.01
"15335",360,2022,0,0,0,0.06,0,0.01,0.06
"15336",361,2022,0,0.03,0,0.65,0,0.25,0.42
"15337",362,2022,0.01,0.45,0,0.31,0.09,0.29,0.25
"15338",363,2022,0.01,1.59,0,3.78,0.11,7.05,0.82
"15339",364,2022,0,0.02,0,0.4,0,0.18,0.34
"15340",365,2022,0,0.03,0,0.15,0,0.07,0.18
"15341",1,2023,0.02,0.8,0,0.9,0.1,1,0.47
"15342",2,2023,0,0.22,0,2.07,0.05,3.17,0.72
"15343",3,2023,0,0.36,0,0.98,0.02,1.04,0.8
"15344",4,2023,0,0.07,0,0.98,0,0.42,1.47
"15345",5,2023,0,0.14,0,2.37,0,1.47,1.98
"15346",6,2023,0.3,0.3,0.2,0.85,0.18,0.26,1.43
"15347",7,2023,2.85,1.25,4.18,1.98,1.85,1.65,4.37
"15348",8,2023,18.95,26.9,13.97,14.38,14.46,14.83,11.46
"15349",9,2023,5.59,5.48,5.81,7.22,5.42,5.12,6.4
"15350",10,2023,0.34,3.65,0.47,8.19,0.34,6.83,7.22
"15351",11,2023,0.16,0.73,0.5,2.35,0.18,2.77,0.96
"15352",12,2023,0.61,0.27,2.6,0.66,0.62,0.54,0.4
"15353",13,2023,0.13,0.51,0.52,1.14,0.19,2.18,0.53
"15354",14,2023,0.11,0.18,0.27,0.08,0.1,0.14,0.11
"15355",15,2023,0.01,0.08,0.01,0.08,0.04,0.03,0.09
"15356",16,2023,0.02,0.06,0.01,0.72,0.01,0.71,0.33
"15357",17,2023,0.05,0.66,0.57,1.22,0.07,1.41,0.73
"15358",18,2023,0,0.01,0.03,0.52,0,0.1,0.75
"15359",19,2023,0.09,0.15,0.12,0.09,0.08,0.03,0.14
"15360",20,2023,0.08,0.85,0.17,2.63,0.12,5.32,0.65
"15361",21,2023,0.67,0.05,0.81,0.07,0.35,0.01,0.11
"15362",22,2023,0.35,0.1,0.27,0.52,0.09,0.48,0.29
"15363",23,2023,0.58,1.91,1.25,5.31,1.31,7.58,2.07
"15364",24,2023,0.04,0.01,0.05,0.08,0.06,0.02,0.14
"15365",25,2023,0,0,0,0,0.01,0,0.01
"15366",26,2023,0,0.17,0,0.46,0.02,0.66,0.17
"15367",27,2023,0,0.17,0,0.45,0.02,0.66,0.25
"15368",28,2023,0,0.17,0,0.46,0.02,0.66,0.21
"15369",29,2023,0,0.17,0,0.49,0.02,0.66,0.31
"15370",30,2023,0,0.17,0,0.81,0.02,0.81,0.32
"15371",31,2023,0,0.17,0,0.43,0.02,0.73,0.18
"15372",32,2023,0,0,0,0,0,0,0.02
"15373",33,2023,0,0,0,0.05,0,0,0.14
"15374",34,2023,0,0,0,0.07,0,0.01,0.15
"15375",35,2023,0,0.01,0,0.36,0,0.09,0.37
"15376",36,2023,0.01,1.14,0,4.04,0.06,6.61,1.29
"15377",37,2023,0,0.14,0,0.43,0.02,0.2,0.61
"15378",38,2023,0.02,0.17,0,0.27,0.05,0.04,0.52
"15379",39,2023,0,0.02,0,0.23,0,0.02,0.49
"15380",40,2023,0.01,0.8,0.02,2.48,0.1,4.42,1.33
"15381",41,2023,0.01,0.78,0.01,7.75,0.05,8.07,2.84
"15382",42,2023,0.16,0.86,0.06,5.93,0.23,6.68,1.96
"15383",43,2023,0.03,0.99,0,3.31,0.02,7.63,1.1
"15384",44,2023,0.02,0.13,0,1.34,0.01,1.35,0.78
"15385",45,2023,0.02,0.16,0.02,1.51,0.03,1.61,0.73
"15386",46,2023,1.77,10.18,1.49,14.64,3.04,22.96,5.82
"15387",47,2023,1.99,7.3,3.22,18.67,0.55,22.32,7.63
"15388",48,2023,0,0.01,0,0.57,0,0.27,1.14
"15389",49,2023,0,0,0,0.06,0,0.03,0.08
"15390",50,2023,0,0,0,0.06,0,0,0.24
"15391",51,2023,0,0,0,0.2,0,0.02,0.55
"15392",52,2023,0.11,0.94,0.13,2.12,0.25,3.4,1.84
"15393",53,2023,0.09,0.2,0.09,5,0.03,3.85,1.74
"15394",54,2023,0.09,0.01,0.09,0.03,0.03,0,0.08
"15395",55,2023,0.09,0.01,0.09,0.01,0.03,0,0.05
"15396",56,2023,0.14,0.46,0.09,0.12,0.13,0.07,0.1
"15397",57,2023,0.03,1.1,0,1.19,0.05,0.28,1.17
"15398",58,2023,0,0.42,0,2.59,0,2.48,2.29
"15399",59,2023,0.12,0.28,0.07,4.43,0.23,3.21,3.66
"15400",60,2023,0.09,0.42,0.01,0.31,0.08,0.15,1.18
"15401",61,2023,0.09,0.35,0,0.57,0.05,0.75,0.91
"15402",62,2023,0.04,0.28,0,0.6,0.03,1.13,0.99
"15403",63,2023,0.07,1.53,0,2.32,0.04,4.34,2.33
"15404",64,2023,0,0.1,0,1.1,0,1.05,1.91
"15405",65,2023,0.01,0.06,0,1.7,0.16,0.4,2.17
"15406",66,2023,0.02,0.08,0,0.68,0.03,0.3,0.88
"15407",67,2023,0.03,0.01,0.07,0.99,0,0.16,1.61
"15408",68,2023,4.19,0.43,3.74,6.91,0.22,5.96,3.38
"15409",69,2023,14.79,9.25,17.37,14.38,13.23,11.51,8.1
"15410",70,2023,24.86,23.34,25.48,32.83,22.76,37.96,22.25
"15411",71,2023,3.84,7.74,6.88,22.85,4.27,27.9,15.46
"15412",72,2023,0.04,0.87,0.11,9.12,0.21,3.23,12.18
"15413",73,2023,0,0.01,0,1.21,0,0.24,2.69
"15414",74,2023,0,0,0,0.55,0,0.14,0.89
"15415",75,2023,0,0,0,0.03,0,0.01,0.03
"15416",76,2023,0,0.12,0,0.55,0,0.28,0.38
"15417",77,2023,0,0.22,0,0.99,0,1.24,0.23
"15418",78,2023,0,0.01,0,0.29,0,0.17,0.07
"15419",79,2023,0,0.23,0,1.39,0,1.98,0.12
"15420",80,2023,0,0.54,0,0.78,0,1.74,0.1
"15421",81,2023,0,0.16,0,0.89,0,2.68,0.13
"15422",82,2023,0,0.01,0,0.4,0,0.53,0.1
"15423",83,2023,0,0,0,0.06,0,0.04,0.03
"15424",84,2023,0,0,0,0.06,0,0.02,0.05
"15425",85,2023,0,0.01,0,0.81,0,0.14,0.95
"15426",86,2023,0.04,0.64,0,1.35,0,1.46,1.01
"15427",87,2023,0,0.27,0,1.53,0,1.4,1.27
"15428",88,2023,0,0.1,0,0.82,0,0.28,0.89
"15429",89,2023,0,0.64,0,4.65,0,5.13,1.66
"15430",90,2023,0.02,2.59,0,8.18,0,14.09,1.68
"15431",91,2023,0.22,1.18,0.21,3.97,0.81,5.31,2.72
"15432",92,2023,0.11,1.42,0.09,3.62,0.28,4.53,3.72
"15433",93,2023,0,0.01,0,0.11,0,0.02,0.3
"15434",94,2023,0.01,0.06,0,0.18,0.01,0.15,0.39
"15435",95,2023,0.01,0.03,0,0.06,0.01,0.02,0.25
"15436",96,2023,0.1,0.19,0.09,0.46,0.09,0.2,1.12
"15437",97,2023,0.18,1.53,0.26,2.76,0.18,5.12,4.66
"15438",98,2023,1.82,2.58,3,4.39,2.84,6.61,3.9
"15439",99,2023,0.95,2.05,1.94,4.58,1.22,5.08,3.46
"15440",100,2023,3.66,5.02,3.82,7.14,3.21,9.42,4.79
"15441",101,2023,16.15,21.57,15.11,21.81,14.89,28.72,16.89
"15442",102,2023,1.24,2.48,1.29,3.86,1.48,5.38,5.77
"15443",103,2023,0.53,0.06,0.33,0.26,0.13,0.02,1.56
"15444",104,2023,0,0.01,0,0.14,0.01,0.06,0.59
"15445",105,2023,0,0.01,0,0.43,0.01,0.07,1.71
"15446",106,2023,1.57,0.82,2.46,8.22,1.17,3.88,7.91
"15447",107,2023,3.52,4.64,4.53,7.62,4.83,8.29,7.3
"15448",108,2023,2.26,12.17,1.4,31,4.25,37.3,19.15
"15449",109,2023,0.02,0.42,0.01,3.9,0.21,1.74,4.5
"15450",110,2023,0.29,0.13,0.32,3.72,0.08,1.37,4.94
"15451",111,2023,2.6,0.3,5.5,1.74,3.39,0.34,3.3
"15452",112,2023,32.16,52.86,26.35,41.48,28.05,46.21,39.08
"15453",113,2023,3.33,3.12,5.72,8.18,4.49,7.48,10.25
"15454",114,2023,27.14,61.93,25.11,85.94,40.9,117.34,47.11
"15455",115,2023,11.33,14.91,14.25,18.47,14.31,26.04,13.76
"15456",116,2023,0.78,1.81,0.68,4.81,1.26,6.06,8.16
"15457",117,2023,0.98,1.55,0.66,1.95,0.77,2.12,3.61
"15458",118,2023,6.8,7.96,5.66,3.97,7.12,6.16,5.28
"15459",119,2023,9.4,12.28,8.6,13.99,8.19,16.71,9.79
"15460",120,2023,0.18,1.3,0.16,8.19,0.68,6.86,6.99
"15461",121,2023,0,0.03,0.12,0.04,0,0.07,0.07
"15462",122,2023,0,0.03,0.12,0.06,0,0.08,0.08
"15463",123,2023,0,0.03,0.12,0.04,0,0.07,0.07
"15464",124,2023,0,0.03,0.12,0.06,0,0.08,0.08
"15465",125,2023,0,0.03,0.12,0.06,0,0.08,0.07
"15466",126,2023,6.26,0.62,3.4,0,0.53,0,0
"15467",127,2023,6.26,0.62,3.4,0,0.53,0,0
"15468",128,2023,6.26,0.62,3.4,0,0.53,0,0
"15469",129,2023,6.26,0.62,3.4,2.07,0.53,0.32,4.77
"15470",130,2023,15.54,47.16,28.38,42.36,42.33,54.91,29.92
"15471",131,2023,4.84,1.64,5.72,2.33,4.11,2.87,6.64
"15472",132,2023,4.83,0.22,5.72,0.96,3.79,0.1,3.42
"15473",133,2023,4.83,0.2,5.72,1.79,3.77,0.28,2.06
"15474",134,2023,13.94,21.91,7.33,26.36,14.52,32.76,17.67
"15475",135,2023,4.83,1.33,5.77,9.3,3.78,7.55,6.34
"15476",136,2023,4.06,7.51,3.83,7.56,4.8,5.51,12.48
"15477",137,2023,4.06,7.51,5.26,2.36,4.8,4.65,3.43
"15478",138,2023,4.42,12.04,4.08,29.75,21.77,25.3,29.28
"15479",139,2023,4.15,7.51,3.83,2.81,4.8,4.89,5.38
"15480",140,2023,4.06,7.51,3.83,2.59,4.8,4.65,3.82
"15481",141,2023,1.13,7.12,5.2,45.19,1.21,34.07,16.87
"15482",142,2023,28.81,50.18,12.73,30.2,21.06,64.4,22.6
"15483",143,2023,0.55,10.08,0,10.41,4.38,13.02,13.15
"15484",144,2023,0,0.01,0.31,2.45,0.01,0.55,6.05
"15485",145,2023,15.13,30.42,24.38,21.18,36.03,28.44,19.03
"15486",146,2023,1.45,5.93,7.93,38.17,4.1,26.8,26.11
"15487",147,2023,1.45,0.99,2.95,12.54,2.14,7.86,7.34
"15488",148,2023,1.45,0.37,2.95,4.34,2.14,2.08,7.22
"15489",149,2023,1.45,0.07,2.95,0.37,2.14,0.01,2.09
"15490",150,2023,34.16,5.27,40.12,17.67,29.2,11.51,17.17
"15491",151,2023,19.97,84.95,7.56,59.33,18.83,116.5,28.75
"15492",152,2023,6.65,8.42,9.41,24.76,7.69,26.88,14.08
"15493",153,2023,3.71,3.83,4.12,8.99,1.98,12.41,3.44
"15494",154,2023,3.47,6.45,3.02,13.01,1.78,19.34,6.06
"15495",155,2023,1.78,1.94,2.65,4.76,3.03,5.81,3.07
"15496",156,2023,16.54,17.06,23.14,15.37,16,20.69,12.27
"15497",157,2023,3.04,9.75,5.08,26.88,6.33,33.36,18.53
"15498",158,2023,6.72,8.39,7.67,18.96,8.9,25.43,12.26
"15499",159,2023,23.58,34.19,21.58,23.4,33.81,30.02,22.52
"15500",160,2023,13.96,6.81,13.36,7.71,5.14,9.1,6.02
"15501",161,2023,1.97,1.09,1.31,6.51,0.49,5.52,4.72
"15502",162,2023,7.57,8.51,13.13,5.77,13.2,7.39,9.53
"15503",163,2023,25.97,25.82,28.6,13.9,23.21,19.96,11.08
"15504",164,2023,3.44,4.65,3.19,6.01,6.32,7.23,4.85
"15505",165,2023,22.17,27.17,22.5,13.65,27.69,17.1,14.11
"15506",166,2023,33.88,28.71,29.44,16.33,14.06,30.28,14.13
"15507",167,2023,45.2,44.33,42.92,10.79,37.62,22.27,10.19
"15508",168,2023,4.42,12.47,2.83,8.41,3.86,18.06,4.71
"15509",169,2023,7.79,15.9,6.5,12.67,6.19,23.03,5.63
"15510",170,2023,2.31,7.06,2.23,6.08,3.58,10.71,2.58
"15511",171,2023,2.27,9.18,1.87,4.9,4.42,9.43,2.73
"15512",172,2023,1.32,5.31,1.07,13.83,2.64,16.17,6.68
"15513",173,2023,4.24,5.16,4.82,9.02,5.33,9.86,8.32
"15514",174,2023,3.48,1.68,5.27,4.73,2.67,4.14,7.35
"15515",175,2023,10.35,10.6,10.28,15.06,9.25,20.79,11.05
"15516",176,2023,3.41,6.86,2.44,33.56,4.86,32.56,18.89
"15517",177,2023,5.16,3.11,5.46,8.19,7.82,8.48,11.02
"15518",178,2023,0.66,0.24,1.3,1.43,0.61,1.13,3.13
"15519",179,2023,6.62,1.85,9.69,7.06,6.57,7.41,10.74
"15520",180,2023,22.18,12.64,23.58,22.05,21.42,30.45,16.71
"15521",181,2023,7.97,11.09,9.72,31.96,12.64,53.62,16.02
"15522",182,2023,3.24,7.28,3.68,39.68,4.77,37.81,17.16
"15523",183,2023,12.03,11.19,10.13,23.86,16.36,24.71,17.65
"15524",184,2023,4.31,6.25,3.25,9.56,4.71,11.22,10.78
"15525",185,2023,5.93,0.8,8.06,0.79,2.4,1.37,2.47
"15526",186,2023,17.38,31.71,16.11,27.66,25.74,48.47,23.65
"15527",187,2023,2.9,10.89,2.6,26.16,5.3,31.89,18.1
"15528",188,2023,0.17,0.47,0.24,2.5,0.13,2.2,3.86
"15529",189,2023,24.45,19.49,24.74,8.82,30.69,12.57,10.38
"15530",190,2023,3.38,11.85,3.08,17.49,5.86,22.78,11.92
"15531",191,2023,15.17,28.43,16.63,25.51,31.63,28.98,23.95
"15532",192,2023,14.15,11.48,18.08,9.84,6.96,16.21,5.78
"15533",193,2023,4.46,8.32,8.41,11.55,5.01,17.87,4.92
"15534",194,2023,0.63,0.95,0.98,2.83,0.5,4.1,1.34
"15535",195,2023,16.81,15.42,33.29,18.11,33.36,26.36,12.63
"15536",196,2023,4.31,9.68,4.91,11.91,8.16,14.57,8.32
"15537",197,2023,19.42,22.78,12.25,14.26,20.99,19.5,14.09
"15538",198,2023,12.62,5.37,14.3,8.35,9.4,7.01,8.59
"15539",199,2023,13.87,32.8,6.67,33.38,18.82,49.74,26.64
"15540",200,2023,7.73,5.62,10.77,8.41,9.03,10.83,6.66
"15541",201,2023,0.79,2.57,0.92,16.03,1.05,18.01,5.64
"15542",202,2023,9.83,7.33,9.6,10.91,8.28,17.11,10.7
"15543",203,2023,4.89,8.35,5.14,15.56,5.05,25.99,9.74
"15544",204,2023,3.42,10.76,3.49,16.8,4.27,29.25,9.69
"15545",205,2023,7.84,5.9,7.08,10.6,6.79,11,11.95
"15546",206,2023,6.5,8.29,6.24,4.2,7.34,5.71,5.14
"15547",207,2023,1.07,10.8,0.4,11.56,0.53,15.45,6.57
"15548",208,2023,20.85,38.5,18.16,36.44,46.01,55.16,26.02
"15549",209,2023,17.43,13.41,27.74,10.97,20.99,16.53,14.89
"15550",210,2023,2.98,1.73,3.65,6.12,2.92,6.93,3.91
"15551",211,2023,9.41,10.61,10.92,11.6,10.87,12.58,7.82
"15552",212,2023,1.48,2.27,3.01,16.87,0.19,17.75,5.76
"15553",213,2023,8.9,9.32,10.1,11.04,8.76,13.8,7.48
"15554",214,2023,8.9,9.32,10.1,11.04,8.76,13.8,7.48
"15555",215,2023,8.9,9.32,10.1,11.04,8.76,13.8,7.48
"15556",216,2023,8.9,9.32,10.1,11.04,8.76,13.8,7.48
"15557",217,2023,8.9,9.32,10.1,11.04,8.76,13.8,7.48
"15558",218,2023,9.39,9.05,10.9,9.55,8.92,12.68,9.6
"15559",219,2023,9.39,9.05,10.9,9.55,8.92,12.68,9.6
"15560",220,2023,9.39,9.05,10.9,9.55,8.92,12.68,9.6
"15561",221,2023,9.39,9.05,10.9,9.55,8.92,12.68,9.6
"15562",222,2023,9.39,9.05,10.9,9.55,8.92,12.68,9.6
"15563",223,2023,6.03,4.89,6.78,5.38,5.19,5.61,5.73
"15564",224,2023,6.03,4.89,6.78,5.38,5.19,5.61,5.73
"15565",225,2023,6.03,4.89,6.78,5.38,5.19,5.61,5.73
"15566",226,2023,6.03,4.89,6.78,5.38,5.19,5.61,5.73
"15567",227,2023,6.03,4.89,6.78,5.38,5.19,5.61,5.73
"15568",228,2023,6.41,10.79,6.09,12.02,6.54,14.11,9.12
"15569",229,2023,6.41,10.79,6.09,12.02,6.54,14.11,9.12
"15570",230,2023,6.41,10.79,6.09,12.02,6.54,14.11,9.12
"15571",231,2023,6.41,10.79,6.09,12.02,6.54,14.11,9.12
"15572",232,2023,6.41,10.79,6.09,12.02,6.54,14.11,9.12
"15573",233,2023,2.44,3.76,2.52,6.21,3.27,7.71,5.5
"15574",234,2023,2.44,3.76,2.52,6.21,3.27,7.71,5.5
"15575",235,2023,2.44,3.76,2.52,6.21,3.27,7.71,5.5
"15576",236,2023,2.44,3.76,2.52,6.21,3.27,7.71,5.5
"15577",237,2023,2.44,3.76,2.52,6.21,3.27,7.71,5.5
"15578",238,2023,9.59,7.26,10.12,5.67,8.24,6.59,5.05
"15579",239,2023,9.59,7.26,10.12,5.67,8.24,6.59,5.05
"15580",240,2023,9.59,7.26,10.12,5.67,8.24,6.59,5.05
"15581",241,2023,9.59,7.26,10.12,5.67,8.24,6.59,5.05
"15582",242,2023,9.59,7.26,10.12,5.67,8.24,6.59,5.05
"15583",243,2023,9.59,7.26,10.12,5.67,8.24,6.59,5.05
"15584",244,2023,4.34,1.14,5.5,1.45,2.26,2.68,0.82
"15585",245,2023,2.24,3.8,3.19,3.15,2.77,5.08,3.93
"15586",246,2023,11.36,10.3,14.17,15.39,12.56,14.47,11.42
"15587",247,2023,11.01,13.39,12.02,14.15,7.35,17.19,8.41
"15588",248,2023,2.82,4.57,3.28,8.71,4.77,12.08,6.47
"15589",249,2023,1.56,2.93,2.37,1.94,0.7,7.27,0.58
"15590",250,2023,14.42,6.99,18.19,3.98,6.56,7.72,2.47
"15591",251,2023,14.82,11.73,18.84,4.6,12.79,9.39,4.65
"15592",252,2023,1.23,1.83,2.11,6.05,0.69,6.17,3.66
"15593",253,2023,1.33,1.51,3.38,5.37,0.79,5.19,2.84
"15594",254,2023,2.54,12.77,2.03,8.07,4.25,14.37,5.46
"15595",255,2023,11.68,7.86,11.49,4.39,12.78,5.5,4.53
"15596",256,2023,4.17,5.13,4.8,9,6.01,6.27,6.98
"15597",257,2023,5.41,2.73,8.53,8.13,5.28,7.01,6.36
"15598",258,2023,1.93,1.37,2.15,1.87,0.37,4.05,0.71
"15599",259,2023,1.54,1.02,2.69,0.74,0.87,0.67,1.23
"15600",260,2023,17.51,10.64,17,2.43,16.19,4.15,3.94
"15601",261,2023,4.8,3.82,7.27,6.29,4.04,4.72,3.6
"15602",262,2023,5.54,3.84,4.45,4.73,4.34,4.59,5.08
"15603",263,2023,0.57,1.11,0.52,0.7,0.38,0.72,0.69
"15604",264,2023,0.4,0.44,0.57,0.66,1.55,0.97,0.81
"15605",265,2023,3.52,5.06,6.82,7.19,6.8,6.22,10.65
"15606",266,2023,6.1,6.39,8.66,11.17,12.61,8.22,14.25
"15607",267,2023,17.19,30.68,14.67,27.48,26.39,32.96,14.66
"15608",268,2023,0.2,0.23,0.34,3.71,0.49,2.19,2.99
"15609",269,2023,0.07,0.08,0.09,0.1,0.06,0.08,0.38
"15610",270,2023,5.68,3.63,8.56,1.94,7.07,3.73,5.23
"15611",271,2023,9.02,8.07,8.83,5.26,10.25,8.25,8.27
"15612",272,2023,5.75,8.2,4.21,8.25,3.36,9.8,6.61
"15613",273,2023,0.59,0.28,0.81,0.45,1.3,0.49,0.81
"15614",274,2023,5.23,4.31,5.95,7.57,4.75,8.47,4.77
"15615",275,2023,5.23,4.31,5.95,7.57,4.75,8.47,4.77
"15616",276,2023,5.23,4.31,5.95,7.57,4.75,8.47,4.77
"15617",277,2023,5.23,4.31,5.95,7.57,4.75,8.47,4.77
"15618",278,2023,5.23,4.31,5.95,7.57,4.75,8.47,4.77
"15619",279,2023,4.17,7.06,5.97,7.79,5.84,9.04,5.09
"15620",280,2023,4.17,7.06,5.97,7.79,5.84,9.04,5.09
"15621",281,2023,4.17,7.06,5.97,7.79,5.84,9.04,5.09
"15622",282,2023,4.17,7.06,5.97,7.79,5.84,9.04,5.09
"15623",283,2023,4.17,7.06,5.97,7.79,5.84,9.04,5.09
"15624",284,2023,6.25,2.22,8.68,4.56,6.93,2.18,5.15
"15625",285,2023,6.25,2.22,8.68,4.56,6.93,2.18,5.15
"15626",286,2023,6.25,2.22,8.68,4.56,6.93,2.18,5.15
"15627",287,2023,6.25,2.22,8.68,4.56,6.93,2.18,5.15
"15628",288,2023,6.25,2.22,8.68,4.56,6.93,2.18,5.15
"15629",289,2023,1.82,4.67,2.7,9.93,1.86,11.42,6.37
"15630",290,2023,1.82,4.67,2.7,9.93,1.86,11.42,6.37
"15631",291,2023,1.82,4.67,2.7,9.93,1.86,11.42,6.37
"15632",292,2023,1.82,4.67,2.7,9.93,1.86,11.42,6.37
"15633",293,2023,1.82,4.67,2.7,9.93,1.86,11.42,6.37
"15634",294,2023,5.16,7.01,4.7,10.43,4.63,11.94,8.95
"15635",295,2023,5.16,7.01,4.7,10.43,4.63,11.94,8.95
"15636",296,2023,5.16,7.01,4.7,10.43,4.63,11.94,8.95
"15637",297,2023,5.16,7.01,4.7,10.43,4.63,11.94,8.95
"15638",298,2023,5.16,7.01,4.7,10.43,4.63,11.94,8.95
"15639",299,2023,5.21,13.77,3.6,16.7,8.27,20.22,14.21
"15640",300,2023,5.21,13.77,3.6,16.7,8.27,20.22,14.21
"15641",301,2023,5.21,13.77,3.6,16.7,8.27,20.22,14.21
"15642",302,2023,5.21,13.77,3.6,16.7,8.27,20.22,14.21
"15643",303,2023,5.21,13.77,3.6,16.7,8.27,20.22,14.21
"15644",304,2023,5.21,13.77,3.6,16.7,8.27,20.22,14.21
"15645",305,2023,2.34,5.05,2.8,4.46,4.24,7.26,4.58
"15646",306,2023,19.4,15.64,22.33,14.55,18.9,18.42,15.26
"15647",307,2023,5.33,15.5,8.6,38.04,12.46,47.18,20.04
"15648",308,2023,0.93,11.1,0.33,23.86,1.79,29.3,10.8
"15649",309,2023,0.25,0.39,0.79,2.78,0.3,1.93,2.77
"15650",310,2023,9.67,5.58,13.33,10.63,10.08,8.72,15.73
"15651",311,2023,18.58,38.22,13.68,29.83,23,39.51,23.93
"15652",312,2023,1.47,3.52,1.72,8.69,3.35,8.28,6.69
"15653",313,2023,2.74,1.03,3.93,4.77,2.26,2.7,6.35
"15654",314,2023,10.29,4.43,19.13,9.22,12.54,7.24,9.65
"15655",315,2023,22.72,10.66,23.38,1.48,26.95,1.21,4.57
"15656",316,2023,1.71,1.33,2.85,0.32,0.66,0.77,0.2
"15657",317,2023,3.66,0.53,4.73,0.04,3.47,0.06,0.24
"15658",318,2023,7.38,3.44,4.3,0.44,5.86,0.64,0.94
"15659",319,2023,0.33,0.16,0.3,0.04,0.29,0.03,0.06
"15660",320,2023,0,0,0,0.36,0,0.12,0.22
"15661",321,2023,0,0.01,0,2.17,0.02,1.12,0.64
"15662",322,2023,0,0.46,0,1.16,0.18,1.13,1.28
"15663",323,2023,0,0.2,0,0.82,0.16,0.44,2.62
"15664",324,2023,0,0.59,0,3.81,0.09,4.79,3.18
"15665",325,2023,0.65,1.7,0.05,0.84,1.07,0.89,1.37
"15666",326,2023,2.17,4.92,0.75,1.75,3.07,2.78,1.4
"15667",327,2023,0.15,0.46,0.2,0.47,0.56,0.53,1.42
"15668",328,2023,6.61,11.25,3.99,4.98,6.96,6.37,4.2
"15669",329,2023,0.75,0.15,1.62,0.51,0.28,0.13,1.54
"15670",330,2023,6.7,16.83,3.41,8.71,8.93,17.36,6.6
"15671",331,2023,2.11,5.04,1.15,3.05,1.65,8.57,1.31
"15672",332,2023,0.33,2.15,0.54,7.29,0.47,9.77,2.33
"15673",333,2023,0.41,0.94,0.26,1.56,0.36,1.58,0.88
"15674",334,2023,0.2,0.42,0.05,0.21,0.23,0.83,0.25
"15675",335,2023,0.06,0.07,0.02,0.11,0.08,0.1,0.21
"15676",336,2023,0.04,0.06,0.01,0.13,0.04,0.07,0.1
"15677",337,2023,0.03,0.03,0.04,0.51,0.01,0.21,0.75
"15678",338,2023,0.03,0.79,0,1.42,0.03,1.86,0.76
"15679",339,2023,0.4,1.65,0.28,1.55,1.1,1.91,1.25
"15680",340,2023,0.02,0.12,0.01,0.3,0.08,0.57,0.31
"15681",341,2023,0,0.01,0,0.13,0.02,0.01,0.23
"15682",342,2023,0.52,0.91,0.53,1.35,0.93,5.7,0.55
"15683",343,2023,1.8,6.09,0.9,24.84,8.56,48.87,8.65
"15684",344,2023,0.2,2.19,0.68,8.44,0.96,19.58,3.53
"15685",345,2023,0,0.01,0,0.48,0,0.16,0.61
"15686",346,2023,0,0.01,0,0.2,0,0.09,0.4
"15687",347,2023,0.05,0.48,0,0.44,0.13,0.95,0.48
"15688",348,2023,0.03,1.36,0,2.27,0.03,3.15,1.43
"15689",349,2023,0.03,0.52,0,2.72,0.03,2.03,1.32
"15690",350,2023,5.3,8.62,5.12,8.41,5.17,8.13,10.19
"15691",351,2023,2.32,8.19,0.69,5.21,5.04,4.95,7.54
"15692",352,2023,0.11,0.33,0.1,0.25,0.25,0.56,0.95
"15693",353,2023,0.01,0.11,0.01,0.53,0.02,0.87,1.79
"15694",354,2023,0.01,0.29,0,1.35,0.09,0.53,2.9
"15695",355,2023,0.03,1.58,0,1.62,0.53,5.97,1.83
"15696",356,2023,0.93,0.54,1.15,1.1,1.69,0.53,1.63
"15697",357,2023,0.65,1.3,1.89,2.65,0.7,3.46,1.28
"15698",358,2023,3.9,3.06,5.27,5.19,5.4,6.06,4.54
"15699",359,2023,3.8,6,8.81,5.58,4.54,7.89,2.96
"15700",360,2023,8.97,28.66,7.71,28.08,17.47,37.47,20.05
"15701",361,2023,0.75,1.02,1.66,0.75,1.26,1.36,0.7
"15702",362,2023,0.9,5.23,1.03,5.12,2.88,9.83,2.72
"15703",363,2023,3.14,2.09,2.47,1.36,2,3.4,0.8
"15704",364,2023,0.22,0.54,0.31,0.52,0.42,0.81,0.85
"15705",365,2023,0,0.13,0,0.75,0.01,1.49,0.91
"15706",1,2024,0.01,0.24,0,0.48,0.03,0.65,0.26
"15707",2,2024,0.01,0.24,0,0.48,0.03,0.65,0.26
"15708",3,2024,0.01,0.24,0,0.48,0.03,0.65,0.26
"15709",4,2024,0.01,0.24,0,0.48,0.03,0.65,0.26
"15710",5,2024,0.01,0.24,0,0.48,0.03,0.65,0.26
"15711",6,2024,0.01,0.22,0.01,0.39,0.05,0.49,0.23
"15712",7,2024,0.01,0.22,0.01,0.39,0.05,0.49,0.23
"15713",8,2024,0.01,0.22,0.01,0.39,0.05,0.49,0.23
"15714",9,2024,0.01,0.22,0.01,0.39,0.05,0.49,0.23
"15715",10,2024,0.01,0.22,0.01,0.39,0.05,0.49,0.23
"15716",11,2024,0.05,0.24,0.03,0.39,0.09,0.42,0.27
"15717",12,2024,0.05,0.24,0.03,0.39,0.09,0.42,0.27
"15718",13,2024,0.05,0.24,0.03,0.39,0.09,0.42,0.27
"15719",14,2024,0.05,0.24,0.03,0.39,0.09,0.42,0.27
"15720",15,2024,0.05,0.24,0.03,0.39,0.09,0.42,0.27
"15721",16,2024,0.01,0.2,0,0.42,0.03,0.55,0.21
"15722",17,2024,0.01,0.2,0,0.42,0.03,0.55,0.21
"15723",18,2024,0.01,0.2,0,0.42,0.03,0.55,0.21
"15724",19,2024,0.01,0.2,0,0.42,0.03,0.55,0.21
"15725",20,2024,0.01,0.2,0,0.42,0.03,0.55,0.21
"15726",21,2024,0.03,0.26,0.02,0.65,0.07,0.94,0.3
"15727",22,2024,0.03,0.26,0.02,0.65,0.07,0.94,0.3
"15728",23,2024,0.03,0.26,0.02,0.65,0.07,0.94,0.3
"15729",24,2024,0.03,0.26,0.02,0.65,0.07,0.94,0.3
"15730",25,2024,0.03,0.26,0.02,0.65,0.07,0.94,0.3
"15731",26,2024,0,0.21,0,0.89,0.02,0.96,0.51
"15732",27,2024,0,0.21,0,0.89,0.02,0.96,0.51
"15733",28,2024,0,0.21,0,0.89,0.02,0.96,0.51
"15734",29,2024,0,0.21,0,0.89,0.02,0.96,0.51
"15735",30,2024,0,0.21,0,0.89,0.02,0.96,0.51
"15736",31,2024,0,0.21,0,0.89,0.02,0.96,0.51
"15737",32,2024,5.82,6.67,8.26,2.64,1.8,5.39,6.84
"15738",33,2024,5.82,6.67,8.26,3.75,1.8,5.86,8.22
"15739",34,2024,31.92,45.24,16.56,88.78,67.02,77.77,46.68
"15740",35,2024,5.82,6.67,8.26,6.97,1.8,5.87,14.13
"15741",36,2024,5.82,13.33,8.26,14.37,1.8,21.41,19.84
"15742",37,2024,10.85,4.72,12.37,16.48,10.25,22.01,6.98
"15743",38,2024,1.17,3.19,1.92,4.21,1.91,4.53,2.33
"15744",39,2024,1.17,3.03,1.92,1.73,1.91,2.7,1.26
"15745",40,2024,3.52,3.29,2.27,1.24,2.84,2.96,1.57
"15746",41,2024,1.17,3.08,1.92,1.87,1.91,3.51,1.13
"15747",42,2024,0.11,0.42,0.2,1.12,0.23,1.83,0.6
"15748",43,2024,0.11,0.42,0.2,0.96,0.23,1.83,0.39
"15749",44,2024,0.11,0.42,0.2,0.96,0.23,1.83,0.39
"15750",45,2024,0.11,0.42,0.2,0.96,0.23,1.83,0.39
"15751",46,2024,0.11,0.42,0.2,1.62,0.23,2.12,0.69
"15752",47,2024,0.04,0.2,0.04,1.15,0.04,1.5,0.47
"15753",48,2024,0.04,0.2,0.04,0.82,0.04,1.31,0.38
"15754",49,2024,0.04,0.2,0.04,0.65,0.04,1.24,0.19
"15755",50,2024,0.04,0.2,0.04,0.65,0.04,1.24,0.19
"15756",51,2024,0.04,0.2,0.04,0.65,0.04,1.24,0.19
"15757",52,2024,0.1,0.22,0.1,0.55,0.11,0.63,0.3
"15758",53,2024,0.1,0.22,0.1,0.55,0.11,0.65,0.32
"15759",54,2024,0.1,0.22,0.1,1.52,0.11,0.84,1.16
"15760",55,2024,0.1,0.22,0.1,0.55,0.11,0.63,0.28
"15761",56,2024,0.1,0.22,0.1,0.55,0.11,0.63,0.28
"15762",57,2024,0.15,1.47,0.63,2.7,0.36,4.21,1.57
"15763",58,2024,0.15,1.47,0.63,3.16,0.36,4.22,2.88
"15764",59,2024,0.15,1.47,0.63,4.05,0.36,4.7,2.48
"15765",60,2024,0.15,1.47,0.63,2.7,0.36,4.21,1.6
"15766",61,2024,0.01,0.25,0,0.06,0.04,0.04,0.07
"15767",62,2024,0.01,0.25,0,0.1,0.04,0.04,0.15
"15768",63,2024,0.01,0.94,0,3.1,0.04,6.6,1.27
"15769",64,2024,0.01,0.25,0,0.18,0.04,0.08,0.35
"15770",65,2024,0.01,0.25,0,0.23,0.04,0.08,0.45
"15771",66,2024,0.04,0,0.2,0.16,0.04,0.05,0.21
"15772",67,2024,0.22,0.22,0.39,0.28,0.27,0.14,0.36
"15773",68,2024,1.47,0.12,1.95,1.02,0.88,1.5,1.18
"15774",69,2024,2.91,2.79,2.98,6.98,4.31,12.19,3.99
"15775",70,2024,0.48,0.01,1.62,0.29,0.18,0.8,0.3
"15776",71,2024,0.04,0.86,0,1.78,0.06,2.78,0.43
"15777",72,2024,0.04,0.86,0,1.88,0.06,2.93,0.52
"15778",73,2024,0.04,0.86,0,3,0.06,3.02,1.13
"15779",74,2024,0.04,0.86,0,1.67,0.06,2.81,0.38
"15780",75,2024,0.04,0.86,0,1.34,0.06,2.66,0.31
"15781",76,2024,1.01,1.51,2.53,4.13,3.59,4.14,2.75
"15782",77,2024,1.01,1.51,2.53,4,3.59,4.13,2.2
"15783",78,2024,1.01,1.51,2.53,4.76,3.59,4.37,2.59
"15784",79,2024,1.01,1.51,2.53,4.96,3.59,4.55,3.1
"15785",80,2024,1.01,1.51,2.53,3.82,3.59,4.13,2.54
"15786",81,2024,0.77,0.59,0.36,0.53,0.85,0.96,0.58
"15787",82,2024,0.77,0.59,0.36,0.53,0.85,0.96,0.52
"15788",83,2024,0.77,0.59,0.36,0.53,0.85,0.96,0.73
"15789",84,2024,0.77,0.59,0.36,0.53,0.85,0.96,0.47
"15790",85,2024,0.77,0.59,0.36,0.53,0.85,0.96,0.47
"15791",86,2024,2.12,2.4,2.23,1.89,2.91,3.8,1.38
"15792",87,2024,2.12,2.4,2.23,1.89,2.91,3.8,1.91
"15793",88,2024,2.12,2.4,2.23,1.99,2.91,3.8,4.22
"15794",89,2024,2.12,2.4,2.23,1.96,2.91,3.9,2.63
"15795",90,2024,2.12,2.4,2.23,1.99,2.91,3.88,2.66
"15796",91,2024,2.12,2.4,2.23,4.94,2.91,4.49,7.33
"15797",92,2024,0,0,0.01,0.74,0,0.13,1.53
"15798",93,2024,2.33,7.29,2.29,1.65,3.51,0.99,1.89
"15799",94,2024,37.32,22.58,43.46,15.65,27.88,17.22,10.65
"15800",95,2024,8.04,29.37,5.88,67.88,8.02,83.44,33.65
"15801",96,2024,1.24,0.62,1.89,1.99,0.59,2.03,1.98
"15802",97,2024,4.01,12.72,4.06,18.6,4.11,28.4,7.2
"15803",98,2024,0.16,0.07,0.4,0.81,0.02,0.19,0.64
"15804",99,2024,0.01,1.04,0.01,7.27,0.03,9.13,2.15
"15805",100,2024,0,0,0,0.48,0,0.13,0.33
"15806",101,2024,0,0,0,0.02,0,0,0.04
"15807",102,2024,0,0,0,0.01,0,0.05,0
"15808",103,2024,0,0,0,0.01,0,0.05,0
"15809",104,2024,0,0,0,0.02,0,0.06,0
"15810",105,2024,0,0,0,0.02,0,0.06,0
"15811",106,2024,0,0,0,0.01,0,0.05,0
"15812",107,2024,0,0,0,0.38,0,0.02,1.24
"15813",108,2024,2.28,0.4,4.3,0.78,1.93,0.15,1.28
"15814",109,2024,30.65,28.5,32.43,40.99,31.43,36.35,33.48
"15815",110,2024,13.3,18.37,16.73,38.28,16.03,38.06,26.85
"15816",111,2024,25.86,24.03,22.93,22.47,15.15,26.13,21.62
"15817",112,2024,9.87,3.09,13.82,9.62,10.72,6.79,16.86
"15818",113,2024,28.98,29.77,30.6,34.77,48.6,43.28,35.55
"15819",114,2024,0.38,0.76,0.52,4.3,1.2,2.72,5.24
"15820",115,2024,0.21,0.02,0.44,0.26,0.18,0.03,1.32
"15821",116,2024,10.72,3.01,10.05,1.41,9.32,1,3.05
"15822",117,2024,14.34,3.97,21.67,4.39,14.35,2.13,4.76
"15823",118,2024,6,3.52,7.15,9.34,9.16,5.64,9.92
"15824",119,2024,8.03,0.7,9.01,1.13,0.83,0.37,3.43
"15825",120,2024,9.89,6.72,10.6,8.96,8.05,8.34,14.51
"15826",121,2024,0.89,0.79,0.97,3.49,0.36,2.02,3.12
"15827",122,2024,2.97,4.37,3.25,16.85,4.6,16.34,10.34
"15828",123,2024,4.77,0.17,7.19,1.5,1.82,1.01,0.86
"15829",124,2024,7.48,14.56,9.22,12.65,21.16,10.29,20.62
"15830",125,2024,4.34,27.62,1.62,36.09,7.03,44.9,21.12
"15831",126,2024,5.99,3.66,7.2,5.87,7.44,5.36,7.83
"15832",127,2024,7.94,6.5,8.73,5.22,7.98,7,4.76
"15833",128,2024,0.94,0.19,1.33,1.03,0.47,0.61,1.63
"15834",129,2024,3.66,0.54,8,2.91,3.51,1.81,2.96
"15835",130,2024,31.47,23.1,38.57,17.52,32.37,21.34,22.86
"15836",131,2024,8.95,3.16,11.7,7.08,3.29,7.47,8.89
"15837",132,2024,0.46,0.81,1.04,7.63,2.02,4.86,6.64
"15838",133,2024,8.83,2.68,14.56,10.56,5.29,5.46,12.64
"15839",134,2024,4.27,5.82,4.09,4.21,5.16,5.22,4.61
"15840",135,2024,0.03,0.01,0.09,0.31,0.05,0.06,0.78
"15841",136,2024,0,0,0.04,0.27,0,0.02,1.2
"15842",137,2024,9.55,5.05,14.15,2.77,8.72,5.67,3.8
"15843",138,2024,0.44,0.8,1.01,1.01,0.47,2.06,0.77
"15844",139,2024,15.63,20.56,20.06,9.04,25.35,11.47,15.61
"15845",140,2024,3.97,11.17,4.29,15.99,8.55,15.95,13.79
"15846",141,2024,18.04,45.01,18.96,50.68,26.3,74.29,25.76
"15847",142,2024,19.8,31.44,17.61,46.04,15.49,63.75,27.28
"15848",143,2024,2.83,2.82,3.91,25.15,1.77,27.2,14.24
"15849",144,2024,6.02,2.12,12.83,5.51,10.55,4.75,6.41
"15850",145,2024,1.38,6.3,1.55,4.46,2.32,6.03,5.4
"15851",146,2024,10.83,17.72,10.88,9.99,13.64,16.44,9.96
"15852",147,2024,18.75,11.75,17.82,3.92,19.69,3.81,7.34
"15853",148,2024,12.36,30.04,9.56,38.4,19,44.9,24.81
"15854",149,2024,6.13,6.19,7.17,15.64,6.66,11.89,17.96
"15855",150,2024,7.43,23.4,6.91,27.35,14.66,38.94,37.4
"15856",151,2024,5.18,16.96,5.28,14.39,7.15,23.51,10.9
"15857",152,2024,3.22,7.72,3.58,21.05,3.76,24.78,10.65
"15858",153,2024,0.96,2.47,1,7.37,0.58,11.27,2.64
"15859",154,2024,0.84,2.84,0.93,3.28,1.07,4.95,1.88
"15860",155,2024,11.93,21.79,9.88,17.07,13.66,23.71,9.08
"15861",156,2024,15.59,10.81,14.57,15.01,10.95,25.65,8.64
"15862",157,2024,4.83,4.78,4.49,5.41,4.46,5.48,3.7
"15863",158,2024,0.93,8.13,1.22,18.53,3.74,23.2,16.21
"15864",159,2024,22.39,40.8,21.42,25.28,35.59,39.55,24.76
"15865",160,2024,7.54,23.36,11.28,23.19,22.53,32.78,18.29
"15866",161,2024,6.78,11.79,8.67,23.19,16.96,21.25,20.35
"15867",162,2024,7.16,14.38,8.96,10.08,8.6,16.48,9.76
"15868",163,2024,13.79,22.29,10.36,23.54,13.52,26.46,13.84
"15869",164,2024,24.33,11.85,25.45,14.52,18.09,13.16,12.33
"15870",165,2024,15.55,14.98,11.28,9.25,19.52,12.38,8.44
"15871",166,2024,23,9.23,27.42,12.4,18.16,12.96,11.56
"15872",167,2024,16.61,19.98,15.01,22.95,13.98,28.65,21.92
"15873",168,2024,11.42,16.01,12.74,16.35,9.21,17.86,15.52
"15874",169,2024,13.29,29.57,9.27,24.24,12.45,32.69,15.23
"15875",170,2024,2.7,2.67,3.26,2.92,1.72,5.38,3.67
"15876",171,2024,15.51,33.01,12.07,28.53,16.19,35.98,17.93
"15877",172,2024,24.39,15.74,25.42,25.35,11.85,29.67,14.57
"15878",173,2024,23.79,14.99,29.68,18.76,25.46,23.62,18.36
"15879",174,2024,1.67,0.29,3.37,1.89,0.66,1.56,2.88
"15880",175,2024,3.16,2.8,3.89,3.94,5.46,3.4,8.16
"15881",176,2024,6.67,12.78,6.99,10.08,13.75,9.21,14.91
"15882",177,2024,4.62,11.37,4.4,20.82,5.33,23.1,16.02
"15883",178,2024,12.58,14.32,12.9,24.8,10.07,31.28,13.14
"15884",179,2024,6.18,4.26,7.65,8.05,5.08,7.03,7.78
"15885",180,2024,7.15,4.81,7.7,2.88,9.19,4.5,5.32
"15886",181,2024,6.64,7.4,8.16,6.78,11.18,10.09,6.84
"15887",182,2024,15.76,9.42,17.83,4.19,14.71,5,5.92
"15888",183,2024,18.43,14.72,22.44,10.52,21.62,14.79,10.23
"15889",184,2024,12.05,14.04,14.98,12.06,14.14,19.94,7.42
"15890",185,2024,11.18,18.29,14.19,15.06,14,22.33,13.54
"15891",186,2024,6.23,9.44,8.4,4.54,6.99,9.31,6.12
"15892",187,2024,13.67,25.66,12.26,14,25.15,24.76,14.68
"15893",188,2024,2.22,8.27,2.94,23.95,2.86,22.79,13.34
"15894",189,2024,1.92,0.8,1.89,2.42,0.97,1.7,3.82
"15895",190,2024,5.26,3.55,6.46,5.31,5.98,4.41,5.16
"15896",191,2024,12.8,18.11,11.59,20.99,17.81,17.82,18.24
"15897",192,2024,1.72,2.45,1.2,4.42,1.66,4.87,4.5
"15898",193,2024,1.1,0.2,1.44,0.07,1.07,0.02,0.34
"15899",194,2024,23.15,15.64,19.94,4.74,21.18,4.28,7.56
"15900",195,2024,29.31,17.21,29.49,13.83,21.18,14.22,17.77
"15901",196,2024,7.19,5.37,8.14,5.8,5.14,7.16,3.66
"15902",197,2024,18.2,10.2,14.31,14.74,16.09,15.43,8.93
"15903",198,2024,0.17,0.82,0.09,2.68,0.36,3.51,0.92
"15904",199,2024,0.82,1.74,0.51,3.29,1.61,4.17,1.02
"15905",200,2024,0.02,0.35,0.08,2.44,0.06,2.5,0.92
"15906",201,2024,0,0.07,0,0.91,0.02,0.73,0.64
"15907",202,2024,0.06,0.2,0.09,0.42,0.38,0.28,0.81
"15908",203,2024,23.39,10.44,21.42,3.91,18.65,6.65,5.63
"15909",204,2024,19.53,27,7.08,27.37,10.21,46,11.3
"15910",205,2024,1.24,1.75,2.34,12.54,1.4,17.94,3.52
"15911",206,2024,21.57,12.3,21.01,10.77,14.31,19.69,6.03
"15912",207,2024,3.69,3.64,5.81,9.56,4.14,12.17,4.85
"15913",208,2024,5.06,6.78,10.4,9.98,7.53,11.32,9.8
"15914",209,2024,6.37,12.37,7.01,19.08,10.97,19.14,15.96
"15915",210,2024,8.73,14.31,10.47,23.76,20.17,24.97,20.68
"15916",211,2024,6.64,9.69,8.28,24.29,7.78,24.47,16.87
"15917",212,2024,13,22.31,16.97,27.69,18.38,44.95,18.95
"15918",213,2024,0.81,2.88,0.98,14.13,1.18,14.28,7.48
"15919",214,2024,0.36,1.68,0.4,29.03,0.04,28.93,8.46
"15920",215,2024,0.95,1.07,1.11,7.56,0.93,6.47,5.13
"15921",216,2024,1.05,1.42,1.16,3.72,1.43,5.08,5
"15922",217,2024,11.76,9.64,13.24,7.66,16.55,12.07,9.04
"15923",218,2024,44.1,73.26,28.47,33.98,31.83,50.84,25.44
"15924",219,2024,1.23,6.28,1.61,25.23,2.39,26.69,13.34
"15925",220,2024,0.22,0.1,0.34,2.77,0.07,1.87,1.35
"15926",221,2024,2.35,0.78,4.67,0.61,2.29,0.31,1.7
"15927",222,2024,11.85,11.31,12.94,7.64,15.39,12.2,7.85
"15928",223,2024,10.82,8.12,12.94,14.73,13.87,17.91,10.05
"15929",224,2024,11.25,4.11,13.83,7.62,8.8,8.36,5.49
"15930",225,2024,8.03,3.82,11.23,5.65,8.81,7.11,7.09
"15931",226,2024,18.64,15.88,12.3,11.19,4.91,18.24,5.55
"15932",227,2024,1.42,1.08,2.13,4.13,0.9,6.03,1.66
"15933",228,2024,5.17,5.56,3.65,2.96,3.75,4.96,2.27
"15934",229,2024,2.03,1.89,2.69,4.41,1.44,7.66,3.41
"15935",230,2024,2.03,3.03,2.69,9.28,1.44,11.09,3.49
"15936",231,2024,2.03,1.89,2.69,5.89,1.44,3.46,4.65
"15937",232,2024,2.03,1.89,2.69,0.6,1.44,3.24,2.47
"15938",233,2024,2.03,1.89,2.69,0.98,1.44,1.32,5.59
"15939",234,2024,9.41,18.75,8.44,20.18,14.18,18.67,12.81
"15940",235,2024,9.41,18.75,8.44,20.63,14.18,18.78,14.03
"15941",236,2024,9.41,18.75,8.44,18.99,14.18,18.09,12.57
"15942",237,2024,9.41,18.75,8.44,20.33,14.18,18.46,14.73
"15943",238,2024,9.41,18.75,8.44,21.11,14.18,39.03,13.67
"15944",239,2024,5.54,5.71,4.32,13.38,4.44,11.87,9.69
"15945",240,2024,5.54,5.22,4.32,2.73,4.44,1.12,7.51
"15946",241,2024,12.18,21.59,4.32,9.54,4.44,28.93,9.44
"15947",242,2024,5.54,10.63,4.32,51.54,4.44,48.87,20.93
"15948",243,2024,5.54,7.57,4.32,18.9,4.44,17.96,10.03
"15949",244,2024,5.54,5.22,4.35,2.92,4.44,3.83,4.9
"15950",245,2024,21.22,14.34,24.9,16.24,14.31,21.72,10.29
"15951",246,2024,3.59,6.64,4.98,10.83,3.81,14.55,7.72
"15952",247,2024,1.65,0.7,2.34,4.78,0.68,4.15,1.99
"15953",248,2024,6.62,4.04,7.78,2.98,2.34,3.68,4.4
"15954",249,2024,5.19,11.45,3.34,14.22,7.74,13.93,9.19
"15955",250,2024,3.82,6.4,4.59,17.76,8.51,18.44,11.89
"15956",251,2024,9.24,12.76,13.39,22.73,8.77,21.36,20.61
"15957",252,2024,0.79,7.97,1.05,26.61,0.97,28.17,10
"15958",253,2024,0.1,0.51,0.32,4.11,0.13,4.18,1.37
"15959",254,2024,0.15,1.01,0.22,3.36,0.21,4.17,3.05
"15960",255,2024,0.26,0.42,0.36,1.48,0.55,1.51,2.22
"15961",256,2024,6.71,8.08,10.68,4.72,3.97,5.21,4.8
"15962",257,2024,50.3,29.16,55.59,17.61,51.93,20.9,16.3
"15963",258,2024,7.83,8.81,6.5,5.29,7.65,6.25,5.17
"15964",259,2024,0.58,0.37,1.3,2.33,1.34,2.54,2.23
"15965",260,2024,4.15,1.28,4.75,1.94,1.9,2.22,1.09
"15966",261,2024,5.17,6.39,6.96,10.99,4.72,12.71,6.58
"15967",262,2024,0.69,0.81,0.72,2.43,0.88,2.68,2.94
"15968",263,2024,0.24,0.92,0.25,2.49,0.53,2.93,1.37
"15969",264,2024,1.16,5.32,1.47,7.95,3.2,8.97,4.58
"15970",265,2024,2.38,17.85,2.68,36.24,11.75,43.5,20.67
"15971",266,2024,14.59,7.92,15.63,17.78,7.68,20.93,8.55
"15972",267,2024,11.64,17.78,14.26,7.78,16.5,10.57,9.4
"15973",268,2024,2.47,13.84,1.95,9.46,6.86,15.2,4.98
"15974",269,2024,2.31,3.02,3.48,3.68,5.08,4,5.53
"15975",270,2024,1.02,0.52,1.27,3.15,0.94,1.12,5.91
"15976",271,2024,3.74,1.2,4.42,6.78,3.19,3.88,7.74
"15977",272,2024,28.88,41.19,21.46,27.66,28.96,27.1,22.11
"15978",273,2024,18.56,51.14,15.36,63.64,30.2,78.49,42.66
"15979",274,2024,3.12,2.93,4.27,12.84,3.64,8.33,13.25
"15980",275,2024,0.31,0.07,0.64,1.23,0.09,0.39,1.76
"15981",276,2024,0.7,0.43,0.76,0.52,0.89,0.17,2.18
"15982",277,2024,1.29,3.11,1.6,2.17,1.92,3.11,3.64
"15983",278,2024,5.32,6.38,5.18,5.1,3.16,7.86,4.95
"15984",279,2024,11.84,10.42,13.66,18.66,7.24,17.39,12.95
"15985",280,2024,20.5,14.22,20.08,16.21,19.5,15.89,19.41
"15986",281,2024,7.65,9.96,10.54,24.04,8.99,33.01,23.9
"15987",282,2024,17.53,18.31,18.73,16.14,17.73,20.53,13.55
"15988",283,2024,10.27,7.44,10.83,4.91,8.59,3.04,11.35
"15989",284,2024,9.15,31.95,6.28,54.28,15.1,56.09,30.05
"15990",285,2024,1.31,4.34,1.43,3.26,2.55,5.02,4.33
"15991",286,2024,1.55,0.38,3.63,0.32,2.77,0.16,1.77
"15992",287,2024,6.94,7.7,8.82,2.69,5.18,5.87,2.2
"15993",288,2024,1.4,8.25,1.62,21.04,0.93,26.78,9.64
"15994",289,2024,7.29,23.86,6.18,23.83,15.46,34.59,20.13
"15995",290,2024,0.29,0.31,0.5,3.37,0.11,2.63,2.02
"15996",291,2024,0.51,0.93,0.61,4.34,0.75,4.58,2.7
"15997",292,2024,0.91,0.2,2.39,1.22,0.4,1.22,1.49
"15998",293,2024,0.45,0.41,0.77,1.27,0.2,1.1,2.98
"15999",294,2024,0.1,0.03,0.23,0.07,0.07,0.01,0.88
"16000",295,2024,0.25,2.59,0.13,1.65,2.52,3.92,3
"16001",296,2024,0.55,2.95,0.53,1.38,0.94,2.1,2.59
"16002",297,2024,1.82,4.58,2.84,3.92,3.24,7.69,4.68
"16003",298,2024,0.14,0.82,0.07,2.09,0.27,3.97,1.76
"16004",299,2024,3.74,1.15,3.55,0.09,7.9,0.02,1
"16005",300,2024,7.39,6.07,8.4,1.14,8.58,2.83,2.09
"16006",301,2024,2.44,6.45,2.29,5.93,3.07,11.38,4.2
"16007",302,2024,8.59,6.38,11.56,7.79,6.22,12.79,4.44
"16008",303,2024,5.41,11.13,9.72,10.46,13.36,15.59,10.91
"16009",304,2024,0.48,2.5,0.87,5.29,0.95,6.4,4.48
"16010",305,2024,0.03,0.21,0.05,1.58,0.03,2.04,1.14
"16011",306,2024,0.35,0.06,0.58,1.8,0.48,0.85,4.21
"16012",307,2024,1.35,0.67,1.51,5.29,0.89,5.92,4.24
"16013",308,2024,6.44,12.59,8.22,12.98,12.63,18.38,13.75
"16014",309,2024,15.78,35.87,14.06,44.42,15.22,59.65,23.72
"16015",310,2024,0.22,0.1,0.54,1.96,0.17,1.02,1.87
"16016",311,2024,0.44,0.37,0.39,0.74,0.61,0.34,3.92
"16017",312,2024,0.61,0.31,0.25,0.73,0.57,0.18,4.51
"16018",313,2024,3.02,7.46,0.61,15.1,4.11,15.27,22.4
"16019",314,2024,3.44,1.88,5.59,4.15,1.98,1.99,10.93
"16020",315,2024,7.65,12.49,6.28,28.86,7.27,30.92,25.22
"16021",316,2024,0.12,0.37,0.28,4.93,0.13,2.46,2.84
"16022",317,2024,0.13,1.74,0.05,3.56,0.66,3.31,2.59
"16023",318,2024,0.16,2.16,0.13,3.5,0.7,4.1,2.73
"16024",319,2024,0.64,6.67,0.13,19.92,1.23,27.78,7.31
"16025",320,2024,0.14,0.24,0.64,0.81,0.07,0.93,1.13
"16026",321,2024,11.76,17.79,8.61,14.09,17.28,15.77,11.62
"16027",322,2024,5.06,0.6,8.54,2.32,3.05,2.55,3.3
"16028",323,2024,8.79,1.48,13,1.29,6.58,0.85,2.52
"16029",324,2024,2.11,0.82,2.7,3.76,2.2,2.08,3.95
"16030",325,2024,1.39,0.33,2.75,1.55,1.43,0.25,3.09
"16031",326,2024,12.91,17.87,10.88,35.41,11.25,31.27,26.78
"16032",327,2024,21.02,19.75,20.67,12.63,24.17,16.53,12.11
"16033",328,2024,12.9,5.79,14.03,19.15,9.37,22.56,14.67
"16034",329,2024,2.31,0.17,2.22,1.71,1.04,0.43,2.1
"16035",330,2024,0.92,0.2,0.85,5.67,0.69,3.35,3.98
"16036",331,2024,1.01,0.34,1.1,0.56,0.3,0.25,1.43
"16037",332,2024,2.44,0.96,2.03,1.73,0.51,2.59,2.29
"16038",333,2024,4.4,5.16,8.46,18.15,2.56,27.06,8.09
"16039",334,2024,0.16,0.28,0.42,1.32,0.15,0.98,1.37
"16040",335,2024,0.68,0.01,1.26,0.26,0.13,0.08,0.57
"16041",336,2024,0.09,0.35,1.02,0.62,0.35,0.72,0.78
"16042",337,2024,0.03,0.2,0.1,0.91,0.09,0.84,0.84
"16043",338,2024,0.11,0.41,0.18,1.43,0.46,2.17,0.89
"16044",339,2024,0.18,0.5,0.38,0.74,0.45,0.89,0.67
"16045",340,2024,0.3,1.47,0.51,1.25,0.39,1.77,0.76
"16046",341,2024,0.06,0.87,0.01,0.59,0.44,0.47,0.92
"16047",342,2024,0,0.23,0,1.59,0,2.53,0.34
"16048",343,2024,0.12,0.39,0.03,0.12,0.23,0.21,0.21
"16049",344,2024,0,0.14,0.01,0.65,0.02,0.63,0.39
"16050",345,2024,0.04,0.07,0.01,0.13,0.01,0.21,0.22
"16051",346,2024,0.03,0.46,0,0.38,0.07,0.34,0.2
"16052",347,2024,0,0.1,0,0.1,0,1.03,0.06
"16053",348,2024,0.01,0.5,0,1.63,0.05,2.1,0.62
"16054",349,2024,0.03,0.55,0,0.72,0.04,0.99,0.48
"16055",350,2024,0.04,0.27,0,0.35,0.03,0.39,0.35
"16056",351,2024,0.05,0.86,0.04,1.23,0.05,1.81,0.57
"16057",352,2024,1.92,10.97,1.68,11.84,5.31,17.64,3.52
"16058",353,2024,0.03,1.5,0.01,2.25,0.01,3.95,1.5
"16059",354,2024,0.09,1.76,0.11,4.7,0.2,9.01,1.93
"16060",355,2024,0.01,0.16,0.01,0.69,0.13,0.32,0.86
"16061",356,2024,0.45,1.01,0.34,0.58,3,0.34,1.95
"16062",357,2024,2.53,1.27,4.04,1.71,1.73,0.82,2.34
"16063",358,2024,9.85,16.87,6.7,17.94,6.56,28.97,8.01
"16064",359,2024,0.01,0,0,0.02,0.01,0,0.06
"16065",360,2024,0,0.01,0.04,0.14,0.01,0.09,0.22
"16066",361,2024,0.08,0.15,0.02,2.96,0,2.88,1.31
"16067",362,2024,0.21,1.45,0.07,3.37,0.25,4.6,4
"16068",363,2024,0.05,0.47,0.04,0.55,0.05,0.55,1.16
"16069",364,2024,0.01,0,0.03,0.07,0,0.01,0.33
"16070",365,2024,0,0,0.01,0.03,0,0,0.13
"16071",366,2024,0,0,0,0.06,0,0,0.2
