"","day","year","cumaribo","la_primavera","puerto_carreno","santa_rosalia"
"1",1,1981,64.23,51.57,52.44,53.68
"2",2,1981,54.63,46.83,51.21,47.14
"3",3,1981,58.59,50.71,55.23,51.35
"4",4,1981,63.32,52.4,54.09,54.92
"5",5,1981,65.98,52.29,54.65,53.37
"6",6,1981,72.39,59.05,65.05,56.82
"7",7,1981,84,65.07,68.77,69.02
"8",8,1981,87.66,69.94,77.21,73.8
"9",9,1981,87.8,74.06,74.34,78.64
"10",10,1981,85.81,72.06,75.01,74.26
"11",11,1981,84.16,68.79,69.88,71.62
"12",12,1981,78.02,56.75,61.27,61.31
"13",13,1981,71.06,50.93,55.04,54.94
"14",14,1981,63.4,49.67,52.49,52.54
"15",15,1981,64.99,49.7,52.71,55.1
"16",16,1981,67.55,45.53,50.03,49.65
"17",17,1981,63.6,42.52,47.78,47.7
"18",18,1981,57.76,41.33,43.88,47.38
"19",19,1981,52.45,41.17,45.11,44.82
"20",20,1981,53.82,42.08,45.72,43.62
"21",21,1981,51.15,40.96,44.66,43.38
"22",22,1981,48.69,40.26,43.33,42.75
"23",23,1981,47.66,43.98,45.37,46.19
"24",24,1981,52.8,44.57,45.74,46.35
"25",25,1981,56.31,43.3,46.3,45.46
"26",26,1981,57.07,42.59,47.17,43.28
"27",27,1981,58.72,45.24,48.18,45.8
"28",28,1981,63.88,46.72,52.91,46.56
"29",29,1981,66.16,46.17,50.57,47.45
"30",30,1981,60.18,44.15,44.49,47.15
"31",31,1981,68.04,49.14,51.48,50.77
"32",32,1981,67.96,51.54,53.42,51.2
"33",33,1981,68.03,46.96,49.75,47.94
"34",34,1981,65.98,43.23,44.63,46.16
"35",35,1981,61.91,37.99,39.87,42.77
"36",36,1981,62.91,41.8,45.04,42.27
"37",37,1981,68.12,47.23,52.34,46.15
"38",38,1981,79.76,55.62,60.16,55.93
"39",39,1981,75.83,51.03,49.94,51.34
"40",40,1981,73.7,43.37,46.65,42.85
"41",41,1981,75.19,47.87,49.55,48.01
"42",42,1981,66.36,43.73,45.19,47.88
"43",43,1981,57.19,38.26,38.49,42.69
"44",44,1981,55.77,40.32,41.06,43.35
"45",45,1981,59.25,42.86,43.69,44.7
"46",46,1981,70.93,52.04,57.54,48.1
"47",47,1981,81.38,61.62,60.48,58.74
"48",48,1981,89.67,73.99,73.82,74.09
"49",49,1981,92.56,82.88,83.14,81.9
"50",50,1981,93.12,86.23,87.66,86.87
"51",51,1981,93.02,89.9,89.26,90.18
"52",52,1981,90.94,86.37,88.9,86.67
"53",53,1981,90.07,84.41,88.84,85.14
"54",54,1981,90.08,85.53,89.08,84.99
"55",55,1981,92.5,88.23,91.03,86.69
"56",56,1981,91.88,88.7,90.81,87.91
"57",57,1981,92.78,89.53,91.25,88.24
"58",58,1981,94.02,91.01,90.07,91.75
"59",59,1981,92.23,87.23,90.31,86.56
"60",60,1981,94.13,89.77,90.79,89.94
"61",61,1981,94.16,90.78,93.12,89.61
"62",62,1981,91.97,87.11,88.64,87.79
"63",63,1981,91.28,87.07,88.76,88.23
"64",64,1981,91.59,87.97,89.15,87.69
"65",65,1981,91.87,88.15,88.55,87.16
"66",66,1981,88.65,84.61,86.57,84.15
"67",67,1981,90.95,85.77,86.42,84.86
"68",68,1981,92.61,87.24,88.44,86.35
"69",69,1981,91.58,81.64,80.58,83.39
"70",70,1981,82.74,75,73,77.22
"71",71,1981,78.47,73.16,68.87,72.07
"72",72,1981,74.35,69.23,63.28,70.29
"73",73,1981,71.97,68.38,65.82,69.07
"74",74,1981,69.22,67.56,61.27,67.08
"75",75,1981,66.7,62.3,58.7,64.41
"76",76,1981,64.34,61.41,58.86,60.54
"77",77,1981,62.75,58.83,55.15,61.29
"78",78,1981,66.15,60.36,60.18,62.35
"79",79,1981,64.87,59.5,64.36,59.8
"80",80,1981,66.11,60.77,62.03,58.94
"81",81,1981,80.11,60.33,64.57,64.47
"82",82,1981,80.47,65.97,63.44,68.95
"83",83,1981,68.6,53.79,54.68,56.2
"84",84,1981,64.48,52.26,55.36,54.75
"85",85,1981,70.77,51.01,52.83,52.36
"86",86,1981,73.72,54.04,56.06,53.56
"87",87,1981,63.37,45.09,45.85,46.44
"88",88,1981,57.43,44.13,43.18,43.95
"89",89,1981,51.97,42.88,41.91,43.18
"90",90,1981,56.89,45.48,47,45.89
"91",91,1981,71.95,52.74,54.88,51.23
"92",92,1981,76.25,56.86,56.64,55.74
"93",93,1981,75.44,59.45,59.61,63.43
"94",94,1981,86.14,69.83,70.98,71.02
"95",95,1981,91.56,83.28,90.11,83.86
"96",96,1981,86.3,76.06,81.18,76.88
"97",97,1981,89.5,79.69,83.75,84.65
"98",98,1981,91.45,86.26,88.89,85.94
"99",99,1981,90.27,86.25,87,86.52
"100",100,1981,88.92,83.23,87.66,83.58
"101",101,1981,89.44,84.7,88.3,83.18
"102",102,1981,92.81,88.14,90.59,87.65
"103",103,1981,92.38,91.03,92.82,91.04
"104",104,1981,91.9,88.03,87.55,87.75
"105",105,1981,90.85,88.13,89.81,87.73
"106",106,1981,91.97,87.82,88.86,87.95
"107",107,1981,95.33,92.69,92.84,94.89
"108",108,1981,95.29,92.75,94.4,91.13
"109",109,1981,94.7,90.9,89.22,90.81
"110",110,1981,91.07,87.31,90.72,86.21
"111",111,1981,90.25,88.55,90.04,87.71
"112",112,1981,94.28,91.51,91.85,91.81
"113",113,1981,86.55,86.17,86.67,88.79
"114",114,1981,84.73,84.09,85.49,84.54
"115",115,1981,92.17,87.24,90.85,88.03
"116",116,1981,93.53,90.54,92.37,91.51
"117",117,1981,96.1,91.9,92.49,94.19
"118",118,1981,93.51,91.35,91.63,93.83
"119",119,1981,88.37,90.7,88.24,92.15
"120",120,1981,90.38,88.52,90.41,86.85
"121",121,1981,95.14,92.43,92.75,93.65
"122",122,1981,91.21,86.79,90.5,85.4
"123",123,1981,86.55,86.2,84.66,87.61
"124",124,1981,89.9,89.33,89.77,89.01
"125",125,1981,93.69,90.7,93.2,92.28
"126",126,1981,90.78,88.37,88.91,91.08
"127",127,1981,88.93,87.3,89.42,88.48
"128",128,1981,91.32,87.14,88.9,88.24
"129",129,1981,95.11,90.56,92.35,90.86
"130",130,1981,90.91,90.77,91.69,90.02
"131",131,1981,87.78,88.48,88.94,91.2
"132",132,1981,92.07,89.74,89.73,89.6
"133",133,1981,91.71,88,91.76,87.38
"134",134,1981,89.61,87.88,88.09,89.48
"135",135,1981,90.81,87.81,88.5,88.98
"136",136,1981,93.33,90.74,91.23,92.39
"137",137,1981,93.75,90.51,93.22,90.28
"138",138,1981,93.91,93.91,94.67,93.49
"139",139,1981,91.59,90,93.91,87.46
"140",140,1981,87.58,85.38,89.01,87.09
"141",141,1981,90.71,86.87,88.49,87.63
"142",142,1981,94.12,90.99,91.4,86.83
"143",143,1981,93.45,90.43,93.07,90.35
"144",144,1981,93.8,91.47,93.86,90.95
"145",145,1981,96.82,94.47,94.27,96.01
"146",146,1981,94.69,92.69,93.51,93.83
"147",147,1981,92.09,89.28,91.52,89.16
"148",148,1981,92.36,88.92,91.5,90.8
"149",149,1981,92.82,90.55,92.18,91.98
"150",150,1981,95.82,94.98,93.75,96.24
"151",151,1981,95.91,95.81,94.19,96.62
"152",152,1981,88.2,88.81,88.35,89.51
"153",153,1981,87.83,87.18,87.48,86.48
"154",154,1981,92.47,89.91,90.42,87.8
"155",155,1981,88.52,88.86,90.3,89.53
"156",156,1981,89.7,87.19,88.29,87.35
"157",157,1981,92.22,89.44,91.49,89.44
"158",158,1981,93.37,90.75,92.18,90.22
"159",159,1981,95.38,92.96,94.17,93.42
"160",160,1981,97.77,93.84,93.13,94.86
"161",161,1981,95.31,92.2,91.54,93.26
"162",162,1981,94.73,92.17,92.62,93.03
"163",163,1981,94.15,91.86,92.5,93.04
"164",164,1981,94.43,92.09,92.31,92.69
"165",165,1981,94.64,91.2,90.95,91.84
"166",166,1981,93.11,90.31,89.79,91.64
"167",167,1981,89.23,88.02,91.1,87.48
"168",168,1981,93.48,90.38,91.73,91.19
"169",169,1981,94.26,90.48,89.08,90.71
"170",170,1981,91.91,88.31,90.36,90.84
"171",171,1981,93.72,90.66,93.91,90.22
"172",172,1981,90.2,87.5,90.81,88.57
"173",173,1981,90.3,87.99,89.19,88.23
"174",174,1981,93.39,90.3,90.86,91.6
"175",175,1981,91.37,88.59,91.39,90.78
"176",176,1981,91.27,87.29,89.36,90.4
"177",177,1981,92.37,89.02,91.93,89.95
"178",178,1981,94.61,91.22,94.04,90.81
"179",179,1981,92.56,88.89,92.9,87.96
"180",180,1981,93.37,89.35,90.96,89.75
"181",181,1981,92.44,88.76,90.52,90.31
"182",182,1981,92.41,88.97,90.91,89.59
"183",183,1981,92.53,88.17,89.09,87.82
"184",184,1981,95.02,92.41,92.68,93.28
"185",185,1981,91.72,87.6,90.63,88.74
"186",186,1981,91.79,90.13,94.46,88.13
"187",187,1981,92.68,89.28,91.12,89.23
"188",188,1981,94.32,92.51,90.18,94.09
"189",189,1981,90.62,87.67,89.62,87.86
"190",190,1981,91.68,88.51,90.12,89.56
"191",191,1981,92.94,89.5,91.41,88.07
"192",192,1981,93.27,89.47,90.89,89.17
"193",193,1981,89.27,89.17,88.85,88.36
"194",194,1981,87.17,86.66,87.34,85.98
"195",195,1981,90.96,87.87,89.18,87.67
"196",196,1981,91.39,89.64,92.44,88.99
"197",197,1981,90.9,87.77,90.97,89.15
"198",198,1981,93.61,92.94,90.54,92.6
"199",199,1981,90,88.33,88.42,89.29
"200",200,1981,91.95,88.74,91.83,89.19
"201",201,1981,92.36,88.65,89.81,89.52
"202",202,1981,79.24,77.11,80.5,73.44
"203",203,1981,77.86,75.48,77.55,74.84
"204",204,1981,81.52,79.07,78.66,77.32
"205",205,1981,82.66,80.09,84.07,77.2
"206",206,1981,84.36,81.39,85.04,79.54
"207",207,1981,85.82,82.64,84.89,79.85
"208",208,1981,86.54,81.94,86.44,80.7
"209",209,1981,88.21,86.42,89.4,84.58
"210",210,1981,88.2,86.18,89.63,85.6
"211",211,1981,84.92,83.88,87.22,82.09
"212",212,1981,91.65,89.02,89.28,88.7
"213",213,1981,91.35,88.61,89.56,89.5
"214",214,1981,90.4,87.46,89.35,87.32
"215",215,1981,89.43,87.01,89.36,87.79
"216",216,1981,90.08,88.19,91.11,87.78
"217",217,1981,88.24,86.26,89.19,86.61
"218",218,1981,90.26,86.4,88.75,87.04
"219",219,1981,89.35,86.12,89.19,85.52
"220",220,1981,89.76,86.08,88.68,85.56
"221",221,1981,89.39,87.93,91.05,86.88
"222",222,1981,91.24,87.18,89.52,88.91
"223",223,1981,89.42,87.19,89.59,87.27
"224",224,1981,88,86.2,86.41,86.67
"225",225,1981,91.06,88.24,90.12,86.09
"226",226,1981,86.97,84.59,85.31,85.45
"227",227,1981,84.74,83.55,81.1,84.75
"228",228,1981,83.8,81.36,83.47,84.09
"229",229,1981,89.33,87.1,89.34,88.76
"230",230,1981,92.22,87.81,91.14,89.41
"231",231,1981,90.63,86.2,88.72,88.13
"232",232,1981,86.61,82.49,87.12,83.05
"233",233,1981,86.47,83.75,84.61,83.16
"234",234,1981,86.91,87.34,87.77,87.66
"235",235,1981,90.78,88.34,84.59,90.16
"236",236,1981,91.48,87.5,90.36,85
"237",237,1981,92.49,87.48,87.26,87.55
"238",238,1981,90.96,89.47,88.08,90.52
"239",239,1981,89.36,85.46,87.8,85.59
"240",240,1981,86.32,83.65,87.35,82.88
"241",241,1981,91.85,85.46,87.42,86.27
"242",242,1981,90.83,88.85,91.41,87.66
"243",243,1981,92.31,89.41,89.11,90.19
"244",244,1981,94.07,89.15,91.76,87.84
"245",245,1981,84.84,81.31,84.83,79.74
"246",246,1981,83.42,80.27,81.06,79.97
"247",247,1981,90.28,86.8,86.49,85.99
"248",248,1981,90.79,85.99,87.23,86.48
"249",249,1981,87.55,85.71,84.23,86.26
"250",250,1981,91.22,87.34,86.9,87.9
"251",251,1981,89.08,86.82,90,86.53
"252",252,1981,89.62,87.16,87.38,87.46
"253",253,1981,92.97,87.89,90.11,88.92
"254",254,1981,91.88,89.48,93.63,92.01
"255",255,1981,90.28,86.08,87.99,86.74
"256",256,1981,84.17,82.77,84.13,82.9
"257",257,1981,91.07,88.61,88.15,88.89
"258",258,1981,94.58,92.63,91.46,92.28
"259",259,1981,92.89,90.08,92.93,91.69
"260",260,1981,88.65,85.09,88.03,86.05
"261",261,1981,91.67,85.53,88.79,86.93
"262",262,1981,93.57,89.79,90.31,90.01
"263",263,1981,91.53,88.65,90.88,89.4
"264",264,1981,87.67,85.58,88.1,85.7
"265",265,1981,85.68,84.17,84.17,85.13
"266",266,1981,90.48,87.96,91.49,88.83
"267",267,1981,92.05,87.47,91.37,87.55
"268",268,1981,87.74,85.22,87.76,83.68
"269",269,1981,86.31,84.01,84.73,83.68
"270",270,1981,87.67,84.92,83.35,87.69
"271",271,1981,88.63,86.04,87.08,88.61
"272",272,1981,89.66,86.87,87.87,88.16
"273",273,1981,91.09,87.3,89.3,87.26
"274",274,1981,92.61,90.52,88.76,89.26
"275",275,1981,89.72,86.53,84.51,86.86
"276",276,1981,91.42,86.22,87.16,86.98
"277",277,1981,89.2,86.52,86.05,87.18
"278",278,1981,87.38,83.45,83.59,84.51
"279",279,1981,84.19,80.16,79.96,78.81
"280",280,1981,87.2,82.66,85.12,82.37
"281",281,1981,91.43,87.37,89.37,86.7
"282",282,1981,94.3,90.15,90.79,91.71
"283",283,1981,92.7,90.93,92.53,89.56
"284",284,1981,86.54,84.81,85,84.35
"285",285,1981,86.33,83.27,85.52,83.88
"286",286,1981,87.33,84.56,85.27,84.43
"287",287,1981,91.83,87.93,89.92,88.41
"288",288,1981,90.25,86.04,87.76,85.41
"289",289,1981,91.52,87.05,91.55,86.51
"290",290,1981,91.06,86.32,88.55,87
"291",291,1981,89.7,86.95,90.2,87.81
"292",292,1981,85.41,85.18,87.73,87
"293",293,1981,84.51,83.56,85.51,83.28
"294",294,1981,87.73,84.07,86.99,83.92
"295",295,1981,93.59,90.52,92.68,91.31
"296",296,1981,90.22,87.33,88.73,87.15
"297",297,1981,90.75,87.37,88.41,85.98
"298",298,1981,88.95,86.92,88.43,85.04
"299",299,1981,93.37,89.73,91.45,89.29
"300",300,1981,87.85,85.89,88.29,84.85
"301",301,1981,86.23,85.15,86.13,83.77
"302",302,1981,86.25,83.8,83.7,83.12
"303",303,1981,90.91,86.08,90.82,83.68
"304",304,1981,91.98,87.89,92.15,86.74
"305",305,1981,88.77,87.55,88.3,86.85
"306",306,1981,86.04,85.46,86.69,85.46
"307",307,1981,89.62,86.04,88.55,85.15
"308",308,1981,92.87,90.32,89.47,91
"309",309,1981,93.31,89.74,89.89,90.31
"310",310,1981,88.75,86.46,88.66,85.62
"311",311,1981,91.32,87.21,91.32,88.57
"312",312,1981,91.07,86.62,90.08,88.3
"313",313,1981,88.18,82.2,85.73,84.05
"314",314,1981,83.42,79.88,81.79,78.93
"315",315,1981,83.76,78.87,81.83,78.92
"316",316,1981,86.9,82.69,85.08,83
"317",317,1981,86.58,83.57,86.11,84.04
"318",318,1981,89.29,85.34,87.78,83.73
"319",319,1981,90.36,85.48,89.03,85.84
"320",320,1981,89.49,84.41,85.21,84.3
"321",321,1981,87.22,84.01,85.42,83.69
"322",322,1981,84.82,80.48,81.22,80.88
"323",323,1981,87.04,81.53,82.65,81.77
"324",324,1981,90.37,85.91,88.64,85.47
"325",325,1981,93.87,89.79,92.26,88.51
"326",326,1981,92.53,89.31,93.05,88.48
"327",327,1981,91.23,87.62,90.78,86.01
"328",328,1981,92.34,85.72,86.85,87.94
"329",329,1981,91.29,84.26,86.18,84.99
"330",330,1981,89.9,85.79,86.12,86.04
"331",331,1981,89.65,85.09,86.14,84.58
"332",332,1981,91.01,85.41,86.52,85.18
"333",333,1981,89.4,83.87,83.26,83.66
"334",334,1981,90.7,85.46,87.1,86.08
"335",335,1981,88.43,85.01,84.04,85.83
"336",336,1981,87.99,83.48,82.74,84.78
"337",337,1981,89.21,83.88,85.12,83.3
"338",338,1981,92.61,88.84,90.71,89.87
"339",339,1981,90.07,87.24,89.29,88.18
"340",340,1981,89.04,85.17,85.95,87.59
"341",341,1981,92.28,87.66,88.06,88.65
"342",342,1981,94.06,90.76,91.75,90.74
"343",343,1981,92.67,90.42,91.99,90.33
"344",344,1981,89.9,88,89.89,86.37
"345",345,1981,90.92,88.1,89.67,86.84
"346",346,1981,89.87,87.63,87.67,85.61
"347",347,1981,93.79,87.24,90.02,89.01
"348",348,1981,94.32,89.64,91.95,90.85
"349",349,1981,89.18,84.75,85.32,87.07
"350",350,1981,84.75,80.08,78.11,81.13
"351",351,1981,83.24,78.03,76.15,78.79
"352",352,1981,82.06,76.93,75.83,77.87
"353",353,1981,82.37,77.09,76.82,78.46
"354",354,1981,85.86,77.7,81.51,77.96
"355",355,1981,85.45,76.95,78.53,78.17
"356",356,1981,83.9,75.1,76.98,76.43
"357",357,1981,80.64,74.62,74.19,76.28
"358",358,1981,81.2,74.44,75.55,75.43
"359",359,1981,87.85,76.93,83.86,76.63
"360",360,1981,92.62,87.7,89.2,87.34
"361",361,1981,91.25,87.54,86.26,87
"362",362,1981,90.71,86.45,85.42,87.15
"363",363,1981,91.33,85.9,88.58,86.54
"364",364,1981,91.91,87.09,89.4,86.93
"365",365,1981,89.35,85.76,84.11,87.63
"366",1,1982,85.54,81.12,80.04,83.17
"367",2,1982,90.94,85.27,84.38,86.28
"368",3,1982,90.11,87,86.18,88.29
"369",4,1982,90.62,83.27,83.2,84.32
"370",5,1982,89.15,83.78,82.61,84.96
"371",6,1982,82.73,76.85,74.61,79.28
"372",7,1982,78.23,72.66,69.6,76.21
"373",8,1982,81.19,73.63,71.2,75.96
"374",9,1982,79.61,70.74,68.39,72.53
"375",10,1982,78.38,69.08,66.17,70.46
"376",11,1982,78.7,70.02,71.3,70.49
"377",12,1982,87.67,78.36,75.73,81.55
"378",13,1982,86.05,75.26,71.53,80.08
"379",14,1982,81.59,67.22,65.39,71.18
"380",15,1982,75.98,65.4,62.66,69.68
"381",16,1982,72.95,63.07,59.37,68.23
"382",17,1982,69.81,59.95,56.05,64.85
"383",18,1982,64.79,56.28,56.2,59.53
"384",19,1982,66.73,56.78,54.79,61.58
"385",20,1982,66.41,56.09,50.87,62.69
"386",21,1982,62.29,54.56,52.4,59.63
"387",22,1982,58.3,52.46,53.14,56.48
"388",23,1982,63.49,56.8,57.43,59.59
"389",24,1982,65.27,56.92,55.73,61.58
"390",25,1982,62.42,50.72,53.28,56.06
"391",26,1982,60.61,50.33,54.87,55.06
"392",27,1982,67.32,54.16,60.65,55.17
"393",28,1982,75.11,55.89,62.37,57.56
"394",29,1982,77.55,57.5,62.29,59.66
"395",30,1982,75.77,55.5,58.55,57.93
"396",31,1982,77.64,55.45,58.58,57.56
"397",32,1982,74.56,54.58,58.65,55.95
"398",33,1982,70.35,51.96,54.21,53.89
"399",34,1982,80.82,63.11,67.79,59.05
"400",35,1982,84.14,71.02,69.73,72.84
"401",36,1982,89.07,76.87,73.75,80.6
"402",37,1982,90.94,76.55,73.75,84.41
"403",38,1982,85.38,66.11,66.95,70.35
"404",39,1982,83.04,64.31,65.65,68.03
"405",40,1982,82.46,64.37,66.7,69.42
"406",41,1982,86.64,67.89,74.26,69.37
"407",42,1982,89.28,73.67,74.57,77.38
"408",43,1982,84.01,64.88,67.01,69.84
"409",44,1982,82.14,60.34,62.25,66.44
"410",45,1982,77.81,54.69,57.44,59.03
"411",46,1982,70.84,52.37,55.65,56.78
"412",47,1982,69.27,52.33,54.89,56.51
"413",48,1982,71.38,51.19,56.44,55.18
"414",49,1982,81.55,56.89,64.57,59.12
"415",50,1982,84.27,58.57,64.38,61.03
"416",51,1982,86.29,60.47,63.69,62.39
"417",52,1982,81.91,59.03,58.75,62.93
"418",53,1982,77.58,54.49,55.94,57.55
"419",54,1982,79.12,55.99,62.74,53.37
"420",55,1982,86.4,70.28,65.59,66.55
"421",56,1982,88.48,70.09,68.87,72.97
"422",57,1982,83.67,66.34,64.54,68.97
"423",58,1982,78.22,57.81,56.8,60.73
"424",59,1982,77.66,56.95,55.74,59.07
"425",60,1982,83.33,61.78,62.8,62.46
"426",61,1982,80.02,61.91,63.14,61.99
"427",62,1982,70.33,48.65,50.38,50.21
"428",63,1982,73.71,49.26,52.53,46.36
"429",64,1982,76.11,50.57,53.76,50.95
"430",65,1982,74.36,46.49,51.69,45.61
"431",66,1982,70.91,44.19,49.37,43.89
"432",67,1982,68.1,46.72,49.51,47.53
"433",68,1982,65.5,45.06,46.8,47.52
"434",69,1982,57.48,41.98,43.97,45.36
"435",70,1982,61.5,42.36,45.38,42.78
"436",71,1982,71.09,48.55,52.98,48.43
"437",72,1982,84.92,64.21,68.86,63.95
"438",73,1982,87.76,72.13,74.89,70.65
"439",74,1982,84,64.35,70.03,65.81
"440",75,1982,79.57,56.57,63.34,56.68
"441",76,1982,82.98,56.42,64.11,53.73
"442",77,1982,84.41,60.11,65.01,59.04
"443",78,1982,87.27,67.22,72.64,67.62
"444",79,1982,89.49,71.67,77.22,75.41
"445",80,1982,89.97,77.01,77.4,81.38
"446",81,1982,90.7,78.33,79.75,79.57
"447",82,1982,90.6,83.95,85.01,81.43
"448",83,1982,93.58,86.94,87.15,86.56
"449",84,1982,92.02,82.42,79.84,87.38
"450",85,1982,88.87,78.52,77.7,82.72
"451",86,1982,85.26,70.66,70.71,76.11
"452",87,1982,86.72,72.05,73.17,73.56
"453",88,1982,92.6,80.15,84.15,78.44
"454",89,1982,93.48,87.78,91,83.42
"455",90,1982,91.3,86.89,85.8,90.95
"456",91,1982,91.74,87.17,89.19,89.36
"457",92,1982,92.57,88.71,90.17,90.91
"458",93,1982,93.1,92.96,93.75,91.71
"459",94,1982,93.33,90.26,89.46,91.41
"460",95,1982,93.32,89.9,90.43,90.02
"461",96,1982,96.68,93.44,95.27,94.78
"462",97,1982,94.29,91.42,92.27,94.17
"463",98,1982,91.84,89.18,87.29,90.02
"464",99,1982,95.14,89.5,86.45,94.12
"465",100,1982,89.31,81.42,78.42,83.52
"466",101,1982,85.7,76.68,75.66,79.5
"467",102,1982,84.15,76.52,77.81,78.2
"468",103,1982,79.27,72.79,71.95,74.94
"469",104,1982,78.36,71.89,70.69,74.21
"470",105,1982,80.23,71.86,69.91,75.81
"471",106,1982,85.93,72.58,75.12,74.79
"472",107,1982,93.15,82.61,86.49,82.73
"473",108,1982,90.49,87.82,88.53,89.1
"474",109,1982,90.71,89.37,91.6,90.25
"475",110,1982,90.32,88.66,89.49,89.42
"476",111,1982,91.23,88.05,90.99,87.97
"477",112,1982,92.85,90.3,92.7,88.69
"478",113,1982,92.84,90.59,93.72,88.93
"479",114,1982,92.97,90.25,93.4,89.9
"480",115,1982,92.3,90.61,91.58,89.65
"481",116,1982,93.33,90.31,91.48,91.87
"482",117,1982,90.59,89.1,88.6,89.39
"483",118,1982,91.25,89.25,90.57,88.98
"484",119,1982,90.38,89.14,90.48,89.8
"485",120,1982,92.35,90.28,91.45,91.75
"486",121,1982,91.36,89.09,90.7,88.98
"487",122,1982,91.55,88.08,92.8,89.31
"488",123,1982,94.36,91.03,94.13,88.9
"489",124,1982,92.35,89.04,90.97,91.25
"490",125,1982,89.95,88.27,89.37,87.33
"491",126,1982,90.83,88.11,91.28,87.16
"492",127,1982,90.78,88.16,89.65,87.13
"493",128,1982,95.97,91.9,94.28,92.86
"494",129,1982,94.32,91.68,90.83,92.53
"495",130,1982,91.06,86.93,88.14,87.61
"496",131,1982,87.18,81.57,84.07,81.91
"497",132,1982,89.05,84.77,89.03,83.85
"498",133,1982,89.45,88.68,92.03,87.14
"499",134,1982,93.19,90.05,91.29,89.91
"500",135,1982,93.6,90.92,91.88,91.19
"501",136,1982,93.12,90.84,93.79,89.91
"502",137,1982,92.56,89.08,93.83,89.34
"503",138,1982,93.59,90.21,93.01,90.29
"504",139,1982,92.66,89.03,91.96,89.68
"505",140,1982,93.74,90.53,92.36,90.49
"506",141,1982,92.08,90.47,90.36,90.98
"507",142,1982,93.11,89.37,88.13,91.51
"508",143,1982,93.59,89.97,90.03,91.13
"509",144,1982,89.36,86.64,86.97,87.58
"510",145,1982,90.31,86.77,88.83,87.73
"511",146,1982,94.38,90.64,92.28,91.63
"512",147,1982,92.14,89.39,91.74,90.39
"513",148,1982,95.54,94.98,94.47,93.97
"514",149,1982,93.31,90.76,93.58,89.75
"515",150,1982,94.59,93.3,94.09,94.76
"516",151,1982,93.08,90.92,94.04,89.44
"517",152,1982,89.87,87.56,91.77,85.12
"518",153,1982,90.2,85.47,90.37,84.99
"519",154,1982,90.51,88.01,90.64,86.65
"520",155,1982,90.49,88.87,87.55,88.89
"521",156,1982,92.46,89.94,92.45,89.71
"522",157,1982,92.04,89.68,93.19,88.07
"523",158,1982,94.68,92.42,95.42,92.61
"524",159,1982,90.7,87.9,90.85,88.19
"525",160,1982,88.67,87.2,87.87,86.63
"526",161,1982,92.15,90.42,89.7,90.61
"527",162,1982,91.93,89.45,90.71,88.61
"528",163,1982,92.14,87.61,90.92,89.37
"529",164,1982,94.31,90.27,92.33,90.37
"530",165,1982,92.47,90.08,91.57,89.94
"531",166,1982,92.08,88.81,90.53,89.07
"532",167,1982,93.67,90.96,91.72,91.72
"533",168,1982,92.94,90.15,90.95,89.5
"534",169,1982,91.57,88.6,91.24,88.8
"535",170,1982,88.96,87.87,89.06,88.37
"536",171,1982,86.96,86.1,88.5,86.51
"537",172,1982,93.75,90.95,91.61,90.6
"538",173,1982,94.09,90.56,90.65,89.98
"539",174,1982,92.87,88.94,90.49,88.52
"540",175,1982,89.12,86.72,88.25,87.64
"541",176,1982,89.01,87.67,87.26,89.83
"542",177,1982,92.07,86.67,87.5,87.26
"543",178,1982,91.35,89.81,88.64,91.02
"544",179,1982,88.53,86.9,86.75,88.32
"545",180,1982,90.54,87.59,88.13,87.59
"546",181,1982,91.41,90.88,89.24,91.72
"547",182,1982,92.06,89.6,91.2,88.86
"548",183,1982,94.02,90.95,92.61,90.47
"549",184,1982,93.33,91.59,94.1,90.78
"550",185,1982,92.57,91.59,91.78,91.24
"551",186,1982,91.34,89.02,89.73,87.4
"552",187,1982,91.99,88.22,89.21,88.68
"553",188,1982,92.01,88.91,92.32,88.74
"554",189,1982,91.4,86.75,89.49,87.54
"555",190,1982,86.65,84.11,87.82,82.39
"556",191,1982,90.27,88.28,88.64,88.8
"557",192,1982,93.24,89.14,88.98,90.7
"558",193,1982,93.79,89.95,92.35,91.5
"559",194,1982,93.61,90.83,90.97,90.75
"560",195,1982,89.7,88.04,89,89.23
"561",196,1982,88.88,86.31,88.4,86.55
"562",197,1982,86.01,84.85,85.5,84.67
"563",198,1982,86.68,85.46,86.23,85.54
"564",199,1982,91.89,90.64,90.9,89.43
"565",200,1982,91.27,90.93,88.65,91.71
"566",201,1982,88.15,86.48,87.5,85.77
"567",202,1982,89.18,88.02,90.99,86.9
"568",203,1982,93.23,90.24,91.71,90.53
"569",204,1982,90.23,88.27,90.48,88.3
"570",205,1982,90.02,85.26,89.51,86.84
"571",206,1982,91.99,88.47,90.54,88.83
"572",207,1982,90.99,88.5,92.32,88.3
"573",208,1982,94.89,91.32,92.33,91.19
"574",209,1982,96.09,92.35,91.93,94.11
"575",210,1982,94.91,93.23,93.96,92.22
"576",211,1982,93.76,91.97,92.88,92.14
"577",212,1982,92.86,89.14,89.16,90.3
"578",213,1982,91,89.03,89.47,89.85
"579",214,1982,89.49,87.29,87.8,87.44
"580",215,1982,91.77,89.76,90.45,89.55
"581",216,1982,86.3,85.48,86.98,86.11
"582",217,1982,91.17,87.5,88.82,88.97
"583",218,1982,94.34,90.94,92.08,90.18
"584",219,1982,93,91.19,93.09,90.2
"585",220,1982,88.46,87.93,88.51,88.55
"586",221,1982,88.09,85.36,86.77,85.77
"587",222,1982,90.32,87.4,87.25,87.03
"588",223,1982,91.51,90.58,94.3,88.29
"589",224,1982,88.51,86.26,89.19,83.54
"590",225,1982,91.11,89.1,91.04,86.84
"591",226,1982,89.39,87.7,89.31,88.05
"592",227,1982,91.54,88.73,92.1,90.83
"593",228,1982,91.67,88.65,90.23,88.3
"594",229,1982,91.36,87.48,91.5,87.97
"595",230,1982,91.38,88.09,90.07,87.52
"596",231,1982,91.25,88,91.61,87.61
"597",232,1982,90.75,87.61,92.53,86.89
"598",233,1982,88.93,85.42,87.43,87.08
"599",234,1982,89.89,87.36,87.4,88.75
"600",235,1982,90.31,87.56,89.8,88.31
"601",236,1982,92.14,89.47,92.11,89.31
"602",237,1982,90.64,88.3,90.25,86.04
"603",238,1982,88.87,85.97,88.24,85.33
"604",239,1982,91.99,88.8,88.63,88.97
"605",240,1982,92.04,91.03,90.08,89.59
"606",241,1982,89.05,88.31,87.7,86.71
"607",242,1982,89,86.56,86.61,87.8
"608",243,1982,93.13,90.27,90.84,89.44
"609",244,1982,94.17,91.33,92.47,89.86
"610",245,1982,90.5,86.96,90.44,87.9
"611",246,1982,91.25,88.69,92.33,87
"612",247,1982,92.17,90.13,91.36,87.62
"613",248,1982,91.86,90.45,89.46,89.14
"614",249,1982,90.65,89.26,89.15,88.67
"615",250,1982,87.91,85.59,86.24,85.11
"616",251,1982,89.61,86.21,89.9,84.87
"617",252,1982,89.1,86.82,87.85,87.57
"618",253,1982,90.68,86.77,88.05,87.96
"619",254,1982,93.37,91.22,92.86,90.18
"620",255,1982,88.57,87.49,89.61,88.65
"621",256,1982,85.43,83.99,85.85,85.41
"622",257,1982,89.72,86.99,87.79,87.7
"623",258,1982,88.41,86.07,88.38,86.24
"624",259,1982,87.76,86.05,89.77,86.24
"625",260,1982,89.15,86.02,90.27,86.25
"626",261,1982,89.45,86.61,88.6,85.41
"627",262,1982,92.53,88.57,90.81,89.44
"628",263,1982,93,90.69,91.36,90.59
"629",264,1982,92.26,89.05,92.76,90.2
"630",265,1982,89.75,87.4,88.99,86.87
"631",266,1982,89.48,85.83,87.21,87.51
"632",267,1982,92.1,87.86,90.74,88.1
"633",268,1982,91.57,88.09,89.44,87.71
"634",269,1982,90.15,86.79,88.07,87.23
"635",270,1982,89.09,85.64,88.45,85.42
"636",271,1982,90.65,85.12,87.77,85.7
"637",272,1982,92.66,88.6,92.4,87.47
"638",273,1982,93.3,90.38,93.29,88.91
"639",274,1982,92.17,89.65,91.37,89.41
"640",275,1982,90.45,87.79,89.19,87.58
"641",276,1982,90.91,88.58,90.43,88.47
"642",277,1982,90.07,86.92,90.51,87.26
"643",278,1982,91.72,86.21,87.58,88.79
"644",279,1982,91.25,87.77,90.53,86.97
"645",280,1982,88.94,86.67,88.27,86.81
"646",281,1982,87.74,84.29,86.32,84.44
"647",282,1982,91.01,83.98,88.46,84.73
"648",283,1982,93.77,89.31,93.3,89.6
"649",284,1982,92.86,88.28,91.23,88.82
"650",285,1982,88.64,86.37,88.48,85.37
"651",286,1982,88.76,85.64,86.28,86.09
"652",287,1982,90.6,84.36,84.49,86.43
"653",288,1982,91.7,86.36,88.32,86.51
"654",289,1982,92.09,90.24,91.13,91.72
"655",290,1982,91.21,87.75,90.83,88.18
"656",291,1982,89.01,86.93,88.74,85.86
"657",292,1982,91.75,88.35,90.8,88.36
"658",293,1982,89.93,88.07,90.09,87.5
"659",294,1982,91.13,87.95,89.25,87.76
"660",295,1982,91.85,86.89,89.2,86.6
"661",296,1982,91.29,86.54,89.82,87.42
"662",297,1982,90.46,84.61,87.14,84.94
"663",298,1982,91.52,89.02,90.42,90.24
"664",299,1982,91.71,87.27,90.52,87.93
"665",300,1982,92.1,86.64,90.95,86.67
"666",301,1982,90.27,87.09,90.07,86.52
"667",302,1982,86.98,84.85,86.47,85.2
"668",303,1982,87.75,85.16,86.45,85.45
"669",304,1982,91.21,87.95,91.15,87.07
"670",305,1982,92.59,89.51,89.95,88.59
"671",306,1982,89.44,87.31,89.6,86.36
"672",307,1982,90.57,87.24,87.8,87.64
"673",308,1982,86.88,84.99,84.65,85.27
"674",309,1982,87.63,84.18,84.31,82.76
"675",310,1982,88.93,84.3,84.98,84.97
"676",311,1982,89.26,85.27,87.26,84.61
"677",312,1982,89.69,85.39,87.06,86.19
"678",313,1982,90.65,85.88,89.42,86.49
"679",314,1982,90.83,87.2,88.28,87.61
"680",315,1982,92.01,88.17,88.24,89.54
"681",316,1982,90.79,87.73,86.89,86.43
"682",317,1982,90.34,87.6,89.9,86.94
"683",318,1982,90.24,86.22,90.37,86.78
"684",319,1982,93.46,88.81,90.05,90.33
"685",320,1982,93.17,88.19,91,88.52
"686",321,1982,94.11,90.76,90.81,92.26
"687",322,1982,92.77,91,94.25,89.92
"688",323,1982,89.7,87.46,88.5,87.12
"689",324,1982,87.9,85.75,87.25,84.93
"690",325,1982,90.21,87.32,88.23,87.06
"691",326,1982,91.83,88.83,91.55,88.41
"692",327,1982,93.33,91.32,91.88,92.08
"693",328,1982,91.34,88.96,90.87,88.86
"694",329,1982,91.14,87.1,88.72,88.12
"695",330,1982,88.45,84.29,84.98,84.78
"696",331,1982,83.06,79.86,81.34,80.46
"697",332,1982,79.84,77.58,80.06,78.08
"698",333,1982,85.45,81.56,84.26,80.57
"699",334,1982,92.74,88.46,89.56,86.81
"700",335,1982,92.69,89.27,89.11,90.24
"701",336,1982,91.07,87.74,88.35,87.51
"702",337,1982,91.55,86.86,89.09,87.1
"703",338,1982,89.92,85.27,87.4,85.3
"704",339,1982,88.45,83.14,83.41,83.06
"705",340,1982,84.37,80.8,80.88,79.32
"706",341,1982,88.04,84.96,83.93,83.54
"707",342,1982,90.78,86.53,86.55,86.76
"708",343,1982,92.8,87.78,89.17,88.69
"709",344,1982,93.81,90.46,89.62,91.34
"710",345,1982,91.09,87.38,88.93,86.84
"711",346,1982,90.91,87.2,90.4,86.71
"712",347,1982,90.65,88.11,88.92,88.13
"713",348,1982,89.94,87.22,86.52,86.41
"714",349,1982,86.44,82.28,80.65,82.95
"715",350,1982,82.61,79.42,78.32,79.58
"716",351,1982,80.93,77.73,77.55,77.41
"717",352,1982,81.13,77.91,80.54,77.87
"718",353,1982,83.71,78.54,80.01,78.14
"719",354,1982,88.16,80.22,83.83,79.56
"720",355,1982,91.22,87.24,89.21,86.92
"721",356,1982,90.16,84.23,85.03,83.37
"722",357,1982,84.99,78.49,75.88,77.56
"723",358,1982,76.83,72.74,69.7,72.34
"724",359,1982,78.49,74.36,73.82,72.88
"725",360,1982,85.25,77.69,80.44,76.1
"726",361,1982,87.15,80.53,83.02,78.9
"727",362,1982,85.27,79.05,84.58,75.06
"728",363,1982,85.33,81.02,84.01,76.81
"729",364,1982,87.18,81.27,83.71,77.94
"730",365,1982,87.14,80.36,82.59,77.45
"731",1,1983,87.93,80.73,80.38,78.77
"732",2,1983,90.03,84.18,82.21,82.47
"733",3,1983,87.73,81.96,79.73,80.89
"734",4,1983,89.01,83.83,80.02,82.18
"735",5,1983,87.88,80.55,79.78,80.19
"736",6,1983,90.26,84.94,81.51,83.09
"737",7,1983,87.37,81.27,77.35,80.63
"738",8,1983,86.43,78.61,76.6,79
"739",9,1983,86.76,79.72,79.61,79.34
"740",10,1983,86.43,78.92,77.13,78.72
"741",11,1983,84.94,74.45,73.19,75.71
"742",12,1983,81.24,70.55,68.66,71.8
"743",13,1983,76.65,66.08,65.7,67.34
"744",14,1983,72.13,61.68,63.81,63.21
"745",15,1983,72.59,61.64,64.3,62.7
"746",16,1983,76.51,64.5,69.67,61.04
"747",17,1983,79.58,69.13,72.5,67.04
"748",18,1983,80.48,68.18,72.91,68.77
"749",19,1983,85.46,70.95,75.4,70.92
"750",20,1983,84.18,63.93,69.33,67.45
"751",21,1983,78.66,57.94,63.91,59.12
"752",22,1983,73.13,56.03,64.15,56.19
"753",23,1983,71.96,54.81,61.05,54.63
"754",24,1983,71.98,53.32,59.48,54
"755",25,1983,67.93,50.64,56.01,51.16
"756",26,1983,60.82,49.09,53.06,48.58
"757",27,1983,60.01,48.5,53.65,47.98
"758",28,1983,57.94,46.76,52.77,46.14
"759",29,1983,54.42,45.89,50.36,47.96
"760",30,1983,50.05,43.62,47.9,46.99
"761",31,1983,50.1,45.16,49.28,46.64
"762",32,1983,50.4,46.5,49.9,47.83
"763",33,1983,55.41,49.27,54.51,49.2
"764",34,1983,60.46,49.84,55.63,51.6
"765",35,1983,66.55,51.24,58.88,53.07
"766",36,1983,59.99,47.71,51.26,49.83
"767",37,1983,49.26,44.67,44.12,45.59
"768",38,1983,45.19,42.8,46.7,41.98
"769",39,1983,46.17,44.03,49.01,43.8
"770",40,1983,45.82,43.93,48.33,46.38
"771",41,1983,44.32,42.72,47.28,42.4
"772",42,1983,44.99,43.48,48.12,42.1
"773",43,1983,45.78,43.5,47.69,41.54
"774",44,1983,50.74,49.52,52.18,48.28
"775",45,1983,49.59,47.47,47.57,49.65
"776",46,1983,41.65,40.92,40.79,43.83
"777",47,1983,48.56,46.21,46.75,46.97
"778",48,1983,59.86,51.45,56.01,49.74
"779",49,1983,72.45,59.28,62.23,59.26
"780",50,1983,83.52,70.89,70.75,70.3
"781",51,1983,82.99,69.6,69.27,76.86
"782",52,1983,88.61,78.36,78.48,84.39
"783",53,1983,85.86,74.98,70.95,79.42
"784",54,1983,92.05,83.4,85.79,85.58
"785",55,1983,92.63,90.48,88.55,87.71
"786",56,1983,91.58,87.99,88.35,87.63
"787",57,1983,87.73,83.9,84.75,83.52
"788",58,1983,88.48,83.89,85.58,82.37
"789",59,1983,92.56,89.65,90.74,94.39
"790",60,1983,87.46,83.78,86.24,85.81
"791",61,1983,85.01,81.03,79.32,82.45
"792",62,1983,81.08,75.59,73.73,76.84
"793",63,1983,75.86,67.22,65.21,70.33
"794",64,1983,74.53,64.85,61.04,67.46
"795",65,1983,69.79,62.66,62.19,65.04
"796",66,1983,68.44,61.17,58.96,65.49
"797",67,1983,67.94,60.47,58.28,64.92
"798",68,1983,66.95,58.66,55.74,64.01
"799",69,1983,72.52,60.67,62.96,63.52
"800",70,1983,75.42,64.68,67.58,66.43
"801",71,1983,80.18,69.56,74.52,69.74
"802",72,1983,82.85,79.48,81.68,78.37
"803",73,1983,92.09,90.24,87.03,89.06
"804",74,1983,87.35,84.15,82.76,84.23
"805",75,1983,83.56,80.26,78.03,79.62
"806",76,1983,82.6,79.49,77.84,80.93
"807",77,1983,83.15,82.11,75.52,80.81
"808",78,1983,82.51,75.61,67.35,79.66
"809",79,1983,82.66,76.95,72.49,79
"810",80,1983,87.08,80.57,79.48,81.6
"811",81,1983,89.55,84.91,83.47,84.62
"812",82,1983,89.22,82.18,80.08,83.17
"813",83,1983,84.71,79.41,74.77,81.8
"814",84,1983,84.13,76.19,72.28,80.33
"815",85,1983,83.28,76.87,71.63,78.63
"816",86,1983,82.23,67.9,62.26,71.8
"817",87,1983,73.16,60.26,51.82,65.42
"818",88,1983,62.52,53.09,44.17,58.06
"819",89,1983,62.85,52.23,44.04,57.51
"820",90,1983,71.29,57.61,55.74,60.64
"821",91,1983,78.8,67.21,65.49,68.23
"822",92,1983,85.44,74.27,71.79,74.61
"823",93,1983,92.26,86.96,85.97,86.86
"824",94,1983,90.01,87.32,86.21,84.89
"825",95,1983,94.38,91.55,91.78,91.02
"826",96,1983,90.78,88.15,89.66,87.8
"827",97,1983,92.8,86.39,89.78,86.33
"828",98,1983,94.43,89.09,90.98,90.42
"829",99,1983,91.29,88.38,88.68,89.4
"830",100,1983,92.95,89.92,88.4,90.37
"831",101,1983,93.43,89.11,88.28,91.61
"832",102,1983,89.19,86.6,87.42,87.49
"833",103,1983,90.85,86.32,87.54,88.39
"834",104,1983,93.03,90.08,91.51,89.15
"835",105,1983,94.39,90.17,91.46,91.11
"836",106,1983,93.42,90.28,92.45,91.05
"837",107,1983,91.56,86.63,88.52,87.07
"838",108,1983,89.72,86.77,86.6,87.66
"839",109,1983,92.16,88.9,89.36,87.47
"840",110,1983,90.66,88.63,90.78,88.03
"841",111,1983,93.54,92.55,92.9,94.84
"842",112,1983,88.85,86.43,87.47,86.47
"843",113,1983,89.93,85.81,88.22,85.48
"844",114,1983,90.59,89.18,90.37,89.5
"845",115,1983,86.25,85.8,86.41,85.27
"846",116,1983,92.67,88.96,92.12,89.51
"847",117,1983,95.29,90.75,93.24,90.89
"848",118,1983,91.94,87.31,91.54,86.44
"849",119,1983,95.01,92.55,93.79,91.94
"850",120,1983,91.49,89.1,92.44,86.85
"851",121,1983,90.9,86.44,90.2,83.88
"852",122,1983,89.88,86.61,89.3,84.33
"853",123,1983,87.76,85.53,87.14,83.66
"854",124,1983,90.07,88.51,91.65,87.71
"855",125,1983,86.57,85.41,88.47,86.35
"856",126,1983,91.47,89.03,91.99,89.78
"857",127,1983,92.32,90.29,94.25,89.66
"858",128,1983,88.74,87.57,89.65,87.37
"859",129,1983,92.01,91.2,90.97,90.72
"860",130,1983,93.45,92.04,90.59,92.27
"861",131,1983,93.59,91.5,92.2,93.27
"862",132,1983,88.66,88.33,89.61,87.24
"863",133,1983,84.55,85.57,87.48,84.74
"864",134,1983,88.94,87.16,89.73,84.91
"865",135,1983,91.44,88.23,91.84,88.27
"866",136,1983,90.38,90.43,90.5,89.25
"867",137,1983,88.15,86.37,88.23,87.14
"868",138,1983,90.15,86.33,87.4,86.38
"869",139,1983,89.8,88.13,88.63,88.31
"870",140,1983,88.45,88.98,88.52,87.4
"871",141,1983,90.61,86.56,86.65,86.57
"872",142,1983,88.23,89.52,89.57,89.85
"873",143,1983,84.9,85.38,85.09,83.51
"874",144,1983,87.66,85.73,85.13,83.45
"875",145,1983,89.45,88.13,88.59,87.19
"876",146,1983,90.14,87.56,90.52,87.09
"877",147,1983,90.72,88.81,87.64,89.46
"878",148,1983,93.74,90.82,91.35,91.57
"879",149,1983,92.54,91.79,93.17,91.37
"880",150,1983,86.53,85.58,85.89,85.67
"881",151,1983,86.13,85,84.3,85.36
"882",152,1983,92.84,90.48,91.1,91.38
"883",153,1983,89.84,91.09,94.51,90.31
"884",154,1983,89.69,90.13,92.01,89.95
"885",155,1983,91.95,90.24,92.19,90.3
"886",156,1983,89.18,87.09,91.41,87.73
"887",157,1983,91.27,88.45,90,88.44
"888",158,1983,94.96,92.78,94.37,93.14
"889",159,1983,89.43,88.99,89.84,90.28
"890",160,1983,85.24,84.44,88,85.22
"891",161,1983,86.48,85.21,87.09,83.79
"892",162,1983,89.2,87.46,89.61,86.21
"893",163,1983,90.73,87.26,89.03,87.72
"894",164,1983,88.93,86.67,88.22,85.39
"895",165,1983,95.34,92.84,94.4,92.02
"896",166,1983,89.57,86.85,89.49,87.3
"897",167,1983,91.37,87.67,91.35,87.64
"898",168,1983,89.37,86.82,90.37,86.65
"899",169,1983,88.26,85.81,88.5,83.49
"900",170,1983,86.21,84.38,87.19,84.57
"901",171,1983,89.18,85.87,86.71,85.89
"902",172,1983,91.69,91.17,91.3,92.79
"903",173,1983,87.86,87.7,87.64,86.98
"904",174,1983,86.67,85.22,86.17,87.33
"905",175,1983,89.69,86.17,89.39,86.49
"906",176,1983,94.39,91.54,92.8,90.43
"907",177,1983,90.15,88.13,88.32,86.61
"908",178,1983,89.72,87.3,88.98,85.48
"909",179,1983,94.19,89.14,91.23,89.79
"910",180,1983,93.7,89.69,93.55,89.71
"911",181,1983,89.65,86.31,89.78,87.47
"912",182,1983,91.02,86.88,88.2,87.29
"913",183,1983,88.83,87.47,89.65,86.49
"914",184,1983,88.13,87.33,88.42,86.79
"915",185,1983,91.88,88.33,89.17,89.52
"916",186,1983,87.27,86.74,88.7,88.47
"917",187,1983,85,84.1,86.33,82.81
"918",188,1983,89.71,85.65,87.64,85.46
"919",189,1983,93.41,90.25,90.7,90.24
"920",190,1983,90.14,88.52,90.87,88.33
"921",191,1983,85.84,85.66,86.3,85.77
"922",192,1983,86.9,85.19,85.8,84.48
"923",193,1983,91.49,89.13,89.49,88.3
"924",194,1983,90.72,88.55,89.3,88.31
"925",195,1983,87.71,86.71,88.43,85.38
"926",196,1983,88.64,88.65,88.59,88.69
"927",197,1983,91.74,88.63,91.14,87.83
"928",198,1983,93.78,90.4,89.85,91.27
"929",199,1983,92.93,89.99,90.8,90.77
"930",200,1983,92.05,89.91,91.71,89.36
"931",201,1983,92.1,90.53,91.9,91.98
"932",202,1983,90.03,88.52,88.64,89.26
"933",203,1983,91.76,91.53,91.95,91.37
"934",204,1983,90.44,88.77,88.69,89.35
"935",205,1983,86.33,86.21,86.37,87.57
"936",206,1983,84.35,83.53,85.17,83.61
"937",207,1983,89.33,86.75,89.99,88.45
"938",208,1983,87.51,87.08,88.21,88.34
"939",209,1983,90.01,87.52,87.95,86.93
"940",210,1983,91.03,87.56,87.28,86.71
"941",211,1983,92.94,88.19,89.06,90.35
"942",212,1983,94.14,91.45,92.54,92.69
"943",213,1983,92.13,89.69,91.8,88.89
"944",214,1983,91.65,89.87,92.86,88.48
"945",215,1983,92.6,89.33,91.88,88.89
"946",216,1983,91.07,88.55,90.64,87.75
"947",217,1983,86.67,85.67,87,86.73
"948",218,1983,92.71,89.38,91.26,87.8
"949",219,1983,89.84,87.09,88.55,87.17
"950",220,1983,86.8,84.41,88.13,84.62
"951",221,1983,87.81,87.24,87.98,86.39
"952",222,1983,89.8,86.93,86.61,86.23
"953",223,1983,88.53,85.31,86.51,84.84
"954",224,1983,91.92,85,85.22,87.09
"955",225,1983,86.74,83.92,85.9,83.2
"956",226,1983,85.41,83.89,83.67,83.53
"957",227,1983,89.27,88.3,89.67,86.4
"958",228,1983,92.95,89.63,89.87,90.04
"959",229,1983,91.28,88.63,91.96,86.21
"960",230,1983,92.88,90.41,90.29,89.04
"961",231,1983,90.27,87.86,88.76,87.31
"962",232,1983,89.62,86.88,90.9,83.74
"963",233,1983,88.37,85.57,86.48,84.3
"964",234,1983,91.18,87.53,88.94,88.29
"965",235,1983,90.07,88.3,89.39,89.17
"966",236,1983,92.59,88.07,89.32,89.25
"967",237,1983,94.25,90.85,91.84,91.67
"968",238,1983,90.9,87.39,89.46,86.42
"969",239,1983,88.87,84.11,86.73,85.68
"970",240,1983,94.33,88.83,91.87,91.71
"971",241,1983,93.15,89.25,91.01,89.96
"972",242,1983,89,87.3,88.47,88.55
"973",243,1983,86.19,84.12,85.46,84.43
"974",244,1983,91.05,86.66,89.17,87.39
"975",245,1983,93.04,89.36,91.96,88.04
"976",246,1983,89.68,86.77,87.45,86.14
"977",247,1983,92.55,86.94,88.24,89.06
"978",248,1983,93.14,88.3,88.56,88.77
"979",249,1983,89.86,87.06,87.87,87.4
"980",250,1983,88.54,87.3,88.87,85.87
"981",251,1983,91.91,89.58,89.01,90.23
"982",252,1983,91.32,89.52,89.98,90.09
"983",253,1983,89.25,86.01,87.2,85.78
"984",254,1983,88.25,85.86,88.67,85.71
"985",255,1983,90.45,86.64,90.36,87.09
"986",256,1983,91.17,86.89,89.44,87.76
"987",257,1983,90.28,86.78,91,86.56
"988",258,1983,89.14,85.35,87.37,85.55
"989",259,1983,91.71,88.38,89.15,89
"990",260,1983,91.12,88.64,91.83,88.33
"991",261,1983,89.22,85.23,85.88,86.28
"992",262,1983,89.97,86.59,89.31,87.75
"993",263,1983,92.34,90.12,91.98,89.42
"994",264,1983,89.48,87.6,90,86.46
"995",265,1983,90.1,86.1,87.92,86.3
"996",266,1983,90.85,86.37,90.01,86.96
"997",267,1983,88.3,85.02,87.03,86.68
"998",268,1983,87.69,84.06,87.4,85.33
"999",269,1983,87.29,84.47,85.22,83.91
"1000",270,1983,90.32,84.75,85.92,86.06
"1001",271,1983,91.33,86.37,88.81,88.84
"1002",272,1983,89.6,86.6,87.46,87.32
"1003",273,1983,89.69,87.91,91.29,85.88
"1004",274,1983,89.44,88.17,88.89,86.54
"1005",275,1983,95.09,90.79,93.68,89.08
"1006",276,1983,94.44,89.26,92.45,90.92
"1007",277,1983,92.65,89.04,91.8,90.72
"1008",278,1983,89.99,85.58,89.44,87.26
"1009",279,1983,89.49,84.47,86.88,85.26
"1010",280,1983,90.07,87.23,89.22,86.71
"1011",281,1983,92,88.09,88.15,88.1
"1012",282,1983,90.33,86.52,88.44,85.55
"1013",283,1983,90.8,86.56,89.14,85.92
"1014",284,1983,89.87,86.28,89.05,85.68
"1015",285,1983,92.65,88.98,91.58,90.63
"1016",286,1983,90.36,87.46,92.54,88.58
"1017",287,1983,90.41,88.95,92.44,87.67
"1018",288,1983,88.72,87.38,88.34,84.86
"1019",289,1983,89.75,86.56,90.59,85.45
"1020",290,1983,85.49,85.32,85.48,84.2
"1021",291,1983,85.9,83.23,84.92,83.87
"1022",292,1983,91.06,87.58,91.79,87.51
"1023",293,1983,92.65,90.07,93.13,90.39
"1024",294,1983,89.77,86.32,87.93,86.05
"1025",295,1983,87.24,86.31,87.17,86.17
"1026",296,1983,87.82,85.45,88.61,85.65
"1027",297,1983,92.67,89.4,92.6,89.14
"1028",298,1983,93.41,89.32,92.13,88.42
"1029",299,1983,89.95,88.66,89.33,88.54
"1030",300,1983,90.32,86.11,90.64,85.09
"1031",301,1983,91.36,87.75,93.29,86.83
"1032",302,1983,92.91,89.68,92.6,88.29
"1033",303,1983,91.86,88.22,89.62,87.45
"1034",304,1983,89.33,86.76,87.03,85.7
"1035",305,1983,91.06,85.55,89,86.6
"1036",306,1983,91.91,88.18,90.39,87.77
"1037",307,1983,92.54,88.58,89.44,88.77
"1038",308,1983,87.84,85.69,86.85,86.26
"1039",309,1983,86.04,85.15,87.54,85.87
"1040",310,1983,89.69,86.86,87.25,87.1
"1041",311,1983,91.12,86.22,88.41,87.49
"1042",312,1983,90.45,85.35,87.36,85.59
"1043",313,1983,87.31,84.41,87.13,83.54
"1044",314,1983,86.06,83.56,85.11,83.55
"1045",315,1983,90.01,85.12,86.13,85.23
"1046",316,1983,88.82,85.18,87.09,84.64
"1047",317,1983,85.18,81.01,83.03,81.6
"1048",318,1983,83.14,77.87,79.71,79.06
"1049",319,1983,85.12,80.1,81.76,80.61
"1050",320,1983,91.56,87.19,90.41,86.58
"1051",321,1983,87.56,84.86,89.69,85.28
"1052",322,1983,87.59,84.45,87.87,85.3
"1053",323,1983,90.64,86.79,90.56,87.75
"1054",324,1983,89.88,86.37,89.95,85.84
"1055",325,1983,89.72,84.16,85.77,86.54
"1056",326,1983,89.71,82.95,85.63,83.51
"1057",327,1983,90.32,83.71,86.9,84.2
"1058",328,1983,89.44,83.44,87.69,84.74
"1059",329,1983,92.2,86.55,87.89,86.38
"1060",330,1983,93.95,91.12,92.76,90.18
"1061",331,1983,92.19,88.54,91.36,88.43
"1062",332,1983,91.33,86.62,89.67,87.5
"1063",333,1983,90.36,86.02,86.34,87.01
"1064",334,1983,89.5,85.1,86.3,86.24
"1065",335,1983,86.67,80.8,82.12,82.17
"1066",336,1983,85.95,81.25,83.3,80.49
"1067",337,1983,90.82,85.69,86.71,85.8
"1068",338,1983,93.6,87.94,87.76,89.23
"1069",339,1983,89.73,83.59,83.45,84.34
"1070",340,1983,82.06,77.95,78.17,79.09
"1071",341,1983,81.63,79.32,78.57,79.65
"1072",342,1983,85.28,80.51,81.1,80.48
"1073",343,1983,89.54,83.65,85.99,81.94
"1074",344,1983,93.78,86.24,90.32,84.83
"1075",345,1983,92.02,87.92,91.17,85.67
"1076",346,1983,88.59,86.26,85.96,86.07
"1077",347,1983,89.67,86.43,89.05,86.88
"1078",348,1983,90.98,87.1,90.86,88.68
"1079",349,1983,91.45,87.32,88.29,88.31
"1080",350,1983,91.41,87.2,88.28,87.21
"1081",351,1983,88.24,85.26,84.44,85.58
"1082",352,1983,88.42,84.35,82.67,84.52
"1083",353,1983,90.64,86.36,86.35,87.8
"1084",354,1983,91.41,85.39,88.53,88.02
"1085",355,1983,93.04,87.22,88.64,88.35
"1086",356,1983,88.96,83.73,83.29,83.59
"1087",357,1983,89.29,83.2,84.44,83.26
"1088",358,1983,91.67,85.15,86.9,86.4
"1089",359,1983,90.47,85.97,88.9,85.65
"1090",360,1983,93.72,89.76,91,89.94
"1091",361,1983,93.04,87.45,85.93,88.13
"1092",362,1983,85.59,79.05,76.81,80.25
"1093",363,1983,75.02,71.14,65.66,74.25
"1094",364,1983,75.33,73.6,67.79,73.84
"1095",365,1983,78.06,73.78,69.85,75.15
"1096",1,1984,78.89,74.29,69.25,76.97
"1097",2,1984,78.48,73.47,69.68,77.04
"1098",3,1984,77.11,71,65.9,75.4
"1099",4,1984,77.41,70.26,69.1,73.82
"1100",5,1984,78.87,71.72,73.09,74.24
"1101",6,1984,86.12,77.37,82.53,77.5
"1102",7,1984,89.41,78.05,77.4,83.9
"1103",8,1984,79.52,67.52,63.03,74.22
"1104",9,1984,74.37,61.75,57.24,68.37
"1105",10,1984,74.32,63.14,61.21,68.98
"1106",11,1984,73.39,65.14,62.71,70.46
"1107",12,1984,69.18,60.62,59.23,66.98
"1108",13,1984,67.2,56.87,58.69,62.28
"1109",14,1984,80.25,63.8,68.36,65.03
"1110",15,1984,87.11,73.81,79.48,76.25
"1111",16,1984,89.72,78.96,77.21,82.76
"1112",17,1984,93.63,90.26,88.79,91.81
"1113",18,1984,95.42,92.19,93.39,93.09
"1114",19,1984,93.32,89.3,89.27,89.95
"1115",20,1984,87.98,85.63,81.58,87.07
"1116",21,1984,85.79,79.24,77.78,81.33
"1117",22,1984,87.47,79.45,75.58,81.05
"1118",23,1984,87.29,78.72,78.48,77.91
"1119",24,1984,88.5,80.78,79.28,81.92
"1120",25,1984,85.21,76.81,73.03,78.88
"1121",26,1984,82.4,73.11,69.69,75.59
"1122",27,1984,81.98,71.82,67.01,76.27
"1123",28,1984,79.03,68.72,65.19,71.17
"1124",29,1984,77.99,65.77,63.09,70.14
"1125",30,1984,79.96,63.94,64.22,64.71
"1126",31,1984,84.5,70.83,72.2,69.59
"1127",32,1984,94.48,86.89,86.84,87.57
"1128",33,1984,93.38,87.92,86.15,89.87
"1129",34,1984,90.54,83.16,85.14,84.29
"1130",35,1984,89.83,80.58,80.31,80.74
"1131",36,1984,91.58,81.02,78.16,79.84
"1132",37,1984,91.57,76.84,79.3,76.3
"1133",38,1984,92.31,80.42,78.83,81.92
"1134",39,1984,92.22,82.57,80.73,85.57
"1135",40,1984,89.27,80.92,80.24,83.68
"1136",41,1984,88.37,73.93,73.59,76.21
"1137",42,1984,85.64,69.63,69.71,72.46
"1138",43,1984,84.52,67.74,66.85,70.53
"1139",44,1984,86.83,68.08,66.67,69.74
"1140",45,1984,88.58,74.67,74.28,77.49
"1141",46,1984,88.45,73.49,73.56,77.21
"1142",47,1984,91.06,79.29,79.05,83.15
"1143",48,1984,92.26,84.85,84.65,88.79
"1144",49,1984,92.18,87.96,84.95,88.59
"1145",50,1984,93.08,85.43,83.27,86.99
"1146",51,1984,93.01,86.99,84.05,89.72
"1147",52,1984,92.16,83.79,85.54,84.08
"1148",53,1984,94.93,90.01,87.65,90.7
"1149",54,1984,93.84,87.48,85.81,90.48
"1150",55,1984,92.28,84.01,81.03,83.89
"1151",56,1984,86.06,75.46,72.74,76.7
"1152",57,1984,82.64,70.76,68.53,72.99
"1153",58,1984,82.41,70.32,70.87,71.7
"1154",59,1984,87.12,73.27,72.46,72.73
"1155",60,1984,91.53,82.6,76.61,80.88
"1156",61,1984,91.43,82.91,77.76,86.64
"1157",62,1984,87.11,80.29,77.1,83.88
"1158",63,1984,89.28,83.39,74.99,87.24
"1159",64,1984,91.32,83.37,82.22,86.01
"1160",65,1984,93.04,87.76,86.46,89.2
"1161",66,1984,90.9,83.94,80.7,86.69
"1162",67,1984,86.53,75.76,74.39,78.01
"1163",68,1984,84.34,72.2,69.46,74.67
"1164",69,1984,82.83,69.01,62.38,73.2
"1165",70,1984,76.75,60.81,51.32,67.82
"1166",71,1984,73.54,56.32,49.37,64.86
"1167",72,1984,70.75,56.66,50.17,62.19
"1168",73,1984,71.6,56.2,51.67,63.1
"1169",74,1984,72.21,56.9,52.06,61.12
"1170",75,1984,70.45,52.95,50.03,60.5
"1171",76,1984,67.46,50.04,46.53,59.3
"1172",77,1984,67.08,49.79,46.87,57.53
"1173",78,1984,70.49,51.94,49.27,58.36
"1174",79,1984,79.48,62.65,60.83,62.71
"1175",80,1984,89.39,68.74,67.2,73.25
"1176",81,1984,88.48,75.05,76.9,78.26
"1177",82,1984,91.01,77.81,76.82,78.49
"1178",83,1984,90.76,79.25,75.31,80.65
"1179",84,1984,89.84,76.84,70.76,78.56
"1180",85,1984,84.1,73.89,66.87,75.42
"1181",86,1984,82.83,68.57,64.9,70.76
"1182",87,1984,84.08,70.7,68.19,72.98
"1183",88,1984,90.87,82.31,81.88,83.58
"1184",89,1984,90.79,86.06,87.14,87.65
"1185",90,1984,93.29,84.95,80.81,86.25
"1186",91,1984,92.98,86.72,88.1,86.49
"1187",92,1984,89.56,86.97,81.9,88.43
"1188",93,1984,84.88,79.6,75.26,81.09
"1189",94,1984,84.07,72.88,66.56,74.82
"1190",95,1984,82.37,69.56,63.72,71.53
"1191",96,1984,83.2,70.48,66.47,71.55
"1192",97,1984,89.3,79.76,70.82,78.67
"1193",98,1984,91.26,83.21,75.97,83.26
"1194",99,1984,88.56,84.64,78.17,83.23
"1195",100,1984,88.14,82.45,77.54,82.1
"1196",101,1984,88.52,83.22,81.52,83.91
"1197",102,1984,89.85,83.92,85.1,82.76
"1198",103,1984,89.6,84.18,86.46,82.38
"1199",104,1984,92.72,88.89,89.49,86.78
"1200",105,1984,92.47,88.64,83.69,90.12
"1201",106,1984,89.63,85.13,85.59,83.68
"1202",107,1984,91.17,85.23,84.41,87.2
"1203",108,1984,89.19,82,81.21,83.21
"1204",109,1984,84.15,75.66,72.84,79.13
"1205",110,1984,84.18,72.36,73.98,73.62
"1206",111,1984,87.06,76.42,74.27,76.97
"1207",112,1984,86.93,77.04,71.61,78.65
"1208",113,1984,87.51,75.52,73.2,77.61
"1209",114,1984,90.4,80.26,78.83,80.89
"1210",115,1984,87.36,81.66,79.23,84.62
"1211",116,1984,93.07,90.31,88.1,92.73
"1212",117,1984,94.74,88.19,92.46,89.83
"1213",118,1984,90.43,86.6,87.34,84.45
"1214",119,1984,90.3,87.03,89.73,87.53
"1215",120,1984,93.13,90.66,91.02,89.98
"1216",121,1984,92.65,94.11,92.28,95.73
"1217",122,1984,89.7,85.71,84.78,86.07
"1218",123,1984,91.65,84.7,91.3,83.75
"1219",124,1984,88.9,84.25,86.72,85.43
"1220",125,1984,82.9,77.83,78.02,79.22
"1221",126,1984,82.21,74.83,76.43,78.44
"1222",127,1984,81.51,73.06,72.85,78.21
"1223",128,1984,84.33,74.55,75.23,77.58
"1224",129,1984,84.17,72.64,72.73,76.64
"1225",130,1984,89.33,82.71,84.03,83.9
"1226",131,1984,90.33,89.58,89.96,90.4
"1227",132,1984,93.69,94.3,90.97,95.59
"1228",133,1984,90.95,89.29,90.15,84.81
"1229",134,1984,85.9,83.47,80.89,88.21
"1230",135,1984,88.26,79.16,79.65,85.5
"1231",136,1984,90.73,80.43,85.29,83.75
"1232",137,1984,95,91.71,95.44,93.1
"1233",138,1984,91.17,86.5,90.21,87.86
"1234",139,1984,86.24,85.04,86.65,85.53
"1235",140,1984,89.27,85.02,86.48,85.33
"1236",141,1984,92.45,88.06,89.21,89.1
"1237",142,1984,90.61,82.09,82.35,81.28
"1238",143,1984,89.27,78.88,83.44,77.09
"1239",144,1984,95.44,91.21,92.62,91.95
"1240",145,1984,86.19,85.45,88.69,83.65
"1241",146,1984,86.52,85.57,88.07,85.16
"1242",147,1984,95.48,93.24,94.39,94.22
"1243",148,1984,90.97,90.92,92.74,89.39
"1244",149,1984,91.27,89.75,92.13,89.16
"1245",150,1984,91.12,87.58,90.39,88.31
"1246",151,1984,91.45,87.49,91.18,87.42
"1247",152,1984,93.3,90.8,92.01,89.81
"1248",153,1984,92.55,89.72,93.44,91.55
"1249",154,1984,94.59,90.82,92.41,91.64
"1250",155,1984,95.45,91.58,93.31,92.15
"1251",156,1984,94.12,92.27,92.44,93.12
"1252",157,1984,91.96,89.4,91.43,90.41
"1253",158,1984,92.36,89.91,92.28,91.04
"1254",159,1984,93.37,89.98,92.79,90.95
"1255",160,1984,95.93,92.88,94.96,92.35
"1256",161,1984,84.61,84.79,87.22,83.49
"1257",162,1984,85.55,84.93,84.76,86.07
"1258",163,1984,92.15,90.86,89.44,91.12
"1259",164,1984,92.87,89.68,92.11,89.47
"1260",165,1984,94.37,90.82,92.4,91.38
"1261",166,1984,95.24,92.45,92,92.56
"1262",167,1984,94.34,90.9,90.37,92.02
"1263",168,1984,93.36,89.06,89.65,89.86
"1264",169,1984,93.64,91.17,89.2,92.26
"1265",170,1984,94.32,92.01,92.21,92.77
"1266",171,1984,93.27,91.93,91.66,91.32
"1267",172,1984,88.82,85.84,88.59,84.71
"1268",173,1984,89.2,86.58,89.22,87.44
"1269",174,1984,93.24,91.63,93.36,90.79
"1270",175,1984,91.79,90.02,93.68,89.98
"1271",176,1984,91.99,89.9,91.28,89.11
"1272",177,1984,93.16,90.54,91.28,89.39
"1273",178,1984,92.24,89.41,89.14,89.53
"1274",179,1984,90.76,87.78,87.96,89.21
"1275",180,1984,94.51,90.58,90.57,91.17
"1276",181,1984,92.93,90.16,91.6,91.88
"1277",182,1984,93.19,90.65,92.31,89.74
"1278",183,1984,89.35,89.81,90.71,89.06
"1279",184,1984,91.03,87.08,89.8,86.22
"1280",185,1984,90.7,89.81,88.1,89.53
"1281",186,1984,91.28,87.88,90.18,87.48
"1282",187,1984,91.9,89.86,91.74,90.04
"1283",188,1984,88.17,87.73,87.4,88.36
"1284",189,1984,92.65,87.92,90.81,88.67
"1285",190,1984,94.21,89.52,91.32,91.42
"1286",191,1984,92.64,88.46,91.6,87.47
"1287",192,1984,89.18,83.92,85.38,83.06
"1288",193,1984,91.69,81.74,83.1,85.02
"1289",194,1984,88.56,84.48,88.45,84.39
"1290",195,1984,92.61,88.18,89.63,89.51
"1291",196,1984,92.83,90.61,92.52,89.85
"1292",197,1984,89.65,90.83,90.77,90.34
"1293",198,1984,91.02,89.98,90.39,90.88
"1294",199,1984,88.99,86.42,89.95,87.24
"1295",200,1984,91.94,88.09,87.4,88.16
"1296",201,1984,92.5,88.4,92.3,87.89
"1297",202,1984,91,87.15,88.95,86.52
"1298",203,1984,86.16,83.49,88.95,81.41
"1299",204,1984,89.09,86.64,88.11,86.12
"1300",205,1984,90.49,86.67,88.35,85
"1301",206,1984,92.27,88.55,91.28,88.8
"1302",207,1984,89.12,86.76,87.31,87.86
"1303",208,1984,92.37,87.83,91.7,86.03
"1304",209,1984,93.48,89.2,94.29,87.68
"1305",210,1984,94.11,90.19,91.15,90.53
"1306",211,1984,91.31,88.13,88.03,89.18
"1307",212,1984,90.83,86.47,91,84.76
"1308",213,1984,88.11,85.22,89.34,82.1
"1309",214,1984,90.12,86.38,87.92,86.7
"1310",215,1984,89.18,86.56,89.11,87.77
"1311",216,1984,91.18,87.95,88.8,89.06
"1312",217,1984,91.42,89.13,89.65,88.62
"1313",218,1984,90.65,88,86.82,89.25
"1314",219,1984,89.4,87.46,87.51,87.62
"1315",220,1984,90.59,89.69,89.67,90.37
"1316",221,1984,94.54,90.53,92.64,91.92
"1317",222,1984,91.37,90.08,90.36,91.02
"1318",223,1984,92.23,89.85,91.72,90.42
"1319",224,1984,92.46,90.24,90.73,90.17
"1320",225,1984,91.96,88.92,92.22,87.87
"1321",226,1984,92.61,89.3,90.11,90.81
"1322",227,1984,90.16,87.8,89.22,87.34
"1323",228,1984,86.87,84.23,87.11,86.18
"1324",229,1984,90.34,86.22,89.08,88.12
"1325",230,1984,92.41,88.66,91.26,86.9
"1326",231,1984,91.61,88.2,90.14,87.58
"1327",232,1984,93.28,88.23,91.15,88.72
"1328",233,1984,90.99,87.81,89.05,88.75
"1329",234,1984,89.75,86.91,90.11,87.25
"1330",235,1984,89.5,86.44,88.79,86.28
"1331",236,1984,88,85.68,86.9,86.39
"1332",237,1984,89.67,86.07,87.18,86.85
"1333",238,1984,90.61,87.67,89.29,87.52
"1334",239,1984,94.1,90.39,92.76,89.49
"1335",240,1984,91.07,87.16,90.52,87
"1336",241,1984,87.75,87.2,91.23,80.52
"1337",242,1984,90.57,88.73,91.64,83.68
"1338",243,1984,93.08,87.08,90.03,84.1
"1339",244,1984,88.61,84.06,89,80.83
"1340",245,1984,88.46,85.43,85.16,83.34
"1341",246,1984,89.77,85.79,88.11,85.05
"1342",247,1984,91.61,87.22,88.84,86.82
"1343",248,1984,93.22,88.51,92.9,88.21
"1344",249,1984,90.62,86.82,91.36,85.36
"1345",250,1984,91.27,88.83,90.54,88.17
"1346",251,1984,89.43,84.78,88.31,84.51
"1347",252,1984,91.31,86.4,88.8,86.77
"1348",253,1984,93.78,90.06,93,88.65
"1349",254,1984,92.43,87.7,89.24,86.92
"1350",255,1984,91.44,88.33,88.87,88.69
"1351",256,1984,90.35,89.39,90.87,87.08
"1352",257,1984,91.33,86.77,89.44,87.59
"1353",258,1984,90.02,86.86,89.65,85.61
"1354",259,1984,89.99,85.81,89.4,86.54
"1355",260,1984,90.06,86.63,91.22,85.62
"1356",261,1984,89.98,87.13,90.99,86.13
"1357",262,1984,92.12,87.65,92.1,85.68
"1358",263,1984,86.66,86.37,86.28,86.2
"1359",264,1984,87.76,88.61,88.85,89.25
"1360",265,1984,90.84,88.93,91,89.77
"1361",266,1984,91.74,87.83,88.59,88.04
"1362",267,1984,93.22,91.49,92.66,91
"1363",268,1984,85.16,86.24,86.37,84.75
"1364",269,1984,84.39,84.16,83.7,83.49
"1365",270,1984,85.14,83.8,84.1,84.91
"1366",271,1984,88.8,86,87.45,86.26
"1367",272,1984,90.26,85.79,88.97,87.64
"1368",273,1984,91.97,88.03,90.78,89.05
"1369",274,1984,91.33,86.99,90.01,87.89
"1370",275,1984,90.01,87.27,89.06,87.36
"1371",276,1984,86.32,84.31,88.01,83.67
"1372",277,1984,88.58,86.61,86.58,86.97
"1373",278,1984,89.04,85.95,88.17,85.85
"1374",279,1984,91.32,86.08,90.82,87.26
"1375",280,1984,89.73,86.76,87.76,88.13
"1376",281,1984,89.81,85.78,88.55,86.74
"1377",282,1984,88.81,88.25,89.68,87.96
"1378",283,1984,88.99,85.94,88.06,85.75
"1379",284,1984,87.77,84.5,86.76,84.76
"1380",285,1984,90.53,86.7,88.51,85.6
"1381",286,1984,91.56,89.53,92.39,88.98
"1382",287,1984,91.04,86.59,92.21,88.98
"1383",288,1984,91.58,87.73,90.94,87.97
"1384",289,1984,89.78,86.57,88.46,85.81
"1385",290,1984,90.9,88.55,89.54,88.47
"1386",291,1984,91.98,88.68,90.64,89.87
"1387",292,1984,91.06,88.99,92.88,89.02
"1388",293,1984,88.32,87.42,90.23,84.09
"1389",294,1984,90.44,87.68,88.05,86.89
"1390",295,1984,90.91,87.98,88.44,88.95
"1391",296,1984,86.27,84.88,84.94,84.91
"1392",297,1984,88.84,84.75,85.32,86.05
"1393",298,1984,88.06,85.4,88.4,86.15
"1394",299,1984,87.7,85.06,87.16,84.91
"1395",300,1984,91.7,85.15,86.82,86.88
"1396",301,1984,90.21,86.67,88.21,89.2
"1397",302,1984,87.56,85.9,87.75,86.47
"1398",303,1984,89.48,86.9,88.82,90.39
"1399",304,1984,85.79,84.04,85.44,86.32
"1400",305,1984,89.31,86.56,88.14,87.61
"1401",306,1984,92.85,89.58,91.38,90.01
"1402",307,1984,91.43,88.44,90.22,91.2
"1403",308,1984,86.72,86.59,87.19,88.51
"1404",309,1984,89.58,86.37,86.79,90.32
"1405",310,1984,89.75,88.43,90.42,88.34
"1406",311,1984,93.66,88.84,92.7,90.21
"1407",312,1984,91.21,89.03,86.91,90.78
"1408",313,1984,91.41,90.37,92.5,89.85
"1409",314,1984,86.08,83.33,85.52,84.27
"1410",315,1984,84.59,83.16,83.13,83.72
"1411",316,1984,89.47,85.38,86.52,87.05
"1412",317,1984,90.63,87.26,88.72,86.76
"1413",318,1984,89.59,86.98,87.15,86.62
"1414",319,1984,90.86,87.18,87.72,86.52
"1415",320,1984,92.13,88.58,88.69,88.7
"1416",321,1984,90.01,86.52,89.75,86.53
"1417",322,1984,88.82,86.28,89.28,86.05
"1418",323,1984,92.5,87.76,89.05,89.51
"1419",324,1984,95.48,91.24,93.71,92.59
"1420",325,1984,94.02,88.9,91.27,89.17
"1421",326,1984,90.04,86.51,87.64,86.77
"1422",327,1984,89.56,85.49,86.44,86.14
"1423",328,1984,89.03,84.52,86.21,84.35
"1424",329,1984,88.4,83.3,86.57,82.93
"1425",330,1984,91.36,88.72,90.06,89.83
"1426",331,1984,94.23,91.58,92.12,93.27
"1427",332,1984,92.43,88.67,91.9,87.07
"1428",333,1984,91.12,87.66,89.04,89.07
"1429",334,1984,91.88,89.12,88.47,89.53
"1430",335,1984,90.9,85.31,88.73,85.7
"1431",336,1984,88.39,84.51,84.3,85.07
"1432",337,1984,85.9,80.03,78.71,80.28
"1433",338,1984,78.48,74.97,75.14,75.83
"1434",339,1984,79.1,77.2,76.6,77.56
"1435",340,1984,81.3,79.94,77.57,81.53
"1436",341,1984,82.77,77.83,78.95,79.28
"1437",342,1984,82.1,78.51,79.65,79.08
"1438",343,1984,78.96,75.56,77.64,75.74
"1439",344,1984,78.47,75.29,75.89,75.67
"1440",345,1984,80.54,76.33,77.86,75.82
"1441",346,1984,84.71,80.21,83.38,78.88
"1442",347,1984,86.76,81.05,83.18,80.95
"1443",348,1984,86.27,78.61,79.78,80.05
"1444",349,1984,84.37,76.86,76.66,77.9
"1445",350,1984,76.43,70.94,70.85,73.04
"1446",351,1984,73.64,69.21,68.98,70.33
"1447",352,1984,70.53,66.54,67.36,69.31
"1448",353,1984,75.42,66.88,71.45,68.95
"1449",354,1984,84.1,70.83,80.61,70.22
"1450",355,1984,88.51,76.89,85.85,76.73
"1451",356,1984,85.64,75.67,80.42,76.49
"1452",357,1984,89.66,79.69,84.11,81.09
"1453",358,1984,92.96,87.37,84.91,88.78
"1454",359,1984,89.9,84.7,81.29,87.45
"1455",360,1984,83.97,78.85,76.05,80.54
"1456",361,1984,82.66,77.31,74.9,77.36
"1457",362,1984,83.2,74.93,74.61,76.05
"1458",363,1984,81.9,70.14,69.47,73.1
"1459",364,1984,74.37,67.21,67.62,68.24
"1460",365,1984,72.5,64.94,64.96,67.82
"1461",366,1984,65.62,59.25,59.71,62.23
"1462",1,1985,66.57,58.96,60.11,62.06
"1463",2,1985,70.29,62.89,64.07,63.97
"1464",3,1985,72.52,61.66,63.85,64.27
"1465",4,1985,70.61,59.62,59.41,64.34
"1466",5,1985,62.95,55.42,53.89,59.48
"1467",6,1985,58.3,53.11,55.48,55.1
"1468",7,1985,62.06,55.82,59.73,55.72
"1469",8,1985,65.29,57.9,63.06,56.02
"1470",9,1985,69.26,60.64,64.76,60.69
"1471",10,1985,68.53,59.23,60.53,59.94
"1472",11,1985,62.89,55.16,55.34,55.88
"1473",12,1985,54.88,49.6,51.86,51.26
"1474",13,1985,52.03,48.43,53.02,48.53
"1475",14,1985,52.88,49.7,54.71,47.16
"1476",15,1985,53.32,49.9,55.24,47.27
"1477",16,1985,56.08,53.42,57.19,50.77
"1478",17,1985,57.8,56.83,55.37,56.11
"1479",18,1985,51.66,52.09,46.5,54.49
"1480",19,1985,47.31,46.85,49.34,49.12
"1481",20,1985,45.09,44.53,46.95,46.33
"1482",21,1985,46.95,46.19,50.31,45.09
"1483",22,1985,50.67,52.2,54.54,50.44
"1484",23,1985,53.37,52.53,52.28,53.94
"1485",24,1985,47.89,47.84,47.72,49.05
"1486",25,1985,49.27,49.48,52.34,48.03
"1487",26,1985,46.74,47.58,50.35,46.64
"1488",27,1985,45.89,47.54,52.83,43.98
"1489",28,1985,47.24,47.45,50.22,46.71
"1490",29,1985,44.13,45.02,46.95,46.43
"1491",30,1985,45.02,46.86,45.84,46.37
"1492",31,1985,42.97,46.07,46.99,45.3
"1493",32,1985,47.6,46.81,51.87,44.22
"1494",33,1985,44.86,44.25,45.16,44.39
"1495",34,1985,43.84,43.83,45.2,46.63
"1496",35,1985,44.01,42.16,47.43,43.05
"1497",36,1985,42.1,40.86,44.37,40
"1498",37,1985,45.61,46.17,47.19,44.6
"1499",38,1985,54.31,48.26,49.25,48.77
"1500",39,1985,68.96,60.23,56.73,61.79
"1501",40,1985,83.24,69.06,69.79,70.59
"1502",41,1985,84.43,71.77,69.52,71.95
"1503",42,1985,82.94,57.02,59.94,58.19
"1504",43,1985,73.46,47.73,49.41,50.09
"1505",44,1985,64.94,43.28,44.89,46.13
"1506",45,1985,59.53,41,45.08,43.94
"1507",46,1985,60.11,44.01,48.58,45.02
"1508",47,1985,59.67,45.91,49.39,46.02
"1509",48,1985,67.4,46.1,52.07,45.85
"1510",49,1985,67.24,45.43,48.42,46.61
"1511",50,1985,58.6,41.56,43.65,45.94
"1512",51,1985,54.56,44.8,46.6,45.79
"1513",52,1985,53.15,42.72,46.11,42.05
"1514",53,1985,60.12,43.42,46.01,43.22
"1515",54,1985,53.83,43.25,42.38,43.82
"1516",55,1985,44.34,41.77,43.75,41.85
"1517",56,1985,44.68,42.91,45.62,42.27
"1518",57,1985,44.21,42.39,44.95,41.98
"1519",58,1985,50.72,47.08,50.39,44.37
"1520",59,1985,66.09,56.38,57.12,58.37
"1521",60,1985,81.99,63.48,66.21,67.82
"1522",61,1985,87.54,79.03,71.91,82.22
"1523",62,1985,84.71,72.91,69.57,74.14
"1524",63,1985,86.07,69.18,65.46,75.15
"1525",64,1985,88.59,69.45,67.99,76.37
"1526",65,1985,90.18,75.7,73.64,81.72
"1527",66,1985,85.08,68.07,65.88,74.68
"1528",67,1985,75.83,53.51,50.5,59.21
"1529",68,1985,71.9,46.48,45.95,51.77
"1530",69,1985,66.92,43.56,42.85,49.67
"1531",70,1985,69.21,47.42,49.06,51.11
"1532",71,1985,76.02,48.87,52.5,52.7
"1533",72,1985,76.21,48.58,49.23,50.5
"1534",73,1985,65.57,43.14,44.14,45.6
"1535",74,1985,57.77,41.64,44.94,42.36
"1536",75,1985,60.11,40.68,45.33,40.95
"1537",76,1985,64.6,43.98,50.57,43.78
"1538",77,1985,72.54,47.27,54.99,46.63
"1539",78,1985,79.73,58.87,63.31,53.3
"1540",79,1985,73.58,47.82,46.32,53.08
"1541",80,1985,60.68,38.16,39.3,41.06
"1542",81,1985,51.48,39.72,42.08,39.72
"1543",82,1985,53.53,37.8,41.27,38.12
"1544",83,1985,57.76,41.3,48.42,39.93
"1545",84,1985,71.7,51.37,58.14,49.41
"1546",85,1985,87.07,60.52,65.55,59.43
"1547",86,1985,88.79,72.47,65.63,80.75
"1548",87,1985,88.5,68.66,62.25,79.9
"1549",88,1985,89.1,68.51,68.53,78.62
"1550",89,1985,88.89,74.51,72.85,80.54
"1551",90,1985,89.43,75.35,77.17,78.41
"1552",91,1985,86.93,70.59,72.11,75.29
"1553",92,1985,89.14,78.87,75.62,83.38
"1554",93,1985,87.28,77.74,73.22,82.1
"1555",94,1985,90.21,78.83,73.2,84.15
"1556",95,1985,90.72,78.94,69.15,85.49
"1557",96,1985,89.2,76.82,70.79,83.61
"1558",97,1985,86.31,70.76,64.36,78.51
"1559",98,1985,89.25,63.57,60.13,69.32
"1560",99,1985,89,67.85,66.15,76.56
"1561",100,1985,90.25,75.12,71.2,79.15
"1562",101,1985,84.26,66.59,60.34,75.72
"1563",102,1985,77.27,53.15,46.44,63.61
"1564",103,1985,74.45,54.35,50.49,61.14
"1565",104,1985,77.56,57.22,54.55,62.52
"1566",105,1985,82.09,61.26,59.1,63.39
"1567",106,1985,81.91,56.1,54.37,60.08
"1568",107,1985,82.12,55.24,54,59.38
"1569",108,1985,81.77,60.22,60.19,61.83
"1570",109,1985,89.11,72.75,70.74,75.89
"1571",110,1985,90.55,83.58,83.54,86.16
"1572",111,1985,88.67,83.88,84.2,84.36
"1573",112,1985,89.62,83.56,85.79,85.4
"1574",113,1985,90.12,85.51,89.24,84.57
"1575",114,1985,93.41,89.36,90.15,91.73
"1576",115,1985,93.8,88.57,87.41,90.59
"1577",116,1985,92.73,88.43,88.63,89.21
"1578",117,1985,91.6,87.31,88.26,88.12
"1579",118,1985,91.91,88.25,86.55,89.23
"1580",119,1985,90.21,86.77,88.4,89.55
"1581",120,1985,88.98,86.39,86.75,87.96
"1582",121,1985,92.85,90.07,91.86,91.61
"1583",122,1985,90.74,86.52,90.29,85.54
"1584",123,1985,92.29,90.01,91.63,91.57
"1585",124,1985,93.09,88.54,92.64,88.74
"1586",125,1985,92.34,89.44,91.31,90.37
"1587",126,1985,92.47,89.35,90.37,90.01
"1588",127,1985,88.8,87.2,86.43,87.3
"1589",128,1985,93.43,89.87,90.39,90.82
"1590",129,1985,88.97,89.28,91.93,90.4
"1591",130,1985,89.15,87.83,90.18,87.74
"1592",131,1985,93.09,88.68,89.63,90.31
"1593",132,1985,91.46,89.64,89.76,90.04
"1594",133,1985,90.55,88.68,90.79,88.58
"1595",134,1985,91.65,86.9,88.21,89
"1596",135,1985,91.59,89.25,91.12,89.68
"1597",136,1985,93.11,90.28,91.88,91.19
"1598",137,1985,92.44,90.01,90.43,91.02
"1599",138,1985,92.28,89.89,85.67,90.91
"1600",139,1985,92.78,87.52,85.79,89.8
"1601",140,1985,90.28,85.53,84.65,84.28
"1602",141,1985,89.53,85.55,86.48,86.82
"1603",142,1985,88.03,85.08,85.82,86.45
"1604",143,1985,94.09,90.48,93.34,90.46
"1605",144,1985,92.77,89.68,90.07,90.59
"1606",145,1985,93.91,90.82,91.98,91.42
"1607",146,1985,92.76,89.28,92.7,90.39
"1608",147,1985,90.82,88.89,89.98,88.74
"1609",148,1985,94.17,90.56,92.7,91.74
"1610",149,1985,93.28,90.14,89.47,90.57
"1611",150,1985,94.33,90.83,91.75,92.26
"1612",151,1985,94.67,92.64,91.79,92.96
"1613",152,1985,96.39,94.22,92.3,96.03
"1614",153,1985,98.43,94.88,96.23,96.7
"1615",154,1985,95.8,92.35,96.33,92.65
"1616",155,1985,92.49,86.12,92.57,86
"1617",156,1985,93.35,89.31,91.08,89.51
"1618",157,1985,95.12,91.4,94.61,91.77
"1619",158,1985,96.43,93.12,94.64,94.86
"1620",159,1985,98.03,94.73,96.6,96.35
"1621",160,1985,97.86,93.88,95.98,93.38
"1622",161,1985,94.35,85.4,92.38,82.16
"1623",162,1985,80.13,76.6,83.27,73.06
"1624",163,1985,83.77,81.16,84.05,79.26
"1625",164,1985,84.69,83.62,82.09,82.88
"1626",165,1985,86.84,86.6,87.03,88.24
"1627",166,1985,88.87,88.02,90.07,86.22
"1628",167,1985,89.82,87.25,89.6,86.4
"1629",168,1985,94.37,91.29,92.56,93.13
"1630",169,1985,93.91,90.73,93.16,92.01
"1631",170,1985,93.97,90.4,93.25,89.88
"1632",171,1985,90.68,89.63,89.91,90.96
"1633",172,1985,91.02,90.73,91.33,90.58
"1634",173,1985,93.01,90.97,93.72,89.63
"1635",174,1985,93.93,91.22,92.37,90.87
"1636",175,1985,91.99,90,94.43,89.62
"1637",176,1985,92.94,89.63,92.82,90.87
"1638",177,1985,91.31,89.49,94.67,91.12
"1639",178,1985,94.26,91.07,94.26,90.23
"1640",179,1985,95.36,90.22,91.76,91.65
"1641",180,1985,95,90.68,88.89,92.37
"1642",181,1985,83.55,80.01,80.82,78.6
"1643",182,1985,81.8,79.53,80.27,78.89
"1644",183,1985,92.05,89.74,89.06,89.61
"1645",184,1985,92.9,91.67,89.99,92.48
"1646",185,1985,90.47,88.68,89.08,87.68
"1647",186,1985,88.87,86.39,89.36,86.31
"1648",187,1985,92.31,87.08,90.09,87.34
"1649",188,1985,95.19,94.22,93.03,96.14
"1650",189,1985,89.31,87.22,88.67,87.51
"1651",190,1985,86.13,84.63,86.28,84.72
"1652",191,1985,91.21,88.49,90.07,89.2
"1653",192,1985,92.7,90.49,91.83,91.24
"1654",193,1985,90.97,87.27,89.49,87.55
"1655",194,1985,93.57,91.7,95.73,89.52
"1656",195,1985,90.99,88.9,91.56,88.63
"1657",196,1985,90.22,86.37,91.55,83.6
"1658",197,1985,89.86,86.93,89.98,84.17
"1659",198,1985,91.04,86.95,90.14,84.42
"1660",199,1985,92.72,90.31,90.06,91.34
"1661",200,1985,90.73,87.19,88.46,89.2
"1662",201,1985,91.41,86.88,89.64,86.79
"1663",202,1985,88.21,84.84,90.03,80.7
"1664",203,1985,87.39,85.26,87.72,84.94
"1665",204,1985,90.46,88.17,90.37,88.36
"1666",205,1985,94.05,91.82,92.59,92.98
"1667",206,1985,93.04,89.31,92.09,90.43
"1668",207,1985,90.95,88.99,87.55,89.85
"1669",208,1985,86.8,84.05,84.47,84.43
"1670",209,1985,90.3,85.31,88.57,87.78
"1671",210,1985,92.15,91.44,90.18,91.05
"1672",211,1985,95.15,90.23,88.95,92.05
"1673",212,1985,93.14,89.59,92.4,89.36
"1674",213,1985,88.84,86.25,89.77,87.84
"1675",214,1985,90.8,87.36,87.99,87.97
"1676",215,1985,90.33,88.01,91.44,87.02
"1677",216,1985,90.62,87.77,92.25,86.94
"1678",217,1985,92.09,90.63,92.6,90.28
"1679",218,1985,92.87,89.76,91.94,90.11
"1680",219,1985,92.34,89.17,89.56,90.81
"1681",220,1985,93.4,89.56,90.14,89.8
"1682",221,1985,91.75,88.22,89.62,89.79
"1683",222,1985,92.12,89.37,92.07,87.35
"1684",223,1985,89.83,86.86,89.52,85.83
"1685",224,1985,92.02,87.86,91.57,87.22
"1686",225,1985,89.42,86.02,88.44,85.24
"1687",226,1985,90.71,86.55,90.64,86.3
"1688",227,1985,92.42,89.1,92.91,87.89
"1689",228,1985,89.26,86.21,90.14,85.3
"1690",229,1985,89.81,87.77,88.79,86.51
"1691",230,1985,92.43,90.75,92.67,90.45
"1692",231,1985,93.91,89.48,91.6,90
"1693",232,1985,92.21,91.23,91.96,91.06
"1694",233,1985,90.81,87.44,90.99,87.18
"1695",234,1985,91.66,88.05,91.43,87.9
"1696",235,1985,88.59,86.92,87.97,85.69
"1697",236,1985,88.53,84.98,84.94,86.52
"1698",237,1985,91.02,86.44,90.15,86.07
"1699",238,1985,90.85,87.03,87.85,87.56
"1700",239,1985,90.39,87.36,87.49,87.02
"1701",240,1985,92.61,88,87.81,87.91
"1702",241,1985,91.91,88.98,91.06,87.79
"1703",242,1985,92.56,88.91,92.18,89.1
"1704",243,1985,90.75,85.85,88.62,85.62
"1705",244,1985,88.81,84.18,88.24,85.01
"1706",245,1985,90.12,86.43,87.3,88.68
"1707",246,1985,92.52,90.65,89.81,88.21
"1708",247,1985,91.87,89.8,90.52,88.03
"1709",248,1985,93.72,91.16,93.3,91.23
"1710",249,1985,92.84,90.8,90.53,90.69
"1711",250,1985,91.68,88.74,89.56,86.29
"1712",251,1985,89.05,86.19,86.33,87.23
"1713",252,1985,91.48,86.72,87.16,88.38
"1714",253,1985,91.47,85.85,88.06,87.66
"1715",254,1985,89.48,85.28,89.43,84.75
"1716",255,1985,87.34,83.86,88.48,84.2
"1717",256,1985,89.51,87.64,89.81,88.11
"1718",257,1985,93.87,89.09,91.96,90.16
"1719",258,1985,90.66,88.19,87.9,87.51
"1720",259,1985,87.04,85.03,86.43,84.96
"1721",260,1985,84.51,82.68,83.88,84.33
"1722",261,1985,89.25,86.74,87.63,86.47
"1723",262,1985,91.28,88.61,90.69,86.79
"1724",263,1985,89.2,86.07,89.92,84.42
"1725",264,1985,88.79,84.83,87.1,85.25
"1726",265,1985,90.64,85.83,88.85,84.96
"1727",266,1985,88.76,85.82,90.33,84.55
"1728",267,1985,86.67,85.02,88.26,84.46
"1729",268,1985,90.05,86.21,89.61,85.3
"1730",269,1985,90.89,88.64,92.68,85.4
"1731",270,1985,91.49,89.42,92.64,88.25
"1732",271,1985,88.17,85.56,87.58,85.38
"1733",272,1985,90.11,86.04,88.3,84.79
"1734",273,1985,90.28,86.58,89.94,85.45
"1735",274,1985,89.9,87.78,89.51,87.55
"1736",275,1985,91.32,89.53,91.46,89.86
"1737",276,1985,92.17,88.25,90.77,89.17
"1738",277,1985,90.79,86.06,89.57,86.48
"1739",278,1985,89.85,86.36,88.87,85.85
"1740",279,1985,88.67,85.31,89.22,84.97
"1741",280,1985,89.81,87.57,88.61,88.47
"1742",281,1985,90.91,86.4,89.38,87.75
"1743",282,1985,93.44,91.02,90.89,91.67
"1744",283,1985,91.78,90.34,92.37,89.04
"1745",284,1985,87.7,85.06,87.61,85.77
"1746",285,1985,86.32,81.89,86.27,82.36
"1747",286,1985,90.74,88.85,89.08,87.03
"1748",287,1985,89.24,88.08,90.28,88.29
"1749",288,1985,90.71,87.2,88.14,87.45
"1750",289,1985,89.89,83.41,85.23,84.58
"1751",290,1985,88.46,84.06,85.21,84.48
"1752",291,1985,86.85,82.71,83.11,83.68
"1753",292,1985,90.39,86.01,86.56,86.12
"1754",293,1985,87.11,86.91,85.61,88.51
"1755",294,1985,90.98,89.03,89.08,89.06
"1756",295,1985,92.27,89.14,90.94,89.32
"1757",296,1985,90.52,88.81,90.28,88.6
"1758",297,1985,90.82,89.04,89.79,87.16
"1759",298,1985,91.8,90.17,92.19,88.58
"1760",299,1985,87.99,84.89,87.79,84.44
"1761",300,1985,87.6,85.59,86.13,85
"1762",301,1985,90.45,88.8,90.17,89.2
"1763",302,1985,87.61,87.98,87.62,88.73
"1764",303,1985,86.59,86.37,85.82,88.23
"1765",304,1985,88.91,87.66,87.84,91.14
"1766",305,1985,87.39,85.16,86.84,86.72
"1767",306,1985,86.73,83.77,87.5,87.08
"1768",307,1985,86.27,83.88,85.06,87.66
"1769",308,1985,88.5,86.44,88.27,89.2
"1770",309,1985,91.41,89.39,90.03,91.45
"1771",310,1985,91.88,89.55,89.91,91.32
"1772",311,1985,91.33,89.91,94.19,90.47
"1773",312,1985,90.36,87.66,89.68,87.39
"1774",313,1985,89.46,85.19,87.56,84.72
"1775",314,1985,89.17,84.68,87.97,84.08
"1776",315,1985,87.1,83,85.13,83.42
"1777",316,1985,90.41,84.49,85.51,85.7
"1778",317,1985,91.53,88.39,89.05,88.19
"1779",318,1985,94.01,90.12,91.54,90.64
"1780",319,1985,91.42,88.53,91.72,88.3
"1781",320,1985,90.97,88.52,90.72,87.28
"1782",321,1985,90.09,87.28,90.63,86.34
"1783",322,1985,90.35,87.76,90.28,87.54
"1784",323,1985,92.65,90.16,90.8,89.78
"1785",324,1985,90.32,87.96,86.16,86.48
"1786",325,1985,89.59,83.79,83.37,85.25
"1787",326,1985,89.47,85.75,86.95,86.84
"1788",327,1985,85.81,83.24,82.17,84.98
"1789",328,1985,84.21,80.16,81.05,82.21
"1790",329,1985,82.79,80.05,81.87,79.6
"1791",330,1985,83.18,81.5,82.78,81.55
"1792",331,1985,87.02,83.96,84.51,84.4
"1793",332,1985,89.33,86.53,86.95,86.94
"1794",333,1985,91.06,88.11,88.8,87.78
"1795",334,1985,91.96,87.21,87.88,87.4
"1796",335,1985,86.27,84.3,86.92,84.21
"1797",336,1985,86.4,84.85,85.03,85.67
"1798",337,1985,89.87,85.59,86.61,85.93
"1799",338,1985,91.2,88.57,90.83,89.02
"1800",339,1985,90.21,88.7,89.56,89.73
"1801",340,1985,87.13,85.83,84.84,85.62
"1802",341,1985,88.79,85.36,84.73,86.04
"1803",342,1985,89.76,86.43,83.53,87.75
"1804",343,1985,87.48,82.88,80.08,84.27
"1805",344,1985,79.87,75.66,75.72,78.22
"1806",345,1985,80.92,78.95,79.06,78.19
"1807",346,1985,86.01,79.88,77.09,82.85
"1808",347,1985,80.32,76.75,72.62,80.19
"1809",348,1985,73.91,71.97,71.52,73.28
"1810",349,1985,75.74,74.48,73.39,73.21
"1811",350,1985,77.2,71.67,71.04,72.37
"1812",351,1985,69.13,64.62,64.8,67.81
"1813",352,1985,73.47,71.97,71.95,67.9
"1814",353,1985,78.62,74.66,72.3,74.81
"1815",354,1985,77.19,71.61,71.42,72.48
"1816",355,1985,74.07,70.77,69.96,71.51
"1817",356,1985,72.07,69.56,67.52,70.66
"1818",357,1985,70.22,67.67,64.87,68.91
"1819",358,1985,67.1,64.22,63.24,66.84
"1820",359,1985,62.43,60.72,61.21,62.67
"1821",360,1985,63.76,63.04,62.65,64.91
"1822",361,1985,64.36,62.17,61.12,66.06
"1823",362,1985,57.06,55.74,57.03,61
"1824",363,1985,57.27,55.87,58.72,58.22
"1825",364,1985,60.36,58.58,61.26,59.92
"1826",365,1985,65.37,62.86,64.37,63.26
"1827",1,1986,69.07,63.88,64.35,65.32
"1828",2,1986,73.44,62.28,65.87,62.96
"1829",3,1986,83.87,65.46,67.29,69.19
"1830",4,1986,70.03,56.93,57.89,61.49
"1831",5,1986,64.2,55.02,59.51,57.75
"1832",6,1986,65.52,56.34,60.3,57.87
"1833",7,1986,68.4,57.49,61.1,61.05
"1834",8,1986,68.82,56.48,59.13,61.23
"1835",9,1986,64.28,52.33,53.63,57.9
"1836",10,1986,61.84,53.86,55.92,57.68
"1837",11,1986,59.34,53.23,53.8,55.56
"1838",12,1986,58.83,51.83,54.6,51
"1839",13,1986,65.76,59.58,63.24,58.05
"1840",14,1986,82.38,69.72,67.73,70.65
"1841",15,1986,68.07,53.11,52.41,58.29
"1842",16,1986,54.58,45.61,46.4,49.12
"1843",17,1986,48.09,43.11,46.52,46.54
"1844",18,1986,50.71,47.56,52.44,47.66
"1845",19,1986,52.61,48.93,52.58,48.98
"1846",20,1986,57.67,53.08,56.86,50.67
"1847",21,1986,65.45,57.1,59.65,54.49
"1848",22,1986,66.69,54.47,56.61,56.37
"1849",23,1986,70.27,56.76,59.23,57.33
"1850",24,1986,67.35,52.13,55.47,51.77
"1851",25,1986,68.24,50.72,55.42,50.8
"1852",26,1986,73.23,55.38,63.13,52.01
"1853",27,1986,80.7,62.15,70.37,57.42
"1854",28,1986,87.95,74.18,75.67,75.02
"1855",29,1986,84.25,66.91,68.76,67.83
"1856",30,1986,77.71,56.44,59.21,57.55
"1857",31,1986,67.65,51,51.52,52.39
"1858",32,1986,57.47,47.69,48.77,50.07
"1859",33,1986,53.81,48.13,49.16,50.02
"1860",34,1986,58.14,50.14,51.57,52.52
"1861",35,1986,62.42,51.26,53.68,50.03
"1862",36,1986,57.68,49.68,52.06,49.05
"1863",37,1986,54.29,46.98,50.27,46.94
"1864",38,1986,55.6,48.62,53.14,46.63
"1865",39,1986,59.52,53.56,55.24,50.36
"1866",40,1986,58.51,51.64,53.61,52.01
"1867",41,1986,58.25,51.53,54.4,50.2
"1868",42,1986,67.51,51.44,55.59,50.54
"1869",43,1986,69.33,51.26,56.53,51.53
"1870",44,1986,79.85,53.47,59.47,53.19
"1871",45,1986,79.2,60.06,65.14,57.75
"1872",46,1986,74.06,51.66,58.03,49.36
"1873",47,1986,62.88,41.15,46.24,43.46
"1874",48,1986,56.64,41.08,45.97,41.76
"1875",49,1986,58.92,50.25,53.54,48.72
"1876",50,1986,69.59,51.12,55.02,50.7
"1877",51,1986,75.76,51.58,61.18,49.1
"1878",52,1986,78.58,59.27,66.65,51.44
"1879",53,1986,92.03,78,81.62,77.73
"1880",54,1986,89.74,79.84,83.41,78.13
"1881",55,1986,91.3,82.19,82.79,86.17
"1882",56,1986,93.47,84.39,89.82,86.07
"1883",57,1986,90.59,87.05,87.63,86.83
"1884",58,1986,94.79,91.57,89.36,93.28
"1885",59,1986,94.09,87.61,87.38,88.48
"1886",60,1986,89.24,79.37,78.96,82.48
"1887",61,1986,86.94,79.16,81.6,81.93
"1888",62,1986,85.14,78.25,79.32,78.95
"1889",63,1986,83.02,72.43,70.28,74.67
"1890",64,1986,80.72,67.71,66.04,71.31
"1891",65,1986,74.55,64.77,62.01,68.97
"1892",66,1986,78.15,66.28,66.46,68.14
"1893",67,1986,84.12,72.27,71.91,73.12
"1894",68,1986,78.72,62.45,63.61,65.94
"1895",69,1986,74.61,57.6,59.24,60.16
"1896",70,1986,71.57,57.38,59.5,59.72
"1897",71,1986,79.89,60.26,61.28,66.96
"1898",72,1986,87.75,66.17,66.33,70.84
"1899",73,1986,88.2,72.59,73.19,77.67
"1900",74,1986,84.66,70.7,71.52,76.52
"1901",75,1986,84.59,66.77,70.85,71.48
"1902",76,1986,85.4,74.88,70.87,77.93
"1903",77,1986,85.8,70.26,70.3,74.98
"1904",78,1986,87.07,69.82,69.5,76.76
"1905",79,1986,92.03,73.7,69.49,83.74
"1906",80,1986,89.39,76.35,72.85,83.66
"1907",81,1986,84.31,73.44,67.6,79.93
"1908",82,1986,78.72,61.76,56.08,73.18
"1909",83,1986,79.62,54.39,53.61,65.92
"1910",84,1986,86.22,57.62,61.04,65.04
"1911",85,1986,89.78,70.22,68.96,72.51
"1912",86,1986,92.07,76.19,75.35,79.85
"1913",87,1986,89.66,80.03,74.1,83.71
"1914",88,1986,89.48,78.67,79.09,83.58
"1915",89,1986,92.11,85.87,82.55,88.88
"1916",90,1986,90.86,85.29,83.4,88.65
"1917",91,1986,87.16,83.47,80.86,83.74
"1918",92,1986,86.78,83.44,78.17,85.8
"1919",93,1986,88,80.86,78.79,83.96
"1920",94,1986,87.89,78.31,77.3,81.84
"1921",95,1986,91.03,80.36,81.85,82.14
"1922",96,1986,90.85,83.22,81.83,85.46
"1923",97,1986,92.47,86.67,84.83,91.38
"1924",98,1986,93.27,89.37,89.32,90.19
"1925",99,1986,93.16,88.97,89.49,89.04
"1926",100,1986,93.99,90.22,90.06,92.12
"1927",101,1986,91.11,88.62,88.32,89.82
"1928",102,1986,90.31,88.48,87.25,88.25
"1929",103,1986,92.25,88.49,90.12,88.56
"1930",104,1986,86.89,86.16,85.03,87.66
"1931",105,1986,85.24,85.61,85.25,84.42
"1932",106,1986,92.21,90.66,91.51,89.1
"1933",107,1986,96.2,93.4,92.87,94.27
"1934",108,1986,94.15,89.63,91.53,88.54
"1935",109,1986,90.82,87.41,86.34,86.86
"1936",110,1986,91.44,88.98,88.83,88.71
"1937",111,1986,90.49,87.46,89.43,87.86
"1938",112,1986,92.08,87.72,90.21,89.24
"1939",113,1986,93.34,89.67,88.66,90.84
"1940",114,1986,89.95,86.28,85.05,87.17
"1941",115,1986,88.84,83.56,82.61,86.83
"1942",116,1986,90.37,85.48,84.75,88.11
"1943",117,1986,91.35,87.26,89.22,87.24
"1944",118,1986,95.03,92.63,93.87,93.37
"1945",119,1986,92.47,89.35,94.8,89.21
"1946",120,1986,91.19,89.36,92.26,88.39
"1947",121,1986,92.47,90.88,91.74,89.85
"1948",122,1986,89.72,87.6,88.68,87.16
"1949",123,1986,92.66,89.36,90.45,88.02
"1950",124,1986,93.17,89.46,89.97,90.04
"1951",125,1986,91.37,89.8,89.87,89.29
"1952",126,1986,93.2,89.26,88.75,89.18
"1953",127,1986,89.87,88.47,89.53,88.29
"1954",128,1986,90.43,88.85,90.38,89.22
"1955",129,1986,92.38,89.22,92.05,87.75
"1956",130,1986,89.11,87.26,89.64,87.69
"1957",131,1986,91.65,89.4,92.22,88.34
"1958",132,1986,92.45,89.91,93.55,88.7
"1959",133,1986,89.63,88.78,87.2,91.09
"1960",134,1986,89.43,85.16,89.59,84.38
"1961",135,1986,92.52,88.7,88.61,89.23
"1962",136,1986,88.38,86.43,86.88,87.38
"1963",137,1986,88.91,87.98,90.64,89.49
"1964",138,1986,89.5,85.66,88.83,86.35
"1965",139,1986,94.55,91.15,92.49,92.61
"1966",140,1986,93.11,88.68,91.92,90.62
"1967",141,1986,95.51,92.19,93.76,93.38
"1968",142,1986,95.31,92.36,90.79,93.46
"1969",143,1986,94.69,90.54,92.01,92.16
"1970",144,1986,93.58,91.2,89.98,92.07
"1971",145,1986,87.8,86.47,84.41,87.34
"1972",146,1986,93.5,89.25,90.07,89.31
"1973",147,1986,94.89,90.41,93.47,91.82
"1974",148,1986,92.67,89.59,88.52,89.17
"1975",149,1986,90.91,90.29,89.34,89.83
"1976",150,1986,86.92,87.93,87.99,89.43
"1977",151,1986,88.19,86.09,84.81,88.28
"1978",152,1986,96.57,93.6,94.64,92.41
"1979",153,1986,92.42,88.23,91.09,87.71
"1980",154,1986,88.25,84.29,88.17,79.68
"1981",155,1986,84.91,83.5,84.24,81.55
"1982",156,1986,90.01,86.23,88.97,85.84
"1983",157,1986,91.27,88.99,91.58,90.13
"1984",158,1986,92.97,89.28,90.39,89.79
"1985",159,1986,93.06,89.49,89.92,91.36
"1986",160,1986,93.04,89.06,92.4,88.36
"1987",161,1986,91.76,89.32,90.97,88.01
"1988",162,1986,93,88.53,91.03,91.01
"1989",163,1986,92.04,86.56,86.24,87.91
"1990",164,1986,93.69,87.35,87.96,88.73
"1991",165,1986,92.09,87.77,90.61,87.37
"1992",166,1986,95.42,91.93,93.88,94.25
"1993",167,1986,94.56,89.71,93.76,90.6
"1994",168,1986,91.4,88.84,89.89,90.09
"1995",169,1986,92.27,90.52,93.05,90.7
"1996",170,1986,93.78,90.26,91.8,92.16
"1997",171,1986,96.53,93.08,94.38,93.25
"1998",172,1986,95.6,92.23,91.89,93.13
"1999",173,1986,93.35,89.84,88.45,91.37
"2000",174,1986,95.04,91.63,92.02,94.18
"2001",175,1986,93.4,91.44,90.27,92.28
"2002",176,1986,93.95,89.32,91,90.62
"2003",177,1986,93.7,91.81,93.19,91.16
"2004",178,1986,95.79,92.48,93.44,92.89
"2005",179,1986,93.7,92.92,94.46,92.35
"2006",180,1986,95.72,94.96,95.77,94.45
"2007",181,1986,94.31,89.1,87.86,91.39
"2008",182,1986,87.48,82.36,83.71,79.63
"2009",183,1986,95.75,93.09,93.38,93.66
"2010",184,1986,93.19,91.08,94.57,89.52
"2011",185,1986,94.2,90.11,96.4,88.65
"2012",186,1986,95.53,92.54,89.16,95.01
"2013",187,1986,91.34,87.25,88.85,89.4
"2014",188,1986,93.79,86.47,90.28,88.69
"2015",189,1986,86.27,80.65,87.89,80.4
"2016",190,1986,90.26,88.04,93.42,87.02
"2017",191,1986,93.99,90.87,92.12,90.45
"2018",192,1986,90.61,87.49,89.68,87.42
"2019",193,1986,91.09,88.2,86.96,89.47
"2020",194,1986,91.48,86.02,89.66,86.82
"2021",195,1986,93.23,89.95,92.46,90.74
"2022",196,1986,90.85,88.74,91.48,89.69
"2023",197,1986,93.56,89.74,92.55,91.63
"2024",198,1986,96.66,96.01,95.34,96.46
"2025",199,1986,94.45,91.4,93.88,89.19
"2026",200,1986,84.93,83.23,85.84,82.84
"2027",201,1986,84.53,83.89,84.94,82.24
"2028",202,1986,92.5,88.58,89.36,89.09
"2029",203,1986,96.72,95.36,95.33,96.1
"2030",204,1986,94.65,91.28,92.26,93.15
"2031",205,1986,87.56,84.08,91.23,79.52
"2032",206,1986,87.01,82.11,87.53,78.5
"2033",207,1986,89.6,86.3,89.25,82.37
"2034",208,1986,92.23,88.34,88.95,88.08
"2035",209,1986,87.91,85.24,87.88,86.33
"2036",210,1986,85.7,82.57,84.77,85.1
"2037",211,1986,88.25,84.76,85.72,87.21
"2038",212,1986,91.48,87.37,86.86,88.11
"2039",213,1986,92.21,89.36,89.87,89.86
"2040",214,1986,91.23,88.33,88.75,89.3
"2041",215,1986,90.73,86.54,87.28,88.32
"2042",216,1986,94.49,90.02,92.29,91.71
"2043",217,1986,91.02,89.42,90.61,88.86
"2044",218,1986,91.77,89.06,91.69,88.66
"2045",219,1986,89.46,87.02,89.79,88.07
"2046",220,1986,90.78,88.86,90.97,89.48
"2047",221,1986,89.89,86.44,91.43,86.71
"2048",222,1986,89.84,88.45,89.96,87.44
"2049",223,1986,91.33,89.92,90.25,89.69
"2050",224,1986,91.77,88.41,90.09,88.77
"2051",225,1986,92.32,89.79,92.31,90.03
"2052",226,1986,90.74,86.74,88.06,88.33
"2053",227,1986,92.47,87.22,88.48,87.66
"2054",228,1986,93.34,90.71,90.36,90.31
"2055",229,1986,92.55,88.51,90.28,89.43
"2056",230,1986,91.97,89.82,89.12,90.57
"2057",231,1986,89.74,84.44,89.26,84.47
"2058",232,1986,92.97,90.38,92.82,90.11
"2059",233,1986,91.28,87.58,92.21,86.77
"2060",234,1986,85.89,83.56,83.9,84.61
"2061",235,1986,87.99,84.55,84.95,84.57
"2062",236,1986,89.86,86.9,88.33,87.1
"2063",237,1986,89.99,86.82,89.88,87.07
"2064",238,1986,90.94,88.16,88.88,88.76
"2065",239,1986,92.85,88.44,91.55,89.23
"2066",240,1986,86.8,85.19,86,86.29
"2067",241,1986,90.11,87.11,89.99,89.22
"2068",242,1986,92.1,89.12,90.7,87.64
"2069",243,1986,91.24,87.02,87.31,87.83
"2070",244,1986,89.4,86.23,88.87,86.02
"2071",245,1986,91.78,86.97,88.71,87.18
"2072",246,1986,92.74,89.27,92.5,88.63
"2073",247,1986,93.13,89.13,91.5,89.34
"2074",248,1986,90.35,88.4,88.75,89
"2075",249,1986,90.3,87.73,89.21,86.83
"2076",250,1986,92.43,89.38,92.23,89.23
"2077",251,1986,90.21,86.78,89.91,86.1
"2078",252,1986,89.82,85.37,89.11,82.85
"2079",253,1986,92.88,90.57,90.08,88.74
"2080",254,1986,91.92,88.86,90.42,87.37
"2081",255,1986,92.64,88.96,92.32,88.92
"2082",256,1986,91.19,88.59,89.65,90.72
"2083",257,1986,88.42,87.49,87.68,87.6
"2084",258,1986,86.38,83.61,86.81,84.38
"2085",259,1986,86.84,84.51,86.91,84.91
"2086",260,1986,92.25,88.91,89.62,90.1
"2087",261,1986,91.53,88.45,90.75,89.26
"2088",262,1986,94.68,90.47,93.23,90.64
"2089",263,1986,94.27,90.38,93.03,90.05
"2090",264,1986,92.6,89.22,92.36,89.58
"2091",265,1986,93.19,88.23,89.27,88.64
"2092",266,1986,92.02,89.03,90.52,88.15
"2093",267,1986,88.82,85.23,87.45,86.58
"2094",268,1986,92.19,88.26,92.09,88.84
"2095",269,1986,92.31,87.64,89.83,89.35
"2096",270,1986,92.77,88.74,90.05,90.38
"2097",271,1986,91.13,88.33,89.08,89.38
"2098",272,1986,91.81,87.84,90.92,88.55
"2099",273,1986,94.22,89.16,93.74,89.26
"2100",274,1986,91.73,88.75,90.41,86.14
"2101",275,1986,89.64,88.87,91.22,89.39
"2102",276,1986,89.43,88.7,91.31,88.06
"2103",277,1986,92.84,91.94,91.78,89.96
"2104",278,1986,92.84,89.66,92.8,88.25
"2105",279,1986,90.14,87.61,90.81,87.06
"2106",280,1986,90.06,87.58,88.05,87.2
"2107",281,1986,89.82,86.87,87.67,87.47
"2108",282,1986,91.2,88.76,91.45,88.27
"2109",283,1986,86.19,84.52,84.81,84.7
"2110",284,1986,84.93,80.18,81.97,81.37
"2111",285,1986,92.44,87.9,91.68,87.8
"2112",286,1986,94.09,92.57,93.95,92.74
"2113",287,1986,91.61,87.67,89.16,89.57
"2114",288,1986,94.15,90.27,90.66,92.81
"2115",289,1986,87.61,86.45,86.81,85.96
"2116",290,1986,85.88,84.82,83.45,85.21
"2117",291,1986,88.72,82.77,85.49,84.55
"2118",292,1986,93.32,87.79,91.34,87.54
"2119",293,1986,92.55,87.7,92.75,87.31
"2120",294,1986,90.41,87.22,92,85.16
"2121",295,1986,88.26,85.67,87.2,86.31
"2122",296,1986,89.71,86.11,89.01,86.27
"2123",297,1986,92.04,86.9,92.17,87.79
"2124",298,1986,89.37,85.41,88.91,84.61
"2125",299,1986,92.3,91.35,92.82,91.82
"2126",300,1986,93.05,90.73,90.39,90.02
"2127",301,1986,91.8,87.47,89.59,87.75
"2128",302,1986,90.75,89.15,86.78,89.3
"2129",303,1986,89.16,84.85,85.01,87.02
"2130",304,1986,89.77,84.21,85.45,84.55
"2131",305,1986,89.47,83.61,85.8,82.96
"2132",306,1986,89.24,85.72,88.72,84.88
"2133",307,1986,91.6,85.31,90.52,85.71
"2134",308,1986,88.71,84.2,87.07,84.49
"2135",309,1986,89.72,84.33,86.45,83.85
"2136",310,1986,91.16,87.61,89.35,88.87
"2137",311,1986,91.22,87.95,90.54,86.69
"2138",312,1986,91.2,88.08,89.37,87.45
"2139",313,1986,88.78,85.44,88.11,84.67
"2140",314,1986,88.78,86.58,86.53,86.88
"2141",315,1986,90.65,87.27,89.11,88.01
"2142",316,1986,95.69,92.59,93.76,94.95
"2143",317,1986,93.34,89.57,92.93,82.14
"2144",318,1986,88.03,84.81,86.28,80.16
"2145",319,1986,87.85,84.13,84.67,86.77
"2146",320,1986,91.46,88.87,91.07,89.86
"2147",321,1986,90.46,87.9,90.15,87.81
"2148",322,1986,92.3,89.14,89.74,89.38
"2149",323,1986,93.67,90.29,90.37,91.44
"2150",324,1986,90.44,88.29,89.46,88.97
"2151",325,1986,89.87,85.38,87.15,85.16
"2152",326,1986,89.02,84.12,85.62,84.18
"2153",327,1986,89.78,82.04,84.24,82.95
"2154",328,1986,85.94,79.75,85.06,79.15
"2155",329,1986,85.32,80.42,85.19,78.79
"2156",330,1986,85.87,81.98,85.45,79.9
"2157",331,1986,89.37,86.38,86.71,84.07
"2158",332,1986,86.47,82.58,84.75,80.92
"2159",333,1986,81.91,80.05,79.57,80.68
"2160",334,1986,82.16,80.28,79.59,81.11
"2161",335,1986,81.59,77.16,79.15,79
"2162",336,1986,82.21,78.83,81.44,77.88
"2163",337,1986,84.84,80.73,82.18,80.66
"2164",338,1986,91.33,87.7,87.08,85.83
"2165",339,1986,92.49,90.1,90.34,90.37
"2166",340,1986,91.02,87.97,89.53,87.52
"2167",341,1986,92.6,88.93,89.59,88.44
"2168",342,1986,92.6,89.18,89.09,89.01
"2169",343,1986,89.82,83.29,84.43,85.61
"2170",344,1986,86.75,80.52,80.93,80.65
"2171",345,1986,86.04,80.79,80.75,78.47
"2172",346,1986,84.51,77.91,77.39,76.25
"2173",347,1986,79.83,74.7,75.7,73.26
"2174",348,1986,82.66,80.29,79.56,78.78
"2175",349,1986,80.12,75.84,74.99,75.5
"2176",350,1986,74.19,72.18,70.87,70.7
"2177",351,1986,74.28,73.06,70.78,71.83
"2178",352,1986,80.32,76.52,77.08,74.33
"2179",353,1986,87.53,80.04,82.81,76.8
"2180",354,1986,91.9,85.07,82.6,87.83
"2181",355,1986,89.42,81.12,81.59,82.18
"2182",356,1986,90.23,81.46,83.33,80.5
"2183",357,1986,89.73,82.45,83.68,81.68
"2184",358,1986,84.34,77.5,76.03,77.99
"2185",359,1986,75.73,69.24,65.58,72.87
"2186",360,1986,74.31,67.86,66.02,68.27
"2187",361,1986,76.9,71.34,65.93,72.85
"2188",362,1986,77.52,69.73,67.47,71.08
"2189",363,1986,78.7,66.71,67.01,69.3
"2190",364,1986,80.2,64.52,66.16,66.02
"2191",365,1986,77.27,62.7,66,62.17
"2192",1,1987,72.49,58.5,60.37,58.86
"2193",2,1987,71.96,57.75,59.8,59.49
"2194",3,1987,71.75,59.07,59.6,60.37
"2195",4,1987,73.36,57.44,61.7,58.59
"2196",5,1987,81.27,61.2,69.3,61.22
"2197",6,1987,80.92,66.18,73.87,63.63
"2198",7,1987,85.91,78.13,77.35,79.18
"2199",8,1987,91.7,89.24,84.8,90.59
"2200",9,1987,88.76,85.24,81.71,87.31
"2201",10,1987,88.85,82.26,78.61,81.32
"2202",11,1987,79.63,71.42,65.44,72.94
"2203",12,1987,72.77,67.58,62.12,67.22
"2204",13,1987,73.38,68.55,64.72,65.78
"2205",14,1987,76.62,66.11,62.71,66.58
"2206",15,1987,82.36,66.69,63.44,67.79
"2207",16,1987,88.6,71.59,72.56,71.52
"2208",17,1987,88.44,75.63,74.73,74.71
"2209",18,1987,87.88,70.58,70.34,70.95
"2210",19,1987,78.39,62.45,61.24,64
"2211",20,1987,69.75,56.01,55.79,57.79
"2212",21,1987,67.7,56.1,51.8,57.15
"2213",22,1987,71.36,57.2,57.58,56.33
"2214",23,1987,71.16,55.03,57.21,53.29
"2215",24,1987,68.94,51.14,54.14,50.74
"2216",25,1987,68.86,49.68,53.13,51.33
"2217",26,1987,67.74,48.64,52.44,47.33
"2218",27,1987,66.37,44.92,48.76,44.73
"2219",28,1987,65.97,47.32,51.97,45.92
"2220",29,1987,71.22,51.1,54.85,50.87
"2221",30,1987,76.49,52.07,54.33,54.38
"2222",31,1987,70.16,47.9,51.6,52.04
"2223",32,1987,67.16,48.88,52.76,51.14
"2224",33,1987,72.36,49.22,53.89,48.83
"2225",34,1987,76.7,55.33,60.33,54.78
"2226",35,1987,80.14,61.27,63.22,63.04
"2227",36,1987,75.63,50.01,52.31,53.83
"2228",37,1987,71.4,46.36,51.64,48.48
"2229",38,1987,74.27,51.41,55.91,49.73
"2230",39,1987,77.23,55.24,60.8,52.92
"2231",40,1987,79.56,66.29,65.77,69.68
"2232",41,1987,86.6,71.02,68.84,75.27
"2233",42,1987,91.7,83.45,81.4,88.13
"2234",43,1987,90.04,82.35,88.55,80
"2235",44,1987,88.42,81.16,83.08,82.51
"2236",45,1987,91.17,81.8,81.66,85
"2237",46,1987,91.5,80.94,83.53,83.91
"2238",47,1987,88.62,80.95,82.15,84.2
"2239",48,1987,84.83,77.52,78.27,81.49
"2240",49,1987,88.24,80.8,83.03,83.11
"2241",50,1987,90.37,78.97,75.63,84.3
"2242",51,1987,85.05,67.25,67.18,74.51
"2243",52,1987,79.01,60.82,60.1,67.73
"2244",53,1987,79.08,61.24,64.26,65.72
"2245",54,1987,83.97,69.05,69.25,71.94
"2246",55,1987,86.14,75.36,76.51,79.22
"2247",56,1987,90.66,85.47,85.65,88.82
"2248",57,1987,86.61,74.71,77.29,80.14
"2249",58,1987,87.9,68.97,70.63,73.33
"2250",59,1987,88.05,76.91,77.66,82.43
"2251",60,1987,85.94,73.79,72.84,80.55
"2252",61,1987,85.74,68.6,64.81,76.79
"2253",62,1987,84.95,67.77,64.52,75.24
"2254",63,1987,80.92,64.24,62.33,70.3
"2255",64,1987,75.9,50.65,47.28,62.11
"2256",65,1987,73.38,46.24,47.64,57.63
"2257",66,1987,76.29,51.59,53.09,58.92
"2258",67,1987,72.39,51.77,51.38,60.12
"2259",68,1987,70.98,49.09,46.3,58.8
"2260",69,1987,64.34,40.19,40.97,49.13
"2261",70,1987,63.69,38.76,40.2,46.96
"2262",71,1987,84.97,64.94,58.63,66.32
"2263",72,1987,86,77.54,71.23,76.14
"2264",73,1987,84.23,74.23,73.6,74.32
"2265",74,1987,86.57,80.66,77.7,77.41
"2266",75,1987,94.57,92.33,94.46,92.92
"2267",76,1987,92.38,89.22,89.18,91.04
"2268",77,1987,90.07,83.37,86.01,83.61
"2269",78,1987,84.88,81.97,87.04,81.87
"2270",79,1987,87.31,84.69,85.17,83.62
"2271",80,1987,89.25,85.92,86.01,85.04
"2272",81,1987,87.65,82.66,87.53,81.18
"2273",82,1987,85.49,84.39,86.17,82.77
"2274",83,1987,87.3,82.16,85.21,83.14
"2275",84,1987,86.96,83.11,85.17,82
"2276",85,1987,88.02,85.98,87.55,84.33
"2277",86,1987,87.35,84.52,86.89,84.5
"2278",87,1987,86.28,81.21,78.86,82.19
"2279",88,1987,84.93,76.85,77.78,80.6
"2280",89,1987,82.02,74.88,75.71,77.08
"2281",90,1987,81.53,72.61,74.47,74.43
"2282",91,1987,83.3,74.13,76.35,74.68
"2283",92,1987,89.04,75.45,79.51,75.11
"2284",93,1987,91.6,88.02,87.44,85.65
"2285",94,1987,91.29,86.6,90.11,86.9
"2286",95,1987,88.83,84.74,91.31,82.32
"2287",96,1987,86.83,83.33,83.77,83.02
"2288",97,1987,87.44,83.8,82.35,86.5
"2289",98,1987,87.17,85.12,87.34,85.82
"2290",99,1987,89.11,85.88,87.6,84.85
"2291",100,1987,91.05,87.93,89.1,86.5
"2292",101,1987,94.2,91.48,88.99,92.2
"2293",102,1987,89.16,84.85,86.42,84.34
"2294",103,1987,88.72,82.29,81.76,83.43
"2295",104,1987,83.07,75.02,79.09,72.61
"2296",105,1987,82.74,74.43,80.6,73.74
"2297",106,1987,85.33,79.79,80.15,79.24
"2298",107,1987,89.18,83.22,88.13,82.32
"2299",108,1987,93.71,90.48,92.66,89.18
"2300",109,1987,95.27,92.87,92.71,91.29
"2301",110,1987,92.24,88.59,91.23,85.67
"2302",111,1987,91.54,87.86,89.39,89.23
"2303",112,1987,92.88,89.79,90.49,92.32
"2304",113,1987,94.78,91.78,91.39,93.6
"2305",114,1987,95.02,90.45,96.09,90.26
"2306",115,1987,91.44,88.17,89.33,89.14
"2307",116,1987,87.83,86.32,84.02,87.08
"2308",117,1987,86.54,79.24,81.12,81.15
"2309",118,1987,85.54,81.59,82.52,82.34
"2310",119,1987,91,83.38,87.39,81.89
"2311",120,1987,95.1,91.98,93.15,92.47
"2312",121,1987,95.54,91.22,91.82,93.54
"2313",122,1987,92,88.59,89.85,90.27
"2314",123,1987,90.29,84.05,84.13,85.01
"2315",124,1987,87,83.79,83.29,84.22
"2316",125,1987,89.05,85.43,85.59,84.83
"2317",126,1987,91.04,89.16,88.62,87.89
"2318",127,1987,90.31,88.41,90.9,89.13
"2319",128,1987,90.62,86.11,89.67,86.88
"2320",129,1987,94.81,91.22,91.84,91.66
"2321",130,1987,94.92,91.28,92.97,91.66
"2322",131,1987,93.9,89.8,92.32,90.43
"2323",132,1987,91.06,88.31,91.22,88.38
"2324",133,1987,91.38,90.21,92.38,88.44
"2325",134,1987,95.41,92.04,93.54,90.89
"2326",135,1987,90.47,88.98,90.06,88.93
"2327",136,1987,93,91.31,91.35,91.37
"2328",137,1987,93.14,91.37,93.33,91.31
"2329",138,1987,89.46,87.38,89.84,83.74
"2330",139,1987,87.62,86.14,89.31,84.7
"2331",140,1987,89.18,86.97,89.4,88.76
"2332",141,1987,88.66,88.11,88.58,87.47
"2333",142,1987,91.51,90.2,92.67,89.21
"2334",143,1987,92.06,90.02,93.1,89.33
"2335",144,1987,93.69,91.7,93.58,91.27
"2336",145,1987,95.87,92.08,93.74,95.17
"2337",146,1987,91.9,88.07,91.3,88.42
"2338",147,1987,90.75,86.45,91.49,87.31
"2339",148,1987,87,83.89,86.6,83.47
"2340",149,1987,87.23,83.46,84.59,82.54
"2341",150,1987,86.7,83.49,88.41,81.39
"2342",151,1987,87.27,84.44,87.95,84.21
"2343",152,1987,92.6,89.31,90.78,91.03
"2344",153,1987,91.58,89.77,90.83,89.61
"2345",154,1987,89.59,86.81,88.95,87.59
"2346",155,1987,91.77,87.73,89.76,88.64
"2347",156,1987,91.5,89.1,89.44,90.22
"2348",157,1987,91.79,89.94,89.83,91.78
"2349",158,1987,88.97,86.51,86.83,87.17
"2350",159,1987,94.01,89.32,90.98,90.42
"2351",160,1987,93.7,91.96,93.55,91.31
"2352",161,1987,93.86,90.23,92.8,89.01
"2353",162,1987,93.08,91.1,90.33,90.85
"2354",163,1987,88.88,87.54,88.12,87.33
"2355",164,1987,89.43,86.78,88.27,86.19
"2356",165,1987,94.09,91.98,91.95,91.75
"2357",166,1987,93.69,90.28,91.24,89.9
"2358",167,1987,93.97,90.98,93.57,91.81
"2359",168,1987,89.34,86.71,88.18,87.65
"2360",169,1987,92.08,88.39,94.08,87.34
"2361",170,1987,87.59,85.27,89.87,83.21
"2362",171,1987,87.46,85.03,89.79,81.32
"2363",172,1987,85.09,83.54,89.82,78.37
"2364",173,1987,89.21,85.53,86.74,84.37
"2365",174,1987,94.14,90.41,91.89,91.66
"2366",175,1987,94.41,91.78,94.08,92.51
"2367",176,1987,94.51,91.51,93.5,94.01
"2368",177,1987,91.25,88.01,89.72,88.71
"2369",178,1987,88.34,84.51,92.9,81.44
"2370",179,1987,85.79,83.83,88.93,78.1
"2371",180,1987,87.94,84.94,84.77,83.4
"2372",181,1987,92.9,90.78,90.47,90.23
"2373",182,1987,92.56,89.17,89.35,90.27
"2374",183,1987,93.89,90.1,90.69,90
"2375",184,1987,95.28,92.48,93.51,94.56
"2376",185,1987,94.37,91.35,94.34,90.97
"2377",186,1987,95.02,91.62,94.27,90.44
"2378",187,1987,95.08,93.13,93.82,94.53
"2379",188,1987,85.19,85.86,84.52,87.2
"2380",189,1987,88.21,88.1,91.33,87.16
"2381",190,1987,94.37,91.85,93.58,91.32
"2382",191,1987,92.78,92.16,94.09,92.64
"2383",192,1987,92.86,90.37,92.54,90.51
"2384",193,1987,92.4,88.75,91.35,89.78
"2385",194,1987,91.75,88.64,91.36,88.95
"2386",195,1987,94.52,91.14,93.57,91.3
"2387",196,1987,91.96,89.96,89.75,89.64
"2388",197,1987,89.01,86.98,86.69,86.49
"2389",198,1987,90.94,89.7,91.1,89.24
"2390",199,1987,89.08,89.97,90.6,89.45
"2391",200,1987,90.85,89.9,91.49,87.1
"2392",201,1987,91.27,87.23,87.76,90.48
"2393",202,1987,90.61,86.88,92.63,86.03
"2394",203,1987,89.68,87.92,93.68,84.88
"2395",204,1987,89.04,87.67,88.42,88.22
"2396",205,1987,89.81,88.2,90.61,87.9
"2397",206,1987,92.03,88.13,91.96,87.8
"2398",207,1987,92.23,90.09,92.52,89.6
"2399",208,1987,89.18,88.68,92.76,87.48
"2400",209,1987,90.08,87.66,90.61,87.04
"2401",210,1987,89.66,87.84,88.84,88.86
"2402",211,1987,93.26,90.3,91,89.05
"2403",212,1987,95.64,91.2,93.78,90.77
"2404",213,1987,92.36,90.14,92.48,88.05
"2405",214,1987,90.35,87.71,89.74,87.11
"2406",215,1987,90.59,88.55,88.77,88.69
"2407",216,1987,88.3,86.31,87.25,85.78
"2408",217,1987,84.88,82.47,84.39,82.33
"2409",218,1987,92.98,88.61,90.65,88.7
"2410",219,1987,95.06,89.86,92.92,90.88
"2411",220,1987,90.89,87.05,88.91,88.1
"2412",221,1987,90.04,87.56,88.27,88.76
"2413",222,1987,92.93,88.53,90.75,87.2
"2414",223,1987,92.2,88.91,91.88,88.88
"2415",224,1987,89.88,87.92,90.79,87.6
"2416",225,1987,87.13,85.02,86.73,84.18
"2417",226,1987,87.31,83.88,87.3,83.56
"2418",227,1987,89.55,84.99,86.78,84.94
"2419",228,1987,90.54,85.25,85.81,86.96
"2420",229,1987,93.44,88.35,90.28,88.58
"2421",230,1987,92.19,87.46,91.84,87.82
"2422",231,1987,89.07,86.85,88.29,86
"2423",232,1987,92.93,89.54,91.06,87.07
"2424",233,1987,91.53,86.85,89.9,86.58
"2425",234,1987,91.21,87.38,91.18,86.02
"2426",235,1987,89.78,86.33,91.14,83.27
"2427",236,1987,90.04,85.87,89.89,83.77
"2428",237,1987,91.24,87.88,88.81,88.92
"2429",238,1987,90.03,87.36,90.5,86.9
"2430",239,1987,92.06,89.53,91.4,89.86
"2431",240,1987,90.13,88.15,88.73,87.93
"2432",241,1987,89.87,86.08,88.75,86.47
"2433",242,1987,91.11,87.23,88.38,87.99
"2434",243,1987,95.1,91.15,92.88,90.6
"2435",244,1987,93.33,89.33,92.1,86.98
"2436",245,1987,88.29,86.64,89.36,84.52
"2437",246,1987,91.77,88.31,90.64,88.21
"2438",247,1987,91.58,88.43,90.91,86.23
"2439",248,1987,91.11,87.7,88.15,86.76
"2440",249,1987,88.32,84.98,90.68,84.25
"2441",250,1987,87.5,86.78,87.69,83.94
"2442",251,1987,86.58,84.67,87.25,83.52
"2443",252,1987,86.96,85.61,83.97,88.3
"2444",253,1987,85.43,82.82,85.46,83.16
"2445",254,1987,89.2,84.87,86.25,85.88
"2446",255,1987,92.6,88.06,88.33,89.28
"2447",256,1987,88.61,85.16,88.66,86.48
"2448",257,1987,89.8,86.79,89.74,86.94
"2449",258,1987,88.59,87.29,86.67,87.19
"2450",259,1987,88.03,84.94,84.96,85.94
"2451",260,1987,88.42,84.8,86.76,84.97
"2452",261,1987,89.58,85.66,89.42,83.95
"2453",262,1987,90.17,85.53,87.1,85.25
"2454",263,1987,91.79,87.8,91.7,90.65
"2455",264,1987,90.24,85.71,88.19,85.55
"2456",265,1987,92.15,88.42,89.26,88.74
"2457",266,1987,94.33,90.97,91.92,92.26
"2458",267,1987,93.77,90.16,91.17,92.95
"2459",268,1987,90.45,88.27,87.91,87.87
"2460",269,1987,89.64,87.03,88.67,85.95
"2461",270,1987,91.42,86.61,85.82,87.76
"2462",271,1987,91.51,86.86,90.11,86.17
"2463",272,1987,89.68,85.57,88.03,87.43
"2464",273,1987,88.87,86.94,87.27,90.67
"2465",274,1987,89.99,85.75,87.04,85.67
"2466",275,1987,91.15,86.94,87.83,89.36
"2467",276,1987,94.89,91.81,93.22,92.87
"2468",277,1987,90.44,86.71,88.87,88.03
"2469",278,1987,89.86,87.7,88.83,90.22
"2470",279,1987,89.84,86.07,91.02,86.07
"2471",280,1987,93.89,90.45,91.4,91.88
"2472",281,1987,90.13,86.65,88.26,88.36
"2473",282,1987,90.51,87.05,85.46,88.69
"2474",283,1987,90.6,86.28,87.06,87.74
"2475",284,1987,89.37,83.8,87.91,83.59
"2476",285,1987,86.3,84.22,86.03,85.69
"2477",286,1987,88.07,85.23,87.12,87.14
"2478",287,1987,91.34,89.02,90.29,90.71
"2479",288,1987,92.51,91.7,93.37,92.91
"2480",289,1987,89.54,86.94,86.1,88.39
"2481",290,1987,92.22,89.26,89.16,90.92
"2482",291,1987,91.49,87.83,90.79,88.02
"2483",292,1987,92.25,89.11,91.45,88.51
"2484",293,1987,88.34,85.59,86.72,85.76
"2485",294,1987,91.39,83.71,87.84,82.37
"2486",295,1987,93.18,88.95,91.08,89.25
"2487",296,1987,92.43,88.72,91.94,88.7
"2488",297,1987,90.21,87.7,88.52,87.39
"2489",298,1987,87.7,83.94,85.47,84.46
"2490",299,1987,90.04,85.81,88.97,86.5
"2491",300,1987,94.08,89.9,91.98,91.08
"2492",301,1987,93.28,87.72,92.04,88.27
"2493",302,1987,91.25,90.3,91.79,89.26
"2494",303,1987,91.17,89.86,87.6,89.87
"2495",304,1987,89.31,87.01,88.97,86.96
"2496",305,1987,87.07,83.72,83.85,84.23
"2497",306,1987,88.42,82.76,82.7,86.73
"2498",307,1987,92.52,88.54,90.75,90.25
"2499",308,1987,88.1,86.36,87.54,84.94
"2500",309,1987,91.38,87.08,90.44,86.34
"2501",310,1987,88.65,86.44,85.32,88.83
"2502",311,1987,87.86,81.09,82.05,82.4
"2503",312,1987,90.08,83.93,87.53,84.19
"2504",313,1987,88.85,84.21,87.52,84.12
"2505",314,1987,89.11,82.64,86.38,82.65
"2506",315,1987,92.74,86.36,89.45,87.22
"2507",316,1987,91.04,86.33,86.99,87.15
"2508",317,1987,87.62,84.33,85.85,85.03
"2509",318,1987,87.9,82.95,85.66,84.67
"2510",319,1987,90.41,84.63,86.8,84.87
"2511",320,1987,90.15,84.42,86.9,84.15
"2512",321,1987,90.17,85.35,85.95,84.51
"2513",322,1987,90.98,86.25,87.8,88.06
"2514",323,1987,90.61,86.88,87.48,87.25
"2515",324,1987,89.77,86.81,88.36,85.79
"2516",325,1987,93.61,88.86,92.11,89.14
"2517",326,1987,90.06,87.04,89.61,86.21
"2518",327,1987,91.37,87.77,88.5,89.41
"2519",328,1987,89.28,85.65,90.32,83.97
"2520",329,1987,88.29,87.06,88.6,86.32
"2521",330,1987,89.44,87.54,88.24,88.41
"2522",331,1987,94.55,91.44,91.78,92.04
"2523",332,1987,94.27,90.19,92.66,90.71
"2524",333,1987,93.22,88.38,88.8,88.15
"2525",334,1987,91.81,88.35,90.47,87.72
"2526",335,1987,92.22,90.2,92.27,90.22
"2527",336,1987,92.33,88.75,87.79,87.8
"2528",337,1987,88.38,82.97,83.55,83.4
"2529",338,1987,85.41,80.98,82.99,82.05
"2530",339,1987,85.77,82.56,83.78,82.52
"2531",340,1987,88.44,86.37,87.02,86.58
"2532",341,1987,91.57,87.77,92.11,89.1
"2533",342,1987,89.68,86.46,89.65,87.06
"2534",343,1987,89.75,86.56,87.98,86.9
"2535",344,1987,92.79,87.52,89.35,87.19
"2536",345,1987,92.36,88.95,92.36,89.35
"2537",346,1987,91.56,87.22,89.8,86.22
"2538",347,1987,91.63,87.02,87.78,88.63
"2539",348,1987,89.87,86.05,87.63,86.96
"2540",349,1987,87.11,79.1,80.85,79.89
"2541",350,1987,80.84,74.14,75.07,75.55
"2542",351,1987,80.69,76.89,78.65,74.35
"2543",352,1987,83.69,79.63,80.07,76.83
"2544",353,1987,85.63,81.08,79.98,79.8
"2545",354,1987,89.77,79.81,77.71,81.11
"2546",355,1987,79.89,73.36,73.31,72.01
"2547",356,1987,73.99,70.46,69.42,71.87
"2548",357,1987,73.21,69,68.88,68.65
"2549",358,1987,71.35,69.2,68.08,71.68
"2550",359,1987,72.64,69.36,70.59,68.32
"2551",360,1987,74.17,70.68,68.87,68.69
"2552",361,1987,74.82,69.71,67.01,69.38
"2553",362,1987,73.91,69.01,65.67,68.52
"2554",363,1987,75.33,67.97,69.47,69.27
"2555",364,1987,84.6,70.57,74.56,70.93
"2556",365,1987,84.5,69.45,71.96,71.92
"2557",1,1988,74.56,64.14,62.03,65.3
"2558",2,1988,70.06,64.64,61.69,65.59
"2559",3,1988,68.18,62.6,59.95,64.67
"2560",4,1988,65.79,59.98,59.04,61.77
"2561",5,1988,63.68,57.8,57.89,59.97
"2562",6,1988,62.94,57.35,56.85,57.9
"2563",7,1988,65.11,56.77,57.87,57.06
"2564",8,1988,65.79,54.34,55.05,56.21
"2565",9,1988,63.04,50.16,53.74,53.21
"2566",10,1988,59.04,51.03,55.05,50.46
"2567",11,1988,57.39,51.39,53.8,51.93
"2568",12,1988,55.4,51.8,53.13,52.4
"2569",13,1988,53.09,47.99,50.95,50.6
"2570",14,1988,52.72,47.29,50.89,46.22
"2571",15,1988,56.8,53.78,55.42,51.7
"2572",16,1988,68.99,59.7,59.67,59.86
"2573",17,1988,80.13,65.79,64.63,67.36
"2574",18,1988,72.2,59.55,55.9,64.39
"2575",19,1988,64.39,55.59,53.84,58.04
"2576",20,1988,61.8,53.94,55.94,55.33
"2577",21,1988,71.01,55.85,61.37,55.62
"2578",22,1988,70.84,57.05,64.74,55.23
"2579",23,1988,65.71,53.22,58.57,52.02
"2580",24,1988,61.18,49.37,53.66,48.75
"2581",25,1988,52.73,47.82,47.78,46.42
"2582",26,1988,55.64,47.42,49.97,47.75
"2583",27,1988,61.91,50.89,53.7,49.98
"2584",28,1988,65.54,54.9,56.44,53.44
"2585",29,1988,68.09,54.34,56.5,54.59
"2586",30,1988,66.36,56.35,57.66,54.41
"2587",31,1988,71.9,58.31,61,59.34
"2588",32,1988,81.53,66.81,62.57,66.58
"2589",33,1988,80.2,61.44,60.91,65.7
"2590",34,1988,76.21,55.75,55.34,59.36
"2591",35,1988,72.55,54.93,54.93,54.6
"2592",36,1988,71.06,53.25,52.58,53.2
"2593",37,1988,74.79,56.79,57.2,55.44
"2594",38,1988,83.72,66.72,73.19,64.05
"2595",39,1988,89.61,82.57,78.23,81.77
"2596",40,1988,85.56,77.83,73.36,76.77
"2597",41,1988,81.79,69.88,65.14,69.92
"2598",42,1988,80.89,65.92,64.53,65.32
"2599",43,1988,84.15,68.92,70.37,67.57
"2600",44,1988,83.62,67,69.39,67.1
"2601",45,1988,78.85,57.67,58.65,59.26
"2602",46,1988,70.01,52.88,50.58,54.62
"2603",47,1988,65.85,49.1,48.63,50.67
"2604",48,1988,62.4,46.72,46.21,47.56
"2605",49,1988,58.57,47.24,48.14,46.36
"2606",50,1988,57,45.13,46.34,46.67
"2607",51,1988,58.93,44.37,46.53,45.02
"2608",52,1988,63.2,45.94,48.43,46.48
"2609",53,1988,68.86,46.59,48.26,46.81
"2610",54,1988,67.82,48.61,47.51,51
"2611",55,1988,58.04,44.91,43.74,47.94
"2612",56,1988,54.39,43.83,44.11,44.96
"2613",57,1988,52.37,45.49,44.85,46.06
"2614",58,1988,53.35,43.69,43.89,47.3
"2615",59,1988,51.98,42.15,42.55,43.78
"2616",60,1988,50.39,39.6,41.6,43
"2617",61,1988,48.02,42.65,42.31,45.7
"2618",62,1988,45.08,44.18,43.26,45.42
"2619",63,1988,44.51,43.49,40.38,45.84
"2620",64,1988,43.37,41.93,42.86,45.31
"2621",65,1988,48.08,47.47,48.04,45.9
"2622",66,1988,47.53,46.07,46.68,45.29
"2623",67,1988,42.65,39.89,43.12,39.71
"2624",68,1988,41.28,38.82,43.01,38.73
"2625",69,1988,41.14,39.37,43.13,39.06
"2626",70,1988,40.08,39.59,40.6,38.76
"2627",71,1988,39.44,38.62,41.13,38.56
"2628",72,1988,42.39,42.49,45.79,40.83
"2629",73,1988,47.63,46.22,46.66,45.39
"2630",74,1988,53.06,45.92,46.88,45.3
"2631",75,1988,61.34,47.27,50.65,48.56
"2632",76,1988,78.47,55.18,58.67,54.56
"2633",77,1988,85.22,63.1,59.41,63.78
"2634",78,1988,74.27,45,41.59,47.35
"2635",79,1988,64.47,39.73,40.37,41.07
"2636",80,1988,66.77,43.77,47.34,43.41
"2637",81,1988,69.32,44.73,47.4,46.39
"2638",82,1988,64.97,44.09,44.04,45.12
"2639",83,1988,58.31,40.06,41.05,40.79
"2640",84,1988,52.5,40.46,41.99,38.78
"2641",85,1988,51.47,43.98,44.98,42.97
"2642",86,1988,63.71,43.38,45.04,43.7
"2643",87,1988,77.33,53.75,54.24,50.42
"2644",88,1988,82,55.27,57.2,53
"2645",89,1988,90.73,77.32,74.46,74.87
"2646",90,1988,87.84,82.59,76.78,83.25
"2647",91,1988,89.27,88.88,84.36,87.93
"2648",92,1988,90.61,85,81.92,86.25
"2649",93,1988,91.82,84.16,81.75,86.42
"2650",94,1988,94.41,90.09,90.41,91.38
"2651",95,1988,91.97,88.58,87.43,88.78
"2652",96,1988,89.62,87.59,88.45,86.23
"2653",97,1988,93.67,90.1,91.93,91.65
"2654",98,1988,93.73,89.24,91.65,89.91
"2655",99,1988,91.08,88.33,89.36,89.04
"2656",100,1988,92.89,88.1,91.53,87.37
"2657",101,1988,94.64,90.65,92.84,90.07
"2658",102,1988,93.35,89.27,89.5,87.92
"2659",103,1988,91.87,87.91,87.93,86.34
"2660",104,1988,89.52,87.28,85.64,88.24
"2661",105,1988,85.99,83.67,82.12,83.07
"2662",106,1988,87.92,82.09,82.17,82.63
"2663",107,1988,86.26,81.73,82.59,83.26
"2664",108,1988,84.75,79.34,77.75,80.27
"2665",109,1988,87.2,75.61,74.98,79.72
"2666",110,1988,85.83,78.02,77.74,80.16
"2667",111,1988,86.12,75.24,76.97,76.96
"2668",112,1988,88.24,83.02,81.82,81.22
"2669",113,1988,86.83,82.95,79.71,83.88
"2670",114,1988,88.11,79.84,78.6,82.52
"2671",115,1988,91.75,78.62,79.71,81.27
"2672",116,1988,91.04,84.18,84.98,82.52
"2673",117,1988,89.4,80.77,81.11,81.56
"2674",118,1988,89.42,82.46,80.28,85.2
"2675",119,1988,92.91,90.57,86.88,91.36
"2676",120,1988,91.91,89.19,88.48,90.89
"2677",121,1988,92.95,88.48,93.12,87.82
"2678",122,1988,93.19,89.44,91.39,87.04
"2679",123,1988,91.69,87.6,87.62,87.77
"2680",124,1988,90.48,87.85,88.39,89.08
"2681",125,1988,93.25,90.32,91.73,91.23
"2682",126,1988,90.64,88.84,87.43,89.25
"2683",127,1988,91.07,87.97,87.99,87.88
"2684",128,1988,90.39,87.84,87.88,88.56
"2685",129,1988,90.17,85.81,88.82,85.9
"2686",130,1988,91.96,88.23,91.29,86.01
"2687",131,1988,94.88,91.1,91.59,91.61
"2688",132,1988,89.85,83.01,88.52,85.57
"2689",133,1988,90.13,86.8,88.2,85.53
"2690",134,1988,93.23,89.99,89.89,90.98
"2691",135,1988,93.04,88.97,88.43,91.27
"2692",136,1988,89.89,87.5,88.84,88.37
"2693",137,1988,91.59,88.99,90.67,90.42
"2694",138,1988,90.24,88.22,89.27,87.97
"2695",139,1988,92.95,90.05,92.58,89.21
"2696",140,1988,93.76,90.15,91.56,88.56
"2697",141,1988,93.13,87.71,89.16,87.98
"2698",142,1988,90.47,86.76,86.52,85.96
"2699",143,1988,92.44,87.54,88.36,87.53
"2700",144,1988,94.86,90.79,92.1,92.11
"2701",145,1988,93.61,90.32,91.46,91.6
"2702",146,1988,90.82,87.37,88.77,89.31
"2703",147,1988,91.55,86.6,87,89.6
"2704",148,1988,87.28,80.2,80.65,82.62
"2705",149,1988,89.79,81.93,85.13,81.47
"2706",150,1988,89.7,85.69,89.27,82.69
"2707",151,1988,86.75,85.69,88.17,85.04
"2708",152,1988,90.74,87.54,91.85,86.16
"2709",153,1988,94.77,91.23,93.43,93.7
"2710",154,1988,95.13,90.54,93.6,89.81
"2711",155,1988,93.55,88.96,94.62,86.49
"2712",156,1988,94.36,90.25,90.08,89.03
"2713",157,1988,91.94,88.98,89.96,89.59
"2714",158,1988,89.85,85.63,89.62,84.62
"2715",159,1988,90.27,85.2,86.66,85.18
"2716",160,1988,89.46,86.29,87.26,87.14
"2717",161,1988,92.9,89.89,91.86,91.04
"2718",162,1988,94.3,89.56,93.74,90.04
"2719",163,1988,97.13,90.29,94.7,89.67
"2720",164,1988,90.25,83.83,90.75,81.43
"2721",165,1988,90.31,86.1,89.51,82.79
"2722",166,1988,93.85,90.12,91.28,89.71
"2723",167,1988,94.9,90.82,95.06,89.71
"2724",168,1988,87.84,86.04,86.46,88.02
"2725",169,1988,88.31,84.84,86.59,87.25
"2726",170,1988,93.04,89.76,92.65,90
"2727",171,1988,92.93,91.44,92.14,92.51
"2728",172,1988,87.48,86.6,88.94,84.56
"2729",173,1988,85.15,84.23,83.53,85.28
"2730",174,1988,90.74,86.89,87.57,87.92
"2731",175,1988,93.91,91.47,94.47,93.17
"2732",176,1988,93.78,90.53,91.02,91.49
"2733",177,1988,91.45,91.39,89.94,91.09
"2734",178,1988,89.82,89.31,88.85,87.52
"2735",179,1988,89.72,88.03,89.73,88.43
"2736",180,1988,90.84,88.36,90.69,90.3
"2737",181,1988,90.63,87.65,88.78,89.2
"2738",182,1988,92.25,90.18,91.92,88.2
"2739",183,1988,89.26,87.57,88.62,87.21
"2740",184,1988,94.99,92.24,93.54,90.79
"2741",185,1988,93.75,91.26,90.74,90.56
"2742",186,1988,94.83,92.46,94.63,93.56
"2743",187,1988,94.66,90.34,93.98,91.75
"2744",188,1988,91.94,89.6,92.47,91.16
"2745",189,1988,92.39,86.87,89.57,88.17
"2746",190,1988,95.44,91.15,91.73,91.22
"2747",191,1988,91.11,87.67,89.18,86.94
"2748",192,1988,89.57,87.26,92.55,84.82
"2749",193,1988,91.47,89.25,95.25,87.24
"2750",194,1988,96.01,92.81,92.57,92.79
"2751",195,1988,95.35,91.19,95.53,91.79
"2752",196,1988,82.2,80.42,86.72,78.33
"2753",197,1988,81.86,81.38,84.26,77.62
"2754",198,1988,89.66,82.32,89.05,82.96
"2755",199,1988,89.45,83.89,88.92,86.14
"2756",200,1988,90.69,88.72,89.89,88.8
"2757",201,1988,92.39,89,90.73,89.04
"2758",202,1988,92.87,89.43,90.1,89.59
"2759",203,1988,88.82,88.55,90.73,88.75
"2760",204,1988,91.46,88.18,93.91,86
"2761",205,1988,97.7,94.13,94.77,94.61
"2762",206,1988,95.33,94.1,95.14,93.1
"2763",207,1988,92.89,88.91,90.79,88.5
"2764",208,1988,93,87.89,92.55,84.77
"2765",209,1988,90.75,89.34,95.28,82.65
"2766",210,1988,88.92,86.1,85.89,86.34
"2767",211,1988,88.46,86.37,86.1,87.12
"2768",212,1988,92.27,88.55,92.01,89.08
"2769",213,1988,92.77,88.3,89.22,90.02
"2770",214,1988,91.44,87.65,89.34,87.96
"2771",215,1988,92.28,89.92,90.24,91.39
"2772",216,1988,91.86,89.09,90.24,89.5
"2773",217,1988,91.76,88.99,93.27,89.01
"2774",218,1988,92.74,90.36,92.1,90.24
"2775",219,1988,88.43,86.15,90.73,84.09
"2776",220,1988,87.5,84.09,86.72,80.4
"2777",221,1988,87.82,85.34,88.99,83.02
"2778",222,1988,92.04,88.67,91.05,89.17
"2779",223,1988,91.34,87.92,90.45,88.55
"2780",224,1988,88.19,83.89,89.26,81.15
"2781",225,1988,88.81,85.14,84,84.9
"2782",226,1988,92.48,88.39,89.09,90.75
"2783",227,1988,89.39,85.66,90.16,85.26
"2784",228,1988,90.87,87.26,88.65,87.36
"2785",229,1988,90.18,86.7,89.53,86.27
"2786",230,1988,92.97,88.52,91.91,88.58
"2787",231,1988,91.64,89.42,91.49,88.72
"2788",232,1988,92.59,89.22,90.11,88.48
"2789",233,1988,91.6,89.42,90.24,88.43
"2790",234,1988,92.91,90.35,92.77,89.12
"2791",235,1988,92.3,90.06,91.71,89.04
"2792",236,1988,91.67,88.05,91.79,87.29
"2793",237,1988,89.92,87.12,87.03,87.35
"2794",238,1988,87.29,85.66,90.23,83.1
"2795",239,1988,90.26,89.1,88.03,88.29
"2796",240,1988,89.08,88.64,90.57,88.04
"2797",241,1988,90.89,90.45,93.02,89.27
"2798",242,1988,90.19,87.66,88.92,90.17
"2799",243,1988,91.82,88.42,88.93,87.38
"2800",244,1988,93.13,91.07,92.16,89.97
"2801",245,1988,90.25,86.93,86.58,85.17
"2802",246,1988,92.26,88.11,88.63,87.72
"2803",247,1988,92.9,90.3,92.82,88.96
"2804",248,1988,90.17,86.37,86.43,86.39
"2805",249,1988,88.67,85.6,85.97,84.45
"2806",250,1988,90.31,86.42,88.31,86.56
"2807",251,1988,89.65,87.5,90.68,87.25
"2808",252,1988,89.69,87.35,87.81,87.05
"2809",253,1988,88.61,86.38,86.72,86.42
"2810",254,1988,89.15,85.97,86.38,85.74
"2811",255,1988,90.31,87.59,89.88,88.58
"2812",256,1988,91.56,89.4,90.15,88.6
"2813",257,1988,92,90.14,90.17,89.05
"2814",258,1988,88.53,87.63,86.74,87.22
"2815",259,1988,85.65,83.13,84.89,84.39
"2816",260,1988,88.89,83.95,86.46,84.14
"2817",261,1988,93.59,90.29,93.01,90.84
"2818",262,1988,89.45,87,89.56,86.98
"2819",263,1988,90.95,87.39,88.2,87.08
"2820",264,1988,89.92,87.86,87.7,86.3
"2821",265,1988,93.78,88.74,89.85,88.19
"2822",266,1988,90.04,87.47,89.76,85.65
"2823",267,1988,88.95,88.08,89.57,85.49
"2824",268,1988,89.7,86.52,89,86.61
"2825",269,1988,90.24,86.63,90.14,86.7
"2826",270,1988,89.05,86.67,91.16,85.96
"2827",271,1988,88.5,85,88.27,85.16
"2828",272,1988,91.81,87.03,89.12,86.24
"2829",273,1988,90.65,87.31,88.6,89.69
"2830",274,1988,86.83,85.75,89.35,86.36
"2831",275,1988,87.61,83.02,85.87,83.63
"2832",276,1988,86.89,81.28,85.31,82.09
"2833",277,1988,91.68,88.46,89.71,88.55
"2834",278,1988,90.34,86.48,89.73,86.61
"2835",279,1988,86.26,84.06,86.7,84.7
"2836",280,1988,89.67,88.53,88.97,88.65
"2837",281,1988,91.93,87.91,90.82,87.17
"2838",282,1988,92.32,89.95,90.07,89.42
"2839",283,1988,89.63,86.62,86.71,87.88
"2840",284,1988,88.79,85.75,85.03,86.78
"2841",285,1988,90.7,85.88,86.63,86.59
"2842",286,1988,91.43,87.74,89.74,87.55
"2843",287,1988,91.26,86.58,86.89,87.23
"2844",288,1988,91.68,87.22,88.59,88.66
"2845",289,1988,88.66,86.96,88.99,87.21
"2846",290,1988,88.34,85.82,87.24,87.06
"2847",291,1988,92.96,88.17,90.03,88.93
"2848",292,1988,90.62,87.7,92.41,86.79
"2849",293,1988,92.41,87.55,88.63,88.43
"2850",294,1988,86.59,86.35,85.67,87.07
"2851",295,1988,90.95,88.24,86.89,90.7
"2852",296,1988,88.19,88.98,87.42,90.45
"2853",297,1988,87.05,84.7,88.02,86.07
"2854",298,1988,88.42,86.79,90.18,85.63
"2855",299,1988,85.06,83.61,86,83.24
"2856",300,1988,84.91,83.84,85.11,83.82
"2857",301,1988,89.55,84.44,85.53,85.52
"2858",302,1988,93.74,89.18,91.54,90.01
"2859",303,1988,87.85,85.52,87.37,84.56
"2860",304,1988,87.01,84.37,85.05,84.38
"2861",305,1988,91.98,87.53,89.97,88.03
"2862",306,1988,92.44,88.42,90.68,90.31
"2863",307,1988,91,90.54,91.02,92.59
"2864",308,1988,92.9,90.86,91.34,89.74
"2865",309,1988,91.86,89.1,90.49,88.52
"2866",310,1988,88.99,86.02,88.52,86.76
"2867",311,1988,91.19,87.31,88.78,90.06
"2868",312,1988,92.09,87.74,88.04,90.58
"2869",313,1988,94.07,89.54,91.46,90.64
"2870",314,1988,94.93,91.15,91.96,92.69
"2871",315,1988,91.53,88.74,91.31,89.01
"2872",316,1988,90.5,86.81,89.11,89.79
"2873",317,1988,92.42,87.24,89.32,86.96
"2874",318,1988,91.46,88.33,91.64,88.17
"2875",319,1988,92.88,89.61,89.82,90.11
"2876",320,1988,92.17,88.78,92.55,88.15
"2877",321,1988,93.54,90.88,93.45,92.53
"2878",322,1988,93.16,89.71,93.42,89.5
"2879",323,1988,88,88.34,89.78,86.34
"2880",324,1988,89.4,88.51,85.67,90.41
"2881",325,1988,89.77,86.47,86.67,88.23
"2882",326,1988,87.5,83.31,86.89,84.81
"2883",327,1988,88.67,85.46,85.33,86.63
"2884",328,1988,87.97,84.36,87.65,84.87
"2885",329,1988,91.2,86.39,88.02,87.52
"2886",330,1988,93.65,89.13,92.44,89.78
"2887",331,1988,92.83,89.74,92.29,88.57
"2888",332,1988,91.11,86.97,87.03,87.21
"2889",333,1988,90.02,85.08,87.19,84.88
"2890",334,1988,88.85,83.2,84.13,84.09
"2891",335,1988,81.35,78.62,77.74,79.49
"2892",336,1988,82.17,80.49,80.95,80.57
"2893",337,1988,84.56,81.81,83.11,81.61
"2894",338,1988,88.37,83.23,84.48,83.58
"2895",339,1988,88.11,83.91,85.52,82.64
"2896",340,1988,83.03,77.78,79.95,77.72
"2897",341,1988,79.6,72.71,79,72.89
"2898",342,1988,84.54,79.08,84.19,77.36
"2899",343,1988,91.49,88.94,86.33,89.3
"2900",344,1988,84.75,79.25,81.76,81.5
"2901",345,1988,78.42,73.19,75.21,73.9
"2902",346,1988,79.87,74.98,77.6,75.18
"2903",347,1988,87.28,80.18,82.51,80.43
"2904",348,1988,88.88,84,82.33,85.48
"2905",349,1988,85.57,81.07,77.53,84.57
"2906",350,1988,82.98,76.44,74.26,77.31
"2907",351,1988,75.14,70.55,68.8,75.19
"2908",352,1988,71.91,68.5,68.35,71.42
"2909",353,1988,69.53,67.61,66.04,69.84
"2910",354,1988,71.69,68.59,68.32,71.19
"2911",355,1988,75.11,70.56,70.99,73.4
"2912",356,1988,75.65,69.19,70.52,71.85
"2913",357,1988,75.17,70.45,70.32,71.64
"2914",358,1988,73.3,68.71,68.98,70.29
"2915",359,1988,76.49,69.15,68.74,72.75
"2916",360,1988,77.75,70.49,68.58,73.08
"2917",361,1988,79.31,70.07,68.38,71.2
"2918",362,1988,87.92,77.81,72.67,77.47
"2919",363,1988,87.54,81.25,74.61,80.47
"2920",364,1988,88.13,82.5,76.78,82.53
"2921",365,1988,95.27,88.34,86.6,89.02
"2922",366,1988,91.75,87.65,87.73,87.08
"2923",1,1989,92.25,87.28,87.68,88.06
"2924",2,1989,92.4,85.22,82.9,85.18
"2925",3,1989,90.44,83.55,78.99,86.63
"2926",4,1989,90.34,82.77,83.18,84.53
"2927",5,1989,92.18,87.5,88.58,88.8
"2928",6,1989,89.52,83.21,79.26,85.88
"2929",7,1989,80.59,73.6,67.43,78.12
"2930",8,1989,71.25,66.2,63.33,68.9
"2931",9,1989,69.68,65.47,63.28,68.18
"2932",10,1989,71.47,66.92,64.2,68.01
"2933",11,1989,81.85,72.54,72.7,73.37
"2934",12,1989,90.78,77.01,81.66,79.17
"2935",13,1989,89.18,74.11,76.27,74.41
"2936",14,1989,87.79,73.04,72.72,73.84
"2937",15,1989,86.2,70.65,71.24,72.53
"2938",16,1989,85.2,72.37,71.37,74.5
"2939",17,1989,82.66,65.99,65.85,69.11
"2940",18,1989,79.55,60.44,63.2,62.26
"2941",19,1989,80.95,64.23,66.57,66.4
"2942",20,1989,84.94,71.27,73.38,67.88
"2943",21,1989,90.56,82.12,82.67,79.37
"2944",22,1989,92.3,83.98,81.49,83.07
"2945",23,1989,88.59,77.7,74.02,78.25
"2946",24,1989,83.44,72.42,67.9,73.72
"2947",25,1989,77.87,68.05,65.66,70.51
"2948",26,1989,74.6,64.51,64.16,65.9
"2949",27,1989,71.99,62.43,60.7,62.45
"2950",28,1989,71.61,62.38,60.36,61.94
"2951",29,1989,70.08,60.09,58.54,62.4
"2952",30,1989,69.44,58.26,56.73,60.52
"2953",31,1989,73.58,62.98,61.03,61.77
"2954",32,1989,78.21,60.32,59.79,63.87
"2955",33,1989,70.39,52.84,51.68,57.65
"2956",34,1989,66.66,53.08,52.43,54.42
"2957",35,1989,65.46,53.43,54.72,52.35
"2958",36,1989,69.02,56.34,59.99,56.08
"2959",37,1989,74.02,60.91,62.85,60.34
"2960",38,1989,77.05,65.46,62.3,68.92
"2961",39,1989,64.84,51.5,51.44,56.44
"2962",40,1989,53.86,46.94,48.56,49.21
"2963",41,1989,53.82,44.92,48.77,45.78
"2964",42,1989,58.21,49.43,52.17,48.87
"2965",43,1989,65.34,54.23,58.96,52.32
"2966",44,1989,70.03,57.31,59.4,55.91
"2967",45,1989,61,50.35,52,49.78
"2968",46,1989,50.45,43.63,48.88,41.65
"2969",47,1989,48.49,43.83,44.49,42.26
"2970",48,1989,50.96,43.6,47.86,42.05
"2971",49,1989,61.52,51.06,55.67,46.47
"2972",50,1989,84.11,73.57,76.42,69.75
"2973",51,1989,90.24,86.43,84.96,84.52
"2974",52,1989,90,81.74,82.45,82.43
"2975",53,1989,86.08,73.93,74.6,70.6
"2976",54,1989,79.11,65.44,66.92,65.55
"2977",55,1989,79.68,63.94,66.1,62.89
"2978",56,1989,90.86,74.94,79.72,73.26
"2979",57,1989,93.33,86.93,86.51,88.06
"2980",58,1989,90.67,84.6,82.31,83.2
"2981",59,1989,89.74,81.16,79.37,84.21
"2982",60,1989,87.89,77.12,74.33,78.32
"2983",61,1989,85.19,72.14,68.76,71.92
"2984",62,1989,86.45,70.82,71.57,68.54
"2985",63,1989,90.34,71.95,72.2,69.83
"2986",64,1989,90.95,74.19,72.96,77.69
"2987",65,1989,87.73,70.1,67.48,73.18
"2988",66,1989,85.6,66.11,65.52,69.07
"2989",67,1989,83.53,63.25,62.93,65.5
"2990",68,1989,78.77,57.88,58.71,60.13
"2991",69,1989,80.68,58.02,59.64,58.02
"2992",70,1989,84.05,60.73,65.21,60.31
"2993",71,1989,82.59,63.8,64.65,64.19
"2994",72,1989,84.64,55.43,59.24,57.15
"2995",73,1989,86.57,63.81,68.42,69.12
"2996",74,1989,77.19,53.99,57.29,57.83
"2997",75,1989,67.34,47.7,52.02,49.52
"2998",76,1989,72.39,47.76,53.32,47.55
"2999",77,1989,72.85,47.08,52.01,48.09
"3000",78,1989,80.2,52.27,57.12,50.64
"3001",79,1989,90.05,72.07,79.23,71.43
"3002",80,1989,92.42,81.09,79.78,85.24
"3003",81,1989,93.41,85.38,83.7,88.99
"3004",82,1989,91.63,83.89,82.63,83.84
"3005",83,1989,91.68,82.95,78.85,84.98
"3006",84,1989,83.63,70.94,66.18,74.66
"3007",85,1989,83.05,67.91,65.01,72
"3008",86,1989,80.52,66.17,66.87,66.96
"3009",87,1989,81.06,64.45,65.77,67.84
"3010",88,1989,85.33,68.62,70.42,69.08
"3011",89,1989,87.61,71.67,74.23,72.35
"3012",90,1989,88.68,81.43,82.25,84.72
"3013",91,1989,90.86,85.78,84.19,87.71
"3014",92,1989,93.34,85.74,85.09,89.03
"3015",93,1989,92.04,84.99,86.84,87.03
"3016",94,1989,92.3,87.12,87.38,87.94
"3017",95,1989,89.85,84.78,83.42,85.86
"3018",96,1989,91.28,83.05,81.24,84.6
"3019",97,1989,92.47,86.9,81.78,87.93
"3020",98,1989,89.93,84.7,80.12,84.31
"3021",99,1989,88.26,79.19,74.54,81.84
"3022",100,1989,82.8,67.78,62.14,71.31
"3023",101,1989,80.77,66.85,65.78,64.86
"3024",102,1989,86.38,69.69,67.77,70.22
"3025",103,1989,92.35,79.97,73.35,83.37
"3026",104,1989,92.4,83.45,79.39,88.66
"3027",105,1989,91.68,81.69,75.59,87.23
"3028",106,1989,90.33,79.74,71.15,84.3
"3029",107,1989,89.34,76.41,67.76,80.92
"3030",108,1989,83.35,66.84,58.57,74.74
"3031",109,1989,82.58,64.92,61.8,68.91
"3032",110,1989,91.24,82.02,85.04,79.05
"3033",111,1989,90.47,85.12,87.98,79.96
"3034",112,1989,91.89,88.48,89.59,86.93
"3035",113,1989,94.08,90.11,89.77,89.66
"3036",114,1989,91.6,87.6,86.33,89.3
"3037",115,1989,89.6,85.32,83.84,84.77
"3038",116,1989,90.39,84.22,83.19,86.33
"3039",117,1989,91.11,87.26,89.25,86.81
"3040",118,1989,91.18,87.17,86.96,88.73
"3041",119,1989,91.93,86.45,87.91,89.33
"3042",120,1989,90.98,86.34,87.01,87.5
"3043",121,1989,91.64,83.86,81.32,84.7
"3044",122,1989,92.94,85.74,83.94,87.07
"3045",123,1989,91.75,86.71,86.63,88.8
"3046",124,1989,89.21,85.82,82.67,86.81
"3047",125,1989,91,86.18,86.32,87.71
"3048",126,1989,94.48,90.85,91.38,91.43
"3049",127,1989,95.47,91.51,95.55,88.5
"3050",128,1989,94.93,89.94,96.5,86.79
"3051",129,1989,86.28,84.83,88.01,82.29
"3052",130,1989,93.33,88.32,93.26,85.35
"3053",131,1989,91.78,87.97,87.43,89.95
"3054",132,1989,92.02,87.97,91.55,87.02
"3055",133,1989,94.46,89.53,90.75,90.79
"3056",134,1989,94.24,91.15,92.89,90.16
"3057",135,1989,94.47,89.34,92.2,90.42
"3058",136,1989,89.94,86.66,86.55,87.72
"3059",137,1989,92.46,89.89,86.91,89.68
"3060",138,1989,94.25,91.33,92.48,91.82
"3061",139,1989,94.84,87.49,88.77,88.4
"3062",140,1989,94.23,90.52,91.41,93.1
"3063",141,1989,94.97,91.73,92.8,91.12
"3064",142,1989,96,92.46,93.45,92.84
"3065",143,1989,94.33,94.67,91.97,93.08
"3066",144,1989,92.37,91.55,95.16,91.21
"3067",145,1989,95.26,91.09,92.84,93.13
"3068",146,1989,96.55,93.78,95.83,97.29
"3069",147,1989,93.98,89.38,92.91,89.6
"3070",148,1989,93.51,88.83,89.39,88.63
"3071",149,1989,92.11,88.48,92.06,89.53
"3072",150,1989,91.28,87.71,88.8,87.96
"3073",151,1989,88.8,87.22,88.08,87.99
"3074",152,1989,94.42,92.03,91.95,93.91
"3075",153,1989,93.11,89.65,93.21,91.27
"3076",154,1989,97.17,93.02,95.43,93.27
"3077",155,1989,96.71,94.63,93.92,92.31
"3078",156,1989,95.09,93.85,92.66,91.18
"3079",157,1989,92.16,90.59,89.58,90.14
"3080",158,1989,92.59,89.41,90.21,90.98
"3081",159,1989,88.95,87.24,85.7,88.53
"3082",160,1989,93.16,87.28,88.23,90.74
"3083",161,1989,93.61,90.14,93.55,92.44
"3084",162,1989,94.85,92.37,92.2,93.78
"3085",163,1989,95.31,92.82,92.47,93.84
"3086",164,1989,96.27,94.37,95.52,96.41
"3087",165,1989,94.63,93.06,91.34,94.22
"3088",166,1989,89.05,86.35,85.71,87.02
"3089",167,1989,88.53,82.36,83.2,83.56
"3090",168,1989,93.86,89.4,93.17,90.51
"3091",169,1989,96.33,92.69,94.04,93.14
"3092",170,1989,93.62,90.29,91.52,93.98
"3093",171,1989,91.44,88.89,88.62,89.73
"3094",172,1989,95.96,93.35,95.43,94.22
"3095",173,1989,90.82,89.22,91.85,89.64
"3096",174,1989,93.21,91.15,91.8,92.6
"3097",175,1989,90.25,88.31,90.35,88.88
"3098",176,1989,94.04,90.68,91.36,91.09
"3099",177,1989,94.53,91.53,91.38,92.44
"3100",178,1989,89.48,87.47,88.38,87.66
"3101",179,1989,83.32,81.62,81.6,82.42
"3102",180,1989,84.18,80.68,83.03,81.32
"3103",181,1989,92.17,90.03,89.92,89.81
"3104",182,1989,90,87.59,90.85,87.41
"3105",183,1989,90.98,90.31,90.76,88.25
"3106",184,1989,92.07,91.04,91.8,88.9
"3107",185,1989,91.89,89.15,90.93,88.89
"3108",186,1989,94.55,91.72,92.63,92.73
"3109",187,1989,94.9,91.52,93.39,93.9
"3110",188,1989,95.14,90.47,94.78,91.4
"3111",189,1989,88.89,81.89,92.16,80.3
"3112",190,1989,78.88,74.38,78.96,71.83
"3113",191,1989,75.12,75.22,82.6,71.21
"3114",192,1989,80.59,80,84.58,77.72
"3115",193,1989,82.73,82,81.91,78.25
"3116",194,1989,88.77,85.49,89.23,81.33
"3117",195,1989,90.83,87.87,89.12,85.3
"3118",196,1989,94.67,91.62,93.72,90.16
"3119",197,1989,91.98,88.56,92.72,86.96
"3120",198,1989,91.78,87.93,91.75,84.39
"3121",199,1989,88.52,85.9,93.87,79.42
"3122",200,1989,90.92,85.24,89.28,81.9
"3123",201,1989,92.04,91.25,93.8,88.25
"3124",202,1989,92.22,91.44,93.31,91.13
"3125",203,1989,95.6,92.93,92.45,93.22
"3126",204,1989,92.3,90.43,90.12,88.96
"3127",205,1989,89.28,88.61,87.87,88.72
"3128",206,1989,91.07,89.84,89.95,91.92
"3129",207,1989,90.94,88.65,88.27,88.82
"3130",208,1989,86.34,82.77,84.47,85.57
"3131",209,1989,86.4,84.58,86.89,83.9
"3132",210,1989,87.03,85.45,85.59,84.81
"3133",211,1989,85.01,81.89,83.74,81.01
"3134",212,1989,89.75,82.84,85.12,82.78
"3135",213,1989,87.71,86.04,87.28,86
"3136",214,1989,90.45,87.2,89.93,86.18
"3137",215,1989,87.54,86.05,88.74,85.47
"3138",216,1989,87.11,86.38,90.62,85.05
"3139",217,1989,90.07,88.16,86.61,87.84
"3140",218,1989,89.69,87.41,87.42,85.83
"3141",219,1989,88.62,84.51,89.69,83.14
"3142",220,1989,85.69,85.17,84.86,85.86
"3143",221,1989,92.69,90,90.96,90.75
"3144",222,1989,94.43,89.63,92.66,88.92
"3145",223,1989,92.5,87.84,91.62,88.07
"3146",224,1989,91.08,87.88,92.33,85.98
"3147",225,1989,88.93,84.79,88.27,84.32
"3148",226,1989,91.61,86.82,86.18,86.58
"3149",227,1989,92.02,90.18,89.93,90.13
"3150",228,1989,91.48,89.23,92.02,86.98
"3151",229,1989,89.17,85.26,88.19,86.1
"3152",230,1989,88.47,85.74,89.85,84.57
"3153",231,1989,91.01,87.88,86.67,89.66
"3154",232,1989,92.18,88.95,91.09,87.65
"3155",233,1989,90.82,87.26,90.52,86.39
"3156",234,1989,91.3,87.81,90.72,88.02
"3157",235,1989,91.61,88.79,91.35,88.15
"3158",236,1989,92.21,87.65,92.37,87.31
"3159",237,1989,91.79,88.14,90.22,87.2
"3160",238,1989,89.71,86.72,87.94,87.37
"3161",239,1989,88.79,86.37,88.82,85.68
"3162",240,1989,91.22,86.98,88.68,86.36
"3163",241,1989,92.36,87.37,91.74,87.49
"3164",242,1989,88.63,88.19,89.78,88.41
"3165",243,1989,90.58,87.14,87.16,89.2
"3166",244,1989,90.7,87.66,90.59,87.49
"3167",245,1989,91.17,87.89,90.66,86.79
"3168",246,1989,88.7,86.4,86.37,84.24
"3169",247,1989,85.49,83.46,84.94,83.22
"3170",248,1989,90.77,86.22,87.61,88.8
"3171",249,1989,89.59,86.85,89.83,87.62
"3172",250,1989,87.32,86.51,86.2,86.28
"3173",251,1989,90.75,88.46,88.39,87.56
"3174",252,1989,92.99,89.15,90.23,89.37
"3175",253,1989,90.37,88.47,91.45,89.52
"3176",254,1989,86.92,84.81,87.78,84.59
"3177",255,1989,86.33,83.17,86.11,82.95
"3178",256,1989,85.83,85.36,85.25,84.91
"3179",257,1989,86.72,83.07,86.24,83.94
"3180",258,1989,90.1,88.3,88.15,88.18
"3181",259,1989,91.32,89.78,89.66,90.73
"3182",260,1989,88.44,84.28,86.47,83.91
"3183",261,1989,84.9,82.23,84.86,79.81
"3184",262,1989,86.36,82.71,83.61,80.75
"3185",263,1989,89.8,88.2,85.57,87.95
"3186",264,1989,91.92,88.86,89.93,89.37
"3187",265,1989,89.45,88.11,90.93,88.03
"3188",266,1989,88.12,85.34,88.37,84.81
"3189",267,1989,90.6,87.93,88.6,86.09
"3190",268,1989,92.83,88.31,87.58,89.62
"3191",269,1989,92.07,91.97,91.58,91.59
"3192",270,1989,90.44,87.62,87.76,88.52
"3193",271,1989,91.21,88.81,88.03,89.88
"3194",272,1989,92.09,88.7,91,88.53
"3195",273,1989,93.54,88.73,92.44,89.57
"3196",274,1989,92.48,87.93,89.35,87.86
"3197",275,1989,89.52,85.74,87.86,86.81
"3198",276,1989,88.41,85.78,88.41,86.7
"3199",277,1989,91.41,89.12,88.02,90.83
"3200",278,1989,93.44,91.17,91.64,90.49
"3201",279,1989,91.11,88.99,88.43,88.9
"3202",280,1989,92.74,89.13,89.99,90.07
"3203",281,1989,90.77,86.29,90.04,86.75
"3204",282,1989,92.06,88.36,92.3,87.75
"3205",283,1989,93.33,89.33,90.24,89.83
"3206",284,1989,93.13,89.2,90.53,90.47
"3207",285,1989,92.81,89.08,93.64,88.92
"3208",286,1989,90.6,88.91,88.13,88.71
"3209",287,1989,93.42,87.48,87.73,89.1
"3210",288,1989,92.18,89.08,89.96,89.5
"3211",289,1989,91.63,89.15,90.77,91.02
"3212",290,1989,92.36,90.05,89.92,91.23
"3213",291,1989,92.12,89.98,90.59,91.01
"3214",292,1989,93.46,90.9,91.69,88.98
"3215",293,1989,89.85,86.53,90.02,85.22
"3216",294,1989,84.68,78.59,83.57,80.85
"3217",295,1989,87.09,82.59,86.6,81.16
"3218",296,1989,89.86,86.58,90.49,86.53
"3219",297,1989,93.08,88.89,90.4,89.65
"3220",298,1989,91.49,87.16,91.37,86.58
"3221",299,1989,90.47,86.24,87.68,86.62
"3222",300,1989,92.53,90.3,92.97,88.76
"3223",301,1989,93.8,90.55,93.45,92.3
"3224",302,1989,89.68,86.25,89.24,87.73
"3225",303,1989,90.38,88.77,90.76,88.35
"3226",304,1989,92.33,90.31,91.67,90.21
"3227",305,1989,91.06,87.74,90.17,87.7
"3228",306,1989,93.14,90.03,90.82,90.71
"3229",307,1989,91.46,87.03,90.02,88.69
"3230",308,1989,88.81,84.62,88.14,86.08
"3231",309,1989,89.37,85.08,86.83,86.1
"3232",310,1989,87.59,85.37,86.03,85.44
"3233",311,1989,87.85,84.75,87.47,83.77
"3234",312,1989,83.05,80.88,82.03,82.96
"3235",313,1989,82.11,79.98,82.53,80.04
"3236",314,1989,85.39,82.23,83.61,81.37
"3237",315,1989,90.03,85.71,89.8,86.17
"3238",316,1989,85.07,83.69,85.14,82.95
"3239",317,1989,82.88,80.59,82.55,80.68
"3240",318,1989,88.12,83.88,86.59,83.65
"3241",319,1989,92.07,88.08,91.56,87.36
"3242",320,1989,92.16,90.07,92.9,88.86
"3243",321,1989,92.81,89.73,92.9,89.84
"3244",322,1989,93.69,90.67,89.55,92.25
"3245",323,1989,93.74,88.8,89.18,89.11
"3246",324,1989,91.92,88.7,89.5,88.25
"3247",325,1989,93.01,90.1,90.26,89.15
"3248",326,1989,94.08,90.78,90.67,90.23
"3249",327,1989,95.26,92.8,92.93,91.51
"3250",328,1989,94.75,91.93,91.54,92.54
"3251",329,1989,89.04,86.94,86.34,86.87
"3252",330,1989,87.56,84.94,85.03,85.23
"3253",331,1989,89.74,85.88,88.09,85.09
"3254",332,1989,90.12,88.82,87.36,89.47
"3255",333,1989,90.05,85.67,85.62,86.96
"3256",334,1989,91.31,87.68,88.83,90.16
"3257",335,1989,89.48,87.42,91.01,86.98
"3258",336,1989,90.57,88.13,89.81,87.29
"3259",337,1989,87.62,85.11,85.98,85
"3260",338,1989,82.42,79.75,79.22,80.56
"3261",339,1989,77.95,76.12,74.19,79.64
"3262",340,1989,76.96,75.88,75.5,77.01
"3263",341,1989,79.86,77.99,77.21,78.09
"3264",342,1989,82.37,79.06,78.36,79.45
"3265",343,1989,81.89,77.37,74.73,79.52
"3266",344,1989,79.51,73.35,73.59,74.26
"3267",345,1989,77.02,73.14,73.78,74.49
"3268",346,1989,74.29,70.69,72.95,69.76
"3269",347,1989,75.08,69.93,74.18,66.88
"3270",348,1989,70.2,68.12,68.92,67.98
"3271",349,1989,67.1,67.19,65.2,67.43
"3272",350,1989,74.06,72.62,71.24,72.5
"3273",351,1989,69.98,68.44,65.99,70.14
"3274",352,1989,66.25,64.76,66.28,63.4
"3275",353,1989,67.58,65.46,66.38,66.44
"3276",354,1989,65.1,62.78,64.64,64.58
"3277",355,1989,62.52,58.92,59.51,60.24
"3278",356,1989,62.39,60.8,61.44,57.45
"3279",357,1989,63.46,62.6,60.26,60.52
"3280",358,1989,62.3,60.51,59.45,61.95
"3281",359,1989,62.18,60.26,59.62,60.4
"3282",360,1989,54.34,53.73,53.06,58.67
"3283",361,1989,54.67,54.18,55.73,56.96
"3284",362,1989,56.98,56.85,58.21,58.33
"3285",363,1989,55.71,58.37,57.11,58.89
"3286",364,1989,58.52,60.28,59.11,60.41
"3287",365,1989,59.98,59.55,61.98,59.4
"3288",1,1990,65.44,63.2,66.21,61.71
"3289",2,1990,68.16,64.71,63.18,65.72
"3290",3,1990,68.44,63.09,61.47,64.75
"3291",4,1990,64.77,61.02,58.27,64.31
"3292",5,1990,64.38,62.08,57.23,66.97
"3293",6,1990,61.04,57.5,55.34,63.8
"3294",7,1990,56.67,51.64,56.54,52.21
"3295",8,1990,55.82,51.7,54.05,52.09
"3296",9,1990,55.93,52.87,56.77,52.74
"3297",10,1990,55.45,52.56,54.69,52.86
"3298",11,1990,55.33,52.66,54.43,54.06
"3299",12,1990,58.59,54.09,56.66,53.95
"3300",13,1990,69.87,59.4,62.71,60.42
"3301",14,1990,84.11,69.28,61.3,76.84
"3302",15,1990,79.74,58.48,57.79,64.74
"3303",16,1990,73.01,56.24,54.27,59.12
"3304",17,1990,67.56,55.77,52.79,58.41
"3305",18,1990,64.18,54.53,51.89,56.71
"3306",19,1990,67.72,57,57.21,58.36
"3307",20,1990,84.74,65.76,67.39,73.6
"3308",21,1990,91.38,87.88,84.2,88.95
"3309",22,1990,92.2,88.18,90.42,89.19
"3310",23,1990,85.9,81.57,80.78,79.11
"3311",24,1990,85.86,80.88,79.22,78.56
"3312",25,1990,85.42,76.97,77.12,75.86
"3313",26,1990,91.55,82.46,82.89,82.77
"3314",27,1990,89.2,80.74,81.07,80.84
"3315",28,1990,85.55,75.57,72.67,77.7
"3316",29,1990,79.58,69.72,67.44,72.52
"3317",30,1990,79.59,68.9,68.19,69.69
"3318",31,1990,84.51,70.8,69.87,69.74
"3319",32,1990,88.75,72.86,73.33,72.47
"3320",33,1990,91.11,76.37,77.92,76.09
"3321",34,1990,90.36,79.18,78.42,80.44
"3322",35,1990,91.24,84.23,84.6,83.44
"3323",36,1990,92.84,86.72,85.27,87.86
"3324",37,1990,89.67,83.33,83.35,83.62
"3325",38,1990,92.66,83.66,81.37,86.76
"3326",39,1990,89.79,78.43,76.7,81.79
"3327",40,1990,83.85,70.81,70.55,72.06
"3328",41,1990,78.23,68.15,67.68,70
"3329",42,1990,78.39,67.05,64.13,67.95
"3330",43,1990,79.3,64.69,65.4,65.81
"3331",44,1990,78.1,60.63,63.52,62.44
"3332",45,1990,76.74,60.51,60.88,60.29
"3333",46,1990,68.24,56.98,56.24,58.51
"3334",47,1990,63.76,55.19,53.1,56.21
"3335",48,1990,62.28,54.41,52.36,56.16
"3336",49,1990,63.64,54.64,53.28,56.62
"3337",50,1990,64.12,55.92,54.77,57.71
"3338",51,1990,66.28,56.03,54.88,57.56
"3339",52,1990,69.95,57.13,57.53,58.33
"3340",53,1990,73.53,57.67,59.62,59.74
"3341",54,1990,72.14,59.4,59.69,59.34
"3342",55,1990,61.05,52.69,52.73,53.08
"3343",56,1990,53.45,46.85,49.42,47.09
"3344",57,1990,50.6,44.06,49.21,42.59
"3345",58,1990,54.95,49.81,53.13,48.3
"3346",59,1990,60.65,53.86,55.91,53.06
"3347",60,1990,63.94,54.45,58.43,54.81
"3348",61,1990,65.06,55.99,59.08,56.63
"3349",62,1990,77.93,61.19,65.52,62.07
"3350",63,1990,90.69,78.73,81.57,75.25
"3351",64,1990,92.55,82.03,84.13,82.32
"3352",65,1990,86.54,73.59,73.62,74.7
"3353",66,1990,83.48,67.04,68.29,66.87
"3354",67,1990,88.53,75.02,77.95,71.24
"3355",68,1990,93.05,81.04,84.23,83.82
"3356",69,1990,95.57,91.32,89.48,92.21
"3357",70,1990,94.17,88.13,89.35,87.49
"3358",71,1990,94.26,87.9,89.8,87.78
"3359",72,1990,91.62,85.03,86.78,85.63
"3360",73,1990,91.82,86.61,86.98,87.35
"3361",74,1990,91.88,86.58,88.16,85.22
"3362",75,1990,90.82,85.78,87.07,85.07
"3363",76,1990,88.29,80.33,80.68,81.13
"3364",77,1990,91.7,81.38,81.25,83.05
"3365",78,1990,86.46,75.78,76.19,77.98
"3366",79,1990,86.03,70.4,71.18,70.77
"3367",80,1990,88.71,75.55,79.04,73.71
"3368",81,1990,92.74,85.43,83.77,84.52
"3369",82,1990,91.46,86.62,86.23,86.96
"3370",83,1990,90.38,82.72,86.83,82.32
"3371",84,1990,90.32,80.05,79.52,81.14
"3372",85,1990,92.28,81.64,80.39,83.35
"3373",86,1990,84.36,78.53,77.17,77.42
"3374",87,1990,75.91,68.43,66.02,72.6
"3375",88,1990,78.45,68.08,65.6,71.97
"3376",89,1990,79.48,69.03,67.67,71.55
"3377",90,1990,83.18,69.28,69.9,71.54
"3378",91,1990,89.45,78.26,78.24,78.11
"3379",92,1990,91.8,89.17,88.68,90.84
"3380",93,1990,90.92,86.59,86.69,86.67
"3381",94,1990,87.93,87.87,87.15,89.1
"3382",95,1990,91.57,88.28,91.21,89.63
"3383",96,1990,94.21,89.35,89.32,91.62
"3384",97,1990,92.13,88.13,86.85,90.99
"3385",98,1990,88.17,84.14,81.97,86.31
"3386",99,1990,86.45,79.54,76.55,82.89
"3387",100,1990,88.79,79.83,78.21,81.08
"3388",101,1990,88.49,80.2,80.13,80.48
"3389",102,1990,90.66,83.65,86.71,83.39
"3390",103,1990,93.5,88.49,90.16,87.99
"3391",104,1990,95.34,91.26,91.1,91.58
"3392",105,1990,91.88,89.04,89.65,87.63
"3393",106,1990,90,86.46,87.07,88.1
"3394",107,1990,90.16,86.4,83.73,89.68
"3395",108,1990,89.42,83.88,83.45,87
"3396",109,1990,90.58,84.41,85.72,84.57
"3397",110,1990,96.4,92.01,92.82,92.2
"3398",111,1990,93.41,92.03,92.65,92.08
"3399",112,1990,92.28,89.97,91.78,89.8
"3400",113,1990,92.11,89.32,90.76,91.38
"3401",114,1990,93.5,89.66,91.92,91.73
"3402",115,1990,93.73,90.7,92.86,92.67
"3403",116,1990,94.06,91.68,92.85,93.22
"3404",117,1990,91.4,88.23,89.67,88.92
"3405",118,1990,92.84,90.59,92.85,89.74
"3406",119,1990,90.89,88.77,93.33,88.08
"3407",120,1990,94.58,91.97,93.8,92.6
"3408",121,1990,94.55,90.69,93.47,90.91
"3409",122,1990,94.12,89.56,91.95,89.42
"3410",123,1990,89.94,88.45,89.08,88.74
"3411",124,1990,87.94,86.96,86.92,86.74
"3412",125,1990,91.05,89.54,91.83,89.25
"3413",126,1990,92.49,89.78,90.65,91.02
"3414",127,1990,91.77,90.04,90.31,91.85
"3415",128,1990,93.4,91.51,92.68,93.24
"3416",129,1990,90.09,87.7,88.95,88.63
"3417",130,1990,90.99,86.68,89.5,87.99
"3418",131,1990,92.73,85.91,85.5,88.86
"3419",132,1990,94.8,91.74,91.4,92.8
"3420",133,1990,94.45,90.97,90.82,88.95
"3421",134,1990,91.53,87.43,90.86,86.91
"3422",135,1990,92.14,88.4,89.74,90.72
"3423",136,1990,90.41,90.29,90.1,91.87
"3424",137,1990,91.83,89.66,90.7,89.49
"3425",138,1990,94.81,92.21,93.01,92.96
"3426",139,1990,95.13,91.3,95.28,92.05
"3427",140,1990,94.6,91.18,92.57,92.08
"3428",141,1990,91.62,89.67,92.98,87.53
"3429",142,1990,93.02,89.89,92.48,88.2
"3430",143,1990,90.86,87.53,92.52,88.7
"3431",144,1990,82.03,81.51,88.79,77.05
"3432",145,1990,79.71,80.83,82.55,76.73
"3433",146,1990,81.95,83,84.23,80.72
"3434",147,1990,83.46,82.98,83.71,84.24
"3435",148,1990,88.52,88.05,90.84,87.04
"3436",149,1990,91.36,88.64,90.27,90.32
"3437",150,1990,90.03,85.67,86.09,85.81
"3438",151,1990,87.74,85.48,85.55,86.42
"3439",152,1990,90.86,87.42,86.31,88.37
"3440",153,1990,91.87,87.35,85.87,88.82
"3441",154,1990,93.44,84.59,87.29,85.64
"3442",155,1990,92.1,88.84,90.95,87.58
"3443",156,1990,92.62,91.49,91.92,90.82
"3444",157,1990,89.09,86.95,90.35,85.7
"3445",158,1990,91.22,88.29,91.32,88.23
"3446",159,1990,94.37,91.18,93.32,90.16
"3447",160,1990,94.51,90.74,92.26,92.05
"3448",161,1990,94.8,91.45,92.87,91.7
"3449",162,1990,94.03,92.54,91.51,95.03
"3450",163,1990,92.6,89.46,93.89,90.11
"3451",164,1990,91.69,88.02,90.35,88.09
"3452",165,1990,92.36,89.7,91.33,89.35
"3453",166,1990,92.63,90.42,91.01,90.03
"3454",167,1990,91.56,89.81,92.44,90.38
"3455",168,1990,90.14,86.18,90.61,84.21
"3456",169,1990,88.46,85.47,86.88,83.67
"3457",170,1990,88.18,85.66,88.38,85.01
"3458",171,1990,93.17,90.58,92.79,89.06
"3459",172,1990,93.84,91.16,91.59,91.37
"3460",173,1990,92.3,88.65,89.55,88.93
"3461",174,1990,94.78,91.21,91.24,92.8
"3462",175,1990,94.19,91.71,92.43,91.85
"3463",176,1990,89.73,87.12,89.48,88.14
"3464",177,1990,92.58,89.56,90.54,90.37
"3465",178,1990,92.08,90.17,91.36,91.29
"3466",179,1990,92.49,90.45,92.25,90.69
"3467",180,1990,90.36,89.16,90.26,89.75
"3468",181,1990,89.86,86.36,87.73,87.7
"3469",182,1990,92.88,88.72,91.11,89.45
"3470",183,1990,90.99,89.37,86.58,89.86
"3471",184,1990,91.48,86.83,87.45,89.66
"3472",185,1990,94.1,91.18,93.94,90.89
"3473",186,1990,93.45,89.83,93.03,87.47
"3474",187,1990,92.26,90.87,90.2,89.97
"3475",188,1990,87.86,85.63,87.14,86.37
"3476",189,1990,89.9,86.25,86.42,85.87
"3477",190,1990,92.21,84.24,88.06,84.68
"3478",191,1990,90.49,84.35,88.4,84.63
"3479",192,1990,91.96,89,88.62,88.17
"3480",193,1990,94.41,93.37,91.94,93.11
"3481",194,1990,93.37,91.34,93.33,90.83
"3482",195,1990,89.96,90.82,93.42,88.78
"3483",196,1990,88.8,86.58,88.42,86.74
"3484",197,1990,89.8,87.85,89.82,88
"3485",198,1990,92.1,89.25,88.39,89.04
"3486",199,1990,88.16,86.73,88.73,86.14
"3487",200,1990,88.46,87.32,88.54,87.47
"3488",201,1990,88.54,85.51,88.85,85.96
"3489",202,1990,92.01,86.67,91.45,87.16
"3490",203,1990,92.21,89.86,91.06,88.2
"3491",204,1990,89.08,86.86,90.84,86.9
"3492",205,1990,86.53,82.98,86.77,82.48
"3493",206,1990,87.65,84.9,88.25,83.03
"3494",207,1990,84.49,80.14,89.74,78.08
"3495",208,1990,87.89,84.44,90.5,81.82
"3496",209,1990,94.48,91.82,92.61,90.49
"3497",210,1990,91.18,87.4,93.59,85.65
"3498",211,1990,95.96,91.28,94.16,92.83
"3499",212,1990,94.62,85.75,90.78,84.8
"3500",213,1990,84.62,78.16,83.82,74.34
"3501",214,1990,85.26,79.25,86.28,76.15
"3502",215,1990,90.07,85.62,87.9,83.37
"3503",216,1990,90.7,85.94,89.24,86.85
"3504",217,1990,87.59,85.75,87.85,86.33
"3505",218,1990,89.15,86.84,87.2,86.31
"3506",219,1990,93.76,91.48,93.24,91.23
"3507",220,1990,93.41,91.28,91.3,90.52
"3508",221,1990,91.02,89.3,88.11,89.34
"3509",222,1990,93.13,90.7,91.04,89.72
"3510",223,1990,90.58,86,93.04,84.29
"3511",224,1990,91.74,88.19,87.12,88.09
"3512",225,1990,89.34,85.66,88.13,84.37
"3513",226,1990,88.07,85.53,88.17,84.23
"3514",227,1990,90.8,89.54,87.19,89.13
"3515",228,1990,88.67,86.86,86.44,85.4
"3516",229,1990,87.02,85.16,86.47,85
"3517",230,1990,88.94,87.47,86.53,87.61
"3518",231,1990,86.71,85.69,85.82,85.46
"3519",232,1990,92.11,88.85,88.6,88.67
"3520",233,1990,88.65,87.22,87.19,87.49
"3521",234,1990,88.37,86.63,87.42,86.13
"3522",235,1990,89.14,84.77,88.29,84.3
"3523",236,1990,89.7,85.57,89.33,83.92
"3524",237,1990,88.09,84.35,81.39,85.01
"3525",238,1990,86.73,83.82,81.9,85.82
"3526",239,1990,88.52,85.71,86.39,85.58
"3527",240,1990,91.97,88.56,92.54,87.72
"3528",241,1990,91.71,87.55,91.18,87.79
"3529",242,1990,90.23,88.52,88.85,86.17
"3530",243,1990,90.92,85.62,87.65,85.96
"3531",244,1990,92.45,86.61,89.27,85.95
"3532",245,1990,90.35,88.62,90.26,88.09
"3533",246,1990,90.45,86.68,87.84,86.62
"3534",247,1990,91.99,88.56,91.12,87.59
"3535",248,1990,92.79,89.34,92.15,86.04
"3536",249,1990,89.47,86.03,86.94,85.8
"3537",250,1990,87.32,84.11,85.21,84.87
"3538",251,1990,90.92,85.8,86.9,88.01
"3539",252,1990,94.44,90.6,92.91,90.38
"3540",253,1990,91.66,87.84,89.98,88.52
"3541",254,1990,89.83,86.48,88.38,86.01
"3542",255,1990,88.66,86.28,88.12,89.47
"3543",256,1990,91.82,87.6,89.16,88.36
"3544",257,1990,93.55,90.64,91.32,89.48
"3545",258,1990,91.55,86.59,89.58,86.62
"3546",259,1990,85.31,80.28,87.88,78.36
"3547",260,1990,82.76,79.72,83.63,79.04
"3548",261,1990,85.72,82.39,85.46,81.26
"3549",262,1990,88.91,85.91,86.81,86.38
"3550",263,1990,89.03,86.6,86.88,85.91
"3551",264,1990,88.59,85.1,87.23,84.48
"3552",265,1990,90.92,87.8,91.62,87.36
"3553",266,1990,89.83,87.66,90.18,86.79
"3554",267,1990,92.14,88.88,93.49,87.72
"3555",268,1990,94.19,90.44,94.74,87.7
"3556",269,1990,88.41,84.38,87.58,84
"3557",270,1990,89.47,86.38,86.77,85.17
"3558",271,1990,92.08,90.72,90.38,90.89
"3559",272,1990,89.88,88.51,90.82,88.94
"3560",273,1990,86.55,85,87.98,85.68
"3561",274,1990,91.89,88.43,90.29,88.93
"3562",275,1990,91.87,88.76,91.1,87.49
"3563",276,1990,90.17,86.8,89.35,85.69
"3564",277,1990,89.33,86.61,88.63,87.65
"3565",278,1990,86.67,84.34,87.05,83.71
"3566",279,1990,86.54,84.46,86.8,84.63
"3567",280,1990,90.66,87.21,89.98,86.91
"3568",281,1990,92.08,89.07,91.4,89.5
"3569",282,1990,90.89,89.18,91.5,86.97
"3570",283,1990,86.53,85.51,88.08,85.79
"3571",284,1990,91.1,87.91,88.83,87.9
"3572",285,1990,91.22,88.03,90.36,88.51
"3573",286,1990,88.54,85.95,87.83,85.21
"3574",287,1990,90.18,86.05,87.64,86.02
"3575",288,1990,87.02,86.07,86.81,86.91
"3576",289,1990,90.86,86.39,87.4,85.93
"3577",290,1990,91.24,88.72,91.5,87.7
"3578",291,1990,89.67,87.94,91.91,88.21
"3579",292,1990,89.28,87.3,88.4,87.61
"3580",293,1990,91.81,90.08,90.84,89.56
"3581",294,1990,90.98,88.11,90.99,87.67
"3582",295,1990,91.61,88.98,93.03,88.29
"3583",296,1990,89.7,87.49,91.69,86.64
"3584",297,1990,90.96,88.01,88.78,87.74
"3585",298,1990,93.82,89.67,93.51,88.66
"3586",299,1990,90.86,88.65,91.85,84.57
"3587",300,1990,86.8,85.33,88.34,81.86
"3588",301,1990,90.51,86.78,89.11,87.47
"3589",302,1990,88.66,85.78,88.59,85.03
"3590",303,1990,89.26,86.92,88.24,86.97
"3591",304,1990,91.95,88.68,90.61,89.96
"3592",305,1990,90.59,89.21,89.75,89.93
"3593",306,1990,89.95,85.27,88.22,85.75
"3594",307,1990,91.42,86.47,90.68,85.82
"3595",308,1990,91.35,88.84,90.87,87.67
"3596",309,1990,91.09,89.41,88.81,88.61
"3597",310,1990,93.05,90.96,91.05,91.57
"3598",311,1990,93.27,89.91,92.32,88.24
"3599",312,1990,94.34,90.16,91.74,90.98
"3600",313,1990,89.23,87,88.77,86.43
"3601",314,1990,90.81,87.26,89.32,90.91
"3602",315,1990,89.96,87.5,87.65,87.56
"3603",316,1990,89.34,88.63,88.35,86.5
"3604",317,1990,89.74,87.95,88.84,87.09
"3605",318,1990,90.47,87.38,89.31,86.83
"3606",319,1990,90.77,88.2,90.8,87.91
"3607",320,1990,90.18,86.79,87.7,88.19
"3608",321,1990,91.42,87.7,89.06,87.03
"3609",322,1990,91.4,88.52,90.78,88.22
"3610",323,1990,93.22,90.36,91.28,90.92
"3611",324,1990,92.67,88.05,90.68,87.31
"3612",325,1990,90.5,86.3,89.1,85.76
"3613",326,1990,90.85,85.46,87.44,87.98
"3614",327,1990,89.87,85.98,88.22,86.58
"3615",328,1990,91.45,86.91,90.45,87.25
"3616",329,1990,90.93,87.1,89.29,87.15
"3617",330,1990,93.71,89.6,89.71,90.76
"3618",331,1990,87.34,84.79,84.61,85.56
"3619",332,1990,88.62,85.6,86.65,86.72
"3620",333,1990,91.23,88.16,89.85,88.99
"3621",334,1990,92.09,88.88,90.44,87.97
"3622",335,1990,91.83,88.55,91.78,87.71
"3623",336,1990,92.99,89.63,90.2,89.61
"3624",337,1990,92.3,90.72,92.81,91.31
"3625",338,1990,91.4,88.52,90.15,88.25
"3626",339,1990,93.29,89.08,88.23,91.05
"3627",340,1990,91.58,87.46,87.26,86.82
"3628",341,1990,85.06,83.92,82.95,84.91
"3629",342,1990,81.65,78.04,78.31,80.52
"3630",343,1990,78.08,76.44,76.54,78.49
"3631",344,1990,76.31,74.31,75.75,75.55
"3632",345,1990,76.3,74.59,78.15,74.23
"3633",346,1990,83.5,80.96,82.95,79.48
"3634",347,1990,88.94,85.72,85.12,85.1
"3635",348,1990,90.73,86.03,87.1,86.6
"3636",349,1990,88.49,84.34,83.99,84.61
"3637",350,1990,89.13,86.88,84.73,86.63
"3638",351,1990,91.76,86.9,86.69,87.72
"3639",352,1990,91.56,85.1,86.46,86.47
"3640",353,1990,90.92,84.55,86.78,86.24
"3641",354,1990,88.73,84.48,83.79,84.75
"3642",355,1990,85.65,80.34,79.26,82.5
"3643",356,1990,79.32,75.13,73.9,76.65
"3644",357,1990,77.13,72.78,71.77,73.35
"3645",358,1990,79.15,73.44,75.11,73.96
"3646",359,1990,86.66,78.2,82.4,77.43
"3647",360,1990,93.49,87.42,88.39,87.56
"3648",361,1990,89.52,84.52,81.85,85.65
"3649",362,1990,86.36,80.31,78.33,80.54
"3650",363,1990,86.71,81.61,78.28,83.3
"3651",364,1990,89.78,84.29,79.87,85.84
"3652",365,1990,91.09,84.16,80.23,85.91
"3653",1,1991,89.3,81.45,79.39,82.98
"3654",2,1991,84.14,77.15,72.94,77.38
"3655",3,1991,82.73,75.72,70.51,78.83
"3656",4,1991,79.78,72.6,68.58,74.4
"3657",5,1991,80.54,71.69,69.2,74.46
"3658",6,1991,80.85,72.19,70.39,76.95
"3659",7,1991,75.94,68.37,67.06,70.59
"3660",8,1991,75.55,67.09,66.08,68.72
"3661",9,1991,75.69,65.38,64.44,68.4
"3662",10,1991,73.52,63.36,63.06,67.27
"3663",11,1991,69.56,61.04,61.18,63.96
"3664",12,1991,67.86,59.78,59.02,62.59
"3665",13,1991,64.32,56.86,57.04,59.07
"3666",14,1991,63.26,57.19,57.46,59.98
"3667",15,1991,61.47,54.82,56.97,59.08
"3668",16,1991,57.6,51.17,55.57,53.72
"3669",17,1991,60.46,53.51,58.6,54.06
"3670",18,1991,61.22,54.63,58.07,55.38
"3671",19,1991,60.45,50,53.91,51.07
"3672",20,1991,57.33,48.07,52.67,48.1
"3673",21,1991,54.71,47.95,50.84,48.32
"3674",22,1991,59.06,50.91,54.08,50.38
"3675",23,1991,61.7,48.69,51.69,50.58
"3676",24,1991,56.7,47.88,51.38,47.59
"3677",25,1991,56.53,50.76,54.95,51.38
"3678",26,1991,57.16,50.02,54.13,52.43
"3679",27,1991,59.4,50.67,53.83,51.64
"3680",28,1991,55.99,47.95,51.03,49.63
"3681",29,1991,53.73,49.8,52.89,48.32
"3682",30,1991,52.36,48.32,51.47,49.77
"3683",31,1991,49.82,47.79,50.3,48.91
"3684",32,1991,48.62,48.73,53.53,46.48
"3685",33,1991,52.35,51.76,54.99,50.05
"3686",34,1991,50.96,50.01,51.96,49.54
"3687",35,1991,49.98,48.23,52.08,46.76
"3688",36,1991,50.1,48.08,55.89,45.53
"3689",37,1991,51.73,50.02,56.44,49.18
"3690",38,1991,58.13,54.57,59.57,54.16
"3691",39,1991,68.37,60.06,64.95,59.96
"3692",40,1991,69.87,59.28,66.12,60.43
"3693",41,1991,72.74,56.46,68.07,56.69
"3694",42,1991,76.28,60.57,69.99,59.57
"3695",43,1991,89.24,76.15,78.29,78
"3696",44,1991,86.2,73.26,72.26,76.79
"3697",45,1991,84.59,68.48,66.2,73.42
"3698",46,1991,84.26,67.95,68.36,70.25
"3699",47,1991,88.9,73.66,72.43,76.26
"3700",48,1991,90.09,77.05,71.19,82.25
"3701",49,1991,75.41,59.17,52.42,66.23
"3702",50,1991,64.9,51.3,50.33,55.5
"3703",51,1991,65.18,51.06,50.8,54.05
"3704",52,1991,65.97,51.85,52.71,53.36
"3705",53,1991,78.13,56.47,62.72,55.91
"3706",54,1991,90.08,74.95,76.69,70.12
"3707",55,1991,95.1,88.74,92.55,90.78
"3708",56,1991,92.57,88.14,87.51,90.42
"3709",57,1991,91.51,87.15,85.82,87.78
"3710",58,1991,88.17,82.68,81.27,83.1
"3711",59,1991,87.86,78.01,73.27,82.75
"3712",60,1991,79.58,65.9,61.08,70.73
"3713",61,1991,77.29,64.49,61.34,68.63
"3714",62,1991,72.14,59.86,56.6,65.16
"3715",63,1991,79.34,62.28,62.79,65.68
"3716",64,1991,86.37,67.33,71.12,66.95
"3717",65,1991,91.7,85.47,87.23,84.68
"3718",66,1991,92.09,90.71,87.25,90.97
"3719",67,1991,88.73,80.79,82.16,82.89
"3720",68,1991,90.71,79.75,84.85,80.9
"3721",69,1991,93.89,90.19,90.44,91.36
"3722",70,1991,89.6,89.04,92.31,87.92
"3723",71,1991,93.56,91.72,91.48,93.21
"3724",72,1991,93.15,89.3,89.15,90.83
"3725",73,1991,87.73,82.95,83.86,84.88
"3726",74,1991,82.5,75.69,74.41,77.16
"3727",75,1991,79.03,71.44,72.11,72.38
"3728",76,1991,80.68,74.01,76.08,75.9
"3729",77,1991,77.95,71.13,68.74,75.22
"3730",78,1991,72.25,65.56,64.33,68.68
"3731",79,1991,72.2,64.79,65.25,64.25
"3732",80,1991,75.07,67.32,67.18,65.58
"3733",81,1991,81.23,66.6,62.98,72.37
"3734",82,1991,72.53,58.31,55.58,63.57
"3735",83,1991,59.51,52.02,50.4,55.6
"3736",84,1991,59.78,50.39,50.73,56.15
"3737",85,1991,66.46,52.57,54.95,58
"3738",86,1991,79.58,60.66,67.56,65.15
"3739",87,1991,94.27,88.53,86.21,92.45
"3740",88,1991,87.45,78.37,74.33,84.47
"3741",89,1991,78.44,69.32,62.99,76.01
"3742",90,1991,70.5,62.29,57.34,68.75
"3743",91,1991,67.76,58.42,57.45,64.12
"3744",92,1991,68.84,57.66,57.03,63.23
"3745",93,1991,79.23,63.76,68.85,67.09
"3746",94,1991,89.99,77.71,83.16,80.24
"3747",95,1991,92.47,88.01,88.49,89.12
"3748",96,1991,94.18,91.36,93.02,90.92
"3749",97,1991,94.31,88.88,93.07,86.55
"3750",98,1991,89.96,86.95,90.83,86.11
"3751",99,1991,93.43,89.73,89.78,92.3
"3752",100,1991,93.46,92.02,93.11,91.74
"3753",101,1991,92.49,88.79,89.18,89.9
"3754",102,1991,92.85,87.98,90.23,88
"3755",103,1991,93.64,89.32,90.09,89.85
"3756",104,1991,90.34,84.79,84.12,85.44
"3757",105,1991,92.33,85.08,82.51,87.46
"3758",106,1991,92.91,89.42,92.82,88.92
"3759",107,1991,89.79,84.55,90.2,83.32
"3760",108,1991,90.24,85.03,85.47,86.54
"3761",109,1991,91.48,87.24,90.45,88.8
"3762",110,1991,94.45,91.8,90.91,93.61
"3763",111,1991,95.19,92.09,96.83,90.32
"3764",112,1991,95.61,93.78,94.19,90.26
"3765",113,1991,94.9,90.86,92.03,91.9
"3766",114,1991,92.92,88.37,88.93,90.41
"3767",115,1991,90.6,85.42,86.54,86.47
"3768",116,1991,90.6,85.78,85.8,86.71
"3769",117,1991,93.26,87.35,88.11,91.7
"3770",118,1991,93.93,88.87,90.33,93
"3771",119,1991,93.07,89.07,91.46,90.31
"3772",120,1991,94.84,90.8,90,92.8
"3773",121,1991,95.67,91.01,92.37,93.83
"3774",122,1991,90.45,89.81,91.98,90.22
"3775",123,1991,88.1,82.68,85.82,83.12
"3776",124,1991,91.76,87.75,90.06,87.07
"3777",125,1991,90.82,90.61,92.33,91.12
"3778",126,1991,89.92,88.94,91.18,90.03
"3779",127,1991,96.17,92.22,92.11,95.1
"3780",128,1991,95.8,90.36,90.84,91.4
"3781",129,1991,96.11,93,94.87,94.73
"3782",130,1991,93.95,90.59,94.31,90.91
"3783",131,1991,92.29,89.05,90.39,88.46
"3784",132,1991,97.79,95.24,95.97,94.81
"3785",133,1991,90.45,90.05,89.26,91.16
"3786",134,1991,90.99,86.57,85.79,89.84
"3787",135,1991,94.49,90.68,90.86,92.15
"3788",136,1991,93.91,91.24,92.78,91.21
"3789",137,1991,94.77,90.85,88.99,93.72
"3790",138,1991,93.6,86.99,87.36,89.68
"3791",139,1991,91,87.11,84.83,89.37
"3792",140,1991,91.37,87.83,87.32,87.63
"3793",141,1991,94.8,92.16,93.09,92.13
"3794",142,1991,94.02,91.33,92.94,92.49
"3795",143,1991,95.03,89.57,89.13,92.23
"3796",144,1991,94.9,91.26,91.01,90.98
"3797",145,1991,92.76,89.58,88.09,90.8
"3798",146,1991,89.2,87.59,88.95,89.2
"3799",147,1991,89.55,86.08,89.37,86.16
"3800",148,1991,90.82,87.82,88.47,88.25
"3801",149,1991,91.7,89.95,90.68,90.66
"3802",150,1991,93.29,90.35,93.24,89.95
"3803",151,1991,96.8,93.84,95.41,92.98
"3804",152,1991,91.11,88.4,91.36,89.05
"3805",153,1991,94.14,87.9,87.59,91.25
"3806",154,1991,89.8,84.66,86.41,85.81
"3807",155,1991,89.57,83.94,85.38,84.44
"3808",156,1991,92.26,87.57,89.68,86.92
"3809",157,1991,93.94,90.81,92.13,91.16
"3810",158,1991,91.89,88.72,89.58,89.28
"3811",159,1991,93.39,91.2,91.87,91.02
"3812",160,1991,95.51,91.2,95.01,92.58
"3813",161,1991,94.09,93.69,92.87,93.56
"3814",162,1991,90.26,86.02,92.53,87
"3815",163,1991,89.42,88,88.57,88.26
"3816",164,1991,90.83,87.18,92.22,83.29
"3817",165,1991,96.63,93.18,91.08,93.76
"3818",166,1991,93.66,91.18,93.53,93.93
"3819",167,1991,94.24,92.29,92.83,95.84
"3820",168,1991,95.75,94.3,94.44,95.94
"3821",169,1991,92.15,92.09,89.7,93.03
"3822",170,1991,91.82,89.35,90.27,90.06
"3823",171,1991,88.84,87.17,86.19,88.66
"3824",172,1991,89.86,84.25,86.36,84.56
"3825",173,1991,94.13,90.55,91.05,89.95
"3826",174,1991,95.13,91.68,93.55,90.91
"3827",175,1991,97.68,95.79,96.09,96.72
"3828",176,1991,95.36,95.43,91.26,95.64
"3829",177,1991,90.51,89.72,91,88.43
"3830",178,1991,95.4,93.16,95.48,92.46
"3831",179,1991,95.38,92.91,93.76,94.28
"3832",180,1991,95.96,93.52,94.26,91.68
"3833",181,1991,93.27,90.1,94.51,89.76
"3834",182,1991,95.33,91.27,96.56,88.96
"3835",183,1991,97.25,93.27,95.79,93.12
"3836",184,1991,93.92,89.27,93.62,85.67
"3837",185,1991,92.86,90.05,94.17,88.17
"3838",186,1991,92.39,88.4,89.25,88.4
"3839",187,1991,95.69,92.17,91.37,93.61
"3840",188,1991,94.43,92.87,92.56,92.05
"3841",189,1991,91.15,88.7,93.08,87.08
"3842",190,1991,94.6,91.22,90.55,92.13
"3843",191,1991,93.17,90.59,89.22,91.26
"3844",192,1991,92.31,88.6,88.24,89.46
"3845",193,1991,92.36,88.45,90.04,89.63
"3846",194,1991,95.05,91.29,92.44,92.59
"3847",195,1991,95.42,92.16,94.86,92.45
"3848",196,1991,95.26,90.75,93.94,89.87
"3849",197,1991,91.14,87.4,92.15,85.85
"3850",198,1991,94.69,91.2,92.18,90.96
"3851",199,1991,93.04,92.94,91.41,91.85
"3852",200,1991,88.92,87.82,88.57,87.96
"3853",201,1991,91.85,87.87,88.86,90.78
"3854",202,1991,94.09,91.03,90.73,92.94
"3855",203,1991,91.26,88.69,90.2,87.58
"3856",204,1991,93.39,90.4,92.54,92.11
"3857",205,1991,92.19,88.54,92.38,92.28
"3858",206,1991,90.96,87.89,88.03,88.01
"3859",207,1991,91.66,87.8,87.65,89.66
"3860",208,1991,92.02,87.72,88.28,89.63
"3861",209,1991,94.74,91.4,91.51,92.12
"3862",210,1991,91.19,89.14,91.59,89.58
"3863",211,1991,94.3,90.15,93.5,90.65
"3864",212,1991,93.55,91.77,91.49,92.44
"3865",213,1991,92.55,89.33,90.43,90.3
"3866",214,1991,94.89,90.99,91.88,90.08
"3867",215,1991,94.7,92.32,93.07,93.08
"3868",216,1991,91.46,87.38,93.27,86.11
"3869",217,1991,91.23,87.94,88.45,87.67
"3870",218,1991,93.32,91.56,93.11,94.72
"3871",219,1991,94.41,90.93,89.55,91.62
"3872",220,1991,92.05,89.93,88.23,90.87
"3873",221,1991,90.3,86.57,88.97,86.43
"3874",222,1991,90.26,87.7,90.98,88.45
"3875",223,1991,91.96,89.73,93.38,89.01
"3876",224,1991,89.88,87.55,90.68,87.53
"3877",225,1991,89.3,87.21,86.23,87.69
"3878",226,1991,94.26,89.69,92.75,87.99
"3879",227,1991,90.52,86.01,91.83,83.4
"3880",228,1991,90.97,85.99,92.53,83.45
"3881",229,1991,93.02,91.43,92.24,87.14
"3882",230,1991,90.47,86.12,90.86,81.42
"3883",231,1991,93.81,88.93,93.35,81.92
"3884",232,1991,95.36,93.28,92.13,90.59
"3885",233,1991,91.01,86.48,89.06,83.31
"3886",234,1991,88.87,84.66,87.25,83.81
"3887",235,1991,87.87,85.87,86.85,85.9
"3888",236,1991,92.33,87.91,90.3,88.96
"3889",237,1991,92.78,89.75,90.3,88.17
"3890",238,1991,88.28,85.26,87.03,84.61
"3891",239,1991,86.58,84.55,85.26,86.48
"3892",240,1991,89.7,89.33,91.88,85.35
"3893",241,1991,89.37,88.49,87.5,88.49
"3894",242,1991,92.82,90.19,92.24,89.87
"3895",243,1991,93.03,91.03,92.67,89.16
"3896",244,1991,94.32,90.42,95.65,87.52
"3897",245,1991,90.25,87.63,90.09,86.65
"3898",246,1991,88.03,83.74,86.13,85.48
"3899",247,1991,91.44,86.69,89.16,88.71
"3900",248,1991,88.8,86.69,87.74,89.03
"3901",249,1991,92.53,88.95,92.1,88.76
"3902",250,1991,91.34,88.65,90.35,87.6
"3903",251,1991,88.69,85.6,87.81,85.21
"3904",252,1991,91.83,89.64,90.45,91
"3905",253,1991,91.89,89.54,92.1,88.61
"3906",254,1991,89.93,85.72,86.38,86.33
"3907",255,1991,89.66,85.21,87.8,84.51
"3908",256,1991,89.68,87.36,90.06,84.91
"3909",257,1991,89.79,87.79,90.2,86.92
"3910",258,1991,93.48,89.84,91.71,89.94
"3911",259,1991,93.57,90.9,91.93,89.29
"3912",260,1991,90.85,88.09,87.99,88.14
"3913",261,1991,91.03,87.22,87.43,87.09
"3914",262,1991,92.49,89.13,89.68,88.79
"3915",263,1991,94.12,91.48,93.59,93.25
"3916",264,1991,90.88,89.43,91.88,88.03
"3917",265,1991,91.26,89.89,89.73,89.03
"3918",266,1991,91.79,88.78,90.92,88.32
"3919",267,1991,91.63,89.54,89.84,89.05
"3920",268,1991,90.16,87.8,91.72,87.13
"3921",269,1991,91.49,89.07,91.37,88.54
"3922",270,1991,88.35,87.53,91.51,85.77
"3923",271,1991,88.3,86.14,85.88,85.61
"3924",272,1991,91.51,85.03,86.46,86.79
"3925",273,1991,90.28,85.39,88.33,85.33
"3926",274,1991,88.89,86.1,86.55,86.69
"3927",275,1991,88.04,84.13,85.48,87.59
"3928",276,1991,86.67,83.51,84.68,84.49
"3929",277,1991,86.52,82.98,85.71,83.52
"3930",278,1991,88.08,83.76,86.01,84.83
"3931",279,1991,85.8,85.13,83.47,86.15
"3932",280,1991,86.15,85,84.72,86.85
"3933",281,1991,92.21,89.69,90.84,90.42
"3934",282,1991,93.44,89.97,93.19,89.21
"3935",283,1991,90.57,87.91,87.09,89.05
"3936",284,1991,88.73,84.65,87.82,85.7
"3937",285,1991,89.95,88.64,89,86.84
"3938",286,1991,90.1,87.07,88.27,85.87
"3939",287,1991,86.96,84.75,88.02,83.63
"3940",288,1991,84.67,83.79,84.29,83.59
"3941",289,1991,88.92,87.28,88.84,86.82
"3942",290,1991,91.89,89.25,91.03,88.73
"3943",291,1991,92.02,89.82,90.15,88.79
"3944",292,1991,91.8,90.18,88.65,89.47
"3945",293,1991,87.63,86.48,86.07,86.1
"3946",294,1991,91.86,88.24,89.9,88.43
"3947",295,1991,91.58,89.75,90.85,88.37
"3948",296,1991,88.99,86.84,87.46,85.45
"3949",297,1991,87.69,84.85,87.19,84.55
"3950",298,1991,91.38,86.98,88.39,87
"3951",299,1991,93.72,90.02,92.51,90.44
"3952",300,1991,93.37,91.2,91.78,91.31
"3953",301,1991,90.43,87.21,90.58,87.67
"3954",302,1991,90.45,86.93,88.88,87.26
"3955",303,1991,92.86,88.58,92.19,86.69
"3956",304,1991,90.57,88.1,89.72,87.61
"3957",305,1991,91.12,85.69,89.8,87.2
"3958",306,1991,91.5,84.63,87.54,84.56
"3959",307,1991,90.46,85.64,87.2,87.22
"3960",308,1991,91.34,86.76,89.74,86.96
"3961",309,1991,91.18,88.43,90.54,87.87
"3962",310,1991,91.27,87.71,89.33,87.1
"3963",311,1991,92.45,89.06,92.47,88.66
"3964",312,1991,90.99,86.44,90.3,85.84
"3965",313,1991,91.88,86.72,91.77,87.38
"3966",314,1991,91.86,87.02,90.47,86.62
"3967",315,1991,88.06,86.06,85.64,85.49
"3968",316,1991,84.57,84.26,83.09,83.84
"3969",317,1991,84.03,81.15,82.7,83.43
"3970",318,1991,85.17,81.08,84.31,82.4
"3971",319,1991,90.31,84.86,85.99,83.48
"3972",320,1991,92.33,86.98,89.04,86.79
"3973",321,1991,89.85,86.22,89.11,86.26
"3974",322,1991,87.02,84.52,86.35,84.85
"3975",323,1991,90.32,86.4,87.42,85.68
"3976",324,1991,92.5,88.41,89.86,88.08
"3977",325,1991,93.96,90.15,92.18,93.08
"3978",326,1991,92.01,90.1,92.05,90.5
"3979",327,1991,88.42,86.34,89.85,85.82
"3980",328,1991,88,86.04,87.01,86.03
"3981",329,1991,90.65,86.88,89.85,86.89
"3982",330,1991,93.38,90.95,90.99,92.81
"3983",331,1991,94.36,92.07,92.83,92.27
"3984",332,1991,91.94,88.64,88.08,88.97
"3985",333,1991,90.57,86.94,87.46,87.82
"3986",334,1991,90.77,86.29,88.61,87.87
"3987",335,1991,90.07,87.88,89.54,88.2
"3988",336,1991,89.27,85.37,84.97,85.14
"3989",337,1991,85.19,80.66,79.91,81.23
"3990",338,1991,79.82,76.13,76.95,77.21
"3991",339,1991,79.36,76.95,77.34,77.29
"3992",340,1991,81.38,79.39,79.62,77.55
"3993",341,1991,84.79,82.56,81.61,82.75
"3994",342,1991,84.16,79.88,81.69,81.73
"3995",343,1991,81.67,78.53,79.29,78.32
"3996",344,1991,78.48,75.41,75.67,74.66
"3997",345,1991,75.91,74.65,74.59,74.37
"3998",346,1991,77.69,75.34,77.11,74.96
"3999",347,1991,79.16,75.64,76.01,75.74
"4000",348,1991,78.82,75.46,75.5,75.58
"4001",349,1991,75.74,71.95,70.54,73.59
"4002",350,1991,76.59,71.92,75.49,72.34
"4003",351,1991,83.5,77.43,81.83,76.67
"4004",352,1991,82.57,79.41,79.57,80.12
"4005",353,1991,74.82,71.62,72.23,74.4
"4006",354,1991,69.49,67.09,69.9,68.25
"4007",355,1991,69.88,65.56,69.9,65.86
"4008",356,1991,70.45,65.27,70.22,64.8
"4009",357,1991,70.24,66.5,69.69,65.96
"4010",358,1991,72.55,68.87,71.36,68.55
"4011",359,1991,79.68,71.95,75.08,72.53
"4012",360,1991,86.24,77.17,78.83,77.01
"4013",361,1991,84.5,76.37,75.92,74.18
"4014",362,1991,81.64,70.93,72.99,71.33
"4015",363,1991,76.29,67.3,67.29,68.47
"4016",364,1991,74.35,66.96,66.98,66.11
"4017",365,1991,77.99,67.13,70.47,64.44
"4018",1,1992,82.17,68.88,76.63,65.34
"4019",2,1992,84.5,74.25,79.26,75.2
"4020",3,1992,82.66,73.09,79.84,74.76
"4021",4,1992,86.85,78.95,81.58,79.01
"4022",5,1992,93.5,89.42,90.64,87.85
"4023",6,1992,94.14,90.71,91.53,91.6
"4024",7,1992,91.18,85.52,88.86,88.8
"4025",8,1992,84.44,76.41,78.03,78.12
"4026",9,1992,76.76,71.51,70.49,71.7
"4027",10,1992,75.75,70.01,70.07,68.78
"4028",11,1992,75.01,67.18,68.1,68.34
"4029",12,1992,71.38,65.37,66.07,65.06
"4030",13,1992,69.89,66.28,66.25,65.56
"4031",14,1992,70.62,64.93,65.84,66.9
"4032",15,1992,66.22,61.56,62.38,63.07
"4033",16,1992,66.11,61.59,63.15,62.58
"4034",17,1992,69.61,61.69,62.93,62.76
"4035",18,1992,65.96,54.71,56.21,57.79
"4036",19,1992,61.7,55.25,56.55,56
"4037",20,1992,62.29,56.96,57.96,57.5
"4038",21,1992,59.3,52.37,53.92,55.27
"4039",22,1992,58.21,53.81,54.25,54.78
"4040",23,1992,58.56,55.22,56.55,57.42
"4041",24,1992,55,51.79,54.17,53.63
"4042",25,1992,55.28,52.91,56.98,53.82
"4043",26,1992,52.45,50.58,54.98,51.74
"4044",27,1992,50.8,49.97,53.64,49.27
"4045",28,1992,55.53,53,57.84,52.27
"4046",29,1992,58.84,56.62,59.4,56.96
"4047",30,1992,58.53,53.67,56.09,56.1
"4048",31,1992,54.27,49.87,55.09,50.61
"4049",32,1992,46.22,43.54,48.56,46.6
"4050",33,1992,42.91,40.68,47.33,42.25
"4051",34,1992,41.21,40.3,48.56,39.71
"4052",35,1992,44.74,44.41,51.72,41.49
"4053",36,1992,50.73,49.49,57.73,44.59
"4054",37,1992,62.09,54.6,64.55,50.92
"4055",38,1992,83.41,77.23,82.48,70.65
"4056",39,1992,84.82,78.23,81.21,75.93
"4057",40,1992,75.24,65.4,66.09,65.89
"4058",41,1992,56.57,50.03,54.95,51.71
"4059",42,1992,55.72,50.09,56.16,48.09
"4060",43,1992,54.46,51.06,54.9,50.17
"4061",44,1992,56.5,52.25,54.15,52.36
"4062",45,1992,53.9,48.64,49.31,51.13
"4063",46,1992,50.84,42.81,46.49,42.89
"4064",47,1992,48.97,45.89,50.46,43.87
"4065",48,1992,50.34,47.26,48.3,50.6
"4066",49,1992,50.83,42.07,46.62,45.07
"4067",50,1992,51.99,43.95,50.18,43.35
"4068",51,1992,53.7,48.69,53.39,46.73
"4069",52,1992,57.31,50.14,55.4,50.32
"4070",53,1992,56.28,48.13,54.43,49.62
"4071",54,1992,59.95,51.46,55.14,50.75
"4072",55,1992,64.08,49.93,53.51,54.56
"4073",56,1992,74.73,55.87,60.25,57.63
"4074",57,1992,74.64,51.99,58.25,51.09
"4075",58,1992,75.86,50.45,56.91,49.66
"4076",59,1992,82.79,54.62,61.2,53.82
"4077",60,1992,92.01,76.42,79.41,77.7
"4078",61,1992,96.44,87.92,87.14,94.45
"4079",62,1992,87.09,74.38,75.13,79.57
"4080",63,1992,83.06,63.21,64.34,68
"4081",64,1992,84.99,63.49,66.98,68.48
"4082",65,1992,84.49,57.22,63.19,62.34
"4083",66,1992,87.6,70.9,78.9,71.64
"4084",67,1992,90.31,80.62,85.07,84.71
"4085",68,1992,92.93,86.99,87.13,93.49
"4086",69,1992,87.82,78.43,80.34,84.43
"4087",70,1992,88.07,77.14,78.37,83.77
"4088",71,1992,89.57,78.48,81.2,85.11
"4089",72,1992,91.77,84.59,85.14,87.19
"4090",73,1992,92.4,80.83,83.46,87.38
"4091",74,1992,93.37,83.07,83.62,86.23
"4092",75,1992,91.46,82.76,86.23,86.51
"4093",76,1992,86.48,76.3,76.12,81.85
"4094",77,1992,83.93,69.41,65.54,80.89
"4095",78,1992,84.32,64.37,64.2,75.28
"4096",79,1992,84.98,61.44,62.78,72.47
"4097",80,1992,83.17,60.94,64.54,67.21
"4098",81,1992,78.29,59.29,57.81,73.06
"4099",82,1992,68.73,46.53,44.88,61.66
"4100",83,1992,58.01,39.83,43.29,49.64
"4101",84,1992,68.54,45.71,48.6,58.56
"4102",85,1992,74.42,51.64,51.38,64.04
"4103",86,1992,68.34,43.56,44.51,58.55
"4104",87,1992,60.85,36.29,41.1,45.84
"4105",88,1992,66.69,38.97,42.37,45.52
"4106",89,1992,71.97,43.39,46.52,46.65
"4107",90,1992,85.94,58.58,63.82,63.59
"4108",91,1992,88.96,77.5,76.42,82.91
"4109",92,1992,90.31,81.94,81.43,85.54
"4110",93,1992,86.13,80.57,77.6,87.61
"4111",94,1992,86.26,77.56,73.26,85.13
"4112",95,1992,89.97,81.4,79.74,85.05
"4113",96,1992,88.25,83.22,83.47,84.19
"4114",97,1992,92.21,85.18,87.29,86.78
"4115",98,1992,92.45,87.33,84.3,90.24
"4116",99,1992,92.93,87.11,83.95,89.36
"4117",100,1992,92.58,87.94,84.98,90.35
"4118",101,1992,94.16,87.93,86.71,89.81
"4119",102,1992,92.43,83.22,81.17,86.74
"4120",103,1992,89.46,79.45,73.9,82.19
"4121",104,1992,86.55,77.7,69.45,79.74
"4122",105,1992,84.58,76.28,70,78.92
"4123",106,1992,83.46,77.55,74.57,81.07
"4124",107,1992,89.21,85.28,83.59,88.02
"4125",108,1992,90.65,85.32,89.58,86.14
"4126",109,1992,91.21,87.71,85.49,89.55
"4127",110,1992,92.58,87.19,90.42,87.43
"4128",111,1992,88.59,84.71,85.01,85.33
"4129",112,1992,83.62,82.99,82.85,83.76
"4130",113,1992,91.26,88.44,88.43,89.6
"4131",114,1992,92.39,90.46,88.56,90.98
"4132",115,1992,94.25,91.23,91.38,92.88
"4133",116,1992,95.03,93.91,92.15,92.61
"4134",117,1992,95.19,92.68,93.8,92.87
"4135",118,1992,96.58,96.27,95.29,95.65
"4136",119,1992,95.75,93.8,93.98,93.35
"4137",120,1992,86.1,85.76,83.4,84.86
"4138",121,1992,79.85,77.03,75.04,78.49
"4139",122,1992,81.68,76.01,77.99,76.59
"4140",123,1992,89.87,81.83,85.75,82.26
"4141",124,1992,93.54,91.65,90.17,92.51
"4142",125,1992,88.58,88.26,89.14,84.34
"4143",126,1992,87.18,87.93,89.07,86.43
"4144",127,1992,92.04,89.62,89.64,89.86
"4145",128,1992,91.57,87.34,88.63,88.28
"4146",129,1992,88.98,86.15,86.85,86.66
"4147",130,1992,93.88,90.77,91.47,92.4
"4148",131,1992,92.89,89.18,91.72,89.69
"4149",132,1992,92.06,90.21,92.82,91.46
"4150",133,1992,90.03,88.69,89.44,90.41
"4151",134,1992,90.2,88.29,88.67,91.13
"4152",135,1992,93.02,91.54,91.37,90.44
"4153",136,1992,94.9,92.49,92.03,93.39
"4154",137,1992,93.18,89.39,91.28,87.73
"4155",138,1992,94.58,90.38,92.7,89.36
"4156",139,1992,90.17,87.78,91.12,86.46
"4157",140,1992,89.24,86.76,87.73,86.84
"4158",141,1992,93.96,90.75,92.07,90.75
"4159",142,1992,90.85,89.2,92.4,88.52
"4160",143,1992,93.05,90.27,93.57,88.92
"4161",144,1992,87.66,87.41,87.05,88.38
"4162",145,1992,88.75,85.64,87.64,84.8
"4163",146,1992,87.73,86.1,86.54,85.57
"4164",147,1992,91.96,87.68,88.43,87.05
"4165",148,1992,91.36,90.64,91.33,87.86
"4166",149,1992,89.41,87.36,87.73,88.68
"4167",150,1992,88.16,86.32,85.99,86.94
"4168",151,1992,91.46,81.97,85.64,83.45
"4169",152,1992,92.3,86.18,90.52,85.09
"4170",153,1992,94.32,90.12,91.82,89.8
"4171",154,1992,94.92,90.09,93.65,90.25
"4172",155,1992,90.49,88.28,89.48,88.98
"4173",156,1992,90.19,87.84,89.47,87.86
"4174",157,1992,86.68,85.31,88.23,86.51
"4175",158,1992,88.56,84.57,84.92,86.3
"4176",159,1992,92.11,88.32,89.28,89.25
"4177",160,1992,92.76,90.7,92.42,90.36
"4178",161,1992,91.27,88.94,92.67,88.4
"4179",162,1992,92.65,90.15,92.3,90.02
"4180",163,1992,92.58,90.1,90.18,91.65
"4181",164,1992,93.87,92.25,90.86,92.64
"4182",165,1992,88.62,87.25,87.06,86.19
"4183",166,1992,90.14,89.34,89.07,90.76
"4184",167,1992,89.66,88.44,92.1,88.31
"4185",168,1992,91.78,89.82,91.76,89.25
"4186",169,1992,93.87,90.48,92.55,90.24
"4187",170,1992,94.4,90.5,92.99,91.94
"4188",171,1992,94.03,92.44,92.71,92.94
"4189",172,1992,95.85,93.65,95.38,93.46
"4190",173,1992,92.58,90.65,88.88,92.18
"4191",174,1992,86.68,85.42,87.05,85
"4192",175,1992,90.37,89.23,88.44,90.05
"4193",176,1992,93.4,91.73,92.18,90.35
"4194",177,1992,91.72,88.71,91.1,89.36
"4195",178,1992,87.23,85.23,89.2,88.23
"4196",179,1992,92.9,92.18,90.74,92.94
"4197",180,1992,91.71,90.6,88.88,91.48
"4198",181,1992,88.85,88.52,89.16,90.21
"4199",182,1992,87.62,87.03,87.21,86.39
"4200",183,1992,90.41,85.91,86.9,85.51
"4201",184,1992,93.74,90.57,92.35,91.42
"4202",185,1992,94.54,93.87,92,93.8
"4203",186,1992,94.09,92.34,90.61,92.14
"4204",187,1992,92.48,90.39,92.77,89.42
"4205",188,1992,92.21,91.73,91.57,92.93
"4206",189,1992,93.37,90.04,93.27,88.38
"4207",190,1992,96.89,93.13,94.33,96.92
"4208",191,1992,92.37,87.79,92.6,88.33
"4209",192,1992,95.01,92.21,94.91,87.29
"4210",193,1992,88.23,85.4,87.62,83.73
"4211",194,1992,92.43,88.69,90.21,89.29
"4212",195,1992,93.96,90.98,91.99,92.36
"4213",196,1992,92.01,90.59,90.22,90.53
"4214",197,1992,90.68,88.86,88.67,89.16
"4215",198,1992,88.72,87.48,88.16,88.81
"4216",199,1992,93.2,89.83,88.24,91.66
"4217",200,1992,94.16,92.99,92.04,93.22
"4218",201,1992,90.46,88.63,90.79,89.32
"4219",202,1992,90.68,87.36,89.43,87.71
"4220",203,1992,92.52,89.49,91.7,87.88
"4221",204,1992,95.82,92.56,94.12,89.43
"4222",205,1992,94.93,92.64,90.72,92.16
"4223",206,1992,90.55,86.29,89.6,84.43
"4224",207,1992,95.52,91.22,95.49,86.25
"4225",208,1992,88,83.8,89.41,80.82
"4226",209,1992,89.35,85.68,87.91,84.86
"4227",210,1992,94.23,90.15,91.6,90.96
"4228",211,1992,90.3,91.01,93.99,86.94
"4229",212,1992,93.1,89.39,89.77,90.13
"4230",213,1992,92.68,90.61,92.36,90.48
"4231",214,1992,93.75,90.31,93.76,90.72
"4232",215,1992,93.92,91.15,89.86,90.06
"4233",216,1992,87.54,86.2,86.97,85.62
"4234",217,1992,89.33,86.64,88.64,87.25
"4235",218,1992,91.43,90.1,92.26,89.46
"4236",219,1992,90.67,87.77,88.09,86.84
"4237",220,1992,88.88,85.94,89.8,83.82
"4238",221,1992,91.27,87.89,91.41,87.62
"4239",222,1992,94.32,90.62,94.06,89.52
"4240",223,1992,91.56,89.23,92.65,88.58
"4241",224,1992,93.88,90.77,92.73,90.16
"4242",225,1992,92.29,89.86,90.52,87.95
"4243",226,1992,93.61,90.05,92.69,88.64
"4244",227,1992,93.05,89.94,93.2,88.3
"4245",228,1992,93.82,88.25,90.98,90.01
"4246",229,1992,95.02,91.42,92.47,91.69
"4247",230,1992,92.48,89.51,92.04,90.35
"4248",231,1992,88.97,85.86,86.81,86.83
"4249",232,1992,93.06,88.56,91.36,88.86
"4250",233,1992,88.94,89,87.99,89.96
"4251",234,1992,91.32,87.42,90.1,87.85
"4252",235,1992,96.33,92.56,90.86,94.86
"4253",236,1992,92.64,90.82,90.6,92.12
"4254",237,1992,93.02,89.9,89.94,90.65
"4255",238,1992,88.69,85.03,87.3,84.21
"4256",239,1992,90.41,87.13,86.36,87.94
"4257",240,1992,93.3,90.41,91.66,90.72
"4258",241,1992,90.53,86.88,88.26,87.9
"4259",242,1992,91.09,85.43,88.88,85.9
"4260",243,1992,92.43,88.93,92.16,88.79
"4261",244,1992,92.19,88.81,92.13,90.34
"4262",245,1992,89.58,87.38,88.11,88.54
"4263",246,1992,89.56,84.44,88.18,83.24
"4264",247,1992,94.15,93.08,91.59,94.89
"4265",248,1992,92.67,92.32,88.86,91.93
"4266",249,1992,92.35,91.73,92.9,88.39
"4267",250,1992,90.32,89.06,91.15,89.49
"4268",251,1992,92.7,90.06,89.46,90.15
"4269",252,1992,91.81,89.89,90.5,88.84
"4270",253,1992,93,89.21,91.62,88.2
"4271",254,1992,91.61,89.84,92.68,89.83
"4272",255,1992,87.49,85.11,86.9,85.18
"4273",256,1992,89.19,83.46,86.6,83.19
"4274",257,1992,92.05,87.39,87.55,87.59
"4275",258,1992,90.05,88.02,86.65,87.27
"4276",259,1992,93.54,89.71,90.94,89.57
"4277",260,1992,91.91,88.34,92.21,87.18
"4278",261,1992,93.05,89.76,91.02,88.83
"4279",262,1992,89.61,86.07,88.48,86.6
"4280",263,1992,87.73,85.7,87.19,86.43
"4281",264,1992,90.77,87.18,87.29,88.45
"4282",265,1992,91.32,87.68,89.7,86.22
"4283",266,1992,89.19,85,86.61,85.31
"4284",267,1992,85.52,83.6,85.06,86.1
"4285",268,1992,90.33,85.58,86.63,86.74
"4286",269,1992,89.74,86.67,89.18,86.99
"4287",270,1992,89.47,87.07,90.32,85.75
"4288",271,1992,91.62,88.55,92.63,88
"4289",272,1992,92.77,89.15,92.24,87.53
"4290",273,1992,90.76,87.25,89.38,86.52
"4291",274,1992,87.7,85.49,86.52,86.91
"4292",275,1992,87.9,85.33,88.83,84.98
"4293",276,1992,89.68,87.29,89.91,86.6
"4294",277,1992,89.46,87.24,88.65,88.57
"4295",278,1992,88.55,85.08,86.41,85.57
"4296",279,1992,92.7,87.41,91.91,88.25
"4297",280,1992,91.4,88.63,92.76,90.05
"4298",281,1992,88.69,85.9,86.82,87.17
"4299",282,1992,92.59,89.53,92.58,88.98
"4300",283,1992,92.35,90.16,90.47,90.61
"4301",284,1992,90.6,88.37,88.75,88.6
"4302",285,1992,88.26,86.14,87,86.77
"4303",286,1992,89.44,84.53,87.85,86.5
"4304",287,1992,90.19,87.65,88.96,87.27
"4305",288,1992,90.82,88.5,91.38,87.08
"4306",289,1992,92.48,89.76,93.03,89.45
"4307",290,1992,90.66,86.89,92.21,87.03
"4308",291,1992,89.1,86.07,89.61,86.52
"4309",292,1992,91.37,87.18,90.88,86.23
"4310",293,1992,92.32,90.73,91.96,88.27
"4311",294,1992,91.69,88.22,89.25,89.9
"4312",295,1992,89.27,85.6,88.48,86.16
"4313",296,1992,89.31,85.51,87.2,88.18
"4314",297,1992,88.05,86.13,86.18,87.45
"4315",298,1992,89.67,87.47,89.99,88.05
"4316",299,1992,88.69,87.35,89.95,86.93
"4317",300,1992,89.75,86.87,88.17,86.21
"4318",301,1992,89.71,86.28,87.66,85.77
"4319",302,1992,89.55,84.82,85.99,86.49
"4320",303,1992,85.46,79.89,82.99,80.28
"4321",304,1992,86.86,80.2,83.85,80.88
"4322",305,1992,90.09,84.12,87.73,83.81
"4323",306,1992,90.87,82.32,85.77,82.73
"4324",307,1992,87.62,83.11,87.05,84.15
"4325",308,1992,86.15,82.51,84.56,82.26
"4326",309,1992,87.53,80.84,83.6,81.41
"4327",310,1992,90.89,85.04,87.59,83.96
"4328",311,1992,93.99,91,93.8,91.33
"4329",312,1992,92.65,89.49,91.21,90.57
"4330",313,1992,89.51,87.14,86.92,86.33
"4331",314,1992,89.74,84.98,86.76,86.74
"4332",315,1992,92.91,87.39,90.46,87.8
"4333",316,1992,94.71,89.7,92.71,90.82
"4334",317,1992,89.5,85.72,88.96,84.26
"4335",318,1992,91.57,88.28,91.96,88.38
"4336",319,1992,93.43,89.89,89.59,90.32
"4337",320,1992,91.3,88.09,91.56,87.3
"4338",321,1992,90.92,88.34,89.68,89.54
"4339",322,1992,92.76,89.6,91.17,90.23
"4340",323,1992,93.49,90.31,93.85,89.99
"4341",324,1992,90.86,88.81,90.78,90.36
"4342",325,1992,87.22,85.21,88.26,85.7
"4343",326,1992,89.34,85.16,86.69,85.08
"4344",327,1992,90.89,88.35,90.4,88.61
"4345",328,1992,90.43,87.43,87.86,88.39
"4346",329,1992,90.67,86.58,89.13,88.95
"4347",330,1992,92.25,88.58,89.3,90.01
"4348",331,1992,92.67,89,89.6,91.53
"4349",332,1992,92.25,92.91,92.78,92.69
"4350",333,1992,89.73,90.11,89.49,90.04
"4351",334,1992,88.74,87.63,86.66,91.52
"4352",335,1992,87.03,85.31,87.21,86.2
"4353",336,1992,88.63,86.26,86.77,85.39
"4354",337,1992,87.43,84.77,85.14,84.25
"4355",338,1992,90.8,83.75,84.62,84.22
"4356",339,1992,92.17,84.4,86.47,83.59
"4357",340,1992,91.13,86.97,86.3,86.57
"4358",341,1992,89.45,83.29,84.53,82.48
"4359",342,1992,86.53,79.44,81.05,79.54
"4360",343,1992,88.13,82.74,82.65,81.08
"4361",344,1992,87.71,83.34,82.86,82.44
"4362",345,1992,84.07,80.91,80.48,81.53
"4363",346,1992,84.43,80.33,79.54,79.77
"4364",347,1992,84.81,77.65,77.65,77.13
"4365",348,1992,85.96,77.12,80.01,76.75
"4366",349,1992,89.26,78.58,84.85,77.47
"4367",350,1992,88.92,82.91,86.33,80.29
"4368",351,1992,87.6,81.97,85.39,81.33
"4369",352,1992,88.86,82.31,81.86,85.05
"4370",353,1992,83.45,73.58,75.85,78.68
"4371",354,1992,77.55,69.68,73.84,71.06
"4372",355,1992,77.17,67.47,75.2,67.65
"4373",356,1992,83.17,73.81,78.7,72.64
"4374",357,1992,88.6,78.37,79.34,78.79
"4375",358,1992,86.74,79.14,77.09,79.62
"4376",359,1992,86.2,77.19,78.61,75.32
"4377",360,1992,88.64,78.11,78.77,76.53
"4378",361,1992,87.88,76.88,75.97,78.62
"4379",362,1992,86.73,76.48,77.61,76.4
"4380",363,1992,81.45,72.19,71.24,74.87
"4381",364,1992,75.18,64.41,64.73,68.3
"4382",365,1992,75.58,61.13,66.96,63.01
"4383",366,1992,77.07,66.17,72.25,64.21
"4384",1,1993,86.43,72.44,75.41,71.67
"4385",2,1993,91.07,75.95,79.74,75.55
"4386",3,1993,90.84,80.35,81.79,81.53
"4387",4,1993,91.87,82.04,84.4,83.52
"4388",5,1993,91.42,81.33,83.9,81.86
"4389",6,1993,83.44,71.66,71.36,75.41
"4390",7,1993,76.68,65.48,64.53,69.16
"4391",8,1993,72.7,62.84,62.8,65.94
"4392",9,1993,70.96,61.72,62.26,64.54
"4393",10,1993,73.1,61.4,64.31,63.74
"4394",11,1993,75.11,63.81,68.44,65.75
"4395",12,1993,71.98,60.06,63.17,65.07
"4396",13,1993,67.2,56.03,59.2,59.98
"4397",14,1993,71.01,57.06,61.77,58.75
"4398",15,1993,75.79,58.09,63.51,60
"4399",16,1993,87.31,66.91,74.65,63.65
"4400",17,1993,87.43,73.94,78.79,69.07
"4401",18,1993,85.23,71.84,67.8,78.14
"4402",19,1993,78.36,61.31,61.93,67.25
"4403",20,1993,76.38,59.76,63.55,62.98
"4404",21,1993,79.29,63.44,66.48,64.36
"4405",22,1993,80.33,61.88,64.11,65.82
"4406",23,1993,73.67,54.74,55.66,59.8
"4407",24,1993,66.61,51.14,51.46,56.45
"4408",25,1993,72.85,58.46,62.97,57.27
"4409",26,1993,80.74,67.81,71.51,66.52
"4410",27,1993,86.42,71.37,75.82,72.17
"4411",28,1993,92.39,84.15,86.35,83.14
"4412",29,1993,91.02,81.28,82.4,81.88
"4413",30,1993,88.61,75.2,78.15,75.43
"4414",31,1993,85.79,70.2,73.8,73.12
"4415",32,1993,88.14,72.48,77.08,71.47
"4416",33,1993,89.38,76.59,77.41,79.05
"4417",34,1993,88.11,80.06,77.55,84.17
"4418",35,1993,88.48,80.11,80.21,83.49
"4419",36,1993,88.17,73.07,75.44,77.74
"4420",37,1993,89.83,71.29,75.67,77.14
"4421",38,1993,84.35,65.78,66.2,69.07
"4422",39,1993,82.06,58.02,60.4,61.86
"4423",40,1993,79.43,55.57,59.31,59.58
"4424",41,1993,75.34,47.94,48.56,54.61
"4425",42,1993,76.47,52.09,54.8,56.26
"4426",43,1993,74.38,55.47,59.56,57.65
"4427",44,1993,79.38,57.18,61.95,58.45
"4428",45,1993,81.25,56.43,60.2,58.22
"4429",46,1993,76.34,49.78,54.1,52.18
"4430",47,1993,68.39,47.63,47.74,50.64
"4431",48,1993,68.79,49.67,49.07,51.61
"4432",49,1993,60.26,48.39,49.68,50.15
"4433",50,1993,58.81,44.71,48.66,46.45
"4434",51,1993,59.46,43.88,48.44,44.79
"4435",52,1993,66.17,45.79,52.42,45.52
"4436",53,1993,83.34,63.06,71.01,60.6
"4437",54,1993,86.69,74.59,79.67,71.7
"4438",55,1993,81.45,68.66,70.96,66.29
"4439",56,1993,83.14,66.29,65.44,72.51
"4440",57,1993,83.83,63.62,66.45,66.33
"4441",58,1993,85,63.59,66.44,66.37
"4442",59,1993,85.38,60.1,62.4,65.97
"4443",60,1993,83.31,61.21,62.19,64.88
"4444",61,1993,82.44,65.38,65.87,64.92
"4445",62,1993,88.06,69.39,65.69,72.89
"4446",63,1993,92.38,76.56,72.99,79.45
"4447",64,1993,89.76,79.29,77.47,83.88
"4448",65,1993,90.77,77.8,72.2,83.13
"4449",66,1993,89.45,78.61,71.65,81.95
"4450",67,1993,89.69,72.22,67.21,78.47
"4451",68,1993,94.56,83.48,85.38,86.04
"4452",69,1993,94.7,88.9,89.1,89.19
"4453",70,1993,94.66,88.34,87.25,89.04
"4454",71,1993,92.95,87.48,88.15,89.32
"4455",72,1993,92.94,86.68,87.19,87.35
"4456",73,1993,93.84,89.76,86.08,90.71
"4457",74,1993,90.11,85.3,82.93,85.3
"4458",75,1993,86.19,78.15,75.09,81.96
"4459",76,1993,80.37,70.61,65.82,73.28
"4460",77,1993,79.66,68.72,65.62,70.29
"4461",78,1993,82.31,72.8,76.01,71.01
"4462",79,1993,92.19,87.37,86.83,88.68
"4463",80,1993,92.49,90.23,90.46,90.77
"4464",81,1993,91.14,86.85,85.94,87.28
"4465",82,1993,92.92,87.59,90.17,88.68
"4466",83,1993,92.79,84.23,86.81,87.87
"4467",84,1993,95.95,90.14,91.95,93.04
"4468",85,1993,94.53,89.16,87.02,91.33
"4469",86,1993,91.69,84.63,82.63,88.42
"4470",87,1993,88.88,85.12,83.74,87.96
"4471",88,1993,85.36,81.86,79.73,83.92
"4472",89,1993,84.91,78.43,78.69,80.63
"4473",90,1993,84.05,77.65,79.58,79.43
"4474",91,1993,90.88,84.81,87.11,86.13
"4475",92,1993,92.45,89.17,88.44,90.49
"4476",93,1993,92.18,85.44,87.47,87.39
"4477",94,1993,87.26,80.55,80,82.79
"4478",95,1993,84.59,75.13,73.45,77.46
"4479",96,1993,89.29,79.97,81.26,80.41
"4480",97,1993,91.71,85.3,88.11,84.46
"4481",98,1993,93.81,92.18,94.51,89.36
"4482",99,1993,92.91,88.94,89.75,91.06
"4483",100,1993,92.05,88.74,88.6,90.09
"4484",101,1993,92.37,87.42,90.06,87.13
"4485",102,1993,91.27,87.31,91.47,89.39
"4486",103,1993,90.98,88.3,92.11,87.62
"4487",104,1993,93.58,90.69,94.89,89.81
"4488",105,1993,92.45,90.71,90.37,92.46
"4489",106,1993,85.6,81.31,84.1,82.82
"4490",107,1993,92.13,85.33,87.43,84.67
"4491",108,1993,91.86,88.34,89.16,87.74
"4492",109,1993,88.29,86.11,87.48,86.89
"4493",110,1993,91.06,87.51,87.32,89.83
"4494",111,1993,93.93,89.88,92.61,89.46
"4495",112,1993,92.17,90.22,93.05,89.29
"4496",113,1993,92.68,90.67,92.36,91.95
"4497",114,1993,92.56,89.53,87.05,91.21
"4498",115,1993,89.08,86.8,86.11,86.28
"4499",116,1993,89.12,82.85,82.81,86.14
"4500",117,1993,90.53,85.5,87.63,84.49
"4501",118,1993,94.61,90.91,92.99,90.83
"4502",119,1993,94.07,90.57,93.97,89.56
"4503",120,1993,88.26,85.91,91.41,86.73
"4504",121,1993,86.16,83.44,83.55,88.86
"4505",122,1993,92.41,88.25,91.22,89.26
"4506",123,1993,94.13,92.68,93.89,95.01
"4507",124,1993,87.56,86.42,85.55,85.99
"4508",125,1993,87.69,83.45,84.05,85.52
"4509",126,1993,92.09,89.45,90.43,90.01
"4510",127,1993,91.54,90.01,90.29,90.36
"4511",128,1993,89.85,87.91,88.81,88.57
"4512",129,1993,94.09,91.88,90.95,93.95
"4513",130,1993,93.9,91.18,94.42,90.9
"4514",131,1993,89.98,87.09,89.49,89.47
"4515",132,1993,87.3,84.61,87.68,87.11
"4516",133,1993,88.75,83.29,88.19,84.54
"4517",134,1993,92.53,89.87,91.39,90.36
"4518",135,1993,92.65,91.06,89.38,91.34
"4519",136,1993,96.52,93.07,93.68,93.68
"4520",137,1993,93.72,89.3,92.97,89.33
"4521",138,1993,95.96,90.02,96.22,89.2
"4522",139,1993,93.19,89.86,90.67,93.92
"4523",140,1993,88.73,86.02,88.93,88.65
"4524",141,1993,95.33,90.97,92.82,91.05
"4525",142,1993,89.54,88.04,89.94,89.02
"4526",143,1993,86.7,85.86,86.1,87.06
"4527",144,1993,92.8,89.13,91.05,90.85
"4528",145,1993,93.23,90.09,92.87,91.26
"4529",146,1993,92.96,89.74,94.1,88.59
"4530",147,1993,89.24,90.73,89.04,90.13
"4531",148,1993,88.99,87.99,88.52,88.07
"4532",149,1993,93.15,90.29,91.76,90.78
"4533",150,1993,90.39,88.71,92.41,87.45
"4534",151,1993,88.44,87.45,90.97,86.21
"4535",152,1993,90.58,88.89,90.58,86.81
"4536",153,1993,89.52,86.7,87.78,86.33
"4537",154,1993,89.12,86.71,86.64,86.72
"4538",155,1993,92.32,89.51,89.16,90.16
"4539",156,1993,94.05,88.95,91.2,90.1
"4540",157,1993,94.57,90.67,92.46,92.17
"4541",158,1993,93.11,89.16,90.32,89.49
"4542",159,1993,92.85,88.07,88.81,87.45
"4543",160,1993,92.18,89.48,91.86,88.55
"4544",161,1993,94.76,93.08,94.01,91.84
"4545",162,1993,93.77,91.57,93.61,91.97
"4546",163,1993,94.35,88.88,92.1,89.22
"4547",164,1993,94.68,91.83,94.94,94.54
"4548",165,1993,92.5,86.46,91.69,85.49
"4549",166,1993,87.64,84.63,85.37,85.94
"4550",167,1993,89.9,87.18,86.89,88.3
"4551",168,1993,91.4,88.1,90.35,87.32
"4552",169,1993,90.79,88.17,91.15,88.32
"4553",170,1993,93.91,91.18,92.36,91.75
"4554",171,1993,92.37,90.2,94.77,88.95
"4555",172,1993,94.75,93.12,95.12,91.32
"4556",173,1993,93.72,88.76,89.14,89.68
"4557",174,1993,87.26,85.52,86.35,86.85
"4558",175,1993,91.56,87.31,90.52,88.3
"4559",176,1993,94.95,94.03,94.22,96.58
"4560",177,1993,94.58,93.99,95.27,95.36
"4561",178,1993,92.24,91.4,91.97,91.6
"4562",179,1993,92.18,87.66,90.21,83.71
"4563",180,1993,94.87,91.26,92.88,90.2
"4564",181,1993,92.92,90.55,90.9,88.53
"4565",182,1993,89.12,89.11,90.9,88.51
"4566",183,1993,86.48,85.58,85.92,85.14
"4567",184,1993,89.9,85.38,87.3,84.9
"4568",185,1993,86.71,86.17,87.47,84.62
"4569",186,1993,91.32,89.9,90.23,89.8
"4570",187,1993,90.31,88.67,88.27,88.88
"4571",188,1993,86.97,85.53,88.24,84.59
"4572",189,1993,92.72,88.71,90.41,88.04
"4573",190,1993,93.82,93.59,94.63,95.17
"4574",191,1993,95,92.22,92.91,92.98
"4575",192,1993,94.16,92.42,90.93,92.6
"4576",193,1993,92.98,89.8,89.61,88.95
"4577",194,1993,94.83,90.06,93.87,91.09
"4578",195,1993,95.49,93.41,94.26,94.02
"4579",196,1993,96.86,94.32,94.77,95.13
"4580",197,1993,85.68,85.72,91.4,83.88
"4581",198,1993,86.86,84.99,89.13,82.83
"4582",199,1993,88.62,85.4,87.52,83.84
"4583",200,1993,93.83,89.74,90.83,90.74
"4584",201,1993,91.39,87.66,88.76,88.36
"4585",202,1993,89.83,87.78,88.95,86.25
"4586",203,1993,92.24,89.02,91.25,87.6
"4587",204,1993,93.26,90.61,91.4,91.27
"4588",205,1993,94.12,89.96,91.17,90.45
"4589",206,1993,92.86,90.1,90.45,89.19
"4590",207,1993,88.12,86.39,88.54,85.99
"4591",208,1993,83.4,82.31,84.31,81.44
"4592",209,1993,86.14,83.85,83.97,86.07
"4593",210,1993,92.92,90.5,89.05,91.87
"4594",211,1993,95.26,92.75,92.38,93.13
"4595",212,1993,93.69,91.61,92.45,90.45
"4596",213,1993,89.7,88.32,90.47,88.85
"4597",214,1993,86.85,84.98,88.13,86.64
"4598",215,1993,90.8,86.87,93.65,82.9
"4599",216,1993,86.34,84.27,86.7,80.86
"4600",217,1993,87.68,83.57,90.03,78.19
"4601",218,1993,85.18,82.44,86.01,81.01
"4602",219,1993,84.76,82.34,85.13,80.95
"4603",220,1993,87.84,86.79,91.61,83.53
"4604",221,1993,92.76,89.97,89.39,94.48
"4605",222,1993,88.06,87.21,87.53,89.64
"4606",223,1993,89.21,86.91,86.86,89.72
"4607",224,1993,93.97,91.04,92.15,92.1
"4608",225,1993,91.92,87.36,92.28,86.57
"4609",226,1993,91.29,88.39,88.46,86.75
"4610",227,1993,91.11,88.53,88.98,87.66
"4611",228,1993,93.63,89.17,90.39,89.13
"4612",229,1993,93.96,91.27,91.72,91.38
"4613",230,1993,88.71,86.51,88.05,86.04
"4614",231,1993,92.84,87.55,88.75,89.71
"4615",232,1993,90.65,87.81,87.17,89.61
"4616",233,1993,91.1,88.67,89.66,87.69
"4617",234,1993,88.96,85.44,87.22,88.01
"4618",235,1993,90.93,87.84,90.14,87.52
"4619",236,1993,93.03,90.81,91.08,89.55
"4620",237,1993,90.98,89.31,88.3,88.34
"4621",238,1993,93.6,89.69,91.56,90.33
"4622",239,1993,91.23,88.88,93.51,87.61
"4623",240,1993,89.58,86.52,90.55,86.85
"4624",241,1993,87.72,85,88.03,86.14
"4625",242,1993,85.47,83.27,83.8,86.32
"4626",243,1993,87.91,84.36,84.75,87.07
"4627",244,1993,90.63,87.65,90.19,88.9
"4628",245,1993,91.54,88.01,91.41,87.52
"4629",246,1993,92.5,89.28,91.9,89.14
"4630",247,1993,89.03,86,87.83,87.16
"4631",248,1993,91.35,86.94,91.06,86.74
"4632",249,1993,89.89,87.14,87.86,86.12
"4633",250,1993,85.27,84.05,85.36,83.62
"4634",251,1993,89.55,84.87,88.71,84.44
"4635",252,1993,88.36,86.64,86.85,86.51
"4636",253,1993,93.75,89.58,90.36,90.42
"4637",254,1993,91.48,89.34,91.42,87.73
"4638",255,1993,90.68,87.13,89.35,87.35
"4639",256,1993,93,89.69,92.61,89.89
"4640",257,1993,93.25,88.76,92.35,87.5
"4641",258,1993,90.28,85.87,88.35,87.25
"4642",259,1993,93.5,89.09,89.53,90.06
"4643",260,1993,93.89,90.76,92.17,93.72
"4644",261,1993,90.15,86.82,88.86,88.64
"4645",262,1993,86.17,84.09,84.55,84.82
"4646",263,1993,88.97,83.78,87.3,84.68
"4647",264,1993,88.25,85.73,89.05,85.85
"4648",265,1993,90.43,84.87,86.48,86.23
"4649",266,1993,90.83,87.57,89.89,87.74
"4650",267,1993,87.81,86.96,84.34,86.46
"4651",268,1993,87.68,84.44,83.4,84.53
"4652",269,1993,91.11,86.29,89.47,86.92
"4653",270,1993,90.36,87.54,89.01,88.24
"4654",271,1993,88.91,86.44,88.48,86.33
"4655",272,1993,88.86,87.89,89.55,88.21
"4656",273,1993,87.8,85.33,87.22,84.26
"4657",274,1993,88.1,85.56,87.53,86.73
"4658",275,1993,93.27,88.44,91.42,87.68
"4659",276,1993,92.78,89.9,92.68,89.52
"4660",277,1993,88.16,86,88.33,84.5
"4661",278,1993,84.59,83.76,82.86,85.52
"4662",279,1993,91.04,88.15,88.75,87.59
"4663",280,1993,94.72,92.08,95.79,92.84
"4664",281,1993,89.35,86.27,88.25,87.01
"4665",282,1993,86.53,84.39,84.62,86.43
"4666",283,1993,91.11,86.36,88.15,87.04
"4667",284,1993,90.85,86.02,87.78,87.21
"4668",285,1993,91.41,86.97,89.93,88.98
"4669",286,1993,91.48,87.73,88.44,90.33
"4670",287,1993,93.07,87.72,89.24,88.75
"4671",288,1993,93.27,89,92.08,90.16
"4672",289,1993,87.86,85.22,89.52,83.65
"4673",290,1993,85.63,82.14,83.65,82.44
"4674",291,1993,90.22,84.53,85.92,86.42
"4675",292,1993,90.18,85.83,90.35,85.37
"4676",293,1993,92.85,87.08,90.07,87.79
"4677",294,1993,93.23,88.59,92.03,88.82
"4678",295,1993,91.85,88.68,90.65,89.74
"4679",296,1993,89.66,86.48,88.07,85.93
"4680",297,1993,89.34,88.51,88.92,88.5
"4681",298,1993,91.42,88.18,88.56,87.33
"4682",299,1993,92.12,89.52,89.87,89.04
"4683",300,1993,94.19,92.14,93.54,91.39
"4684",301,1993,93.25,91.14,91.06,91.55
"4685",302,1993,93.06,89.38,91.62,89.72
"4686",303,1993,89.56,86.72,89.42,87.51
"4687",304,1993,90.62,89.22,90.08,90.6
"4688",305,1993,90.4,88.97,92.3,88.82
"4689",306,1993,92.98,90.17,91.84,89.08
"4690",307,1993,93.32,89.38,91.53,90.76
"4691",308,1993,96.74,93.48,94.57,93.59
"4692",309,1993,91.66,89.69,91.61,90.94
"4693",310,1993,83.86,82.15,81.86,84.61
"4694",311,1993,86.2,81.85,82.07,84.16
"4695",312,1993,92.92,88.44,90.2,89.09
"4696",313,1993,92.39,87.94,89.82,88.68
"4697",314,1993,93.94,89.75,89.93,91.39
"4698",315,1993,93.23,89.55,92.4,90.25
"4699",316,1993,92.65,88.66,89.79,90.63
"4700",317,1993,89.35,87.81,89.16,87.64
"4701",318,1993,93.18,88.77,88.79,89.65
"4702",319,1993,91.26,87.25,88.3,88.67
"4703",320,1993,85.6,80.85,83.83,81.49
"4704",321,1993,88.92,84.3,87.65,81.35
"4705",322,1993,91.43,88.63,90.25,87.35
"4706",323,1993,93.23,89.25,91.6,89.54
"4707",324,1993,91.91,91.49,91.47,91.22
"4708",325,1993,88.47,88.05,88.62,87.5
"4709",326,1993,87.78,86.69,85.3,87.42
"4710",327,1993,87.19,84.77,83.92,86.1
"4711",328,1993,88.59,84.9,86.27,86.43
"4712",329,1993,91.81,86.59,89.12,87.94
"4713",330,1993,91,87.54,89.09,88.32
"4714",331,1993,92.93,89.14,89.84,88.92
"4715",332,1993,91.99,88.25,87.7,89.94
"4716",333,1993,91.03,85.13,83.59,85.91
"4717",334,1993,85.02,81.22,83.77,83.57
"4718",335,1993,80.73,79.46,80.14,81.4
"4719",336,1993,87.63,81.91,84.92,81.99
"4720",337,1993,90.03,86.38,90.08,84.82
"4721",338,1993,89.77,86.92,88.14,85.69
"4722",339,1993,91.14,87.96,88.97,87.43
"4723",340,1993,88.74,84.3,84.93,83.48
"4724",341,1993,91.27,87.57,88.69,87.41
"4725",342,1993,92.61,88.5,89.56,88.91
"4726",343,1993,91.75,87.7,89.49,87.64
"4727",344,1993,91.63,88.58,89.07,89.84
"4728",345,1993,91.29,87.75,87.01,88.69
"4729",346,1993,91.54,87,87.26,87.06
"4730",347,1993,89.76,82.09,84.97,81.98
"4731",348,1993,83.68,76.96,78.4,76.53
"4732",349,1993,78.71,75.86,73.34,76.2
"4733",350,1993,78.48,76.03,76.49,76.31
"4734",351,1993,82.3,77.57,81.02,76.4
"4735",352,1993,87.46,81.1,82.27,80.17
"4736",353,1993,89.19,82.32,83.38,82.71
"4737",354,1993,84.39,77.13,77.17,77.7
"4738",355,1993,76.03,71,67.39,71.96
"4739",356,1993,75.7,72.04,71.1,71.88
"4740",357,1993,78.07,71.59,69.39,71.95
"4741",358,1993,74.07,68.76,65.61,70.06
"4742",359,1993,68.19,65.07,60.99,67.31
"4743",360,1993,65.13,62.12,60.27,62.24
"4744",361,1993,64.93,62.27,61.32,62.66
"4745",362,1993,64.97,61.27,57.64,63.43
"4746",363,1993,59.72,54.61,53.01,58.32
"4747",364,1993,56.82,54.08,53.7,55.97
"4748",365,1993,58.79,55.98,56.83,55.75
"4749",1,1994,59.44,54.6,55.87,55.45
"4750",2,1994,61.83,56.7,56.66,56.77
"4751",3,1994,65.57,57.56,59.12,58.44
"4752",4,1994,66.05,55.7,56.28,57.08
"4753",5,1994,61.83,53.92,54.5,58.06
"4754",6,1994,56.46,50.28,49.42,53.37
"4755",7,1994,55.18,51.21,52.73,52.75
"4756",8,1994,57.56,54.24,57.5,54.71
"4757",9,1994,64.81,55.15,57.52,57.65
"4758",10,1994,65.38,55.04,57.33,56.66
"4759",11,1994,67.01,54.88,57.69,57.45
"4760",12,1994,70.22,55.45,58.89,56.86
"4761",13,1994,83.97,66.83,76.53,63.83
"4762",14,1994,82,65.97,75.35,65.3
"4763",15,1994,78.48,61.65,64.69,64.64
"4764",16,1994,70.87,55.54,58.26,57.74
"4765",17,1994,61.42,46.43,52.76,48.19
"4766",18,1994,55.54,46.01,50.99,45.08
"4767",19,1994,52.33,44.57,47.06,45.73
"4768",20,1994,51.61,44.76,49.98,43.13
"4769",21,1994,52.59,45.13,49.78,44.64
"4770",22,1994,52.15,43.27,48.82,44.1
"4771",23,1994,51.36,44.26,48.26,45.56
"4772",24,1994,56.4,47.81,50.94,48.43
"4773",25,1994,57.53,48.55,48.77,50.29
"4774",26,1994,59.4,50.63,54.22,52.25
"4775",27,1994,69.59,51.49,56.63,52.44
"4776",28,1994,66.62,48.04,51.89,49.46
"4777",29,1994,59.63,44.33,45.02,45.8
"4778",30,1994,51.86,46.29,44.86,49.66
"4779",31,1994,56.76,48.16,48.64,50.89
"4780",32,1994,57.86,48.46,49.82,48.82
"4781",33,1994,59.2,46.77,49.77,47.67
"4782",34,1994,56.58,47.85,49.64,47.73
"4783",35,1994,80.88,58.52,64.08,55.41
"4784",36,1994,84.14,61.49,61.2,63.99
"4785",37,1994,69.82,50.77,49.96,50.94
"4786",38,1994,67.8,46.55,47.96,44.75
"4787",39,1994,67.68,47.29,48.48,48.1
"4788",40,1994,65.83,43.75,46.43,45.29
"4789",41,1994,67.52,46.21,50.96,45.53
"4790",42,1994,65.35,46.33,48.85,49.81
"4791",43,1994,58.71,38.1,40.65,41.83
"4792",44,1994,54.87,39.88,42.02,40.41
"4793",45,1994,60.49,44.13,47.21,43.15
"4794",46,1994,68.68,45.62,50.17,45.62
"4795",47,1994,67.64,44.78,49.48,45.26
"4796",48,1994,71.55,45.06,51.76,45.62
"4797",49,1994,75.09,54.5,55.11,55.91
"4798",50,1994,86.03,70.19,68.94,75.92
"4799",51,1994,92.37,80.4,72,84.75
"4800",52,1994,87.55,72.63,67.08,77.03
"4801",53,1994,85.94,73.39,67.44,78.47
"4802",54,1994,84.21,69.04,62.78,73.04
"4803",55,1994,82.3,59.84,58.44,61.79
"4804",56,1994,85.86,59.87,64.48,60.69
"4805",57,1994,89.91,70.26,72.72,68.08
"4806",58,1994,90.64,79.28,76.81,84.25
"4807",59,1994,86.76,77.55,72.03,82.62
"4808",60,1994,87.63,66.21,66.46,70.75
"4809",61,1994,86.53,65.54,63.71,68.05
"4810",62,1994,83.33,64.59,61.87,68.99
"4811",63,1994,83.36,67.18,66.43,71.41
"4812",64,1994,84.67,70.76,63.58,75.1
"4813",65,1994,80.13,65.39,54.22,69.92
"4814",66,1994,76.22,53.08,46.92,59.98
"4815",67,1994,76.81,52.08,49.19,58.24
"4816",68,1994,77.48,59.43,60.87,62.37
"4817",69,1994,78.17,64.89,66.82,65.4
"4818",70,1994,87.97,74.9,79.9,74.4
"4819",71,1994,93.7,85.48,87.66,87.32
"4820",72,1994,90.82,85.44,83.12,87.85
"4821",73,1994,91.63,84.73,84.48,83.81
"4822",74,1994,88.18,83.07,80.67,84.3
"4823",75,1994,88.31,85.08,83.62,88.4
"4824",76,1994,92.22,86.88,87.24,88.6
"4825",77,1994,93.27,87.96,87.57,90.42
"4826",78,1994,89.77,85.08,85.58,86.12
"4827",79,1994,89.5,84.83,84.21,85.87
"4828",80,1994,88.22,85.35,84.4,86.58
"4829",81,1994,87.92,83.54,85.89,85.94
"4830",82,1994,92.6,86.76,86.96,90.11
"4831",83,1994,89.36,82.3,84.74,82.46
"4832",84,1994,89.09,79.57,86.15,77.3
"4833",85,1994,93.03,87.58,86.87,87.24
"4834",86,1994,96.45,93.91,92.51,95.2
"4835",87,1994,96.33,92.45,90.98,92.1
"4836",88,1994,92.38,87.53,85.25,87.26
"4837",89,1994,90.77,85.63,83.45,87.89
"4838",90,1994,91.55,84.33,85.31,81.88
"4839",91,1994,92.51,85.42,86.46,86.7
"4840",92,1994,94.96,89.26,87.43,92.73
"4841",93,1994,95.02,91.01,89.59,93.82
"4842",94,1994,91.94,86.97,88.13,88.71
"4843",95,1994,87.37,83.2,83.33,85.21
"4844",96,1994,89.23,83.74,84.53,85.06
"4845",97,1994,93.08,88.36,88.99,89.58
"4846",98,1994,93.45,87.65,87.81,89.71
"4847",99,1994,91.65,86,82.75,86.81
"4848",100,1994,86.78,82.64,80.67,84.62
"4849",101,1994,91.12,82.65,83.94,84.04
"4850",102,1994,94.11,85.98,86.6,89.79
"4851",103,1994,91.14,84.86,85.34,85.79
"4852",104,1994,87.6,80.36,79.63,80.58
"4853",105,1994,87.31,80.03,77.97,79.79
"4854",106,1994,89.48,85.2,85.24,88.84
"4855",107,1994,90.96,86,87.06,88.23
"4856",108,1994,93.39,86.63,84.25,87.69
"4857",109,1994,90.89,81.43,81.06,83.17
"4858",110,1994,92.84,86.37,88.18,86.85
"4859",111,1994,92.53,87.77,86.04,87.37
"4860",112,1994,91.63,87.3,87.19,88.58
"4861",113,1994,88.86,86.6,88.25,88.59
"4862",114,1994,94.05,90.59,91.3,90.73
"4863",115,1994,91.69,88.81,90.42,88.17
"4864",116,1994,93.39,89.73,91.11,90.85
"4865",117,1994,95.73,91.56,93.63,90.71
"4866",118,1994,91.28,89.78,92.84,88.95
"4867",119,1994,89.84,84.43,91.36,90.27
"4868",120,1994,88.92,85.34,91.51,84.69
"4869",121,1994,92.96,90.28,91.44,90.73
"4870",122,1994,89.65,86.82,91.79,87.44
"4871",123,1994,90.38,86.87,89.58,85.76
"4872",124,1994,93.77,90.07,87.77,90.83
"4873",125,1994,93.55,89.99,90.75,91.42
"4874",126,1994,96.76,95.05,92.97,94.9
"4875",127,1994,94.03,90.66,91.29,88.9
"4876",128,1994,95.52,93.43,94.4,94.75
"4877",129,1994,94.92,90.46,91.13,88.66
"4878",130,1994,94.46,91.22,90.86,91.17
"4879",131,1994,94.42,91.01,91.55,91.95
"4880",132,1994,92.29,87.82,90.36,89.84
"4881",133,1994,93.18,90.76,92.09,91.31
"4882",134,1994,93.38,92.1,92.84,92.78
"4883",135,1994,94.45,90.31,91.97,90.13
"4884",136,1994,93.33,89.17,92.27,89.32
"4885",137,1994,94.12,92.18,94.98,91.17
"4886",138,1994,92.5,88.78,89.93,90.44
"4887",139,1994,90.36,87.12,89.79,86.21
"4888",140,1994,89.42,86.57,90.31,84.34
"4889",141,1994,90.9,87.98,91.8,85.47
"4890",142,1994,88.39,89.78,92.13,91.25
"4891",143,1994,86.79,86.66,87.45,86.87
"4892",144,1994,88.58,86.29,89.62,84.96
"4893",145,1994,93.11,90.2,91.72,89.76
"4894",146,1994,95.96,92.97,95.69,93.1
"4895",147,1994,91.82,92.55,92.21,92.18
"4896",148,1994,87.55,87.77,87.69,89.63
"4897",149,1994,87.65,87.62,87.95,88.41
"4898",150,1994,91.96,88.76,90.64,88.77
"4899",151,1994,94.54,90.56,93.17,91.02
"4900",152,1994,95.96,93.42,94.64,95.33
"4901",153,1994,96.06,93.11,92.79,96.11
"4902",154,1994,95.89,92.56,93.97,95.08
"4903",155,1994,97.71,94.24,94.24,96.38
"4904",156,1994,96.96,93.06,95.42,93.27
"4905",157,1994,91.46,90.25,88.15,92.17
"4906",158,1994,89.82,85.34,84.97,86.56
"4907",159,1994,90.66,88.29,88.64,87.95
"4908",160,1994,92.85,89.43,91.8,89.18
"4909",161,1994,89.62,86.45,91.29,85.92
"4910",162,1994,90.8,87.73,91.98,87.01
"4911",163,1994,91.56,88.02,91.95,88.18
"4912",164,1994,93.61,90.92,92.27,92.01
"4913",165,1994,93.78,92.31,92.91,92.5
"4914",166,1994,92.69,89.19,93.06,88.53
"4915",167,1994,93.01,89.64,90.89,91.04
"4916",168,1994,88.71,86.85,88.82,87.47
"4917",169,1994,93.9,91.14,90.41,92.88
"4918",170,1994,91.04,92.07,91.25,92.95
"4919",171,1994,92.19,91.33,93.33,91.76
"4920",172,1994,90.49,89.16,90.92,89.55
"4921",173,1994,90.48,87.73,87.54,87.77
"4922",174,1994,87.02,82.82,84.57,80.22
"4923",175,1994,85.93,78.99,82.5,78.03
"4924",176,1994,91.34,87.68,88.78,87.74
"4925",177,1994,92.64,88.2,90.13,89.01
"4926",178,1994,95,90.9,91.51,93.97
"4927",179,1994,93.74,90.05,93.8,87.17
"4928",180,1994,91.11,85.95,88.22,84
"4929",181,1994,88.48,86.19,87.45,84.74
"4930",182,1994,87.48,86.49,88.6,87.88
"4931",183,1994,89.85,88.14,91.24,88.36
"4932",184,1994,91.92,90.29,91.58,89.38
"4933",185,1994,94.6,91.32,94.03,92.93
"4934",186,1994,96.57,94.33,96.23,93.2
"4935",187,1994,92.28,90.22,91.85,88.19
"4936",188,1994,90.36,89.04,89.38,88.87
"4937",189,1994,92.52,88.29,89.27,88.15
"4938",190,1994,94.37,91.95,92.24,92.67
"4939",191,1994,94.85,94.95,92.72,94
"4940",192,1994,96.75,94.68,93.95,95.2
"4941",193,1994,95.87,91.7,94.72,92.02
"4942",194,1994,85.28,82.6,89.46,76.98
"4943",195,1994,90.11,85.85,88.37,84.55
"4944",196,1994,89.03,85.52,85.95,87.53
"4945",197,1994,88.22,88.14,86.59,88.25
"4946",198,1994,90.53,92.92,90.71,91.07
"4947",199,1994,88.56,89.09,88.39,88.93
"4948",200,1994,90.62,87.57,89.47,88.65
"4949",201,1994,89.33,87.45,88.31,88.49
"4950",202,1994,89.9,87.03,88.75,85.98
"4951",203,1994,87.06,87.29,88.55,86.01
"4952",204,1994,90.7,89.65,90.76,89.08
"4953",205,1994,91.72,89.45,88.9,89.12
"4954",206,1994,91,87.94,89.26,88.03
"4955",207,1994,93.12,88.68,91.55,88.29
"4956",208,1994,91.78,90.37,92.11,90.5
"4957",209,1994,90.74,87.78,90.59,89.32
"4958",210,1994,94.06,90.24,90.08,91.93
"4959",211,1994,94.78,91.88,93.73,91.31
"4960",212,1994,91.24,89.74,92.23,87.75
"4961",213,1994,90.26,88.45,91.47,87.93
"4962",214,1994,89.07,86.97,88.27,88.28
"4963",215,1994,93.93,90.69,91.94,91.3
"4964",216,1994,94.68,92.64,91.17,91.73
"4965",217,1994,91.47,89.14,90.59,87.93
"4966",218,1994,94.65,90.87,94.06,92.63
"4967",219,1994,92.17,89.31,91.6,91.99
"4968",220,1994,86.26,85.9,86.89,86.33
"4969",221,1994,85.87,85.22,85.68,86.14
"4970",222,1994,91.98,89.43,89.84,91.22
"4971",223,1994,93.58,90.5,91.43,91.83
"4972",224,1994,93.23,89.69,91.97,89.98
"4973",225,1994,89.01,86.06,92.02,82.29
"4974",226,1994,93.16,89.01,92.71,88.33
"4975",227,1994,90.99,87.46,89.83,87.44
"4976",228,1994,93.63,91.44,91.18,91.46
"4977",229,1994,92.33,91.46,87.36,92.08
"4978",230,1994,89.32,88.31,90.25,85.39
"4979",231,1994,92.62,88.71,86.2,88.5
"4980",232,1994,92.56,88.43,88.1,89.55
"4981",233,1994,94.87,90.87,92.74,90.79
"4982",234,1994,92.52,90.03,90.12,87.65
"4983",235,1994,92.1,89.89,89.38,89.2
"4984",236,1994,91.81,90.73,90.28,87.96
"4985",237,1994,91.64,89.63,86.34,89.1
"4986",238,1994,87.42,84.68,85.46,83.82
"4987",239,1994,91.75,89.14,88.04,88.05
"4988",240,1994,91.12,88.57,89.54,90.02
"4989",241,1994,90.62,88.05,91.46,87.03
"4990",242,1994,93.02,87.89,89.74,89.83
"4991",243,1994,91.78,89.06,89.7,88.93
"4992",244,1994,88.03,86.9,88.05,88.87
"4993",245,1994,92.99,89.84,91.62,90.75
"4994",246,1994,92.49,88.87,91.58,89.65
"4995",247,1994,93.91,91.15,92.14,90.2
"4996",248,1994,88.92,86.21,86.95,86.01
"4997",249,1994,88.51,85.64,87.43,84.18
"4998",250,1994,89.83,85.08,87.65,86.04
"4999",251,1994,92.13,89.05,88.88,87.82
"5000",252,1994,92.97,90.34,90.27,91.69
"5001",253,1994,92.29,88.96,90.9,87.69
"5002",254,1994,89.27,86.17,90.45,83.74
"5003",255,1994,89.11,85.39,87.43,85.59
"5004",256,1994,88.57,86.36,88.36,85.58
"5005",257,1994,92.72,87.5,86.82,89.06
"5006",258,1994,91.43,87.02,87.84,87.7
"5007",259,1994,91.81,89.62,90.08,88.97
"5008",260,1994,91.36,89.75,90.03,89.76
"5009",261,1994,93.6,90.37,92.13,90.84
"5010",262,1994,90.08,87.52,90.11,87.05
"5011",263,1994,88.5,86.09,85.57,85.26
"5012",264,1994,90.52,85.49,87.9,85.01
"5013",265,1994,90.99,88.78,91.96,89.22
"5014",266,1994,94.25,91.63,91.9,91.81
"5015",267,1994,92.25,89.74,90.82,87.58
"5016",268,1994,88.9,88.24,88.7,88.07
"5017",269,1994,87.9,86.3,87.59,86.29
"5018",270,1994,92.52,89.74,90.56,87.55
"5019",271,1994,92.14,91.3,92.49,90.46
"5020",272,1994,90.28,87.98,91.83,87.24
"5021",273,1994,88.04,85.84,86.41,85.64
"5022",274,1994,87.63,84.36,87.05,85.03
"5023",275,1994,91.31,87.83,89.73,88.44
"5024",276,1994,92.05,88.67,89.76,90.32
"5025",277,1994,92.64,89.33,90.07,90.56
"5026",278,1994,92.08,89.8,92.4,90.74
"5027",279,1994,87.48,85.46,85.96,85.13
"5028",280,1994,90.17,87.04,88.31,88.28
"5029",281,1994,91.31,87.46,91.5,88.34
"5030",282,1994,91.96,91.19,93.39,89.6
"5031",283,1994,88.62,87.67,88.7,88.78
"5032",284,1994,90.23,88.7,90.15,88.75
"5033",285,1994,91.94,88.12,89.87,87.78
"5034",286,1994,93.13,90.09,92.45,90.87
"5035",287,1994,92.12,88.95,87.81,90.78
"5036",288,1994,88.02,86.14,87.28,88.27
"5037",289,1994,88.02,83.31,86.11,84.31
"5038",290,1994,85.12,83.45,83.05,84.95
"5039",291,1994,88,85.83,86.94,87.34
"5040",292,1994,90.58,88.35,89.31,91.44
"5041",293,1994,88.41,86.86,85.79,88.49
"5042",294,1994,89.46,86.85,87.8,87.8
"5043",295,1994,90.32,88.69,88.99,90.98
"5044",296,1994,93.41,90.61,92.32,91.36
"5045",297,1994,90.07,88.78,89.06,90.12
"5046",298,1994,85.59,84.49,86.84,83.81
"5047",299,1994,89.39,85.44,87.42,87.79
"5048",300,1994,91.52,86.91,88.93,88.38
"5049",301,1994,90.84,87.51,89.66,86.79
"5050",302,1994,88.34,85.41,87.27,85.59
"5051",303,1994,91.07,87.62,91.18,88.15
"5052",304,1994,94.45,90.2,91.68,90.14
"5053",305,1994,95.3,92.39,93.23,93.61
"5054",306,1994,91.06,88.56,88.48,89.34
"5055",307,1994,91.38,86.21,87.22,89.45
"5056",308,1994,90.22,86.74,89.33,86.22
"5057",309,1994,86.16,85.01,87.95,84.33
"5058",310,1994,90.83,87.7,90.93,84.96
"5059",311,1994,91.99,87.77,90.12,87.76
"5060",312,1994,92.94,90.19,91.11,90.69
"5061",313,1994,90.03,87.05,89.02,87.51
"5062",314,1994,90.25,86.76,89.84,86.85
"5063",315,1994,88.78,86.13,88.3,87.6
"5064",316,1994,90.86,85.95,88.12,86.7
"5065",317,1994,88.73,85.25,87.93,86.18
"5066",318,1994,85.8,84.37,85.01,85.8
"5067",319,1994,84.56,82.73,83.81,83.7
"5068",320,1994,85.23,80.91,82.87,82.11
"5069",321,1994,85.09,80.71,83.79,80.89
"5070",322,1994,84.59,80.32,82.52,80.69
"5071",323,1994,84.96,78.69,81.29,78.77
"5072",324,1994,88.29,80.35,85.2,79.1
"5073",325,1994,92.69,84.35,87.15,85.03
"5074",326,1994,91.5,87.47,89.49,85.92
"5075",327,1994,94.53,91.42,94.77,90.55
"5076",328,1994,94.77,91.55,92.4,89.32
"5077",329,1994,91.94,89.45,89.75,89.41
"5078",330,1994,92.17,88.46,89.3,88.25
"5079",331,1994,90.29,86.99,86.61,87.75
"5080",332,1994,80.87,78.76,77.84,77.01
"5081",333,1994,78.81,76.3,77.19,74.74
"5082",334,1994,80.03,76.58,78.24,75.25
"5083",335,1994,79.15,76.1,76.09,76.79
"5084",336,1994,88.46,81.62,87.7,79.74
"5085",337,1994,90.6,84.63,86.18,84.08
"5086",338,1994,87.36,83.34,83.26,82.18
"5087",339,1994,86.33,81.88,79.37,82.45
"5088",340,1994,84.36,79.87,80.31,79.62
"5089",341,1994,90.69,83.54,84.65,83.79
"5090",342,1994,91.75,87.61,89.31,85.61
"5091",343,1994,91.56,90.62,90.63,89.15
"5092",344,1994,89.01,86.07,82.44,85.94
"5093",345,1994,85.8,80.35,80.37,81.92
"5094",346,1994,83.58,79.51,81.18,78.47
"5095",347,1994,87.38,83.68,84.41,83.18
"5096",348,1994,88.34,84.4,85.29,82.92
"5097",349,1994,85.58,79.38,80.87,79.45
"5098",350,1994,83.36,76.51,78.09,75.44
"5099",351,1994,87.41,80.8,84.11,78.06
"5100",352,1994,89.43,83.38,83.18,81.74
"5101",353,1994,89.66,83.79,83.87,82.3
"5102",354,1994,91.51,85.94,87.04,85.23
"5103",355,1994,88.79,84.4,84.62,83.6
"5104",356,1994,82.48,77.23,75.58,78.52
"5105",357,1994,77.94,73.31,71.07,74.15
"5106",358,1994,77.65,72.92,71.85,72.31
"5107",359,1994,78.9,71.25,75.65,70.03
"5108",360,1994,80.63,72.01,73.57,71.54
"5109",361,1994,76.76,69.24,69.13,70.75
"5110",362,1994,71.08,63.06,65.09,63.82
"5111",363,1994,68.53,61.61,63.66,62.09
"5112",364,1994,68.03,62.07,63.55,60.07
"5113",365,1994,71.96,64.96,68.07,63.18
"5114",1,1995,73.09,64.07,64.57,64.58
"5115",2,1995,64.56,58.13,56.75,62.17
"5116",3,1995,57.6,52.11,54.51,55.62
"5117",4,1995,62.79,58.44,61.05,54.06
"5118",5,1995,60.43,55.61,57.05,55.07
"5119",6,1995,55.75,51.44,53.41,52.24
"5120",7,1995,53.98,50.53,51.06,50.41
"5121",8,1995,53.95,51.8,54.63,50.62
"5122",9,1995,54.14,54.86,55.59,54.06
"5123",10,1995,57.41,54.97,58.93,54.44
"5124",11,1995,56.22,54.22,57.37,52.3
"5125",12,1995,54.84,53.95,56.47,52.52
"5126",13,1995,59.33,58.03,60,55.92
"5127",14,1995,63.96,59.96,63.93,58.32
"5128",15,1995,76.9,63.2,69.15,61.87
"5129",16,1995,81.83,66.72,74.25,66.28
"5130",17,1995,78.96,66,72.91,65.24
"5131",18,1995,78.81,63.65,70.89,64.09
"5132",19,1995,87.2,75.07,81,75.04
"5133",20,1995,88.89,83.05,84.34,81.73
"5134",21,1995,92.58,83.82,85.12,84.05
"5135",22,1995,88.78,77.31,78.13,77.46
"5136",23,1995,79.69,65.41,65.12,65.95
"5137",24,1995,78.34,66.44,67.73,65.29
"5138",25,1995,80.82,63.97,68.97,62.17
"5139",26,1995,73.36,57.87,60.44,55.96
"5140",27,1995,67.76,55.76,56.54,55.49
"5141",28,1995,65.95,53.54,56.05,53.38
"5142",29,1995,67.61,54.94,58.7,53.65
"5143",30,1995,64.3,49.66,53.35,50.21
"5144",31,1995,60.27,49.44,52.96,48.95
"5145",32,1995,59.19,51.1,53.92,49.35
"5146",33,1995,58,50.23,53.22,49.14
"5147",34,1995,56.42,48.9,51.57,48.78
"5148",35,1995,50.95,43.99,47.46,44.9
"5149",36,1995,48.7,41.03,47.01,41.66
"5150",37,1995,47.08,43.46,48.36,42.87
"5151",38,1995,56.97,48.4,52.4,46.58
"5152",39,1995,55.58,49.23,52.29,45.86
"5153",40,1995,56.05,49.77,51.06,49.27
"5154",41,1995,50.48,46.09,49.01,45.8
"5155",42,1995,47.96,45.71,49,44.62
"5156",43,1995,48.41,45.57,48.81,45
"5157",44,1995,46.14,44.07,45.94,43.59
"5158",45,1995,46.79,44.33,47.56,42.77
"5159",46,1995,45.59,43.95,47.33,42.09
"5160",47,1995,48.44,47.07,50.37,45.86
"5161",48,1995,45.98,44.62,45.05,45.94
"5162",49,1995,40.8,42.49,44.49,43.2
"5163",50,1995,46.54,46.29,48.84,45.24
"5164",51,1995,52.3,50.6,54.73,47.06
"5165",52,1995,62.6,52.73,58.87,50.15
"5166",53,1995,65.52,52.71,58.06,50.52
"5167",54,1995,61.93,49.78,53.37,51.51
"5168",55,1995,68.07,49.9,54.88,49.47
"5169",56,1995,67.42,53.48,58.4,50.03
"5170",57,1995,67.13,50.56,58.39,48.42
"5171",58,1995,77.02,54.23,65.16,51.28
"5172",59,1995,80.23,60.55,65.74,59.67
"5173",60,1995,80.18,62.88,68.3,62.44
"5174",61,1995,86.72,67.68,74.72,66.26
"5175",62,1995,88.75,74.99,79.32,70.8
"5176",63,1995,90.62,76.1,78.45,77.18
"5177",64,1995,86.05,66.42,67.43,70.23
"5178",65,1995,80.26,56.81,59,60.53
"5179",66,1995,77.78,53.35,59.75,55.98
"5180",67,1995,78.44,54.98,59.36,57.38
"5181",68,1995,78.32,56.26,62.27,57.55
"5182",69,1995,80.98,60.05,66.86,60.25
"5183",70,1995,87.69,70.63,72.71,69.48
"5184",71,1995,93.52,85.19,85.73,87.25
"5185",72,1995,90.24,84.01,79.31,87.82
"5186",73,1995,84.64,71.95,65.78,77.83
"5187",74,1995,79.07,62.89,61.27,68.93
"5188",75,1995,72.9,56.98,57.28,59.01
"5189",76,1995,76.29,57.06,59.93,58.45
"5190",77,1995,83.82,65.68,68.59,64.91
"5191",78,1995,83.55,72.71,81.08,70.44
"5192",79,1995,88.36,81.3,84.15,81.92
"5193",80,1995,89.2,83.88,88.32,83.01
"5194",81,1995,91.37,88.26,88.31,87.54
"5195",82,1995,88.98,85.93,84.09,85.56
"5196",83,1995,87.58,81.04,78.6,84.02
"5197",84,1995,89.27,77.95,76.54,85.23
"5198",85,1995,88.46,79.04,79.89,84.5
"5199",86,1995,83.19,72.33,69.88,78.17
"5200",87,1995,74.61,60,57.81,67.42
"5201",88,1995,72.21,58.13,56.33,66.82
"5202",89,1995,72.25,57.35,54.26,65.8
"5203",90,1995,74.41,56.48,53.92,63.31
"5204",91,1995,75.36,54.76,55.56,60.65
"5205",92,1995,80,54.45,56.59,63.87
"5206",93,1995,82.1,65.83,66.14,70.65
"5207",94,1995,79.65,61.38,60.8,68.24
"5208",95,1995,79.28,58.82,57.44,69.02
"5209",96,1995,80.44,62.62,64.68,67.43
"5210",97,1995,79.58,65.15,64.75,68.04
"5211",98,1995,77.39,59.22,56.43,69.56
"5212",99,1995,78.87,57.25,59.24,64.52
"5213",100,1995,77.43,59.75,63.49,66.5
"5214",101,1995,77.69,59.41,62.1,67.19
"5215",102,1995,82.89,62.04,72.75,71.5
"5216",103,1995,87.76,83.95,85.04,78.36
"5217",104,1995,92.88,91.35,95.04,88.67
"5218",105,1995,90.72,87.33,88.6,89.49
"5219",106,1995,93.85,89.79,91.53,91.09
"5220",107,1995,94.91,90.85,92.77,92.43
"5221",108,1995,87.82,83.81,88.04,84.63
"5222",109,1995,88.24,83.26,83.11,85.42
"5223",110,1995,91.87,82.12,84.38,87.72
"5224",111,1995,92.69,84.68,88.09,85.27
"5225",112,1995,93.74,89.75,93.03,88.84
"5226",113,1995,92.85,90.94,94.59,90.35
"5227",114,1995,90.89,88.26,89.9,89.83
"5228",115,1995,96.07,92.77,94.1,90.16
"5229",116,1995,94.02,89.06,92.43,88.88
"5230",117,1995,90.74,82.79,88.02,85.42
"5231",118,1995,87.92,82.71,84.7,83.88
"5232",119,1995,90.84,87.15,86.06,90.69
"5233",120,1995,91.18,87.92,89.16,87.79
"5234",121,1995,89.95,86.81,86.78,88.05
"5235",122,1995,89.47,86.15,85.94,88.09
"5236",123,1995,92.87,89.24,89.09,90.59
"5237",124,1995,91.3,90.03,91.64,90.21
"5238",125,1995,87.44,85,86.56,84.83
"5239",126,1995,82.61,78.17,79.81,79.73
"5240",127,1995,79.72,74.33,75.97,74.83
"5241",128,1995,83.28,76,78.01,77.05
"5242",129,1995,91.27,86.27,90.41,87.06
"5243",130,1995,89.37,86.05,89.21,85.97
"5244",131,1995,91.55,88,88.51,89.25
"5245",132,1995,90.69,85.85,86.47,88.74
"5246",133,1995,90.85,88.18,85.98,90.68
"5247",134,1995,89.65,86.5,86.41,87.55
"5248",135,1995,88.96,86.46,88.28,86.76
"5249",136,1995,93.65,89.33,91.3,88.43
"5250",137,1995,93.16,91.04,90.05,89.56
"5251",138,1995,95.76,91.32,92.89,92.35
"5252",139,1995,95.57,92.56,93.55,94.26
"5253",140,1995,90.45,87.68,87.86,87.32
"5254",141,1995,90.7,86.08,86.1,87.87
"5255",142,1995,91.41,89.03,86.18,91.71
"5256",143,1995,89.84,88.99,88.08,88.77
"5257",144,1995,91.42,89.01,89.47,88.96
"5258",145,1995,94.67,91.62,92.83,91.83
"5259",146,1995,91.56,90.15,92.28,91.01
"5260",147,1995,90.49,87.16,91.85,85.69
"5261",148,1995,92.79,88.26,94.4,86.59
"5262",149,1995,95.09,92.39,95.39,89.51
"5263",150,1995,95.1,91.92,94.49,89.82
"5264",151,1995,94.26,91.55,92.81,86.54
"5265",152,1995,90.98,88.5,87.71,87.87
"5266",153,1995,92.44,89.23,87.8,90.86
"5267",154,1995,94.02,90.31,92.5,92.05
"5268",155,1995,92.61,89.81,92.14,90.13
"5269",156,1995,93.08,91.08,94.05,93.05
"5270",157,1995,92.03,89.33,89.38,91.55
"5271",158,1995,91.46,88.11,90.14,86.46
"5272",159,1995,93.18,89.54,92.49,91.67
"5273",160,1995,93.89,89.62,92.45,89.16
"5274",161,1995,89.7,86.95,90.44,88.46
"5275",162,1995,89.64,86.54,90.07,86.62
"5276",163,1995,92.66,88.79,92.37,89.31
"5277",164,1995,95.07,90.96,92.8,91.94
"5278",165,1995,96.93,92.86,95.73,93.84
"5279",166,1995,91.08,87.02,90.09,87.19
"5280",167,1995,89.31,86.22,88.39,85.62
"5281",168,1995,90.56,86.15,90.52,88.45
"5282",169,1995,92.95,89.21,92.84,88.49
"5283",170,1995,94.01,90.49,93.41,90.31
"5284",171,1995,94.78,90.55,94.34,88.6
"5285",172,1995,92.91,89.02,94.07,88.09
"5286",173,1995,94.41,91.24,95.49,92.56
"5287",174,1995,93.31,90.96,91.67,92.49
"5288",175,1995,88.98,86.07,87.35,86.44
"5289",176,1995,89.3,83.7,84.27,84.4
"5290",177,1995,94.06,88.8,90.63,90.28
"5291",178,1995,92.34,87.98,91.61,89.27
"5292",179,1995,93.27,89.8,93.01,89.83
"5293",180,1995,95.46,93.68,95.09,94.03
"5294",181,1995,94.78,91.66,93.88,91.81
"5295",182,1995,90.4,87.5,88.22,87.22
"5296",183,1995,93.26,87.32,90.36,87.41
"5297",184,1995,93.45,90.18,92.73,90.29
"5298",185,1995,93.33,88.76,91.43,87.9
"5299",186,1995,93.07,91,89.68,90.42
"5300",187,1995,88.07,87.72,89.39,87.12
"5301",188,1995,87.78,89.27,89.65,88.12
"5302",189,1995,91.97,89.28,93.75,87.39
"5303",190,1995,91.93,89.21,92.14,89.46
"5304",191,1995,90.52,89.65,91.08,89.64
"5305",192,1995,89.14,84.84,88.5,84.92
"5306",193,1995,89.87,87.82,87.87,88.67
"5307",194,1995,89.27,87.19,89.34,87.01
"5308",195,1995,92.01,89.06,90.95,90.06
"5309",196,1995,90.28,86.46,87.69,88.26
"5310",197,1995,92.66,89.62,90.69,90.95
"5311",198,1995,95.42,92.6,94.35,92.71
"5312",199,1995,93.72,91.29,92.83,91.33
"5313",200,1995,90.81,87.36,87.84,88.14
"5314",201,1995,96,91.23,92.47,92.21
"5315",202,1995,95.43,91.76,94.78,91.35
"5316",203,1995,95.17,92.23,93.53,90.08
"5317",204,1995,88.78,85.54,88.4,86.2
"5318",205,1995,90.17,87.06,89.59,87.91
"5319",206,1995,91.4,88.39,90.91,87.75
"5320",207,1995,95.04,90.45,93.45,90.78
"5321",208,1995,91.79,88.76,88.82,90.61
"5322",209,1995,91.84,89.67,88.74,89.81
"5323",210,1995,91.9,89.06,91.61,89.05
"5324",211,1995,93.34,89.81,91.77,89.95
"5325",212,1995,89.62,88.01,90.6,88.75
"5326",213,1995,85.51,83.1,84.52,86.59
"5327",214,1995,89.6,84.48,86.48,86.49
"5328",215,1995,90.37,85.14,88.43,86.23
"5329",216,1995,91.28,87.54,90.5,87.39
"5330",217,1995,93.38,90.82,92.25,92.46
"5331",218,1995,89.69,85.93,89.27,87.3
"5332",219,1995,89.71,86.3,90.35,84.21
"5333",220,1995,89.15,86.54,89.43,85.31
"5334",221,1995,87.4,84.9,89.52,82.04
"5335",222,1995,85.02,85.38,86.68,86.45
"5336",223,1995,90.56,88.68,88.97,89.72
"5337",224,1995,88.45,85.75,88.02,87.06
"5338",225,1995,91.05,89.58,88.57,90.66
"5339",226,1995,90.06,87.96,90.77,86.48
"5340",227,1995,86.48,85.82,86.23,85.95
"5341",228,1995,90.57,84.83,88.13,85.8
"5342",229,1995,92.49,89.66,90.62,90.25
"5343",230,1995,92.47,88.97,90.18,91.21
"5344",231,1995,87.94,83.83,87.69,82.3
"5345",232,1995,88.88,83.9,87.55,81.32
"5346",233,1995,90.14,85.42,87.99,82.38
"5347",234,1995,88.77,85.06,85.99,85.07
"5348",235,1995,89.36,86.74,87.42,85.55
"5349",236,1995,89.18,85.88,88.96,84.04
"5350",237,1995,87.98,85.11,87.47,83.27
"5351",238,1995,87.01,84.27,85.22,83.74
"5352",239,1995,88.38,84.35,86.3,84.45
"5353",240,1995,88.02,85.15,88.77,81.92
"5354",241,1995,88.31,88.21,86.12,88.18
"5355",242,1995,88.31,87.46,89.35,86.02
"5356",243,1995,90.02,87.03,88.11,85.96
"5357",244,1995,88.63,84.54,89.14,82.95
"5358",245,1995,87.87,83.62,87.51,82.65
"5359",246,1995,88.28,86.29,89.34,82.89
"5360",247,1995,90.01,87.35,88.65,85.92
"5361",248,1995,86.97,82.95,85.68,80.69
"5362",249,1995,87.01,82.86,85.41,80.54
"5363",250,1995,86.81,83.76,86.5,83.53
"5364",251,1995,92,87.86,89,88.78
"5365",252,1995,91.85,87.32,88.48,89.48
"5366",253,1995,91.83,87.76,87.67,90.03
"5367",254,1995,90.82,88.26,90.86,89.19
"5368",255,1995,89.27,85.46,89.9,85.54
"5369",256,1995,91.88,86.63,88.14,89.69
"5370",257,1995,89.85,87.46,87.66,88.51
"5371",258,1995,91.2,87.62,89.35,88.04
"5372",259,1995,89.52,86.83,90.78,85.32
"5373",260,1995,85.81,84.85,84.99,85.19
"5374",261,1995,88.58,84.74,85.32,84.73
"5375",262,1995,89.91,86.73,87.64,85.86
"5376",263,1995,91.78,88.01,88.69,88.53
"5377",264,1995,92.31,88.99,89.81,88.94
"5378",265,1995,87.54,85.14,86.53,85.16
"5379",266,1995,88.22,85.59,86.56,85.56
"5380",267,1995,91.07,87.1,89.77,85.29
"5381",268,1995,91.15,87.66,88.13,88.52
"5382",269,1995,86.56,84.94,85.78,83.67
"5383",270,1995,87.52,83.61,86.92,82.46
"5384",271,1995,88.03,84.27,85.3,84.09
"5385",272,1995,89.06,85.93,86.61,87.21
"5386",273,1995,91.91,88.23,89.98,89.54
"5387",274,1995,91.27,87.41,92.1,86.22
"5388",275,1995,88.64,84.07,87.55,83.86
"5389",276,1995,86.64,84.58,87.03,85.24
"5390",277,1995,86.79,85.04,87.3,84.88
"5391",278,1995,84.89,83.25,86.72,82.72
"5392",279,1995,88.91,85.28,85.07,84.42
"5393",280,1995,86.96,84.1,86.88,83.39
"5394",281,1995,88.68,84.6,87.18,85.94
"5395",282,1995,91.53,85.13,86.51,87.7
"5396",283,1995,92.83,88.07,91.06,88.6
"5397",284,1995,93.96,92.37,93.75,93.2
"5398",285,1995,88.41,87.41,89.65,87.08
"5399",286,1995,88.49,86.45,84.57,87.15
"5400",287,1995,89.33,86.91,86.88,87.8
"5401",288,1995,91.1,88.02,87.64,88.95
"5402",289,1995,93.41,90.31,91.8,90.02
"5403",290,1995,90.38,88.58,89.38,90.93
"5404",291,1995,87.73,84.76,88.4,84.28
"5405",292,1995,89.31,85.86,90.38,86.38
"5406",293,1995,89.41,86.2,88.94,87.54
"5407",294,1995,88.74,86.25,88.74,85.17
"5408",295,1995,90.54,85.41,87.81,86.63
"5409",296,1995,91.75,86.57,89.87,85.34
"5410",297,1995,89.77,85.95,89.92,86.35
"5411",298,1995,89.87,86.31,87.27,87.04
"5412",299,1995,91.65,85.93,88.26,88.15
"5413",300,1995,89.61,87.61,90.3,86.06
"5414",301,1995,86.62,84.27,87.26,85.22
"5415",302,1995,89.17,84.75,87.94,85.94
"5416",303,1995,92.36,87.76,90.63,88.37
"5417",304,1995,91.55,87.71,88.66,88.92
"5418",305,1995,93.68,89.9,90.71,91.28
"5419",306,1995,90.39,86.97,90.66,86.37
"5420",307,1995,88.84,85.45,86.11,86.16
"5421",308,1995,91.72,87.29,90.48,87.54
"5422",309,1995,93.97,89.33,92.67,89.03
"5423",310,1995,91.7,88.76,89.74,91.38
"5424",311,1995,91.71,87.85,88.85,88.74
"5425",312,1995,91.54,88.76,90.65,90.05
"5426",313,1995,92.18,87.28,87.82,89.67
"5427",314,1995,88.05,82.72,83.39,83.37
"5428",315,1995,85.9,78.17,80.27,78.71
"5429",316,1995,87.47,79.12,82.15,79.8
"5430",317,1995,90.86,84.48,88.45,84.55
"5431",318,1995,89.57,85.61,89.37,86.06
"5432",319,1995,88.09,85.91,87.81,84.82
"5433",320,1995,87.65,83.52,83.7,85.24
"5434",321,1995,89.02,82.02,83.59,82.55
"5435",322,1995,86.63,79.46,82.64,79.05
"5436",323,1995,87.32,79.46,84.17,78.85
"5437",324,1995,92.25,86.67,91.06,84.3
"5438",325,1995,92.9,90.07,89.13,91.12
"5439",326,1995,89.62,86.04,85.09,87.29
"5440",327,1995,87.52,82.73,80.21,84.02
"5441",328,1995,84.96,78.01,77.23,80.79
"5442",329,1995,80.09,74.51,76.48,76.12
"5443",330,1995,76.11,73.34,70.94,74.95
"5444",331,1995,75.79,71.64,73.24,73.15
"5445",332,1995,76.59,71.62,72.47,73.77
"5446",333,1995,77.26,70.76,71.4,72.6
"5447",334,1995,75.05,69.52,71.28,70.04
"5448",335,1995,75.88,70.6,73.85,70.69
"5449",336,1995,83.86,77.16,81.34,76.76
"5450",337,1995,88.09,79.49,80.26,80.09
"5451",338,1995,87.39,79.64,80.31,80.09
"5452",339,1995,86.17,76.88,78.32,79.03
"5453",340,1995,80.15,70.44,74.47,72.57
"5454",341,1995,79.12,68.06,71.18,69.47
"5455",342,1995,78.7,67.28,69.99,67.83
"5456",343,1995,80.57,65.41,68.96,65.26
"5457",344,1995,84.59,66.66,69.51,67
"5458",345,1995,77.68,62.95,65.09,64.43
"5459",346,1995,72.73,62.24,63.82,63.94
"5460",347,1995,71.91,61.27,63.58,61.82
"5461",348,1995,75.95,60.16,64.12,63.08
"5462",349,1995,83.09,62.95,70.1,62.37
"5463",350,1995,75.99,57.72,64.62,58.67
"5464",351,1995,76.29,57.21,67.41,58.19
"5465",352,1995,84.26,67.76,77.47,65.67
"5466",353,1995,92.23,84.84,87.88,81.82
"5467",354,1995,91.32,87.08,89.59,85.79
"5468",355,1995,90.47,83.96,87.73,84.25
"5469",356,1995,91.53,86.74,87.93,85.95
"5470",357,1995,89.99,86.54,88.87,85.78
"5471",358,1995,93.13,88.52,88.59,88.15
"5472",359,1995,92.27,87.45,87.92,87.57
"5473",360,1995,90.52,83.74,84.05,83.89
"5474",361,1995,83.73,75.6,75.05,79.68
"5475",362,1995,81.69,73.9,74.18,75.67
"5476",363,1995,83.63,72.76,75.8,74.25
"5477",364,1995,82.17,69.04,66.78,74.23
"5478",365,1995,76.09,65.72,65.21,69.15
"5479",1,1996,72.89,66.56,65.39,69.09
"5480",2,1996,80.12,71.17,69.5,72.4
"5481",3,1996,84.34,68.68,68.76,71.61
"5482",4,1996,88.42,74.73,73.46,75.61
"5483",5,1996,82.09,69.59,63.64,73.11
"5484",6,1996,73.11,61.41,59.42,66.9
"5485",7,1996,71.33,61.28,58.51,62.93
"5486",8,1996,71.78,57.49,56.99,59.44
"5487",9,1996,74.87,59.75,61.87,59.95
"5488",10,1996,78.59,61.1,64.22,61.95
"5489",11,1996,85.98,66.76,71.57,66.07
"5490",12,1996,82.84,64.82,67.03,65.68
"5491",13,1996,79.46,59.44,64.4,59.77
"5492",14,1996,77.4,59.16,60.83,61.67
"5493",15,1996,77.68,58.48,61.34,58.33
"5494",16,1996,72.57,55.37,58.09,58.05
"5495",17,1996,65.37,54.24,57.54,55.67
"5496",18,1996,62.76,51.79,54.52,54.61
"5497",19,1996,59.51,49.25,50.03,51.95
"5498",20,1996,58.64,48.98,51.49,49.33
"5499",21,1996,59.26,52.22,52.64,51.72
"5500",22,1996,63.66,54.64,54.32,55.79
"5501",23,1996,59.87,49.45,49.2,50.95
"5502",24,1996,54.62,45.3,48.15,46.41
"5503",25,1996,54.54,42.55,46.67,43.21
"5504",26,1996,56.51,43.51,48.26,43.82
"5505",27,1996,56.94,44.11,51.2,45.01
"5506",28,1996,52.06,44.65,50.57,44.96
"5507",29,1996,53.18,43.63,48.5,42.8
"5508",30,1996,59.47,45.54,50.72,43.06
"5509",31,1996,70.74,49.89,54.61,47.66
"5510",32,1996,85.42,62.18,68.28,58.96
"5511",33,1996,87.82,69.55,66.46,72.92
"5512",34,1996,89.19,76.23,68.68,78.37
"5513",35,1996,85.44,70.9,66.98,72.76
"5514",36,1996,76.64,60.82,59.21,66.23
"5515",37,1996,68.87,52.5,53.74,55.77
"5516",38,1996,71.55,54.97,55.68,53.68
"5517",39,1996,82.39,61.33,67.77,60.06
"5518",40,1996,92.96,84.58,85.19,83.95
"5519",41,1996,91.89,87.21,86.13,85.11
"5520",42,1996,91.58,83.92,83.07,83.67
"5521",43,1996,93.81,84.92,84.76,86.81
"5522",44,1996,92.1,83.75,83.43,85.02
"5523",45,1996,94.07,83.88,85.96,84.46
"5524",46,1996,93.04,83.05,83.34,82.78
"5525",47,1996,91.33,82.1,79.24,82.61
"5526",48,1996,88.07,79.41,79.54,80.07
"5527",49,1996,85.88,77.77,77.07,79.97
"5528",50,1996,87.68,78.99,75.89,79.55
"5529",51,1996,80.85,66.22,61.36,71.6
"5530",52,1996,75.55,60.96,59.06,62.05
"5531",53,1996,73.78,60.53,58.81,62.39
"5532",54,1996,74.45,58.98,58.76,60.89
"5533",55,1996,81.42,62.96,64.17,61.25
"5534",56,1996,91.59,71.85,69.79,75.71
"5535",57,1996,88.14,70.52,69.25,73.02
"5536",58,1996,87.46,68,65.96,70.82
"5537",59,1996,87.82,61.61,64.28,68.71
"5538",60,1996,86.1,61.09,62.49,63.95
"5539",61,1996,87.3,59.32,60.25,61.26
"5540",62,1996,87.99,67.39,64.43,69.77
"5541",63,1996,88.87,63.72,61.68,70.52
"5542",64,1996,84.48,61.63,59.07,64.12
"5543",65,1996,76.21,50.65,52.03,52.41
"5544",66,1996,68.52,45.56,50.03,46.8
"5545",67,1996,68.2,43.54,46.81,43.78
"5546",68,1996,79.77,52.24,56.39,51.62
"5547",69,1996,86.61,58.32,66.48,55.84
"5548",70,1996,90.18,73.19,69.56,77.08
"5549",71,1996,91.8,80.93,81.11,81.73
"5550",72,1996,86.05,71.34,68.03,76.69
"5551",73,1996,73.07,53.89,46.89,60.34
"5552",74,1996,62.92,48.6,49.27,52.95
"5553",75,1996,66.24,48.4,47.64,54.7
"5554",76,1996,68.81,47.71,46.48,50.05
"5555",77,1996,68.06,47.81,47.94,52.03
"5556",78,1996,66.35,45.23,47.39,48.8
"5557",79,1996,74.09,45.42,51.58,45.59
"5558",80,1996,75.61,54.33,55.53,53.19
"5559",81,1996,76.73,50.62,50.53,52.07
"5560",82,1996,79.27,52.36,53.02,58.99
"5561",83,1996,79.43,53.73,54.48,60.05
"5562",84,1996,81.4,55.72,57.95,62.09
"5563",85,1996,89.59,67.38,70.29,74.11
"5564",86,1996,85.07,68.27,68.83,71.77
"5565",87,1996,74.44,49.51,51.89,54.59
"5566",88,1996,74.09,48.34,55.03,52.26
"5567",89,1996,85.41,60.53,65.87,61.03
"5568",90,1996,88.48,70.28,69.88,73.48
"5569",91,1996,86.66,70.81,72.8,74.29
"5570",92,1996,86.73,77.46,75.33,79.91
"5571",93,1996,86.65,73.47,72.06,76.4
"5572",94,1996,88.87,77.27,75.17,82.12
"5573",95,1996,89.98,78.76,76.06,84.53
"5574",96,1996,91.36,81.02,83.37,84
"5575",97,1996,91.43,82.67,82.6,84.85
"5576",98,1996,87.54,77.99,76.84,82.6
"5577",99,1996,88.52,77.58,75.32,83.61
"5578",100,1996,88.32,79.15,77.49,81.96
"5579",101,1996,86.15,75.29,73.78,78.96
"5580",102,1996,86.38,74.63,73,78.81
"5581",103,1996,84.8,75.04,68.95,82.49
"5582",104,1996,83.33,68.08,58.91,76.8
"5583",105,1996,75.37,53.43,50.48,61.26
"5584",106,1996,66.2,46.06,45.39,51.16
"5585",107,1996,64.18,43.29,41.87,50.18
"5586",108,1996,67.14,42.18,41.72,49.64
"5587",109,1996,74.11,48.59,48.25,57.07
"5588",110,1996,80.34,61.36,62.06,66.59
"5589",111,1996,82.93,68.52,72.19,71.2
"5590",112,1996,83.91,71.28,67.6,78.32
"5591",113,1996,90.8,73.87,70.15,86.66
"5592",114,1996,93.05,80.67,82.9,83.79
"5593",115,1996,93.1,88.88,84.57,90.82
"5594",116,1996,92.44,83.85,85.71,85.64
"5595",117,1996,93.07,88.81,89.4,91.47
"5596",118,1996,90.25,87.47,88.67,88.78
"5597",119,1996,91.3,90.95,88.52,92.16
"5598",120,1996,93.85,90.6,90.4,92.11
"5599",121,1996,94.92,92.15,91.69,92.04
"5600",122,1996,92.55,90.84,88.44,92.3
"5601",123,1996,89.49,88.25,89.82,88.39
"5602",124,1996,92.63,90.94,92.37,89.48
"5603",125,1996,91.55,88.35,91.84,88.4
"5604",126,1996,94.06,90.63,90.98,93.24
"5605",127,1996,95.62,93.4,92.58,94.88
"5606",128,1996,93.48,90.86,91.82,91.75
"5607",129,1996,94.84,93.45,92.45,93.86
"5608",130,1996,93.68,86.64,85.57,90.22
"5609",131,1996,92.67,85.62,85.42,88.4
"5610",132,1996,93.5,83.75,84.45,88.36
"5611",133,1996,94.72,86.08,86.53,90.77
"5612",134,1996,91.16,82.37,83.17,83.97
"5613",135,1996,89.99,83.34,86.57,83.59
"5614",136,1996,96.56,93.7,92.83,94.88
"5615",137,1996,91.39,90.01,93.3,89.18
"5616",138,1996,86.3,86.38,88.82,87.69
"5617",139,1996,88.73,86.02,87.99,87.26
"5618",140,1996,91.95,88.73,89.06,89.01
"5619",141,1996,94.91,90.27,89.22,93.6
"5620",142,1996,88.07,85.22,86.03,87.84
"5621",143,1996,89.89,86.23,88.65,86.84
"5622",144,1996,89.42,87.05,91.41,89.22
"5623",145,1996,96.01,92.28,94.53,93.78
"5624",146,1996,90.45,87.45,91.83,87.08
"5625",147,1996,87.91,84.32,89.89,83.96
"5626",148,1996,93.53,90.57,92.65,89.4
"5627",149,1996,93.87,87.4,88.7,88.58
"5628",150,1996,92.51,89.94,90.95,90.6
"5629",151,1996,90.06,87.76,85.76,90.61
"5630",152,1996,91.33,85.71,86.08,85.98
"5631",153,1996,93.18,89.8,89.98,91.97
"5632",154,1996,95.49,91.32,92.63,94.35
"5633",155,1996,94.99,91.62,93.03,91.09
"5634",156,1996,92.17,88.93,91.91,90.15
"5635",157,1996,97.06,94.24,95.57,96.59
"5636",158,1996,94.38,91.09,94.75,88.94
"5637",159,1996,90.3,85.8,90.04,82.98
"5638",160,1996,90.98,86.8,88.79,88
"5639",161,1996,90.38,87.13,91.49,83.85
"5640",162,1996,91.13,89.2,92.27,87.59
"5641",163,1996,89.96,87.88,90.32,85.17
"5642",164,1996,90.98,87.51,89.75,86.53
"5643",165,1996,91.98,88.89,88.89,89.67
"5644",166,1996,91.44,86.5,89.89,86.76
"5645",167,1996,92.98,88.61,89.61,90.31
"5646",168,1996,92.56,87.69,88.61,89.77
"5647",169,1996,93.99,92.75,93.96,93.53
"5648",170,1996,94.63,92.16,94.13,92.04
"5649",171,1996,92.88,89.75,92.36,91.7
"5650",172,1996,91.92,88.36,89.94,89.44
"5651",173,1996,90.93,89.05,93.84,88.06
"5652",174,1996,93.54,88.93,92.35,89.22
"5653",175,1996,93.82,89.67,91.91,91.63
"5654",176,1996,96.42,93.25,93.87,94.34
"5655",177,1996,95.14,92.32,93.69,90.24
"5656",178,1996,90.61,90.38,91.09,88.34
"5657",179,1996,88.38,87.19,86.65,86.38
"5658",180,1996,89.78,84.78,85.7,84.89
"5659",181,1996,95.51,90.09,93.45,91.08
"5660",182,1996,92.72,91.36,94.5,92.33
"5661",183,1996,89.6,89.38,95.44,84.5
"5662",184,1996,90.69,85.44,94.6,82.42
"5663",185,1996,88.71,85.81,90.45,82.46
"5664",186,1996,91.74,89.23,89.92,90.35
"5665",187,1996,93.91,89.94,89.96,90.55
"5666",188,1996,93.45,87.95,91.01,89.26
"5667",189,1996,91.28,86.75,89.82,88.41
"5668",190,1996,86.29,85.9,84.18,85.12
"5669",191,1996,89.46,86.18,87.03,87.63
"5670",192,1996,93.67,89.72,92.99,88.79
"5671",193,1996,91.64,88.36,91.97,87.21
"5672",194,1996,91.34,86.67,90.23,85.25
"5673",195,1996,93.75,88.97,93.99,87.2
"5674",196,1996,94.61,89.45,92.7,86.57
"5675",197,1996,93.17,88.03,91.69,86.41
"5676",198,1996,94.53,91.86,92.64,89.83
"5677",199,1996,89.16,85.89,91.28,85.55
"5678",200,1996,89.25,87.28,91.51,85.76
"5679",201,1996,93.81,91.77,92.85,89.27
"5680",202,1996,95.86,93.31,95.65,92.57
"5681",203,1996,94.61,91.41,95.29,91.72
"5682",204,1996,92.86,91.49,93.01,92.26
"5683",205,1996,90.61,87.52,90.1,86.48
"5684",206,1996,87.28,84.79,86.48,85.73
"5685",207,1996,88.66,87.09,86.85,86.62
"5686",208,1996,91.21,88.95,90.49,90.65
"5687",209,1996,90.61,87.09,89.27,87.84
"5688",210,1996,93.51,90.25,90.77,90.86
"5689",211,1996,94.76,90.47,88.61,92.5
"5690",212,1996,93.23,87.42,87.61,89.3
"5691",213,1996,91.36,87.39,89.13,87.53
"5692",214,1996,88.59,85.3,87.05,84.52
"5693",215,1996,89.9,87.2,87.73,87.71
"5694",216,1996,94.97,91.63,92.7,91.57
"5695",217,1996,91.1,88.54,89.18,88.64
"5696",218,1996,89.3,86.55,88.6,86.89
"5697",219,1996,91.69,87.11,88.67,87.6
"5698",220,1996,89.67,88.31,87.82,90.87
"5699",221,1996,91.29,89.29,89.88,89.4
"5700",222,1996,93.9,90.64,90.47,90.34
"5701",223,1996,93.16,89.74,88.93,90.85
"5702",224,1996,92.35,88.96,90.84,90.75
"5703",225,1996,88.21,86.17,87.29,85.66
"5704",226,1996,84.99,83.12,84.58,83.9
"5705",227,1996,91.84,88.27,89.13,89.87
"5706",228,1996,89.34,86.69,88.71,87.56
"5707",229,1996,91.99,88.58,90.77,89.98
"5708",230,1996,89.68,86.36,88.27,86.77
"5709",231,1996,88.1,85.64,90.01,82.86
"5710",232,1996,89.54,86.17,87.56,85.93
"5711",233,1996,89.29,87,87.78,85.96
"5712",234,1996,90.8,86.92,92.65,86.72
"5713",235,1996,90.63,88.13,89.22,89.08
"5714",236,1996,90.99,87.04,88.66,88.39
"5715",237,1996,92.56,87.73,91.47,88.78
"5716",238,1996,91.89,86.34,89.67,88.39
"5717",239,1996,90.7,85.01,87.8,85.29
"5718",240,1996,90.7,87.52,88.68,87.73
"5719",241,1996,89.83,88.43,89.54,86.58
"5720",242,1996,92.42,89.32,90.79,89.04
"5721",243,1996,90.83,86.69,91.58,86.57
"5722",244,1996,89.25,87.75,90.11,87.37
"5723",245,1996,89.58,86.83,89.73,86.08
"5724",246,1996,92.36,89.93,93.43,89.82
"5725",247,1996,88,86.75,86.99,87.4
"5726",248,1996,86.71,83.88,83.77,84.3
"5727",249,1996,91.85,87.71,89.59,86.83
"5728",250,1996,90.19,86.95,88.02,85.49
"5729",251,1996,89.79,86.31,89.28,86.06
"5730",252,1996,85.68,84.84,84.52,84.34
"5731",253,1996,85.15,85.58,85.47,86.09
"5732",254,1996,91.34,88.12,91.03,88.01
"5733",255,1996,93.12,90.3,91.45,88.8
"5734",256,1996,88.41,84.31,87.79,81.86
"5735",257,1996,87.35,83.9,86.49,83.3
"5736",258,1996,89.85,86.63,89.48,88.26
"5737",259,1996,92.13,89.38,90.34,89.57
"5738",260,1996,91.71,88.27,90.7,86.87
"5739",261,1996,92.38,89.78,91.32,89.71
"5740",262,1996,91.36,87.53,90.43,88.67
"5741",263,1996,88.72,85.48,89.24,84.37
"5742",264,1996,93.41,90.02,92.04,90.15
"5743",265,1996,89.95,89.73,87.65,89.04
"5744",266,1996,86.71,85.55,86.65,88.05
"5745",267,1996,90.11,86.42,88.76,85.14
"5746",268,1996,90.97,89.83,89.64,89.9
"5747",269,1996,87.24,85.62,87.51,84.68
"5748",270,1996,91.4,87.45,90.66,87.98
"5749",271,1996,91.11,87.55,91.87,87.02
"5750",272,1996,90.14,86.56,87.58,87.28
"5751",273,1996,87.53,85.39,86.81,86.81
"5752",274,1996,92.78,89.53,91.97,89.1
"5753",275,1996,93.08,88.73,92.97,89.74
"5754",276,1996,89.84,85.74,88.58,85.44
"5755",277,1996,88.15,84.32,87.42,85.46
"5756",278,1996,90.11,87.86,90.77,87.7
"5757",279,1996,90.21,87.56,89.52,88.48
"5758",280,1996,89.48,87.43,89.58,86.9
"5759",281,1996,89.3,87.44,87.49,87.51
"5760",282,1996,89.72,87.07,91.17,86.34
"5761",283,1996,90.56,86.32,90.18,87.66
"5762",284,1996,87.23,85.11,86.6,84.93
"5763",285,1996,86.69,84.3,86.82,84.29
"5764",286,1996,88.15,86.38,87.51,85.15
"5765",287,1996,87.83,85.89,87.29,87
"5766",288,1996,90.88,87.59,90.92,88.54
"5767",289,1996,93.75,90.28,92.49,90.56
"5768",290,1996,92.96,88.75,89.78,88.75
"5769",291,1996,91.32,87.34,89.4,88.07
"5770",292,1996,88.17,85.28,89.05,86.29
"5771",293,1996,88.63,86.73,87.01,85.24
"5772",294,1996,89.84,86.93,88.09,87.52
"5773",295,1996,90.28,85.55,88.28,86.16
"5774",296,1996,92.29,87.78,93.1,87.85
"5775",297,1996,88.37,85.48,87.42,85.4
"5776",298,1996,90.48,86.29,87.56,86.61
"5777",299,1996,91.33,84.65,87.93,86.23
"5778",300,1996,91.96,85.88,89.07,87.23
"5779",301,1996,92.46,87.43,89.76,86.51
"5780",302,1996,91.73,87.62,91.2,86.47
"5781",303,1996,89.05,85.7,90.41,86.88
"5782",304,1996,88.71,85.23,88.71,85.99
"5783",305,1996,90.62,85.97,91.02,86.74
"5784",306,1996,93.49,91.18,92.04,91.39
"5785",307,1996,88.91,87.47,87.41,87.68
"5786",308,1996,85.92,83.37,83.41,84.33
"5787",309,1996,84.67,80.86,82.05,81.98
"5788",310,1996,88.83,82.18,86.55,81.61
"5789",311,1996,90.47,87.49,87.69,88.1
"5790",312,1996,89.2,86.02,86.19,86.78
"5791",313,1996,89.53,87.46,88.34,87.31
"5792",314,1996,90.06,87.75,87.88,87.09
"5793",315,1996,90.4,86.25,89.92,86.7
"5794",316,1996,92.51,89.24,90.08,90.02
"5795",317,1996,93.2,90.72,90.93,91.56
"5796",318,1996,91.28,88.4,88.31,89.09
"5797",319,1996,90.09,87.92,87.23,89.28
"5798",320,1996,89.65,87.01,86.4,88.17
"5799",321,1996,88.23,85.07,83.87,87.69
"5800",322,1996,90.52,84.67,86.07,89.81
"5801",323,1996,83.85,81.73,81.43,87.17
"5802",324,1996,81.34,78.55,82.37,79.72
"5803",325,1996,87.3,84.38,86.35,82.37
"5804",326,1996,93.65,89.29,89.93,91.01
"5805",327,1996,91.56,89.2,89.65,90.19
"5806",328,1996,88.44,86.12,87.22,86.39
"5807",329,1996,91.73,87.08,88.08,86.62
"5808",330,1996,91.75,87.91,89.26,87.29
"5809",331,1996,91.73,86.08,90.15,85.98
"5810",332,1996,91.26,87.33,88.4,88.04
"5811",333,1996,92.05,87.03,88.64,86.88
"5812",334,1996,91.65,87.85,88.91,88.92
"5813",335,1996,90.57,86.72,87.8,87.83
"5814",336,1996,92.49,87.8,91.4,88.18
"5815",337,1996,91.62,87.39,89.53,87.47
"5816",338,1996,88.8,86.18,88.16,87.16
"5817",339,1996,90.57,87.35,88.64,87.42
"5818",340,1996,91.95,87.85,90.06,89.47
"5819",341,1996,91.75,87.67,87.2,88.44
"5820",342,1996,90.53,87.59,88.26,87.74
"5821",343,1996,90.29,87.49,89.35,86.66
"5822",344,1996,88.94,87.22,86.32,88.15
"5823",345,1996,89.31,84.9,85.02,85.55
"5824",346,1996,92.48,86.07,86.89,86.7
"5825",347,1996,92.5,87.61,89.72,87.02
"5826",348,1996,90.85,85.64,86.52,86.34
"5827",349,1996,92.49,88.39,91.23,87.6
"5828",350,1996,91.16,88.02,91.82,88.64
"5829",351,1996,88.44,86.15,88.75,85.33
"5830",352,1996,86.69,84.98,85.63,85.28
"5831",353,1996,88.33,85.53,85.53,85.62
"5832",354,1996,91.2,86.45,87.24,87.96
"5833",355,1996,89.44,84.13,85.62,85.81
"5834",356,1996,89.44,83.18,85.88,84.11
"5835",357,1996,88.52,83.36,84.52,84.19
"5836",358,1996,85.94,79.98,81.67,81.58
"5837",359,1996,83.51,77.92,79.1,78.5
"5838",360,1996,85.63,79.7,77.98,80.66
"5839",361,1996,81.35,75.33,73.98,76.64
"5840",362,1996,76.36,72.79,72.2,73.99
"5841",363,1996,76.29,73.03,72.26,74.58
"5842",364,1996,76.52,73.27,73,73.01
"5843",365,1996,77.15,73.52,74.21,72.29
"5844",366,1996,77.85,73.61,74.06,71.97
"5845",1,1997,78.61,73.14,74.45,72.53
"5846",2,1997,76.23,70.53,71.12,70.55
"5847",3,1997,71.91,67.64,69.01,68.42
"5848",4,1997,70.43,66.89,67.23,67.82
"5849",5,1997,71.89,68.34,69.06,69.98
"5850",6,1997,70.36,68.21,67.31,69.53
"5851",7,1997,67.91,65.56,65.69,68.08
"5852",8,1997,70.72,66.92,69.92,68.36
"5853",9,1997,80.89,70.53,76.26,70.04
"5854",10,1997,86.75,72.45,77.16,70.74
"5855",11,1997,83.56,73.06,77.7,71.18
"5856",12,1997,78.89,68.85,72.4,70.41
"5857",13,1997,81.6,69.36,69.98,71.22
"5858",14,1997,81.87,69.74,72.25,70.97
"5859",15,1997,80.75,66.43,71.46,69.56
"5860",16,1997,83.08,64.76,74.66,65.57
"5861",17,1997,81.25,63.3,73.31,64.5
"5862",18,1997,72.21,59.53,65.01,60.75
"5863",19,1997,63.01,57.28,60.85,56.15
"5864",20,1997,63.89,59.79,59.83,57.9
"5865",21,1997,61.19,56.88,58.41,55.99
"5866",22,1997,61.67,56.57,59.92,54.36
"5867",23,1997,59.21,53.48,58.8,52.06
"5868",24,1997,61.75,55.52,59.68,54.12
"5869",25,1997,60.89,58.27,61.23,55.59
"5870",26,1997,66.42,59.82,65.08,58.72
"5871",27,1997,64.31,57.9,61.14,56.07
"5872",28,1997,60.51,57.94,58.19,56.91
"5873",29,1997,54.48,53.15,54.81,52.01
"5874",30,1997,52.11,52.2,55.03,52.17
"5875",31,1997,56.99,55.77,57.11,58.06
"5876",32,1997,59.16,56.85,59.31,59.08
"5877",33,1997,59.47,57.03,60.12,56.3
"5878",34,1997,63.95,59.3,63,56.97
"5879",35,1997,69.81,60.5,62.79,59.43
"5880",36,1997,71.55,61.04,64.33,62.89
"5881",37,1997,78.32,60.5,66.44,64.28
"5882",38,1997,90.63,70.69,78.09,72.32
"5883",39,1997,94.39,87.71,89.43,88.01
"5884",40,1997,91.58,87.12,86.39,86.55
"5885",41,1997,93.97,88.22,89.4,91.21
"5886",42,1997,92.25,87.4,90.27,89.7
"5887",43,1997,93.27,88.04,89.75,88.85
"5888",44,1997,93,88.89,88.28,89
"5889",45,1997,93.97,88.24,83.37,91.07
"5890",46,1997,88.88,80.33,77.27,84.28
"5891",47,1997,77.26,73.04,71.07,75.15
"5892",48,1997,78.47,74.09,72.12,73.94
"5893",49,1997,76.63,70.56,65.91,71.42
"5894",50,1997,71.52,68.59,66.43,68.54
"5895",51,1997,76.09,70.8,67.71,71.05
"5896",52,1997,78.01,70.75,67.91,71.25
"5897",53,1997,85.29,71.81,71.41,72.9
"5898",54,1997,89.93,75.2,73.68,76.94
"5899",55,1997,86.2,72.81,69.96,74.93
"5900",56,1997,86.57,73.59,70.83,77.84
"5901",57,1997,90.38,76.13,72.51,81.38
"5902",58,1997,78.6,67.58,61.79,72.65
"5903",59,1997,71.52,60.98,56.12,64.47
"5904",60,1997,68.29,58.06,56.89,60.9
"5905",61,1997,63.44,53.19,53.31,56.7
"5906",62,1997,59.71,52.2,51.58,55.02
"5907",63,1997,60.4,50.85,51.76,52.95
"5908",64,1997,62.02,52.41,54.22,51.55
"5909",65,1997,68.5,57.94,58.18,59.06
"5910",66,1997,76.06,58.69,60.66,59.75
"5911",67,1997,74.14,54.45,57.3,55.36
"5912",68,1997,77.71,53.28,58.33,56.07
"5913",69,1997,73.12,56.25,60.48,57.9
"5914",70,1997,76.27,59.11,63,59.13
"5915",71,1997,88.58,65.09,70.6,66.22
"5916",72,1997,93.85,83.84,84.04,80.94
"5917",73,1997,90.59,82.3,77.17,86.91
"5918",74,1997,88.31,73.86,75.96,75.36
"5919",75,1997,90.55,78.81,80.48,79.74
"5920",76,1997,88.89,74.2,73.47,74.78
"5921",77,1997,78.72,61.82,59.5,63
"5922",78,1997,71.53,57.19,54.53,59.86
"5923",79,1997,67.18,54.88,50.95,57.55
"5924",80,1997,62.04,51.76,48.41,53.98
"5925",81,1997,60.71,51.04,48.36,53.33
"5926",82,1997,60.13,47.28,49.46,51.77
"5927",83,1997,62.07,50.83,55.64,49.5
"5928",84,1997,65.75,52.53,58.28,50.54
"5929",85,1997,64.45,49.89,52.66,49.55
"5930",86,1997,54.08,44.98,45.73,45.21
"5931",87,1997,48.75,42.85,42.92,43.81
"5932",88,1997,50.53,44.54,45.46,46.89
"5933",89,1997,53.72,44.48,47.35,46.14
"5934",90,1997,55.54,45.35,47.51,47.95
"5935",91,1997,59.9,46.13,48.15,49.11
"5936",92,1997,63.35,43.37,48.82,47.25
"5937",93,1997,68.22,50.09,56.04,50.95
"5938",94,1997,72.82,57.15,63.94,56.86
"5939",95,1997,88.33,72.72,81.64,69.13
"5940",96,1997,92.69,88.37,89.62,88.76
"5941",97,1997,90.68,86.8,88.51,84.73
"5942",98,1997,91.65,87.66,88.03,91.18
"5943",99,1997,90.97,87.06,88.84,89.05
"5944",100,1997,94.06,90.49,91.49,91.32
"5945",101,1997,93.8,89.51,92.94,90.01
"5946",102,1997,92.45,88.19,87.24,89.39
"5947",103,1997,91.87,86.95,88.55,88.73
"5948",104,1997,87.75,83.38,81.65,84.75
"5949",105,1997,84.66,77.16,75.47,79.72
"5950",106,1997,84.17,73.56,75.09,77.07
"5951",107,1997,89.31,76.83,81.43,78.04
"5952",108,1997,89.92,86.06,88.72,85.03
"5953",109,1997,94.96,90.83,92.81,93.42
"5954",110,1997,95.08,91.33,95.88,89.99
"5955",111,1997,95.07,92.04,91.55,93.8
"5956",112,1997,90.98,87.21,89.16,88.61
"5957",113,1997,91.72,84.9,85.08,85.02
"5958",114,1997,87.07,83.36,82.75,84.72
"5959",115,1997,89.51,84.04,82.45,86.98
"5960",116,1997,92.92,87.45,86.82,90.16
"5961",117,1997,87.87,84.61,83.97,85.95
"5962",118,1997,81.43,79.03,75.91,80.5
"5963",119,1997,82.39,77.96,76.12,79.9
"5964",120,1997,88.97,85.57,88.43,84.93
"5965",121,1997,92.07,89.28,87.38,89.65
"5966",122,1997,91.54,88.74,88.14,88.53
"5967",123,1997,95.43,91.51,90.91,92.94
"5968",124,1997,94.72,90.71,90.51,92.29
"5969",125,1997,90.59,86.47,88.84,85.32
"5970",126,1997,93.54,87.54,90.43,87.41
"5971",127,1997,94.38,90.12,91.37,89.13
"5972",128,1997,93.39,88.34,88.29,90.18
"5973",129,1997,90.07,87.48,87.94,89.7
"5974",130,1997,93.56,88.98,90.44,86.73
"5975",131,1997,93.93,90.11,92.62,89.79
"5976",132,1997,92.92,88.32,85.68,89.71
"5977",133,1997,89.59,82.71,84.93,83.88
"5978",134,1997,90.5,86.35,86.04,86.66
"5979",135,1997,92.59,87.95,88.21,89.93
"5980",136,1997,89.65,87.88,88.12,88.24
"5981",137,1997,88.26,85.63,85.23,85.94
"5982",138,1997,90.65,84.67,85.68,84.91
"5983",139,1997,93.33,86.21,88.15,88.87
"5984",140,1997,94.71,91.46,92.49,92.65
"5985",141,1997,96,94.32,94.09,96.72
"5986",142,1997,93.64,91.52,93.15,93.17
"5987",143,1997,95.61,93.15,95.32,94.33
"5988",144,1997,95.03,91.91,93.67,92.2
"5989",145,1997,92.45,89.82,92.46,90.96
"5990",146,1997,96.47,94.11,96.2,91.88
"5991",147,1997,93.81,88.95,91.49,91.45
"5992",148,1997,90.35,87.47,90.09,84.53
"5993",149,1997,91.53,88.64,90.52,88.77
"5994",150,1997,91.52,88.71,91.17,88.18
"5995",151,1997,95.96,93.96,95,94.32
"5996",152,1997,95.58,91.04,94.86,90.56
"5997",153,1997,92.62,90.16,91.76,88.54
"5998",154,1997,85.3,85.46,86.56,85.67
"5999",155,1997,86.56,86.36,86.37,88.59
"6000",156,1997,90.19,87.14,88.14,87.18
"6001",157,1997,89.89,87.56,90.97,87.4
"6002",158,1997,90.13,87.18,88.51,86.92
"6003",159,1997,94.87,89.97,90.4,89.89
"6004",160,1997,94.65,91.23,92.8,92.36
"6005",161,1997,88.74,86.43,88.11,85
"6006",162,1997,87.81,86.67,89.37,86.97
"6007",163,1997,90.39,88.64,92.01,88.34
"6008",164,1997,87.96,88.77,87.95,86.94
"6009",165,1997,88.71,87.94,89.13,87.51
"6010",166,1997,87.88,86.36,86.25,86.53
"6011",167,1997,89.65,84.07,86.76,83.78
"6012",168,1997,88.09,81.93,85.55,81.99
"6013",169,1997,93.99,85.63,90.22,86.24
"6014",170,1997,89.88,85.93,89.01,88.55
"6015",171,1997,89.57,89.22,86.9,91.74
"6016",172,1997,86.27,87.5,89.47,86.29
"6017",173,1997,91.26,88.65,91.86,87.79
"6018",174,1997,93.59,91.46,92.79,93.57
"6019",175,1997,92.98,88.71,92,90.17
"6020",176,1997,94.48,91.53,92.65,93.52
"6021",177,1997,95.23,93.53,91.65,93.65
"6022",178,1997,90.86,89.8,89.67,88.8
"6023",179,1997,88.79,87.45,87.35,86.75
"6024",180,1997,94.18,90.34,90.67,91.13
"6025",181,1997,93.25,90.52,90.5,92.34
"6026",182,1997,89.44,88.93,88.25,90.47
"6027",183,1997,89.28,87.5,91.26,87.47
"6028",184,1997,91.36,90.16,90.61,89.93
"6029",185,1997,90.75,87.79,89.6,88.19
"6030",186,1997,93.34,89.41,92.38,90.32
"6031",187,1997,94.24,92.21,92.81,93.3
"6032",188,1997,94.1,91.88,92.8,93.94
"6033",189,1997,92.64,88.4,92.19,89.41
"6034",190,1997,93.23,89.63,93.31,90.61
"6035",191,1997,93.98,91.68,93.6,92.2
"6036",192,1997,95.74,92.43,93.77,92.78
"6037",193,1997,90.73,88.56,89.7,88.5
"6038",194,1997,88.25,86.51,89.38,84.74
"6039",195,1997,92.56,91.18,92.65,92.5
"6040",196,1997,96.61,92.43,90.46,93.15
"6041",197,1997,89.5,85.68,88.37,85.03
"6042",198,1997,93.34,88.56,89.02,87.61
"6043",199,1997,90.72,87.85,89.64,88.27
"6044",200,1997,89.48,86.63,89.6,85.56
"6045",201,1997,90.04,87.03,88.89,85.34
"6046",202,1997,91.55,88.93,91.19,86.95
"6047",203,1997,89.65,86.89,87.81,86.3
"6048",204,1997,89.54,87.1,88.87,87.24
"6049",205,1997,91.16,87.9,89.89,88.2
"6050",206,1997,91.91,87.74,89.55,87.51
"6051",207,1997,89.25,84.24,89.28,83.17
"6052",208,1997,88.74,85.53,88.17,83.98
"6053",209,1997,91.26,88.52,92.35,86.88
"6054",210,1997,89.57,86.57,88.31,87.03
"6055",211,1997,87.31,83.96,85.33,84.18
"6056",212,1997,86.54,84.87,86.58,84.06
"6057",213,1997,91.59,87.56,89.36,87.82
"6058",214,1997,90.73,87.89,89.8,87.44
"6059",215,1997,89.19,85.86,87.82,87.32
"6060",216,1997,86.56,85.52,86.08,88.08
"6061",217,1997,90.5,88.51,89.76,89.25
"6062",218,1997,92.47,88.77,91.31,89.76
"6063",219,1997,90.4,86.73,89.33,87.63
"6064",220,1997,87.24,84.48,88.18,84.37
"6065",221,1997,89.81,84.77,90.44,82.94
"6066",222,1997,88.54,83.73,90.28,82.03
"6067",223,1997,87.73,80.05,88.32,76.12
"6068",224,1997,84.52,78.86,85.98,77.93
"6069",225,1997,89.02,85.38,83.04,84.34
"6070",226,1997,92.92,88.45,88.31,88.46
"6071",227,1997,91.99,88.28,92.35,87.94
"6072",228,1997,90.37,88.17,88.14,89.44
"6073",229,1997,90.79,88.24,89.83,88.8
"6074",230,1997,90.31,87.38,90,87
"6075",231,1997,91.5,89.74,88.94,90.16
"6076",232,1997,88.93,87.16,87.51,86.51
"6077",233,1997,94.24,89.61,89.42,88.57
"6078",234,1997,91.48,91.08,91.42,89.89
"6079",235,1997,90.42,86.89,89.03,87.4
"6080",236,1997,91.72,87.94,89.44,87.57
"6081",237,1997,90.53,89.25,90.48,88.32
"6082",238,1997,89.81,87.77,87.91,88.16
"6083",239,1997,93.17,89.8,91.87,85.71
"6084",240,1997,89.26,86.84,86.94,85.5
"6085",241,1997,86.47,84.35,85.37,82.62
"6086",242,1997,87.31,84.41,84.74,85.91
"6087",243,1997,87.14,83,84.25,83.69
"6088",244,1997,89.63,87.79,86.45,86.84
"6089",245,1997,92.66,89.79,89.35,89.17
"6090",246,1997,90.42,86.25,86.42,87.14
"6091",247,1997,87.38,84.04,84.97,83.62
"6092",248,1997,90.16,87.77,86.83,86.49
"6093",249,1997,91.65,88.49,91.68,86.69
"6094",250,1997,90.3,85.32,87.96,87.28
"6095",251,1997,89.32,86.72,89.62,88.22
"6096",252,1997,89.3,84.89,87.51,86.81
"6097",253,1997,91.72,87.09,90.09,88.22
"6098",254,1997,90.17,87.24,90.73,86.29
"6099",255,1997,91.52,88.5,90.33,88.2
"6100",256,1997,86.64,84.09,85.12,84.69
"6101",257,1997,85.92,83.88,86.03,83.73
"6102",258,1997,91.42,88.72,86.13,88.82
"6103",259,1997,87.82,86.87,87.62,87.9
"6104",260,1997,88.19,86.15,85.94,84.93
"6105",261,1997,92.49,88.97,91.59,87.12
"6106",262,1997,89.85,86.72,91,86.82
"6107",263,1997,87.52,84.82,86.86,86.61
"6108",264,1997,85.5,82.94,85.59,84.23
"6109",265,1997,88.37,85.95,87.23,85.3
"6110",266,1997,92.89,89.4,91.55,90.94
"6111",267,1997,91.48,87.98,90.46,87.9
"6112",268,1997,88.52,86.39,87.54,86.44
"6113",269,1997,88.72,87.74,87.43,89.1
"6114",270,1997,91.07,87.53,89.55,86.95
"6115",271,1997,92.93,91.27,91.68,88.77
"6116",272,1997,91.45,87.75,87.99,86.1
"6117",273,1997,87.65,85.21,86.72,85.07
"6118",274,1997,89.49,86.14,87.53,86.18
"6119",275,1997,90.97,87.77,90.08,89.53
"6120",276,1997,90.7,86.66,88.32,86.16
"6121",277,1997,87.34,85.69,86.78,85.48
"6122",278,1997,86.27,83.24,85.78,82.1
"6123",279,1997,87.56,83.75,86.7,82.1
"6124",280,1997,88.12,85.37,86.8,85.48
"6125",281,1997,88.43,85.54,85.84,86.17
"6126",282,1997,89.04,85.71,88.01,84.83
"6127",283,1997,90.39,86.92,88.6,85.51
"6128",284,1997,86.68,83.79,86.62,83.95
"6129",285,1997,86.95,85.71,86.49,84.47
"6130",286,1997,87.62,85.63,87.82,86.22
"6131",287,1997,92.17,88.62,92.13,88.6
"6132",288,1997,86.22,84.37,85.32,84.56
"6133",289,1997,84.53,79.67,82.39,82.95
"6134",290,1997,88.53,83.78,86.08,84.6
"6135",291,1997,90.54,84.37,85.85,85.62
"6136",292,1997,89.74,84.12,88.42,84.51
"6137",293,1997,87.87,83.37,85.5,84.37
"6138",294,1997,90.8,87.31,90.39,87.82
"6139",295,1997,91.88,88.19,91.02,88.86
"6140",296,1997,91.22,87.97,87.93,88.14
"6141",297,1997,87.25,85.31,86.85,84.04
"6142",298,1997,85.65,84.06,85.08,84.49
"6143",299,1997,86.38,84.1,85.01,83.63
"6144",300,1997,86.8,84.78,85.51,85.49
"6145",301,1997,87.54,86.15,85.1,86.06
"6146",302,1997,86.85,84.82,84.04,84.56
"6147",303,1997,85.86,82.38,82.33,82.51
"6148",304,1997,89.81,86.63,87.01,85.87
"6149",305,1997,90.7,87.73,88.62,87.41
"6150",306,1997,90.21,84.75,86.18,86.67
"6151",307,1997,89.96,84.93,85.15,86.31
"6152",308,1997,91.61,86.97,86.83,88.49
"6153",309,1997,88.97,84.56,86.03,86.01
"6154",310,1997,88.2,85.26,86.66,87.32
"6155",311,1997,93.18,91.03,91.16,90.95
"6156",312,1997,93.67,89.6,92.26,87.31
"6157",313,1997,92.49,87.46,89.82,85.45
"6158",314,1997,90.93,85.99,86.64,86.86
"6159",315,1997,87.16,82.5,83.23,82.82
"6160",316,1997,83.77,81.49,82.32,81.07
"6161",317,1997,80.35,78.16,79.35,78.37
"6162",318,1997,80.29,77.75,79.71,77.76
"6163",319,1997,87.63,81.06,85.02,80.3
"6164",320,1997,87.26,84,86.11,84.32
"6165",321,1997,88.92,83.5,85.62,83.71
"6166",322,1997,93.11,88.14,88.6,89.81
"6167",323,1997,91.5,86.84,88.26,87.7
"6168",324,1997,89.26,85.82,86.29,87.07
"6169",325,1997,87.33,84.47,85.14,85.77
"6170",326,1997,84.69,79.63,81,80.53
"6171",327,1997,87.88,82.48,84.36,82.9
"6172",328,1997,90.94,84.86,85.79,85.4
"6173",329,1997,89.73,83.74,82.64,84.35
"6174",330,1997,86.7,80.6,80.48,80.83
"6175",331,1997,83.02,78.38,79.26,78.84
"6176",332,1997,86.05,79.32,80.25,79.59
"6177",333,1997,90.62,81.59,83.98,81.07
"6178",334,1997,89.23,83.44,85.38,83.14
"6179",335,1997,86.98,79.59,80.46,79.6
"6180",336,1997,83.75,74.47,75.16,74.36
"6181",337,1997,79.64,71.12,73.17,69.8
"6182",338,1997,81.45,73.99,73.25,74.29
"6183",339,1997,83.74,72.98,70.77,71.64
"6184",340,1997,87.87,75.43,77.94,76.08
"6185",341,1997,92.37,85.11,87.94,84.09
"6186",342,1997,91.48,85.03,89.46,82.95
"6187",343,1997,89.52,82.25,83.54,83.2
"6188",344,1997,89.26,76.76,77.35,80.31
"6189",345,1997,80.68,70.46,72.69,71.72
"6190",346,1997,76.77,68.08,70.08,67
"6191",347,1997,76.98,67.94,69.89,67.05
"6192",348,1997,78.17,67.07,70.6,68.59
"6193",349,1997,74.53,64.27,68.2,63.69
"6194",350,1997,75.08,66.55,69.28,65.78
"6195",351,1997,80.28,68.29,71.35,69.34
"6196",352,1997,80.99,65.92,71.85,65.36
"6197",353,1997,74.65,60.44,64.51,61.31
"6198",354,1997,72.91,58.77,61.74,59.7
"6199",355,1997,75.7,60.51,65.71,57.94
"6200",356,1997,71.78,59.65,65.35,60.01
"6201",357,1997,78.25,63.76,69.29,62.87
"6202",358,1997,86.89,73.86,75.07,77.99
"6203",359,1997,78.7,66.27,69.12,69.16
"6204",360,1997,75.46,62.66,63.34,66.76
"6205",361,1997,78.85,62.48,68.03,65.43
"6206",362,1997,79.13,63.36,68.46,63.16
"6207",363,1997,78.26,63.58,67.71,62.82
"6208",364,1997,77.81,59.26,64.26,60.56
"6209",365,1997,76.77,56.05,62.56,55.61
"6210",1,1998,73.77,56.69,62.1,56.01
"6211",2,1998,66.15,53.39,54.87,53.71
"6212",3,1998,62.98,53.81,55.71,53.79
"6213",4,1998,69.73,59.75,62.8,56.48
"6214",5,1998,79.03,61.47,67.35,60.69
"6215",6,1998,77.72,59.34,65.33,59.38
"6216",7,1998,77.6,60.85,65.93,60.33
"6217",8,1998,75.65,61.36,68.41,59.56
"6218",9,1998,78.96,62.51,68.18,62.97
"6219",10,1998,85.19,70.96,77.42,72.26
"6220",11,1998,80.68,63.47,70.75,65.2
"6221",12,1998,80.49,59.12,65.2,62.59
"6222",13,1998,77.57,58.71,65.64,62.42
"6223",14,1998,70.5,53.2,57.79,55.97
"6224",15,1998,70.04,51.9,56.91,53.11
"6225",16,1998,70.2,51.33,56.79,50.52
"6226",17,1998,66.44,48.46,52.41,48.56
"6227",18,1998,61.77,46.7,49.91,47.99
"6228",19,1998,60.33,47.8,50.81,48.24
"6229",20,1998,69.81,51.55,57.84,49.97
"6230",21,1998,70.36,51.13,55.58,50.85
"6231",22,1998,67.89,50.07,53.78,50.75
"6232",23,1998,61.7,46.22,50.34,48.08
"6233",24,1998,57.32,46.14,50.5,46.51
"6234",25,1998,52.41,45.9,48.92,46.79
"6235",26,1998,47.94,40.59,43.24,41.29
"6236",27,1998,44.76,40.54,44,39.47
"6237",28,1998,54.59,46.96,49.75,44.95
"6238",29,1998,70.03,53.87,57.64,53.58
"6239",30,1998,76.73,65.86,68.53,67.41
"6240",31,1998,78.07,67.72,66.7,70.62
"6241",32,1998,78.49,72.98,72.39,73.38
"6242",33,1998,84.07,75.78,75.62,78.53
"6243",34,1998,83.71,73.45,73.88,76.01
"6244",35,1998,82.15,71.54,71.39,75.11
"6245",36,1998,79.03,72.37,72,74.98
"6246",37,1998,85.89,77.59,78.27,78.82
"6247",38,1998,88.02,81.16,79.93,81.92
"6248",39,1998,87.25,81.49,78.64,84.14
"6249",40,1998,87.84,83.34,78.17,85.65
"6250",41,1998,84.04,73.31,65.55,80.15
"6251",42,1998,82.08,65.46,60.92,71.08
"6252",43,1998,90.49,78.51,78.73,81.13
"6253",44,1998,91.7,86.98,87.73,86.42
"6254",45,1998,89.55,84.38,85.21,86.51
"6255",46,1998,91.3,84.47,81.5,86.18
"6256",47,1998,88.49,85.13,81.63,85.37
"6257",48,1998,84.71,80.14,76.21,80.79
"6258",49,1998,78.63,69.8,68.77,73.63
"6259",50,1998,74.7,63.93,61.41,67.73
"6260",51,1998,71.05,58.55,57.75,61.93
"6261",52,1998,65.82,52.72,52.53,58.26
"6262",53,1998,67.63,55.35,55.66,56.82
"6263",54,1998,67.52,55.32,53.99,57.37
"6264",55,1998,69.68,56.04,55.02,59.07
"6265",56,1998,72.3,58.53,55.76,61.16
"6266",57,1998,72.86,56.64,57.18,58.94
"6267",58,1998,73.64,53.61,56.52,56.47
"6268",59,1998,77.67,57.17,58.46,59.88
"6269",60,1998,78.15,62.78,64.9,62.67
"6270",61,1998,77.56,64.85,65.85,64.4
"6271",62,1998,80.82,66.79,67.46,67.28
"6272",63,1998,81.87,72.01,71.35,72.77
"6273",64,1998,88.24,78.16,82.21,77.23
"6274",65,1998,94.15,90.92,86.93,93.99
"6275",66,1998,89.7,83.92,80.36,88.48
"6276",67,1998,87.55,81.15,73.7,87.55
"6277",68,1998,82.67,69.48,64.42,76.94
"6278",69,1998,79.98,63.84,59.03,70.18
"6279",70,1998,74.33,60.88,57.54,66.8
"6280",71,1998,66.89,55.78,53.53,62.83
"6281",72,1998,67.83,52.73,50.25,62.6
"6282",73,1998,75.59,58.42,57.05,60.79
"6283",74,1998,75.88,54.43,56.08,62.2
"6284",75,1998,75.39,52.77,51.91,60.65
"6285",76,1998,74.84,52.24,53.68,60.09
"6286",77,1998,77.7,56.07,56.71,65.42
"6287",78,1998,81.21,68.32,65.73,72.47
"6288",79,1998,84.47,72.84,69.82,78.17
"6289",80,1998,87.16,79.16,77.94,81.37
"6290",81,1998,89.1,81.64,79.55,86.19
"6291",82,1998,87.41,77.67,77.36,83.28
"6292",83,1998,85.39,74.99,72.08,80.21
"6293",84,1998,89.31,80.33,75.99,82.61
"6294",85,1998,86.89,81.6,77.37,86.4
"6295",86,1998,87.37,76.22,73.39,81.88
"6296",87,1998,87.45,72.38,73.08,75.69
"6297",88,1998,91.71,78.78,86.01,81.41
"6298",89,1998,92.52,85.97,89.92,85.09
"6299",90,1998,90.91,88.67,89.01,90.28
"6300",91,1998,89.28,87.3,85.5,90.81
"6301",92,1998,91.88,85.85,87.64,89.25
"6302",93,1998,94.13,89.38,93.46,89.83
"6303",94,1998,91.39,87.43,90.62,89.01
"6304",95,1998,92.41,87.09,87.13,88.94
"6305",96,1998,89.81,87.11,88.65,87.36
"6306",97,1998,90.52,86.88,89.21,86.22
"6307",98,1998,91.45,87.96,86.42,87.66
"6308",99,1998,94.66,87,87.59,87.6
"6309",100,1998,95.18,88.59,88.16,89.49
"6310",101,1998,92.75,85.2,86.68,86.54
"6311",102,1998,88.54,84.68,87.63,83.88
"6312",103,1998,90.44,88.66,89.39,87.3
"6313",104,1998,93.76,91.31,92.25,91.78
"6314",105,1998,91.67,87.36,86.87,89.09
"6315",106,1998,88.35,85.8,86.37,86.77
"6316",107,1998,87.68,85.15,83.38,86.92
"6317",108,1998,90.18,86.42,86.46,87.85
"6318",109,1998,93.29,88.9,89.98,90.1
"6319",110,1998,95.31,91.57,90.1,94.24
"6320",111,1998,91.36,88.29,87.21,89.84
"6321",112,1998,88.8,83.66,84.82,86.34
"6322",113,1998,91.43,86.79,88.23,87.46
"6323",114,1998,94.83,93.04,94.65,94.37
"6324",115,1998,90.57,87.45,89.47,87.98
"6325",116,1998,94.77,90.18,88.74,92.5
"6326",117,1998,91.18,85.24,84.39,86.7
"6327",118,1998,88.25,82.98,83.92,84.21
"6328",119,1998,92.37,85.32,89.2,87.54
"6329",120,1998,93.66,89.39,91.22,90.68
"6330",121,1998,96,93.14,95.1,92.41
"6331",122,1998,93.95,93.44,93.76,92.56
"6332",123,1998,91.42,88.92,88.15,88.92
"6333",124,1998,94.28,92.3,89.85,93.6
"6334",125,1998,92.11,88.36,87.03,91.76
"6335",126,1998,93.38,88.62,88.74,90.4
"6336",127,1998,93.58,89.21,88.98,90.35
"6337",128,1998,88.27,86.13,87.87,84.9
"6338",129,1998,91.09,87.78,90.01,87.44
"6339",130,1998,91.5,87.36,90.04,87.08
"6340",131,1998,94.13,88.69,94.58,87.63
"6341",132,1998,93.21,88.73,90.12,89.44
"6342",133,1998,89.09,85.08,87.18,86.77
"6343",134,1998,90.03,86.96,88.54,87.11
"6344",135,1998,90.73,88.26,88.7,89
"6345",136,1998,91.67,89.52,90.58,89.83
"6346",137,1998,95.98,91.92,93.51,93.46
"6347",138,1998,92.58,91.88,94.95,92.71
"6348",139,1998,88.88,82.94,93.37,78.04
"6349",140,1998,78.97,75.53,83.07,73.09
"6350",141,1998,81.85,77.7,83.8,76.11
"6351",142,1998,82.9,78.01,92.59,73.09
"6352",143,1998,89.84,86.56,85.74,83.47
"6353",144,1998,93.22,87.33,84.92,88.9
"6354",145,1998,96.49,94.41,95.22,93.61
"6355",146,1998,89.37,89.9,89.79,92.63
"6356",147,1998,93.91,90.3,90.57,93.55
"6357",148,1998,94.97,91.15,90.48,93.9
"6358",149,1998,91.44,89.72,90.85,90.9
"6359",150,1998,88.89,87.86,87.6,87.3
"6360",151,1998,92.86,90.94,91.93,90.39
"6361",152,1998,95.64,90.77,95.89,91.33
"6362",153,1998,91.97,88.46,92,89.44
"6363",154,1998,91.98,88.7,92.14,90.93
"6364",155,1998,89.59,85.73,88.94,86.48
"6365",156,1998,91.3,85.8,89.31,83.53
"6366",157,1998,87.72,84.98,90.5,80.92
"6367",158,1998,91.92,89.06,92.58,88.56
"6368",159,1998,94.44,91.95,94.36,92.42
"6369",160,1998,94.35,88.3,89.96,90.27
"6370",161,1998,90.16,83.41,88.19,83.35
"6371",162,1998,88.2,85.57,87.76,85.81
"6372",163,1998,92.96,90.07,92.76,90.22
"6373",164,1998,91.5,87.98,91.15,86.64
"6374",165,1998,93.86,90.54,94.27,87.48
"6375",166,1998,94.14,92.87,92.51,91.41
"6376",167,1998,93.64,90.04,93.02,86.08
"6377",168,1998,90.46,87.48,86.87,88.61
"6378",169,1998,90.81,87.74,88.81,87.26
"6379",170,1998,91.35,88.79,89.71,90.37
"6380",171,1998,95.02,91.36,93.96,92.5
"6381",172,1998,92.28,90.53,92.93,90.23
"6382",173,1998,93.29,91.35,91.89,91.38
"6383",174,1998,96.62,93.03,92.97,94.24
"6384",175,1998,93.81,90.89,90.62,93.46
"6385",176,1998,95.68,91.62,94.23,93.01
"6386",177,1998,93.15,89.71,91.45,91.01
"6387",178,1998,94.39,90.8,92.79,91.79
"6388",179,1998,93.17,90.95,93.66,90.25
"6389",180,1998,86.56,83.01,87.36,81.45
"6390",181,1998,87.8,83.71,86.72,83.03
"6391",182,1998,90.93,88.87,89.88,87.37
"6392",183,1998,94.55,90.11,90.9,91.73
"6393",184,1998,95.46,92.18,91.49,92.11
"6394",185,1998,92.07,88.19,90.65,86.99
"6395",186,1998,94.42,92.07,94.99,91.5
"6396",187,1998,91.35,87.74,88.64,88.05
"6397",188,1998,91.9,88.87,89.56,88.31
"6398",189,1998,90.47,86.61,89.02,88.39
"6399",190,1998,92.67,88.89,90.22,88.2
"6400",191,1998,94.2,90.6,92.07,91.11
"6401",192,1998,96.56,94.69,94.19,94.05
"6402",193,1998,90.31,88.17,88.84,89.3
"6403",194,1998,89.06,85.22,88.13,84.24
"6404",195,1998,91.49,88.24,88.98,87.67
"6405",196,1998,89.2,87.24,87.59,86.81
"6406",197,1998,94.14,88.51,90.28,90.2
"6407",198,1998,94.37,90.88,91.2,92.85
"6408",199,1998,91.87,87.76,87.12,90.38
"6409",200,1998,93.22,88.99,87.1,89.16
"6410",201,1998,91.76,87.22,87.16,87.21
"6411",202,1998,87.6,85.9,85.83,87.79
"6412",203,1998,93.63,89.84,92.15,89.33
"6413",204,1998,90.9,86.98,92.25,86.62
"6414",205,1998,90.24,87.35,89.18,88.26
"6415",206,1998,91.18,86.88,89.61,85.9
"6416",207,1998,93.66,90.45,93.42,87.77
"6417",208,1998,88.49,86.36,86.62,85.75
"6418",209,1998,90.08,87.01,89.6,87.31
"6419",210,1998,94.66,90.2,89.86,90.59
"6420",211,1998,92.27,88.98,92.8,88.01
"6421",212,1998,88.35,85.3,89.84,85.52
"6422",213,1998,88,85.33,88.83,86.28
"6423",214,1998,91.42,87.49,89.68,87.9
"6424",215,1998,90.01,86.31,88.08,88.5
"6425",216,1998,92.06,86.99,88.53,89.29
"6426",217,1998,91.92,87.69,90.93,87.24
"6427",218,1998,92.14,88.89,89.39,89.66
"6428",219,1998,93.05,90.38,90.91,89.37
"6429",220,1998,89.83,87.92,87.95,86.06
"6430",221,1998,89.67,86.22,89.54,83.8
"6431",222,1998,90.6,88.04,90.09,87.96
"6432",223,1998,89.7,85.27,87.47,86.79
"6433",224,1998,91.73,88.64,89.15,87.55
"6434",225,1998,94.03,89.46,90.73,89.83
"6435",226,1998,92.02,89.13,89.27,91.34
"6436",227,1998,88.84,87.62,86.87,89.04
"6437",228,1998,91.1,88.29,88.07,89.18
"6438",229,1998,91.67,88.55,87.95,88.59
"6439",230,1998,86.01,83.96,85.47,82.23
"6440",231,1998,84.27,83.74,84.08,82.49
"6441",232,1998,84.64,84.08,86.26,84.99
"6442",233,1998,90.08,86.32,88.43,86.2
"6443",234,1998,88.42,85.53,89.31,84.91
"6444",235,1998,88.63,85.56,89.72,80.29
"6445",236,1998,86.2,83.5,84.85,81.85
"6446",237,1998,88.07,86.11,87.13,85.85
"6447",238,1998,92.81,88.82,89.42,90.54
"6448",239,1998,91.57,87.9,91.29,87.43
"6449",240,1998,91.9,87.83,88.84,85.28
"6450",241,1998,92.35,88.86,90.61,87.15
"6451",242,1998,94.76,91.61,91.62,91.73
"6452",243,1998,90.32,85.31,89.81,84.27
"6453",244,1998,93.05,87.62,93.69,82.93
"6454",245,1998,88.15,84.92,87.52,83.6
"6455",246,1998,86.16,81.75,85.29,82.75
"6456",247,1998,86.31,81.51,84.43,82.09
"6457",248,1998,87.13,83.25,84.32,83.2
"6458",249,1998,87.72,86.23,86.53,86.46
"6459",250,1998,90.45,84.37,85.82,86.04
"6460",251,1998,91.65,87.24,86.94,88.54
"6461",252,1998,90.72,86.27,89.19,85.63
"6462",253,1998,91.56,86.83,90.53,86.19
"6463",254,1998,91.96,90.2,93.12,87.7
"6464",255,1998,89.31,86.41,90.15,86.44
"6465",256,1998,89.68,87.41,91.01,87.31
"6466",257,1998,93.05,89.67,89.97,88.03
"6467",258,1998,91.36,87.49,88.86,87.42
"6468",259,1998,90.01,89.45,91.2,85.79
"6469",260,1998,86.06,86.74,87.11,86.38
"6470",261,1998,85.86,84.39,87.54,83.8
"6471",262,1998,92.07,86.98,89.84,86.84
"6472",263,1998,94.71,90.72,91.75,91.37
"6473",264,1998,92.21,89.38,92.42,89.34
"6474",265,1998,90.62,86.28,88.85,84.26
"6475",266,1998,88.19,83.33,88.51,82.72
"6476",267,1998,89.49,85.57,87.83,85.32
"6477",268,1998,88.88,89.24,89.71,88.56
"6478",269,1998,91.65,89.84,92.07,88.22
"6479",270,1998,87.98,84.98,87.54,83.04
"6480",271,1998,85.01,83.83,85.07,84.19
"6481",272,1998,84.65,82.45,83.34,83.16
"6482",273,1998,87,83.68,85.07,83.65
"6483",274,1998,94.85,91.78,91.28,94.57
"6484",275,1998,91.33,89.65,91.44,89.84
"6485",276,1998,89.03,85.57,87.75,85.49
"6486",277,1998,88.94,86.2,88.16,84.67
"6487",278,1998,88.71,86.36,88.81,85.59
"6488",279,1998,90.46,87.74,90.25,87.11
"6489",280,1998,91.69,90.1,93.43,90.3
"6490",281,1998,89.14,87.25,90.25,86.5
"6491",282,1998,89.62,86.85,87.89,87.83
"6492",283,1998,86.81,84.55,86.12,85.4
"6493",284,1998,85.23,82.24,80.81,83.51
"6494",285,1998,86.04,82.05,83.65,82.38
"6495",286,1998,88.31,86.24,87.11,85.96
"6496",287,1998,89.52,87.79,87.79,90.02
"6497",288,1998,91.92,88.49,89.4,88.97
"6498",289,1998,89.69,86.34,91.5,87.62
"6499",290,1998,87.87,83.65,85.12,82.7
"6500",291,1998,89.76,84.04,87.28,85.34
"6501",292,1998,93.82,90.66,89.09,91.4
"6502",293,1998,90.89,86.91,90.4,86
"6503",294,1998,88.13,86.37,88.05,86.48
"6504",295,1998,84.95,83.52,84.68,84.77
"6505",296,1998,88.26,86.27,86.76,85.17
"6506",297,1998,90.32,87.52,89.84,87.24
"6507",298,1998,90.88,84.52,88.47,85.34
"6508",299,1998,88.77,84.35,86.11,83.09
"6509",300,1998,86.3,84.17,87.2,83.99
"6510",301,1998,89.73,84.31,86.48,84.94
"6511",302,1998,90.46,86.76,91.33,85.09
"6512",303,1998,93.85,90.02,91.98,91.24
"6513",304,1998,87.58,86.46,86.97,87.08
"6514",305,1998,85.74,83.61,85.27,85.79
"6515",306,1998,90,86.84,88.15,86.69
"6516",307,1998,91.32,89.49,91.17,89.41
"6517",308,1998,92.73,88.8,88.77,88.77
"6518",309,1998,91.22,85.12,88.23,83.69
"6519",310,1998,92.17,87.81,89.56,87.84
"6520",311,1998,93.28,88.8,92.11,88.9
"6521",312,1998,87.26,86.55,85.69,86.14
"6522",313,1998,84.39,82.56,81.66,83.64
"6523",314,1998,88.09,81.86,83.94,82.43
"6524",315,1998,88.14,84.02,85.23,83.53
"6525",316,1998,86.39,81.92,82.51,82.35
"6526",317,1998,88.63,82.18,85.84,81.27
"6527",318,1998,89.88,87.11,90.07,88.35
"6528",319,1998,91.09,88.32,89.23,89.11
"6529",320,1998,90.92,89.45,90.8,87.87
"6530",321,1998,91.32,88.14,89.09,87.02
"6531",322,1998,91.6,88.52,89.05,89.22
"6532",323,1998,90.36,87.92,88.98,87.8
"6533",324,1998,91.52,86.83,88.93,87.19
"6534",325,1998,91.93,87.49,89.35,87.75
"6535",326,1998,91.44,87.5,90.64,85.18
"6536",327,1998,88.69,85.12,85.9,84.9
"6537",328,1998,82.31,79.68,80.08,80.3
"6538",329,1998,78.66,78.13,77.48,78.46
"6539",330,1998,78.91,76.94,77.73,78.31
"6540",331,1998,82.86,80.41,83.06,79.67
"6541",332,1998,87.68,83.08,85.83,82.7
"6542",333,1998,89.84,86.8,88.61,87.48
"6543",334,1998,91.07,87.14,88.56,89.06
"6544",335,1998,87.52,85.26,88.07,85.7
"6545",336,1998,82.65,81.22,82.1,83.47
"6546",337,1998,81.22,78.95,80.43,82.41
"6547",338,1998,88.98,85.23,86.02,85.87
"6548",339,1998,89.83,87.3,88.94,88.19
"6549",340,1998,90.36,87.04,88.42,86.4
"6550",341,1998,88.8,87.05,89.82,87.67
"6551",342,1998,89.01,86.34,86.81,87.11
"6552",343,1998,88.06,85.59,89.29,84.12
"6553",344,1998,87.96,84.02,83.63,84.63
"6554",345,1998,88.97,84.06,84.01,84.85
"6555",346,1998,89.69,83.94,87.04,85.28
"6556",347,1998,91.51,87.55,87.5,88.04
"6557",348,1998,91.97,88.19,90.96,89.28
"6558",349,1998,91.01,85.6,87.76,84.99
"6559",350,1998,91.17,86.73,85.3,87.79
"6560",351,1998,85.04,80.42,78.95,80.91
"6561",352,1998,79.78,78.09,75.8,78.43
"6562",353,1998,83.15,80.99,79.79,81.77
"6563",354,1998,84.5,79.59,78.75,79.92
"6564",355,1998,80.33,75.34,73.35,75.77
"6565",356,1998,76.99,73.79,71.6,74.46
"6566",357,1998,81.07,75.89,74.17,76.18
"6567",358,1998,90.05,83.9,86.48,82.09
"6568",359,1998,89.81,83.37,85.12,83.46
"6569",360,1998,89.49,80.24,82.85,81.98
"6570",361,1998,91.31,84.31,85.47,84.74
"6571",362,1998,88.58,84.09,86.27,84.12
"6572",363,1998,86.39,81.72,81.31,82.4
"6573",364,1998,89.73,82.98,80.25,85.64
"6574",365,1998,91.66,83.54,82.33,85.08
"6575",1,1999,91.69,86.12,80.58,87.74
"6576",2,1999,89.07,80.13,74.69,84.69
"6577",3,1999,80.98,72.55,68.11,76.84
"6578",4,1999,74.12,69.99,66.79,74.17
"6579",5,1999,77.33,70.57,65.37,75.98
"6580",6,1999,69.56,64.23,61.96,67.78
"6581",7,1999,73.18,66.46,65.99,69.57
"6582",8,1999,74.76,66.28,64.6,69.91
"6583",9,1999,81.84,68.16,67.77,69.42
"6584",10,1999,83.69,67.8,67.72,71.28
"6585",11,1999,85.28,68.84,70.03,72.61
"6586",12,1999,87.86,74.5,72.8,78.42
"6587",13,1999,85.74,70.71,69.17,76.04
"6588",14,1999,73.39,60.96,59.7,65.47
"6589",15,1999,70.59,58.67,59.71,64.08
"6590",16,1999,75.07,61.56,66.29,64.14
"6591",17,1999,75.78,62.39,65.52,65.96
"6592",18,1999,78.84,65.2,66.69,70.85
"6593",19,1999,79.52,64.94,66.35,70.45
"6594",20,1999,83.94,62.67,68.58,65.93
"6595",21,1999,88.11,71.82,78.83,72.13
"6596",22,1999,91.41,81.82,82.42,83.28
"6597",23,1999,89.72,82.16,79.87,82.78
"6598",24,1999,91.07,84.28,78.64,85.02
"6599",25,1999,91.79,83.51,75.44,86.7
"6600",26,1999,89.18,76.59,71.27,81.01
"6601",27,1999,89.12,77.18,72.74,78.96
"6602",28,1999,83.7,72.64,69.5,72.63
"6603",29,1999,80.2,69.3,66.01,69.7
"6604",30,1999,81.59,69.23,65.63,71.95
"6605",31,1999,81.64,68.18,65.37,71.35
"6606",32,1999,81.07,66.86,65.54,71.36
"6607",33,1999,76.11,62.81,61.75,67.6
"6608",34,1999,72.77,60.77,59.93,65.23
"6609",35,1999,72.17,57.6,57.77,61.85
"6610",36,1999,73.78,57.62,58.27,61.32
"6611",37,1999,72.75,56.45,58.33,60.44
"6612",38,1999,74.78,56.34,59.07,58.66
"6613",39,1999,74.83,53.64,57.02,56.42
"6614",40,1999,85.3,61.35,65.44,61.45
"6615",41,1999,90.13,72.12,76.69,77.68
"6616",42,1999,90.63,77.23,77.5,79.01
"6617",43,1999,91.25,73.43,76.12,76.35
"6618",44,1999,90.38,78.91,75.74,82.7
"6619",45,1999,85.92,69.2,70.72,73.3
"6620",46,1999,90.84,73.33,74.32,76.96
"6621",47,1999,94.26,82.82,81.38,87.25
"6622",48,1999,90.28,75.09,73.15,77.79
"6623",49,1999,88.61,71.83,69.02,76.6
"6624",50,1999,92.65,80.3,75.91,85.16
"6625",51,1999,92.44,86.91,88.26,88.35
"6626",52,1999,92.48,87.01,89.1,88.17
"6627",53,1999,94.31,90.97,91.07,91.45
"6628",54,1999,94.73,91.19,91.59,90.15
"6629",55,1999,84.93,82.12,78.24,84.39
"6630",56,1999,81.62,76.35,72.81,77.8
"6631",57,1999,82.53,76.08,73.84,79.2
"6632",58,1999,81.82,72.24,70.45,75.71
"6633",59,1999,80.58,71.19,69.89,74.01
"6634",60,1999,78.32,68.24,65.43,72.87
"6635",61,1999,73.77,62.73,62,68.29
"6636",62,1999,72.03,61.58,64.09,63.41
"6637",63,1999,86.49,75.59,74.91,76.16
"6638",64,1999,82.5,70.73,69.61,72.35
"6639",65,1999,71.74,58.57,58.29,62.76
"6640",66,1999,65.48,53.2,52.14,59.4
"6641",67,1999,63.57,53.84,53.3,56.97
"6642",68,1999,64.09,51.55,52.37,57.95
"6643",69,1999,71.91,55.38,57.93,58.73
"6644",70,1999,82.31,67.3,71.08,67.31
"6645",71,1999,88.67,79.86,78.82,81.88
"6646",72,1999,91.37,87.83,87.15,88.85
"6647",73,1999,91.57,87.46,88.09,87.2
"6648",74,1999,90.21,85.52,83.1,85.15
"6649",75,1999,89.91,82.04,75.5,82.65
"6650",76,1999,86.7,76.97,72.18,81.14
"6651",77,1999,83.14,71.96,66.94,74.14
"6652",78,1999,79.93,68.32,66.8,69.05
"6653",79,1999,77,67.57,61.96,68.04
"6654",80,1999,82.29,70.03,66.39,72.06
"6655",81,1999,90.44,74.26,73.34,75.3
"6656",82,1999,90.4,80.1,78.8,80.33
"6657",83,1999,89.15,78.52,70.4,81.53
"6658",84,1999,85.97,73.97,69.29,77.67
"6659",85,1999,85.55,73.19,71.67,74.44
"6660",86,1999,93.02,83.33,82.66,83.47
"6661",87,1999,93.76,89.31,84.76,91.73
"6662",88,1999,86.52,80.02,75.13,81.62
"6663",89,1999,80.16,73.31,66,78.21
"6664",90,1999,79.88,69.98,70.11,72.63
"6665",91,1999,88.64,80.85,85.16,80.38
"6666",92,1999,94.4,90.49,90.53,89.99
"6667",93,1999,92.6,89.45,89.46,89.12
"6668",94,1999,88.78,86.09,87.87,84.74
"6669",95,1999,95.76,92.74,92.95,93.03
"6670",96,1999,92.87,88.42,90.16,89.56
"6671",97,1999,92.17,88.37,91.02,87.64
"6672",98,1999,93.09,90.01,89.67,92.7
"6673",99,1999,93.21,90.71,91.26,93.07
"6674",100,1999,95.87,92.42,92.05,94.2
"6675",101,1999,93.87,90.22,91.26,91.36
"6676",102,1999,92.68,86.63,87.76,89.31
"6677",103,1999,94.28,89.78,89.27,92.64
"6678",104,1999,93.83,89.59,89.54,90.34
"6679",105,1999,92.61,89.01,88.54,89.13
"6680",106,1999,88.32,84.22,81.99,88.33
"6681",107,1999,81.78,75.63,71.86,76.29
"6682",108,1999,81.79,74.35,74.2,75.22
"6683",109,1999,90.79,82.06,82.65,84.83
"6684",110,1999,93.04,89.55,90.16,87.34
"6685",111,1999,87.95,87.63,88.95,84.19
"6686",112,1999,91.08,88.07,89.91,86.92
"6687",113,1999,92.92,88.66,88.3,90.09
"6688",114,1999,94.95,90.59,91.19,91.78
"6689",115,1999,91.73,88,91.1,89.11
"6690",116,1999,92.34,88.69,89.62,89.42
"6691",117,1999,92.22,84.77,90.26,86.42
"6692",118,1999,94.36,87.54,89.48,91.29
"6693",119,1999,89.85,86.46,84.65,89.24
"6694",120,1999,87.2,85.21,85.01,85.75
"6695",121,1999,89.48,86.97,83.88,88.53
"6696",122,1999,91.85,87.06,88.95,87.31
"6697",123,1999,90.84,88.59,89.61,87.84
"6698",124,1999,92.73,86.58,86.86,87.81
"6699",125,1999,86.77,83.99,83.9,84.75
"6700",126,1999,90.52,85.45,86.81,86.68
"6701",127,1999,91.48,88.44,89.57,87.95
"6702",128,1999,92.94,90.66,92.17,88.52
"6703",129,1999,91.85,91.22,90.09,92.82
"6704",130,1999,87.51,86.46,88.87,86.6
"6705",131,1999,89.05,87.88,86.97,89.47
"6706",132,1999,90.89,88.99,90.29,88.98
"6707",133,1999,95.64,91.9,92.99,91.85
"6708",134,1999,94.98,91.11,92.63,91.52
"6709",135,1999,88.28,87.05,87.1,88.76
"6710",136,1999,89.53,86.2,84.9,87.79
"6711",137,1999,87.48,83.12,84.34,83.47
"6712",138,1999,89.87,82.06,82.56,84.96
"6713",139,1999,87.36,84.33,83.03,86.26
"6714",140,1999,90.93,87.34,91.59,85.61
"6715",141,1999,92.21,90.32,89.52,89.06
"6716",142,1999,90.47,85.2,84.91,84.13
"6717",143,1999,87.21,83.06,84.07,81.52
"6718",144,1999,86.87,81.5,83.5,82.63
"6719",145,1999,92.18,83.91,84.06,85.82
"6720",146,1999,91.12,82.79,84.51,83.6
"6721",147,1999,89.15,81.83,83.97,82.13
"6722",148,1999,93.42,89.39,90.51,89.1
"6723",149,1999,94.38,90.54,92.95,91.51
"6724",150,1999,93.38,91.07,91.67,90.08
"6725",151,1999,93.04,88.7,88.88,89.24
"6726",152,1999,89.24,86.48,85.73,87.57
"6727",153,1999,88.16,86.08,85.97,86.02
"6728",154,1999,95.42,89.71,90.38,89.98
"6729",155,1999,95.31,88.12,87.17,91.13
"6730",156,1999,94.63,89.05,89.78,92.85
"6731",157,1999,89.31,86.18,88.57,85.35
"6732",158,1999,90.41,86.29,86.27,89.16
"6733",159,1999,89.27,86.04,88.01,86.68
"6734",160,1999,88.81,86.37,89.05,87.09
"6735",161,1999,91.82,87.12,89.36,88.1
"6736",162,1999,90.46,87,89.94,86.41
"6737",163,1999,92.13,88.76,92.08,88.31
"6738",164,1999,93.62,91,91.59,89.5
"6739",165,1999,92.88,88.64,90.68,88.58
"6740",166,1999,89.81,88.38,92.37,86.67
"6741",167,1999,88.15,85.87,85.77,88
"6742",168,1999,89.52,86.52,89.44,87.08
"6743",169,1999,93.75,93.12,93.48,92.17
"6744",170,1999,91.29,88.52,89.53,88.5
"6745",171,1999,92.56,89.53,90.15,88.16
"6746",172,1999,93.79,91.4,92.38,92.94
"6747",173,1999,92.38,90.37,90.87,91.68
"6748",174,1999,90.96,88.56,90.18,89.26
"6749",175,1999,94.95,92.03,94.04,92.74
"6750",176,1999,92.67,91,94.61,91.7
"6751",177,1999,88.33,86.95,89.68,86.2
"6752",178,1999,92.05,88.72,91.47,88.39
"6753",179,1999,92.22,89.94,89.25,92.01
"6754",180,1999,88.23,87.93,87.99,90
"6755",181,1999,89.99,85.82,86.75,86.55
"6756",182,1999,93.51,88.27,91.04,88.28
"6757",183,1999,93.65,88.08,88.32,89.29
"6758",184,1999,90.35,89.18,90.92,89.58
"6759",185,1999,89.27,86.77,88.17,86.15
"6760",186,1999,88.82,85.69,88.43,85.32
"6761",187,1999,90.3,88.96,89.62,89.49
"6762",188,1999,93.5,89.15,91.65,90.13
"6763",189,1999,94.26,88.09,94.77,85.08
"6764",190,1999,88.86,84.27,89.53,82.71
"6765",191,1999,90.48,87.43,88.32,83.25
"6766",192,1999,88.29,85.69,86.45,86.14
"6767",193,1999,86.03,84.47,88.27,86.27
"6768",194,1999,92.1,89.04,90.45,89.02
"6769",195,1999,91.73,86.59,88.54,85.25
"6770",196,1999,90.7,86.62,86.92,87.02
"6771",197,1999,90.42,87.79,89.03,85.96
"6772",198,1999,90.88,89.54,92,89.07
"6773",199,1999,91.22,88.47,92.32,87.55
"6774",200,1999,89.61,86.27,88.99,86.82
"6775",201,1999,88.76,86.14,88.5,86.2
"6776",202,1999,91.45,87,91.35,85.89
"6777",203,1999,93.45,88.53,90.02,88.55
"6778",204,1999,89.91,87.7,89.59,86.83
"6779",205,1999,94.46,91.47,94.33,90.54
"6780",206,1999,92.46,89.56,92.59,88.48
"6781",207,1999,90.82,87.14,91.65,87.16
"6782",208,1999,93.88,91.09,92.42,91.97
"6783",209,1999,91.18,87.82,92.97,85.73
"6784",210,1999,91.74,88.24,91.29,89.83
"6785",211,1999,90.89,88.97,91.55,88.14
"6786",212,1999,95.61,92.45,91.97,91.86
"6787",213,1999,93.28,91.92,95.14,88.51
"6788",214,1999,92.56,88.47,90.72,86.45
"6789",215,1999,90.97,84.49,90.25,83.62
"6790",216,1999,89.27,82.95,91.59,76.56
"6791",217,1999,88.56,85.17,87.63,80.28
"6792",218,1999,88.58,85.59,85.23,87.68
"6793",219,1999,92.93,87.1,89.6,89.67
"6794",220,1999,95.91,92.96,93.84,92.17
"6795",221,1999,92.55,86.26,89.73,87.89
"6796",222,1999,93.14,90.34,94.49,86.48
"6797",223,1999,89.86,86.24,87.78,87.85
"6798",224,1999,90.08,84.56,88.2,84.63
"6799",225,1999,93.38,89.99,90.24,89.12
"6800",226,1999,91.42,89.29,89.2,90.71
"6801",227,1999,93.51,90.8,91.84,89.83
"6802",228,1999,92.19,87.75,91.31,86.24
"6803",229,1999,79.33,76.85,83.19,74.84
"6804",230,1999,76.91,76.03,76.71,75.23
"6805",231,1999,82.15,78.32,83.03,78.35
"6806",232,1999,91.29,87.63,92.77,83.61
"6807",233,1999,87.1,83.27,86.78,81.72
"6808",234,1999,86.98,85.51,85.25,84.28
"6809",235,1999,91.76,89.01,84.33,87.88
"6810",236,1999,88.14,84.68,87.11,85.23
"6811",237,1999,88.83,86.82,87.5,88.84
"6812",238,1999,90.52,86.49,90.23,86.26
"6813",239,1999,87.39,86.13,87.87,83.84
"6814",240,1999,89.9,87.16,87.91,86.03
"6815",241,1999,89.17,86.59,89.23,87.2
"6816",242,1999,91.05,89.21,93.48,88.26
"6817",243,1999,89.18,84.8,88.97,83.8
"6818",244,1999,89.82,87.98,90.13,86.04
"6819",245,1999,92.11,89.47,89.39,89.65
"6820",246,1999,87.13,85.31,87.5,84.44
"6821",247,1999,89.77,84.04,87.89,82.5
"6822",248,1999,94.07,90.15,91.19,90.13
"6823",249,1999,89.04,88.65,90.32,88.99
"6824",250,1999,87.52,87.97,87.98,86.12
"6825",251,1999,90.33,87.34,90.96,86.51
"6826",252,1999,89.3,86,86.54,87.77
"6827",253,1999,91.11,87.47,88.92,88.05
"6828",254,1999,92.19,89.24,92.3,87.73
"6829",255,1999,89.55,88.57,87.73,85.58
"6830",256,1999,89.49,85.48,88.5,84.28
"6831",257,1999,87.45,84.85,86.41,86.74
"6832",258,1999,87.34,84.52,86.31,85.59
"6833",259,1999,90.58,85.37,87.53,86.35
"6834",260,1999,92.41,89.84,91.43,89.34
"6835",261,1999,87.72,84.64,86.8,84.71
"6836",262,1999,86.86,84.41,85.21,84.06
"6837",263,1999,91.7,87.28,88.41,85.44
"6838",264,1999,90.45,87.51,90.69,87.42
"6839",265,1999,92.43,87.29,92.97,87.26
"6840",266,1999,90.45,88.55,88.82,87.4
"6841",267,1999,88.29,84.42,87.62,84.27
"6842",268,1999,89.67,84.34,85.3,85.88
"6843",269,1999,92.11,86.89,89.65,86.48
"6844",270,1999,90.15,87.9,89.49,90.16
"6845",271,1999,92.29,88.44,91.85,88.55
"6846",272,1999,90.54,87.86,89.62,87.57
"6847",273,1999,90.7,86.79,88.37,87.25
"6848",274,1999,86.1,87.11,86.19,84.48
"6849",275,1999,88.94,87.64,86.77,86.16
"6850",276,1999,91.89,87.65,88.68,87.23
"6851",277,1999,92.95,89.88,92.41,89.75
"6852",278,1999,91.54,89.7,91.62,88.54
"6853",279,1999,86.41,84.4,84.26,83.05
"6854",280,1999,87.64,84.18,88.43,82.36
"6855",281,1999,91.66,87.29,90.78,85.75
"6856",282,1999,91.46,88.13,91.2,87.55
"6857",283,1999,89.32,86.86,86.85,87.71
"6858",284,1999,88.53,88,86.75,88.7
"6859",285,1999,91.17,90.41,90.06,89.38
"6860",286,1999,92.48,89.4,90.65,88.38
"6861",287,1999,90.57,88.09,89.91,86.31
"6862",288,1999,90.91,89.11,88.52,88.12
"6863",289,1999,90.18,86.57,88.34,86.33
"6864",290,1999,87.5,84.93,86.84,84.64
"6865",291,1999,86.41,85.46,82.62,83.6
"6866",292,1999,90.17,85.35,85.25,87.69
"6867",293,1999,88.25,85.44,88.07,86.04
"6868",294,1999,84.72,84.7,84.09,85.41
"6869",295,1999,85.47,84.96,85.09,84.83
"6870",296,1999,90.09,86.83,86.71,88.08
"6871",297,1999,91.9,89.42,91.25,88.44
"6872",298,1999,89.3,86.84,89.79,88.28
"6873",299,1999,87.01,83.9,84.44,86.1
"6874",300,1999,84.19,79.85,84.19,80.02
"6875",301,1999,86.55,83.78,85.62,84.36
"6876",302,1999,87.64,84.45,85.12,84.86
"6877",303,1999,91.1,87.66,90.12,88.08
"6878",304,1999,90.34,86.78,89.77,88.01
"6879",305,1999,89.78,86.24,89.05,85.44
"6880",306,1999,86.33,87.54,87.91,86.19
"6881",307,1999,88.25,86.62,88.88,87.04
"6882",308,1999,87.42,85.84,85.89,85.87
"6883",309,1999,82.31,79.57,78.65,78.57
"6884",310,1999,88.82,85.52,86.5,85.55
"6885",311,1999,87.84,85.81,86.54,86.18
"6886",312,1999,85.43,83.72,84.11,83.88
"6887",313,1999,84.86,82.74,84.31,84.1
"6888",314,1999,91.92,87.12,88.81,86.96
"6889",315,1999,92.21,88.68,89.41,89.28
"6890",316,1999,88.47,85.59,86.46,85.5
"6891",317,1999,86.75,84.26,87.2,84.59
"6892",318,1999,86.33,83.71,86.81,83.89
"6893",319,1999,85.37,84.18,83.04,86.67
"6894",320,1999,83.8,83.65,82.38,83.96
"6895",321,1999,88.31,87.34,88,89.49
"6896",322,1999,93.73,90.43,91.99,91.47
"6897",323,1999,90.35,88.46,89.17,87.33
"6898",324,1999,83.69,83.92,83.79,83.76
"6899",325,1999,83.44,79.82,82.52,81.59
"6900",326,1999,89.57,83.54,82.7,85.93
"6901",327,1999,90.09,86.62,86.53,88.92
"6902",328,1999,87.41,86.34,87.96,87.67
"6903",329,1999,83.94,83.68,83.65,84.09
"6904",330,1999,83.28,78.98,77.7,83.26
"6905",331,1999,81.74,76.74,75.55,78.58
"6906",332,1999,86.5,80.8,83.06,80.71
"6907",333,1999,86.32,82.56,84.39,83.51
"6908",334,1999,87.8,83.14,83.44,85.69
"6909",335,1999,88.39,83.02,84.93,84.27
"6910",336,1999,91.64,87.09,87.19,89.69
"6911",337,1999,90.77,86.79,86.91,86.54
"6912",338,1999,90.97,86.52,87.91,87.37
"6913",339,1999,87.83,84.35,83.73,85.76
"6914",340,1999,81.46,79.1,76.19,80.87
"6915",341,1999,78.42,75.84,73.39,78.41
"6916",342,1999,79.9,78.3,75.49,78.41
"6917",343,1999,90.54,87.18,86.91,87.25
"6918",344,1999,90.78,86.99,89.7,86.88
"6919",345,1999,91.46,88.97,89.56,88.41
"6920",346,1999,90.66,87.19,88.06,88.06
"6921",347,1999,90.57,86.59,84.91,85.9
"6922",348,1999,86.25,83.14,78.83,83.78
"6923",349,1999,85.56,82.7,79.91,83.78
"6924",350,1999,89.06,85.28,82.53,87.05
"6925",351,1999,86.97,80.4,77.93,83.03
"6926",352,1999,84.06,77.9,75.53,77.72
"6927",353,1999,84.35,77.57,75.11,78.13
"6928",354,1999,80.6,74.68,70.43,77.14
"6929",355,1999,77.52,74.04,71.32,74.44
"6930",356,1999,74.89,72.88,69.27,74.7
"6931",357,1999,75.11,72.13,67.39,73.37
"6932",358,1999,75.74,71.65,68.34,73.15
"6933",359,1999,72.52,68.08,64.94,72.56
"6934",360,1999,67.14,63.67,59.79,67.23
"6935",361,1999,69.32,64.98,60.8,68.12
"6936",362,1999,70.11,65.48,64.26,68.12
"6937",363,1999,75.46,70.59,70.97,73.05
"6938",364,1999,78.49,71.31,70.48,74.82
"6939",365,1999,71.81,64.68,62.16,70.2
"6940",1,2000,68.72,62.6,60.2,69.43
"6941",2,2000,64.82,61.41,56.73,68.49
"6942",3,2000,65.66,64.47,61.19,70.81
"6943",4,2000,68.11,64.69,62.35,69.69
"6944",5,2000,63.97,60.34,58.96,62.91
"6945",6,2000,62.08,58.64,58.92,61.44
"6946",7,2000,67.74,63.26,64.57,64.86
"6947",8,2000,70.46,64.13,64.37,65.44
"6948",9,2000,63.89,59.81,60.35,61.68
"6949",10,2000,61.62,58.12,57.52,59.95
"6950",11,2000,60.14,56.64,56.89,59.61
"6951",12,2000,59.74,56.4,57.03,58.15
"6952",13,2000,56.25,50.14,50.76,54.09
"6953",14,2000,51.69,48.95,49.36,50.67
"6954",15,2000,54.32,48.91,51.46,48.16
"6955",16,2000,50.35,48.34,50.86,47.65
"6956",17,2000,52.46,50.51,53.09,50.72
"6957",18,2000,57.35,54.5,55.23,54.31
"6958",19,2000,81.82,63.1,71.59,63.58
"6959",20,2000,86.27,70.34,73.65,74.47
"6960",21,2000,86.4,71.49,71.27,76.26
"6961",22,2000,76.34,60.27,58.35,66.03
"6962",23,2000,65.7,52.97,53.34,58.55
"6963",24,2000,64.43,53.31,54.91,57.99
"6964",25,2000,64.26,53.72,52.8,57.18
"6965",26,2000,62.29,52.59,52.53,55.27
"6966",27,2000,59.38,51.56,53.27,53.88
"6967",28,2000,60.93,52.63,53.26,55.08
"6968",29,2000,60.04,51.2,52.24,52.73
"6969",30,2000,64.75,50.56,57.67,49.92
"6970",31,2000,71.96,55.22,61.21,60.16
"6971",32,2000,76.89,65.58,64.27,68.1
"6972",33,2000,92.07,81.97,79.21,82
"6973",34,2000,86.34,73.33,77.03,75.17
"6974",35,2000,80,65.45,69.71,67.34
"6975",36,2000,67.99,54.26,58.57,57.02
"6976",37,2000,65.52,53.52,56.87,53.88
"6977",38,2000,62.38,52.29,54.8,54.33
"6978",39,2000,57.44,47.99,52.73,49.73
"6979",40,2000,56.08,46.56,51.4,46.5
"6980",41,2000,53.24,44.93,51.12,44.28
"6981",42,2000,51.91,45.22,50.04,45.92
"6982",43,2000,50.85,44.86,49.24,43.64
"6983",44,2000,51.06,47.82,50.28,46.84
"6984",45,2000,47.82,44.43,46.8,44.99
"6985",46,2000,49.18,43.11,45.61,43.72
"6986",47,2000,54.02,46.2,47.45,45.88
"6987",48,2000,60.57,49.91,51.06,51.29
"6988",49,2000,57.17,52.29,48.91,54.52
"6989",50,2000,54.37,48.94,44.68,50.91
"6990",51,2000,59.05,51.8,52.61,52.1
"6991",52,2000,73,55.03,59.93,55.12
"6992",53,2000,75.22,56.23,60.79,57.11
"6993",54,2000,87.17,69.51,75.6,69.51
"6994",55,2000,86.08,68.49,70.72,72.99
"6995",56,2000,87.56,62,65.57,63.78
"6996",57,2000,79.19,55.18,56.44,57.71
"6997",58,2000,75.24,52.13,55.52,55.86
"6998",59,2000,75.71,51.42,54.04,54.14
"6999",60,2000,77.03,52.42,57.29,54.29
"7000",61,2000,77.05,52.38,57.31,55.08
"7001",62,2000,82.1,55.74,57,61.6
"7002",63,2000,80.76,54.48,57.24,57.16
"7003",64,2000,73.43,49.37,52.28,51.12
"7004",65,2000,72.51,47.2,49.11,49.19
"7005",66,2000,72.05,43.51,47.77,44.63
"7006",67,2000,77.71,51.32,54.99,51.92
"7007",68,2000,73.01,47.13,48.31,52.02
"7008",69,2000,66.39,41.25,46.68,42.37
"7009",70,2000,58.93,40.45,44.5,41.03
"7010",71,2000,66.95,45.02,48.67,42.51
"7011",72,2000,68.73,48.45,49.34,50.63
"7012",73,2000,62.66,39.78,40.96,47.07
"7013",74,2000,55.14,39.2,39.17,44.55
"7014",75,2000,52.27,39.89,39.46,43.28
"7015",76,2000,56.04,42.37,42.33,42.69
"7016",77,2000,55.95,41.88,43.15,43.36
"7017",78,2000,50.35,39.92,40.6,42.61
"7018",79,2000,53.34,38.58,39.51,39.59
"7019",80,2000,57.5,39.86,42.53,40.52
"7020",81,2000,64.81,42.8,46.11,44.24
"7021",82,2000,79.66,60.55,60.23,55.88
"7022",83,2000,87.63,73.36,78.34,71.5
"7023",84,2000,87.71,79.75,78.37,79.2
"7024",85,2000,89.69,88.61,86.85,90.11
"7025",86,2000,93.15,90.9,93.31,87.78
"7026",87,2000,87.6,85.31,83.73,83.95
"7027",88,2000,82.65,78.98,77.93,81.34
"7028",89,2000,86.77,74.36,75.22,77.09
"7029",90,2000,88.04,75.14,76.3,77.54
"7030",91,2000,79.89,67.78,69.34,68.84
"7031",92,2000,73.28,65.86,64.7,68.05
"7032",93,2000,81.79,68.73,72.71,70.26
"7033",94,2000,87.22,76.92,76.45,80.46
"7034",95,2000,90.53,82.76,84.66,85.33
"7035",96,2000,91.63,88.07,89.27,88.93
"7036",97,2000,93.85,89.87,90.94,90.82
"7037",98,2000,95.16,93.24,90.53,95.36
"7038",99,2000,87.18,84.61,82.07,84.03
"7039",100,2000,80.79,75.56,74.86,78.3
"7040",101,2000,84.48,76.08,78.42,78.19
"7041",102,2000,93.7,85.96,90.15,86.55
"7042",103,2000,94.36,86.32,85.24,90.49
"7043",104,2000,93.41,86.61,88.87,90.04
"7044",105,2000,87.04,78.33,80.88,84.44
"7045",106,2000,81.45,76.48,72.58,79.64
"7046",107,2000,88.52,79.81,74.44,84.16
"7047",108,2000,93.13,83.38,83.75,83.57
"7048",109,2000,89.45,82.6,79.48,84.77
"7049",110,2000,88.91,76.58,75.35,78.61
"7050",111,2000,93.89,83.62,81.75,85.45
"7051",112,2000,91.01,84.24,81.95,88.08
"7052",113,2000,90.81,86.04,86.66,86.56
"7053",114,2000,92.93,89.32,91.3,90.73
"7054",115,2000,93.7,89.36,89.38,91.51
"7055",116,2000,93.03,85.15,85.02,89.8
"7056",117,2000,91.23,80.05,78.63,82.14
"7057",118,2000,87.23,78.14,77.38,79.85
"7058",119,2000,90.66,80.65,79.97,81.21
"7059",120,2000,88.85,83.08,80.64,86.25
"7060",121,2000,87.94,82.65,80.6,85.56
"7061",122,2000,87.36,82.36,78.14,86.22
"7062",123,2000,87.2,81.39,76.39,85.13
"7063",124,2000,90.74,82.89,82.36,86.52
"7064",125,2000,93.69,92.1,87.87,94
"7065",126,2000,94.36,88.81,90.28,91.02
"7066",127,2000,93.39,90.17,86.94,92.24
"7067",128,2000,87.86,83.88,82.59,85.54
"7068",129,2000,87.57,83.4,83.6,83.29
"7069",130,2000,92.55,88.82,89.14,90.42
"7070",131,2000,92.47,89.77,91.52,92.05
"7071",132,2000,95.34,91.99,94.24,90.6
"7072",133,2000,94.23,94.1,94.54,94.21
"7073",134,2000,91.75,89.68,89.64,88.79
"7074",135,2000,94.46,89.88,92.63,91.27
"7075",136,2000,94.71,91.22,92.61,92.96
"7076",137,2000,94.3,90.22,90.59,92.31
"7077",138,2000,93.61,86.45,86.97,88.61
"7078",139,2000,95.37,89.85,89.37,91.01
"7079",140,2000,92.77,88.21,88.42,91.89
"7080",141,2000,95.38,92.12,95.63,94.47
"7081",142,2000,93.73,91.02,92.15,91.99
"7082",143,2000,95.03,91.5,93.45,92.17
"7083",144,2000,91.89,89.57,93.71,90.11
"7084",145,2000,91.52,89.58,91.66,89.42
"7085",146,2000,93.94,91.86,94.74,90.21
"7086",147,2000,94.37,90.17,90.85,90.74
"7087",148,2000,94.27,91.07,92.19,91.14
"7088",149,2000,95.97,91.8,91.51,91.97
"7089",150,2000,90.6,88.17,89.69,86.8
"7090",151,2000,93.3,89.45,91.57,89.81
"7091",152,2000,96.83,94.2,93.41,95.89
"7092",153,2000,95.49,93.89,93.94,95.07
"7093",154,2000,91.07,85.92,86.92,85.28
"7094",155,2000,93.78,90.17,91.9,90.71
"7095",156,2000,95.05,91.26,92.78,90.34
"7096",157,2000,95.64,92.52,93.67,93.34
"7097",158,2000,92.76,89.04,90.64,90.3
"7098",159,2000,94.75,91.77,93.52,94.16
"7099",160,2000,93.18,88.8,90.03,90.07
"7100",161,2000,90.5,88.76,89.2,91
"7101",162,2000,93.43,90.29,92.55,88.77
"7102",163,2000,93.74,90.99,93.43,92.86
"7103",164,2000,91.39,88.74,92.52,88.69
"7104",165,2000,93.52,91.34,93.75,90.48
"7105",166,2000,91.42,90.04,90.43,90.66
"7106",167,2000,93.05,87.31,89.62,85.9
"7107",168,2000,93.78,89.99,90.19,90.87
"7108",169,2000,93.3,89.49,86.74,89.64
"7109",170,2000,95.74,92.74,93.07,92.81
"7110",171,2000,95.79,93.27,94.79,94.64
"7111",172,2000,92.33,89.75,93.69,91.68
"7112",173,2000,93.27,89.5,92.3,88.62
"7113",174,2000,95.11,91.08,94.26,90.96
"7114",175,2000,94.05,91.93,94.15,93.25
"7115",176,2000,93.56,91,92.62,90.73
"7116",177,2000,92.2,87.89,91.18,86.76
"7117",178,2000,91.84,88.45,90.45,88.28
"7118",179,2000,93.51,89.48,90.75,89.51
"7119",180,2000,93.31,89.4,91.89,90.36
"7120",181,2000,90.45,90.92,91.15,91.29
"7121",182,2000,89.01,84.27,83.2,86.69
"7122",183,2000,90.59,82.23,84.71,85.79
"7123",184,2000,90.57,87.35,88.83,88.59
"7124",185,2000,93.86,86.71,89.38,88.21
"7125",186,2000,95.54,93.87,93.71,93.2
"7126",187,2000,92.63,89.09,91.27,90.89
"7127",188,2000,91.87,89.75,92.74,89.14
"7128",189,2000,88.61,85.96,90.12,87.97
"7129",190,2000,87.36,81.51,82.6,82.4
"7130",191,2000,83.64,80.02,80.59,79.96
"7131",192,2000,83.19,81.37,82.43,80.3
"7132",193,2000,87.23,79.61,82.76,79.99
"7133",194,2000,94.61,89.12,91.19,89
"7134",195,2000,97.3,93.45,94.42,93.26
"7135",196,2000,95.93,94.56,96.77,94.31
"7136",197,2000,86.39,86.4,91.94,85.79
"7137",198,2000,90.9,89.69,89.95,91.41
"7138",199,2000,91.21,85.59,91.09,86.83
"7139",200,2000,91.67,84.36,88.24,86.74
"7140",201,2000,90.48,87.41,89.23,89.46
"7141",202,2000,91.33,89.93,92.37,92.19
"7142",203,2000,93.8,91.4,92.7,92.03
"7143",204,2000,89.67,86.53,88.54,86.62
"7144",205,2000,87.85,86.44,86.35,86.61
"7145",206,2000,93.51,90.96,91.62,92.84
"7146",207,2000,95.55,91.03,93.75,93.88
"7147",208,2000,93.37,91.01,91.54,93.24
"7148",209,2000,93.95,87.76,90.2,87.57
"7149",210,2000,91.26,86.87,92.45,84.14
"7150",211,2000,89.79,86.79,92.14,79.63
"7151",212,2000,84.42,81.77,86.86,77.06
"7152",213,2000,88.98,83.49,87.27,83.46
"7153",214,2000,93.79,90.01,91.68,90.08
"7154",215,2000,87.26,88.38,88.8,87.22
"7155",216,2000,92.96,89.62,91.27,89.24
"7156",217,2000,94.05,90.91,91.95,90.59
"7157",218,2000,94.13,90.74,92.67,89.8
"7158",219,2000,88.26,85.24,89.42,86.07
"7159",220,2000,93.66,89.59,92.47,90.92
"7160",221,2000,89.43,87.76,90.44,87.93
"7161",222,2000,91.25,88.14,89.1,87.78
"7162",223,2000,89.97,88.09,88.85,88.27
"7163",224,2000,89.47,88,88.3,87.94
"7164",225,2000,92.94,91.61,91.72,92.66
"7165",226,2000,90.16,87.77,88.46,87.92
"7166",227,2000,88.55,84.89,86.96,86.47
"7167",228,2000,91.59,87.16,89.65,86.53
"7168",229,2000,93.65,89.42,90.69,89.41
"7169",230,2000,92.09,88.61,90.06,87.63
"7170",231,2000,91.19,88.18,89.91,88.66
"7171",232,2000,93.22,88.62,92.25,87.32
"7172",233,2000,92.12,87.5,89.88,86.69
"7173",234,2000,91.09,87.22,87.42,87.35
"7174",235,2000,88.22,85.88,86.48,86.46
"7175",236,2000,91.35,89.04,91.41,89.25
"7176",237,2000,94.24,90.55,91.46,87.82
"7177",238,2000,92.52,91.38,91.55,90.24
"7178",239,2000,89.15,87.1,88.55,86.63
"7179",240,2000,91.77,88.17,89.76,89.98
"7180",241,2000,88.17,86.44,87.67,86.56
"7181",242,2000,85.56,84.36,84.66,85.28
"7182",243,2000,90.7,85.5,90.3,86.95
"7183",244,2000,93.57,89.98,92.25,91.42
"7184",245,2000,93.34,91.14,91.94,90.53
"7185",246,2000,91.21,89.19,89.15,90.1
"7186",247,2000,89.28,85.99,88.55,86.72
"7187",248,2000,94.41,89.95,92.93,88.55
"7188",249,2000,94.49,89.77,93.71,89.01
"7189",250,2000,92.73,89.73,93.06,90.3
"7190",251,2000,86.88,85.1,87.75,85.56
"7191",252,2000,85.74,84.55,87.42,83.92
"7192",253,2000,89.55,85.79,87.37,85.91
"7193",254,2000,90.96,87.94,92.4,88.87
"7194",255,2000,90.46,87.18,92.47,87.72
"7195",256,2000,89.81,85.91,86.77,86.21
"7196",257,2000,86.75,82.77,83.57,83.19
"7197",258,2000,92.65,87.01,86.62,87.31
"7198",259,2000,89.98,89.59,91.42,88.3
"7199",260,2000,90.2,86.89,89.74,89.88
"7200",261,2000,92.8,89.17,91.13,90.35
"7201",262,2000,88.91,84.35,88.36,84.09
"7202",263,2000,89.7,84.31,86.87,85.72
"7203",264,2000,89.48,84.98,87.25,86.04
"7204",265,2000,90.49,86.7,87.37,86.27
"7205",266,2000,89.2,87.68,90.58,87.47
"7206",267,2000,93.14,90.67,90.9,89.68
"7207",268,2000,90.51,88.13,93.19,87.96
"7208",269,2000,87.8,85.07,86.59,84.64
"7209",270,2000,93.27,87.7,89.98,87.01
"7210",271,2000,94.31,90.34,92.4,90.53
"7211",272,2000,88.95,84.54,88.04,83.59
"7212",273,2000,86.12,83.36,83.48,84.99
"7213",274,2000,92.24,87.3,86.8,88.35
"7214",275,2000,91.28,87.02,89.13,86.85
"7215",276,2000,92.7,89.76,90.28,88.86
"7216",277,2000,92.84,89.32,90.42,89.42
"7217",278,2000,86.56,83.14,85.79,83.23
"7218",279,2000,89.92,83.1,86.84,82.85
"7219",280,2000,90.39,85.37,87.6,85.91
"7220",281,2000,91.86,88.17,88.45,89.33
"7221",282,2000,91.82,87.75,89.61,88.53
"7222",283,2000,89.3,87.93,88.15,87.18
"7223",284,2000,91,87.51,87.25,87.61
"7224",285,2000,91.42,86.93,89.33,87.81
"7225",286,2000,91.98,88.96,90.2,88.46
"7226",287,2000,90.34,88.97,90.26,89.36
"7227",288,2000,91.69,87.8,89.28,88.96
"7228",289,2000,92.61,90.07,92.71,88.19
"7229",290,2000,93.3,88.82,92.81,87.71
"7230",291,2000,88.95,86.8,88.64,85.98
"7231",292,2000,89.68,86.75,89.07,88.07
"7232",293,2000,90.24,86.6,87.85,87.45
"7233",294,2000,89.53,85.59,88.62,85.37
"7234",295,2000,93.21,89.96,88.98,91.48
"7235",296,2000,90.29,86.81,88.34,88.52
"7236",297,2000,90.08,85.08,86.74,85.5
"7237",298,2000,89.67,86.31,89.35,87.39
"7238",299,2000,89.66,87.92,89.43,88.44
"7239",300,2000,92.33,87.57,89.08,88.87
"7240",301,2000,92.76,89.16,91.78,89.52
"7241",302,2000,91.23,87.31,90.41,86.89
"7242",303,2000,89.97,86.21,87.74,87.76
"7243",304,2000,91.94,88.32,89.26,89.26
"7244",305,2000,90.12,87.6,89.54,88.3
"7245",306,2000,90.65,87.28,87.6,89.36
"7246",307,2000,88.41,84.97,86.58,85.45
"7247",308,2000,89.11,85.44,86.23,86.01
"7248",309,2000,89.75,85.78,86.18,88.97
"7249",310,2000,88.3,84.66,86.09,86.85
"7250",311,2000,85.42,82.27,84.58,83.36
"7251",312,2000,86.93,81.13,81.67,83.33
"7252",313,2000,85.37,79.49,80.89,80.87
"7253",314,2000,83.12,79.59,81.17,80.03
"7254",315,2000,81.05,79.6,81.11,82.84
"7255",316,2000,84.93,81.36,82.96,85.23
"7256",317,2000,81.65,80.55,81.5,84.52
"7257",318,2000,77.9,75.29,75.95,77.95
"7258",319,2000,75.21,72.66,74.01,74.96
"7259",320,2000,79.5,76.24,79.65,77.2
"7260",321,2000,88.82,83.87,87.28,85.48
"7261",322,2000,94.16,91.66,94.23,91.62
"7262",323,2000,94.96,91.43,93.12,91.78
"7263",324,2000,91.77,87.63,85.33,88.61
"7264",325,2000,83.22,78.47,77.65,78.99
"7265",326,2000,79.28,77.12,77.09,77.16
"7266",327,2000,82.1,79.64,81.21,80.3
"7267",328,2000,89.62,85.18,85.71,84.94
"7268",329,2000,90.42,85.75,86.82,88.01
"7269",330,2000,90.96,84.91,86.87,85.9
"7270",331,2000,92.75,84.67,86.83,85.54
"7271",332,2000,91.28,85.68,88.97,87.94
"7272",333,2000,91.17,87.85,91.83,87.61
"7273",334,2000,89.65,86.24,90.02,86.9
"7274",335,2000,89.24,86.28,87.23,86.24
"7275",336,2000,89.17,85.71,89.01,86.42
"7276",337,2000,88.7,86.17,86.81,86.65
"7277",338,2000,89.96,86.69,90.18,86.87
"7278",339,2000,88.76,83.71,85.63,82.57
"7279",340,2000,83.23,78.9,79.02,78.19
"7280",341,2000,88.65,83.89,84.45,82.56
"7281",342,2000,90.84,86.51,86.87,87.61
"7282",343,2000,88.87,82.22,81.2,83.59
"7283",344,2000,89.28,81.22,82.98,81.88
"7284",345,2000,89.72,81.82,86.36,81.07
"7285",346,2000,85.33,78.98,79.76,79.74
"7286",347,2000,79.37,73.13,71.3,75.01
"7287",348,2000,69.02,66.85,62.87,68.3
"7288",349,2000,68.91,67.61,64.17,70.7
"7289",350,2000,68.99,66.04,64.91,68.78
"7290",351,2000,66.89,63.72,63.97,66.94
"7291",352,2000,69.1,65.21,63.89,67.74
"7292",353,2000,68.02,62.89,63.44,65.38
"7293",354,2000,69.43,63.43,63.09,66.24
"7294",355,2000,71.61,64.51,68.92,62.91
"7295",356,2000,75.25,68.08,70.84,65.43
"7296",357,2000,84.43,73.74,79.52,70.92
"7297",358,2000,92.48,82.11,87.27,77.11
"7298",359,2000,92.61,84.53,88.24,84.28
"7299",360,2000,92.05,85.18,87.54,86.85
"7300",361,2000,91.41,87.02,89.95,86.06
"7301",362,2000,93.52,90.94,92.21,90.9
"7302",363,2000,92.24,87.17,91.02,86.23
"7303",364,2000,94.74,90.4,92.82,89.94
"7304",365,2000,94.23,89.5,90.79,90.01
"7305",366,2000,92.46,86.55,89.96,87
"7306",1,2001,88.17,78.98,78.58,79.36
"7307",2,2001,78.91,70.78,68.71,73.46
"7308",3,2001,74.18,70.56,66.5,72.28
"7309",4,2001,73.47,69.5,66.5,70.31
"7310",5,2001,73.79,70.39,70.98,69.43
"7311",6,2001,80.43,73.7,75.26,73.64
"7312",7,2001,83.6,73.34,72.17,74.74
"7313",8,2001,78.92,68.41,66.23,71.42
"7314",9,2001,74.4,64.53,62.87,69.05
"7315",10,2001,69.97,62.16,59.43,65.35
"7316",11,2001,65.99,59.19,55.79,63.94
"7317",12,2001,66.51,61.04,59.08,64.09
"7318",13,2001,67.91,60.94,60.14,64.74
"7319",14,2001,73.35,62.34,65.54,62.12
"7320",15,2001,82.97,66.86,74.01,67.11
"7321",16,2001,88.74,74.93,76.46,74.37
"7322",17,2001,85.3,67.7,69.37,68.19
"7323",18,2001,82.55,61.86,61.38,63.91
"7324",19,2001,81.12,61.09,64.04,61.05
"7325",20,2001,79.83,59.19,61.37,59.15
"7326",21,2001,78.29,53.68,56.54,57.91
"7327",22,2001,76.48,54.35,55.45,57.55
"7328",23,2001,71.6,54.05,54.76,53.91
"7329",24,2001,74.25,58.44,63.02,57.12
"7330",25,2001,81.98,59.76,62.13,60.05
"7331",26,2001,77.34,54.76,57.67,54.3
"7332",27,2001,70.39,52.04,54.78,52.74
"7333",28,2001,64.76,52.28,56.77,51.07
"7334",29,2001,64.15,53.86,57.88,53.4
"7335",30,2001,54.65,45.17,47.76,47.44
"7336",31,2001,50.75,42.01,45.63,44.86
"7337",32,2001,53.45,46.24,49.19,46.5
"7338",33,2001,52.71,46.31,47.17,47.67
"7339",34,2001,49.71,42.42,45,45.42
"7340",35,2001,52.32,44.57,48.78,44.16
"7341",36,2001,73.45,55.13,58.13,53.3
"7342",37,2001,81.82,67.05,67.25,67.36
"7343",38,2001,87.67,70.43,71.04,69.92
"7344",39,2001,87.59,69.12,66.8,69.73
"7345",40,2001,78.68,57.44,56.13,59.65
"7346",41,2001,69.26,48.52,49.74,52.97
"7347",42,2001,63.14,45.9,47.94,49.42
"7348",43,2001,67.23,52.68,53.7,54.8
"7349",44,2001,68.91,48.59,49.58,52.21
"7350",45,2001,64.1,44.45,46.28,48.01
"7351",46,2001,57.47,42.12,43.63,45.27
"7352",47,2001,59.17,47.52,47.42,49.86
"7353",48,2001,60.54,47.17,48.23,48.5
"7354",49,2001,61.56,44.6,46.72,45.93
"7355",50,2001,64.71,46.05,47.8,46.2
"7356",51,2001,61.9,45.71,47.74,46.44
"7357",52,2001,55.74,45.19,47.09,46.99
"7358",53,2001,49.29,42.93,44,44.18
"7359",54,2001,49.57,44.26,47.23,43.92
"7360",55,2001,52.1,46.34,47.6,45.26
"7361",56,2001,58.46,47.37,51.26,46.31
"7362",57,2001,61.71,47.97,50.45,48.46
"7363",58,2001,56.5,43.3,43.42,44.75
"7364",59,2001,51.03,42.01,43.89,41.81
"7365",60,2001,54.02,42.09,45.12,44.08
"7366",61,2001,57.6,42.34,47.34,43.14
"7367",62,2001,74.02,50.56,57.21,47
"7368",63,2001,87.26,69.47,69.76,67.66
"7369",64,2001,88.2,73.41,74.37,75.94
"7370",65,2001,86.63,74.33,75.81,74.61
"7371",66,2001,85.78,74.39,74.73,73.62
"7372",67,2001,85.78,75.35,73.16,75
"7373",68,2001,89.39,74.91,70.16,79.17
"7374",69,2001,86.45,67.38,62.32,70.07
"7375",70,2001,76.81,49.95,49,56.35
"7376",71,2001,71.94,47.45,44.5,50.83
"7377",72,2001,66.61,47.16,46.45,47.08
"7378",73,2001,63.41,47.79,46.44,47.55
"7379",74,2001,61.96,46.01,46.3,45.79
"7380",75,2001,73.6,47.86,50.86,46.88
"7381",76,2001,81.19,52.66,60.04,48.78
"7382",77,2001,83.38,66.69,65.65,64.89
"7383",78,2001,81.6,66.98,65.36,69.24
"7384",79,2001,87.79,70.62,73.87,75.06
"7385",80,2001,90.99,82.14,81.66,85.55
"7386",81,2001,91.83,84,82.63,84.73
"7387",82,2001,89.64,81.85,82.32,84.12
"7388",83,2001,90.36,81.83,79.63,87.34
"7389",84,2001,87.79,71.92,74.87,76.98
"7390",85,2001,87.01,73.26,75.36,77.78
"7391",86,2001,88.3,76.1,75.48,80.7
"7392",87,2001,87.64,75.82,74.76,80.76
"7393",88,2001,88.91,77.67,73.87,81.38
"7394",89,2001,88.1,75.48,70.23,82.28
"7395",90,2001,85.26,73.9,70.42,80.59
"7396",91,2001,84.07,72.08,64.3,79.43
"7397",92,2001,76.58,62.05,52.37,73.18
"7398",93,2001,76.77,55,50.78,65.72
"7399",94,2001,85.24,71.59,73.49,75.54
"7400",95,2001,90.91,82.73,85.4,86.73
"7401",96,2001,87.21,77.78,77.97,82.82
"7402",97,2001,89.73,71.57,75.57,79.2
"7403",98,2001,89.52,70.49,73.74,80.76
"7404",99,2001,88.26,77.21,76.07,80.31
"7405",100,2001,86.26,77.09,74.39,80.65
"7406",101,2001,86.65,76.41,74.26,82.06
"7407",102,2001,92.23,81.92,79.8,88.92
"7408",103,2001,92.81,79.67,80.57,83.89
"7409",104,2001,89.66,80.39,80.54,85.94
"7410",105,2001,87.68,83.04,79.25,84.9
"7411",106,2001,91.46,85.39,83.57,87.33
"7412",107,2001,89.56,87.11,84.37,88.83
"7413",108,2001,91.81,87.46,87.18,87.03
"7414",109,2001,90.68,85.3,81.96,88.36
"7415",110,2001,85.02,78.22,70.91,81.74
"7416",111,2001,79.5,69.07,59.24,73.67
"7417",112,2001,72.46,64.94,57.5,68.87
"7418",113,2001,72.46,63.9,58.93,68.67
"7419",114,2001,80.13,66.73,65.08,70.13
"7420",115,2001,91.22,81.56,80.73,80.46
"7421",116,2001,90.35,85.87,86.78,86.16
"7422",117,2001,92.02,89.88,90.47,89.68
"7423",118,2001,92.67,88.57,88.41,90.75
"7424",119,2001,92.27,87.07,86.64,88.94
"7425",120,2001,94.18,89.2,90.02,89.53
"7426",121,2001,95.12,91.21,90.02,92.58
"7427",122,2001,92.69,88.65,90.2,88.89
"7428",123,2001,92.45,90.3,92.06,91.45
"7429",124,2001,92.28,88.45,92.64,85.47
"7430",125,2001,89.9,86.85,87.66,86.48
"7431",126,2001,85.38,83.74,84.08,85.5
"7432",127,2001,89.65,87.73,89.35,87.8
"7433",128,2001,92.17,89.75,90.24,90.01
"7434",129,2001,95.71,92.51,93.88,88.66
"7435",130,2001,89.63,86.96,89.31,87.17
"7436",131,2001,86.13,84.54,86.08,86.53
"7437",132,2001,87.17,84.05,85.05,85.56
"7438",133,2001,91.17,88.22,90.55,87.94
"7439",134,2001,93.1,89.88,90.54,89.08
"7440",135,2001,95.78,91.91,94.25,89.56
"7441",136,2001,88.75,86.37,87.78,86.37
"7442",137,2001,88.81,86.96,89.65,86.77
"7443",138,2001,90.59,88.08,89.66,87.51
"7444",139,2001,95.27,90.97,90.93,90.06
"7445",140,2001,96.26,92.53,92.64,93.6
"7446",141,2001,91.48,89.38,87.86,89.35
"7447",142,2001,90.3,86.32,87.42,86.74
"7448",143,2001,87.2,82.61,84.94,84.01
"7449",144,2001,89.54,83.94,89.1,84.85
"7450",145,2001,92.36,88.08,91.63,87.08
"7451",146,2001,90.19,86.61,88.9,86.58
"7452",147,2001,90.35,86.33,88.22,86.31
"7453",148,2001,94.04,91.7,92.37,90.96
"7454",149,2001,94.14,90.6,90.72,90.29
"7455",150,2001,95.41,92.65,92.47,93.77
"7456",151,2001,92.76,90.92,93.13,89.81
"7457",152,2001,92.62,90.3,91.1,89.78
"7458",153,2001,93.16,91.12,93.92,89.15
"7459",154,2001,91.06,88.71,90.66,88.17
"7460",155,2001,90.43,89.07,90.52,89.22
"7461",156,2001,91.38,89.39,94.38,87.27
"7462",157,2001,93.92,92.77,93.72,92.16
"7463",158,2001,94.14,91.51,94.34,90.39
"7464",159,2001,91.03,88.84,89.95,89.58
"7465",160,2001,90.93,89.5,89.23,90.09
"7466",161,2001,92.44,89.94,90.58,92.92
"7467",162,2001,91.9,89.28,89.94,87.99
"7468",163,2001,93.61,89.7,91.33,90.75
"7469",164,2001,90.67,89.59,91.45,87.36
"7470",165,2001,90.31,87.68,90.2,87.3
"7471",166,2001,88.9,85.85,88.01,84.89
"7472",167,2001,87.46,83.22,84.85,83.55
"7473",168,2001,92.36,89.08,88.17,91.74
"7474",169,2001,90.71,88.38,88.98,90.22
"7475",170,2001,93.73,90.61,90.93,91.94
"7476",171,2001,96.19,92.47,93.49,94.47
"7477",172,2001,94.82,92.88,95.43,91.73
"7478",173,2001,87.29,85.41,91.52,82.99
"7479",174,2001,87.94,85.76,91.4,83.55
"7480",175,2001,85.2,84.06,91.49,81.75
"7481",176,2001,87.35,86.01,90.73,85.05
"7482",177,2001,86.54,83.33,84.08,84.74
"7483",178,2001,88.67,86.68,89.62,87.46
"7484",179,2001,92.1,87.95,92.21,86.92
"7485",180,2001,89.94,88.05,89.72,88.18
"7486",181,2001,92.43,89.69,91.91,87.91
"7487",182,2001,90.23,86.66,87.32,88.24
"7488",183,2001,91.73,87.38,88.13,88.4
"7489",184,2001,90.5,88.45,90.09,87.89
"7490",185,2001,91.18,87.31,88.39,88.39
"7491",186,2001,92.01,89.17,89.7,89.11
"7492",187,2001,95.7,92.15,92.76,93.51
"7493",188,2001,91.3,88.25,90.91,88.74
"7494",189,2001,90.2,89.33,91.14,89.51
"7495",190,2001,90.42,88.8,90.45,89.46
"7496",191,2001,92.68,88.44,90.4,89.1
"7497",192,2001,94.14,89.4,91.05,90.74
"7498",193,2001,91.49,88.69,88.15,88.61
"7499",194,2001,92.07,87.41,88.72,88.15
"7500",195,2001,89.14,86.31,90.23,86.15
"7501",196,2001,93.2,90.04,90.8,89.43
"7502",197,2001,92.94,89.36,89.92,89.16
"7503",198,2001,91.97,88.52,89.48,89.93
"7504",199,2001,88.35,86.77,89.27,86.38
"7505",200,2001,90.82,88.32,92.04,87.19
"7506",201,2001,94.39,89.6,90.39,89.69
"7507",202,2001,91.14,88.9,90.45,89.73
"7508",203,2001,91.69,89.87,92.37,89.87
"7509",204,2001,91.78,89.08,90.12,88.88
"7510",205,2001,87.39,85.51,86.35,86.55
"7511",206,2001,89.65,86.78,88.5,86.31
"7512",207,2001,90.61,89.41,89.98,87.69
"7513",208,2001,92.33,88.45,89.51,86.4
"7514",209,2001,91.12,88.71,88.55,87.58
"7515",210,2001,88.7,85.68,89.92,84.38
"7516",211,2001,87.06,84.7,86.83,84.07
"7517",212,2001,91.35,87.03,93.31,83.87
"7518",213,2001,94.79,91.36,91.35,93.12
"7519",214,2001,90.68,87.78,86.66,87.76
"7520",215,2001,89.34,86.09,92.97,82.66
"7521",216,2001,93.19,88.79,93.8,87.15
"7522",217,2001,95.49,90.41,91.99,93.48
"7523",218,2001,89.64,85,89.99,84.44
"7524",219,2001,91.19,86.52,93.69,82.15
"7525",220,2001,94.94,91.3,95.04,90.27
"7526",221,2001,87.81,86.11,88.73,83.71
"7527",222,2001,91.31,87.04,87.68,88.09
"7528",223,2001,90.33,84.76,90.67,81.53
"7529",224,2001,89.33,85.51,88.8,82.02
"7530",225,2001,87.14,84.3,87.02,83.55
"7531",226,2001,90.05,86.43,88.72,87.02
"7532",227,2001,88.87,85.74,86.89,86.2
"7533",228,2001,91.55,86.34,89.34,86.7
"7534",229,2001,92.75,88.16,90.27,88.08
"7535",230,2001,90.46,87.35,89.38,86.17
"7536",231,2001,93.04,89.37,90.87,88.95
"7537",232,2001,92.29,89.54,89.52,87.56
"7538",233,2001,91.1,87.53,88.81,87.66
"7539",234,2001,87.71,84.78,88.94,84.48
"7540",235,2001,86.19,83.51,86.59,82.43
"7541",236,2001,90.3,86.14,88.38,86.53
"7542",237,2001,89.61,86.66,89.67,86.57
"7543",238,2001,88.1,86.87,86.64,86.93
"7544",239,2001,86.83,84.34,87.72,85.25
"7545",240,2001,92.68,88.53,90.25,87.79
"7546",241,2001,91.07,87.6,89.99,86.88
"7547",242,2001,87.8,84.7,86.53,84.68
"7548",243,2001,91.88,87.56,90.56,85.9
"7549",244,2001,91.58,87,88.11,86.5
"7550",245,2001,90.09,88.55,90.74,87.44
"7551",246,2001,88.91,86.02,89.56,86.06
"7552",247,2001,89.19,86.47,91,86.78
"7553",248,2001,93.62,90.9,91.51,89.88
"7554",249,2001,90.56,88.53,89.35,87.4
"7555",250,2001,88.74,85.72,88.89,86.25
"7556",251,2001,89.93,84.86,88.28,84.51
"7557",252,2001,89.81,84.21,84.54,83.75
"7558",253,2001,91.8,82.71,86.08,83.73
"7559",254,2001,94.25,88.67,92.08,92.3
"7560",255,2001,93.35,91.16,94.09,92.47
"7561",256,2001,90.57,86.75,88.8,87.47
"7562",257,2001,91.49,89.44,89.9,89.27
"7563",258,2001,86.85,84.21,86.03,86.01
"7564",259,2001,88.71,84.88,88.3,84.58
"7565",260,2001,89.88,86.7,88.85,86.07
"7566",261,2001,87.96,85.6,89.14,86.87
"7567",262,2001,93.68,88.63,88.93,90.5
"7568",263,2001,90.49,87.17,90.99,87.12
"7569",264,2001,90.29,86.19,90.83,87.2
"7570",265,2001,90.29,88.07,89.53,86.9
"7571",266,2001,90.96,88.19,89.58,86.44
"7572",267,2001,88.86,85.84,89.05,86.52
"7573",268,2001,87.68,84.08,87.79,83.7
"7574",269,2001,89.15,82.25,84.99,82.78
"7575",270,2001,91.58,86.27,87.75,88
"7576",271,2001,93.04,89.48,90.95,88.87
"7577",272,2001,92.08,89.01,87.47,90.88
"7578",273,2001,89.38,86.48,87.61,85.68
"7579",274,2001,89.76,86.54,88.39,87.17
"7580",275,2001,92.68,89.95,89.61,88.47
"7581",276,2001,90.19,86.44,88.45,85.74
"7582",277,2001,89.49,85.37,86.49,86.04
"7583",278,2001,88.22,83.65,86.95,83.99
"7584",279,2001,90.22,87.47,90.26,86.35
"7585",280,2001,87.23,84.35,86.47,84.86
"7586",281,2001,86.47,84.27,85.61,85.23
"7587",282,2001,86.61,85.78,88.05,84.86
"7588",283,2001,88.98,85.45,86.53,85.37
"7589",284,2001,88.78,86.13,89.09,85.4
"7590",285,2001,90.13,85.77,88.87,87.56
"7591",286,2001,90.75,88.2,88.96,89.86
"7592",287,2001,89.86,86.24,88.98,84.79
"7593",288,2001,87.35,85.59,87.82,84.92
"7594",289,2001,88.19,85.31,86.8,85.72
"7595",290,2001,91.03,87.09,90.61,84.41
"7596",291,2001,94.52,88.92,91.47,91.49
"7597",292,2001,87.63,85.75,86.57,85.82
"7598",293,2001,88.71,85.74,88.65,85.94
"7599",294,2001,87.79,84.33,87.47,84.79
"7600",295,2001,86.54,81.92,83.25,82.38
"7601",296,2001,90.69,83.92,87.67,84.69
"7602",297,2001,91.33,89.11,91.66,88.27
"7603",298,2001,90.02,86.31,89.92,85.58
"7604",299,2001,88.56,86.1,87.71,84.88
"7605",300,2001,87.98,85.55,85.44,86.26
"7606",301,2001,87.47,84.79,87.11,85.69
"7607",302,2001,86.91,85.14,86.85,84.9
"7608",303,2001,90.44,85.93,87.01,88.72
"7609",304,2001,92.71,89.78,90.71,90.05
"7610",305,2001,93.44,89.26,91.64,88.7
"7611",306,2001,89.84,87.53,89.94,88.58
"7612",307,2001,86.67,84.54,85.21,85.97
"7613",308,2001,88.97,84.93,85.77,85.7
"7614",309,2001,92.28,87.6,90.21,86.28
"7615",310,2001,88.99,87.23,87.91,88.17
"7616",311,2001,90.49,87.33,90.55,88.6
"7617",312,2001,93.67,90.31,92.04,90.97
"7618",313,2001,92.96,91.26,92.1,92.08
"7619",314,2001,92.3,88.38,88.18,90.12
"7620",315,2001,90.73,87.29,90.09,86.9
"7621",316,2001,89.5,85.77,87.21,87.13
"7622",317,2001,91.05,86.25,86.98,88.69
"7623",318,2001,90.02,85.6,86.8,86.68
"7624",319,2001,89.33,83.85,84.69,84.65
"7625",320,2001,88.8,82.7,84.46,83.83
"7626",321,2001,90.26,86.52,88.34,86.44
"7627",322,2001,90.78,87.06,90.2,87.12
"7628",323,2001,90.05,87.21,91.28,87.65
"7629",324,2001,88.77,86.16,88.71,87.17
"7630",325,2001,89.55,86.37,88.29,87.21
"7631",326,2001,92.26,87.85,89.04,89.47
"7632",327,2001,89.2,85.19,87.45,85.57
"7633",328,2001,87.98,83.98,85.41,83.6
"7634",329,2001,89.02,83.92,84.98,84.45
"7635",330,2001,89.53,84.98,87.42,84.2
"7636",331,2001,92.59,88.29,88.78,89.7
"7637",332,2001,90.55,86.75,88.19,87.08
"7638",333,2001,86.89,83.89,85.64,84.11
"7639",334,2001,82.29,79.08,81.27,80.79
"7640",335,2001,81.09,77.77,79.08,77.89
"7641",336,2001,78.75,76.87,75,76.93
"7642",337,2001,81.36,78.42,77.96,78.52
"7643",338,2001,87.64,80.59,82.19,81.67
"7644",339,2001,88.8,81.57,85.78,81.44
"7645",340,2001,93.51,87.05,88.72,90.27
"7646",341,2001,93.41,90.16,89.88,91.61
"7647",342,2001,92.57,88.55,91.07,89.39
"7648",343,2001,92.47,89.24,91.04,89.04
"7649",344,2001,91.96,88.76,91.05,89.15
"7650",345,2001,92.22,88.42,90.49,87.76
"7651",346,2001,91.61,87.23,88.79,87.04
"7652",347,2001,90.05,86.22,88.16,86.35
"7653",348,2001,88.33,83.85,86.03,85.42
"7654",349,2001,91.1,87.45,89.47,88.7
"7655",350,2001,93.23,89.6,93.31,90.21
"7656",351,2001,92.04,89.75,91.76,89.75
"7657",352,2001,90.06,86.97,89.31,88.12
"7658",353,2001,93.66,89.5,91.88,89.74
"7659",354,2001,91.62,87.41,87.68,87.45
"7660",355,2001,92.47,88.52,89.43,88.71
"7661",356,2001,90.74,87.77,89.67,86.24
"7662",357,2001,89.03,82.54,85.89,82.71
"7663",358,2001,91.8,82.96,87.08,82.76
"7664",359,2001,93.88,90.64,92.75,89.83
"7665",360,2001,92.66,90.71,91.87,89.98
"7666",361,2001,90.97,88.33,88.25,88.16
"7667",362,2001,89.73,86.84,89.17,87.29
"7668",363,2001,88.07,82.83,83.58,84.77
"7669",364,2001,85.18,79.2,80.33,80.26
"7670",365,2001,79.54,75.84,76.23,76.53
"7671",1,2002,74.12,74.06,72.6,71.56
"7672",2,2002,77.01,75.76,75.97,75.14
"7673",3,2002,75.13,74.27,73.5,73.94
"7674",4,2002,75.62,75.33,73.69,74.99
"7675",5,2002,77.9,76.13,76.06,77.56
"7676",6,2002,79.21,75.25,71.31,78.25
"7677",7,2002,68.98,67.91,65.31,72.25
"7678",8,2002,68.39,67.37,66.96,68.21
"7679",9,2002,66.77,67.05,66.19,64.32
"7680",10,2002,67.51,67.42,65.47,66.06
"7681",11,2002,66.38,65.59,62.66,67.84
"7682",12,2002,69.28,66.5,68.18,64.72
"7683",13,2002,72.41,70.5,73.91,68.83
"7684",14,2002,74.26,70.7,72.79,71.34
"7685",15,2002,74.5,69.16,68.72,70.89
"7686",16,2002,71.63,65.28,65.51,71.33
"7687",17,2002,65.3,61.56,60.28,65.08
"7688",18,2002,62.47,59.74,60.71,59.81
"7689",19,2002,65.94,63.66,64.41,65.04
"7690",20,2002,71.67,63.95,63.36,68.61
"7691",21,2002,69.54,57.11,57.16,62.71
"7692",22,2002,68.79,57.85,57.77,59.79
"7693",23,2002,84.22,75.38,73.66,77.14
"7694",24,2002,86.09,73.93,66.98,77.32
"7695",25,2002,74.56,60.4,57.29,67.82
"7696",26,2002,67.23,52.06,52.45,56.97
"7697",27,2002,63.7,55.92,54.8,60.22
"7698",28,2002,70.54,59.61,58.63,63.07
"7699",29,2002,75.19,61.48,61.6,65.24
"7700",30,2002,77.78,63.19,63.17,66.79
"7701",31,2002,83.47,65.78,61.92,67.94
"7702",32,2002,81.48,61.38,59.95,63.91
"7703",33,2002,83.66,61.86,65.88,62.93
"7704",34,2002,83.88,66.76,67.88,65.73
"7705",35,2002,79.56,62.21,65.19,61.95
"7706",36,2002,73.47,57.58,58.16,59.5
"7707",37,2002,68.03,56.25,55.32,59.04
"7708",38,2002,71.32,55.77,58.54,56.45
"7709",39,2002,69.18,55.18,58.8,57.38
"7710",40,2002,67.25,55.28,57.7,56.91
"7711",41,2002,62.17,53.19,53.36,55.49
"7712",42,2002,60.14,50.34,53.78,50.93
"7713",43,2002,59.55,48.81,50.53,48
"7714",44,2002,58.49,45.47,48.99,46.21
"7715",45,2002,59.29,47.83,49.99,46.54
"7716",46,2002,60.71,47.27,48,47.75
"7717",47,2002,61.72,49.17,52.39,48.79
"7718",48,2002,68.49,55.44,60.82,55.48
"7719",49,2002,75.62,56.95,62.72,58.28
"7720",50,2002,76.28,57.33,60.63,56.6
"7721",51,2002,65.5,47.21,51.24,47.98
"7722",52,2002,54.88,46.89,51.11,46.53
"7723",53,2002,57.94,48.72,53.65,48.12
"7724",54,2002,67.86,46.68,51.59,46.95
"7725",55,2002,69.2,54.04,57.63,51.77
"7726",56,2002,69.15,49.81,55.71,48.65
"7727",57,2002,73.49,58.73,61.1,58.95
"7728",58,2002,72.06,54.64,59.91,55.59
"7729",59,2002,63.73,50.18,55.83,49.21
"7730",60,2002,66.42,52.24,56.84,50.72
"7731",61,2002,69.58,55.24,59.99,54.61
"7732",62,2002,75.71,54.16,60.63,54.13
"7733",63,2002,74.61,54.11,57.14,56.35
"7734",64,2002,58.66,43.99,46.83,43.91
"7735",65,2002,51.36,43.04,45.79,43.42
"7736",66,2002,47.54,41.03,45.16,38.71
"7737",67,2002,46.77,40.46,46.02,40.08
"7738",68,2002,48.66,43.24,46.46,41.2
"7739",69,2002,57.95,47.69,51.69,45.75
"7740",70,2002,74.03,57.95,65.34,57.84
"7741",71,2002,85.38,67.21,65.35,73.67
"7742",72,2002,91.19,83.11,81.24,83.82
"7743",73,2002,89.03,80.18,79.95,82.78
"7744",74,2002,91.71,83.84,83.96,87.6
"7745",75,2002,92.17,86.85,86.47,86.92
"7746",76,2002,88.37,82.77,79.68,82.86
"7747",77,2002,88.6,79.33,77.36,81.85
"7748",78,2002,88.98,77.43,74.63,77.77
"7749",79,2002,90.68,82.02,79.73,81.98
"7750",80,2002,92.17,83.55,82.12,85.05
"7751",81,2002,95.24,90.21,90.48,89.68
"7752",82,2002,90.68,83.8,83.15,85.32
"7753",83,2002,88.97,78.52,76.88,80.25
"7754",84,2002,89.74,78.32,76.23,78.95
"7755",85,2002,86.4,75.84,73.05,78.48
"7756",86,2002,87.3,74.18,74.69,75.94
"7757",87,2002,87.8,81.56,81.38,81.23
"7758",88,2002,92.64,87.51,88.88,88.82
"7759",89,2002,92.04,88.46,90.44,89.79
"7760",90,2002,87.99,85.4,87.79,86.41
"7761",91,2002,92.07,86.03,89.31,87.54
"7762",92,2002,93.32,89.11,87.28,91.38
"7763",93,2002,91.29,84.84,87.44,88.54
"7764",94,2002,94.84,90.35,91.24,89.54
"7765",95,2002,93.92,88.26,88.49,88.88
"7766",96,2002,88.43,85.2,87.24,85.8
"7767",97,2002,88.29,84.71,84.92,86.55
"7768",98,2002,92.81,87.11,86.39,92.2
"7769",99,2002,89.53,78.73,83.65,81.39
"7770",100,2002,89,79.84,81,80.09
"7771",101,2002,88.42,79.94,80.97,83.88
"7772",102,2002,83.39,73.19,74.54,78.32
"7773",103,2002,84.75,74.04,78.36,74.28
"7774",104,2002,87.49,75.49,79.73,75.36
"7775",105,2002,91.15,85.96,88.85,87.6
"7776",106,2002,91.86,87.4,89.2,89.87
"7777",107,2002,93.54,90.59,90.02,90.85
"7778",108,2002,91.01,89.03,90.08,89.82
"7779",109,2002,89.26,86.79,89.25,86.36
"7780",110,2002,90.42,88.18,89.04,89.5
"7781",111,2002,93.08,89.86,92.44,89.2
"7782",112,2002,91.36,89.31,88.02,89.42
"7783",113,2002,94.49,90.51,91.97,93.27
"7784",114,2002,96.61,93.32,91.53,96.4
"7785",115,2002,91.25,86.95,85.52,90.89
"7786",116,2002,86.69,85.04,84.21,84.51
"7787",117,2002,88.64,86.38,86.02,87.66
"7788",118,2002,90.56,85.39,88.55,86.27
"7789",119,2002,90.66,87.66,87.33,88.59
"7790",120,2002,87.17,86.26,87,87.58
"7791",121,2002,92.77,90.12,92,91.01
"7792",122,2002,96.23,92.05,93.73,95.09
"7793",123,2002,92.54,87.68,90.13,89.85
"7794",124,2002,91.77,86.1,87.88,85.71
"7795",125,2002,91.27,85.84,86.31,88.01
"7796",126,2002,91.14,87.53,89.51,88.07
"7797",127,2002,93.38,90.45,92.01,89.72
"7798",128,2002,90.51,89.13,90.44,89.66
"7799",129,2002,88.7,88.09,87.56,88.63
"7800",130,2002,96.17,93.23,93.91,92.28
"7801",131,2002,91.47,89.37,89.47,89.44
"7802",132,2002,91.91,88.37,91.29,88.6
"7803",133,2002,92.19,91.1,90.65,91.54
"7804",134,2002,93.07,89.71,91.96,90.5
"7805",135,2002,91.78,89.71,91.1,91
"7806",136,2002,94.28,90.42,87.89,92.19
"7807",137,2002,93.31,89.96,90.23,91.73
"7808",138,2002,95.29,89.73,87.16,92.04
"7809",139,2002,89.75,84.16,84.69,84.17
"7810",140,2002,89.97,85.28,87.33,85.31
"7811",141,2002,93.26,91.16,91.17,90.53
"7812",142,2002,94.42,91.24,92.91,91.17
"7813",143,2002,97.58,95.64,96.24,95.2
"7814",144,2002,90.02,87.6,89.11,87.01
"7815",145,2002,86.46,85.6,86.21,86.38
"7816",146,2002,90.11,86.26,88.72,86.61
"7817",147,2002,90.05,85.99,86.8,86.62
"7818",148,2002,91.87,86.83,89.07,86.89
"7819",149,2002,94.05,89.27,92.35,90.84
"7820",150,2002,91.45,88.49,92.54,86.9
"7821",151,2002,93.94,92.14,93.48,91.06
"7822",152,2002,89.02,88.69,88.56,88.55
"7823",153,2002,91.15,88.06,87.04,89.17
"7824",154,2002,91.73,87.65,91.42,87.64
"7825",155,2002,90.26,88.73,88.47,90.14
"7826",156,2002,93.45,91.43,92.9,92.13
"7827",157,2002,89.85,87.49,90.99,87.95
"7828",158,2002,90.79,88.19,91.61,86.73
"7829",159,2002,90.13,89.21,91.66,87.85
"7830",160,2002,90.85,87.47,89.58,87.33
"7831",161,2002,90.25,85.58,90.94,85.98
"7832",162,2002,90.85,87.97,90.78,87.21
"7833",163,2002,92.44,88.96,91.87,90.14
"7834",164,2002,94.27,90.46,92.71,90.63
"7835",165,2002,88.23,88.99,90.08,88.24
"7836",166,2002,90,89.72,88.72,91.8
"7837",167,2002,90.64,87.46,91.05,87.97
"7838",168,2002,90.67,87.83,90.89,88.45
"7839",169,2002,90.39,87.14,91.47,85.03
"7840",170,2002,91.36,89.79,93.07,86.15
"7841",171,2002,92.65,88.88,92.81,90.29
"7842",172,2002,91.66,89.76,90.56,87.67
"7843",173,2002,94.56,91.1,95.58,85.77
"7844",174,2002,95.39,90.13,94.29,87.57
"7845",175,2002,89.63,84.33,90.74,81.29
"7846",176,2002,88.37,87.6,91.81,83.36
"7847",177,2002,91.78,87.98,90.15,86
"7848",178,2002,90.81,86.05,94.16,87.27
"7849",179,2002,89.78,87.62,88.57,88.09
"7850",180,2002,94.43,92.48,93.62,93.37
"7851",181,2002,95.01,91.88,91.8,94.03
"7852",182,2002,95.58,91.96,92.97,93.13
"7853",183,2002,91.58,87.73,88.75,88.22
"7854",184,2002,91.04,87.95,90.88,87.89
"7855",185,2002,92.95,90.38,91.48,90.43
"7856",186,2002,95.23,91.47,91.32,91.27
"7857",187,2002,95.21,91.1,93.33,91.44
"7858",188,2002,92.54,90.6,89.82,91.58
"7859",189,2002,88.15,86.43,89.14,87.12
"7860",190,2002,92.51,90.86,92.49,92
"7861",191,2002,91.05,88.71,91.92,89.18
"7862",192,2002,95.16,93.24,94.1,91.92
"7863",193,2002,90.83,89.58,89.09,88.22
"7864",194,2002,91.16,90.27,91.33,88.7
"7865",195,2002,90.73,88.47,90.53,87.52
"7866",196,2002,92.49,89.86,92.27,90.36
"7867",197,2002,92.39,88.99,92.09,90.45
"7868",198,2002,94.96,92.7,94.87,92.3
"7869",199,2002,91.89,89.03,91.96,91.58
"7870",200,2002,87.65,87.28,89.98,87.14
"7871",201,2002,91.04,87.82,89.66,88.25
"7872",202,2002,93.05,87.14,89.53,89.85
"7873",203,2002,85.83,79.8,84.1,82.66
"7874",204,2002,90.02,83.55,88.14,81.78
"7875",205,2002,94.42,90.01,89.67,91.95
"7876",206,2002,93.56,93.09,92.95,94.3
"7877",207,2002,89.25,87.11,88.98,87.12
"7878",208,2002,90.28,86.87,86.83,86.59
"7879",209,2002,89.71,87.83,88.9,87.75
"7880",210,2002,87.85,86.29,87.45,86.46
"7881",211,2002,91.68,87.34,88.12,87.15
"7882",212,2002,92.73,89.71,89.39,91.07
"7883",213,2002,92.88,89.77,90.9,88.56
"7884",214,2002,89.36,87.77,88.04,88.43
"7885",215,2002,92.18,90.2,88.56,89.85
"7886",216,2002,88.89,86.09,91.21,84.67
"7887",217,2002,86.03,84.2,85.83,84.48
"7888",218,2002,87.39,84.38,85.15,85.39
"7889",219,2002,90.48,88.11,88.76,89.15
"7890",220,2002,92.76,89.35,93.85,87.23
"7891",221,2002,92.54,91.34,92.28,88.47
"7892",222,2002,91.23,87.25,89.7,85.2
"7893",223,2002,89.04,83.79,90.22,82.68
"7894",224,2002,89.53,85.49,88.1,82.99
"7895",225,2002,92.73,87.87,90.69,87.88
"7896",226,2002,90.34,86.47,90.46,86.93
"7897",227,2002,92.55,88.64,91.67,88.6
"7898",228,2002,87.67,86.88,88.06,86.02
"7899",229,2002,87.68,83.98,83.57,85.79
"7900",230,2002,91.4,85.55,89.53,84.76
"7901",231,2002,91.13,88,91.08,88.7
"7902",232,2002,93.87,90.28,92.58,89.18
"7903",233,2002,90.02,86.87,88.21,87.37
"7904",234,2002,92.6,88.46,90.61,87.86
"7905",235,2002,93.22,89.88,91.38,88.3
"7906",236,2002,90.57,87.79,88.68,86.79
"7907",237,2002,91.69,88.55,88.08,88.86
"7908",238,2002,91.39,89.02,89.3,90.64
"7909",239,2002,88.5,84.58,85.7,86.57
"7910",240,2002,87.13,83.7,85.73,84.22
"7911",241,2002,88.87,84.6,85.01,85.43
"7912",242,2002,93.07,90.47,88.56,92.23
"7913",243,2002,90.97,87.99,87.36,89.26
"7914",244,2002,92.49,89.89,91.69,89.54
"7915",245,2002,94.44,89.64,94.83,90.46
"7916",246,2002,88.18,85.14,87.92,85.03
"7917",247,2002,88.21,85.17,88.38,82.88
"7918",248,2002,92,87.62,90.06,86.17
"7919",249,2002,89.21,86.47,87.7,87.95
"7920",250,2002,87.72,86.37,87.53,86.18
"7921",251,2002,89.57,87.46,89.4,85.37
"7922",252,2002,91.58,89.69,92.46,88.45
"7923",253,2002,89.77,86.44,91.83,86.75
"7924",254,2002,91.89,88.47,91.04,88.9
"7925",255,2002,87,85.33,86.97,85.12
"7926",256,2002,88.62,84.18,85.62,84.45
"7927",257,2002,88.93,84.63,84.6,85.35
"7928",258,2002,90.47,86.91,86.79,87.83
"7929",259,2002,92.49,88.61,89.7,87.59
"7930",260,2002,94.04,88.54,90.58,89.45
"7931",261,2002,92.5,90.66,90.4,92.75
"7932",262,2002,90.3,87.64,88.89,87.71
"7933",263,2002,84.96,84.08,85.56,83.74
"7934",264,2002,85.27,82.93,84.97,83.2
"7935",265,2002,84.49,81.85,84.81,82.12
"7936",266,2002,87.72,82.95,85.33,85.19
"7937",267,2002,89.53,85.11,87.15,85.73
"7938",268,2002,92.1,88.54,90.86,88.36
"7939",269,2002,93.15,87.96,90.86,86.21
"7940",270,2002,87.83,83.23,86.35,83.46
"7941",271,2002,87.07,84.82,87.2,84.02
"7942",272,2002,86.7,85.57,87.29,84.16
"7943",273,2002,85.6,83.03,86.09,83.12
"7944",274,2002,86.6,81.62,85.11,82.77
"7945",275,2002,87.53,84.24,86.02,83.35
"7946",276,2002,87.54,84.11,86.58,83.58
"7947",277,2002,87.5,83.62,84.22,83.79
"7948",278,2002,91.39,85.85,88.5,86.48
"7949",279,2002,92.83,90.48,90.2,90.91
"7950",280,2002,88.28,85.54,88.45,86.28
"7951",281,2002,86.87,84.04,87.85,84.52
"7952",282,2002,91.27,85.76,89.7,86.33
"7953",283,2002,91.01,87.53,90.61,86.93
"7954",284,2002,89.28,88.01,89.92,87.02
"7955",285,2002,87.85,85.33,86.49,85.78
"7956",286,2002,87.2,84.16,86.3,84.46
"7957",287,2002,89.03,83.99,84.57,83.36
"7958",288,2002,90.66,87.06,87.66,86.71
"7959",289,2002,89.19,86.88,87.93,86.45
"7960",290,2002,90.63,85.96,88.43,86.5
"7961",291,2002,90.96,84.47,87.58,84.9
"7962",292,2002,88.39,83.89,88.98,82.24
"7963",293,2002,90.78,85.98,86.43,85.92
"7964",294,2002,89.6,87.46,89.6,89.42
"7965",295,2002,92.98,89.08,91.4,90.54
"7966",296,2002,94,90.72,93.01,88.62
"7967",297,2002,89.14,86.43,89.97,86.34
"7968",298,2002,85.08,84.45,84.12,84.84
"7969",299,2002,86.68,83.03,83.4,84.15
"7970",300,2002,89.01,85.7,88.04,85.2
"7971",301,2002,90.08,88.08,90.82,88.06
"7972",302,2002,90.59,87,87.62,88.04
"7973",303,2002,88.76,84.54,84.88,85.8
"7974",304,2002,91.37,84.39,84.89,85.62
"7975",305,2002,89.56,86.19,88.54,86.54
"7976",306,2002,92.85,85.78,88.02,87.59
"7977",307,2002,89.94,85.67,87.33,84.08
"7978",308,2002,87.08,82.75,82.41,82.8
"7979",309,2002,89.11,82.84,83.38,82.33
"7980",310,2002,90.98,87.18,86.75,86.21
"7981",311,2002,94.19,90.27,92.55,90.76
"7982",312,2002,94.44,88.54,89.03,90.21
"7983",313,2002,89.78,87.06,87.97,86.36
"7984",314,2002,88.99,85.45,86.68,86.57
"7985",315,2002,88.45,84.45,87.28,85.51
"7986",316,2002,89.12,84.86,88.42,85.39
"7987",317,2002,94.57,89.12,91.56,89.13
"7988",318,2002,94.35,90.76,91.91,90.58
"7989",319,2002,92.13,87.74,90.45,88.53
"7990",320,2002,90.67,86.8,89.65,88.43
"7991",321,2002,89.88,86.38,89.87,87.23
"7992",322,2002,85.9,83.24,85.15,84.77
"7993",323,2002,87.95,85.48,86,85.59
"7994",324,2002,89.39,85.27,88.81,84.55
"7995",325,2002,88.53,86.63,88.49,86.85
"7996",326,2002,88.03,87.83,89.67,87.66
"7997",327,2002,89.12,87.13,88.98,86.59
"7998",328,2002,90.46,87.2,89.44,86.53
"7999",329,2002,90.19,85.99,87.2,88.04
"8000",330,2002,89.76,86.62,89.32,87.44
"8001",331,2002,89.21,85.97,87.51,86.75
"8002",332,2002,89.75,85.86,87.16,86.7
"8003",333,2002,87.72,84.34,85.69,85.5
"8004",334,2002,89.59,84.36,84.84,84.79
"8005",335,2002,90.84,85.61,83.71,85.77
"8006",336,2002,88.04,81.57,80.13,83.6
"8007",337,2002,83.13,75.97,76.51,78.07
"8008",338,2002,78.81,75.87,74.18,77.29
"8009",339,2002,77.84,75.15,74.55,75.05
"8010",340,2002,80.68,79.6,79.41,76.06
"8011",341,2002,84.99,78.25,80.03,80.35
"8012",342,2002,80.47,73.15,73.6,79.27
"8013",343,2002,73.7,69.27,68.76,72.56
"8014",344,2002,71.38,68.44,68.11,68.62
"8015",345,2002,74.61,71.84,71.96,73.47
"8016",346,2002,78.06,71.86,73.88,71.39
"8017",347,2002,77.07,72.08,74.55,71.87
"8018",348,2002,77.9,72.14,74.07,72.97
"8019",349,2002,80.53,71.41,75.52,71.8
"8020",350,2002,83.1,72.29,76.27,73.63
"8021",351,2002,91.12,79.42,84.43,80.49
"8022",352,2002,96.89,90.63,90.53,92.53
"8023",353,2002,90.33,85.39,84.77,84.01
"8024",354,2002,82.98,77.48,77.03,78.17
"8025",355,2002,83.73,76.21,78.41,76.8
"8026",356,2002,88.72,80.41,83.31,78.17
"8027",357,2002,86.36,76.97,76.5,79.03
"8028",358,2002,81.81,70.87,69.66,72.15
"8029",359,2002,81.11,68.58,70.82,69.53
"8030",360,2002,79.25,65.76,67.54,67.51
"8031",361,2002,74.44,63.74,63.7,64.66
"8032",362,2002,71.5,61.08,60.54,62.73
"8033",363,2002,66.8,57.58,58.64,60.38
"8034",364,2002,64.79,55.6,58.58,56.4
"8035",365,2002,67.89,56.16,59.02,56.56
"8036",1,2003,70.01,57.18,60.61,58.01
"8037",2,2003,73.07,58.18,61.42,59.22
"8038",3,2003,71.88,56.54,57.98,59.08
"8039",4,2003,67.69,56.81,57.72,57.69
"8040",5,2003,73.42,59.13,64.48,60.48
"8041",6,2003,76.44,56.29,61.93,58.89
"8042",7,2003,76.25,58.29,65.15,59.2
"8043",8,2003,76.34,59.49,65.53,59.68
"8044",9,2003,81.3,63.29,67.79,64.64
"8045",10,2003,82.34,60.51,66.06,61.5
"8046",11,2003,84.15,61.68,67.68,61.5
"8047",12,2003,75.66,55.17,60.77,55.76
"8048",13,2003,66.09,52.9,55.02,53.28
"8049",14,2003,63.89,50.83,52.8,51.82
"8050",15,2003,59.24,47.65,50.42,48.98
"8051",16,2003,59.59,48.52,53.03,47.93
"8052",17,2003,63.58,51.48,53.71,49.14
"8053",18,2003,67.41,53.69,58.66,51.26
"8054",19,2003,61.31,50.01,52.92,49.67
"8055",20,2003,52.86,48.63,51.39,49.39
"8056",21,2003,52.11,48.57,51.78,48.83
"8057",22,2003,49.81,47.79,49.21,48.33
"8058",23,2003,50.92,46.98,49.63,44.64
"8059",24,2003,52.43,50.18,52.71,48.94
"8060",25,2003,58.83,53.53,55.34,53.08
"8061",26,2003,75.8,62.29,65.89,61.31
"8062",27,2003,70.27,55.07,54.87,57.31
"8063",28,2003,61.38,51.85,50.58,52.05
"8064",29,2003,54.04,48.65,49.7,48.88
"8065",30,2003,55.94,49.76,49.85,50.59
"8066",31,2003,57.9,48.56,48.32,49.53
"8067",32,2003,57.03,46.74,49.73,48.34
"8068",33,2003,64.05,47.58,54.69,46
"8069",34,2003,71.52,52.88,60.35,51.57
"8070",35,2003,76.15,55.99,63.2,55.44
"8071",36,2003,77.71,60.21,65.01,60.36
"8072",37,2003,71.23,55.71,61.57,53.14
"8073",38,2003,71.86,54.79,60.17,54.19
"8074",39,2003,70.82,56.51,59.04,55.47
"8075",40,2003,81.56,58.67,63.12,59.58
"8076",41,2003,84.8,66.15,69.64,64.12
"8077",42,2003,81.56,58.95,63.06,58.33
"8078",43,2003,72.78,49.35,51.69,50.11
"8079",44,2003,66.18,47.61,50.92,47.62
"8080",45,2003,63.26,46.49,51.08,46.47
"8081",46,2003,54.04,42.28,46.68,42.81
"8082",47,2003,52.39,42.97,47.15,42.1
"8083",48,2003,53.75,46.59,50.74,43.99
"8084",49,2003,57.17,50.95,53.85,50.55
"8085",50,2003,52.53,48.11,48.35,50.09
"8086",51,2003,49.07,45.67,49.34,45.89
"8087",52,2003,54.71,50.76,54.21,49.41
"8088",53,2003,65.77,58.42,62.98,55.89
"8089",54,2003,80.8,70.84,69.76,75.62
"8090",55,2003,83.33,71.66,70.34,72.09
"8091",56,2003,80.31,62.69,61.27,67.55
"8092",57,2003,76.69,58.97,63.13,58.87
"8093",58,2003,72.38,53.59,58.14,53.67
"8094",59,2003,71.45,52.17,60.02,51.56
"8095",60,2003,80.24,60.35,72.17,58.04
"8096",61,2003,83.91,63.77,71.12,65.54
"8097",62,2003,81.54,58.94,63.87,61.2
"8098",63,2003,77.96,58.43,64.85,57.09
"8099",64,2003,74.24,48.93,57.51,49.31
"8100",65,2003,72.42,46.32,56.2,46.85
"8101",66,2003,73.48,48.04,55.13,46.76
"8102",67,2003,72.52,47.75,54.76,47.96
"8103",68,2003,71.65,46.33,52.5,46.74
"8104",69,2003,71.58,46.71,56.24,48.97
"8105",70,2003,77.08,55.41,64.47,52.52
"8106",71,2003,76.46,56.13,63.19,54.06
"8107",72,2003,82.82,57.55,64.02,60.39
"8108",73,2003,81.11,55.53,60.24,56.69
"8109",74,2003,81.73,59.97,68.4,57.68
"8110",75,2003,89.53,71.31,75.08,70.53
"8111",76,2003,90.97,78.58,79.21,82.54
"8112",77,2003,87.1,77.22,76.24,79.35
"8113",78,2003,85.85,77.7,74.46,80.19
"8114",79,2003,84.83,72.02,66.44,74.95
"8115",80,2003,83.78,72.02,67.66,74.85
"8116",81,2003,79.54,67.37,62.74,70.1
"8117",82,2003,81.08,65.36,58.72,71.67
"8118",83,2003,80.28,66.61,60.08,71.77
"8119",84,2003,80.16,66.78,65.32,70.63
"8120",85,2003,84.83,74.1,71.32,76.42
"8121",86,2003,86.27,76.27,72.03,80.17
"8122",87,2003,86.43,73.19,74.26,76.1
"8123",88,2003,86.89,78.35,80.84,79.5
"8124",89,2003,88.24,81.98,81.64,83.27
"8125",90,2003,85.33,78.36,76.81,80.63
"8126",91,2003,83.83,71.9,66.73,81.36
"8127",92,2003,84.89,69.56,67.51,75.48
"8128",93,2003,89.34,77.06,75.33,78.79
"8129",94,2003,89.72,78.87,76.01,82.72
"8130",95,2003,88.06,78.11,76.43,79.39
"8131",96,2003,85.73,79.02,74.85,81.79
"8132",97,2003,87.25,81.73,77.64,83.26
"8133",98,2003,86.22,77.73,73.41,80.08
"8134",99,2003,86.28,74.81,73.24,76.71
"8135",100,2003,88.41,78.18,74.07,82.52
"8136",101,2003,88.21,81.05,80.19,83.01
"8137",102,2003,93.91,89.81,88.34,89.48
"8138",103,2003,96.14,90.04,89.79,88.7
"8139",104,2003,92.25,85.52,91.88,85.27
"8140",105,2003,91.85,86.24,88.63,88.23
"8141",106,2003,87.55,84.19,86.77,84.82
"8142",107,2003,86.8,83.22,85.12,85.02
"8143",108,2003,88.89,83.04,86.78,82.7
"8144",109,2003,89.57,84.1,85.71,84.15
"8145",110,2003,91.85,86.04,88.19,85.02
"8146",111,2003,95.78,91.13,90.16,94.03
"8147",112,2003,93.17,88.31,88.9,89.28
"8148",113,2003,92.82,87.1,89.1,86.21
"8149",114,2003,90.4,87.42,89.82,88.07
"8150",115,2003,90.55,88.33,88.9,89.89
"8151",116,2003,93.57,91.03,91.47,86.59
"8152",117,2003,94.36,91.38,91.06,91.25
"8153",118,2003,88.49,85.58,89.83,82.52
"8154",119,2003,93.28,89.15,91.65,87.78
"8155",120,2003,90.13,88.54,89.98,88.04
"8156",121,2003,91.09,87.76,88.67,87.68
"8157",122,2003,91.88,85.95,88.19,87.3
"8158",123,2003,92.21,89.42,92.11,89.22
"8159",124,2003,90.56,88.21,88.66,90.58
"8160",125,2003,87.16,81.48,83.29,82.45
"8161",126,2003,88.07,80.68,83.14,82.75
"8162",127,2003,95.77,89.15,91.24,90.91
"8163",128,2003,94.62,89.84,95.17,90.52
"8164",129,2003,93.7,90.6,91.49,91.91
"8165",130,2003,90.8,89.17,92.07,87.97
"8166",131,2003,91.63,88.99,90.17,89.47
"8167",132,2003,93.61,92.89,95.28,91.78
"8168",133,2003,94.94,91.62,93.15,90.9
"8169",134,2003,90.59,87.69,89.51,88.39
"8170",135,2003,91.28,90.06,89.92,90.07
"8171",136,2003,92.19,90.39,93.43,91.49
"8172",137,2003,94.85,92.26,92.6,93.91
"8173",138,2003,95.32,93.99,93.79,94.6
"8174",139,2003,96.86,93.13,95.57,92.8
"8175",140,2003,91.72,91.26,90.71,93.52
"8176",141,2003,87.7,85.33,87.21,86.72
"8177",142,2003,87.97,86.59,86.7,88.32
"8178",143,2003,91.07,90.07,89.36,90.12
"8179",144,2003,93.45,89.28,91.37,89.67
"8180",145,2003,91.52,87.65,87.66,88.72
"8181",146,2003,89.87,85.84,86.3,86.17
"8182",147,2003,89.6,83.82,86.36,84.89
"8183",148,2003,93.17,88.77,90.49,88.87
"8184",149,2003,96.52,92.9,94.32,91.34
"8185",150,2003,91.6,89,91.18,89.05
"8186",151,2003,92.94,89.9,92.68,90.94
"8187",152,2003,94.6,90.38,92.95,91.29
"8188",153,2003,91.97,88.9,91.46,89.42
"8189",154,2003,88.96,88.44,91,88.31
"8190",155,2003,89.24,87.36,88.82,87.24
"8191",156,2003,90.33,86.77,88.12,87.71
"8192",157,2003,92.14,89.48,89.97,91.09
"8193",158,2003,95.89,92.98,92.65,94.39
"8194",159,2003,93.11,88.58,89.23,90.38
"8195",160,2003,90.83,87.15,89.84,87.86
"8196",161,2003,91.82,88.21,91.16,88.41
"8197",162,2003,90.14,87.59,86.52,88.26
"8198",163,2003,93.37,90.27,92.37,91.03
"8199",164,2003,93.18,89.38,91.89,89.43
"8200",165,2003,93.59,87.87,90.03,89.55
"8201",166,2003,93.05,89.56,90.76,88.96
"8202",167,2003,91.38,88.52,90.72,88.33
"8203",168,2003,93.17,88.99,90.06,89.52
"8204",169,2003,90.65,88.35,89.61,88.56
"8205",170,2003,92.92,89.72,89.47,89.12
"8206",171,2003,90.41,87.57,90.11,88.12
"8207",172,2003,94.19,91.69,91.68,91.82
"8208",173,2003,96.27,94.12,95.84,95.11
"8209",174,2003,89.83,87.62,87.51,87.94
"8210",175,2003,87.75,84.96,88.01,86.11
"8211",176,2003,91.12,88.2,91.01,89.03
"8212",177,2003,91.43,87.58,92.33,86
"8213",178,2003,92.4,88.46,90.44,88.97
"8214",179,2003,92.8,88.82,89.29,90.86
"8215",180,2003,92.45,88.69,89.71,89.57
"8216",181,2003,94.13,90.25,93.12,89.83
"8217",182,2003,93.18,93.92,93.79,94.19
"8218",183,2003,88.78,87.39,88.55,86.64
"8219",184,2003,88.7,85.77,88.73,85.98
"8220",185,2003,93.44,92,91.25,89.08
"8221",186,2003,89.63,88.32,90.04,87.47
"8222",187,2003,86.85,85.41,87.75,84.3
"8223",188,2003,91.2,85.42,87.64,84.72
"8224",189,2003,91.37,89.55,90.4,91.25
"8225",190,2003,91.73,89.29,89.47,87.84
"8226",191,2003,89.63,88.24,88.86,88.73
"8227",192,2003,94.67,92.94,92.85,93.92
"8228",193,2003,95.48,93.49,96.28,92.21
"8229",194,2003,96.73,91.97,95.68,89.72
"8230",195,2003,92.21,87.25,92.09,87.05
"8231",196,2003,90.38,88.03,87.65,88.37
"8232",197,2003,87.74,84.67,90.66,83.12
"8233",198,2003,93.48,88.04,91.95,88.5
"8234",199,2003,89.89,85.65,87.03,83.65
"8235",200,2003,88.93,85.9,89.42,81.91
"8236",201,2003,91.26,88.31,92.66,84.39
"8237",202,2003,91.39,89.28,90.85,89.84
"8238",203,2003,91.77,87.68,90.2,85.27
"8239",204,2003,92.73,88.3,89.48,85.82
"8240",205,2003,91.98,89.59,93.97,87.78
"8241",206,2003,92.16,90.65,90.5,91.94
"8242",207,2003,95.6,93.58,95.61,92.99
"8243",208,2003,92.42,88.48,91.66,87.75
"8244",209,2003,92.11,85.28,92.47,81.84
"8245",210,2003,88.77,87.27,86.63,87.32
"8246",211,2003,94.26,91.5,93.97,91.41
"8247",212,2003,92.48,88.25,93.26,88.16
"8248",213,2003,93.78,90.53,94.21,87.07
"8249",214,2003,90.85,85.49,89.22,86.71
"8250",215,2003,90.28,86.74,91.8,85.66
"8251",216,2003,93.29,89.1,91.3,88.46
"8252",217,2003,87.15,85.38,87.81,85.45
"8253",218,2003,87.64,84.65,87.28,84.29
"8254",219,2003,91.81,88.1,87.67,89.1
"8255",220,2003,91.7,89.09,90.6,87.67
"8256",221,2003,90.33,88.69,88.88,88.39
"8257",222,2003,93.85,91.28,93.04,90.15
"8258",223,2003,90.59,87.09,91.89,86.71
"8259",224,2003,88.75,86.26,88.85,83.07
"8260",225,2003,93.37,89.88,92.2,87.69
"8261",226,2003,90.45,87.4,89.74,86.04
"8262",227,2003,86.24,85.14,85.88,84.62
"8263",228,2003,89.38,86.8,88.27,85.82
"8264",229,2003,92.66,89.68,92.44,87.44
"8265",230,2003,92.32,87.49,91.51,85.67
"8266",231,2003,91.37,87.23,88.36,87.67
"8267",232,2003,89.98,85.11,87.56,85.82
"8268",233,2003,87.89,84.33,87.1,85.12
"8269",234,2003,88.59,84.25,86.08,84.21
"8270",235,2003,89.09,86.16,88.46,86.79
"8271",236,2003,90.25,87.67,88.55,86.57
"8272",237,2003,91.4,88.24,90.08,87.52
"8273",238,2003,88.72,87.07,87.32,86.77
"8274",239,2003,93.22,89.4,89.33,88.73
"8275",240,2003,92.58,88.85,92.7,86.63
"8276",241,2003,93,89.58,91.34,90.14
"8277",242,2003,88.55,85.67,87.83,83.02
"8278",243,2003,87.78,84.54,88.22,81.69
"8279",244,2003,87.58,83.24,86.67,82.06
"8280",245,2003,89.25,84.74,88.7,84.88
"8281",246,2003,85.65,82.01,87.45,80.21
"8282",247,2003,91.44,87.11,87.7,85.81
"8283",248,2003,87.75,85.38,85.83,85.57
"8284",249,2003,90.4,85.21,87.97,87.44
"8285",250,2003,90.72,86.29,90.61,85.96
"8286",251,2003,91.77,88.93,88.56,89.35
"8287",252,2003,89.93,86.16,86.82,86
"8288",253,2003,92.14,87.52,91.38,87.47
"8289",254,2003,94.03,90.14,92.47,90.46
"8290",255,2003,89.73,86.89,90.22,85.81
"8291",256,2003,90.46,86.13,87.22,82.16
"8292",257,2003,89.76,85.21,87.71,82.79
"8293",258,2003,87.15,82.01,86.49,81.04
"8294",259,2003,87.01,82.81,84.42,82.7
"8295",260,2003,89.31,84.53,87.73,83.85
"8296",261,2003,90.22,87.5,89.4,87.56
"8297",262,2003,87.95,85.71,89.19,84.37
"8298",263,2003,91.4,87.01,89.28,86.04
"8299",264,2003,89.54,86.32,89.74,87.6
"8300",265,2003,91.03,87.03,88.42,89.21
"8301",266,2003,90.46,87.06,90.84,87.1
"8302",267,2003,92.93,89.59,90.9,88.09
"8303",268,2003,87.13,84.58,84.99,84.51
"8304",269,2003,87.57,83.33,86.26,85.01
"8305",270,2003,91.58,88.87,90.31,89.02
"8306",271,2003,94.18,90.46,92.59,89.25
"8307",272,2003,92.7,90.17,90.66,92.1
"8308",273,2003,92.31,89.34,89.11,90.51
"8309",274,2003,90.38,88.53,89.63,88.78
"8310",275,2003,87.95,85.65,88.04,84.29
"8311",276,2003,86.85,85.01,86.29,85.29
"8312",277,2003,90.81,86.67,86.02,87.28
"8313",278,2003,91.41,85.85,88.59,85.96
"8314",279,2003,90.64,86.79,89.75,87.64
"8315",280,2003,90.39,87.93,88.83,88.99
"8316",281,2003,89.45,85.97,90.04,86.19
"8317",282,2003,88.98,84.54,88.35,85.25
"8318",283,2003,91.91,87.57,89.85,86.39
"8319",284,2003,92.34,89.14,90.99,88.11
"8320",285,2003,91.68,88.05,90.15,88.98
"8321",286,2003,93.54,89.89,93.06,88.63
"8322",287,2003,90.48,86.66,87.14,87.91
"8323",288,2003,88.93,86.5,88.45,86.83
"8324",289,2003,93.12,89.2,90.59,90.07
"8325",290,2003,88.56,86.39,87.08,87.18
"8326",291,2003,86.42,83.51,84.03,84.31
"8327",292,2003,87.6,85,86.08,84.67
"8328",293,2003,92.6,89.69,90.24,89.05
"8329",294,2003,88.62,86.67,87.45,88.56
"8330",295,2003,87.76,84.07,86.52,83.98
"8331",296,2003,86.79,83.9,85.74,86.03
"8332",297,2003,88.19,85.47,87.1,86.76
"8333",298,2003,91.11,88.22,90.19,89.29
"8334",299,2003,89.35,84.86,86.62,86.43
"8335",300,2003,86.06,82,85.1,83.03
"8336",301,2003,90.6,85.44,86.42,85.91
"8337",302,2003,89.9,89.28,88.89,90.6
"8338",303,2003,93.73,90.67,93.11,90.91
"8339",304,2003,87.81,86.76,88.06,88.24
"8340",305,2003,84.51,83.07,84.74,84.61
"8341",306,2003,89.77,86.32,88.46,86.43
"8342",307,2003,94.26,91.14,93.23,90.6
"8343",308,2003,93.37,91.64,95.11,88.39
"8344",309,2003,87.46,86.1,85.45,86.8
"8345",310,2003,87.8,84.67,86.45,86.27
"8346",311,2003,90.08,86.98,89.09,86.45
"8347",312,2003,90.83,86.89,87.64,87.28
"8348",313,2003,88.83,85.09,88.73,86.84
"8349",314,2003,90.8,87.86,88.22,88.12
"8350",315,2003,91.78,89.11,89.46,89.99
"8351",316,2003,89.78,85.79,87.77,86.14
"8352",317,2003,89.15,85.5,86.41,86.54
"8353",318,2003,91.71,87.24,90.07,87.35
"8354",319,2003,91.69,88.08,89.98,88.17
"8355",320,2003,90.28,86.53,88.3,86.38
"8356",321,2003,86.34,83.32,86.54,82.49
"8357",322,2003,85.89,83.47,84.9,84.09
"8358",323,2003,88.13,82.51,84.2,84.19
"8359",324,2003,88.58,83.51,85.73,84.12
"8360",325,2003,91.39,85.85,87.9,86.02
"8361",326,2003,92.98,89.16,89.68,88.61
"8362",327,2003,90.75,87,89.85,86.7
"8363",328,2003,90.03,88.14,89.83,87.03
"8364",329,2003,88.38,85.83,85,85.99
"8365",330,2003,90.9,85.67,84.92,88.06
"8366",331,2003,91.63,85.75,87.26,86.84
"8367",332,2003,94.7,90.15,92.13,90.24
"8368",333,2003,90.3,88.39,90.13,89.31
"8369",334,2003,88.1,85.31,85,86.98
"8370",335,2003,87.19,82.77,82.69,85.13
"8371",336,2003,91.6,87.83,89.97,88.33
"8372",337,2003,90,88.05,88.03,87.49
"8373",338,2003,88.37,84.83,85.82,87.67
"8374",339,2003,90.84,88.08,89.64,89.49
"8375",340,2003,90.5,88.42,89.52,89.53
"8376",341,2003,89.92,87.56,90.29,87.26
"8377",342,2003,87.32,85.95,87.81,85.69
"8378",343,2003,88.28,84.56,86.82,85.66
"8379",344,2003,89.94,82.83,85.33,83.87
"8380",345,2003,87.91,81.35,85.49,80.68
"8381",346,2003,89.83,86.08,88.41,84.84
"8382",347,2003,90.41,85.92,89.11,85.56
"8383",348,2003,91.55,80.98,83.09,82.89
"8384",349,2003,84.5,77.06,78.4,76.86
"8385",350,2003,82.57,79.98,78.18,79.92
"8386",351,2003,86.24,79.7,81.15,79.08
"8387",352,2003,88.54,82.18,82.6,82.11
"8388",353,2003,93.47,88.67,88.49,90.28
"8389",354,2003,92.26,89.22,89.19,89.58
"8390",355,2003,90.84,87.52,87.09,87.95
"8391",356,2003,90.36,84.19,85.25,86.63
"8392",357,2003,85.73,78.25,79.32,80.24
"8393",358,2003,84.83,78.94,81.53,78.86
"8394",359,2003,87.26,81.04,81.35,82.08
"8395",360,2003,90.98,84.3,86.65,84.77
"8396",361,2003,88.73,84.41,85.37,85.44
"8397",362,2003,85.21,81.14,80.26,81.57
"8398",363,2003,77.63,73.29,70.14,75.28
"8399",364,2003,73.87,68.77,67.07,71.7
"8400",365,2003,71.25,66.01,64.63,68.92
"8401",1,2004,73.46,69.38,67.76,69.41
"8402",2,2004,77.15,72.92,72.52,72.85
"8403",3,2004,79.04,71.67,70.29,73.95
"8404",4,2004,76.95,67.31,68.64,68.8
"8405",5,2004,76.92,64.43,66.61,64.25
"8406",6,2004,79.13,67.29,67.7,69.12
"8407",7,2004,85.06,69.33,72.12,73
"8408",8,2004,89.06,72.6,73.15,77.06
"8409",9,2004,82.08,65.97,68.13,67.46
"8410",10,2004,79.46,66.17,68.62,67.84
"8411",11,2004,79.26,65.94,68.72,66.55
"8412",12,2004,77.05,65.25,66.66,67.32
"8413",13,2004,72.48,61.39,62.16,63.63
"8414",14,2004,66.12,56.36,59.78,56.72
"8415",15,2004,65.67,57.17,59.84,56.26
"8416",16,2004,67.53,59.94,61.58,59.84
"8417",17,2004,69.55,60.09,60.55,61.72
"8418",18,2004,69.79,59.44,59.82,60.5
"8419",19,2004,65.99,57.13,57.44,58.36
"8420",20,2004,59.54,52.43,52.46,54.73
"8421",21,2004,55.78,50.9,52.52,52.01
"8422",22,2004,56.06,52.2,55.57,52.7
"8423",23,2004,55.86,52.81,56.1,49.96
"8424",24,2004,55.82,52.48,54.64,52.61
"8425",25,2004,50.87,50.21,50.91,49.55
"8426",26,2004,52.12,50.8,52.1,50.02
"8427",27,2004,53.5,52.45,53.6,51.51
"8428",28,2004,52.69,53.71,53.15,53.42
"8429",29,2004,51.19,51.82,52.39,51.01
"8430",30,2004,49.71,49.25,52.71,48
"8431",31,2004,50.02,50.41,53.12,48.92
"8432",32,2004,50.43,50.97,53.33,48.89
"8433",33,2004,55.49,54.73,57.81,51.16
"8434",34,2004,63.2,54.05,57.37,53.98
"8435",35,2004,47.04,45.71,50.47,48.33
"8436",36,2004,51.52,52,55.28,50.82
"8437",37,2004,53.47,50.96,52.61,53.83
"8438",38,2004,54.46,49.71,51.58,51.12
"8439",39,2004,48.57,46.53,47.02,49.56
"8440",40,2004,44.16,42.09,45.78,43.6
"8441",41,2004,45.98,45.03,48.64,45.48
"8442",42,2004,50.23,50.59,53.56,51.17
"8443",43,2004,50.65,51.03,51.93,50.07
"8444",44,2004,56.47,54.07,54.35,52.79
"8445",45,2004,59.09,52.42,55.93,51.87
"8446",46,2004,51.85,47.88,50.66,47.94
"8447",47,2004,48.45,46.46,49.22,46.89
"8448",48,2004,49.11,47.42,50.22,46.17
"8449",49,2004,47.92,47.24,50.44,46.07
"8450",50,2004,49.71,48.76,51.39,47.3
"8451",51,2004,55.35,51.98,55.54,52.02
"8452",52,2004,62.7,54,56.54,55.73
"8453",53,2004,72.61,58.5,64.27,58.3
"8454",54,2004,85,69.22,74.68,67.41
"8455",55,2004,84.79,72.52,72.78,71.81
"8456",56,2004,81.69,69.12,64.4,76.04
"8457",57,2004,80.16,65.59,65.89,72.58
"8458",58,2004,85.74,67.06,71.75,70.92
"8459",59,2004,85.04,70.83,74.77,72.46
"8460",60,2004,89.26,78.16,83.31,79.78
"8461",61,2004,88.22,75.86,77.03,82.04
"8462",62,2004,83.4,66.9,65.05,73.91
"8463",63,2004,72.95,58.41,56.75,62.92
"8464",64,2004,70.73,55.89,56.13,61.17
"8465",65,2004,68.76,50.68,49.98,58.4
"8466",66,2004,63.94,50.35,49.57,58.6
"8467",67,2004,70.13,49.94,51.95,54.57
"8468",68,2004,74.61,52.96,59.75,52.9
"8469",69,2004,81.6,63.85,73.04,63.98
"8470",70,2004,87.68,75.38,78.62,77.89
"8471",71,2004,93.19,83.7,81.58,87.62
"8472",72,2004,86.52,75.61,73.02,78.41
"8473",73,2004,77.55,60.92,58.4,67.78
"8474",74,2004,77.37,60.57,61.94,62.54
"8475",75,2004,83.65,59.98,62.34,65.09
"8476",76,2004,79.4,54.77,56.24,58.26
"8477",77,2004,80.13,59.08,62.63,62.88
"8478",78,2004,78.73,58.51,60.4,62.04
"8479",79,2004,68.04,45.46,45.48,50.32
"8480",80,2004,65.93,43.72,49.47,46.14
"8481",81,2004,70.82,49.71,56.04,49.77
"8482",82,2004,83.19,60.67,65.27,62.3
"8483",83,2004,84.12,69.48,69.8,72.73
"8484",84,2004,88.34,74.4,72.85,77.71
"8485",85,2004,83.32,69.85,66.01,72.47
"8486",86,2004,82.04,61.18,60.82,69.05
"8487",87,2004,83.15,59.95,60.94,66.31
"8488",88,2004,90.95,64.41,64.32,75.03
"8489",89,2004,87.36,72.43,71.33,76.48
"8490",90,2004,85.46,75.81,71.69,82.38
"8491",91,2004,88.61,80.61,77.29,84.43
"8492",92,2004,87.53,81.29,78.99,81.31
"8493",93,2004,91.9,84.09,85.43,84.31
"8494",94,2004,93.7,88.69,90.92,89.47
"8495",95,2004,87.47,83.54,86.5,83.85
"8496",96,2004,90.72,86.27,87.35,85.53
"8497",97,2004,87.57,83.56,85.34,84.05
"8498",98,2004,88.37,82.82,84.76,81.39
"8499",99,2004,87.38,82.44,84.44,82.41
"8500",100,2004,89.17,84.44,84.85,84.14
"8501",101,2004,86.93,84.13,87.67,82.27
"8502",102,2004,87.12,86.11,88.48,83.23
"8503",103,2004,87.43,86.42,86.97,83.68
"8504",104,2004,86.38,83.51,84.85,83.82
"8505",105,2004,89.95,84.85,86.35,82.93
"8506",106,2004,88.03,84.13,85.54,83.42
"8507",107,2004,88.68,82.61,85.93,82
"8508",108,2004,93.42,86.66,89.47,85.72
"8509",109,2004,92.09,89.8,90.94,89.66
"8510",110,2004,92.86,89.24,92.26,88.87
"8511",111,2004,91.53,89.86,91.97,90.55
"8512",112,2004,93.33,89.64,92.41,88.7
"8513",113,2004,90.79,89.6,88.54,90.71
"8514",114,2004,94.23,91.51,91.41,92.13
"8515",115,2004,93.12,89.16,90.76,91.12
"8516",116,2004,88.61,87.91,91,87.09
"8517",117,2004,86.07,85.71,86.95,84.26
"8518",118,2004,93.38,89.53,91.25,88.48
"8519",119,2004,90.04,87.06,89.18,87.51
"8520",120,2004,88.93,88.34,88.4,88.79
"8521",121,2004,92.87,90.56,92.19,92.46
"8522",122,2004,94.5,91.45,92.85,92.39
"8523",123,2004,92.95,89.57,90.53,92.62
"8524",124,2004,91.73,89.61,90.94,91.25
"8525",125,2004,95.13,92.78,95.12,91.29
"8526",126,2004,94.76,91.16,91.36,91.09
"8527",127,2004,91.71,87.9,88.89,89.49
"8528",128,2004,93.99,91.61,93.11,91.39
"8529",129,2004,92.14,90.13,90.64,91.3
"8530",130,2004,94.76,91.26,93.17,92.59
"8531",131,2004,92.41,86.63,89.77,89.81
"8532",132,2004,89.47,86.54,91.75,87.65
"8533",133,2004,92.49,90.76,92.4,91.86
"8534",134,2004,92.08,91.85,93.29,91.09
"8535",135,2004,91.44,88.17,89.51,88.75
"8536",136,2004,90.67,88.91,89.12,88.08
"8537",137,2004,93.81,89.61,90.93,90.78
"8538",138,2004,97.65,95.63,96.45,96.61
"8539",139,2004,95.84,92.15,94.32,91.49
"8540",140,2004,93.21,91.74,92.7,91.41
"8541",141,2004,92.4,88.64,93.26,87.15
"8542",142,2004,92.51,88.56,93.85,84.43
"8543",143,2004,88.89,88.25,87.15,88.29
"8544",144,2004,89.58,86.19,86.62,86.81
"8545",145,2004,91.22,88.09,89.59,88.8
"8546",146,2004,89.71,90.08,90.53,90.59
"8547",147,2004,89.78,88.85,91.39,89.27
"8548",148,2004,93.37,89.91,90.29,89.3
"8549",149,2004,93.55,90.61,93.07,91.49
"8550",150,2004,95.1,90.89,95.02,91.8
"8551",151,2004,91.01,88.99,90.4,88.99
"8552",152,2004,90.4,88.21,91.3,87.78
"8553",153,2004,91.42,88.91,93.47,87.54
"8554",154,2004,92.23,89.52,93.48,88.14
"8555",155,2004,91.76,88.14,90.71,87.5
"8556",156,2004,94.22,91.09,93.63,90.1
"8557",157,2004,96.1,93.26,94.18,94.89
"8558",158,2004,92.93,93.53,94.4,95.57
"8559",159,2004,90.96,89.46,90.99,88.24
"8560",160,2004,91.23,89.12,91.12,88.14
"8561",161,2004,94.51,91.04,94.2,90.95
"8562",162,2004,87.33,85.58,87.14,86.19
"8563",163,2004,86.88,86.57,86.67,87.06
"8564",164,2004,91.85,90.35,92.45,90.49
"8565",165,2004,93.04,90.24,93.25,87.92
"8566",166,2004,92.14,88.74,91.99,87.42
"8567",167,2004,93.69,89.51,90.21,90.02
"8568",168,2004,90.31,90.04,93.62,89.6
"8569",169,2004,90.58,87.67,92,84.53
"8570",170,2004,92.22,87.99,90.99,83.99
"8571",171,2004,90.24,87.93,90.4,85.37
"8572",172,2004,91.58,89.52,92.7,88.11
"8573",173,2004,89.75,86.73,88.25,87.09
"8574",174,2004,87.21,85.03,86.36,86.09
"8575",175,2004,91.07,88.48,89.56,89.01
"8576",176,2004,91.95,88.13,85.26,89.53
"8577",177,2004,87.88,84.25,85.52,82.21
"8578",178,2004,88.43,83.28,87.22,82.57
"8579",179,2004,93.85,90.21,92.21,91.27
"8580",180,2004,96.7,95.78,94.83,95.88
"8581",181,2004,91.91,91.1,89.45,90.76
"8582",182,2004,92.5,87.94,89.82,87.72
"8583",183,2004,92.78,90.72,93.21,90.72
"8584",184,2004,89.21,87.27,89.32,86.38
"8585",185,2004,90.71,88.59,89.36,89.08
"8586",186,2004,91.72,89.76,91.02,89.19
"8587",187,2004,94.99,91.4,93.08,91.75
"8588",188,2004,90.3,89.61,89.6,89.04
"8589",189,2004,89.08,87.04,89.27,85.31
"8590",190,2004,86.59,84.7,88.23,86.24
"8591",191,2004,89.7,87.14,87.61,87.48
"8592",192,2004,90.55,87.16,88.14,86.76
"8593",193,2004,90.96,88.11,90.59,87.88
"8594",194,2004,91.67,90.12,90.75,90.57
"8595",195,2004,91.56,87.42,89.8,87.92
"8596",196,2004,90.73,87.22,88.44,87.51
"8597",197,2004,90.7,87.63,89.02,87.52
"8598",198,2004,94.24,90.56,93.03,91.41
"8599",199,2004,94.21,90.55,92.69,92.04
"8600",200,2004,89.63,86.69,87.82,84.79
"8601",201,2004,91.83,88.98,88.55,89.47
"8602",202,2004,93.18,91.44,92.79,90.75
"8603",203,2004,89.4,86.37,89.41,85.98
"8604",204,2004,88.48,85.35,87.18,84.54
"8605",205,2004,89.82,86.62,89.67,85.94
"8606",206,2004,93.14,88.77,88.96,88.23
"8607",207,2004,91.13,89.92,89.75,91.7
"8608",208,2004,92.98,90.7,92.37,91.07
"8609",209,2004,90.79,88.97,91.16,89.03
"8610",210,2004,92.5,89.27,90.78,85.51
"8611",211,2004,91.42,89.18,93.1,87.45
"8612",212,2004,89.73,87.26,90.2,89.21
"8613",213,2004,90.33,87.55,89.85,87.91
"8614",214,2004,91.49,87.33,90.36,85.74
"8615",215,2004,90.42,87.36,90.99,85.17
"8616",216,2004,92.51,87.98,89.92,86.76
"8617",217,2004,90.79,88.81,89.04,91.05
"8618",218,2004,88.04,85.24,90.3,82.79
"8619",219,2004,93.62,89.83,93.11,88.97
"8620",220,2004,89.17,85.59,89.42,85.97
"8621",221,2004,88.51,84.98,89.81,84.44
"8622",222,2004,90.33,84.7,90.58,82.55
"8623",223,2004,88.98,83.19,88.81,81.08
"8624",224,2004,86.6,83.07,86.37,80.64
"8625",225,2004,85.26,83.98,82.75,82.22
"8626",226,2004,88.26,82.33,86.5,83.1
"8627",227,2004,89.12,86.25,87.04,85.3
"8628",228,2004,88.75,85.8,87.73,85.88
"8629",229,2004,89.62,87.69,90.8,87.14
"8630",230,2004,89.59,86.47,87.31,88.58
"8631",231,2004,90.59,89.06,88.99,89.01
"8632",232,2004,89.55,87.31,89.05,88.99
"8633",233,2004,92.8,90.31,93.13,89.46
"8634",234,2004,91.14,91.15,91.24,91.8
"8635",235,2004,87.88,88.2,87.11,88.3
"8636",236,2004,86.97,83.49,83.38,84.19
"8637",237,2004,92.23,86.45,88.5,86.4
"8638",238,2004,91.22,88.25,89.22,89.98
"8639",239,2004,91.46,87.26,89.08,86.78
"8640",240,2004,91.46,87.86,91.26,88.03
"8641",241,2004,89.42,88.94,89.07,88.31
"8642",242,2004,88.01,84.34,85.8,85.55
"8643",243,2004,88.38,84.64,87.35,83.41
"8644",244,2004,88.22,86.17,88.59,85.25
"8645",245,2004,89,85.14,85.77,85.98
"8646",246,2004,86.14,84.23,85.05,83.57
"8647",247,2004,89.07,86.5,85.66,87.15
"8648",248,2004,92.46,88.09,92.84,85.99
"8649",249,2004,91.35,89.59,88.92,89.62
"8650",250,2004,86.69,84.12,88.33,85.85
"8651",251,2004,88.38,82.22,86.42,83.27
"8652",252,2004,88.62,84.58,83.51,86.39
"8653",253,2004,88.87,84.37,85.17,84.42
"8654",254,2004,92.31,87.85,89.77,86.08
"8655",255,2004,87.42,83.89,85.79,84.07
"8656",256,2004,87.62,83.59,86.54,83.96
"8657",257,2004,88.93,83.69,89.7,81.13
"8658",258,2004,86.9,83.33,88.62,78.79
"8659",259,2004,86.19,83.61,87.59,81.93
"8660",260,2004,88.86,86.29,85.35,86.15
"8661",261,2004,86.66,83.39,87.17,82.53
"8662",262,2004,85.97,83.63,83.5,83.56
"8663",263,2004,87.05,85.31,86.2,85.38
"8664",264,2004,87.71,83.56,88.39,86.26
"8665",265,2004,89.95,85.86,91.84,85.69
"8666",266,2004,87.22,84.76,86.24,83.04
"8667",267,2004,87.98,84.46,86.14,83.56
"8668",268,2004,88.48,85.03,89.37,85
"8669",269,2004,90.15,88.56,88.6,88.42
"8670",270,2004,89.64,86.02,88.89,86.31
"8671",271,2004,90.02,86.48,90.78,84.22
"8672",272,2004,89.87,87.78,88.33,87.23
"8673",273,2004,88.38,85.79,89.38,86.15
"8674",274,2004,89.55,87.31,89.82,85.98
"8675",275,2004,94.25,89,92.12,89.99
"8676",276,2004,89.87,86.35,88.48,87.45
"8677",277,2004,88.67,85.14,88.54,84.54
"8678",278,2004,91.92,89.85,91.51,88.65
"8679",279,2004,92.32,88.05,89.72,88.93
"8680",280,2004,89.08,85.44,89.55,85.36
"8681",281,2004,90.63,86.77,90.63,85.48
"8682",282,2004,88.39,84.65,89.97,83.18
"8683",283,2004,86.2,83.91,84.46,85.01
"8684",284,2004,86.29,82.17,84.71,83.28
"8685",285,2004,86.45,84.09,87.42,83.39
"8686",286,2004,85.99,83.51,85.27,83.74
"8687",287,2004,86.6,84.19,86.85,84.66
"8688",288,2004,87.76,84.23,86.77,84.53
"8689",289,2004,87.42,83.92,87.32,83.86
"8690",290,2004,90.13,86.76,88.5,87.19
"8691",291,2004,91.42,86.61,90.51,86.04
"8692",292,2004,90.33,88.13,89.87,88.27
"8693",293,2004,88.24,85.35,85.67,85.8
"8694",294,2004,92.99,88.73,89.28,88.68
"8695",295,2004,87.7,87.04,86.97,87.28
"8696",296,2004,85.39,84.88,86.08,83.98
"8697",297,2004,87.42,83.51,86.15,85.32
"8698",298,2004,89.75,85.68,86.52,87.08
"8699",299,2004,88.87,86.82,89.29,87
"8700",300,2004,86.73,85.56,86.72,85.76
"8701",301,2004,87.3,85.61,85.77,86.69
"8702",302,2004,91.67,87.26,88.83,88.25
"8703",303,2004,89.62,88.28,90.33,89.09
"8704",304,2004,86.4,86.33,86.85,87.88
"8705",305,2004,85.27,84.01,86.05,84.49
"8706",306,2004,91.45,86.82,89.38,87.94
"8707",307,2004,92.11,88.4,88.81,88.38
"8708",308,2004,89.09,86.65,87.69,86.31
"8709",309,2004,90.59,85.33,87.06,86.09
"8710",310,2004,90.59,85.31,88.51,85.71
"8711",311,2004,90.51,87.8,89.06,88.26
"8712",312,2004,94.41,90.72,93.44,89.48
"8713",313,2004,91.06,86.58,90.17,87.48
"8714",314,2004,86.03,84.13,88.23,84.41
"8715",315,2004,87.85,85.21,86.68,86.79
"8716",316,2004,88.37,86.62,86.51,86.07
"8717",317,2004,87.8,85.88,87.1,87.47
"8718",318,2004,91.09,86.68,88.11,86.47
"8719",319,2004,92.11,88.86,92.15,87.88
"8720",320,2004,90.33,85.37,86.9,85.79
"8721",321,2004,86.15,83.17,84.54,84.22
"8722",322,2004,89.77,84.28,86.23,84.08
"8723",323,2004,90.05,86.44,88.35,86.7
"8724",324,2004,91.31,86.38,90.17,86.84
"8725",325,2004,93.49,89.42,92.66,89.21
"8726",326,2004,92.96,89.67,89.34,89.87
"8727",327,2004,88.44,86.19,88.91,85.29
"8728",328,2004,90.02,86.11,87.83,86.32
"8729",329,2004,92.08,88.67,89.69,89.78
"8730",330,2004,94.03,89.01,89.71,89.08
"8731",331,2004,93.15,90.65,93.56,90.01
"8732",332,2004,88.63,87.12,87.39,87.25
"8733",333,2004,85.71,82.46,83.04,84.13
"8734",334,2004,85.51,81.82,82.92,83.27
"8735",335,2004,87.58,84.08,84.03,84.53
"8736",336,2004,91.99,86.02,89.37,87.35
"8737",337,2004,91.25,86.28,89.24,87.15
"8738",338,2004,88.8,85.07,86.46,84.91
"8739",339,2004,91.14,85.5,87.93,85.14
"8740",340,2004,90.4,85.52,87.87,83.98
"8741",341,2004,93.15,87.33,88.89,88.71
"8742",342,2004,91.27,86.65,86.69,87.57
"8743",343,2004,85.08,81.7,81.73,83.9
"8744",344,2004,81.3,78.23,78.05,79.37
"8745",345,2004,87.69,80.77,82.76,81.1
"8746",346,2004,89.97,86.55,88.31,85.56
"8747",347,2004,91.3,86.92,88.75,87.86
"8748",348,2004,91.67,88.93,89.09,91.11
"8749",349,2004,90.65,86.24,87.98,87.17
"8750",350,2004,90.7,86.77,88.11,86.09
"8751",351,2004,89.22,84.32,84.5,86.63
"8752",352,2004,84.53,80.05,80.55,82.3
"8753",353,2004,83.75,79.64,79.86,80.32
"8754",354,2004,87.37,80.68,83.31,80.85
"8755",355,2004,90.34,87.27,89.69,86.99
"8756",356,2004,87.86,84.24,83.62,84.98
"8757",357,2004,84.42,79.7,78.39,82.04
"8758",358,2004,84.9,78.59,78.35,81.6
"8759",359,2004,80.38,75.93,76.57,77.2
"8760",360,2004,76.07,73.06,72.06,76.59
"8761",361,2004,73.03,70.42,67.71,72.1
"8762",362,2004,73.82,70.47,68.14,73.44
"8763",363,2004,78.02,72.94,72.72,75.56
"8764",364,2004,76.15,70.74,70.3,73.07
"8765",365,2004,75.71,68.04,68.75,70.24
"8766",366,2004,75.43,66.91,71.49,68.95
"8767",1,2005,85.99,78.28,80.86,79.44
"8768",2,2005,85.81,80.28,79.2,80.98
"8769",3,2005,84.93,75.01,73.43,79.02
"8770",4,2005,83.38,73.29,73.48,75.51
"8771",5,2005,82.85,73.96,74.46,74.62
"8772",6,2005,78.17,69.79,68.37,72.44
"8773",7,2005,74.31,65.82,67.24,66.72
"8774",8,2005,88.85,81.74,82.39,80.18
"8775",9,2005,90.83,85.58,85.19,86.66
"8776",10,2005,86.36,80.35,82.25,78.66
"8777",11,2005,88.76,77.54,79.92,77.4
"8778",12,2005,88.3,81.22,83.62,79.99
"8779",13,2005,91.6,82.33,85.18,83.63
"8780",14,2005,89.53,81.71,81.78,82.34
"8781",15,2005,86.28,80.41,77.16,83.68
"8782",16,2005,80.51,72.96,69.58,78.39
"8783",17,2005,74.62,68.13,66.29,70.34
"8784",18,2005,72.87,63.62,62.47,65.45
"8785",19,2005,67.73,55.9,59.88,59.56
"8786",20,2005,67.56,57.93,59.73,62.39
"8787",21,2005,66.99,56.45,61.02,59.78
"8788",22,2005,70.02,59.88,62.09,61.75
"8789",23,2005,81.02,65.25,69.36,66.44
"8790",24,2005,85.28,71.96,71.36,72.86
"8791",25,2005,77.57,63.75,62.55,65.84
"8792",26,2005,70.41,55.2,52.82,58.36
"8793",27,2005,67.46,54.12,57.02,56.31
"8794",28,2005,72.75,60.02,64.78,60.27
"8795",29,2005,76.38,62,63.39,62.68
"8796",30,2005,68.82,56.07,56.25,57.11
"8797",31,2005,62.95,53.6,54.58,53.22
"8798",32,2005,64.81,54.1,56.87,54.57
"8799",33,2005,67.01,52.54,55.58,53.28
"8800",34,2005,74.58,57.9,65.55,51.09
"8801",35,2005,80.4,67.21,70.78,63.76
"8802",36,2005,83.31,75.27,73.6,74.25
"8803",37,2005,89.41,83.09,83.52,80.38
"8804",38,2005,90.16,82.32,84.08,79.81
"8805",39,2005,89.97,82.4,81.98,82.22
"8806",40,2005,90.28,83.04,84.1,86.54
"8807",41,2005,94.46,88.67,90.64,88.27
"8808",42,2005,93.13,87.82,88.77,88.1
"8809",43,2005,92.13,86.21,85.67,86.98
"8810",44,2005,84.87,77.91,77.63,80.8
"8811",45,2005,79.49,70.92,68.9,73.59
"8812",46,2005,74.74,68.89,64.27,70.02
"8813",47,2005,72.45,64.69,64.99,67.14
"8814",48,2005,71.51,62.22,60,64.87
"8815",49,2005,73.71,61.55,62.35,65.19
"8816",50,2005,74.02,60.43,60.11,63.75
"8817",51,2005,67.53,53.19,53.15,58.06
"8818",52,2005,67.26,54.38,55.67,58.17
"8819",53,2005,69.71,51.83,56.57,54.54
"8820",54,2005,64.96,46.03,51.61,50.74
"8821",55,2005,62.6,44.94,49.21,46.2
"8822",56,2005,69.5,51.06,56.11,49.78
"8823",57,2005,76.85,59.45,65.98,58.47
"8824",58,2005,80.8,64.55,69.22,66.21
"8825",59,2005,79.29,59.1,60.88,59.7
"8826",60,2005,76.24,59.84,63.27,57.64
"8827",61,2005,80.46,62.4,71.81,61.27
"8828",62,2005,87.84,75.11,77.47,77.21
"8829",63,2005,89.38,75.97,74.44,80.91
"8830",64,2005,84.6,71.96,72.98,75.63
"8831",65,2005,84.07,70.24,70.38,72.97
"8832",66,2005,86.03,70.83,67.71,74.72
"8833",67,2005,81.54,64.37,59.98,70.66
"8834",68,2005,70.7,48.65,50.59,53.31
"8835",69,2005,65.17,41.68,47.44,46.8
"8836",70,2005,67.12,44.76,48.86,49.91
"8837",71,2005,69.74,50.72,52.58,51.94
"8838",72,2005,68.37,50.53,48.11,53.94
"8839",73,2005,64.14,41.21,45.01,46.53
"8840",74,2005,64.7,41.43,45.88,43.47
"8841",75,2005,72.81,49.21,51.29,49.74
"8842",76,2005,79.83,61.39,60.31,62.99
"8843",77,2005,79.86,65.61,65.28,69.7
"8844",78,2005,79.51,63.64,66.62,65.28
"8845",79,2005,81.44,68.78,70.28,71.65
"8846",80,2005,80.04,57.65,56.73,67.35
"8847",81,2005,78.6,59.83,58.92,64.5
"8848",82,2005,84.51,68.09,64.29,74.88
"8849",83,2005,90.53,83.62,75.79,84.16
"8850",84,2005,87.43,79.15,72.44,80.23
"8851",85,2005,88.44,80.47,69.79,81.65
"8852",86,2005,83.33,77.02,67.55,76.67
"8853",87,2005,80.98,70.58,58.11,74.42
"8854",88,2005,81.64,70.17,60.44,73.03
"8855",89,2005,84.75,72.97,62.42,75.58
"8856",90,2005,86.82,72.74,69.18,74.82
"8857",91,2005,89.48,81.59,73.23,79.86
"8858",92,2005,88.88,83.89,80.97,87.62
"8859",93,2005,91.3,87.49,86.67,88.9
"8860",94,2005,93.88,89.41,90.02,90.05
"8861",95,2005,92.7,88,89.08,88.88
"8862",96,2005,92.14,89.02,85.47,89.59
"8863",97,2005,89.26,85.12,82.68,87.05
"8864",98,2005,92.8,86.46,87.63,88.69
"8865",99,2005,92.41,90,91.66,91.44
"8866",100,2005,93.02,86.19,88.77,88.73
"8867",101,2005,89.79,85.24,86.84,86.84
"8868",102,2005,89.7,86.48,86.69,86.9
"8869",103,2005,90.31,87.47,87.72,89.37
"8870",104,2005,91.49,88.11,89.53,88.76
"8871",105,2005,92.72,88.89,86.81,91.19
"8872",106,2005,89.34,86.41,86.22,86.96
"8873",107,2005,92.34,88.41,87.27,87.83
"8874",108,2005,89.19,85.98,87.2,85.04
"8875",109,2005,87.08,84.9,86.27,85.48
"8876",110,2005,89.88,88.01,90.24,86.66
"8877",111,2005,91.79,88.56,90.66,87.83
"8878",112,2005,92.4,87.78,90.27,86.79
"8879",113,2005,90.05,86.22,88.97,87.73
"8880",114,2005,85.94,84.14,84.54,86.1
"8881",115,2005,90.92,87.95,90.63,89.49
"8882",116,2005,87.99,84.35,83.51,85.3
"8883",117,2005,89.06,83.39,82.22,84.44
"8884",118,2005,85.61,83.95,82.16,85.56
"8885",119,2005,84.78,82.26,81.8,85.16
"8886",120,2005,92.92,88.16,89.23,89.56
"8887",121,2005,91.65,86.82,90.25,88.03
"8888",122,2005,89.51,86.04,86.43,86.42
"8889",123,2005,88.19,85.65,86.5,87.18
"8890",124,2005,91.74,88.72,87.31,89.22
"8891",125,2005,90.98,87.51,87.26,88.05
"8892",126,2005,92.12,89.54,89.69,90.88
"8893",127,2005,84.36,83.38,86.58,83.16
"8894",128,2005,87.44,84.04,85.34,85.37
"8895",129,2005,92.63,89.82,91.4,90.83
"8896",130,2005,89.98,87.95,89.1,90.7
"8897",131,2005,92.34,88.47,90.22,88.31
"8898",132,2005,90.7,87.3,89.65,88.46
"8899",133,2005,93.52,90.72,92.36,90.76
"8900",134,2005,90.51,88.85,91.19,88.49
"8901",135,2005,88.55,85.18,87.19,86.87
"8902",136,2005,89.77,87.31,90.36,88.23
"8903",137,2005,92.76,91,90.39,92.12
"8904",138,2005,87.79,85.58,87.29,84.79
"8905",139,2005,87.73,84.83,84.28,87.33
"8906",140,2005,87.03,84.63,85.96,86.28
"8907",141,2005,85.38,81.88,84.83,82.62
"8908",142,2005,90.05,86.42,87.13,88.94
"8909",143,2005,90.85,88.3,90.22,90.2
"8910",144,2005,86.44,85.99,84.71,88.19
"8911",145,2005,86.86,84.79,83.64,86.23
"8912",146,2005,91.23,87.74,89.31,88.22
"8913",147,2005,91.62,89.61,90.78,89.12
"8914",148,2005,89.95,86.8,88.48,86.77
"8915",149,2005,88.85,84.84,88.09,84.17
"8916",150,2005,90.74,88.73,91.16,86.61
"8917",151,2005,95.84,92.67,92.94,94.26
"8918",152,2005,89.74,88.03,90.5,88.79
"8919",153,2005,90.67,87.38,87.09,89.83
"8920",154,2005,92.55,90.17,91.92,91.14
"8921",155,2005,90.9,87.64,91.85,89.22
"8922",156,2005,88.07,86.41,89.8,88.8
"8923",157,2005,94.87,88.54,91.49,89.87
"8924",158,2005,92.47,88.58,88.76,90.88
"8925",159,2005,85.41,82.54,86.35,82.87
"8926",160,2005,89.6,85.81,86.49,86.68
"8927",161,2005,91.82,88.84,91.74,86.18
"8928",162,2005,88.05,86.35,88.15,84.97
"8929",163,2005,84.98,83.82,84.49,84.06
"8930",164,2005,87.18,85.54,87.09,86.39
"8931",165,2005,88.35,86.07,86,87.68
"8932",166,2005,91.58,87.64,91.18,86.7
"8933",167,2005,89.78,88.25,90.51,85.05
"8934",168,2005,88.07,85.07,87.12,83.94
"8935",169,2005,89.37,87.58,88.41,88.61
"8936",170,2005,91.42,88.28,88.21,90.23
"8937",171,2005,95.26,91.01,93.76,91.13
"8938",172,2005,92.38,88.59,91.1,89.09
"8939",173,2005,87.84,85.78,86.78,86.59
"8940",174,2005,88.14,85.74,90.36,84.8
"8941",175,2005,88.18,86.48,89.93,86.02
"8942",176,2005,89.39,85.63,89.89,83.13
"8943",177,2005,93.11,88.79,90.68,91.58
"8944",178,2005,89.53,86.66,89.32,86.17
"8945",179,2005,86.88,85.34,86,84.73
"8946",180,2005,91.43,88.72,88.64,89.31
"8947",181,2005,94.91,93.51,95.93,93.05
"8948",182,2005,92.11,88.88,93.76,86.19
"8949",183,2005,87.75,85.26,85.09,84.75
"8950",184,2005,88.23,82.88,85.65,85.85
"8951",185,2005,88.57,83.82,87.26,84.42
"8952",186,2005,86.24,86.05,86.23,86.55
"8953",187,2005,88,88.64,87.96,88.67
"8954",188,2005,90.13,88.95,92.6,86.26
"8955",189,2005,93.15,87.99,94.46,86.15
"8956",190,2005,82.66,83.61,84.17,82.67
"8957",191,2005,81.66,78.94,83.71,74.86
"8958",192,2005,92.03,86.88,87.54,84.24
"8959",193,2005,89.59,83.64,88.91,80.95
"8960",194,2005,84.11,79.39,86.47,76.9
"8961",195,2005,81.28,80.41,83.5,77.55
"8962",196,2005,83.58,82.94,84.5,80.59
"8963",197,2005,89.41,84.98,86.71,85.96
"8964",198,2005,90.65,87.54,90.2,86.97
"8965",199,2005,92.4,87.65,90.63,88.15
"8966",200,2005,91.59,89.93,86.44,91.27
"8967",201,2005,91.38,89.33,91.72,89.53
"8968",202,2005,93.46,90.56,92,90.38
"8969",203,2005,88.55,87.58,88.8,88.35
"8970",204,2005,89.95,86.79,91.35,86.29
"8971",205,2005,92.31,90.99,91.85,91.96
"8972",206,2005,87.65,85.64,87.18,86.5
"8973",207,2005,89.54,86.47,88.26,83.83
"8974",208,2005,89.59,85.8,89.36,84.06
"8975",209,2005,89.57,86.15,89.06,85.84
"8976",210,2005,89.66,86.16,90.41,86.2
"8977",211,2005,87.07,83.93,84.6,83.62
"8978",212,2005,88.49,85.2,88.36,82.27
"8979",213,2005,86.69,86.45,85.68,84.81
"8980",214,2005,89.89,86.68,90.44,85.43
"8981",215,2005,94.33,89.11,92.65,88.55
"8982",216,2005,90.24,87.53,90.24,88.09
"8983",217,2005,93.06,92.23,92.18,91.87
"8984",218,2005,88.91,87.86,88.73,86.84
"8985",219,2005,92.15,90.85,90.4,91.4
"8986",220,2005,88.58,87.49,89.37,88.57
"8987",221,2005,86.82,83.68,87.39,81.6
"8988",222,2005,92.08,88.2,91.26,84.73
"8989",223,2005,88.4,84.2,90.25,83.74
"8990",224,2005,90.49,86.18,86.66,85.96
"8991",225,2005,89.53,84.05,83.56,82.39
"8992",226,2005,87.95,83.57,83.76,82.13
"8993",227,2005,88.2,87.64,87.76,88.3
"8994",228,2005,91.97,88.48,89.64,90.41
"8995",229,2005,87.76,84.78,88.59,84.19
"8996",230,2005,93.29,89.98,89.75,91.55
"8997",231,2005,93.17,90.93,92.16,91.1
"8998",232,2005,89.27,86.22,88.93,84.01
"8999",233,2005,86.59,83.81,86.98,82.15
"9000",234,2005,88.9,84.47,86.44,85.62
"9001",235,2005,87.02,84.11,84.78,83.24
"9002",236,2005,89.28,85.77,87.69,84.83
"9003",237,2005,90.56,86.09,87.45,86.93
"9004",238,2005,87.01,84.96,86.59,85.86
"9005",239,2005,87.92,84.78,87.15,85.79
"9006",240,2005,90.24,86.38,90.37,87.61
"9007",241,2005,86.15,84.3,86.59,85.15
"9008",242,2005,87.47,83.7,85.96,84.34
"9009",243,2005,88.54,84.73,86.24,83.93
"9010",244,2005,87.32,84.08,86.62,85.68
"9011",245,2005,87.75,84.65,86.87,85.97
"9012",246,2005,90.98,86.87,93.15,86.37
"9013",247,2005,90.8,86.97,89.27,86.4
"9014",248,2005,89.64,84.46,86.83,86.06
"9015",249,2005,90.71,87.97,91.48,88.99
"9016",250,2005,89.61,87.22,87.4,88.67
"9017",251,2005,86.1,83.85,85.67,83.36
"9018",252,2005,91.64,87.56,88.8,85.93
"9019",253,2005,88.74,86.41,87.86,87.08
"9020",254,2005,88.38,87.31,90.33,87.76
"9021",255,2005,88.45,87.88,90.36,87.71
"9022",256,2005,90.75,87.8,90.63,88.59
"9023",257,2005,89.36,87.39,87.85,87.46
"9024",258,2005,89.89,86.77,90.03,87.46
"9025",259,2005,89.92,86.62,86.2,85.64
"9026",260,2005,86.07,82.38,83.19,81.1
"9027",261,2005,85.97,81.94,82.31,82.42
"9028",262,2005,85.72,81.92,86.78,80.04
"9029",263,2005,87.69,82.41,86.43,81.07
"9030",264,2005,84.94,83,84.04,83.15
"9031",265,2005,88.16,86.55,85.26,86.59
"9032",266,2005,86.92,86.83,85.42,86.59
"9033",267,2005,88.11,85.52,88.11,86.82
"9034",268,2005,84.76,81.59,83.46,82.7
"9035",269,2005,85.87,80.95,83.59,81.09
"9036",270,2005,89.85,86.44,87.48,87.13
"9037",271,2005,90.6,85.64,91.45,84.39
"9038",272,2005,85.52,83.35,85.74,81.69
"9039",273,2005,83.74,82.19,82.09,84.19
"9040",274,2005,83.62,81.27,82.86,82.11
"9041",275,2005,86.34,82.08,86.15,84.31
"9042",276,2005,85.96,82.3,86.05,83.53
"9043",277,2005,87.77,85.31,86.97,84.64
"9044",278,2005,87.08,83.78,84.95,84.53
"9045",279,2005,87.71,85.3,85.63,84.7
"9046",280,2005,89.25,85.06,89.34,84.85
"9047",281,2005,88.1,84.96,87.83,84.48
"9048",282,2005,91.87,87.71,91.04,85.85
"9049",283,2005,86.77,85.17,85.96,81.57
"9050",284,2005,84.42,82.78,88.39,80.7
"9051",285,2005,86.85,84.32,84.49,83.64
"9052",286,2005,84.68,83.64,83.89,85.03
"9053",287,2005,88.27,85.33,87.04,85.37
"9054",288,2005,90.36,86.95,91.03,85.8
"9055",289,2005,88.38,87.27,89.44,87.01
"9056",290,2005,85.29,82.04,82.77,82.77
"9057",291,2005,88.54,84.23,87.54,83.17
"9058",292,2005,89.63,86.58,88.15,85.84
"9059",293,2005,88.62,85.75,86.92,87.2
"9060",294,2005,87.3,84.49,86.54,85.53
"9061",295,2005,87.49,83.93,86.85,86.49
"9062",296,2005,88.4,83.93,87.52,85.77
"9063",297,2005,90.83,85.8,88.72,85.75
"9064",298,2005,92.69,86.97,89.04,87.33
"9065",299,2005,86.65,84.69,85.45,83.71
"9066",300,2005,85.47,83.28,85.6,82.52
"9067",301,2005,89.95,85.46,89.76,85.29
"9068",302,2005,89.2,87.36,87.95,87.05
"9069",303,2005,87.87,85.23,86.2,83.92
"9070",304,2005,92.18,86.78,89.65,86.13
"9071",305,2005,94.55,90.24,89.35,91.84
"9072",306,2005,90.06,87.33,89.01,87.28
"9073",307,2005,89.76,86.85,86.78,87.28
"9074",308,2005,92.25,87.88,89.58,88.05
"9075",309,2005,91.51,87.46,89.87,86.52
"9076",310,2005,90.47,86.7,90.58,87.16
"9077",311,2005,87.59,85.26,88.89,84.66
"9078",312,2005,90.51,87.17,89.62,87.3
"9079",313,2005,94.58,91.83,92.12,91.44
"9080",314,2005,87.29,86.12,86.03,87.01
"9081",315,2005,85.8,85.28,85.6,86.9
"9082",316,2005,89.44,85.81,87.19,87.7
"9083",317,2005,93.67,89.87,88.98,91.14
"9084",318,2005,93.61,90.42,92.78,89.71
"9085",319,2005,88.93,86.99,87.57,87.51
"9086",320,2005,89.62,88.67,89.61,88.02
"9087",321,2005,87.35,84.61,85.64,85.41
"9088",322,2005,87.08,83.96,86.1,85.8
"9089",323,2005,90.1,85.91,89.43,84.95
"9090",324,2005,88.38,84.95,86.53,85.78
"9091",325,2005,93.11,87.91,91.19,87.96
"9092",326,2005,89.69,87.74,88.3,87.83
"9093",327,2005,89.74,86.49,87.25,88.13
"9094",328,2005,87.53,84.73,84.93,86.52
"9095",329,2005,82.66,80.35,80.37,81.08
"9096",330,2005,79.77,77.17,77.7,77.58
"9097",331,2005,77.86,76.64,77.32,76.45
"9098",332,2005,75.36,74.37,75.6,75.16
"9099",333,2005,73.78,74.72,72.98,75.83
"9100",334,2005,75.1,75,75.56,75.29
"9101",335,2005,79.24,75.2,80.18,74.57
"9102",336,2005,84.73,78.07,81.33,76.72
"9103",337,2005,89.55,78.14,81.05,77.96
"9104",338,2005,89.84,79.76,81.55,79.32
"9105",339,2005,83.74,76.49,76.98,78.48
"9106",340,2005,81.04,76.48,74.59,78.7
"9107",341,2005,77.12,73,70.17,76.31
"9108",342,2005,76.04,71.87,70.82,74.59
"9109",343,2005,75.15,73.04,73.24,75.2
"9110",344,2005,81.4,76.58,79.21,79.72
"9111",345,2005,93.7,87.59,84.66,90.07
"9112",346,2005,88.78,84.83,84.4,85.21
"9113",347,2005,87.65,82.61,81.59,84.72
"9114",348,2005,87.68,78.41,78.24,80.64
"9115",349,2005,85.77,78.26,77.42,79.51
"9116",350,2005,85.05,77.28,73.86,79.35
"9117",351,2005,86.24,76.67,74.69,76.78
"9118",352,2005,84.56,76.26,74.98,78.14
"9119",353,2005,77.43,66.97,69.67,70.49
"9120",354,2005,75.57,67.61,67.95,69.09
"9121",355,2005,83.06,68.38,70.32,73.53
"9122",356,2005,87.81,74.78,75.43,77.58
"9123",357,2005,85.43,71.12,72.81,74.39
"9124",358,2005,79.27,63.36,65,66.76
"9125",359,2005,83.3,70.07,70.48,70.23
"9126",360,2005,83.37,68.32,65.99,71.56
"9127",361,2005,79.19,61.97,60.33,68.14
"9128",362,2005,73.56,62.92,62.1,66.49
"9129",363,2005,68.17,57.26,60.41,58.23
"9130",364,2005,66.96,56.75,58.83,58.32
"9131",365,2005,65.16,54.87,56.06,57.44
"9132",1,2006,65.87,55.52,55.99,56.84
"9133",2,2006,70.57,57.15,61.65,57.07
"9134",3,2006,79.14,66.2,71.02,67.27
"9135",4,2006,85.88,76.86,74.58,77.55
"9136",5,2006,91.66,78.49,80.5,84.24
"9137",6,2006,89.25,75.09,78,77.49
"9138",7,2006,87.11,69.99,74.47,77.74
"9139",8,2006,87.39,73.11,72.66,78.94
"9140",9,2006,78.07,63.32,66.72,67.64
"9141",10,2006,77.25,61.02,63.23,66.21
"9142",11,2006,74.78,58.52,60.27,63.91
"9143",12,2006,72.25,54.62,58.11,60.49
"9144",13,2006,77.53,57.81,63.66,61.35
"9145",14,2006,82.32,63.17,70.9,64.44
"9146",15,2006,82.19,64.88,72.16,68.71
"9147",16,2006,90.13,75.47,77,80.21
"9148",17,2006,87.1,69.91,71.06,75.08
"9149",18,2006,87.62,65.28,67.45,70.64
"9150",19,2006,79.55,57.78,63.58,64.2
"9151",20,2006,69.01,49.05,57.27,53.55
"9152",21,2006,67.77,50.6,56.69,53.55
"9153",22,2006,77.15,58.19,63.68,59.56
"9154",23,2006,90.68,72.89,70.41,77.04
"9155",24,2006,87.78,73.99,70.55,79.88
"9156",25,2006,91.32,80.55,81.07,84.02
"9157",26,2006,92.6,84.56,85.6,85.7
"9158",27,2006,93.47,87.66,89.33,88.13
"9159",28,2006,94.42,89.17,93.23,88.62
"9160",29,2006,93.49,87.57,85.18,89.55
"9161",30,2006,87.65,81.4,77.89,81.29
"9162",31,2006,88.15,76.11,75.22,78.57
"9163",32,2006,86.87,73.13,76.95,74.77
"9164",33,2006,85.25,75.61,78.63,76.42
"9165",34,2006,91.58,78.1,78.03,82.12
"9166",35,2006,89.46,78.97,77.86,83.03
"9167",36,2006,81,67.74,67.62,71.64
"9168",37,2006,75.05,60.74,61.91,66.76
"9169",38,2006,70.91,59.64,58.86,66.12
"9170",39,2006,71.14,59.78,60.23,64.08
"9171",40,2006,72.25,57.69,58.98,63.35
"9172",41,2006,76.13,58.1,61.18,62.47
"9173",42,2006,81.7,61.33,63.19,65.44
"9174",43,2006,86.66,67.48,63.81,70.95
"9175",44,2006,77.25,58.93,56.26,63.6
"9176",45,2006,62.1,45.5,48.36,51.09
"9177",46,2006,61.98,47.68,50.69,52.12
"9178",47,2006,66.71,48.65,50.58,52.64
"9179",48,2006,70.5,51.6,52.38,55.41
"9180",49,2006,78.32,57.85,57.78,60.55
"9181",50,2006,75.86,51.38,52.64,57.3
"9182",51,2006,66.28,44.4,44.93,52.09
"9183",52,2006,61.17,43.64,44.86,49.79
"9184",53,2006,69.75,51.56,54.54,54.15
"9185",54,2006,71.06,54.05,55.45,58.81
"9186",55,2006,67.5,48.38,51.25,53.96
"9187",56,2006,61.07,42.69,49.28,45.18
"9188",57,2006,64.39,48.96,52.81,48.1
"9189",58,2006,73.7,50.36,54.23,53.22
"9190",59,2006,78.56,52.05,55.4,52.79
"9191",60,2006,79.63,53.74,59.21,53.13
"9192",61,2006,77.42,62.39,63.22,63.32
"9193",62,2006,78.07,61.63,61.17,61.96
"9194",63,2006,83.91,67.15,64.59,69.85
"9195",64,2006,88.33,78.31,75.1,81.73
"9196",65,2006,90.67,83.19,83.69,85.47
"9197",66,2006,91.59,81.61,83.86,86.71
"9198",67,2006,89.78,78.81,83.2,78.69
"9199",68,2006,90.02,79.79,78.71,85.28
"9200",69,2006,78.93,66.23,62.71,70.99
"9201",70,2006,78.18,63.66,61.48,67.88
"9202",71,2006,78.46,62.64,61.08,67.94
"9203",72,2006,70.69,55.83,53.61,62.47
"9204",73,2006,70.08,54.41,52.39,60.29
"9205",74,2006,80.36,59.83,64.25,64.09
"9206",75,2006,89.51,70.18,76.1,75.96
"9207",76,2006,87.5,61.97,68.87,68.8
"9208",77,2006,79.72,55.97,56.65,62.23
"9209",78,2006,79.85,59.43,62.99,61.15
"9210",79,2006,89.83,70.59,75.3,76.19
"9211",80,2006,89.64,83.14,84.26,84.79
"9212",81,2006,93.99,85.72,89.11,84.1
"9213",82,2006,92.51,86.11,87.31,85.26
"9214",83,2006,92.96,86.07,85.06,88.29
"9215",84,2006,88.1,83.17,80.55,85.45
"9216",85,2006,89.87,83.48,82.11,86
"9217",86,2006,93.71,88.67,90.73,89.86
"9218",87,2006,90.06,86.18,86.2,85.49
"9219",88,2006,87,81.69,79.74,82.52
"9220",89,2006,82.51,73.1,73.04,73.71
"9221",90,2006,84.21,73.83,74.92,73.44
"9222",91,2006,86.37,76.59,76.26,75.98
"9223",92,2006,87.62,81.19,78.79,79.86
"9224",93,2006,87.79,83.32,80.22,83.76
"9225",94,2006,87.02,83,78.62,82.47
"9226",95,2006,88.06,78.88,79.53,79.9
"9227",96,2006,87.93,77.33,79.04,76.92
"9228",97,2006,88.19,83.11,82.29,84.28
"9229",98,2006,88.5,80.53,78.51,82.95
"9230",99,2006,83.81,75.78,68.98,76.82
"9231",100,2006,77.66,70.27,63.74,71.46
"9232",101,2006,80.17,70.15,65.46,70.28
"9233",102,2006,81.47,75.19,74.42,74.6
"9234",103,2006,86,78.1,80.92,79.75
"9235",104,2006,92.98,87.14,89.33,88.47
"9236",105,2006,92.43,86.02,87.78,88.16
"9237",106,2006,86.94,83.68,85.25,86.48
"9238",107,2006,87.85,88.12,88.47,90.19
"9239",108,2006,90.91,86.22,88.95,86.39
"9240",109,2006,88.85,83.92,85.01,82.4
"9241",110,2006,87.48,84.15,83.91,86.09
"9242",111,2006,89.79,84.53,85.72,86.67
"9243",112,2006,90.29,86.77,84.9,86.96
"9244",113,2006,92.3,85.3,81.78,88.94
"9245",114,2006,89.12,84.04,84.07,87.68
"9246",115,2006,89.53,85.29,85.36,85.94
"9247",116,2006,91.95,88.66,87.15,88
"9248",117,2006,91.57,88.32,86.02,90.71
"9249",118,2006,86.21,83.83,82.61,83.94
"9250",119,2006,88.66,87.33,84.51,87.69
"9251",120,2006,87.14,84.55,82.53,86.83
"9252",121,2006,90.17,87.28,90.43,86.04
"9253",122,2006,92.78,89.84,91.98,90.67
"9254",123,2006,95.8,92.13,96.36,89.13
"9255",124,2006,93.22,88.35,91.16,85.79
"9256",125,2006,93.13,86.76,95.25,83.63
"9257",126,2006,94.28,88.66,93.57,86.32
"9258",127,2006,90.8,90.2,90.54,87.07
"9259",128,2006,94.99,91.54,89.69,92.99
"9260",129,2006,96.43,92.7,89.29,93.67
"9261",130,2006,92.05,87.94,87.58,88.8
"9262",131,2006,87.1,83.4,88.43,84.76
"9263",132,2006,83.02,80.11,86.23,79.66
"9264",133,2006,84.5,81.75,90.94,79.03
"9265",134,2006,88.24,83.79,89.76,81.28
"9266",135,2006,89.75,86.39,88.87,87.38
"9267",136,2006,86.02,83.26,92.12,78.1
"9268",137,2006,80.93,80.92,87.48,77.32
"9269",138,2006,88.95,85.16,83.55,84.73
"9270",139,2006,91.69,87.74,88.3,90.54
"9271",140,2006,86.4,84.01,81.74,86.16
"9272",141,2006,77.49,74.69,74.36,76.82
"9273",142,2006,76.55,76.24,77.72,75.06
"9274",143,2006,90.14,85.62,87.2,86.54
"9275",144,2006,92.28,90.76,92.09,92.23
"9276",145,2006,92.05,87.94,89.95,89.32
"9277",146,2006,88.3,85.7,88.75,84.15
"9278",147,2006,91.09,87.98,91.61,84.88
"9279",148,2006,92.05,89.66,91.92,87.98
"9280",149,2006,89.97,87.74,91.03,87.32
"9281",150,2006,90.02,86.99,89.38,88.96
"9282",151,2006,87.75,86.31,87.76,86.66
"9283",152,2006,91.51,89.44,89.74,91.62
"9284",153,2006,90,86.47,89.01,84.76
"9285",154,2006,89.43,88.74,89.65,87.13
"9286",155,2006,92.12,87.14,90.08,88.37
"9287",156,2006,91.77,88.35,91.14,87.84
"9288",157,2006,91.08,89.68,92.29,89.15
"9289",158,2006,88.51,85.71,86.99,85.4
"9290",159,2006,96.69,90.85,91.65,91.72
"9291",160,2006,94.64,90.89,94.46,91.14
"9292",161,2006,87.61,89.62,91.3,89.13
"9293",162,2006,87.67,89.37,89.19,88.14
"9294",163,2006,92.07,91.88,88.53,92.27
"9295",164,2006,87.84,86.13,84.98,87.22
"9296",165,2006,92.04,90.4,91.45,90.88
"9297",166,2006,94.66,89.23,87.47,91.96
"9298",167,2006,88.32,85.5,87.39,85.75
"9299",168,2006,90.65,87.09,86.78,84.95
"9300",169,2006,89.89,85.92,88.65,82.72
"9301",170,2006,92.23,87.64,90.94,82.4
"9302",171,2006,93.18,89.62,90.84,88.81
"9303",172,2006,91.33,86.55,90.37,86.25
"9304",173,2006,90.75,87.28,90.76,87.91
"9305",174,2006,89.7,87.29,90.5,86.49
"9306",175,2006,90.34,86.63,90.95,84.52
"9307",176,2006,85.95,85.08,85.16,86.18
"9308",177,2006,84.28,85.43,88.46,84.79
"9309",178,2006,92.04,88.36,88.96,88.55
"9310",179,2006,92.76,91.16,92.82,89.61
"9311",180,2006,91.49,87.69,90.63,87.59
"9312",181,2006,88.42,84.7,86.72,84.32
"9313",182,2006,90.09,86.85,90.03,85.58
"9314",183,2006,89.1,86.57,89.65,87.24
"9315",184,2006,93.79,90.66,94.21,89.37
"9316",185,2006,93.77,91.01,93.62,90.27
"9317",186,2006,92.57,89.8,91,89.41
"9318",187,2006,91.71,89.77,93.91,88.26
"9319",188,2006,87.7,84.16,88.06,82.7
"9320",189,2006,89.15,85.48,87.61,83.36
"9321",190,2006,87.33,85.87,87.03,86.48
"9322",191,2006,91.52,88.75,90.26,89.26
"9323",192,2006,91.94,88.42,91.86,88.74
"9324",193,2006,88.19,86.76,86.66,85.93
"9325",194,2006,87.77,86.32,86.91,87.09
"9326",195,2006,95.58,92.78,92.98,93.75
"9327",196,2006,94.41,91.03,92.04,93.94
"9328",197,2006,93.56,90.68,90.38,89.94
"9329",198,2006,93.67,88.94,91.32,89.69
"9330",199,2006,91.66,86.88,90.31,87.02
"9331",200,2006,91.62,87.11,93.2,85.46
"9332",201,2006,92.11,85.12,91.13,83.67
"9333",202,2006,86.89,81.09,87.26,81.83
"9334",203,2006,88.28,84.3,86.98,85.74
"9335",204,2006,91.87,88.9,87.75,90.17
"9336",205,2006,94.8,88.11,88.91,89.59
"9337",206,2006,92.9,92.13,91.46,92.15
"9338",207,2006,86.21,84.45,86.7,82.83
"9339",208,2006,89.58,87.33,89.53,87.38
"9340",209,2006,94.31,91.13,92.49,91.44
"9341",210,2006,89.48,87.6,91.28,88.05
"9342",211,2006,83.59,81.74,82.94,81.21
"9343",212,2006,87.06,84.66,81.29,83.71
"9344",213,2006,89.86,86.7,85.65,86.99
"9345",214,2006,88.82,84.79,88.59,82.23
"9346",215,2006,88.04,85.96,90.52,82.57
"9347",216,2006,88.97,85.68,85.7,84.61
"9348",217,2006,85.58,82.86,84.41,83.72
"9349",218,2006,86.54,83.61,83.39,83
"9350",219,2006,91.33,86.76,86.92,86.63
"9351",220,2006,90.24,86.66,88.66,88.53
"9352",221,2006,87.54,86.8,88.76,86.47
"9353",222,2006,86.89,84.25,86.36,84.25
"9354",223,2006,92.07,88.41,89.39,89.23
"9355",224,2006,91.84,90.12,90.33,91.24
"9356",225,2006,86.32,85.24,86.56,84.72
"9357",226,2006,88.37,84.17,87.7,83.57
"9358",227,2006,91.33,87.67,90.31,87.87
"9359",228,2006,91.64,90.33,90.6,88.74
"9360",229,2006,91.89,87.26,93.86,86.19
"9361",230,2006,87.04,87.03,87,87.77
"9362",231,2006,88.54,85.65,83.54,86.95
"9363",232,2006,88.63,84.68,85.54,86.82
"9364",233,2006,89.18,87.61,88.63,87.28
"9365",234,2006,88.37,84.97,89.32,84.3
"9366",235,2006,87.04,84.32,86.63,83.44
"9367",236,2006,88.92,87.94,91.65,85.52
"9368",237,2006,89.44,86.19,89.29,85.5
"9369",238,2006,86.14,83.06,85.9,83.96
"9370",239,2006,84.43,82.86,84.76,85.46
"9371",240,2006,88.91,86.86,86.1,87
"9372",241,2006,90.95,89.2,89.74,89.29
"9373",242,2006,88.8,86,83.97,86.83
"9374",243,2006,86.6,84.5,85.52,84.5
"9375",244,2006,86.53,82.73,86.97,81.86
"9376",245,2006,84.8,81.52,84.33,81.26
"9377",246,2006,90.03,85.52,85.56,86.26
"9378",247,2006,89.34,87.19,88.77,85.97
"9379",248,2006,90.83,87.19,90.05,85.76
"9380",249,2006,89.37,84.37,88.5,84.39
"9381",250,2006,87.42,82.76,85.57,82.66
"9382",251,2006,86.16,83.85,87.54,83.11
"9383",252,2006,84.36,81.89,82.74,84.02
"9384",253,2006,88.59,83.4,85.3,84.39
"9385",254,2006,91.88,88.47,89.64,88.63
"9386",255,2006,93.94,89.34,93.16,86.59
"9387",256,2006,87.82,87,86.42,86.53
"9388",257,2006,86.5,84.22,83.43,86.31
"9389",258,2006,86.17,82.1,84.27,82.39
"9390",259,2006,93.6,88.41,89.55,86.45
"9391",260,2006,93.2,89.45,91.44,89.02
"9392",261,2006,93.86,89.36,91.07,88.66
"9393",262,2006,89.95,87.58,89.89,88.02
"9394",263,2006,87.45,85.98,85.98,85.59
"9395",264,2006,86.89,83.8,84.72,85.4
"9396",265,2006,90.25,83.68,86.99,83.69
"9397",266,2006,89.51,84.75,86.7,84.62
"9398",267,2006,88.42,86.33,86.55,84.76
"9399",268,2006,92.04,88.69,90.67,87.16
"9400",269,2006,88.67,86.69,87.78,86.5
"9401",270,2006,85.29,83.38,85.06,83.4
"9402",271,2006,87.84,84.25,86.64,84.53
"9403",272,2006,91.22,87.53,89,88.4
"9404",273,2006,87.39,86.23,87.61,87.32
"9405",274,2006,88.28,86.61,86.77,87.29
"9406",275,2006,90.51,87.02,89.17,86.12
"9407",276,2006,89.78,88.75,87.27,90.04
"9408",277,2006,85.93,85.57,85.78,87.02
"9409",278,2006,86.28,84.01,86.67,85.74
"9410",279,2006,85.68,83.15,86.15,82.99
"9411",280,2006,88,83.9,85.13,85.67
"9412",281,2006,91.98,87.74,88.46,87.98
"9413",282,2006,93.11,88.24,87.29,88.36
"9414",283,2006,88.45,85.57,87.07,85.2
"9415",284,2006,88.95,85.66,86.53,84.93
"9416",285,2006,87.74,86.45,87.47,86.73
"9417",286,2006,91.31,86.54,87.69,88.16
"9418",287,2006,92.37,89.12,90.02,89.2
"9419",288,2006,91.02,88.11,89.24,88.04
"9420",289,2006,87.57,86.11,89.19,84.01
"9421",290,2006,90.7,87.51,89.26,87.15
"9422",291,2006,87.17,84.15,88.19,83.24
"9423",292,2006,84.6,83.36,84.32,83.73
"9424",293,2006,90.34,90.65,87.74,90.63
"9425",294,2006,89.18,86.68,89.3,84.67
"9426",295,2006,87.49,83.69,87.48,85.16
"9427",296,2006,92.64,89.37,91.49,88.39
"9428",297,2006,90.4,87.57,87.84,87.38
"9429",298,2006,86.04,82.98,84.23,84.56
"9430",299,2006,89.24,85.35,87.51,86.17
"9431",300,2006,91.19,88.07,90.09,88.34
"9432",301,2006,87.94,84.93,86.49,83.67
"9433",302,2006,88.95,84.91,84.74,86.29
"9434",303,2006,85.82,82.68,84.93,83.79
"9435",304,2006,89.89,83.49,85.99,84.67
"9436",305,2006,84.92,78.63,83.07,78.5
"9437",306,2006,80.79,76.68,79.3,77.39
"9438",307,2006,85.5,78.4,82.99,77.82
"9439",308,2006,87.32,82.12,85.04,81.65
"9440",309,2006,86.65,80.05,82.01,83.79
"9441",310,2006,85.62,78.34,81.84,80.09
"9442",311,2006,86.67,81.21,82.83,81.92
"9443",312,2006,92.97,84.29,86.97,85.51
"9444",313,2006,94.28,89.59,91.73,88.63
"9445",314,2006,91.22,87.58,91.68,87.3
"9446",315,2006,89.56,85.89,88.88,85.93
"9447",316,2006,96.28,90.67,93.56,92.16
"9448",317,2006,94.66,91.49,92.99,92.06
"9449",318,2006,91.45,88.25,90.76,89.05
"9450",319,2006,94.37,91.74,92.79,93.2
"9451",320,2006,90.75,87.89,90.08,88.61
"9452",321,2006,93.8,90.02,90.82,90.5
"9453",322,2006,89.16,87.36,88.4,87.28
"9454",323,2006,89.12,86.56,88.55,87.2
"9455",324,2006,90.12,88.03,89.03,88.23
"9456",325,2006,88.66,85.96,87.94,87.27
"9457",326,2006,89.71,85.68,87.3,86.66
"9458",327,2006,89.05,85.1,87.65,86.03
"9459",328,2006,87.75,83.48,86.6,83.39
"9460",329,2006,88.55,83.45,86.35,83.89
"9461",330,2006,90.87,86.98,89.15,85.67
"9462",331,2006,89.26,85.59,87.66,86.46
"9463",332,2006,88.65,85.84,85.61,86.87
"9464",333,2006,88.45,84.79,85.79,86.66
"9465",334,2006,86.26,82.87,83.34,81.21
"9466",335,2006,85.03,81.17,78.94,80.89
"9467",336,2006,82.14,80.65,78.44,82.89
"9468",337,2006,83.22,79.66,79.86,81.89
"9469",338,2006,85.07,80.02,80.83,82.13
"9470",339,2006,86.08,83.13,81.97,81.84
"9471",340,2006,88.4,83.47,82.9,82.83
"9472",341,2006,92.45,86.44,85.76,87.87
"9473",342,2006,85.22,80.17,80.38,79.39
"9474",343,2006,85.39,79.92,77.75,81.44
"9475",344,2006,88.2,82.2,80.16,82.46
"9476",345,2006,88.06,82.82,81.42,85.56
"9477",346,2006,90.82,83.89,84.63,85.84
"9478",347,2006,85.32,79.75,79.12,80.94
"9479",348,2006,78.46,74.3,71.29,75.44
"9480",349,2006,80.52,74.36,70.37,76
"9481",350,2006,84.28,75.72,77.3,76.93
"9482",351,2006,84.35,75.18,76.06,76.37
"9483",352,2006,82.76,73.64,73.43,76.17
"9484",353,2006,81.87,71.42,71.71,74.06
"9485",354,2006,84.74,73.45,77.35,73.49
"9486",355,2006,86.24,75.13,76.66,74.15
"9487",356,2006,93.16,84.17,82.36,84.93
"9488",357,2006,91.3,87.25,83.35,86.02
"9489",358,2006,87.14,79.94,75.4,80.22
"9490",359,2006,83.99,75.7,70.02,76.78
"9491",360,2006,84.12,74.1,71.66,73.24
"9492",361,2006,84.69,74.1,74.3,74.86
"9493",362,2006,86.19,72.75,74.03,73.19
"9494",363,2006,88.06,72.32,74.71,73.3
"9495",364,2006,85.95,72.19,75.45,71.23
"9496",365,2006,82.78,67.75,71.52,66.54
"9497",1,2007,82.89,69.77,68.34,69.2
"9498",2,2007,77.81,65.17,61.85,66.14
"9499",3,2007,75.1,62.05,59.03,65.58
"9500",4,2007,71.98,59.24,56.13,61.62
"9501",5,2007,68.8,55.7,55.12,61.69
"9502",6,2007,67.43,53.71,52.32,58.36
"9503",7,2007,66.08,52.72,51.36,55.28
"9504",8,2007,66.89,53.58,54.13,54.65
"9505",9,2007,68.79,54.23,55.88,55.61
"9506",10,2007,73.83,59.03,61.82,57.91
"9507",11,2007,79.47,64.96,68.42,65.3
"9508",12,2007,80.7,68.01,66.72,69.87
"9509",13,2007,76.79,62.9,61.17,63.77
"9510",14,2007,71.2,60.6,57.82,61.91
"9511",15,2007,66.51,55.73,53.17,58.9
"9512",16,2007,67.98,55.64,55.78,57.87
"9513",17,2007,71.52,58.49,58.66,60.81
"9514",18,2007,73.65,58.88,59.17,61.7
"9515",19,2007,74.18,59.97,62.6,60.78
"9516",20,2007,75.33,59.32,62.25,61.16
"9517",21,2007,76.34,59.01,63.95,60
"9518",22,2007,79.2,60.7,62.02,60.05
"9519",23,2007,77.82,55.56,57.78,56.93
"9520",24,2007,73.96,51.34,55.53,52.32
"9521",25,2007,64.71,45,49.21,46.15
"9522",26,2007,65.32,43.53,49.8,45.75
"9523",27,2007,72.56,50.54,54.91,49.62
"9524",28,2007,67.46,46.56,50.58,47.57
"9525",29,2007,60.8,41.94,44.66,45.87
"9526",30,2007,62.51,43.47,48.19,44.16
"9527",31,2007,57.02,37.53,42.15,40.65
"9528",32,2007,52.43,37.18,39.68,38.64
"9529",33,2007,48.76,36.45,37.16,36.57
"9530",34,2007,42.64,34.04,34.27,35.64
"9531",35,2007,40.77,38.03,38.09,37.46
"9532",36,2007,43.21,39.99,41.47,40.75
"9533",37,2007,40.86,37.82,39.7,38.87
"9534",38,2007,39.85,38.73,39.8,38.3
"9535",39,2007,38.79,37.5,37.65,39.72
"9536",40,2007,38.3,36.65,38.16,39.45
"9537",41,2007,42.29,37.54,38.92,38.78
"9538",42,2007,52.61,39.89,42.64,37.89
"9539",43,2007,58.56,44.66,49.33,43.02
"9540",44,2007,52.12,42.97,44.58,43.11
"9541",45,2007,53.18,43.53,44.66,44.34
"9542",46,2007,47.6,40.28,39.34,42.56
"9543",47,2007,36.55,36.62,38.5,38.51
"9544",48,2007,39.18,39.02,42.35,38.85
"9545",49,2007,44,43.12,43.84,43.59
"9546",50,2007,36.6,36.47,34.28,40.19
"9547",51,2007,36.35,38.37,40.49,36.93
"9548",52,2007,41.38,43.68,41.58,44.39
"9549",53,2007,35.92,35.89,36.64,37.02
"9550",54,2007,38.68,33.8,36.95,34.16
"9551",55,2007,48.22,42.34,43.91,40.3
"9552",56,2007,63.37,58.53,57.5,52.83
"9553",57,2007,76.13,72,67.39,65.57
"9554",58,2007,66.47,57.99,54.53,54.33
"9555",59,2007,55.53,47.06,42.36,44.17
"9556",60,2007,47.26,41.41,36.44,39.89
"9557",61,2007,45.02,40.89,38.02,37.74
"9558",62,2007,59.45,47.93,45.63,45.85
"9559",63,2007,81.7,61.21,55.22,63.96
"9560",64,2007,71.23,54.28,49.24,55.04
"9561",65,2007,74.31,53.94,52.64,54.13
"9562",66,2007,82.04,67.59,63.76,69.41
"9563",67,2007,85.28,74.34,65.48,76.31
"9564",68,2007,87.86,78.99,74.04,81.69
"9565",69,2007,83.23,73.63,64.77,70.66
"9566",70,2007,76.65,59.88,49.97,61.16
"9567",71,2007,74.82,56.51,46.63,56.92
"9568",72,2007,69.6,52.47,46.43,52.81
"9569",73,2007,75.88,56.64,52.6,55.92
"9570",74,2007,79.31,63.87,57.24,61.95
"9571",75,2007,82.8,59.66,58.42,57.93
"9572",76,2007,80.28,68.75,63.72,66.68
"9573",77,2007,79.75,60.13,55.81,63.09
"9574",78,2007,81.19,64.26,61.95,71.04
"9575",79,2007,81.58,66.23,61,74.24
"9576",80,2007,82.57,65.72,57.94,70.27
"9577",81,2007,79.23,61.87,54.14,67.67
"9578",82,2007,81.17,57.81,51.09,61.8
"9579",83,2007,86.36,69.57,69.47,71.54
"9580",84,2007,89.46,81.69,86.6,82.56
"9581",85,2007,84.88,78.85,83.04,76.52
"9582",86,2007,88.34,84.15,88.03,84.65
"9583",87,2007,87.53,82.98,85.84,81.94
"9584",88,2007,94.33,91.08,91.77,88.87
"9585",89,2007,87.45,85.39,84,85.61
"9586",90,2007,90.86,86.25,85.84,87.7
"9587",91,2007,93.01,88.68,91.43,89.06
"9588",92,2007,95.35,91.67,91.94,93.38
"9589",93,2007,94.84,90.62,95.19,91.36
"9590",94,2007,89.51,86.45,87.77,88.5
"9591",95,2007,88.27,85.35,88.16,88
"9592",96,2007,94.22,91.15,92.65,91.28
"9593",97,2007,93.87,90.88,92.68,90.43
"9594",98,2007,88.98,84.72,85.37,85.94
"9595",99,2007,91.22,86.65,86.11,87.16
"9596",100,2007,87.43,83.08,81.74,83.2
"9597",101,2007,83.58,78.26,79.75,79.1
"9598",102,2007,82.08,78.61,80.14,77.18
"9599",103,2007,85.85,82.36,83.47,80.68
"9600",104,2007,90.31,86.21,85.65,84.8
"9601",105,2007,86.69,83.23,84.35,82.78
"9602",106,2007,90.66,85.89,87.12,85.04
"9603",107,2007,88.37,84.83,88.33,84.23
"9604",108,2007,90.23,86.75,88.19,87.25
"9605",109,2007,94.95,89.41,91.19,90.3
"9606",110,2007,91.06,86.14,88.44,86.38
"9607",111,2007,89.59,83.32,85.51,83.45
"9608",112,2007,87.86,85.09,88.41,85.37
"9609",113,2007,87.69,85.18,85.9,86.35
"9610",114,2007,91.19,86.95,88.15,88.96
"9611",115,2007,90.31,86.25,87.85,88.17
"9612",116,2007,89.29,83.2,84.67,86
"9613",117,2007,87.09,82.75,81.95,82.89
"9614",118,2007,89.71,85.69,86.71,84.77
"9615",119,2007,90.23,84.39,83.88,87.9
"9616",120,2007,88.41,84.77,83.69,86.33
"9617",121,2007,88.09,85.33,87.01,87.79
"9618",122,2007,89.92,88.03,89.42,88.95
"9619",123,2007,92.32,88.61,90.12,91.43
"9620",124,2007,90.34,89.02,87.38,90.55
"9621",125,2007,88.36,86.85,88.17,87.59
"9622",126,2007,88.03,86.65,88.98,85.47
"9623",127,2007,87.73,86.22,86.02,85.24
"9624",128,2007,89.41,89.23,88.97,86.98
"9625",129,2007,92.32,90.45,90.76,90.29
"9626",130,2007,90.76,87.96,91.86,88.85
"9627",131,2007,88.8,86.46,89.73,85.69
"9628",132,2007,86.38,84.71,89.94,80.5
"9629",133,2007,88.83,86.04,88.22,83.47
"9630",134,2007,85.61,81.2,90.7,78.36
"9631",135,2007,88.23,83.69,82.03,85.01
"9632",136,2007,88.85,86.57,86.77,87.4
"9633",137,2007,87.93,85.67,87.47,86.42
"9634",138,2007,96.07,92.37,92.41,94.2
"9635",139,2007,92.37,88.96,90.41,89.44
"9636",140,2007,91.66,87.89,88.29,89.06
"9637",141,2007,88.86,85.5,85.01,86.85
"9638",142,2007,83.14,78.02,79.03,78.09
"9639",143,2007,84.01,77.56,81.95,78.3
"9640",144,2007,89.18,82.76,87.23,81.94
"9641",145,2007,90.9,88.27,90.14,88.24
"9642",146,2007,93.31,90.07,90.58,88.91
"9643",147,2007,88.16,87.05,89.48,84.02
"9644",148,2007,93.59,88.98,89.93,90.23
"9645",149,2007,94.07,91.21,93.18,88.29
"9646",150,2007,94.55,91.34,90.81,92.91
"9647",151,2007,92.46,88.22,89.1,88.65
"9648",152,2007,92.2,90.09,94.03,89.52
"9649",153,2007,93.58,90.46,93.63,90.16
"9650",154,2007,93.5,93.48,96.73,92.67
"9651",155,2007,89.06,86.58,89.66,88.58
"9652",156,2007,89.89,86.89,86.5,88.8
"9653",157,2007,93.46,89.62,93.22,90.25
"9654",158,2007,92.47,89.27,90.68,90.96
"9655",159,2007,90.17,87,88.37,86.01
"9656",160,2007,89.4,88.4,91.84,85.84
"9657",161,2007,91.02,88.54,87.15,88
"9658",162,2007,90.72,86.54,88.69,88.6
"9659",163,2007,87.97,85.72,86.87,87.66
"9660",164,2007,87.74,84.97,86.34,84.82
"9661",165,2007,88.51,86.28,88.77,86.3
"9662",166,2007,91.94,88.6,90.45,88.18
"9663",167,2007,95.17,90.04,91.2,90.79
"9664",168,2007,93.52,88.41,92.68,87.7
"9665",169,2007,96.72,92.96,95.16,92.35
"9666",170,2007,92.88,91.29,89.54,92.58
"9667",171,2007,90.99,89.02,88.88,89.61
"9668",172,2007,89.67,88.33,90.3,88.12
"9669",173,2007,95.53,89.99,92.36,91.07
"9670",174,2007,97.42,93.09,92.88,95.11
"9671",175,2007,89.76,89.16,92.06,90
"9672",176,2007,91.05,89.46,88.2,90.68
"9673",177,2007,94.41,89.94,92.43,91.96
"9674",178,2007,95.1,91.77,93.69,91.9
"9675",179,2007,96.86,92.77,94.88,91.25
"9676",180,2007,92.25,89.16,89.3,87.19
"9677",181,2007,89.1,86.37,94.77,80.6
"9678",182,2007,93.25,89.48,95.8,82.39
"9679",183,2007,85.27,83.83,89.31,78.64
"9680",184,2007,84.32,82.77,87.45,80.65
"9681",185,2007,85.68,83.36,84.21,82.91
"9682",186,2007,89.17,86.92,87.61,88.57
"9683",187,2007,90.24,88.19,90.24,88.65
"9684",188,2007,90.13,86.59,91.04,87.6
"9685",189,2007,90.61,86.68,87.08,87.37
"9686",190,2007,93.1,88.43,89.49,88.77
"9687",191,2007,92.14,90.57,93.1,91.65
"9688",192,2007,93.7,88.69,90.73,87.75
"9689",193,2007,90.09,91.24,92.05,89.96
"9690",194,2007,89.79,88.17,90.95,88.86
"9691",195,2007,91.08,89.67,90.45,88.53
"9692",196,2007,89.38,89.63,89.51,88.99
"9693",197,2007,91.24,87.25,88.07,88.04
"9694",198,2007,89.94,86.13,85.12,89.05
"9695",199,2007,86.42,80.9,83.43,80.36
"9696",200,2007,82.97,82.3,85.35,81.23
"9697",201,2007,89.02,86.99,85.27,88.6
"9698",202,2007,90.01,85.81,88.18,86.63
"9699",203,2007,91.47,89.89,90.08,90.9
"9700",204,2007,82.49,83.14,85.38,83.57
"9701",205,2007,85.75,83.59,84.68,82.78
"9702",206,2007,90.27,86.09,86.29,87.15
"9703",207,2007,90.74,87.75,90.94,86.78
"9704",208,2007,90.76,90.38,92.72,90.3
"9705",209,2007,94.97,91.54,92.47,91.71
"9706",210,2007,91.07,88.83,92.31,87.17
"9707",211,2007,86.9,83.3,86.19,82.53
"9708",212,2007,87.88,83.93,85.09,83.62
"9709",213,2007,83.57,81.95,81.74,82.25
"9710",214,2007,86.14,84.06,82.39,84
"9711",215,2007,92.08,91.26,90.56,90.58
"9712",216,2007,89.77,86.3,91.83,81.49
"9713",217,2007,90.05,87.37,91.33,84.76
"9714",218,2007,85.07,83.64,88.57,82.78
"9715",219,2007,89.34,85.24,84.89,86.55
"9716",220,2007,90.42,86.58,87.06,85.08
"9717",221,2007,88.66,87.19,89.08,84.29
"9718",222,2007,87.95,84.75,84.93,85.47
"9719",223,2007,92.84,88.2,88.86,90.42
"9720",224,2007,89.75,86.34,87.4,86.76
"9721",225,2007,91.82,86.75,90.13,86.38
"9722",226,2007,89.01,86.4,90.6,89.47
"9723",227,2007,93.58,88.76,90.43,89.42
"9724",228,2007,92.71,90.33,91.9,90.46
"9725",229,2007,85.58,85.84,85.57,86.87
"9726",230,2007,85.61,82.95,82.77,81.59
"9727",231,2007,90.21,84.56,87.65,84.68
"9728",232,2007,89.27,85.41,86.01,89.72
"9729",233,2007,92.26,88.48,90.03,89.19
"9730",234,2007,88.47,85.01,90.11,83.29
"9731",235,2007,88.25,81.88,89.13,80.93
"9732",236,2007,83.66,82.21,87.61,77.78
"9733",237,2007,85.54,82.95,83.84,84.14
"9734",238,2007,86.43,84.55,88.12,85.83
"9735",239,2007,82.05,83.84,84.3,84.85
"9736",240,2007,86.54,84.34,84.05,85.28
"9737",241,2007,91.26,88.28,87.62,88.36
"9738",242,2007,91.64,90.33,92.85,88.28
"9739",243,2007,87.4,84.25,89.15,82.53
"9740",244,2007,91.34,86.68,86.59,85.44
"9741",245,2007,88.88,84.65,86.46,81.92
"9742",246,2007,88.09,84.18,84.23,83.69
"9743",247,2007,88,83.38,86.84,85.32
"9744",248,2007,90.34,87.09,87.47,86.09
"9745",249,2007,92.01,86.94,88.57,88.41
"9746",250,2007,92.56,89.36,91.66,89.23
"9747",251,2007,86.14,83.35,86.28,83.38
"9748",252,2007,87.81,82.94,85.44,84.15
"9749",253,2007,89.97,83.75,87.2,84.94
"9750",254,2007,90.57,85.62,88.43,84.88
"9751",255,2007,88.29,86.49,89.33,87.11
"9752",256,2007,93.38,91.65,91.97,88.93
"9753",257,2007,90.7,87.69,91.59,85.22
"9754",258,2007,87.79,86.9,87.44,86.19
"9755",259,2007,88.04,85.04,88.39,84.53
"9756",260,2007,89.48,85.55,88.04,85.03
"9757",261,2007,88.14,85.94,85.75,87.03
"9758",262,2007,90.16,86.63,86.32,87.73
"9759",263,2007,92.83,89.05,90.51,90.2
"9760",264,2007,86.13,83.26,86.29,85.15
"9761",265,2007,89.62,83.34,88.92,82.93
"9762",266,2007,88.23,85.04,87.97,85.46
"9763",267,2007,85.75,82.96,86.65,81.32
"9764",268,2007,89.94,87.01,86.96,89.4
"9765",269,2007,92.35,89.77,92.07,88.99
"9766",270,2007,87.84,85.77,86.64,85.09
"9767",271,2007,87.71,86.06,86.94,87.84
"9768",272,2007,86.39,82.25,84.49,83.36
"9769",273,2007,89.78,83.57,89.62,78.77
"9770",274,2007,87,84.3,85.46,82.16
"9771",275,2007,86.56,85.29,89.57,81.55
"9772",276,2007,84.82,83.29,84.96,83.9
"9773",277,2007,86.08,84.04,85.99,83.52
"9774",278,2007,85.58,84.14,83.12,85.96
"9775",279,2007,86.97,83.04,83.81,84.56
"9776",280,2007,89.07,85.1,89.44,84.16
"9777",281,2007,88.88,86.11,88.91,84.28
"9778",282,2007,91.44,87.75,90.5,88.29
"9779",283,2007,86.65,84.69,87.16,83.76
"9780",284,2007,87.07,86.07,87.5,87.18
"9781",285,2007,86.97,84.35,87.93,86.59
"9782",286,2007,87.52,83.54,84.95,83.73
"9783",287,2007,90.96,85.33,88.74,86.38
"9784",288,2007,89.34,84.73,87.9,84.96
"9785",289,2007,87.81,87.88,87.81,87.51
"9786",290,2007,91.17,86.82,89.29,86.56
"9787",291,2007,88.9,85.83,86.81,87.48
"9788",292,2007,91.75,87.87,88.48,89.15
"9789",293,2007,90.54,87.58,90.43,84.03
"9790",294,2007,89.21,86.89,86.17,85.45
"9791",295,2007,90.92,87.28,86.75,88.67
"9792",296,2007,89.67,85.66,88.1,85.76
"9793",297,2007,86.81,84.35,86.43,84.63
"9794",298,2007,88.57,85.05,86.97,85.77
"9795",299,2007,88.85,86.36,86.45,87.3
"9796",300,2007,89.41,86.27,88.48,84.81
"9797",301,2007,91.02,88.76,90.23,88.64
"9798",302,2007,87.6,84.71,87.3,85.47
"9799",303,2007,92.44,88.25,88.87,88.9
"9800",304,2007,90.56,87.89,89.79,88.35
"9801",305,2007,84.8,82.71,85.18,81.3
"9802",306,2007,84.85,83.32,85.01,84.23
"9803",307,2007,85.74,82.44,83.5,82.79
"9804",308,2007,85.48,79.57,81.38,80.19
"9805",309,2007,88.06,83.38,85.98,84.22
"9806",310,2007,88.37,83.84,86.3,85.08
"9807",311,2007,91.38,86.39,88.5,89.31
"9808",312,2007,93.96,91.78,92.14,92.47
"9809",313,2007,90.74,87.74,89.5,88.17
"9810",314,2007,87.21,85.07,86.86,84.17
"9811",315,2007,86.91,84.73,85.57,85.09
"9812",316,2007,85.71,84.49,83.03,83.93
"9813",317,2007,88.14,82.82,83.02,83.8
"9814",318,2007,89.31,84.62,87.65,83.62
"9815",319,2007,90.4,85.54,87.32,84.62
"9816",320,2007,92.29,87.62,88.21,86.53
"9817",321,2007,93.91,91.11,90.51,91.4
"9818",322,2007,89.83,88.17,89.81,87.64
"9819",323,2007,86.82,84.55,85.73,84.34
"9820",324,2007,86.59,82.43,85.62,82.5
"9821",325,2007,91.27,84.57,86.81,84.62
"9822",326,2007,92.45,88.3,91.68,87.95
"9823",327,2007,91.6,87.68,89.89,87.33
"9824",328,2007,89.06,85.25,85.19,84.36
"9825",329,2007,84.6,81.11,77.87,80.83
"9826",330,2007,81.65,79.73,76.06,81.24
"9827",331,2007,81.28,77.58,75.33,77.81
"9828",332,2007,81.22,76.23,75.61,76.82
"9829",333,2007,77.62,74.98,73.67,75.98
"9830",334,2007,74.93,74.45,71.32,75.21
"9831",335,2007,74.8,74.5,71.76,75.15
"9832",336,2007,73.39,72.16,70.61,73.66
"9833",337,2007,71.63,71.4,69.21,72.29
"9834",338,2007,71.74,71.08,71.01,71.23
"9835",339,2007,70.66,69.29,68.92,70.55
"9836",340,2007,73.9,69.02,70.1,69.12
"9837",341,2007,79.94,73.26,73.21,72.93
"9838",342,2007,75.72,71.82,68.31,72.81
"9839",343,2007,70.93,67.84,65.13,70.41
"9840",344,2007,73.16,69.58,67.44,70.02
"9841",345,2007,74.24,69.72,70.11,70.17
"9842",346,2007,82.38,71.69,73.03,72.87
"9843",347,2007,89.32,81.1,80.91,80.7
"9844",348,2007,90.8,86.42,87.27,84.14
"9845",349,2007,85.91,82.37,81.63,81.76
"9846",350,2007,82.34,78,74.31,80.47
"9847",351,2007,76.49,71.46,69.93,71.61
"9848",352,2007,79.12,71.5,73.41,72.17
"9849",353,2007,83.78,74.95,81.04,73.63
"9850",354,2007,84.76,77.81,78.73,76.25
"9851",355,2007,87.66,78.26,79.04,80.09
"9852",356,2007,88.96,82.12,81.81,84.68
"9853",357,2007,91.7,88.85,87.53,86.95
"9854",358,2007,91.16,88.55,87.01,88.32
"9855",359,2007,90.76,83.24,81.8,85.14
"9856",360,2007,85.85,79.7,76.33,83.05
"9857",361,2007,84.2,76.95,74.49,78.1
"9858",362,2007,81.68,75.82,70.51,76.48
"9859",363,2007,80.46,70.87,65.77,72.54
"9860",364,2007,78.17,68.87,63.01,72.81
"9861",365,2007,73.74,67.9,61.01,70.07
"9862",1,2008,69.51,64.02,61.58,67.18
"9863",2,2008,69.59,63.68,61.66,66.7
"9864",3,2008,73.91,65.47,65.06,66.23
"9865",4,2008,79.93,68.26,65.82,69.59
"9866",5,2008,84.53,70.2,66.72,72.25
"9867",6,2008,85.48,72.08,68.57,73.74
"9868",7,2008,84.42,68,65.23,70.59
"9869",8,2008,83.19,68.67,66.91,70.67
"9870",9,2008,80.32,65.89,61.97,69.03
"9871",10,2008,74.82,62.31,60.45,66.05
"9872",11,2008,71,57.76,56.58,63.65
"9873",12,2008,68.95,56.3,56.68,61.37
"9874",13,2008,78.87,61.16,62.09,63.99
"9875",14,2008,85.47,70.01,73.06,65.23
"9876",15,2008,79.27,68.65,65.87,63.89
"9877",16,2008,71.38,54.45,54.27,57.31
"9878",17,2008,71.73,52.76,52.44,55.09
"9879",18,2008,66.49,49.18,51.04,48.8
"9880",19,2008,66.94,51.05,53.21,52
"9881",20,2008,68.8,51.65,52.94,54.96
"9882",21,2008,70.35,49.77,52.97,52.84
"9883",22,2008,67.8,51.47,55.1,51.54
"9884",23,2008,65.69,54.41,53.36,56.04
"9885",24,2008,62.47,50.91,51.94,54.99
"9886",25,2008,60.38,44.88,46.09,49.94
"9887",26,2008,59.45,43.9,46.74,47.27
"9888",27,2008,58.3,45.9,48.91,48.17
"9889",28,2008,52.8,44.19,49.15,47.9
"9890",29,2008,51.99,43.38,48.26,45.59
"9891",30,2008,51.52,45.03,47.99,43.64
"9892",31,2008,51.3,46.39,49.87,46.94
"9893",32,2008,51.27,46.67,49.04,47.55
"9894",33,2008,43.94,40.99,43.21,43.8
"9895",34,2008,42.1,41.85,41.3,44.62
"9896",35,2008,44.89,43.83,44.28,46.54
"9897",36,2008,62.77,53.7,55.88,52.78
"9898",37,2008,72.83,63.53,59.25,59.81
"9899",38,2008,65.35,54.98,53.77,55.09
"9900",39,2008,68.18,55.91,56.68,56.28
"9901",40,2008,79.35,65.34,62.32,65.99
"9902",41,2008,74.15,63.86,60.83,69.77
"9903",42,2008,71.78,59.21,55.47,62.39
"9904",43,2008,85.12,64.25,64.61,64.46
"9905",44,2008,89.22,68.86,68.9,64.75
"9906",45,2008,85.5,66.61,62.88,65.37
"9907",46,2008,81.18,61.86,57.61,68.69
"9908",47,2008,73.26,54.61,50.41,60.15
"9909",48,2008,68.78,47.92,45.05,52.98
"9910",49,2008,71.65,51.77,50.08,54.87
"9911",50,2008,79.53,54.22,55.87,57.42
"9912",51,2008,80.46,55.52,56.33,57.6
"9913",52,2008,74.69,50.63,51.92,51.98
"9914",53,2008,67.01,45.32,47.24,47.15
"9915",54,2008,69.88,45.13,46.94,45.67
"9916",55,2008,78.6,47.26,49.08,49.77
"9917",56,2008,79.61,52.75,53.94,56.62
"9918",57,2008,74.14,48.85,52.18,49.52
"9919",58,2008,76.83,49.14,55.7,48.74
"9920",59,2008,79.33,53.69,54.72,57.52
"9921",60,2008,68.31,46.42,46.19,49.79
"9922",61,2008,62.23,46.31,48.35,47.38
"9923",62,2008,58.91,44.77,43.78,47.02
"9924",63,2008,61.09,43.09,44.46,46.3
"9925",64,2008,67.25,45.41,45.87,46.69
"9926",65,2008,80.76,54.74,55.34,54.13
"9927",66,2008,79.74,55.94,58.34,57.35
"9928",67,2008,70.48,53.78,51.48,58.1
"9929",68,2008,69.91,48.34,47.35,53.42
"9930",69,2008,66.32,46.99,48.66,50.2
"9931",70,2008,68.12,46.77,51.45,49.34
"9932",71,2008,74.44,50.79,55.55,48.83
"9933",72,2008,74.66,51.12,56.35,48.27
"9934",73,2008,85.88,69.97,70.03,64.97
"9935",74,2008,94.44,89.2,88.28,86.77
"9936",75,2008,87.18,80.71,79.84,79.04
"9937",76,2008,83.97,77.26,75.59,77.4
"9938",77,2008,85.98,73.64,72.04,76.15
"9939",78,2008,83.63,68.46,64.92,71.16
"9940",79,2008,80.84,59.99,61.25,60.55
"9941",80,2008,80.83,57.88,61.54,60.16
"9942",81,2008,84.73,63.14,65.14,60.18
"9943",82,2008,84.39,70.07,68.62,69.09
"9944",83,2008,82.48,64.13,63.74,61.24
"9945",84,2008,83.79,65.69,65.38,64.6
"9946",85,2008,84.21,69.31,65.43,70.63
"9947",86,2008,82.16,67.14,62.75,68.2
"9948",87,2008,77.45,53.83,47.11,57.65
"9949",88,2008,74.59,48.4,43.96,47.86
"9950",89,2008,71.39,45.82,42.7,44.58
"9951",90,2008,72.47,43.48,44.68,43.48
"9952",91,2008,74.54,50.76,48.68,51.09
"9953",92,2008,63.56,44.71,42.69,45.49
"9954",93,2008,51.37,41.32,39.64,43.9
"9955",94,2008,48.51,38.09,38.49,39.94
"9956",95,2008,56.79,42.48,43.98,43.2
"9957",96,2008,83.17,62.17,61.81,63.94
"9958",97,2008,87.48,70.52,66.84,74.45
"9959",98,2008,81.49,67.44,58.68,70.19
"9960",99,2008,78.72,58.18,55.14,60.79
"9961",100,2008,81.51,65.66,55.11,65.17
"9962",101,2008,86.32,72.93,68.36,73.84
"9963",102,2008,91.36,80.68,79.01,85.26
"9964",103,2008,89.29,81.99,79.26,84.89
"9965",104,2008,86.91,77.1,76.36,78.65
"9966",105,2008,92.89,81.01,80.94,81.04
"9967",106,2008,89.99,83.06,78.27,85
"9968",107,2008,86.81,76.39,76,78.71
"9969",108,2008,88.49,77.53,78.82,81.55
"9970",109,2008,89.5,86.61,91.16,85.6
"9971",110,2008,91.16,84.62,87.47,88.11
"9972",111,2008,88.6,81.48,84.12,79.99
"9973",112,2008,89.87,81.75,81.63,84.09
"9974",113,2008,89.89,85.29,88.01,85.72
"9975",114,2008,91.08,87.2,90.35,87.56
"9976",115,2008,93.46,91,91.63,89.92
"9977",116,2008,89.19,85.58,87.04,84.64
"9978",117,2008,89.39,83.08,85.42,84.24
"9979",118,2008,91.27,90.41,89.21,89.83
"9980",119,2008,84.6,82.43,82.76,83.93
"9981",120,2008,84.44,76.44,77.87,78.85
"9982",121,2008,82.35,72.89,76.37,74.87
"9983",122,2008,85.42,74.8,78.28,75.73
"9984",123,2008,87,81.98,83.9,82.37
"9985",124,2008,88.68,87.29,85.19,89.62
"9986",125,2008,91.58,90.53,92.37,91.25
"9987",126,2008,88.13,88,94.71,86.05
"9988",127,2008,95,94.06,89.83,90.11
"9989",128,2008,90.03,88.66,89.65,89.48
"9990",129,2008,90.31,89.78,90.9,90.64
"9991",130,2008,91.66,89.34,90.4,91.56
"9992",131,2008,85.85,85.34,85.31,85.42
"9993",132,2008,88.85,85.96,85.94,87.7
"9994",133,2008,89.92,89.37,88.76,91.15
"9995",134,2008,88.92,85.11,84.64,84.75
"9996",135,2008,88.63,84.8,85.13,86.99
"9997",136,2008,88.06,83.57,88.65,83.55
"9998",137,2008,95.12,90.87,93.22,92.21
"9999",138,2008,91.56,88.81,91.11,89.72
"10000",139,2008,95.12,92.35,94.44,92.47
"10001",140,2008,91.98,90.82,92.89,92.29
"10002",141,2008,90.81,87.91,89.89,88.63
"10003",142,2008,96.03,90.57,89.87,91.43
"10004",143,2008,91.43,87.92,88.83,89.21
"10005",144,2008,90.21,87.67,91.78,87.47
"10006",145,2008,91.95,90.01,91.92,89.32
"10007",146,2008,90.58,87.54,90.07,87.75
"10008",147,2008,94.15,89.88,92.9,92.75
"10009",148,2008,92.38,88.39,92.39,89.6
"10010",149,2008,89.86,86.14,85.9,88.87
"10011",150,2008,90.41,88.31,86.92,89.49
"10012",151,2008,93.62,89.16,90.05,89.41
"10013",152,2008,85.62,84.56,85.88,87.5
"10014",153,2008,90.09,85.79,87,87.92
"10015",154,2008,93.42,90.19,92.48,90.98
"10016",155,2008,92.2,87.4,89.25,87.76
"10017",156,2008,89.48,84.95,90.23,85.31
"10018",157,2008,93.49,89.34,92.67,88.21
"10019",158,2008,90.04,86.63,87.69,90.52
"10020",159,2008,87.43,85.59,86.96,86
"10021",160,2008,91.75,86.89,88.07,87.07
"10022",161,2008,89.48,89.64,90.76,88.54
"10023",162,2008,92.82,88.94,88.33,90.22
"10024",163,2008,91.47,88.22,89.17,89.23
"10025",164,2008,87.02,84.58,85.85,83.28
"10026",165,2008,86.48,84.55,86.56,84
"10027",166,2008,87.82,85.73,86.38,86.82
"10028",167,2008,91.54,86.37,85.56,88.08
"10029",168,2008,91.45,87.45,87.2,89.23
"10030",169,2008,93.28,89.35,92.31,88.08
"10031",170,2008,95.57,89.28,91.8,90.82
"10032",171,2008,91.44,88.83,90.33,88.98
"10033",172,2008,90.61,86.75,91.32,85.26
"10034",173,2008,91.88,90.27,89.27,90.4
"10035",174,2008,93.19,91.76,90.14,91.52
"10036",175,2008,90.13,85.5,88.89,84.33
"10037",176,2008,94.61,92.44,93.9,92.35
"10038",177,2008,92.06,90.59,93.97,90.06
"10039",178,2008,92.96,89.5,94,90.56
"10040",179,2008,91.28,89.76,92.45,87.19
"10041",180,2008,92.57,91.12,91.21,92.62
"10042",181,2008,93.32,89.22,94.12,88.41
"10043",182,2008,91.24,87.76,89.08,88.62
"10044",183,2008,91.45,87.94,93.45,87.53
"10045",184,2008,91.96,90.25,93.67,87.99
"10046",185,2008,91.31,88.64,93.64,86.59
"10047",186,2008,93.2,89.83,91.19,87.38
"10048",187,2008,91.43,87.38,90.77,85.95
"10049",188,2008,90.44,83.57,89.33,80.06
"10050",189,2008,91.35,85.93,86.62,87.7
"10051",190,2008,93.24,88.82,89.85,87.58
"10052",191,2008,91.58,89.57,90.29,91.61
"10053",192,2008,95.15,92,95.28,88.04
"10054",193,2008,94.6,91.68,91.49,90.94
"10055",194,2008,93.69,90.13,91.94,89.85
"10056",195,2008,90.6,88.69,93.17,88.43
"10057",196,2008,93.27,91.28,92.24,92.95
"10058",197,2008,91.1,89.01,93.64,88.09
"10059",198,2008,89.79,88.8,89.96,86.29
"10060",199,2008,83.13,83.5,81.93,80.49
"10061",200,2008,84.82,84.37,81.77,84.34
"10062",201,2008,91.19,90.08,86.9,90.53
"10063",202,2008,89.31,85.86,90.58,83.96
"10064",203,2008,93.21,89.66,90.95,87.71
"10065",204,2008,89.33,86.76,88.73,84.75
"10066",205,2008,88.18,85.46,88.82,84.82
"10067",206,2008,91.32,87.41,89.93,86.35
"10068",207,2008,93.12,88.78,90.8,89.01
"10069",208,2008,94.26,91.05,94.94,90.21
"10070",209,2008,91.26,88.43,92.94,86.34
"10071",210,2008,88.82,86.33,90.17,90.44
"10072",211,2008,85.02,83.63,88.01,85.06
"10073",212,2008,91.39,84.78,90.19,85.56
"10074",213,2008,88.97,86.86,87.36,86.28
"10075",214,2008,86.94,85.24,83.33,86.06
"10076",215,2008,88.2,83.86,84.31,85.41
"10077",216,2008,90.64,89.2,86.69,90.99
"10078",217,2008,88.12,86.79,89.49,88.07
"10079",218,2008,90.17,85.41,89.05,84.37
"10080",219,2008,92.59,88.15,89.77,90.43
"10081",220,2008,88.28,86.64,89.34,83.65
"10082",221,2008,86.38,83.86,88.31,83.53
"10083",222,2008,92.03,88.21,90.47,87.3
"10084",223,2008,92.53,87.99,90.81,86.51
"10085",224,2008,93.13,90.18,90.16,89.62
"10086",225,2008,88.85,86.63,88.95,85.15
"10087",226,2008,87.36,86.05,89.33,85.5
"10088",227,2008,91.72,86.05,86.22,84.15
"10089",228,2008,88.29,87.03,90.24,86.51
"10090",229,2008,90.76,88.55,85.64,90.54
"10091",230,2008,87.7,84.72,83.99,85.28
"10092",231,2008,92.08,85.78,87.85,87.63
"10093",232,2008,93.25,90.51,92.77,91.3
"10094",233,2008,90.67,90.2,90.53,90.42
"10095",234,2008,85.96,86.62,87.69,85.34
"10096",235,2008,88.48,85.66,85.69,85.01
"10097",236,2008,89.06,87.57,89.85,86.35
"10098",237,2008,86.27,84.16,88.44,79.21
"10099",238,2008,84.19,81.81,84.23,80.83
"10100",239,2008,92.49,87.54,92.89,81.14
"10101",240,2008,87.14,83.79,85.06,81.47
"10102",241,2008,83.26,81.79,81.47,84.3
"10103",242,2008,87.94,84.29,85.07,84.29
"10104",243,2008,91.96,88,91.29,88.54
"10105",244,2008,89.73,84.95,86.85,85.01
"10106",245,2008,90.24,86.64,88.41,85.74
"10107",246,2008,88.63,85.27,87.88,83.38
"10108",247,2008,86.98,85.16,86.76,85.43
"10109",248,2008,89.31,84.65,85.27,87.21
"10110",249,2008,88.11,83.39,87.05,84.84
"10111",250,2008,89.19,81.96,85.49,82.64
"10112",251,2008,89.86,87.48,88.65,87.85
"10113",252,2008,89.93,87.14,90.27,85.65
"10114",253,2008,89.71,88.65,88.02,87.91
"10115",254,2008,88.04,85.43,86.28,86.21
"10116",255,2008,92.94,89.73,91.78,87.02
"10117",256,2008,86.23,85.3,85.74,86.71
"10118",257,2008,85.76,82.69,83.88,81.75
"10119",258,2008,90.23,86.28,88.81,84.85
"10120",259,2008,90.15,88.77,90.63,85.59
"10121",260,2008,93,89.75,91.25,88.01
"10122",261,2008,88.99,85.78,88.29,84.07
"10123",262,2008,87.01,84.47,86.28,82.59
"10124",263,2008,90.74,87.86,89.02,86.63
"10125",264,2008,86.51,84.44,85.06,86.51
"10126",265,2008,86.34,83.95,83.58,85.07
"10127",266,2008,92.8,88.08,88.69,90.42
"10128",267,2008,88.91,84.94,87.3,84.91
"10129",268,2008,86.65,83.13,83.28,82.97
"10130",269,2008,84.76,82.62,81.65,84.01
"10131",270,2008,92.55,89.65,91.33,88.62
"10132",271,2008,88.07,85.68,85.65,84.08
"10133",272,2008,84.08,83.67,83.14,83.67
"10134",273,2008,87.13,84.28,84.72,85.52
"10135",274,2008,90.33,86.51,86.59,85.07
"10136",275,2008,92.47,89.25,91.28,90.15
"10137",276,2008,88.31,85.44,88.42,85.75
"10138",277,2008,88.89,82.92,86.89,83
"10139",278,2008,89.87,87.41,88.65,86.23
"10140",279,2008,88.93,84.61,86.73,83.98
"10141",280,2008,89.43,86.31,89.72,86.39
"10142",281,2008,91.57,88.49,91.19,89.1
"10143",282,2008,87.42,85.18,88.78,82.76
"10144",283,2008,84.31,82.93,84.65,79.04
"10145",284,2008,85.43,83.78,84.14,81.72
"10146",285,2008,89.42,86.7,89.06,84.9
"10147",286,2008,87.43,87.44,86.1,88.4
"10148",287,2008,88.53,85.06,87.14,88.15
"10149",288,2008,93.41,89.28,92.32,89.67
"10150",289,2008,86.97,84.72,85.93,86.79
"10151",290,2008,85.59,82.9,88.21,82.81
"10152",291,2008,91.7,86.59,90.42,86.37
"10153",292,2008,86.97,84.18,85.59,83.77
"10154",293,2008,90.25,83.96,87.27,85.08
"10155",294,2008,89.77,86.34,89.21,87.53
"10156",295,2008,87.64,84.83,87.97,84.42
"10157",296,2008,86.54,81.85,84.47,83.35
"10158",297,2008,87.52,82.84,85.77,85.09
"10159",298,2008,91.03,86.9,89.07,86.71
"10160",299,2008,93.01,89.92,92.69,89.47
"10161",300,2008,91.21,89.36,91.74,86.92
"10162",301,2008,89.03,87.53,89.63,87.12
"10163",302,2008,92.98,90,89.45,90.26
"10164",303,2008,88.39,86.09,86.59,85.78
"10165",304,2008,86.56,83.83,84.74,84.61
"10166",305,2008,89.85,84.85,88.05,85.89
"10167",306,2008,92.41,87.61,89.89,89.26
"10168",307,2008,90.84,90.62,91.21,91.6
"10169",308,2008,90.01,89.85,90.51,90.09
"10170",309,2008,90.17,88.05,89.22,88.16
"10171",310,2008,89.15,87.73,87.89,88.28
"10172",311,2008,86.5,85.05,83.5,85.1
"10173",312,2008,86.81,80.42,82.06,84.23
"10174",313,2008,85.17,79.61,83.21,80.36
"10175",314,2008,85.99,78.84,83.12,79.56
"10176",315,2008,88.94,83.41,84.77,84.11
"10177",316,2008,91.31,83.94,87.45,85.03
"10178",317,2008,87.36,85.29,87.47,85.79
"10179",318,2008,86.45,84.14,83.4,85.97
"10180",319,2008,88.59,83.74,83.58,86.9
"10181",320,2008,91.35,83.05,83.46,84.76
"10182",321,2008,90.29,86.09,89.11,85.87
"10183",322,2008,87.61,86.32,88.1,87.23
"10184",323,2008,91.46,87.91,89.99,88.92
"10185",324,2008,92.07,90.34,90.98,89.71
"10186",325,2008,93.51,92.35,92.84,91.57
"10187",326,2008,90.1,89.61,90.59,90.33
"10188",327,2008,93.65,89.73,88.32,92.98
"10189",328,2008,92.49,89.45,91.15,87.82
"10190",329,2008,91.24,88.24,88.73,86.33
"10191",330,2008,90.03,85.73,86.42,86.43
"10192",331,2008,96.62,91.65,92.1,93.67
"10193",332,2008,92.5,89.07,88.4,89.91
"10194",333,2008,86.99,82.34,82.79,85.98
"10195",334,2008,82,78.67,83.35,79.57
"10196",335,2008,85.23,80.99,83.8,81.73
"10197",336,2008,88.4,83.9,84.88,84.46
"10198",337,2008,86.02,83.55,83.78,83.15
"10199",338,2008,88.44,84.63,84.66,85.73
"10200",339,2008,81.07,78.78,77.93,79.59
"10201",340,2008,77.92,74.53,75.88,75.12
"10202",341,2008,85.6,79.08,80.94,78.17
"10203",342,2008,92.75,89.22,92.62,88.05
"10204",343,2008,90.83,88.8,89.7,89.93
"10205",344,2008,88.63,86.74,86.79,87.21
"10206",345,2008,88.34,83.99,84.96,84.56
"10207",346,2008,85.85,80.19,82.68,80.75
"10208",347,2008,85.33,78.67,82.52,78.23
"10209",348,2008,86.16,80.62,83.11,82.06
"10210",349,2008,88,78.66,83.59,79.31
"10211",350,2008,81.28,75.58,78.07,75.79
"10212",351,2008,77.69,75.68,76.25,76.47
"10213",352,2008,77.28,74.11,75.24,76.13
"10214",353,2008,80.11,73.4,76.93,73.16
"10215",354,2008,81.38,74.08,78.22,73.78
"10216",355,2008,77.4,69.64,74.89,72.94
"10217",356,2008,78.16,72.29,75.15,73.75
"10218",357,2008,78.35,73.06,74.77,73.81
"10219",358,2008,76.27,69.96,73.11,71.12
"10220",359,2008,79.76,72.06,73.22,71.44
"10221",360,2008,74.77,68.62,70.97,68.52
"10222",361,2008,69.5,63.29,65.25,66.27
"10223",362,2008,66,62.24,64.71,65.96
"10224",363,2008,67.35,63.73,65.23,64.26
"10225",364,2008,71.74,65.17,68.22,66.47
"10226",365,2008,77.22,65.4,73.63,66.03
"10227",366,2008,77.31,66.59,73.8,70.68
"10228",1,2009,84.07,70.05,75.41,74.52
"10229",2,2009,82.42,69.42,74.9,69.73
"10230",3,2009,79.42,72.7,75.36,70.68
"10231",4,2009,84.28,75.76,74.18,77.72
"10232",5,2009,87.89,78.91,78.44,84.14
"10233",6,2009,89.06,80.54,80.67,82.36
"10234",7,2009,83.78,77.84,74.81,82.92
"10235",8,2009,82.1,72.62,73.89,76.36
"10236",9,2009,78.62,67.78,68.11,73.54
"10237",10,2009,77.95,64.79,67.11,69.58
"10238",11,2009,80.81,68.72,69.89,70.8
"10239",12,2009,83.96,67.91,66.71,75.49
"10240",13,2009,78.65,60.28,61.36,69.06
"10241",14,2009,73.52,57.05,59.94,64.71
"10242",15,2009,75.43,59.21,61.55,64.29
"10243",16,2009,73.46,58.59,62.53,64.59
"10244",17,2009,77.57,61.31,68.06,64.75
"10245",18,2009,75.24,66.17,68.26,66.73
"10246",19,2009,77.18,64.71,64.79,67.25
"10247",20,2009,89.39,73.17,74.33,78.52
"10248",21,2009,85.92,74.19,76.21,81.23
"10249",22,2009,84.8,72.47,70.45,76.52
"10250",23,2009,85.02,70.78,65.63,78.23
"10251",24,2009,81.98,67.97,63.39,73.2
"10252",25,2009,72.49,60.87,57.45,67.89
"10253",26,2009,66.53,55.1,54.96,62.79
"10254",27,2009,66.03,52.93,53.51,59.01
"10255",28,2009,67,54.7,53.13,63.37
"10256",29,2009,70.06,54.95,57.81,60.09
"10257",30,2009,85.58,70.98,79.7,71.44
"10258",31,2009,94.44,87.27,88.68,87.17
"10259",32,2009,92.09,82.73,85.58,84.59
"10260",33,2009,87.15,74.92,76.57,79.37
"10261",34,2009,82.42,71.19,71.72,75.67
"10262",35,2009,85.64,70.87,75.47,74.03
"10263",36,2009,82.75,67.74,68.03,74.43
"10264",37,2009,77.52,63.79,63.2,69.65
"10265",38,2009,74.05,58.39,60.3,64.29
"10266",39,2009,71.7,55.77,58.39,58.28
"10267",40,2009,72.69,56.81,59.22,61.27
"10268",41,2009,72.73,56.9,59.45,59.45
"10269",42,2009,84.8,68.05,65.67,75.63
"10270",43,2009,83.04,65.88,61.71,72.73
"10271",44,2009,75.5,56.74,58.75,62.5
"10272",45,2009,68.98,56.07,57.28,61.14
"10273",46,2009,63.15,51.55,52.92,57.03
"10274",47,2009,62.79,49,52.72,51.88
"10275",48,2009,70.18,53.73,59.35,54.49
"10276",49,2009,78.56,59.83,63.12,68.13
"10277",50,2009,82.46,53.66,56.9,63.5
"10278",51,2009,72.07,48.93,49.1,56.91
"10279",52,2009,68.02,49.53,50.05,54.94
"10280",53,2009,62.35,47.54,50.96,51.83
"10281",54,2009,59.96,44.23,46.82,48.46
"10282",55,2009,60.24,40.65,45.06,46.65
"10283",56,2009,62.04,43.11,47.5,49.54
"10284",57,2009,67.49,45.12,52.12,48.7
"10285",58,2009,72.37,46.99,52.18,48.97
"10286",59,2009,78.61,51.89,57.31,54.79
"10287",60,2009,81.18,60.56,66.59,61.08
"10288",61,2009,81.32,57,64.1,60.66
"10289",62,2009,89.97,70.16,75.5,70.23
"10290",63,2009,89.52,78.81,70.07,83.65
"10291",64,2009,83.92,70.94,67.64,76.33
"10292",65,2009,82.49,63.75,60.5,70.48
"10293",66,2009,85.85,63.76,65.49,68.46
"10294",67,2009,81.93,61.31,60.79,65.86
"10295",68,2009,72.72,53.42,51.83,60.73
"10296",69,2009,65.43,49.52,48.51,56.43
"10297",70,2009,62.05,47.64,48.42,53.29
"10298",71,2009,61.31,47.37,48.6,50.15
"10299",72,2009,63.53,50.61,52.44,51.29
"10300",73,2009,71.07,51.83,55.12,55.28
"10301",74,2009,86.87,60.52,63.25,60.65
"10302",75,2009,88.29,65.74,67.33,67.74
"10303",76,2009,83.92,67.22,69.55,66.32
"10304",77,2009,77.94,56.97,60.34,61.21
"10305",78,2009,84.17,61.88,66.73,62.99
"10306",79,2009,86.64,63.77,72.59,61.1
"10307",80,2009,91.79,78.69,88.09,74.71
"10308",81,2009,93.23,89.31,90,90.49
"10309",82,2009,92.33,87.86,88.85,85.46
"10310",83,2009,89.49,82.01,85.28,81.83
"10311",84,2009,86.97,76.97,79.97,76.58
"10312",85,2009,79.98,70.48,72.8,72.01
"10313",86,2009,77.19,66.05,66.16,66.05
"10314",87,2009,85.49,74.33,79.54,71.93
"10315",88,2009,91.56,80.38,77.87,80.38
"10316",89,2009,83.72,72.51,72.63,71.45
"10317",90,2009,77.85,66.62,63.32,69.3
"10318",91,2009,76.49,64.66,64.76,66.45
"10319",92,2009,83.72,61.91,66.62,66.16
"10320",93,2009,84.81,73.37,72.95,75.54
"10321",94,2009,78.35,59.44,60.85,63.87
"10322",95,2009,74.98,55.86,57.13,59.04
"10323",96,2009,78.97,59.68,64.92,57.6
"10324",97,2009,85.45,69.3,72.6,68.87
"10325",98,2009,92.31,78.81,80.91,79.27
"10326",99,2009,91.82,82.44,84.53,81.09
"10327",100,2009,92.04,87.71,86.86,87.11
"10328",101,2009,90.52,83.89,81.44,82.41
"10329",102,2009,88.7,82.17,78.62,83.18
"10330",103,2009,86.07,79.3,75.77,81.26
"10331",104,2009,86.01,76.96,73.47,77.38
"10332",105,2009,88.08,77.49,75.7,77.25
"10333",106,2009,88.09,80.39,81.8,80.06
"10334",107,2009,90.37,84.81,83.93,83.9
"10335",108,2009,91.54,86.26,90.73,84.87
"10336",109,2009,88.14,87.37,85.45,87.33
"10337",110,2009,94.24,90.04,89.7,92.03
"10338",111,2009,89.02,86.78,86.14,86.93
"10339",112,2009,89.89,85.24,84.68,86.43
"10340",113,2009,91.99,85.94,85.32,88.2
"10341",114,2009,89.55,83.42,82.13,82.32
"10342",115,2009,85.28,75.18,74.7,77.39
"10343",116,2009,85.17,74.65,75.56,76.86
"10344",117,2009,87.25,77.42,77.58,78.94
"10345",118,2009,93.72,86.31,85.47,87.87
"10346",119,2009,91.78,87.16,85.08,88.39
"10347",120,2009,91.54,88.04,85.65,90.15
"10348",121,2009,92.12,89.34,91.71,90.12
"10349",122,2009,90.13,89.36,88.6,88.52
"10350",123,2009,92.44,89.86,91.87,89.2
"10351",124,2009,91.36,92.91,91.44,94.64
"10352",125,2009,83.88,84.01,84.3,85.69
"10353",126,2009,91.06,85.14,82.54,88.01
"10354",127,2009,89.4,87.61,88.01,86.82
"10355",128,2009,91.39,89.34,88.96,89.69
"10356",129,2009,91.15,89.24,89.9,86.68
"10357",130,2009,88.24,84.12,86.07,85.91
"10358",131,2009,86.57,83.59,82.58,84.47
"10359",132,2009,85.42,82.53,83.03,83.58
"10360",133,2009,87.61,82.25,83.16,82.69
"10361",134,2009,88.43,84.32,83.58,85.67
"10362",135,2009,88.44,85.45,86.02,86.6
"10363",136,2009,88.97,86.84,84.93,87.58
"10364",137,2009,91.65,89.19,88.38,87.84
"10365",138,2009,93,89.68,90.95,88.18
"10366",139,2009,91.08,88.99,89.32,90.13
"10367",140,2009,90.09,86.32,89.19,84.38
"10368",141,2009,92.15,89.73,91.25,89.33
"10369",142,2009,86.94,86.31,86.47,87.35
"10370",143,2009,84.64,84.52,85.75,85.77
"10371",144,2009,89.37,87.46,87.46,86.51
"10372",145,2009,89.1,87.69,88.26,88.63
"10373",146,2009,84.56,84.35,86.89,85.54
"10374",147,2009,89.03,85.05,86.9,84.98
"10375",148,2009,90.56,89.35,89.45,89
"10376",149,2009,88.19,86.21,85.63,87.07
"10377",150,2009,84.53,82.73,83.14,82.86
"10378",151,2009,81.71,79.28,81.14,79.62
"10379",152,2009,84.87,83.86,85.47,83.35
"10380",153,2009,89.02,86.41,88.32,83.68
"10381",154,2009,91.59,88.07,89.37,88.07
"10382",155,2009,92.86,89.35,89.17,88.18
"10383",156,2009,91.1,88.29,90.24,86.97
"10384",157,2009,88.48,85.86,88.04,83.5
"10385",158,2009,94.45,93.14,95.55,93.33
"10386",159,2009,93.17,88.14,91.35,88.36
"10387",160,2009,88.16,85.19,87.69,85.07
"10388",161,2009,90.51,88.36,88.52,88.44
"10389",162,2009,92.25,88.42,88.91,89.55
"10390",163,2009,89.33,85.1,89.39,83.37
"10391",164,2009,92.75,87.67,91.31,87.82
"10392",165,2009,88.87,86.5,92.6,85.29
"10393",166,2009,86.78,84.74,84.59,83.84
"10394",167,2009,89.03,85.64,87.6,85.71
"10395",168,2009,91.14,88.09,92.02,87.01
"10396",169,2009,88.04,86.31,87.18,86.51
"10397",170,2009,92.16,87.91,91.36,85.83
"10398",171,2009,90.74,88.48,89.31,87.94
"10399",172,2009,95.53,93.09,94.37,91.53
"10400",173,2009,93.67,91.39,90.2,90.43
"10401",174,2009,94.06,92.69,88.18,93.68
"10402",175,2009,84.72,85.05,86.67,84
"10403",176,2009,93.04,90.63,92.35,90.01
"10404",177,2009,91.31,89.05,91.96,89.67
"10405",178,2009,90.03,88.12,88.08,90.15
"10406",179,2009,90.99,88.6,91.16,88.59
"10407",180,2009,92.75,89.27,92.87,86.39
"10408",181,2009,90.35,88.66,89.66,89.56
"10409",182,2009,94.73,92.13,91.76,93.77
"10410",183,2009,93.07,90.35,90.73,91.86
"10411",184,2009,96.7,92.85,93.99,93.62
"10412",185,2009,92.74,93.31,93.86,93.39
"10413",186,2009,88.51,86.81,89.36,85.87
"10414",187,2009,89.57,86.75,87.29,88.52
"10415",188,2009,87.89,86.74,87.27,85.43
"10416",189,2009,93.65,91.68,91.94,90.76
"10417",190,2009,92.22,89.18,93.16,87.46
"10418",191,2009,91.86,89.55,91.12,88.98
"10419",192,2009,92.29,91.2,92.66,91.82
"10420",193,2009,89.13,89.66,92.91,90.11
"10421",194,2009,87.33,85.04,88.56,84.26
"10422",195,2009,89.8,88.99,89.79,88.79
"10423",196,2009,96.16,93.24,95.34,93.11
"10424",197,2009,88.03,88.77,89.15,85.82
"10425",198,2009,88.45,87.53,92.42,86.63
"10426",199,2009,89.07,87.65,88.23,87.75
"10427",200,2009,89.82,86.19,88.47,84.41
"10428",201,2009,87.38,85.78,85.34,83.4
"10429",202,2009,89.01,88.04,90.23,85.27
"10430",203,2009,87.69,86.25,89.98,86.08
"10431",204,2009,89.72,89.82,89.56,90.47
"10432",205,2009,86.43,84.38,85.84,85.6
"10433",206,2009,88.53,84.18,87.97,86.64
"10434",207,2009,91.52,89.77,90.6,90.01
"10435",208,2009,88.8,87.51,87.5,87.44
"10436",209,2009,91.77,88.62,90.31,89.02
"10437",210,2009,92.99,93.06,89.14,94.43
"10438",211,2009,90.28,86.27,89.15,84.29
"10439",212,2009,93.32,90.51,92.48,89.21
"10440",213,2009,88.86,87.23,88.14,88.05
"10441",214,2009,84.31,84.73,87.55,82.16
"10442",215,2009,88.22,85.37,86.26,84.43
"10443",216,2009,93.53,90.15,91.52,89.31
"10444",217,2009,93.37,88.51,91.18,90.88
"10445",218,2009,93.02,90.45,91.95,91.41
"10446",219,2009,92.91,89.73,92.52,88.72
"10447",220,2009,95.68,91.99,93.09,93.51
"10448",221,2009,91.58,89.28,90.41,88.6
"10449",222,2009,87.86,86.23,87.03,86.37
"10450",223,2009,88.4,86.24,85,87.07
"10451",224,2009,90.45,86.43,87.54,86.99
"10452",225,2009,89.56,85.85,83.12,85.94
"10453",226,2009,88.64,87.13,87.6,86.2
"10454",227,2009,88.13,83.19,83.44,85.31
"10455",228,2009,88.15,84.01,85.7,84.6
"10456",229,2009,90.82,86.18,87.5,86.88
"10457",230,2009,90.91,88.62,89.18,89.62
"10458",231,2009,90.19,86.19,87.88,85.71
"10459",232,2009,87.78,85.34,89.66,84.7
"10460",233,2009,92.57,90.51,90.22,89.54
"10461",234,2009,89.14,85.29,86.54,85.19
"10462",235,2009,89.41,86.22,90.46,85.68
"10463",236,2009,89.01,83.86,88.03,83.52
"10464",237,2009,91.42,87.63,90.18,85.51
"10465",238,2009,93.89,91.04,91.87,92.2
"10466",239,2009,89.81,85.7,89.27,85.28
"10467",240,2009,89.65,87.25,89.04,88.85
"10468",241,2009,89.06,86.18,88.93,86.09
"10469",242,2009,91.06,87.07,87.42,88.63
"10470",243,2009,88.18,84.52,87,84.08
"10471",244,2009,85.11,81.26,83.76,82.03
"10472",245,2009,87,82.91,85.77,84.08
"10473",246,2009,89.53,85.28,87.09,86.25
"10474",247,2009,88.42,86.46,87.09,85.62
"10475",248,2009,87.81,85.09,85.79,84.95
"10476",249,2009,87.8,85.3,84.41,85.13
"10477",250,2009,90.75,86.72,87.07,88.24
"10478",251,2009,91.5,86.91,87.59,87.6
"10479",252,2009,90.21,86.31,86.92,87.21
"10480",253,2009,86.77,84.63,86.63,85.42
"10481",254,2009,92.14,88.63,89.33,89.25
"10482",255,2009,90.58,87.13,91.19,86.77
"10483",256,2009,87.39,84.53,89.57,81.4
"10484",257,2009,86.81,82.46,83.48,82.15
"10485",258,2009,91.43,88.3,87.9,87.74
"10486",259,2009,88.37,85.78,88.68,86.77
"10487",260,2009,88.64,84.94,87.24,85.48
"10488",261,2009,89.8,84.28,89.02,85.7
"10489",262,2009,87.35,82.94,85.58,84.09
"10490",263,2009,89.86,87.38,86.33,87.37
"10491",264,2009,90.83,88.71,91.44,88.1
"10492",265,2009,87.52,86.36,87.7,86.32
"10493",266,2009,85.02,82.77,83.83,84.05
"10494",267,2009,85.46,83.07,85.16,83.46
"10495",268,2009,89.52,86.36,87.23,84.66
"10496",269,2009,92.1,88.28,89.58,88.03
"10497",270,2009,89.06,85.39,87.88,86.94
"10498",271,2009,90.97,89.66,89.72,87.61
"10499",272,2009,87.22,85.23,89.21,85.05
"10500",273,2009,87.65,85.08,85.1,85.08
"10501",274,2009,88.03,83.44,87.37,81.84
"10502",275,2009,88.68,85.62,90.55,86.87
"10503",276,2009,93.06,89.34,92.42,90.01
"10504",277,2009,86.77,85.61,86.06,85.52
"10505",278,2009,84.44,81.82,82.69,83.42
"10506",279,2009,85.96,81.18,85.44,82.94
"10507",280,2009,90.75,87.41,88.32,85.99
"10508",281,2009,87.94,86.01,88.71,85.26
"10509",282,2009,84.75,83.69,84.97,83.24
"10510",283,2009,88.1,84.08,88.32,82.59
"10511",284,2009,89.9,86.62,88.46,86.11
"10512",285,2009,83.74,80.08,83.44,78.91
"10513",286,2009,83.94,82.53,84.31,81.16
"10514",287,2009,87.8,84.64,85.3,84.55
"10515",288,2009,91.8,86.85,88.16,87.51
"10516",289,2009,90.56,89.47,88.28,89.89
"10517",290,2009,87.42,84.49,84.86,84.48
"10518",291,2009,86.79,82.53,84.23,81.72
"10519",292,2009,86.33,79.7,81.42,80.62
"10520",293,2009,87.79,83.19,85.69,83.13
"10521",294,2009,85.32,81.9,84.35,82.31
"10522",295,2009,88.16,84.85,87.2,84.36
"10523",296,2009,90.96,88.81,88.8,89.5
"10524",297,2009,90.5,88.31,89.28,88.07
"10525",298,2009,88.97,87.25,88,87.59
"10526",299,2009,83.88,82.26,82.46,82.69
"10527",300,2009,83.35,78.69,80.98,79.91
"10528",301,2009,89.57,83.04,87.41,82.61
"10529",302,2009,88.13,84.34,85.59,85.78
"10530",303,2009,91.28,87.62,88.41,88.72
"10531",304,2009,88.57,86,87.35,87.08
"10532",305,2009,87.2,85.04,84.36,86.24
"10533",306,2009,83.88,81.81,82.11,83.63
"10534",307,2009,88.21,85.06,88.56,85.88
"10535",308,2009,85.9,84.53,84.37,84.93
"10536",309,2009,82.92,80.09,79.24,82.02
"10537",310,2009,82.97,79.51,80.25,80.97
"10538",311,2009,81.35,79.26,80.35,81.76
"10539",312,2009,85.61,75.54,81.18,77.99
"10540",313,2009,85.29,78.76,82.05,77.4
"10541",314,2009,85.77,82.29,83.17,82.18
"10542",315,2009,85.79,79.85,80.45,79.65
"10543",316,2009,88.19,82.37,81.85,83.94
"10544",317,2009,90.78,85.25,87.57,85.97
"10545",318,2009,92.35,88.46,90.17,88.61
"10546",319,2009,86.77,85.41,87.5,84.59
"10547",320,2009,85.19,83.04,85.91,83.41
"10548",321,2009,89.52,84.99,87.2,85.05
"10549",322,2009,87.81,84.96,84.89,85.91
"10550",323,2009,88.12,83.56,84.08,84.32
"10551",324,2009,88.71,83.39,84.84,83.82
"10552",325,2009,92,87.14,88.65,87.84
"10553",326,2009,87.86,81.45,84.9,80.88
"10554",327,2009,89.52,80.87,83.15,81
"10555",328,2009,85.57,79.88,79.51,80.73
"10556",329,2009,88.59,80.52,82.58,79.93
"10557",330,2009,85.98,80.04,80.33,80.73
"10558",331,2009,84.16,76.22,77.69,75.74
"10559",332,2009,86.1,76.42,77,77.6
"10560",333,2009,85.26,74.43,74.69,74.26
"10561",334,2009,82.57,74.87,72.7,75.15
"10562",335,2009,81.55,74.2,72.82,74.04
"10563",336,2009,80.85,72.67,71.88,72.87
"10564",337,2009,76.78,67.92,68.24,68.16
"10565",338,2009,75.2,68.17,65.46,69.16
"10566",339,2009,74.8,67.56,63.34,70.18
"10567",340,2009,68.25,63.7,57.6,65.65
"10568",341,2009,70.16,64.62,59.11,65.93
"10569",342,2009,73.93,65.35,62.6,65.28
"10570",343,2009,77.61,67.32,64.78,65.92
"10571",344,2009,85.49,70.21,72.92,70.38
"10572",345,2009,84.24,68.68,68.91,70.05
"10573",346,2009,78.72,63.94,63.83,63.25
"10574",347,2009,71.16,59.38,56.63,63.01
"10575",348,2009,69.27,56.9,57.63,57.93
"10576",349,2009,69.45,57.57,57.49,58.04
"10577",350,2009,69.5,58.66,59.8,60.27
"10578",351,2009,73.96,61.82,64.7,61.22
"10579",352,2009,78.82,62.46,67.88,61.98
"10580",353,2009,83.62,70.24,75.69,70.12
"10581",354,2009,86.86,74.82,79.41,75.98
"10582",355,2009,92.15,84.35,86.75,86.3
"10583",356,2009,89.64,82.94,84.39,82.13
"10584",357,2009,88.66,82.18,82.03,82.23
"10585",358,2009,86.73,81.53,79.81,80.55
"10586",359,2009,89.27,82.74,79.8,83.92
"10587",360,2009,89.06,81.63,80.35,85.91
"10588",361,2009,85.68,69.13,69.73,73.02
"10589",362,2009,77.66,61.9,62.04,66.59
"10590",363,2009,70.2,59.52,57.2,63.51
"10591",364,2009,68.89,57.97,54.65,61.79
"10592",365,2009,63.14,52.15,49.4,56.79
"10593",1,2010,60.14,49.39,45.76,55.71
"10594",2,2010,57.03,41.94,41.35,54.59
"10595",3,2010,59.65,43.55,44.78,49.31
"10596",4,2010,61.38,46.46,48.31,49.95
"10597",5,2010,64.67,50.46,55.2,50
"10598",6,2010,73.61,59.17,61.32,61.54
"10599",7,2010,79.81,61.45,62.2,64.13
"10600",8,2010,74.08,49.7,47.86,54.62
"10601",9,2010,63.99,43.35,42.42,47.69
"10602",10,2010,54.64,41.82,43.46,45.98
"10603",11,2010,54.69,41.54,44.31,45.75
"10604",12,2010,53.6,45.79,46.08,48.75
"10605",13,2010,51.79,43.72,41.32,47.42
"10606",14,2010,58.49,46.5,47.78,47.77
"10607",15,2010,66.58,49.51,54.14,49.81
"10608",16,2010,73.59,53.57,57.2,54.01
"10609",17,2010,78.05,54.97,57.14,57.57
"10610",18,2010,77.99,51.97,55.52,53.66
"10611",19,2010,77.87,56.37,57.03,57.14
"10612",20,2010,74.24,53.26,52.81,53.73
"10613",21,2010,66.95,48.24,49.28,48.85
"10614",22,2010,67.1,46.53,49.22,50.51
"10615",23,2010,70.06,51.14,52.82,53.73
"10616",24,2010,73.78,58.63,58.23,60.38
"10617",25,2010,76.91,52.62,52.56,57.5
"10618",26,2010,73.44,48.97,51.39,51.71
"10619",27,2010,71.16,48.39,51.05,49.76
"10620",28,2010,56.34,40.3,38.16,44.5
"10621",29,2010,56.28,51.37,48.93,52.49
"10622",30,2010,58.91,53.22,48.81,55.17
"10623",31,2010,57.2,49.97,48.71,51.89
"10624",32,2010,65.54,51.7,52.65,54.14
"10625",33,2010,74.87,57.06,58.67,59.97
"10626",34,2010,80.4,56.7,60.05,59.65
"10627",35,2010,75.42,51.76,55.63,54.2
"10628",36,2010,79.34,54.2,57.17,58.95
"10629",37,2010,78.38,53.54,55.81,56.5
"10630",38,2010,74.23,47.87,51.16,51.4
"10631",39,2010,78.7,59.54,64.19,59.76
"10632",40,2010,79.67,59.31,65.58,66.68
"10633",41,2010,69.16,48.61,54.91,52.87
"10634",42,2010,60.95,41.77,42.54,44.27
"10635",43,2010,64.08,45.6,46.69,50.41
"10636",44,2010,60.18,44.4,48.01,44.87
"10637",45,2010,60.21,46.04,46.97,48.35
"10638",46,2010,64.89,47.16,46.4,48.59
"10639",47,2010,57.76,37.29,36.91,40.55
"10640",48,2010,60.89,43.84,46.24,44.01
"10641",49,2010,62.86,47.5,51.23,47.54
"10642",50,2010,81.54,65.86,70.59,65.36
"10643",51,2010,92.17,82.43,79.85,81.8
"10644",52,2010,81.5,69.73,66.56,71.91
"10645",53,2010,79.51,70.32,69.54,68.85
"10646",54,2010,80.09,71.55,69.69,69.59
"10647",55,2010,86.94,79.37,79.15,76.07
"10648",56,2010,87.59,81.44,84,79.75
"10649",57,2010,89.33,81.41,79.47,83.34
"10650",58,2010,85.11,78.03,77.3,78.2
"10651",59,2010,81.12,73.29,71.1,74.21
"10652",60,2010,82.34,73.39,71.23,75.19
"10653",61,2010,84.52,78.11,74.39,77.3
"10654",62,2010,89.58,83.1,81.01,80.19
"10655",63,2010,88.75,82.08,83.59,79.94
"10656",64,2010,89.28,84.13,84.72,83.06
"10657",65,2010,84.52,80.47,80.53,80.06
"10658",66,2010,84.89,80.02,79.11,80.87
"10659",67,2010,85.65,82.36,80.8,84.03
"10660",68,2010,90.24,85.27,84.36,84.96
"10661",69,2010,89.47,85.19,86.09,83.5
"10662",70,2010,88.91,84.37,86.12,83.05
"10663",71,2010,86.09,82.38,81.54,80.78
"10664",72,2010,84.63,80.94,78.37,81.32
"10665",73,2010,82.67,74.67,72.91,76.77
"10666",74,2010,78.91,73.84,73.83,73.86
"10667",75,2010,83.59,80.1,74.56,79.59
"10668",76,2010,88.26,86.67,85.46,87.2
"10669",77,2010,90.34,86.75,89.65,83.39
"10670",78,2010,92.43,90.04,91.37,90.29
"10671",79,2010,89.99,85.59,84.13,88.52
"10672",80,2010,85.73,82.89,81.97,83.38
"10673",81,2010,77.11,73.79,70.76,75.47
"10674",82,2010,68.91,65.14,59.37,68.45
"10675",83,2010,72.14,66.41,63.46,66.08
"10676",84,2010,76.33,67.25,66.9,67.88
"10677",85,2010,77.49,69.96,63.7,73.12
"10678",86,2010,83.27,79.72,76.49,79.25
"10679",87,2010,85.98,83.05,79.89,83.24
"10680",88,2010,84.58,82.25,76.21,81.45
"10681",89,2010,90.22,84.64,79.25,88.67
"10682",90,2010,87.61,80.43,78.47,83.35
"10683",91,2010,87.18,80.46,81.35,81.31
"10684",92,2010,82.79,79.43,74.52,80.11
"10685",93,2010,83.05,79.67,76.55,82.68
"10686",94,2010,88.29,84.41,84.67,85.94
"10687",95,2010,94.71,92.5,92.88,93.09
"10688",96,2010,91.68,88.07,92.68,87.8
"10689",97,2010,92.79,89.82,88.67,92.23
"10690",98,2010,91.52,86.55,91.01,89.02
"10691",99,2010,94.05,89.77,91.31,94.31
"10692",100,2010,96.22,90.86,96.05,89.77
"10693",101,2010,93.8,90.65,88.99,92.24
"10694",102,2010,88.24,84.59,86.37,86.97
"10695",103,2010,91.67,87.65,89.29,88.24
"10696",104,2010,92.68,89.18,91.06,88.53
"10697",105,2010,92.69,88.68,92.13,88.79
"10698",106,2010,89.9,87.22,90.91,89.48
"10699",107,2010,84.87,83.55,81.96,84.08
"10700",108,2010,88.1,85.24,87.47,84.77
"10701",109,2010,89.29,87.87,87.5,89.66
"10702",110,2010,83.64,83.15,86.74,80.88
"10703",111,2010,89.93,88.63,89.26,85.38
"10704",112,2010,86.04,84.72,87.19,85.94
"10705",113,2010,92.28,88.19,87.92,88.97
"10706",114,2010,93.61,91.67,89.56,93.76
"10707",115,2010,90.97,87.18,90.35,86.42
"10708",116,2010,94.24,89.5,92.11,89.91
"10709",117,2010,94.93,91.07,93.1,90.01
"10710",118,2010,93.46,92.1,91.29,93.1
"10711",119,2010,89.41,86.3,85.55,87.09
"10712",120,2010,88.31,84.19,83.37,85.48
"10713",121,2010,85.78,81.96,85.83,81.98
"10714",122,2010,93.42,90.54,92.13,87.94
"10715",123,2010,88.93,85.39,84.51,85.95
"10716",124,2010,83.83,79.35,81.85,77.53
"10717",125,2010,87.92,79.67,82.36,79.04
"10718",126,2010,85.96,82.92,84.28,82.28
"10719",127,2010,88.21,84.92,85.19,86.04
"10720",128,2010,91.1,89.51,91.35,90.13
"10721",129,2010,93.23,90.69,93.13,93.67
"10722",130,2010,92.34,90.72,90.49,90.95
"10723",131,2010,97.04,93.11,94.87,95
"10724",132,2010,94.47,91.91,94.04,90.66
"10725",133,2010,87.72,86.05,94.55,81.29
"10726",134,2010,91.51,85.41,91.75,82.37
"10727",135,2010,89.36,85.43,86.06,85.09
"10728",136,2010,89.47,84.64,86.84,86.05
"10729",137,2010,94.75,91.72,94.36,93.57
"10730",138,2010,87.18,88.01,89.8,89.15
"10731",139,2010,90.86,88.7,91.67,88.91
"10732",140,2010,95.03,90.41,93.48,89.45
"10733",141,2010,91.87,88.48,91.36,87.69
"10734",142,2010,92.79,89.9,92.37,88.76
"10735",143,2010,87.42,86.55,87.18,86.94
"10736",144,2010,84.4,83.96,86.02,85.91
"10737",145,2010,91.11,89.63,90.62,89.93
"10738",146,2010,93.05,88.61,89.85,89.14
"10739",147,2010,92.42,89.89,89.08,92.39
"10740",148,2010,95.88,91.8,93.73,88.33
"10741",149,2010,85.52,83.65,84.73,84.58
"10742",150,2010,85.09,83.83,82.76,83.73
"10743",151,2010,92.51,90.04,90.3,90.03
"10744",152,2010,93.45,90.27,89.96,91.69
"10745",153,2010,88.48,85.49,86.35,87.24
"10746",154,2010,90.71,86.76,89.23,88.06
"10747",155,2010,92.68,89.9,89.44,91
"10748",156,2010,91.06,88.64,89.54,88.45
"10749",157,2010,86.95,86.5,88.54,86.21
"10750",158,2010,84.23,83.4,87.01,82.11
"10751",159,2010,90.77,87.34,90.65,86.92
"10752",160,2010,92.04,90.86,94.74,88.57
"10753",161,2010,88.49,85.42,90.29,82.42
"10754",162,2010,88.2,84.59,89.67,85.16
"10755",163,2010,87.58,85.16,89.64,82.63
"10756",164,2010,87.94,86.52,88.67,83.58
"10757",165,2010,93.18,90.77,89.01,89.99
"10758",166,2010,91.71,90,91.23,89.47
"10759",167,2010,95.27,91.65,94.25,92.34
"10760",168,2010,91.51,88.42,87.89,90.83
"10761",169,2010,92.42,89.84,89.42,90.38
"10762",170,2010,90.72,88.48,92.45,87.87
"10763",171,2010,90.82,90.55,92.4,90.78
"10764",172,2010,88.2,87.6,86.72,88.05
"10765",173,2010,85.61,86.43,85.03,87.18
"10766",174,2010,86.38,88.72,87.01,88.14
"10767",175,2010,85.6,84.77,87.83,84.77
"10768",176,2010,89.8,88.36,89.1,89.61
"10769",177,2010,90.72,87.5,88.32,89.04
"10770",178,2010,86.77,82.68,87.51,81.62
"10771",179,2010,93.11,88.33,92.36,86.71
"10772",180,2010,96.86,92.9,94.68,93.05
"10773",181,2010,89.21,86.52,89.3,84.92
"10774",182,2010,91.8,87.58,92.61,89.46
"10775",183,2010,91.4,90.17,91.12,89.97
"10776",184,2010,89.38,87.15,88.85,86.43
"10777",185,2010,92.04,89.14,91.05,91.37
"10778",186,2010,90.12,88.58,91.64,85.54
"10779",187,2010,90.06,88.99,87.03,89
"10780",188,2010,89.68,88.97,87.07,91.48
"10781",189,2010,91.34,91.67,94.17,91.89
"10782",190,2010,89.11,87.42,88.98,88.59
"10783",191,2010,90.72,86.4,85.97,88.05
"10784",192,2010,95.37,92.84,92.2,93.78
"10785",193,2010,87.03,88.27,88.79,87.78
"10786",194,2010,84.46,85.03,86.22,85.3
"10787",195,2010,92.01,89.81,92.57,89.8
"10788",196,2010,88.72,87.42,89.35,86.97
"10789",197,2010,93.96,93.25,94.14,93.53
"10790",198,2010,93.54,90.99,93.46,90.15
"10791",199,2010,96.39,91.17,94.56,89.78
"10792",200,2010,88.91,86.49,88.08,82.95
"10793",201,2010,80.92,79.57,81.41,77.68
"10794",202,2010,78.34,79.53,82.83,78.7
"10795",203,2010,85.3,82.21,85.87,80.35
"10796",204,2010,90.71,88.69,87.84,89.57
"10797",205,2010,90.28,88.33,92.76,86.41
"10798",206,2010,90.63,87.82,91.04,87.35
"10799",207,2010,95.11,92.54,92.97,93.58
"10800",208,2010,91.93,93.42,92.75,95.34
"10801",209,2010,86.63,85.17,90.56,82.35
"10802",210,2010,93.77,87.94,90.41,89.46
"10803",211,2010,89.51,88.37,93.24,86.55
"10804",212,2010,84.66,83.72,85.4,83.38
"10805",213,2010,89.94,87.4,86.81,87.77
"10806",214,2010,93.35,90.22,92.1,86.88
"10807",215,2010,93.35,90.68,89.77,90.25
"10808",216,2010,86.04,83.76,87.86,82.62
"10809",217,2010,88.46,85.02,89.55,85.42
"10810",218,2010,93.85,88.6,93.15,84.54
"10811",219,2010,87.34,82.78,86.35,79.29
"10812",220,2010,84.1,79.53,84.26,79.06
"10813",221,2010,89.64,83.54,89.32,81.36
"10814",222,2010,89.55,82.49,89.54,83.08
"10815",223,2010,88.21,85.25,91.33,80.75
"10816",224,2010,86.85,83.81,85.68,81.37
"10817",225,2010,88.83,85.2,89,84.04
"10818",226,2010,94.24,90.34,91.58,91.49
"10819",227,2010,90.28,85.84,91.08,83.87
"10820",228,2010,84.62,78.41,84.34,78.75
"10821",229,2010,82.67,79.45,82.71,80.58
"10822",230,2010,93.75,90.8,92.42,89.11
"10823",231,2010,90.14,88.9,93.09,87.64
"10824",232,2010,82.14,81.43,82.86,83.98
"10825",233,2010,88.9,83.94,84.87,85.45
"10826",234,2010,89.71,83.97,87.18,82.77
"10827",235,2010,83.37,79.67,87.12,80.83
"10828",236,2010,84.68,82.03,84.86,84.07
"10829",237,2010,92.55,89.13,90.5,87.31
"10830",238,2010,87.2,86.9,89.95,86.45
"10831",239,2010,89.11,86.96,85.95,87.52
"10832",240,2010,87.18,86.01,86.46,85.77
"10833",241,2010,84.61,82.59,87.12,81.66
"10834",242,2010,87.36,83.39,87.04,84.32
"10835",243,2010,88.48,86.02,87.28,85.16
"10836",244,2010,90.62,86.44,87.24,86.08
"10837",245,2010,90.79,87.66,88.99,88.17
"10838",246,2010,92.09,88,90.67,88.26
"10839",247,2010,91.27,87.48,91.99,86.65
"10840",248,2010,88.24,87.23,86.22,87.97
"10841",249,2010,89.17,85.88,87.82,87.1
"10842",250,2010,91.11,87.5,91.8,84.68
"10843",251,2010,86.64,83.05,87.96,79.28
"10844",252,2010,82.89,81.22,84.01,79.25
"10845",253,2010,83.72,82.89,82.08,83.88
"10846",254,2010,89.65,85.91,88.43,86.23
"10847",255,2010,87.13,85.14,86.28,84.39
"10848",256,2010,87.1,85.27,89.34,85.36
"10849",257,2010,83.59,82.03,86.2,82.7
"10850",258,2010,89.3,85.95,86.11,86.92
"10851",259,2010,90.53,88.71,91.11,86.36
"10852",260,2010,86.36,85.58,87.58,85.07
"10853",261,2010,86.52,84.07,87.72,82.96
"10854",262,2010,91.34,87.07,85.26,89.21
"10855",263,2010,87.54,85.33,88.47,87.45
"10856",264,2010,86.55,85.33,84.63,85.95
"10857",265,2010,83.42,83.76,80.37,84.51
"10858",266,2010,89.76,85.64,87.22,88.05
"10859",267,2010,91.99,88.56,91.03,90.26
"10860",268,2010,89.75,87.56,90.06,85.18
"10861",269,2010,86.09,84.03,85.92,83.36
"10862",270,2010,87.11,84.29,84.56,85.32
"10863",271,2010,87.86,86.77,85.21,87.12
"10864",272,2010,85.2,80.82,82.79,82.73
"10865",273,2010,86.05,82.17,85.15,82.27
"10866",274,2010,88.53,84.82,86.5,84.4
"10867",275,2010,86.94,86.78,83.61,88.66
"10868",276,2010,85.19,84.51,83.43,85.63
"10869",277,2010,92.46,87.95,89.13,88.46
"10870",278,2010,88.99,86.06,90,87.14
"10871",279,2010,86.36,83.84,87.67,83.68
"10872",280,2010,84.42,82.85,86.97,83.22
"10873",281,2010,85.43,83.34,84.3,84.75
"10874",282,2010,90.07,86.84,87.01,87.47
"10875",283,2010,88.38,86.62,87.47,85.14
"10876",284,2010,87.14,84.83,86.69,85.74
"10877",285,2010,87.18,85.43,86.64,85.14
"10878",286,2010,88.22,84.72,86.42,83.31
"10879",287,2010,89.84,86.3,87.13,85.48
"10880",288,2010,92.02,88.22,89.43,86.76
"10881",289,2010,91.06,89.08,88.71,89.75
"10882",290,2010,89.37,86.47,89.57,86.01
"10883",291,2010,87.7,85.82,89.68,86.53
"10884",292,2010,86.96,85.5,86.43,84.54
"10885",293,2010,91.63,87.73,87.3,89.37
"10886",294,2010,89.86,88.44,87.77,88.45
"10887",295,2010,83.74,82.16,82.01,84.57
"10888",296,2010,80.59,77.72,79.79,77.98
"10889",297,2010,81.64,78.54,79,77.87
"10890",298,2010,89.76,81.62,84.23,83.22
"10891",299,2010,89.39,84.67,90.15,84.31
"10892",300,2010,90.03,84.66,87.89,86.95
"10893",301,2010,85.17,82.58,84.64,83.61
"10894",302,2010,82.87,79.83,82.02,80.47
"10895",303,2010,83.39,75.36,79.53,75.86
"10896",304,2010,84.61,77.02,83.32,78.83
"10897",305,2010,89.88,86.65,91.19,88.76
"10898",306,2010,91.25,90.25,92.39,90.05
"10899",307,2010,89.8,86.7,89.45,86.93
"10900",308,2010,82.84,82.32,82.16,84.03
"10901",309,2010,82.37,83.39,81.37,84.48
"10902",310,2010,89.65,85.13,85.51,86.14
"10903",311,2010,93.14,90.13,91.98,90.62
"10904",312,2010,91.95,89,89.53,89.08
"10905",313,2010,91.08,88.17,89.58,89.3
"10906",314,2010,90.95,89.11,91.1,89.47
"10907",315,2010,90.01,85.27,89.14,84.79
"10908",316,2010,93.16,89.44,92.45,89.92
"10909",317,2010,93.3,89.93,89.96,92.22
"10910",318,2010,88.8,88.24,87.46,88.34
"10911",319,2010,85.49,85.33,84.81,85.98
"10912",320,2010,87.18,84.52,84.88,85.19
"10913",321,2010,91.53,84.91,85.34,86.31
"10914",322,2010,94.65,90.57,91.65,91.47
"10915",323,2010,86.04,84.93,83.54,86.97
"10916",324,2010,84.74,83.66,82.08,84.82
"10917",325,2010,88.32,82.07,81.71,82.97
"10918",326,2010,88.16,83.89,85,84.46
"10919",327,2010,84.73,81.93,81.08,81.53
"10920",328,2010,79.82,77.9,78.9,79.17
"10921",329,2010,80.72,76.93,79.17,77.32
"10922",330,2010,93.21,86.6,89.6,88.16
"10923",331,2010,94.35,90.32,91.14,92.41
"10924",332,2010,85.68,83.48,85.28,84.76
"10925",333,2010,81.61,79.5,80.36,80.77
"10926",334,2010,84.07,81.71,82.04,81.56
"10927",335,2010,89.92,85.88,88.33,84.49
"10928",336,2010,89.3,83.03,84.84,84.47
"10929",337,2010,94.79,89.53,92.09,90.97
"10930",338,2010,90.65,90.09,92.54,92.76
"10931",339,2010,88.73,86.95,87.71,86.48
"10932",340,2010,89.81,86.08,87.22,87.81
"10933",341,2010,92.43,86.68,88.55,86.03
"10934",342,2010,86.5,83.05,82.9,84.51
"10935",343,2010,85.76,82.14,81.42,84.5
"10936",344,2010,84.87,81.54,80.35,82.83
"10937",345,2010,84.88,82.42,82.86,83.03
"10938",346,2010,85.51,82.78,82.04,83.44
"10939",347,2010,85.33,82.39,81.65,82.73
"10940",348,2010,80.97,76.86,76.07,80.16
"10941",349,2010,79.14,76.67,72.9,79.62
"10942",350,2010,86.07,81.07,80.91,82.31
"10943",351,2010,89.34,83.06,86.71,82.83
"10944",352,2010,83.97,77,79.17,77.49
"10945",353,2010,78.34,75.26,74.75,75.89
"10946",354,2010,76.61,73.36,73.31,76.12
"10947",355,2010,84.83,76.51,77.01,77.23
"10948",356,2010,89.55,81.69,80.99,82.97
"10949",357,2010,90.54,82.55,82.52,84.72
"10950",358,2010,88.7,83.16,83.41,85.06
"10951",359,2010,90.89,84.26,82.13,86.78
"10952",360,2010,92.77,87.79,86.87,89.96
"10953",361,2010,88.79,81.88,86.18,84.04
"10954",362,2010,88.44,80.78,79.96,82.85
"10955",363,2010,82.79,77.69,72,78.17
"10956",364,2010,76.1,74.61,66.37,75.97
"10957",365,2010,75.57,72.19,69.56,73.57
"10958",1,2011,75.27,68.88,70.01,69.16
"10959",2,2011,72.06,70.28,63.85,70.99
"10960",3,2011,74.48,70.14,63.11,73.11
"10961",4,2011,71.74,67.47,64.08,70.99
"10962",5,2011,77.37,68.91,69.44,68.89
"10963",6,2011,84.52,77.05,74,78.04
"10964",7,2011,90.45,85.1,86.43,87.7
"10965",8,2011,87.65,83.11,81.01,85.76
"10966",9,2011,93.41,86.01,86.24,88.31
"10967",10,2011,89.91,82.34,82.91,83.97
"10968",11,2011,86.67,76.19,73.44,80.01
"10969",12,2011,75.16,68.59,64.41,74.88
"10970",13,2011,73.78,68.78,65.04,70.89
"10971",14,2011,77.11,70.53,66.27,74.6
"10972",15,2011,78.5,68.08,65.28,73.25
"10973",16,2011,80.7,65.64,63.29,70.32
"10974",17,2011,76.11,63.34,62.32,68.54
"10975",18,2011,70.64,59.64,57.9,65.31
"10976",19,2011,70.1,59.26,58.87,64.83
"10977",20,2011,64.38,55.24,54.44,62.01
"10978",21,2011,57.92,51.19,50.75,57.69
"10979",22,2011,60.8,53.27,52.65,62.7
"10980",23,2011,63.64,55.91,54.9,60.77
"10981",24,2011,63.96,55.3,54.57,60.3
"10982",25,2011,62.26,52.71,53.26,56.56
"10983",26,2011,63.89,53.09,53.75,55.27
"10984",27,2011,66.71,53.73,53.96,55.93
"10985",28,2011,63.9,53.43,53.39,55.62
"10986",29,2011,64.18,56.24,56.3,57.99
"10987",30,2011,72.62,59,60.94,60.94
"10988",31,2011,82.04,62.67,68.08,62.09
"10989",32,2011,80.6,63.46,63.68,64.8
"10990",33,2011,73.34,56.65,55.02,58.3
"10991",34,2011,63.35,51.38,52.68,55.01
"10992",35,2011,56.7,47.74,47.99,50.17
"10993",36,2011,55.47,49.61,50.65,50.18
"10994",37,2011,59.75,50.35,51.01,51
"10995",38,2011,58.75,50.33,51.27,51.36
"10996",39,2011,65.18,51.79,55.93,53.04
"10997",40,2011,65.94,52.34,51.67,54
"10998",41,2011,74.56,55.44,59.41,56.68
"10999",42,2011,71.76,54.58,56.89,54.15
"11000",43,2011,80.63,63.47,63.76,60.89
"11001",44,2011,74.93,54.82,56.36,53.9
"11002",45,2011,80.44,57.84,62.94,55.36
"11003",46,2011,84.4,66.77,70.67,68.24
"11004",47,2011,86.66,66.61,66.93,71.69
"11005",48,2011,75.65,56.01,54.55,60.77
"11006",49,2011,67.48,52.24,53.3,55.66
"11007",50,2011,63.09,50.59,51.96,55.07
"11008",51,2011,64.17,48.68,51.82,49.02
"11009",52,2011,58.19,45.37,50.13,45.71
"11010",53,2011,64.15,50.32,56.05,50.34
"11011",54,2011,76.86,61.24,65.03,58.61
"11012",55,2011,78.94,65.65,67.72,62.57
"11013",56,2011,83.07,69.6,69.3,71.66
"11014",57,2011,86.94,76.73,71.34,79.69
"11015",58,2011,94.83,88.91,80.4,89.76
"11016",59,2011,87.82,83.16,76.8,86.21
"11017",60,2011,80.28,68.76,62.24,74.47
"11018",61,2011,74.85,64.31,56.82,69.37
"11019",62,2011,71.06,62.77,53.49,70.22
"11020",63,2011,68.84,58.92,52.63,66.16
"11021",64,2011,79.71,68.59,69.16,68.45
"11022",65,2011,82.85,73.67,69.1,78.47
"11023",66,2011,81.65,68.41,68.38,75.61
"11024",67,2011,87.43,67.79,75.53,71.11
"11025",68,2011,89.09,76.51,74.57,78.07
"11026",69,2011,92.97,79.58,77.16,84
"11027",70,2011,87.7,79.72,80.73,84.3
"11028",71,2011,76.61,64.86,65.99,73.54
"11029",72,2011,69.96,59.2,57.32,63.79
"11030",73,2011,66.82,56.49,54.74,62
"11031",74,2011,69.74,57.77,58.51,62.01
"11032",75,2011,78.49,64.08,67.55,63.91
"11033",76,2011,81.77,67.81,69.59,73.04
"11034",77,2011,84.47,72.95,65.35,79.66
"11035",78,2011,85.67,72.87,66.27,77.74
"11036",79,2011,78.35,63.18,58.17,68.51
"11037",80,2011,87.14,70.12,67.58,72.77
"11038",81,2011,88.62,75.02,73.82,78.86
"11039",82,2011,86.6,68.91,67.74,74.91
"11040",83,2011,87.7,70.95,66.23,76.56
"11041",84,2011,91.54,81.61,81.46,80.05
"11042",85,2011,92.59,87.37,81.05,87.42
"11043",86,2011,86.7,76.04,73.29,79.07
"11044",87,2011,84.16,68.01,64.45,69.79
"11045",88,2011,85.55,71.64,69.61,69.81
"11046",89,2011,85.35,74.33,67.22,74.18
"11047",90,2011,92.09,81.52,75.97,82.87
"11048",91,2011,88.57,78.33,73.68,80.52
"11049",92,2011,88.32,78.85,71.48,80.29
"11050",93,2011,88.44,81.32,72.78,82.14
"11051",94,2011,87.47,73.81,65.92,74.65
"11052",95,2011,82.77,63.01,55.85,64.5
"11053",96,2011,84.52,64.66,56.78,65.24
"11054",97,2011,92.02,81.13,76.84,79.53
"11055",98,2011,89.81,81.99,79.2,82.02
"11056",99,2011,90.57,82.51,78.07,81.83
"11057",100,2011,94.57,88.52,87.6,90.96
"11058",101,2011,91.91,88.53,93.85,90.62
"11059",102,2011,88.44,88.91,88.7,89.99
"11060",103,2011,86.08,83.1,85.21,85.54
"11061",104,2011,86.93,85.07,84.19,85.07
"11062",105,2011,92.66,85.97,90.06,84.99
"11063",106,2011,92.84,88.78,90.31,86.55
"11064",107,2011,95.86,92.94,91.72,94.31
"11065",108,2011,90.81,88.2,94.32,84.28
"11066",109,2011,91.83,86.97,86.73,87.68
"11067",110,2011,93.75,89.67,92.25,92.14
"11068",111,2011,88.87,84.45,90.07,85.3
"11069",112,2011,88.99,85.08,86.58,86.46
"11070",113,2011,92.85,90.04,90.29,91.61
"11071",114,2011,90.98,86.38,86.19,87.45
"11072",115,2011,91.88,86.68,86.69,88.21
"11073",116,2011,89.66,85.14,87.4,84.67
"11074",117,2011,92,88.59,91.71,88.81
"11075",118,2011,91.38,87.89,91.2,88.66
"11076",119,2011,88.81,84.15,85.71,88.22
"11077",120,2011,83.96,83.14,83.45,85.41
"11078",121,2011,90.65,88.6,91.21,87.62
"11079",122,2011,95.12,89.15,92.26,89.93
"11080",123,2011,94.02,91.62,92.55,93.32
"11081",124,2011,93.9,87.44,94.67,87.27
"11082",125,2011,91.18,87.56,92.74,82.69
"11083",126,2011,89.24,85.13,89.59,83.77
"11084",127,2011,92.5,89.1,89.12,92.11
"11085",128,2011,95.91,88.99,94.71,89.66
"11086",129,2011,91.34,85.48,92.11,83.99
"11087",130,2011,91.9,88.15,91.42,87.25
"11088",131,2011,91.46,87.56,88.84,87.88
"11089",132,2011,88.84,86.65,89.31,86.61
"11090",133,2011,92.25,88.72,89.97,88.94
"11091",134,2011,95.61,93.3,95.2,94.49
"11092",135,2011,89.02,87.51,91.37,87.62
"11093",136,2011,93.84,91.8,93.2,91.84
"11094",137,2011,93.94,89.82,92.85,88.91
"11095",138,2011,89.35,89.4,87.63,91.33
"11096",139,2011,93.49,89.2,89.54,92.8
"11097",140,2011,91.29,90.47,90.4,93.71
"11098",141,2011,90.06,87.67,90.46,88.52
"11099",142,2011,92.8,90.08,89.79,92.41
"11100",143,2011,88.94,86.15,88.19,86.32
"11101",144,2011,91.89,88.27,92.02,86.03
"11102",145,2011,90.01,87.5,87.88,86.98
"11103",146,2011,89.24,85.37,84.59,88.52
"11104",147,2011,92.08,86.33,90.82,87.43
"11105",148,2011,89.97,87.32,87.93,87.83
"11106",149,2011,90.14,86.96,90.52,84.48
"11107",150,2011,95.47,90.88,91.99,91.48
"11108",151,2011,92.61,88.31,93.34,83.99
"11109",152,2011,92.31,89.65,94.79,84.68
"11110",153,2011,90.68,88.03,90.63,84.25
"11111",154,2011,92.18,86.25,94.07,83.37
"11112",155,2011,95.58,91.39,93.31,91.03
"11113",156,2011,91.49,87.94,88.78,87.41
"11114",157,2011,83.58,83.02,82.32,82.33
"11115",158,2011,85.59,84.24,84.64,84.05
"11116",159,2011,90.7,87.36,88.12,89.84
"11117",160,2011,87.39,85,86.22,86.94
"11118",161,2011,89.47,86.58,88.88,87.77
"11119",162,2011,93,89.14,92.1,88.49
"11120",163,2011,90.54,87.39,91.92,85.97
"11121",164,2011,93.85,90.7,92.96,91.59
"11122",165,2011,90.41,87.88,88.99,87.4
"11123",166,2011,86.22,83.97,86.15,82.24
"11124",167,2011,89.28,86.11,87.94,85.05
"11125",168,2011,91.66,87.97,90,88.14
"11126",169,2011,95.88,92.35,93.3,93.73
"11127",170,2011,89.82,88.27,90.6,89.7
"11128",171,2011,86.98,86.63,86.99,86.16
"11129",172,2011,86.14,86.71,87.05,87
"11130",173,2011,88.79,88.35,87.34,88.52
"11131",174,2011,93.71,91.63,93.37,92.15
"11132",175,2011,94.67,93.09,95.06,93.19
"11133",176,2011,91.74,90.17,90.48,91.15
"11134",177,2011,91.37,87.69,88.21,87.4
"11135",178,2011,91.92,89.01,89.07,89.91
"11136",179,2011,87.81,87.98,87.7,87.62
"11137",180,2011,91.24,87.69,88.98,86.68
"11138",181,2011,89.57,88.77,89.42,88.76
"11139",182,2011,94.14,89.07,92.48,87.07
"11140",183,2011,86.21,85.12,84.72,85.05
"11141",184,2011,88.18,87.63,87.09,87.02
"11142",185,2011,88.92,87.42,89.36,85.76
"11143",186,2011,89.23,88.38,90.69,86.71
"11144",187,2011,94.94,93.08,91.29,94.45
"11145",188,2011,89.41,87.05,86.98,86.33
"11146",189,2011,89.12,85.99,88.74,87.19
"11147",190,2011,85.19,83.83,87.33,85.25
"11148",191,2011,91.32,88.03,90.56,88.17
"11149",192,2011,91.89,89.96,91.74,89.14
"11150",193,2011,93.88,90.21,92.27,90.97
"11151",194,2011,90.24,89.52,87.85,91.11
"11152",195,2011,89.33,88.22,91.79,87.64
"11153",196,2011,86.56,88.14,88.35,86.6
"11154",197,2011,88.72,85.11,89.12,82.73
"11155",198,2011,87.8,85.63,86.68,85.37
"11156",199,2011,93.25,90.53,90.54,91.74
"11157",200,2011,87.11,87.82,87.54,88.71
"11158",201,2011,92.23,89.37,88.73,90.65
"11159",202,2011,88.72,86.07,88.46,87.02
"11160",203,2011,93.68,88,90.86,89.08
"11161",204,2011,89.01,87.91,88.62,90.03
"11162",205,2011,92.03,89.32,92.66,86.89
"11163",206,2011,94.32,91.55,91.66,88.25
"11164",207,2011,88.16,84.83,85.66,83.26
"11165",208,2011,94.69,90.15,92.86,86.39
"11166",209,2011,88.5,86.07,88.63,82.65
"11167",210,2011,90.91,85.11,86.25,85.33
"11168",211,2011,92.51,88.55,88.81,90.66
"11169",212,2011,88.29,86.26,86.67,86.18
"11170",213,2011,83.09,80.17,80.79,81.01
"11171",214,2011,85.64,80.9,85.2,79.65
"11172",215,2011,88.37,84.24,85.91,84.75
"11173",216,2011,90.39,88.46,88.68,89.11
"11174",217,2011,87.69,84.31,88.88,83.83
"11175",218,2011,90.44,89.57,91.01,86.47
"11176",219,2011,86.81,85.11,84.22,86.49
"11177",220,2011,87,84.08,85.76,85.23
"11178",221,2011,88.74,86.39,87.89,88.42
"11179",222,2011,84.94,83.56,87.27,82.1
"11180",223,2011,91.02,86.46,89.41,85.49
"11181",224,2011,89.87,88.46,88.19,90.43
"11182",225,2011,87.93,86.18,89.2,85.85
"11183",226,2011,88.73,88.06,92.29,84.68
"11184",227,2011,90.7,87.54,90.13,88
"11185",228,2011,87.11,84.88,87.63,85.21
"11186",229,2011,85.17,84.67,82.79,84.97
"11187",230,2011,87.13,83.74,84.52,83.12
"11188",231,2011,90.13,85.85,87.88,85.94
"11189",232,2011,91.48,88.52,89.49,90.87
"11190",233,2011,88.12,83.9,87.96,83.86
"11191",234,2011,89.84,86.05,88.8,85.66
"11192",235,2011,87.86,85,87.87,82.62
"11193",236,2011,90.5,87.13,91.76,81.03
"11194",237,2011,84.03,81.47,86.4,79.44
"11195",238,2011,88.54,83.89,87.4,85.82
"11196",239,2011,86.02,82.85,84.86,85.78
"11197",240,2011,90.71,86.7,89.87,87.41
"11198",241,2011,86.52,84.44,87.15,86.34
"11199",242,2011,85.53,81.93,84.09,81.83
"11200",243,2011,87.19,85.18,86.97,84.58
"11201",244,2011,89.65,89.02,89.77,88.66
"11202",245,2011,86.57,83.97,90.14,81.85
"11203",246,2011,87.11,84.04,86.69,82.17
"11204",247,2011,83.97,81.22,82.95,80.69
"11205",248,2011,84.87,80.46,85.3,79.29
"11206",249,2011,91.8,85.78,86.55,86.81
"11207",250,2011,90.79,87.72,88.24,88.17
"11208",251,2011,90.15,86.65,90.89,86.66
"11209",252,2011,86.69,85.24,84.83,86.08
"11210",253,2011,83.38,82.99,84.47,82.68
"11211",254,2011,90.93,87.54,88.61,88.57
"11212",255,2011,91.05,87.94,91.84,85.83
"11213",256,2011,85.61,83.89,84.18,81.41
"11214",257,2011,87.6,82.61,84.39,83.45
"11215",258,2011,85.98,83.09,84.31,83.1
"11216",259,2011,87.92,86.19,87.7,87.5
"11217",260,2011,87.82,86.37,85.61,86.8
"11218",261,2011,90.13,86.37,87.02,87.33
"11219",262,2011,89.09,86.8,86.5,86.61
"11220",263,2011,89.48,85.99,89.13,85.22
"11221",264,2011,93.52,89.85,91.22,90.89
"11222",265,2011,87.28,84.97,88.76,85.76
"11223",266,2011,85.35,82.04,83.71,83.26
"11224",267,2011,90.75,84.15,86.93,85.53
"11225",268,2011,91.38,89.05,91.17,89.1
"11226",269,2011,88.73,84.73,88.34,84.65
"11227",270,2011,86.44,83.36,83.41,83.09
"11228",271,2011,91.1,87.7,88.53,87.76
"11229",272,2011,86.41,83.55,83.62,82.98
"11230",273,2011,86.45,83.14,82.67,81.89
"11231",274,2011,86.14,83.85,83.41,84.86
"11232",275,2011,87.81,82.7,85.23,84.11
"11233",276,2011,90.52,85.48,86.79,85.88
"11234",277,2011,92.69,88.98,89.92,89.59
"11235",278,2011,86.72,85.51,85.09,85.3
"11236",279,2011,90.54,87.31,89.62,87.45
"11237",280,2011,93.72,90.17,90.08,88.74
"11238",281,2011,87.34,86.22,87.7,86.9
"11239",282,2011,86.45,85.19,87.64,85.21
"11240",283,2011,87.23,83.91,87.18,82.55
"11241",284,2011,89.81,86.4,85.16,86.4
"11242",285,2011,89.77,88.54,87.25,89.59
"11243",286,2011,85.54,83.4,85.73,83.79
"11244",287,2011,83.81,79.78,81.33,80.08
"11245",288,2011,88.93,85.76,89.07,86.31
"11246",289,2011,87.04,84.69,86.39,84.22
"11247",290,2011,85.21,81.06,85.32,80.4
"11248",291,2011,92.47,88.58,91.97,88.35
"11249",292,2011,88.38,86.75,90.63,86.18
"11250",293,2011,88.26,85.71,85.54,88.44
"11251",294,2011,89.26,86.18,84.64,88.48
"11252",295,2011,84.78,81.05,80.8,83.13
"11253",296,2011,84.41,79.78,78.77,82.93
"11254",297,2011,90.19,84.64,84.31,87.44
"11255",298,2011,88.45,84.76,86.94,85.86
"11256",299,2011,84.52,83.5,85.29,83.5
"11257",300,2011,88.76,86.27,87.2,86.1
"11258",301,2011,95.85,94.24,93.57,93.6
"11259",302,2011,91.02,90.35,90.21,90.94
"11260",303,2011,84.27,83.52,85.12,83.65
"11261",304,2011,82.17,79.12,81.97,79
"11262",305,2011,88.84,83.05,86.22,83.59
"11263",306,2011,89.7,86.84,88.11,87.11
"11264",307,2011,87.64,83.87,84.88,85.97
"11265",308,2011,88.56,88.16,87.32,88.53
"11266",309,2011,86.29,85.91,86.36,86.11
"11267",310,2011,86.89,86.15,85.93,86.14
"11268",311,2011,90.14,85.79,87.95,85.45
"11269",312,2011,91.92,87.6,88.6,86.6
"11270",313,2011,90.94,89.05,89.38,91.04
"11271",314,2011,86.76,86.1,86.05,87.08
"11272",315,2011,89.03,87.21,87.55,86.99
"11273",316,2011,93.96,91.92,91.23,93.72
"11274",317,2011,94.2,92.15,93.17,92.37
"11275",318,2011,87.19,85.34,86.03,85.93
"11276",319,2011,86.7,83.71,83.7,84.61
"11277",320,2011,88.65,83.19,85.42,84.96
"11278",321,2011,93.41,88.92,89.62,89.95
"11279",322,2011,92.1,90.47,88.94,91.41
"11280",323,2011,88.23,87.1,86.13,86.46
"11281",324,2011,92.29,87.54,86.91,88.97
"11282",325,2011,93.49,89.48,92.93,89.89
"11283",326,2011,84.67,84.37,84.21,86.23
"11284",327,2011,84.79,82.93,82.63,84.33
"11285",328,2011,92.38,87.92,90.07,88.42
"11286",329,2011,89.06,86.79,88.31,87.44
"11287",330,2011,85.94,84.36,85.62,84.71
"11288",331,2011,84.33,80.4,83.51,81.4
"11289",332,2011,89.78,85.18,87.06,83.92
"11290",333,2011,92.75,88.4,91.31,89.24
"11291",334,2011,89.5,87.36,87.57,90.33
"11292",335,2011,87.72,85,84.03,86.79
"11293",336,2011,88.81,85.26,84.66,85.51
"11294",337,2011,92.36,88.31,89.18,88.16
"11295",338,2011,90.58,87.02,87.34,87.14
"11296",339,2011,85.78,83.83,84.93,84.89
"11297",340,2011,88.79,84.94,88.64,83.95
"11298",341,2011,92.32,92.66,91.76,93.55
"11299",342,2011,86.16,86.06,86.12,85.3
"11300",343,2011,84.92,83.85,83.79,83.57
"11301",344,2011,85.92,81.67,83.24,82.49
"11302",345,2011,91.39,87.47,86.17,86.59
"11303",346,2011,89.57,87.27,85.98,87.05
"11304",347,2011,86.81,80.97,82.38,80.36
"11305",348,2011,86.77,80.07,82.67,81.15
"11306",349,2011,88.46,83.35,86,84.45
"11307",350,2011,87.52,83.13,83.81,83.83
"11308",351,2011,88.25,82.03,81.46,83.11
"11309",352,2011,87.04,80.71,80.65,81.13
"11310",353,2011,86.29,78.28,80.1,76.94
"11311",354,2011,82.26,73.6,73.45,75.79
"11312",355,2011,78.56,74.04,74.2,71.56
"11313",356,2011,82.03,78.33,76.86,78.74
"11314",357,2011,84.81,80.31,78.77,79.62
"11315",358,2011,85.8,76.87,74.64,77.17
"11316",359,2011,83.15,73.89,73.1,74.15
"11317",360,2011,78.1,69.53,68.63,69.73
"11318",361,2011,86.61,78.3,78.76,76.28
"11319",362,2011,90.05,85.27,84.22,85.05
"11320",363,2011,87.54,79.22,79.31,80.15
"11321",364,2011,84.38,75.2,72.28,74.28
"11322",365,2011,80.12,73.49,69.47,75.41
"11323",1,2012,77.39,71.42,67.09,73.38
"11324",2,2012,75.37,68.9,67.08,70.52
"11325",3,2012,75.42,67.64,67.05,70.21
"11326",4,2012,79.88,69.98,68.13,74.77
"11327",5,2012,87.42,75.26,73.04,78.57
"11328",6,2012,81.88,70.76,69.12,75.3
"11329",7,2012,83.23,68.65,68.89,72.44
"11330",8,2012,76.21,63.58,62.56,67.25
"11331",9,2012,84.71,67.55,71.12,67.01
"11332",10,2012,86.71,73.68,77.97,72.76
"11333",11,2012,81.38,69.77,70.37,70.86
"11334",12,2012,79.2,66.78,66.86,68.56
"11335",13,2012,74.44,62.48,62.48,63.02
"11336",14,2012,71.16,58.04,60.66,58.63
"11337",15,2012,75.18,61.18,61.12,61.17
"11338",16,2012,76.04,63.96,64.22,64.06
"11339",17,2012,75.78,61.86,63,62.21
"11340",18,2012,66.9,57.74,58.41,60.04
"11341",19,2012,67.44,57.49,57.63,58.69
"11342",20,2012,60.96,50.36,51.77,52.73
"11343",21,2012,60.85,50.13,52.24,50.43
"11344",22,2012,64.93,56.53,58.9,55.01
"11345",23,2012,68.65,59.3,59.91,58.37
"11346",24,2012,71.43,60.4,62.82,61.26
"11347",25,2012,72.57,61.29,60.69,64.49
"11348",26,2012,67.37,57.67,59.15,61.35
"11349",27,2012,68.41,55.67,58.96,55.24
"11350",28,2012,72.32,58.26,60.81,57.94
"11351",29,2012,68.77,60.59,62.47,62.52
"11352",30,2012,67.86,57.46,62.88,58.89
"11353",31,2012,65.07,55.28,61.2,54.89
"11354",32,2012,61.12,53.96,57.31,54.68
"11355",33,2012,60.75,52.69,55.45,53.76
"11356",34,2012,58.3,49.22,51.4,51.45
"11357",35,2012,63.8,54.78,58.54,52.55
"11358",36,2012,85.58,72.89,75.54,72.15
"11359",37,2012,91.33,82.1,83.74,85.01
"11360",38,2012,88.62,80.92,81.43,79.71
"11361",39,2012,92.51,84.82,81.22,86.41
"11362",40,2012,85.75,78.57,73.98,79.89
"11363",41,2012,80.31,68.4,65.07,71.71
"11364",42,2012,78.53,63.99,64.86,66.44
"11365",43,2012,72.21,60.02,55.84,63.33
"11366",44,2012,69.8,59.25,56.3,62.92
"11367",45,2012,65.22,55.4,53.62,58.31
"11368",46,2012,60.91,51.48,51.64,54.01
"11369",47,2012,64.55,52.97,52.78,53.27
"11370",48,2012,72.7,54.04,56.96,56.08
"11371",49,2012,75.12,57.08,56.72,58.1
"11372",50,2012,69.54,51.25,51.99,53.98
"11373",51,2012,66.84,49.28,52.06,51.09
"11374",52,2012,67.85,49.44,51.99,52.75
"11375",53,2012,70.72,48.87,52.94,49.57
"11376",54,2012,65.19,47.42,47.9,48.03
"11377",55,2012,71.22,54.54,53.5,54.67
"11378",56,2012,87.49,70.84,69.2,69.7
"11379",57,2012,72.39,56,55.01,54.73
"11380",58,2012,62.25,53.01,52.85,51.98
"11381",59,2012,64.58,53.04,52.39,53.06
"11382",60,2012,69.09,52.16,51.97,52.64
"11383",61,2012,76.48,53.44,57.61,50.85
"11384",62,2012,85.24,70.38,74.11,64.42
"11385",63,2012,91.47,79.4,73.59,75.81
"11386",64,2012,87.91,75.77,73.25,77.33
"11387",65,2012,85.21,67.79,64.34,70.16
"11388",66,2012,79.77,58.66,55.89,62.84
"11389",67,2012,74.32,54.25,50.99,60.79
"11390",68,2012,71.95,51.16,47.83,55.06
"11391",69,2012,82.59,65.71,69.49,60.84
"11392",70,2012,87.63,78.54,83.15,76.14
"11393",71,2012,88.74,76.11,82.57,73.11
"11394",72,2012,93.85,86.1,88.7,86.4
"11395",73,2012,89.88,82.97,82.77,84.48
"11396",74,2012,88.58,74,75.27,75.37
"11397",75,2012,82.59,67.69,67.66,68.49
"11398",76,2012,87.65,68.51,71,69.82
"11399",77,2012,88.94,74.94,80.97,74.82
"11400",78,2012,88.06,76.86,78.18,74.57
"11401",79,2012,85.95,74.9,77.59,71.27
"11402",80,2012,87.99,76.73,82.07,72.28
"11403",81,2012,87.12,73.61,81.04,67.45
"11404",82,2012,87.35,74.35,80.42,68.34
"11405",83,2012,88.19,81.44,84.56,75.15
"11406",84,2012,87.83,80.32,81.22,76.27
"11407",85,2012,92.93,86.64,90.49,83.96
"11408",86,2012,91.27,85.15,88.48,83.39
"11409",87,2012,92.47,84.83,88.68,84.3
"11410",88,2012,92.08,87.48,89.13,87.89
"11411",89,2012,94.11,89.33,92.72,89.38
"11412",90,2012,90.45,87.73,89.33,86.06
"11413",91,2012,92.39,87.61,90.32,88.78
"11414",92,2012,87.93,83.31,85.73,83.48
"11415",93,2012,87.88,84.61,83.62,85.09
"11416",94,2012,88.92,84.06,84.53,85.25
"11417",95,2012,91.18,86.1,89.99,85.67
"11418",96,2012,91.24,87.43,90.73,85.3
"11419",97,2012,94.02,89.18,91.21,87.02
"11420",98,2012,94.08,90.75,91.68,91.78
"11421",99,2012,89.85,87.61,89.92,87.19
"11422",100,2012,91.33,89.48,87.55,89.75
"11423",101,2012,92.14,87.06,88.75,89.93
"11424",102,2012,92.37,88.01,91.49,88.85
"11425",103,2012,95.03,91.94,93.03,93.86
"11426",104,2012,92.68,88.29,92.69,90.08
"11427",105,2012,86.67,84.44,87.77,89.01
"11428",106,2012,87.59,86.68,85.54,89.73
"11429",107,2012,92.87,86.82,88.61,89.69
"11430",108,2012,86.95,83.97,87.5,82.31
"11431",109,2012,91.74,89.04,89.45,89.82
"11432",110,2012,92.81,89.62,92.94,90.95
"11433",111,2012,88.49,85,85.87,86.19
"11434",112,2012,93.91,91.87,90.38,91.38
"11435",113,2012,86.85,85.13,88.6,88.43
"11436",114,2012,88.47,84.69,87.2,86.03
"11437",115,2012,88.22,86.55,89.49,83.95
"11438",116,2012,86.12,85.68,86.73,85.15
"11439",117,2012,88.76,87.75,87.16,87.06
"11440",118,2012,89.28,84.37,86.21,85.44
"11441",119,2012,93.21,84.36,86.78,85.78
"11442",120,2012,92.92,89.39,91.29,90.88
"11443",121,2012,91.77,86.3,86.94,89.88
"11444",122,2012,96.45,93.09,91.97,94.54
"11445",123,2012,92.82,89.1,90.01,88.31
"11446",124,2012,93.64,87.62,93.5,86.23
"11447",125,2012,89.05,86.87,88.58,86.08
"11448",126,2012,91.6,86,90,84.04
"11449",127,2012,90.74,85.95,90.49,84.87
"11450",128,2012,90.33,87.13,88.58,86.85
"11451",129,2012,92.56,88.31,91.51,85.67
"11452",130,2012,91.92,86.73,89.76,87.73
"11453",131,2012,86.76,84.58,86.06,85.22
"11454",132,2012,90.5,87.73,87.55,88.92
"11455",133,2012,95.02,94.52,95.19,95.68
"11456",134,2012,90.5,88.25,86.94,89.42
"11457",135,2012,84.38,81.71,81.02,80.59
"11458",136,2012,93.77,84.81,86.86,83.2
"11459",137,2012,93.45,89.38,88.89,90.91
"11460",138,2012,88.28,88.2,88.25,88.91
"11461",139,2012,91.76,86.89,89.41,86.86
"11462",140,2012,94.13,92.08,91.06,93.09
"11463",141,2012,87.55,85.12,87.17,86.2
"11464",142,2012,90.2,84.46,86.81,85.11
"11465",143,2012,92.69,89.32,92.02,89.64
"11466",144,2012,92.69,90.41,93.08,90.29
"11467",145,2012,90.32,90.26,90.37,90.94
"11468",146,2012,89.06,88.42,88.42,86.19
"11469",147,2012,86.55,87.47,89.33,85.05
"11470",148,2012,86.09,84.86,87.98,84.05
"11471",149,2012,92.73,87.09,88.68,88.49
"11472",150,2012,91.54,88.37,89.99,88.95
"11473",151,2012,87.81,85.29,88.97,82.97
"11474",152,2012,91.57,88.49,90.61,87.74
"11475",153,2012,89.61,87.46,88.9,87.18
"11476",154,2012,93.53,89.86,91.5,91.07
"11477",155,2012,90.68,87.62,88.31,89.13
"11478",156,2012,87.43,83.41,84.67,83.01
"11479",157,2012,84.71,82.78,85.61,81.4
"11480",158,2012,88.5,86.1,88.14,84.53
"11481",159,2012,93.14,89.49,91.04,90.68
"11482",160,2012,95.02,93.96,94.6,92.69
"11483",161,2012,93.92,89.76,93.57,87.79
"11484",162,2012,92.54,88.76,90.5,91.86
"11485",163,2012,92.28,88.87,92.01,85.67
"11486",164,2012,89.96,85.78,88.63,84.63
"11487",165,2012,92.62,89.59,94.41,88.84
"11488",166,2012,90.11,86.76,92.17,87.16
"11489",167,2012,86.11,83.84,85.72,84.18
"11490",168,2012,88.05,87.02,88.83,86.69
"11491",169,2012,92.08,89.69,91.24,90.44
"11492",170,2012,87.62,84.19,85.24,84.96
"11493",171,2012,84.02,82.52,83.14,84.24
"11494",172,2012,88.88,86.85,88.44,86.89
"11495",173,2012,87.28,87.46,87.03,86.3
"11496",174,2012,84.05,84.23,86.3,83.59
"11497",175,2012,89.37,86.21,88.25,85.96
"11498",176,2012,90.88,88,90.84,87.56
"11499",177,2012,91.7,88.32,91.2,87.65
"11500",178,2012,86.95,83.82,91.42,83.95
"11501",179,2012,94.55,91.73,93.15,90.9
"11502",180,2012,88.54,85.67,85.78,87.99
"11503",181,2012,88.63,83.86,84.85,84.93
"11504",182,2012,92.38,87.92,89.18,88.2
"11505",183,2012,89.51,88.39,90.88,89.57
"11506",184,2012,88.27,84.81,88.91,85.62
"11507",185,2012,84.39,85.71,87.79,88.88
"11508",186,2012,91.11,87.43,89.03,90.6
"11509",187,2012,86.38,84.42,84.92,84.92
"11510",188,2012,91.23,86.84,89.13,90.84
"11511",189,2012,92.88,90.65,89.45,92.81
"11512",190,2012,90.37,86.71,87.55,86.59
"11513",191,2012,90.46,87.33,89.51,87.15
"11514",192,2012,95.08,90.93,92.32,90.09
"11515",193,2012,95.45,94.62,92.55,95.51
"11516",194,2012,94.56,92.49,94.69,89.63
"11517",195,2012,89.48,86.86,88.88,86.29
"11518",196,2012,91.2,87.63,88.86,90.24
"11519",197,2012,95.84,90.44,89.16,90.99
"11520",198,2012,89.87,86.65,88.68,86.66
"11521",199,2012,89.24,85.96,86.86,87.49
"11522",200,2012,90.82,88.81,91.15,89.79
"11523",201,2012,95.86,93.65,95.52,91.85
"11524",202,2012,92.13,85.99,89.56,84.43
"11525",203,2012,85.26,82.85,86.11,80.71
"11526",204,2012,85.91,81.31,82.28,84.58
"11527",205,2012,91.05,87.1,91.65,87.83
"11528",206,2012,87.7,87.62,88.18,86.56
"11529",207,2012,85.36,84.22,89.71,83.11
"11530",208,2012,88.22,86.92,89.95,84.64
"11531",209,2012,93.28,90.65,93.15,91.28
"11532",210,2012,91.68,88.88,90.82,89.36
"11533",211,2012,92.34,88.28,89.2,90.57
"11534",212,2012,94.84,88.61,92.4,91.88
"11535",213,2012,91.78,89.11,92.96,88.12
"11536",214,2012,91.17,86,89.52,82.71
"11537",215,2012,87.32,83.47,89.94,78.64
"11538",216,2012,89.81,88.05,91.98,80.06
"11539",217,2012,87.22,85.21,86.01,82.98
"11540",218,2012,93.6,89.98,90.06,89.48
"11541",219,2012,95.94,92.24,92.5,91.79
"11542",220,2012,84.7,82.66,82.78,83.83
"11543",221,2012,77.83,78.55,78.2,79.06
"11544",222,2012,76.81,74.97,78.06,76.4
"11545",223,2012,86.01,82.44,84.49,83.18
"11546",224,2012,81.08,77.9,81.76,78.48
"11547",225,2012,90.64,87.82,92,82.34
"11548",226,2012,89.74,86.68,88.77,87.62
"11549",227,2012,94.18,92.52,92.78,90.68
"11550",228,2012,85.33,84.65,83.72,83.4
"11551",229,2012,89.89,82.79,84.91,84.73
"11552",230,2012,96.08,91.99,93.47,93.93
"11553",231,2012,91.05,90.35,94.73,87.32
"11554",232,2012,86.56,84.6,85.97,86.11
"11555",233,2012,88.32,82.38,82.91,88.54
"11556",234,2012,89.42,86.32,89.85,88.39
"11557",235,2012,87.87,86.2,86.21,84.14
"11558",236,2012,87.06,84.8,84.92,81.63
"11559",237,2012,86.49,83.3,86.87,81.75
"11560",238,2012,90.03,85.9,86.41,86.74
"11561",239,2012,93.19,89.43,91.87,85.32
"11562",240,2012,92.53,88.21,91.5,83.4
"11563",241,2012,88.79,84.18,88.05,82.49
"11564",242,2012,88.1,83.83,86.97,81.5
"11565",243,2012,90.38,87.51,88.37,83.69
"11566",244,2012,92.73,86.79,87.8,83.45
"11567",245,2012,87.13,82.88,85.47,79.78
"11568",246,2012,85.97,82.82,83.37,81.23
"11569",247,2012,89.74,85.18,89.63,81.73
"11570",248,2012,88.81,82.84,91.4,77.82
"11571",249,2012,91.49,87.96,93.09,86.5
"11572",250,2012,88.06,84.87,85.72,85.55
"11573",251,2012,85.01,82.13,80.74,82.64
"11574",252,2012,87.54,85.78,84.61,86.58
"11575",253,2012,90.64,87.26,86.75,89.08
"11576",254,2012,88.71,86.35,90.26,86.08
"11577",255,2012,87.67,88.26,87.82,89.9
"11578",256,2012,88.32,85.42,86.4,84.48
"11579",257,2012,89.48,87.9,87.25,88.93
"11580",258,2012,85.01,82.37,84.05,81.53
"11581",259,2012,89.56,85.17,87.76,82.97
"11582",260,2012,85.24,83.43,85,81.97
"11583",261,2012,89.77,85.38,85.54,84.26
"11584",262,2012,86.5,84.59,83.7,85.57
"11585",263,2012,84.79,84.49,86.57,83.76
"11586",264,2012,82.81,80.87,81.09,79.2
"11587",265,2012,89.09,85.14,86.68,86
"11588",266,2012,87.87,86.88,88.79,85.52
"11589",267,2012,89.31,85.23,86.67,83.31
"11590",268,2012,93.15,89.6,89.89,88.68
"11591",269,2012,88.14,85.86,86.66,85.73
"11592",270,2012,85.71,82.91,85.97,81.32
"11593",271,2012,92.47,88.34,91.45,89.96
"11594",272,2012,86.62,83.32,85.7,81.53
"11595",273,2012,87.11,83.31,84.33,84.5
"11596",274,2012,90.93,86.79,88.52,86.75
"11597",275,2012,88.99,85.61,86.88,86.75
"11598",276,2012,87.94,84.28,84.47,86.15
"11599",277,2012,86.58,83.09,84.39,83.22
"11600",278,2012,89.49,84.25,86.61,83.11
"11601",279,2012,88.38,84.65,86.23,86.88
"11602",280,2012,88.53,88.01,86.8,89.23
"11603",281,2012,88.89,88.09,89.22,89.07
"11604",282,2012,91.74,89.61,90.38,89.62
"11605",283,2012,86.6,85.55,88.96,84.99
"11606",284,2012,83.92,81.4,86.64,79.48
"11607",285,2012,83.89,81.56,81.55,83.35
"11608",286,2012,89.86,86.62,88.76,86.02
"11609",287,2012,86.63,84.21,86.56,85.12
"11610",288,2012,86.99,84.78,85.67,84.52
"11611",289,2012,86.3,84.55,86.42,84.08
"11612",290,2012,89.82,87.65,88.29,90.25
"11613",291,2012,87.79,85.58,85.64,87.7
"11614",292,2012,91.94,85.61,87.15,89.35
"11615",293,2012,91.87,88.75,88.7,88.91
"11616",294,2012,90.86,88.73,86.77,90.73
"11617",295,2012,89.39,87,89.51,88.01
"11618",296,2012,86.83,85.49,88.56,84.43
"11619",297,2012,85.06,82.7,84.68,84
"11620",298,2012,84.83,81.54,85.19,82.1
"11621",299,2012,85.43,82.6,86.79,83.85
"11622",300,2012,91.08,87.09,91.23,87.01
"11623",301,2012,85.32,83.65,85.71,83.07
"11624",302,2012,86.58,82.53,86.07,80.67
"11625",303,2012,87.79,85.59,86.65,84.68
"11626",304,2012,90.52,87.25,87.63,86.66
"11627",305,2012,90.02,85.65,88.96,83.23
"11628",306,2012,89.26,84.68,87.71,85.24
"11629",307,2012,87.79,83.53,86.05,83.58
"11630",308,2012,87,83.24,84.5,83.72
"11631",309,2012,87.09,84.21,84.57,84.59
"11632",310,2012,92.14,88.43,90.49,88.5
"11633",311,2012,87.55,85.05,85.65,84.33
"11634",312,2012,86.06,81.86,82.36,83.59
"11635",313,2012,89.03,82.75,84.77,83.52
"11636",314,2012,84.42,81.58,83.05,82.89
"11637",315,2012,81.25,77.26,80.4,79.69
"11638",316,2012,83.71,81.22,81.29,81.33
"11639",317,2012,91.75,84.11,85.7,84.4
"11640",318,2012,93.64,91,92.89,91.04
"11641",319,2012,91.22,88.84,90.59,87.7
"11642",320,2012,91.56,87.47,88.23,87.58
"11643",321,2012,90.88,86.01,86.87,86.25
"11644",322,2012,89.81,82.82,86.17,85.48
"11645",323,2012,88.2,81.97,85.02,83.69
"11646",324,2012,85.25,78.18,79.57,79.12
"11647",325,2012,81.2,75.57,76.85,76.54
"11648",326,2012,80.79,75.13,77.81,76.21
"11649",327,2012,83.27,78.01,78.7,79.41
"11650",328,2012,81.54,76.53,76.69,79.51
"11651",329,2012,77.73,73.01,72.76,75.95
"11652",330,2012,80.05,76.31,77.92,77.28
"11653",331,2012,87.85,82.78,80.64,78.3
"11654",332,2012,88.38,80.3,79.45,78.57
"11655",333,2012,81.33,74.51,73.03,74.05
"11656",334,2012,77.9,74.43,72.07,72.27
"11657",335,2012,77.67,73.32,74.54,71.69
"11658",336,2012,74.45,70.42,70.01,68.69
"11659",337,2012,77.42,72.09,74.23,71.33
"11660",338,2012,77.85,70.83,75.33,70.25
"11661",339,2012,74.58,66.98,71.86,65.05
"11662",340,2012,77.7,71.39,73.76,69.33
"11663",341,2012,84.88,75.18,78.15,74.37
"11664",342,2012,81.41,73.13,76.27,72.37
"11665",343,2012,79.51,68.16,71.32,69.2
"11666",344,2012,82.35,71.95,74.55,72.01
"11667",345,2012,82.54,71.08,72.16,71.43
"11668",346,2012,85.02,75.07,74.39,74.03
"11669",347,2012,80.19,70.49,69,71.71
"11670",348,2012,77.85,69.45,66.35,70.5
"11671",349,2012,80.86,69.63,68.31,71.64
"11672",350,2012,81.73,69.9,70.01,70.91
"11673",351,2012,76.19,63.25,66.45,64.63
"11674",352,2012,73.8,63.95,66.82,65.14
"11675",353,2012,74.48,64.13,66.52,63.7
"11676",354,2012,81.2,72.18,68.21,69.82
"11677",355,2012,79.43,70.06,68.48,68.95
"11678",356,2012,76.81,67.8,66.64,66.38
"11679",357,2012,84.47,72.61,74.4,69.55
"11680",358,2012,94.78,89.53,89.9,89.97
"11681",359,2012,90.62,85.68,87.72,85.03
"11682",360,2012,90.35,85.41,87.99,83.5
"11683",361,2012,87.95,83.45,82.16,82.81
"11684",362,2012,84.95,75.03,74.11,76.61
"11685",363,2012,80.13,71.46,71.18,70.13
"11686",364,2012,82.06,71.69,70.55,70.82
"11687",365,2012,79.93,71.27,69.1,68.27
"11688",366,2012,77.03,68.13,65.6,69.11
"11689",1,2013,76.22,67.74,62.88,68.26
"11690",2,2013,76.04,65.78,63.57,66.37
"11691",3,2013,70.78,59.08,56.02,62.01
"11692",4,2013,69.66,55.11,56.02,58.78
"11693",5,2013,67.76,55.91,55.04,58.82
"11694",6,2013,64.97,54.6,54.96,55.83
"11695",7,2013,65.44,56.95,56.97,57.07
"11696",8,2013,63.57,55.36,55.52,55.48
"11697",9,2013,64.31,55.21,54.83,56.52
"11698",10,2013,60.16,51.73,51.42,54.04
"11699",11,2013,55.06,49.22,49.9,52.77
"11700",12,2013,53.5,50.37,49.33,50.94
"11701",13,2013,54.8,50.49,50.72,52.05
"11702",14,2013,57.61,53.59,53.59,55.71
"11703",15,2013,57.12,51.75,53.48,53.49
"11704",16,2013,57.87,51.81,54.36,51.64
"11705",17,2013,60.5,53.24,56.07,52.32
"11706",18,2013,68.87,56.24,60.64,56.12
"11707",19,2013,68.45,56.27,59.31,58.27
"11708",20,2013,63.84,50.59,54.32,55.51
"11709",21,2013,64.19,51.76,54.09,55.37
"11710",22,2013,66.09,53.57,55.11,55.47
"11711",23,2013,73.97,55.45,58.44,56.06
"11712",24,2013,71.61,55.24,58.02,56.46
"11713",25,2013,58.51,47.55,47.44,49.58
"11714",26,2013,51.43,48.58,46.11,49.66
"11715",27,2013,51.22,46.72,44.64,50.32
"11716",28,2013,52.7,49.11,47.1,49.51
"11717",29,2013,56.79,52.2,50.42,52.9
"11718",30,2013,59.4,52.06,51.1,53.66
"11719",31,2013,64.02,53.71,52.81,54.01
"11720",32,2013,61.82,53.52,50.83,55
"11721",33,2013,55.93,51.16,51.72,51.68
"11722",34,2013,58.38,48.37,50.49,48.4
"11723",35,2013,62.43,49.1,51.06,48.71
"11724",36,2013,58.17,49.07,48.05,50.67
"11725",37,2013,70.89,54.68,57.29,51.62
"11726",38,2013,80.58,72.62,73.57,66.13
"11727",39,2013,81.85,67.16,70.82,66.48
"11728",40,2013,79.98,61.23,63.15,61.59
"11729",41,2013,70.72,56.04,56.21,54.7
"11730",42,2013,69.77,55.93,59.81,53.48
"11731",43,2013,66.98,52.59,56.17,51.64
"11732",44,2013,60.58,46.78,50.69,47.38
"11733",45,2013,61.67,48.71,52.63,46.55
"11734",46,2013,75.1,55.26,59.14,55.71
"11735",47,2013,83.07,63.39,68.79,60.72
"11736",48,2013,85.62,65.31,66.26,64.09
"11737",49,2013,80.87,60.28,61.75,61.65
"11738",50,2013,77.87,55.33,56.19,56.2
"11739",51,2013,80.73,55.07,58.84,56.64
"11740",52,2013,83.17,56.04,59.57,56.05
"11741",53,2013,77.55,52.24,58.29,51.55
"11742",54,2013,82.28,60.04,62.88,57.56
"11743",55,2013,85.15,68.68,70.28,67.18
"11744",56,2013,78.96,60.94,63.42,59.21
"11745",57,2013,82.03,58.18,61.29,56.42
"11746",58,2013,88.29,63.1,69.33,59.25
"11747",59,2013,91.68,79.55,79.33,81.88
"11748",60,2013,86.9,76.45,75.2,77.93
"11749",61,2013,82.31,68.78,69.01,70.87
"11750",62,2013,82.38,71.17,68.06,71.79
"11751",63,2013,91.96,83.32,79.21,84.98
"11752",64,2013,87.77,80.1,80.82,80.44
"11753",65,2013,89.89,81.07,79.38,84.73
"11754",66,2013,87,78.92,73.89,81.74
"11755",67,2013,84.33,76.38,76.92,78.42
"11756",68,2013,86.89,77.12,78.02,78.85
"11757",69,2013,85.94,76.52,76.4,80.48
"11758",70,2013,85.64,74.53,72.98,78.11
"11759",71,2013,91.42,78.77,80.67,85.56
"11760",72,2013,88.72,76.65,74.54,81.18
"11761",73,2013,84.43,65.68,64.31,72.63
"11762",74,2013,86.69,73.56,71.87,76.44
"11763",75,2013,89.64,78.89,74.61,80.57
"11764",76,2013,92.94,81.79,81.77,83.5
"11765",77,2013,92.75,85.55,84.18,86.41
"11766",78,2013,88.3,78.9,76.85,82.76
"11767",79,2013,83.65,73.26,68.91,78.95
"11768",80,2013,84.47,67.48,64.95,73.14
"11769",81,2013,87.45,73.35,76.45,76.6
"11770",82,2013,95.18,88.66,89.37,87.92
"11771",83,2013,87.51,83.02,83.06,82.51
"11772",84,2013,80.65,73.85,72.13,77.24
"11773",85,2013,74.87,64.09,62.8,69.98
"11774",86,2013,80.61,72.06,74.09,73.02
"11775",87,2013,88.24,81.95,77.51,83.02
"11776",88,2013,89.84,87.16,87.38,83.23
"11777",89,2013,90.74,86.16,85.88,87.27
"11778",90,2013,88.79,82.73,79.56,85.75
"11779",91,2013,85.88,75.85,75.1,78.52
"11780",92,2013,83.31,75.58,73.08,77.47
"11781",93,2013,86.93,76.51,73.47,80.9
"11782",94,2013,87.97,79.73,77.56,80.79
"11783",95,2013,86.02,79.68,77.48,79.4
"11784",96,2013,84.5,79.7,76.54,79.55
"11785",97,2013,86.29,80.15,77.18,81.98
"11786",98,2013,87.78,79.45,73.14,83.52
"11787",99,2013,87.61,78.79,76.05,84.54
"11788",100,2013,84.37,78.02,73.85,82.09
"11789",101,2013,83.41,75.24,70.71,78.99
"11790",102,2013,84.25,72.46,68.99,75.65
"11791",103,2013,88.99,80.22,80.11,83.35
"11792",104,2013,91.89,87.21,83.75,89.01
"11793",105,2013,92.94,90.11,87.95,87.94
"11794",106,2013,91.49,87.6,86.59,87.83
"11795",107,2013,89.22,85.88,85.07,85.71
"11796",108,2013,90.65,87.37,90.57,86.77
"11797",109,2013,94.8,91.41,92.16,93
"11798",110,2013,91.05,86.67,88.86,88.82
"11799",111,2013,92.41,89.79,93.37,86.7
"11800",112,2013,93.21,90.33,90.65,88.61
"11801",113,2013,91.77,87.57,87.07,88.63
"11802",114,2013,88.68,85.41,90.33,83.86
"11803",115,2013,80.02,79.85,89.24,76.52
"11804",116,2013,75.3,76.59,82.31,70.79
"11805",117,2013,74.49,77.61,81.63,76.06
"11806",118,2013,81.41,84.78,82.61,83.84
"11807",119,2013,92.16,89.3,90.95,90.42
"11808",120,2013,91.38,88.93,92.37,88.51
"11809",121,2013,90.87,87.63,88.84,89.91
"11810",122,2013,91.32,87.64,90.19,89.41
"11811",123,2013,87.07,88.48,88.09,86.49
"11812",124,2013,85.83,84.78,81.77,86.68
"11813",125,2013,93.2,91.19,88.92,92.02
"11814",126,2013,89.09,86.78,91.23,85.25
"11815",127,2013,92.64,92.09,91.96,94.03
"11816",128,2013,88.2,87.95,91.87,87.71
"11817",129,2013,91.41,89.45,91.56,89.59
"11818",130,2013,85.55,84.83,86.55,85.99
"11819",131,2013,86.73,78.54,81.52,78.44
"11820",132,2013,87.23,82.36,85.71,80.97
"11821",133,2013,94.18,90.45,91.51,91.68
"11822",134,2013,92.01,88.06,89.35,92.11
"11823",135,2013,93.6,86.03,89.51,87.31
"11824",136,2013,93.93,90.21,91.23,91.43
"11825",137,2013,95.12,92.01,93.57,92.35
"11826",138,2013,90.76,87.49,89.25,86.31
"11827",139,2013,92.46,89.52,90.27,90.09
"11828",140,2013,94.38,92.63,93.01,93.9
"11829",141,2013,90.85,87.97,90.77,89.24
"11830",142,2013,95.5,93.69,95.81,92.82
"11831",143,2013,91.33,88.64,89.57,90.03
"11832",144,2013,88.84,84.16,84.94,86.63
"11833",145,2013,90.57,85.41,86.88,85.86
"11834",146,2013,90.93,89.36,90.51,90.83
"11835",147,2013,91.88,90.24,91.03,90.97
"11836",148,2013,92.01,89.94,92.09,90.21
"11837",149,2013,87.26,87.01,86.86,86.79
"11838",150,2013,92.52,88.97,88.73,88.98
"11839",151,2013,91.6,89.96,92.48,88.95
"11840",152,2013,91.45,88.81,90.04,89.75
"11841",153,2013,92.37,90.41,89.8,91
"11842",154,2013,87.95,87.54,87.71,89.67
"11843",155,2013,88.73,86.73,88.73,86.59
"11844",156,2013,88.42,85.95,89.61,83.83
"11845",157,2013,92.57,89.02,92.88,89.79
"11846",158,2013,90,89.96,89.58,88.42
"11847",159,2013,89.83,87.51,88.98,88.35
"11848",160,2013,89.89,87.21,88.8,88.57
"11849",161,2013,93.46,90.74,93.04,90.81
"11850",162,2013,89.94,88.13,90.9,88.65
"11851",163,2013,90.75,87.1,92.84,85.28
"11852",164,2013,94.7,92.78,95.16,94.28
"11853",165,2013,90.37,87.57,89.4,89.42
"11854",166,2013,88.48,85.02,89.33,85
"11855",167,2013,86.01,84.37,87.76,85.23
"11856",168,2013,89.89,82.99,86.19,81.93
"11857",169,2013,94.84,92.87,94.47,92.78
"11858",170,2013,88.87,87.77,87.69,87.67
"11859",171,2013,87.85,86.49,87.48,87.27
"11860",172,2013,90.86,88.31,91.19,87.24
"11861",173,2013,89.15,87.25,89.01,86.98
"11862",174,2013,94.01,90.17,92.01,90.91
"11863",175,2013,92.91,90.26,91.63,88.68
"11864",176,2013,89.79,87.96,90.29,86.88
"11865",177,2013,84.25,83.66,82.31,83.67
"11866",178,2013,90.81,88.64,87.68,88.95
"11867",179,2013,89.06,87.52,89.3,88.08
"11868",180,2013,85.3,83.78,84.67,82.54
"11869",181,2013,89.16,85.62,86.14,85.85
"11870",182,2013,93.71,90.67,92.12,91.25
"11871",183,2013,87.68,85.02,87.18,86.22
"11872",184,2013,86.39,81.84,81.7,82.51
"11873",185,2013,86.9,83.07,84.59,83.01
"11874",186,2013,92.54,89.67,89.64,90.96
"11875",187,2013,87.63,86.08,88.56,88.05
"11876",188,2013,86.86,84.54,86.06,84.53
"11877",189,2013,88.35,85.86,86.17,84.71
"11878",190,2013,95.09,93.51,91.2,92.16
"11879",191,2013,88.99,85.72,87.76,85.68
"11880",192,2013,87.49,83.11,85.12,83.01
"11881",193,2013,89.88,84.51,84.77,84.49
"11882",194,2013,89.29,85.99,85.51,87.83
"11883",195,2013,86.62,84.31,85.84,85.1
"11884",196,2013,89.08,86.09,87.95,86.29
"11885",197,2013,92.24,88.03,91.44,87.76
"11886",198,2013,90.29,87.45,89.98,87.49
"11887",199,2013,88.15,85.71,88.62,85.12
"11888",200,2013,92.44,89.73,90.06,90.7
"11889",201,2013,91.14,90.66,90.5,92.82
"11890",202,2013,88.73,86.53,89.54,86.82
"11891",203,2013,88.93,88.25,90.29,86.74
"11892",204,2013,92.79,90.31,90.76,93.63
"11893",205,2013,89.35,88.1,92.32,87.33
"11894",206,2013,92.95,90.96,92.1,90.93
"11895",207,2013,94.67,92.15,95.39,92.48
"11896",208,2013,86.31,84.34,89.99,85.38
"11897",209,2013,88.79,83.96,86.09,81.57
"11898",210,2013,87.81,84.79,88.66,84.13
"11899",211,2013,91.67,87.79,87.89,88.12
"11900",212,2013,86.65,84.7,84.92,81.36
"11901",213,2013,89.69,85.35,85.48,86.91
"11902",214,2013,92.97,88.53,90.16,89.03
"11903",215,2013,91.11,88.48,90.19,89.57
"11904",216,2013,91.06,87.53,88.88,86.48
"11905",217,2013,90.79,86.08,88.27,88.22
"11906",218,2013,88.24,86.74,86.76,88.51
"11907",219,2013,91.76,90.02,91.4,91.77
"11908",220,2013,88.67,84.84,88.87,87.2
"11909",221,2013,82.69,83.86,82.69,85.47
"11910",222,2013,85.98,86.23,85.6,84.44
"11911",223,2013,92.93,91.67,92.55,90.35
"11912",224,2013,93.17,89.88,92.19,87.4
"11913",225,2013,89.69,86.68,86.86,86.13
"11914",226,2013,92.83,87.98,90.18,88.35
"11915",227,2013,92.18,89.09,92.17,88.19
"11916",228,2013,90.9,87.83,88.62,89.26
"11917",229,2013,87.68,84.14,88.72,85.44
"11918",230,2013,89.52,85.93,90.47,84.61
"11919",231,2013,89.03,83.37,90.8,83.47
"11920",232,2013,89.31,83.85,87.68,83.94
"11921",233,2013,90.38,86.11,88.04,85.57
"11922",234,2013,87.69,84.13,87.9,84.48
"11923",235,2013,88.99,84.58,88.24,84.83
"11924",236,2013,90.46,86.43,88.21,85.38
"11925",237,2013,93.12,88.81,89.04,89.79
"11926",238,2013,89.99,88.77,88.06,88.37
"11927",239,2013,90.62,84.63,89.22,82.3
"11928",240,2013,90.44,84.87,87.45,84.65
"11929",241,2013,91.26,86.29,87.05,86.55
"11930",242,2013,88.51,83.26,88.17,80.16
"11931",243,2013,86.04,81.72,86.15,79.19
"11932",244,2013,81.27,80.46,77.77,82.21
"11933",245,2013,83.01,81.29,78.94,81.55
"11934",246,2013,84.15,82.8,82.4,82.87
"11935",247,2013,88.71,87.17,86.51,89.69
"11936",248,2013,93.51,90.85,92.26,91.24
"11937",249,2013,88.92,83.67,86.61,84.24
"11938",250,2013,85.02,81.93,83.45,82.9
"11939",251,2013,88.83,83.92,85,85.48
"11940",252,2013,92.88,88.61,87.84,90.77
"11941",253,2013,88.64,85.23,90.87,84.74
"11942",254,2013,88.73,84.56,88.32,81.56
"11943",255,2013,85.33,82.84,82.36,82.79
"11944",256,2013,85.35,81.2,80.93,81.98
"11945",257,2013,87.74,84.86,83.86,87.74
"11946",258,2013,90.47,88.81,91.09,88.93
"11947",259,2013,89.94,88.65,91.29,86.93
"11948",260,2013,92.47,89.77,91.27,91.45
"11949",261,2013,90.63,87.56,91.28,87.41
"11950",262,2013,88.73,86.69,87.73,85.32
"11951",263,2013,87.83,85.97,87.76,83.57
"11952",264,2013,84.02,84.02,81.76,82.55
"11953",265,2013,82.88,79.63,81.9,82.62
"11954",266,2013,89.95,85.22,87.94,87.29
"11955",267,2013,89.77,86.23,89.8,87.28
"11956",268,2013,91.21,86.9,89.5,87.11
"11957",269,2013,89.58,84.71,88.76,83.99
"11958",270,2013,88.55,84.8,85.37,83.81
"11959",271,2013,87.03,83.33,85.72,83.63
"11960",272,2013,91.5,87.2,89.52,87.48
"11961",273,2013,88.19,85.51,90.55,84.38
"11962",274,2013,91.77,88.94,89.64,88.77
"11963",275,2013,86.47,85.48,87.27,86.58
"11964",276,2013,86.74,83.36,82.9,85.37
"11965",277,2013,92.75,90.08,89.24,89.49
"11966",278,2013,86.59,84.68,86.59,85.12
"11967",279,2013,84.56,82.28,85.03,83.89
"11968",280,2013,87.64,83.94,86.87,84.53
"11969",281,2013,88.6,85.96,87.88,85.02
"11970",282,2013,86.29,81.94,84.64,84.62
"11971",283,2013,88.23,81.8,84.1,84.51
"11972",284,2013,90.3,85.01,87.82,84.33
"11973",285,2013,90.17,86.31,88.54,85.44
"11974",286,2013,88.31,85.9,85.88,86.9
"11975",287,2013,85.54,83.46,83.92,87.23
"11976",288,2013,89.23,87.25,87.81,87.78
"11977",289,2013,90.48,88.34,88.35,91.4
"11978",290,2013,88.05,87.47,90.98,85.1
"11979",291,2013,85.91,84.88,84.49,84.43
"11980",292,2013,82.93,80.39,83.34,83.43
"11981",293,2013,85.99,84.08,86.4,84.7
"11982",294,2013,87.49,86.4,89.5,85.11
"11983",295,2013,90.06,87.36,87.08,87.83
"11984",296,2013,91.96,90.72,89.79,90.66
"11985",297,2013,85.73,84.96,86.81,85.77
"11986",298,2013,84.47,83.29,86.5,82.09
"11987",299,2013,86.08,84.64,86.51,82.95
"11988",300,2013,85.34,84.18,86.41,84.9
"11989",301,2013,90.51,85.61,88.38,87.54
"11990",302,2013,89.84,86.43,89.33,88.06
"11991",303,2013,88.49,83.98,87.72,84.45
"11992",304,2013,86.82,83.2,86.14,84.62
"11993",305,2013,86.79,84.56,87.27,83.48
"11994",306,2013,88.6,87.08,89.89,86.14
"11995",307,2013,88.96,86.35,87.68,86.29
"11996",308,2013,90.59,86.5,85.13,90.43
"11997",309,2013,88.85,87.85,89.22,87.9
"11998",310,2013,88.06,84.07,86.71,84.94
"11999",311,2013,90.02,86.72,87.83,89.06
"12000",312,2013,88.37,87.04,89.28,86.82
"12001",313,2013,89.15,87.03,89.49,87.09
"12002",314,2013,92.66,87.51,88.22,88.07
"12003",315,2013,87.6,86.83,84.49,86.82
"12004",316,2013,84.11,80.77,78.98,82.18
"12005",317,2013,86.86,81.76,81.83,81.11
"12006",318,2013,92.5,88.02,90.75,88.29
"12007",319,2013,92.55,88.25,90.57,89.8
"12008",320,2013,88.77,84.48,85.21,85.75
"12009",321,2013,84.59,78.71,82.15,79.99
"12010",322,2013,81.33,77.65,79.48,79.41
"12011",323,2013,82.58,78.39,81.11,79.24
"12012",324,2013,80.6,79.44,81.41,78.56
"12013",325,2013,86.79,78.05,82.96,75.93
"12014",326,2013,90.79,78.74,82.91,77.45
"12015",327,2013,88.93,84.78,84.83,84.05
"12016",328,2013,86.61,82.59,84.02,83.91
"12017",329,2013,87.33,83.03,83.37,82.91
"12018",330,2013,87.53,85.26,83.44,84.31
"12019",331,2013,87.63,84.43,82.74,84.09
"12020",332,2013,82.54,80.23,78.55,81.32
"12021",333,2013,80.83,77.84,75.68,78.18
"12022",334,2013,79.95,73.86,73.21,74.71
"12023",335,2013,81.73,75.64,75.86,74.44
"12024",336,2013,92.64,87.33,89.54,85.84
"12025",337,2013,88.79,85.71,87.04,85.62
"12026",338,2013,88.81,82.02,83.76,81.79
"12027",339,2013,92.26,84.8,86.44,85.69
"12028",340,2013,88.88,84.94,83.81,85.29
"12029",341,2013,85.5,81.43,80.24,81.91
"12030",342,2013,83.69,78.76,79.94,78.02
"12031",343,2013,84.43,79.21,77.24,77.52
"12032",344,2013,85.21,80.63,77.35,75.58
"12033",345,2013,91.07,84.82,83.61,83.03
"12034",346,2013,91.6,86.49,85.64,87.92
"12035",347,2013,84.33,79.43,77.13,80.66
"12036",348,2013,81.23,77.28,74.86,77.38
"12037",349,2013,80.05,75.45,72.75,75.13
"12038",350,2013,83.32,76.04,73.83,77.28
"12039",351,2013,80.36,74.2,69.19,74.67
"12040",352,2013,77.59,71.95,67.33,74.43
"12041",353,2013,74.09,70.18,65.11,72.09
"12042",354,2013,69.57,66.56,61.45,68.69
"12043",355,2013,69.25,66.1,58.49,67.88
"12044",356,2013,69.61,65.05,60.73,64.56
"12045",357,2013,71.62,66.13,60.5,66.02
"12046",358,2013,72.59,67.18,64.82,66.1
"12047",359,2013,73.95,66.07,66.59,65.57
"12048",360,2013,77.05,68.73,65.62,67.57
"12049",361,2013,80.23,67.53,67.81,66.46
"12050",362,2013,78.08,67.9,66.42,68.19
"12051",363,2013,72.22,66.08,63.69,67.84
"12052",364,2013,67.93,61.58,59.8,63.05
"12053",365,2013,70.5,61.46,60.91,63.1
"12054",1,2014,70.8,61.05,60.18,63.82
"12055",2,2014,74.79,62.2,61.84,64.95
"12056",3,2014,80.4,64.85,66.72,64.78
"12057",4,2014,72.53,61.38,60.81,64.45
"12058",5,2014,73.41,59.25,59.11,61.72
"12059",6,2014,81.72,58.97,62.34,62.58
"12060",7,2014,79.6,58.73,63.94,60.7
"12061",8,2014,74.41,59.77,60.03,61.79
"12062",9,2014,70.68,54.9,56.24,60.79
"12063",10,2014,63.92,48.79,51.03,53.7
"12064",11,2014,54.92,45.1,42.96,47.66
"12065",12,2014,57.08,46.54,45.75,48.87
"12066",13,2014,60.98,48.42,48.57,50.34
"12067",14,2014,65.02,53.69,55.75,53.01
"12068",15,2014,68.8,55.95,58.31,57.49
"12069",16,2014,71.21,58.53,60.5,60.49
"12070",17,2014,76.38,60.2,64.22,58.77
"12071",18,2014,81.19,64.76,66.38,67.38
"12072",19,2014,86.11,68.58,64.43,72.77
"12073",20,2014,75.57,54.22,53.68,58.95
"12074",21,2014,67.31,50.94,49.27,54.78
"12075",22,2014,65.24,48.89,48.64,53.19
"12076",23,2014,65.54,48.6,48.57,49.84
"12077",24,2014,64.83,53.43,54.17,53.48
"12078",25,2014,64.46,54.11,52.47,57.92
"12079",26,2014,54.04,46.25,43.68,49.9
"12080",27,2014,52.62,45.31,43.6,48.24
"12081",28,2014,59.01,48.8,45.63,53.52
"12082",29,2014,61.41,49.43,48.37,51.51
"12083",30,2014,55.97,47.07,45.74,49.78
"12084",31,2014,56.11,46.79,46.01,48.52
"12085",32,2014,55.41,48.46,48.89,49.16
"12086",33,2014,61.19,52.56,54.45,51.03
"12087",34,2014,73.95,58.14,60.57,55.49
"12088",35,2014,70.25,55.32,53.72,56.08
"12089",36,2014,60.91,50.81,50.82,52.25
"12090",37,2014,62.88,50.14,51.45,50.22
"12091",38,2014,71.83,58.66,61.71,55.58
"12092",39,2014,70.13,55.49,59.68,56.36
"12093",40,2014,66.22,51.73,54,51.72
"12094",41,2014,63.44,52.06,54.61,54.1
"12095",42,2014,79.42,61.24,60.1,64.32
"12096",43,2014,79.14,59.85,61.06,62.14
"12097",44,2014,74.02,54.75,57.09,55.17
"12098",45,2014,63.93,44.87,45.92,48.31
"12099",46,2014,55.25,39.83,41.24,43.28
"12100",47,2014,53.32,42.86,43.8,45.15
"12101",48,2014,54.73,43.63,44.41,47.72
"12102",49,2014,57.81,46.91,46.79,47.78
"12103",50,2014,63.33,47.03,47.19,48.62
"12104",51,2014,55.15,42.96,42.35,45.22
"12105",52,2014,48.38,41.66,39.98,44.85
"12106",53,2014,54.42,44.28,41.76,45.45
"12107",54,2014,59.11,48.58,50.05,50.23
"12108",55,2014,74.28,53.87,59.5,52.83
"12109",56,2014,75.76,53.49,56.67,54.41
"12110",57,2014,76.84,54.71,58.4,54.31
"12111",58,2014,82.62,69.49,68.31,69.6
"12112",59,2014,91.58,83.8,80.01,83.04
"12113",60,2014,89.48,78.29,71.84,76.98
"12114",61,2014,79.03,63.87,56.61,65.66
"12115",62,2014,69.67,57.41,48.99,57.91
"12116",63,2014,68.45,54.79,48.28,54.59
"12117",64,2014,77.13,55.88,54.07,53.66
"12118",65,2014,85.42,64.16,62.35,61.39
"12119",66,2014,86.42,72.54,70.99,70.1
"12120",67,2014,82.99,69,66.56,69.64
"12121",68,2014,80.45,61.83,58.24,63.05
"12122",69,2014,80,52.36,51.95,54.76
"12123",70,2014,76.9,55.68,53.98,54.95
"12124",71,2014,71.15,47.77,48.09,49.44
"12125",72,2014,79.64,59.93,63.26,58.13
"12126",73,2014,88.45,75.4,78.36,74.66
"12127",74,2014,83.86,67.65,65.63,68.24
"12128",75,2014,79.04,57.52,56.22,59.31
"12129",76,2014,80.3,61.64,62.51,58.12
"12130",77,2014,81.11,65.39,68.15,61.73
"12131",78,2014,83.86,63.46,62.68,64.17
"12132",79,2014,78.78,57.09,55.77,57.18
"12133",80,2014,73.71,50.83,52.65,49.21
"12134",81,2014,80.5,54.07,57.83,50.84
"12135",82,2014,89.54,69.14,78.27,65.2
"12136",83,2014,89.32,72.98,84.27,71.48
"12137",84,2014,86.07,70.82,76.62,74.33
"12138",85,2014,89.72,72.99,80.03,77.31
"12139",86,2014,85.58,71.91,74.58,74.19
"12140",87,2014,80.58,58.44,60.21,65.79
"12141",88,2014,69.82,44.8,47.74,47.75
"12142",89,2014,61.97,42.26,44.44,45.57
"12143",90,2014,62.47,42.65,46.77,44.71
"12144",91,2014,79.93,58.32,64.21,54.75
"12145",92,2014,84.14,73.66,77.09,75.39
"12146",93,2014,86.79,81.8,81.81,80.31
"12147",94,2014,91.02,87.16,88.51,89.8
"12148",95,2014,92.13,87.89,88.44,88.89
"12149",96,2014,88.69,83.71,81.92,84.97
"12150",97,2014,92.21,86.25,84.44,87.52
"12151",98,2014,89.68,84.58,83.17,86.09
"12152",99,2014,88.72,79.21,75.22,82.77
"12153",100,2014,85.74,73.94,68.2,77.45
"12154",101,2014,84.07,71.52,67.48,73.03
"12155",102,2014,82.15,69.16,65.69,69.18
"12156",103,2014,83.91,71.75,72.71,73.15
"12157",104,2014,84.92,78.97,75.83,78.82
"12158",105,2014,90.38,86.21,87.29,87.86
"12159",106,2014,89.45,83.95,89.69,82.81
"12160",107,2014,88.4,85.87,86.75,86.62
"12161",108,2014,89.05,84.52,85.61,86.72
"12162",109,2014,95.02,91,91.76,93.81
"12163",110,2014,91,88.2,89.58,89.77
"12164",111,2014,93.95,89.81,89.39,91.3
"12165",112,2014,92.68,90.18,89.41,90.53
"12166",113,2014,89.75,87.76,88.88,88.5
"12167",114,2014,93.16,91.33,90.88,94.28
"12168",115,2014,94.15,89.33,90.92,91.74
"12169",116,2014,91.09,86.87,87.36,88.06
"12170",117,2014,91.37,88.24,88.08,86.65
"12171",118,2014,88.48,86.05,85.88,85.98
"12172",119,2014,91.55,87.67,84.36,88.6
"12173",120,2014,88.17,87.88,87.5,86.75
"12174",121,2014,89.68,85.97,85.66,86.11
"12175",122,2014,85.3,81.69,80.16,85.07
"12176",123,2014,89.68,81.57,81.71,83.15
"12177",124,2014,91.48,84.47,83.81,84.63
"12178",125,2014,90.26,85.74,83.46,87.17
"12179",126,2014,85.6,83.48,80.85,82.8
"12180",127,2014,88.16,86.64,87.69,86.05
"12181",128,2014,89.56,87.58,90.23,89.35
"12182",129,2014,94.78,93.34,94.07,94.8
"12183",130,2014,89.82,88.13,91.6,87.16
"12184",131,2014,84.58,83.42,83.8,83.13
"12185",132,2014,84.47,81.93,83.42,80.03
"12186",133,2014,88.86,84.85,83.47,83.38
"12187",134,2014,88.35,86.83,86.75,86.04
"12188",135,2014,92.4,88.2,88.46,87.96
"12189",136,2014,91.72,89.82,90.52,91.89
"12190",137,2014,90.37,86.07,87.06,87.47
"12191",138,2014,90.53,88.95,89.36,91.37
"12192",139,2014,94.13,89.87,89.73,92.2
"12193",140,2014,84.44,83.63,84.89,84.52
"12194",141,2014,89.14,88.09,84.93,89.16
"12195",142,2014,87.5,84.49,82.75,85.7
"12196",143,2014,80.53,78.05,74.53,79.44
"12197",144,2014,82.75,75.88,76.77,77.74
"12198",145,2014,84.84,78.47,76.68,79.69
"12199",146,2014,91.47,82.66,83.35,83.94
"12200",147,2014,96.53,95.02,95.73,95.25
"12201",148,2014,94.86,90.99,93.79,92.66
"12202",149,2014,89.15,86.14,86.46,86.32
"12203",150,2014,92.25,88.91,90.42,89.57
"12204",151,2014,87.91,85.39,84.51,84.69
"12205",152,2014,89.76,85.33,85.62,87.08
"12206",153,2014,94.11,92,90.37,93.47
"12207",154,2014,92.4,85.85,86.69,87.77
"12208",155,2014,89.4,83.05,81.94,85.31
"12209",156,2014,88.42,81.93,82.21,85.05
"12210",157,2014,93.02,86.19,87.54,89.15
"12211",158,2014,94.53,88.4,89.36,89.49
"12212",159,2014,94.09,92.29,91.26,93.98
"12213",160,2014,85.53,85.34,86.76,85.57
"12214",161,2014,91.71,86.72,90.08,87.74
"12215",162,2014,94.84,93.73,95.85,95.81
"12216",163,2014,90.75,87.84,91.47,90.38
"12217",164,2014,87.05,85.89,90.71,87.11
"12218",165,2014,93.51,91.21,92.68,93.08
"12219",166,2014,96.02,93.13,94.83,94.07
"12220",167,2014,90.97,88.56,93.64,88.29
"12221",168,2014,94.16,91.48,89.9,93.58
"12222",169,2014,90.58,86.04,88.08,87.32
"12223",170,2014,96.47,89.23,94.87,89.23
"12224",171,2014,92.47,86.55,91.35,84.84
"12225",172,2014,89.2,82.01,89.53,81.67
"12226",173,2014,83.37,82.56,91.74,82.18
"12227",174,2014,86.17,85.75,86.3,86.93
"12228",175,2014,94.82,93.86,93.04,94.22
"12229",176,2014,95.61,94.68,92.54,94.48
"12230",177,2014,90.94,87.73,88.12,87.87
"12231",178,2014,88.91,83.73,85.58,82.86
"12232",179,2014,95.12,91.26,93.12,91.85
"12233",180,2014,93.07,88.34,90.64,88.01
"12234",181,2014,92.02,90.84,93.03,90.49
"12235",182,2014,91.16,87.43,91.43,87.16
"12236",183,2014,91.29,86.32,88.42,88.27
"12237",184,2014,89.78,85.66,88.38,85.81
"12238",185,2014,93.68,89.09,91.32,86.72
"12239",186,2014,93.28,89.89,95.12,90.59
"12240",187,2014,86.79,86.03,88.36,87.28
"12241",188,2014,94.43,91.22,94.04,92.99
"12242",189,2014,95.12,91.19,92.98,91.63
"12243",190,2014,94.82,92.25,94.29,91.07
"12244",191,2014,94.61,90.51,91.92,90.11
"12245",192,2014,95.32,92.91,96.22,91.63
"12246",193,2014,92.32,89.33,93.18,87.96
"12247",194,2014,92.16,87.68,89.87,89.97
"12248",195,2014,89.21,86.13,91.76,83.33
"12249",196,2014,89.65,87.96,91.97,84.89
"12250",197,2014,88.02,87.27,88.38,86.17
"12251",198,2014,90.41,88.8,90.96,88.11
"12252",199,2014,88.82,87.3,89.15,88.25
"12253",200,2014,89.25,88.42,90.58,89.79
"12254",201,2014,89.09,87.88,90.26,88.22
"12255",202,2014,91.72,88.72,91.86,86.26
"12256",203,2014,89.66,86.9,86.94,87.52
"12257",204,2014,88.4,85.51,88.06,88.14
"12258",205,2014,86.31,85.38,86.85,85.92
"12259",206,2014,87.71,83.69,84.68,84.09
"12260",207,2014,92.41,88.95,92.46,87.84
"12261",208,2014,88.35,86.44,85.3,87.95
"12262",209,2014,88.98,83.88,87.5,86.78
"12263",210,2014,90.48,86.56,90.27,87.08
"12264",211,2014,92.71,87.43,90.26,86.38
"12265",212,2014,86.7,82.28,84.99,82.15
"12266",213,2014,88.86,84.94,83.36,86.44
"12267",214,2014,87.61,84.3,86.89,85.84
"12268",215,2014,87.27,83.85,86.8,83.88
"12269",216,2014,88.21,83.13,82.19,82.83
"12270",217,2014,92.27,86.22,87.47,87.01
"12271",218,2014,92.92,88.4,90.94,88.04
"12272",219,2014,90.04,90.06,91.69,88.68
"12273",220,2014,86.14,82.45,86.17,85.48
"12274",221,2014,91.34,86.23,89.58,87.02
"12275",222,2014,89.78,87.92,89.88,85.66
"12276",223,2014,90.22,86.41,88.42,86.29
"12277",224,2014,90.68,86.57,88.31,87.92
"12278",225,2014,91.64,86.25,87.75,85.71
"12279",226,2014,93.9,90.16,93.05,92.58
"12280",227,2014,89.17,85.84,87.75,87.35
"12281",228,2014,88.71,85.51,88.13,86.48
"12282",229,2014,93.77,89.91,94.57,89.53
"12283",230,2014,92.49,90.13,91.83,89.95
"12284",231,2014,93.64,89.65,89.77,89.94
"12285",232,2014,88.23,83.73,87.37,85.42
"12286",233,2014,86.44,81.31,86.37,81.53
"12287",234,2014,87.22,83.04,86.74,82.25
"12288",235,2014,87.83,85.08,86.79,85.14
"12289",236,2014,84.02,80.02,82.48,81.57
"12290",237,2014,90.15,84.27,85.84,87.32
"12291",238,2014,92.26,89.59,91.42,87.33
"12292",239,2014,90.52,88.63,90.21,86.84
"12293",240,2014,89.44,84.11,86.72,85.22
"12294",241,2014,85.41,83.16,84.42,83.54
"12295",242,2014,86.67,84.75,84.78,84.14
"12296",243,2014,85.6,84.04,86.68,83.31
"12297",244,2014,86.92,84.82,85.18,84.29
"12298",245,2014,89.93,85.96,87.25,86.57
"12299",246,2014,93.02,89.79,91.44,89.39
"12300",247,2014,87.95,84.9,88.47,85.29
"12301",248,2014,88.86,85.06,88.35,84.9
"12302",249,2014,89.82,86.62,91.21,84.68
"12303",250,2014,89.05,85.44,86.02,86.44
"12304",251,2014,88.93,85.62,86.78,85.46
"12305",252,2014,88.54,87.68,89.78,85.93
"12306",253,2014,89.32,84.48,87.81,86.09
"12307",254,2014,91.89,89.21,90.34,90.37
"12308",255,2014,92.75,88.42,88.39,89.91
"12309",256,2014,90.41,87.69,88.24,88.64
"12310",257,2014,92.45,88.44,92.07,88.19
"12311",258,2014,90.5,88.74,90.65,87.2
"12312",259,2014,88.91,86.83,88.93,85.51
"12313",260,2014,92.22,88.23,92.2,86.08
"12314",261,2014,88.8,87.66,89.98,86.72
"12315",262,2014,87.24,85.07,88.31,83.32
"12316",263,2014,88.43,84.59,88.74,85.1
"12317",264,2014,87.92,85.74,90.46,85.41
"12318",265,2014,88.9,83.53,86.99,84.17
"12319",266,2014,88.78,84.67,89.53,85.61
"12320",267,2014,85.56,85.39,86.07,85.33
"12321",268,2014,83.42,82.67,84.68,82.74
"12322",269,2014,89.06,86.23,89.73,85.28
"12323",270,2014,87.1,84.69,88.32,83.38
"12324",271,2014,83.45,81.77,83.98,83.45
"12325",272,2014,84.77,83.24,86.44,82.96
"12326",273,2014,86.68,82.77,86.26,83.89
"12327",274,2014,91,87.92,88.91,88.18
"12328",275,2014,89.36,89.87,89.53,88.3
"12329",276,2014,91.26,88.21,89.2,89.37
"12330",277,2014,86.95,85.7,86.97,84.46
"12331",278,2014,86.86,85.68,88.4,84.23
"12332",279,2014,90.85,87.64,89.02,86.78
"12333",280,2014,89.71,87.27,87.4,86.77
"12334",281,2014,89.25,84.28,85.77,87.49
"12335",282,2014,91.8,88.11,91.55,88.87
"12336",283,2014,92.78,89.38,92.38,89.66
"12337",284,2014,92.22,88.38,90.53,90.69
"12338",285,2014,89.97,85.18,88.88,86.59
"12339",286,2014,92.42,89.12,89.01,89.46
"12340",287,2014,86.74,82.47,87.23,84.66
"12341",288,2014,90.54,85.33,88.97,84.87
"12342",289,2014,87,83.55,86.62,82.54
"12343",290,2014,91.24,88.64,90.65,85.01
"12344",291,2014,88.7,87.12,87.88,86.06
"12345",292,2014,85.99,83.56,84.86,84.21
"12346",293,2014,90.1,87.45,87.75,85.15
"12347",294,2014,88.04,85.21,88.36,85.31
"12348",295,2014,91.23,88.66,90.05,90.26
"12349",296,2014,87.47,84.71,86.82,84.83
"12350",297,2014,86.82,83.17,85.74,84.15
"12351",298,2014,88.61,84.12,85.74,83.57
"12352",299,2014,87.88,84.3,85.81,84.44
"12353",300,2014,91.71,88.63,89.87,87.8
"12354",301,2014,87.36,85.39,85.14,84.71
"12355",302,2014,85.38,82.45,84.34,84.64
"12356",303,2014,85.79,82.63,85.09,83.53
"12357",304,2014,87.22,84,86.83,84.73
"12358",305,2014,86.98,84.12,85.83,84.97
"12359",306,2014,90.69,84.05,87.2,84.87
"12360",307,2014,89.04,84.84,87.69,83.99
"12361",308,2014,85.89,81.72,85.29,82.35
"12362",309,2014,88.14,82.56,86.76,80.67
"12363",310,2014,92.1,86.83,89.77,83.73
"12364",311,2014,88.39,84.74,88.55,82.22
"12365",312,2014,90.4,86.65,88.49,88.01
"12366",313,2014,88.18,85.46,88.89,85.72
"12367",314,2014,86.13,84.03,86.85,82.49
"12368",315,2014,89.34,84.62,86.61,85.31
"12369",316,2014,87.66,85.13,85.65,85.75
"12370",317,2014,87.66,81.93,87.37,80.83
"12371",318,2014,89.22,82.29,90.79,80.31
"12372",319,2014,91.36,88.05,87.94,87.45
"12373",320,2014,91.68,88.2,87.5,88.53
"12374",321,2014,88.23,85.23,87.19,85.51
"12375",322,2014,86.79,83.11,84.79,83.65
"12376",323,2014,86.68,83.11,84.38,85.65
"12377",324,2014,83.93,80.81,81.01,81.24
"12378",325,2014,82.89,78.93,80.73,79.51
"12379",326,2014,87.05,81.35,83.71,82.39
"12380",327,2014,89.64,87.58,86.39,87.26
"12381",328,2014,86.92,82.27,82.3,82.95
"12382",329,2014,85.4,79.1,78.92,79.29
"12383",330,2014,81.36,76.64,75.06,77.15
"12384",331,2014,80.32,76.16,76.06,78.11
"12385",332,2014,86.4,80.21,82.16,80.99
"12386",333,2014,87.3,82.18,83.26,83.17
"12387",334,2014,87.96,82.37,84.88,82.47
"12388",335,2014,87.62,82.7,82.76,81.57
"12389",336,2014,85.53,81.28,80.76,81.72
"12390",337,2014,82.88,77.25,77.6,79.97
"12391",338,2014,82.93,76.59,78.59,79.06
"12392",339,2014,90.66,83.71,86.43,83.73
"12393",340,2014,90.27,85.64,86.54,85.79
"12394",341,2014,87.42,83.53,86.02,84.01
"12395",342,2014,84.37,81.31,80.26,81.64
"12396",343,2014,85.79,79.19,75.62,77.73
"12397",344,2014,87.52,79.33,77.64,76.72
"12398",345,2014,93.65,85.28,85.24,84.52
"12399",346,2014,90.34,81.19,83.37,77.58
"12400",347,2014,89.05,80.26,82.14,81.17
"12401",348,2014,85.73,77.23,78.22,78.97
"12402",349,2014,82.44,73.88,73.5,75.9
"12403",350,2014,86.42,74.83,74.72,75.57
"12404",351,2014,88.4,75.85,76.54,75.79
"12405",352,2014,84.11,70.99,70.27,71.66
"12406",353,2014,79.97,69.42,67.88,71.93
"12407",354,2014,76.42,66.06,63.41,69.59
"12408",355,2014,72.82,62.29,58.64,66.17
"12409",356,2014,69.96,60.19,59.32,62.52
"12410",357,2014,76.31,65.71,65.95,67.11
"12411",358,2014,87.25,70.1,70.73,70.4
"12412",359,2014,86.94,69.3,71.34,70.16
"12413",360,2014,81.58,61.95,63.03,66.67
"12414",361,2014,78.69,62.37,63.52,62.08
"12415",362,2014,76.89,61.67,62.53,65.03
"12416",363,2014,78.41,62.75,64.15,66.09
"12417",364,2014,81.4,65.18,64.7,67.67
"12418",365,2014,76.81,60.36,59.48,68.33
"12419",1,2015,70.56,53.53,53.18,61.64
"12420",2,2015,67.36,53.14,52.75,57.17
"12421",3,2015,66.9,55.53,57.19,57.81
"12422",4,2015,68.3,56.64,57.4,58.82
"12423",5,2015,65.3,50.47,53.93,53.02
"12424",6,2015,62.42,51.22,52.04,56.33
"12425",7,2015,67.69,57.96,54.48,62.14
"12426",8,2015,70.87,59.47,55.11,63.53
"12427",9,2015,73.26,59.65,60.49,62.73
"12428",10,2015,81.49,67.91,70.71,66.22
"12429",11,2015,86.5,74.92,75.21,75.51
"12430",12,2015,81.51,66.66,68.92,66.36
"12431",13,2015,79.86,64.2,66.1,65.86
"12432",14,2015,78.37,60.81,61.73,62.39
"12433",15,2015,82.96,67.11,69.67,66.66
"12434",16,2015,88.94,76.75,80,74.76
"12435",17,2015,91.27,79.35,78.66,79.82
"12436",18,2015,89.58,74.8,74.69,74.54
"12437",19,2015,87.37,71.81,71.35,69.99
"12438",20,2015,89.45,80.37,76.96,80.84
"12439",21,2015,87.33,73.74,75.12,74.1
"12440",22,2015,91.47,83.1,79.23,85.64
"12441",23,2015,89.2,78.76,75.09,81.04
"12442",24,2015,86.71,72.95,70.05,76.26
"12443",25,2015,82.45,67.3,64.67,68.56
"12444",26,2015,79.28,62.52,59.2,64.88
"12445",27,2015,74.64,55.3,53.34,57.85
"12446",28,2015,77.08,53.99,54.65,56.23
"12447",29,2015,80.51,60.19,59.78,57.85
"12448",30,2015,86.22,65.66,68.23,63.7
"12449",31,2015,89.9,75.45,71.4,69.07
"12450",32,2015,93.41,86.39,81.28,88.35
"12451",33,2015,90.01,80.31,76.04,79.16
"12452",34,2015,88.54,77.61,73.08,78.93
"12453",35,2015,83.98,70.49,66.89,72.7
"12454",36,2015,81.53,61.92,60.7,62.21
"12455",37,2015,77.8,57.79,52.65,60.12
"12456",38,2015,74.3,56.77,50.49,56.59
"12457",39,2015,68.77,51.74,45.37,52.92
"12458",40,2015,71.49,54.1,51.7,52.99
"12459",41,2015,77.4,59.62,60.45,56.55
"12460",42,2015,83.12,71.58,69.71,68.44
"12461",43,2015,88.77,79.41,76.56,78.66
"12462",44,2015,91.87,87.12,84.7,88.27
"12463",45,2015,90.79,82.67,83.22,83.77
"12464",46,2015,88.93,76.28,75.04,78.3
"12465",47,2015,84.13,73.3,68.8,74.28
"12466",48,2015,79.77,63.82,61.43,66.8
"12467",49,2015,72.33,59.68,56.57,60.36
"12468",50,2015,65.98,56.18,52.36,59.11
"12469",51,2015,60.85,51.2,46.86,56.48
"12470",52,2015,58.19,49.24,47.21,53.05
"12471",53,2015,59.66,48.53,44.18,50.67
"12472",54,2015,74.78,56.31,56.23,56.96
"12473",55,2015,79.18,59.83,60.26,60.72
"12474",56,2015,78.66,58.89,57.1,59.39
"12475",57,2015,79.99,61.08,59.24,59.92
"12476",58,2015,83.02,63.47,61.71,59.75
"12477",59,2015,86.2,67.69,65.13,66.71
"12478",60,2015,81.37,62.74,55.39,67.96
"12479",61,2015,72.74,51.38,46.41,54.05
"12480",62,2015,71.8,50.71,49,52.56
"12481",63,2015,71.62,49.14,49.96,50.07
"12482",64,2015,77.07,52.88,53.36,52.86
"12483",65,2015,77.43,52.57,54.05,57.64
"12484",66,2015,79.37,51.57,53.32,55.1
"12485",67,2015,81.67,54.87,53.93,54.68
"12486",68,2015,79.93,53.52,53.45,55.01
"12487",69,2015,78.34,53.98,54.49,54.57
"12488",70,2015,77.16,53.58,54.02,54.63
"12489",71,2015,76.71,52.24,50.71,53.26
"12490",72,2015,72.07,48.32,47.02,49.95
"12491",73,2015,64.15,43.89,43.49,46.26
"12492",74,2015,69.73,46.62,48.14,48.09
"12493",75,2015,75.73,51.12,53.54,51.08
"12494",76,2015,85.17,64.78,66.07,64.71
"12495",77,2015,89.58,76.51,75.03,75.36
"12496",78,2015,85.78,69.18,71.77,70.46
"12497",79,2015,87.53,78.65,77.71,76.35
"12498",80,2015,85.72,75.39,70.79,74.61
"12499",81,2015,81.29,68.98,63.65,69.64
"12500",82,2015,80.59,66.7,61.54,66.64
"12501",83,2015,80.13,67.72,64.79,65.19
"12502",84,2015,78.55,66.98,60.06,65.38
"12503",85,2015,79.57,60.44,58.13,59.52
"12504",86,2015,82.44,61.19,58.27,59.47
"12505",87,2015,83.26,61.9,60.25,61.85
"12506",88,2015,85.85,67.44,64.18,71.62
"12507",89,2015,80.7,67.82,65.35,67.76
"12508",90,2015,82.78,68.97,67.59,69.11
"12509",91,2015,84.6,73.14,73.44,72.83
"12510",92,2015,88.45,79.08,77.63,80.31
"12511",93,2015,92.31,84.97,83.25,88.21
"12512",94,2015,86.26,77.22,77.09,82.54
"12513",95,2015,81.58,69.46,67.96,70.69
"12514",96,2015,81.36,62.92,67.29,63.79
"12515",97,2015,85.36,67.12,72.69,68.98
"12516",98,2015,88.45,76.78,80.25,79.9
"12517",99,2015,89.35,83.24,79.36,86.4
"12518",100,2015,87.72,80.12,80.65,81.28
"12519",101,2015,88.4,82.17,81.8,82.43
"12520",102,2015,89.11,84.18,83.26,82.23
"12521",103,2015,89.69,86.27,86.09,86.08
"12522",104,2015,92.3,88.28,85.12,91.24
"12523",105,2015,89.29,80.98,80.66,83.15
"12524",106,2015,91.8,83.16,81.95,82.43
"12525",107,2015,92.2,84.99,87.03,82.26
"12526",108,2015,91.96,89.51,91.89,87.82
"12527",109,2015,89.09,86.23,88.46,84.89
"12528",110,2015,92.14,86.86,88.2,86.27
"12529",111,2015,90.5,86.43,84.75,87.59
"12530",112,2015,88.35,82.88,81.44,84.14
"12531",113,2015,87.97,81.96,80.56,81.73
"12532",114,2015,90.54,86.32,87.09,86.4
"12533",115,2015,93.28,88.9,90.11,89.56
"12534",116,2015,88.65,84.6,87.94,83.85
"12535",117,2015,87.13,82.79,84.75,80.07
"12536",118,2015,86.95,81.86,82.4,82.89
"12537",119,2015,84.2,82.13,80.02,83.54
"12538",120,2015,85.07,81.86,80.27,83.74
"12539",121,2015,84.33,79.94,80.91,80.85
"12540",122,2015,83.9,80.52,79.76,81.4
"12541",123,2015,81.7,77.1,75.51,79
"12542",124,2015,83.15,72.92,72.53,74.48
"12543",125,2015,88.31,75.59,74.99,74.34
"12544",126,2015,88.49,78.03,81.58,75.7
"12545",127,2015,87.21,81.26,80.42,83.26
"12546",128,2015,90.08,86.92,83.47,87.86
"12547",129,2015,87.72,87.16,81.11,88.47
"12548",130,2015,85.62,81.36,77.76,82.94
"12549",131,2015,86.04,78.79,72.54,81.75
"12550",132,2015,93.4,83.79,79.41,85.91
"12551",133,2015,93.82,87.93,84.3,90.76
"12552",134,2015,95.61,91.88,89.93,92.22
"12553",135,2015,91.5,89.12,92.5,88.79
"12554",136,2015,90.01,86.83,87.23,86.62
"12555",137,2015,90.51,88.54,89.12,88.32
"12556",138,2015,93.94,88.57,90.16,90.91
"12557",139,2015,91.46,86.91,89.65,86.1
"12558",140,2015,91.25,88,91.04,88.28
"12559",141,2015,87.66,85.55,88.55,85.69
"12560",142,2015,89.84,88.31,88.9,87.49
"12561",143,2015,93.38,90.78,91.99,91.67
"12562",144,2015,88.51,86.25,88.73,85.55
"12563",145,2015,92.1,88.19,89.58,87.96
"12564",146,2015,90.98,86.31,83.86,88.58
"12565",147,2015,88.14,84.87,82.79,88.07
"12566",148,2015,92.77,90.22,90.49,91.92
"12567",149,2015,94.67,92.5,93.49,95.29
"12568",150,2015,93.33,89.67,91.61,89.93
"12569",151,2015,91.82,87.52,89.91,87.63
"12570",152,2015,88.93,89.48,90.75,88.14
"12571",153,2015,89.34,89.39,90.57,89.1
"12572",154,2015,92.29,87.78,86.01,90.2
"12573",155,2015,89.97,87.72,88.07,90.45
"12574",156,2015,91.4,88.04,89.97,87.84
"12575",157,2015,86.53,83.46,87.25,82.87
"12576",158,2015,93.45,90.57,92.6,89.95
"12577",159,2015,92.03,89.67,91.37,90.37
"12578",160,2015,94.86,87.26,88.45,90.61
"12579",161,2015,93.54,88.06,90.6,86.36
"12580",162,2015,93.03,89.16,89.04,91.22
"12581",163,2015,88.57,87.47,88.12,86.8
"12582",164,2015,93.87,90.51,89.53,91.83
"12583",165,2015,93.59,89.86,92.56,91.05
"12584",166,2015,95.75,91.37,92.71,91.92
"12585",167,2015,94.67,91.7,93.45,91.01
"12586",168,2015,90.25,88.32,90.93,88.29
"12587",169,2015,90.19,87.8,88.59,89.07
"12588",170,2015,92.32,89.52,88.96,90.87
"12589",171,2015,93.67,92.07,94.54,91.18
"12590",172,2015,91.76,89.25,91.44,89.64
"12591",173,2015,91.59,88.55,93.7,88.41
"12592",174,2015,91.74,86.44,88.25,85.03
"12593",175,2015,88.82,84.94,90.63,83.18
"12594",176,2015,93.68,90.95,93.27,89.75
"12595",177,2015,94.76,87.42,91.76,87.86
"12596",178,2015,94.52,93.19,91.67,94.32
"12597",179,2015,90.15,87.11,89.05,87.39
"12598",180,2015,90.77,87.47,87.69,87.87
"12599",181,2015,92.39,86.19,87.76,89.6
"12600",182,2015,91.06,87.73,90.7,89.09
"12601",183,2015,93.34,90.57,91.67,92.27
"12602",184,2015,88.65,86.42,87.26,86.92
"12603",185,2015,89.89,86.09,86.94,84.98
"12604",186,2015,92.38,88.56,88.84,89.89
"12605",187,2015,92.3,90.76,90.54,91.85
"12606",188,2015,90.8,89.54,91.55,88.76
"12607",189,2015,87.15,86.55,87.54,86.92
"12608",190,2015,89.04,85.37,85.64,85.13
"12609",191,2015,93.27,91.12,92.51,91.79
"12610",192,2015,88.96,86.74,86.09,85
"12611",193,2015,89.62,85.51,86.31,86.16
"12612",194,2015,91.55,90.93,90.46,92.54
"12613",195,2015,91.44,88.02,89.77,89.08
"12614",196,2015,92.48,90.22,92.06,88.27
"12615",197,2015,89.01,85.6,90.28,86.19
"12616",198,2015,88.89,85.88,87.94,84.7
"12617",199,2015,92.96,88.38,93.45,88.01
"12618",200,2015,92.87,88.33,90.87,87.93
"12619",201,2015,93.58,91.08,91.1,93.09
"12620",202,2015,96.91,92.99,94.58,94.32
"12621",203,2015,87.23,85.51,87.05,87.34
"12622",204,2015,89.8,89.58,89.47,89.49
"12623",205,2015,92.33,92.53,93.38,91.28
"12624",206,2015,90.83,89.68,93.83,86.52
"12625",207,2015,91.39,88.51,88.75,88.46
"12626",208,2015,87.51,85.9,86.77,85.86
"12627",209,2015,92.26,88.77,91.33,88.87
"12628",210,2015,91.54,87.22,89.78,86.73
"12629",211,2015,93.44,91.68,92.25,93.24
"12630",212,2015,90.14,87.95,89.9,86.93
"12631",213,2015,92.56,85.82,89.6,87.02
"12632",214,2015,90.05,87.96,88.81,88.39
"12633",215,2015,91.04,87.61,87.23,85.76
"12634",216,2015,91.55,89.44,90.27,88.41
"12635",217,2015,89.9,86.8,88.75,87.71
"12636",218,2015,90.73,87.31,87.49,86.26
"12637",219,2015,89.5,85.83,87.02,86.24
"12638",220,2015,89.42,88.69,88.65,88.27
"12639",221,2015,87.29,85.88,88.18,84.63
"12640",222,2015,87.68,85.82,88.03,84.87
"12641",223,2015,86.92,86.23,88.91,84.91
"12642",224,2015,89.28,86.24,87.49,85.24
"12643",225,2015,92.21,89.28,89.32,89.51
"12644",226,2015,92.34,88.73,90.56,91.37
"12645",227,2015,90.92,87.72,91.05,86.24
"12646",228,2015,94.07,91.87,93.61,91.57
"12647",229,2015,88.49,86.42,89.54,86.08
"12648",230,2015,87.44,84.93,91,84.6
"12649",231,2015,91.91,88.08,91.01,86.32
"12650",232,2015,88.51,87.5,89.38,86.98
"12651",233,2015,86.53,86.29,86.18,87.34
"12652",234,2015,90.77,85.16,84.51,87.19
"12653",235,2015,91.31,86.51,89.06,86.31
"12654",236,2015,86.23,85.89,86.38,86.72
"12655",237,2015,86.69,83.26,87.43,81.58
"12656",238,2015,89.09,85.43,87.1,85.13
"12657",239,2015,89.55,87.99,87.59,86.99
"12658",240,2015,85.94,83.86,85.21,84.68
"12659",241,2015,89.61,83.82,88.87,84.51
"12660",242,2015,91.46,87.6,88.37,86.27
"12661",243,2015,89.22,85.01,88.31,84.94
"12662",244,2015,88.58,85.34,88.59,85.74
"12663",245,2015,89.12,87.57,91.04,86.54
"12664",246,2015,87.11,85.26,86.94,85.44
"12665",247,2015,87.81,83.99,83.95,83.57
"12666",248,2015,88.47,85.28,87.93,85.57
"12667",249,2015,93.7,89.05,91.2,90.11
"12668",250,2015,91.49,87.61,91.59,87.88
"12669",251,2015,86.38,83.24,85.15,84.09
"12670",252,2015,87.06,85.01,85.97,84.94
"12671",253,2015,86.83,87.26,87.91,88.58
"12672",254,2015,84.73,83.45,86.22,80.69
"12673",255,2015,82.84,81.7,84.2,81.99
"12674",256,2015,84.02,81.32,85.15,81.63
"12675",257,2015,88.6,82.8,87.76,82.11
"12676",258,2015,88,83.88,86.66,83.12
"12677",259,2015,88.37,85.09,86.92,83.3
"12678",260,2015,87.97,84.73,87.05,85.55
"12679",261,2015,88.98,86.51,87.48,85.25
"12680",262,2015,90.26,85.85,89.04,85.54
"12681",263,2015,91.13,87.19,89.48,87.31
"12682",264,2015,85.66,83.61,85.22,81.54
"12683",265,2015,87.24,82.9,85.62,82.52
"12684",266,2015,85.11,82.85,86.07,81.22
"12685",267,2015,82.9,80.57,82.27,83.02
"12686",268,2015,83.8,81.18,84.39,81.52
"12687",269,2015,85.02,83.11,85.34,83.57
"12688",270,2015,83.06,81.56,83.27,81.3
"12689",271,2015,85.7,82.02,85.05,80.39
"12690",272,2015,85.83,82.97,83.49,81.16
"12691",273,2015,86.3,83.02,83.09,82.25
"12692",274,2015,88.55,82.79,85.95,82.5
"12693",275,2015,89.14,84.65,87.28,84.64
"12694",276,2015,89.59,86.78,88.53,87.4
"12695",277,2015,86.91,84.18,85.25,85.36
"12696",278,2015,85.9,83.94,87.27,83.95
"12697",279,2015,87.25,84.85,86.11,86.62
"12698",280,2015,88.05,82.59,86.63,81.26
"12699",281,2015,89.66,85.88,85.88,85.13
"12700",282,2015,86.59,82.71,84.54,82.44
"12701",283,2015,90.18,85.16,87.73,86.5
"12702",284,2015,90.47,87.4,90.22,85.94
"12703",285,2015,91.89,89.87,91.55,89.6
"12704",286,2015,94.44,90.81,91.14,91.51
"12705",287,2015,91.02,88.66,92.08,87.62
"12706",288,2015,89.77,85.65,86.51,87.47
"12707",289,2015,84.52,81.19,83.94,80.2
"12708",290,2015,90.5,85.3,85.6,85.88
"12709",291,2015,89.13,85.86,87.64,86.32
"12710",292,2015,87.54,84.91,87.89,83.33
"12711",293,2015,84.67,83.55,85.69,82.24
"12712",294,2015,87.11,82.58,85.44,82.85
"12713",295,2015,88.22,84.21,84.24,83.91
"12714",296,2015,90.4,86.55,89.7,85.26
"12715",297,2015,87.97,86.67,90.04,86.09
"12716",298,2015,89.14,86.1,87.72,86.16
"12717",299,2015,86.43,83.47,85.99,82.83
"12718",300,2015,88.29,83.73,86.52,85.27
"12719",301,2015,90.28,87.67,87.55,88.26
"12720",302,2015,86.03,84.31,86.36,86.28
"12721",303,2015,86.86,84.33,88.16,83.37
"12722",304,2015,86.89,82.94,84.27,82.67
"12723",305,2015,88.55,83.08,84.6,84.21
"12724",306,2015,90.1,85.05,87.27,83.89
"12725",307,2015,87.85,84.86,87.38,83.88
"12726",308,2015,91.1,87.64,90.09,88.19
"12727",309,2015,92.63,88.31,92.05,88.2
"12728",310,2015,94.3,89.09,88.7,91.72
"12729",311,2015,92.43,87.94,91.1,88.58
"12730",312,2015,90.61,87.88,88.62,88.1
"12731",313,2015,88.18,85.41,87.09,84.82
"12732",314,2015,92.94,88.76,90.39,89.56
"12733",315,2015,91.23,88.77,90.33,87.46
"12734",316,2015,88.85,86.63,87.22,85.16
"12735",317,2015,87.75,84.36,85.85,84.13
"12736",318,2015,93.18,90.1,89.83,90.33
"12737",319,2015,92.12,90.06,91.59,91.08
"12738",320,2015,91.58,87.21,89.52,85.14
"12739",321,2015,87.1,83.85,85.66,80.2
"12740",322,2015,85.8,82.2,85.38,80.75
"12741",323,2015,84.51,82.36,84.12,82.96
"12742",324,2015,81.88,78.14,79.74,78.85
"12743",325,2015,81.2,77.89,79.29,75.25
"12744",326,2015,89.31,87.64,90.37,87
"12745",327,2015,91.38,84.86,86.32,88.17
"12746",328,2015,87.78,83.09,83.77,84.08
"12747",329,2015,86.6,82.2,83.96,84.28
"12748",330,2015,85.89,81.49,84.49,81.4
"12749",331,2015,91.56,85.73,87.47,85.27
"12750",332,2015,89.11,86.42,88.72,84.22
"12751",333,2015,88.99,85.11,85.91,84.27
"12752",334,2015,86.85,85.48,85.47,84.33
"12753",335,2015,85.33,81.94,83.5,83.77
"12754",336,2015,89.25,85.16,87.97,88.57
"12755",337,2015,91.6,88.45,90.18,90.44
"12756",338,2015,89.1,86.28,86.52,86.76
"12757",339,2015,87.82,84.17,83.73,85.84
"12758",340,2015,82.51,75.71,75.27,76.82
"12759",341,2015,79.05,74.77,74.16,73.87
"12760",342,2015,80.6,77.34,78.75,77.55
"12761",343,2015,82.56,79.3,79.86,79.38
"12762",344,2015,83.57,79.87,79.93,80.97
"12763",345,2015,83.18,77.77,79.71,80.37
"12764",346,2015,82.22,77.4,77.58,79.96
"12765",347,2015,86.81,78.39,82.27,80.66
"12766",348,2015,87.83,80.68,81.11,81.57
"12767",349,2015,88.45,80.77,81.71,80.61
"12768",350,2015,91.23,85.73,86.94,85.83
"12769",351,2015,89.33,85.94,87.03,85.37
"12770",352,2015,92.47,86.35,85.12,87.9
"12771",353,2015,86.21,80.52,77.94,81.34
"12772",354,2015,79.72,75.62,68.5,75.41
"12773",355,2015,77.41,73.34,70.9,71.51
"12774",356,2015,78.93,71.48,68.6,73.93
"12775",357,2015,74.87,68.22,65.82,68.93
"12776",358,2015,76.56,70.59,66.76,70.72
"12777",359,2015,74.72,64.53,66.59,66.27
"12778",360,2015,75.29,64.13,64.28,64.5
"12779",361,2015,72.74,65.36,61,66.23
"12780",362,2015,77.29,68.3,68.99,67.6
"12781",363,2015,81.32,69.79,70.55,70.24
"12782",364,2015,86.91,73.17,70.95,75.87
"12783",365,2015,80.39,67.38,63.21,71.27
"12784",1,2016,74.37,63.26,58.68,67.46
"12785",2,2016,71.67,62.48,58.29,64.88
"12786",3,2016,73.11,64.37,62.91,64.17
"12787",4,2016,73.03,64.16,61.75,65.47
"12788",5,2016,71.46,61.17,60.74,64.52
"12789",6,2016,75.73,59.57,63.52,62.87
"12790",7,2016,76.53,60.96,68.09,62.58
"12791",8,2016,70.1,56.47,58.53,59.11
"12792",9,2016,65.14,53.39,51.51,58.02
"12793",10,2016,57.39,49.95,48.03,55.94
"12794",11,2016,57.42,50.12,49.14,54.46
"12795",12,2016,57.64,50.73,49.21,52.8
"12796",13,2016,58.26,51.41,48.5,51.87
"12797",14,2016,56.86,53.1,50.61,54.28
"12798",15,2016,54.21,50.58,48.01,51.24
"12799",16,2016,54.23,51.87,48.36,52.48
"12800",17,2016,54.29,50.4,49.24,50.98
"12801",18,2016,52.39,50.3,48.27,49.89
"12802",19,2016,50.54,50.14,45.48,48.71
"12803",20,2016,51.19,52.58,47.28,52.24
"12804",21,2016,53.31,53.58,47.9,55.04
"12805",22,2016,52.67,53.1,47.23,53.95
"12806",23,2016,53.59,52.83,47.26,54.28
"12807",24,2016,52.55,50.95,47.81,51.72
"12808",25,2016,47.23,45.89,41.96,46.49
"12809",26,2016,45.82,45.89,44.65,47.33
"12810",27,2016,50.15,49.73,47.82,50.44
"12811",28,2016,54.1,50.16,46.03,51.83
"12812",29,2016,49.52,49.03,45.79,50.91
"12813",30,2016,47.29,47.74,43.08,50.56
"12814",31,2016,43.83,45.91,41.74,49.7
"12815",32,2016,46.43,47.99,43.1,49.56
"12816",33,2016,54.86,51.59,50.44,51.07
"12817",34,2016,60.42,55.28,52.12,54.76
"12818",35,2016,63.12,54.4,54.16,55.53
"12819",36,2016,60.33,52.06,55.58,51.4
"12820",37,2016,65.93,54.71,58.54,53.64
"12821",38,2016,75.59,60.73,64.52,62.9
"12822",39,2016,76.53,59.55,60.83,63.93
"12823",40,2016,70.24,54.74,56.55,55.76
"12824",41,2016,77.38,57.92,61.06,60.15
"12825",42,2016,81.19,59.31,61.1,59.81
"12826",43,2016,83.13,60.09,63.75,59.94
"12827",44,2016,76.88,58.89,61.26,55.55
"12828",45,2016,77.51,55.75,59.19,54.52
"12829",46,2016,73.71,56.34,57.55,58.98
"12830",47,2016,68.1,52.72,55.79,55
"12831",48,2016,72.2,54.64,58.14,55.65
"12832",49,2016,74.75,50.96,53.37,51.75
"12833",50,2016,77.46,58.04,58.48,56.44
"12834",51,2016,76.17,55.83,58.36,53.44
"12835",52,2016,79.45,55.65,57.51,54.1
"12836",53,2016,71.13,52.39,53.29,56.3
"12837",54,2016,63.89,48.53,49.98,50.81
"12838",55,2016,79.81,62.65,64.12,60.03
"12839",56,2016,83.72,61.36,58.15,63.49
"12840",57,2016,79.62,61.3,57.76,62.89
"12841",58,2016,66.02,47.96,45.19,50.04
"12842",59,2016,64.11,45.06,45.32,45.95
"12843",60,2016,65.33,47.7,48.91,46.86
"12844",61,2016,75.71,55.11,53.82,54.66
"12845",62,2016,81.76,65.86,59.78,65.6
"12846",63,2016,77.48,64.14,59.63,63
"12847",64,2016,73.68,55.42,51.65,54.43
"12848",65,2016,72.16,49.18,48.05,53.17
"12849",66,2016,64.18,42.87,41.41,45.65
"12850",67,2016,71.71,53.64,50.09,52.06
"12851",68,2016,71.04,49.8,47.8,52.17
"12852",69,2016,69.49,49.28,49.06,49.48
"12853",70,2016,62.71,43.8,42.85,44.85
"12854",71,2016,59.52,44.51,41.76,45.91
"12855",72,2016,55.41,43.56,41.45,45.45
"12856",73,2016,69.57,50.59,47.88,47.47
"12857",74,2016,77.35,62.92,64.29,59.11
"12858",75,2016,85.84,71.72,75.21,70.91
"12859",76,2016,87.01,79.07,81.77,78.92
"12860",77,2016,91.08,83.09,83.25,85.49
"12861",78,2016,88.16,85.99,85.16,85.72
"12862",79,2016,85.98,79.71,76.5,81.29
"12863",80,2016,85.99,80.25,76.28,81
"12864",81,2016,86.56,80.63,76.6,82.69
"12865",82,2016,82.3,75.75,67.83,77.39
"12866",83,2016,80.7,69.11,59.99,74.57
"12867",84,2016,77.04,64.2,59.11,67.07
"12868",85,2016,72.78,60.43,52.37,63.67
"12869",86,2016,76.51,59.39,52.23,61.68
"12870",87,2016,81.89,65.48,56.62,68.5
"12871",88,2016,85.2,75.36,72.22,73.6
"12872",89,2016,81.96,76.47,72.42,73.41
"12873",90,2016,82.07,74.48,70.52,77.75
"12874",91,2016,90.83,86.46,88.15,86.86
"12875",92,2016,89.63,85.15,83.9,85.51
"12876",93,2016,90.94,87.07,87.16,88
"12877",94,2016,90.75,85.42,85.71,86.29
"12878",95,2016,89.31,85.67,83.11,87.17
"12879",96,2016,91.26,86.81,87.83,86.27
"12880",97,2016,91.99,89.24,91.03,87.02
"12881",98,2016,87.22,83.96,87.84,85.15
"12882",99,2016,91.11,87.19,88.19,86.32
"12883",100,2016,88.13,86.42,84.85,88.03
"12884",101,2016,89.63,85.11,82.73,88.19
"12885",102,2016,86.87,82.49,79.5,85.4
"12886",103,2016,89.22,81.29,81.17,82.96
"12887",104,2016,90.03,84.01,86.19,83.55
"12888",105,2016,86.67,83.8,84.78,86.75
"12889",106,2016,83.95,82.35,85.43,83.7
"12890",107,2016,89.64,85.34,86.35,86.43
"12891",108,2016,92.71,87.33,90.57,87.07
"12892",109,2016,88.88,85.88,87.87,84.28
"12893",110,2016,87.25,85.06,87.13,83.62
"12894",111,2016,94.13,89.87,90.26,90.32
"12895",112,2016,88.07,86.58,88.67,87.45
"12896",113,2016,92.41,89.31,90.35,92.78
"12897",114,2016,91,86.82,92.36,89.15
"12898",115,2016,93.44,89.13,91.35,90.33
"12899",116,2016,87.56,85.95,85.16,85.2
"12900",117,2016,87.18,83.86,83.4,84.8
"12901",118,2016,88.23,83.31,86.49,83.26
"12902",119,2016,94.15,91.95,92.82,90.66
"12903",120,2016,94.13,91.95,96.52,90.61
"12904",121,2016,85.24,84.54,91.53,84.73
"12905",122,2016,85.5,82.28,91.4,78.94
"12906",123,2016,89.62,86.65,92.11,81.29
"12907",124,2016,91.27,86.37,88.08,89.13
"12908",125,2016,95.32,91.32,92.92,95.75
"12909",126,2016,88.22,86.83,87.21,87.94
"12910",127,2016,90.36,88.54,88.22,89.29
"12911",128,2016,89.58,86.55,88.74,87.4
"12912",129,2016,91.39,86.33,87.69,87.16
"12913",130,2016,91,89.16,89.4,90.85
"12914",131,2016,93.12,89.84,92.47,91.13
"12915",132,2016,91.43,88.99,92.6,87.98
"12916",133,2016,88.92,86.6,88.74,87.92
"12917",134,2016,91.57,88.75,87.92,89.2
"12918",135,2016,89.98,88.45,88.43,89.27
"12919",136,2016,89.17,88.6,91.16,87.39
"12920",137,2016,91.19,89.07,91.03,89.61
"12921",138,2016,95.08,90.14,90.97,92.47
"12922",139,2016,95.05,90.92,92.06,93.69
"12923",140,2016,93.41,89.52,89.65,90.5
"12924",141,2016,90.25,87.38,90.86,87.3
"12925",142,2016,92.68,90.67,90.7,89.74
"12926",143,2016,90.88,88.37,90.71,88.63
"12927",144,2016,92.8,88.38,90.85,88.7
"12928",145,2016,91.36,89.37,91.42,89.04
"12929",146,2016,94.49,90.32,92.15,91.49
"12930",147,2016,91.11,89.61,89.17,91.59
"12931",148,2016,90.84,89.48,88.16,90.78
"12932",149,2016,91.35,88.08,88.15,90.79
"12933",150,2016,92.15,89.04,91.49,88.08
"12934",151,2016,92.49,89.47,89.72,89.82
"12935",152,2016,89.59,88.01,90.72,89.03
"12936",153,2016,86.97,87.35,88.74,87.99
"12937",154,2016,87.58,84.67,87.48,84.52
"12938",155,2016,90.99,87.24,85.78,86.97
"12939",156,2016,87.46,83.55,85.78,80.56
"12940",157,2016,89.26,85.32,87.83,84.34
"12941",158,2016,86.31,86.46,88.37,87.35
"12942",159,2016,89,87.46,87.87,88.46
"12943",160,2016,89.88,86.66,88.7,87.23
"12944",161,2016,88.92,86.96,86.22,88.17
"12945",162,2016,92.82,89.54,90.47,91.11
"12946",163,2016,89.22,87.5,90.24,88.37
"12947",164,2016,88.98,85.65,87.05,86.7
"12948",165,2016,91.61,90.6,92.09,92.37
"12949",166,2016,95.18,92.31,94.24,91.51
"12950",167,2016,93.39,89.74,90.73,91.69
"12951",168,2016,87.65,84.79,86.59,85.12
"12952",169,2016,91.08,86.87,89.71,85.25
"12953",170,2016,92.04,87.19,89.17,90.08
"12954",171,2016,91.74,88.39,93.03,92.74
"12955",172,2016,92.05,86.53,89.84,88.29
"12956",173,2016,95.15,93.07,90.89,94.7
"12957",174,2016,92.45,90.02,94.7,88.02
"12958",175,2016,93.68,89.72,90.43,89.5
"12959",176,2016,94.38,91.15,92.71,91.85
"12960",177,2016,92.63,91.06,95.15,89.84
"12961",178,2016,93.19,90.9,90.94,91.59
"12962",179,2016,88.71,85.28,89.56,87.4
"12963",180,2016,90.39,87.07,87.11,86.79
"12964",181,2016,91.89,88.01,92.18,87.02
"12965",182,2016,96.35,91.33,94.03,91.75
"12966",183,2016,92.18,89.62,90.78,89.63
"12967",184,2016,91.59,85.88,89.36,87.51
"12968",185,2016,95.39,89.9,91.82,92.59
"12969",186,2016,94.11,91.98,90.86,94.68
"12970",187,2016,87.09,88.61,87.66,90.74
"12971",188,2016,94.74,94.02,93.95,93.09
"12972",189,2016,93.37,93.06,91.1,92.84
"12973",190,2016,88.64,86.5,88.06,87.4
"12974",191,2016,91.22,87.36,88.22,86.14
"12975",192,2016,91.44,89.92,90.81,88.43
"12976",193,2016,92.41,90.41,88.22,91.98
"12977",194,2016,91.68,87.96,89.4,89.26
"12978",195,2016,93.01,90.23,90.76,91.01
"12979",196,2016,91.86,88.9,89.12,91.22
"12980",197,2016,91.76,90.69,94.22,90.1
"12981",198,2016,93.4,92.31,92.81,92.67
"12982",199,2016,88.64,86.85,87.62,88.73
"12983",200,2016,89.42,83.95,85.27,86.98
"12984",201,2016,92.04,86.42,88.45,88.21
"12985",202,2016,91.04,87.78,90.34,87.1
"12986",203,2016,89.13,84.42,89.29,82.95
"12987",204,2016,90.3,86.35,88.9,83.24
"12988",205,2016,86.06,83.47,88.43,79.99
"12989",206,2016,87.13,86.46,90.25,83.1
"12990",207,2016,91.41,88.24,88.58,89.2
"12991",208,2016,84.88,84.25,83.85,86.15
"12992",209,2016,90.32,88.7,88.27,90.17
"12993",210,2016,92.55,88.66,90.62,89.46
"12994",211,2016,93,87.46,90.48,91.51
"12995",212,2016,91.02,83.96,89.47,85.07
"12996",213,2016,87.38,82.46,88.36,83.63
"12997",214,2016,93.6,87.53,91.54,85.61
"12998",215,2016,92.19,88.39,91.97,86.88
"12999",216,2016,89.51,84.97,88.93,81.6
"13000",217,2016,89.58,86.4,87.35,84
"13001",218,2016,91.93,86.41,87.69,84.18
"13002",219,2016,82.73,79.59,82.37,78.42
"13003",220,2016,81.26,78.24,80.65,78.27
"13004",221,2016,90.7,84.19,85.44,85.3
"13005",222,2016,93.18,89.68,89.83,89.27
"13006",223,2016,88.82,86.56,90.21,85.89
"13007",224,2016,86.84,83.73,85.68,84.09
"13008",225,2016,90.82,88.08,92.11,86.07
"13009",226,2016,88.17,89.16,86.56,87.5
"13010",227,2016,85.6,83.9,84.32,84.9
"13011",228,2016,85.92,83.28,86.28,82.22
"13012",229,2016,87.28,84.1,85.65,84.22
"13013",230,2016,88.84,83.25,86.01,82.78
"13014",231,2016,91.1,87.52,88.85,88.52
"13015",232,2016,87.9,87.06,86.75,86.53
"13016",233,2016,85.06,82.86,85.84,83.09
"13017",234,2016,87.48,84.17,85.47,84.77
"13018",235,2016,91.48,89.62,91.74,87.68
"13019",236,2016,88.7,86.79,90.13,83.48
"13020",237,2016,88.22,84.69,85.59,82.73
"13021",238,2016,85.2,81.65,84.79,82.66
"13022",239,2016,86.83,82.62,90.79,84.59
"13023",240,2016,89.12,84.23,87.74,82.08
"13024",241,2016,85.83,83.29,84.18,83.73
"13025",242,2016,87.07,83.05,84.58,82.2
"13026",243,2016,90.39,87.11,90.48,85.05
"13027",244,2016,89.6,84.82,87.22,83.67
"13028",245,2016,92.07,89.24,89.1,88.92
"13029",246,2016,89.96,88.96,88.28,87.66
"13030",247,2016,88.55,86.1,87.88,85.28
"13031",248,2016,88.62,85.42,85.29,87.6
"13032",249,2016,87.61,85.02,85.7,84.73
"13033",250,2016,89.96,85.92,89.08,84.63
"13034",251,2016,93.6,88.03,90.75,87.54
"13035",252,2016,87.61,84.59,86.73,83.77
"13036",253,2016,86.43,82.39,85.48,85.9
"13037",254,2016,90.26,87.64,89.49,87.7
"13038",255,2016,90.83,89.58,92.45,87.74
"13039",256,2016,85.23,83.47,85.39,83.35
"13040",257,2016,86.06,85.07,85.53,86.28
"13041",258,2016,90.62,88.7,86.15,89.74
"13042",259,2016,89.12,87.54,87.67,87.72
"13043",260,2016,85.84,85.3,87.64,82.91
"13044",261,2016,87.22,84.45,85.27,84.57
"13045",262,2016,87.03,82.97,84.57,84.03
"13046",263,2016,90.2,87.02,89.21,87.4
"13047",264,2016,89.04,86.6,90.41,86.65
"13048",265,2016,87.6,84.04,88.18,83.01
"13049",266,2016,86.77,83.63,84.8,84.18
"13050",267,2016,87.56,83.49,84.17,84.03
"13051",268,2016,89.88,85.64,85.48,85.78
"13052",269,2016,93.33,89.36,91.93,89.77
"13053",270,2016,87.67,86.25,87.13,86.54
"13054",271,2016,85.7,81.86,83.06,83.58
"13055",272,2016,89.18,82.36,83.28,83.23
"13056",273,2016,89.34,84.65,85.05,85.72
"13057",274,2016,84.24,81.45,81.23,84.51
"13058",275,2016,89.13,86.13,86.47,88.43
"13059",276,2016,92.52,89.53,91.1,88.66
"13060",277,2016,92.01,87.51,92.92,86.84
"13061",278,2016,85.88,83.62,86.35,83.21
"13062",279,2016,85.14,82.49,85.77,82.54
"13063",280,2016,88.66,84.93,85.7,85.14
"13064",281,2016,90.22,85.58,86.85,88.15
"13065",282,2016,87.79,85.73,86.26,86.88
"13066",283,2016,93.41,90.82,89,91.96
"13067",284,2016,88.29,83.94,90.23,80.52
"13068",285,2016,88.27,86.68,85.81,84.06
"13069",286,2016,87.58,85.13,85.02,87.27
"13070",287,2016,90.05,86.53,84.23,87.05
"13071",288,2016,91.81,88.07,89.68,88.3
"13072",289,2016,91.25,86.27,90.17,86.71
"13073",290,2016,86.97,84.43,87.01,85.09
"13074",291,2016,85.4,83.25,85.24,84.21
"13075",292,2016,86.04,83.04,87.98,83.37
"13076",293,2016,87.62,85.44,85.94,86.35
"13077",294,2016,86.33,84.04,86.68,85.2
"13078",295,2016,88.64,83.76,86.01,82.55
"13079",296,2016,89.81,85.34,86.05,84.28
"13080",297,2016,91.38,88.16,88.4,86.57
"13081",298,2016,87.75,83.82,85.73,83.73
"13082",299,2016,90.75,85.48,86.02,87.24
"13083",300,2016,88.34,84.86,84.74,86.49
"13084",301,2016,89.34,85.86,87.09,86.2
"13085",302,2016,92.8,89.41,91.79,89.9
"13086",303,2016,92.67,88.64,90.54,91.17
"13087",304,2016,83.79,80.18,87.11,79.46
"13088",305,2016,82.91,78.94,81.62,80.56
"13089",306,2016,86.27,82.29,83.02,81.61
"13090",307,2016,88.67,85.85,87.65,86.63
"13091",308,2016,85.77,83.89,86.64,85.86
"13092",309,2016,90.95,87.45,88.48,87.47
"13093",310,2016,88.96,85.6,90.98,84.04
"13094",311,2016,87.92,83.49,87.16,80.7
"13095",312,2016,85,82.34,84.72,82.2
"13096",313,2016,88.76,85.08,87.04,86.26
"13097",314,2016,89.39,85.02,88.38,86.32
"13098",315,2016,91.66,86.89,88.06,87.37
"13099",316,2016,93.46,89.07,92.17,89.79
"13100",317,2016,87.48,85.44,89.08,85.13
"13101",318,2016,84.23,82.4,83.42,83.8
"13102",319,2016,87.83,83.08,82.26,86.04
"13103",320,2016,82.91,78.91,81.94,79.71
"13104",321,2016,80.75,77.74,81.55,77.81
"13105",322,2016,84.13,80.51,84.45,79.21
"13106",323,2016,91.47,87.56,90.27,85.65
"13107",324,2016,90.96,86.79,90.47,87.82
"13108",325,2016,88.24,86.02,85.94,87.4
"13109",326,2016,86.89,84.89,84.44,85.34
"13110",327,2016,88.92,84.14,84.11,85.19
"13111",328,2016,90.46,84.39,87.09,83.75
"13112",329,2016,90.79,86.72,89.99,85.28
"13113",330,2016,94.08,91.14,92.57,89.98
"13114",331,2016,90.94,87.38,89.06,87.67
"13115",332,2016,89.71,88.06,88.32,88.63
"13116",333,2016,90.47,86.26,88.32,88.65
"13117",334,2016,94.24,89.95,92.02,91.67
"13118",335,2016,91.07,88.36,90.97,86.59
"13119",336,2016,88.68,86.55,89.66,85.47
"13120",337,2016,91.91,89.15,89.41,93.23
"13121",338,2016,91.9,87.13,89.05,88.19
"13122",339,2016,90.62,84.29,86.46,84.22
"13123",340,2016,87.77,82.39,84.46,83.21
"13124",341,2016,88.93,83.67,86.39,84.6
"13125",342,2016,86.28,83.03,85.04,82.67
"13126",343,2016,86.77,83.03,84.46,82.39
"13127",344,2016,88.52,84.38,85.74,83.47
"13128",345,2016,86.52,82.94,81.73,83.31
"13129",346,2016,83.03,78.94,77.66,78.11
"13130",347,2016,84.4,80.03,80,78.37
"13131",348,2016,85.15,80.21,81.38,77.44
"13132",349,2016,82.63,79.25,79.4,78.17
"13133",350,2016,85.53,77.09,79.58,76.04
"13134",351,2016,87.29,74.79,77.99,73.5
"13135",352,2016,85.25,74.87,77.98,74.88
"13136",353,2016,83.7,76.16,74.82,77.45
"13137",354,2016,75.88,71.34,71.49,72.43
"13138",355,2016,73.28,67.61,70.19,67.23
"13139",356,2016,76.29,70.4,72.84,70.47
"13140",357,2016,83.35,73.25,77.23,70.9
"13141",358,2016,89.69,77.85,81.33,77.74
"13142",359,2016,92.2,86.62,86.91,86.4
"13143",360,2016,89.84,86.15,85.11,85.68
"13144",361,2016,88.4,81.31,80.37,83.2
"13145",362,2016,80.35,73.13,71.59,75.29
"13146",363,2016,77.93,72.84,72.41,72.96
"13147",364,2016,84.57,76.85,78.04,76.72
"13148",365,2016,93.53,86.22,84.84,86.15
"13149",366,2016,93.29,89.25,87.46,90.65
"13150",1,2017,88.09,84.66,80.25,84.8
"13151",2,2017,83.23,75.3,73.9,76.32
"13152",3,2017,84.88,77.15,77.65,77.14
"13153",4,2017,89.61,81.25,79.76,83.37
"13154",5,2017,88.2,78.64,78.02,81.19
"13155",6,2017,88.93,80.3,78.29,80.33
"13156",7,2017,88.04,81.04,78.47,82.46
"13157",8,2017,90.84,82.61,82.32,82.64
"13158",9,2017,83.93,78.94,74.9,80.74
"13159",10,2017,77,71.44,67.95,75.3
"13160",11,2017,74.98,68.79,65.4,71.17
"13161",12,2017,75.89,69.01,66.45,69.05
"13162",13,2017,81.45,71.01,70.73,72.05
"13163",14,2017,75.95,66.94,65.74,71.04
"13164",15,2017,69.78,62.5,62.32,66.75
"13165",16,2017,69.26,62.77,60.81,63.17
"13166",17,2017,70.6,62.08,62.58,62.09
"13167",18,2017,69.25,61.78,61.63,61.43
"13168",19,2017,69.9,63.1,64,63.81
"13169",20,2017,70.1,61.73,62.83,63.27
"13170",21,2017,71.19,62.31,63.07,63.41
"13171",22,2017,75.05,64.87,65.38,66.81
"13172",23,2017,77.64,67.35,71.25,68.02
"13173",24,2017,74.41,64.84,67.29,65.11
"13174",25,2017,78.7,65.58,69.17,66.35
"13175",26,2017,85.51,73.46,70.93,70.9
"13176",27,2017,82.28,65.55,65.09,68.49
"13177",28,2017,80.29,63.19,65.92,60.9
"13178",29,2017,81.02,66.4,72.35,63.79
"13179",30,2017,87.44,71.38,76,70.77
"13180",31,2017,91.2,80.37,81.41,78.54
"13181",32,2017,85,73.34,71.23,73.21
"13182",33,2017,78.81,61.9,62.77,63.71
"13183",34,2017,77.42,62.35,61.98,63.95
"13184",35,2017,73.54,60.46,58.86,61.11
"13185",36,2017,73.99,57.12,57.47,57.64
"13186",37,2017,71.18,53.42,54.08,54.35
"13187",38,2017,71.55,54.41,56.26,54.81
"13188",39,2017,75.65,54.36,57.52,52.23
"13189",40,2017,72.59,54.83,56.58,54.03
"13190",41,2017,67.03,52.16,53.1,53.4
"13191",42,2017,59.12,49.14,50.24,49.6
"13192",43,2017,55.13,47.98,48.7,47.94
"13193",44,2017,51.35,46.05,46.04,47.19
"13194",45,2017,51.88,46.42,46.67,46.42
"13195",46,2017,53.38,47.16,46.74,48.2
"13196",47,2017,62.79,48.15,51.14,48.46
"13197",48,2017,61.64,47.03,50.44,47.17
"13198",49,2017,56.79,45.61,50.23,45.03
"13199",50,2017,59.23,50.76,55.8,48.01
"13200",51,2017,70.42,56.04,64.35,53.52
"13201",52,2017,75.85,61.53,69.23,59.54
"13202",53,2017,76.17,65.66,66.13,62.48
"13203",54,2017,85.28,69.94,68.03,73.58
"13204",55,2017,86.47,72.74,78.08,73.8
"13205",56,2017,80.32,64.42,71.42,66.07
"13206",57,2017,75.07,56.41,64.36,57.58
"13207",58,2017,79.63,55.87,57.72,61.09
"13208",59,2017,71.83,54.85,57.33,53.76
"13209",60,2017,64.95,52.85,54.6,52.67
"13210",61,2017,63.09,51.29,53.62,52.75
"13211",62,2017,63.72,51.61,56.21,52.38
"13212",63,2017,67.91,57.27,59.96,55.34
"13213",64,2017,74.5,60.6,59.56,59.3
"13214",65,2017,82.58,60.94,60.55,65.95
"13215",66,2017,85.31,65.82,63.16,70.85
"13216",67,2017,87.14,63.31,60.7,68.95
"13217",68,2017,81.03,62.25,60.64,70.34
"13218",69,2017,81.34,58.49,58.72,64.92
"13219",70,2017,86.47,66.62,68.21,66.83
"13220",71,2017,89.98,85.48,85.98,89.02
"13221",72,2017,89.12,79.77,76,81.75
"13222",73,2017,84.82,72.82,69.48,76.82
"13223",74,2017,80.35,67.08,61.28,72.31
"13224",75,2017,75.84,63.99,59.17,67.09
"13225",76,2017,67.61,57.85,51.75,62.41
"13226",77,2017,67.93,57.73,50.93,62.14
"13227",78,2017,84.82,68.14,67.04,69.46
"13228",79,2017,84.47,75.4,70.91,78.11
"13229",80,2017,85.02,75.87,68.97,81.83
"13230",81,2017,90.51,84.96,77.66,89.79
"13231",82,2017,91.89,87.22,91.51,84.93
"13232",83,2017,90.52,87.03,89.21,84.79
"13233",84,2017,88.71,85.73,86.16,82.63
"13234",85,2017,90.17,85.99,86.03,83.23
"13235",86,2017,90.53,85.34,85.32,86.67
"13236",87,2017,89.4,85.87,85.23,87.1
"13237",88,2017,90.03,87.4,86.67,87.75
"13238",89,2017,89.1,85.98,86.46,86.78
"13239",90,2017,92.14,84.93,82.75,87.47
"13240",91,2017,89.12,82.37,81.21,85.09
"13241",92,2017,85.52,76.5,77.01,77.74
"13242",93,2017,79.92,71.49,70.9,72.35
"13243",94,2017,76.93,66.12,64.71,67.52
"13244",95,2017,73.4,62.46,60.36,63.76
"13245",96,2017,70.82,62.16,58.31,64.02
"13246",97,2017,73.85,65,63.22,66.63
"13247",98,2017,78.77,69.81,64.11,68.06
"13248",99,2017,84.69,74.57,67.02,75.04
"13249",100,2017,84.94,75.91,72.38,75.07
"13250",101,2017,87.03,75.71,79.43,75.68
"13251",102,2017,90.39,82.66,85.07,82.65
"13252",103,2017,89.99,85.91,89.22,85.23
"13253",104,2017,92.86,89.24,88.3,89.45
"13254",105,2017,87.49,85.55,88.09,84.25
"13255",106,2017,91.23,88.11,91.82,85.3
"13256",107,2017,90.21,87.93,91.08,84.96
"13257",108,2017,88.6,86.07,87.01,85.23
"13258",109,2017,90.88,86.95,86.64,88.85
"13259",110,2017,87.55,85.12,83.43,86.5
"13260",111,2017,89.74,85.87,87.3,86.4
"13261",112,2017,88.31,86.31,87.93,86.13
"13262",113,2017,89.47,86.87,90.05,86.99
"13263",114,2017,88.48,84.58,86.75,84.56
"13264",115,2017,88.41,85.68,86.12,84.63
"13265",116,2017,88.28,83.69,84.13,84.16
"13266",117,2017,89.64,82.5,83,85.17
"13267",118,2017,91.56,89.18,90.53,89.02
"13268",119,2017,87.43,84.05,84.88,83.15
"13269",120,2017,96.33,93.55,93.47,93.52
"13270",121,2017,92.23,87.34,93.42,87.65
"13271",122,2017,86.47,85.82,89.08,83.83
"13272",123,2017,91.97,90.23,91.35,88.35
"13273",124,2017,87.21,86.97,88.56,86.55
"13274",125,2017,92.11,88.84,92.11,89.43
"13275",126,2017,88.74,89.38,88.9,89.54
"13276",127,2017,93.99,89.04,89.33,90.52
"13277",128,2017,94.99,92.34,91.4,93.93
"13278",129,2017,90.64,87.78,88.21,89.28
"13279",130,2017,94.21,88.97,89.67,91.41
"13280",131,2017,91.02,87.15,92.05,87.64
"13281",132,2017,86.93,85.28,85.42,86.34
"13282",133,2017,87.66,87.09,85.46,88.08
"13283",134,2017,91.31,86.65,87.4,87.66
"13284",135,2017,96.25,92.95,93.94,92.77
"13285",136,2017,92.47,90.54,93.15,89.28
"13286",137,2017,87.25,85.11,87.14,86.53
"13287",138,2017,86.68,81.96,84.34,84.14
"13288",139,2017,85.56,83.26,85.13,84.32
"13289",140,2017,85.97,83,83.55,82.28
"13290",141,2017,86.92,82.54,84.7,82.97
"13291",142,2017,93.93,88.97,91.33,89.71
"13292",143,2017,87.71,87.58,90.12,86.99
"13293",144,2017,91.55,90.82,91.9,90.07
"13294",145,2017,84.83,86.7,88.19,85.47
"13295",146,2017,84.55,86.13,89.29,85.37
"13296",147,2017,87.31,85.69,90.41,85.33
"13297",148,2017,86.06,84.83,84.55,86.38
"13298",149,2017,86.36,85.32,88.23,86.2
"13299",150,2017,91.02,88.28,90.88,89.43
"13300",151,2017,89.98,88.62,90.32,90.29
"13301",152,2017,92.56,88.65,92.23,87.48
"13302",153,2017,88.29,84.57,87.16,86.53
"13303",154,2017,89.48,86.96,89.48,86.09
"13304",155,2017,90.62,88.91,90.7,89.52
"13305",156,2017,88.09,88.58,90.41,87.56
"13306",157,2017,90.22,87.37,93.28,86.74
"13307",158,2017,94.1,90.74,92.72,91.03
"13308",159,2017,96.24,96.11,95.2,96.19
"13309",160,2017,91.16,89.83,92.16,88.61
"13310",161,2017,84.96,86.98,91.07,87.82
"13311",162,2017,90.7,90.34,88.87,89.68
"13312",163,2017,95.3,92.09,92.6,92.07
"13313",164,2017,94.45,94.38,93.76,91.57
"13314",165,2017,89.67,87.52,87.64,87.44
"13315",166,2017,89.16,87.82,86.43,89
"13316",167,2017,88.21,86.72,89.97,85.41
"13317",168,2017,94.01,89.09,89.47,89.62
"13318",169,2017,91.68,89.7,88.03,92.41
"13319",170,2017,90.64,91.38,90.41,91.99
"13320",171,2017,90.39,86.39,87.89,88.27
"13321",172,2017,90,86.58,89.17,86.68
"13322",173,2017,89.94,86.3,89.71,81.74
"13323",174,2017,91.08,85.74,88.92,86.13
"13324",175,2017,93.09,88.38,91.58,89.68
"13325",176,2017,88.02,85.37,89.75,85.61
"13326",177,2017,95.06,91.01,93.96,90.09
"13327",178,2017,89.13,85.85,87.77,85.28
"13328",179,2017,92.05,85.39,86.71,84.2
"13329",180,2017,93.44,91.03,93.22,90.86
"13330",181,2017,91.8,88.91,90.17,87.19
"13331",182,2017,89.67,84.03,84.53,86.86
"13332",183,2017,88.29,86.44,85.77,88.61
"13333",184,2017,88.78,82.85,86.42,83.41
"13334",185,2017,86.81,84.52,87.24,85.52
"13335",186,2017,89.87,85.7,89.4,84.69
"13336",187,2017,86.07,82.65,87.03,78.79
"13337",188,2017,87.48,83.42,87.58,80.05
"13338",189,2017,91.88,85.35,88.86,81.25
"13339",190,2017,93.46,86.49,90.92,84.03
"13340",191,2017,93.22,92,94.25,87.05
"13341",192,2017,95.61,91.96,92.62,90.85
"13342",193,2017,96.87,92.06,95.04,91.22
"13343",194,2017,91.58,85.88,88.92,85.39
"13344",195,2017,83.97,82.8,88.32,80.39
"13345",196,2017,86.13,83.12,87.95,80.86
"13346",197,2017,85.31,85.57,85.07,87.05
"13347",198,2017,86.29,85.72,87.62,86.89
"13348",199,2017,95.11,90.35,89.59,92.72
"13349",200,2017,94.72,93.13,94.75,91.94
"13350",201,2017,88.03,86.2,94.45,84.08
"13351",202,2017,86.89,82.11,86.58,80.31
"13352",203,2017,88.72,83.93,89.52,85.06
"13353",204,2017,86.89,80.6,83.99,82.89
"13354",205,2017,88.75,84.69,85,87.77
"13355",206,2017,88.04,86.26,90.33,83.49
"13356",207,2017,89.09,83.92,88.61,85.59
"13357",208,2017,92.54,86.67,87.45,86.25
"13358",209,2017,94.42,89.43,90.61,88.73
"13359",210,2017,91.83,85.13,91.99,82.96
"13360",211,2017,92.52,87.63,90.46,82.64
"13361",212,2017,88.8,85.96,87.29,81.67
"13362",213,2017,88.98,80.9,83.52,77.68
"13363",214,2017,80.15,77,83.39,77.66
"13364",215,2017,81.49,78.28,84.96,77.14
"13365",216,2017,84.57,82.08,82.51,85.44
"13366",217,2017,90.56,87.36,89.13,85.13
"13367",218,2017,86.06,83.61,86.66,83.16
"13368",219,2017,84.35,81.1,85.54,78.28
"13369",220,2017,84.53,82.5,86.56,79.67
"13370",221,2017,84.8,83.74,86.11,82.63
"13371",222,2017,83.18,82.94,88.43,81.59
"13372",223,2017,85.99,85.16,86.01,85.19
"13373",224,2017,84.99,83.28,84.78,84.27
"13374",225,2017,81.99,80.56,83.68,80.97
"13375",226,2017,82.6,81.01,84.14,79.51
"13376",227,2017,91.18,86.74,91.25,85.45
"13377",228,2017,90.17,86.86,90.31,87.14
"13378",229,2017,86.5,83.79,84.28,82.35
"13379",230,2017,88.67,85.21,85.58,84.32
"13380",231,2017,89.9,86.05,87.9,85.03
"13381",232,2017,89.06,87.03,86.11,88.04
"13382",233,2017,85.52,85.22,87.1,84.49
"13383",234,2017,89.38,86.08,88.81,85.33
"13384",235,2017,85.72,82.98,87.22,81.11
"13385",236,2017,85.74,84.19,88.6,83.35
"13386",237,2017,85.39,84.8,86.04,83.15
"13387",238,2017,86.16,83.28,86.16,83.71
"13388",239,2017,89.15,86.78,84.71,90.32
"13389",240,2017,86.49,85.16,86.1,86.37
"13390",241,2017,91.56,87,86.87,88.47
"13391",242,2017,88.36,87.3,90.33,85.98
"13392",243,2017,84.21,83.74,87.21,82.2
"13393",244,2017,82.41,80.78,83.24,78.96
"13394",245,2017,84.19,81.68,86.18,80.28
"13395",246,2017,85.67,84.41,86.63,80.29
"13396",247,2017,82.98,81.01,82.43,79.49
"13397",248,2017,85.59,81.33,81.93,78.28
"13398",249,2017,82.95,79,82.09,78.17
"13399",250,2017,82.99,79.25,84.07,79.54
"13400",251,2017,89.45,86.55,84.72,88.16
"13401",252,2017,88.74,85.73,88.62,85.82
"13402",253,2017,90.41,85.85,88.19,84.89
"13403",254,2017,85.43,82.84,83.51,83.99
"13404",255,2017,90.95,85.91,86.83,86.82
"13405",256,2017,89.29,84.99,86.58,84.81
"13406",257,2017,85.47,82.63,85.06,85.05
"13407",258,2017,82.88,79.51,82.71,81.06
"13408",259,2017,90.97,85.36,88.66,85.29
"13409",260,2017,88.49,84.76,87.52,81.7
"13410",261,2017,88.34,83.82,86.85,80.16
"13411",262,2017,85.59,82.09,85.52,81.24
"13412",263,2017,87.19,82.96,83.13,82.99
"13413",264,2017,84.78,83.7,83.06,83.9
"13414",265,2017,86,84.48,85.99,84.11
"13415",266,2017,88.78,83.66,84.99,84.77
"13416",267,2017,88.71,86.35,87.06,86.39
"13417",268,2017,82.04,79.38,87.42,72.87
"13418",269,2017,84.85,81.63,88.83,76.53
"13419",270,2017,88.37,85.57,89.03,83.67
"13420",271,2017,87.67,85.53,85.05,85.63
"13421",272,2017,93.66,89.98,93.02,89.91
"13422",273,2017,86.34,84.62,85.49,86.09
"13423",274,2017,83.78,80.57,84.26,80.72
"13424",275,2017,84.82,81.36,83.36,80.27
"13425",276,2017,85.42,81.81,83.13,81.81
"13426",277,2017,92.49,89.02,90.37,89.34
"13427",278,2017,87.22,83.83,85.91,82.88
"13428",279,2017,88.09,83.71,86.58,85.07
"13429",280,2017,91.33,86.65,88.25,86.43
"13430",281,2017,86.49,84.72,85.42,85.95
"13431",282,2017,82.86,81.14,82.64,81.58
"13432",283,2017,83.45,81.24,84.02,81.3
"13433",284,2017,88.9,85.57,85.53,86.17
"13434",285,2017,88.7,83.27,84.16,83.46
"13435",286,2017,92.83,86.42,88.95,88.08
"13436",287,2017,89.15,87.54,88.55,85.25
"13437",288,2017,89.1,86.17,90.23,85.17
"13438",289,2017,88.73,86.84,89.17,86.67
"13439",290,2017,87.18,83.14,88.67,83.07
"13440",291,2017,85.29,83.11,87.73,80.91
"13441",292,2017,86.34,85.67,89.88,81.76
"13442",293,2017,87.38,85.31,86.5,84.38
"13443",294,2017,91.43,87.82,89.67,89.13
"13444",295,2017,88.21,84.87,86.84,85.42
"13445",296,2017,85.3,81.85,85.39,82.93
"13446",297,2017,89.59,86.43,88.69,86.46
"13447",298,2017,89.08,86.84,88.82,85.38
"13448",299,2017,87.43,84.05,86.06,83.6
"13449",300,2017,86.06,83.99,83.98,84.19
"13450",301,2017,89.03,84.6,88.02,86.12
"13451",302,2017,91.02,87.73,89.97,88.49
"13452",303,2017,89.35,86.34,86.92,87
"13453",304,2017,89.95,85.38,87.53,87.59
"13454",305,2017,86.9,82.83,84.87,84.57
"13455",306,2017,89.49,85.17,87.6,85.5
"13456",307,2017,91.41,86.34,89.26,88.14
"13457",308,2017,91.31,89.29,92.56,90.68
"13458",309,2017,91.04,88.57,90.25,88.53
"13459",310,2017,91.35,89.78,90.69,89.56
"13460",311,2017,88.65,86.12,87.11,86.04
"13461",312,2017,87.73,83.48,86.6,84.73
"13462",313,2017,86.45,83.09,85,84.07
"13463",314,2017,87.98,82.23,85.34,83.67
"13464",315,2017,92.11,85.08,86.65,84.95
"13465",316,2017,90.28,85.28,86.73,85.29
"13466",317,2017,91.21,85.59,87.8,85.59
"13467",318,2017,93.41,90.02,90.16,89.88
"13468",319,2017,89.64,87.67,89.01,89.55
"13469",320,2017,88.79,85.88,87.5,86.09
"13470",321,2017,88.91,84.76,87.33,84.91
"13471",322,2017,88.08,84.71,85.29,85.26
"13472",323,2017,87.22,82.82,83.59,84.47
"13473",324,2017,85.91,78.77,82.05,79.72
"13474",325,2017,87.06,80.95,84.71,80.53
"13475",326,2017,87.4,83.03,84.72,82
"13476",327,2017,88.99,83.9,85.88,84.9
"13477",328,2017,91.98,85.7,88.63,86.22
"13478",329,2017,93.61,88.93,91.29,89.02
"13479",330,2017,89.4,84.59,87.51,83.47
"13480",331,2017,86.36,80.58,81.67,80.93
"13481",332,2017,83.1,76.87,77.74,75.96
"13482",333,2017,85.6,79.03,81.68,77.18
"13483",334,2017,86.35,80.37,83.69,80.95
"13484",335,2017,82.9,77.72,79.54,80.11
"13485",336,2017,81.41,75.17,75.35,77.35
"13486",337,2017,89.06,76.52,79.34,77.29
"13487",338,2017,87.46,81.87,84.56,82.27
"13488",339,2017,83.12,79.98,80.4,78.23
"13489",340,2017,80.14,73.72,73.48,74
"13490",341,2017,88.86,79.91,82.92,79.21
"13491",342,2017,86.84,75.28,80.43,73.78
"13492",343,2017,83.16,71.94,74.49,71.22
"13493",344,2017,77.73,68.84,68.58,69.23
"13494",345,2017,73.52,67.21,64.16,69.42
"13495",346,2017,76.31,66.54,67.44,70.43
"13496",347,2017,77.5,67.66,72.81,66.89
"13497",348,2017,77.47,66.74,68.06,69.79
"13498",349,2017,84.26,68.56,71.81,69.78
"13499",350,2017,73.04,60.47,60.88,63.4
"13500",351,2017,65.4,55.88,55.75,58.83
"13501",352,2017,65.21,55.9,55.7,57.36
"13502",353,2017,62.75,54.49,53.66,58.3
"13503",354,2017,65.32,57.24,55.54,59.23
"13504",355,2017,68.87,59.53,57.92,60.83
"13505",356,2017,71.93,58.72,62.26,61.29
"13506",357,2017,71.1,57.54,59.83,60.7
"13507",358,2017,68.43,55.92,56.92,59.17
"13508",359,2017,63.52,52.03,53.36,54.42
"13509",360,2017,58.48,52.01,52.27,54.19
"13510",361,2017,70.03,58.62,60.72,60.34
"13511",362,2017,84.11,67.79,69.59,66.8
"13512",363,2017,87.37,74.22,77.53,72.19
"13513",364,2017,91.78,80.79,79.84,81.83
"13514",365,2017,88.7,82.63,82.75,80.51
"13515",1,2018,89.45,83.24,80.4,83.45
"13516",2,2018,90.44,84.84,85.95,82.23
"13517",3,2018,87.86,82.49,81.83,78.75
"13518",4,2018,85.2,76.15,74.96,75.48
"13519",5,2018,82.32,71.11,70.5,69.89
"13520",6,2018,81.31,66.29,63.86,67.23
"13521",7,2018,79.53,66.52,65.44,64.73
"13522",8,2018,81.93,67.78,66.7,65.8
"13523",9,2018,87.25,73.12,68.84,70.9
"13524",10,2018,85.81,72.17,71.87,69.66
"13525",11,2018,86.79,73.27,73.43,71.23
"13526",12,2018,90.29,76.36,76.99,74.19
"13527",13,2018,89.07,72.2,71.23,72.85
"13528",14,2018,83.14,65.21,65.32,64.79
"13529",15,2018,84.66,64.44,65.38,65.93
"13530",16,2018,91.09,72.73,75.79,69.73
"13531",17,2018,92.96,82.6,85.36,77.95
"13532",18,2018,91.95,85.81,86.22,82.6
"13533",19,2018,88.9,80.76,79.87,80.5
"13534",20,2018,86.78,73.99,74.93,72.84
"13535",21,2018,81.6,69.71,70.78,66.46
"13536",22,2018,77.54,65.29,67.27,61.39
"13537",23,2018,76,62.1,64.16,57.96
"13538",24,2018,74.12,59.88,59.8,57.06
"13539",25,2018,80.23,63.82,67.31,60.38
"13540",26,2018,81.72,66.56,64.51,62.35
"13541",27,2018,72.65,54.77,53.5,55.49
"13542",28,2018,67.42,52,50.95,52.7
"13543",29,2018,66.64,51.31,50.5,52
"13544",30,2018,67.9,52.48,53.03,51.17
"13545",31,2018,67.56,50.16,52.91,48.92
"13546",32,2018,64.34,47.54,49.65,48.8
"13547",33,2018,58.59,47.68,46.92,48.71
"13548",34,2018,57.83,47.13,47.14,49.74
"13549",35,2018,58.54,47.34,47.78,50.25
"13550",36,2018,54.12,45.21,46.54,47.7
"13551",37,2018,51.34,44.57,46.11,45.37
"13552",38,2018,51.64,45.03,47.05,45.32
"13553",39,2018,53.03,44.21,46.72,44.77
"13554",40,2018,54.37,45.66,46.58,46
"13555",41,2018,56.94,48.18,49.65,48.18
"13556",42,2018,59.25,48.79,51.8,48.34
"13557",43,2018,60.29,46.37,47.96,48.11
"13558",44,2018,54.85,44.08,45.34,46.1
"13559",45,2018,54.89,44.81,46.57,45.51
"13560",46,2018,59.3,47.94,50.73,47.81
"13561",47,2018,64.3,52.75,53.78,52.88
"13562",48,2018,75.48,54.78,55.29,56.22
"13563",49,2018,66.31,48.26,47.8,50.01
"13564",50,2018,50.51,40.76,39.58,43.26
"13565",51,2018,45.46,41.27,41.78,41.14
"13566",52,2018,46.59,41.1,42.41,41.84
"13567",53,2018,45.11,40.8,40.54,41.29
"13568",54,2018,46.31,42.62,43.45,42.66
"13569",55,2018,49.57,42.89,43.65,43.11
"13570",56,2018,51.49,42.84,43.36,43.31
"13571",57,2018,48.28,43.67,42.66,45.57
"13572",58,2018,50.91,45.56,44.83,47.46
"13573",59,2018,58.03,44.84,46.09,47.01
"13574",60,2018,56.68,41.52,42.26,43.18
"13575",61,2018,63.57,42.07,43.05,42.55
"13576",62,2018,72.04,52.32,61.29,47.26
"13577",63,2018,73.23,60.41,71.74,55.81
"13578",64,2018,84.7,74.18,80.1,74.38
"13579",65,2018,87.58,83.61,87.61,82.8
"13580",66,2018,86.72,80.01,83.95,80.36
"13581",67,2018,91.06,85.23,86.55,86.62
"13582",68,2018,82.67,76.48,77.96,77.65
"13583",69,2018,73.57,64.37,66.18,66.39
"13584",70,2018,69.93,59.79,61.5,60.61
"13585",71,2018,68.2,59.78,60.72,59.86
"13586",72,2018,63.63,55.4,54.76,57.72
"13587",73,2018,63.13,53.11,54.54,55.95
"13588",74,2018,66.42,51.09,53.14,53.17
"13589",75,2018,71.18,50.66,55.1,51.52
"13590",76,2018,69,50.82,55.05,50.85
"13591",77,2018,73.8,49.36,54.14,51.83
"13592",78,2018,74.15,53.09,54.54,53.08
"13593",79,2018,70.5,48.11,50.32,46.82
"13594",80,2018,75.04,52.42,52.92,51.74
"13595",81,2018,84.58,62.9,65.56,62.13
"13596",82,2018,87.7,74.17,68.27,76.32
"13597",83,2018,77.05,57.16,52.59,57.91
"13598",84,2018,71.16,51.52,49.34,50.76
"13599",85,2018,79.82,57.59,56.68,52.1
"13600",86,2018,83.26,69.19,66.32,62.93
"13601",87,2018,92.12,78.05,73.84,80.93
"13602",88,2018,91.54,88.83,80.13,89.66
"13603",89,2018,85.35,78.23,73.33,78.35
"13604",90,2018,89.79,76.35,74.98,80.14
"13605",91,2018,87.16,74.08,71.2,76.61
"13606",92,2018,84.86,70.5,62.68,70.5
"13607",93,2018,86.6,69.82,65.62,72
"13608",94,2018,91.69,85.75,80.88,87.39
"13609",95,2018,94.32,89.03,93.41,90.75
"13610",96,2018,90.68,84.47,87.95,87.38
"13611",97,2018,88.24,82.64,82.33,83.6
"13612",98,2018,90.43,80.38,77.65,84.99
"13613",99,2018,89.42,83.99,83.51,85.96
"13614",100,2018,94.23,87.47,89.72,90.11
"13615",101,2018,92.79,88.82,87.39,90.08
"13616",102,2018,86.8,78.64,78.98,81.66
"13617",103,2018,85.91,76.8,75.92,80.73
"13618",104,2018,93.29,83.89,82.89,83.8
"13619",105,2018,87.05,83.55,88.53,83.2
"13620",106,2018,88.75,86.48,86.67,85.83
"13621",107,2018,93.38,90.07,88.91,90.72
"13622",108,2018,93.13,92.26,90.11,91.81
"13623",109,2018,92.53,88.92,89.91,86.39
"13624",110,2018,87.88,86.08,86.03,85.11
"13625",111,2018,88.8,83.33,83.92,83.22
"13626",112,2018,94.38,89.04,88.99,90.33
"13627",113,2018,85.75,84.05,87.65,81.32
"13628",114,2018,87.6,82.53,80.99,82.16
"13629",115,2018,88.23,84.67,85.65,85.2
"13630",116,2018,90.99,87.2,88.96,89.56
"13631",117,2018,89.58,85.16,88.64,85.99
"13632",118,2018,88.63,88.44,90.26,87.53
"13633",119,2018,94.33,89.79,90.77,91.37
"13634",120,2018,92.04,87.08,90.57,87.64
"13635",121,2018,89.65,86.32,90.89,86.46
"13636",122,2018,92.06,90.19,89.26,90.34
"13637",123,2018,89.75,86.95,88.69,86.15
"13638",124,2018,92.18,89.99,90.51,90.75
"13639",125,2018,90.23,88.53,89.16,88.76
"13640",126,2018,94.8,91.01,92.6,91.33
"13641",127,2018,92.69,90.4,90.26,88.78
"13642",128,2018,94.9,92.78,91.43,95.4
"13643",129,2018,91.87,88.78,89.66,90.16
"13644",130,2018,93.19,88.78,87.78,91.91
"13645",131,2018,91.93,87.54,89.24,88.84
"13646",132,2018,90.29,87.14,87.78,87.12
"13647",133,2018,91.91,87.91,89.75,88.12
"13648",134,2018,92.57,89.34,91.59,90.62
"13649",135,2018,94.01,90.22,93.94,90.82
"13650",136,2018,86.27,82.61,84.94,82.88
"13651",137,2018,86.18,79.97,82.97,81.06
"13652",138,2018,91.27,85.43,86.36,88.13
"13653",139,2018,90.32,89.09,88.53,89.94
"13654",140,2018,91.15,89.38,91.59,89.08
"13655",141,2018,90.81,89.39,90.25,88.37
"13656",142,2018,90.05,87.35,91.61,87.17
"13657",143,2018,93.14,91.05,90.29,92.44
"13658",144,2018,92.1,89.31,90.74,90.49
"13659",145,2018,95.87,86.49,95.95,86.69
"13660",146,2018,91.12,87.29,87.73,87.24
"13661",147,2018,88.9,85.63,86.52,86.95
"13662",148,2018,93.61,91.13,91.87,92.33
"13663",149,2018,91.48,87.63,90.64,89
"13664",150,2018,89.37,87.53,87.57,85.13
"13665",151,2018,89.65,85.89,86.2,85.19
"13666",152,2018,90.98,85.17,87.06,85.55
"13667",153,2018,91.94,89.49,91.06,89.54
"13668",154,2018,93.36,91.86,92.79,91.3
"13669",155,2018,93.49,88.11,88.22,89.75
"13670",156,2018,95.25,92.44,93.36,92.01
"13671",157,2018,89.14,85.15,87.47,85.2
"13672",158,2018,88.33,84.73,87.46,83.79
"13673",159,2018,93.14,90.35,92.05,89.44
"13674",160,2018,92.62,88.96,88.37,91.69
"13675",161,2018,91.37,89.64,91.35,89.78
"13676",162,2018,92.83,91.17,90.51,93.71
"13677",163,2018,91.74,88.02,91.45,89.07
"13678",164,2018,95.94,91.67,93.85,93.71
"13679",165,2018,93.38,91.01,95,92.22
"13680",166,2018,90.46,87.92,90.74,88.26
"13681",167,2018,88.61,84.44,87.78,82.58
"13682",168,2018,91.09,88.33,91.23,86.47
"13683",169,2018,93.04,91.58,94.71,87.88
"13684",170,2018,89.67,85.49,91.29,81.48
"13685",171,2018,88.1,84.32,88.07,80.93
"13686",172,2018,85.84,82.82,85.21,80.63
"13687",173,2018,87.06,80.13,90.11,79.63
"13688",174,2018,86.31,83.65,88.33,84.82
"13689",175,2018,89.81,87.98,89.63,89.93
"13690",176,2018,89.46,88.9,89.66,87.58
"13691",177,2018,89.98,87.07,91.42,86.25
"13692",178,2018,93.05,90.89,93.33,91.99
"13693",179,2018,95.28,92.37,92.29,95.13
"13694",180,2018,90.05,87.82,88.68,87.61
"13695",181,2018,95.98,89.62,91.15,91.42
"13696",182,2018,88.16,86.01,88.84,86.02
"13697",183,2018,87.22,88.38,89.93,87.69
"13698",184,2018,87.7,86.34,83.91,87.89
"13699",185,2018,87.34,86.31,87.71,85.48
"13700",186,2018,88.65,89.13,89.37,87.86
"13701",187,2018,89.85,85.76,88.45,86.01
"13702",188,2018,92.57,85.41,87.36,85.85
"13703",189,2018,93.65,89.48,92.21,90.22
"13704",190,2018,89.33,85.87,88.09,84.7
"13705",191,2018,89.35,85.49,87.64,84.75
"13706",192,2018,93.2,90.07,91.28,90.64
"13707",193,2018,92.84,88.81,92.85,89.03
"13708",194,2018,91.63,90.11,91.74,88.96
"13709",195,2018,87.69,84.65,88.13,82.71
"13710",196,2018,85.5,83.74,87.32,84.46
"13711",197,2018,89.17,87.01,87.23,84.62
"13712",198,2018,91.76,89.13,88.68,89.84
"13713",199,2018,92.51,88.06,88.48,90.11
"13714",200,2018,88.84,88.95,89.47,90.11
"13715",201,2018,89.13,86.79,88.33,85.35
"13716",202,2018,94.16,90.92,90.59,91.65
"13717",203,2018,91.08,87.62,88.15,86.66
"13718",204,2018,91.93,89.06,93.8,87.31
"13719",205,2018,94.88,91.76,91.13,93.67
"13720",206,2018,94.51,88.98,95.41,86.25
"13721",207,2018,90.22,84.55,88.92,89.14
"13722",208,2018,89,85.23,85.39,83.22
"13723",209,2018,90.19,85.2,88.53,85.6
"13724",210,2018,86.86,84.73,87.38,80.9
"13725",211,2018,92.85,88.12,88.94,88.61
"13726",212,2018,95.53,93.69,92.48,95.52
"13727",213,2018,91.44,92.18,93.29,94.44
"13728",214,2018,85.55,84.85,87.91,84.7
"13729",215,2018,87.77,83.3,88.45,83.46
"13730",216,2018,91.23,84.77,88.9,85.71
"13731",217,2018,88.25,87.66,88.34,86.96
"13732",218,2018,84.86,82.05,83.94,81.42
"13733",219,2018,88.98,84.77,87.43,84.02
"13734",220,2018,89.29,89.27,90.99,89.81
"13735",221,2018,90.87,89.12,89.59,89.28
"13736",222,2018,82.27,79.38,86.64,77.82
"13737",223,2018,82.67,80.09,83.49,77.13
"13738",224,2018,89.34,85.23,87.36,86.99
"13739",225,2018,90.04,87.85,91.32,86.67
"13740",226,2018,86.59,86.19,89.29,85.39
"13741",227,2018,83.9,85.6,86.4,82.12
"13742",228,2018,82.45,81.91,87.14,79.34
"13743",229,2018,89.77,85.93,90.34,82.87
"13744",230,2018,88.91,84.94,87.69,80.32
"13745",231,2018,84.62,82.67,86.6,80.81
"13746",232,2018,85.5,83.02,87.95,79.67
"13747",233,2018,87.87,87.43,90.3,83.35
"13748",234,2018,89.92,86.78,90.17,86.38
"13749",235,2018,87.66,81.15,89.17,79.41
"13750",236,2018,83.48,79,85.45,75.14
"13751",237,2018,85.98,82.54,85.36,83.37
"13752",238,2018,91.09,87.48,93.24,87.46
"13753",239,2018,91.03,87.05,91.61,84.14
"13754",240,2018,91.96,84.01,88.58,84.12
"13755",241,2018,86.25,83.08,88.73,82.22
"13756",242,2018,85.7,81.84,86.33,80.9
"13757",243,2018,83.27,80.22,84.92,79.44
"13758",244,2018,81.84,80.87,84.46,80.27
"13759",245,2018,87.18,83.57,86.53,83.76
"13760",246,2018,86.04,83.06,86.16,81.67
"13761",247,2018,90.39,86.74,92.37,80.51
"13762",248,2018,89.7,84.86,89.38,84.97
"13763",249,2018,91.1,84.98,87.68,86.1
"13764",250,2018,88.55,84.23,89.01,83.85
"13765",251,2018,80.99,79.97,82.17,80.01
"13766",252,2018,80.26,77.98,82.72,77.94
"13767",253,2018,84.14,81.78,84.37,81.04
"13768",254,2018,87.7,83.92,86.68,88.19
"13769",255,2018,86.49,82.23,83.36,85.89
"13770",256,2018,90.6,84.23,82.31,87.17
"13771",257,2018,92.32,88.51,88.5,89.79
"13772",258,2018,93.25,90.75,87.4,93.26
"13773",259,2018,87.04,86.32,86,85.84
"13774",260,2018,87.67,85.14,87.3,87.33
"13775",261,2018,88.1,85.61,85.92,87.43
"13776",262,2018,86.31,83.87,83.8,83.87
"13777",263,2018,85.28,83.53,88.23,83.66
"13778",264,2018,86.98,82.07,85.83,82.84
"13779",265,2018,90.5,86.35,90.76,86.84
"13780",266,2018,86.23,84.15,86.55,83.97
"13781",267,2018,87.24,84.82,87.77,84.01
"13782",268,2018,87.8,85.58,90.99,84.25
"13783",269,2018,86.96,84.06,86.78,82.23
"13784",270,2018,89.58,84.09,88.01,82.64
"13785",271,2018,88.76,86.88,88.37,87.35
"13786",272,2018,83.64,82.24,83.22,82.68
"13787",273,2018,85.62,82.3,85.51,84.08
"13788",274,2018,89.72,86.15,86.63,86.83
"13789",275,2018,86.47,84.39,86.31,83.16
"13790",276,2018,82.28,80.2,81.53,81.1
"13791",277,2018,88.77,84.93,89.55,85.5
"13792",278,2018,90.92,87.88,91.69,87.15
"13793",279,2018,94.07,89.86,92.53,91.8
"13794",280,2018,87.09,85.08,87.07,85.97
"13795",281,2018,86.5,84.61,83.94,85.32
"13796",282,2018,86.95,83.49,85.7,84.17
"13797",283,2018,91.18,84.15,86.35,87.1
"13798",284,2018,92.03,87.04,90.68,88.44
"13799",285,2018,90.67,88.65,88.7,88.61
"13800",286,2018,91.33,87.8,88.19,89.43
"13801",287,2018,89.77,85.76,88.72,86.04
"13802",288,2018,90.14,87.87,88.03,86.64
"13803",289,2018,84.77,81.84,84.36,82.84
"13804",290,2018,84.51,80.7,81.37,81.81
"13805",291,2018,88.14,82.24,86.33,83.36
"13806",292,2018,92.88,89.5,92.55,89.59
"13807",293,2018,90.13,86.92,88.9,87.21
"13808",294,2018,92.36,86.78,88.39,89.32
"13809",295,2018,93.09,90.42,91.77,90.05
"13810",296,2018,87.86,87.45,88.38,90.35
"13811",297,2018,90.59,88.19,89.82,89.42
"13812",298,2018,92.69,90.28,91.77,91.2
"13813",299,2018,88.71,86.79,87.03,87.92
"13814",300,2018,89.53,84.61,88.02,86.35
"13815",301,2018,89.46,84.06,87.07,83.3
"13816",302,2018,89.02,84.81,88.51,85.03
"13817",303,2018,86.49,82.04,84.23,82.11
"13818",304,2018,89.11,84.29,85.01,84.86
"13819",305,2018,91.67,87.14,89.25,85.55
"13820",306,2018,90.52,86.41,87.02,87.93
"13821",307,2018,87.1,83.28,85.8,82.44
"13822",308,2018,83.64,79.87,82.08,81.73
"13823",309,2018,82.32,76.6,79.35,78.18
"13824",310,2018,86.87,79.53,82.96,79.75
"13825",311,2018,91.46,85.42,87.61,86.69
"13826",312,2018,90.17,86.77,89.51,86.65
"13827",313,2018,92.78,89.29,92.14,90.08
"13828",314,2018,90.44,86.89,88.07,87.66
"13829",315,2018,88.21,84.53,85.47,83.87
"13830",316,2018,89.6,84.2,87.09,84.91
"13831",317,2018,82.88,78.57,81.11,78.77
"13832",318,2018,82.22,78.86,80.67,78.7
"13833",319,2018,90.48,85.03,87.89,85.4
"13834",320,2018,89.77,84.45,85.65,85.22
"13835",321,2018,90.76,87.64,89.3,87.49
"13836",322,2018,88.76,85.97,86.78,85.32
"13837",323,2018,85.44,81.04,82.56,79.39
"13838",324,2018,89.1,81.95,83.36,81.81
"13839",325,2018,91,82.56,84.91,82.86
"13840",326,2018,92.59,85.51,88.32,85.67
"13841",327,2018,87.14,78.53,80.67,79.22
"13842",328,2018,81.64,74.22,75.55,74.95
"13843",329,2018,86.26,77.92,77.83,77.4
"13844",330,2018,84.04,78.29,80.94,77.02
"13845",331,2018,89.83,80.54,83.37,80.21
"13846",332,2018,91.82,80.88,84.76,79.22
"13847",333,2018,88.95,82.28,79.99,85.51
"13848",334,2018,81.13,72.35,71.85,75.78
"13849",335,2018,74.71,69.14,70.27,70.14
"13850",336,2018,74.62,69.72,68.38,72.15
"13851",337,2018,72.32,67.12,65.15,70.93
"13852",338,2018,72.16,66.83,65.05,69.09
"13853",339,2018,72.45,66.46,66.64,68.21
"13854",340,2018,72.67,65.96,67.04,68.51
"13855",341,2018,76.05,67.1,67.48,69.03
"13856",342,2018,79.45,69.05,70.69,69.56
"13857",343,2018,80.99,71.65,71.88,72.6
"13858",344,2018,81.7,68.54,70.71,70.8
"13859",345,2018,82.15,66.93,71.28,65.99
"13860",346,2018,78.72,66.95,69.44,65.34
"13861",347,2018,90.96,76.1,78.83,75.41
"13862",348,2018,83.01,71.9,71.44,70.95
"13863",349,2018,77.21,65.24,62.93,65.68
"13864",350,2018,77.11,63.24,62.69,63.73
"13865",351,2018,75.83,64.01,68.93,58.87
"13866",352,2018,78.62,63.48,65.04,63.65
"13867",353,2018,79.68,63.52,63.59,60.81
"13868",354,2018,81.75,67.09,73.43,64.53
"13869",355,2018,79.17,65.56,68,64.89
"13870",356,2018,74.35,59.68,60.26,59.24
"13871",357,2018,70.28,57.66,59.77,55.79
"13872",358,2018,64.45,54.41,55.93,52.87
"13873",359,2018,67.09,57.06,58.68,54.71
"13874",360,2018,72.26,57.65,59.16,56.77
"13875",361,2018,65.58,54.21,56.21,52.77
"13876",362,2018,59.81,53.06,54.74,50.9
"13877",363,2018,56.83,51.91,53.6,51.91
"13878",364,2018,55.62,51.31,53.68,52.15
"13879",365,2018,63.09,56.65,57.31,54.53
"13880",1,2019,62.85,55.12,57.1,54.78
"13881",2,2019,63.22,55.59,58.23,54.85
"13882",3,2019,63.6,55.11,57.78,55
"13883",4,2019,66.93,60.44,64.56,57.65
"13884",5,2019,72.67,61,64.73,59.52
"13885",6,2019,77.39,55.23,62.36,56.48
"13886",7,2019,69.8,56.58,61.07,56.64
"13887",8,2019,57.12,51.12,53.35,50.89
"13888",9,2019,62.45,55.92,57.17,54.99
"13889",10,2019,64.75,55.33,58.01,55.92
"13890",11,2019,63.67,51.61,53.09,53.03
"13891",12,2019,68.89,53.91,58.01,54.22
"13892",13,2019,75.36,56.28,62.89,54.81
"13893",14,2019,75.13,54.94,59.29,54.77
"13894",15,2019,67.62,51.11,55.2,50.31
"13895",16,2019,63.81,50.38,55.2,48.57
"13896",17,2019,73.63,59.42,64.23,56.1
"13897",18,2019,81.98,66,71.12,63.71
"13898",19,2019,78.38,59.5,63.66,58.87
"13899",20,2019,78.34,58.26,65.34,56.11
"13900",21,2019,73.94,57.44,61.4,55.76
"13901",22,2019,67.78,50.51,54.04,50.29
"13902",23,2019,66.36,49.33,51.31,48.6
"13903",24,2019,62.21,47.55,49.43,49.13
"13904",25,2019,66.55,49.82,52.46,52.28
"13905",26,2019,64.7,48.09,50.54,51.92
"13906",27,2019,66.39,49.02,52.73,50.22
"13907",28,2019,64.84,48.8,51.5,49.77
"13908",29,2019,61.06,48.01,49.35,51.47
"13909",30,2019,68.52,50.62,57.14,50.19
"13910",31,2019,69.48,50.93,54.69,50.3
"13911",32,2019,65.94,47.86,50.74,47.62
"13912",33,2019,62.85,46.11,50.53,46.27
"13913",34,2019,72.66,49.17,60.1,45.86
"13914",35,2019,82.19,65.35,71.87,62.81
"13915",36,2019,84.03,69.52,69.76,67.28
"13916",37,2019,83.53,68.43,64.98,66.31
"13917",38,2019,82.5,61.46,59.65,62.45
"13918",39,2019,74.8,52.65,50.61,51.23
"13919",40,2019,63.23,46.2,45.83,47.4
"13920",41,2019,59.46,43.05,42.05,44.93
"13921",42,2019,54.74,44.37,42.16,43.89
"13922",43,2019,59.94,45.97,47.31,45.44
"13923",44,2019,72.74,47.54,54.43,46.62
"13924",45,2019,78.87,63.97,63.98,62.54
"13925",46,2019,77.03,61.62,61.97,60.78
"13926",47,2019,77.92,61.26,61.92,63.34
"13927",48,2019,82.71,68.63,64.59,69.79
"13928",49,2019,78.57,61.09,60.49,63.64
"13929",50,2019,67.58,51.85,50.32,55.5
"13930",51,2019,58.98,48.24,46.2,49.86
"13931",52,2019,60.34,45.99,45.74,47.87
"13932",53,2019,67.3,49.16,51.69,49.18
"13933",54,2019,70.22,49.86,53.77,49.54
"13934",55,2019,53.37,43.01,44.18,43.98
"13935",56,2019,46.67,40.14,41.61,40.42
"13936",57,2019,47.48,41.4,41.22,41.3
"13937",58,2019,45.51,41.34,38.94,43.08
"13938",59,2019,52.22,44.49,44.45,42.94
"13939",60,2019,60.22,44.04,47.03,43.51
"13940",61,2019,72.15,47.99,49.3,48.81
"13941",62,2019,79.18,57.25,60.21,59.84
"13942",63,2019,74.12,57.73,57.64,54.3
"13943",64,2019,74.11,51.83,53.05,51.53
"13944",65,2019,78.51,59.49,60.04,56.32
"13945",66,2019,80.25,61.58,58.28,59.79
"13946",67,2019,80.61,61.15,60.4,59.04
"13947",68,2019,81.7,64.63,67.8,62.05
"13948",69,2019,86.46,69.81,65.59,70.34
"13949",70,2019,82.5,62.52,60.31,64.75
"13950",71,2019,84.74,57.64,57.35,58.79
"13951",72,2019,83.17,63.46,64.19,61.63
"13952",73,2019,84.56,61.58,67.06,62.55
"13953",74,2019,87.21,67.34,66.48,68.87
"13954",75,2019,83.67,60.98,66.18,59.03
"13955",76,2019,86.09,66.74,67.96,65.01
"13956",77,2019,86.31,65.74,65.73,63.14
"13957",78,2019,83.91,61.79,58.69,59.9
"13958",79,2019,79.13,54,56.08,52.66
"13959",80,2019,80.1,54.98,57.72,54.12
"13960",81,2019,84.96,64.99,69.75,59.93
"13961",82,2019,88.06,66.47,66.47,66.5
"13962",83,2019,78.07,59.37,59.8,58.82
"13963",84,2019,70.54,46.46,46.68,46.81
"13964",85,2019,75.4,48.14,52.58,47.8
"13965",86,2019,78.1,59.01,57.39,58.52
"13966",87,2019,77.96,61.46,64.46,61.78
"13967",88,2019,86.39,71.09,77.34,74.66
"13968",89,2019,86.81,80.59,82.55,82.75
"13969",90,2019,87.49,85.74,83.29,86.49
"13970",91,2019,91.66,85.18,84.66,82.55
"13971",92,2019,85.62,74.05,72.56,76.27
"13972",93,2019,73.39,63.2,58.1,64.78
"13973",94,2019,67.54,61.03,53.84,62.64
"13974",95,2019,63.38,55.71,51.21,58.81
"13975",96,2019,59.56,52.1,46.93,53.75
"13976",97,2019,61.95,53.11,48.21,52.84
"13977",98,2019,78.41,65.06,71.53,64.43
"13978",99,2019,86.01,75.52,80.14,78.82
"13979",100,2019,82.94,71.84,74.13,74.75
"13980",101,2019,84.52,70.54,70.38,71.62
"13981",102,2019,89.37,77.46,77.83,78.04
"13982",103,2019,85.87,75.58,81.86,76.12
"13983",104,2019,87.71,78.29,79.12,78.69
"13984",105,2019,88.32,80.51,79.36,84.12
"13985",106,2019,87.33,82.09,81.76,83.27
"13986",107,2019,91.27,82.44,84.11,83.7
"13987",108,2019,93.91,90.09,87,94.35
"13988",109,2019,89.86,84.14,85.14,88.3
"13989",110,2019,91.9,83.98,86.29,83.65
"13990",111,2019,94.26,88.69,87.61,89.89
"13991",112,2019,92.47,88.28,88.13,88.22
"13992",113,2019,86.38,83.67,85.12,81.63
"13993",114,2019,91.49,87.28,85.73,89.7
"13994",115,2019,91.81,89.52,92.58,88.81
"13995",116,2019,94.32,89.96,92.71,91.18
"13996",117,2019,91.7,88.26,89.32,88.43
"13997",118,2019,86.58,84.88,83.09,86.56
"13998",119,2019,83.72,82.37,81.76,81.52
"13999",120,2019,79.64,75.89,76.53,77.87
"14000",121,2019,75.42,70.78,71.55,71.08
"14001",122,2019,80.73,70.42,75.25,69.72
"14002",123,2019,90.19,82.13,84.88,78.18
"14003",124,2019,91.69,83.77,84.86,81.6
"14004",125,2019,90.07,84.4,84.95,83.77
"14005",126,2019,90.64,85.16,85.06,86.5
"14006",127,2019,91.74,86.55,90.39,83.12
"14007",128,2019,93.67,88.12,91.78,89.38
"14008",129,2019,89.68,88.24,90.94,93.09
"14009",130,2019,85.57,85.73,88.67,85.87
"14010",131,2019,89.5,86.95,87.65,88.39
"14011",132,2019,88.59,88.82,90.2,88.83
"14012",133,2019,91.3,90.77,91.83,89.59
"14013",134,2019,94.9,91.19,90.09,93.18
"14014",135,2019,94,90.37,92.38,92.08
"14015",136,2019,93.64,86.81,89.51,87.99
"14016",137,2019,90.69,85.06,89.24,88.47
"14017",138,2019,91.26,84.73,86.62,85.72
"14018",139,2019,94.12,88.83,87.02,91.42
"14019",140,2019,90.53,86.08,88.04,87.48
"14020",141,2019,87.67,84.04,84.95,84.13
"14021",142,2019,86.88,84.82,86.21,84.65
"14022",143,2019,92.67,87.3,90.9,88.45
"14023",144,2019,85.04,84.46,85.69,83.56
"14024",145,2019,85,85.24,84.19,85.16
"14025",146,2019,89.92,87.88,88.42,88.97
"14026",147,2019,90.79,89.65,94.19,88.51
"14027",148,2019,87.92,87.35,87.51,86.28
"14028",149,2019,89.03,87.17,87.89,89.28
"14029",150,2019,89.25,89.22,92.15,88.05
"14030",151,2019,91.46,89.22,90.63,89.84
"14031",152,2019,92.5,89.04,92.18,91.28
"14032",153,2019,91.01,87.23,90.45,87.87
"14033",154,2019,86.74,85.77,86.46,88.59
"14034",155,2019,93.84,88.98,92.24,85.83
"14035",156,2019,89.88,88.1,88.85,87.8
"14036",157,2019,92.35,88.14,91.3,88.05
"14037",158,2019,87.42,86.35,89.67,84.62
"14038",159,2019,89.95,86.26,90.92,85.97
"14039",160,2019,90.59,85.71,90,85.87
"14040",161,2019,93.72,88.39,89.94,90.65
"14041",162,2019,93.7,90.71,92.61,92.68
"14042",163,2019,95.01,94.39,90.94,94.95
"14043",164,2019,91.99,86.5,93.01,86.39
"14044",165,2019,91.16,90.84,91.51,89.17
"14045",166,2019,90.44,84.58,87.44,84.52
"14046",167,2019,92.25,88.81,92.18,88.34
"14047",168,2019,95.61,91.61,92.61,92.72
"14048",169,2019,90.2,87.64,87.64,89.73
"14049",170,2019,90.29,87.95,88.5,90.28
"14050",171,2019,92.2,88.27,89.51,90.31
"14051",172,2019,93.28,90.97,92.35,90.49
"14052",173,2019,92.22,90.22,91.83,91.65
"14053",174,2019,91.33,89.87,90.96,89.95
"14054",175,2019,94,93.5,91.43,95.48
"14055",176,2019,95.08,92.83,93.38,93.94
"14056",177,2019,88.38,85.51,84.87,88.19
"14057",178,2019,86.17,79.81,79.41,80.55
"14058",179,2019,85.56,81.02,84.28,80.52
"14059",180,2019,90.85,87.76,88.09,88.97
"14060",181,2019,93.62,88.34,89.29,89.14
"14061",182,2019,96.3,90.26,93.98,92.5
"14062",183,2019,95.09,91.37,94.21,89.73
"14063",184,2019,88.45,84.95,86.17,85.2
"14064",185,2019,85.29,79.32,82.1,80.2
"14065",186,2019,92.31,86.83,87.31,87.98
"14066",187,2019,87.45,86.74,87.58,87.48
"14067",188,2019,87.58,82.16,86.53,84.34
"14068",189,2019,88.37,86.6,89.74,85.25
"14069",190,2019,94.84,91.21,93.33,88.98
"14070",191,2019,90.32,86.28,89.38,86.09
"14071",192,2019,88.14,83.48,88.28,85.54
"14072",193,2019,85.62,83.11,88.72,83.41
"14073",194,2019,88.75,88,86,88.33
"14074",195,2019,89.07,85.9,87.46,85.97
"14075",196,2019,87.65,83.46,87.91,83.18
"14076",197,2019,87.68,84.31,88.67,84.14
"14077",198,2019,87.13,86.56,88.49,83.47
"14078",199,2019,86.23,82.26,85.95,80.89
"14079",200,2019,90.95,87.44,90.85,85.34
"14080",201,2019,91.63,89.19,90.72,89.56
"14081",202,2019,87.2,85.69,88.18,87.87
"14082",203,2019,88.9,86.08,89.59,88.03
"14083",204,2019,93.61,90.14,93.93,90.65
"14084",205,2019,89.5,87.83,88.2,90.51
"14085",206,2019,93.12,86.6,89.73,89.44
"14086",207,2019,93.05,88.76,90.75,91.12
"14087",208,2019,91.17,88.27,89.9,90.18
"14088",209,2019,90.2,85.58,87.24,83.75
"14089",210,2019,83.51,78.81,81.67,77.68
"14090",211,2019,82.1,77.96,86.28,77.61
"14091",212,2019,87.47,85.14,93.13,81.42
"14092",213,2019,87.96,84.28,85.8,83.59
"14093",214,2019,83.33,82.21,87.87,75.88
"14094",215,2019,89.17,87.37,88.8,81.11
"14095",216,2019,92.02,91.06,91,87.87
"14096",217,2019,87.78,83.09,91.03,83.97
"14097",218,2019,77.9,73.62,80.8,72.42
"14098",219,2019,80.14,76.73,87.96,76.71
"14099",220,2019,86.52,80.91,83.85,78.54
"14100",221,2019,83.52,79.61,84.03,75.23
"14101",222,2019,90.22,83.14,86.51,80.53
"14102",223,2019,87.98,85.64,85.55,82
"14103",224,2019,88,84.78,87.19,80.88
"14104",225,2019,92.39,84.15,90.72,83.4
"14105",226,2019,91.22,85.52,92.09,82.86
"14106",227,2019,87.38,79.66,90.44,79.43
"14107",228,2019,90.22,83.24,92.29,82.44
"14108",229,2019,81.24,78.68,84.68,74.81
"14109",230,2019,81.05,75.6,77.67,72.76
"14110",231,2019,86.03,79.48,82.08,75.63
"14111",232,2019,83.71,80.62,85.05,70.97
"14112",233,2019,83.71,81.22,87.15,74.46
"14113",234,2019,85.65,80.05,89.22,74.08
"14114",235,2019,86.6,84.89,86.4,80.41
"14115",236,2019,84.66,81.84,83.95,80.69
"14116",237,2019,84.78,82.16,84.37,79.95
"14117",238,2019,84.02,81.17,88.57,77.67
"14118",239,2019,86.26,82.62,86.48,80.84
"14119",240,2019,86.85,84.45,86.28,83.13
"14120",241,2019,82.8,78.57,83.86,74.24
"14121",242,2019,81.57,76.84,82.31,71.27
"14122",243,2019,83.97,80.08,83.24,77.2
"14123",244,2019,85.63,80.63,86.36,73.54
"14124",245,2019,85.61,80.79,86.63,73.61
"14125",246,2019,81.78,78.95,83.95,74.45
"14126",247,2019,82.2,79.4,87.24,75.77
"14127",248,2019,87.18,83.88,90.27,78.93
"14128",249,2019,84.86,81.52,85.71,73.47
"14129",250,2019,80.82,77.55,81.85,73.15
"14130",251,2019,81.83,75.91,85.28,67.13
"14131",252,2019,83.86,76.62,84.73,66.69
"14132",253,2019,83.14,78.71,85.59,72.04
"14133",254,2019,81.36,76.29,85.74,69.91
"14134",255,2019,82.82,77.53,83.79,70.4
"14135",256,2019,85.77,81.31,86.49,73.33
"14136",257,2019,85.51,78.93,86.25,70.22
"14137",258,2019,82.42,78.64,86.95,70.01
"14138",259,2019,82.02,78.71,87.24,68.53
"14139",260,2019,84.27,80.14,84.97,76.58
"14140",261,2019,83.04,76.4,84.33,74.25
"14141",262,2019,82.42,80.14,82.45,74.09
"14142",263,2019,86.59,84.57,83.23,83.46
"14143",264,2019,83.96,80.98,87.77,74.29
"14144",265,2019,84.25,79.46,87.82,76.7
"14145",266,2019,85.7,82.42,86.43,78.54
"14146",267,2019,82.45,80.22,81.31,76.48
"14147",268,2019,84.39,81.59,83.68,80.01
"14148",269,2019,86.87,83.84,83.97,82.52
"14149",270,2019,86.21,80.56,84.52,81.08
"14150",271,2019,87.12,81.6,86.09,82.36
"14151",272,2019,89.18,85.35,88.98,84.17
"14152",273,2019,85.23,84.29,88.85,86.2
"14153",274,2019,81.76,82.56,81,82.12
"14154",275,2019,85.67,80.22,81.44,82.8
"14155",276,2019,93.11,90.08,92.6,89.2
"14156",277,2019,84.63,83.68,87.02,82.75
"14157",278,2019,85.01,80.68,84.99,80.71
"14158",279,2019,85.92,79.71,82.47,81.22
"14159",280,2019,88.51,80.55,85.53,82.15
"14160",281,2019,91.39,85.49,88.99,87.64
"14161",282,2019,90.79,84.59,91.9,80.73
"14162",283,2019,86.05,80.55,86.97,81.34
"14163",284,2019,84.74,84.19,84.39,83.5
"14164",285,2019,87.57,85.03,85.64,86.01
"14165",286,2019,86.06,82.97,86.21,81.66
"14166",287,2019,87.04,81.57,86.39,81.17
"14167",288,2019,93.35,88.63,90.02,90.75
"14168",289,2019,89.93,85.84,87.91,85.44
"14169",290,2019,84.64,81.88,83.67,82.03
"14170",291,2019,90.83,86.52,87.32,87.43
"14171",292,2019,90.6,89.8,90.35,90.1
"14172",293,2019,90.94,86.74,88.12,87.2
"14173",294,2019,88.41,85.03,89.16,85.73
"14174",295,2019,87.95,84.51,83.82,84.6
"14175",296,2019,89.84,83.32,86.81,83.51
"14176",297,2019,90.15,87.39,90.41,88.05
"14177",298,2019,92.86,90.04,94.04,89.12
"14178",299,2019,87.75,83.61,87.87,83.28
"14179",300,2019,88.6,83.5,85.38,85.2
"14180",301,2019,89.58,84.5,86.64,86.55
"14181",302,2019,85.53,79.7,82.2,81.56
"14182",303,2019,91.6,82.61,86.71,83.26
"14183",304,2019,89.48,86.67,86.19,87.09
"14184",305,2019,92.53,89.48,89.55,89.56
"14185",306,2019,93.35,90.02,91.33,91.81
"14186",307,2019,86.28,86.27,88.61,86.48
"14187",308,2019,85.38,83.8,84.54,82.97
"14188",309,2019,88.59,83.77,84.88,84.09
"14189",310,2019,90.54,84.07,85.27,83.7
"14190",311,2019,90.8,86.42,87.85,86.63
"14191",312,2019,87.66,83.54,86.42,82.45
"14192",313,2019,91.41,87.13,90.1,86.76
"14193",314,2019,89.09,88.03,87.01,89.25
"14194",315,2019,91.66,87.15,87.29,88.11
"14195",316,2019,92.15,86.62,88.57,88.25
"14196",317,2019,90.07,86.42,87.01,87.71
"14197",318,2019,86.46,83.32,82.94,84.03
"14198",319,2019,84.91,79.76,81.81,81.42
"14199",320,2019,86.27,80.07,81.21,81.73
"14200",321,2019,85.83,81.86,83.6,82.32
"14201",322,2019,83.76,79.11,79.72,82.78
"14202",323,2019,82.94,79.04,80.79,81.44
"14203",324,2019,88.56,84.22,86.75,86.59
"14204",325,2019,92.8,87.7,90.14,87.5
"14205",326,2019,87.73,86.33,88.61,87.07
"14206",327,2019,84.4,81.96,82.97,83.5
"14207",328,2019,87.12,81.86,83.58,82.94
"14208",329,2019,88.56,86.28,86.43,85.5
"14209",330,2019,89.42,86.29,87.03,86.86
"14210",331,2019,87.89,83.81,83.67,83.26
"14211",332,2019,85.36,80.59,81.32,79.54
"14212",333,2019,88.68,79.53,81.44,80.55
"14213",334,2019,87.14,80.77,82.83,83.23
"14214",335,2019,85.59,79.17,80.85,78.41
"14215",336,2019,86.98,82.36,84.53,80.85
"14216",337,2019,85.54,79.65,81.73,79.45
"14217",338,2019,85.39,75.32,79.03,73.85
"14218",339,2019,86.8,76.18,78.15,76.01
"14219",340,2019,82.77,72.31,74.23,72.22
"14220",341,2019,85.29,73.54,76.82,73.52
"14221",342,2019,84.83,75.75,77.21,74.71
"14222",343,2019,81.07,71.17,71.4,71.74
"14223",344,2019,80.59,68.8,71.38,68.88
"14224",345,2019,82.94,71.43,74.68,68.76
"14225",346,2019,81.9,71.29,74.68,71.33
"14226",347,2019,80.43,68.63,73.39,67.93
"14227",348,2019,84.17,72.05,76.27,69.29
"14228",349,2019,92.33,81.51,83.37,81.46
"14229",350,2019,90.39,82.22,86.51,80.58
"14230",351,2019,85.41,74.81,75.63,73.88
"14231",352,2019,85.05,73.75,71.9,73.5
"14232",353,2019,85.04,72.69,74.38,70.24
"14233",354,2019,92.51,83.73,87.97,82.97
"14234",355,2019,91.02,85.37,81.76,84.29
"14235",356,2019,87.02,78.26,76.19,75.79
"14236",357,2019,86.22,77.09,77.65,75.59
"14237",358,2019,88.97,80.65,85.42,77.04
"14238",359,2019,88.45,80.64,83.7,77.85
"14239",360,2019,86.62,83.17,81.12,81.48
"14240",361,2019,88.54,82.26,80.35,82.85
"14241",362,2019,88.83,80.83,80.45,81.65
"14242",363,2019,87.93,74.13,76.4,79.02
"14243",364,2019,87.73,72.08,74.01,72.49
"14244",365,2019,77.9,64.88,66.68,66.96
"14245",1,2020,74.02,62.86,64.09,63.77
"14246",2,2020,69.6,57.45,58.45,60.16
"14247",3,2020,66.93,55.51,54.62,58.53
"14248",4,2020,67.55,56.23,58.62,56.4
"14249",5,2020,63.37,54.49,53.32,56.9
"14250",6,2020,60.83,52.97,51.55,55.84
"14251",7,2020,61.72,52.79,53.1,56.48
"14252",8,2020,62.67,50.66,53.31,54.44
"14253",9,2020,63.37,53.3,56.25,55.18
"14254",10,2020,60.09,51.61,52.91,52.68
"14255",11,2020,62.94,50.83,54.04,52.39
"14256",12,2020,61.37,49.8,51.2,52.36
"14257",13,2020,59.43,49.24,51.42,51.64
"14258",14,2020,60.64,53.09,54.6,53.61
"14259",15,2020,70.09,57,59.66,56.4
"14260",16,2020,78.72,64.61,71.75,62.58
"14261",17,2020,84.31,74.45,77.82,73.96
"14262",18,2020,81.96,67.61,71.19,69.93
"14263",19,2020,80.19,64.83,65.28,68.53
"14264",20,2020,80.2,64.32,67.47,66.72
"14265",21,2020,79.98,62.87,66.5,64.87
"14266",22,2020,78.3,60.2,60.94,60.41
"14267",23,2020,70.64,51.13,52.75,54.61
"14268",24,2020,65.09,47.39,46.94,51.9
"14269",25,2020,66.56,46.08,46.59,51.41
"14270",26,2020,70.73,51.01,50.89,53.15
"14271",27,2020,66.58,48.81,52.45,49.44
"14272",28,2020,64.17,47.29,50.82,47.3
"14273",29,2020,57.87,45.37,47.58,48.44
"14274",30,2020,62.97,46.74,50.33,47.47
"14275",31,2020,74.25,60.75,65.02,56.58
"14276",32,2020,71.93,57.84,64.35,53.31
"14277",33,2020,79.49,56.22,59.24,57.19
"14278",34,2020,75.71,59.46,59.29,60.46
"14279",35,2020,59.34,42,43.04,42.35
"14280",36,2020,50.31,40.19,40.1,41.35
"14281",37,2020,50.4,40.57,40.99,41.08
"14282",38,2020,53.21,41.38,41.17,40.87
"14283",39,2020,49.38,41.56,40.12,43.51
"14284",40,2020,44.42,39.69,39.94,43
"14285",41,2020,46.78,41.32,39.9,42.15
"14286",42,2020,51.31,43.09,40.93,45.5
"14287",43,2020,52.78,46.98,44.72,46.78
"14288",44,2020,55.3,46.97,46.55,49.83
"14289",45,2020,70.66,49.74,56.87,51.11
"14290",46,2020,61.11,48.25,50.25,51.95
"14291",47,2020,57.73,44.47,43.12,48.61
"14292",48,2020,52.5,42.92,41.4,46.12
"14293",49,2020,56.85,48.62,49.5,48.05
"14294",50,2020,71.7,55.31,54.5,57.33
"14295",51,2020,61.78,47.31,45.02,50.62
"14296",52,2020,53.2,43.96,40.3,47.12
"14297",53,2020,53.06,43.35,41.15,45.46
"14298",54,2020,66.83,50.46,54.51,51.96
"14299",55,2020,78.77,58.17,62.28,58.3
"14300",56,2020,80.61,60.62,60.28,58.75
"14301",57,2020,78.34,58.56,55.51,60.4
"14302",58,2020,69.15,49.68,46.94,48.84
"14303",59,2020,66.08,45.46,43.48,46.99
"14304",60,2020,67.38,50.26,49.87,48.13
"14305",61,2020,66.29,52.18,51.65,48.73
"14306",62,2020,69.58,55.32,48.67,52.46
"14307",63,2020,71.16,53.67,45.2,54.77
"14308",64,2020,64.57,44.42,40.31,47.47
"14309",65,2020,56.96,38.91,36.94,40.29
"14310",66,2020,54.24,43.24,44.16,42.2
"14311",67,2020,61.27,48.08,47.75,45.1
"14312",68,2020,70.99,57.33,54.3,56.08
"14313",69,2020,70.35,55.54,49.24,59.02
"14314",70,2020,59.27,48.31,42.09,51.46
"14315",71,2020,61.09,47.91,49.3,50.65
"14316",72,2020,66.03,53.67,53.42,50.53
"14317",73,2020,78.6,61.13,59.67,61.09
"14318",74,2020,88.44,72.14,64.88,77.13
"14319",75,2020,85.32,68.68,60.84,74.08
"14320",76,2020,71.83,56.01,47.18,61.88
"14321",77,2020,61.33,46.51,42.38,50.54
"14322",78,2020,58.7,42.19,42.48,46.61
"14323",79,2020,67.07,47.24,46.57,48.71
"14324",80,2020,65.72,45.98,46.62,48.3
"14325",81,2020,55.06,39.27,40.24,41.06
"14326",82,2020,48.96,38.59,39.87,39.78
"14327",83,2020,61.49,43.14,47.86,42.64
"14328",84,2020,73.36,55.63,56.81,54.74
"14329",85,2020,67,47.42,49.68,49.94
"14330",86,2020,66.07,46.38,46.01,46.35
"14331",87,2020,57.4,38.98,36.94,40.27
"14332",88,2020,51.08,35.7,36.85,37.48
"14333",89,2020,56.46,39.29,41.22,38.64
"14334",90,2020,77.98,49.26,54.24,51.75
"14335",91,2020,85.01,68.67,71.21,74.4
"14336",92,2020,82.83,67.05,66.71,73.88
"14337",93,2020,85.42,75.91,71.94,82.29
"14338",94,2020,81.78,69.03,75.92,71.47
"14339",95,2020,82.02,71.66,75.62,70.11
"14340",96,2020,88.7,79.12,80.65,80.04
"14341",97,2020,89.37,80.72,79.67,81.69
"14342",98,2020,85.95,80.79,80.74,80.14
"14343",99,2020,89.01,80.71,78.9,78.93
"14344",100,2020,88.4,81.68,79.58,81.63
"14345",101,2020,87.9,80.76,78.26,83.49
"14346",102,2020,87.88,80.63,76.17,85.74
"14347",103,2020,81.83,72.3,64.41,79.48
"14348",104,2020,73.1,60.39,54.41,67.49
"14349",105,2020,63.11,50.94,44.47,59.73
"14350",106,2020,62.81,49.84,41.42,57.91
"14351",107,2020,63.31,50.56,44.99,58.2
"14352",108,2020,70.63,58.84,57.98,61.63
"14353",109,2020,83.67,70.69,75.93,79
"14354",110,2020,85.48,75.47,80.16,77.24
"14355",111,2020,83.22,74.99,81.83,70.44
"14356",112,2020,87.23,76.83,81.77,75.07
"14357",113,2020,92.03,83.78,87.95,85.16
"14358",114,2020,87.71,81.67,82.53,85
"14359",115,2020,78.34,68.95,69.52,76.22
"14360",116,2020,71.93,62.2,64.87,66.43
"14361",117,2020,75.52,61.78,67.66,65.31
"14362",118,2020,79.11,64.71,69.27,69.7
"14363",119,2020,86.47,72.5,76.22,76.06
"14364",120,2020,87.66,79.13,78.77,84.57
"14365",121,2020,89.14,81.95,80.21,85.4
"14366",122,2020,86.02,80.42,79.46,85.75
"14367",123,2020,85.13,79.49,79.28,82.77
"14368",124,2020,90.5,85.78,79.48,91.1
"14369",125,2020,88.31,83.28,85.24,84.14
"14370",126,2020,86.13,82.33,80.36,84.47
"14371",127,2020,89.67,84.12,80.27,87.51
"14372",128,2020,87.75,85.08,84.78,86.93
"14373",129,2020,95.47,89.71,87.16,90.67
"14374",130,2020,90.53,86.55,82,87.31
"14375",131,2020,89.26,81.03,79.74,82.48
"14376",132,2020,82.18,79.4,77.05,80.74
"14377",133,2020,80.5,77.02,73.87,78.84
"14378",134,2020,85.28,85.22,80.06,84.64
"14379",135,2020,86.28,84.67,86.83,86.67
"14380",136,2020,84.49,83.38,81.05,85.28
"14381",137,2020,86.18,84.32,79.83,87.83
"14382",138,2020,88.66,83.03,86.07,84.9
"14383",139,2020,90.38,87.69,84.26,90.43
"14384",140,2020,84.13,81.39,78.67,83.58
"14385",141,2020,84.84,79.71,77.61,82.79
"14386",142,2020,87.19,81.51,80.54,84.4
"14387",143,2020,88.47,85.91,85.4,84.42
"14388",144,2020,90.39,86.37,84.04,87.9
"14389",145,2020,84.58,81.26,78.18,85.16
"14390",146,2020,87.88,84.92,82.12,84.92
"14391",147,2020,90.98,86.28,88.09,86.44
"14392",148,2020,90.44,87.22,88.37,82.39
"14393",149,2020,90.7,85.54,88.71,85.29
"14394",150,2020,87.74,84.07,85.01,81.96
"14395",151,2020,87.94,85.6,87.27,85.32
"14396",152,2020,93.99,91.75,94.41,90.92
"14397",153,2020,84.78,85.51,86.29,84.17
"14398",154,2020,86.51,82.99,84.59,83.41
"14399",155,2020,90.57,83.42,85.92,82.94
"14400",156,2020,87.38,83.67,84.11,83.48
"14401",157,2020,87.06,85.35,87,83.64
"14402",158,2020,90.35,88.7,88.51,88.66
"14403",159,2020,91.17,88.39,92.75,86.06
"14404",160,2020,87.73,86.63,82.74,88
"14405",161,2020,82.78,83.75,84.77,82.94
"14406",162,2020,84.17,84.08,86.04,84.32
"14407",163,2020,91.82,87.7,88.5,88.82
"14408",164,2020,89.38,84.04,86.58,84.19
"14409",165,2020,84.8,82.61,86.47,83.5
"14410",166,2020,89.19,83.37,87,84.92
"14411",167,2020,91.62,88.98,88.72,91.85
"14412",168,2020,92.27,88.74,92.71,84.51
"14413",169,2020,91.11,86.4,84.86,87.63
"14414",170,2020,94.31,92.93,94.91,91.33
"14415",171,2020,88.11,87.48,87.04,87.85
"14416",172,2020,91.13,87.84,86.87,90.71
"14417",173,2020,93.31,91.35,90.25,91.79
"14418",174,2020,93.55,88.95,89.03,90.61
"14419",175,2020,91.91,88.32,86.85,87.05
"14420",176,2020,88.83,81.55,85.78,80.82
"14421",177,2020,91.53,85.59,87.42,86.55
"14422",178,2020,89.85,84.37,85.37,86.2
"14423",179,2020,92.67,88.62,88.15,88.59
"14424",180,2020,95.96,94.91,93.16,94.38
"14425",181,2020,88.42,86.97,87.3,87.23
"14426",182,2020,85.16,83.13,86.23,83.48
"14427",183,2020,88.14,86.61,88.51,85.65
"14428",184,2020,92.57,88.95,90.52,90.17
"14429",185,2020,89.3,87.89,85.9,88.73
"14430",186,2020,95.44,92.4,91.45,91.79
"14431",187,2020,92.16,88.72,87.47,89.23
"14432",188,2020,96.79,91.58,92.82,91.11
"14433",189,2020,87.59,87,87.22,87.9
"14434",190,2020,84.01,81.85,81.08,84.64
"14435",191,2020,91.59,86.95,86.19,87.51
"14436",192,2020,87.42,85.34,86.81,84.41
"14437",193,2020,92.12,91.83,92.82,91.01
"14438",194,2020,87.24,86.36,88.18,84.79
"14439",195,2020,83.09,85.04,86.2,86.66
"14440",196,2020,87.13,84.66,86.57,85.47
"14441",197,2020,93.35,87.96,90.03,87.33
"14442",198,2020,87.83,84.61,83.71,83.52
"14443",199,2020,87.13,84.65,84.38,83.01
"14444",200,2020,85.93,85.81,88.17,81.33
"14445",201,2020,87.21,85.4,84.34,83.21
"14446",202,2020,91.88,89.52,90.81,89.15
"14447",203,2020,88.66,86.41,88.51,89.12
"14448",204,2020,89.58,86.14,87.35,86.59
"14449",205,2020,93.57,92.41,90.11,93.94
"14450",206,2020,89.84,88.43,91.93,87.06
"14451",207,2020,89.01,85.67,88.95,87.91
"14452",208,2020,92.71,87.93,90.55,87.43
"14453",209,2020,90.55,86.42,90.29,87.22
"14454",210,2020,87.38,81.41,84.41,82.84
"14455",211,2020,85.53,82.88,81.98,85.67
"14456",212,2020,87.43,86.41,87.91,86.96
"14457",213,2020,82.46,81.05,89.36,76.73
"14458",214,2020,83.36,80.24,84.34,76.68
"14459",215,2020,83.34,80.94,82.3,79.76
"14460",216,2020,88.83,84.25,90.26,79.73
"14461",217,2020,88.08,84.42,89.61,79.84
"14462",218,2020,90.98,86.3,86.66,84.71
"14463",219,2020,89.99,84.28,85.78,78.87
"14464",220,2020,91.14,85.92,85.08,85.15
"14465",221,2020,88.17,84.32,91.46,80.47
"14466",222,2020,90.12,85.95,89.81,83.73
"14467",223,2020,85.93,84.06,86.01,82.56
"14468",224,2020,87.09,82.04,87.02,80.96
"14469",225,2020,89.76,87.27,91.63,86.24
"14470",226,2020,92.02,89.78,89.07,92.05
"14471",227,2020,89.41,86.84,88.17,88.36
"14472",228,2020,91.46,86.59,89.27,86.15
"14473",229,2020,86.83,84.2,86.7,85.19
"14474",230,2020,93.58,90.67,91.31,90.37
"14475",231,2020,92.48,89.23,89.42,88.81
"14476",232,2020,86.77,84.23,87.37,84.65
"14477",233,2020,87.51,84.07,86.92,83.7
"14478",234,2020,87.25,86.7,87.78,85.68
"14479",235,2020,92.78,92.53,89.88,91.58
"14480",236,2020,87.45,86.53,89.9,85.75
"14481",237,2020,79.48,78.38,82.02,78.15
"14482",238,2020,82.79,81.5,86.3,80.02
"14483",239,2020,87.52,86.64,88.62,84.31
"14484",240,2020,86.48,83.51,86.39,83.23
"14485",241,2020,87.82,81.44,84.36,82.65
"14486",242,2020,90.94,84.31,87.23,85.43
"14487",243,2020,90.29,86.25,91.41,86.03
"14488",244,2020,82.82,79.89,81.92,80.58
"14489",245,2020,87.91,83.66,86.28,83.68
"14490",246,2020,91.53,87.19,94.99,83.61
"14491",247,2020,84.34,80.16,83.9,77.65
"14492",248,2020,83.04,78.78,79.99,80.04
"14493",249,2020,85.32,82.2,84.75,79.16
"14494",250,2020,84.28,83.37,85.87,81.36
"14495",251,2020,87.4,85.82,87.12,85.35
"14496",252,2020,85.97,83.22,81.7,85.76
"14497",253,2020,86.91,84.29,84.1,87.57
"14498",254,2020,84.81,81.89,84.65,84.33
"14499",255,2020,83.72,78.44,84.73,79.99
"14500",256,2020,85.98,80.67,83.24,80.77
"14501",257,2020,83.98,81.71,79.93,81.8
"14502",258,2020,85.98,83.05,83.62,81.52
"14503",259,2020,86.2,83.94,85.1,81.07
"14504",260,2020,90.03,87.05,90.86,84.19
"14505",261,2020,84.54,84.27,82.78,81.05
"14506",262,2020,84.91,80.59,82.13,81.77
"14507",263,2020,89.12,84.52,86.47,87.19
"14508",264,2020,86.72,85.55,88.33,85.75
"14509",265,2020,82.14,80.09,82.77,82.26
"14510",266,2020,81.5,77.85,82,78.55
"14511",267,2020,88.75,84.03,86.61,84.76
"14512",268,2020,86.38,84.86,88.61,82.42
"14513",269,2020,83.08,79.87,83.76,78.79
"14514",270,2020,86.03,81.39,84.51,81.71
"14515",271,2020,88.93,82.88,84.97,84.17
"14516",272,2020,84.66,80.71,82.46,80.21
"14517",273,2020,86.57,80.98,81.17,81.99
"14518",274,2020,88.94,82.38,83.89,85.56
"14519",275,2020,84.63,83.72,87,81.12
"14520",276,2020,84.87,82.17,83.35,82.65
"14521",277,2020,83.3,81.32,79.14,82.35
"14522",278,2020,88.74,83.21,86.07,84.75
"14523",279,2020,88.15,84.92,88.43,82.32
"14524",280,2020,83.08,80.94,83.16,79.9
"14525",281,2020,83.89,81.11,81.84,82.74
"14526",282,2020,93.57,87.95,91.06,88
"14527",283,2020,85.46,81.7,85.69,81.97
"14528",284,2020,80.51,78.42,83.2,75.92
"14529",285,2020,83.61,82.06,81.49,82.8
"14530",286,2020,87.52,85.51,84.87,87.83
"14531",287,2020,85.96,82.73,86.34,82.57
"14532",288,2020,82.01,80.22,79.79,81.17
"14533",289,2020,85.29,80.72,81.31,81.03
"14534",290,2020,88.01,83.3,83.35,80.9
"14535",291,2020,88.39,85.4,87.89,82.17
"14536",292,2020,86.1,83.77,84.55,82.39
"14537",293,2020,82.96,79.49,82.38,82.85
"14538",294,2020,88.77,84.12,84.76,85.22
"14539",295,2020,87.96,86.47,91.14,82.37
"14540",296,2020,86.86,82.23,88.19,82.15
"14541",297,2020,86.51,83.3,88.84,82.42
"14542",298,2020,84.08,82.73,88.51,82.29
"14543",299,2020,83.16,79.13,82.67,78.44
"14544",300,2020,86.2,79.11,82.9,77.89
"14545",301,2020,84.95,79.26,83.9,75.56
"14546",302,2020,82.88,77.48,80.82,76.3
"14547",303,2020,78.44,76.29,76.81,75.35
"14548",304,2020,80.83,76.31,79.5,77.19
"14549",305,2020,89.87,83.7,86.28,80.13
"14550",306,2020,94.73,93.36,92.61,91.17
"14551",307,2020,90.07,86.95,87.7,87.72
"14552",308,2020,89.5,85.45,84.91,85.92
"14553",309,2020,92.65,88.71,88.73,90.01
"14554",310,2020,90.12,86.93,88.01,87.55
"14555",311,2020,86.05,83.19,84.32,83.92
"14556",312,2020,86.01,83.46,84.91,82.14
"14557",313,2020,90.77,85.4,88.26,86.72
"14558",314,2020,87.25,84.28,87.16,84.4
"14559",315,2020,86.67,86.23,80.99,88.65
"14560",316,2020,84.65,85.47,82.79,89.73
"14561",317,2020,86.75,83.81,85.95,85.27
"14562",318,2020,90.2,88.73,90.34,89.38
"14563",319,2020,86.55,85.72,84.34,85.64
"14564",320,2020,85.24,82.3,85.44,82.14
"14565",321,2020,90.57,85.58,88.45,86.34
"14566",322,2020,95.18,92.6,90.56,92.64
"14567",323,2020,86.49,84.63,85.05,84.15
"14568",324,2020,82.87,79.44,78.72,79.61
"14569",325,2020,79.8,75.99,76.76,76.43
"14570",326,2020,87.9,80.59,84.19,80.19
"14571",327,2020,89.56,85.82,87.89,83.76
"14572",328,2020,88.87,81.18,84.98,82.46
"14573",329,2020,89,81.39,86.5,84.48
"14574",330,2020,91.03,84.56,88.5,85.5
"14575",331,2020,88.29,83.56,87.84,83.95
"14576",332,2020,93.76,92.19,95.09,91.26
"14577",333,2020,92.41,92.14,91.19,93.33
"14578",334,2020,92.02,89.48,90.38,89.27
"14579",335,2020,90.54,86.14,87.49,87.12
"14580",336,2020,93.67,88.13,88.96,89.56
"14581",337,2020,89.41,85.85,87.84,86.43
"14582",338,2020,83.32,79.19,81.89,79.64
"14583",339,2020,83.46,77.94,79.62,77.44
"14584",340,2020,84.63,81.55,84.9,79.23
"14585",341,2020,86.69,82.87,84.93,80.06
"14586",342,2020,89.49,83.15,88.43,84.71
"14587",343,2020,92.09,87.74,87.88,89.58
"14588",344,2020,90.76,86.13,87.66,87
"14589",345,2020,85.03,80.97,81.02,83.47
"14590",346,2020,80.41,76.43,75.45,77.21
"14591",347,2020,79.62,73.48,74.56,74.86
"14592",348,2020,79.93,76.39,79.84,73.88
"14593",349,2020,85.06,79.67,83.03,75.77
"14594",350,2020,83.86,79.67,80,77.93
"14595",351,2020,87.63,80.7,82.44,81.53
"14596",352,2020,87.26,77.17,80.26,76.33
"14597",353,2020,89.86,76.9,79.45,75.76
"14598",354,2020,83.31,73.61,75.38,75.4
"14599",355,2020,77.41,70.44,70.45,71.93
"14600",356,2020,80.62,72.75,73.4,72.52
"14601",357,2020,80.12,71.28,73.79,70.65
"14602",358,2020,81.93,71.85,72.65,72.73
"14603",359,2020,85.98,73.08,76.28,74.93
"14604",360,2020,85.1,70.1,77.77,71.38
"14605",361,2020,79.42,68.31,71.43,68.29
"14606",362,2020,71.34,64.46,65.42,64.2
"14607",363,2020,72.5,62.11,66.15,63.44
"14608",364,2020,86.13,68.39,78.77,67.7
"14609",365,2020,90.13,78.23,85.12,78.08
"14610",366,2020,87.17,72.27,76.69,72.91
"14611",1,2021,86.93,70.31,75.67,72.27
"14612",2,2021,84.23,70.61,73.37,70.98
"14613",3,2021,80.04,64.65,67.14,67.38
"14614",4,2021,71.69,58.53,62.69,60.82
"14615",5,2021,71.33,56.03,60.74,56.63
"14616",6,2021,71.4,55.79,65.52,55.91
"14617",7,2021,84.5,66.81,73.83,67.42
"14618",8,2021,95.31,85.98,85.83,85.29
"14619",9,2021,88.85,84.71,85.48,82.67
"14620",10,2021,90.2,87.22,86.52,87.52
"14621",11,2021,88.6,84.72,80.25,83.72
"14622",12,2021,79.51,73.14,69.83,73.79
"14623",13,2021,74.96,70.09,67.67,68.42
"14624",14,2021,74.46,68.4,66.35,67.04
"14625",15,2021,72.28,65.38,61.65,65.9
"14626",16,2021,70.57,64.1,62.33,63.6
"14627",17,2021,71.53,64.14,60.5,62.92
"14628",18,2021,72.69,63.3,61.42,62.25
"14629",19,2021,66.19,59.1,58.12,59.66
"14630",20,2021,71.26,63.63,62.37,60.74
"14631",21,2021,79.83,64.17,65.66,63.38
"14632",22,2021,83.13,62.68,62.62,60.8
"14633",23,2021,80.16,63.84,67.53,62
"14634",24,2021,84.25,68.63,68.3,66.52
"14635",25,2021,77.82,61.45,63.6,60.58
"14636",26,2021,69.47,53.93,56.57,54.56
"14637",27,2021,66.95,52.26,55.16,52.39
"14638",28,2021,60.88,49.19,51.41,49.77
"14639",29,2021,55.75,44.75,48.37,46.01
"14640",30,2021,59.76,46.65,50.39,46.66
"14641",31,2021,61.38,51.36,55.32,50.49
"14642",32,2021,70.99,57.08,58.59,55.48
"14643",33,2021,66.02,47.95,52.06,47.97
"14644",34,2021,73.29,52.06,57.29,51.95
"14645",35,2021,76.46,57.7,61.25,57.15
"14646",36,2021,83.43,60.74,65.69,63.28
"14647",37,2021,76.04,56.33,56.25,57.9
"14648",38,2021,70.49,49.14,54.5,51.12
"14649",39,2021,68.69,49.72,55.64,49.24
"14650",40,2021,62.32,49.27,53.18,49.56
"14651",41,2021,56.76,44.22,48.73,45.85
"14652",42,2021,52.51,39.07,43.8,40.22
"14653",43,2021,62.11,45.78,50.29,45.4
"14654",44,2021,64.59,49,51.58,48.96
"14655",45,2021,65.26,47.64,49.46,48.02
"14656",46,2021,60.1,44.56,48.51,46.85
"14657",47,2021,55.24,43.32,47.35,44.39
"14658",48,2021,51.54,41.83,44.99,45.18
"14659",49,2021,47.03,38.91,41.02,42.51
"14660",50,2021,46.29,41.05,43.66,40.89
"14661",51,2021,50.14,43,46.17,43.37
"14662",52,2021,57.9,39.66,46.03,38.71
"14663",53,2021,60.58,41.71,46.61,41.16
"14664",54,2021,64.63,46.86,52.04,45.48
"14665",55,2021,77.23,57.11,59.19,63.41
"14666",56,2021,73.43,52.42,54.91,54.46
"14667",57,2021,67.66,49.71,50.06,53.37
"14668",58,2021,60.46,46.48,47.7,52.31
"14669",59,2021,55.25,44.52,46.01,50.69
"14670",60,2021,47.62,40.07,41.97,42.32
"14671",61,2021,45.27,36.29,39.7,37.95
"14672",62,2021,45.4,37.63,40.37,36.38
"14673",63,2021,57.44,44.5,46.07,43.98
"14674",64,2021,70.19,56.48,60.01,54.31
"14675",65,2021,83.57,75.33,71.5,70.57
"14676",66,2021,87.78,77.23,75.33,73.22
"14677",67,2021,82.34,64.93,69.42,60.85
"14678",68,2021,79.92,62.28,63.17,59.73
"14679",69,2021,76.25,57.3,54.34,57.06
"14680",70,2021,72.98,54.65,53.62,52.77
"14681",71,2021,72.71,55.64,59.18,51.38
"14682",72,2021,81.87,68.56,70.22,62.91
"14683",73,2021,83.44,69.31,69.35,66.28
"14684",74,2021,85.69,68.56,68.57,66.94
"14685",75,2021,90.09,76.99,77.91,70.26
"14686",76,2021,91.47,82.15,78.66,81.98
"14687",77,2021,85.53,70,66.72,71.99
"14688",78,2021,76.89,65.8,59.13,65.51
"14689",79,2021,69.86,57.41,50.85,56.63
"14690",80,2021,65.97,50.56,47.36,50.81
"14691",81,2021,79.71,62.96,64.29,56.13
"14692",82,2021,82.4,69.21,76.26,63.35
"14693",83,2021,85.06,78.88,80.58,78.39
"14694",84,2021,89.91,83.67,83.66,86.24
"14695",85,2021,88.76,74.42,76.31,78.17
"14696",86,2021,87.72,72.27,75.46,74.63
"14697",87,2021,83.01,73.55,70.29,74.98
"14698",88,2021,84.13,72.82,71.78,74.76
"14699",89,2021,91.46,83.28,78.51,84.96
"14700",90,2021,92.32,80.78,79.31,83.17
"14701",91,2021,89.8,80.29,77.19,83.74
"14702",92,2021,87.11,74.5,69.6,78.3
"14703",93,2021,87.55,74.67,71.31,78.8
"14704",94,2021,89.21,74.79,76.11,79.33
"14705",95,2021,92.08,84.55,84.33,87.29
"14706",96,2021,90.53,84.06,87.37,85.26
"14707",97,2021,90.13,87.38,83.93,87.3
"14708",98,2021,88.19,82.99,85.21,83.83
"14709",99,2021,91.24,88.79,85.98,88.89
"14710",100,2021,90.15,89.34,88.49,89.52
"14711",101,2021,87.29,85.67,86.03,85.21
"14712",102,2021,90.53,86.99,86.81,87.39
"14713",103,2021,86.16,81.98,84.42,81.88
"14714",104,2021,94.02,90.57,94.46,88.35
"14715",105,2021,87.32,86.34,85.29,84.75
"14716",106,2021,87.64,84.75,83.07,86.16
"14717",107,2021,88.99,86.96,85.65,89.23
"14718",108,2021,85.03,79.17,79.16,81.83
"14719",109,2021,79.76,72.93,72.42,73.18
"14720",110,2021,75.86,71.84,69.8,71.69
"14721",111,2021,74.24,70.57,69.24,71.73
"14722",112,2021,73.97,69.79,70.06,69.92
"14723",113,2021,81,73.64,73.56,72.73
"14724",114,2021,86.88,74.82,78.57,73.53
"14725",115,2021,87.2,73.86,76.68,70.98
"14726",116,2021,86.77,78.53,76.96,80.16
"14727",117,2021,94.97,87.54,86.48,91.18
"14728",118,2021,92.09,88.03,89.79,87.25
"14729",119,2021,90.7,86.21,87.18,86.32
"14730",120,2021,93.39,91.49,90,96.3
"14731",121,2021,85.39,82.33,83.23,85.64
"14732",122,2021,90.16,85.41,90.18,84.96
"14733",123,2021,92.38,91.47,90.33,93.7
"14734",124,2021,88.89,88.57,87.69,88.76
"14735",125,2021,88.53,84.46,83.76,86.6
"14736",126,2021,90.58,85.4,88.15,88.04
"14737",127,2021,91.56,89.09,88.91,88.46
"14738",128,2021,92.43,87.82,84.82,91.87
"14739",129,2021,90.92,88.76,93.56,88.95
"14740",130,2021,91.67,87.89,88.76,91.82
"14741",131,2021,95.17,90.96,92.24,90.75
"14742",132,2021,88.13,91.63,92.66,91.6
"14743",133,2021,90.93,88.65,86.32,93.06
"14744",134,2021,91.14,85.42,85.01,89.17
"14745",135,2021,90.98,83.12,85.25,81.99
"14746",136,2021,94.35,91.05,90.08,92.66
"14747",137,2021,95.33,92.04,89.69,96.53
"14748",138,2021,84.84,84.54,90.29,85.9
"14749",139,2021,89.65,88.25,91.11,85.68
"14750",140,2021,87.25,86.52,87.31,85.95
"14751",141,2021,88.9,85.81,87.61,85.81
"14752",142,2021,87.55,83.06,82.49,83.88
"14753",143,2021,89.66,82.21,84.91,83.01
"14754",144,2021,91.72,89.5,90.63,90.68
"14755",145,2021,97.16,91.48,91.93,92.91
"14756",146,2021,92.53,86.67,87.31,87.53
"14757",147,2021,93.48,87.14,91.61,86.95
"14758",148,2021,86.89,86.36,91.78,85.18
"14759",149,2021,89.68,88.56,90.01,90.25
"14760",150,2021,92.75,91.37,92.49,93.01
"14761",151,2021,87.46,84.91,87.89,84.98
"14762",152,2021,95.89,92.64,94.57,93.82
"14763",153,2021,87.37,87.62,86.65,87.96
"14764",154,2021,85.8,84.53,83.82,86.24
"14765",155,2021,91.43,88.64,90.14,90.39
"14766",156,2021,88.72,85.64,89.08,85.89
"14767",157,2021,90.38,88.92,88.14,90.59
"14768",158,2021,88.97,84.69,84.86,83.95
"14769",159,2021,92.59,88.22,89.77,86.88
"14770",160,2021,93.35,87.43,91.24,88.87
"14771",161,2021,90.38,87.08,91.08,87.47
"14772",162,2021,84.83,84.04,85.92,86.84
"14773",163,2021,94.64,88.96,87.83,90.74
"14774",164,2021,87.46,85.51,87.78,84.57
"14775",165,2021,88.66,83.62,82.68,85.17
"14776",166,2021,93.36,90.05,90.09,91.44
"14777",167,2021,91.71,88.16,88.82,88.48
"14778",168,2021,87.71,85.78,86.77,85.53
"14779",169,2021,85.27,83.82,82.57,87.07
"14780",170,2021,88.45,84.33,86.27,86.28
"14781",171,2021,94.69,91.92,90.4,93.36
"14782",172,2021,89.3,88.86,88.8,88.79
"14783",173,2021,87.03,87.82,89.9,87.99
"14784",174,2021,89.77,84.32,86.71,83.3
"14785",175,2021,84.34,84.41,87.3,83.79
"14786",176,2021,83.43,85.13,85.63,85.7
"14787",177,2021,87.3,84.9,85.48,85.84
"14788",178,2021,85.64,85.87,85.86,85.36
"14789",179,2021,87.82,84.71,85.54,84.29
"14790",180,2021,86.74,86.21,86.81,86.51
"14791",181,2021,92.34,92.03,92.89,94.09
"14792",182,2021,84.41,84.86,86.36,85.17
"14793",183,2021,76.62,75.62,77.43,74.29
"14794",184,2021,74.59,77.73,77.55,77.42
"14795",185,2021,87.6,84.26,85.86,81.28
"14796",186,2021,88.73,84.04,85.41,84.14
"14797",187,2021,92.46,90.26,86.88,91.83
"14798",188,2021,88.68,87.79,89.32,86.34
"14799",189,2021,90.65,88.19,89.19,88.5
"14800",190,2021,93.78,94.2,92.65,94.07
"14801",191,2021,92.76,90.3,90.66,89.21
"14802",192,2021,90.29,88.39,88.58,90.06
"14803",193,2021,87.06,85.59,83.61,85.78
"14804",194,2021,93.27,90.99,91.81,92.31
"14805",195,2021,94.09,87.55,91.16,87.56
"14806",196,2021,87.25,85.9,86.4,87.55
"14807",197,2021,92.22,88.21,89.12,90.34
"14808",198,2021,87.05,86.2,86.14,87.26
"14809",199,2021,92.14,86.73,86.82,89.65
"14810",200,2021,92.64,92.24,92.32,91.71
"14811",201,2021,86.16,85.46,88.19,84.22
"14812",202,2021,90.21,88.17,92.16,87.61
"14813",203,2021,91.38,91.6,91.77,90.69
"14814",204,2021,91.32,90.59,90.52,89.28
"14815",205,2021,92.18,88.53,86.88,90.16
"14816",206,2021,86.62,83.9,87.36,81.53
"14817",207,2021,92.33,87.92,89.41,87.66
"14818",208,2021,91.15,86.08,90.06,87.74
"14819",209,2021,89.8,88.46,92.38,86.08
"14820",210,2021,82.19,83.39,84.31,85.24
"14821",211,2021,87.93,85.93,87.79,86.47
"14822",212,2021,86.37,84.31,86.95,84.29
"14823",213,2021,85.12,85.12,89.19,83.87
"14824",214,2021,88.78,86.96,92.4,85.56
"14825",215,2021,89.49,83.27,93.77,79.38
"14826",216,2021,94.48,90.93,94.94,87.25
"14827",217,2021,96.24,92.62,87.27,93.21
"14828",218,2021,88.85,86.6,84.73,82.65
"14829",219,2021,89.17,84.75,86.11,79.05
"14830",220,2021,85.42,82.12,81.46,83.61
"14831",221,2021,83.47,82.54,83.62,84.69
"14832",222,2021,86.2,85.54,84.46,84.86
"14833",223,2021,88.98,85.54,90,81.67
"14834",224,2021,89.23,86.76,86.27,85.44
"14835",225,2021,89.38,85.5,83.45,84.98
"14836",226,2021,92.88,87.95,93.66,82.96
"14837",227,2021,87.66,84,86.56,82.74
"14838",228,2021,82.96,80.65,79.72,81.84
"14839",229,2021,89.09,82.85,84.45,85.05
"14840",230,2021,90.03,87.28,88.5,88.3
"14841",231,2021,91.65,88.8,92.64,87.72
"14842",232,2021,87.25,84.5,83.8,84.93
"14843",233,2021,83.77,81.7,82.17,85.03
"14844",234,2021,90.46,86.42,88.5,86.87
"14845",235,2021,87.26,83.63,86.58,84.41
"14846",236,2021,84.15,85.53,87.04,86.07
"14847",237,2021,82.23,82.02,83.11,82.56
"14848",238,2021,83.75,82.56,84.79,82.36
"14849",239,2021,88.35,82.19,85.31,82.77
"14850",240,2021,87.56,85.8,87.79,85.74
"14851",241,2021,91.18,85.14,86.84,84.11
"14852",242,2021,86.9,83.7,87.91,84.72
"14853",243,2021,84.72,82.43,86.86,80.74
"14854",244,2021,86.92,82.39,82.11,83
"14855",245,2021,85.83,82.99,83.82,83.61
"14856",246,2021,87.44,80.96,82.97,83.75
"14857",247,2021,90.37,85.2,87.31,85.34
"14858",248,2021,87.85,84.2,83.07,85.83
"14859",249,2021,87.39,83.27,80.08,87.98
"14860",250,2021,92.11,85.32,89.07,83.97
"14861",251,2021,85.46,82.56,83.56,81.57
"14862",252,2021,83.5,82.43,84.72,83.13
"14863",253,2021,90.09,87.68,88.14,87.35
"14864",254,2021,92.1,89.18,91.07,90.54
"14865",255,2021,86.61,84.47,86.21,83.96
"14866",256,2021,84.89,82.43,84.42,81.56
"14867",257,2021,85.22,83.77,82.86,82.24
"14868",258,2021,82.69,83.81,82.04,84.32
"14869",259,2021,86.88,84.02,84.32,84.17
"14870",260,2021,83.74,82.28,83.61,81.52
"14871",261,2021,88.46,85.39,87.64,83.3
"14872",262,2021,87.22,84.06,85.47,83.79
"14873",263,2021,85.63,83.84,82.57,83.14
"14874",264,2021,89.72,86.4,85.2,89.33
"14875",265,2021,91.24,87.13,89.55,86.47
"14876",266,2021,87.69,83.53,87.02,84.06
"14877",267,2021,88.03,84.08,86.5,85.54
"14878",268,2021,86.27,82.24,83.35,86.68
"14879",269,2021,82.82,79.3,84.74,78.42
"14880",270,2021,84.29,78.45,83.88,82.16
"14881",271,2021,87.11,81.01,85.31,81.53
"14882",272,2021,87.54,85.41,84.43,84.98
"14883",273,2021,91.4,86.47,86.61,88.42
"14884",274,2021,86.95,84.76,87.43,85.31
"14885",275,2021,84.01,80.62,82.29,82.04
"14886",276,2021,83.01,78.97,80.49,78.3
"14887",277,2021,88.52,82.84,85.45,83.36
"14888",278,2021,94.27,89.74,91.7,89.36
"14889",279,2021,91.73,87.11,87.39,89.18
"14890",280,2021,91.29,85.25,86.93,87.31
"14891",281,2021,88.64,88.66,89.4,88.65
"14892",282,2021,84.47,83.64,82.88,85.55
"14893",283,2021,84.57,79.91,82.12,81.78
"14894",284,2021,89.63,85.93,87.37,87.4
"14895",285,2021,89.65,84.66,85.91,85.32
"14896",286,2021,84.38,83.48,84.98,84.62
"14897",287,2021,81.11,80.46,82.53,81.72
"14898",288,2021,81.37,79.12,79.92,83.08
"14899",289,2021,87.78,83.9,83.34,87.1
"14900",290,2021,86.99,85.61,88.27,85.57
"14901",291,2021,83.87,82.4,84.57,83
"14902",292,2021,85.85,80.68,83.11,82.88
"14903",293,2021,90.35,82.93,86.16,84.72
"14904",294,2021,90.14,83.23,84.82,84.99
"14905",295,2021,85.72,82.16,86.94,81.27
"14906",296,2021,84.6,80.31,82.83,81.21
"14907",297,2021,86.28,81.42,84.76,82.58
"14908",298,2021,82.43,76.84,79.25,76.83
"14909",299,2021,92.02,86.79,89.5,87.51
"14910",300,2021,94.92,92.93,93.97,91.51
"14911",301,2021,89.28,86.65,90.65,90.27
"14912",302,2021,87.25,85.85,85.32,86.42
"14913",303,2021,88.35,86.12,88.54,86.04
"14914",304,2021,86.23,85.35,87.78,84.4
"14915",305,2021,86.42,85.28,87.56,85.15
"14916",306,2021,85.9,82.34,83.87,81.97
"14917",307,2021,88.69,79.37,85.47,79.63
"14918",308,2021,86.51,80.22,82.45,80.83
"14919",309,2021,85.2,78.64,82.39,78
"14920",310,2021,83.59,77.63,82.39,77.39
"14921",311,2021,83.8,76.71,82.83,77.39
"14922",312,2021,88.26,81.47,87.19,81.71
"14923",313,2021,85.92,78.28,80.09,82.46
"14924",314,2021,77.7,72.43,73.93,75.58
"14925",315,2021,72.41,70.33,72.48,70.75
"14926",316,2021,74.63,71.37,74.21,71.07
"14927",317,2021,77.27,71.62,75.85,72.96
"14928",318,2021,79.12,71.29,74.63,72.34
"14929",319,2021,74.26,69.26,71.83,71.43
"14930",320,2021,72.35,67.95,70.02,68.85
"14931",321,2021,71.32,67.62,68.46,68.95
"14932",322,2021,69.05,65.3,68.34,65.02
"14933",323,2021,71.99,67.69,72.26,67.37
"14934",324,2021,88.01,75.83,84.55,73.04
"14935",325,2021,90.77,86.84,89.44,90.12
"14936",326,2021,85.67,83.49,85.56,83.03
"14937",327,2021,91.07,84.9,83.94,86.2
"14938",328,2021,92.76,89.35,90.86,89.52
"14939",329,2021,88.48,87.05,85.57,85.93
"14940",330,2021,86.61,83.17,85.59,82.4
"14941",331,2021,85.67,82.23,83.57,79.2
"14942",332,2021,84.77,81.33,80.03,80.99
"14943",333,2021,84.55,79.61,76.59,81.09
"14944",334,2021,80.69,76.16,72.82,75.23
"14945",335,2021,78.56,74.46,74.03,72.93
"14946",336,2021,88.06,77.35,78.21,77.5
"14947",337,2021,82.52,73.44,74.81,70.33
"14948",338,2021,81.24,71.34,74.57,72.18
"14949",339,2021,84,74.43,77.23,74.6
"14950",340,2021,79.71,71.78,69.29,73.32
"14951",341,2021,83.26,73.62,74.69,73.88
"14952",342,2021,83.22,72.98,73.59,74.34
"14953",343,2021,72.81,66.13,65.15,66.04
"14954",344,2021,72.41,66.57,63.86,66.69
"14955",345,2021,71.61,64.27,64.75,64.4
"14956",346,2021,70.38,64.09,65.11,61.37
"14957",347,2021,70.43,64.79,66.71,63.95
"14958",348,2021,75.79,67.45,70.04,65.51
"14959",349,2021,76.45,67.94,68.08,69.19
"14960",350,2021,80.89,67.88,67.22,70.25
"14961",351,2021,81.62,67.38,66.44,70.11
"14962",352,2021,77.71,63.37,65.58,64.33
"14963",353,2021,76,66.28,67.94,66.07
"14964",354,2021,75.67,64.68,66.59,65.65
"14965",355,2021,76.26,64.81,66.55,64.48
"14966",356,2021,74.17,62.03,62.89,63.39
"14967",357,2021,73.25,64.3,65.57,65.26
"14968",358,2021,80.19,66.19,71.56,66.61
"14969",359,2021,77.34,63.22,68.51,64.05
"14970",360,2021,75.88,64.41,65.94,63.75
"14971",361,2021,69.27,58.46,56.24,60.55
"14972",362,2021,61.79,55.71,55.48,55.77
"14973",363,2021,66.18,58.45,60.91,56.37
"14974",364,2021,74.37,61.34,64.32,60.47
"14975",365,2021,71.6,62.21,63.22,62.06
"14976",1,2022,65.03,59.03,57.35,60.78
"14977",2,2022,59.93,52.52,54.13,53.21
"14978",3,2022,55.9,50.18,53.97,53.08
"14979",4,2022,52.31,50.65,50.91,52.26
"14980",5,2022,51.89,48.4,48.93,51.59
"14981",6,2022,52.71,47.12,48.2,48.97
"14982",7,2022,55.79,50.37,54.08,49.9
"14983",8,2022,56.16,52.34,53.66,53.14
"14984",9,2022,53,51.86,49.05,52.58
"14985",10,2022,51.87,51.31,48,53.99
"14986",11,2022,54.13,53.34,51.29,53.97
"14987",12,2022,53.08,53.26,51.78,54.08
"14988",13,2022,52.38,52.42,51.41,54.08
"14989",14,2022,55.38,51.45,51.06,52.79
"14990",15,2022,61.61,53.6,56.72,53.75
"14991",16,2022,73.78,60.2,67.31,58.36
"14992",17,2022,83.65,73.97,74.37,75.75
"14993",18,2022,77.38,66.97,64.57,70.77
"14994",19,2022,67.55,56.25,51.22,62.54
"14995",20,2022,64,55.65,54.02,59.13
"14996",21,2022,65.2,57.45,56.38,60.69
"14997",22,2022,71.49,60.02,61.34,63.39
"14998",23,2022,72.54,57.98,57.61,63.1
"14999",24,2022,73.64,58.63,63.08,61.25
"15000",25,2022,65.24,51.05,53.73,54.87
"15001",26,2022,62.06,49.61,48.55,52.96
"15002",27,2022,54.03,46.26,40.22,51.19
"15003",28,2022,43.47,44.92,39.19,47.2
"15004",29,2022,47.19,49.31,43.87,52.2
"15005",30,2022,44.84,47.36,41.35,50.12
"15006",31,2022,46.03,46.49,44.41,48.29
"15007",32,2022,47.89,48.07,47.8,47.93
"15008",33,2022,53.42,52.03,51.03,51.46
"15009",34,2022,69.73,58.5,62.29,56.19
"15010",35,2022,66.05,54.74,55.96,56.63
"15011",36,2022,63.42,51.38,49.47,54.18
"15012",37,2022,66.58,53.38,56.26,53.78
"15013",38,2022,70.09,53.45,58.79,51.57
"15014",39,2022,85.24,74.73,78.64,71.58
"15015",40,2022,86.27,72.34,72.7,72.48
"15016",41,2022,79.1,64.38,61.14,66.66
"15017",42,2022,68.51,56.65,49.39,59.22
"15018",43,2022,64.57,54.67,50.4,55.31
"15019",44,2022,62.62,49.96,45.96,53.21
"15020",45,2022,62.26,51.77,47.79,53.95
"15021",46,2022,69.12,52.11,53.84,51.03
"15022",47,2022,60.95,50.22,47.98,49.68
"15023",48,2022,58.84,49.74,50.07,50.21
"15024",49,2022,63.78,50.18,47.28,52.55
"15025",50,2022,58.85,48.29,42.45,48.39
"15026",51,2022,50.32,47.08,41.07,47.71
"15027",52,2022,47.91,45.61,42.66,46.51
"15028",53,2022,51.83,47.87,47.45,46.27
"15029",54,2022,63.55,50.99,52.83,51
"15030",55,2022,75.44,60.28,62.17,61.21
"15031",56,2022,71.73,56.49,58.99,57.99
"15032",57,2022,85.52,64.64,77.29,64.2
"15033",58,2022,88.74,76.97,73.76,83.61
"15034",59,2022,86.13,84.09,74.05,91.17
"15035",60,2022,80.88,72.04,66.66,76.03
"15036",61,2022,86.48,70.75,66.07,76.12
"15037",62,2022,86.38,69.75,67.43,75.22
"15038",63,2022,87.7,75.86,73.72,79.53
"15039",64,2022,90.19,75.65,73.45,78.11
"15040",65,2022,78.83,65.5,62.25,69.73
"15041",66,2022,67.72,57.05,50.45,62.36
"15042",67,2022,68.2,53.47,50.83,58.6
"15043",68,2022,74.33,58.51,58.54,64.09
"15044",69,2022,79.26,60.27,62.39,62.09
"15045",70,2022,79.91,65.62,65.67,66.59
"15046",71,2022,81.97,65.46,65.25,70.17
"15047",72,2022,89.46,70.22,69.68,75.8
"15048",73,2022,84.81,67.09,66.91,72.44
"15049",74,2022,79.15,57.08,59.33,64.03
"15050",75,2022,85.31,67.3,68.53,65.37
"15051",76,2022,88.7,71.26,73.8,73.46
"15052",77,2022,85.39,63.05,64.42,66.39
"15053",78,2022,88.2,64.44,62.59,66.33
"15054",79,2022,91.72,68.33,67.06,71.55
"15055",80,2022,85.98,68.6,65.91,68.31
"15056",81,2022,86.78,64.76,58.33,69.04
"15057",82,2022,79.49,56.85,58.39,59.78
"15058",83,2022,74.81,52.1,54.02,50.95
"15059",84,2022,75.61,53.5,54.5,51.72
"15060",85,2022,86.72,62.11,64.92,66.2
"15061",86,2022,88.55,70.73,67.24,69.61
"15062",87,2022,87.86,73.86,72.6,78.88
"15063",88,2022,88.49,75.46,71.21,81.78
"15064",89,2022,80.54,68.18,61.82,71.91
"15065",90,2022,73.1,53.61,48.03,59.1
"15066",91,2022,73.21,53.7,50.98,56.85
"15067",92,2022,78.73,59.64,58,62.23
"15068",93,2022,84.68,73.3,71.95,75.56
"15069",94,2022,88.09,83.73,80.79,85.18
"15070",95,2022,89.58,84.64,83.68,86.81
"15071",96,2022,91.4,81.53,83.19,82.2
"15072",97,2022,87.3,80.9,76.69,82.58
"15073",98,2022,86.1,79.14,73.25,82.69
"15074",99,2022,83.21,75.98,70.55,78.48
"15075",100,2022,86.74,79.95,77.01,79.98
"15076",101,2022,86.12,79.16,71.9,82.57
"15077",102,2022,83.53,75.67,67.77,78.04
"15078",103,2022,76.47,64.3,57.52,66.76
"15079",104,2022,73.78,61.63,55.8,64.31
"15080",105,2022,83.37,74.56,70.39,75.06
"15081",106,2022,90.05,85.3,86.26,90.45
"15082",107,2022,87.3,84.63,85.54,85.73
"15083",108,2022,88.67,81.97,82.56,85.79
"15084",109,2022,84.89,77.28,78.63,83.48
"15085",110,2022,89.08,83.54,86.59,83.68
"15086",111,2022,90.86,88.52,87.15,89.33
"15087",112,2022,87.57,81.67,82.9,85.62
"15088",113,2022,81.45,76.99,74.25,81.41
"15089",114,2022,84.42,72.38,71.99,78.7
"15090",115,2022,87.55,80.24,83.93,83.28
"15091",116,2022,86.33,80.86,83.84,80.69
"15092",117,2022,90.86,91.61,88.26,90.64
"15093",118,2022,83.82,82.3,84.48,85.13
"15094",119,2022,88.88,84.97,86.69,88.11
"15095",120,2022,93.37,90.09,90.56,91.05
"15096",121,2022,84.45,81.69,85.06,80.7
"15097",122,2022,80.02,77.9,76.93,80.76
"15098",123,2022,74.96,72.55,70.96,74.96
"15099",124,2022,83.09,76.7,78.45,76.68
"15100",125,2022,91.71,87.86,89.79,87.67
"15101",126,2022,90.54,89.4,93.49,88.46
"15102",127,2022,96.47,93.3,93.71,94.48
"15103",128,2022,88.02,86.08,88.78,85.65
"15104",129,2022,86.07,84.94,87.42,83.64
"15105",130,2022,90.54,86.98,88.84,87.02
"15106",131,2022,89.05,88.71,88.62,89.84
"15107",132,2022,88.98,87.26,86.62,85.32
"15108",133,2022,88.46,85.12,84.24,85.77
"15109",134,2022,90.12,87.4,89.49,88.06
"15110",135,2022,85.87,83.6,84.18,84.43
"15111",136,2022,93.42,87.91,90.42,90.02
"15112",137,2022,90.59,90.02,91.32,90.4
"15113",138,2022,97.21,94.84,94.46,95.24
"15114",139,2022,96.04,92,91.72,92.31
"15115",140,2022,87.87,85.76,85.19,88.64
"15116",141,2022,87.1,83.36,84.01,86.08
"15117",142,2022,90.78,85.2,88.38,85.46
"15118",143,2022,84.71,83.9,87.28,86.09
"15119",144,2022,89.08,87.77,91.05,88.34
"15120",145,2022,85.32,85.74,86.37,87.95
"15121",146,2022,92.3,87.42,91.72,88.58
"15122",147,2022,92.16,91.97,91.24,92.09
"15123",148,2022,87.97,85.68,86.38,85.54
"15124",149,2022,91.07,85.12,86.59,83.92
"15125",150,2022,90.11,85.6,85.09,87.83
"15126",151,2022,90.01,86.95,88.63,87.33
"15127",152,2022,89.91,82.1,84.85,81.82
"15128",153,2022,86.32,83.01,84.28,83.45
"15129",154,2022,88.06,83,86.79,82.05
"15130",155,2022,89.78,86.86,88.66,89.02
"15131",156,2022,88.94,87.12,91.49,84.79
"15132",157,2022,84.78,84.93,83.66,83.43
"15133",158,2022,83.99,81.57,83.29,82.45
"15134",159,2022,93.77,89.4,91.26,89.52
"15135",160,2022,85.03,87.35,86.31,86.6
"15136",161,2022,86.2,81.72,83.88,80.17
"15137",162,2022,92.81,87.81,89.11,90.21
"15138",163,2022,95.57,93.43,95.34,94.46
"15139",164,2022,96.3,92.09,93.92,94.01
"15140",165,2022,86.61,82.49,92.77,79.89
"15141",166,2022,84.68,83,86.61,78
"15142",167,2022,90.91,85.53,90.7,85.6
"15143",168,2022,86.74,85.76,87.64,86.88
"15144",169,2022,88.92,87.86,91.41,89.5
"15145",170,2022,90.88,86.81,91.32,88.55
"15146",171,2022,95.48,92.91,93.97,94.97
"15147",172,2022,90.48,86.95,87.42,87.9
"15148",173,2022,82.15,79.66,79.75,82.44
"15149",174,2022,87.39,82.93,82.47,86.53
"15150",175,2022,93.35,89.18,90.46,91.76
"15151",176,2022,93.76,85.9,88.21,93.42
"15152",177,2022,94.62,87.3,90.19,91.96
"15153",178,2022,87.12,81.69,87.89,79.92
"15154",179,2022,88.63,85,89.06,83.34
"15155",180,2022,86.3,84.16,86.49,83.5
"15156",181,2022,86,86.22,85.71,85.73
"15157",182,2022,93.3,91.08,92.23,91.62
"15158",183,2022,89.44,85.86,89.21,89.76
"15159",184,2022,88.22,85.32,89.39,84.53
"15160",185,2022,88.27,88.82,89.28,87.43
"15161",186,2022,87.25,83.41,85.54,83.74
"15162",187,2022,81.88,81.04,87.55,81.7
"15163",188,2022,84.97,85.1,87.76,84.28
"15164",189,2022,93.43,91.55,90.98,92.64
"15165",190,2022,89.05,86.7,86.91,87.93
"15166",191,2022,89.45,85.84,88.75,86.95
"15167",192,2022,92.83,92.09,90.98,92.43
"15168",193,2022,89.6,86.59,87.97,85.21
"15169",194,2022,86.83,84.42,85.84,83.72
"15170",195,2022,90.55,83.51,87.8,83
"15171",196,2022,84.32,80.27,83.31,80.74
"15172",197,2022,82.39,83.88,85.91,81.61
"15173",198,2022,86.14,84.69,85.2,85.46
"15174",199,2022,91.36,90.25,90.63,90.2
"15175",200,2022,87.85,87.76,92.54,81.68
"15176",201,2022,88.22,84.93,82.88,84.92
"15177",202,2022,91.52,88.47,87.61,88.51
"15178",203,2022,87.87,84.06,85.49,84.83
"15179",204,2022,95.89,87.03,88.97,88.22
"15180",205,2022,95.46,87.51,90.4,89.59
"15181",206,2022,90.75,89.08,90.25,88.58
"15182",207,2022,86.32,85.18,85.37,87.7
"15183",208,2022,90.77,87.21,89.1,89.72
"15184",209,2022,94.63,91.24,91.13,91.17
"15185",210,2022,87.13,84.41,84.52,85.98
"15186",211,2022,85.61,83.98,84.06,87.22
"15187",212,2022,89.68,87.45,88.19,87.56
"15188",213,2022,88.03,88.66,88.59,89.35
"15189",214,2022,92.6,90.36,91.03,90.34
"15190",215,2022,87.26,87.36,91.78,84.33
"15191",216,2022,84.93,85.55,87.96,83.54
"15192",217,2022,85.47,83.8,85.16,83.6
"15193",218,2022,89.01,90.67,90.99,91.47
"15194",219,2022,82.41,83.03,85.68,79.21
"15195",220,2022,82.31,79.42,82.29,78.89
"15196",221,2022,92.35,87.95,88.79,88.87
"15197",222,2022,85.65,82.83,89.49,80.93
"15198",223,2022,82.57,81.67,81.83,82.67
"15199",224,2022,86.94,84.66,86.94,83.08
"15200",225,2022,89.45,85.3,87.92,85.53
"15201",226,2022,89.48,89.17,90,90.95
"15202",227,2022,82.65,83.1,83.62,84.02
"15203",228,2022,81.75,80.04,82.2,80.87
"15204",229,2022,79.58,77.09,79.14,77.31
"15205",230,2022,74.25,74.02,73.85,74.25
"15206",231,2022,82.94,78.85,82.96,78.29
"15207",232,2022,91.75,87.94,91.28,87.67
"15208",233,2022,87.67,84.78,92.23,80.21
"15209",234,2022,80.93,77.7,83.35,74.17
"15210",235,2022,80.11,76.36,88.13,72.67
"15211",236,2022,82.43,79.58,89.59,74.99
"15212",237,2022,83.03,80.25,82.27,75.21
"15213",238,2022,82.93,78.41,81.17,74.03
"15214",239,2022,84.19,81.73,85.69,75.6
"15215",240,2022,83.88,82.02,80.39,79.1
"15216",241,2022,92.57,90.75,88.01,93.78
"15217",242,2022,86.61,82.69,86.85,82.35
"15218",243,2022,87.27,81.63,86.15,81.68
"15219",244,2022,89.3,83.78,84,85.24
"15220",245,2022,85.77,83.63,84.45,87.07
"15221",246,2022,90.38,85.23,84.48,90.06
"15222",247,2022,89.99,85.32,87.77,83.39
"15223",248,2022,89.93,83.99,87.29,79.57
"15224",249,2022,85.51,81.23,84.39,78.65
"15225",250,2022,83.45,79.88,82.57,79.19
"15226",251,2022,80.61,78.55,77.3,78.75
"15227",252,2022,83.33,79.54,78.45,85.74
"15228",253,2022,90.02,84.34,84.23,88.29
"15229",254,2022,84.01,81.86,88.23,80.53
"15230",255,2022,84.12,82.21,86.14,83.16
"15231",256,2022,85.84,84.24,84.64,86.18
"15232",257,2022,84.75,82.44,84.13,83.51
"15233",258,2022,85.17,81.31,83.41,82.25
"15234",259,2022,93.84,88.9,88.22,90.68
"15235",260,2022,88.24,83.76,85.53,83.06
"15236",261,2022,83.47,81.78,83.24,80.36
"15237",262,2022,82.4,80.06,79.39,83.54
"15238",263,2022,84.34,81.45,83.58,81.18
"15239",264,2022,86.16,83.59,86.6,82.42
"15240",265,2022,83.63,81.75,82.39,86.26
"15241",266,2022,81.81,75.78,79.91,76.89
"15242",267,2022,85.68,81.7,82.03,80.56
"15243",268,2022,83.52,81.18,87.97,79.22
"15244",269,2022,81.3,80.91,81.96,78.82
"15245",270,2022,87.04,82.43,84.79,84.31
"15246",271,2022,89.46,86.02,86.69,88.24
"15247",272,2022,82.78,81.15,82.16,80.67
"15248",273,2022,85.82,84.58,83.55,85.01
"15249",274,2022,91.51,87.48,86.43,88.16
"15250",275,2022,90.41,84.2,86.08,87.13
"15251",276,2022,83.69,80.86,84.82,83.24
"15252",277,2022,82.92,79.89,82.87,81.05
"15253",278,2022,84.81,81.54,82.43,79.43
"15254",279,2022,84.27,86.28,87.72,81.36
"15255",280,2022,82.14,82.56,82.73,84.89
"15256",281,2022,88.22,82.99,84.21,85.03
"15257",282,2022,87.95,86.28,88.7,86.6
"15258",283,2022,85.5,82.64,85.96,82.77
"15259",284,2022,89.27,84.7,84.96,85.13
"15260",285,2022,83.99,82.22,82.23,80.98
"15261",286,2022,81.98,81.18,81.31,80.89
"15262",287,2022,82.84,81.46,82.99,81.13
"15263",288,2022,88.73,85.48,88,85.58
"15264",289,2022,89.71,86.86,92.27,86
"15265",290,2022,84.26,83.58,85.45,81.54
"15266",291,2022,85.47,81.77,81.02,83.2
"15267",292,2022,89.32,82.86,84.2,83.44
"15268",293,2022,88.6,85.67,86.42,85.13
"15269",294,2022,84.62,82.27,81.89,81.73
"15270",295,2022,86.35,79.66,81.51,81.01
"15271",296,2022,91.36,83.4,88.07,83.71
"15272",297,2022,90.9,87.8,88.26,88.18
"15273",298,2022,82.57,79.25,80.7,82.43
"15274",299,2022,81.02,76.32,80.06,79.43
"15275",300,2022,87.37,82.7,86.27,84.92
"15276",301,2022,86.24,83.26,83.82,85.35
"15277",302,2022,93.06,87.9,88.68,90.09
"15278",303,2022,88.48,87.26,87.39,87.33
"15279",304,2022,83.68,81.97,84.8,80.79
"15280",305,2022,86.26,84.85,87.35,81.07
"15281",306,2022,95.6,91.74,90.47,93.13
"15282",307,2022,85.08,81.34,88.06,80.51
"15283",308,2022,78.54,75.54,80.02,73.31
"15284",309,2022,78.65,76.09,77.7,76.49
"15285",310,2022,78.6,76.7,76.51,77.69
"15286",311,2022,81.3,79.04,79.87,79.97
"15287",312,2022,88.08,83.99,83.09,84.97
"15288",313,2022,91.07,87.43,88.8,87.84
"15289",314,2022,87.06,86.34,85.88,87.37
"15290",315,2022,84.04,82.5,84.16,85.38
"15291",316,2022,85.99,83.32,85.45,83.61
"15292",317,2022,87.21,84.61,84.03,85.38
"15293",318,2022,82.02,78.94,79.38,82.38
"15294",319,2022,83.7,79.77,80.85,81.94
"15295",320,2022,92.58,87.04,89.78,85.42
"15296",321,2022,93.35,90.45,89.26,89.58
"15297",322,2022,94.76,91.11,92.43,92.63
"15298",323,2022,88.74,87.37,88.09,86.68
"15299",324,2022,85.04,82.97,83.89,84.13
"15300",325,2022,83.45,78.39,80.19,78.76
"15301",326,2022,78.94,76.11,77.73,76.47
"15302",327,2022,79.66,76.7,79.05,76.73
"15303",328,2022,88.34,83.65,85.54,84.88
"15304",329,2022,86.41,83.17,85.2,86.17
"15305",330,2022,87.66,82.02,83.9,83.43
"15306",331,2022,91.54,86.12,87.99,87
"15307",332,2022,91.92,87.46,91.35,89.08
"15308",333,2022,90.56,87.19,87.94,88.42
"15309",334,2022,83.51,79.35,78.28,79.2
"15310",335,2022,74.45,73.72,71.23,75.3
"15311",336,2022,72.06,72.87,71.66,72.72
"15312",337,2022,78.02,76.78,77.44,76.85
"15313",338,2022,81.1,77.42,79.52,77.16
"15314",339,2022,78.7,75.86,77.72,76.25
"15315",340,2022,75.18,72.29,73.04,73.84
"15316",341,2022,74.82,70.88,74.5,72.28
"15317",342,2022,77.46,71.83,79.09,70.31
"15318",343,2022,75.38,70.52,73.66,72.52
"15319",344,2022,78.47,71.81,76.63,72.38
"15320",345,2022,83.13,75.11,82.1,74.22
"15321",346,2022,85.38,79.34,81.83,77.65
"15322",347,2022,85.25,77.81,78.43,77.56
"15323",348,2022,84.01,78.39,79.08,78.36
"15324",349,2022,80.93,77.21,76.26,75.98
"15325",350,2022,75.46,68.56,67.56,68.75
"15326",351,2022,70.47,65.04,64.63,67.22
"15327",352,2022,70.42,65.2,65.7,65.89
"15328",353,2022,74.51,64.76,67.04,64.92
"15329",354,2022,70.23,63.21,62,64.17
"15330",355,2022,71.31,65.19,66.94,64.15
"15331",356,2022,73.34,64.87,67.62,66.26
"15332",357,2022,67.41,59.96,61.89,61.94
"15333",358,2022,60.18,54,56.99,56.15
"15334",359,2022,58.1,54.33,57.32,56.13
"15335",360,2022,63.24,59.76,60.94,59.12
"15336",361,2022,67.82,64.9,65.6,62.51
"15337",362,2022,71.79,64.23,65.45,65.81
"15338",363,2022,66.59,59.72,59.32,63.29
"15339",364,2022,63.34,57.49,58.23,58.79
"15340",365,2022,63.74,57.84,62.03,58.1
"15341",1,2023,71.76,64.19,67.25,62.67
"15342",2,2023,75.36,63.38,65.77,64.96
"15343",3,2023,72.31,60.44,63.57,61.09
"15344",4,2023,73.63,62.22,66.67,62.35
"15345",5,2023,69.18,60.91,64.53,61.18
"15346",6,2023,68.79,60.77,66.11,58.67
"15347",7,2023,88.86,75.12,81.14,76.09
"15348",8,2023,92.2,89.76,91.53,91.39
"15349",9,2023,87.37,84.42,85.95,81.58
"15350",10,2023,86.2,79.35,82.25,76.99
"15351",11,2023,88.9,79.26,84.42,76.59
"15352",12,2023,90.08,78.15,80.13,78.49
"15353",13,2023,89.84,79.41,82.72,77.72
"15354",14,2023,84.06,74.72,76.58,74.53
"15355",15,2023,79.73,68.07,72.55,68
"15356",16,2023,84.16,68.81,73.43,67.65
"15357",17,2023,85.32,72.96,74.3,71.52
"15358",18,2023,82.71,74.73,74.76,72.52
"15359",19,2023,74.3,63.98,64.45,64.27
"15360",20,2023,74.08,62.56,61.69,63.03
"15361",21,2023,74.77,62.64,65.91,60.69
"15362",22,2023,72.57,63.06,64.78,60.38
"15363",23,2023,78.6,64.11,64.35,62.89
"15364",24,2023,75.71,58.28,60.58,59.11
"15365",25,2023,66.49,54.58,54.46,55.62
"15366",26,2023,63.62,54.63,55.15,54.38
"15367",27,2023,59.86,53.21,52.24,53.54
"15368",28,2023,58.42,51.02,50.54,51.76
"15369",29,2023,57.72,50.38,50.83,51.18
"15370",30,2023,58.12,51.56,50.87,50.28
"15371",31,2023,55.62,51.28,46.64,52.64
"15372",32,2023,53.09,49.68,46.61,49.52
"15373",33,2023,54.61,50.27,49.41,50.19
"15374",34,2023,57.4,51.87,52.83,50.17
"15375",35,2023,63.66,54.69,57.09,52.06
"15376",36,2023,67.71,59.09,58.27,56.98
"15377",37,2023,68.53,57.93,59.04,56.18
"15378",38,2023,66.39,55.9,56.11,55.62
"15379",39,2023,66.27,56.72,58.47,54.25
"15380",40,2023,69.77,57.82,59.92,58.33
"15381",41,2023,69.97,55.48,56.68,56.54
"15382",42,2023,64.49,54.02,52.87,56.11
"15383",43,2023,63.7,52.48,52.2,53.57
"15384",44,2023,71.51,54.44,59.08,54.19
"15385",45,2023,75.8,60.18,65.77,56.95
"15386",46,2023,74.75,60.48,66.9,57.52
"15387",47,2023,69.86,59.1,58.12,64.57
"15388",48,2023,59.52,52.59,50.49,55.71
"15389",49,2023,49.98,45.52,42.5,48.61
"15390",50,2023,50.88,46.67,46.04,47.57
"15391",51,2023,54.05,48.44,47.53,49.28
"15392",52,2023,60.87,50.55,51.34,51.22
"15393",53,2023,60,50.16,50.68,50.67
"15394",54,2023,57.41,48.45,49.21,49.05
"15395",55,2023,55.85,48.96,47.9,47.66
"15396",56,2023,56.59,50.18,49.51,50.93
"15397",57,2023,60.11,49.94,49.49,52.45
"15398",58,2023,62.44,51.39,52.95,52.71
"15399",59,2023,74.77,63.1,66.43,62.43
"15400",60,2023,80.54,71.71,68.71,73.22
"15401",61,2023,84.93,72.19,68.79,72.39
"15402",62,2023,87.71,70.01,67.36,70.47
"15403",63,2023,80.77,62.44,61.8,62.78
"15404",64,2023,86.03,59.75,57.89,57.28
"15405",65,2023,78.81,58.02,54.48,59.5
"15406",66,2023,79.89,54.82,57.31,53.51
"15407",67,2023,84.75,68.38,70.16,65.57
"15408",68,2023,86.74,74.62,76.22,73.4
"15409",69,2023,91.73,85.19,85.08,85.94
"15410",70,2023,93.83,86.95,82.07,84.38
"15411",71,2023,92.96,84.57,81.56,92.37
"15412",72,2023,86.72,78.69,76.65,81.71
"15413",73,2023,80.78,71.24,65.61,76.03
"15414",74,2023,69.43,57.77,49.39,62.99
"15415",75,2023,68.35,58.54,57.44,58.62
"15416",76,2023,66.34,58.26,55.96,58.57
"15417",77,2023,69.75,55.8,51.9,60.12
"15418",78,2023,65,51.7,45,57.01
"15419",79,2023,62.59,48.38,42.75,55.25
"15420",80,2023,58.04,48.52,44.1,53.21
"15421",81,2023,58.45,49.36,46.03,54.38
"15422",82,2023,59.55,48.94,46.37,52.42
"15423",83,2023,57.21,46.57,44.6,49.29
"15424",84,2023,64.36,48.86,49.33,50.75
"15425",85,2023,76.25,62.79,60.94,63.3
"15426",86,2023,76.59,57.02,57.27,57.89
"15427",87,2023,79.06,59.93,57.31,59.06
"15428",88,2023,74.69,54.83,55.16,54.52
"15429",89,2023,80.08,60.13,58.04,57.26
"15430",90,2023,82.22,63.87,59.29,57.48
"15431",91,2023,91.32,70.4,72.87,71
"15432",92,2023,86.95,67.23,65.58,70.54
"15433",93,2023,79.38,60.3,63.51,61.63
"15434",94,2023,76.72,56.16,56.45,56.28
"15435",95,2023,76.14,53.62,55.06,53.01
"15436",96,2023,75.08,52.52,56.46,52.52
"15437",97,2023,80.3,57.25,59.98,54.29
"15438",98,2023,88.47,79.52,82.43,71.55
"15439",99,2023,83.6,74.95,77.48,71.68
"15440",100,2023,83.3,78.13,77.34,74.51
"15441",101,2023,86.87,78.65,75.91,76.8
"15442",102,2023,88.48,77.06,75.61,80.05
"15443",103,2023,80.34,69.96,67,70.86
"15444",104,2023,78.68,63.52,59.71,64.98
"15445",105,2023,81.7,65.96,68.5,63.2
"15446",106,2023,88.86,74.96,76.21,73.04
"15447",107,2023,85.63,80.6,75.99,81.82
"15448",108,2023,85.12,73.83,70.78,79.01
"15449",109,2023,84.07,68.09,64.5,71.14
"15450",110,2023,85.61,66.92,80.54,64.77
"15451",111,2023,87.06,77.91,82.08,75.68
"15452",112,2023,85.9,86.7,86.24,87.41
"15453",113,2023,90.24,87.92,89.19,87.86
"15454",114,2023,92.27,87.66,90.66,87.87
"15455",115,2023,87.45,85.72,91.36,86
"15456",116,2023,88.19,82.81,82.1,85.66
"15457",117,2023,87.67,80.77,83.62,83.31
"15458",118,2023,90.24,85.27,87.42,87.67
"15459",119,2023,92.14,88.36,89.79,89.76
"15460",120,2023,87.39,82.66,84.47,86.83
"15461",121,2023,82.65,79.34,81.78,82.83
"15462",122,2023,84.97,77.5,76.52,80.06
"15463",123,2023,84.7,73.16,76.43,75.36
"15464",124,2023,83.52,75.27,76.62,75.51
"15465",125,2023,81.36,73.9,75.84,75.52
"15466",126,2023,78.63,69.44,72.45,71.63
"15467",127,2023,79.55,69.01,78.04,69.08
"15468",128,2023,83.81,75.58,76.46,75.39
"15469",129,2023,92.57,86.69,87.23,88.85
"15470",130,2023,96.18,88.81,91.79,89.37
"15471",131,2023,89.13,84.85,84.28,85.63
"15472",132,2023,81.59,79.15,80.08,82.41
"15473",133,2023,91.5,84.97,87.92,90.49
"15474",134,2023,87.75,85.11,87.59,89.14
"15475",135,2023,87.16,83.84,89.91,83.33
"15476",136,2023,85.07,82.39,88.48,83.21
"15477",137,2023,89.65,86.96,88.11,86.04
"15478",138,2023,85.61,85.45,84.94,85.6
"15479",139,2023,90.56,85.93,86.16,87.02
"15480",140,2023,87.64,84.8,88.27,85.24
"15481",141,2023,93.69,90.57,92.8,91.11
"15482",142,2023,86.75,88.82,88.74,88.73
"15483",143,2023,84.12,83.53,84.1,81.52
"15484",144,2023,92.01,88.58,90.9,85.66
"15485",145,2023,91.1,89.76,90.02,90.41
"15486",146,2023,90.59,87.49,88.54,90.21
"15487",147,2023,94.87,89.66,94,90
"15488",148,2023,84.34,81.45,84.84,83.32
"15489",149,2023,83.11,82.34,83.2,82.83
"15490",150,2023,91.59,90.18,91.56,90.42
"15491",151,2023,91.87,88.23,86.04,93.09
"15492",152,2023,88.61,88.17,82.37,91.02
"15493",153,2023,85.95,85.28,87.56,82.7
"15494",154,2023,81.55,79.84,81.18,80.73
"15495",155,2023,84.42,82.37,82.61,82.96
"15496",156,2023,95.03,91.36,92.32,88.94
"15497",157,2023,92.08,87.12,90.63,85.95
"15498",158,2023,87.99,83.94,85.94,83.74
"15499",159,2023,95.48,92,92.18,93.46
"15500",160,2023,87.69,88.88,91.48,86.75
"15501",161,2023,81.23,81.08,84.51,80.12
"15502",162,2023,88.43,85.3,87.16,86.9
"15503",163,2023,90.33,88.03,88.94,90.47
"15504",164,2023,85.1,82.52,84.77,83.67
"15505",165,2023,94.11,89.39,92.3,91.69
"15506",166,2023,92.75,87.82,89.92,88.43
"15507",167,2023,93.91,92.18,94.65,91.17
"15508",168,2023,89.89,88.78,93.14,87.23
"15509",169,2023,90.31,88.63,93.95,83.4
"15510",170,2023,85.42,82.83,87.38,80.33
"15511",171,2023,90.67,86.75,87.54,84.08
"15512",172,2023,89.22,85.21,85.29,86.83
"15513",173,2023,86.1,83.48,82.49,84.93
"15514",174,2023,87.09,85.68,85.83,85.6
"15515",175,2023,87.82,87.59,89.17,89.89
"15516",176,2023,87.72,84.73,87.63,88.01
"15517",177,2023,90.13,84.89,86.11,88.73
"15518",178,2023,88.43,84.47,86.51,85.59
"15519",179,2023,83.26,83.02,83.34,84.19
"15520",180,2023,91.62,88.27,88.53,88.6
"15521",181,2023,88.12,84.61,88.15,87.14
"15522",182,2023,88.91,83.86,84.01,81.47
"15523",183,2023,91.67,87.39,84.71,87.64
"15524",184,2023,91.32,85.41,85.8,84.14
"15525",185,2023,92.36,87.23,92.98,83.6
"15526",186,2023,88.45,88.95,92.07,88.05
"15527",187,2023,86.04,82.26,84.71,83.35
"15528",188,2023,89.39,80.29,85.2,80.66
"15529",189,2023,90.19,88.43,89.42,89.41
"15530",190,2023,84.09,84.71,86.38,82.94
"15531",191,2023,90.33,88.52,89.86,90.5
"15532",192,2023,88.24,87.12,88.45,85.78
"15533",193,2023,87.78,87.11,85.52,85.75
"15534",194,2023,82.48,79.12,81.44,80.2
"15535",195,2023,92.06,87.03,89.94,87.47
"15536",196,2023,86.99,85.19,84.11,86.89
"15537",197,2023,88.72,86.53,88.89,86.88
"15538",198,2023,89.48,88.23,89.31,88.98
"15539",199,2023,85.87,84.91,84.84,85.84
"15540",200,2023,91.95,87.37,87.58,89.61
"15541",201,2023,86.07,83.46,84.25,82.62
"15542",202,2023,89.12,86.49,87.78,85.06
"15543",203,2023,91.52,87.5,90.25,83.71
"15544",204,2023,90.97,86.02,88.67,86.08
"15545",205,2023,89.04,85.81,86.69,87.37
"15546",206,2023,92.62,89.97,91.6,88.34
"15547",207,2023,85.31,82.6,84.2,81.12
"15548",208,2023,86.95,84.81,83.39,86.84
"15549",209,2023,95.62,92.08,93.02,93.79
"15550",210,2023,90.55,86.9,88.12,88.81
"15551",211,2023,88.38,83.44,86.6,82.35
"15552",212,2023,87.39,84.63,88.19,79.99
"15553",213,2023,85.56,82.61,89.05,77.35
"15554",214,2023,86.4,83.53,86.64,81.09
"15555",215,2023,85.32,83.22,85.74,84.43
"15556",216,2023,85.67,84.03,85.17,81.64
"15557",217,2023,88.63,84.79,87.52,86.93
"15558",218,2023,88,85.56,85.98,87.47
"15559",219,2023,86.11,85.54,86.72,85.86
"15560",220,2023,84.4,82.75,84.09,84.73
"15561",221,2023,86.71,83.92,81.79,84.65
"15562",222,2023,89.28,83.25,82.6,82.44
"15563",223,2023,85.82,83.94,88.32,82.86
"15564",224,2023,86.97,83.27,86.04,85.47
"15565",225,2023,86.37,86.91,85.66,88.01
"15566",226,2023,89.9,87.04,88.27,88.65
"15567",227,2023,91.16,89.04,92.01,88.5
"15568",228,2023,88.28,88.08,87.42,88.91
"15569",229,2023,85.34,83,86.44,82.56
"15570",230,2023,83.58,80.8,78.5,82.5
"15571",231,2023,86.13,81.97,81.86,81.99
"15572",232,2023,86.09,86.3,87.59,86.72
"15573",233,2023,87.68,85.2,84.52,85.76
"15574",234,2023,85.67,84.14,85.13,85.28
"15575",235,2023,82.81,80.87,84.36,78.89
"15576",236,2023,84.51,83.37,82.47,79.37
"15577",237,2023,83.24,80.22,84.02,78.23
"15578",238,2023,78.3,76.48,77.38,75.95
"15579",239,2023,81.25,76.34,75.99,78.13
"15580",240,2023,86.47,82.91,81.76,83.77
"15581",241,2023,84.4,85.28,88.09,84.21
"15582",242,2023,80.2,82.24,80.49,83.61
"15583",243,2023,80.83,81.41,81.75,81.73
"15584",244,2023,80.22,80.32,82.49,79.58
"15585",245,2023,81.96,81.23,81.55,79.67
"15586",246,2023,86.31,84.93,87.18,83.75
"15587",247,2023,83.19,82.03,83.37,83.56
"15588",248,2023,83.35,83.19,84.44,82.47
"15589",249,2023,82.38,81.8,85.81,80.88
"15590",250,2023,84.03,80.4,82.69,78.21
"15591",251,2023,88.06,84.55,82.54,86.06
"15592",252,2023,85.36,82.98,84.38,84.99
"15593",253,2023,87.52,83.62,86.45,83.45
"15594",254,2023,83.5,82.44,84.58,82.02
"15595",255,2023,84.83,81.62,82.84,82.69
"15596",256,2023,82.11,80.5,81.15,80.78
"15597",257,2023,85.56,81.57,81.37,83.97
"15598",258,2023,82.12,78.82,83.41,78.03
"15599",259,2023,84.55,81.9,84.34,80.18
"15600",260,2023,85.46,82.89,85.02,84.84
"15601",261,2023,82.3,82.56,84.13,81.16
"15602",262,2023,81.34,79.34,81.52,79.93
"15603",263,2023,78.24,75.74,80.86,75.23
"15604",264,2023,83.46,78.41,86.19,78.37
"15605",265,2023,84.55,83.34,83.82,83.06
"15606",266,2023,88.84,83.46,85.18,85.91
"15607",267,2023,86.28,81.83,85.15,82.44
"15608",268,2023,80.99,78.13,80.07,78.09
"15609",269,2023,78.75,74.77,79.05,75.56
"15610",270,2023,80.58,79.36,83.13,77.35
"15611",271,2023,82.71,82.17,80.64,81.58
"15612",272,2023,80.03,78.48,78.85,79.94
"15613",273,2023,80.56,76.57,79.52,76.05
"15614",274,2023,81.5,78.09,82.39,79.35
"15615",275,2023,78.51,75.98,79.35,76.59
"15616",276,2023,75.35,74.6,76.84,75.88
"15617",277,2023,74.54,73.49,79.61,72.24
"15618",278,2023,74.09,70.97,76.34,73.55
"15619",279,2023,75.56,69.95,75.73,73.49
"15620",280,2023,74.4,75.58,78.73,75.58
"15621",281,2023,78.72,76.63,77.64,75.28
"15622",282,2023,78.86,73.61,77.85,75.2
"15623",283,2023,79.46,78.42,78.77,79.57
"15624",284,2023,82.55,79.18,84.37,78.23
"15625",285,2023,82.08,75.44,76.64,76.41
"15626",286,2023,81.08,73.28,76.42,76.61
"15627",287,2023,84.01,76.22,78.53,76.33
"15628",288,2023,82.18,79.33,85.2,72.66
"15629",289,2023,82.77,80.3,82.03,77.81
"15630",290,2023,83.01,79.08,81.04,77.37
"15631",291,2023,86.37,76.87,79.49,74.79
"15632",292,2023,85.96,79.06,83.48,77.64
"15633",293,2023,84.57,79.43,83.43,77.76
"15634",294,2023,84.99,78.68,83.98,76.29
"15635",295,2023,88.07,80.45,83.73,87.3
"15636",296,2023,82.74,80.15,79.17,83.87
"15637",297,2023,80.59,76.39,79.73,81.31
"15638",298,2023,85.21,85.24,86.91,85.24
"15639",299,2023,81.26,85.15,84.87,85.8
"15640",300,2023,82.11,81.76,80.55,82.38
"15641",301,2023,84.82,82.68,81.71,84.01
"15642",302,2023,86.75,82.52,82,84.47
"15643",303,2023,85.71,81.39,85.77,78.6
"15644",304,2023,82.57,80.42,82.04,79.25
"15645",305,2023,83.12,78.58,81.43,79.21
"15646",306,2023,88.13,84.56,86.38,84.83
"15647",307,2023,87.69,84.79,85.1,84.77
"15648",308,2023,87.62,81.78,88.93,78.59
"15649",309,2023,84.41,81.28,85.6,78.92
"15650",310,2023,91.95,85.87,88.34,85.63
"15651",311,2023,87.22,83.47,83.98,88.84
"15652",312,2023,83.93,78.44,81.27,83.69
"15653",313,2023,88.18,81.11,82.81,85.36
"15654",314,2023,92.32,88.12,89.4,90.77
"15655",315,2023,89.86,87.49,89.56,88.05
"15656",316,2023,87.02,82.61,83.85,80.54
"15657",317,2023,87.29,82.37,85.2,81.85
"15658",318,2023,85.86,81.7,81.54,81.66
"15659",319,2023,81.49,76.6,76.88,77.13
"15660",320,2023,79.72,75.19,77.04,75.15
"15661",321,2023,80.48,77,79.22,75.23
"15662",322,2023,79.34,75.58,77.8,77.68
"15663",323,2023,80.35,75.07,77.42,77.05
"15664",324,2023,76.43,70.64,76.02,74.31
"15665",325,2023,76.32,69.2,72,70.98
"15666",326,2023,72.43,66.82,68.05,70.78
"15667",327,2023,74.25,68.61,71.69,70.73
"15668",328,2023,77.12,68.74,71.59,72.17
"15669",329,2023,86.3,72.48,78.31,71.91
"15670",330,2023,87.35,81.22,82.3,82.23
"15671",331,2023,83.06,76.69,78.11,75.62
"15672",332,2023,83.09,77.35,77.41,77.41
"15673",333,2023,82.75,72.4,71.73,74.26
"15674",334,2023,75.84,67.1,66.01,69.73
"15675",335,2023,72.63,65.29,63.03,66.3
"15676",336,2023,70.01,63.75,62.45,64.67
"15677",337,2023,70.28,62.97,64.55,64
"15678",338,2023,71.4,62.71,63.68,63
"15679",339,2023,71.06,63.44,64.51,63.14
"15680",340,2023,69.12,60.87,61.97,61.35
"15681",341,2023,70.61,60.37,63.58,60.41
"15682",342,2023,80.71,69.02,72.26,69.09
"15683",343,2023,88.57,77.48,79.67,78.58
"15684",344,2023,86.55,72.41,74.43,75.62
"15685",345,2023,76.87,63.27,66.15,64.02
"15686",346,2023,74.11,61.36,64.31,61.86
"15687",347,2023,76.17,63.06,65.31,63.71
"15688",348,2023,79.34,64.22,66.57,65.73
"15689",349,2023,80.84,62.54,68.32,62.74
"15690",350,2023,86.64,73.01,75.64,72.14
"15691",351,2023,86.49,70.6,75.43,71.82
"15692",352,2023,87.3,69.21,73.89,70.71
"15693",353,2023,81.49,69.58,69.27,70.43
"15694",354,2023,74.13,60.35,63.11,61.48
"15695",355,2023,69.76,56.44,60.13,57.72
"15696",356,2023,80.41,66.27,72.6,61.37
"15697",357,2023,85.25,72.33,75.75,69.19
"15698",358,2023,82.73,67.2,71.2,66.05
"15699",359,2023,88.33,73.01,77.33,74.24
"15700",360,2023,92.62,83.04,83.93,82.67
"15701",361,2023,90.6,81.91,80.91,84.19
"15702",362,2023,87.23,81.77,79.24,84.26
"15703",363,2023,85.64,79.25,79.27,81.13
"15704",364,2023,85.65,77.42,73.65,79.45
"15705",365,2023,79.7,68.01,65.39,73.42
"15706",1,2024,76.41,65.36,64.6,68.6
"15707",2,2024,74.53,62.79,61.32,67.24
"15708",3,2024,72.92,60.79,56.67,65.47
"15709",4,2024,67.18,55.04,52.77,59.36
"15710",5,2024,62.72,53.81,51.76,56.84
"15711",6,2024,64.96,56.2,54.71,56.29
"15712",7,2024,65.07,55.69,52.74,56.66
"15713",8,2024,63.98,52.75,50.56,55.33
"15714",9,2024,62.04,51.22,51.37,50.08
"15715",10,2024,60.91,52.87,53.61,51.32
"15716",11,2024,66.14,54.57,57.37,55.76
"15717",12,2024,78.53,58.97,61.02,57.77
"15718",13,2024,78.47,62.51,63.55,60.26
"15719",14,2024,70.58,54.51,54.84,52.03
"15720",15,2024,65.68,51.46,47.95,50.45
"15721",16,2024,63.03,52.43,50.65,51.06
"15722",17,2024,59.92,49.34,52.21,46.57
"15723",18,2024,59.3,51.35,52.66,49.48
"15724",19,2024,68.48,53.96,54.84,53.04
"15725",20,2024,73.58,54.82,57.33,50.15
"15726",21,2024,64.74,50.61,52.5,48.52
"15727",22,2024,57.41,49.35,50.37,45.79
"15728",23,2024,51.93,47.15,46.81,46.91
"15729",24,2024,52.92,49.66,51.1,46.95
"15730",25,2024,47.26,44.22,45.64,43.79
"15731",26,2024,48.4,46.54,48.03,42.92
"15732",27,2024,50.1,48.77,47.44,47.35
"15733",28,2024,45.87,44.25,42.53,44.78
"15734",29,2024,46.61,42.93,44.38,42.45
"15735",30,2024,57.75,47.29,54.23,43.69
"15736",31,2024,64.24,59.12,58.93,57.31
"15737",32,2024,75.84,62.33,61.28,65.29
"15738",33,2024,84.93,76.74,68.04,77.09
"15739",34,2024,88.19,81.75,79.66,77.67
"15740",35,2024,85.1,79.82,77.38,77.97
"15741",36,2024,87.71,80.82,81.73,81.36
"15742",37,2024,85.33,81.99,81.98,77.8
"15743",38,2024,82.6,74.89,80.86,70.1
"15744",39,2024,87.46,81.98,80.38,78.81
"15745",40,2024,87.45,82.93,74.02,84.8
"15746",41,2024,82.77,74.11,66.47,76.17
"15747",42,2024,74.33,67.69,58.31,67.16
"15748",43,2024,68.8,60.67,52.7,60.9
"15749",44,2024,67.77,60.57,54.26,59.23
"15750",45,2024,72.7,62.01,59.23,57.89
"15751",46,2024,80.25,71.31,69.72,68.02
"15752",47,2024,84.33,74.59,66.32,78.92
"15753",48,2024,81.44,69.94,67.65,71.08
"15754",49,2024,76.08,62.41,56.49,64.22
"15755",50,2024,65.28,51.56,45.02,52.77
"15756",51,2024,54.13,45.81,43.48,45.48
"15757",52,2024,52.44,46.77,41.62,48.08
"15758",53,2024,50.44,46.3,41.17,46.93
"15759",54,2024,49.23,43.88,41.62,43.46
"15760",55,2024,49.34,44.64,41.97,43.32
"15761",56,2024,52.2,47.27,45.86,44.05
"15762",57,2024,63.71,53.14,54.3,48.62
"15763",58,2024,68.99,60.31,56.86,55.29
"15764",59,2024,64.43,51.33,49.51,51
"15765",60,2024,58.33,44.48,42.38,43.73
"15766",61,2024,56.69,44.51,43.51,43.14
"15767",62,2024,61.3,45.21,45.5,43.99
"15768",63,2024,58,45.07,45.43,45.88
"15769",64,2024,56.01,44.41,44.47,44.29
"15770",65,2024,59.27,44.67,48.19,42.45
"15771",66,2024,66.97,55.2,58.47,48.78
"15772",67,2024,69.32,57.44,59.63,56.44
"15773",68,2024,80.83,62.3,70.09,62.48
"15774",69,2024,86.3,70.18,76.24,77.79
"15775",70,2024,79.87,70.98,73.91,78.9
"15776",71,2024,78.24,67.16,68.79,75.46
"15777",72,2024,78.57,65.85,64.79,73.38
"15778",73,2024,78.62,66.28,65.42,74.8
"15779",74,2024,79.72,66.35,64.77,75.41
"15780",75,2024,82.33,63.27,61.28,74.3
"15781",76,2024,77.32,62.65,58.63,72.53
"15782",77,2024,74.03,59.54,58.17,66.01
"15783",78,2024,76.6,62.03,61.45,65.35
"15784",79,2024,75.79,62.33,61.55,64.96
"15785",80,2024,71.22,57.99,57.36,61.14
"15786",81,2024,71.85,57.96,55.25,58.21
"15787",82,2024,67.76,51.63,47.59,53.31
"15788",83,2024,64.53,46.45,47.09,46.47
"15789",84,2024,70.32,57.61,62.52,61.45
"15790",85,2024,68.32,57.21,60.22,60.62
"15791",86,2024,65.42,61.71,57.38,67.32
"15792",87,2024,66.92,61.51,52.4,70.33
"15793",88,2024,71.11,60.31,55.14,66.72
"15794",89,2024,74.86,61.84,57.02,69.13
"15795",90,2024,77.13,62.01,64.63,66.65
"15796",91,2024,82.79,60.64,72.37,65.2
"15797",92,2024,77.61,60.93,68.32,64.53
"15798",93,2024,82.58,64.85,76.94,64.86
"15799",94,2024,87.3,78.55,77.35,75.67
"15800",95,2024,89.07,78.94,78.09,75.58
"15801",96,2024,88.48,77.19,80.77,74.55
"15802",97,2024,91.84,82.7,80.56,85.02
"15803",98,2024,86.79,79.49,77.09,78.56
"15804",99,2024,82.41,74.36,71.71,76.02
"15805",100,2024,76.79,65.36,61.93,65.56
"15806",101,2024,69.85,56.72,55.16,55.16
"15807",102,2024,68.06,54.49,51.86,54.29
"15808",103,2024,73.38,56.48,55.94,54.29
"15809",104,2024,70.56,55.67,55.74,52.54
"15810",105,2024,65.84,51.95,50.45,51.82
"15811",106,2024,61.82,47.98,46.9,47.38
"15812",107,2024,67.47,54.39,60.17,50.2
"15813",108,2024,78.45,68.03,69.24,60.36
"15814",109,2024,90.38,88.04,89.57,79.37
"15815",110,2024,93.25,86.5,88.82,85.34
"15816",111,2024,88.25,84.94,80.64,86.92
"15817",112,2024,90.74,87.2,86.26,89.22
"15818",113,2024,91.92,91.73,89.17,91.52
"15819",114,2024,85.94,83.83,82.28,81.85
"15820",115,2024,90.52,84.2,84.97,82.37
"15821",116,2024,87.33,83.85,84.01,85.43
"15822",117,2024,89.49,87.16,85.33,88.87
"15823",118,2024,87.22,84.54,83.09,84.61
"15824",119,2024,81.88,81.01,78.05,80.85
"15825",120,2024,93.71,90.18,87.54,91.07
"15826",121,2024,87.16,85.55,89.29,84.7
"15827",122,2024,84.88,83.47,82.52,83.74
"15828",123,2024,85.84,83.28,87.49,82.34
"15829",124,2024,89.72,86.65,84.88,88.91
"15830",125,2024,89.05,86.24,85.74,90.09
"15831",126,2024,94.1,90.36,92.54,89.52
"15832",127,2024,88.66,84.95,90.4,83.05
"15833",128,2024,85.5,82.47,84.14,81.19
"15834",129,2024,88.97,83.57,83.8,86.15
"15835",130,2024,95.46,94.23,94.75,94.92
"15836",131,2024,97.21,91.95,91.5,92.33
"15837",132,2024,83,80.86,84.88,84.03
"15838",133,2024,83.38,83.12,85.46,82.82
"15839",134,2024,89.66,84.98,86.13,86.51
"15840",135,2024,89.39,80.03,82.41,80.84
"15841",136,2024,88.97,81.39,83.8,83.46
"15842",137,2024,92.07,87.37,91.03,88.08
"15843",138,2024,84.5,83.65,85.53,83.79
"15844",139,2024,95,90.71,91.47,90.17
"15845",140,2024,87.27,87.39,87.35,87.99
"15846",141,2024,92.91,88.97,89.22,91.91
"15847",142,2024,92.08,87.3,91.1,85.11
"15848",143,2024,89.41,85.48,88.84,84.22
"15849",144,2024,88.88,86.5,87.62,86.58
"15850",145,2024,86.13,84.01,85.72,85.93
"15851",146,2024,90.22,86.57,85.33,88.32
"15852",147,2024,91.97,87.56,90.43,86.52
"15853",148,2024,86.97,85.78,91.56,86.25
"15854",149,2024,92.06,89.7,89.07,89.51
"15855",150,2024,93.35,89.46,89.85,90.01
"15856",151,2024,93.3,91.67,94.02,88.16
"15857",152,2024,89.09,86.47,87.75,85.3
"15858",153,2024,83.42,81.54,87.93,78.98
"15859",154,2024,89.15,84.95,90.62,81.37
"15860",155,2024,93.18,89.36,92.37,87.86
"15861",156,2024,91.11,88.29,87.54,91.43
"15862",157,2024,90.76,90.73,90.56,83.77
"15863",158,2024,84.62,82.31,89.48,79.39
"15864",159,2024,93.61,91.86,90.86,87.79
"15865",160,2024,95.98,89.38,94.85,88.62
"15866",161,2024,92.58,88.78,93.19,86.24
"15867",162,2024,89.84,87.63,86.81,86.81
"15868",163,2024,87.19,85.17,82.25,86.3
"15869",164,2024,94.08,88.77,90.39,86.47
"15870",165,2024,90.28,89.11,94.71,86.5
"15871",166,2024,90.61,88.74,89.35,89.54
"15872",167,2024,88.8,90.62,89.18,89.82
"15873",168,2024,85.38,86.59,91.64,84.39
"15874",169,2024,87.39,87.55,91.37,87.28
"15875",170,2024,88.26,84.85,90.27,82.82
"15876",171,2024,89.08,86.94,89.51,84.41
"15877",172,2024,93,90.85,93.75,89.31
"15878",173,2024,92.64,92.92,94,92.43
"15879",174,2024,93.21,86.27,90.25,85.05
"15880",175,2024,91.89,89.74,89.53,90.6
"15881",176,2024,90.84,89.4,90.22,88.32
"15882",177,2024,87.55,84.38,87.35,84.74
"15883",178,2024,85.4,83.07,80.99,84.83
"15884",179,2024,89.56,85.36,82.22,86.42
"15885",180,2024,91.66,88.09,88.68,88.5
"15886",181,2024,88.15,87.09,88.1,88.64
"15887",182,2024,87.24,89.03,88.29,88.55
"15888",183,2024,87.23,87.01,86.29,89.45
"15889",184,2024,85.94,84.51,89.11,84.03
"15890",185,2024,93.77,89,90.2,88.56
"15891",186,2024,93.08,86.87,88.73,86.15
"15892",187,2024,91.8,86.99,86.32,91.41
"15893",188,2024,94.17,92.15,94.8,92.98
"15894",189,2024,86.94,84.87,86.81,86.14
"15895",190,2024,86.86,83.72,85.41,85.66
"15896",191,2024,89.28,88.63,89.96,89.01
"15897",192,2024,84.2,84.25,84.67,82.95
"15898",193,2024,87.08,83.03,83.45,82.31
"15899",194,2024,91.38,88.42,87.74,92.04
"15900",195,2024,90.73,87.49,89.61,87.02
"15901",196,2024,95.43,90.59,93.8,89.12
"15902",197,2024,91.35,89.9,92.64,89.14
"15903",198,2024,88.05,86.51,91.82,82.18
"15904",199,2024,86.63,85.03,90.65,83.66
"15905",200,2024,89.19,83.74,91.44,78.29
"15906",201,2024,83.75,77.26,85.79,73.85
"15907",202,2024,89.65,83.7,84.96,82.5
"15908",203,2024,94.63,86.91,89.03,86.08
"15909",204,2024,87.4,85.62,92.29,83.22
"15910",205,2024,86.26,81.28,88.59,79.21
"15911",206,2024,90.12,89.57,90.53,83.46
"15912",207,2024,85.57,83.1,88.15,81.21
"15913",208,2024,91.01,89.82,92.66,87.68
"15914",209,2024,87.12,86,92.25,80.98
"15915",210,2024,87.01,86.79,89.01,88.38
"15916",211,2024,89.11,87.57,90.32,85.99
"15917",212,2024,87.56,86.21,83.28,88.01
"15918",213,2024,89.06,86.52,88.22,86.72
"15919",214,2024,81.45,78.25,81.8,76.21
"15920",215,2024,83.67,80.4,85.56,78.88
"15921",216,2024,84.78,81.78,83.21,81.24
"15922",217,2024,89.36,85.81,85.8,85.72
"15923",218,2024,90.55,86.41,86.24,85.62
"15924",219,2024,82.26,81.48,78.6,82.77
"15925",220,2024,79.35,77.36,80.34,74.87
"15926",221,2024,84.48,81.37,84.35,81.1
"15927",222,2024,93.41,88.71,89.67,90.6
"15928",223,2024,87.46,84.54,85.8,87.75
"15929",224,2024,86.75,83.27,85.1,83.39
"15930",225,2024,88.13,82.85,85.53,83.84
"15931",226,2024,88.31,83.25,84,82.65
"15932",227,2024,85.69,81.52,83.11,81.84
"15933",228,2024,86.26,81.95,83.71,80.92
"15934",229,2024,82.23,78.74,81.83,77.81
"15935",230,2024,81.12,77.6,80.43,75.2
"15936",231,2024,80.36,77.13,78.12,78.59
"15937",232,2024,80.42,79.74,78.88,81.26
"15938",233,2024,77.89,77.02,78.38,76.7
"15939",234,2024,78.67,75.78,78.99,76.78
"15940",235,2024,78.23,76.35,79.02,77.44
"15941",236,2024,90.08,83.39,84.64,84.33
"15942",237,2024,83.25,80.68,82.62,79.99
"15943",238,2024,84.72,80.79,84.77,78.02
"15944",239,2024,83.9,79.23,79.4,73.1
"15945",240,2024,88.47,82.71,86.97,76.11
"15946",241,2024,88.59,80.78,83.35,80.16
"15947",242,2024,81.49,77.41,81.22,74.99
"15948",243,2024,82.56,76.31,82.93,71.82
"15949",244,2024,83.84,79.23,84.92,73.85
"15950",245,2024,82.98,78.59,79.91,75.73
"15951",246,2024,84.19,79.74,81.64,77.21
"15952",247,2024,79.87,73.67,76.96,72.1
"15953",248,2024,82.8,76.09,80.11,74.34
"15954",249,2024,83.19,75.25,84.38,75.24
"15955",250,2024,81.93,76.36,81.12,74.28
"15956",251,2024,85.36,78,80.04,74.52
"15957",252,2024,82.95,77.74,78.96,76.07
"15958",253,2024,82.63,75.08,83.15,72.69
"15959",254,2024,79.26,72.15,79.79,71.09
"15960",255,2024,78.15,70.54,73.5,72.14
"15961",256,2024,81.27,75.6,75.79,74.83
"15962",257,2024,86.65,83.87,85.87,85.43
"15963",258,2024,81.51,79.36,80.98,79.24
"15964",259,2024,79.21,73.46,81.65,74.46
"15965",260,2024,81.85,75.88,83.95,76.49
"15966",261,2024,87.82,84.4,86.27,85.68
"15967",262,2024,83.02,80.18,81.16,79.99
"15968",263,2024,79.72,76.64,75.22,76.15
"15969",264,2024,82.18,78.96,79.97,79.46
"15970",265,2024,83.07,80.02,80.39,82.48
"15971",266,2024,85.67,82.94,84.3,82.52
"15972",267,2024,84.24,85.74,85.82,82.11
"15973",268,2024,77.63,78.73,82.42,75.77
"15974",269,2024,78.66,78.18,80.95,74.35
"15975",270,2024,83.3,81.4,82.08,81.24
"15976",271,2024,82.63,78.86,84.24,77.03
"15977",272,2024,85.96,85.13,84.17,80.77
"15978",273,2024,88.16,88.42,92.65,85.25
"15979",274,2024,84.03,82.4,83.24,82.81
"15980",275,2024,82.9,78.94,81.21,78.14
"15981",276,2024,84.97,81.31,80.38,82.89
"15982",277,2024,83.17,80.27,79.79,80.2
"15983",278,2024,84.68,82.57,81.59,82.55
"15984",279,2024,81.39,83.5,85.85,82.26
"15985",280,2024,82.63,85.05,83.33,81.68
"15986",281,2024,88.36,85.4,85.19,86.68
"15987",282,2024,86.61,85.18,84.18,86.35
"15988",283,2024,84.43,83.7,84.89,82.85
"15989",284,2024,84.95,83.38,84.25,83.81
"15990",285,2024,82.83,80.2,79.67,80.57
"15991",286,2024,86.35,80.26,81.2,79.13
"15992",287,2024,85.87,86.25,87.52,83.78
"15993",288,2024,87.18,82.98,87.98,82.76
"15994",289,2024,85.54,83.5,82.73,83.38
"15995",290,2024,81.3,79.46,81.98,81.68
"15996",291,2024,81.69,78.36,79.9,80.04
"15997",292,2024,82.19,79.9,79.37,78.94
"15998",293,2024,80.93,78.13,80.48,76.66
"15999",294,2024,76.85,73.34,75.1,73.93
"16000",295,2024,73.51,72.69,72.23,73.01
"16001",296,2024,78.07,76.25,77.41,74.48
"16002",297,2024,81.27,79.44,81,80.54
"16003",298,2024,78.08,76.91,77.25,78.57
"16004",299,2024,80.53,77.56,79.74,79.13
"16005",300,2024,86.32,84.68,85.06,84.07
"16006",301,2024,84.06,80.42,80.25,79.99
"16007",302,2024,88.88,83.77,84.83,82.63
"16008",303,2024,88.55,86.09,85.42,84.06
"16009",304,2024,84.38,83.6,80.76,85.13
"16010",305,2024,80.84,76.69,78.22,79.16
"16011",306,2024,77.91,75.11,76.09,74.14
"16012",307,2024,78.92,73.28,77.1,70.55
"16013",308,2024,87.49,80.62,82.71,78.65
"16014",309,2024,87.83,84.44,86.73,84.27
"16015",310,2024,80.82,78.37,79.84,75.39
"16016",311,2024,76.73,73.29,72.7,73.04
"16017",312,2024,77.92,72.62,75.83,72.25
"16018",313,2024,78.14,74.83,76.58,75.61
"16019",314,2024,90.84,84.47,89.19,82.32
"16020",315,2024,84.59,84.82,85.76,82.59
"16021",316,2024,83.85,82.26,80.99,78.97
"16022",317,2024,83.76,80.38,76.22,80.93
"16023",318,2024,80.73,75.94,77.29,77.21
"16024",319,2024,90.11,82.84,84.94,84.22
"16025",320,2024,90.42,87.31,86.73,86.04
"16026",321,2024,86.21,84.95,83.43,85.07
"16027",322,2024,90.6,83.75,84.41,84.51
"16028",323,2024,89.1,83.33,81.65,84.4
"16029",324,2024,89.08,82.52,82.69,83.89
"16030",325,2024,87.01,81.81,79.84,83.45
"16031",326,2024,90.14,86.48,87.66,87.38
"16032",327,2024,90.36,90.27,87.51,90.4
"16033",328,2024,92.64,91.1,88.74,91.31
"16034",329,2024,85.07,83.08,83.04,80.99
"16035",330,2024,84.59,81.08,80.9,82.01
"16036",331,2024,83.85,77.46,77.82,79.37
"16037",332,2024,85.47,77.06,79.91,80.84
"16038",333,2024,88.19,84.25,83.95,83.87
"16039",334,2024,82.67,77.29,76.81,77.57
"16040",335,2024,83.71,77.15,79.97,78.05
"16041",336,2024,88.19,81.47,81.47,81.5
"16042",337,2024,84.71,78.18,76.9,77.51
"16043",338,2024,78.29,71.96,69.85,73.69
"16044",339,2024,79.34,74.08,68.89,74.19
"16045",340,2024,80.7,72.83,68.61,73.81
"16046",341,2024,74.33,67.98,63.61,70.05
"16047",342,2024,71.89,65.34,62.78,65.96
"16048",343,2024,71.34,65.47,62.47,63.21
"16049",344,2024,74.98,68.31,62.29,65.95
"16050",345,2024,75.02,65.95,66.38,63.93
"16051",346,2024,76.24,66.47,65.74,67.09
"16052",347,2024,76.92,68.73,66.96,69.85
"16053",348,2024,72.9,65.39,64.04,67.14
"16054",349,2024,71.37,64.51,62.41,65.18
"16055",350,2024,73.49,64.71,65.47,63.16
"16056",351,2024,81.44,65.9,71.99,63.44
"16057",352,2024,88.14,75.68,78.37,73.39
"16058",353,2024,88.4,71.33,77.92,68.86
"16059",354,2024,86.33,74.34,74.5,73.13
"16060",355,2024,84.37,67.32,69.1,65.7
"16061",356,2024,88.89,72.5,74.71,70.32
"16062",357,2024,86.26,73.36,75.95,68.41
"16063",358,2024,87.77,73.23,72.73,70.55
"16064",359,2024,87.08,67.38,73.04,63.74
"16065",360,2024,81.47,65.51,68.36,63.34
"16066",361,2024,80.85,63.97,66.15,61.27
"16067",362,2024,86.08,68.53,71.61,65.02
"16068",363,2024,86.69,73.08,72.69,70.28
"16069",364,2024,84.13,73.76,75.4,71.42
"16070",365,2024,82.27,68.73,68.67,67.41
"16071",366,2024,79.65,62.45,65.73,61.51
