"","day","year","cumaribo","la_primavera","puerto_carreno","santa_rosalia"
"1",1,1981,27.62,29.04,28.88,28.84
"2",2,1981,27.6,28.78,28.41,28.39
"3",3,1981,27.68,28.84,28.61,28.34
"4",4,1981,27.38,28.49,28.47,28.09
"5",5,1981,27.49,28.51,28.88,28.33
"6",6,1981,27.31,28.71,28.62,28.36
"7",7,1981,25.96,28.33,28.23,27.43
"8",8,1981,25.42,27.83,27.19,27.13
"9",9,1981,25.14,27,27.51,26.05
"10",10,1981,25.34,27.38,27.19,26.8
"11",11,1981,25.99,27.98,27.97,27.29
"12",12,1981,26.93,29.09,28.94,28.02
"13",13,1981,27.37,29.47,29.49,28.52
"14",14,1981,27.87,29.53,29.46,28.84
"15",15,1981,27.39,29.02,29.18,28.45
"16",16,1981,27.57,29.32,29.18,28.92
"17",17,1981,27.43,29.35,29.12,28.54
"18",18,1981,27.66,29.23,29.27,28.31
"19",19,1981,27.75,29.31,29.2,28.65
"20",20,1981,27.79,29.17,29.35,28.44
"21",21,1981,27.9,28.9,29,28.24
"22",22,1981,27.79,28.63,28.82,27.87
"23",23,1981,27.96,28.97,29,28.37
"24",24,1981,28.15,29.35,29.25,29.01
"25",25,1981,28.25,29.43,29.61,29.02
"26",26,1981,28.38,29.36,29.77,28.8
"27",27,1981,28.82,29.95,30.64,29.12
"28",28,1981,28.84,30.19,30.18,29.71
"29",29,1981,28.35,30.17,30.36,29.45
"30",30,1981,28.44,29.48,29.6,29.21
"31",31,1981,27.28,28.75,28.84,28.4
"32",32,1981,27.6,28.76,29.31,28.52
"33",33,1981,27.99,30.01,30.31,29.19
"34",34,1981,28,30.08,30.04,29.5
"35",35,1981,27.67,29.52,29.52,28.82
"36",36,1981,27.71,29.36,29.66,28.71
"37",37,1981,27.58,29.76,29.77,28.83
"38",38,1981,26.43,29.31,29.14,28.8
"39",39,1981,26.98,29.65,29.76,29.59
"40",40,1981,27.6,30.54,30.71,30.24
"41",41,1981,27.43,30.39,30.77,29.71
"42",42,1981,27.92,30.17,30.09,29.67
"43",43,1981,27.59,29.42,29.48,28.98
"44",44,1981,27.88,30,29.8,29.54
"45",45,1981,28.14,29.85,30.01,29.67
"46",46,1981,27.82,29.95,29.92,29.95
"47",47,1981,26.49,29,29.72,28.82
"48",48,1981,25.02,27.24,27.64,26.87
"49",49,1981,24.67,26.14,26.41,25.83
"50",50,1981,24.3,25.32,25.52,25.07
"51",51,1981,24.25,24.68,25.26,24.31
"52",52,1981,24.66,25.31,25.51,25.24
"53",53,1981,24.95,25.75,25.51,25.41
"54",54,1981,25.26,26.14,25.74,26.03
"55",55,1981,25.03,25.48,25.34,25.92
"56",56,1981,24.82,25.2,25.45,25.37
"57",57,1981,24.78,25.18,25.44,25.35
"58",58,1981,24.37,24.59,25.46,24.24
"59",59,1981,24.78,25.55,25.71,25.44
"60",60,1981,24.67,25.38,25.9,25.13
"61",61,1981,24.48,24.79,25.13,24.69
"62",62,1981,24.98,25.74,26.01,25.59
"63",63,1981,25.18,25.91,26.22,25.75
"64",64,1981,25.38,25.95,26.22,25.86
"65",65,1981,25.29,25.99,26.45,25.85
"66",66,1981,26.07,26.87,26.76,26.67
"67",67,1981,25.77,26.83,26.97,26.54
"68",68,1981,25.54,26.49,27.01,26.2
"69",69,1981,25.15,26.68,27.13,26.5
"70",70,1981,25.89,26.63,26.9,26.54
"71",71,1981,25.72,26.01,26.98,25.99
"72",72,1981,26.27,26.32,26.88,26.18
"73",73,1981,26.65,26.42,27,26.49
"74",74,1981,26.97,26.82,27.66,26.87
"75",75,1981,27.18,27.27,27.64,27.37
"76",76,1981,27.47,27.49,27.56,27.7
"77",77,1981,27.43,27.65,27.73,27.65
"78",78,1981,27.4,27.84,27.82,27.86
"79",79,1981,28.03,28.37,28.39,28.42
"80",80,1981,28.23,28.69,29.21,28.75
"81",81,1981,26.79,28.71,28.93,27.98
"82",82,1981,26.83,28.23,28.52,27.77
"83",83,1981,27.67,28.94,29.33,28.64
"84",84,1981,28.16,29.44,29.49,29.05
"85",85,1981,27.86,29.52,29.41,29.53
"86",86,1981,27.4,29.05,28.77,29.19
"87",87,1981,27.68,28.71,28.93,28.69
"88",88,1981,27.92,28.67,29.01,28.64
"89",89,1981,28.2,29.26,29.7,29.14
"90",90,1981,28.39,29.71,30.07,29.03
"91",91,1981,27.87,29.84,29.85,29.57
"92",92,1981,27.58,30,29.95,29.83
"93",93,1981,27.79,29.74,29.97,29.06
"94",94,1981,25.9,28.03,28.36,27.48
"95",95,1981,24.88,25.91,25.46,25.64
"96",96,1981,25.74,27.21,27.02,26.76
"97",97,1981,25.75,27.05,26.87,26.41
"98",98,1981,25.18,25.98,25.78,26.01
"99",99,1981,25.18,25.72,26.04,25.62
"100",100,1981,25.61,26.37,26.35,26.3
"101",101,1981,25.76,26.45,26.49,26.48
"102",102,1981,24.98,25.53,25.83,25.55
"103",103,1981,24.92,25.19,25.28,24.96
"104",104,1981,25.14,25.77,26.02,25.59
"105",105,1981,25.04,25.51,25.77,25.28
"106",106,1981,24.8,25.62,26.01,25.32
"107",107,1981,24.29,24.62,25.29,24.05
"108",108,1981,24.32,24.56,24.85,24.63
"109",109,1981,24.36,25.02,25.29,24.92
"110",110,1981,25.01,25.74,25.69,25.85
"111",111,1981,25.4,25.56,25.95,25.57
"112",112,1981,24.37,25.01,25.34,24.94
"113",113,1981,25.22,25.66,25.91,25.23
"114",114,1981,26.38,26.63,26.57,26.47
"115",115,1981,25.52,26.34,26.29,26.09
"116",116,1981,25.18,25.48,25.75,25.29
"117",117,1981,24.26,24.93,25.37,24.65
"118",118,1981,24.52,24.87,25.13,24.41
"119",119,1981,25.55,25.51,26.01,24.86
"120",120,1981,25.3,25.71,25.56,25.78
"121",121,1981,24.22,24.67,24.98,24.29
"122",122,1981,24.77,25.63,25.3,25.54
"123",123,1981,25.83,26,26.23,25.41
"124",124,1981,25.38,25.79,25.97,25.31
"125",125,1981,24.76,25.4,25.34,24.93
"126",126,1981,25.34,25.71,25.91,25.41
"127",127,1981,25.41,25.81,25.67,25.73
"128",128,1981,25.18,25.95,25.9,25.64
"129",129,1981,24.58,25.52,25.2,25.39
"130",130,1981,24.89,25.04,24.93,25.16
"131",131,1981,25.49,25.44,25.76,24.86
"132",132,1981,24.99,25.38,25.86,25.38
"133",133,1981,25.16,25.54,25.3,25.65
"134",134,1981,25.17,25.38,25.91,25.07
"135",135,1981,25.16,25.58,25.67,25.3
"136",136,1981,24.79,25.03,25.48,24.72
"137",137,1981,24.69,25.24,25.37,25.03
"138",138,1981,24.35,24.23,24.5,24.12
"139",139,1981,24.79,24.93,24.56,25.33
"140",140,1981,25.5,25.93,25.84,25.84
"141",141,1981,25.21,26.02,26.14,25.97
"142",142,1981,24.74,25.33,25.38,25.93
"143",143,1981,24.59,25,25.03,24.96
"144",144,1981,24.62,25.05,24.6,25.09
"145",145,1981,24,24.28,24.85,24.09
"146",146,1981,24.17,24.63,24.77,24.33
"147",147,1981,24.74,25.11,24.98,25.13
"148",148,1981,24.59,25.11,25.27,24.7
"149",149,1981,24.7,25.22,25.09,24.66
"150",150,1981,23.86,23.85,24.62,23.49
"151",151,1981,23.68,23.54,24.26,23.23
"152",152,1981,24.94,24.76,25.19,24.26
"153",153,1981,25.31,25.21,25.55,25.02
"154",154,1981,24.66,24.99,25.26,24.58
"155",155,1981,25.31,25.28,25.88,24.83
"156",156,1981,25.38,26,26.19,25.6
"157",157,1981,24.82,25.19,25.14,25.25
"158",158,1981,24.74,24.96,25.55,24.76
"159",159,1981,24.09,24.48,24.74,24.19
"160",160,1981,23.34,24.19,24.78,23.74
"161",161,1981,23.63,24.18,24.54,23.75
"162",162,1981,23.75,24.14,24.64,23.87
"163",163,1981,23.71,24.23,24.51,23.76
"164",164,1981,23.71,24.18,24.62,24.11
"165",165,1981,23.54,24.07,24.56,23.83
"166",166,1981,23.78,24.17,24.7,23.77
"167",167,1981,24.65,24.97,25.08,24.55
"168",168,1981,24.21,24.87,24.57,24.48
"169",169,1981,24,24.38,25.15,24.18
"170",170,1981,24.04,24.75,24.77,24.14
"171",171,1981,23.63,24.25,23.94,24.3
"172",172,1981,24.21,24.7,24.31,24.51
"173",173,1981,24.45,24.78,25.04,24.64
"174",174,1981,23.92,24.45,24.62,24.14
"175",175,1981,24.09,24.76,24.77,24.49
"176",176,1981,24.13,24.83,24.87,24.36
"177",177,1981,24.05,24.62,24.53,24.46
"178",178,1981,23.58,24.13,24.16,23.97
"179",179,1981,24,24.63,24.16,24.59
"180",180,1981,23.94,24.57,24.58,24.35
"181",181,1981,24.13,24.74,24.91,24.75
"182",182,1981,24.36,24.95,25.13,24.52
"183",183,1981,24.2,24.94,25.16,24.83
"184",184,1981,23.76,23.92,24.54,23.6
"185",185,1981,24.03,24.81,24.83,24.44
"186",186,1981,24.04,24.7,24.18,24.73
"187",187,1981,23.88,24.51,24.45,24.74
"188",188,1981,23.4,23.58,24.25,23.47
"189",189,1981,24.04,24.55,24.53,24.56
"190",190,1981,24.01,24.47,24.88,24.44
"191",191,1981,23.97,24.55,24.49,24.59
"192",192,1981,23.8,24.38,24.34,24.34
"193",193,1981,24.1,24.44,24.73,24.38
"194",194,1981,24.52,25,24.98,25.01
"195",195,1981,24.21,24.69,24.85,24.61
"196",196,1981,23.88,24.32,24.39,24.37
"197",197,1981,24.26,25.08,24.64,24.74
"198",198,1981,23.84,24.07,24.6,23.92
"199",199,1981,24.26,24.72,24.82,24.75
"200",200,1981,23.9,24.67,24.22,24.36
"201",201,1981,22.08,23.2,23.36,22.89
"202",202,1981,21.38,21.94,22.43,21.58
"203",203,1981,22.89,23.07,23.45,22.69
"204",204,1981,23.61,24.01,24.04,24.27
"205",205,1981,23.71,24.2,23.95,24.33
"206",206,1981,23.79,24.37,24.14,24.44
"207",207,1981,23.73,24.31,24.47,24.31
"208",208,1981,23.98,24.76,24.41,24.77
"209",209,1981,24.06,24.43,24.01,24.52
"210",210,1981,24.14,24.33,24.38,24.36
"211",211,1981,24.92,25.16,24.89,25.19
"212",212,1981,24.49,24.91,25.28,24.65
"213",213,1981,24.35,24.91,25.09,24.75
"214",214,1981,24.46,25.05,25.14,24.81
"215",215,1981,24.71,25.11,25.04,24.99
"216",216,1981,24.94,25.18,25.21,25.18
"217",217,1981,25.26,25.64,25.46,25.35
"218",218,1981,24.92,25.65,25.66,25.32
"219",219,1981,24.91,25.54,25.44,25.61
"220",220,1981,25.14,25.76,25.76,25.78
"221",221,1981,25.14,25.45,25.61,25.65
"222",222,1981,24.64,25.52,25.64,25.1
"223",223,1981,24.65,25.28,25.28,25.23
"224",224,1981,24.68,25.13,25.4,24.86
"225",225,1981,24.28,24.87,24.84,25
"226",226,1981,24.87,25.46,25.29,25.23
"227",227,1981,25.67,26.07,25.99,25.96
"228",228,1981,26.21,26.93,26.66,26.52
"229",229,1981,25.45,25.69,25.54,25.5
"230",230,1981,24.52,24.97,25.13,24.74
"231",231,1981,24.58,25.34,25.4,24.94
"232",232,1981,24.68,25.63,25.2,25.42
"233",233,1981,25.04,25.8,25.79,25.57
"234",234,1981,25.34,25.57,25.29,25.57
"235",235,1981,24.59,24.94,26,24.61
"236",236,1981,24.49,25.29,24.99,25.43
"237",237,1981,24.29,25.19,25.47,24.84
"238",238,1981,24.31,24.38,25.12,24.19
"239",239,1981,24.49,25.1,25.16,24.73
"240",240,1981,25.12,25.85,25.15,25.78
"241",241,1981,24.52,25.52,25.4,25.34
"242",242,1981,24.26,24.81,24.77,24.84
"243",243,1981,24.22,24.75,25.08,24.41
"244",244,1981,23.25,24.38,24.18,24.46
"245",245,1981,24.14,24.75,24.56,24.73
"246",246,1981,25.4,25.47,25.69,25.11
"247",247,1981,24.95,25.44,25.4,25.12
"248",248,1981,24.29,25.32,25.08,24.96
"249",249,1981,24.68,25.22,25.57,24.95
"250",250,1981,24.48,25.14,25.5,24.89
"251",251,1981,24.79,25.33,25.07,25.28
"252",252,1981,24.92,25.38,25.55,25.21
"253",253,1981,24.08,25.09,25.06,24.74
"254",254,1981,24.37,24.86,24.7,24.29
"255",255,1981,24.72,25.54,25.14,25.38
"256",256,1981,25.75,26.12,26.03,26.08
"257",257,1981,24.91,25.48,25.78,25.26
"258",258,1981,23.71,24.1,24.83,23.77
"259",259,1981,23.53,24.25,24.06,23.89
"260",260,1981,24.3,25.14,25.04,24.7
"261",261,1981,24.42,25.36,25.02,25.38
"262",262,1981,24.2,24.83,25.13,24.83
"263",263,1981,24.45,24.9,24.95,24.68
"264",264,1981,24.99,25.64,25.42,25.61
"265",265,1981,25.7,26.29,26.1,26.07
"266",266,1981,24.93,25.35,25.15,25.2
"267",267,1981,24.37,25.17,24.96,24.95
"268",268,1981,24.87,25.56,25.26,25.72
"269",269,1981,25.57,26.06,25.89,26.16
"270",270,1981,25.78,26.07,26.8,25.55
"271",271,1981,25.51,25.99,26.41,25.3
"272",272,1981,25.17,25.68,25.99,25.34
"273",273,1981,25.07,25.72,25.9,25.69
"274",274,1981,24.34,24.53,25.57,24.47
"275",275,1981,24.53,25.25,25.73,25.13
"276",276,1981,24.51,25.45,25.68,25.28
"277",277,1981,25.24,25.9,26.43,25.69
"278",278,1981,26.01,26.77,26.95,26.61
"279",279,1981,26.13,26.66,26.87,26.94
"280",280,1981,25.7,26.53,26.59,26.29
"281",281,1981,25.13,25.98,25.95,25.96
"282",282,1981,24.54,25.38,25.81,24.95
"283",283,1981,24.19,24.45,24.4,24.43
"284",284,1981,25.24,25.91,25.68,26.02
"285",285,1981,25.79,26.43,26.13,26.08
"286",286,1981,25.88,26.42,26.44,26.1
"287",287,1981,24.99,25.51,25.65,25.26
"288",288,1981,25.01,25.9,25.98,25.94
"289",289,1981,25.11,25.85,25.55,25.73
"290",290,1981,25.2,26.18,26,26.07
"291",291,1981,25.37,25.77,25.4,25.54
"292",292,1981,25.81,26.02,25.79,25.77
"293",293,1981,26.15,26.4,26.28,26.26
"294",294,1981,25.75,26.43,26.04,26.42
"295",295,1981,24.27,24.84,25.13,24.63
"296",296,1981,24.75,25.2,25.35,25.05
"297",297,1981,24.55,25.2,25.59,25.19
"298",298,1981,25.03,25.5,25.74,25.66
"299",299,1981,24.22,24.67,24.98,24.89
"300",300,1981,25.05,25.52,25.62,25.73
"301",301,1981,25.91,26.21,26.06,26.29
"302",302,1981,26.17,26.51,26.72,26.47
"303",303,1981,25.29,26.12,25.92,26.32
"304",304,1981,24.99,25.79,25.33,25.96
"305",305,1981,25.45,25.97,25.73,26.09
"306",306,1981,26.32,26.38,26.33,26.46
"307",307,1981,25.64,26.14,26.32,26.29
"308",308,1981,24.81,25.13,25.8,24.94
"309",309,1981,24.66,25.25,25.43,25.05
"310",310,1981,25.27,25.63,25.73,25.64
"311",311,1981,25.34,25.86,25.84,25.48
"312",312,1981,25.51,26.16,26.18,25.62
"313",313,1981,25.7,26.62,26.4,26.34
"314",314,1981,26.15,26.42,26.59,26.53
"315",315,1981,26.3,26.49,26.78,26.36
"316",316,1981,25.86,26.51,26.66,26.2
"317",317,1981,26.13,26.67,26.61,26.41
"318",318,1981,25.65,26.34,26.57,26.36
"319",319,1981,25.47,26.28,26.25,26.13
"320",320,1981,25.28,26.16,26.14,26.14
"321",321,1981,25.83,26.35,26.69,26.29
"322",322,1981,26.17,26.75,26.88,26.63
"323",323,1981,26.03,26.69,26.92,26.78
"324",324,1981,25.31,25.99,26.29,26.15
"325",325,1981,24.52,25.15,25.23,25.28
"326",326,1981,24.67,25.16,25.16,25.1
"327",327,1981,24.81,25.49,25.59,25.61
"328",328,1981,24.9,26.08,26.1,25.47
"329",329,1981,24.93,26.27,26.14,25.95
"330",330,1981,25.19,25.85,26.06,25.82
"331",331,1981,24.98,25.72,26.07,25.66
"332",332,1981,24.71,25.36,25.86,25.28
"333",333,1981,25.09,26.04,26.53,25.95
"334",334,1981,24.93,25.73,26.1,25.59
"335",335,1981,25.41,25.8,26.46,25.66
"336",336,1981,25.57,26.28,26.64,26.08
"337",337,1981,25.43,26.42,26.67,26.21
"338",338,1981,24.25,25.01,25.06,24.5
"339",339,1981,24.93,25.43,25.51,25.24
"340",340,1981,25.28,25.98,25.98,25.35
"341",341,1981,24.86,25.56,25.97,25.13
"342",342,1981,24.37,25.09,25.23,25
"343",343,1981,24.41,24.81,24.9,24.68
"344",344,1981,24.89,25.51,25.34,25.63
"345",345,1981,25.17,25.69,25.74,26
"346",346,1981,25.38,25.92,26.1,26.23
"347",347,1981,24.71,25.74,25.92,25.26
"348",348,1981,24.35,25.17,25.42,24.61
"349",349,1981,25.03,25.8,26.04,25.36
"350",350,1981,25.59,26.05,26.45,26.05
"351",351,1981,25.87,26.24,26.66,26.15
"352",352,1981,25.64,25.88,26.44,25.77
"353",353,1981,25.72,25.88,26.54,25.75
"354",354,1981,25.51,25.77,26.26,25.72
"355",355,1981,25.57,26.05,26.78,25.83
"356",356,1981,25.79,26.26,26.85,26.03
"357",357,1981,25.81,25.95,26.57,25.73
"358",358,1981,25.77,25.83,26.75,25.54
"359",359,1981,25.4,26.34,26.28,26.04
"360",360,1981,24.34,25.08,25.27,25.1
"361",361,1981,24.31,24.96,25.33,24.81
"362",362,1981,24.56,25.37,25.75,25.04
"363",363,1981,24.78,25.72,25.83,25.23
"364",364,1981,24.86,25.54,25.79,25.42
"365",365,1981,25.42,25.72,26.32,25.5
"366",1,1982,26.09,26.67,26.89,26.23
"367",2,1982,24.87,25.64,26.31,25.19
"368",3,1982,24.81,25.34,26,25.02
"369",4,1982,24.65,25.9,26.03,25.61
"370",5,1982,24.69,25.44,25.98,25.13
"371",6,1982,25.41,25.86,26.46,25.55
"372",7,1982,25.42,25.76,26.49,25.06
"373",8,1982,25.46,26.01,26.74,25.34
"374",9,1982,25.73,26.26,27.03,25.64
"375",10,1982,25.82,26.36,27.13,26.07
"376",11,1982,26.26,26.87,27.52,26.43
"377",12,1982,25.49,26.65,27.34,25.81
"378",13,1982,25.45,26.67,27.39,26.09
"379",14,1982,25.7,26.72,27.5,25.99
"380",15,1982,26.25,26.91,27.86,26.19
"381",16,1982,26.52,27.08,28.15,26.21
"382",17,1982,26.43,27,27.9,26.24
"383",18,1982,26.15,26.89,27.4,26.41
"384",19,1982,25.94,26.83,27.97,25.81
"385",20,1982,26.53,27.35,27.95,26.58
"386",21,1982,26.76,27.76,28.12,26.82
"387",22,1982,26.81,27.58,28.09,26.69
"388",23,1982,26.65,27.49,28.13,26.45
"389",24,1982,26.86,27.6,28.05,26.9
"390",25,1982,26.84,27.58,27.98,26.9
"391",26,1982,27.08,27.91,28.35,26.84
"392",27,1982,27.3,28.19,28.62,27.86
"393",28,1982,26.91,28.78,28.72,28.03
"394",29,1982,26.8,28.89,28.75,28.16
"395",30,1982,27.02,29.1,28.95,28.35
"396",31,1982,26.75,29.01,29.03,28.36
"397",32,1982,26.94,28.79,28.84,28.32
"398",33,1982,27.12,28.89,29.05,28.56
"399",34,1982,26.12,28.21,28.21,28.29
"400",35,1982,25.94,27.65,28.37,26.91
"401",36,1982,25.03,26.79,27.74,26.02
"402",37,1982,24.73,26.68,27.55,25.37
"403",38,1982,25.6,27.79,28.21,26.85
"404",39,1982,25.71,27.75,28.25,26.88
"405",40,1982,25.83,27.76,28.12,26.59
"406",41,1982,25.48,27.68,27.41,27
"407",42,1982,25.25,27.02,27.32,26.34
"408",43,1982,25.88,28.18,28.17,27.37
"409",44,1982,26.17,28.65,28.72,27.83
"410",45,1982,26.59,28.86,29.03,28.3
"411",46,1982,26.96,29,28.88,28.45
"412",47,1982,27.19,29.25,29.15,28.55
"413",48,1982,27.27,29.38,29.36,28.53
"414",49,1982,26.46,29.45,29.06,28.68
"415",50,1982,26.33,29.57,29.14,28.82
"416",51,1982,25.85,29.16,29.09,28.68
"417",52,1982,26.24,29.13,29.08,28.47
"418",53,1982,26.94,29.36,29.33,28.57
"419",54,1982,27.03,29.56,29.29,29.6
"420",55,1982,25.86,27.89,29.03,28.02
"421",56,1982,25.2,27.58,28,27.07
"422",57,1982,25.76,27.85,28.35,27.36
"423",58,1982,26.42,28.65,29.39,28.26
"424",59,1982,26.69,29.16,29.59,28.94
"425",60,1982,26.18,28.97,29.12,28.72
"426",61,1982,26.69,29.07,29.29,28.77
"427",62,1982,27.84,29.87,29.88,29.52
"428",63,1982,27.61,29.81,30.12,29.9
"429",64,1982,27.38,30.15,30.25,29.63
"430",65,1982,27.47,30.31,30.05,30.19
"431",66,1982,27.31,29.93,30.01,29.41
"432",67,1982,27.65,29.93,30.23,29.05
"433",68,1982,27.93,30.38,30.29,29.79
"434",69,1982,28.27,30.22,30.17,29.8
"435",70,1982,27.81,29.77,30.17,29.3
"436",71,1982,27.58,30.38,30.21,29.98
"437",72,1982,25.95,28.52,28.23,28.17
"438",73,1982,25.21,27.45,27.48,27.38
"439",74,1982,25.98,28.42,28.1,27.93
"440",75,1982,26.66,29.24,28.82,28.84
"441",76,1982,26.3,29.19,28.7,29.29
"442",77,1982,26,28.91,28.56,28.95
"443",78,1982,25.77,28.31,27.98,27.7
"444",79,1982,25.22,27.6,27.18,26.98
"445",80,1982,25.2,26.83,27.35,26
"446",81,1982,25.22,26.76,27.09,26.24
"447",82,1982,25.13,26.21,26.47,26.05
"448",83,1982,24.53,25.53,26.05,25.43
"449",84,1982,24.96,26.5,27.1,25.38
"450",85,1982,25.59,27.26,27.72,26.39
"451",86,1982,26.26,28.04,28.54,27.21
"452",87,1982,26.4,28.09,28.48,27.6
"453",88,1982,25.29,26.88,26.99,26.73
"454",89,1982,24.49,25.62,25.25,26.05
"455",90,1982,24.85,25.53,26.04,24.59
"456",91,1982,25.1,25.85,25.74,25.49
"457",92,1982,25.04,25.5,25.79,25.07
"458",93,1982,24.8,24.8,24.95,25.18
"459",94,1982,24.78,25.14,25.69,24.96
"460",95,1982,24.54,25.14,25.34,25.08
"461",96,1982,23.66,24.12,24.01,23.88
"462",97,1982,24.08,24.36,24.49,24.11
"463",98,1982,24.6,25.17,25.27,24.78
"464",99,1982,23.77,24.76,25.75,23.75
"465",100,1982,24.76,25.72,26.22,25.18
"466",101,1982,25.24,26.24,26.47,25.87
"467",102,1982,25.95,26.36,26.72,26.27
"468",103,1982,26.52,26.67,27.24,26.42
"469",104,1982,26.58,27.11,27.62,26.81
"470",105,1982,26.55,27.42,27.85,26.89
"471",106,1982,26.03,27.37,27.58,26.84
"472",107,1982,24.57,26.3,26.07,26.05
"473",108,1982,24.65,25.14,25.4,24.82
"474",109,1982,24.68,24.86,24.77,24.66
"475",110,1982,24.9,25.09,25.52,24.95
"476",111,1982,24.81,25.29,25.36,25.23
"477",112,1982,24.6,24.75,24.83,25.01
"478",113,1982,24.6,24.73,24.61,25.18
"479",114,1982,24.52,24.81,24.78,24.77
"480",115,1982,24.66,24.7,25.02,24.96
"481",116,1982,24.25,24.75,25.06,24.29
"482",117,1982,24.79,25.08,25.43,25
"483",118,1982,24.75,25.06,25.13,25
"484",119,1982,24.94,25.19,25.2,25.04
"485",120,1982,24.66,24.83,25,24.45
"486",121,1982,24.79,25.34,25.13,25.39
"487",122,1982,24.67,25.11,24.91,24.69
"488",123,1982,24.37,24.74,24.58,24.93
"489",124,1982,24.74,25.31,24.9,24.88
"490",125,1982,25.14,25.4,25.51,25.58
"491",126,1982,25.02,25.52,25.41,25.51
"492",127,1982,25.32,25.59,25.9,25.65
"493",128,1982,24.29,24.85,24.96,24.61
"494",129,1982,24.67,25.07,25.66,24.76
"495",130,1982,24.94,25.76,25.79,25.46
"496",131,1982,25.64,26.58,26.66,26.4
"497",132,1982,25.69,26.37,26.03,26.41
"498",133,1982,25.42,25.66,25.47,25.91
"499",134,1982,24.73,25.01,25.37,25.16
"500",135,1982,24.58,25.06,25.12,25
"501",136,1982,24.36,24.78,24.52,24.92
"502",137,1982,24.73,25.2,25.06,24.94
"503",138,1982,24.6,25.05,25.1,24.87
"504",139,1982,24.86,25.49,25.51,25.36
"505",140,1982,24.58,24.98,25.19,24.93
"506",141,1982,24.58,24.9,25.27,24.61
"507",142,1982,24.61,24.99,25.44,24.57
"508",143,1982,24.26,24.74,25.37,24.47
"509",144,1982,25.09,25.46,25.78,25.23
"510",145,1982,25.04,25.59,25.64,25.42
"511",146,1982,24.08,24.67,24.84,24.38
"512",147,1982,24.22,24.76,24.67,24.4
"513",148,1982,23.59,23.78,24.06,23.94
"514",149,1982,23.31,23.96,23.63,23.76
"515",150,1982,23.23,23.41,23.47,22.86
"516",151,1982,23.47,23.73,23.69,23.92
"517",152,1982,24.19,24.71,24.3,24.89
"518",153,1982,24.61,25.43,24.96,25.41
"519",154,1982,24.8,25.42,25.12,25.47
"520",155,1982,25.04,25.42,25.74,25.24
"521",156,1982,24.54,25.1,25.19,24.68
"522",157,1982,24.65,25.04,25.05,25.17
"523",158,1982,23.87,24.07,24.22,23.97
"524",159,1982,24.57,25.12,24.97,25.11
"525",160,1982,25.19,25.59,25.69,25.55
"526",161,1982,24.75,25,25.25,24.92
"527",162,1982,24.81,25.2,25.49,25.28
"528",163,1982,24.69,25.26,25.42,24.88
"529",164,1982,24.48,25.39,25.18,25.2
"530",165,1982,24.59,24.97,25.23,24.89
"531",166,1982,24.53,25.12,25.35,24.84
"532",167,1982,24.35,24.82,25.08,24.51
"533",168,1982,24.04,24.76,24.65,24.64
"534",169,1982,24.13,24.71,24.47,24.61
"535",170,1982,24.8,25.32,25.09,25.36
"536",171,1982,25.23,25.42,25.44,25.31
"537",172,1982,24.06,24.49,24.92,24.47
"538",173,1982,23.95,24.27,24.62,24.29
"539",174,1982,23.77,24.38,24.56,24.38
"540",175,1982,24.32,24.87,25.05,24.6
"541",176,1982,24.64,24.86,25.41,24.52
"542",177,1982,24.18,24.88,25.37,24.6
"543",178,1982,23.96,24.22,25.09,23.87
"544",179,1982,24.49,24.85,25.26,24.35
"545",180,1982,24.23,24.83,25.33,24.67
"546",181,1982,24.21,24.38,25.03,24.11
"547",182,1982,24.23,24.76,24.8,24.71
"548",183,1982,23.72,24.33,24.41,24.1
"549",184,1982,23.72,24.08,23.98,23.98
"550",185,1982,23.67,23.88,24.34,23.81
"551",186,1982,24.12,24.59,24.6,24.51
"552",187,1982,24.16,24.73,24.95,24.73
"553",188,1982,24.01,24.47,24.3,24.4
"554",189,1982,23.86,24.57,24.66,24.36
"555",190,1982,24.98,25.54,25.24,25.65
"556",191,1982,24.78,25.06,25.58,24.7
"557",192,1982,24.19,24.84,25.36,24.52
"558",193,1982,23.94,24.54,24.73,24.33
"559",194,1982,23.87,24.24,24.64,24.25
"560",195,1982,24.37,24.81,24.88,24.54
"561",196,1982,24.47,24.96,25,24.93
"562",197,1982,25.16,25.5,25.62,25.52
"563",198,1982,25.2,25.65,25.91,25.39
"564",199,1982,24.14,24.47,24.95,24.58
"565",200,1982,24.1,24.45,24.92,24.08
"566",201,1982,24.19,24.8,24.96,24.48
"567",202,1982,24.16,24.38,24.62,24.54
"568",203,1982,23.93,24.29,24.65,24.21
"569",204,1982,24.07,24.5,24.67,24.54
"570",205,1982,24.31,25.2,24.92,24.98
"571",206,1982,23.71,24.39,24.52,24.2
"572",207,1982,24.21,24.72,24.53,24.75
"573",208,1982,23.52,24.23,24.25,24.15
"574",209,1982,23.12,23.71,24.13,23.4
"575",210,1982,23.3,23.97,24.18,23.67
"576",211,1982,23.7,24.22,24.21,24.27
"577",212,1982,23.64,24.12,24.28,24.23
"578",213,1982,24.03,24.3,24.57,23.96
"579",214,1982,24.15,24.7,25,24.69
"580",215,1982,23.76,24.19,24.56,24.09
"581",216,1982,24.6,24.91,25.21,24.81
"582",217,1982,24.13,24.89,25.01,24.45
"583",218,1982,23.57,24.15,24.16,24.23
"584",219,1982,23.83,24.24,24.26,24.28
"585",220,1982,24.37,24.73,24.84,24.61
"586",221,1982,24.84,25.3,25.29,25.03
"587",222,1982,24.44,25.07,25.3,24.92
"588",223,1982,23.68,24.25,23.43,24.31
"589",224,1982,23.99,24.67,24.33,24.94
"590",225,1982,24,24.47,24.48,24.45
"591",226,1982,24.41,24.99,24.67,24.72
"592",227,1982,24.18,24.63,24.48,24.41
"593",228,1982,24.36,25.06,24.85,24.93
"594",229,1982,24.27,24.98,25.03,24.76
"595",230,1982,23.93,24.6,24.76,24.64
"596",231,1982,24.17,24.83,24.54,24.94
"597",232,1982,24.11,24.7,24.56,24.75
"598",233,1982,24.44,25.11,25.18,24.84
"599",234,1982,24.71,25.33,25.42,25.13
"600",235,1982,24.72,25.18,25.11,25.22
"601",236,1982,24.33,24.69,24.98,24.93
"602",237,1982,24.35,24.77,24.8,24.97
"603",238,1982,24.72,25.2,25.29,25.28
"604",239,1982,24.42,25.08,25.42,24.87
"605",240,1982,24.35,24.7,24.9,25.04
"606",241,1982,24.73,25.06,25.43,25.26
"607",242,1982,25.01,25.66,25.94,25.53
"608",243,1982,24.52,24.74,25.11,24.85
"609",244,1982,24.19,24.75,24.8,24.86
"610",245,1982,24.49,25.08,25.13,24.83
"611",246,1982,24.45,24.85,24.58,25.17
"612",247,1982,24.23,24.55,24.54,25.1
"613",248,1982,24.43,24.68,24.94,24.91
"614",249,1982,24.59,25.06,25.33,25.09
"615",250,1982,25,25.56,25.77,25.5
"616",251,1982,24.86,25.53,25.2,25.76
"617",252,1982,25.03,25.46,25.47,25.38
"618",253,1982,25.03,25.64,25.77,25.52
"619",254,1982,24.86,25.25,25.12,25.31
"620",255,1982,25.3,25.63,25.61,25.53
"621",256,1982,26.04,26.58,26.52,26.36
"622",257,1982,25.52,25.9,26.13,25.6
"623",258,1982,25.64,26.25,26.09,26.08
"624",259,1982,25.66,26.2,26.04,26.21
"625",260,1982,25.56,26.05,25.7,26.12
"626",261,1982,25.3,25.92,26.09,26.04
"627",262,1982,24.43,25.24,25.3,25
"628",263,1982,24.41,24.75,24.68,25.05
"629",264,1982,24.47,25.09,24.6,25.08
"630",265,1982,24.77,25.33,25.2,25.51
"631",266,1982,25.13,26.02,26.05,25.59
"632",267,1982,24.44,25.27,24.87,25.08
"633",268,1982,24.77,25.35,25.27,25.12
"634",269,1982,24.84,25.41,25.55,24.95
"635",270,1982,25.04,25.75,25.82,25.55
"636",271,1982,25.1,26.08,26.2,25.95
"637",272,1982,24.72,25.38,25.18,25.6
"638",273,1982,24.49,25.11,25.01,25.28
"639",274,1982,24.38,24.76,24.84,24.76
"640",275,1982,24.55,25.13,25.11,25.09
"641",276,1982,24.68,25.13,25.23,25.03
"642",277,1982,24.88,25.49,25.37,25.17
"643",278,1982,24.5,25.56,25.63,24.92
"644",279,1982,24.63,25.13,25.31,24.99
"645",280,1982,25.07,25.35,25.49,25.09
"646",281,1982,25.22,25.76,25.78,25.53
"647",282,1982,25.11,26.4,26.04,26.29
"648",283,1982,24.33,25.02,24.68,25.04
"649",284,1982,24.2,25.2,24.95,25.18
"650",285,1982,24.74,25.23,25.06,25.27
"651",286,1982,25.07,25.74,25.8,25.62
"652",287,1982,25.07,26.21,26.7,25.84
"653",288,1982,24.44,25.59,25.39,25.42
"654",289,1982,24.63,24.82,25.09,24.45
"655",290,1982,24.71,25.39,25.47,25.19
"656",291,1982,25.36,25.91,25.5,25.93
"657",292,1982,24.92,25.62,25.17,25.68
"658",293,1982,25.13,25.39,25.09,25.39
"659",294,1982,24.82,25.27,25.59,25.22
"660",295,1982,24.99,25.77,25.59,25.75
"661",296,1982,24.93,25.67,25.6,25.42
"662",297,1982,25.13,26.09,26,25.64
"663",298,1982,24.7,25.48,25.48,25.29
"664",299,1982,24.58,25.23,25.16,24.97
"665",300,1982,24.15,25.05,24.79,25.08
"666",301,1982,24.21,24.83,24.62,24.84
"667",302,1982,24.84,25.31,25.15,25.29
"668",303,1982,25.09,25.43,25.53,25.28
"669",304,1982,24.63,25.02,25.08,25.04
"670",305,1982,24.14,24.4,24.89,24.35
"671",306,1982,24.73,25.02,25.29,24.86
"672",307,1982,24.81,25.38,25.43,25.22
"673",308,1982,25.4,25.76,26.09,25.7
"674",309,1982,25.46,25.86,26.27,25.73
"675",310,1982,25.15,25.91,26.21,25.6
"676",311,1982,25.16,25.64,25.9,25.53
"677",312,1982,25.35,26,26.17,25.89
"678",313,1982,25.18,26.04,25.96,25.86
"679",314,1982,25.15,25.88,26.02,25.6
"680",315,1982,24.79,25.32,25.64,25.01
"681",316,1982,24.96,25.51,25.91,25.46
"682",317,1982,25.11,25.55,25.94,25.7
"683",318,1982,25.25,25.89,25.96,25.7
"684",319,1982,24.52,25.21,25.61,24.85
"685",320,1982,24.49,25.28,25.49,25.03
"686",321,1982,24.2,24.69,25.15,24.45
"687",322,1982,24.43,24.61,24.6,24.43
"688",323,1982,24.76,25.2,25.27,24.95
"689",324,1982,25.47,25.97,25.84,25.98
"690",325,1982,25.42,25.81,26.1,25.8
"691",326,1982,25.07,25.53,25.6,25.55
"692",327,1982,24.57,24.86,25.05,24.72
"693",328,1982,24.91,25.29,25.49,25.09
"694",329,1982,24.7,25.27,25.46,25.15
"695",330,1982,24.76,25.43,25.51,25.37
"696",331,1982,25.25,25.73,25.75,25.67
"697",332,1982,25.82,25.92,26.03,25.73
"698",333,1982,25.29,25.82,25.99,25.69
"699",334,1982,24.28,24.84,24.92,24.97
"700",335,1982,24.21,24.55,25.2,24.33
"701",336,1982,24.53,24.85,25.32,24.92
"702",337,1982,24.44,25.1,25.29,25.03
"703",338,1982,24.69,25.3,25.24,25.23
"704",339,1982,24.98,25.68,25.93,25.59
"705",340,1982,25.57,25.81,26.21,25.74
"706",341,1982,25.19,25.63,26.08,25.38
"707",342,1982,24.85,25.29,25.96,25.09
"708",343,1982,24.3,25.03,25.28,24.72
"709",344,1982,24.13,24.33,24.85,24.26
"710",345,1982,24.76,25.1,25.41,25.15
"711",346,1982,24.98,25.39,25.44,25.34
"712",347,1982,24.91,25.34,25.82,25.15
"713",348,1982,24.9,25.28,26.05,25.07
"714",349,1982,25.3,25.84,26.34,25.67
"715",350,1982,25.74,25.91,26.35,25.97
"716",351,1982,25.59,25.44,25.84,25.6
"717",352,1982,25.77,25.64,26.09,25.54
"718",353,1982,26.04,26.21,26.79,26.11
"719",354,1982,25.56,26.42,26.55,26.23
"720",355,1982,24.75,25.27,25.7,25.13
"721",356,1982,24.98,25.67,26.18,25.66
"722",357,1982,25.42,26.05,26.54,25.97
"723",358,1982,25.49,25.5,26.17,25.84
"724",359,1982,25.55,25.69,26.3,25.74
"725",360,1982,25.27,25.81,26.03,25.71
"726",361,1982,25.24,25.61,25.87,25.57
"727",362,1982,24.85,25.16,25.27,25.29
"728",363,1982,24.77,24.82,25.29,24.89
"729",364,1982,24.87,25.45,25.64,25.65
"730",365,1982,25.25,25.91,25.91,26.18
"731",1,1983,25.24,26.15,26.32,26.26
"732",2,1983,24.99,25.66,26.32,25.67
"733",3,1983,25.29,25.79,26.41,25.9
"734",4,1983,25.15,25.44,26.56,25.7
"735",5,1983,25.31,26,26.8,25.87
"736",6,1983,24.71,25.29,26.44,25.4
"737",7,1983,25.3,26.02,26.72,25.9
"738",8,1983,25.61,26.35,26.88,26.46
"739",9,1983,25.7,26.31,26.91,26.32
"740",10,1983,25.84,26.64,27.22,26.45
"741",11,1983,26.11,27.06,27.43,26.9
"742",12,1983,26.31,27.06,27.6,27.15
"743",13,1983,26.68,27.24,27.93,27.1
"744",14,1983,26.26,26.93,27.49,26.82
"745",15,1983,26.04,26.75,27.51,26.64
"746",16,1983,26.29,27.24,27.6,27.12
"747",17,1983,26.68,27.78,28.11,27.38
"748",18,1983,26.93,28.26,28.32,27.94
"749",19,1983,26.46,28.12,28.07,27.74
"750",20,1983,26.58,28.84,28.52,28.07
"751",21,1983,26.82,28.37,28.13,28.46
"752",22,1983,27.84,29.16,29.1,28.77
"753",23,1983,28.18,29.5,29.6,29.29
"754",24,1983,28.15,29.81,29.58,29.39
"755",25,1983,28.17,29.67,29.3,29.39
"756",26,1983,28.17,29.01,28.91,29.03
"757",27,1983,28.25,29.04,29.08,28.94
"758",28,1983,28.2,28.9,28.94,28.88
"759",29,1983,28.37,29.3,29.05,28.99
"760",30,1983,28.12,28.71,28.82,28.59
"761",31,1983,28.43,28.87,29.03,29
"762",32,1983,28.74,29.27,29.27,29.2
"763",33,1983,28.76,29.15,29.33,29.08
"764",34,1983,28.76,29.57,29.6,29.13
"765",35,1983,28.52,29.76,29.52,29.39
"766",36,1983,28.93,29.85,29.64,29.66
"767",37,1983,28.65,28.84,28.55,28.88
"768",38,1983,28.22,28.31,28.17,28.59
"769",39,1983,28.36,28.38,28.5,28.23
"770",40,1983,28.39,28.51,28.41,28.5
"771",41,1983,28.28,28.31,28.12,28.4
"772",42,1983,28.47,28.46,28.41,28.23
"773",43,1983,29.19,29.07,29.4,28.89
"774",44,1983,29.62,29.83,29.92,29.24
"775",45,1983,29.95,30.05,29.72,29.99
"776",46,1983,29.86,29.76,29.59,29.65
"777",47,1983,29.37,29.6,29.85,29.44
"778",48,1983,29.49,30.01,30.35,29.84
"779",49,1983,28.1,29.89,30.13,29.23
"780",50,1983,26.63,28.48,28.75,28.6
"781",51,1983,26.93,28.9,29.08,28.08
"782",52,1983,26.38,27.86,28.05,27.16
"783",53,1983,26.74,28.26,28.77,27.61
"784",54,1983,25.87,26.9,27.01,26.54
"785",55,1983,25.58,25.73,26.27,26.34
"786",56,1983,25.78,26.17,26.56,26.2
"787",57,1983,26.32,27.15,27.18,27.12
"788",58,1983,26.78,27.58,27.4,27.78
"789",59,1983,25.75,26.1,26.6,25.41
"790",60,1983,26.37,27.19,27.07,26.51
"791",61,1983,27.25,27.93,28.22,27.59
"792",62,1983,28.26,28.56,28.93,28.39
"793",63,1983,28.13,28.36,28.89,28.03
"794",64,1983,27.59,27.79,28.7,27.66
"795",65,1983,27.91,27.9,28.74,27.39
"796",66,1983,28.22,28.34,28.89,27.77
"797",67,1983,28.27,28.47,28.94,27.97
"798",68,1983,28.49,29.04,29.51,28.53
"799",69,1983,28.32,29.34,29.71,28.87
"800",70,1983,28.18,29.19,29.64,28.73
"801",71,1983,27.77,29.18,28.85,29.08
"802",72,1983,27.31,27.82,27.84,28.09
"803",73,1983,25.54,25.74,26.73,25.81
"804",74,1983,26.06,26.78,27.09,26.83
"805",75,1983,27.21,28.04,28.26,27.99
"806",76,1983,27.79,28.4,28.51,28.03
"807",77,1983,28.26,28.48,29.53,28.62
"808",78,1983,28.3,29.37,30.29,29.01
"809",79,1983,27.99,28.9,29.54,28.61
"810",80,1983,26.69,27.95,28.26,27.75
"811",81,1983,26.1,27,27.23,26.96
"812",82,1983,26.16,27.42,27.99,26.99
"813",83,1983,26.53,27.21,27.87,27.03
"814",84,1983,26.77,27.87,28.48,27.44
"815",85,1983,27.18,28.01,28.89,27.9
"816",86,1983,27.2,28.56,29.74,28.19
"817",87,1983,27.51,28.39,29.66,27.69
"818",88,1983,27.91,28.69,30.08,28.08
"819",89,1983,27.92,28.47,30.21,27.81
"820",90,1983,27.6,28.65,30.12,27.84
"821",91,1983,27.57,28.93,30.11,28.24
"822",92,1983,27,28.49,29.23,28.14
"823",93,1983,25.58,26.07,26.81,26.07
"824",94,1983,25.87,26.26,26.53,26.66
"825",95,1983,25.05,25.42,25.63,25.59
"826",96,1983,25.77,26.17,26.36,26.29
"827",97,1983,25.38,26.47,26.29,26.19
"828",98,1983,24.81,25.35,25.85,24.98
"829",99,1983,25.27,25.55,25.87,25.37
"830",100,1983,24.96,25.36,26.04,24.78
"831",101,1983,25,25.7,26.13,24.94
"832",102,1983,25.68,26.11,26.41,25.94
"833",103,1983,25.66,26.26,26.82,25.72
"834",104,1983,25.19,25.35,25.61,25.21
"835",105,1983,25.06,25.6,25.73,25.37
"836",106,1983,25.04,25.38,25.55,25.4
"837",107,1983,25.55,26.32,26.16,26.3
"838",108,1983,25.88,26.67,26.7,26.42
"839",109,1983,25.69,26.42,26.41,26.22
"840",110,1983,25.75,26.51,26.2,26.62
"841",111,1983,25.14,25.33,25.66,24.83
"842",112,1983,25.69,26.18,26.4,25.73
"843",113,1983,25.84,26.54,26.61,26.52
"844",114,1983,25.8,25.89,25.83,25.8
"845",115,1983,26.3,26.44,26.56,26.48
"846",116,1983,25.59,26.04,26.15,25.92
"847",117,1983,24.86,25.32,25.19,25.54
"848",118,1983,25.46,26.02,25.78,26.26
"849",119,1983,24.71,25.15,25.21,25.06
"850",120,1983,25.08,25.65,25.34,25.59
"851",121,1983,25.26,25.82,25.77,25.7
"852",122,1983,25.46,25.78,25.8,26.01
"853",123,1983,25.73,26.13,26.02,26.13
"854",124,1983,25.73,25.87,25.84,26.04
"855",125,1983,26.36,26.58,26.4,26.31
"856",126,1983,25.72,26.33,26.13,26.23
"857",127,1983,25.34,25.77,25.53,25.69
"858",128,1983,25.79,26.13,25.95,26
"859",129,1983,25.5,25.45,25.94,25.41
"860",130,1983,25.37,25.5,26.02,25.33
"861",131,1983,25.25,25.38,25.62,25.15
"862",132,1983,25.94,26.17,26.06,26.2
"863",133,1983,26.62,26.54,26.63,26.59
"864",134,1983,26.25,26.57,26.53,26.89
"865",135,1983,25.75,26.23,25.92,26.21
"866",136,1983,25.76,25.85,25.92,25.89
"867",137,1983,26.1,26.42,26.39,26.24
"868",138,1983,25.82,26.18,26.64,26.07
"869",139,1983,25.84,26.02,26.12,26.02
"870",140,1983,25.87,25.73,26.06,25.81
"871",141,1983,25.59,26.11,26.55,25.87
"872",142,1983,25.61,25.35,25.93,25.19
"873",143,1983,25.98,25.81,26.42,25.73
"874",144,1983,25.98,26.5,26.8,26.3
"875",145,1983,25.69,25.95,26.02,26.22
"876",146,1983,25.44,25.95,25.77,26.05
"877",147,1983,25.61,25.9,26.48,25.83
"878",148,1983,25.04,25.59,25.87,25.38
"879",149,1983,25.05,25.28,25.21,25.32
"880",150,1983,25.94,26.22,26.27,26.41
"881",151,1983,26.46,26.75,27.05,26.79
"882",152,1983,25.07,25.59,25.86,25.39
"883",153,1983,25.39,25.45,24.76,25.57
"884",154,1983,25.13,25.04,25.22,24.91
"885",155,1983,24.82,25.17,25.15,24.89
"886",156,1983,24.99,25.44,25.42,25.25
"887",157,1983,24.95,25.62,25.88,25.45
"888",158,1983,24.31,24.56,24.9,24.44
"889",159,1983,25.09,24.91,25.47,24.71
"890",160,1983,26.05,26.1,26.06,26.11
"891",161,1983,25.89,26.04,26.15,26.13
"892",162,1983,25.11,25.55,25.44,25.59
"893",163,1983,25.23,25.84,25.91,25.76
"894",164,1983,25.55,26.12,26.16,26.41
"895",165,1983,24.5,25,24.81,25.19
"896",166,1983,24.94,25.65,25.62,25.43
"897",167,1983,24.4,25.44,25,25.18
"898",168,1983,24.57,25.27,24.89,25.14
"899",169,1983,24.96,25.51,25.27,25.75
"900",170,1983,25.56,26,25.64,25.83
"901",171,1983,25.3,26.06,25.99,25.73
"902",172,1983,24.72,24.94,25.07,24.76
"903",173,1983,25.03,25.36,25.44,25.36
"904",174,1983,25.62,26.15,26.09,25.86
"905",175,1983,25.29,26.08,25.71,26.04
"906",176,1983,24.31,24.69,24.58,25.05
"907",177,1983,24.93,25.34,25.45,25.66
"908",178,1983,25.21,25.51,25.68,25.66
"909",179,1983,24.18,25.16,24.99,24.89
"910",180,1983,24.05,24.61,24.6,24.56
"911",181,1983,24.7,25.32,25.21,25.13
"912",182,1983,24.41,25.05,25.29,24.73
"913",183,1983,24.63,25.19,25.19,25.34
"914",184,1983,25.32,25.79,25.77,25.69
"915",185,1983,24.64,25.48,25.57,25.23
"916",186,1983,25.18,25.53,25.69,25.14
"917",187,1983,25.96,26.23,26.15,26.47
"918",188,1983,25.54,26.25,26.3,26.2
"919",189,1983,24.42,25.17,25.24,24.85
"920",190,1983,24.92,25.11,25.09,24.85
"921",191,1983,25.67,25.97,25.88,25.88
"922",192,1983,25.86,26.15,26.26,26.29
"923",193,1983,25.05,25.43,25.59,25.37
"924",194,1983,25.03,25.71,25.71,25.48
"925",195,1983,25.19,25.65,25.64,25.52
"926",196,1983,25.22,25.3,25.6,25.36
"927",197,1983,24.8,25.36,25.33,25.23
"928",198,1983,24.46,24.9,25.39,24.74
"929",199,1983,24.31,24.65,25.02,24.57
"930",200,1983,24.2,24.72,24.78,24.78
"931",201,1983,24.15,24.47,24.4,24.22
"932",202,1983,24.16,24.63,24.91,24.4
"933",203,1983,23.96,24.06,24.33,24.13
"934",204,1983,24.49,24.87,24.99,24.78
"935",205,1983,24.98,25.06,25.38,24.97
"936",206,1983,25.59,25.95,25.91,25.64
"937",207,1983,24.82,25.36,25.25,25.07
"938",208,1983,25.14,25.37,25.55,25.04
"939",209,1983,24.99,25.47,25.7,25.29
"940",210,1983,24.79,25.28,25.6,25.29
"941",211,1983,24.3,25.21,25.3,24.91
"942",212,1983,24.11,24.59,24.69,24.23
"943",213,1983,24.24,25.01,24.66,24.98
"944",214,1983,24.17,24.73,24.44,25.03
"945",215,1983,23.81,24.51,24.18,24.44
"946",216,1983,23.95,24.42,24.13,24.64
"947",217,1983,24.82,25.06,25.05,24.79
"948",218,1983,23.93,24.45,24.58,24.75
"949",219,1983,24.36,24.95,24.57,24.72
"950",220,1983,24.83,25.42,25.1,25.19
"951",221,1983,25.27,25.36,25.5,25.58
"952",222,1983,24.84,25.39,25.88,25.23
"953",223,1983,25.13,25.73,25.78,25.82
"954",224,1983,24.61,25.87,26,25.4
"955",225,1983,25.52,26.12,26.21,26.07
"956",226,1983,25.94,26.38,26.55,26.25
"957",227,1983,25.22,25.57,25.3,25.95
"958",228,1983,24.6,25.21,25.51,24.83
"959",229,1983,24.66,25.28,24.77,25.57
"960",230,1983,24.51,24.82,25.02,24.88
"961",231,1983,24.8,25.23,25.42,25.23
"962",232,1983,24.87,25.26,25.06,25.73
"963",233,1983,24.97,25.49,25.65,25.51
"964",234,1983,24.68,25.33,25.28,25.07
"965",235,1983,24.76,25.02,25.4,24.93
"966",236,1983,24.63,25.58,25.73,25.11
"967",237,1983,24.53,25.13,25.23,24.8
"968",238,1983,24.76,25.44,25.28,25.58
"969",239,1983,25.33,26.24,25.97,25.89
"970",240,1983,24.55,25.28,25.31,24.76
"971",241,1983,24.4,25.1,25.16,24.86
"972",242,1983,25.21,25.7,25.68,25.14
"973",243,1983,26.02,26.62,26.69,26.29
"974",244,1983,25.25,26.07,25.81,26.01
"975",245,1983,24.81,25.18,25.32,25.18
"976",246,1983,25.13,25.61,25.83,25.69
"977",247,1983,24.45,25.53,25.7,25.11
"978",248,1983,24.62,25.34,25.53,25.15
"979",249,1983,25.21,25.8,25.86,25.59
"980",250,1983,25.31,25.65,26.17,25.82
"981",251,1983,24.76,25.1,25.53,24.62
"982",252,1983,24.66,25,25.12,24.68
"983",253,1983,24.88,25.57,25.51,25.45
"984",254,1983,24.57,24.91,24.98,24.97
"985",255,1983,24.13,24.72,24.3,24.57
"986",256,1983,24.22,24.68,24.66,24.44
"987",257,1983,24.43,25.01,24.78,25.12
"988",258,1983,25.07,25.74,25.69,25.62
"989",259,1983,24.84,25.37,25.71,25.2
"990",260,1983,24.8,24.96,25.2,24.76
"991",261,1983,25.05,25.86,25.95,25.56
"992",262,1983,25.19,25.85,25.7,25.68
"993",263,1983,24.25,24.75,24.85,24.83
"994",264,1983,24.71,25.41,25.12,25.46
"995",265,1983,24.85,25.78,25.43,25.55
"996",266,1983,24.84,25.49,25.48,25.32
"997",267,1983,25.44,25.96,25.92,25.76
"998",268,1983,25.59,26.49,26.19,26.07
"999",269,1983,26,26.62,26.67,26.25
"1000",270,1983,25.53,26.83,26.48,26.51
"1001",271,1983,25.34,26.29,26.08,25.85
"1002",272,1983,25.59,26.25,26.22,25.93
"1003",273,1983,25.31,25.77,25.62,26
"1004",274,1983,25.4,25.73,25.81,25.75
"1005",275,1983,24.07,24.72,24.7,24.95
"1006",276,1983,23.96,24.69,24.53,24.29
"1007",277,1983,24.08,24.7,24.58,24.34
"1008",278,1983,24.61,25.48,25.41,25.28
"1009",279,1983,24.95,25.94,25.81,25.88
"1010",280,1983,24.88,25.53,25.63,25.44
"1011",281,1983,24.71,25.23,25.65,24.86
"1012",282,1983,24.86,25.44,25.37,25.57
"1013",283,1983,24.96,25.62,25.51,25.83
"1014",284,1983,25.12,25.78,25.62,25.85
"1015",285,1983,24.84,25.49,25.43,25.16
"1016",286,1983,24.93,25.44,25.38,25.23
"1017",287,1983,24.84,25.18,25.09,25.33
"1018",288,1983,25.3,25.63,25.85,25.64
"1019",289,1983,25.23,25.72,25.52,25.79
"1020",290,1983,25.73,26.03,26.2,26.08
"1021",291,1983,26.19,26.62,26.57,26.29
"1022",292,1983,25.03,25.88,25.71,25.57
"1023",293,1983,24.48,25.07,24.76,24.87
"1024",294,1983,25.06,25.83,25.68,25.71
"1025",295,1983,25.67,26.23,25.77,26.25
"1026",296,1983,25.94,26.29,26.13,26.07
"1027",297,1983,24.84,25.45,25.32,25.19
"1028",298,1983,24.02,24.77,24.77,24.62
"1029",299,1983,24.56,24.8,24.87,24.71
"1030",300,1983,24.9,25.43,25.25,25.43
"1031",301,1983,24.94,25.29,25.06,25.51
"1032",302,1983,24.47,24.82,24.79,24.85
"1033",303,1983,24.54,25.12,25.21,25.16
"1034",304,1983,25.25,25.94,25.95,25.98
"1035",305,1983,24.97,25.95,25.94,25.62
"1036",306,1983,24.8,25.42,25.2,25.24
"1037",307,1983,24.65,25.25,25.39,25.22
"1038",308,1983,25.2,25.81,25.63,25.63
"1039",309,1983,25.62,26,25.8,25.82
"1040",310,1983,25.34,25.81,26.05,25.38
"1041",311,1983,25.02,25.97,25.82,25.74
"1042",312,1983,25.24,26.16,26.07,25.92
"1043",313,1983,25.74,26.36,26.07,26.38
"1044",314,1983,26.26,26.57,26.51,26.45
"1045",315,1983,25.56,26.2,26.49,26.02
"1046",316,1983,25.6,26.16,26.1,26.16
"1047",317,1983,26.1,26.68,26.62,26.54
"1048",318,1983,26.51,26.86,26.97,26.88
"1049",319,1983,26.09,26.75,26.64,26.58
"1050",320,1983,24.42,25.09,25.16,24.88
"1051",321,1983,25.03,25.58,25.41,25.53
"1052",322,1983,25.53,26.03,26.2,25.75
"1053",323,1983,24.99,25.47,25.29,25.39
"1054",324,1983,25.32,25.91,25.87,25.91
"1055",325,1983,25.54,26.26,26.52,25.75
"1056",326,1983,25.38,26.4,26.53,25.9
"1057",327,1983,25.14,26.19,26.31,25.87
"1058",328,1983,25.22,26.08,26.25,25.73
"1059",329,1983,24.65,25.48,25.82,25.3
"1060",330,1983,24.13,24.41,24.77,24.73
"1061",331,1983,24.29,24.77,24.8,24.69
"1062",332,1983,24.55,25.25,25.23,25.18
"1063",333,1983,24.64,25.07,25.42,24.85
"1064",334,1983,24.68,25.52,25.57,25.22
"1065",335,1983,24.96,25.64,25.66,25.57
"1066",336,1983,25.02,25.47,25.58,25.73
"1067",337,1983,24.47,25.07,25.38,25.1
"1068",338,1983,23.88,24.69,25.03,24.33
"1069",339,1983,24.31,25.22,25.52,24.91
"1070",340,1983,25.28,25.67,25.86,25.64
"1071",341,1983,25.33,25.51,26.04,25.06
"1072",342,1983,25.15,25.64,25.95,25.55
"1073",343,1983,24.64,25.26,25.36,25.42
"1074",344,1983,23.6,24.44,24.66,24.55
"1075",345,1983,24.15,24.65,24.82,24.94
"1076",346,1983,24.63,24.96,25.14,25.03
"1077",347,1983,24.51,25.06,25.16,24.89
"1078",348,1983,24.4,24.92,24.99,24.56
"1079",349,1983,24.33,24.83,25.16,24.35
"1080",350,1983,23.99,24.64,25.21,24.4
"1081",351,1983,24.52,24.94,25.45,24.75
"1082",352,1983,24.83,25.41,25.97,25.19
"1083",353,1983,24.53,25.03,25.64,24.66
"1084",354,1983,24.49,25.4,25.75,24.85
"1085",355,1983,23.93,24.81,25.3,24.34
"1086",356,1983,24.61,25.33,25.82,25.17
"1087",357,1983,24.55,25.45,25.68,25.3
"1088",358,1983,24.39,25.28,25.71,24.85
"1089",359,1983,24.52,25.34,25.59,25.01
"1090",360,1983,24.23,24.89,25.29,24.77
"1091",361,1983,23.93,24.71,25.77,24.28
"1092",362,1983,24.62,25.25,25.92,24.96
"1093",363,1983,24.58,24.77,25.48,24.66
"1094",364,1983,24.81,24.74,25.99,24.59
"1095",365,1983,25.72,25.96,26.95,25.64
"1096",1,1984,25.8,26.13,26.86,25.67
"1097",2,1984,25.93,25.99,26.54,25.49
"1098",3,1984,25.68,25.86,26.57,25.44
"1099",4,1984,25.74,25.99,26.67,25.62
"1100",5,1984,25.67,26.05,26.89,25.5
"1101",6,1984,25.38,26.35,26.18,25.93
"1102",7,1984,24.91,26.28,26.59,25.51
"1103",8,1984,25.76,26.89,26.92,26.24
"1104",9,1984,25.62,26.75,27.04,26.25
"1105",10,1984,25.21,25.86,26.57,25.2
"1106",11,1984,25.63,26.3,27.17,25.47
"1107",12,1984,26.51,27.23,27.76,26.26
"1108",13,1984,26.3,26.9,28.05,25.68
"1109",14,1984,25.77,27.34,27.68,26.44
"1110",15,1984,25.11,26.72,26.66,26.02
"1111",16,1984,24.72,26.16,26.93,25.37
"1112",17,1984,23.47,23.91,24.7,23.61
"1113",18,1984,22.85,23.3,23.79,22.92
"1114",19,1984,23.15,23.86,24.13,23.4
"1115",20,1984,24.09,24.51,25.2,23.81
"1116",21,1984,24.5,25.14,25.81,24.62
"1117",22,1984,24.57,25.34,26.02,24.95
"1118",23,1984,24.61,25.48,25.72,25.31
"1119",24,1984,24.56,25.46,26.17,25.13
"1120",25,1984,25.05,25.93,26.6,25.4
"1121",26,1984,25.59,26.28,26.99,25.67
"1122",27,1984,25.5,26.36,27.2,25.6
"1123",28,1984,25.55,26.5,27.25,25.78
"1124",29,1984,25.67,26.39,27.37,25.88
"1125",30,1984,25.46,26.11,27.23,25.7
"1126",31,1984,25.11,26.37,27.01,25.75
"1127",32,1984,23.69,24.71,25.2,24.31
"1128",33,1984,23.87,24.61,25.44,24.02
"1129",34,1984,23.94,24.99,25.56,24.45
"1130",35,1984,24.31,25.67,26,25.37
"1131",36,1984,24.3,25.67,26.56,25.42
"1132",37,1984,24.42,26.1,26.53,25.85
"1133",38,1984,24.27,25.84,26.52,25.6
"1134",39,1984,24,25.44,26.2,24.8
"1135",40,1984,24.48,25.67,26.27,25.02
"1136",41,1984,24.85,26.39,27.12,25.54
"1137",42,1984,25.22,26.78,27.46,25.94
"1138",43,1984,25.48,26.95,27.87,26.29
"1139",44,1984,25.32,26.95,27.96,26.19
"1140",45,1984,25.14,26.94,27.59,26.14
"1141",46,1984,25.16,27.23,27.81,26.5
"1142",47,1984,24.56,26.01,26.83,25.29
"1143",48,1984,24.17,25.13,25.69,24.34
"1144",49,1984,24.12,24.64,25.67,24.12
"1145",50,1984,24.23,25.27,26.11,24.87
"1146",51,1984,23.88,24.76,25.7,24.34
"1147",52,1984,24.3,25.53,25.8,25.14
"1148",53,1984,23.82,24.54,25.55,24.01
"1149",54,1984,23.7,24.65,25.6,23.78
"1150",55,1984,24.27,25.51,26.19,24.92
"1151",56,1984,24.87,25.84,26.49,25.63
"1152",57,1984,25.44,26.25,27.31,25.73
"1153",58,1984,25.74,26.34,27.61,25.9
"1154",59,1984,25.38,26.59,27.74,26
"1155",60,1984,24.73,26.26,27.28,26.02
"1156",61,1984,24.25,25.7,26.85,24.95
"1157",62,1984,24.81,26.04,26.59,25.39
"1158",63,1984,24.91,25.86,27.23,25.14
"1159",64,1984,24.56,25.94,26.31,25.55
"1160",65,1984,24.52,25.12,25.76,24.81
"1161",66,1984,24.78,25.69,26.59,25.04
"1162",67,1984,25.6,26.73,27.4,26.29
"1163",68,1984,26.1,27.05,28.14,26.44
"1164",69,1984,26.26,27.39,28.31,26.57
"1165",70,1984,26.2,27.37,28.26,26.71
"1166",71,1984,26.13,27.16,28.12,26.41
"1167",72,1984,26.01,27.27,28.36,26.5
"1168",73,1984,26.11,27.59,28.9,26.4
"1169",74,1984,26.72,28.06,29.44,27.05
"1170",75,1984,27.28,28.84,29.84,27.47
"1171",76,1984,27.08,28.49,29.5,27.13
"1172",77,1984,27.2,28.73,29.71,27.44
"1173",78,1984,27.38,29.26,29.95,28.21
"1174",79,1984,26.61,28.45,29.28,28.11
"1175",80,1984,25.32,27.52,28.57,26.57
"1176",81,1984,25.5,27.27,27.82,26.55
"1177",82,1984,25.41,27.34,27.81,26.79
"1178",83,1984,25.31,27.1,28.18,26.65
"1179",84,1984,25.39,27.47,28.36,26.96
"1180",85,1984,26.26,27.96,28.94,27.62
"1181",86,1984,27.22,28.91,29.54,28.4
"1182",87,1984,26.9,28.64,29.18,28.19
"1183",88,1984,25.77,27.1,27.35,26.93
"1184",89,1984,25.39,25.96,26.48,25.61
"1185",90,1984,25.13,26.54,27.64,26.07
"1186",91,1984,24.63,25.76,25.64,25.72
"1187",92,1984,24.92,25.48,26.25,25.1
"1188",93,1984,25.97,26.89,27.5,26.41
"1189",94,1984,26.3,27.34,28.57,26.87
"1190",95,1984,26.35,27.26,28.47,26.81
"1191",96,1984,26.51,27.6,28.95,27
"1192",97,1984,25.44,26.83,28.35,26.69
"1193",98,1984,24.88,26.06,27.68,25.8
"1194",99,1984,25.21,26,27.22,26.04
"1195",100,1984,25.3,26.3,27.08,26.29
"1196",101,1984,25.35,26.21,26.74,26.19
"1197",102,1984,25.13,26.25,26.19,26.02
"1198",103,1984,25.21,26.2,25.88,26.24
"1199",104,1984,24.7,25.31,25.48,25.62
"1200",105,1984,24.64,25.28,26.14,25.2
"1201",106,1984,25.23,26.03,26.14,26.31
"1202",107,1984,25.16,26.14,26.93,25.69
"1203",108,1984,25.68,26.97,27.3,26.63
"1204",109,1984,26.38,27.29,27.73,27
"1205",110,1984,26.43,27.25,27.66,27
"1206",111,1984,26.02,27.29,27.87,26.94
"1207",112,1984,26.19,27.63,28.55,27.06
"1208",113,1984,26.36,27.89,28.31,27.45
"1209",114,1984,25.79,27.31,27.55,27.14
"1210",115,1984,25.86,26.96,27.44,26.43
"1211",116,1984,24.7,25.15,25.81,24.75
"1212",117,1984,23.92,25.17,24.68,24.74
"1213",118,1984,24.51,25.39,25.06,25.6
"1214",119,1984,24.78,25.43,25.23,25.27
"1215",120,1984,24.25,24.67,24.97,24.86
"1216",121,1984,24.05,23.99,24.94,23.44
"1217",122,1984,24.6,25.07,25.5,24.74
"1218",123,1984,24.56,25.58,25.23,25.66
"1219",124,1984,25.12,26.14,26.04,25.75
"1220",125,1984,26.41,26.89,26.89,26.7
"1221",126,1984,26.74,27.25,27.32,26.82
"1222",127,1984,26.82,27.36,27.81,26.87
"1223",128,1984,26.23,27.09,27.27,26.81
"1224",129,1984,26.01,26.96,27.43,26.45
"1225",130,1984,25.17,26.15,26.31,26.03
"1226",131,1984,25.09,25.16,25.36,25.12
"1227",132,1984,24.2,24.13,24.97,23.88
"1228",133,1984,24.21,24.59,24.74,24.54
"1229",134,1984,25.53,25.79,26.54,24.91
"1230",135,1984,25.3,26.25,26.73,25.33
"1231",136,1984,24.97,26.27,26.23,25.61
"1232",137,1984,23.57,24.03,23.95,23.98
"1233",138,1984,24.23,24.94,24.49,24.42
"1234",139,1984,25.3,25.68,25.57,25.56
"1235",140,1984,25.34,26.06,25.87,25.64
"1236",141,1984,24.6,25.45,25.7,25.1
"1237",142,1984,24.98,26.09,26.52,25.63
"1238",143,1984,24.95,26.42,26.33,26.13
"1239",144,1984,24.24,25.07,25.4,24.6
"1240",145,1984,25.18,25.59,25.77,25.5
"1241",146,1984,25.44,25.75,25.56,25.58
"1242",147,1984,23.86,24.1,24.18,24.01
"1243",148,1984,24.53,24.53,24.55,24.45
"1244",149,1984,24.62,24.72,25.02,24.59
"1245",150,1984,24.63,25.14,25.53,24.76
"1246",151,1984,24.85,25.58,25.48,25.52
"1247",152,1984,24.53,24.94,25.08,24.79
"1248",153,1984,24.28,24.98,24.47,24.6
"1249",154,1984,24.13,24.75,24.57,24.68
"1250",155,1984,23.79,24.46,24.5,24.63
"1251",156,1984,24.02,24.36,24.5,24.13
"1252",157,1984,24.52,24.98,24.76,24.71
"1253",158,1984,24.25,24.69,24.56,24.4
"1254",159,1984,24.19,24.65,24.78,24.44
"1255",160,1984,23.41,23.86,23.78,23.72
"1256",161,1984,25.07,25.14,24.73,25.5
"1257",162,1984,25.06,25.32,25.77,24.94
"1258",163,1984,23.94,24.42,24.76,24.08
"1259",164,1984,24.09,24.43,24.58,24.48
"1260",165,1984,23.89,24.35,24.82,24.1
"1261",166,1984,23.6,24.15,24.7,24.16
"1262",167,1984,23.75,24.17,24.79,23.97
"1263",168,1984,24.23,24.66,24.95,24.47
"1264",169,1984,23.74,24.06,24.61,23.98
"1265",170,1984,23.78,24.28,24.49,24.26
"1266",171,1984,23.67,24.05,24.4,23.92
"1267",172,1984,24.18,24.8,24.76,24.7
"1268",173,1984,24.82,25.22,25.09,25.05
"1269",174,1984,23.95,24.22,24.45,24.26
"1270",175,1984,24.14,24.64,24.51,24.34
"1271",176,1984,23.94,24.36,24.5,24.54
"1272",177,1984,24.1,24.64,24.34,24.82
"1273",178,1984,24.17,24.68,24.7,24.66
"1274",179,1984,24.3,24.71,25.3,24.27
"1275",180,1984,23.54,24.19,24.53,23.91
"1276",181,1984,23.52,23.94,24.33,23.61
"1277",182,1984,23.4,23.97,23.86,24.09
"1278",183,1984,24.08,24.08,24.21,24.17
"1279",184,1984,24.05,24.68,24.79,24.52
"1280",185,1984,24.31,24.65,24.79,24.63
"1281",186,1984,24.39,25.03,25.13,24.97
"1282",187,1984,24.27,24.48,24.65,24.54
"1283",188,1984,24.78,24.68,25.06,24.54
"1284",189,1984,23.81,24.62,24.85,24.31
"1285",190,1984,23.5,24.24,24.39,23.84
"1286",191,1984,23.66,24.31,24.4,24.26
"1287",192,1984,24.41,25.1,25.3,25.07
"1288",193,1984,24.02,25.52,25.61,24.88
"1289",194,1984,24.51,25.21,24.93,25.11
"1290",195,1984,23.93,24.89,25.33,24.41
"1291",196,1984,23.71,24.11,24.24,24.26
"1292",197,1984,24.13,24.26,24.15,24.21
"1293",198,1984,23.73,23.95,24.08,23.84
"1294",199,1984,23.85,24.37,24.19,24.08
"1295",200,1984,23.75,24.42,24.89,24.22
"1296",201,1984,23.68,24.16,23.9,24.2
"1297",202,1984,23.66,24.42,24.31,24.19
"1298",203,1984,24.18,24.86,24.16,24.98
"1299",204,1984,24.03,24.59,24.41,24.56
"1300",205,1984,24.02,24.67,24.35,24.61
"1301",206,1984,23.52,24.08,24.09,23.96
"1302",207,1984,23.9,24.34,24.63,24.2
"1303",208,1984,23.33,24.21,23.74,24.29
"1304",209,1984,23.13,23.86,23.2,23.92
"1305",210,1984,23.19,23.89,23.93,23.84
"1306",211,1984,23.72,24.35,24.65,24.11
"1307",212,1984,23.57,24.45,24.19,24.49
"1308",213,1984,23.88,24.68,24.27,24.77
"1309",214,1984,24.11,24.59,24.62,24.53
"1310",215,1984,24.55,24.98,25.29,24.71
"1311",216,1984,24.07,24.73,25.02,24.63
"1312",217,1984,24.3,24.69,24.86,24.73
"1313",218,1984,24.53,24.97,25.3,24.76
"1314",219,1984,24.61,25.02,25.15,24.72
"1315",220,1984,24.53,24.93,25.26,24.56
"1316",221,1984,23.92,24.56,24.68,24.3
"1317",222,1984,24.38,24.88,24.93,24.63
"1318",223,1984,24,24.52,24.38,24.31
"1319",224,1984,23.66,24.13,24.58,23.85
"1320",225,1984,23.83,24.44,24.28,24.44
"1321",226,1984,23.9,24.37,24.63,23.78
"1322",227,1984,24.52,24.91,25.07,24.71
"1323",228,1984,25.23,25.79,25.59,25.31
"1324",229,1984,24.77,25.53,25.42,25.14
"1325",230,1984,24.42,25.09,24.78,25.13
"1326",231,1984,24.33,25.02,24.82,24.92
"1327",232,1984,24.05,24.85,24.82,24.72
"1328",233,1984,24.35,24.87,25.05,24.66
"1329",234,1984,24.6,25.03,25.12,24.84
"1330",235,1984,24.63,25.02,25.32,24.89
"1331",236,1984,24.96,25.41,25.85,25.16
"1332",237,1984,24.66,25.2,25.43,25.03
"1333",238,1984,24.81,25.32,25.65,24.94
"1334",239,1984,23.75,24.34,24.46,24.15
"1335",240,1984,23.29,24.22,23.9,24.02
"1336",241,1984,22.99,23.52,23.02,23.8
"1337",242,1984,22.85,23.18,23.08,23.33
"1338",243,1984,22.75,23.37,23.28,23.54
"1339",244,1984,23.85,24.64,23.91,24.87
"1340",245,1984,24.34,24.93,24.97,25.18
"1341",246,1984,24.4,25.22,25,25.3
"1342",247,1984,24.1,25.04,24.97,25.02
"1343",248,1984,23.84,24.6,24.38,24.6
"1344",249,1984,24.22,25.1,24.46,25.21
"1345",250,1984,24.4,24.71,24.71,24.76
"1346",251,1984,24.59,25.5,25.15,25.46
"1347",252,1984,24.34,25.39,25.35,25.27
"1348",253,1984,24.04,24.1,24.36,24.14
"1349",254,1984,24.06,24.84,24.74,24.94
"1350",255,1984,24.07,24.57,24.84,24.29
"1351",256,1984,24.47,24.89,25.05,24.96
"1352",257,1984,24.26,25.18,25.29,24.84
"1353",258,1984,24.43,25.03,25.01,25.08
"1354",259,1984,24.6,25.48,25.08,25.01
"1355",260,1984,24.75,25.27,25.06,25.29
"1356",261,1984,24.74,25.32,24.83,25.19
"1357",262,1984,24.53,25.25,24.76,25.49
"1358",263,1984,25.22,25.58,25.73,25.78
"1359",264,1984,25.49,25.48,25.69,25.2
"1360",265,1984,24.74,25.5,25.55,25.08
"1361",266,1984,24.65,25.38,25.13,25.17
"1362",267,1984,24.25,24.6,24.56,24.58
"1363",268,1984,24.97,25.27,25.47,25.2
"1364",269,1984,25.89,26.08,26.31,25.99
"1365",270,1984,26.05,26.53,26.43,26.36
"1366",271,1984,25.13,25.49,25.81,25.26
"1367",272,1984,24.96,25.88,25.68,25.59
"1368",273,1984,24.03,24.62,24.69,24.12
"1369",274,1984,24.01,24.63,24.44,24.55
"1370",275,1984,24.34,24.84,24.44,24.8
"1371",276,1984,24.91,25.39,24.99,25.44
"1372",277,1984,24.94,25.38,25.75,25.27
"1373",278,1984,24.99,25.61,25.64,25.44
"1374",279,1984,24.66,25.56,25.05,25.33
"1375",280,1984,24.99,25.6,25.36,25.33
"1376",281,1984,25.04,25.64,25.53,25.48
"1377",282,1984,25.18,25.34,25.56,25.32
"1378",283,1984,25.15,25.69,25.69,25.81
"1379",284,1984,25.38,26.08,25.93,25.95
"1380",285,1984,25.09,25.7,25.56,25.75
"1381",286,1984,25.07,25.47,25.31,25.36
"1382",287,1984,24.99,25.75,25.47,25.5
"1383",288,1984,24.88,25.47,25.37,25.21
"1384",289,1984,25.17,25.72,25.72,25.69
"1385",290,1984,25.11,25.74,25.96,25.45
"1386",291,1984,24.52,25.11,25.24,24.87
"1387",292,1984,24.61,24.82,25.05,24.67
"1388",293,1984,25.18,25.59,25.58,25.8
"1389",294,1984,25.1,25.48,25.63,25.49
"1390",295,1984,24.87,25.35,25.85,25.1
"1391",296,1984,25.8,26.26,26.48,25.9
"1392",297,1984,25.52,26.29,26.6,25.7
"1393",298,1984,25.62,26.2,26,25.85
"1394",299,1984,25.92,26.25,26.37,26.2
"1395",300,1984,25,26.37,26.32,25.95
"1396",301,1984,25.19,25.66,25.6,25.2
"1397",302,1984,25.82,26.04,25.87,25.79
"1398",303,1984,25.3,25.76,25.53,25.14
"1399",304,1984,25.57,25.75,25.94,25.13
"1400",305,1984,24.98,25.41,25.53,25.17
"1401",306,1984,24.13,24.77,24.89,24.6
"1402",307,1984,24.74,25.28,25.15,24.96
"1403",308,1984,25.58,25.6,25.83,25.44
"1404",309,1984,25.3,26.02,26.12,25.37
"1405",310,1984,25.24,25.87,25.4,25.53
"1406",311,1984,24.47,25.44,25.09,24.88
"1407",312,1984,25.02,25.65,25.97,25.37
"1408",313,1984,24.97,25.12,24.84,25.09
"1409",314,1984,25.14,25.56,25.43,25.54
"1410",315,1984,25.8,26.08,26.12,25.74
"1411",316,1984,24.91,25.46,25.88,24.93
"1412",317,1984,24.56,25.05,25.3,24.91
"1413",318,1984,24.69,25.18,25.42,25.19
"1414",319,1984,24.52,25.11,25.41,25.23
"1415",320,1984,24.24,24.8,25.16,24.64
"1416",321,1984,24.28,24.8,24.9,24.86
"1417",322,1984,24.79,25.11,25.12,24.95
"1418",323,1984,24.59,25.18,25.36,24.75
"1419",324,1984,23.92,24.36,24.71,24.13
"1420",325,1984,24.01,24.68,24.96,24.49
"1421",326,1984,24.53,25.1,25.35,24.81
"1422",327,1984,24.81,25.39,25.86,25.19
"1423",328,1984,25.09,25.85,26.16,25.63
"1424",329,1984,25.36,26.08,26,26.16
"1425",330,1984,25.03,25.51,25.53,25.25
"1426",331,1984,23.81,24.37,24.63,23.89
"1427",332,1984,24.13,24.78,24.22,24.99
"1428",333,1984,24.52,25,25.15,24.86
"1429",334,1984,24.51,25,25.19,24.69
"1430",335,1984,24.58,25.38,25.45,25.22
"1431",336,1984,24.8,25.52,25.65,25.37
"1432",337,1984,24.75,25.37,25.67,25.58
"1433",338,1984,24.63,24.83,25.16,24.89
"1434",339,1984,25.18,25.31,25.68,24.96
"1435",340,1984,25.18,25.29,25.64,25.33
"1436",341,1984,25.26,25.48,25.86,25.35
"1437",342,1984,25.35,25.47,25.79,25.25
"1438",343,1984,25.7,25.76,26.03,25.42
"1439",344,1984,25.64,25.69,26.21,25.43
"1440",345,1984,25.73,25.92,26.28,25.68
"1441",346,1984,25.55,26.12,26.07,25.92
"1442",347,1984,25.5,26.32,26.35,26.3
"1443",348,1984,25.64,26.63,26.75,26.33
"1444",349,1984,25.58,26.38,26.66,26.16
"1445",350,1984,26.13,26.49,26.61,26.45
"1446",351,1984,26.23,26.67,26.91,26.39
"1447",352,1984,26.37,26.37,26.73,26.33
"1448",353,1984,25.65,26.1,26.01,26.09
"1449",354,1984,25,26.14,25.71,25.93
"1450",355,1984,24.24,25.5,25.06,25.25
"1451",356,1984,24.64,25.78,25.63,25.63
"1452",357,1984,24.2,25.51,25.33,25.28
"1453",358,1984,23.77,24.56,25.07,24.24
"1454",359,1984,24.07,24.69,25.43,24.01
"1455",360,1984,24.71,25.22,25.69,24.76
"1456",361,1984,24.93,25.49,25.96,25.24
"1457",362,1984,24.81,25.57,25.85,25.46
"1458",363,1984,24.69,25.75,26.41,25.06
"1459",364,1984,25.46,25.99,26.39,25.65
"1460",365,1984,25.26,25.89,26.3,25.49
"1461",366,1984,25.08,25.42,25.98,25.05
"1462",1,1985,25.38,25.88,26.45,25.19
"1463",2,1985,25.58,26,26.62,25.71
"1464",3,1985,25.93,26.87,26.89,26.6
"1465",4,1985,26.1,27.01,27.12,26.58
"1466",5,1985,26.55,27.22,27.26,27.01
"1467",6,1985,26.89,27.48,27.54,27.1
"1468",7,1985,26.62,27.29,27.6,26.96
"1469",8,1985,26.82,27.5,27.79,27.25
"1470",9,1985,26.99,28.13,27.78,27.61
"1471",10,1985,27.01,27.87,28.07,27.45
"1472",11,1985,27.28,27.81,27.96,27.55
"1473",12,1985,27.86,28.21,28.05,27.84
"1474",13,1985,27.55,27.93,27.6,27.94
"1475",14,1985,27.6,27.9,27.74,28.02
"1476",15,1985,27.52,27.9,27.5,28.05
"1477",16,1985,27.17,27.47,27.6,27.37
"1478",17,1985,27.42,27.77,27.93,27.55
"1479",18,1985,27.56,27.86,27.61,28.16
"1480",19,1985,27.25,27.37,27.15,27.42
"1481",20,1985,27.39,27.36,27.35,27.42
"1482",21,1985,27.67,27.8,28.03,27.72
"1483",22,1985,28.1,28.08,28.1,27.74
"1484",23,1985,28.11,28.26,27.88,28.28
"1485",24,1985,27.55,27.56,27.41,27.53
"1486",25,1985,28,27.78,27.86,27.83
"1487",26,1985,28.67,28.44,28.13,28.49
"1488",27,1985,28.29,28.13,27.87,28.43
"1489",28,1985,28.44,28.46,28.16,28.47
"1490",29,1985,28.7,28.34,28.58,28.09
"1491",30,1985,28.61,28.12,28.6,28.05
"1492",31,1985,28.59,27.98,27.79,28.04
"1493",32,1985,28.33,28.31,28.14,28.13
"1494",33,1985,28.48,28.23,28.31,28.07
"1495",34,1985,28.14,28.2,28.18,27.92
"1496",35,1985,28.18,28.19,28.03,28
"1497",36,1985,28.57,28.51,28.4,28.39
"1498",37,1985,28.49,28.81,28.45,28.69
"1499",38,1985,28.5,29.16,28.96,28.88
"1500",39,1985,26.83,27.85,28.75,27.04
"1501",40,1985,25.16,27.1,27.51,26.56
"1502",41,1985,25.22,26.92,27.57,26.43
"1503",42,1985,25.53,28.15,28.21,27.8
"1504",43,1985,26.18,28.29,28.44,27.95
"1505",44,1985,26.74,28.18,28.49,27.92
"1506",45,1985,27.11,28.56,28.56,28.34
"1507",46,1985,27.33,28.65,28.73,28.61
"1508",47,1985,27.83,29.04,29.19,28.89
"1509",48,1985,27.67,29.7,29.33,29.45
"1510",49,1985,27.74,29.85,29.32,29.61
"1511",50,1985,27.78,28.95,28.91,28.96
"1512",51,1985,28.31,29.13,29.15,29.24
"1513",52,1985,28.9,29.6,29.62,29.64
"1514",53,1985,28.56,29.88,29.63,30.09
"1515",54,1985,28.81,29.8,29.29,30.01
"1516",55,1985,28.6,29.1,28.77,29.17
"1517",56,1985,28.7,28.93,28.74,29.01
"1518",57,1985,29.05,29.18,29.1,29.14
"1519",58,1985,28.97,29.43,29.35,29.44
"1520",59,1985,27.78,29.04,29.25,28.59
"1521",60,1985,26.11,28.21,28.25,27.21
"1522",61,1985,25.11,26.24,27.61,25.43
"1523",62,1985,25.7,27.31,28.04,26.76
"1524",63,1985,25.8,27.92,28.67,27
"1525",64,1985,25.48,27.77,28.51,26.6
"1526",65,1985,24.67,26.65,27.57,25.44
"1527",66,1985,25.9,27.91,28.71,26.54
"1528",67,1985,26.5,28.9,29.62,27.94
"1529",68,1985,26.68,29.3,29.26,28.44
"1530",69,1985,26.84,28.75,29.26,28.06
"1531",70,1985,27.25,29.63,29.95,28.65
"1532",71,1985,27.16,30.27,30.17,29.43
"1533",72,1985,27.25,30.45,30.18,29.89
"1534",73,1985,28.05,30.95,30.35,30.58
"1535",74,1985,28.37,30.52,30.1,30.12
"1536",75,1985,28.58,30.91,30.49,30.54
"1537",76,1985,28.72,31.18,30.29,31.05
"1538",77,1985,27.78,30.93,29.87,31.05
"1539",78,1985,27.15,29.82,29.64,30.28
"1540",79,1985,27.67,30.89,30.78,30.09
"1541",80,1985,28.06,30.75,30.05,30.42
"1542",81,1985,28.46,30.64,30.13,30.61
"1543",82,1985,28.51,30.81,30.18,30.96
"1544",83,1985,28.52,30.45,30.23,30.42
"1545",84,1985,27.99,30.53,29.83,30.16
"1546",85,1985,26.16,29.55,29.2,29.34
"1547",86,1985,25.48,27.76,29.29,26.27
"1548",87,1985,25.46,27.99,29.22,26.27
"1549",88,1985,25.38,28.01,28.52,26.22
"1550",89,1985,25.15,27.03,27.77,25.73
"1551",90,1985,25.12,26.76,27.1,25.87
"1552",91,1985,25.44,27.59,28.05,26.44
"1553",92,1985,25.06,26.65,27.29,25.7
"1554",93,1985,25.65,27.01,27.92,26.25
"1555",94,1985,25.27,26.83,27.94,25.99
"1556",95,1985,25.07,26.8,28.49,25.69
"1557",96,1985,24.89,26.91,28.13,25.61
"1558",97,1985,25.68,27.73,29.19,26.53
"1559",98,1985,25.48,28.5,29.38,27.33
"1560",99,1985,25.4,28.2,28.85,26.92
"1561",100,1985,24.92,27.13,28.04,26.47
"1562",101,1985,25.94,28.18,28.9,26.94
"1563",102,1985,26.84,28.88,30.12,27.7
"1564",103,1985,26.89,28.73,30.04,27.29
"1565",104,1985,26.9,29.05,30.47,27.5
"1566",105,1985,26.81,29.34,30.38,28.38
"1567",106,1985,27.07,30.23,30.91,29.38
"1568",107,1985,27.19,30.6,30.99,29.93
"1569",108,1985,27.34,30.34,30.63,29.63
"1570",109,1985,25.99,28.19,28.94,27.66
"1571",110,1985,25.15,26.34,26.66,25.94
"1572",111,1985,25.32,26.1,26.54,26.06
"1573",112,1985,25.45,26.34,26.38,26.01
"1574",113,1985,25.43,26.25,25.76,26.31
"1575",114,1985,24.75,25.35,25.64,24.71
"1576",115,1985,24.58,25.43,25.93,25.01
"1577",116,1985,24.6,25.22,25.22,25.04
"1578",117,1985,24.61,25.39,25.39,25.21
"1579",118,1985,24.7,25.11,25.54,24.92
"1580",119,1985,24.79,25.31,25.41,24.94
"1581",120,1985,25.19,25.41,25.91,25.09
"1582",121,1985,24.01,24.65,24.93,24.26
"1583",122,1985,24.36,25.35,24.93,25.34
"1584",123,1985,23.98,24.38,24.51,24.05
"1585",124,1985,24.11,24.9,24.49,24.64
"1586",125,1985,24.36,24.74,24.75,24.55
"1587",126,1985,24.19,24.67,24.84,24.53
"1588",127,1985,25.05,25.56,25.73,25.32
"1589",128,1985,24.44,24.97,25.31,24.84
"1590",129,1985,24.57,25.08,24.96,25.09
"1591",130,1985,25.11,25.36,25.26,25.2
"1592",131,1985,24.36,24.97,25.31,24.56
"1593",132,1985,24.63,24.89,25.13,24.82
"1594",133,1985,24.54,24.81,25.02,24.78
"1595",134,1985,24.7,25.5,25.66,25.08
"1596",135,1985,24.72,25.39,24.98,25.31
"1597",136,1985,24.24,24.62,24.88,24.5
"1598",137,1985,24.4,24.88,25,24.44
"1599",138,1985,24.76,25.42,26.07,25.13
"1600",139,1985,24.47,25.44,26.01,25.09
"1601",140,1985,24.71,25.71,26.01,25.46
"1602",141,1985,24.58,25.51,25.72,25.13
"1603",142,1985,25.16,25.67,26.05,25.31
"1604",143,1985,24.23,24.93,25.08,24.65
"1605",144,1985,24.59,24.94,25.41,24.66
"1606",145,1985,24.23,24.78,24.93,24.6
"1607",146,1985,24.5,24.89,24.98,24.63
"1608",147,1985,24.74,25.28,25.34,25.4
"1609",148,1985,24.36,24.84,24.99,24.57
"1610",149,1985,24.56,25.03,25.41,24.75
"1611",150,1985,24.32,24.86,25.21,24.51
"1612",151,1985,24.21,24.63,25.1,24.3
"1613",152,1985,23.8,24.14,24.89,23.63
"1614",153,1985,22.96,23.6,24,23.13
"1615",154,1985,23.28,23.72,23.65,23.83
"1616",155,1985,24.03,24.86,24.72,24.79
"1617",156,1985,24.02,24.72,24.92,24.64
"1618",157,1985,23.64,24.34,24.02,24.15
"1619",158,1985,23.25,23.65,23.68,23.39
"1620",159,1985,22.59,23.23,23.07,22.87
"1621",160,1985,21.84,22.51,22.94,21.99
"1622",161,1985,19.81,20.69,21.56,20.12
"1623",162,1985,21.01,20.94,21.88,21.01
"1624",163,1985,22.38,22.2,22.92,22.53
"1625",164,1985,23.33,23.07,23.9,23.44
"1626",165,1985,23.91,23.97,24.47,23.85
"1627",166,1985,24.19,24.37,24.39,24.53
"1628",167,1985,24.07,24.51,24.47,24.66
"1629",168,1985,23.43,23.81,24.01,23.38
"1630",169,1985,23.52,23.93,24,23.49
"1631",170,1985,23.48,24.07,24.03,23.97
"1632",171,1985,24.21,24.53,24.9,24.12
"1633",172,1985,24.22,24.28,24.77,24.08
"1634",173,1985,23.61,24.26,24.16,24.28
"1635",174,1985,23.61,23.92,24.25,23.98
"1636",175,1985,23.68,24.05,23.71,24.21
"1637",176,1985,23.65,24.27,24.2,24.05
"1638",177,1985,23.98,24.34,23.84,24.26
"1639",178,1985,23.52,24.21,23.64,24.22
"1640",179,1985,23.48,24.34,24.23,23.99
"1641",180,1985,23.1,23.74,24.64,23.36
"1642",181,1985,24.63,25.19,25.34,25.04
"1643",182,1985,25.36,25.68,25.85,25.78
"1644",183,1985,24.07,24.51,24.93,24.29
"1645",184,1985,23.53,23.9,24.4,23.5
"1646",185,1985,23.9,24.4,24.52,24.58
"1647",186,1985,24.2,24.86,24.84,24.89
"1648",187,1985,23.69,24.72,24.73,24.45
"1649",188,1985,22.66,22.9,23.22,22.45
"1650",189,1985,23.23,23.86,23.87,23.69
"1651",190,1985,24.18,24.66,24.6,24.5
"1652",191,1985,23.83,24.41,24.42,24.06
"1653",192,1985,23.21,23.61,23.59,23.83
"1654",193,1985,23.26,23.84,23.81,23.73
"1655",194,1985,22.78,23.24,22.63,23.35
"1656",195,1985,22.96,23.39,23.31,23.36
"1657",196,1985,23.18,24,23.57,23.92
"1658",197,1985,23.32,24.11,23.85,24.17
"1659",198,1985,23.25,24.1,23.7,24.05
"1660",199,1985,22.98,23.35,23.65,23.22
"1661",200,1985,23.43,24.15,24.02,23.7
"1662",201,1985,23.51,24.19,24.1,24.25
"1663",202,1985,24.01,25,24.05,25.28
"1664",203,1985,24.38,25.02,24.4,25.08
"1665",204,1985,24.02,24.48,24.26,24.51
"1666",205,1985,23.58,24.07,24.05,23.51
"1667",206,1985,23.78,24.39,24.25,24.26
"1668",207,1985,24.28,24.63,24.92,24.6
"1669",208,1985,24.89,25.45,25.23,25.26
"1670",209,1985,24.24,25.23,25.25,24.88
"1671",210,1985,23.99,24.22,24.87,24.04
"1672",211,1985,23.09,24,24.68,23.53
"1673",212,1985,23.55,24.11,24.13,23.96
"1674",213,1985,24.45,24.97,25.11,24.71
"1675",214,1985,24.08,24.99,24.97,24.5
"1676",215,1985,23.73,24.25,23.88,24.24
"1677",216,1985,23.69,24.27,23.67,24.49
"1678",217,1985,23.59,23.87,23.7,23.81
"1679",218,1985,23.61,24.23,23.99,24.12
"1680",219,1985,23.88,24.25,24.59,23.8
"1681",220,1985,23.69,24.29,24.73,24.03
"1682",221,1985,24.13,24.88,24.83,24.62
"1683",222,1985,23.74,24.58,24.3,24.58
"1684",223,1985,24.11,24.78,24.23,24.78
"1685",224,1985,23.96,24.53,24.19,24.49
"1686",225,1985,24.09,24.79,24.54,24.73
"1687",226,1985,24.23,24.89,24.46,24.73
"1688",227,1985,23.98,24.5,24.29,24.55
"1689",228,1985,24.52,25.16,24.6,25.1
"1690",229,1985,24.65,25.16,24.96,24.88
"1691",230,1985,24.15,24.55,24.37,24.56
"1692",231,1985,23.87,24.72,24.57,24.44
"1693",232,1985,24.06,24.53,24.41,24.39
"1694",233,1985,23.97,24.76,24.43,24.61
"1695",234,1985,24.16,24.73,24.31,24.75
"1696",235,1985,24.62,25.19,24.83,24.96
"1697",236,1985,24.77,25.38,25.47,25.15
"1698",237,1985,24.53,25.27,25.03,25.17
"1699",238,1985,24.44,24.99,25.29,24.94
"1700",239,1985,24.68,24.93,25.16,24.82
"1701",240,1985,24.22,24.96,25.19,25.12
"1702",241,1985,23.73,24.11,24,24.27
"1703",242,1985,23.62,24.14,24.11,24.04
"1704",243,1985,24.24,25.03,24.88,24.89
"1705",244,1985,24.8,25.59,25.31,25.37
"1706",245,1985,24.43,25.24,25.15,24.95
"1707",246,1985,23.85,24.17,24.34,24.57
"1708",247,1985,24,24.3,24.45,24.57
"1709",248,1985,23.56,23.86,24.09,23.8
"1710",249,1985,23.92,24.05,24.49,23.84
"1711",250,1985,24.46,24.97,24.99,25.03
"1712",251,1985,24.96,25.79,25.86,25.49
"1713",252,1985,24.57,25.53,25.76,25.12
"1714",253,1985,24.77,25.78,25.85,25.38
"1715",254,1985,25.11,25.9,25.89,25.48
"1716",255,1985,25.53,26.26,25.78,26.05
"1717",256,1985,25.15,25.51,25.66,25.26
"1718",257,1985,24.39,25.1,24.89,25.11
"1719",258,1985,24.58,25.11,25.42,25.08
"1720",259,1985,25.4,26.06,26.19,25.73
"1721",260,1985,26.09,26.81,26.64,26.34
"1722",261,1985,25.29,26.08,26.06,25.91
"1723",262,1985,24.6,25.19,24.79,25.56
"1724",263,1985,24.81,25.36,25.09,25.64
"1725",264,1985,25.05,25.91,25.8,25.81
"1726",265,1985,24.78,25.83,25.52,25.77
"1727",266,1985,25.24,25.84,25.28,25.94
"1728",267,1985,25.84,26.19,25.92,26.28
"1729",268,1985,25.25,25.56,25.44,25.59
"1730",269,1985,24.75,25.15,24.74,25.63
"1731",270,1985,24.49,24.85,24.9,24.89
"1732",271,1985,24.94,25.45,25.5,25.51
"1733",272,1985,24.8,25.62,25.43,25.7
"1734",273,1985,24.53,25.33,25.08,25.34
"1735",274,1985,24.5,24.82,24.81,24.97
"1736",275,1985,24.3,24.37,24.82,24.24
"1737",276,1985,24.28,24.85,25.14,24.49
"1738",277,1985,24.69,25.4,25.68,24.92
"1739",278,1985,24.89,25.7,25.73,25.18
"1740",279,1985,25.36,25.81,25.75,25.79
"1741",280,1985,25.41,25.59,26.14,25.41
"1742",281,1985,25.35,25.92,26.19,25.82
"1743",282,1985,24.15,24.53,24.99,24.21
"1744",283,1985,24.53,24.69,25.11,24.56
"1745",284,1985,24.98,25.22,25.59,25.18
"1746",285,1985,25.46,26.25,26.07,26.17
"1747",286,1985,24.69,25.08,25.26,25.14
"1748",287,1985,24.87,25.25,25.32,25.43
"1749",288,1985,24.77,25.49,25.86,25.22
"1750",289,1985,24.96,26.07,26.15,25.62
"1751",290,1985,25.22,26.03,26.25,25.7
"1752",291,1985,25.63,26.48,26.52,26.21
"1753",292,1985,24.72,25.42,25.48,25.4
"1754",293,1985,25.43,25.65,25.88,25.38
"1755",294,1985,24.86,25.27,25.5,25.29
"1756",295,1985,24.63,25.19,25.44,25.07
"1757",296,1985,24.99,25.49,25.66,25.34
"1758",297,1985,25.17,25.76,25.65,25.79
"1759",298,1985,25.13,25.31,25.26,25.05
"1760",299,1985,25.48,25.97,25.87,25.87
"1761",300,1985,25.82,26.11,26.25,25.94
"1762",301,1985,24.86,25.14,25.29,25.02
"1763",302,1985,25.45,25.68,25.71,25.29
"1764",303,1985,25.58,25.67,26.3,24.96
"1765",304,1985,25.13,25.64,25.82,24.83
"1766",305,1985,25.41,25.97,25.72,25.37
"1767",306,1985,25.54,26.11,25.75,25.33
"1768",307,1985,25.48,25.97,25.7,25.48
"1769",308,1985,24.98,25.56,25.28,25.26
"1770",309,1985,24.55,25.07,25.09,24.44
"1771",310,1985,24.31,24.63,24.97,24.14
"1772",311,1985,24.39,24.56,24.33,24.43
"1773",312,1985,24.62,25.02,25.18,25.06
"1774",313,1985,24.98,25.67,25.69,25.61
"1775",314,1985,25.14,25.73,25.64,25.79
"1776",315,1985,25.41,26.02,26.05,25.97
"1777",316,1985,25.09,25.79,26.02,25.61
"1778",317,1985,24.65,25.32,25.53,25.19
"1779",318,1985,24.14,24.79,24.61,24.77
"1780",319,1985,24.26,24.98,24.54,25.02
"1781",320,1985,24.25,24.49,24.69,24.58
"1782",321,1985,24.72,25.2,25,25.24
"1783",322,1985,24.66,25.01,25.05,24.99
"1784",323,1985,24.35,24.59,24.7,24.64
"1785",324,1985,24.85,25.24,25.51,25.27
"1786",325,1985,25.04,25.89,26.24,25.6
"1787",326,1985,24.91,25.45,25.54,25.13
"1788",327,1985,25.54,25.78,26.15,25.42
"1789",328,1985,25.46,25.77,25.88,25.48
"1790",329,1985,25.5,25.66,25.7,25.6
"1791",330,1985,25.37,25.66,25.65,25.55
"1792",331,1985,25.06,25.35,25.54,25.46
"1793",332,1985,24.73,25.23,25.29,25.2
"1794",333,1985,24.44,24.79,25.05,24.91
"1795",334,1985,24.13,24.87,25.27,24.79
"1796",335,1985,25.27,25.54,25.46,25.45
"1797",336,1985,25.49,25.71,25.93,25.44
"1798",337,1985,24.93,25.55,25.54,25.21
"1799",338,1985,24.49,24.72,24.76,24.47
"1800",339,1985,24.69,24.8,25.11,24.54
"1801",340,1985,25.08,25.14,25.71,25.08
"1802",341,1985,25.14,25.52,25.93,25.41
"1803",342,1985,25.01,25.44,26.04,25.17
"1804",343,1985,25.12,25.56,26.14,25.44
"1805",344,1985,25.58,25.75,26.14,25.38
"1806",345,1985,25.41,25.41,26.16,25.25
"1807",346,1985,25.12,25.71,26.31,25.43
"1808",347,1985,25.11,25.3,25.76,25.12
"1809",348,1985,24.81,24.78,25.33,24.82
"1810",349,1985,24.66,24.7,25.47,24.53
"1811",350,1985,25.39,25.65,25.97,25.61
"1812",351,1985,25.26,25.38,25.74,25.04
"1813",352,1985,24.81,25.06,25.73,24.52
"1814",353,1985,25.36,25.71,26.29,25.54
"1815",354,1985,25.8,26.21,26.33,26.06
"1816",355,1985,25.73,25.92,26.61,25.66
"1817",356,1985,26.06,26.25,26.66,26.09
"1818",357,1985,25.71,25.93,26.59,25.69
"1819",358,1985,26.16,26.29,26.89,25.84
"1820",359,1985,26.21,26.23,26.51,26.01
"1821",360,1985,26.01,26.09,26.65,25.66
"1822",361,1985,26.41,26.73,27.05,26.24
"1823",362,1985,26.66,26.89,26.78,26.46
"1824",363,1985,26.3,26.54,26.58,26.34
"1825",364,1985,26.28,26.72,26.82,26.24
"1826",365,1985,26.66,27,27.16,26.79
"1827",1,1986,26.74,27.21,27.47,26.92
"1828",2,1986,26.63,27.75,27.8,27.36
"1829",3,1986,25.38,27.35,27.52,26.84
"1830",4,1986,26.39,27.55,27.74,27.21
"1831",5,1986,26.49,27.42,27.73,26.67
"1832",6,1986,26.73,27.78,27.85,27.18
"1833",7,1986,26.81,27.86,27.75,27.17
"1834",8,1986,27.08,28.28,28.16,27.66
"1835",9,1986,27.3,28.51,28.47,27.99
"1836",10,1986,27.37,27.97,27.99,27.77
"1837",11,1986,28.23,28.75,28.9,28.49
"1838",12,1986,28.26,28.84,28.56,28.81
"1839",13,1986,27.78,28.45,28.33,28.5
"1840",14,1986,25.75,27.17,27.83,26.83
"1841",15,1986,26.75,27.83,28.01,27.55
"1842",16,1986,26.51,27.25,27.42,27.21
"1843",17,1986,26.47,26.9,27.01,26.74
"1844",18,1986,26.91,27.37,27.46,27.18
"1845",19,1986,27.22,27.65,27.77,27.47
"1846",20,1986,27.35,27.69,28.06,27.75
"1847",21,1986,27.42,28.17,28.15,28.18
"1848",22,1986,27.35,28.53,28.26,28.35
"1849",23,1986,27.07,28.4,28.2,28.39
"1850",24,1986,27.3,28.7,28.39,29
"1851",25,1986,27.35,28.93,28.81,28.91
"1852",26,1986,26.88,28.65,28.15,28.87
"1853",27,1986,25.77,28.02,27.5,28.2
"1854",28,1986,24.59,26.59,26.9,26.24
"1855",29,1986,25.26,27.41,27.71,27.07
"1856",30,1986,26.31,28.27,28.45,27.92
"1857",31,1986,27.26,28.61,28.96,28.44
"1858",32,1986,28.04,29.51,28.99,29.2
"1859",33,1986,28,29.04,28.77,28.73
"1860",34,1986,27.55,28.62,28.45,28.27
"1861",35,1986,27.65,28.59,28.6,28.36
"1862",36,1986,28.05,28.87,28.86,28.7
"1863",37,1986,28.28,28.99,28.7,28.84
"1864",38,1986,28.17,28.84,28.43,28.62
"1865",39,1986,28.06,28.79,28.67,28.87
"1866",40,1986,28.38,28.99,28.8,29.15
"1867",41,1986,28.4,29.18,28.79,29.49
"1868",42,1986,27.66,29.29,28.73,29.35
"1869",43,1986,27.57,29.31,28.7,29.6
"1870",44,1986,26.2,29.13,28.75,28.95
"1871",45,1986,26.06,28.57,28.05,28.89
"1872",46,1986,26.95,29.47,28.76,29.5
"1873",47,1986,27.67,29.62,29.01,29.77
"1874",48,1986,27.8,29.11,28.71,29.31
"1875",49,1986,27.85,28.76,28.81,28.93
"1876",50,1986,27.13,29.16,28.74,29.24
"1877",51,1986,27,29.22,28.45,29.45
"1878",52,1986,26.88,29,28.33,29.11
"1879",53,1986,24.49,26.36,26.27,25.92
"1880",54,1986,24.73,26.24,26.12,26.23
"1881",55,1986,24.32,25.55,25.93,24.62
"1882",56,1986,23.89,25.19,24.88,24.68
"1883",57,1986,24.34,24.8,25.17,24.84
"1884",58,1986,23.62,24.1,24.91,23.67
"1885",59,1986,23.68,24.81,25.45,24.14
"1886",60,1986,24.6,25.84,25.9,25.54
"1887",61,1986,25.06,25.71,25.89,25.64
"1888",62,1986,25.39,26.17,26.41,25.84
"1889",63,1986,25.71,26.8,27.25,26.3
"1890",64,1986,26.01,27.08,27.38,26.66
"1891",65,1986,26.47,27.05,27.36,26.69
"1892",66,1986,26.37,27.12,27.47,26.96
"1893",67,1986,25.67,26.91,27.3,26.54
"1894",68,1986,26.06,27.38,27.82,26.87
"1895",69,1986,26.46,27.97,28.3,27.09
"1896",70,1986,26.89,28.38,28.49,27.84
"1897",71,1986,26.27,28.7,28.75,27.41
"1898",72,1986,25.55,28.16,28.29,27.1
"1899",73,1986,24.85,26.94,27.14,26.35
"1900",74,1986,25.27,27.01,27.26,26.07
"1901",75,1986,25.58,27.6,27.79,26.56
"1902",76,1986,25.53,26.74,27.99,25.98
"1903",77,1986,25.66,27.6,28.15,26.47
"1904",78,1986,25.71,27.8,28.39,26.61
"1905",79,1986,24.6,27.17,28.14,25.65
"1906",80,1986,24.74,26.81,27.45,25.75
"1907",81,1986,25.41,26.99,27.76,26.01
"1908",82,1986,26.47,28.3,28.72,27.11
"1909",83,1986,26.47,28.94,29.05,27.66
"1910",84,1986,25.67,28.7,28.99,27.69
"1911",85,1986,25.06,27.23,28.09,26.49
"1912",86,1986,24.54,26.67,27.18,25.76
"1913",87,1986,24.84,26.21,27.48,25.5
"1914",88,1986,25.16,26.81,27.09,26.01
"1915",89,1986,24.91,26.04,26.76,25.61
"1916",90,1986,25.07,25.76,26.71,24.86
"1917",91,1986,25.95,26.64,27.04,26.34
"1918",92,1986,26.36,26.96,27.86,26.4
"1919",93,1986,26.18,27.3,28.05,26.8
"1920",94,1986,26.28,27.83,28.01,27.23
"1921",95,1986,25.7,27.24,27.3,26.92
"1922",96,1986,25.27,26.49,27.12,26.07
"1923",97,1986,24.75,25.64,26.48,24.92
"1924",98,1986,24.64,25.24,25.77,24.87
"1925",99,1986,24.54,25.44,25.73,25.29
"1926",100,1986,24.54,25.06,25.62,24.59
"1927",101,1986,24.8,25.29,25.62,25.12
"1928",102,1986,25.34,25.66,26.05,25.75
"1929",103,1986,25.14,25.8,25.83,25.56
"1930",104,1986,26.01,26.3,26.67,25.94
"1931",105,1986,26.51,26.77,26.96,26.97
"1932",106,1986,24.89,25.3,25.52,25.42
"1933",107,1986,23.81,24.4,25,24.26
"1934",108,1986,23.86,24.88,24.57,24.99
"1935",109,1986,24.77,25.48,25.91,25.53
"1936",110,1986,25.02,25.41,25.67,25.35
"1937",111,1986,25.24,25.85,25.79,25.79
"1938",112,1986,25.1,25.76,25.98,25.38
"1939",113,1986,24.66,25.45,26.23,25.17
"1940",114,1986,25.3,26.28,26.7,25.99
"1941",115,1986,25.78,26.68,27.23,26.19
"1942",116,1986,25.45,26.48,26.88,26
"1943",117,1986,25.34,26.23,26.14,25.95
"1944",118,1986,24.19,24.8,24.95,24.57
"1945",119,1986,24.43,25.01,24.58,24.89
"1946",120,1986,24.95,25.28,24.83,25.24
"1947",121,1986,24.63,24.98,25.1,24.88
"1948",122,1986,25.24,25.76,25.66,25.58
"1949",123,1986,24.73,25.26,25.28,25.59
"1950",124,1986,24.67,25.12,25.36,24.84
"1951",125,1986,24.91,25.16,25.45,25.24
"1952",126,1986,24.68,25.34,25.96,25.28
"1953",127,1986,25.28,25.78,25.83,25.55
"1954",128,1986,25.31,25.75,25.75,25.57
"1955",129,1986,25.03,25.51,25.19,25.8
"1956",130,1986,25.63,26.08,26.06,26.06
"1957",131,1986,25.12,25.55,25.55,25.87
"1958",132,1986,25.07,25.43,25.2,25.6
"1959",133,1986,25.38,25.76,25.91,25.22
"1960",134,1986,25.66,26.4,26.27,26.24
"1961",135,1986,25.13,25.78,26.14,25.64
"1962",136,1986,25.63,26.12,26.15,25.76
"1963",137,1986,25.56,25.65,25.61,25.52
"1964",138,1986,25.46,26.1,25.95,26
"1965",139,1986,24.47,24.96,25.27,24.65
"1966",140,1986,24.77,25.43,25.55,25.04
"1967",141,1986,24.18,24.76,25.02,24.33
"1968",142,1986,24.24,24.83,25.26,24.49
"1969",143,1986,24.11,24.7,24.95,24.17
"1970",144,1986,24.21,24.44,25.09,24.28
"1971",145,1986,25.19,25.29,26.02,24.93
"1972",146,1986,24.2,25.08,25.41,24.74
"1973",147,1986,23.63,24.41,24.19,24.29
"1974",148,1986,24.03,24.87,25.17,24.57
"1975",149,1986,24.57,25,25.1,24.76
"1976",150,1986,25,25.22,25.09,25.16
"1977",151,1986,24.69,25.21,25.66,24.75
"1978",152,1986,22.77,23.25,23.26,23.37
"1979",153,1986,23.16,23.87,23.53,23.88
"1980",154,1986,23.84,24.83,24.45,24.86
"1981",155,1986,24.73,25.38,25.13,24.99
"1982",156,1986,24.43,24.74,24.81,24.99
"1983",157,1986,24.06,24.36,24.48,24.05
"1984",158,1986,23.82,24.4,24.61,23.99
"1985",159,1986,23.72,24.18,24.17,23.99
"1986",160,1986,23.78,24.34,24.36,24.26
"1987",161,1986,24.07,24.56,24.7,24.37
"1988",162,1986,23.89,24.81,24.97,24.11
"1989",163,1986,24.08,25.04,25.15,24.52
"1990",164,1986,23.9,25.21,25.25,24.8
"1991",165,1986,24.18,25.09,24.95,25.02
"1992",166,1986,23.49,23.99,24.19,23.54
"1993",167,1986,23.65,24.47,24.21,24.29
"1994",168,1986,24.25,24.83,24.87,24.79
"1995",169,1986,24.12,24.56,24.39,24.52
"1996",170,1986,23.94,24.7,24.73,24.13
"1997",171,1986,23.35,23.96,24.11,23.77
"1998",172,1986,23.35,24,24.3,23.88
"1999",173,1986,23.94,24.5,24.95,24.32
"2000",174,1986,23.7,24.25,24.58,23.59
"2001",175,1986,23.99,24.18,24.85,24.02
"2002",176,1986,23.85,24.45,24.9,24.2
"2003",177,1986,23.79,24.31,24.55,24.33
"2004",178,1986,23.68,24.3,24.38,24.22
"2005",179,1986,23.7,23.81,23.99,23.86
"2006",180,1986,23.54,23.55,23.83,23.29
"2007",181,1986,23.9,24.6,25.17,24.03
"2008",182,1986,24.72,25.32,25.49,25.31
"2009",183,1986,23.15,23.52,23.69,23.17
"2010",184,1986,23.07,23.71,23.26,23.75
"2011",185,1986,22.89,23.75,22.86,23.82
"2012",186,1986,22.47,23.03,23.8,22.62
"2013",187,1986,22.97,23.59,23.73,23.14
"2014",188,1986,22.46,23.63,23.62,22.92
"2015",189,1986,23.24,24.1,23.8,23.55
"2016",190,1986,23.26,23.78,23.37,23.59
"2017",191,1986,23,23.66,23.56,23.26
"2018",192,1986,23.52,24.15,24.06,23.94
"2019",193,1986,23.67,24.14,24.84,23.98
"2020",194,1986,23.71,24.52,24.67,24.33
"2021",195,1986,23.48,23.87,24.06,23.76
"2022",196,1986,24,24.34,24.54,24.17
"2023",197,1986,23.72,24.44,24.67,23.98
"2024",198,1986,22.72,22.98,23.4,22.76
"2025",199,1986,22.81,23.35,23.34,23.45
"2026",200,1986,24.61,24.88,24.89,24.51
"2027",201,1986,25.12,25.45,25.47,25.61
"2028",202,1986,24.29,24.82,25.13,24.68
"2029",203,1986,23.03,23.37,23.73,23.15
"2030",204,1986,22.31,23.02,23.16,22.56
"2031",205,1986,22.88,23.56,22.88,23.61
"2032",206,1986,23.28,24.08,23.74,24
"2033",207,1986,23.32,23.88,23.72,24.14
"2034",208,1986,23.42,23.9,24.02,23.97
"2035",209,1986,24.09,24.61,24.48,24.42
"2036",210,1986,24.71,25.45,25.47,24.91
"2037",211,1986,24.61,25.33,25.58,24.96
"2038",212,1986,24.05,24.87,24.98,24.76
"2039",213,1986,24.05,24.54,24.6,24.39
"2040",214,1986,24.13,24.87,25.03,24.71
"2041",215,1986,24.18,25.1,25.25,24.6
"2042",216,1986,23.56,24.23,24.24,23.88
"2043",217,1986,24.3,24.83,24.93,24.66
"2044",218,1986,24.09,24.58,24.63,24.36
"2045",219,1986,24.47,24.95,24.87,24.69
"2046",220,1986,24.23,24.63,24.46,24.83
"2047",221,1986,24.4,24.89,24.44,24.9
"2048",222,1986,24.84,25.13,25.24,25.25
"2049",223,1986,24.61,24.88,25.19,24.86
"2050",224,1986,24.32,24.83,25.03,24.63
"2051",225,1986,24.26,24.51,24.95,24.36
"2052",226,1986,24.5,25.26,25.51,25.04
"2053",227,1986,24.47,25.59,25.58,25.23
"2054",228,1986,24.41,24.6,25.17,24.56
"2055",229,1986,24.42,25.15,25.18,24.81
"2056",230,1986,24.45,24.7,25.49,24.45
"2057",231,1986,24.7,25.54,25.26,25.46
"2058",232,1986,23.97,24.46,24.38,24.17
"2059",233,1986,24.26,24.81,24.53,24.88
"2060",234,1986,25.19,25.6,25.74,25.53
"2061",235,1986,25.44,26.06,26.34,25.88
"2062",236,1986,25.19,25.92,25.83,25.69
"2063",237,1986,25.23,25.83,25.7,25.54
"2064",238,1986,24.85,25.5,25.85,24.93
"2065",239,1986,23.84,25.24,24.92,24.69
"2066",240,1986,24.72,25.3,25.51,25.01
"2067",241,1986,24.27,24.98,25.03,24.42
"2068",242,1986,24.23,24.7,24.92,24.74
"2069",243,1986,24.46,25.16,25.4,24.65
"2070",244,1986,24.85,25.27,25.31,25.18
"2071",245,1986,24.38,25.28,25.4,25.1
"2072",246,1986,24.29,24.86,24.9,24.75
"2073",247,1986,24.27,24.96,24.95,24.64
"2074",248,1986,24.84,25.22,25.29,25.11
"2075",249,1986,24.51,25.01,24.99,25
"2076",250,1986,23.83,24.38,24.39,24.26
"2077",251,1986,24.15,24.87,24.55,24.82
"2078",252,1986,24.55,25.35,24.9,25.47
"2079",253,1986,24.19,24.6,25.2,24.62
"2080",254,1986,24.14,24.83,24.54,24.96
"2081",255,1986,24.4,24.93,24.58,24.94
"2082",256,1986,24.65,25.19,25.5,24.95
"2083",257,1986,25.11,25.45,25.77,25.01
"2084",258,1986,25.37,25.99,26.09,25.7
"2085",259,1986,25.77,26.48,26.2,26.33
"2086",260,1986,24.35,24.98,25.17,24.7
"2087",261,1986,24.43,24.95,24.89,24.87
"2088",262,1986,23.95,24.43,24.21,24.61
"2089",263,1986,23.74,24.36,24.14,24.42
"2090",264,1986,23.81,24.38,23.95,24.14
"2091",265,1986,24.26,24.96,24.9,25.08
"2092",266,1986,24.84,25.33,25.36,25.16
"2093",267,1986,25.46,26.11,26.16,25.68
"2094",268,1986,24.53,25.17,25.36,24.88
"2095",269,1986,24.66,25.44,25.48,25.01
"2096",270,1986,24.49,25.16,25.3,24.69
"2097",271,1986,24.58,25.09,25.18,24.89
"2098",272,1986,24.37,25.03,24.97,24.87
"2099",273,1986,24.27,24.94,24.91,24.59
"2100",274,1986,24.78,25.41,25.41,25.57
"2101",275,1986,25,25.17,25.26,25.17
"2102",276,1986,25.21,25.52,25.42,25.3
"2103",277,1986,24.52,24.78,25.18,24.84
"2104",278,1986,24.54,25.24,25.06,25.4
"2105",279,1986,24.82,25.27,25.53,25.1
"2106",280,1986,25.04,25.73,26.05,25.49
"2107",281,1986,25.14,25.76,26,25.61
"2108",282,1986,24.96,25.3,25.45,25.17
"2109",283,1986,25.81,26.31,26.44,26.33
"2110",284,1986,26.17,27.01,26.72,27.25
"2111",285,1986,24.39,25.12,24.83,25.01
"2112",286,1986,23.83,24.05,24.4,24.18
"2113",287,1986,24.18,24.8,24.93,24.56
"2114",288,1986,23.98,24.5,24.79,24.19
"2115",289,1986,25.37,25.62,25.56,25.66
"2116",290,1986,25.88,26.05,26.24,26
"2117",291,1986,25.87,26.66,26.54,26.44
"2118",292,1986,24.89,25.84,25.61,25.6
"2119",293,1986,24.81,25.41,25.35,25.41
"2120",294,1986,24.91,25.32,25.11,25.44
"2121",295,1986,25.34,25.75,25.7,25.73
"2122",296,1986,24.86,25.38,25.52,25.31
"2123",297,1986,24.4,25.07,24.64,25.02
"2124",298,1986,24.37,25.03,24.88,25.07
"2125",299,1986,24.27,24.31,24.18,24.25
"2126",300,1986,24.15,24.61,24.89,24.49
"2127",301,1986,24.12,24.81,24.91,24.61
"2128",302,1986,24.56,24.93,25.22,24.74
"2129",303,1986,24.93,25.53,25.61,25.43
"2130",304,1986,24.87,26.01,26.03,25.72
"2131",305,1986,24.98,25.93,25.74,25.76
"2132",306,1986,24.89,25.54,25.32,25.54
"2133",307,1986,24.72,25.72,25.55,25.31
"2134",308,1986,25.1,26.05,25.91,25.82
"2135",309,1986,25.15,25.87,25.95,25.83
"2136",310,1986,24.81,24.99,25.28,24.77
"2137",311,1986,24.54,25.05,25.04,25.13
"2138",312,1986,24.46,25.09,25.28,25.26
"2139",313,1986,25.11,25.69,25.38,25.98
"2140",314,1986,25.46,25.64,25.8,25.64
"2141",315,1986,24.99,25.5,25.52,25.47
"2142",316,1986,23.71,24.08,24.22,23.84
"2143",317,1986,23.44,24.14,24.01,24.59
"2144",318,1986,24.49,25.01,24.98,25.06
"2145",319,1986,25.24,25.83,25.83,25.42
"2146",320,1986,25.11,25.44,25.31,25.47
"2147",321,1986,25.11,25.52,25.75,25.56
"2148",322,1986,24.59,24.88,25.28,25.05
"2149",323,1986,24.32,24.63,25.02,24.41
"2150",324,1986,24.74,25.07,25.35,24.79
"2151",325,1986,24.92,25.65,25.94,25.47
"2152",326,1986,25.11,25.76,25.81,25.57
"2153",327,1986,24.64,25.62,25.67,25.49
"2154",328,1986,25.24,25.62,25.51,25.62
"2155",329,1986,25.28,25.56,25.4,25.51
"2156",330,1986,25.35,25.74,25.67,25.57
"2157",331,1986,24.78,25.21,25.31,25.43
"2158",332,1986,25.22,25.67,25.5,25.75
"2159",333,1986,25.94,26.28,26.22,26.12
"2160",334,1986,26.09,26.33,26.33,26.27
"2161",335,1986,25.95,26.07,26.43,25.83
"2162",336,1986,25.97,26.15,26.31,26.05
"2163",337,1986,25.61,26.04,26.14,25.91
"2164",338,1986,24.53,24.81,25.71,24.84
"2165",339,1986,24.15,24.35,24.96,24.21
"2166",340,1986,24.52,24.89,25.16,24.94
"2167",341,1986,24.3,24.81,25.33,24.69
"2168",342,1986,24.16,24.71,25.19,24.47
"2169",343,1986,24.45,25.12,25.44,24.91
"2170",344,1986,24.92,25.53,25.83,25.36
"2171",345,1986,24.91,25.37,25.84,25.14
"2172",346,1986,24.79,25.31,25.85,25.31
"2173",347,1986,24.9,25.2,25.77,25.2
"2174",348,1986,25.02,25.29,25.76,25.46
"2175",349,1986,25.39,25.71,26.01,25.68
"2176",350,1986,25.21,25.2,25.71,25.57
"2177",351,1986,25.17,25.12,25.67,25.25
"2178",352,1986,25.64,25.76,26.29,25.72
"2179",353,1986,25.39,26.15,26.35,26
"2180",354,1986,24.62,25.56,26.26,24.8
"2181",355,1986,24.85,25.94,26.33,25.72
"2182",356,1986,24.93,25.91,26.27,25.7
"2183",357,1986,25,26.01,26.42,25.94
"2184",358,1986,25.47,26.24,26.5,26.17
"2185",359,1986,25.56,25.95,26.71,26.07
"2186",360,1986,25.46,25.91,26.84,25.55
"2187",361,1986,25.72,26.23,27.15,25.97
"2188",362,1986,25.8,26.42,27.1,26.15
"2189",363,1986,25.97,26.73,27.34,26.34
"2190",364,1986,25.79,26.63,27.06,26.42
"2191",365,1986,25.99,26.93,27.19,26.68
"2192",1,1987,26.49,27.27,27.82,27.08
"2193",2,1987,26.74,27.53,28,27.15
"2194",3,1987,26.78,27.88,28.51,27.22
"2195",4,1987,26.69,27.92,27.98,27.68
"2196",5,1987,26.3,27.98,27.84,27.67
"2197",6,1987,26.61,28.32,27.74,28.27
"2198",7,1987,26.03,26.83,27.36,26.43
"2199",8,1987,24.64,24.78,25.83,24.72
"2200",9,1987,24.57,25.01,25.88,24.42
"2201",10,1987,24.43,25.19,26.25,25
"2202",11,1987,24.95,25.42,26.45,25.5
"2203",12,1987,25.62,25.64,26.94,25.56
"2204",13,1987,26.13,26.04,27.55,26
"2205",14,1987,26.29,26.85,28.08,26.57
"2206",15,1987,25.91,26.99,28.15,26.67
"2207",16,1987,25.14,26.76,27.39,26.67
"2208",17,1987,24.78,26.27,26.98,26.12
"2209",18,1987,25.04,26.71,27.34,26.52
"2210",19,1987,25.68,27.14,27.8,27.04
"2211",20,1987,25.98,26.99,27.65,26.9
"2212",21,1987,26.32,27.31,28.16,27.34
"2213",22,1987,26.5,27.66,28.3,27.77
"2214",23,1987,27.17,28.36,28.99,28.34
"2215",24,1987,27.47,29,29.37,28.67
"2216",25,1987,27.28,28.73,29.19,28.38
"2217",26,1987,27.47,28.93,29.02,28.79
"2218",27,1987,27.4,28.88,29.37,28.78
"2219",28,1987,28.04,29.79,29.79,29.5
"2220",29,1987,27.58,29.85,29.64,29.43
"2221",30,1987,26.89,29.31,29.38,29.08
"2222",31,1987,27.49,29.34,29.52,28.66
"2223",32,1987,28.12,29.66,29.97,28.8
"2224",33,1987,27.87,30.22,30.33,29.8
"2225",34,1987,27.42,29.8,29.87,29.68
"2226",35,1987,26.88,29.18,29.31,28.61
"2227",36,1987,27.18,29.58,29.54,29.4
"2228",37,1987,27.33,29.45,29.34,29.15
"2229",38,1987,27.14,28.92,29.53,28.72
"2230",39,1987,27.37,29.87,29.66,29.57
"2231",40,1987,27.28,29.27,29.85,28.52
"2232",41,1987,25.99,28.19,28.89,27.49
"2233",42,1987,24.8,26.12,26.66,25.27
"2234",43,1987,24.2,25.49,25.03,25.43
"2235",44,1987,25.13,26.23,26.2,26.02
"2236",45,1987,24.98,26.28,26.73,25.49
"2237",46,1987,24.94,26.36,26.57,25.81
"2238",47,1987,25.36,26.48,26.65,25.75
"2239",48,1987,26.03,27.31,27.24,26.82
"2240",49,1987,25.81,26.58,26.78,26.13
"2241",50,1987,25.6,27.1,27.86,26.35
"2242",51,1987,26.33,27.98,28.39,27.23
"2243",52,1987,26.61,27.73,28.63,26.97
"2244",53,1987,26.5,27.59,28.34,26.71
"2245",54,1987,26.42,27.94,28.37,27.13
"2246",55,1987,26.17,27.69,28.03,27.1
"2247",56,1987,25.51,26.17,26.73,25.43
"2248",57,1987,26.33,27.76,28.15,26.69
"2249",58,1987,26.57,28.57,28.92,27.79
"2250",59,1987,26.15,27.69,28.03,27.04
"2251",60,1987,26.5,28.24,28.71,27.29
"2252",61,1987,26.46,28.63,29.31,27.42
"2253",62,1987,26.53,28.47,29.32,27.33
"2254",63,1987,27.01,28.79,29.66,27.91
"2255",64,1987,27.59,29.52,30.23,28.24
"2256",65,1987,27.51,29.08,29.86,27.92
"2257",66,1987,27.32,29.32,30.11,28.17
"2258",67,1987,28.06,29.9,30.67,28.45
"2259",68,1987,28.45,30.35,31.17,29.13
"2260",69,1987,28.78,31.12,31.33,29.54
"2261",70,1987,28.92,31.25,31.7,29.78
"2262",71,1987,26.33,28.48,30.08,28.25
"2263",72,1987,25.41,26.66,27.86,26.81
"2264",73,1987,25.67,27.28,27.64,26.9
"2265",74,1987,25.75,26.66,27.23,26.76
"2266",75,1987,24.18,24.44,24.54,24.32
"2267",76,1987,24.29,25.01,25.2,24.86
"2268",77,1987,25.13,26.24,26.06,26.15
"2269",78,1987,26.22,26.76,26.12,26.77
"2270",79,1987,26.28,26.62,26.76,26.83
"2271",80,1987,26.01,26.69,26.7,26.67
"2272",81,1987,26.03,26.91,26.57,27.25
"2273",82,1987,26.67,26.86,26.99,27.08
"2274",83,1987,26.64,27.56,27.44,27.59
"2275",84,1987,26.87,27.77,27.42,27.77
"2276",85,1987,26.89,27.18,27.26,27.17
"2277",86,1987,26.76,27.37,26.91,27.35
"2278",87,1987,26.88,27.69,28.05,27.58
"2279",88,1987,27.03,27.85,28.28,27.33
"2280",89,1987,27.52,27.98,28.48,27.82
"2281",90,1987,27.75,28.21,28.61,28.12
"2282",91,1987,27.5,28.21,28.74,28.16
"2283",92,1987,26.53,28.37,28.6,28.29
"2284",93,1987,25.78,26.45,26.6,26.79
"2285",94,1987,24.92,25.78,25.56,25.92
"2286",95,1987,24.99,25.94,25.01,26.12
"2287",96,1987,25.95,26.76,26.53,26.57
"2288",97,1987,26.27,27.01,27.47,26.52
"2289",98,1987,26.38,26.91,26.89,26.68
"2290",99,1987,26.17,27.03,26.64,27.26
"2291",100,1987,25.97,26.38,26.54,26.72
"2292",101,1987,25,25.4,26.38,25.31
"2293",102,1987,25.67,26.74,26.88,26.82
"2294",103,1987,25.9,27,27.33,26.62
"2295",104,1987,26.66,27.38,27.51,27.66
"2296",105,1987,26.99,27.27,27.65,27.08
"2297",106,1987,26.58,27.59,28.02,27.3
"2298",107,1987,26.16,27.39,26.74,27.42
"2299",108,1987,25.11,25.53,25.39,25.66
"2300",109,1987,24.54,25.18,24.96,25.47
"2301",110,1987,24.98,25.76,25.35,26.05
"2302",111,1987,25.43,26.08,25.96,26.13
"2303",112,1987,25.51,26.04,26.4,25.54
"2304",113,1987,24.94,25.37,25.93,25.04
"2305",114,1987,24.4,25.01,24.34,25.18
"2306",115,1987,24.98,25.7,25.31,25.69
"2307",116,1987,25.93,26.3,26.29,26.29
"2308",117,1987,26.24,27.11,26.99,26.86
"2309",118,1987,26.51,27.04,27.38,26.91
"2310",119,1987,25.82,26.95,26.87,27.06
"2311",120,1987,24.63,25.2,25.18,25.18
"2312",121,1987,24.3,25.01,25.37,24.74
"2313",122,1987,24.63,25.1,25.45,24.98
"2314",123,1987,25.22,26.23,26.43,26.08
"2315",124,1987,25.98,26.61,27.17,26.52
"2316",125,1987,26.07,26.73,27.11,26.83
"2317",126,1987,25.67,26.23,26.3,26.6
"2318",127,1987,25.62,25.84,25.66,26.04
"2319",128,1987,25.65,26.39,26.16,26.39
"2320",129,1987,24.86,25.13,25.35,25.19
"2321",130,1987,24.67,25.31,24.97,25.17
"2322",131,1987,24.45,25.1,25.03,24.92
"2323",132,1987,24.79,25.35,25.06,25.41
"2324",133,1987,25.06,25.24,25.18,25.53
"2325",134,1987,24.54,25.18,24.97,25.41
"2326",135,1987,25.29,25.48,25.43,25.68
"2327",136,1987,25.28,25.56,25.74,25.29
"2328",137,1987,24.97,25.06,25.17,25.19
"2329",138,1987,25.65,25.67,25.95,25.92
"2330",139,1987,25.95,26.21,26.16,26.28
"2331",140,1987,25.67,26.25,25.96,26.27
"2332",141,1987,26.26,26.19,26.61,26.43
"2333",142,1987,25.61,25.86,25.75,26.02
"2334",143,1987,25.22,25.51,25.46,25.4
"2335",144,1987,24.56,24.98,24.98,24.91
"2336",145,1987,23.52,24.27,24.51,23.98
"2337",146,1987,23.87,24.61,24.74,24.38
"2338",147,1987,23.95,24.83,24.58,24.51
"2339",148,1987,24.87,25.61,25.35,25.53
"2340",149,1987,25.28,26.05,26.3,26.03
"2341",150,1987,25.34,26.17,25.64,26.3
"2342",151,1987,25.78,26.31,25.8,26.34
"2343",152,1987,24.73,25.37,25.32,25.22
"2344",153,1987,24.93,25.4,25.36,25.41
"2345",154,1987,25.28,25.74,26.05,25.3
"2346",155,1987,24.94,25.47,25.89,25.35
"2347",156,1987,25.02,25.3,25.45,25.19
"2348",157,1987,24.92,25.11,25.63,24.81
"2349",158,1987,25.24,25.88,26.15,25.67
"2350",159,1987,24.4,25.26,25.14,25.02
"2351",160,1987,24.06,24.5,24.44,24.49
"2352",161,1987,24.06,24.85,24.42,24.93
"2353",162,1987,24.29,24.69,24.97,24.68
"2354",163,1987,25.21,25.47,25.89,25.23
"2355",164,1987,25.43,25.82,26.14,25.8
"2356",165,1987,24.61,25.05,25.39,25
"2357",166,1987,24.72,25.29,25.59,25.21
"2358",167,1987,24.64,24.84,25.04,24.74
"2359",168,1987,25.1,25.6,25.62,25.49
"2360",169,1987,24.34,25.23,24.51,25.34
"2361",170,1987,24.66,25.51,24.67,25.39
"2362",171,1987,24.66,25.48,24.86,25.58
"2363",172,1987,25.22,25.7,25.12,25.94
"2364",173,1987,25.32,25.96,25.9,25.93
"2365",174,1987,24.57,25.07,25.22,24.96
"2366",175,1987,24.22,24.68,24.43,24.82
"2367",176,1987,24.03,24.47,24.54,24.08
"2368",177,1987,23.9,24.76,24.85,24.5
"2369",178,1987,23.84,24.69,24.06,24.54
"2370",179,1987,24.7,25.42,24.7,25.76
"2371",180,1987,25.09,25.6,25.76,25.72
"2372",181,1987,24.24,24.71,25.14,24.69
"2373",182,1987,24.16,24.73,24.96,24.38
"2374",183,1987,24.2,24.76,25.05,24.48
"2375",184,1987,23.99,24.27,24.59,23.81
"2376",185,1987,24.11,24.61,24.28,24.34
"2377",186,1987,24.05,24.68,24.4,24.8
"2378",187,1987,23.75,23.89,24.25,23.72
"2379",188,1987,24.85,24.95,25.19,24.59
"2380",189,1987,25.32,25.45,25.44,25.39
"2381",190,1987,24.61,25.18,25.27,25.01
"2382",191,1987,24.6,24.87,25,24.77
"2383",192,1987,24.48,25.07,25.07,24.93
"2384",193,1987,24.6,25.13,25.27,25.02
"2385",194,1987,24.78,25.17,25.29,25.12
"2386",195,1987,24.21,24.65,24.86,24.72
"2387",196,1987,24.81,25.22,25.16,24.68
"2388",197,1987,25.34,25.86,26.05,25.75
"2389",198,1987,24.96,25.1,25.32,25.17
"2390",199,1987,25.28,25.37,25.49,25.32
"2391",200,1987,24.85,25.22,24.92,25.43
"2392",201,1987,24.77,25.41,25.92,24.81
"2393",202,1987,24.67,25.61,24.97,25.69
"2394",203,1987,24.88,25.1,24.43,25.75
"2395",204,1987,25.02,25.35,25.42,25.25
"2396",205,1987,25.13,25.38,25.63,25.29
"2397",206,1987,24.81,25.42,25.59,25.28
"2398",207,1987,24.88,25.17,25.21,25.15
"2399",208,1987,25.19,25.64,25.37,25.56
"2400",209,1987,25.22,25.49,25.5,25.57
"2401",210,1987,25.19,25.47,25.68,25.06
"2402",211,1987,24.78,25.16,25.51,24.9
"2403",212,1987,24.22,24.86,24.96,24.82
"2404",213,1987,24.03,24.59,24.25,24.94
"2405",214,1987,24.31,24.79,24.55,24.98
"2406",215,1987,24.71,25.09,25.24,25.11
"2407",216,1987,25.22,25.61,25.65,25.64
"2408",217,1987,26.2,26.77,26.67,26.61
"2409",218,1987,24.73,25.39,25.53,25.02
"2410",219,1987,24.33,25.07,24.94,24.78
"2411",220,1987,24.38,25.12,25.08,24.74
"2412",221,1987,24.48,25.09,25.12,24.84
"2413",222,1987,24.3,25.09,24.8,25.25
"2414",223,1987,24.39,24.92,24.82,24.94
"2415",224,1987,24.79,25.06,25.05,24.93
"2416",225,1987,25.34,25.93,25.85,25.78
"2417",226,1987,25.47,26.24,26.12,26
"2418",227,1987,25.35,26.25,25.83,26.14
"2419",228,1987,25.11,26.03,26.1,25.56
"2420",229,1987,24.77,25.49,25.46,25.41
"2421",230,1987,24.98,25.84,25.5,25.62
"2422",231,1987,25.29,25.73,25.93,25.78
"2423",232,1987,24.37,25.01,25.06,25.36
"2424",233,1987,24.48,25.37,25.01,25.33
"2425",234,1987,24.48,25.1,24.69,25.06
"2426",235,1987,24.75,25.41,24.86,25.72
"2427",236,1987,24.91,25.51,25.31,25.85
"2428",237,1987,24.66,25.32,25.37,24.99
"2429",238,1987,24.95,25.49,25.41,25.53
"2430",239,1987,24.76,25.19,25.3,25.29
"2431",240,1987,25.16,25.68,25.64,25.73
"2432",241,1987,25.39,25.97,25.89,25.97
"2433",242,1987,25.48,26.05,26.28,25.72
"2434",243,1987,24.63,25.29,25.01,25.27
"2435",244,1987,24.81,25.6,25.21,25.85
"2436",245,1987,25.46,25.87,25.35,26.17
"2437",246,1987,25.33,26.05,25.68,25.86
"2438",247,1987,25.34,26.16,25.85,26.13
"2439",248,1987,25.1,25.74,25.86,25.4
"2440",249,1987,25.73,26.43,25.58,26.54
"2441",250,1987,25.92,26.47,26.32,26.54
"2442",251,1987,26.11,26.71,26.47,26.75
"2443",252,1987,26.22,26.6,27.33,26.22
"2444",253,1987,26.48,27.02,27.15,26.68
"2445",254,1987,26,26.76,26.58,26.52
"2446",255,1987,24.91,25.64,26.01,25.37
"2447",256,1987,25.52,26.31,26.01,26.09
"2448",257,1987,25.58,26.1,25.62,26.11
"2449",258,1987,25.83,26.16,26.25,25.92
"2450",259,1987,26.06,26.81,26.96,26.55
"2451",260,1987,26.12,27.09,27.01,26.66
"2452",261,1987,25.8,26.48,26.06,26.41
"2453",262,1987,25.61,26.4,26.34,26.28
"2454",263,1987,25.22,25.71,25.32,25.12
"2455",264,1987,25.47,26.29,26.08,25.94
"2456",265,1987,25.11,25.99,25.97,25.44
"2457",266,1987,24.48,25.01,25.27,24.81
"2458",267,1987,24.6,25.32,25.11,25.01
"2459",268,1987,25.19,25.65,25.85,25.64
"2460",269,1987,25.19,25.74,25.71,25.61
"2461",270,1987,24.93,25.74,26.27,25.07
"2462",271,1987,25.08,25.8,25.74,25.84
"2463",272,1987,25.55,26.3,26.18,25.87
"2464",273,1987,25.74,26.22,26.33,25.8
"2465",274,1987,25.66,26.42,26.48,26.45
"2466",275,1987,25.41,26.19,26.44,25.95
"2467",276,1987,24.45,24.77,25.04,24.51
"2468",277,1987,24.63,25.53,25.28,25.23
"2469",278,1987,25.18,25.52,25.69,25.05
"2470",279,1987,25.39,26.11,25.67,26.11
"2471",280,1987,24.92,25.42,25.46,25.13
"2472",281,1987,25.32,26,26.05,25.66
"2473",282,1987,25.44,26.21,26.74,25.61
"2474",283,1987,25.48,26.14,26.41,25.94
"2475",284,1987,25.75,26.33,26.28,26.51
"2476",285,1987,26.54,27.27,26.95,27.01
"2477",286,1987,26.57,27.25,27.26,26.91
"2478",287,1987,25.58,26.01,26.21,25.71
"2479",288,1987,25.25,25.17,25.16,25.27
"2480",289,1987,25.85,26.13,26.98,25.95
"2481",290,1987,25.6,25.88,26.38,25.62
"2482",291,1987,25.74,26.39,26.21,26.31
"2483",292,1987,25.65,26.12,26.11,26.34
"2484",293,1987,26.35,26.83,26.97,26.74
"2485",294,1987,25.64,27.17,26.91,27.2
"2486",295,1987,25.04,25.7,25.9,25.59
"2487",296,1987,25.21,25.82,25.65,25.46
"2488",297,1987,25.51,25.8,26.05,25.65
"2489",298,1987,26.09,26.81,26.68,26.52
"2490",299,1987,25.71,26.35,26.22,26.2
"2491",300,1987,25.18,25.89,25.92,25.72
"2492",301,1987,25.1,26.18,25.61,26.09
"2493",302,1987,25.24,25.66,25.59,25.66
"2494",303,1987,25.09,25.45,25.77,25.48
"2495",304,1987,25.65,26.28,26.32,26.05
"2496",305,1987,26.49,27.21,27.41,26.83
"2497",306,1987,26.07,27.1,27.41,26.43
"2498",307,1987,24.95,25.3,25.58,24.9
"2499",308,1987,25.63,26.14,26.07,26.13
"2500",309,1987,25.49,26.04,25.9,26.28
"2501",310,1987,26.09,26.45,26.97,25.93
"2502",311,1987,25.95,26.97,26.94,26.57
"2503",312,1987,25.55,26.65,26.34,26.36
"2504",313,1987,25.85,26.77,26.74,26.49
"2505",314,1987,25.9,27.03,26.9,26.66
"2506",315,1987,24.87,26.08,26.18,25.78
"2507",316,1987,25.21,26.02,26.37,25.94
"2508",317,1987,25.89,26.65,26.9,26.35
"2509",318,1987,25.96,26.78,26.78,26.44
"2510",319,1987,25.66,26.67,26.62,26.51
"2511",320,1987,25.67,26.64,26.59,26.49
"2512",321,1987,25.62,26.52,26.6,26.36
"2513",322,1987,25.32,26.02,26.52,25.48
"2514",323,1987,25.18,25.77,26.21,25.69
"2515",324,1987,25.34,25.69,25.91,25.72
"2516",325,1987,24.73,25.12,25.36,25.01
"2517",326,1987,25.3,25.63,25.77,25.64
"2518",327,1987,25.29,25.7,26.17,25.2
"2519",328,1987,25.69,26.29,25.99,26.38
"2520",329,1987,26,26.29,26.22,26.51
"2521",330,1987,26.02,26.42,26.63,26.05
"2522",331,1987,25.1,25.57,25.92,25.09
"2523",332,1987,25.08,25.42,25.49,25.23
"2524",333,1987,24.81,25.66,25.89,25.54
"2525",334,1987,25.01,25.68,25.74,25.64
"2526",335,1987,25.16,25.44,25.69,25.25
"2527",336,1987,25.23,25.86,26.34,25.8
"2528",337,1987,25.56,26.5,26.44,26.54
"2529",338,1987,26.04,26.64,26.54,26.71
"2530",339,1987,26.35,26.87,26.64,26.9
"2531",340,1987,25.86,26.09,26.71,25.59
"2532",341,1987,25.11,25.55,25.8,25.28
"2533",342,1987,25.68,26.16,26.2,26.08
"2534",343,1987,25.93,26.52,26.52,26.29
"2535",344,1987,25.46,26.36,26.38,26.31
"2536",345,1987,25.25,25.71,25.62,25.53
"2537",346,1987,25.46,26.14,26.23,26.1
"2538",347,1987,25.59,26.28,26.48,25.65
"2539",348,1987,25.65,26.48,26.7,25.93
"2540",349,1987,25.85,26.86,26.76,26.86
"2541",350,1987,25.69,25.82,26.2,25.78
"2542",351,1987,25.89,25.86,26.64,25.51
"2543",352,1987,26.07,26.48,26.76,26.46
"2544",353,1987,25.87,26.51,27.05,26.5
"2545",354,1987,25.35,26.51,26.98,26.46
"2546",355,1987,25.76,26.21,26.61,26.16
"2547",356,1987,26.1,26.11,26.42,26.1
"2548",357,1987,25.93,26.03,26.35,25.91
"2549",358,1987,25.53,25.68,26,25.53
"2550",359,1987,25.44,25.47,26.25,25.46
"2551",360,1987,25.82,26,26.78,25.85
"2552",361,1987,26.3,26.62,27.45,26.39
"2553",362,1987,26.46,26.94,27.51,26.88
"2554",363,1987,26.59,27.21,27.58,27.03
"2555",364,1987,26.07,27.34,27.4,27.36
"2556",365,1987,26.17,27.63,27.75,27.31
"2557",1,1988,26.6,27.18,27.63,27.22
"2558",2,1988,26.64,27.24,27.53,27.17
"2559",3,1988,26.7,27.3,27.82,27.13
"2560",4,1988,26.86,27.44,27.89,27.23
"2561",5,1988,27.01,27.52,27.91,27.22
"2562",6,1988,27.4,27.75,28.18,27.55
"2563",7,1988,27.74,28.13,28.43,27.88
"2564",8,1988,27.58,28.36,28.53,28.08
"2565",9,1988,27.23,27.92,27.74,27.84
"2566",10,1988,27.7,28.2,28.33,27.85
"2567",11,1988,27.85,28.31,28.56,27.88
"2568",12,1988,27.95,28.32,28.44,27.93
"2569",13,1988,27.87,28.41,28.45,28.13
"2570",14,1988,27.8,28.16,28.33,27.86
"2571",15,1988,28.13,28.36,28.71,27.91
"2572",16,1988,27.58,28.71,28.98,28.48
"2573",17,1988,26.36,28.14,28.02,27.83
"2574",18,1988,27.08,27.98,28.4,27.72
"2575",19,1988,27.73,28.2,28.57,28.12
"2576",20,1988,27.95,28.29,28.58,28.31
"2577",21,1988,27.14,28.12,28.13,27.91
"2578",22,1988,27.23,28.4,27.75,28.41
"2579",23,1988,27.37,28.28,27.95,28.54
"2580",24,1988,27.59,28.2,27.81,28.31
"2581",25,1988,27.67,27.59,27.61,27.8
"2582",26,1988,27.66,28.04,28.17,27.88
"2583",27,1988,27.67,28.36,29.25,27.88
"2584",28,1988,27.92,28.71,29.03,28.76
"2585",29,1988,27.79,28.82,28.83,28.76
"2586",30,1988,27.96,28.72,28.98,28.74
"2587",31,1988,27.5,29.16,29.01,28.66
"2588",32,1988,26.4,28.04,29.01,27.82
"2589",33,1988,26.4,28.51,28.88,27.83
"2590",34,1988,26.61,28.38,28.85,27.96
"2591",35,1988,26.97,28.22,28.75,28.36
"2592",36,1988,27.6,28.98,29.63,28.89
"2593",37,1988,27.43,29.04,29.67,28.99
"2594",38,1988,26.37,28.2,28.08,28.25
"2595",39,1988,25.22,26.21,27.49,26.09
"2596",40,1988,25.88,26.89,27.99,26.84
"2597",41,1988,26.38,27.5,28.45,27.43
"2598",42,1988,26.51,27.86,28.6,27.94
"2599",43,1988,26.08,27.45,28.14,27.32
"2600",44,1988,26.33,28.09,28.39,27.91
"2601",45,1988,27.16,29.09,29.3,28.79
"2602",46,1988,27.37,28.88,29.35,29.03
"2603",47,1988,27.94,29.38,29.74,29.29
"2604",48,1988,28.06,29.3,29.7,29.4
"2605",49,1988,28.14,29.27,29.4,29.5
"2606",50,1988,28.48,29.71,29.88,29.62
"2607",51,1988,28.61,29.86,29.95,29.74
"2608",52,1988,28.86,30.42,30.54,30.07
"2609",53,1988,28.61,31.03,30.94,30.81
"2610",54,1988,28.56,30.64,30.48,30.57
"2611",55,1988,29.06,30.11,30.01,30.01
"2612",56,1988,29.46,30.34,30.15,30.35
"2613",57,1988,29.71,30.42,30.39,30.36
"2614",58,1988,29.84,30.71,30.41,30.07
"2615",59,1988,29.4,30.02,29.86,29.92
"2616",60,1988,29.71,30.52,30.06,30.4
"2617",61,1988,29.89,30.64,30.48,30.4
"2618",62,1988,30.06,30.44,30.47,30.44
"2619",63,1988,29.96,30.28,30.15,30.2
"2620",64,1988,29.63,29.61,30.22,29.65
"2621",65,1988,29.91,29.85,30.07,29.8
"2622",66,1988,29.84,29.7,29.76,30.01
"2623",67,1988,29.76,29.74,29.58,29.9
"2624",68,1988,29.9,29.95,29.65,30.04
"2625",69,1988,30.52,30.3,30.11,30.27
"2626",70,1988,30.51,30.42,30.05,30.85
"2627",71,1988,30.64,30.72,30.25,30.89
"2628",72,1988,31.02,30.96,30.83,30.92
"2629",73,1988,31.22,31.26,31.06,31.45
"2630",74,1988,30.67,31.34,30.94,31.56
"2631",75,1988,29.61,31.37,30.95,30.9
"2632",76,1988,27.27,30.4,30.17,30.22
"2633",77,1988,26.35,29.38,29.94,28.87
"2634",78,1988,27.34,30.23,30.41,30.24
"2635",79,1988,27.64,29.61,29.84,29.7
"2636",80,1988,28.39,30.99,30.74,30.69
"2637",81,1988,28.45,31.42,31.16,30.96
"2638",82,1988,28.47,30.57,30.92,30.61
"2639",83,1988,28.75,30.69,30.75,30.5
"2640",84,1988,29.07,30.35,30.49,30.29
"2641",85,1988,29.36,30.36,30.56,30.28
"2642",86,1988,28.68,30.88,30.92,30.87
"2643",87,1988,27.64,30.55,30.78,30.46
"2644",88,1988,27,30.56,30.44,30.43
"2645",89,1988,25.59,27.67,28.35,27.56
"2646",90,1988,25.85,26.77,27.67,26.64
"2647",91,1988,25.78,25.69,26.79,25.51
"2648",92,1988,25.36,26.1,26.9,25.95
"2649",93,1988,25.51,26.78,27.28,26.35
"2650",94,1988,24.76,25.62,25.79,25.32
"2651",95,1988,24.98,25.49,26.18,25.24
"2652",96,1988,25.62,26.14,26.38,26.03
"2653",97,1988,24.8,25.37,25.66,25.04
"2654",98,1988,25.01,25.65,25.5,25.61
"2655",99,1988,25.59,26.26,26.36,25.9
"2656",100,1988,25.59,26.44,25.92,26.52
"2657",101,1988,25.09,25.63,25.56,25.58
"2658",102,1988,25.29,26.13,25.99,26.3
"2659",103,1988,25.57,26.34,26.33,26.49
"2660",104,1988,25.91,26.27,27.11,26.25
"2661",105,1988,26.74,27.32,27.65,27.32
"2662",106,1988,26.7,27.55,27.79,27.43
"2663",107,1988,26.7,27.42,27.69,27.32
"2664",108,1988,27.04,27.78,28.39,27.3
"2665",109,1988,26.65,28.08,28.35,27.75
"2666",110,1988,26.9,27.97,28.26,27.79
"2667",111,1988,27.16,28.14,28.65,27.98
"2668",112,1988,26.42,27.45,27.87,27.78
"2669",113,1988,26.38,27.09,27.91,26.88
"2670",114,1988,26.48,27.68,28.01,27.16
"2671",115,1988,25.65,27.5,27.75,27.13
"2672",116,1988,25.48,26.64,26.84,26.67
"2673",117,1988,25.88,27.33,27.48,27.07
"2674",118,1988,26.24,27.53,28.03,26.88
"2675",119,1988,25.05,25.53,26.58,25.14
"2676",120,1988,25.02,25.51,25.81,24.99
"2677",121,1988,24.22,25.22,24.84,24.95
"2678",122,1988,24.34,25.23,25.15,25.33
"2679",123,1988,24.88,25.69,25.96,25.53
"2680",124,1988,25.34,25.9,25.98,25.71
"2681",125,1988,25.02,25.49,25.74,25.38
"2682",126,1988,25.38,25.98,26.35,25.96
"2683",127,1988,25.4,26.12,26.33,26.03
"2684",128,1988,25.26,25.8,26.08,25.41
"2685",129,1988,25.03,26.02,25.74,25.65
"2686",130,1988,24.66,25.59,25.05,25.78
"2687",131,1988,24.32,25.07,25.04,25.06
"2688",132,1988,24.88,25.49,25.69,25.3
"2689",133,1988,25.35,26,26.23,26
"2690",134,1988,25.03,25.68,25.87,25.48
"2691",135,1988,24.92,25.61,25.93,25.05
"2692",136,1988,25.23,25.86,25.7,25.76
"2693",137,1988,25.11,25.69,25.62,25.46
"2694",138,1988,25.55,26.09,26.03,26.01
"2695",139,1988,25.18,25.86,25.58,26.02
"2696",140,1988,24.95,25.63,25.5,26.04
"2697",141,1988,25.05,25.87,26.11,25.62
"2698",142,1988,25.6,26.12,26.61,26.28
"2699",143,1988,25.27,26.1,26.45,26.04
"2700",144,1988,24.86,25.21,25.43,24.95
"2701",145,1988,24.65,25.17,25.57,24.69
"2702",146,1988,25.18,25.64,26.23,25.08
"2703",147,1988,24.86,25.87,26.36,25.18
"2704",148,1988,25.67,26.76,26.95,26.4
"2705",149,1988,25.23,26.6,26.67,26.61
"2706",150,1988,25.24,26.12,25.58,26.64
"2707",151,1988,25.71,25.97,26.17,26.04
"2708",152,1988,25.39,25.98,25.11,26.28
"2709",153,1988,24.11,24.85,25.03,24.16
"2710",154,1988,23.51,24.43,24.15,24.41
"2711",155,1988,23.66,24.61,23.84,24.63
"2712",156,1988,23.92,24.8,24.62,24.87
"2713",157,1988,23.81,24.47,24.81,24.24
"2714",158,1988,24.11,24.93,24.69,24.8
"2715",159,1988,24.41,25.32,25.05,25.24
"2716",160,1988,24.66,25.24,25.45,24.83
"2717",161,1988,24.33,24.89,25.13,24.69
"2718",162,1988,23.97,24.7,24.31,24.41
"2719",163,1988,22.86,24.12,23.69,24.01
"2720",164,1988,23.76,24.78,24.11,24.77
"2721",165,1988,24.61,25.33,24.9,25.71
"2722",166,1988,24.19,24.75,24.94,24.62
"2723",167,1988,23.64,24.34,23.67,24.48
"2724",168,1988,24.81,25.41,24.83,25.19
"2725",169,1988,25.16,25.94,25.58,25.43
"2726",170,1988,24.4,24.82,24.92,24.4
"2727",171,1988,24.13,24.71,24.86,24.41
"2728",172,1988,24.92,25.58,25.01,25.49
"2729",173,1988,25.77,26.31,26.08,25.65
"2730",174,1988,24.52,25.43,25.51,25.1
"2731",175,1988,23.9,24.27,24.04,24
"2732",176,1988,24.33,25.16,24.94,24.79
"2733",177,1988,24.51,24.95,25.23,24.44
"2734",178,1988,24.4,25.05,24.89,25.22
"2735",179,1988,24.7,25.15,24.8,24.93
"2736",180,1988,24.6,25.2,25.19,24.91
"2737",181,1988,24.28,24.9,24.99,24.63
"2738",182,1988,23.97,24.46,24.36,24.77
"2739",183,1988,24.38,24.84,24.72,24.77
"2740",184,1988,23.65,23.87,23.87,24.41
"2741",185,1988,23.98,24.22,24.74,24.4
"2742",186,1988,23.53,23.97,24.22,23.38
"2743",187,1988,23.63,24.32,24.15,23.89
"2744",188,1988,24.09,24.69,24.57,24.36
"2745",189,1988,24.27,25.08,24.97,24.83
"2746",190,1988,23.64,24.2,24.46,23.87
"2747",191,1988,23.72,24.52,24.43,24.45
"2748",192,1988,23.83,24.43,23.95,24.74
"2749",193,1988,23.5,24.14,23.38,24.47
"2750",194,1988,22.81,23.36,23.87,23.18
"2751",195,1988,21.71,22.56,22.45,22.1
"2752",196,1988,22.35,22.76,22.46,22.74
"2753",197,1988,23.69,23.97,24.03,23.82
"2754",198,1988,23.86,24.63,24.48,23.78
"2755",199,1988,24.02,24.88,24.49,24.4
"2756",200,1988,24.14,24.56,24.57,24.38
"2757",201,1988,23.72,24.33,24.34,24.47
"2758",202,1988,23.58,24.05,24.26,23.96
"2759",203,1988,23.91,24.13,24.36,24.08
"2760",204,1988,23.89,24.45,23.95,24.8
"2761",205,1988,23.04,23.72,23.79,23.41
"2762",206,1988,23.26,23.47,23.29,23.53
"2763",207,1988,23.61,24.24,24.14,24.18
"2764",208,1988,23.19,24.39,23.73,24.4
"2765",209,1988,23.56,23.88,23.08,24.59
"2766",210,1988,24.45,24.92,24.71,25.1
"2767",211,1988,24.78,25.23,25.52,24.92
"2768",212,1988,24.24,25.04,24.55,24.96
"2769",213,1988,24.18,24.86,24.88,24.66
"2770",214,1988,24.71,25.27,25.21,25.12
"2771",215,1988,24.43,24.88,25.35,24.49
"2772",216,1988,24.46,25.13,25.2,25.07
"2773",217,1988,24.55,25.04,24.51,25.11
"2774",218,1988,24.31,24.55,24.5,24.58
"2775",219,1988,24.76,25.44,24.9,25.5
"2776",220,1988,25.02,25.81,25.42,26.12
"2777",221,1988,25.26,25.86,25.4,26.09
"2778",222,1988,24.8,25.03,25.01,25.1
"2779",223,1988,24.47,25.14,25.11,25.04
"2780",224,1988,25.01,25.87,25.24,25.99
"2781",225,1988,25.15,25.81,26.05,25.49
"2782",226,1988,24.41,25.16,25.52,24.63
"2783",227,1988,24.75,25.54,25.22,25.54
"2784",228,1988,24.83,25.54,25.41,25.39
"2785",229,1988,25.21,25.68,25.42,25.72
"2786",230,1988,24.69,25.19,25.07,24.96
"2787",231,1988,24.79,25.37,24.88,25.36
"2788",232,1988,24.63,25.31,25.37,25.07
"2789",233,1988,24.86,25.12,25.26,25.11
"2790",234,1988,24.49,25.05,24.88,25.05
"2791",235,1988,24.34,24.94,24.87,25.04
"2792",236,1988,24.71,25.07,24.78,25.12
"2793",237,1988,24.82,25.23,25.43,24.88
"2794",238,1988,25.54,25.93,25.49,26.16
"2795",239,1988,25.22,25.42,25.77,25.43
"2796",240,1988,25.21,25.37,25.42,25.47
"2797",241,1988,24.78,24.93,24.92,24.9
"2798",242,1988,24.78,25.3,25.12,24.87
"2799",243,1988,24.62,25.23,25.26,25.29
"2800",244,1988,24.46,24.76,24.84,24.74
"2801",245,1988,24.86,25.24,25.72,25.19
"2802",246,1988,24.84,25.65,26.03,25.74
"2803",247,1988,24.25,24.73,24.19,25.1
"2804",248,1988,24.68,25.22,25.21,25.19
"2805",249,1988,25.27,25.72,26.14,25.8
"2806",250,1988,25.13,25.86,25.93,25.95
"2807",251,1988,25,25.53,25.38,25.54
"2808",252,1988,25.4,25.9,25.83,26.02
"2809",253,1988,25.71,26.09,26.31,25.99
"2810",254,1988,25.68,26.04,26.31,25.8
"2811",255,1988,25.31,25.75,25.57,25.7
"2812",256,1988,24.92,25.33,25.71,25.19
"2813",257,1988,24.97,25.39,25.58,25.26
"2814",258,1988,24.95,25.37,25.45,25.22
"2815",259,1988,25.53,26.01,25.73,25.87
"2816",260,1988,25.33,26.24,26.07,26.08
"2817",261,1988,24.05,24.57,24.51,24.28
"2818",262,1988,24.29,24.97,24.71,24.8
"2819",263,1988,24.36,24.85,25.16,24.84
"2820",264,1988,24.75,25.27,25.45,25.21
"2821",265,1988,24.35,25.4,25.18,25.1
"2822",266,1988,25.09,25.7,25.24,25.96
"2823",267,1988,25.37,25.47,25.77,25.79
"2824",268,1988,25.25,25.7,25.91,25.58
"2825",269,1988,25.32,25.83,25.8,25.52
"2826",270,1988,25.42,25.83,25.36,26.06
"2827",271,1988,25.66,26.33,26.06,26.22
"2828",272,1988,24.86,25.94,25.7,25.71
"2829",273,1988,25.05,25.47,25.62,25.15
"2830",274,1988,25.49,25.56,25.97,25.35
"2831",275,1988,25.64,26.55,26.34,26.29
"2832",276,1988,26.09,26.9,26.58,26.9
"2833",277,1988,25.1,25.32,25.87,25.36
"2834",278,1988,25.09,25.91,25.74,26.01
"2835",279,1988,25.6,26.33,26.18,26.03
"2836",280,1988,25.26,25.7,25.75,25.68
"2837",281,1988,24.83,25.44,25.31,25.29
"2838",282,1988,24.61,25.01,25.32,24.88
"2839",283,1988,24.86,25.54,25.69,25.56
"2840",284,1988,25.19,26.06,26.33,25.65
"2841",285,1988,25.09,25.99,26.06,25.96
"2842",286,1988,25.2,25.65,25.57,25.69
"2843",287,1988,25.27,26.13,26.16,25.92
"2844",288,1988,25.06,26.04,26.13,25.48
"2845",289,1988,25.76,26.15,26.05,26.26
"2846",290,1988,26.04,26.33,26.35,26.08
"2847",291,1988,24.82,25.63,25.75,25.27
"2848",292,1988,25.35,25.56,25.14,25.9
"2849",293,1988,25,25.72,25.82,25.67
"2850",294,1988,26.05,26.36,26.66,26.18
"2851",295,1988,25.41,25.95,26.79,25.55
"2852",296,1988,25.83,25.8,26.17,25.71
"2853",297,1988,25.83,26.29,26.39,26.05
"2854",298,1988,25.85,26.4,26.06,26.47
"2855",299,1988,26.31,26.89,26.54,26.81
"2856",300,1988,26.77,27.2,26.99,27.12
"2857",301,1988,25.66,26.58,26.64,26.03
"2858",302,1988,24.49,25.16,25.38,24.8
"2859",303,1988,25.34,25.98,25.52,26.24
"2860",304,1988,25.87,26.39,26.68,26.32
"2861",305,1988,25.13,26,25.8,25.92
"2862",306,1988,24.93,25.61,25.73,25.18
"2863",307,1988,25.17,25.34,25.76,24.98
"2864",308,1988,24.16,24.49,24.77,24.73
"2865",309,1988,24.3,24.62,24.84,24.5
"2866",310,1988,25.05,25.62,25.42,25.5
"2867",311,1988,25.08,25.6,25.72,24.94
"2868",312,1988,24.69,25.23,25.38,24.89
"2869",313,1988,24.19,24.69,24.95,24.35
"2870",314,1988,23.8,24.3,24.76,24.1
"2871",315,1988,24.59,24.95,24.94,24.86
"2872",316,1988,24.73,25.25,25.36,24.64
"2873",317,1988,24.87,25.57,25.45,25.62
"2874",318,1988,24.96,25.42,25.61,25.36
"2875",319,1988,24.63,24.99,25.35,24.82
"2876",320,1988,24.77,25.23,25.11,25.33
"2877",321,1988,24.39,24.62,24.99,24.13
"2878",322,1988,24.34,24.97,24.54,24.97
"2879",323,1988,25.21,25.33,25.52,25.62
"2880",324,1988,25.6,25.72,26.39,25.35
"2881",325,1988,25.34,25.88,25.95,25.68
"2882",326,1988,25.63,26.11,25.58,25.89
"2883",327,1988,25.17,25.74,25.7,25.59
"2884",328,1988,25.35,25.76,25.79,25.73
"2885",329,1988,25.06,25.81,26,25.38
"2886",330,1988,24.3,25.02,24.7,24.96
"2887",331,1988,24.78,25.12,25.31,25.15
"2888",332,1988,25.12,25.87,26.13,25.61
"2889",333,1988,25.02,25.94,25.96,25.76
"2890",334,1988,24.97,25.7,26,25.67
"2891",335,1988,25.54,25.67,26.01,25.7
"2892",336,1988,25.32,25.5,25.79,25.55
"2893",337,1988,25.45,25.73,25.75,25.69
"2894",338,1988,24.93,25.73,25.8,25.45
"2895",339,1988,25.03,25.67,25.45,25.69
"2896",340,1988,25.55,25.96,26.01,25.77
"2897",341,1988,25.63,25.96,25.73,25.75
"2898",342,1988,24.91,25.43,25.24,25.42
"2899",343,1988,24.11,24.58,25.15,24.29
"2900",344,1988,24.99,25.49,25.44,25.33
"2901",345,1988,25.27,25.31,25.65,25.56
"2902",346,1988,25.22,25.48,25.63,25.61
"2903",347,1988,24.98,25.66,25.93,25.55
"2904",348,1988,24.8,25.66,26.02,25.55
"2905",349,1988,25.26,25.83,26.36,25.46
"2906",350,1988,25.53,26.18,26.53,25.91
"2907",351,1988,25.32,25.55,26.08,25.24
"2908",352,1988,24.92,25.22,25.47,24.95
"2909",353,1988,25.08,25.42,25.74,25.29
"2910",354,1988,25.37,25.83,26.04,25.56
"2911",355,1988,25.45,25.94,26.26,25.52
"2912",356,1988,25.67,26.22,26.67,25.74
"2913",357,1988,26.06,26.33,26.82,25.95
"2914",358,1988,26.13,26.4,26.92,26.12
"2915",359,1988,26,26.58,27.07,25.92
"2916",360,1988,26.15,26.79,27.25,26.18
"2917",361,1988,26.09,27.04,27.39,26.69
"2918",362,1988,25.02,26.01,27.02,25.76
"2919",363,1988,24.68,25.36,26.48,25.2
"2920",364,1988,24.57,25.29,26.27,25.16
"2921",365,1988,23.48,24.45,25.04,24.12
"2922",366,1988,23.7,24.15,24.82,23.98
"2923",1,1989,23.87,24.47,24.95,24.01
"2924",2,1989,24.04,25.03,25.51,24.86
"2925",3,1989,24.48,25.47,26.18,24.86
"2926",4,1989,24.59,25.53,25.85,25.24
"2927",5,1989,23.99,24.61,25.21,24.36
"2928",6,1989,24.33,25.18,25.92,24.74
"2929",7,1989,24.87,25.5,26.51,25.3
"2930",8,1989,24.65,25.02,25.62,24.96
"2931",9,1989,24.15,24.55,25.19,24.17
"2932",10,1989,24.34,24.49,25.58,24.33
"2933",11,1989,24.46,25.41,25.99,24.97
"2934",12,1989,23.97,25.42,25.39,24.93
"2935",13,1989,24.42,25.83,26.29,25.52
"2936",14,1989,24.65,26.23,26.73,25.8
"2937",15,1989,24.81,26.26,26.65,25.84
"2938",16,1989,24.79,26.19,26.69,25.88
"2939",17,1989,25.05,26.6,26.95,26.31
"2940",18,1989,25.17,26.74,27.03,26.27
"2941",19,1989,25.23,26.71,26.95,26.28
"2942",20,1989,25.11,26.52,26.85,26.58
"2943",21,1989,24.58,25.46,26.12,25.6
"2944",22,1989,24.3,25.44,26.18,25.4
"2945",23,1989,24.69,26.14,26.78,25.84
"2946",24,1989,25.17,26.18,26.75,26.09
"2947",25,1989,25.64,26.29,27,26.18
"2948",26,1989,25.74,26.42,27.24,26.14
"2949",27,1989,25.66,26.29,27.3,26.25
"2950",28,1989,25.75,26.37,27.41,26.21
"2951",29,1989,25.97,26.83,27.68,26.14
"2952",30,1989,26.07,27.14,27.75,26.4
"2953",31,1989,26.17,27.08,27.82,27.03
"2954",32,1989,25.94,27.59,27.9,27.2
"2955",33,1989,25.92,27.06,27.63,26.99
"2956",34,1989,26.01,27.03,27.68,26.87
"2957",35,1989,26.67,27.72,28.03,27.46
"2958",36,1989,26.52,27.77,27.68,27.54
"2959",37,1989,26.16,27.61,27.72,27.51
"2960",38,1989,25.83,27.02,27.71,26.38
"2961",39,1989,26.54,27.87,27.97,27.34
"2962",40,1989,26.21,27.32,27.12,26.91
"2963",41,1989,26.22,27.52,27.31,27.19
"2964",42,1989,26.89,27.55,27.97,27.34
"2965",43,1989,26.9,27.8,28.23,27.56
"2966",44,1989,26.64,28.03,28.25,27.79
"2967",45,1989,27.11,28.14,28.05,28.25
"2968",46,1989,26.4,27.33,26.79,27.62
"2969",47,1989,26.42,27.38,27.44,27.37
"2970",48,1989,27.24,28.12,28.04,28.1
"2971",49,1989,27.46,28.56,28.77,28.23
"2972",50,1989,25.49,26.76,26.78,26.92
"2973",51,1989,24.49,24.91,25.61,24.86
"2974",52,1989,24.48,25.78,25.9,25.17
"2975",53,1989,25.23,26.52,26.75,26.7
"2976",54,1989,26.21,27.42,27.6,27.22
"2977",55,1989,26.26,27.48,27.71,27.67
"2978",56,1989,24.8,26.8,26.8,26.52
"2979",57,1989,23.97,24.71,25.49,24.01
"2980",58,1989,24.29,25.31,25.82,25.23
"2981",59,1989,24.75,26.04,26.67,25.37
"2982",60,1989,25.29,26.6,27.36,26.43
"2983",61,1989,25.71,27.03,27.64,27.02
"2984",62,1989,25.72,27.18,27.45,27.23
"2985",63,1989,25.29,27.47,27.63,27.31
"2986",64,1989,24.85,26.86,27.47,26.07
"2987",65,1989,25.21,27.14,27.83,26.59
"2988",66,1989,25.57,27.7,27.97,27.4
"2989",67,1989,25.91,27.96,28.2,27.64
"2990",68,1989,26.52,28.43,28.65,28.39
"2991",69,1989,26.45,28.64,28.71,28.45
"2992",70,1989,26.19,29.04,28.59,28.72
"2993",71,1989,26.76,28.99,29.04,28.65
"2994",72,1989,26.56,29.83,29.66,29.35
"2995",73,1989,25.54,28.47,28.39,27.42
"2996",74,1989,26.44,29.2,28.7,28.52
"2997",75,1989,26.93,29.47,28.63,28.85
"2998",76,1989,26.73,29.42,28.65,29.13
"2999",77,1989,26.66,29.69,28.88,29.53
"3000",78,1989,26.22,29.32,28.88,28.94
"3001",79,1989,24.53,26.82,26.32,26.59
"3002",80,1989,24.02,25.61,26.04,25.11
"3003",81,1989,23.84,25.06,25.51,24.37
"3004",82,1989,24.23,25.62,25.95,25.33
"3005",83,1989,24.07,25.53,26.29,25.11
"3006",84,1989,25.08,26.88,27.4,26.34
"3007",85,1989,25.29,26.65,27.09,26.33
"3008",86,1989,25.73,26.86,27.11,26.71
"3009",87,1989,25.68,27.3,27.52,26.8
"3010",88,1989,25.35,27.11,27.48,26.99
"3011",89,1989,24.68,26.73,26.93,26.24
"3012",90,1989,24.63,25.62,25.89,25.04
"3013",91,1989,24.43,25.09,26.02,24.71
"3014",92,1989,24.01,25.31,25.72,24.71
"3015",93,1989,24,25.27,25.62,24.73
"3016",94,1989,24.14,25.02,25.62,24.46
"3017",95,1989,24.55,25.41,26.46,24.6
"3018",96,1989,24.49,25.82,26.57,25.15
"3019",97,1989,24.45,25.41,26.45,25.14
"3020",98,1989,24.91,25.79,26.78,25.56
"3021",99,1989,25.23,26.65,27.14,26.13
"3022",100,1989,25.81,27.01,27.83,26.64
"3023",101,1989,26.21,26.87,28.11,26.85
"3024",102,1989,25.98,27.75,28.73,26.98
"3025",103,1989,25.02,27.05,28.02,26.25
"3026",104,1989,24.6,25.84,26.79,24.93
"3027",105,1989,24.79,26.37,27.51,25.23
"3028",106,1989,25.09,26.79,28.33,25.89
"3029",107,1989,25.42,27.39,28.7,26.53
"3030",108,1989,26.11,27.84,28.91,26.99
"3031",109,1989,26.19,27.63,28.79,26.77
"3032",110,1989,24.93,26.36,26.24,26.36
"3033",111,1989,24.9,25.96,25.46,26.57
"3034",112,1989,24.92,25.34,25.69,25.47
"3035",113,1989,24.69,25.25,25.41,25.27
"3036",114,1989,25.07,25.8,26.27,25.68
"3037",115,1989,25.37,26.07,26.58,26.1
"3038",116,1989,25.27,26.35,26.7,25.87
"3039",117,1989,25.19,25.95,25.53,25.86
"3040",118,1989,25.18,25.85,26.21,25.57
"3041",119,1989,24.96,26.11,26.24,25.1
"3042",120,1989,25.15,26.24,26.57,25.81
"3043",121,1989,25.1,26.6,27.28,26
"3044",122,1989,24.63,26,26.71,25.82
"3045",123,1989,24.6,25.79,26.15,25.04
"3046",124,1989,24.8,25.64,26.57,25.29
"3047",125,1989,24.8,25.67,26.31,25.28
"3048",126,1989,24.01,24.66,25.13,24.29
"3049",127,1989,23.63,24.38,23.88,24.8
"3050",128,1989,23.16,24.08,23.17,24.45
"3051",129,1989,24.03,24.45,24.36,24.41
"3052",130,1989,23.66,24.51,23.98,24.79
"3053",131,1989,23.94,24.75,24.96,24.26
"3054",132,1989,24.24,24.87,24.51,25.09
"3055",133,1989,24.11,24.71,24.69,24.64
"3056",134,1989,24.07,24.61,24.31,24.64
"3057",135,1989,24.2,25.08,24.98,24.99
"3058",136,1989,24.74,25.44,25.51,24.89
"3059",137,1989,24.24,24.64,25.65,24.33
"3060",138,1989,23.89,24.09,24.81,24.05
"3061",139,1989,23.62,24.84,25.19,24.73
"3062",140,1989,23.55,24.39,24.5,23.76
"3063",141,1989,23.58,24.1,24.41,24.33
"3064",142,1989,23.25,23.87,23.86,24.04
"3065",143,1989,23.43,23.54,24.14,23.98
"3066",144,1989,23.57,23.93,23.74,23.84
"3067",145,1989,23.47,24.21,24.58,23.68
"3068",146,1989,23.26,23.54,23.67,23.04
"3069",147,1989,23.72,24.54,24.44,24.29
"3070",148,1989,24.08,24.74,24.98,24.6
"3071",149,1989,24.42,25.12,25.12,24.83
"3072",150,1989,24.52,25.27,25.39,24.96
"3073",151,1989,25.03,25.53,25.53,25.12
"3074",152,1989,23.99,24.54,24.94,23.93
"3075",153,1989,24.44,24.94,24.45,24.7
"3076",154,1989,23.44,24.25,24.18,24.01
"3077",155,1989,23.04,23.62,24.09,23.5
"3078",156,1989,23.24,23.64,24.16,23.07
"3079",157,1989,23.91,24.29,24.78,23.82
"3080",158,1989,23.78,24.28,24.84,23.72
"3081",159,1989,24.56,24.72,25.58,24.25
"3082",160,1989,24,25,25.37,24.27
"3083",161,1989,24,24.6,24.85,24.06
"3084",162,1989,24.01,24.42,24.66,24.04
"3085",163,1989,23.38,23.8,24.46,23.31
"3086",164,1989,23.06,23.32,23.62,22.8
"3087",165,1989,23.28,23.47,24.28,22.97
"3088",166,1989,24.47,24.97,25.44,24.56
"3089",167,1989,24.73,25.73,25.76,25.57
"3090",168,1989,23.79,24.68,24.32,24.29
"3091",169,1989,23.27,23.83,23.84,23.75
"3092",170,1989,23.47,23.96,24.1,23.42
"3093",171,1989,23.95,24.4,24.75,24.23
"3094",172,1989,23.25,23.49,23.68,23.22
"3095",173,1989,23.91,24.34,24.12,24.07
"3096",174,1989,23.51,24.01,24.2,23.57
"3097",175,1989,24.08,24.17,24.45,24.35
"3098",176,1989,23.66,24.11,24.58,23.87
"3099",177,1989,23.36,23.93,24.09,23.61
"3100",178,1989,24.24,24.68,25.04,24.63
"3101",179,1989,25.52,25.91,26.05,25.81
"3102",180,1989,25.35,25.85,25.77,25.85
"3103",181,1989,23.91,24.22,24.55,23.88
"3104",182,1989,24.13,24.6,24.64,24.56
"3105",183,1989,24.12,24.23,24.41,24.19
"3106",184,1989,23.69,24.1,23.9,24.35
"3107",185,1989,23.38,23.85,23.82,24.01
"3108",186,1989,23.19,23.43,23.66,23.23
"3109",187,1989,22.62,23.32,23.41,22.93
"3110",188,1989,21.87,22.85,22.65,22.35
"3111",189,1989,21.66,22.74,22.11,22.36
"3112",190,1989,22.25,23.3,23.06,23.16
"3113",191,1989,23.17,23.22,22.98,23.6
"3114",192,1989,23.98,24.29,23.62,24.29
"3115",193,1989,24.51,24.88,24.71,25.06
"3116",194,1989,24.03,24.76,24.24,25.18
"3117",195,1989,23.9,24.45,24.31,24.96
"3118",196,1989,23.39,23.9,23.62,24.2
"3119",197,1989,23.49,24.28,23.87,24.19
"3120",198,1989,23.58,24.26,24.05,24.31
"3121",199,1989,23.74,24.07,23.58,24.3
"3122",200,1989,23.72,24.51,24.2,24.45
"3123",201,1989,23.59,23.68,23.59,23.78
"3124",202,1989,23.91,24.23,24.18,24.24
"3125",203,1989,23.53,24.09,24.45,23.71
"3126",204,1989,24.06,24.64,24.49,24.54
"3127",205,1989,24.84,25.11,24.97,24.99
"3128",206,1989,24.18,24.37,24.74,23.87
"3129",207,1989,24.63,25.1,25.47,24.83
"3130",208,1989,25.09,25.64,25.64,25.53
"3131",209,1989,25.41,25.75,25.71,25.67
"3132",210,1989,25.3,25.64,25.9,25.3
"3133",211,1989,25.66,26.26,26.27,26.39
"3134",212,1989,25.03,25.99,25.93,26.14
"3135",213,1989,25.27,25.56,25.77,25.45
"3136",214,1989,24.5,25.08,24.99,25.3
"3137",215,1989,24.77,25.28,25.2,25.21
"3138",216,1989,25.12,25.57,24.88,25.66
"3139",217,1989,24.78,25.24,25.29,25.39
"3140",218,1989,24.7,25.02,25.34,25.08
"3141",219,1989,24.3,25.11,24.5,25.01
"3142",220,1989,25.13,25.37,25.56,25.14
"3143",221,1989,24.08,24.41,24.62,24.24
"3144",222,1989,23.78,24.66,24.47,24.78
"3145",223,1989,24.08,24.77,24.38,24.84
"3146",224,1989,24.02,24.58,24.23,24.93
"3147",225,1989,24.41,25.13,24.8,25.08
"3148",226,1989,24.26,25.07,25.48,24.96
"3149",227,1989,23.99,24.37,24.76,24.35
"3150",228,1989,24.07,24.39,24.04,24.73
"3151",229,1989,24.55,25.2,25.22,24.97
"3152",230,1989,24.85,25.49,24.89,25.61
"3153",231,1989,24.88,25.55,25.73,25.26
"3154",232,1989,24.41,24.96,25.08,25.14
"3155",233,1989,24.86,25.36,25.38,25.3
"3156",234,1989,25,25.49,25.31,25.3
"3157",235,1989,24.69,25.28,25.31,25.26
"3158",236,1989,24.62,25.44,25.08,25.4
"3159",237,1989,24.66,25.4,25.37,25.56
"3160",238,1989,25.12,25.75,25.45,25.58
"3161",239,1989,25.36,25.87,25.49,25.76
"3162",240,1989,25.05,25.89,25.75,25.92
"3163",241,1989,24.36,25.12,24.59,25.19
"3164",242,1989,25.02,25.19,24.93,25.21
"3165",243,1989,25.08,25.77,25.58,25.36
"3166",244,1989,24.99,25.58,25.34,25.6
"3167",245,1989,25,25.52,25.2,25.41
"3168",246,1989,25.42,25.84,25.94,25.79
"3169",247,1989,26.05,26.56,26.58,26.49
"3170",248,1989,25.46,26.02,26.05,25.8
"3171",249,1989,25.65,25.92,25.83,25.82
"3172",250,1989,25.96,26.48,26.41,26.28
"3173",251,1989,25.32,25.84,25.92,25.66
"3174",252,1989,25.01,25.65,25.57,25.57
"3175",253,1989,25.27,25.56,25.44,25.59
"3176",254,1989,25.75,26.24,25.98,26.18
"3177",255,1989,25.99,26.6,26.34,26.49
"3178",256,1989,26.19,26.48,26.53,26.37
"3179",257,1989,26.1,26.84,26.74,26.65
"3180",258,1989,25.3,25.8,25.99,25.47
"3181",259,1989,24.45,24.98,25.36,24.66
"3182",260,1989,24.44,25.37,25.23,25.29
"3183",261,1989,25.23,25.88,25.55,25.84
"3184",262,1989,25.81,26.59,26.14,26.63
"3185",263,1989,25.41,25.8,26.36,25.81
"3186",264,1989,24.67,25.44,25.36,25.05
"3187",265,1989,25.25,25.55,25.4,25.23
"3188",266,1989,25.7,26.14,26.05,26.19
"3189",267,1989,25.25,25.93,26.12,26.07
"3190",268,1989,25.02,25.92,25.91,25.62
"3191",269,1989,24.28,24.13,24.38,24.29
"3192",270,1989,24.44,24.9,25.31,24.58
"3193",271,1989,24.36,25.16,25.35,24.87
"3194",272,1989,24.18,24.87,24.84,24.8
"3195",273,1989,23.96,24.7,24.64,24.56
"3196",274,1989,24.29,24.87,24.79,24.56
"3197",275,1989,24.66,25.38,25.27,25.13
"3198",276,1989,25.1,25.55,25.79,25.38
"3199",277,1989,24.69,25.08,25.65,24.74
"3200",278,1989,24.41,25.02,25.11,25.03
"3201",279,1989,24.61,25.21,25.27,25.04
"3202",280,1989,24.35,24.91,24.97,24.83
"3203",281,1989,24.69,25.4,25.14,25.31
"3204",282,1989,24.46,24.89,24.96,24.69
"3205",283,1989,24.53,25.05,25.34,24.67
"3206",284,1989,24.22,24.71,24.96,24.23
"3207",285,1989,24.28,24.69,24.77,24.62
"3208",286,1989,24.97,25.37,25.72,25.25
"3209",287,1989,23.99,25.06,25.52,24.64
"3210",288,1989,24.37,24.95,25.07,24.84
"3211",289,1989,24.62,25.21,25.44,24.92
"3212",290,1989,24.61,25.06,25.53,24.75
"3213",291,1989,24.7,25.1,25.4,24.62
"3214",292,1989,24.35,24.76,25.03,24.8
"3215",293,1989,24.98,25.68,25.62,25.75
"3216",294,1989,25.97,26.7,26.32,26.62
"3217",295,1989,25.64,26.13,26.29,26.03
"3218",296,1989,25.35,25.96,25.7,25.95
"3219",297,1989,25.03,25.6,25.81,25.18
"3220",298,1989,25.12,25.96,25.75,26.07
"3221",299,1989,25.46,26.27,26.29,26.08
"3222",300,1989,25.28,25.75,25.41,26.03
"3223",301,1989,24.38,24.99,24.92,24.62
"3224",302,1989,24.94,25.61,25.33,25.46
"3225",303,1989,25.08,25.41,25.37,25.55
"3226",304,1989,24.95,25.61,25.48,25.6
"3227",305,1989,24.99,25.67,25.37,25.67
"3228",306,1989,24.7,25.16,25.43,25.08
"3229",307,1989,25.05,25.72,25.79,25.4
"3230",308,1989,25.66,26.34,26.14,25.99
"3231",309,1989,25.56,26.29,26.21,26.21
"3232",310,1989,25.49,25.93,26.05,25.76
"3233",311,1989,25.38,26.12,25.82,26.1
"3234",312,1989,26.06,26.55,26.52,26.56
"3235",313,1989,26.43,26.6,26.7,26.51
"3236",314,1989,26.06,26.65,26.51,26.68
"3237",315,1989,24.93,25.6,25.46,25.34
"3238",316,1989,25.7,26.03,25.84,26.19
"3239",317,1989,26.4,26.64,26.53,26.7
"3240",318,1989,25.49,26,25.79,26
"3241",319,1989,24.5,24.96,24.79,25.16
"3242",320,1989,24.83,24.9,24.84,25.07
"3243",321,1989,24.69,24.99,25.07,24.84
"3244",322,1989,24.49,24.9,25.45,24.64
"3245",323,1989,24.65,25.47,25.95,25.17
"3246",324,1989,24.81,25.25,25.7,25.16
"3247",325,1989,25.05,25.36,25.67,25.46
"3248",326,1989,25.06,25.19,26,25.24
"3249",327,1989,24.42,24.79,25.03,25.07
"3250",328,1989,24.37,24.86,25.36,24.57
"3251",329,1989,25.28,25.81,25.84,25.7
"3252",330,1989,26,26.39,26.57,26.39
"3253",331,1989,25.34,26.09,25.92,26.15
"3254",332,1989,25.32,25.65,26.18,25.3
"3255",333,1989,25.33,26.12,26.6,25.72
"3256",334,1989,25.09,25.56,25.88,25.22
"3257",335,1989,25.41,25.52,25.65,25.62
"3258",336,1989,25.48,25.71,25.82,25.59
"3259",337,1989,25.75,26.18,26.21,25.95
"3260",338,1989,26.25,26.53,26.54,26.47
"3261",339,1989,26.27,26.19,26.44,26.07
"3262",340,1989,26.14,26.11,26.44,26.02
"3263",341,1989,25.9,26.02,26.58,25.89
"3264",342,1989,26.01,26.3,26.57,26.27
"3265",343,1989,26.15,26.41,26.83,26.37
"3266",344,1989,26.38,26.53,26.89,26.51
"3267",345,1989,26.52,26.46,26.79,26.28
"3268",346,1989,26.45,26.44,26.67,26.35
"3269",347,1989,26.58,26.65,26.95,26.62
"3270",348,1989,26.66,26.75,26.45,26.69
"3271",349,1989,25.61,25.66,25.71,25.92
"3272",350,1989,26.3,26.48,27.1,25.86
"3273",351,1989,26.42,26.53,26.46,26.59
"3274",352,1989,26.39,26.49,26.63,26.4
"3275",353,1989,26.25,26.44,26.52,26.35
"3276",354,1989,26.47,26.53,26.69,26.27
"3277",355,1989,26.48,26.26,26.64,26.07
"3278",356,1989,26.41,26.34,26.91,26.18
"3279",357,1989,27.16,27.31,27.51,27.24
"3280",358,1989,27.5,27.56,27.7,27.45
"3281",359,1989,27.66,27.68,27.98,27.63
"3282",360,1989,27.53,27.45,27.36,27.64
"3283",361,1989,26.83,26.94,27.16,26.68
"3284",362,1989,26.94,26.9,27.24,26.55
"3285",363,1989,26.75,26.36,26.97,26.54
"3286",364,1989,27.1,26.98,27.22,26.79
"3287",365,1989,27.26,27.3,27.6,27.19
"3288",1,1990,27.55,27.77,27.84,27.29
"3289",2,1990,27.63,28.05,28.02,27.77
"3290",3,1990,27.39,27.95,28.08,27.72
"3291",4,1990,27.51,27.69,28.09,27.46
"3292",5,1990,27.61,27.85,28.25,27.28
"3293",6,1990,27.63,27.84,28.11,27.37
"3294",7,1990,27.51,27.71,27.66,27.55
"3295",8,1990,27.66,27.65,28.09,27.18
"3296",9,1990,28.06,28,28.31,27.45
"3297",10,1990,28.16,28.12,28.46,27.72
"3298",11,1990,28.15,28.21,28.3,27.76
"3299",12,1990,28.39,28.7,28.51,28.69
"3300",13,1990,27.3,28.45,28.44,28.03
"3301",14,1990,25.88,27.48,28.66,26.45
"3302",15,1990,26.26,28.02,28.35,27.62
"3303",16,1990,26.66,27.98,28.54,27.67
"3304",17,1990,27.07,28.19,28.75,27.73
"3305",18,1990,27.47,28.23,28.92,27.76
"3306",19,1990,27.51,28.43,28.93,28.03
"3307",20,1990,25.52,27.66,27.89,26.52
"3308",21,1990,24.05,24.36,25.57,24.1
"3309",22,1990,24.02,24.28,24.49,24.12
"3310",23,1990,24.82,25.15,25.68,25.13
"3311",24,1990,25.14,25.64,26.25,25.87
"3312",25,1990,25.43,26.34,26.81,26.32
"3313",26,1990,24.64,25.86,26.3,25.45
"3314",27,1990,25.08,26.19,26.64,25.84
"3315",28,1990,25.46,26.5,26.89,26.14
"3316",29,1990,25.84,26.43,27.02,26.17
"3317",30,1990,25.97,26.77,27.5,26.44
"3318",31,1990,26.04,27.41,27.83,27.31
"3319",32,1990,25.78,27.42,27.62,27.52
"3320",33,1990,25.3,26.94,27.21,26.72
"3321",34,1990,25.07,26.44,26.95,25.9
"3322",35,1990,24.86,25.87,26.38,25.49
"3323",36,1990,24.53,25.35,25.97,24.52
"3324",37,1990,25.24,26.02,26.74,25.44
"3325",38,1990,24.81,25.9,26.65,25.27
"3326",39,1990,25.09,26.31,27.11,25.77
"3327",40,1990,25.84,26.95,27.68,26.29
"3328",41,1990,26.24,26.93,27.61,26.57
"3329",42,1990,26.52,27.16,28.22,26.73
"3330",43,1990,26.55,27.6,27.92,27.24
"3331",44,1990,26.76,28.05,28.51,27.65
"3332",45,1990,26.7,27.82,28.41,27.58
"3333",46,1990,26.85,27.76,28.08,27.35
"3334",47,1990,26.61,27.36,27.94,27.3
"3335",48,1990,26.4,27.23,27.9,26.88
"3336",49,1990,26.68,27.71,28.29,27.31
"3337",50,1990,27.1,28.43,28.5,28.21
"3338",51,1990,27.39,28.68,28.81,28.48
"3339",52,1990,27.33,28.74,29.06,28.38
"3340",53,1990,27.45,29,29.13,28.69
"3341",54,1990,27.34,28.42,28.81,28.41
"3342",55,1990,27.71,28.32,28.75,28.31
"3343",56,1990,27.34,28.12,28.14,28.14
"3344",57,1990,27.23,28.17,27.79,28.5
"3345",58,1990,27.4,28.37,28.26,28.2
"3346",59,1990,27.64,28.57,28.56,28.24
"3347",60,1990,27.95,29.05,28.76,28.69
"3348",61,1990,27.99,28.99,28.95,28.48
"3349",62,1990,26.43,28.48,28.49,27.86
"3350",63,1990,24.59,26.09,26.53,26.17
"3351",64,1990,24.41,25.86,26.24,25.49
"3352",65,1990,25.33,26.82,27,26.45
"3353",66,1990,25.94,27.29,27.49,27.13
"3354",67,1990,25.65,27.15,27.3,26.87
"3355",68,1990,24.82,26.39,26.52,25.83
"3356",69,1990,24.02,24.73,25.76,24.21
"3357",70,1990,24.17,24.85,25.56,24.48
"3358",71,1990,24.28,25.18,25.51,24.84
"3359",72,1990,24.86,25.87,26.16,25.55
"3360",73,1990,24.99,25.75,26.25,25.48
"3361",74,1990,24.86,25.74,25.96,25.53
"3362",75,1990,24.97,25.74,26.22,25.39
"3363",76,1990,25.62,26.77,26.84,26.48
"3364",77,1990,25.04,26.29,26.64,26.09
"3365",78,1990,25.65,26.81,27.26,26.18
"3366",79,1990,25.97,27.29,27.91,26.72
"3367",80,1990,25.76,27.33,27.37,27.01
"3368",81,1990,25.03,26.11,26.83,25.85
"3369",82,1990,25.16,25.86,26.55,25.44
"3370",83,1990,25.26,26.26,26.4,25.85
"3371",84,1990,25.36,26.62,27.17,25.98
"3372",85,1990,24.69,25.54,26.7,25.09
"3373",86,1990,25.16,25.76,26.59,25.63
"3374",87,1990,26.54,26.88,27.84,26.45
"3375",88,1990,26.5,27.09,27.89,26.59
"3376",89,1990,26.87,27.44,28.37,26.71
"3377",90,1990,26.47,27.89,28.38,27.3
"3378",91,1990,25.56,27.05,27.74,26.76
"3379",92,1990,24.8,24.97,25.55,24.97
"3380",93,1990,25,25.84,26.04,25.93
"3381",94,1990,25.66,25.79,26.3,25.62
"3382",95,1990,25.34,25.71,25.9,25.47
"3383",96,1990,24.61,25.44,26.04,24.81
"3384",97,1990,24.79,25.67,26.19,25.04
"3385",98,1990,25.73,26.64,26.95,26.06
"3386",99,1990,26.34,27.22,27.59,26.98
"3387",100,1990,25.79,26.86,27.44,26.8
"3388",101,1990,25.8,26.99,27.58,26.79
"3389",102,1990,25.69,26.94,26.94,26.92
"3390",103,1990,25.17,25.95,26.08,26.06
"3391",104,1990,24.78,25.1,25.69,25.02
"3392",105,1990,25.2,25.73,25.94,25.8
"3393",106,1990,25.67,26.43,26.85,26.03
"3394",107,1990,25.83,26.63,27.32,26.02
"3395",108,1990,25.99,27.02,27.49,26.24
"3396",109,1990,25.8,26.77,26.69,26.4
"3397",110,1990,24.04,24.86,25.3,24.94
"3398",111,1990,24.44,24.65,24.58,24.81
"3399",112,1990,24.7,25,25.06,24.99
"3400",113,1990,24.8,25.13,25.56,24.64
"3401",114,1990,24.87,25.39,25.37,24.85
"3402",115,1990,24.72,25.22,25.08,25.11
"3403",116,1990,24.46,24.86,24.96,24.45
"3404",117,1990,25.18,25.87,25.47,25.97
"3405",118,1990,24.98,25.3,25.49,25.02
"3406",119,1990,25.42,25.63,25.44,25.88
"3407",120,1990,24.83,25.02,25.31,24.99
"3408",121,1990,24.62,25.31,25.18,25.07
"3409",122,1990,24.9,25.35,25.5,25.07
"3410",123,1990,25.24,25.6,25.62,25.47
"3411",124,1990,25.47,25.64,26.09,25.44
"3412",125,1990,24.92,25.07,25.27,25.07
"3413",126,1990,24.79,25.18,25.75,24.8
"3414",127,1990,25.22,25.51,25.71,25.2
"3415",128,1990,24.61,24.93,25.42,24.32
"3416",129,1990,25.3,25.7,26.05,25.53
"3417",130,1990,24.98,25.7,25.93,25.55
"3418",131,1990,24.73,26.01,26.57,25.5
"3419",132,1990,24.46,25.05,25.62,24.6
"3420",133,1990,24.68,25.15,25.8,24.89
"3421",134,1990,24.79,25.53,25.64,25.41
"3422",135,1990,24.84,25.37,25.73,24.95
"3423",136,1990,25.15,25.08,25.9,24.68
"3424",137,1990,24.89,25.29,25.63,25.12
"3425",138,1990,24.61,24.83,24.86,24.7
"3426",139,1990,24.24,24.81,24.51,24.51
"3427",140,1990,24,24.56,24.74,24.28
"3428",141,1990,23.85,24.79,24.58,24.5
"3429",142,1990,23.43,23.9,24.17,23.66
"3430",143,1990,23.48,24.4,24.07,23.66
"3431",144,1990,23.92,24.46,24.41,24.25
"3432",145,1990,23.83,23.66,24.37,23.93
"3433",146,1990,23.78,24.07,23.39,24.61
"3434",147,1990,25.12,25.29,25,25.07
"3435",148,1990,25.21,25.35,25.22,25.36
"3436",149,1990,25.16,25.52,25.85,25.35
"3437",150,1990,24.84,25.8,25.96,25.44
"3438",151,1990,25.01,25.63,26.2,25.15
"3439",152,1990,24.65,25.16,25.81,24.93
"3440",153,1990,24.28,25.08,25.78,24.75
"3441",154,1990,24.3,25.89,26.12,25.31
"3442",155,1990,24.7,25.37,25.46,25.35
"3443",156,1990,24.56,24.79,25.22,25.01
"3444",157,1990,25.26,25.79,25.45,26.02
"3445",158,1990,24.96,25.55,25.31,25.53
"3446",159,1990,24.32,24.84,25.06,24.92
"3447",160,1990,24.32,24.78,25.14,24.35
"3448",161,1990,24.19,24.65,25.1,24.49
"3449",162,1990,24.06,24.36,24.78,23.83
"3450",163,1990,24.19,24.83,24.38,24.68
"3451",164,1990,24.49,25.16,25.13,25.03
"3452",165,1990,24.61,25.06,25.05,24.96
"3453",166,1990,24.38,24.79,24.99,24.89
"3454",167,1990,24.08,24.63,24.46,24.45
"3455",168,1990,24.27,25.01,24.81,25.18
"3456",169,1990,24.87,25.6,25.6,25.63
"3457",170,1990,25.19,25.75,25.76,25.75
"3458",171,1990,24.37,24.81,24.69,25.08
"3459",172,1990,24.27,24.69,24.83,24.75
"3460",173,1990,24.16,24.74,25.09,24.64
"3461",174,1990,23.79,24.48,25.01,24.1
"3462",175,1990,24.01,24.37,24.89,24.29
"3463",176,1990,24.6,25.19,25.32,24.86
"3464",177,1990,24.21,24.64,25.07,24.42
"3465",178,1990,23.92,24.4,24.54,24.09
"3466",179,1990,23.87,24.25,24.19,24.22
"3467",180,1990,24.33,24.53,24.61,24.33
"3468",181,1990,24.31,25.01,25.27,24.66
"3469",182,1990,24.24,24.93,24.86,24.85
"3470",183,1990,24.65,25,25.94,24.91
"3471",184,1990,24.27,25.19,25.41,24.61
"3472",185,1990,24.05,24.58,24.33,24.5
"3473",186,1990,24.01,24.79,24.38,24.83
"3474",187,1990,24.36,24.45,24.54,24.73
"3475",188,1990,24.75,25.19,25.13,25.19
"3476",189,1990,24.59,25.47,25.54,25.25
"3477",190,1990,24.49,25.89,25.54,25.75
"3478",191,1990,24.72,25.62,25.38,25.85
"3479",192,1990,24.4,25.27,25.36,25.23
"3480",193,1990,23.54,23.96,24.49,23.78
"3481",194,1990,23.18,23.82,23.58,23.75
"3482",195,1990,23.49,23.59,23.49,23.71
"3483",196,1990,24.25,24.6,24.49,24.47
"3484",197,1990,24.38,24.85,24.87,24.53
"3485",198,1990,24,24.39,24.94,24.39
"3486",199,1990,24.73,25.02,25.13,24.85
"3487",200,1990,24.87,24.92,25.34,24.99
"3488",201,1990,24.79,25.36,25.13,25.4
"3489",202,1990,24.27,25.21,24.7,25.01
"3490",203,1990,24.13,24.52,24.63,24.62
"3491",204,1990,23.7,24.22,24.02,23.92
"3492",205,1990,23.98,24.87,24.62,24.5
"3493",206,1990,23.72,24.5,24.4,24.56
"3494",207,1990,24.36,25.16,24.26,25.33
"3495",208,1990,24.45,25.2,24.46,25.33
"3496",209,1990,23.46,24.03,24.03,24.08
"3497",210,1990,23.47,24.3,23.59,24.3
"3498",211,1990,22.35,23.48,23.3,22.98
"3499",212,1990,21.54,22.96,23.04,22.52
"3500",213,1990,22.91,23.93,23.74,23.92
"3501",214,1990,23.74,24.49,24.14,24.14
"3502",215,1990,24.13,24.85,24.68,24.92
"3503",216,1990,24,24.79,24.73,24.56
"3504",217,1990,24.59,25.08,25.04,24.87
"3505",218,1990,24.62,25.13,25.25,25.17
"3506",219,1990,24.04,24.51,24.3,24.57
"3507",220,1990,24.24,24.69,24.68,24.67
"3508",221,1990,24.57,25.24,25.43,25.03
"3509",222,1990,24.08,24.52,24.66,24.57
"3510",223,1990,24.18,25.18,24.22,25.27
"3511",224,1990,24.23,24.74,25.11,24.97
"3512",225,1990,24.7,25.36,25.32,25.48
"3513",226,1990,24.92,25.42,25.21,25.77
"3514",227,1990,24.97,25.11,25.56,24.91
"3515",228,1990,25.15,25.56,25.78,25.49
"3516",229,1990,25.31,25.54,25.84,25.51
"3517",230,1990,25.18,25.47,26.14,25.21
"3518",231,1990,25.81,26.1,26.51,25.8
"3519",232,1990,24.85,25.28,25.75,25.35
"3520",233,1990,24.96,25.25,25.55,25.1
"3521",234,1990,24.62,25.01,25.29,24.96
"3522",235,1990,24.31,25.31,25.13,25.18
"3523",236,1990,24.42,25.18,24.68,25.23
"3524",237,1990,25.16,25.71,25.94,25.89
"3525",238,1990,25.74,26.39,26.72,26.09
"3526",239,1990,25.6,26.24,26.26,26.05
"3527",240,1990,24.99,25.46,25.08,25.44
"3528",241,1990,24.7,25.24,25.48,25.3
"3529",242,1990,24.99,25.25,25.72,25.31
"3530",243,1990,24.76,25.74,25.92,25.56
"3531",244,1990,24.47,25.63,25.41,25.54
"3532",245,1990,24.91,25.03,25.42,25.08
"3533",246,1990,24.91,25.94,25.9,25.79
"3534",247,1990,24.63,25.28,25.36,25.35
"3535",248,1990,24.25,24.84,24.69,25.32
"3536",249,1990,24.82,25.45,25.25,25.3
"3537",250,1990,25.67,26.15,25.97,25.94
"3538",251,1990,25.21,26.14,26.14,25.78
"3539",252,1990,24.35,24.87,24.78,24.8
"3540",253,1990,24.88,25.72,25.33,25.45
"3541",254,1990,25.22,25.77,25.89,25.73
"3542",255,1990,25.59,26.31,26.41,25.93
"3543",256,1990,25.26,26.01,25.85,25.53
"3544",257,1990,24.21,24.81,25.03,24.83
"3545",258,1990,23.28,24.3,24.45,24.12
"3546",259,1990,23.17,24.21,23.85,24.09
"3547",260,1990,24.6,25.2,24.89,25.02
"3548",261,1990,25.31,25.84,25.78,25.92
"3549",262,1990,25.07,25.49,25.64,25.31
"3550",263,1990,25.15,25.56,25.97,25.66
"3551",264,1990,25.53,26.24,26.33,26.17
"3552",265,1990,25.09,25.64,25.5,25.69
"3553",266,1990,25.29,25.84,25.83,25.71
"3554",267,1990,24.93,25.58,25.44,25.7
"3555",268,1990,24.05,24.68,24.55,24.78
"3556",269,1990,24.56,25.39,24.91,25.28
"3557",270,1990,24.82,25.48,25.64,25.44
"3558",271,1990,24.61,24.98,25.03,24.72
"3559",272,1990,25.22,25.54,25.33,25.59
"3560",273,1990,25.97,26.38,26.22,26.27
"3561",274,1990,24.94,25.65,25.77,25.22
"3562",275,1990,24.97,25.44,25.31,25.46
"3563",276,1990,25.18,25.88,25.59,25.97
"3564",277,1990,25.54,26.13,25.96,26.07
"3565",278,1990,26.02,26.57,26.22,26.57
"3566",279,1990,26.23,26.6,26.69,26.61
"3567",280,1990,25.66,26.22,26.12,26.27
"3568",281,1990,25.19,25.79,25.49,25.69
"3569",282,1990,25.52,26.13,25.64,26.3
"3570",283,1990,26.21,26.58,26.42,26.6
"3571",284,1990,25.68,26.24,26.29,26.16
"3572",285,1990,25.65,25.88,26.15,25.63
"3573",286,1990,25.91,26.49,26.27,26.41
"3574",287,1990,25.72,26.61,26.59,26.2
"3575",288,1990,26.48,27.01,26.75,26.83
"3576",289,1990,25.94,26.61,26.88,26.75
"3577",290,1990,25.09,25.79,25.67,25.97
"3578",291,1990,25.62,25.86,25.7,25.62
"3579",292,1990,25.58,26.13,26.12,25.99
"3580",293,1990,25.13,25.72,25.31,25.77
"3581",294,1990,24.97,25.45,25.47,25.36
"3582",295,1990,24.76,25.03,24.7,25.41
"3583",296,1990,25.25,25.6,25.27,25.66
"3584",297,1990,25.4,25.91,26,25.75
"3585",298,1990,24.85,25.55,24.86,25.72
"3586",299,1990,25,25.66,25.36,25.55
"3587",300,1990,25.79,26.32,26.04,26.34
"3588",301,1990,25.55,26.13,25.92,26.05
"3589",302,1990,25.86,26.42,26.12,26.22
"3590",303,1990,25.95,26.52,26.36,26.44
"3591",304,1990,24.99,25.68,25.62,25.37
"3592",305,1990,25.44,25.55,25.69,25.18
"3593",306,1990,25.62,26.47,26.28,26.14
"3594",307,1990,25.46,26.52,26.18,26.35
"3595",308,1990,25.67,26.16,26.16,26.3
"3596",309,1990,25.49,25.9,25.95,25.74
"3597",310,1990,25.08,25.46,25.66,25.24
"3598",311,1990,24.79,25.39,25.4,25.43
"3599",312,1990,24.63,25.17,25.13,25.08
"3600",313,1990,25.33,25.71,25.66,25.66
"3601",314,1990,25.28,25.94,25.95,25.51
"3602",315,1990,25.09,25.66,25.59,25.49
"3603",316,1990,25.27,25.44,25.78,25.4
"3604",317,1990,25.4,25.65,25.82,25.57
"3605",318,1990,25.34,25.78,25.71,25.67
"3606",319,1990,25.16,25.44,25.59,25.35
"3607",320,1990,25.3,25.76,26.01,25.48
"3608",321,1990,25.19,25.57,25.83,25.5
"3609",322,1990,25.43,25.71,25.9,25.69
"3610",323,1990,24.92,25.16,25.69,25.12
"3611",324,1990,24.79,25.4,25.46,25.47
"3612",325,1990,25.14,25.76,25.9,25.71
"3613",326,1990,25.06,25.94,26,25.57
"3614",327,1990,25.19,25.73,26.01,25.47
"3615",328,1990,24.72,25.53,25.68,24.96
"3616",329,1990,24.7,25.28,25.69,25.05
"3617",330,1990,24.21,24.76,25.27,24.41
"3618",331,1990,25.31,25.7,26.15,25.46
"3619",332,1990,25.49,25.83,26.13,25.38
"3620",333,1990,25.06,25.55,25.71,25.22
"3621",334,1990,25.06,25.51,25.86,25.49
"3622",335,1990,25.06,25.36,25.5,25.47
"3623",336,1990,24.63,25.04,25.33,24.75
"3624",337,1990,24.42,24.56,24.88,24.52
"3625",338,1990,24.76,25,25.26,24.68
"3626",339,1990,24.39,24.86,25.56,24.4
"3627",340,1990,24.54,25,25.56,24.75
"3628",341,1990,25.28,25.41,25.83,25.18
"3629",342,1990,25.78,25.85,26.19,25.68
"3630",343,1990,25.76,25.61,25.82,25.67
"3631",344,1990,25.57,25.54,25.69,25.59
"3632",345,1990,25.63,25.38,25.49,25.42
"3633",346,1990,25.36,25.46,26.08,24.94
"3634",347,1990,25.02,25.5,25.97,25.2
"3635",348,1990,24.79,25.41,25.67,25.21
"3636",349,1990,25,25.57,25.89,25.47
"3637",350,1990,24.85,25.16,25.86,24.93
"3638",351,1990,24.37,24.99,25.63,24.7
"3639",352,1990,24.44,25.32,25.5,25.05
"3640",353,1990,24.72,25.43,25.63,25.1
"3641",354,1990,25.03,25.64,25.92,25.41
"3642",355,1990,25.46,25.91,26.15,25.69
"3643",356,1990,25.39,25.38,26.02,25.25
"3644",357,1990,25.45,25.12,26.17,25.02
"3645",358,1990,25.65,25.38,26.34,25.07
"3646",359,1990,25.25,25.86,26.36,25.39
"3647",360,1990,23.94,24.65,25.48,24.54
"3648",361,1990,24.34,24.94,25.77,24.62
"3649",362,1990,25.02,25.63,26.19,25.45
"3650",363,1990,25.31,25.87,26.41,25.54
"3651",364,1990,24.75,25.53,26.54,25.08
"3652",365,1990,24.22,25.34,26.21,24.89
"3653",1,1991,24.74,25.78,26.43,25.51
"3654",2,1991,25.53,26.29,26.99,26.14
"3655",3,1991,25.85,26.58,27.27,26.11
"3656",4,1991,25.95,26.49,27.43,26.17
"3657",5,1991,25.95,26.71,27.32,26.27
"3658",6,1991,25.98,26.71,27.21,26.24
"3659",7,1991,26.19,26.91,27.39,26.67
"3660",8,1991,26.36,27.15,27.84,26.71
"3661",9,1991,26.61,27.66,28,27.09
"3662",10,1991,26.44,27.36,27.8,26.85
"3663",11,1991,26.65,27.37,27.88,26.83
"3664",12,1991,26.62,27.41,27.92,26.78
"3665",13,1991,26.47,27.24,27.52,26.89
"3666",14,1991,26.63,27.51,27.73,27.09
"3667",15,1991,26.86,27.59,27.76,27.02
"3668",16,1991,27.05,27.76,27.72,27.16
"3669",17,1991,27.03,27.77,27.66,27.51
"3670",18,1991,27.15,27.58,27.81,27.27
"3671",19,1991,27.53,28.07,28.32,27.59
"3672",20,1991,27.38,27.75,28.19,27.41
"3673",21,1991,27.92,28.2,29.01,27.72
"3674",22,1991,27.9,28.66,28.88,28
"3675",23,1991,27.96,29.15,28.7,28.66
"3676",24,1991,27.89,28.71,28.43,28.48
"3677",25,1991,28.19,28.82,28.45,28.26
"3678",26,1991,28.06,28.74,28.57,28.3
"3679",27,1991,28.3,29.3,29.19,28.9
"3680",28,1991,28.57,29.16,28.77,29.2
"3681",29,1991,28.75,28.99,28.76,28.77
"3682",30,1991,28.81,28.92,28.8,28.55
"3683",31,1991,28.88,28.86,28.54,28.71
"3684",32,1991,28.36,28.11,27.97,28.18
"3685",33,1991,28.04,27.99,28.02,27.74
"3686",34,1991,28.44,28.45,28.27,28.62
"3687",35,1991,29.06,28.76,28.65,29.07
"3688",36,1991,29.21,29.08,28.66,29.16
"3689",37,1991,29.61,29.68,29.27,29.45
"3690",38,1991,29.44,29.81,29.33,29.67
"3691",39,1991,28.15,29.18,29.09,28.82
"3692",40,1991,28.43,29.69,29.33,29.18
"3693",41,1991,28.36,30.4,29.22,30.14
"3694",42,1991,28.22,30.15,29.25,29.93
"3695",43,1991,25.47,27.34,27.6,26.95
"3696",44,1991,25.86,27.79,28.32,27.23
"3697",45,1991,26.26,28.16,28.44,27.63
"3698",46,1991,26.44,28.42,28.72,28.06
"3699",47,1991,25.94,28.12,28.73,27.67
"3700",48,1991,25.01,27.11,28.18,26.25
"3701",49,1991,26.4,28.11,28.72,27.47
"3702",50,1991,26.67,28.28,28.39,27.92
"3703",51,1991,27.15,28.74,28.95,28.26
"3704",52,1991,27.74,29.14,29.35,28.91
"3705",53,1991,26.95,29.06,28.48,28.91
"3706",54,1991,25.69,27.4,27.6,27.47
"3707",55,1991,24.64,25.47,25.35,24.83
"3708",56,1991,24.99,25.5,26.11,24.9
"3709",57,1991,24.99,25.55,26.06,25.4
"3710",58,1991,25.68,26.38,27.33,26.14
"3711",59,1991,25.73,27.02,27.94,26.32
"3712",60,1991,26.59,27.86,28.49,27.27
"3713",61,1991,26.91,27.78,28.36,27.28
"3714",62,1991,27.22,28.07,28.56,27.71
"3715",63,1991,27.17,28.34,28.79,27.9
"3716",64,1991,26.64,28.52,28.58,28.21
"3717",65,1991,25.01,25.84,25.93,25.77
"3718",66,1991,24.73,24.75,26,24.43
"3719",67,1991,25.1,25.76,26.39,25.46
"3720",68,1991,25.22,26.52,26.69,26.2
"3721",69,1991,24.51,25.21,25.49,25.05
"3722",70,1991,25.13,25.38,25.28,25.38
"3723",71,1991,24.47,24.6,25.39,24.18
"3724",72,1991,24.35,25.05,25.24,24.63
"3725",73,1991,25.64,26.26,26.55,25.62
"3726",74,1991,26.22,26.69,26.93,26.59
"3727",75,1991,26.54,26.63,26.9,26.78
"3728",76,1991,26.86,27.21,27.78,26.64
"3729",77,1991,26.95,27.36,27.86,26.94
"3730",78,1991,26.89,27.35,27.56,27.14
"3731",79,1991,26.91,27.12,27.94,26.96
"3732",80,1991,27.21,27.55,28.55,27.07
"3733",81,1991,26.75,28.27,28.8,27.4
"3734",82,1991,27.22,28.3,28.7,28.05
"3735",83,1991,27.46,28.28,28.33,27.75
"3736",84,1991,27.82,28.86,28.7,28.05
"3737",85,1991,28.09,29.37,29.5,28.55
"3738",86,1991,26.82,28.88,28.7,28.08
"3739",87,1991,23.84,24.87,25.58,24.19
"3740",88,1991,25.27,26.64,27.38,25.69
"3741",89,1991,26.52,27.28,27.94,26.57
"3742",90,1991,26.8,27.58,27.86,27.03
"3743",91,1991,26.82,27.53,28.16,26.98
"3744",92,1991,26.79,27.76,28.57,27.04
"3745",93,1991,26.63,28.12,28.29,27.38
"3746",94,1991,25.5,26.88,26.75,26.17
"3747",95,1991,24.93,25.34,25.63,25.14
"3748",96,1991,24.39,24.83,24.99,24.72
"3749",97,1991,24.24,25.15,24.83,25.44
"3750",98,1991,25,25.5,25.44,25.72
"3751",99,1991,24.6,25.14,25.53,24.61
"3752",100,1991,24.44,24.66,25.09,24.42
"3753",101,1991,24.66,25.06,25.84,24.66
"3754",102,1991,24.81,25.51,25.7,25.17
"3755",103,1991,24.61,25.17,25.49,24.9
"3756",104,1991,25.12,25.98,26.65,25.43
"3757",105,1991,24.96,26.03,26.8,25.21
"3758",106,1991,24.59,25.01,25.46,24.74
"3759",107,1991,25.27,26.02,25.87,25.77
"3760",108,1991,25.33,26.13,26.46,25.55
"3761",109,1991,25.13,25.73,25.9,25.5
"3762",110,1991,24.58,25.26,25.83,24.76
"3763",111,1991,24.08,24.76,24.01,24.81
"3764",112,1991,23.83,24.17,24.05,24.79
"3765",113,1991,24.26,25.02,24.79,24.97
"3766",114,1991,24.86,25.73,25.8,25.14
"3767",115,1991,25.26,26.2,26.52,25.78
"3768",116,1991,25.38,26.15,26.61,25.91
"3769",117,1991,24.6,25.57,25.99,24.89
"3770",118,1991,24.73,25.55,25.82,25
"3771",119,1991,24.83,25.27,25.81,24.97
"3772",120,1991,24.38,24.97,25.96,24.64
"3773",121,1991,24.29,25.01,25.39,24.34
"3774",122,1991,25.21,25.38,25.85,24.99
"3775",123,1991,25.76,26.59,26.69,26.1
"3776",124,1991,25.35,26.17,26.09,26.1
"3777",125,1991,25.35,25.68,25.8,25.44
"3778",126,1991,25.39,25.79,26.07,25.51
"3779",127,1991,24.23,24.89,25.57,24.39
"3780",128,1991,23.97,24.98,25.31,24.7
"3781",129,1991,23.89,24.47,24.43,23.89
"3782",130,1991,24.35,25,24.55,24.9
"3783",131,1991,24.76,25.31,25.34,25.34
"3784",132,1991,23.76,24.15,24.35,24.49
"3785",133,1991,24.86,25.23,25.61,25.03
"3786",134,1991,25.31,26.06,26.7,25.38
"3787",135,1991,24.84,25.3,25.62,24.91
"3788",136,1991,24.78,25.16,25.01,24.97
"3789",137,1991,24.53,25.19,26.11,24.73
"3790",138,1991,24.61,25.8,25.87,25.33
"3791",139,1991,25.24,26.05,26.47,25.68
"3792",140,1991,25.18,25.71,26.28,25.63
"3793",141,1991,24.64,25.03,25.26,24.93
"3794",142,1991,24.59,25.01,25.22,24.95
"3795",143,1991,24.58,25.49,25.98,24.94
"3796",144,1991,24.19,24.79,25.17,24.71
"3797",145,1991,24.6,25.04,25.54,24.93
"3798",146,1991,25.01,25.38,25.63,25.14
"3799",147,1991,25.19,25.81,25.98,25.81
"3800",148,1991,25.17,25.9,26.25,25.62
"3801",149,1991,25.11,25.57,25.7,25.35
"3802",150,1991,25.17,25.57,25.21,25.67
"3803",151,1991,24.34,24.73,24.71,24.82
"3804",152,1991,25.22,25.7,25.29,25.78
"3805",153,1991,24.59,25.72,25.87,25.04
"3806",154,1991,25.43,26.33,26.31,25.79
"3807",155,1991,25.87,26.77,26.87,26.55
"3808",156,1991,25.37,26.27,26.16,26.33
"3809",157,1991,25.06,25.58,26.03,25.16
"3810",158,1991,25.41,25.99,26.25,25.75
"3811",159,1991,25.03,25.29,25.8,25.09
"3812",160,1991,24.18,25.17,24.54,25.02
"3813",161,1991,23.77,23.99,24.57,23.73
"3814",162,1991,23.68,24.18,24,23.58
"3815",163,1991,24.61,25,24.86,24.88
"3816",164,1991,24.31,25.01,24.61,25.21
"3817",165,1991,23.73,24.4,24.82,24.15
"3818",166,1991,24.12,24.49,24.54,24.16
"3819",167,1991,24.11,24.39,24.9,23.71
"3820",168,1991,23.93,24.11,24.44,23.47
"3821",169,1991,24.51,24.5,25.08,24.11
"3822",170,1991,24.76,25.15,25.38,24.78
"3823",171,1991,25.33,25.5,26.13,25.21
"3824",172,1991,25.21,26,26.21,25.78
"3825",173,1991,24.51,25.08,25.31,25.22
"3826",174,1991,24.18,24.84,25.12,24.84
"3827",175,1991,23.31,23.77,23.95,23.39
"3828",176,1991,23.31,23.46,24.41,23.07
"3829",177,1991,24.31,24.5,24.69,24.5
"3830",178,1991,23.74,24.11,24.02,24.15
"3831",179,1991,23.6,24.04,24.08,23.61
"3832",180,1991,23.53,23.96,24.14,23.91
"3833",181,1991,23.47,24.29,23.83,24.19
"3834",182,1991,23.13,24.02,23.1,24.18
"3835",183,1991,22.6,23.43,23.21,23.29
"3836",184,1991,23.1,23.93,23.72,24.11
"3837",185,1991,23.03,23.72,23.46,23.71
"3838",186,1991,23.53,24.38,24.51,24.24
"3839",187,1991,23.13,23.58,24.12,23.41
"3840",188,1991,23.28,23.7,24.08,23.65
"3841",189,1991,23.83,24.44,23.89,24.61
"3842",190,1991,23.81,24.37,24.57,23.92
"3843",191,1991,23.98,24.41,24.88,24.05
"3844",192,1991,24.01,24.67,25.34,24.32
"3845",193,1991,23.78,24.51,24.72,24.25
"3846",194,1991,23.42,24.14,24.28,23.84
"3847",195,1991,23.42,24.03,23.83,23.69
"3848",196,1991,23.33,24.09,24.14,23.93
"3849",197,1991,23.54,24.36,24.04,24.39
"3850",198,1991,23.1,23.82,23.64,23.88
"3851",199,1991,23.55,23.53,23.91,23.68
"3852",200,1991,24.34,24.62,24.79,24.43
"3853",201,1991,24.12,24.86,25,24.36
"3854",202,1991,23.8,24.17,24.71,23.75
"3855",203,1991,24.28,24.67,24.88,24.6
"3856",204,1991,23.92,24.38,24.69,24.09
"3857",205,1991,23.91,24.55,24.47,23.92
"3858",206,1991,23.81,24.42,24.66,24.16
"3859",207,1991,23.82,24.55,24.93,24.29
"3860",208,1991,24.07,24.81,25.02,24.34
"3861",209,1991,23.93,24.56,24.72,24.1
"3862",210,1991,24.52,25.11,24.72,25.03
"3863",211,1991,24.19,24.75,24.6,24.73
"3864",212,1991,24.1,24.11,24.66,24.11
"3865",213,1991,24.45,24.79,25.18,24.81
"3866",214,1991,23.96,24.66,24.48,24.58
"3867",215,1991,23.77,24.21,24.19,24
"3868",216,1991,23.29,24.27,23.69,24.12
"3869",217,1991,23.69,24.4,24.54,24.23
"3870",218,1991,23.4,23.54,24.04,22.89
"3871",219,1991,23.56,23.85,24.46,23.47
"3872",220,1991,23.8,23.98,24.79,23.79
"3873",221,1991,24.31,24.87,25.09,24.87
"3874",222,1991,24.55,24.96,24.94,24.73
"3875",223,1991,24.15,24.57,24.68,24.6
"3876",224,1991,24.52,24.98,24.72,25.1
"3877",225,1991,24.59,25.14,25.21,24.91
"3878",226,1991,23.43,24.28,23.89,24.23
"3879",227,1991,23.73,24.58,24.01,24.7
"3880",228,1991,23.88,24.82,24.03,24.96
"3881",229,1991,23.73,24.18,23.94,24.73
"3882",230,1991,24.11,24.86,24.59,25.15
"3883",231,1991,23.58,24.28,23.98,24.89
"3884",232,1991,23.31,23.47,23.72,23.71
"3885",233,1991,23.91,24.53,24.55,24.52
"3886",234,1991,24.4,25.27,25.04,25.16
"3887",235,1991,24.72,25.18,25.45,25.13
"3888",236,1991,24.21,24.96,24.87,24.64
"3889",237,1991,23.9,24.36,24.56,24.71
"3890",238,1991,24.87,25.52,25.35,25.55
"3891",239,1991,25.59,26.14,26.3,25.66
"3892",240,1991,24.94,25.1,24.89,25.95
"3893",241,1991,24.85,25.17,25.42,25.01
"3894",242,1991,24.23,24.83,24.77,24.81
"3895",243,1991,24.21,24.59,24.44,24.68
"3896",244,1991,23.96,24.5,23.65,25.04
"3897",245,1991,24.51,25.12,24.63,25.16
"3898",246,1991,25.11,25.87,25.47,25.44
"3899",247,1991,24.67,25.21,25.19,24.95
"3900",248,1991,25.02,25.61,25.7,25.34
"3901",249,1991,24.57,25.26,25.19,25.01
"3902",250,1991,24.73,25.28,25.44,25.25
"3903",251,1991,25.14,25.85,25.96,25.96
"3904",252,1991,24.59,25.05,25.22,24.88
"3905",253,1991,24,24.46,24.39,24.4
"3906",254,1991,24.29,25.01,25.1,24.93
"3907",255,1991,24.42,25.26,24.97,25.08
"3908",256,1991,24.79,25.31,24.85,25.63
"3909",257,1991,24.82,25.3,25.27,25.35
"3910",258,1991,24.49,24.96,24.94,24.74
"3911",259,1991,24.48,24.98,24.95,25.08
"3912",260,1991,24.97,25.5,25.69,25.36
"3913",261,1991,24.93,25.52,25.88,25.2
"3914",262,1991,24.56,25.08,25.57,25.01
"3915",263,1991,23.84,24.15,24.41,23.89
"3916",264,1991,24.31,24.63,24.55,24.77
"3917",265,1991,24.69,24.89,25.25,24.75
"3918",266,1991,24.93,25.34,25.45,25.43
"3919",267,1991,24.82,25.23,25.62,25.25
"3920",268,1991,24.96,25.36,25.19,25.32
"3921",269,1991,25.08,25.61,25.54,25.55
"3922",270,1991,25.53,25.73,25.72,25.95
"3923",271,1991,25.94,26.33,26.7,26.27
"3924",272,1991,25.27,26.23,26.77,25.77
"3925",273,1991,25.51,26.3,26.38,26.21
"3926",274,1991,25.79,26.23,26.33,26.16
"3927",275,1991,26.03,26.64,26.71,26.23
"3928",276,1991,26.08,26.74,26.76,26.53
"3929",277,1991,25.99,26.94,26.9,26.64
"3930",278,1991,25.79,26.61,26.27,26.27
"3931",279,1991,26.2,26.45,26.58,26.21
"3932",280,1991,26.31,26.44,27.11,25.89
"3933",281,1991,24.78,25.35,25.42,25.11
"3934",282,1991,23.8,24.29,23.96,24.52
"3935",283,1991,24.17,24.54,24.96,24.41
"3936",284,1991,24.67,25.41,25.21,25.22
"3937",285,1991,24.72,25.03,25.16,25.26
"3938",286,1991,24.76,25.32,25.42,25.19
"3939",287,1991,25.31,25.81,25.27,25.89
"3940",288,1991,25.88,26.21,25.9,26.14
"3941",289,1991,24.86,25.05,25.65,24.94
"3942",290,1991,24.41,24.7,25.13,24.74
"3943",291,1991,24.06,24.24,24.85,24.14
"3944",292,1991,23.83,24.34,24.71,24.16
"3945",293,1991,24.51,25.07,25.33,24.97
"3946",294,1991,24.19,24.94,24.99,24.85
"3947",295,1991,24.03,24.35,24.44,24.3
"3948",296,1991,24.52,25.02,25.05,25.12
"3949",297,1991,24.98,25.56,25.48,25.47
"3950",298,1991,24.73,25.44,25.53,25.49
"3951",299,1991,24.04,24.51,24.59,24.14
"3952",300,1991,24.07,24.38,24.7,24.54
"3953",301,1991,24.4,24.94,24.97,24.89
"3954",302,1991,24.57,25.16,25.23,25.06
"3955",303,1991,24.56,25.04,24.81,25.38
"3956",304,1991,24.82,25.22,25.15,25.11
"3957",305,1991,24.79,25.61,25.43,25.35
"3958",306,1991,24.88,26.06,25.68,25.92
"3959",307,1991,25.01,25.89,25.88,25.71
"3960",308,1991,24.72,25.44,25.34,25.32
"3961",309,1991,24.78,25.37,25.34,25.24
"3962",310,1991,24.97,25.66,25.45,25.74
"3963",311,1991,24.83,25.07,25.21,24.87
"3964",312,1991,24.93,25.75,25.38,25.72
"3965",313,1991,24.63,25.43,25.08,25.32
"3966",314,1991,24.66,25.54,25.41,25.48
"3967",315,1991,25.44,26.03,26.09,25.98
"3968",316,1991,26.21,26.48,26.42,26.3
"3969",317,1991,26.29,26.53,26.45,26.52
"3970",318,1991,26.14,26.54,26.42,26.36
"3971",319,1991,25.25,26.03,26.17,26.02
"3972",320,1991,24.6,25.5,25.4,25.52
"3973",321,1991,24.97,25.42,25.22,25.49
"3974",322,1991,25.5,25.85,25.76,25.68
"3975",323,1991,25.11,25.45,26.01,25.54
"3976",324,1991,24.74,25.08,25.48,25.12
"3977",325,1991,24.1,24.64,24.76,24.11
"3978",326,1991,24.54,24.61,24.81,24.36
"3979",327,1991,25.35,25.7,25.39,25.57
"3980",328,1991,25.71,26.18,25.97,25.93
"3981",329,1991,25.41,26.06,26.04,26.02
"3982",330,1991,24.83,25.11,25.21,25.09
"3983",331,1991,24.75,25.1,25.27,24.97
"3984",332,1991,24.92,25.36,25.94,25.16
"3985",333,1991,25,25.58,25.88,25.28
"3986",334,1991,25.1,25.9,25.99,25.5
"3987",335,1991,25.26,25.5,25.77,25.28
"3988",336,1991,25.12,25.58,25.93,25.39
"3989",337,1991,25.26,25.69,26.03,25.59
"3990",338,1991,25.5,25.59,25.98,25.48
"3991",339,1991,25.72,25.57,26.23,25.39
"3992",340,1991,25.84,25.9,26.22,25.83
"3993",341,1991,25.68,25.96,26.24,25.76
"3994",342,1991,25.64,25.86,25.72,26
"3995",343,1991,25.4,25.76,25.75,25.78
"3996",344,1991,25.78,25.86,25.82,26.11
"3997",345,1991,26.07,26.08,26.16,26.06
"3998",346,1991,26.33,26.34,26.58,26.14
"3999",347,1991,26.23,26.46,26.63,26.23
"4000",348,1991,26.25,26.37,26.68,26.19
"4001",349,1991,26.21,26.3,26.59,25.92
"4002",350,1991,26.03,26.22,26.29,25.98
"4003",351,1991,25.55,26.31,25.91,26.23
"4004",352,1991,25.59,26.06,26.05,26.02
"4005",353,1991,26.38,26.61,26.18,26.51
"4006",354,1991,25.94,25.89,25.83,25.9
"4007",355,1991,25.95,26.12,26.23,25.91
"4008",356,1991,25.94,25.75,26.44,25.26
"4009",357,1991,26.2,26.36,26.43,26.13
"4010",358,1991,26.44,26.64,26.88,26.33
"4011",359,1991,26.04,26.66,26.87,26.16
"4012",360,1991,25.28,26.2,26.49,26.01
"4013",361,1991,25.34,26.25,26.56,26.44
"4014",362,1991,25.82,26.99,26.93,26.82
"4015",363,1991,26.4,27.07,27.4,27.01
"4016",364,1991,26.51,26.93,27.44,26.84
"4017",365,1991,26.27,27.08,27.36,27.11
"4018",1,1992,26.12,27.34,26.98,27.4
"4019",2,1992,25.77,26.91,26.57,26.5
"4020",3,1992,26.22,27.44,26.69,26.99
"4021",4,1992,25.8,26.77,26.91,26.61
"4022",5,1992,24.63,25.16,25.18,25.15
"4023",6,1992,24.49,24.82,25.36,24.64
"4024",7,1992,24.84,25.66,26.02,25.09
"4025",8,1992,25.63,26.2,26.21,26.29
"4026",9,1992,25.43,25.44,26.16,25.44
"4027",10,1992,25.93,26.13,26.88,25.71
"4028",11,1992,26.24,26.67,26.97,26.37
"4029",12,1992,26.29,26.35,26.77,26.2
"4030",13,1992,26.1,26.32,26.82,26.13
"4031",14,1992,26.12,26.59,26.79,26.18
"4032",15,1992,26.43,26.65,27.01,26.23
"4033",16,1992,26.76,26.92,27.55,26.3
"4034",17,1992,27.14,27.5,27.8,27.18
"4035",18,1992,27.09,27.62,27.67,27.48
"4036",19,1992,26.94,27.06,27.55,26.96
"4037",20,1992,27.53,27.94,27.91,27.74
"4038",21,1992,27.99,28.38,28.19,27.94
"4039",22,1992,28.23,28.66,28.27,28.49
"4040",23,1992,28.33,29,28.57,28.68
"4041",24,1992,28.53,28.63,28.25,28.85
"4042",25,1992,28.64,28.81,28.31,28.78
"4043",26,1992,28.25,28.3,27.97,28.32
"4044",27,1992,27.78,27.97,27.72,27.51
"4045",28,1992,27.93,28.25,28.11,28.06
"4046",29,1992,28.33,28.7,28.62,28.2
"4047",30,1992,28.66,29.1,28.64,28.93
"4048",31,1992,29.01,29.28,28.35,29.45
"4049",32,1992,29.43,29.36,28.5,29.24
"4050",33,1992,29.56,29.47,28.75,29.65
"4051",34,1992,29.82,29.39,28.78,29.69
"4052",35,1992,29.88,29.61,29.05,29.91
"4053",36,1992,30.15,30.05,29.59,30.13
"4054",37,1992,29.46,30.22,29.57,30.14
"4055",38,1992,26.67,27.3,27.06,27.94
"4056",39,1992,26.53,27.6,27.51,27.58
"4057",40,1992,27.29,28.34,27.55,28.48
"4058",41,1992,27.52,27.9,27.51,28.14
"4059",42,1992,28.28,28.48,28.36,28.62
"4060",43,1992,28.62,29.06,28.79,29.08
"4061",44,1992,28.82,29.48,29.03,29.51
"4062",45,1992,29.01,29.67,28.9,29.36
"4063",46,1992,28.65,29.26,28.72,29.71
"4064",47,1992,28.93,29.22,29.23,29.17
"4065",48,1992,29.3,29.75,29.43,29.71
"4066",49,1992,29.22,29.8,29.08,29.98
"4067",50,1992,28.66,29.07,28.72,29.11
"4068",51,1992,29.15,29.5,29.18,29.29
"4069",52,1992,29.17,29.93,29.22,29.65
"4070",53,1992,28.94,29.86,29.11,29.91
"4071",54,1992,28.92,29.9,29.41,29.57
"4072",55,1992,28.59,30.25,29.74,29.35
"4073",56,1992,27.39,29.28,29.05,29.2
"4074",57,1992,27.53,30.17,29.52,30.34
"4075",58,1992,27.58,30.66,29.82,30.77
"4076",59,1992,26.47,30.02,29.25,29.9
"4077",60,1992,25.16,27.08,27.28,26.69
"4078",61,1992,24.09,25.68,26.14,24.76
"4079",62,1992,25.49,27.28,27.12,26.43
"4080",63,1992,26.3,28.31,28.66,27.2
"4081",64,1992,26.2,28.57,28.36,27.39
"4082",65,1992,26.55,29.4,28.93,28.3
"4083",66,1992,26.21,28.54,27.88,28.21
"4084",67,1992,25.61,26.92,26.84,26.13
"4085",68,1992,24.84,25.58,26.17,24.54
"4086",69,1992,25.74,27.21,27.27,26.05
"4087",70,1992,26.12,27.69,27.74,26.58
"4088",71,1992,25.95,27.54,27.52,26.62
"4089",72,1992,25.55,26.65,27.16,26.11
"4090",73,1992,25.45,27.29,27.41,26.26
"4091",74,1992,25.44,27.04,27.42,26.69
"4092",75,1992,25.47,26.99,27.02,26.2
"4093",76,1992,26.6,28.2,28.23,27.37
"4094",77,1992,27.05,28.52,28.81,27.43
"4095",78,1992,26.91,28.63,29.12,27.39
"4096",79,1992,26.72,29.2,29.48,27.84
"4097",80,1992,26.97,29.41,29.18,28.45
"4098",81,1992,27.63,29.9,30.08,28.39
"4099",82,1992,27.82,29.96,30.18,28.4
"4100",83,1992,27.95,30.17,30.02,28.32
"4101",84,1992,27.59,29.9,30.04,28.09
"4102",85,1992,27.62,30.14,30.53,27.89
"4103",86,1992,28.55,31.24,30.76,29.31
"4104",87,1992,28.85,31.82,30.92,30.38
"4105",88,1992,28.63,31.38,31.29,30.17
"4106",89,1992,28.43,31.45,31.44,30.36
"4107",90,1992,26.47,30.02,29.69,28.94
"4108",91,1992,25.61,27.35,28.16,26.41
"4109",92,1992,25,26.34,26.47,25.98
"4110",93,1992,25.85,26.85,27.36,25.85
"4111",94,1992,26.3,27.64,28.45,26.59
"4112",95,1992,25.99,27.2,27.93,26.4
"4113",96,1992,26.23,27.23,27.66,27.11
"4114",97,1992,25.55,26.74,26.95,26.68
"4115",98,1992,25.29,26.16,27.13,25.45
"4116",99,1992,25.25,26.33,26.93,25.89
"4117",100,1992,25.36,25.96,26.84,25.63
"4118",101,1992,25.17,26.11,26.87,25.75
"4119",102,1992,25.35,27.14,27.72,26.43
"4120",103,1992,26.09,27.5,28.39,27.02
"4121",104,1992,26.61,27.73,28.55,27.16
"4122",105,1992,26.91,27.96,28.61,27.41
"4123",106,1992,27.11,28.07,28.47,27.46
"4124",107,1992,25.91,26.67,27.08,26.21
"4125",108,1992,25.56,26.51,25.87,26.25
"4126",109,1992,25.53,25.98,26.82,25.49
"4127",110,1992,25.28,26.2,26.22,26.05
"4128",111,1992,25.94,26.68,27.02,26.53
"4129",112,1992,27.28,27.45,28.03,27.25
"4130",113,1992,25.69,26.44,27.11,26.03
"4131",114,1992,25.42,25.8,26.27,25.78
"4132",115,1992,25.02,25.56,26.12,25.07
"4133",116,1992,25.06,25.35,25.85,25.31
"4134",117,1992,25.14,25.51,25.4,25.43
"4135",118,1992,24.29,24.29,24.87,24.43
"4136",119,1992,24.17,24.53,24.71,24.91
"4137",120,1992,25.92,26.42,26.43,26.49
"4138",121,1992,27.31,27.69,27.59,27.65
"4139",122,1992,27.54,27.43,27.89,27.32
"4140",123,1992,26.22,27.42,27.39,27.13
"4141",124,1992,25.22,25.56,26,25.47
"4142",125,1992,25.47,25.9,25.72,26
"4143",126,1992,25.91,25.93,26.5,25.82
"4144",127,1992,25.02,25.57,25.91,25.19
"4145",128,1992,25.16,26,25.93,25.73
"4146",129,1992,25.64,26.17,26.45,25.88
"4147",130,1992,24.64,25.2,25.48,24.68
"4148",131,1992,24.98,25.44,25.67,25.26
"4149",132,1992,25.36,25.71,25.81,25.34
"4150",133,1992,25.59,26.04,26.15,25.63
"4151",134,1992,25.59,26.12,26.27,25.66
"4152",135,1992,25,25.42,25.37,25.95
"4153",136,1992,24.71,24.87,25.23,24.86
"4154",137,1992,24.95,25.42,25.35,25.83
"4155",138,1992,24.47,24.88,25.2,24.95
"4156",139,1992,25.45,25.77,25.53,25.81
"4157",140,1992,25.67,26.28,26.23,26.1
"4158",141,1992,24.89,25.35,25.5,25.42
"4159",142,1992,25.3,25.71,25.55,25.74
"4160",143,1992,25.16,25.64,25.56,25.58
"4161",144,1992,25.8,26.02,26.28,25.75
"4162",145,1992,25.7,26.5,26.39,26.52
"4163",146,1992,26.04,26.48,26.62,26.51
"4164",147,1992,25.67,26.56,26.36,26.5
"4165",148,1992,25.41,25.42,25.2,25.97
"4166",149,1992,25.81,26.1,26.35,25.87
"4167",150,1992,25.96,26.47,26.69,26.29
"4168",151,1992,25.14,26.86,26.76,26.54
"4169",152,1992,25.17,26.12,25.91,26.12
"4170",153,1992,24.45,25.04,25.25,24.89
"4171",154,1992,24.2,25.01,24.87,24.99
"4172",155,1992,24.79,25.31,25.4,25.27
"4173",156,1992,24.77,25.31,25.38,25.32
"4174",157,1992,25.66,26.04,25.92,25.89
"4175",158,1992,25.66,26.54,26.84,26.11
"4176",159,1992,24.82,25.42,25.41,25.01
"4177",160,1992,24.65,24.96,25.29,24.94
"4178",161,1992,24.79,25.31,25.19,25.19
"4179",162,1992,24.63,25.21,25.32,25.17
"4180",163,1992,24.73,25.19,25.62,24.74
"4181",164,1992,24.25,24.59,25.14,24.69
"4182",165,1992,24.51,25.09,25.24,25.1
"4183",166,1992,24.56,24.81,25.14,24.56
"4184",167,1992,24.68,25.15,24.71,25.02
"4185",168,1992,24.48,24.78,24.9,25.04
"4186",169,1992,24.09,24.43,24.08,24.53
"4187",170,1992,24.04,24.65,24.55,24.34
"4188",171,1992,24.24,24.34,24.69,24.44
"4189",172,1992,23.87,24.28,23.99,24.34
"4190",173,1992,24.29,24.78,25.01,24.48
"4191",174,1992,25.1,25.44,25.59,25.52
"4192",175,1992,24.9,25.24,25.61,25.16
"4193",176,1992,24.09,24.52,24.68,24.78
"4194",177,1992,24.47,25.04,24.92,24.78
"4195",178,1992,25.33,25.87,25.57,25.48
"4196",179,1992,24.33,24.64,25.17,24.16
"4197",180,1992,24.43,24.85,25.16,24.45
"4198",181,1992,24.98,25,25.34,24.84
"4199",182,1992,25.14,25.04,25.72,24.94
"4200",183,1992,24.46,25.32,25.61,25.18
"4201",184,1992,23.74,24.19,24.71,23.89
"4202",185,1992,23.15,23.48,24.2,23.24
"4203",186,1992,23.2,23.65,24.19,23.89
"4204",187,1992,23.65,24.2,23.94,24.39
"4205",188,1992,23.83,23.94,24.5,23.41
"4206",189,1992,23.42,24.16,23.73,24.3
"4207",190,1992,22.53,23.14,23.19,22.7
"4208",191,1992,22.84,23.71,23.24,23.47
"4209",192,1992,22.56,23.2,22.87,23.65
"4210",193,1992,23.73,24.31,24.11,24.48
"4211",194,1992,23.69,24.26,24.3,24.14
"4212",195,1992,23.34,23.85,24.26,23.42
"4213",196,1992,23.93,24.58,24.61,24.27
"4214",197,1992,24.14,24.61,24.88,24.44
"4215",198,1992,24.56,24.78,24.94,24.32
"4216",199,1992,23.81,24.5,25.25,23.94
"4217",200,1992,23.22,23.24,23.8,23.13
"4218",201,1992,23.83,24.17,24.26,23.79
"4219",202,1992,23.5,24.24,24.4,24.07
"4220",203,1992,23.21,23.91,23.65,23.82
"4221",204,1992,22.62,23.31,23.18,23.5
"4222",205,1992,22.27,22.84,23.52,22.75
"4223",206,1992,22.84,23.59,23.56,23.6
"4224",207,1992,22.21,23.23,22.6,23.84
"4225",208,1992,23.31,24.13,23.64,24.12
"4226",209,1992,23.98,24.72,24.45,24.64
"4227",210,1992,23.41,24.17,23.99,24.28
"4228",211,1992,23.79,23.71,23.31,24.37
"4229",212,1992,23.73,24.02,24.22,24
"4230",213,1992,24.02,24.29,24.47,24.17
"4231",214,1992,24.04,24.42,24.5,24.41
"4232",215,1992,24.03,24.39,25.01,24.16
"4233",216,1992,24.44,24.9,24.99,25.02
"4234",217,1992,24.5,25.15,25.01,24.86
"4235",218,1992,23.92,24.38,24.3,24.14
"4236",219,1992,23.93,24.51,24.82,24.37
"4237",220,1992,24.18,24.89,24.4,25.01
"4238",221,1992,24.23,24.79,24.56,24.9
"4239",222,1992,23.81,24.4,24.29,24.37
"4240",223,1992,24.09,24.43,24.3,24.59
"4241",224,1992,23.89,24.27,24.24,24.66
"4242",225,1992,24.19,24.69,24.79,24.84
"4243",226,1992,23.84,24.56,24.22,24.71
"4244",227,1992,23.89,24.3,24.14,24.42
"4245",228,1992,23.64,24.56,24.5,24.23
"4246",229,1992,23.62,24.06,24.52,23.65
"4247",230,1992,24.17,24.48,24.79,23.92
"4248",231,1992,24.86,25.36,25.59,25.12
"4249",232,1992,24.34,25.2,25.16,24.68
"4250",233,1992,24.95,25.12,25.64,24.96
"4251",234,1992,24.7,25.42,25.59,25.34
"4252",235,1992,23.33,24.04,24.65,23.58
"4253",236,1992,23.84,24.39,24.67,23.86
"4254",237,1992,23.61,24.08,24.51,23.67
"4255",238,1992,24.29,25.09,24.87,25.02
"4256",239,1992,24.43,25.08,25.36,24.89
"4257",240,1992,23.97,24.34,24.67,24.27
"4258",241,1992,24.6,25.01,24.92,24.79
"4259",242,1992,24.9,25.53,25.43,25.29
"4260",243,1992,24.46,24.98,25.25,24.75
"4261",244,1992,24.53,25.03,25.18,24.77
"4262",245,1992,24.76,25.22,25.71,24.9
"4263",246,1992,24.85,25.91,25.67,25.8
"4264",247,1992,24.2,24.22,24.84,23.79
"4265",248,1992,23.94,24.33,24.86,24.18
"4266",249,1992,23.93,24.1,24.63,24.38
"4267",250,1992,24.39,24.63,24.75,24.59
"4268",251,1992,24.31,24.66,25.17,24.74
"4269",252,1992,24.48,24.93,25.07,24.84
"4270",253,1992,24.16,24.74,24.63,24.94
"4271",254,1992,24.34,24.66,24.58,24.38
"4272",255,1992,25.07,25.66,25.68,25.47
"4273",256,1992,25.16,26.21,26.03,25.95
"4274",257,1992,24.25,25.17,25.53,25.03
"4275",258,1992,24.49,24.82,25.52,24.7
"4276",259,1992,23.94,24.51,25.1,24.4
"4277",260,1992,24.48,25.11,24.98,25.1
"4278",261,1992,24.04,24.36,24.77,24.65
"4279",262,1992,24.76,25.41,25.44,25.29
"4280",263,1992,25.24,25.9,25.82,25.82
"4281",264,1992,24.98,25.73,25.91,25.15
"4282",265,1992,24.56,25.24,24.84,25.42
"4283",266,1992,25.03,25.54,25.57,25.47
"4284",267,1992,25.69,26.26,26.25,26.03
"4285",268,1992,25.35,26.17,26.44,25.79
"4286",269,1992,25.41,25.98,25.72,25.71
"4287",270,1992,25.43,25.74,25.82,25.79
"4288",271,1992,24.64,25.28,24.99,25.19
"4289",272,1992,23.85,24.63,24.38,24.82
"4290",273,1992,24.31,25.04,24.79,25.11
"4291",274,1992,25.1,25.7,25.71,25.54
"4292",275,1992,25.49,26,25.69,26.09
"4293",276,1992,25.29,25.79,25.75,26.11
"4294",277,1992,25.26,25.56,25.63,25.42
"4295",278,1992,25.31,26.06,26.14,25.83
"4296",279,1992,24.53,25.31,25.1,25.29
"4297",280,1992,24.63,24.82,24.73,24.62
"4298",281,1992,25.02,25.31,25.58,25.1
"4299",282,1992,24.42,24.77,24.54,24.75
"4300",283,1992,24.45,24.98,24.96,24.78
"4301",284,1992,24.46,24.8,25.37,24.21
"4302",285,1992,24.89,25.19,25.66,24.88
"4303",286,1992,24.88,25.79,25.82,25.43
"4304",287,1992,24.81,25.44,25.56,25.41
"4305",288,1992,24.66,25.15,25.07,25.44
"4306",289,1992,24.61,24.99,24.84,25.15
"4307",290,1992,25.03,25.84,25.35,25.67
"4308",291,1992,25.38,25.94,25.67,25.84
"4309",292,1992,25.05,25.87,25.34,26.03
"4310",293,1992,24.86,25.13,25.03,25.38
"4311",294,1992,24.96,25.53,25.47,25.29
"4312",295,1992,25.2,25.89,25.73,25.82
"4313",296,1992,25.29,26.17,25.76,25.78
"4314",297,1992,25.68,26.14,26.37,25.71
"4315",298,1992,25.61,26.06,25.82,25.98
"4316",299,1992,25.68,26.05,25.95,26.04
"4317",300,1992,25.41,26.04,26.07,26.14
"4318",301,1992,25.39,26.19,26.06,25.96
"4319",302,1992,25.3,26.38,26.51,25.82
"4320",303,1992,26.14,26.72,26.74,26.6
"4321",304,1992,26.25,26.9,26.99,26.52
"4322",305,1992,25.68,26.65,26.58,26.56
"4323",306,1992,25.18,26.92,26.64,26.52
"4324",307,1992,25.83,26.85,26.66,26.37
"4325",308,1992,26.28,26.88,26.78,26.82
"4326",309,1992,25.92,26.91,26.73,26.81
"4327",310,1992,25.08,26.03,26.01,26
"4328",311,1992,23.82,24.26,24.23,24.09
"4329",312,1992,23.67,24.2,24.22,24.09
"4330",313,1992,24.58,25.05,25.17,25.08
"4331",314,1992,24.81,25.75,25.85,25.52
"4332",315,1992,24.39,25.27,25.14,25.24
"4333",316,1992,24.26,24.89,25.03,24.71
"4334",317,1992,25.07,25.54,25.35,25.47
"4335",318,1992,24.5,24.76,24.9,24.88
"4336",319,1992,24.42,24.92,25.36,24.73
"4337",320,1992,24.81,25.38,25.22,25.16
"4338",321,1992,25.02,25.32,25.63,25.23
"4339",322,1992,24.47,24.84,25.15,24.73
"4340",323,1992,24.31,24.69,24.3,24.75
"4341",324,1992,24.88,25.01,25.22,24.69
"4342",325,1992,25.53,25.79,25.78,25.83
"4343",326,1992,25.53,26.28,26.23,25.93
"4344",327,1992,25.25,25.91,25.83,25.47
"4345",328,1992,25.34,25.72,25.99,25.2
"4346",329,1992,25.23,25.85,25.83,25.41
"4347",330,1992,25.02,25.41,25.6,25.38
"4348",331,1992,24.48,24.89,25.48,24.54
"4349",332,1992,24.26,24.18,24.87,23.91
"4350",333,1992,24.87,24.76,24.91,24.72
"4351",334,1992,25.15,25.23,25.79,24.6
"4352",335,1992,25.46,25.8,25.4,25.63
"4353",336,1992,25.18,25.55,25.54,25.52
"4354",337,1992,25.44,25.67,25.79,25.65
"4355",338,1992,24.93,25.81,25.81,25.79
"4356",339,1992,24.44,25.37,25.48,25.29
"4357",340,1992,24.43,25.14,25.61,24.92
"4358",341,1992,24.85,25.83,25.93,25.64
"4359",342,1992,25.28,25.95,26.19,25.99
"4360",343,1992,25.09,25.76,26.22,25.77
"4361",344,1992,24.91,25.6,25.98,25.62
"4362",345,1992,25.62,26.04,26.17,25.94
"4363",346,1992,25.77,26.14,26.4,25.92
"4364",347,1992,25.57,26.24,26.3,26.11
"4365",348,1992,25.67,26.29,26.53,26.24
"4366",349,1992,25.26,26.43,26.26,26.43
"4367",350,1992,25.29,26.3,26.12,26.58
"4368",351,1992,26.03,26.87,26.58,26.84
"4369",352,1992,25.46,26.31,26.72,25.86
"4370",353,1992,25.74,26.42,26.53,25.94
"4371",354,1992,25.54,25.71,26.27,25.74
"4372",355,1992,25.75,26.22,26.48,25.59
"4373",356,1992,25.64,26.45,26.42,26.21
"4374",357,1992,25.1,26.4,26.47,26.09
"4375",358,1992,25.34,26.18,26.74,25.87
"4376",359,1992,25.29,26.3,26.48,26.1
"4377",360,1992,25.19,26.44,26.84,26.03
"4378",361,1992,25.2,26.45,26.95,26.05
"4379",362,1992,25.38,26.54,26.82,26.3
"4380",363,1992,25.79,26.72,26.93,26.22
"4381",364,1992,25.96,26.69,27,26.56
"4382",365,1992,25.78,26.29,26.95,26.26
"4383",366,1992,26.4,27.32,27.54,26.86
"4384",1,1993,25.66,27.29,27.32,27.07
"4385",2,1993,24.9,26.75,26.77,26.52
"4386",3,1993,24.58,25.86,26.06,25.59
"4387",4,1993,24.39,25.63,25.86,25.25
"4388",5,1993,24.6,25.84,26.06,25.51
"4389",6,1993,25.53,26.88,26.99,26.41
"4390",7,1993,25.49,26.42,26.47,26.35
"4391",8,1993,25.69,26.71,26.67,26.52
"4392",9,1993,25.68,26.68,26.72,26.39
"4393",10,1993,25.94,27.12,26.95,26.87
"4394",11,1993,26.06,27.25,26.99,26.93
"4395",12,1993,26.1,27.47,27.04,26.76
"4396",13,1993,25.85,27.12,26.89,26.92
"4397",14,1993,26.13,27.72,27.45,27.22
"4398",15,1993,26.16,27.72,27.43,27.43
"4399",16,1993,25.16,27.36,27.01,27.57
"4400",17,1993,25.25,27.07,26.65,27.29
"4401",18,1993,25.4,27.13,27.6,26.18
"4402",19,1993,25.8,27.48,27.55,27
"4403",20,1993,25.88,27.33,27.5,26.48
"4404",21,1993,26.13,27.7,27.74,27.1
"4405",22,1993,26.3,28.22,28.19,27.25
"4406",23,1993,26.65,28.43,28.2,27.94
"4407",24,1993,26.74,28.22,28.23,27.89
"4408",25,1993,26.52,27.95,27.99,27.87
"4409",26,1993,26.18,27.66,27.64,27.53
"4410",27,1993,25.73,27.61,27.61,27.13
"4411",28,1993,24.74,25.83,25.93,25.86
"4412",29,1993,25.01,26.57,26.58,26.14
"4413",30,1993,25.49,27.22,27.12,27.09
"4414",31,1993,26.13,27.61,27.58,27.24
"4415",32,1993,25.67,27.36,27.31,27.26
"4416",33,1993,25.16,27,27.3,26.46
"4417",34,1993,25.32,26.5,26.99,25.95
"4418",35,1993,24.92,26.22,26.67,25.62
"4419",36,1993,25.29,27.3,27.44,26.63
"4420",37,1993,25.27,27.64,27.44,26.92
"4421",38,1993,26.02,27.93,28.35,27.57
"4422",39,1993,26.37,28.66,28.89,27.87
"4423",40,1993,26.7,28.97,28.93,28.27
"4424",41,1993,26.39,28.52,28.66,28.12
"4425",42,1993,25.84,27.54,27.89,27.03
"4426",43,1993,26.28,27.95,28.32,27.23
"4427",44,1993,26.54,28.63,28.77,27.98
"4428",45,1993,26.66,29.25,29.25,28.54
"4429",46,1993,27.04,29.63,29.36,29.01
"4430",47,1993,26.97,29.36,29.31,28.94
"4431",48,1993,26.92,28.83,28.77,28.56
"4432",49,1993,27.39,29.18,28.8,28.74
"4433",50,1993,27.62,29.38,28.89,28.93
"4434",51,1993,27.72,29.66,28.9,29.5
"4435",52,1993,27.32,29.87,28.97,29.57
"4436",53,1993,25.75,28.17,27.53,28.15
"4437",54,1993,25.15,26.78,26.41,27.07
"4438",55,1993,26.25,28.07,27.95,28.21
"4439",56,1993,26.02,28.13,28.5,27
"4440",57,1993,25.88,28.25,28.27,27.48
"4441",58,1993,25.85,28.38,28.31,27.89
"4442",59,1993,26.03,28.78,28.54,27.98
"4443",60,1993,25.88,28.5,28.78,28.06
"4444",61,1993,26.01,28.18,28.28,28.16
"4445",62,1993,25.21,27.42,28.44,26.91
"4446",63,1993,24.37,26.68,27.5,26.06
"4447",64,1993,24.93,26.52,27.09,25.88
"4448",65,1993,24.78,26.69,27.65,25.86
"4449",66,1993,24.85,26.66,27.72,25.92
"4450",67,1993,24.95,27.39,28.4,26.42
"4451",68,1993,23.96,25.7,25.88,25.26
"4452",69,1993,23.8,24.87,25.07,24.85
"4453",70,1993,24.11,25.13,25.64,24.98
"4454",71,1993,24.39,25.21,25.77,25
"4455",72,1993,24.57,25.45,25.81,25.11
"4456",73,1993,24.57,25.25,26,24.98
"4457",74,1993,24.97,25.75,26.56,25.73
"4458",75,1993,25.53,26.63,27.18,26.04
"4459",76,1993,26.16,26.81,27.46,26.54
"4460",77,1993,26.45,27.09,27.91,26.83
"4461",78,1993,26.57,27.5,27.68,27.32
"4462",79,1993,24.52,25.05,25.79,24.72
"4463",80,1993,24.49,24.86,25.1,24.49
"4464",81,1993,24.75,25.44,26.13,25.21
"4465",82,1993,24.39,25.1,25.56,24.66
"4466",83,1993,24.59,26,25.98,25.16
"4467",84,1993,23.56,24.56,24.98,24.03
"4468",85,1993,23.85,24.68,25.19,24.31
"4469",86,1993,24.37,25.65,26.12,24.74
"4470",87,1993,24.83,25.83,26.24,25.36
"4471",88,1993,25.76,26.45,26.76,26.02
"4472",89,1993,26.2,26.94,27.26,26.64
"4473",90,1993,26.55,27.24,27.47,26.87
"4474",91,1993,25.25,26.01,26.16,25.86
"4475",92,1993,24.84,25.36,26.16,24.79
"4476",93,1993,24.61,25.88,26.46,25.41
"4477",94,1993,25.52,26.59,26.91,26.22
"4478",95,1993,26.27,27.1,27.34,27.05
"4479",96,1993,25.83,26.92,27.17,26.76
"4480",97,1993,25.53,26.43,26.49,26.46
"4481",98,1993,24.93,25.03,24.76,25.5
"4482",99,1993,25,25.72,25.7,25.46
"4483",100,1993,25.11,25.73,26.02,25.56
"4484",101,1993,25.03,25.88,25.56,25.83
"4485",102,1993,25.15,25.8,25.44,25.45
"4486",103,1993,25.28,25.62,25.25,25.89
"4487",104,1993,24.89,25.35,24.69,25.59
"4488",105,1993,24.7,24.98,24.89,24.96
"4489",106,1993,25.48,25.91,25.71,25.89
"4490",107,1993,25.05,26.16,25.99,26.11
"4491",108,1993,24.7,25.06,25.38,25.08
"4492",109,1993,25.49,26,26.05,25.69
"4493",110,1993,25.51,26.31,26.44,25.91
"4494",111,1993,24.87,25.54,25.41,25.65
"4495",112,1993,25.27,25.63,25.29,25.58
"4496",113,1993,24.73,25.17,25.22,24.87
"4497",114,1993,24.84,25.39,25.98,24.98
"4498",115,1993,25.32,25.81,26.36,25.83
"4499",116,1993,25.57,26.54,26.72,26.1
"4500",117,1993,25.63,26.45,26.3,26.58
"4501",118,1993,24.65,25.27,25.31,25.18
"4502",119,1993,24.37,25.18,24.68,25.27
"4503",120,1993,25.15,25.62,24.49,25.85
"4504",121,1993,25.5,25.9,25.55,25.19
"4505",122,1993,24.93,25.61,25.53,25.51
"4506",123,1993,24.28,24.51,24.64,24
"4507",124,1993,25.44,25.88,26.04,25.76
"4508",125,1993,25.93,26.6,26.71,26.26
"4509",126,1993,25.15,25.78,25.98,25.47
"4510",127,1993,25.2,25.53,25.6,25.51
"4511",128,1993,25.83,26.26,26.16,25.96
"4512",129,1993,25.05,25.32,25.92,24.87
"4513",130,1993,24.73,25.17,24.68,25.56
"4514",131,1993,25.33,26.07,25.72,25.83
"4515",132,1993,25.8,26.24,25.86,25.91
"4516",133,1993,25.79,26.57,26.43,26.49
"4517",134,1993,25.41,25.84,25.87,26.03
"4518",135,1993,25.34,25.61,26.28,25.62
"4519",136,1993,24.18,24.73,25.05,24.4
"4520",137,1993,24.2,25.34,24.57,25.11
"4521",138,1993,23.26,24.31,23.53,24.29
"4522",139,1993,23.95,24.6,24.52,24
"4523",140,1993,24.9,25.54,25.24,24.99
"4524",141,1993,24.35,25.27,24.82,25.3
"4525",142,1993,25.25,25.72,25.23,25.53
"4526",143,1993,26.01,26.44,26.39,26
"4527",144,1993,25.01,25.83,25.86,25.62
"4528",145,1993,24.88,25.31,25.26,25.08
"4529",146,1993,24.98,25.71,25.12,25.78
"4530",147,1993,25.32,25.55,25.75,25.55
"4531",148,1993,25.35,25.98,26.04,25.88
"4532",149,1993,24.48,25.21,25.29,25.05
"4533",150,1993,24.83,25.38,24.87,25.37
"4534",151,1993,25.45,25.99,25.51,26.22
"4535",152,1993,25.4,25.6,25.64,25.86
"4536",153,1993,25.28,25.92,26.04,26.41
"4537",154,1993,25.21,25.83,26.09,25.93
"4538",155,1993,24.71,25.26,25.33,24.99
"4539",156,1993,24.38,25.14,25.48,24.85
"4540",157,1993,24.2,24.75,25,24.32
"4541",158,1993,24.52,25.07,25.32,24.86
"4542",159,1993,24.44,25.19,25.72,24.8
"4543",160,1993,24.71,25.08,25.41,24.95
"4544",161,1993,24.24,24.35,24.69,24.47
"4545",162,1993,24.01,24.37,24.38,24.25
"4546",163,1993,23.45,24.45,24.44,24.3
"4547",164,1993,23.47,24.11,23.88,23.43
"4548",165,1993,23.54,24.69,24.28,24.41
"4549",166,1993,24.8,25.31,25.35,25.1
"4550",167,1993,24.91,25.33,25.81,25.12
"4551",168,1993,24.77,25.22,25.27,25.28
"4552",169,1993,24.96,25.47,25.48,25.2
"4553",170,1993,24.17,24.66,24.93,24.55
"4554",171,1993,24.16,24.71,24.14,24.73
"4555",172,1993,23.55,23.94,23.8,24.24
"4556",173,1993,23.87,24.73,24.67,24.82
"4557",174,1993,25.03,25.5,25.7,25.32
"4558",175,1993,24.68,25.46,25.35,25.4
"4559",176,1993,23.83,24,24.44,23.42
"4560",177,1993,23.54,23.64,23.77,23.15
"4561",178,1993,23.74,23.77,24.21,23.33
"4562",179,1993,24.06,24.68,25.08,24.51
"4563",180,1993,23.79,24.35,24.63,24.08
"4564",181,1993,24.16,24.46,24.67,24.7
"4565",182,1993,24.69,24.48,25.1,24.55
"4566",183,1993,25,25.25,25.76,25.17
"4567",184,1993,24.62,25.49,25.69,25.32
"4568",185,1993,25.16,25.39,25.65,25.26
"4569",186,1993,24.54,24.97,25.31,24.65
"4570",187,1993,24.63,25.06,25.2,25.06
"4571",188,1993,25.25,25.6,25.55,25.61
"4572",189,1993,24.42,25.15,25.18,24.92
"4573",190,1993,23.94,23.87,24,23.53
"4574",191,1993,23.93,24.27,24.7,23.77
"4575",192,1993,23.54,23.82,24.58,23.72
"4576",193,1993,23.74,24.44,24.56,24.42
"4577",194,1993,23.62,24.34,24.36,24.04
"4578",195,1993,23.48,23.77,24.15,23.5
"4579",196,1993,22.37,23,23.31,22.56
"4580",197,1993,22.71,22.57,22.87,22.37
"4581",198,1993,23.56,23.66,23.46,23.6
"4582",199,1993,23.74,24.51,24.26,24.67
"4583",200,1993,23.63,24.12,24.42,24.07
"4584",201,1993,23.85,24.46,24.72,24.21
"4585",202,1993,24.32,24.73,24.99,24.89
"4586",203,1993,24.11,24.71,24.84,24.86
"4587",204,1993,24.15,24.52,25,24.32
"4588",205,1993,23.96,24.52,24.64,24.55
"4589",206,1993,23.95,24.61,24.64,24.82
"4590",207,1993,24.65,25.05,25.12,24.8
"4591",208,1993,25.86,26.28,26.06,25.88
"4592",209,1993,25.88,26.27,26.35,25.82
"4593",210,1993,24.39,25.17,25.35,24.72
"4594",211,1993,23.92,24.21,24.61,24.12
"4595",212,1993,23.81,24.34,24.43,24.11
"4596",213,1993,23.56,24.22,24.34,24.03
"4597",214,1993,23.59,24.21,24.44,23.64
"4598",215,1993,23.21,24.02,23.54,24.22
"4599",216,1993,23.63,24.28,24.18,24.54
"4600",217,1993,23.99,24.72,24.24,24.98
"4601",218,1993,24.58,25.16,25.13,25.17
"4602",219,1993,25.38,26.01,25.69,25.93
"4603",220,1993,25.53,25.71,24.69,26.06
"4604",221,1993,24.49,24.98,25.22,24.05
"4605",222,1993,25.14,25.37,25.68,24.83
"4606",223,1993,25.18,25.63,26.11,25.07
"4607",224,1993,23.86,24.49,24.83,23.75
"4608",225,1993,23.68,24.59,24.16,24.37
"4609",226,1993,24.05,24.82,24.82,24.84
"4610",227,1993,24.47,24.89,24.95,24.96
"4611",228,1993,24.26,24.94,24.98,24.68
"4612",229,1993,24.35,25.05,25.21,24.75
"4613",230,1993,24.96,25.7,25.76,25.53
"4614",231,1993,23.84,24.98,24.85,24.49
"4615",232,1993,24.2,24.83,25.1,24.47
"4616",233,1993,24.41,24.96,25.27,24.99
"4617",234,1993,24.66,25.55,25.55,25.19
"4618",235,1993,24.5,25.11,24.99,24.84
"4619",236,1993,23.88,24.25,24.83,24.23
"4620",237,1993,24.26,24.75,25.1,24.89
"4621",238,1993,24.17,24.89,24.93,24.44
"4622",239,1993,24.38,24.99,24.52,25.16
"4623",240,1993,24.76,25.39,25.21,25.26
"4624",241,1993,25.11,25.78,25.58,25.41
"4625",242,1993,25.81,26.49,26.42,25.81
"4626",243,1993,25.55,26.33,26.33,25.89
"4627",244,1993,24.82,25.4,25.46,24.99
"4628",245,1993,24.9,25.5,25.6,25.71
"4629",246,1993,24,24.77,24.59,24.64
"4630",247,1993,24.51,24.98,25.17,24.65
"4631",248,1993,24.24,25.02,24.73,24.91
"4632",249,1993,24.49,24.94,25.12,25.06
"4633",250,1993,25.43,26.02,25.85,25.88
"4634",251,1993,25.03,26.06,25.56,26.04
"4635",252,1993,25.11,25.41,25.74,25.46
"4636",253,1993,23.84,24.7,24.97,24.52
"4637",254,1993,24.25,24.64,24.51,24.88
"4638",255,1993,24.71,25.24,25.06,25.09
"4639",256,1993,24.22,24.77,24.76,24.67
"4640",257,1993,24.24,24.91,24.58,25.1
"4641",258,1993,24.79,25.55,25.39,25.39
"4642",259,1993,24.32,25.08,24.83,24.87
"4643",260,1993,24.38,24.68,24.89,24.56
"4644",261,1993,24.98,25.68,25.42,25.46
"4645",262,1993,25.95,26.42,26.43,26.13
"4646",263,1993,25.62,26.65,26.5,26.24
"4647",264,1993,25.73,26.24,26.07,26.1
"4648",265,1993,25.34,26.56,26.37,25.98
"4649",266,1993,25.09,25.54,25.59,25.4
"4650",267,1993,25.63,25.96,26.46,25.84
"4651",268,1993,25.47,25.9,26.56,25.78
"4652",269,1993,24.83,25.89,25.74,25.62
"4653",270,1993,24.84,25.28,25.25,25
"4654",271,1993,24.93,25.55,25.58,25.3
"4655",272,1993,25,25.14,25.62,25.05
"4656",273,1993,25.32,25.9,25.86,25.85
"4657",274,1993,25.51,26.08,26.19,25.73
"4658",275,1993,24.44,25.41,25.46,25.36
"4659",276,1993,24.52,24.88,25.01,24.45
"4660",277,1993,25.32,25.78,25.83,25.68
"4661",278,1993,26.37,26.6,26.9,26.18
"4662",279,1993,25.1,25.67,25.85,25.61
"4663",280,1993,23.99,24.58,24.01,24.46
"4664",281,1993,24.76,25.32,25.18,25.05
"4665",282,1993,25.6,26.12,26.13,25.82
"4666",283,1993,25.17,25.92,26.24,25.54
"4667",284,1993,25.15,25.81,26.21,25.58
"4668",285,1993,24.93,25.8,25.73,25.38
"4669",286,1993,24.98,25.74,25.99,25.18
"4670",287,1993,24.39,25.26,25.46,24.91
"4671",288,1993,24.26,24.94,25.16,24.49
"4672",289,1993,25.03,25.6,25.48,25.53
"4673",290,1993,25.88,26.54,26.46,26.39
"4674",291,1993,25.25,26.18,26.23,25.83
"4675",292,1993,25.16,25.69,25.59,25.75
"4676",293,1993,24.87,25.75,25.82,25.48
"4677",294,1993,24.83,25.43,25.72,25.17
"4678",295,1993,25.01,25.38,25.91,25.2
"4679",296,1993,25.54,26.08,26.36,26.05
"4680",297,1993,25.72,25.94,26.3,25.88
"4681",298,1993,25.44,25.81,26.32,25.92
"4682",299,1993,25.25,25.55,25.94,25.51
"4683",300,1993,24.79,25.03,25.09,25.16
"4684",301,1993,24.8,25.34,25.58,25.27
"4685",302,1993,24.79,25.33,25.01,25.37
"4686",303,1993,25.14,25.5,25.52,25.47
"4687",304,1993,25.04,25.24,25.51,25.27
"4688",305,1993,24.96,25.21,25.44,25.23
"4689",306,1993,24.8,25.34,25.2,25.39
"4690",307,1993,24.72,25.57,25.42,25.2
"4691",308,1993,23.6,24.35,24.04,24.24
"4692",309,1993,24.31,24.85,24.68,24.71
"4693",310,1993,25.65,26.03,26.19,25.86
"4694",311,1993,25.54,26.13,26.45,25.79
"4695",312,1993,24.57,25,25.19,24.87
"4696",313,1993,24.69,25.32,25.44,25.02
"4697",314,1993,24.32,25.01,25.48,24.63
"4698",315,1993,24.57,24.98,25.22,24.74
"4699",316,1993,24.8,25.32,25.49,24.87
"4700",317,1993,25.16,25.46,25.66,25.15
"4701",318,1993,24.47,25.06,25.54,24.69
"4702",319,1993,24.55,25.24,25.43,24.92
"4703",320,1993,25.63,26.19,26.04,25.95
"4704",321,1993,25.18,25.94,25.8,25.75
"4705",322,1993,25.23,25.74,25.58,25.76
"4706",323,1993,24.91,25.48,25.28,25.42
"4707",324,1993,24.86,25.01,25.18,25.16
"4708",325,1993,25.55,25.78,25.72,25.65
"4709",326,1993,25.98,26.38,26.46,26.3
"4710",327,1993,26.05,26.5,26.46,26.23
"4711",328,1993,25.57,26.16,26.05,25.89
"4712",329,1993,24.92,25.58,25.84,25.18
"4713",330,1993,25.21,25.76,25.96,25.31
"4714",331,1993,25.07,25.71,26,25.36
"4715",332,1993,25.09,25.76,26.27,25.21
"4716",333,1993,25.03,26.01,26.17,25.7
"4717",334,1993,25.51,25.97,25.94,25.55
"4718",335,1993,26.08,26.16,26.5,25.86
"4719",336,1993,25.39,26.06,26.06,25.87
"4720",337,1993,25.12,25.59,25.77,25.7
"4721",338,1993,25.28,25.73,25.82,25.58
"4722",339,1993,24.82,25.39,25.84,24.99
"4723",340,1993,25.48,26.01,26.38,25.87
"4724",341,1993,24.84,25.26,25.88,25.07
"4725",342,1993,24.51,24.99,25.67,24.74
"4726",343,1993,24.72,25.28,25.61,24.82
"4727",344,1993,24.78,25.22,25.67,24.78
"4728",345,1993,25.02,25.48,26.1,25.14
"4729",346,1993,25.03,25.74,26.03,25.4
"4730",347,1993,25.32,26.05,26.2,26.05
"4731",348,1993,25.98,26.36,26.55,26.34
"4732",349,1993,26.04,25.84,26.16,25.9
"4733",350,1993,25.96,25.81,26.63,25.52
"4734",351,1993,26.42,26.61,27.19,26.23
"4735",352,1993,26.05,26.9,26.87,26.62
"4736",353,1993,25.45,26.25,26.4,26.13
"4737",354,1993,25.6,26.23,26.4,26.18
"4738",355,1993,26,25.92,26.5,26.18
"4739",356,1993,26.35,26.34,27.35,25.95
"4740",357,1993,26.37,26.61,27.2,26.44
"4741",358,1993,25.82,25.99,26.77,25.82
"4742",359,1993,25.58,25.57,26.12,25.6
"4743",360,1993,25.61,25.57,26.43,25.53
"4744",361,1993,25.68,25.91,26.88,25.65
"4745",362,1993,26.05,26.42,27.22,26.22
"4746",363,1993,26.26,26.51,27.18,26.21
"4747",364,1993,25.68,25.94,26.59,25.7
"4748",365,1993,26.06,26.1,26.87,25.84
"4749",1,1994,27.05,27.36,28.12,26.85
"4750",2,1994,27.3,27.59,28.05,27.24
"4751",3,1994,27.6,28.05,28.58,27.74
"4752",4,1994,27.7,28.53,28.47,28.12
"4753",5,1994,28.1,28.69,28.56,28.5
"4754",6,1994,27.88,28.47,28.22,28.58
"4755",7,1994,27.48,27.76,28.26,27.43
"4756",8,1994,28.12,28.39,28.74,27.8
"4757",9,1994,28.17,29.01,29.15,28.51
"4758",10,1994,28.12,29.02,29.12,28.4
"4759",11,1994,27.75,28.91,28.92,28.17
"4760",12,1994,27.29,28.54,28.71,28.07
"4761",13,1994,25.6,27.5,26.88,27.37
"4762",14,1994,26.15,27.98,27.45,27.7
"4763",15,1994,26.79,28.56,28.52,27.89
"4764",16,1994,27.13,28.69,28.56,28.5
"4765",17,1994,27.25,28.87,28.18,28.64
"4766",18,1994,26.86,28.01,27.9,27.58
"4767",19,1994,27.17,27.82,27.94,27.73
"4768",20,1994,27.58,27.97,27.9,27.99
"4769",21,1994,27.57,28.06,27.89,27.94
"4770",22,1994,27.65,28.03,28.05,27.7
"4771",23,1994,27.81,28.35,28.57,28.19
"4772",24,1994,28.22,29.06,29.44,28.48
"4773",25,1994,28.74,29.47,29.81,29.12
"4774",26,1994,29.03,29.91,29.96,29.33
"4775",27,1994,28.21,30.11,29.78,29.84
"4776",28,1994,28.13,29.7,29.63,29.73
"4777",29,1994,28.08,28.94,29.28,28.93
"4778",30,1994,27.84,28.28,28.66,28.01
"4779",31,1994,27.76,28.66,28.64,28.33
"4780",32,1994,27.93,28.88,29.29,28.63
"4781",33,1994,28.16,29,29.16,29.02
"4782",34,1994,28.62,29.2,29.69,28.87
"4783",35,1994,25.8,28.48,27.98,28.64
"4784",36,1994,25.34,27.78,28.23,27.47
"4785",37,1994,26.61,28.32,28.47,28.39
"4786",38,1994,27,28.77,29.14,28.99
"4787",39,1994,27.42,29.5,29.76,29.24
"4788",40,1994,27.45,29.42,29.47,29.42
"4789",41,1994,27.49,29.55,29.76,28.83
"4790",42,1994,28.02,29.93,29.78,29.42
"4791",43,1994,27.8,29.31,29.46,29.06
"4792",44,1994,27.88,29.2,29.57,28.78
"4793",45,1994,27.99,29.7,30.06,28.92
"4794",46,1994,28.06,30.58,30.22,29.92
"4795",47,1994,28.51,31.02,30.67,30.44
"4796",48,1994,28.03,31,30.39,30.41
"4797",49,1994,27.77,30.41,30.67,29.81
"4798",50,1994,25.87,28,28.68,26.76
"4799",51,1994,24.6,26.63,28.14,25.68
"4800",52,1994,25.53,27.91,28.63,27.06
"4801",53,1994,25.74,27.58,28.5,26.87
"4802",54,1994,26.09,28.02,29.36,27.32
"4803",55,1994,26.63,29.17,30.13,28.2
"4804",56,1994,26.2,29.28,29.37,28.59
"4805",57,1994,25.44,28.13,28.26,27.66
"4806",58,1994,25.03,26.72,27.57,25.78
"4807",59,1994,25.8,27.33,28.23,26.68
"4808",60,1994,26.02,28.71,29.11,27.89
"4809",61,1994,26.2,28.98,29.66,28.26
"4810",62,1994,26.64,29.01,29.53,28.42
"4811",63,1994,26.57,28.82,28.87,28.22
"4812",64,1994,26.04,27.9,28.97,27.06
"4813",65,1994,26.48,28.05,29.4,27.48
"4814",66,1994,26.93,28.74,29.72,28.23
"4815",67,1994,26.72,28.79,29.51,28.32
"4816",68,1994,26.99,28.69,29.16,28.16
"4817",69,1994,26.96,28.6,28.58,28.32
"4818",70,1994,25.5,27.12,26.91,26.96
"4819",71,1994,24.35,25.51,25.36,25.3
"4820",72,1994,24.79,25.7,25.94,25.14
"4821",73,1994,24.53,25.57,26.11,25.54
"4822",74,1994,25.39,26.42,27.07,26.07
"4823",75,1994,25.58,26.19,27.01,25.43
"4824",76,1994,24.98,25.7,26.27,25.26
"4825",77,1994,24.84,25.73,26.19,25.23
"4826",78,1994,25.31,26.23,26.5,25.82
"4827",79,1994,25.58,26.28,26.93,25.98
"4828",80,1994,25.97,26.47,27.27,25.97
"4829",81,1994,25.95,26.8,26.97,26.24
"4830",82,1994,24.82,25.93,26.16,25.32
"4831",83,1994,24.97,25.7,26.33,25.35
"4832",84,1994,25.41,26.58,26.49,26.62
"4833",85,1994,25.1,26.01,26.3,25.73
"4834",86,1994,24.1,24.33,25.07,24.09
"4835",87,1994,23.6,24.29,24.88,24.17
"4836",88,1994,24.3,25.25,25.83,25.21
"4837",89,1994,24.81,25.75,26.32,25.27
"4838",90,1994,24.73,25.94,26.42,25.68
"4839",91,1994,24.51,25.64,26.29,24.95
"4840",92,1994,24.13,25.13,25.77,24.4
"4841",93,1994,23.94,24.69,25.18,23.85
"4842",94,1994,24.26,25.11,25.25,25.04
"4843",95,1994,25.36,26.37,26.42,26.01
"4844",96,1994,25.75,26.91,27,26.53
"4845",97,1994,24.91,26.07,26.4,25.61
"4846",98,1994,24.77,26.03,26.34,25.44
"4847",99,1994,24.95,26.08,26.5,25.75
"4848",100,1994,25.41,26.41,27.08,25.85
"4849",101,1994,25.09,26.32,26.54,25.99
"4850",102,1994,24.56,25.89,26.29,25.26
"4851",103,1994,24.37,25.52,25.84,25
"4852",104,1994,24.73,25.76,26.34,25.43
"4853",105,1994,25.34,26.21,26.97,25.93
"4854",106,1994,25.31,26.08,26.43,25.51
"4855",107,1994,25.07,25.91,26.25,25.45
"4856",108,1994,24.59,25.86,26.66,25.4
"4857",109,1994,25.04,26.58,27.23,26.12
"4858",110,1994,24.83,25.9,26.03,25.64
"4859",111,1994,24.84,25.68,26.22,25.47
"4860",112,1994,25.17,25.86,26.26,25.44
"4861",113,1994,25.64,26.24,26.24,25.71
"4862",114,1994,24.94,25.25,25.57,25.52
"4863",115,1994,25.36,26,25.65,26.15
"4864",116,1994,24.98,25.59,25.49,25.38
"4865",117,1994,24.31,24.92,24.91,25.17
"4866",118,1994,24.85,25.11,25.1,25.01
"4867",119,1994,25.01,25.75,25.15,25.37
"4868",120,1994,24.98,25.8,24.96,25.96
"4869",121,1994,24.39,24.7,24.97,24.53
"4870",122,1994,24.78,25.38,25.14,25.2
"4871",123,1994,25.16,25.77,25.74,25.88
"4872",124,1994,24.78,25.28,25.88,24.9
"4873",125,1994,24.84,25.32,25.4,24.96
"4874",126,1994,24.16,24.41,25.11,24.32
"4875",127,1994,24.6,25.07,25.13,25.42
"4876",128,1994,24.22,24.6,24.88,24.39
"4877",129,1994,24.45,25.34,25.26,25.52
"4878",130,1994,24.46,25.2,25.49,25.18
"4879",131,1994,24.35,24.82,24.96,24.78
"4880",132,1994,24.74,25.58,25.59,25.03
"4881",133,1994,24.72,25.25,25.28,24.92
"4882",134,1994,24.19,24.67,24.72,24.45
"4883",135,1994,24.08,24.8,24.7,24.72
"4884",136,1994,24.42,25.24,24.79,25.16
"4885",137,1994,24.59,24.93,24.44,24.96
"4886",138,1994,25.02,25.74,25.49,25.48
"4887",139,1994,25.44,26.1,25.89,25.84
"4888",140,1994,25.71,26.15,26.08,26.24
"4889",141,1994,25.46,26.07,25.24,26.37
"4890",142,1994,25.56,25.48,25.39,25.26
"4891",143,1994,25.95,26.01,26.27,25.94
"4892",144,1994,25.66,26.22,26.07,26.03
"4893",145,1994,24.73,25.39,25.48,25.2
"4894",146,1994,24.09,24.63,24.49,24.47
"4895",147,1994,24.48,24.44,24.7,24.26
"4896",148,1994,25.07,25.04,25.59,24.72
"4897",149,1994,25.3,25.18,25.84,24.84
"4898",150,1994,24.76,25.29,25.54,24.91
"4899",151,1994,24.36,24.89,24.63,24.75
"4900",152,1994,23.88,24.28,24.24,23.58
"4901",153,1994,23.51,24.1,24.53,23.36
"4902",154,1994,23.74,24.25,24.65,23.67
"4903",155,1994,23.08,23.8,24.58,23
"4904",156,1994,23,23.57,23.58,23.47
"4905",157,1994,24.05,24.7,24.81,24.51
"4906",158,1994,24.8,25.64,25.83,25.31
"4907",159,1994,24.67,25.28,25.37,25.17
"4908",160,1994,24.11,24.89,24.93,24.72
"4909",161,1994,24.39,25.15,24.66,25.15
"4910",162,1994,24.33,24.96,24.33,24.99
"4911",163,1994,24.19,24.73,24.17,24.88
"4912",164,1994,23.91,24.4,24.35,23.96
"4913",165,1994,23.86,24.06,24.59,23.64
"4914",166,1994,24.3,24.91,24.91,24.81
"4915",167,1994,24.17,24.65,24.91,24.4
"4916",168,1994,24.95,25.46,25.47,25.41
"4917",169,1994,24.13,24.48,25.08,24.1
"4918",170,1994,24.34,24.44,24.67,24.1
"4919",171,1994,24.17,24.45,24.69,24.19
"4920",172,1994,24.61,24.8,25.11,24.74
"4921",173,1994,24.62,25.22,25.6,24.95
"4922",174,1994,25.09,25.63,25.67,25.9
"4923",175,1994,25.09,25.95,25.84,26.05
"4924",176,1994,24.66,25.27,25.5,25.06
"4925",177,1994,23.93,24.85,24.99,24.54
"4926",178,1994,23.06,23.93,24.38,23.09
"4927",179,1994,21.64,22.57,22.73,22.45
"4928",180,1994,22.76,23.18,23.35,23.5
"4929",181,1994,23.7,24.16,24.08,24.67
"4930",182,1994,24.64,24.91,24.7,24.75
"4931",183,1994,23.92,24.23,24.48,24.1
"4932",184,1994,23.85,24.28,24.32,24.38
"4933",185,1994,23.2,23.57,23.65,23.18
"4934",186,1994,22.7,23.14,23.02,23.23
"4935",187,1994,23.29,23.61,23.64,23.52
"4936",188,1994,24.06,24.15,24.4,23.96
"4937",189,1994,23.99,24.44,24.9,24.12
"4938",190,1994,23.38,23.82,24.25,23.66
"4939",191,1994,22.97,23.01,23.73,23.01
"4940",192,1994,21.69,22.35,23.09,21.93
"4941",193,1994,20.62,21.06,21.41,20.7
"4942",194,1994,22.17,22.33,21.94,23.16
"4943",195,1994,22.6,23.16,22.82,23.6
"4944",196,1994,23.06,23.56,23.77,23.53
"4945",197,1994,23.57,24.15,24.64,23.86
"4946",198,1994,23.73,23.56,24.2,24.02
"4947",199,1994,24.07,23.97,24.46,24.12
"4948",200,1994,24.03,24.44,24.55,24.56
"4949",201,1994,24.21,24.42,24.75,24.23
"4950",202,1994,24.37,24.69,25.1,24.89
"4951",203,1994,25.04,24.94,25.25,24.88
"4952",204,1994,24.21,24.29,24.7,24.23
"4953",205,1994,24.11,24.37,25.17,23.98
"4954",206,1994,24.29,24.73,25.08,24.57
"4955",207,1994,23.81,24.53,24.36,24.54
"4956",208,1994,24.24,24.26,24.52,24.08
"4957",209,1994,24.35,24.74,24.86,24.34
"4958",210,1994,24.02,24.73,25.01,24.48
"4959",211,1994,23.93,24.17,24.38,24.27
"4960",212,1994,24.28,24.65,24.56,24.65
"4961",213,1994,24.33,24.79,24.76,24.85
"4962",214,1994,24.74,25.1,25.12,25.09
"4963",215,1994,23.81,24.43,24.68,24.28
"4964",216,1994,23.85,24.19,24.86,24.11
"4965",217,1994,24.19,24.69,24.8,24.72
"4966",218,1994,23.78,24.01,24.23,23.93
"4967",219,1994,24.1,24.65,24.36,24.28
"4968",220,1994,25.01,25.53,25.48,25.19
"4969",221,1994,25.69,25.82,25.84,25.63
"4970",222,1994,24.37,24.69,25.22,24.39
"4971",223,1994,23.8,24.53,24.85,24.23
"4972",224,1994,23.26,24,23.84,23.79
"4973",225,1994,23.39,24.19,23.76,23.98
"4974",226,1994,23.43,24.18,23.69,24.27
"4975",227,1994,23.97,24.81,24.58,24.55
"4976",228,1994,23.93,24.16,24.31,24.17
"4977",229,1994,24.18,24.3,24.89,24.22
"4978",230,1994,24.7,25.01,24.94,25.2
"4979",231,1994,24.45,24.88,25.42,24.95
"4980",232,1994,24.44,25.15,25.51,24.74
"4981",233,1994,23.95,24.57,24.55,24.61
"4982",234,1994,24.3,24.86,24.8,25.05
"4983",235,1994,24.56,24.89,24.9,24.86
"4984",236,1994,24.39,24.66,24.95,25.14
"4985",237,1994,24.28,24.63,24.97,24.64
"4986",238,1994,24.81,25.16,25.34,25.25
"4987",239,1994,24.5,24.95,25.37,25.08
"4988",240,1994,24.52,25.26,25.01,25.15
"4989",241,1994,24.56,25.15,24.98,25.14
"4990",242,1994,24.26,25.18,25.14,24.64
"4991",243,1994,24.55,25.03,25.18,24.73
"4992",244,1994,25.1,25.37,25.45,24.95
"4993",245,1994,24.38,24.7,24.99,24.3
"4994",246,1994,24.69,25.27,25.18,25.29
"4995",247,1994,24.17,24.61,24.56,24.9
"4996",248,1994,24.93,25.59,25.52,25.76
"4997",249,1994,25.17,25.7,25.71,25.82
"4998",250,1994,25.15,25.91,25.62,25.54
"4999",251,1994,24.82,25.49,25.6,25.53
"5000",252,1994,24.69,24.9,25.29,24.63
"5001",253,1994,24.28,24.82,25.06,25.15
"5002",254,1994,24.86,25.47,25.11,25.77
"5003",255,1994,24.97,25.66,25.62,25.63
"5004",256,1994,25.43,25.95,26.02,25.95
"5005",257,1994,24.84,25.74,26.34,25.33
"5006",258,1994,24.95,25.81,25.84,25.62
"5007",259,1994,25.03,25.46,25.78,25.5
"5008",260,1994,24.96,25.05,25.71,24.97
"5009",261,1994,24.52,25.04,25.11,25.01
"5010",262,1994,24.94,25.57,25.15,25.53
"5011",263,1994,25.41,25.88,26.16,26.02
"5012",264,1994,25.3,26.28,26.34,26.22
"5013",265,1994,25.4,25.61,25.77,25.5
"5014",266,1994,24.61,25.05,25.61,24.92
"5015",267,1994,25.17,25.66,25.61,25.56
"5016",268,1994,25.13,25.37,25.61,25.63
"5017",269,1994,25.22,25.67,25.84,25.53
"5018",270,1994,24.64,25.24,25.22,25.31
"5019",271,1994,23.95,24.26,24.22,24.22
"5020",272,1994,24.53,24.98,24.93,24.83
"5021",273,1994,24.97,25.57,25.73,25.32
"5022",274,1994,25.47,26.2,26.12,26.02
"5023",275,1994,24.94,25.56,25.63,25.33
"5024",276,1994,24.63,25.17,25.94,24.79
"5025",277,1994,24.23,24.94,25.2,24.51
"5026",278,1994,24.36,24.51,24.42,24.69
"5027",279,1994,25.18,25.62,25.67,25.57
"5028",280,1994,24.84,25.19,25.42,24.77
"5029",281,1994,24.83,25.45,25.01,25.33
"5030",282,1994,24.71,24.85,24.77,25.02
"5031",283,1994,25.27,25.73,25.46,25.49
"5032",284,1994,25.16,25.49,25.53,25.66
"5033",285,1994,24.81,25.46,25.54,25.26
"5034",286,1994,24.71,25,25.26,24.78
"5035",287,1994,24.79,25.45,26.05,24.74
"5036",288,1994,25.16,25.66,26.01,25.39
"5037",289,1994,25.34,26.35,26.13,26.02
"5038",290,1994,25.88,26.58,26.54,26.22
"5039",291,1994,25.82,26.07,26.3,25.66
"5040",292,1994,25,25.41,25.31,24.78
"5041",293,1994,25.36,25.92,26.23,25.71
"5042",294,1994,25.4,25.9,25.57,25.89
"5043",295,1994,24.84,25.27,25.67,24.86
"5044",296,1994,24.8,25.52,25.3,25.09
"5045",297,1994,25.46,25.73,25.63,25.31
"5046",298,1994,26.4,26.8,26.42,26.71
"5047",299,1994,25.87,26.62,26.31,26.07
"5048",300,1994,25.23,26.05,25.88,25.85
"5049",301,1994,25.13,25.42,25.92,25.71
"5050",302,1994,25.75,26.26,26.44,26.11
"5051",303,1994,25.19,25.68,26.07,25.44
"5052",304,1994,24.37,24.89,25.02,24.92
"5053",305,1994,24.13,24.71,24.82,24.5
"5054",306,1994,24.63,25.23,25.66,24.88
"5055",307,1994,24.77,25.78,26.01,25.22
"5056",308,1994,24.91,25.42,25.29,25.4
"5057",309,1994,25.63,25.91,25.76,25.87
"5058",310,1994,25.14,25.7,25.51,25.99
"5059",311,1994,24.97,25.74,25.67,25.48
"5060",312,1994,24.74,25.06,25.16,24.78
"5061",313,1994,25.12,25.41,25.36,25.32
"5062",314,1994,25.18,25.6,25.62,25.52
"5063",315,1994,25.6,26.06,26.11,25.85
"5064",316,1994,25.51,26.28,26.44,25.89
"5065",317,1994,25.6,26.38,26.36,26.14
"5066",318,1994,26.03,26.63,26.74,26.53
"5067",319,1994,26.71,26.96,27.31,26.8
"5068",320,1994,26.66,27.28,27.26,27.29
"5069",321,1994,26.64,27.13,27.26,27.16
"5070",322,1994,26.76,27.44,27.11,27.33
"5071",323,1994,26.51,27.24,27.24,27.38
"5072",324,1994,25.99,27.05,26.7,27.01
"5073",325,1994,24.93,26.09,25.87,25.89
"5074",326,1994,24.81,25.48,25.71,25.39
"5075",327,1994,24.07,24.68,24.5,24.52
"5076",328,1994,23.66,24.51,24.45,24.41
"5077",329,1994,24.51,24.98,25.01,24.83
"5078",330,1994,24.43,24.86,25.28,24.9
"5079",331,1994,24.48,24.87,25.25,24.96
"5080",332,1994,25.25,25.4,25.73,25.48
"5081",333,1994,25.39,25.25,25.84,25.44
"5082",334,1994,25.55,25.66,25.99,25.46
"5083",335,1994,25.93,25.77,26.03,25.69
"5084",336,1994,25.3,25.77,25.81,25.74
"5085",337,1994,24.96,25.73,25.72,25.76
"5086",338,1994,25.42,25.91,26.32,25.78
"5087",339,1994,25.48,25.97,26.6,25.81
"5088",340,1994,25.75,26.33,26.62,26.28
"5089",341,1994,25.11,26.11,26.13,25.99
"5090",342,1994,24.77,25.41,25.75,25.43
"5091",343,1994,24.6,24.79,25.26,24.78
"5092",344,1994,24.95,25.25,26.02,25.05
"5093",345,1994,25.5,25.96,26.08,25.98
"5094",346,1994,25.89,25.98,26.23,26.16
"5095",347,1994,25.51,25.92,26.18,25.7
"5096",348,1994,25.37,25.86,26.27,25.85
"5097",349,1994,25.7,26.24,26.35,26.33
"5098",350,1994,25.68,25.9,26.33,25.95
"5099",351,1994,25.58,26.12,26.52,26.2
"5100",352,1994,25.51,26.29,26.46,26.36
"5101",353,1994,25.47,26.34,26.34,26.48
"5102",354,1994,25.31,25.98,26.37,26.01
"5103",355,1994,25.64,26.27,26.72,26.21
"5104",356,1994,26.21,26.67,26.96,26.71
"5105",357,1994,26.09,26.37,26.91,26.47
"5106",358,1994,26.07,26.24,26.98,26.19
"5107",359,1994,26.4,26.94,27.14,26.77
"5108",360,1994,26.4,27.02,27.16,26.94
"5109",361,1994,26.53,27.06,27.42,26.86
"5110",362,1994,26.72,27.08,27.39,27.26
"5111",363,1994,26.69,26.95,27.48,27.08
"5112",364,1994,26.68,26.93,27.5,27.05
"5113",365,1994,26.81,27.34,27.67,27.3
"5114",1,1995,27.06,27.91,28.1,27.55
"5115",2,1995,26.95,27.42,27.63,27.38
"5116",3,1995,26.01,26.4,26.55,26.57
"5117",4,1995,26.45,26.73,27.67,26.66
"5118",5,1995,26.84,27.21,27.44,27.27
"5119",6,1995,26.5,26.89,26.92,26.9
"5120",7,1995,26.28,26.5,26.76,26.79
"5121",8,1995,26.41,26.49,26.53,26.78
"5122",9,1995,26.71,26.98,26.76,27.14
"5123",10,1995,26.94,27.43,27.03,27.5
"5124",11,1995,26.96,27.17,27.07,27.26
"5125",12,1995,26.96,27.11,27.17,27.05
"5126",13,1995,27.06,27.17,27.41,27.09
"5127",14,1995,27.48,27.79,27.95,27.48
"5128",15,1995,26.57,27.96,27.96,27.9
"5129",16,1995,26.2,28.12,27.03,28.11
"5130",17,1995,26.57,27.96,27.22,28.1
"5131",18,1995,26.6,28.21,27.92,28.12
"5132",19,1995,25.34,27.07,26.54,26.87
"5133",20,1995,25.34,26.16,26.43,26.21
"5134",21,1995,24.83,26.19,26.33,25.97
"5135",22,1995,25.2,27.01,26.95,26.85
"5136",23,1995,25.8,26.78,26.95,26.99
"5137",24,1995,25.96,26.83,27.53,26.57
"5138",25,1995,26.48,27.75,27.61,27.63
"5139",26,1995,26.62,27.6,27.65,27.64
"5140",27,1995,26.74,27.61,27.73,27.62
"5141",28,1995,26.98,27.88,27.85,27.83
"5142",29,1995,27.35,28.39,28.42,28.19
"5143",30,1995,27.59,28.65,28.23,28.52
"5144",31,1995,27.43,28.04,28.08,27.83
"5145",32,1995,27.86,28.51,28.67,28.28
"5146",33,1995,28.37,28.99,29.01,28.83
"5147",34,1995,28.58,29.09,29,29.06
"5148",35,1995,28.7,29.01,28.83,29.15
"5149",36,1995,28.46,28.75,28.24,29.05
"5150",37,1995,28.19,28.42,28.39,28.64
"5151",38,1995,28.19,28.47,28.6,28.57
"5152",39,1995,28.5,28.79,28.99,28.77
"5153",40,1995,28.83,29.37,29.51,28.92
"5154",41,1995,29.25,29.75,29.52,29.67
"5155",42,1995,29.34,29.39,29.29,29.39
"5156",43,1995,29.33,29.35,29.21,29.28
"5157",44,1995,29.11,28.92,29.03,28.91
"5158",45,1995,28.99,28.83,28.94,28.86
"5159",46,1995,28.91,28.67,28.98,28.62
"5160",47,1995,29.04,29.08,28.98,28.97
"5161",48,1995,29.2,29.11,28.84,29.1
"5162",49,1995,28.42,28.29,28.12,28.24
"5163",50,1995,28.35,28.17,28.12,28.39
"5164",51,1995,28.58,28.55,28.69,28.79
"5165",52,1995,28.36,29.24,29.09,29.09
"5166",53,1995,28.51,29.74,29.31,29.86
"5167",54,1995,28.89,30.24,29.62,30.1
"5168",55,1995,28.22,29.96,29.41,30.1
"5169",56,1995,28.22,29.65,29.24,30
"5170",57,1995,28.46,30.04,29.5,30.05
"5171",58,1995,27.22,29.89,28.9,30.03
"5172",59,1995,26.8,29.2,28.99,29.22
"5173",60,1995,26.71,28.94,28.79,28.75
"5174",61,1995,26.01,28.69,28.1,28.5
"5175",62,1995,25.71,27.76,27.49,27.98
"5176",63,1995,25.27,27.36,27.59,26.95
"5177",64,1995,25.97,28.32,28.51,27.76
"5178",65,1995,26.55,28.67,28.74,28.43
"5179",66,1995,26.88,29,28.71,28.47
"5180",67,1995,26.93,29.08,28.76,28.74
"5181",68,1995,27.27,29.54,29.04,29.08
"5182",69,1995,27.14,29.59,29.13,29.44
"5183",70,1995,26.04,28.48,28.49,28.28
"5184",71,1995,24.36,25.63,25.76,25.33
"5185",72,1995,25,26.26,26.71,25.82
"5186",73,1995,25.96,27.28,28.3,26.67
"5187",74,1995,26.6,28.03,28.58,27.52
"5188",75,1995,27.28,28.51,28.99,28.45
"5189",76,1995,27.44,28.99,29.18,28.65
"5190",77,1995,26.69,28.41,28.48,28.52
"5191",78,1995,26.68,28.15,26.87,28.38
"5192",79,1995,26.03,26.72,26.61,26.51
"5193",80,1995,26.02,26.81,26.15,26.99
"5194",81,1995,24.91,25.53,25.66,25.68
"5195",82,1995,25.7,26.44,26.81,26.38
"5196",83,1995,26.1,27.16,27.57,26.81
"5197",84,1995,25.76,27.53,27.99,26.42
"5198",85,1995,26.05,27.58,27.86,26.58
"5199",86,1995,26.83,28.2,28.49,27.53
"5200",87,1995,27.38,28.49,28.83,27.85
"5201",88,1995,27.35,28.74,29.16,27.57
"5202",89,1995,27.82,29.41,29.92,28.15
"5203",90,1995,28.04,29.79,30.04,28.68
"5204",91,1995,27.82,29.65,30.03,28.78
"5205",92,1995,27.42,30.07,29.96,28.93
"5206",93,1995,26.91,29.08,29.25,28.17
"5207",94,1995,27.39,29.58,29.76,28.6
"5208",95,1995,27.24,29.67,29.8,28.47
"5209",96,1995,27.54,29.74,29.92,28.84
"5210",97,1995,27.91,29.91,30.37,29.28
"5211",98,1995,28.65,31.1,31.7,29.5
"5212",99,1995,28.42,31.19,31.06,30.03
"5213",100,1995,28.48,31.01,30.66,29.88
"5214",101,1995,28.31,30.93,30.92,29.87
"5215",102,1995,27.32,30.54,29.22,29.09
"5216",103,1995,25.74,26.43,26.33,27.08
"5217",104,1995,24.46,24.49,24.22,25.2
"5218",105,1995,25.18,25.59,25.87,25.26
"5219",106,1995,24.97,25.44,25.84,25.08
"5220",107,1995,24.39,25.03,25.05,24.92
"5221",108,1995,25.64,26.53,26.35,26.32
"5222",109,1995,25.94,26.7,26.98,26.18
"5223",110,1995,25.57,26.95,27.07,26.18
"5224",111,1995,25.35,26.7,26.74,26.23
"5225",112,1995,24.69,25.32,25.08,25.26
"5226",113,1995,24.29,24.81,24.5,24.89
"5227",114,1995,24.76,25.46,25.46,25.03
"5228",115,1995,23.89,24.51,24.36,24.99
"5229",116,1995,24.25,25.24,24.81,25.09
"5230",117,1995,25.21,26.4,25.87,25.97
"5231",118,1995,26.07,27.12,26.83,26.88
"5232",119,1995,25.69,26.36,26.84,25.99
"5233",120,1995,25.71,26.49,26.55,26.38
"5234",121,1995,25.88,26.48,26.71,26.18
"5235",122,1995,25.88,26.54,26.85,26.42
"5236",123,1995,25.28,25.87,26.11,25.87
"5237",124,1995,25.56,25.64,25.8,25.76
"5238",125,1995,26.32,26.84,26.71,26.58
"5239",126,1995,27.18,27.39,27.25,27.3
"5240",127,1995,27.37,27.31,27.79,27.38
"5241",128,1995,26.72,27.48,27.78,27.23
"5242",129,1995,25.37,26.44,26.01,26.08
"5243",130,1995,25.34,26.14,25.87,26
"5244",131,1995,25.17,25.77,26.11,25.6
"5245",132,1995,25.35,26.52,26.52,26.06
"5246",133,1995,25.58,26.06,26.71,25.38
"5247",134,1995,25.61,26.38,26.5,26.11
"5248",135,1995,25.98,26.39,26.23,26.18
"5249",136,1995,24.98,25.78,25.57,25.94
"5250",137,1995,24.91,25.51,25.48,25.56
"5251",138,1995,24.39,25.15,25.27,24.98
"5252",139,1995,23.97,24.58,24.57,24.51
"5253",140,1995,24.65,25.41,25.45,25.49
"5254",141,1995,25.12,26.13,26.14,25.82
"5255",142,1995,25.1,25.54,26.34,25.01
"5256",143,1995,25.11,25.42,25.64,25.68
"5257",144,1995,24.76,25.16,25.38,25.1
"5258",145,1995,24.06,24.69,24.93,24.34
"5259",146,1995,24,24.7,24.72,24.57
"5260",147,1995,24.48,25.08,24.8,25.01
"5261",148,1995,24.23,25.04,24.24,25.17
"5262",149,1995,23.79,24.28,23.98,24.55
"5263",150,1995,23.5,24.18,24.25,24.41
"5264",151,1995,23.64,24.09,24.32,24.85
"5265",152,1995,24.47,25.02,25.26,25.38
"5266",153,1995,24.71,25.12,25.68,25.07
"5267",154,1995,24.27,24.82,24.86,24.74
"5268",155,1995,24.27,24.69,24.55,24.83
"5269",156,1995,24,24.31,24.48,23.94
"5270",157,1995,24.57,25.03,25.21,24.43
"5271",158,1995,24.72,25.44,25.58,25.5
"5272",159,1995,24.61,25.14,25.28,24.68
"5273",160,1995,24.49,24.92,25.04,24.84
"5274",161,1995,25.39,25.96,25.65,25.84
"5275",162,1995,25.57,26,25.93,26.15
"5276",163,1995,24.87,25.65,25.28,25.63
"5277",164,1995,24.22,24.93,24.93,24.76
"5278",165,1995,23.64,24.29,23.92,24.28
"5279",166,1995,24.56,25.25,24.86,25.25
"5280",167,1995,25.25,25.73,25.25,26.02
"5281",168,1995,25.05,25.59,25.61,25.16
"5282",169,1995,24.86,25.53,25.32,25.47
"5283",170,1995,24.48,25.23,24.8,25.18
"5284",171,1995,23.91,24.67,24.36,24.78
"5285",172,1995,24.04,24.84,24.33,24.97
"5286",173,1995,23.73,24.18,23.93,24.09
"5287",174,1995,24.02,24.14,24.39,24.02
"5288",175,1995,24.48,25.13,25,24.91
"5289",176,1995,24.9,26.04,26.02,25.83
"5290",177,1995,23.83,24.91,25.17,24.58
"5291",178,1995,24.15,24.88,24.87,24.61
"5292",179,1995,24.07,24.61,24.55,24.61
"5293",180,1995,23.62,23.91,24.03,23.8
"5294",181,1995,23.4,24.31,24.09,24.1
"5295",182,1995,24.05,24.81,24.72,24.76
"5296",183,1995,23.94,24.93,24.83,24.8
"5297",184,1995,23.83,24.39,24.3,23.99
"5298",185,1995,23.93,24.68,24.78,24.63
"5299",186,1995,24.01,24.65,24.6,24.58
"5300",187,1995,24.65,25.04,24.76,25.21
"5301",188,1995,25.02,25.15,25.45,24.97
"5302",189,1995,24.16,24.95,24.62,25.07
"5303",190,1995,24.23,24.64,24.65,24.67
"5304",191,1995,24.51,24.96,24.99,24.84
"5305",192,1995,24.69,25.59,25.38,25.52
"5306",193,1995,24.5,24.85,25.33,24.52
"5307",194,1995,24.76,25.32,25.3,25.24
"5308",195,1995,24.48,25.01,24.81,24.94
"5309",196,1995,24.69,25.32,25.27,25.11
"5310",197,1995,24.49,24.97,25.27,24.78
"5311",198,1995,23.84,24.24,24.32,24.24
"5312",199,1995,24.07,24.62,24.21,24.34
"5313",200,1995,24.49,25.39,25.22,25.03
"5314",201,1995,23.62,24.41,24.57,24.15
"5315",202,1995,23.7,24.39,23.99,24.23
"5316",203,1995,23.22,23.97,23.65,24.12
"5317",204,1995,24.11,24.91,24.51,24.78
"5318",205,1995,24.41,24.91,24.69,24.73
"5319",206,1995,24.56,25.03,24.78,24.93
"5320",207,1995,23.95,24.67,24.61,24.53
"5321",208,1995,24.55,25.2,25.18,24.91
"5322",209,1995,24.73,25.18,25.38,25.32
"5323",210,1995,24.93,25.33,25.4,25.03
"5324",211,1995,24.34,24.98,25.02,24.86
"5325",212,1995,24.82,25.31,25.07,25.19
"5326",213,1995,25.75,26.22,26.12,25.6
"5327",214,1995,25.28,26.19,26.2,25.61
"5328",215,1995,25.14,26.15,25.79,25.87
"5329",216,1995,25.04,25.82,25.41,25.77
"5330",217,1995,24.52,24.92,25.03,24.74
"5331",218,1995,24.85,25.81,25.43,25.44
"5332",219,1995,24.63,25.65,25.19,25.68
"5333",220,1995,24.73,25.36,24.94,25.52
"5334",221,1995,25.13,25.75,25.05,26.07
"5335",222,1995,25.72,26.06,25.51,25.88
"5336",223,1995,24.87,25.22,25.83,24.9
"5337",224,1995,25.59,25.8,25.59,25.86
"5338",225,1995,25.02,25.43,25.96,25.14
"5339",226,1995,25.01,25.78,25.3,25.92
"5340",227,1995,25.86,26.21,26.03,26.21
"5341",228,1995,25.51,26.37,26.41,26.2
"5342",229,1995,25,25.33,25.56,24.99
"5343",230,1995,24.65,25.12,25.42,24.57
"5344",231,1995,24.74,25.68,25.42,25.7
"5345",232,1995,24.8,25.83,25.26,25.71
"5346",233,1995,24.55,25.51,25.18,25.56
"5347",234,1995,25.19,25.85,25.81,25.7
"5348",235,1995,25.38,25.66,25.88,25.73
"5349",236,1995,25.51,26.01,25.59,26.31
"5350",237,1995,25.64,26.39,26.01,26.55
"5351",238,1995,25.91,26.59,26.55,26.44
"5352",239,1995,25.89,26.68,26.69,26.54
"5353",240,1995,26.02,26.65,26.13,27.04
"5354",241,1995,25.87,26.11,26.49,26.17
"5355",242,1995,25.69,26.08,25.77,26.19
"5356",243,1995,25.35,25.72,25.96,25.77
"5357",244,1995,25.3,26.23,25.36,26.29
"5358",245,1995,25.62,26.61,26.12,26.48
"5359",246,1995,25.47,26.04,25.7,26.4
"5360",247,1995,24.97,25.48,25.62,25.61
"5361",248,1995,25.57,26.36,26.03,26.45
"5362",249,1995,25.64,26.4,26.2,26.5
"5363",250,1995,25.93,26.53,26.38,26.37
"5364",251,1995,25.28,25.94,25.89,25.54
"5365",252,1995,24.97,25.86,25.68,25.58
"5366",253,1995,24.92,25.8,25.98,25.13
"5367",254,1995,25.12,25.73,25.33,25.65
"5368",255,1995,25.53,26.25,25.91,26.17
"5369",256,1995,24.92,26.16,26.28,25.59
"5370",257,1995,25.22,25.87,25.88,25.61
"5371",258,1995,24.95,25.61,25.65,25.36
"5372",259,1995,25.07,25.68,25.36,25.78
"5373",260,1995,25.78,25.98,26.19,26.17
"5374",261,1995,25.59,26.27,26.52,26.26
"5375",262,1995,25.52,26.32,26.21,26.55
"5376",263,1995,25.15,25.54,25.83,25.78
"5377",264,1995,24.84,25.34,25.64,25.38
"5378",265,1995,25.02,25.6,25.7,25.61
"5379",266,1995,25.09,25.59,25.92,25.34
"5380",267,1995,25.12,25.78,25.57,25.86
"5381",268,1995,25.15,25.69,25.89,25.27
"5382",269,1995,25.63,26.24,26.37,26.27
"5383",270,1995,25.93,26.65,26.49,26.82
"5384",271,1995,25.94,26.9,26.75,26.84
"5385",272,1995,25.87,26.73,26.66,26.49
"5386",273,1995,25.04,25.73,25.73,25.27
"5387",274,1995,24.4,25.35,24.79,25.37
"5388",275,1995,24.93,25.87,25.51,25.62
"5389",276,1995,25.69,26.1,26.08,26.11
"5390",277,1995,26.15,26.47,26.41,26.52
"5391",278,1995,26.48,26.8,26.64,26.86
"5392",279,1995,25.67,26.43,26.61,26.34
"5393",280,1995,26.35,26.92,27.07,26.74
"5394",281,1995,26.21,26.87,26.66,26.45
"5395",282,1995,25.62,26.73,26.63,26.35
"5396",283,1995,25.03,25.99,25.61,25.89
"5397",284,1995,24.66,24.58,24.94,24.29
"5398",285,1995,25.13,25.6,25.48,25.33
"5399",286,1995,25.73,26.08,26.2,25.84
"5400",287,1995,25.52,25.78,26.46,25.54
"5401",288,1995,25.16,25.76,26.3,25.43
"5402",289,1995,24.58,25.16,25.14,25.16
"5403",290,1995,24.83,25.41,25.45,25.11
"5404",291,1995,25.48,26.18,25.56,26.07
"5405",292,1995,25.27,25.85,25.48,25.75
"5406",293,1995,25.55,26.09,25.91,26
"5407",294,1995,25.64,26.44,25.89,26.52
"5408",295,1995,25.31,26.28,25.99,25.95
"5409",296,1995,24.71,25.88,25.51,25.96
"5410",297,1995,25.26,26.06,25.71,25.8
"5411",298,1995,25.49,26.12,26.28,26.03
"5412",299,1995,25.13,26.21,26.04,25.86
"5413",300,1995,25.19,25.82,25.4,26
"5414",301,1995,25.64,26.25,26.04,26.19
"5415",302,1995,25.49,26.36,25.98,26.22
"5416",303,1995,24.84,25.61,25.82,25.38
"5417",304,1995,24.54,25.15,25.63,24.88
"5418",305,1995,24.14,24.57,24.67,24.61
"5419",306,1995,24.81,25.42,25.34,25.57
"5420",307,1995,25.36,25.88,26.06,25.55
"5421",308,1995,24.99,25.44,25.58,25.39
"5422",309,1995,24.64,25.35,25.24,25.22
"5423",310,1995,25.1,25.51,25.83,25.29
"5424",311,1995,24.84,25.5,25.91,25.21
"5425",312,1995,24.74,25.22,25.32,25.1
"5426",313,1995,24.89,25.74,26.04,24.89
"5427",314,1995,25.42,26.23,26.22,26.01
"5428",315,1995,25.67,26.44,26.54,26.35
"5429",316,1995,25.63,26.62,26.42,26.5
"5430",317,1995,24.9,26,25.64,25.81
"5431",318,1995,24.92,25.72,25.65,25.34
"5432",319,1995,25.28,25.59,25.96,25.72
"5433",320,1995,25.69,26.4,26.54,26.17
"5434",321,1995,25.43,26.51,26.53,26.45
"5435",322,1995,25.7,26.54,26.63,26.72
"5436",323,1995,25.68,26.61,26.52,26.62
"5437",324,1995,24.77,25.72,25.58,25.99
"5438",325,1995,24.6,24.97,25.65,24.5
"5439",326,1995,25.18,25.85,26.25,25.61
"5440",327,1995,26.01,26.72,27.11,26.5
"5441",328,1995,26.1,26.98,27.03,26.98
"5442",329,1995,26.46,26.75,26.99,26.64
"5443",330,1995,26.42,26.28,26.75,26.12
"5444",331,1995,26.63,27.16,27.21,26.91
"5445",332,1995,26.23,26.53,26.92,26.34
"5446",333,1995,26.18,26.26,26.76,26.14
"5447",334,1995,25.96,26.17,26.38,26.2
"5448",335,1995,26.22,26.6,26.96,26.3
"5449",336,1995,26.08,26.7,26.96,26.4
"5450",337,1995,25.62,26.62,26.87,26.29
"5451",338,1995,25.65,26.69,26.83,26.36
"5452",339,1995,25.8,26.81,26.89,26.48
"5453",340,1995,26.4,27.21,27.32,27.03
"5454",341,1995,26.51,27.48,27.81,27.08
"5455",342,1995,26.58,27.76,27.77,27.33
"5456",343,1995,26.3,27.85,27.92,27.6
"5457",344,1995,26.14,27.92,27.93,27.53
"5458",345,1995,26.68,28.26,28.26,27.88
"5459",346,1995,27.03,28.15,28.16,27.92
"5460",347,1995,26.97,28.33,28.21,28.02
"5461",348,1995,26.85,28.43,28.1,28.22
"5462",349,1995,26.36,28.22,27.91,28.3
"5463",350,1995,26.75,28.39,28,27.96
"5464",351,1995,26.87,28.39,27.72,28.03
"5465",352,1995,26.25,28.06,27.62,28.07
"5466",353,1995,24.89,25.9,25.67,26.16
"5467",354,1995,24.5,25.18,25.03,25.25
"5468",355,1995,24.74,25.84,25.54,25.63
"5469",356,1995,24.79,25.34,25.58,25.42
"5470",357,1995,24.93,25.61,25.83,25.39
"5471",358,1995,24.38,25.18,25.51,24.92
"5472",359,1995,24.35,25.12,25.42,24.9
"5473",360,1995,24.65,25.66,25.9,25.45
"5474",361,1995,25.47,26.07,26.38,25.81
"5475",362,1995,25.68,25.98,26.82,25.6
"5476",363,1995,26,26.96,27.17,26.48
"5477",364,1995,25.85,27.06,27.5,26.47
"5478",365,1995,25.35,26.24,26.63,25.91
"5479",1,1996,25.48,25.97,26.8,25.44
"5480",2,1996,25.94,26.92,27.59,26.24
"5481",3,1996,25.58,26.81,27.1,26.67
"5482",4,1996,25.28,26.64,27.61,25.9
"5483",5,1996,25.7,27.02,27.85,26.7
"5484",6,1996,25.57,26.62,27.31,25.92
"5485",7,1996,25.92,26.52,27.57,26.17
"5486",8,1996,26.38,27.33,27.99,26.96
"5487",9,1996,26.62,27.45,28.29,26.78
"5488",10,1996,26.3,27.6,27.97,27.09
"5489",11,1996,25.58,27.8,27.73,27.14
"5490",12,1996,25.83,27.78,27.81,27.56
"5491",13,1996,26.11,27.79,27.88,27.62
"5492",14,1996,26.73,28.31,28.68,27.79
"5493",15,1996,26.94,28.39,28.68,27.97
"5494",16,1996,26.69,28.1,28.25,27.67
"5495",17,1996,27.08,28.26,28.4,27.63
"5496",18,1996,27.25,28.67,28.56,28.29
"5497",19,1996,27.01,28.09,28.29,28.1
"5498",20,1996,27.15,28.41,28.21,28.28
"5499",21,1996,27.41,28.49,28.61,28.36
"5500",22,1996,27.29,28.55,28.85,28.36
"5501",23,1996,27.67,28.7,28.63,28.58
"5502",24,1996,27.89,28.74,28.7,28.44
"5503",25,1996,27.9,28.55,28.65,28.29
"5504",26,1996,27.86,28.48,28.79,28.2
"5505",27,1996,27.76,28.57,28.55,28.27
"5506",28,1996,28,28.18,28.49,27.97
"5507",29,1996,28.05,28.52,28.72,28.34
"5508",30,1996,27.78,28.71,28.75,28.67
"5509",31,1996,27.07,29.12,28.94,28.84
"5510",32,1996,25.36,28.17,27.76,28.15
"5511",33,1996,24.99,27.18,27.76,26.2
"5512",34,1996,24.43,26.05,27.21,25.72
"5513",35,1996,25.08,26.93,27.45,26.61
"5514",36,1996,25.84,27.7,27.91,27.14
"5515",37,1996,26.36,27.86,28.38,27.75
"5516",38,1996,26.73,27.99,28.88,27.92
"5517",39,1996,26.17,28.66,28.44,28.26
"5518",40,1996,24.51,25.54,25.98,25.2
"5519",41,1996,24.28,24.85,25.49,24.84
"5520",42,1996,24.64,25.74,26.35,25.47
"5521",43,1996,24.3,25.68,26.17,25.27
"5522",44,1996,24.53,25.88,26.23,25.48
"5523",45,1996,23.93,25.77,25.99,25.43
"5524",46,1996,24.18,25.9,26.19,25.84
"5525",47,1996,24.73,26.32,26.73,26.13
"5526",48,1996,25.17,26.76,26.87,26.53
"5527",49,1996,25.58,26.92,27.36,26.38
"5528",50,1996,25.27,26.56,27.5,26.13
"5529",51,1996,26.3,27.76,28.21,27.23
"5530",52,1996,26.11,27.13,27.8,27.14
"5531",53,1996,26.5,27.81,28.8,27.28
"5532",54,1996,26.95,28.44,29.13,27.96
"5533",55,1996,26.68,28.52,28.95,28.44
"5534",56,1996,25.28,27.79,28.05,26.83
"5535",57,1996,25.24,27.63,28.03,27.27
"5536",58,1996,25.57,28.01,28.32,27.58
"5537",59,1996,25.66,28.81,28.77,27.81
"5538",60,1996,25.87,28.89,29,28.49
"5539",61,1996,25.76,28.97,29.23,28.62
"5540",62,1996,25.58,28.43,28.84,27.97
"5541",63,1996,25.65,28.83,29.24,27.82
"5542",64,1996,26.06,28.74,28.99,28.59
"5543",65,1996,26.58,29.31,29,29.14
"5544",66,1996,26.87,29.36,29.01,29.29
"5545",67,1996,27.38,29.68,29.72,29.56
"5546",68,1996,26.78,29.92,30.01,29.34
"5547",69,1996,26.41,30.14,29.66,30.05
"5548",70,1996,25.74,28.29,29.16,27.41
"5549",71,1996,25.16,26.92,27.12,26.71
"5550",72,1996,26.22,28.14,28.56,27.55
"5551",73,1996,27.18,28.99,29.09,28.46
"5552",74,1996,27.07,29.13,29.19,28.42
"5553",75,1996,27.55,29.32,29.49,28.68
"5554",76,1996,27.41,29.4,29.45,29.27
"5555",77,1996,27.4,29.51,29.86,29.06
"5556",78,1996,27.76,29.68,29.99,29.11
"5557",79,1996,27.28,29.99,29.87,29.69
"5558",80,1996,27.53,29.96,30.17,29.64
"5559",81,1996,27.54,30.6,30.84,30.09
"5560",82,1996,27.07,30.44,30.2,29.88
"5561",83,1996,26.84,29.98,29.79,29.31
"5562",84,1996,26.45,29.84,29.84,28.94
"5563",85,1996,25.08,28.11,28.2,27.11
"5564",86,1996,25.87,28.11,28.44,27.38
"5565",87,1996,27.11,30.02,29.85,28.97
"5566",88,1996,26.97,29.85,29.25,29.39
"5567",89,1996,26.13,29.26,29.06,28.69
"5568",90,1996,25.61,28.24,28.8,27.53
"5569",91,1996,26.03,28.35,28.35,27.78
"5570",92,1996,26.1,27.52,28.14,27.11
"5571",93,1996,26.43,28.39,29.08,27.81
"5572",94,1996,26.04,28.11,28.7,27.2
"5573",95,1996,25.8,27.78,28.31,26.72
"5574",96,1996,25.18,27,26.74,26.43
"5575",97,1996,25.01,26.36,26.6,25.99
"5576",98,1996,25.63,27.28,27.33,26.66
"5577",99,1996,25.85,27.49,27.95,26.69
"5578",100,1996,25.74,27.27,27.98,26.71
"5579",101,1996,26.38,28.07,28.54,27.63
"5580",102,1996,26.45,28.56,28.88,27.89
"5581",103,1996,26.69,28.45,29.36,27.28
"5582",104,1996,26.53,28.38,29.33,27.18
"5583",105,1996,26.93,28.72,29.22,27.62
"5584",106,1996,27.43,29.16,30.04,28.19
"5585",107,1996,27.79,29.82,30.67,28.39
"5586",108,1996,27.44,29.73,30.39,28.23
"5587",109,1996,27,29.27,30.13,27.67
"5588",110,1996,26.16,28.45,28.87,27.48
"5589",111,1996,25.53,27.68,27.18,27.2
"5590",112,1996,25.81,27.61,28.32,26.34
"5591",113,1996,24.92,27.13,28.14,25.34
"5592",114,1996,24.75,26.6,26.53,26.18
"5593",115,1996,24.65,25.5,26.4,25
"5594",116,1996,24.7,26.21,26.4,25.42
"5595",117,1996,24.65,25.19,25.61,24.49
"5596",118,1996,25.01,25.51,25.68,25.1
"5597",119,1996,24.69,24.75,25.51,24.34
"5598",120,1996,24.25,24.52,25.1,24.22
"5599",121,1996,24.23,24.68,25.06,24.59
"5600",122,1996,24.63,24.99,25.57,24.8
"5601",123,1996,25.16,25.35,25.38,25.39
"5602",124,1996,24.67,24.89,24.92,25.02
"5603",125,1996,24.8,25.37,25.25,25.15
"5604",126,1996,24.41,24.96,25.18,24.48
"5605",127,1996,23.87,24.09,24.63,24.01
"5606",128,1996,24.6,25,25.21,24.65
"5607",129,1996,24.31,24.43,25.13,24.11
"5608",130,1996,24.38,25.23,25.61,24.36
"5609",131,1996,24.68,25.86,26.26,25.08
"5610",132,1996,24.54,25.94,26.11,25.32
"5611",133,1996,24.24,25.79,26.02,25.03
"5612",134,1996,25.18,26.55,27.01,26.01
"5613",135,1996,25.32,26.56,26.31,26.55
"5614",136,1996,23.7,24.27,24.85,24.05
"5615",137,1996,24.48,24.89,24.84,24.93
"5616",138,1996,25.39,25.64,25.51,25.52
"5617",139,1996,25.52,26.03,26.18,25.65
"5618",140,1996,24.99,25.5,25.92,25.4
"5619",141,1996,24.23,24.9,25.45,24.44
"5620",142,1996,25.28,25.97,26.02,25.66
"5621",143,1996,25.14,25.65,25.67,25.46
"5622",144,1996,25.12,25.5,25.43,25.09
"5623",145,1996,23.81,24.61,24.52,24.28
"5624",146,1996,24.54,25.16,24.8,25
"5625",147,1996,25.34,26.07,25.42,26.03
"5626",148,1996,24.39,24.78,24.96,24.68
"5627",149,1996,24.09,25.35,25.39,24.93
"5628",150,1996,24.46,24.9,24.96,24.75
"5629",151,1996,24.77,25.17,25.7,24.43
"5630",152,1996,24.38,25.52,25.71,25.44
"5631",153,1996,24.2,24.73,24.97,24.17
"5632",154,1996,23.44,24.15,24.19,23.65
"5633",155,1996,23.23,23.89,23.88,23.97
"5634",156,1996,23.4,23.96,23.98,23.81
"5635",157,1996,22.58,23.17,23.29,22.52
"5636",158,1996,22.74,23.29,23.18,23.49
"5637",159,1996,23.62,24.43,24.05,24.63
"5638",160,1996,23.9,24.74,24.47,24.43
"5639",161,1996,24.17,24.91,24.15,25.02
"5640",162,1996,24.17,24.53,24.19,24.77
"5641",163,1996,24.56,25.12,24.76,25.4
"5642",164,1996,24.65,25.21,25.06,25.21
"5643",165,1996,24.44,24.91,25.38,24.77
"5644",166,1996,24.63,25.37,25.36,25.34
"5645",167,1996,24.47,25.09,25.67,24.65
"5646",168,1996,24.72,25.52,25.48,25.06
"5647",169,1996,24.26,24.43,24.71,24.15
"5648",170,1996,24.13,24.46,24.75,24.19
"5649",171,1996,24.4,24.83,24.78,24.42
"5650",172,1996,24.56,25.26,25.58,24.81
"5651",173,1996,24.88,25.26,24.79,25.36
"5652",174,1996,24.55,25.4,25.3,25.22
"5653",175,1996,24.4,25.07,25.1,24.7
"5654",176,1996,23.63,24.1,24.37,23.75
"5655",177,1996,23.62,24.31,24.37,24.15
"5656",178,1996,24.28,24.61,24.65,24.62
"5657",179,1996,24.87,25.2,25.72,24.93
"5658",180,1996,24.9,25.82,26,25.5
"5659",181,1996,23.67,24.49,24.16,24.26
"5660",182,1996,22.94,23.58,23.53,23.12
"5661",183,1996,22.55,22.8,22.71,22.69
"5662",184,1996,22.59,23.47,22.69,23.52
"5663",185,1996,23.6,24.34,23.35,24.59
"5664",186,1996,23.82,24.25,24.12,24.46
"5665",187,1996,23.6,24.3,24.55,24.17
"5666",188,1996,23.27,24.27,24.31,24.07
"5667",189,1996,23.95,24.81,24.46,24.68
"5668",190,1996,25.03,25.3,25.3,25.49
"5669",191,1996,24.99,25.37,25.69,25.08
"5670",192,1996,23.95,24.6,24.23,24.73
"5671",193,1996,24.12,24.73,24.22,25.02
"5672",194,1996,23.65,24.55,24.31,24.56
"5673",195,1996,23.19,24.19,23.42,24.02
"5674",196,1996,23.19,24.15,23.82,24.36
"5675",197,1996,23.73,24.64,24.33,24.57
"5676",198,1996,22.85,23.48,23.67,23.4
"5677",199,1996,23.22,23.91,23.71,23.37
"5678",200,1996,23.94,24.29,24.04,24.32
"5679",201,1996,23.62,23.99,24.1,24.16
"5680",202,1996,23.44,23.9,23.52,23.97
"5681",203,1996,23.53,24.18,23.92,24.05
"5682",204,1996,23.63,24.04,24.13,23.78
"5683",205,1996,23.58,24.4,24.16,24.52
"5684",206,1996,24.67,25.16,25.1,25.1
"5685",207,1996,25.18,25.53,25.53,25.58
"5686",208,1996,24.35,24.72,25.14,24.29
"5687",209,1996,24.5,24.99,24.93,24.8
"5688",210,1996,24.23,24.74,25.06,24.43
"5689",211,1996,23.66,24.53,25.06,24.1
"5690",212,1996,23.78,24.73,25.07,24.4
"5691",213,1996,24.19,24.98,24.95,24.85
"5692",214,1996,24.76,25.51,25.38,25.37
"5693",215,1996,24.87,25.37,25.68,25.13
"5694",216,1996,23.93,24.34,24.18,24.23
"5695",217,1996,24.55,25.02,25.16,25.14
"5696",218,1996,25.1,25.49,25.55,25.13
"5697",219,1996,24.52,25.46,25.56,25.01
"5698",220,1996,24.5,24.74,25.52,24.35
"5699",221,1996,24.14,24.71,24.91,24.38
"5700",222,1996,23.74,24.32,24.78,24.17
"5701",223,1996,23.95,24.49,24.98,24.15
"5702",224,1996,24.06,24.87,24.57,24.64
"5703",225,1996,24.83,25.46,25.35,25.39
"5704",226,1996,25.51,26.02,26.05,25.9
"5705",227,1996,24.28,24.97,25.12,24.79
"5706",228,1996,24.7,25.22,25,25.1
"5707",229,1996,24.15,24.82,24.91,24.76
"5708",230,1996,24.36,25.11,25.04,24.88
"5709",231,1996,24.67,25.2,24.79,25.44
"5710",232,1996,24.43,25.15,24.94,25.17
"5711",233,1996,24.56,24.94,25.11,24.85
"5712",234,1996,24.37,25.17,24.54,25.17
"5713",235,1996,24.37,24.89,25.05,24.6
"5714",236,1996,24.24,25.12,25.11,24.61
"5715",237,1996,24.37,25.18,25.2,24.85
"5716",238,1996,24.38,25.28,25.18,24.9
"5717",239,1996,24.77,25.81,25.57,25.56
"5718",240,1996,24.86,25.46,25.45,24.92
"5719",241,1996,25.42,25.67,25.58,25.84
"5720",242,1996,24.65,25.29,25.13,25.18
"5721",243,1996,24.83,25.75,25.05,25.76
"5722",244,1996,25.12,25.66,25.36,25.4
"5723",245,1996,25.32,25.89,25.61,25.75
"5724",246,1996,24.62,24.99,24.81,25.05
"5725",247,1996,25.24,25.54,25.77,25.52
"5726",248,1996,25.89,26.64,26.61,26.36
"5727",249,1996,24.84,25.42,25.66,25.54
"5728",250,1996,24.94,25.55,25.42,25.64
"5729",251,1996,24.73,25.44,25.28,25.28
"5730",252,1996,25.52,26.09,26.16,25.94
"5731",253,1996,26.38,26.28,26.62,25.82
"5732",254,1996,25.09,25.44,25.58,25.42
"5733",255,1996,24.4,25,25.36,25.09
"5734",256,1996,24.56,25.41,25.24,25.55
"5735",257,1996,25.21,25.87,25.83,25.91
"5736",258,1996,25,25.5,25.43,25.28
"5737",259,1996,24.67,25.23,25.5,24.97
"5738",260,1996,24.83,25.52,25.34,25.55
"5739",261,1996,24.57,24.91,24.96,25.08
"5740",262,1996,24.83,25.4,25.28,25.33
"5741",263,1996,25.44,25.96,25.93,25.91
"5742",264,1996,24.58,24.88,24.9,25.05
"5743",265,1996,25.12,25.4,25.91,25.4
"5744",266,1996,25.66,26.05,26.18,25.96
"5745",267,1996,25.34,26,25.68,26.22
"5746",268,1996,24.95,25.12,25.61,24.98
"5747",269,1996,25.46,25.79,25.91,25.99
"5748",270,1996,24.72,25.12,25.33,25.01
"5749",271,1996,24.46,24.99,24.65,25.05
"5750",272,1996,24.73,25.13,25.15,24.77
"5751",273,1996,25.18,25.58,25.68,25.04
"5752",274,1996,24.49,25.15,25.31,25.16
"5753",275,1996,24.42,25.24,24.98,25.13
"5754",276,1996,25.16,26.06,25.83,26.03
"5755",277,1996,25.48,26.45,26.14,26.16
"5756",278,1996,25.12,25.42,25.41,25.37
"5757",279,1996,25.07,25.62,25.62,25.47
"5758",280,1996,25.28,25.5,25.39,25.56
"5759",281,1996,25.16,25.62,26.01,25.62
"5760",282,1996,25.22,25.7,25.69,25.7
"5761",283,1996,25.16,25.75,25.59,25.6
"5762",284,1996,25.65,26.11,26,25.99
"5763",285,1996,26.09,26.5,26.23,26.34
"5764",286,1996,25.77,26.02,26.1,26.06
"5765",287,1996,25.97,26.3,26.16,26.08
"5766",288,1996,25.31,25.83,25.81,25.59
"5767",289,1996,24.43,25.08,25.14,25.04
"5768",290,1996,24.4,25.03,25.32,24.91
"5769",291,1996,24.74,25.46,25.69,25.21
"5770",292,1996,25.58,26.21,25.56,26.13
"5771",293,1996,25.73,26.07,26.46,25.99
"5772",294,1996,25.47,26,26.1,25.82
"5773",295,1996,25.15,26.03,25.99,25.8
"5774",296,1996,24.26,25.02,24.48,25.16
"5775",297,1996,25.03,25.82,25.46,26.05
"5776",298,1996,25.13,25.85,26.01,25.67
"5777",299,1996,25.18,26.31,26.42,26.03
"5778",300,1996,25.14,26.23,26.04,25.93
"5779",301,1996,25.12,26.01,25.83,25.88
"5780",302,1996,25.2,25.95,25.58,26.09
"5781",303,1996,25.4,25.89,25.6,25.78
"5782",304,1996,25.38,26.29,25.81,26.03
"5783",305,1996,25.19,26.18,25.63,25.87
"5784",306,1996,24.6,24.88,24.98,24.89
"5785",307,1996,25.3,25.55,25.98,25.27
"5786",308,1996,25.45,25.89,26.03,25.65
"5787",309,1996,25.69,26.18,26.32,25.88
"5788",310,1996,25.4,26.39,26.19,26.26
"5789",311,1996,25.03,25.41,25.69,25.42
"5790",312,1996,25.28,25.79,26.13,25.61
"5791",313,1996,25.27,25.64,25.85,25.56
"5792",314,1996,25.41,25.91,26.27,25.62
"5793",315,1996,25.12,25.73,25.61,25.54
"5794",316,1996,24.87,25.41,25.4,25.15
"5795",317,1996,24.59,25.06,25.45,24.66
"5796",318,1996,24.77,25.28,25.57,25
"5797",319,1996,25.03,25.6,26.17,25.13
"5798",320,1996,25.31,25.91,26.05,25.55
"5799",321,1996,25.81,26.37,26.73,25.78
"5800",322,1996,25.2,26.39,26.06,25.68
"5801",323,1996,25.92,26.37,26.28,25.75
"5802",324,1996,26.17,26.35,26.3,26.29
"5803",325,1996,25.76,26.13,26.09,26.17
"5804",326,1996,24.59,25.36,25.51,24.96
"5805",327,1996,24.59,24.64,24.88,24.52
"5806",328,1996,25.25,25.56,25.8,25.61
"5807",329,1996,24.65,25.45,25.65,25.25
"5808",330,1996,24.53,25.12,25.62,25.12
"5809",331,1996,24.46,25.43,25.37,25.28
"5810",332,1996,24.72,25.41,25.46,25.22
"5811",333,1996,24.72,25.59,25.8,25.58
"5812",334,1996,24.46,25.06,25.3,24.81
"5813",335,1996,24.66,25.21,25.65,25.03
"5814",336,1996,24.09,24.92,24.95,24.65
"5815",337,1996,24.34,25.02,25.14,24.75
"5816",338,1996,24.91,25.34,25.62,24.97
"5817",339,1996,24.55,25.13,25.61,24.79
"5818",340,1996,24.09,24.65,25.05,24.32
"5819",341,1996,24.05,24.41,25.22,24.2
"5820",342,1996,23.86,24.39,24.96,24.23
"5821",343,1996,24.1,24.63,24.89,24.6
"5822",344,1996,24.59,25.09,25.46,24.81
"5823",345,1996,24.69,25.38,25.71,25.05
"5824",346,1996,23.94,24.86,25.47,24.42
"5825",347,1996,24,24.72,24.88,24.78
"5826",348,1996,24.59,25.56,25.57,25.44
"5827",349,1996,24.48,25.12,24.94,25.13
"5828",350,1996,24.33,24.78,24.7,24.62
"5829",351,1996,24.79,25.29,25.1,25.51
"5830",352,1996,25.37,25.74,25.72,25.85
"5831",353,1996,25.37,25.95,26.12,25.8
"5832",354,1996,25,25.89,26.1,25.58
"5833",355,1996,25.1,26.04,25.97,25.67
"5834",356,1996,24.92,26.04,25.98,25.63
"5835",357,1996,25.18,25.91,26.02,25.63
"5836",358,1996,25.32,25.93,26.06,25.73
"5837",359,1996,25.58,26.09,26.52,25.82
"5838",360,1996,25.51,26.23,26.68,25.93
"5839",361,1996,25.55,25.92,26.3,25.85
"5840",362,1996,25.6,25.75,26.37,25.52
"5841",363,1996,25.52,25.55,26.5,25.15
"5842",364,1996,25.59,25.74,26.36,25.54
"5843",365,1996,25.88,26.08,26.63,25.85
"5844",366,1996,26.27,26.7,26.97,26.38
"5845",1,1997,26.37,26.78,26.93,26.47
"5846",2,1997,26.29,26.74,26.99,26.43
"5847",3,1997,26.31,26.5,26.76,26.28
"5848",4,1997,26.08,26.16,26.79,26
"5849",5,1997,26.09,26.24,26.72,25.77
"5850",6,1997,26.42,26.74,26.9,26.42
"5851",7,1997,26.63,26.99,27.05,26.84
"5852",8,1997,26.62,26.96,27.16,26.73
"5853",9,1997,25.97,27,26.72,26.73
"5854",10,1997,25.25,26.62,26.51,26.7
"5855",11,1997,25.74,27.03,26.47,27.06
"5856",12,1997,26.32,27.42,27.11,27.32
"5857",13,1997,25.95,27.37,27.37,27.16
"5858",14,1997,26.03,27.35,27.09,27.2
"5859",15,1997,26.07,27.54,27.2,27.3
"5860",16,1997,25.79,27.49,26.71,27.3
"5861",17,1997,26,27.71,26.87,27.36
"5862",18,1997,26.68,27.99,27.28,27.67
"5863",19,1997,26.57,27.36,27.1,27.44
"5864",20,1997,26.84,27.73,27.55,27.56
"5865",21,1997,26.87,27.48,27.08,27.97
"5866",22,1997,27.1,27.4,27.27,27.55
"5867",23,1997,26.92,27.23,26.93,27.45
"5868",24,1997,27.09,27.5,27.12,27.41
"5869",25,1997,27.03,27.2,27.16,27.55
"5870",26,1997,27.25,27.93,27.76,27.48
"5871",27,1997,27.59,28.02,28.1,28.02
"5872",28,1997,27.57,27.85,27.8,28.01
"5873",29,1997,27.52,27.7,27.43,28.09
"5874",30,1997,27.65,27.88,27.65,27.88
"5875",31,1997,27.74,28.01,27.95,28.11
"5876",32,1997,27.74,27.95,27.94,27.88
"5877",33,1997,28.21,28.5,28.38,28.49
"5878",34,1997,28.03,28.54,28.44,28.65
"5879",35,1997,27.4,28.29,28.11,28.61
"5880",36,1997,26.8,28.1,27.6,28
"5881",37,1997,25.96,28.08,27.41,27.67
"5882",38,1997,24.33,26.65,25.89,26.37
"5883",39,1997,23.73,24.64,24.86,24.55
"5884",40,1997,24.02,24.78,25.05,24.66
"5885",41,1997,23.7,24.61,24.66,23.99
"5886",42,1997,24.03,24.75,24.87,24.39
"5887",43,1997,24.01,24.71,25.04,24.47
"5888",44,1997,23.85,24.5,25.15,24.13
"5889",45,1997,23.75,24.51,25.55,24.01
"5890",46,1997,24.19,25.01,25.88,24.55
"5891",47,1997,25.16,25.35,26.01,25.38
"5892",48,1997,25.12,25.42,26.13,25.29
"5893",49,1997,25.3,25.66,26.31,25.66
"5894",50,1997,24.97,24.85,25.74,24.94
"5895",51,1997,25.25,25.5,26.35,25.13
"5896",52,1997,25.95,26.24,27.15,26.02
"5897",53,1997,25.53,26.73,27.15,26.51
"5898",54,1997,24.9,26.41,26.97,25.99
"5899",55,1997,25.01,26.23,27.05,25.91
"5900",56,1997,25.2,26.43,27.22,25.95
"5901",57,1997,24.61,25.88,26.66,25.2
"5902",58,1997,25.48,26.48,27.34,25.99
"5903",59,1997,26.1,26.96,27.59,26.82
"5904",60,1997,25.88,26.76,27.22,26.26
"5905",61,1997,25.71,26.59,27.03,26.24
"5906",62,1997,25.72,26.45,27.12,25.87
"5907",63,1997,25.93,26.79,27.33,26.3
"5908",64,1997,26.12,27.22,27.57,26.69
"5909",65,1997,26.63,27.66,28.58,27.06
"5910",66,1997,26.54,27.85,28.26,27.58
"5911",67,1997,26.65,28.23,28.48,27.98
"5912",68,1997,25.99,28.08,27.59,27.44
"5913",69,1997,26.08,28,27.76,27.68
"5914",70,1997,26.62,28.76,28.28,28.62
"5915",71,1997,25.53,28.4,27.85,28.06
"5916",72,1997,24.61,26.09,26.48,26.37
"5917",73,1997,24.96,26.23,27.31,25.63
"5918",74,1997,25.55,27.29,27.56,26.84
"5919",75,1997,25.38,26.97,27.24,26.58
"5920",76,1997,25.34,27.4,27.76,27.07
"5921",77,1997,26.56,28.29,28.56,27.92
"5922",78,1997,26.79,28.07,28.48,28.06
"5923",79,1997,27.22,28.35,28.65,28.31
"5924",80,1997,27.16,28.25,28.45,28.16
"5925",81,1997,27.09,28.26,28.37,28.17
"5926",82,1997,27.29,28.73,28.58,28.28
"5927",83,1997,27.49,28.71,28.96,28.81
"5928",84,1997,27.94,29.62,29.38,29.33
"5929",85,1997,28.2,29.69,29.36,29.77
"5930",86,1997,28.04,29.34,28.84,29.57
"5931",87,1997,27.98,29.11,28.71,29.19
"5932",88,1997,27.99,28.87,28.78,28.68
"5933",89,1997,28.28,29.44,29.19,29.26
"5934",90,1997,28.83,30.13,29.69,29.78
"5935",91,1997,28.78,30.46,29.88,29.98
"5936",92,1997,28.66,30.93,29.95,30.79
"5937",93,1997,28.38,30.01,29.55,30.37
"5938",94,1997,27.87,29.55,29.17,29.62
"5939",95,1997,25.56,27.52,27.09,28.02
"5940",96,1997,24.75,25.43,25.46,25.29
"5941",97,1997,25.03,25.51,25.57,25.51
"5942",98,1997,24.38,25.05,25.23,24.52
"5943",99,1997,24.66,25.33,25.39,24.81
"5944",100,1997,24.19,24.49,24.82,24.46
"5945",101,1997,24.24,24.9,24.93,24.69
"5946",102,1997,24.55,25.28,25.89,24.67
"5947",103,1997,24.53,25.55,25.93,24.82
"5948",104,1997,25.51,26.3,26.71,25.92
"5949",105,1997,26.19,26.95,27.38,26.65
"5950",106,1997,26.63,27.38,27.59,27
"5951",107,1997,25.93,27.3,27.3,27.14
"5952",108,1997,25.61,26.24,26.21,26.43
"5953",109,1997,24.64,25.14,25.31,24.95
"5954",110,1997,24.49,25.26,24.67,25.34
"5955",111,1997,24.38,24.79,25.12,24.64
"5956",112,1997,25.02,25.76,25.89,25.49
"5957",113,1997,25.18,26.47,26.58,26.38
"5958",114,1997,26.03,26.72,26.76,26.58
"5959",115,1997,25.99,27,27.24,26.43
"5960",116,1997,24.88,25.75,26.58,25.23
"5961",117,1997,25.29,26.01,25.95,25.6
"5962",118,1997,26.43,26.58,27.13,26.34
"5963",119,1997,26.02,26.58,27.12,26.14
"5964",120,1997,25.49,26.32,25.9,26.12
"5965",121,1997,24.79,25.13,26.09,24.83
"5966",122,1997,24.84,25.32,25.72,25.34
"5967",123,1997,24.37,24.98,25.54,24.7
"5968",124,1997,24.11,24.76,25.27,24.22
"5969",125,1997,24.63,25.52,25.58,25.3
"5970",126,1997,24.3,25.34,25.27,25.25
"5971",127,1997,24.17,25.05,24.87,25.07
"5972",128,1997,24.36,25.37,25.43,24.98
"5973",129,1997,24.78,25.47,25.57,24.7
"5974",130,1997,24.3,25.26,25.12,25.39
"5975",131,1997,24.19,24.99,24.7,24.87
"5976",132,1997,24.56,25.3,25.76,25.06
"5977",133,1997,25.06,26.09,26.11,25.85
"5978",134,1997,25.19,25.9,26.27,25.66
"5979",135,1997,24.4,25.26,25.7,24.81
"5980",136,1997,24.84,25.21,25.4,25.06
"5981",137,1997,25.38,25.92,26.38,25.76
"5982",138,1997,25.2,26.28,26.18,26.15
"5983",139,1997,24.89,26.01,26.12,25.53
"5984",140,1997,24.29,24.81,25.07,24.4
"5985",141,1997,23.84,24.07,24.65,23.45
"5986",142,1997,24.48,24.79,25.04,24.34
"5987",143,1997,24.35,24.69,24.59,24.65
"5988",144,1997,24.17,24.68,24.78,24.61
"5989",145,1997,24.35,24.93,25,24.46
"5990",146,1997,23.43,23.89,23.68,24.25
"5991",147,1997,23.79,24.68,24.92,24.37
"5992",148,1997,24.58,25.22,24.88,25.29
"5993",149,1997,24.63,25.07,25.26,24.94
"5994",150,1997,24.45,24.94,25.09,24.96
"5995",151,1997,23.7,23.98,24.26,23.96
"5996",152,1997,23.84,24.62,24.31,24.73
"5997",153,1997,24.42,24.9,24.93,24.93
"5998",154,1997,25.6,25.99,25.99,25.86
"5999",155,1997,25.88,25.88,26.32,25.51
"6000",156,1997,25.36,26.08,26.09,26.13
"6001",157,1997,25.59,25.86,26.12,25.98
"6002",158,1997,25.38,25.91,26.41,25.79
"6003",159,1997,23.9,25.19,25.24,25.13
"6004",160,1997,23.71,24.17,24.14,23.95
"6005",161,1997,24.76,25.33,25.39,25.37
"6006",162,1997,25.47,25.84,25.82,25.73
"6007",163,1997,24.86,25.09,25.25,25.13
"6008",164,1997,25.38,25.4,25.98,25.54
"6009",165,1997,24.97,25.46,25.48,25.29
"6010",166,1997,25.17,25.5,25.84,25.34
"6011",167,1997,24.74,25.85,25.86,25.72
"6012",168,1997,25.19,26.09,25.98,25.97
"6013",169,1997,24.2,25.41,25.01,25.33
"6014",170,1997,24.24,24.57,24.71,24.52
"6015",171,1997,24.36,24.47,25.43,23.95
"6016",172,1997,25.3,25.1,25.57,25.06
"6017",173,1997,24.63,24.91,25.14,24.99
"6018",174,1997,24.46,24.58,24.92,24.32
"6019",175,1997,24.42,24.87,25.02,24.59
"6020",176,1997,24.27,24.76,25,24.44
"6021",177,1997,23.72,23.99,24.59,23.75
"6022",178,1997,24.53,24.87,24.89,24.96
"6023",179,1997,24.94,25.24,25.6,25.21
"6024",180,1997,24.18,24.82,25.32,24.67
"6025",181,1997,24.34,24.77,25.12,24.58
"6026",182,1997,24.5,24.72,25.15,24.7
"6027",183,1997,24.36,24.91,24.65,24.86
"6028",184,1997,24.47,24.9,24.85,24.86
"6029",185,1997,24.26,24.79,24.94,24.54
"6030",186,1997,24.05,24.75,24.42,24.58
"6031",187,1997,24.05,24.48,24.54,24.25
"6032",188,1997,23.94,24.21,24.51,23.68
"6033",189,1997,24.06,24.5,24.28,24.41
"6034",190,1997,24.1,24.69,24.47,24.37
"6035",191,1997,23.93,24.32,24.3,24.17
"6036",192,1997,23.51,24.13,24.26,24.25
"6037",193,1997,24.28,24.79,24.86,24.53
"6038",194,1997,24.47,25.01,24.8,25.02
"6039",195,1997,24.47,24.65,24.7,24.52
"6040",196,1997,23.36,24.1,24.94,23.68
"6041",197,1997,24.2,24.85,24.88,24.7
"6042",198,1997,24.05,24.92,25.04,24.92
"6043",199,1997,24.58,25.06,25.21,25.02
"6044",200,1997,24.71,25.39,25.27,25.32
"6045",201,1997,24.89,25.58,25.63,25.46
"6046",202,1997,24.55,24.95,24.8,25.07
"6047",203,1997,24.69,25.16,25.41,25.21
"6048",204,1997,24.58,25.11,25.28,24.88
"6049",205,1997,24.59,25.17,25.35,25.06
"6050",206,1997,24.42,24.95,25.35,24.94
"6051",207,1997,24.54,25.54,25.17,25.51
"6052",208,1997,24.86,25.51,25.39,25.5
"6053",209,1997,24.51,25.18,24.78,25.27
"6054",210,1997,24.98,25.69,25.14,25.6
"6055",211,1997,25.33,25.96,26.02,25.81
"6056",212,1997,25.77,26.12,26.15,26.16
"6057",213,1997,24.56,25.37,25.56,25.09
"6058",214,1997,24.59,25.07,25.45,24.99
"6059",215,1997,24.95,25.62,25.45,25.42
"6060",216,1997,25.51,26.03,26.32,25.5
"6061",217,1997,24.98,25.39,25.58,25.07
"6062",218,1997,24.48,25.06,25.15,24.91
"6063",219,1997,24.24,24.92,24.84,24.5
"6064",220,1997,24.35,25.13,24.65,24.93
"6065",221,1997,23.58,24.7,24.28,24.52
"6066",222,1997,23.05,24.13,23.66,23.73
"6067",223,1997,23.39,24.7,24.1,24.59
"6068",224,1997,24.14,25.14,24.35,24.89
"6069",225,1997,24.65,25.14,25.27,25.25
"6070",226,1997,24.21,24.66,25.17,24.72
"6071",227,1997,24.28,24.87,24.69,24.79
"6072",228,1997,24.78,25.15,25.5,24.81
"6073",229,1997,24.42,25.09,25.1,24.83
"6074",230,1997,24.68,25.12,25.35,25.05
"6075",231,1997,24.76,24.94,25.48,24.74
"6076",232,1997,25.13,25.66,25.8,25.91
"6077",233,1997,24.34,25.24,25.31,25.28
"6078",234,1997,24.82,25.12,25.18,25.47
"6079",235,1997,24.86,25.61,25.71,25.35
"6080",236,1997,24.7,25.38,25.47,25.29
"6081",237,1997,25.08,25.35,25.39,25.72
"6082",238,1997,25.27,25.62,26.03,25.51
"6083",239,1997,24.46,25.22,24.87,25.79
"6084",240,1997,25.08,25.6,25.71,25.72
"6085",241,1997,25.32,26.02,26.05,26.03
"6086",242,1997,25.49,26.11,26.25,25.9
"6087",243,1997,25.75,26.37,26.33,26.24
"6088",244,1997,25.56,25.85,26.38,25.78
"6089",245,1997,24.76,25.32,25.63,25.36
"6090",246,1997,25.18,25.91,26.19,25.67
"6091",247,1997,26.05,26.6,26.52,26.61
"6092",248,1997,25.71,25.99,26.46,26.2
"6093",249,1997,25.02,25.4,25.41,25.53
"6094",250,1997,25.52,26.42,26.19,26.15
"6095",251,1997,25.91,26.43,26.5,26.23
"6096",252,1997,26.1,27.03,26.67,26.9
"6097",253,1997,25.39,26.03,26.05,25.79
"6098",254,1997,25.55,25.83,25.99,25.96
"6099",255,1997,24.7,25.39,25.29,25.27
"6100",256,1997,25.69,26.26,26.61,26.06
"6101",257,1997,26.32,26.77,26.81,26.66
"6102",258,1997,25.57,25.84,26.88,25.66
"6103",259,1997,25.72,26.03,26.37,25.85
"6104",260,1997,25.91,26.28,26.51,26.16
"6105",261,1997,24.9,25.23,25.42,25.64
"6106",262,1997,25.34,25.88,25.69,26.07
"6107",263,1997,25.97,26.51,26.33,26.39
"6108",264,1997,26.68,27.14,26.82,27.07
"6109",265,1997,26.22,26.62,26.51,26.5
"6110",266,1997,24.84,25.39,25.77,25.11
"6111",267,1997,25.12,25.88,25.92,25.99
"6112",268,1997,25.69,26.36,26.49,26.36
"6113",269,1997,25.96,26.26,26.46,25.94
"6114",270,1997,25.39,26.06,25.79,26.42
"6115",271,1997,25.01,25.25,25.56,25.45
"6116",272,1997,24.92,25.64,25.71,25.7
"6117",273,1997,25.84,26.39,26.36,26.46
"6118",274,1997,25.79,26.36,26.3,26.29
"6119",275,1997,25.54,25.87,25.98,25.48
"6120",276,1997,25.34,25.95,26.16,26.07
"6121",277,1997,26.03,26.53,26.61,26.46
"6122",278,1997,26.58,27.25,27.19,27.13
"6123",279,1997,26.34,27.22,26.94,27.37
"6124",280,1997,26.07,26.92,26.67,26.83
"6125",281,1997,26,26.58,26.83,26.5
"6126",282,1997,25.95,26.66,26.5,26.78
"6127",283,1997,25.83,26.42,26.39,26.37
"6128",284,1997,26.24,26.86,26.62,26.89
"6129",285,1997,26.48,26.88,26.79,26.82
"6130",286,1997,26.48,26.94,27.08,26.79
"6131",287,1997,25.65,26.17,26.16,26.09
"6132",288,1997,26.73,26.93,26.98,27.06
"6133",289,1997,27.44,27.9,28.07,27.61
"6134",290,1997,26.61,27.41,27.38,27.28
"6135",291,1997,25.85,27.15,27.13,26.69
"6136",292,1997,25.93,27.16,27.02,26.75
"6137",293,1997,26.41,27.34,27.05,27.03
"6138",294,1997,25.77,26.28,26.2,26.31
"6139",295,1997,25.48,26.03,25.96,25.78
"6140",296,1997,25.5,25.88,26.31,25.79
"6141",297,1997,26.06,26.48,26.36,26.58
"6142",298,1997,26.44,26.8,26.92,26.6
"6143",299,1997,26.24,26.63,26.98,26.47
"6144",300,1997,26.35,26.64,26.98,26.34
"6145",301,1997,26.17,26.41,26.88,26.22
"6146",302,1997,26.1,26.6,26.89,26.34
"6147",303,1997,26.34,26.92,26.95,26.86
"6148",304,1997,25.67,26.25,26.47,26.21
"6149",305,1997,25.57,26.07,26.25,26.03
"6150",306,1997,25.8,26.81,26.72,26.53
"6151",307,1997,25.83,26.73,26.76,26.34
"6152",308,1997,25.52,26.43,26.71,26.12
"6153",309,1997,26.03,26.64,27,26.45
"6154",310,1997,26.43,27.07,26.94,26.89
"6155",311,1997,25.51,25.71,26.41,25.53
"6156",312,1997,25.16,25.83,25.5,25.85
"6157",313,1997,25.17,25.94,25.9,26.35
"6158",314,1997,25.52,26.46,26.57,26.3
"6159",315,1997,26.2,26.89,27.07,26.79
"6160",316,1997,26.66,27.12,26.98,27.06
"6161",317,1997,26.81,26.96,27.06,27.1
"6162",318,1997,26.82,27.09,26.9,27.17
"6163",319,1997,25.49,26.58,26.02,26.86
"6164",320,1997,25.67,26.18,26.02,26.04
"6165",321,1997,25.73,26.57,26.31,26.34
"6166",322,1997,24.74,25.52,25.82,25.06
"6167",323,1997,24.84,25.46,25.68,25.13
"6168",324,1997,25.26,25.79,25.99,25.48
"6169",325,1997,25.72,26.09,26.46,25.7
"6170",326,1997,26.19,26.65,26.77,26.54
"6171",327,1997,25.99,26.61,26.84,26.25
"6172",328,1997,25.69,26.55,26.71,26.19
"6173",329,1997,25.64,26.52,26.9,26.31
"6174",330,1997,25.65,26.43,26.85,26.44
"6175",331,1997,25.9,26.38,26.75,26.03
"6176",332,1997,25.9,26.85,26.89,26.74
"6177",333,1997,25.34,26.61,26.67,26.46
"6178",334,1997,25.59,26.64,26.71,26.38
"6179",335,1997,26.27,27.04,27.18,27.02
"6180",336,1997,26.48,27.3,27.55,27.19
"6181",337,1997,26.7,26.98,27.6,26.91
"6182",338,1997,26.56,27.46,27.68,26.9
"6183",339,1997,26.33,27.33,27.76,27.08
"6184",340,1997,26.03,27.38,27.49,26.91
"6185",341,1997,25.57,26.66,26.69,26.58
"6186",342,1997,25.42,26.48,26.33,26.49
"6187",343,1997,25.78,26.89,26.81,26.63
"6188",344,1997,25.64,27.17,27.01,26.8
"6189",345,1997,26.17,26.3,26.85,26.36
"6190",346,1997,26.42,26.82,27.27,26.44
"6191",347,1997,26.21,26.76,27.34,26.56
"6192",348,1997,26.4,27.03,27.34,26.65
"6193",349,1997,26.62,26.86,27.41,26.7
"6194",350,1997,26.96,27.56,27.99,27
"6195",351,1997,27.08,27.96,28.07,27.55
"6196",352,1997,27.01,28.1,27.93,28.03
"6197",353,1997,27.15,28.03,28.09,27.84
"6198",354,1997,26.93,27.67,27.91,27.46
"6199",355,1997,26.62,27.33,27.59,27.18
"6200",356,1997,27.08,28.19,28.03,27.97
"6201",357,1997,26.97,28.39,28.36,28.09
"6202",358,1997,25.75,27.16,27.87,26.18
"6203",359,1997,26.65,27.91,28.06,27.16
"6204",360,1997,27.05,28.18,28.27,27.88
"6205",361,1997,26.77,28.12,28.29,27.4
"6206",362,1997,27.01,28.24,28.21,27.91
"6207",363,1997,27.16,28.58,28.49,28.45
"6208",364,1997,27.32,28.99,28.92,28.7
"6209",365,1997,27.13,28.57,28.4,28.42
"6210",1,1998,27.17,28.39,28.31,28.35
"6211",2,1998,26.71,27.46,27.58,27.58
"6212",3,1998,26.84,27.42,27.93,27.37
"6213",4,1998,27.72,28.71,28.62,28.79
"6214",5,1998,27.09,28.93,28.61,28.8
"6215",6,1998,27.48,29.4,28.98,29.24
"6216",7,1998,27.7,29.18,29.08,29.27
"6217",8,1998,27.94,29.23,28.91,29.21
"6218",9,1998,27.53,29.05,28.97,28.68
"6219",10,1998,26.47,28.13,27.72,27.5
"6220",11,1998,27.15,29.06,28.43,28.66
"6221",12,1998,27.39,29.46,29.11,29.09
"6222",13,1998,27.63,29.69,29.24,28.82
"6223",14,1998,27.93,29.59,29.33,28.99
"6224",15,1998,27.97,29.19,29.16,29.11
"6225",16,1998,28.04,29.26,29.22,29.15
"6226",17,1998,28.34,29.71,29.59,29.51
"6227",18,1998,28.5,29.45,29.25,29.35
"6228",19,1998,28.59,29.46,29.47,29.27
"6229",20,1998,28.3,29.76,29.62,29.62
"6230",21,1998,28.76,30.17,30.04,30.02
"6231",22,1998,28.97,30.26,30.09,30.04
"6232",23,1998,29.15,30.26,29.98,30.03
"6233",24,1998,29.2,29.83,29.84,29.6
"6234",25,1998,29.37,30.17,29.73,29.88
"6235",26,1998,29.26,29.56,29.56,29.58
"6236",27,1998,29.63,29.36,29.55,29.37
"6237",28,1998,30.26,30.85,30.87,30.54
"6238",29,1998,29.1,30.67,30.46,30.32
"6239",30,1998,28.6,30.12,29.91,29.7
"6240",31,1998,28.67,29.95,30.26,29.07
"6241",32,1998,28.66,29.61,29.88,29.42
"6242",33,1998,27.75,29.1,29.52,28.45
"6243",34,1998,27.7,29.21,29.38,28.83
"6244",35,1998,28.03,29.61,29.85,28.95
"6245",36,1998,28.43,29.44,29.82,28.99
"6246",37,1998,27.53,28.82,28.95,28.54
"6247",38,1998,27.13,28.27,28.77,28.07
"6248",39,1998,27.28,28.47,29.17,27.89
"6249",40,1998,26.96,27.74,28.9,27.4
"6250",41,1998,27.65,29,29.98,28.27
"6251",42,1998,27.4,28.94,29.63,28.38
"6252",43,1998,26.08,27.33,27.7,27
"6253",44,1998,25.28,25.94,26.16,26.06
"6254",45,1998,25.68,26.33,26.76,26.11
"6255",46,1998,25.62,26.68,27.4,26.3
"6256",47,1998,26.09,26.75,27.65,26.59
"6257",48,1998,27.14,27.75,28.5,27.62
"6258",49,1998,27.75,28.27,28.9,27.92
"6259",50,1998,27.83,28.52,29.41,27.92
"6260",51,1998,28.06,28.64,29.22,28.2
"6261",52,1998,27.79,28.32,29.21,27.68
"6262",53,1998,28.06,28.59,29.42,27.98
"6263",54,1998,28.4,29.13,29.72,28.75
"6264",55,1998,28.65,29.47,30.14,28.88
"6265",56,1998,28.94,30.13,31.04,29.47
"6266",57,1998,28.92,30.45,30.47,29.78
"6267",58,1998,28.7,30.38,30.45,29.83
"6268",59,1998,28.22,30.4,30.79,29.75
"6269",60,1998,28.41,30.16,30.29,29.96
"6270",61,1998,28.48,30.07,30.25,30.07
"6271",62,1998,27.93,29.83,29.98,29.68
"6272",63,1998,27.67,29.32,29.72,28.88
"6273",64,1998,26.81,28.39,28.24,28.34
"6274",65,1998,25.59,25.98,27.25,25.53
"6275",66,1998,25.99,27.11,27.72,26.54
"6276",67,1998,26.69,27.75,28.69,26.69
"6277",68,1998,27.35,28.62,29.41,27.67
"6278",69,1998,27.51,28.46,29.52,27.84
"6279",70,1998,27.74,28.36,29.3,27.67
"6280",71,1998,27.91,28.96,29.5,28.1
"6281",72,1998,28.02,28.84,29.89,27.81
"6282",73,1998,27.95,29.33,30.38,28.14
"6283",74,1998,28.09,30.15,30.37,28.67
"6284",75,1998,28.2,30.08,30.41,29.03
"6285",76,1998,28.47,30.15,30.42,29.27
"6286",77,1998,28.15,30.19,30.85,29.02
"6287",78,1998,27.82,29.44,30.36,28.72
"6288",79,1998,27.52,29.15,29.79,28.22
"6289",80,1998,26.99,28.16,28.76,27.6
"6290",81,1998,26.55,27.59,28.48,26.6
"6291",82,1998,26.78,28.47,28.82,27.69
"6292",83,1998,27.36,29.14,29.67,28.29
"6293",84,1998,26.73,28.14,28.98,27.94
"6294",85,1998,26.84,27.65,28.49,26.83
"6295",86,1998,26.58,28.18,29.14,27.43
"6296",87,1998,27.2,28.83,29.32,28.09
"6297",88,1998,26.4,28.1,27.55,27.57
"6298",89,1998,26.01,27.03,26.66,27.13
"6299",90,1998,26.02,26.5,26.53,26.32
"6300",91,1998,26.37,26.7,26.93,26.1
"6301",92,1998,26,27.02,27.02,26.42
"6302",93,1998,25.38,26.17,25.7,26.35
"6303",94,1998,25.78,26.5,25.9,26.28
"6304",95,1998,25.72,26.63,26.8,26.45
"6305",96,1998,26.55,27.1,27.04,27.01
"6306",97,1998,26.76,27.49,27.25,27.69
"6307",98,1998,26.56,27.14,27.65,26.9
"6308",99,1998,25.57,26.99,27.33,26.7
"6309",100,1998,25.15,26.42,26.63,26.1
"6310",101,1998,25.81,27.19,26.89,26.93
"6311",102,1998,26.7,27.4,27.46,27.46
"6312",103,1998,26.87,27.26,27.15,27.37
"6313",104,1998,25.45,26.01,26.28,25.86
"6314",105,1998,25.66,26.4,26.88,26.13
"6315",106,1998,26.63,27.17,27.27,27.02
"6316",107,1998,26.96,27.26,28.04,26.98
"6317",108,1998,26.42,27.14,27.56,26.71
"6318",109,1998,25.57,26.28,26.47,25.95
"6319",110,1998,24.99,25.66,26.25,25.08
"6320",111,1998,25.64,26.34,26.77,26.01
"6321",112,1998,26.58,27.53,27.88,27
"6322",113,1998,26.4,27.39,27.16,27.14
"6323",114,1998,25.58,25.71,25.76,25.54
"6324",115,1998,26.16,26.39,26.56,26.13
"6325",116,1998,25.22,25.94,26.67,25.32
"6326",117,1998,25.85,26.79,27.09,26.54
"6327",118,1998,26.67,27.28,27.51,27.13
"6328",119,1998,25.92,27.04,26.8,26.78
"6329",120,1998,25.69,26.35,26.46,26.27
"6330",121,1998,24.98,25.35,25.53,25.68
"6331",122,1998,25.14,25.04,25.37,25.36
"6332",123,1998,25.87,26.13,26.73,26.11
"6333",124,1998,25.16,25.43,26.22,25.31
"6334",125,1998,25.68,26.39,26.64,26.05
"6335",126,1998,25.08,25.86,26.45,25.39
"6336",127,1998,24.64,25.67,25.84,25.36
"6337",128,1998,25.42,25.94,26.01,26.13
"6338",129,1998,25.55,26.09,26.09,26.01
"6339",130,1998,25.6,26.32,26.27,26.12
"6340",131,1998,25.11,26.1,25.23,26.29
"6341",132,1998,25.32,26.1,25.88,26.05
"6342",133,1998,26.14,26.89,26.96,26.71
"6343",134,1998,26.14,26.81,26.85,26.83
"6344",135,1998,26.1,26.67,26.96,26.55
"6345",136,1998,25.78,26.21,26.25,26.2
"6346",137,1998,24.61,25.38,25.44,25.08
"6347",138,1998,23.73,24.3,24.32,23.87
"6348",139,1998,23.37,24.28,23.62,24.56
"6349",140,1998,25.24,25.92,25.05,25.89
"6350",141,1998,26.08,26.86,26.57,26.67
"6351",142,1998,25.95,26.79,25.44,26.9
"6352",143,1998,25.53,25.8,25.71,26.25
"6353",144,1998,25.26,26.4,26.41,25.9
"6354",145,1998,24.84,25.32,25.11,25.58
"6355",146,1998,25.86,25.94,26.09,25.72
"6356",147,1998,25.27,25.93,26.34,25.22
"6357",148,1998,24.96,25.39,25.84,24.81
"6358",149,1998,25.33,25.69,25.59,25.6
"6359",150,1998,26.06,26.4,26.58,26.36
"6360",151,1998,25.06,25.36,25.69,25.35
"6361",152,1998,24.23,25.09,24.26,25.12
"6362",153,1998,24.61,25.41,24.98,25.15
"6363",154,1998,24.37,25.18,24.73,24.68
"6364",155,1998,24.57,25.25,25.28,24.89
"6365",156,1998,24.36,25.5,25.33,25.52
"6366",157,1998,24.96,25.66,25.06,26
"6367",158,1998,24.84,25.38,25.31,25.48
"6368",159,1998,24.38,24.65,24.88,24.74
"6369",160,1998,24.18,25.23,25.44,24.94
"6370",161,1998,25.31,26.59,26.08,26.45
"6371",162,1998,25.97,26.56,26.33,26.36
"6372",163,1998,24.56,25.07,25.08,24.98
"6373",164,1998,24.85,25.67,25.23,25.64
"6374",165,1998,24.41,25.18,24.78,25.34
"6375",166,1998,24.08,24.47,24.84,24.52
"6376",167,1998,23.75,24.5,24.29,24.66
"6377",168,1998,24.49,25.09,25.23,24.96
"6378",169,1998,24.51,25.18,25.38,25.01
"6379",170,1998,24.88,25.36,25.53,25.07
"6380",171,1998,24.2,24.51,24.71,24.29
"6381",172,1998,24.41,24.84,24.67,24.75
"6382",173,1998,24.38,24.76,25.16,24.58
"6383",174,1998,23.39,24.09,24.65,23.7
"6384",175,1998,23.92,24.69,24.97,23.93
"6385",176,1998,23.75,24.43,24.53,24.13
"6386",177,1998,24.08,24.77,24.88,24.25
"6387",178,1998,23.94,24.73,24.75,24.41
"6388",179,1998,23.24,23.73,24.19,23.52
"6389",180,1998,24.09,24.65,24.9,24.56
"6390",181,1998,24.7,25.4,25.31,25.31
"6391",182,1998,24.77,25.27,25.33,25.41
"6392",183,1998,24.1,24.79,25.05,24.43
"6393",184,1998,23.99,24.54,24.84,24.48
"6394",185,1998,24.61,25.25,25.18,25.26
"6395",186,1998,24.03,24.57,24.12,24.63
"6396",187,1998,24.34,25.11,25.03,25.04
"6397",188,1998,24.34,24.81,25.09,24.76
"6398",189,1998,24.48,25.3,25.31,24.83
"6399",190,1998,24.27,24.76,25.1,24.82
"6400",191,1998,23.96,24.6,24.66,24.34
"6401",192,1998,23.33,23.86,23.88,24.03
"6402",193,1998,23.87,24.5,24.78,24.17
"6403",194,1998,24.14,25.08,24.78,25.04
"6404",195,1998,24.01,24.59,24.53,24.66
"6405",196,1998,24.49,25,25.12,25.14
"6406",197,1998,24.07,24.9,24.99,24.59
"6407",198,1998,23.77,24.34,24.71,23.74
"6408",199,1998,24.26,25.15,25.34,24.53
"6409",200,1998,24.19,24.85,25.52,24.63
"6410",201,1998,24.33,25.02,25.33,24.81
"6411",202,1998,25.06,25.52,25.63,25.22
"6412",203,1998,24.19,24.89,24.77,24.98
"6413",204,1998,24.38,25.24,24.43,25.28
"6414",205,1998,24.76,25.28,25.08,24.99
"6415",206,1998,24.66,25.32,25.38,25.4
"6416",207,1998,24.34,24.76,24.51,25.37
"6417",208,1998,24.95,25.39,25.54,25.26
"6418",209,1998,24.98,25.54,25.55,25.32
"6419",210,1998,24.34,25.13,25.49,24.72
"6420",211,1998,24.3,25.1,24.53,24.95
"6421",212,1998,24.85,25.6,25.03,25.57
"6422",213,1998,25.23,25.6,25.3,25.4
"6423",214,1998,24.86,25.4,25.3,25.32
"6424",215,1998,25.02,25.79,25.66,25.49
"6425",216,1998,24.94,25.7,25.76,25.25
"6426",217,1998,25.14,26.14,25.84,25.96
"6427",218,1998,24.67,25.49,25.71,25.39
"6428",219,1998,24.36,24.72,25.22,24.71
"6429",220,1998,24.9,25.44,25.67,25.39
"6430",221,1998,25.07,25.78,25.61,25.78
"6431",222,1998,25.17,25.45,25.38,25.27
"6432",223,1998,25.12,25.94,25.98,25.5
"6433",224,1998,24.77,25.63,25.76,25.52
"6434",225,1998,24.53,25.29,25.57,25.17
"6435",226,1998,24.65,25.21,25.45,24.52
"6436",227,1998,25.4,25.66,25.99,25.22
"6437",228,1998,25.16,25.77,26.18,25.13
"6438",229,1998,24.86,25.61,25.61,25.33
"6439",230,1998,25.48,26.03,25.91,26.08
"6440",231,1998,26.26,26.44,26.54,26.23
"6441",232,1998,26.37,26.52,26.67,26.11
"6442",233,1998,25.74,26.51,26.32,25.91
"6443",234,1998,25.83,26.44,26.21,26.47
"6444",235,1998,25.63,26.47,25.73,26.6
"6445",236,1998,26.21,26.85,26.36,27.03
"6446",237,1998,26.18,26.34,26.3,26.33
"6447",238,1998,24.9,25.6,25.63,25.42
"6448",239,1998,25.07,25.79,25.51,25.75
"6449",240,1998,25.02,25.94,25.92,26.02
"6450",241,1998,25.04,25.69,25.47,25.85
"6451",242,1998,24.47,24.75,25.1,24.7
"6452",243,1998,24.75,25.82,25.33,25.62
"6453",244,1998,24,25.02,24.5,25.53
"6454",245,1998,24.99,25.65,25.58,25.74
"6455",246,1998,25.68,26.51,26.14,26.36
"6456",247,1998,25.9,26.86,26.64,26.8
"6457",248,1998,25.83,26.78,26.84,26.68
"6458",249,1998,25.67,26.17,26.62,26.07
"6459",250,1998,25.35,26.61,26.67,26.31
"6460",251,1998,25,25.72,26.11,25.3
"6461",252,1998,25.34,26.3,26.43,26.05
"6462",253,1998,25.22,25.85,25.88,25.72
"6463",254,1998,24.61,24.96,24.52,25.14
"6464",255,1998,25.04,25.6,25.28,25.7
"6465",256,1998,25.24,25.56,25.53,25.7
"6466",257,1998,24.81,25.4,26.11,25.42
"6467",258,1998,25.23,25.89,25.79,25.96
"6468",259,1998,25.08,25.51,25.12,26.04
"6469",260,1998,25.91,25.96,25.95,26.17
"6470",261,1998,26.32,26.5,26.37,26.5
"6471",262,1998,25.21,26.05,26.09,25.99
"6472",263,1998,24.76,25.29,25.48,25.25
"6473",264,1998,24.4,24.99,24.75,24.96
"6474",265,1998,24.17,25.1,25.15,25.19
"6475",266,1998,24.73,25.56,25.3,25.66
"6476",267,1998,25.19,25.93,25.61,25.95
"6477",268,1998,25.32,25.33,25.74,25.41
"6478",269,1998,24.89,25.19,25.1,25.34
"6479",270,1998,25.63,26.34,25.88,26.46
"6480",271,1998,26.55,26.84,26.96,26.84
"6481",272,1998,27.06,27.4,27.58,27.12
"6482",273,1998,26.52,27.22,27.42,27.07
"6483",274,1998,24.25,24.68,25.37,24.37
"6484",275,1998,24.54,24.97,24.72,24.93
"6485",276,1998,25.22,25.77,25.61,25.72
"6486",277,1998,25.49,25.88,25.92,26.12
"6487",278,1998,25.52,25.81,25.89,25.91
"6488",279,1998,25.6,26.03,25.96,26.11
"6489",280,1998,25.37,25.54,25.54,25.34
"6490",281,1998,25.66,25.98,26.22,26
"6491",282,1998,25.28,25.83,26.12,25.55
"6492",283,1998,25.66,26.2,26.24,26
"6493",284,1998,26.43,26.96,26.95,26.91
"6494",285,1998,26.48,26.96,27.04,26.87
"6495",286,1998,25.82,26.16,26.26,26.17
"6496",287,1998,25.74,25.88,26.22,25.35
"6497",288,1998,25.15,25.79,25.98,25.33
"6498",289,1998,25.64,26,25.87,25.71
"6499",290,1998,25.96,26.7,26.5,26.48
"6500",291,1998,25.82,26.83,26.75,26.57
"6501",292,1998,24.94,25.25,25.69,25.29
"6502",293,1998,25.17,25.8,25.58,25.85
"6503",294,1998,25.55,25.89,25.93,25.7
"6504",295,1998,26.23,26.77,26.69,26.49
"6505",296,1998,26.08,26.59,26.77,26.73
"6506",297,1998,25.68,26.28,26.39,26.22
"6507",298,1998,25.33,26.59,26.44,26.49
"6508",299,1998,25.55,26.55,26.25,26.79
"6509",300,1998,26.22,26.62,26.2,26.64
"6510",301,1998,25.83,26.69,26.46,26.58
"6511",302,1998,25.66,26.35,26.08,26.26
"6512",303,1998,24.48,25.15,25.28,24.95
"6513",304,1998,25.33,25.76,25.89,25.73
"6514",305,1998,26.19,26.72,26.5,26.38
"6515",306,1998,25.46,26.11,26.2,25.97
"6516",307,1998,24.72,25.13,25.43,24.98
"6517",308,1998,24.82,25.35,25.76,25.15
"6518",309,1998,25.17,26.11,25.94,26.12
"6519",310,1998,24.95,25.73,25.62,25.66
"6520",311,1998,24.82,25.67,25.18,25.74
"6521",312,1998,25.59,25.92,26.09,25.91
"6522",313,1998,26.17,26.55,26.74,26.23
"6523",314,1998,25.53,26.45,26.33,26.27
"6524",315,1998,25.52,26.32,26.33,26.13
"6525",316,1998,25.94,26.59,26.7,26.54
"6526",317,1998,25.59,26.32,26.36,26.27
"6527",318,1998,25.3,25.72,25.82,25.43
"6528",319,1998,25.31,25.8,26.05,25.35
"6529",320,1998,25.03,25.35,25.58,25.14
"6530",321,1998,24.97,25.52,25.72,25.55
"6531",322,1998,24.92,25.32,25.69,25.04
"6532",323,1998,24.81,25.3,25.73,25.03
"6533",324,1998,24.62,25.37,25.61,25.09
"6534",325,1998,24.49,25.23,25.56,24.88
"6535",326,1998,24.71,25.21,25.39,25.14
"6536",327,1998,25.26,25.8,25.68,25.69
"6537",328,1998,25.97,26.17,26.25,26.01
"6538",329,1998,26.07,25.95,26.41,25.94
"6539",330,1998,26.19,26.26,26.49,25.9
"6540",331,1998,25.99,26.11,26.4,25.99
"6541",332,1998,25.71,26.33,26.5,25.94
"6542",333,1998,25.19,25.73,25.57,25.61
"6543",334,1998,24.94,25.6,25.62,25.23
"6544",335,1998,25.46,26.02,25.83,25.89
"6545",336,1998,26.31,26.7,26.66,26.5
"6546",337,1998,26.84,27.02,27.16,26.62
"6547",338,1998,25.69,26.49,26.5,26.15
"6548",339,1998,25.51,25.85,26.07,25.62
"6549",340,1998,25.49,26.03,26.15,25.93
"6550",341,1998,25.69,25.98,25.92,25.81
"6551",342,1998,25.68,26.03,26.25,25.63
"6552",343,1998,25.93,26.31,26.29,26.2
"6553",344,1998,25.85,26.56,26.84,26.34
"6554",345,1998,25.53,26.28,26.4,25.99
"6555",346,1998,25.22,26.02,26.04,25.55
"6556",347,1998,24.91,25.5,26.08,25.14
"6557",348,1998,24.8,25.29,25.66,25.07
"6558",349,1998,25.13,25.92,26.14,25.58
"6559",350,1998,24.81,25.39,26.05,24.97
"6560",351,1998,25.46,26.07,26.31,26.02
"6561",352,1998,25.34,25.49,26.01,25.69
"6562",353,1998,25.67,25.96,26.4,25.65
"6563",354,1998,25.32,25.91,26.14,25.68
"6564",355,1998,25.66,26.05,26.8,25.85
"6565",356,1998,25.93,25.99,26.47,25.64
"6566",357,1998,25.18,25.8,26.41,25.54
"6567",358,1998,23.81,24.91,25.13,24.93
"6568",359,1998,24.14,25.14,25.38,24.79
"6569",360,1998,24.51,25.72,25.85,25.24
"6570",361,1998,24.51,25.49,25.69,25.32
"6571",362,1998,24.97,25.61,25.86,25.5
"6572",363,1998,25.76,26.25,26.62,26.15
"6573",364,1998,25.33,26.19,26.79,25.61
"6574",365,1998,24.82,25.92,26.35,25.67
"6575",1,1999,24.8,25.58,26.64,25.09
"6576",2,1999,24.98,26.19,27.06,25.55
"6577",3,1999,25.67,26.27,26.78,26
"6578",4,1999,25.48,25.68,26.53,25.42
"6579",5,1999,25.91,26.38,27.2,25.79
"6580",6,1999,25.25,25.68,26.24,25.64
"6581",7,1999,25.9,26.65,27.28,26.01
"6582",8,1999,25.9,26.52,27.52,25.9
"6583",9,1999,25.94,27.04,27.73,26.41
"6584",10,1999,25.84,27.41,27.78,26.72
"6585",11,1999,25.58,27.12,27.32,26.62
"6586",12,1999,25.09,26.51,27.33,25.82
"6587",13,1999,25.19,26.55,27.22,25.47
"6588",14,1999,25.89,26.87,27.62,26.22
"6589",15,1999,26.07,26.93,27.66,26.26
"6590",16,1999,26.04,26.98,27.31,26.08
"6591",17,1999,25.93,27.43,27.09,26.4
"6592",18,1999,26.11,27.55,27.39,26.57
"6593",19,1999,26.1,27.74,27.79,26.98
"6594",20,1999,25.6,27.6,27.54,27.14
"6595",21,1999,25.15,27.06,26.79,26.64
"6596",22,1999,24.65,25.64,26.2,25.17
"6597",23,1999,24.66,25.67,26.38,25.16
"6598",24,1999,24.4,25.35,26.5,25.02
"6599",25,1999,24.26,25.5,26.72,24.77
"6600",26,1999,24.83,26.09,27.31,25.53
"6601",27,1999,24.56,25.75,26.99,25
"6602",28,1999,24.8,25.74,26.85,25.11
"6603",29,1999,25.46,26.46,27.43,25.89
"6604",30,1999,25.64,26.96,27.7,26.61
"6605",31,1999,25.83,27.12,27.93,26.64
"6606",32,1999,25.87,27.22,27.73,26.56
"6607",33,1999,26.07,27.26,27.72,26.87
"6608",34,1999,26.15,27.26,27.85,26.71
"6609",35,1999,26.42,27.67,28.17,27.06
"6610",36,1999,25.99,27.5,27.95,26.67
"6611",37,1999,26.31,27.7,28.11,27.09
"6612",38,1999,26.22,27.92,28.19,27.39
"6613",39,1999,26.27,28.23,28.25,27.82
"6614",40,1999,25.44,27.75,27.68,27.73
"6615",41,1999,24.87,26.85,27.17,26.06
"6616",42,1999,24.73,26.63,27.15,26.16
"6617",43,1999,24.79,27.16,27.26,26.54
"6618",44,1999,24.75,26.45,27.39,25.71
"6619",45,1999,25.7,27.77,28.14,26.75
"6620",46,1999,24.91,27.48,27.68,26.62
"6621",47,1999,24.14,25.96,26.43,25.05
"6622",48,1999,24.56,26.8,27.17,26.23
"6623",49,1999,25.09,27.16,27.71,26.41
"6624",50,1999,24.29,25.98,26.86,25.16
"6625",51,1999,24.32,24.98,25.13,24.62
"6626",52,1999,24.36,25.14,25.36,24.67
"6627",53,1999,23.89,24.48,25.03,24.29
"6628",54,1999,24.05,24.46,25.1,24.32
"6629",55,1999,25.21,25.56,26.43,25.11
"6630",56,1999,25.64,26.19,26.68,25.77
"6631",57,1999,25.79,26.47,26.92,26.14
"6632",58,1999,26.02,26.79,27.29,26.52
"6633",59,1999,26.15,26.76,27.43,26.46
"6634",60,1999,26.2,26.8,27.73,26.08
"6635",61,1999,26.39,26.98,27.52,26.55
"6636",62,1999,26.19,26.98,27.33,26.4
"6637",63,1999,25.61,26.91,27.35,26.57
"6638",64,1999,25.79,27.1,27.48,26.91
"6639",65,1999,26.64,27.79,28.1,27.33
"6640",66,1999,26.15,26.94,27.68,26.12
"6641",67,1999,26.52,27.52,28.11,26.97
"6642",68,1999,26.83,28.22,28.46,27.25
"6643",69,1999,26.62,28.39,28.45,27.33
"6644",70,1999,26.06,27.68,27.71,27.2
"6645",71,1999,25.01,26.18,26.9,25.43
"6646",72,1999,24.34,24.77,25.36,24.75
"6647",73,1999,24.67,25.3,25.39,25.09
"6648",74,1999,24.79,25.51,26.07,25.48
"6649",75,1999,25.03,26.37,27,26.13
"6650",76,1999,25.69,26.95,27.46,26.4
"6651",77,1999,25.96,26.61,27.53,26.65
"6652",78,1999,26.28,26.88,27.93,26.61
"6653",79,1999,26.57,27.3,28.39,26.96
"6654",80,1999,26.23,27.32,28.42,26.75
"6655",81,1999,25.22,26.75,27.9,26.22
"6656",82,1999,24.92,26.58,27.07,26.42
"6657",83,1999,25.29,27.07,28.18,26.69
"6658",84,1999,26,27.46,28.06,26.94
"6659",85,1999,26.08,27.56,28.14,27.31
"6660",86,1999,25.04,26.56,27.03,26.35
"6661",87,1999,24.46,24.95,26.23,24.37
"6662",88,1999,25.47,26.46,27.2,26.11
"6663",89,1999,26.37,26.94,27.58,26.75
"6664",90,1999,26.45,27.28,27.77,26.89
"6665",91,1999,25.63,26.51,26.24,26.57
"6666",92,1999,24.41,25.06,25.43,24.88
"6667",93,1999,24.48,24.84,25.3,25
"6668",94,1999,25.3,25.86,25.95,25.87
"6669",95,1999,24.03,24.37,24.6,24.4
"6670",96,1999,24.24,24.9,25.14,24.59
"6671",97,1999,24.43,25.09,24.75,25.28
"6672",98,1999,24.48,24.84,25.22,24.46
"6673",99,1999,24.19,24.5,24.89,23.95
"6674",100,1999,23.54,24.12,24.69,23.65
"6675",101,1999,23.75,24.31,24.96,23.68
"6676",102,1999,24.29,25.47,25.85,24.85
"6677",103,1999,24.14,24.82,25.12,24.27
"6678",104,1999,24.35,24.99,25.31,24.83
"6679",105,1999,24.74,25.28,25.76,25.35
"6680",106,1999,25.11,26.03,26.66,25.15
"6681",107,1999,25.83,26.48,26.83,26.19
"6682",108,1999,25.98,26.26,26.68,25.96
"6683",109,1999,24.15,25.8,26.17,25.12
"6684",110,1999,23.11,24.09,24.37,24.06
"6685",111,1999,24.19,24.53,24.44,24.58
"6686",112,1999,24.44,24.98,24.97,25.06
"6687",113,1999,24.39,24.93,25.45,24.63
"6688",114,1999,24.01,24.44,24.85,24.39
"6689",115,1999,24.48,25.04,24.82,24.83
"6690",116,1999,24.48,25.03,25.28,24.75
"6691",117,1999,24.69,25.86,25.47,25.55
"6692",118,1999,24.25,25.51,25.29,24.87
"6693",119,1999,24.7,25.47,25.89,24.89
"6694",120,1999,25.35,25.83,26.04,25.47
"6695",121,1999,25.03,25.63,26.44,25.3
"6696",122,1999,24.32,25.21,25.41,25.15
"6697",123,1999,24.34,24.75,24.86,24.77
"6698",124,1999,24.15,25.09,25.1,24.82
"6699",125,1999,25.31,26.15,26.11,25.89
"6700",126,1999,25.2,25.92,26.07,25.79
"6701",127,1999,24.74,25.48,25.51,25.39
"6702",128,1999,24.45,24.96,24.88,25.21
"6703",129,1999,24.32,24.59,25.2,24.03
"6704",130,1999,24.92,25.33,25.18,25.2
"6705",131,1999,24.93,25.32,25.89,24.74
"6706",132,1999,24.53,25.08,25.12,24.95
"6707",133,1999,23.65,24.26,24.45,24.24
"6708",134,1999,23.39,24.3,24.11,24.3
"6709",135,1999,24.63,25.27,25.19,25
"6710",136,1999,24.66,25.35,25.61,25.04
"6711",137,1999,24.98,25.75,25.94,25.55
"6712",138,1999,24.63,26.23,26.24,25.57
"6713",139,1999,24.84,25.68,25.96,25.34
"6714",140,1999,24.23,25.15,24.55,25.25
"6715",141,1999,23.65,24.28,24.58,24.33
"6716",142,1999,24.18,25.16,25.36,25.06
"6717",143,1999,24.92,25.9,25.81,25.85
"6718",144,1999,25.5,26.61,26.61,26.28
"6719",145,1999,24.87,26.34,26.6,25.96
"6720",146,1999,25,26.52,26.45,26.26
"6721",147,1999,25.5,26.92,26.77,26.81
"6722",148,1999,24.73,25.35,25.68,25.33
"6723",149,1999,24.38,25.24,25.02,25.15
"6724",150,1999,24.53,24.98,25.33,24.98
"6725",151,1999,24.29,25.13,25.42,24.89
"6726",152,1999,24.65,25.43,25.73,25.29
"6727",153,1999,25.04,25.64,25.75,25.74
"6728",154,1999,23.64,24.74,24.99,24.62
"6729",155,1999,23.37,24.92,25.1,24.29
"6730",156,1999,23.72,24.78,24.77,24.31
"6731",157,1999,24.66,25.49,24.8,25.68
"6732",158,1999,24.71,25.6,25.7,25.22
"6733",159,1999,24.78,25.39,25.19,25.22
"6734",160,1999,25.06,25.55,25.2,25.33
"6735",161,1999,24.73,25.5,25.31,25.12
"6736",162,1999,24.62,25.27,25.15,25.12
"6737",163,1999,24.25,24.78,24.4,24.82
"6738",164,1999,24.21,24.63,24.63,24.72
"6739",165,1999,23.9,24.61,24.71,24.51
"6740",166,1999,24.4,25.02,24.16,24.97
"6741",167,1999,24.86,25.22,25.39,24.85
"6742",168,1999,24.58,25.2,25.05,24.96
"6743",169,1999,23.78,24.04,24.3,23.81
"6744",170,1999,24.15,24.72,25.07,24.3
"6745",171,1999,24.33,24.88,25.11,24.69
"6746",172,1999,24.02,24.4,24.49,23.64
"6747",173,1999,23.97,24.39,24.79,24.03
"6748",174,1999,24.04,24.47,24.88,24.17
"6749",175,1999,23.4,23.74,24.12,23.61
"6750",176,1999,23.92,24.09,23.92,24.01
"6751",177,1999,24.47,24.57,24.89,24.51
"6752",178,1999,23.86,24.56,24.52,24.38
"6753",179,1999,23.78,24.39,24.34,24.25
"6754",180,1999,24.54,24.72,25.04,24.29
"6755",181,1999,24.25,24.93,25.28,24.72
"6756",182,1999,23.59,24.57,24.45,24.54
"6757",183,1999,23.3,24.19,24.71,23.8
"6758",184,1999,23.84,24.35,24.36,24.19
"6759",185,1999,24.03,24.57,24.75,24.63
"6760",186,1999,24.34,25.24,25,25.02
"6761",187,1999,23.89,24.2,24.7,24.14
"6762",188,1999,22.68,23.76,23.74,23.26
"6763",189,1999,22.09,23.04,22.75,22.99
"6764",190,1999,23.08,23.93,23.51,23.84
"6765",191,1999,23.28,23.85,23.99,24.46
"6766",192,1999,23.84,24.31,24.42,24.14
"6767",193,1999,24.32,24.59,24.38,24.2
"6768",194,1999,23.63,24.2,24.31,23.95
"6769",195,1999,23.63,24.55,24.25,24.44
"6770",196,1999,23.9,24.78,24.67,24.5
"6771",197,1999,24.04,24.62,24.69,24.61
"6772",198,1999,23.98,24.23,24.28,24.37
"6773",199,1999,24.15,24.67,24.5,24.56
"6774",200,1999,24.3,24.8,24.82,24.63
"6775",201,1999,24.49,24.94,24.95,24.65
"6776",202,1999,24.33,25.05,24.46,25.03
"6777",203,1999,23.55,24.46,24.52,24.18
"6778",204,1999,24.12,24.8,24.24,24.85
"6779",205,1999,23.44,24.16,23.7,24.24
"6780",206,1999,23.73,24.48,23.82,24.38
"6781",207,1999,24.08,24.7,24.07,24.8
"6782",208,1999,23.78,24.18,24.27,23.94
"6783",209,1999,24.28,24.88,24.11,25.12
"6784",210,1999,24.23,24.83,24.52,24.8
"6785",211,1999,24.44,24.78,24.31,24.94
"6786",212,1999,23.6,24.26,24.41,24.22
"6787",213,1999,23.46,23.71,23.31,24.13
"6788",214,1999,23.54,24.3,23.99,24.46
"6789",215,1999,23.68,24.88,24.36,24.71
"6790",216,1999,23.38,24.37,23.86,24.83
"6791",217,1999,24.18,24.73,24.34,25.23
"6792",218,1999,24.62,25.18,25.24,24.96
"6793",219,1999,24.19,25.1,25.31,24.67
"6794",220,1999,23.58,23.91,24.13,23.74
"6795",221,1999,23.41,24.72,24.51,24.19
"6796",222,1999,23.28,23.84,23.23,24.23
"6797",223,1999,23.9,24.66,24.63,24.47
"6798",224,1999,24.33,25.29,25.09,25.23
"6799",225,1999,23.93,24.43,24.29,24.63
"6800",226,1999,24.04,24.75,24.75,24.62
"6801",227,1999,23.56,24.06,24.24,24.03
"6802",228,1999,22.83,24.02,23.47,23.83
"6803",229,1999,23.15,24.04,23.56,23.9
"6804",230,1999,24.34,24.68,24.63,24.66
"6805",231,1999,24.9,25.61,25.18,25.5
"6806",232,1999,24.26,24.95,24.04,25.3
"6807",233,1999,24.87,25.58,24.94,25.81
"6808",234,1999,25.13,25.43,25.42,25.42
"6809",235,1999,24.48,24.74,25.9,24.78
"6810",236,1999,25.12,25.63,25.87,25.6
"6811",237,1999,25.25,25.41,25.86,24.96
"6812",238,1999,24.99,25.59,25.23,25.53
"6813",239,1999,25.47,25.91,25.66,26.28
"6814",240,1999,25.23,25.59,25.94,25.62
"6815",241,1999,25,25.63,25.4,25.5
"6816",242,1999,24.48,24.67,24.53,24.85
"6817",243,1999,24.89,25.7,25.44,25.77
"6818",244,1999,24.87,25.38,25.17,25.56
"6819",245,1999,24.69,25.09,24.99,24.88
"6820",246,1999,25.29,25.55,25.5,25.53
"6821",247,1999,25.24,26.09,25.72,26.17
"6822",248,1999,24.06,24.74,24.62,24.84
"6823",249,1999,24.99,25.16,25.11,25.13
"6824",250,1999,25.62,26.02,25.98,26.09
"6825",251,1999,25.42,25.8,25.66,26.17
"6826",252,1999,25.39,26.09,25.9,25.97
"6827",253,1999,25.05,25.7,25.78,25.56
"6828",254,1999,24.69,25.2,24.92,25.43
"6829",255,1999,24.94,25.28,25.45,25.41
"6830",256,1999,24.97,25.72,25.44,25.54
"6831",257,1999,25.58,26.16,25.99,25.69
"6832",258,1999,25.65,26.18,25.83,25.81
"6833",259,1999,25.1,26.11,26.03,25.88
"6834",260,1999,24.3,24.68,24.81,24.77
"6835",261,1999,24.73,25.52,25.2,25.58
"6836",262,1999,25.18,25.8,25.7,25.81
"6837",263,1999,24.88,25.66,25.58,25.8
"6838",264,1999,24.8,25.38,25.18,25.49
"6839",265,1999,24.5,25.44,24.8,25.47
"6840",266,1999,24.77,24.98,25.17,25.22
"6841",267,1999,25.01,25.7,25.43,25.8
"6842",268,1999,25.01,25.95,25.83,25.68
"6843",269,1999,24.5,25.46,25.26,25.43
"6844",270,1999,24.76,25.22,25.38,24.73
"6845",271,1999,24.15,24.74,24.63,24.78
"6846",272,1999,24.37,24.95,24.55,25.14
"6847",273,1999,24.61,25.16,25.3,24.99
"6848",274,1999,25.4,25.69,25.85,25.62
"6849",275,1999,25.24,25.44,25.89,25.31
"6850",276,1999,24.51,25.27,25.22,25.27
"6851",277,1999,23.99,24.5,24.44,24.35
"6852",278,1999,23.57,23.98,23.91,23.93
"6853",279,1999,24.6,24.98,25.29,25.19
"6854",280,1999,24.88,25.48,25.26,25.54
"6855",281,1999,24.32,25.01,24.95,25.17
"6856",282,1999,24.48,24.97,24.74,24.95
"6857",283,1999,24.92,25.32,25.36,25.08
"6858",284,1999,25.2,25.52,25.85,25.31
"6859",285,1999,24.82,24.97,25.45,24.8
"6860",286,1999,24.53,25.24,25.09,25.29
"6861",287,1999,24.63,25.32,24.99,25.37
"6862",288,1999,24.74,25.17,25.3,24.99
"6863",289,1999,24.82,25.45,25.27,25.38
"6864",290,1999,25.13,25.89,25.84,25.85
"6865",291,1999,25.85,26.21,26.43,26.35
"6866",292,1999,25.16,26.1,26.51,25.73
"6867",293,1999,25.4,26.05,25.78,25.96
"6868",294,1999,26.02,26.53,26.42,26.46
"6869",295,1999,26.33,26.48,26.69,26.4
"6870",296,1999,25.67,26.14,26.59,25.89
"6871",297,1999,24.97,25.65,25.8,25.62
"6872",298,1999,25.17,25.83,25.95,25.83
"6873",299,1999,25.73,26.39,26.46,26.14
"6874",300,1999,26.35,26.8,26.42,26.66
"6875",301,1999,25.97,26.4,26.28,26.23
"6876",302,1999,25.7,26.28,26.54,26.14
"6877",303,1999,24.87,25.65,25.81,25.53
"6878",304,1999,24.92,25.5,25.71,25.09
"6879",305,1999,25.3,25.7,25.38,25.93
"6880",306,1999,25.83,25.81,25.95,25.94
"6881",307,1999,25.67,25.8,25.91,25.66
"6882",308,1999,25.8,26.04,26.5,25.81
"6883",309,1999,26.28,26.62,26.8,26.68
"6884",310,1999,25.18,25.61,25.85,25.5
"6885",311,1999,25.65,25.86,25.99,25.97
"6886",312,1999,26.35,26.6,26.67,26.46
"6887",313,1999,26.66,26.89,27.04,26.55
"6888",314,1999,25.21,25.98,26.37,25.8
"6889",315,1999,24.41,24.75,25.38,24.42
"6890",316,1999,24.82,25.26,25.64,25.02
"6891",317,1999,25.53,25.99,25.89,25.8
"6892",318,1999,25.72,26.29,25.97,26.1
"6893",319,1999,25.99,26.39,26.38,26.2
"6894",320,1999,26.75,27.02,27.28,26.76
"6895",321,1999,26.26,26.53,26.82,25.97
"6896",322,1999,24.89,25.36,25.58,25.21
"6897",323,1999,25.21,25.7,25.55,25.54
"6898",324,1999,26.06,26.33,26.28,26.16
"6899",325,1999,26.71,26.95,27.05,26.73
"6900",326,1999,25.28,26.34,26.56,25.85
"6901",327,1999,24.8,25.34,25.57,25.02
"6902",328,1999,25.03,25.43,25.5,25.22
"6903",329,1999,25.69,25.99,26.22,25.77
"6904",330,1999,25.99,26.51,26.7,26.1
"6905",331,1999,25.84,26.05,26.52,25.93
"6906",332,1999,25.59,26.25,26.38,26
"6907",333,1999,25.82,26.36,26.32,26.04
"6908",334,1999,25.54,26.23,26.52,25.68
"6909",335,1999,25.54,26.27,26.47,26.02
"6910",336,1999,24.76,25.48,25.85,24.98
"6911",337,1999,24.83,25.47,26.05,25.35
"6912",338,1999,24.55,25.3,25.58,25
"6913",339,1999,25.16,25.75,26.27,25.75
"6914",340,1999,26.1,26.34,26.82,26.2
"6915",341,1999,26.06,26.27,26.64,26.21
"6916",342,1999,26.05,26.2,26.79,26.07
"6917",343,1999,24.92,25.34,25.72,25.23
"6918",344,1999,24.85,25.28,25.38,25.19
"6919",345,1999,24.74,25.06,25.67,24.92
"6920",346,1999,24.82,25.29,25.72,25.07
"6921",347,1999,25.04,25.55,26.05,25.31
"6922",348,1999,25.34,25.72,26.35,25.5
"6923",349,1999,25.32,25.69,26.31,25.44
"6924",350,1999,24.84,25.45,26,25.03
"6925",351,1999,25.11,25.81,26.18,25.54
"6926",352,1999,25.34,25.89,26.44,25.91
"6927",353,1999,25.33,26.12,26.66,25.85
"6928",354,1999,25.59,26.1,26.51,25.97
"6929",355,1999,25.33,25.31,26.49,25.19
"6930",356,1999,25.76,25.9,26.5,25.68
"6931",357,1999,25.21,25.67,26.35,25.46
"6932",358,1999,25.49,25.6,26.61,25.41
"6933",359,1999,25.75,25.78,26.62,25.68
"6934",360,1999,25.48,25.58,26.52,25.45
"6935",361,1999,25.65,25.98,26.86,25.47
"6936",362,1999,25.82,26.19,26.83,25.82
"6937",363,1999,26.22,26.84,27.54,26.05
"6938",364,1999,26.43,27.23,27.52,26.86
"6939",365,1999,26.72,27.33,27.7,27.04
"6940",1,2000,26.18,26.94,27.49,26.19
"6941",2,2000,26.29,26.58,27.65,26.08
"6942",3,2000,26.46,26.96,27.39,26.05
"6943",4,2000,26.64,27.11,27.56,26.56
"6944",5,2000,26.87,27.07,27.91,26.46
"6945",6,2000,26.79,27.12,27.73,26.67
"6946",7,2000,26.88,27.39,27.63,27.05
"6947",8,2000,26.65,27.28,27.28,27.02
"6948",9,2000,26.96,27.36,27.6,26.93
"6949",10,2000,27.13,27.46,27.86,26.9
"6950",11,2000,27.57,28,28.28,27.48
"6951",12,2000,27.67,28.07,28.17,27.94
"6952",13,2000,27.66,27.81,28.01,27.57
"6953",14,2000,26.52,26.84,27.16,26.55
"6954",15,2000,26.85,27.18,27.6,26.73
"6955",16,2000,27.03,27.19,27.37,26.99
"6956",17,2000,26.87,27.01,27.13,26.72
"6957",18,2000,26.92,27.33,27.52,27.1
"6958",19,2000,25.02,27.26,26.24,26.82
"6959",20,2000,24.81,27.01,26.66,25.84
"6960",21,2000,25.01,26.99,27.36,26.1
"6961",22,2000,26.56,28.26,28.7,27.55
"6962",23,2000,27.15,28.29,28.63,27.93
"6963",24,2000,27.08,28.41,28.6,27.26
"6964",25,2000,27.03,28.01,28.3,27.45
"6965",26,2000,27.62,28.63,28.91,28.13
"6966",27,2000,28.01,28.95,29.07,28.54
"6967",28,2000,27.8,28.27,28.82,27.73
"6968",29,2000,27.51,28.15,28.91,27.68
"6969",30,2000,27.03,28.17,27.91,28.04
"6970",31,2000,25.43,27.59,26.76,26.72
"6971",32,2000,24.9,26.56,27.23,26.03
"6972",33,2000,23.84,25.21,25.99,24.74
"6973",34,2000,24.96,26.69,26.52,26.2
"6974",35,2000,25.95,27.55,27.09,27.1
"6975",36,2000,26.56,27.63,27.26,27.63
"6976",37,2000,26.15,27.15,27.27,26.75
"6977",38,2000,26.61,27.65,27.02,27.61
"6978",39,2000,26.52,27.36,26.86,27.44
"6979",40,2000,26.7,27.64,27.43,27.35
"6980",41,2000,26.97,28.09,27.16,27.88
"6981",42,2000,27.21,28.1,27.76,27.64
"6982",43,2000,27.57,28.32,28.32,27.96
"6983",44,2000,27.71,28.16,28.09,28.02
"6984",45,2000,27.2,27.66,27.59,27.5
"6985",46,2000,27.2,28.03,28.1,27.79
"6986",47,2000,27.35,28.02,28.34,27.86
"6987",48,2000,26.92,28.23,28.26,27.62
"6988",49,2000,27.39,28.23,28.5,27.69
"6989",50,2000,27.45,27.92,28.4,27.68
"6990",51,2000,27.6,28.47,28.97,27.74
"6991",52,2000,26.63,28.84,28.52,28.54
"6992",53,2000,26.5,28.76,28.45,28.53
"6993",54,2000,25.04,27.14,26.82,26.79
"6994",55,2000,25.31,27.54,27.5,26.54
"6995",56,2000,25.32,28.4,28.18,27.75
"6996",57,2000,26.23,28.93,28.74,28.41
"6997",58,2000,26.75,29.08,28.87,28.57
"6998",59,2000,26.76,29.32,29.02,28.6
"6999",60,2000,26.76,29.62,29.09,28.91
"7000",61,2000,26.72,29.59,29.02,28.8
"7001",62,2000,25.79,28.73,29.04,27.82
"7002",63,2000,25.95,29.02,29.03,28.24
"7003",64,2000,26.79,29.52,29.55,29.07
"7004",65,2000,27.38,30.05,29.89,29.8
"7005",66,2000,27.51,30.07,29.88,30.01
"7006",67,2000,26.78,29.66,29.51,29.34
"7007",68,2000,27.07,29.81,29.33,29.47
"7008",69,2000,27.28,29.52,28.96,29.17
"7009",70,2000,27.66,29.45,29.26,29.17
"7010",71,2000,27.28,29.26,29.77,29.08
"7011",72,2000,27.47,30.03,30.12,29.52
"7012",73,2000,27.98,30.15,30.3,29.77
"7013",74,2000,28.24,29.8,30.24,29.17
"7014",75,2000,28.69,29.95,30.23,29.35
"7015",76,2000,28.97,30.53,30.78,30.24
"7016",77,2000,29,30.33,30.31,29.95
"7017",78,2000,28.74,29.69,29.91,29.26
"7018",79,2000,28.31,29.53,29.84,29.23
"7019",80,2000,28.22,29.61,29.93,29.25
"7020",81,2000,28.17,30.11,30.34,29.56
"7021",82,2000,26.64,28.75,29.26,29.03
"7022",83,2000,25.29,27.31,26.73,27.28
"7023",84,2000,25.39,26.6,27.06,26.41
"7024",85,2000,25.02,24.96,25.54,24.59
"7025",86,2000,23.64,24.02,23.61,24.66
"7026",87,2000,24.35,24.87,25.06,25.03
"7027",88,2000,25.43,25.85,26.02,25.86
"7028",89,2000,25.06,26.41,26.4,26.17
"7029",90,2000,25.02,26.49,26.88,25.82
"7030",91,2000,25.85,26.86,26.84,26.7
"7031",92,2000,26.29,26.75,27.03,26.45
"7032",93,2000,25.78,27.28,27.17,26.96
"7033",94,2000,25.12,26.71,27.13,26.11
"7034",95,2000,24.53,25.75,25.78,25.21
"7035",96,2000,24.46,24.98,25.2,24.72
"7036",97,2000,24.1,24.73,24.93,24.44
"7037",98,2000,23.46,23.8,24.87,23.19
"7038",99,2000,24.86,25.41,25.72,25.46
"7039",100,2000,25.86,26.23,26.52,26.12
"7040",101,2000,25.68,26.47,26.74,25.93
"7041",102,2000,24.3,25.51,25.39,25.34
"7042",103,2000,23.94,25.15,25.6,24.33
"7043",104,2000,23.67,24.54,24.56,24.23
"7044",105,2000,24.41,25.54,25.89,25.12
"7045",106,2000,25.79,26.63,26.88,26.15
"7046",107,2000,25.51,26.7,27.37,25.93
"7047",108,2000,24.53,26.1,26.35,25.83
"7048",109,2000,25.2,26.44,27.12,25.89
"7049",110,2000,25.71,27.4,27.74,26.71
"7050",111,2000,24.62,26.39,26.86,25.81
"7051",112,2000,24.76,26.04,26.55,25.51
"7052",113,2000,24.79,25.74,25.88,25.65
"7053",114,2000,24.5,25,25.27,24.68
"7054",115,2000,24.44,25.37,25.63,24.64
"7055",116,2000,24.46,25.8,26.22,25.08
"7056",117,2000,24.96,26.76,26.72,26.36
"7057",118,2000,25.47,26.74,26.93,26.45
"7058",119,2000,25.02,26.57,26.89,26.31
"7059",120,2000,25.12,26.24,26.73,25.73
"7060",121,2000,25.58,26.69,26.99,26.2
"7061",122,2000,25.78,26.76,27.48,26.16
"7062",123,2000,25.9,27.07,27.84,26.21
"7063",124,2000,25.55,26.96,27.33,26.34
"7064",125,2000,24.64,24.75,25.66,24.51
"7065",126,2000,24.46,25.44,25.5,25.04
"7066",127,2000,24.56,25.34,26.03,24.84
"7067",128,2000,25.37,26.16,26.48,25.9
"7068",129,2000,25.5,26.36,26.49,26.04
"7069",130,2000,24.49,25.18,25.68,24.95
"7070",131,2000,24.53,24.9,24.93,24.68
"7071",132,2000,24,24.66,24.22,24.89
"7072",133,2000,24.15,24.12,24.13,24.23
"7073",134,2000,24.62,25.09,25.15,25.18
"7074",135,2000,24.44,25.06,25.22,24.75
"7075",136,2000,24.17,24.81,25.01,24.53
"7076",137,2000,24.14,24.82,25.33,24.36
"7077",138,2000,24.68,25.75,26.23,25.14
"7078",139,2000,24.22,25.37,25.72,24.96
"7079",140,2000,24.53,25.51,25.65,24.96
"7080",141,2000,24,24.39,23.97,24.37
"7081",142,2000,23.89,24.44,24.45,24.03
"7082",143,2000,23.6,24.06,24.14,24.02
"7083",144,2000,24.1,24.51,23.97,24.66
"7084",145,2000,24.2,24.7,24.49,24.74
"7085",146,2000,23.81,24.12,23.74,24.36
"7086",147,2000,23.87,24.59,24.39,24.26
"7087",148,2000,24.1,24.49,24.9,24.4
"7088",149,2000,23.82,24.59,24.89,24.24
"7089",150,2000,24.4,25.03,25,25.21
"7090",151,2000,24.04,24.74,24.62,24.57
"7091",152,2000,23.38,23.78,24.49,23.34
"7092",153,2000,23.18,23.5,24,23.24
"7093",154,2000,24.36,25.29,25.26,25.15
"7094",155,2000,24.14,24.66,24.92,24.21
"7095",156,2000,24.14,24.82,24.81,24.51
"7096",157,2000,23.54,24.21,24.51,23.98
"7097",158,2000,24.11,24.97,25.17,24.46
"7098",159,2000,23.83,24.18,24.49,23.72
"7099",160,2000,23.89,24.62,24.77,24.42
"7100",161,2000,24.13,24.71,24.46,24.52
"7101",162,2000,23.69,24.23,24.14,24.43
"7102",163,2000,23.78,24.24,24.11,23.81
"7103",164,2000,24.18,24.71,24.51,24.58
"7104",165,2000,24.07,24.32,24.44,24.25
"7105",166,2000,24.39,24.41,24.93,24.21
"7106",167,2000,24.5,25.23,25.38,25.22
"7107",168,2000,24.14,24.72,24.99,24.61
"7108",169,2000,24.25,24.95,25.55,24.56
"7109",170,2000,23.23,23.8,24.31,23.7
"7110",171,2000,23.08,23.56,24.08,23.15
"7111",172,2000,23.62,24.01,24.26,23.56
"7112",173,2000,23.65,24.27,24.41,24.14
"7113",174,2000,23.5,24.11,23.86,23.9
"7114",175,2000,23.32,23.55,23.69,23.34
"7115",176,2000,23.47,23.82,23.93,23.61
"7116",177,2000,23.87,24.73,24.62,24.6
"7117",178,2000,23.89,24.47,24.73,24.19
"7118",179,2000,23.62,24.18,24.42,24.28
"7119",180,2000,23.7,24.3,24.41,24.18
"7120",181,2000,24.37,24.35,24.93,24.04
"7121",182,2000,24.58,25.31,25.55,24.85
"7122",183,2000,24.38,25.85,25.77,25.09
"7123",184,2000,24.48,25.32,25.27,25.04
"7124",185,2000,23.74,25.1,25.19,24.64
"7125",186,2000,23.51,23.74,24.06,23.81
"7126",187,2000,23.45,24.24,23.95,23.9
"7127",188,2000,23.42,23.8,23.45,23.75
"7128",189,2000,24.08,24.59,24.33,24.18
"7129",190,2000,24.8,25.59,25.6,25.41
"7130",191,2000,25.29,25.81,25.96,25.67
"7131",192,2000,25.51,25.95,26.13,25.79
"7132",193,2000,25.15,26.15,26.21,26.06
"7133",194,2000,24.06,25.04,24.87,24.95
"7134",195,2000,22.85,23.65,23.73,23.32
"7135",196,2000,22.05,22.72,22.68,22.52
"7136",197,2000,23.01,23.48,22.76,23.08
"7137",198,2000,22.99,23.43,23.56,22.88
"7138",199,2000,23.19,24.07,23.71,23.63
"7139",200,2000,23.36,24.62,24.18,24.12
"7140",201,2000,23.81,24.51,24.3,23.94
"7141",202,2000,23.63,24.08,24.36,23.63
"7142",203,2000,23.3,23.7,23.81,23.38
"7143",204,2000,24.24,24.76,24.79,24.57
"7144",205,2000,24.84,25.3,25.45,25.03
"7145",206,2000,23.5,23.91,24.37,23.57
"7146",207,2000,22.72,23.54,23.34,22.97
"7147",208,2000,22.87,23.28,23.6,22.89
"7148",209,2000,22.69,23.87,23.74,23.57
"7149",210,2000,23.43,24.24,23.71,24.24
"7150",211,2000,23.48,24.19,23.77,24.56
"7151",212,2000,24.22,24.85,24.54,24.79
"7152",213,2000,24.38,25.22,24.7,25.14
"7153",214,2000,23.48,24.21,24.35,23.83
"7154",215,2000,24.5,24.74,24.75,24.63
"7155",216,2000,23.9,24.5,24.6,23.96
"7156",217,2000,23.93,24.41,24.59,24.27
"7157",218,2000,23.54,23.88,24.04,24.02
"7158",219,2000,24.22,24.97,24.35,24.81
"7159",220,2000,23.61,24.1,24.21,23.66
"7160",221,2000,24.29,24.73,24.56,24.51
"7161",222,2000,24.16,24.86,24.93,24.8
"7162",223,2000,24.29,24.75,24.85,24.61
"7163",224,2000,24.27,24.59,24.67,24.55
"7164",225,2000,23.54,23.91,23.89,23.7
"7165",226,2000,23.68,24.15,24.37,24.16
"7166",227,2000,23.98,24.78,24.96,24.46
"7167",228,2000,24,24.75,24.61,24.55
"7168",229,2000,23.92,24.49,24.63,24.33
"7169",230,2000,24.03,24.72,24.58,24.69
"7170",231,2000,24.39,24.75,24.82,24.76
"7171",232,2000,23.98,24.71,24.53,24.89
"7172",233,2000,24.23,25.07,24.96,25.15
"7173",234,2000,24.47,25.03,25.29,25.15
"7174",235,2000,25.13,25.82,25.84,25.61
"7175",236,2000,24.8,25.23,25.4,24.86
"7176",237,2000,24.47,25.05,24.96,25.45
"7177",238,2000,24.69,25.06,25.23,24.98
"7178",239,2000,25.14,25.67,25.96,25.49
"7179",240,2000,24.68,25.39,25.21,24.9
"7180",241,2000,25.34,25.68,26.18,25.31
"7181",242,2000,26.03,26.38,26.41,26.18
"7182",243,2000,25.36,26.41,26.12,26.02
"7183",244,2000,24.69,25.3,25.68,24.86
"7184",245,2000,24.32,24.87,24.72,25.07
"7185",246,2000,24.75,25.37,25.44,25.35
"7186",247,2000,25.35,26.11,25.79,26.2
"7187",248,2000,24.38,25.11,24.89,24.99
"7188",249,2000,23.83,24.62,24.15,24.87
"7189",250,2000,24.09,24.69,24.25,24.69
"7190",251,2000,25.18,25.75,25.55,25.5
"7191",252,2000,25.81,26.29,25.61,26.19
"7192",253,2000,25.28,26.02,25.9,25.99
"7193",254,2000,24.77,25.39,25.16,25.15
"7194",255,2000,25.08,25.63,25.42,25.32
"7195",256,2000,25.12,25.78,25.73,25.58
"7196",257,2000,25.59,26.56,26.44,26.31
"7197",258,2000,24.85,25.88,26.2,25.52
"7198",259,2000,24.76,24.89,25.02,25.12
"7199",260,2000,24.73,25.6,25.45,24.86
"7200",261,2000,24.29,24.85,25.13,24.57
"7201",262,2000,24.4,25.36,25,25.26
"7202",263,2000,24.52,25.54,25.41,25.17
"7203",264,2000,24.75,25.44,25.48,25.2
"7204",265,2000,24.84,25.5,25.68,25.47
"7205",266,2000,25.2,25.52,25.38,25.42
"7206",267,2000,24.48,24.87,24.99,24.75
"7207",268,2000,24.64,25.15,24.52,25.19
"7208",269,2000,25.19,25.88,25.55,25.81
"7209",270,2000,24.34,25.61,25.42,25.5
"7210",271,2000,23.56,24.39,24.13,24.39
"7211",272,2000,23.84,24.98,24.52,25.13
"7212",273,2000,24.95,25.63,25.68,25.39
"7213",274,2000,24.48,25.39,25.71,25.18
"7214",275,2000,24.31,25.13,24.92,25.2
"7215",276,2000,24.17,24.73,24.86,24.34
"7216",277,2000,24.13,24.32,24.35,24.09
"7217",278,2000,24.99,25.62,25.22,25.6
"7218",279,2000,24.7,26,25.55,26.03
"7219",280,2000,24.71,25.71,25.68,25.49
"7220",281,2000,24.46,24.99,25.25,24.58
"7221",282,2000,24.18,24.74,24.8,24.64
"7222",283,2000,24.61,24.98,25.33,24.91
"7223",284,2000,24.52,25.31,25.7,25.11
"7224",285,2000,24.51,25.4,25.2,25.08
"7225",286,2000,24.52,25.13,25.29,25.04
"7226",287,2000,24.88,25.32,25.51,24.99
"7227",288,2000,24.95,25.77,25.74,25.28
"7228",289,2000,24.75,25.31,25.2,25.46
"7229",290,2000,24.44,25.21,24.66,25.39
"7230",291,2000,24.88,25.38,25.3,25.37
"7231",292,2000,24.8,25.39,25.44,25.09
"7232",293,2000,24.82,25.54,25.71,25.23
"7233",294,2000,25.07,25.8,25.81,25.63
"7234",295,2000,24.53,25.11,25.78,24.51
"7235",296,2000,24.98,25.76,25.86,25.51
"7236",297,2000,25.3,26.24,26.34,26.04
"7237",298,2000,25.59,26.16,26.09,25.85
"7238",299,2000,25.58,25.99,26.02,25.88
"7239",300,2000,25.01,25.98,26.07,25.75
"7240",301,2000,25,25.44,25.69,25.29
"7241",302,2000,25.3,25.81,26,25.83
"7242",303,2000,25.56,26.16,26.37,25.94
"7243",304,2000,24.89,25.42,25.89,24.96
"7244",305,2000,25.25,25.58,25.89,25.39
"7245",306,2000,25.27,26.02,26.23,25.72
"7246",307,2000,25.99,26.74,27.09,26.36
"7247",308,2000,26.31,27.05,26.85,26.88
"7248",309,2000,25.58,26.36,26.51,25.51
"7249",310,2000,25.7,26.3,26.32,25.86
"7250",311,2000,25.95,26.55,26.32,26.12
"7251",312,2000,25.56,26.51,26.38,26.1
"7252",313,2000,26.06,26.79,26.76,26.64
"7253",314,2000,26.5,27.08,26.89,26.96
"7254",315,2000,26.86,27.19,26.95,26.79
"7255",316,2000,26.16,26.9,26.6,26.09
"7256",317,2000,26.55,26.91,26.74,26.33
"7257",318,2000,26.75,26.9,27,26.6
"7258",319,2000,26.82,27.18,27.16,26.81
"7259",320,2000,26.5,26.96,26.61,26.72
"7260",321,2000,25.54,26.16,25.98,25.7
"7261",322,2000,24.17,24.37,24.76,24.2
"7262",323,2000,23.89,24.27,24.8,24.01
"7263",324,2000,24.19,24.74,25.47,24.36
"7264",325,2000,25.09,25.5,25.77,25.61
"7265",326,2000,25.36,25.22,25.74,25.11
"7266",327,2000,25.43,25.64,25.9,25.39
"7267",328,2000,24.87,25.37,25.85,25.33
"7268",329,2000,24.83,25.63,25.97,25.09
"7269",330,2000,24.64,25.81,25.88,25.32
"7270",331,2000,24.49,25.83,25.95,25.49
"7271",332,2000,24.65,25.72,25.94,25.17
"7272",333,2000,24.77,25.2,25.32,25.13
"7273",334,2000,25.08,25.64,25.68,25.46
"7274",335,2000,25.22,25.82,25.95,25.56
"7275",336,2000,25.26,25.87,25.89,25.61
"7276",337,2000,25.15,25.62,26.05,25.47
"7277",338,2000,25.04,25.51,25.59,25.42
"7278",339,2000,25.03,25.44,25.64,25.47
"7279",340,2000,25.41,25.69,25.93,25.73
"7280",341,2000,24.99,25.34,25.85,25.42
"7281",342,2000,24.75,25.43,25.87,25.06
"7282",343,2000,25.03,25.95,26.21,25.84
"7283",344,2000,24.91,25.83,26.05,25.8
"7284",345,2000,24.89,25.69,25.79,25.62
"7285",346,2000,25.5,26.04,26.48,25.74
"7286",347,2000,25.54,26.03,26.19,25.96
"7287",348,2000,24.81,24.91,25.16,24.99
"7288",349,2000,24.81,25.22,25.34,25.35
"7289",350,2000,24.71,24.92,25.4,24.77
"7290",351,2000,24.5,24.72,25.1,24.51
"7291",352,2000,24.8,24.88,25.44,24.6
"7292",353,2000,24.65,25,25.05,24.93
"7293",354,2000,24.74,24.86,25.64,24.76
"7294",355,2000,25.3,25.56,26.18,25.32
"7295",356,2000,25.59,25.99,26.51,25.65
"7296",357,2000,25.27,26.39,26.39,26.02
"7297",358,2000,24.27,25.56,25.56,25.38
"7298",359,2000,24.33,25.41,25.48,25.06
"7299",360,2000,24.31,25.39,25.47,24.84
"7300",361,2000,24.52,25.2,25.41,24.92
"7301",362,2000,24.11,24.36,25.08,24
"7302",363,2000,24.33,25.13,25.37,24.65
"7303",364,2000,23.9,24.59,24.93,24.29
"7304",365,2000,23.78,24.58,25.13,24.06
"7305",366,2000,24.1,25.07,25.26,24.57
"7306",1,2001,24.46,25.28,25.56,25.25
"7307",2,2001,24.85,25.34,25.75,25
"7308",3,2001,24.78,24.82,25.39,24.66
"7309",4,2001,24.78,24.53,25.4,24.4
"7310",5,2001,25.32,24.93,26.42,24.57
"7311",6,2001,25.72,25.76,26.87,25.18
"7312",7,2001,25.59,26.23,26.87,25.66
"7313",8,2001,25.58,26.29,26.77,25.84
"7314",9,2001,25.37,25.81,26.78,25.24
"7315",10,2001,25.49,25.73,26.58,25.32
"7316",11,2001,25.5,25.76,26.28,25.49
"7317",12,2001,25.39,25.6,26.57,25.31
"7318",13,2001,26.03,26.34,26.94,25.67
"7319",14,2001,25.94,26.23,27.05,25.93
"7320",15,2001,25.36,26.68,27.07,26.06
"7321",16,2001,24.69,26.32,26.98,26.05
"7322",17,2001,24.95,26.95,27.21,26.67
"7323",18,2001,25.14,26.88,27.39,26.66
"7324",19,2001,25.46,27.3,27.36,27.2
"7325",20,2001,25.7,27.4,27.54,27.35
"7326",21,2001,25.31,27.37,27.36,26.89
"7327",22,2001,25.18,26.85,27.13,26.65
"7328",23,2001,25.56,26.7,27.24,26.78
"7329",24,2001,26.39,27.96,28.17,27.23
"7330",25,2001,25.81,28.02,27.91,27.81
"7331",26,2001,25.87,27.88,27.63,27.92
"7332",27,2001,26.05,27.55,27.37,27.52
"7333",28,2001,26.28,27.52,27.42,27.31
"7334",29,2001,26.76,27.81,27.4,27.73
"7335",30,2001,26.44,27.41,26.93,27.39
"7336",31,2001,26.1,27.1,26.82,26.8
"7337",32,2001,26.13,27.03,27.2,26.82
"7338",33,2001,26.32,26.97,27.07,26.74
"7339",34,2001,26.29,26.99,27.02,26.63
"7340",35,2001,26.6,27.41,27.63,26.92
"7341",36,2001,25.27,26.67,27.61,26.27
"7342",37,2001,24.8,26.63,27.45,26.08
"7343",38,2001,24.75,26.79,27.27,26.44
"7344",39,2001,24.78,26.91,27.46,26.83
"7345",40,2001,25.74,27.73,28.19,27.25
"7346",41,2001,26.58,28.32,28.31,27.87
"7347",42,2001,26.4,27.83,27.92,27.32
"7348",43,2001,26.64,28.36,28.61,27.5
"7349",44,2001,27.01,28.88,28.93,28.34
"7350",45,2001,26.87,28.7,28.69,27.97
"7351",46,2001,26.71,28.12,28.43,27.42
"7352",47,2001,27,27.97,28.52,27.65
"7353",48,2001,27.69,28.81,29.04,28.39
"7354",49,2001,27.69,28.9,29.05,28.74
"7355",50,2001,27.71,29.36,29.27,29.24
"7356",51,2001,27.9,29.37,29.25,29.13
"7357",52,2001,27.85,28.68,28.38,28.53
"7358",53,2001,27.49,28.07,28.09,27.91
"7359",54,2001,27.82,28.32,28.31,28.01
"7360",55,2001,28.24,28.78,29.06,28.35
"7361",56,2001,28.28,29.12,28.95,28.8
"7362",57,2001,27.87,28.86,28.8,28.8
"7363",58,2001,27.86,28.71,28.73,28.63
"7364",59,2001,27.99,28.52,28.42,28.65
"7365",60,2001,28.07,28.75,28.8,28.55
"7366",61,2001,28.39,29.43,29.61,29.07
"7367",62,2001,27.19,29.49,29.18,29.37
"7368",63,2001,25.67,28.05,28.37,28.16
"7369",64,2001,25.21,27.35,27.65,26.86
"7370",65,2001,25.66,27.7,27.56,27.65
"7371",66,2001,26.18,27.96,28.03,27.81
"7372",67,2001,26.34,27.97,28.25,27.69
"7373",68,2001,25.54,27.79,28.7,27.27
"7374",69,2001,25.59,27.93,28.75,27.67
"7375",70,2001,26.41,28.43,29.2,27.89
"7376",71,2001,26.68,28.45,29.22,27.98
"7377",72,2001,27.01,28.23,29.14,28.05
"7378",73,2001,27.67,29.16,30.03,28.78
"7379",74,2001,27.9,29.35,29.85,29.3
"7380",75,2001,26.98,29.25,29.55,29.19
"7381",76,2001,26.06,28.84,28.81,28.84
"7382",77,2001,25.64,27.97,28.2,28.01
"7383",78,2001,26.18,28.02,28.46,27.74
"7384",79,2001,25.48,27.89,28.03,27.13
"7385",80,2001,24.84,26.36,26.88,25.87
"7386",81,2001,24.53,25.98,26.38,25.55
"7387",82,2001,24.95,26.17,26.27,25.82
"7388",83,2001,25.01,26.32,26.94,25.43
"7389",84,2001,25.55,27.63,27.48,26.69
"7390",85,2001,25.66,27.55,27.48,26.9
"7391",86,2001,25.34,27.15,27.42,26.45
"7392",87,2001,25.38,27.31,27.66,26.61
"7393",88,2001,25.36,27.16,27.82,26.46
"7394",89,2001,25.41,27.33,28.12,26.41
"7395",90,2001,25.9,27.6,28.06,26.71
"7396",91,2001,26.42,28.05,28.52,27.36
"7397",92,2001,27.07,28.63,29.15,27.79
"7398",93,2001,26.83,28.62,29.34,27.7
"7399",94,2001,25.76,27.25,27.64,26.91
"7400",95,2001,24.68,26.02,25.91,25.1
"7401",96,2001,25.51,26.77,27.05,26.12
"7402",97,2001,25.51,27.58,27.75,26.76
"7403",98,2001,25.36,27.69,27.96,26.6
"7404",99,2001,25.22,27.12,27.34,26.66
"7405",100,2001,25.43,26.94,27.33,26.4
"7406",101,2001,25.81,27.4,27.82,26.61
"7407",102,2001,24.96,26.44,27.3,25.37
"7408",103,2001,24.51,26.47,26.84,25.68
"7409",104,2001,24.74,26.46,26.6,25.49
"7410",105,2001,25.23,26.19,26.83,25.8
"7411",106,2001,25.13,26.19,26.65,25.81
"7412",107,2001,25.2,25.67,26.52,25.22
"7413",108,2001,24.92,25.75,25.93,25.9
"7414",109,2001,24.94,25.9,26.82,25.27
"7415",110,2001,26.11,27.2,27.85,26.59
"7416",111,2001,26.52,26.99,28.12,26.77
"7417",112,2001,26.63,27.09,28.43,26.53
"7418",113,2001,26.89,27.56,29.04,26.5
"7419",114,2001,26.88,27.88,28.73,27.16
"7420",115,2001,25.07,26.46,27.16,26.3
"7421",116,2001,24.79,25.63,25.87,25.49
"7422",117,2001,24.46,24.88,24.92,24.84
"7423",118,2001,24.47,25.06,25.48,24.65
"7424",119,2001,24.9,25.66,26.28,25.09
"7425",120,2001,24.66,25.48,25.64,25.34
"7426",121,2001,24.46,24.87,25.28,24.73
"7427",122,2001,24.91,25.37,25.69,25.33
"7428",123,2001,24.96,25.12,25.42,24.9
"7429",124,2001,24.79,25.67,25.15,25.95
"7430",125,2001,25.21,25.86,25.8,25.99
"7431",126,2001,26.09,26.56,26.78,26.18
"7432",127,2001,25.76,26.09,26.36,26.07
"7433",128,2001,25.2,25.78,25.9,25.43
"7434",129,2001,24.36,25.19,24.75,25.58
"7435",130,2001,25.29,26.13,25.88,26.27
"7436",131,2001,25.79,26.44,26.61,25.75
"7437",132,2001,25.86,26.37,26.58,26.04
"7438",133,2001,25.17,25.75,25.63,25.82
"7439",134,2001,24.9,25.5,25.5,25.6
"7440",135,2001,23.99,24.65,24.55,25.14
"7441",136,2001,25.02,25.76,25.37,25.67
"7442",137,2001,25.51,26.04,25.62,25.99
"7443",138,2001,25.11,25.72,25.89,25.76
"7444",139,2001,24.31,24.92,25.19,25.16
"7445",140,2001,23.86,24.77,24.95,24.75
"7446",141,2001,24.82,25.42,25.69,25.33
"7447",142,2001,25.02,25.87,26.06,25.45
"7448",143,2001,25.58,26.45,26.3,26.23
"7449",144,2001,25.1,26.1,25.65,25.83
"7450",145,2001,24.63,25.12,25.22,25.33
"7451",146,2001,25,25.55,25.81,25.41
"7452",147,2001,25.19,25.99,26.12,25.73
"7453",148,2001,24.2,24.52,25.28,24.39
"7454",149,2001,23.92,24.42,25.12,24.28
"7455",150,2001,23.63,23.88,24.47,23.67
"7456",151,2001,24.12,24.49,24.51,24.59
"7457",152,2001,24.17,24.41,24.6,24.83
"7458",153,2001,23.92,24.22,23.82,24.59
"7459",154,2001,24.01,24.28,24.89,24.28
"7460",155,2001,24.32,24.63,24.78,24.73
"7461",156,2001,23.91,24.32,23.89,24.73
"7462",157,2001,23.62,23.75,23.89,23.71
"7463",158,2001,23.78,24.11,24.23,24.03
"7464",159,2001,24.29,24.67,24.84,24.51
"7465",160,2001,24.55,24.84,25.31,24.66
"7466",161,2001,23.91,24.36,24.6,23.98
"7467",162,2001,24.02,24.54,24.7,24.5
"7468",163,2001,23.41,24.17,24.27,23.93
"7469",164,2001,23.9,24.01,24.04,24.48
"7470",165,2001,24.17,24.52,24.52,24.57
"7471",166,2001,24.4,24.85,25.19,25.17
"7472",167,2001,25.04,25.8,25.91,25.75
"7473",168,2001,24.42,24.71,25.13,24.15
"7474",169,2001,24.34,24.92,25.16,24.4
"7475",170,2001,23.73,24.35,24.82,24.01
"7476",171,2001,22.61,23.57,23.72,22.91
"7477",172,2001,21.27,21.98,21.95,21.65
"7478",173,2001,21.79,22.22,21.86,22.26
"7479",174,2001,22.11,22.53,22.43,22.73
"7480",175,2001,22.32,22.87,22.23,23.09
"7481",176,2001,22.79,23.23,22.69,23.32
"7482",177,2001,23.41,23.88,23.74,23.71
"7483",178,2001,24,24.36,24.32,24.28
"7484",179,2001,23.73,24.56,24.23,24.59
"7485",180,2001,23.95,24.5,24.37,24.3
"7486",181,2001,23.64,24.31,24.24,24.5
"7487",182,2001,24.13,24.75,24.95,24.44
"7488",183,2001,24.18,25.09,25.22,24.66
"7489",184,2001,24.5,25.11,25.03,25.11
"7490",185,2001,24.12,24.97,25.2,24.53
"7491",186,2001,24.34,24.87,25.03,24.71
"7492",187,2001,23.3,24.02,24.19,23.4
"7493",188,2001,23.68,24.39,24.25,24.34
"7494",189,2001,23.94,24.23,24.31,24.26
"7495",190,2001,24.09,24.36,24.66,24.28
"7496",191,2001,24.23,24.82,25.12,24.75
"7497",192,2001,23.94,24.66,24.71,24.33
"7498",193,2001,24.25,24.61,25.14,24.39
"7499",194,2001,24.09,25.01,25.27,24.69
"7500",195,2001,24.52,25.18,24.85,25.07
"7501",196,2001,24.08,24.53,24.64,24.4
"7502",197,2001,23.85,24.45,24.37,24.41
"7503",198,2001,23.92,24.5,24.69,23.96
"7504",199,2001,24.43,24.86,25.27,24.65
"7505",200,2001,24.23,24.8,25,24.71
"7506",201,2001,23.39,23.94,24.38,23.99
"7507",202,2001,24.01,24.46,24.87,24.19
"7508",203,2001,23.66,24.34,23.83,24.24
"7509",204,2001,23.82,24.47,24.1,24.82
"7510",205,2001,24.28,24.9,24.65,24.63
"7511",206,2001,24.07,24.83,24.58,24.62
"7512",207,2001,23.96,24.17,24.26,24.26
"7513",208,2001,23.84,24.64,24.55,24.84
"7514",209,2001,23.95,24.41,24.66,24.27
"7515",210,2001,23.78,24.53,23.93,24.78
"7516",211,2001,23.98,24.64,24.48,24.55
"7517",212,2001,23.54,24.37,23.72,24.59
"7518",213,2001,23.41,24.01,23.86,23.69
"7519",214,2001,23.73,24.51,24.63,24.48
"7520",215,2001,24.14,24.91,23.8,25.01
"7521",216,2001,23.64,24.34,23.74,24.56
"7522",217,2001,23.22,24.09,24.05,23.51
"7523",218,2001,24.02,24.98,24.41,24.44
"7524",219,2001,24.25,25.03,23.97,25.28
"7525",220,2001,23.61,24.19,23.79,24.25
"7526",221,2001,24.43,25.07,24.47,25.08
"7527",222,2001,24.13,24.95,24.95,24.85
"7528",223,2001,23.75,24.6,24.4,24.46
"7529",224,2001,24.32,25.12,24.6,25.36
"7530",225,2001,24.89,25.52,25.15,25.49
"7531",226,2001,24.75,25.4,25.11,25.34
"7532",227,2001,25.07,25.58,25.8,25.48
"7533",228,2001,24.77,25.62,25.44,25.42
"7534",229,2001,24.63,25.41,25.19,25.24
"7535",230,2001,24.85,25.43,25.28,25.77
"7536",231,2001,24.69,25.23,25.04,25.29
"7537",232,2001,24.89,25.6,25.54,25.57
"7538",233,2001,24.59,25.4,25.37,25.14
"7539",234,2001,24.56,25.32,24.91,25.41
"7540",235,2001,24.77,25.55,25.3,25.47
"7541",236,2001,24.77,25.54,25.1,25.2
"7542",237,2001,24.91,25.46,25.27,25.37
"7543",238,2001,25.36,25.61,25.93,25.68
"7544",239,2001,25.68,26.21,25.96,26.07
"7545",240,2001,24.68,25.37,25.46,25.5
"7546",241,2001,24.65,25.27,25.35,25.52
"7547",242,2001,25.26,26.04,25.99,25.99
"7548",243,2001,24.54,25.33,25.17,25.62
"7549",244,2001,24.54,25.59,25.38,25.56
"7550",245,2001,24.79,25.09,24.99,25.14
"7551",246,2001,25,25.43,25.33,25.5
"7552",247,2001,25.03,25.63,25.35,25.68
"7553",248,2001,24.37,24.79,25.08,24.92
"7554",249,2001,24.42,24.91,24.88,24.85
"7555",250,2001,24.71,25.28,25.08,25.31
"7556",251,2001,24.89,25.74,25.49,25.65
"7557",252,2001,25.15,26.33,26.11,25.95
"7558",253,2001,25.14,26.76,26.54,26.52
"7559",254,2001,24.48,25.29,24.96,24.74
"7560",255,2001,24.16,24.19,24.16,24.1
"7561",256,2001,24.77,25.37,25.3,25.23
"7562",257,2001,24.81,25.09,25.8,24.86
"7563",258,2001,25.26,25.93,25.91,25.71
"7564",259,2001,25.21,26.06,25.96,25.99
"7565",260,2001,24.67,25.44,25.24,25.4
"7566",261,2001,24.55,24.97,25,24.56
"7567",262,2001,23.59,24.43,24.55,24.17
"7568",263,2001,24.22,24.6,24.56,24.69
"7569",264,2001,24.53,25.12,25.01,24.96
"7570",265,2001,24.77,25.32,25.27,25.3
"7571",266,2001,24.53,25.02,25.29,25.11
"7572",267,2001,24.87,25.58,25.23,25.53
"7573",268,2001,25.35,26.04,26.1,25.92
"7574",269,2001,25.49,26.63,26.41,26.31
"7575",270,2001,25.14,26,26.05,25.67
"7576",271,2001,24.8,25.37,25.46,25.23
"7577",272,2001,24.89,25.46,25.68,25.34
"7578",273,2001,25.1,25.81,25.7,26.02
"7579",274,2001,25.14,26.05,25.85,25.88
"7580",275,2001,24.88,25.36,25.69,25.6
"7581",276,2001,25.35,26.13,26.08,26.09
"7582",277,2001,25.22,26.12,26.29,25.83
"7583",278,2001,25.6,26.59,26.29,26.69
"7584",279,2001,25.13,25.52,25.67,25.53
"7585",280,2001,25.7,26.33,26.32,26.17
"7586",281,2001,26.21,26.64,26.95,26.48
"7587",282,2001,26.15,26.41,26.52,26.46
"7588",283,2001,25.49,26.37,26.01,26.32
"7589",284,2001,25.47,26.01,25.82,25.99
"7590",285,2001,25.36,26.02,26.37,25.88
"7591",286,2001,25,25.25,25.56,24.73
"7592",287,2001,25.05,25.88,25.43,25.91
"7593",288,2001,25.69,25.97,25.96,26.12
"7594",289,2001,25.77,26.21,26.37,26.2
"7595",290,2001,25.32,25.92,25.74,26.18
"7596",291,2001,24.42,25.46,25.42,25.05
"7597",292,2001,25.36,26.04,26.14,25.82
"7598",293,2001,25.73,26.28,26.61,25.84
"7599",294,2001,26.04,26.55,26.8,26.33
"7600",295,2001,26.28,27.09,27.06,26.9
"7601",296,2001,25.51,26.83,26.51,26.75
"7602",297,2001,25.15,25.43,25.44,25.53
"7603",298,2001,25.15,25.84,25.41,26.02
"7604",299,2001,25.36,25.82,25.7,25.95
"7605",300,2001,25.59,26.02,26.32,25.98
"7606",301,2001,25.8,26.34,26.21,26.32
"7607",302,2001,25.95,26.23,26.45,26.23
"7608",303,2001,25.23,26.06,26.19,25.46
"7609",304,2001,24.74,25.15,25.15,24.96
"7610",305,2001,24.16,24.75,24.73,24.68
"7611",306,2001,24.64,24.91,25.13,24.78
"7612",307,2001,25.32,25.81,25.92,25.49
"7613",308,2001,25.56,26.34,26.57,25.99
"7614",309,2001,24.78,25.55,25.41,25.82
"7615",310,2001,25.47,25.97,26.24,25.85
"7616",311,2001,25.33,26.04,26.24,25.75
"7617",312,2001,24.37,24.93,25.38,24.59
"7618",313,2001,24.22,24.4,25.15,24.04
"7619",314,2001,24.5,25.09,25.56,24.75
"7620",315,2001,25.04,25.58,25.81,25.49
"7621",316,2001,25.43,26.14,26.6,25.83
"7622",317,2001,25.31,26.09,26.62,25.6
"7623",318,2001,25.39,26.22,26.51,25.76
"7624",319,2001,25.68,26.59,26.64,26.31
"7625",320,2001,25.78,26.77,26.81,26.62
"7626",321,2001,25.41,25.99,26.36,25.98
"7627",322,2001,25.49,26.21,25.93,26.24
"7628",323,2001,25.58,26.19,26.11,25.83
"7629",324,2001,25.69,26.35,26.21,26.03
"7630",325,2001,25.68,26.46,26.34,26.15
"7631",326,2001,25.29,26.3,26.29,25.84
"7632",327,2001,25.69,26.55,26.5,26.28
"7633",328,2001,26.02,26.77,26.76,26.77
"7634",329,2001,25.76,26.6,26.94,26.42
"7635",330,2001,25.63,26.4,26.38,26.34
"7636",331,2001,24.54,25.23,25.56,24.75
"7637",332,2001,24.67,25.26,25.55,25.18
"7638",333,2001,25.38,25.84,25.68,25.73
"7639",334,2001,25.88,26.11,26.17,26.03
"7640",335,2001,26.18,26.29,26.66,26.11
"7641",336,2001,26.24,26.43,26.68,26.17
"7642",337,2001,26.16,26.45,26.79,26.27
"7643",338,2001,25.46,26.38,26.4,26.26
"7644",339,2001,25.45,26.53,26.54,26.45
"7645",340,2001,24.6,25.72,25.85,24.97
"7646",341,2001,24.3,24.53,25.13,24.29
"7647",342,2001,24.59,25.2,25.53,24.9
"7648",343,2001,24.58,24.93,25.45,24.71
"7649",344,2001,24.71,25.03,25.28,24.7
"7650",345,2001,24.86,25.46,25.72,25.2
"7651",346,2001,24.84,25.5,25.94,25.5
"7652",347,2001,25.18,25.81,26.06,25.59
"7653",348,2001,25.45,26.13,26.16,25.81
"7654",349,2001,25.07,25.61,25.94,25.13
"7655",350,2001,24.65,25.18,24.66,25.04
"7656",351,2001,24.91,25.22,25.39,25.03
"7657",352,2001,25.39,25.82,25.95,25.5
"7658",353,2001,24.63,25.28,25.42,25.04
"7659",354,2001,25.09,25.65,25.94,25.46
"7660",355,2001,25.06,25.58,26.06,25.37
"7661",356,2001,25.43,25.74,25.79,25.94
"7662",357,2001,25.51,26.33,26.27,26.36
"7663",358,2001,25.34,26.37,26.24,26.34
"7664",359,2001,24.66,25.19,24.76,25.39
"7665",360,2001,24.54,24.7,24.9,24.84
"7666",361,2001,25.09,25.33,25.66,25.35
"7667",362,2001,25.17,25.49,25.75,25.59
"7668",363,2001,25.7,26.37,26.46,26.22
"7669",364,2001,25.88,26.16,26.5,26.25
"7670",365,2001,26.09,26.13,26.62,25.97
"7671",1,2002,25.8,25.73,25.77,25.88
"7672",2,2002,25.86,26.07,25.96,25.89
"7673",3,2002,26.26,26.24,26.56,26.23
"7674",4,2002,26.43,26.44,26.8,26.27
"7675",5,2002,26.92,27.17,27.33,26.87
"7676",6,2002,26.87,27.15,27.36,27.06
"7677",7,2002,26.17,25.99,26.21,26.35
"7678",8,2002,26.38,26.13,26.99,25.83
"7679",9,2002,26.53,26.31,26.54,26.5
"7680",10,2002,26.33,26.25,26.55,26.4
"7681",11,2002,26.29,26.08,26.42,25.82
"7682",12,2002,26.06,25.65,26.26,25.94
"7683",13,2002,26.7,26.85,27.03,26.3
"7684",14,2002,27.15,27.48,27.57,27.02
"7685",15,2002,27.06,27.59,27.83,27.3
"7686",16,2002,27.04,27.63,27.44,26.96
"7687",17,2002,26.74,27.05,27.8,26.62
"7688",18,2002,27.02,26.93,27.31,26.83
"7689",19,2002,27.11,27.23,27.91,26.6
"7690",20,2002,26.88,27.63,27.93,26.98
"7691",21,2002,27.06,27.86,28.33,27.15
"7692",22,2002,26.81,27.41,28.16,27
"7693",23,2002,25.49,26.36,27.06,25.61
"7694",24,2002,25.17,26.31,27.65,25.5
"7695",25,2002,26.08,27.29,28.21,26.24
"7696",26,2002,26.37,27.37,27.95,26.68
"7697",27,2002,26.3,26.84,28.16,25.8
"7698",28,2002,27.01,28.11,28.74,27.09
"7699",29,2002,26.62,27.99,28.35,27.19
"7700",30,2002,26.59,28.2,28.48,27.53
"7701",31,2002,25.88,27.77,28.65,27.23
"7702",32,2002,26.19,28.15,28.64,27.7
"7703",33,2002,25.92,28.22,28.09,28.03
"7704",34,2002,26.05,27.96,28.25,27.76
"7705",35,2002,26.64,28.4,28.66,27.93
"7706",36,2002,27.45,28.85,29.2,28.44
"7707",37,2002,27.51,28.7,29.25,28.14
"7708",38,2002,27.01,28.54,28.57,28.19
"7709",39,2002,27.38,28.84,28.69,28.38
"7710",40,2002,27.42,28.71,28.62,28.62
"7711",41,2002,27.75,28.65,28.63,28.62
"7712",42,2002,27.31,28.26,28.26,28.2
"7713",43,2002,27.41,28.16,28.72,28.09
"7714",44,2002,27.43,28.34,28.62,28.12
"7715",45,2002,27.76,28.54,29.1,28.34
"7716",46,2002,27.96,28.88,29.24,28.67
"7717",47,2002,28.11,29.09,29.1,28.81
"7718",48,2002,28.08,29.4,29.18,28.81
"7719",49,2002,27.66,29.77,29.47,29.23
"7720",50,2002,27.69,29.77,29.84,29.57
"7721",51,2002,28.19,29.56,29.19,29.76
"7722",52,2002,28.33,29.14,28.9,29.05
"7723",53,2002,28.45,29.39,28.95,29.22
"7724",54,2002,27.68,29.69,29.08,29.89
"7725",55,2002,28.14,29.72,29.35,29.9
"7726",56,2002,28.34,30.1,29.82,29.8
"7727",57,2002,27.77,29.59,29.71,29.12
"7728",58,2002,28.1,29.72,29.2,29.66
"7729",59,2002,28.6,29.61,29.4,29.7
"7730",60,2002,28.13,29.04,29.02,28.9
"7731",61,2002,27.87,29.22,29.15,29.01
"7732",62,2002,27.2,29.48,28.95,29.45
"7733",63,2002,27.05,29.29,29.05,29.02
"7734",64,2002,28.01,29.16,28.9,29.17
"7735",65,2002,28.06,28.8,28.46,28.86
"7736",66,2002,28.08,28.62,28.4,29.09
"7737",67,2002,28.35,29.18,28.72,29.07
"7738",68,2002,28.65,29.41,29.28,29.29
"7739",69,2002,28.86,30.12,30.11,29.76
"7740",70,2002,27.79,29.82,29.06,29.26
"7741",71,2002,26.33,28.55,28.99,27.37
"7742",72,2002,24.88,26.33,26.82,25.85
"7743",73,2002,25.24,26.65,26.99,26.05
"7744",74,2002,24.83,26.02,26.47,25.34
"7745",75,2002,24.73,25.44,25.93,25.19
"7746",76,2002,25.46,26.08,27.01,25.84
"7747",77,2002,25.62,26.86,27.38,26.3
"7748",78,2002,25.61,26.9,27.69,26.51
"7749",79,2002,25.28,26.48,27.05,26.18
"7750",80,2002,25.1,26.39,27.07,25.89
"7751",81,2002,24.22,24.93,25.36,24.74
"7752",82,2002,25.08,26.28,26.7,25.7
"7753",83,2002,25.71,27.26,27.69,26.73
"7754",84,2002,25.63,27.15,28.08,26.75
"7755",85,2002,26.14,27.41,28.22,27.06
"7756",86,2002,26.24,27.7,28.23,27.3
"7757",87,2002,26.32,27.38,27.81,27.15
"7758",88,2002,25.33,26.07,26.12,25.79
"7759",89,2002,25.04,25.44,25.41,25.47
"7760",90,2002,25.5,25.88,26.04,25.84
"7761",91,2002,25.28,26.09,26.07,25.8
"7762",92,2002,24.83,25.43,26.31,24.93
"7763",93,2002,24.88,26.24,26.4,25.56
"7764",94,2002,24.45,25.21,25.4,25.19
"7765",95,2002,24.45,25.33,25.6,25.02
"7766",96,2002,25.4,26.08,25.87,25.87
"7767",97,2002,25.79,26.36,26.75,26.02
"7768",98,2002,24.52,25.37,26.15,24.8
"7769",99,2002,24.91,26.09,26.22,25.69
"7770",100,2002,25.31,26.41,26.95,26.35
"7771",101,2002,25.6,26.78,26.97,26.24
"7772",102,2002,26,26.95,27.1,26.61
"7773",103,2002,25.87,26.7,26.9,26.24
"7774",104,2002,25.67,27.06,26.96,27
"7775",105,2002,24.95,25.63,25.8,25.26
"7776",106,2002,24.59,25.12,25.36,24.76
"7777",107,2002,24.63,24.94,25.57,24.51
"7778",108,2002,24.76,25.13,25.6,24.72
"7779",109,2002,25.13,25.54,25.58,25.41
"7780",110,2002,25,25.36,25.62,25
"7781",111,2002,24.64,25.18,25.02,25.18
"7782",112,2002,25.19,25.52,25.95,25.26
"7783",113,2002,24.49,25.21,25.49,24.51
"7784",114,2002,23.88,24.32,25.26,23.55
"7785",115,2002,24.61,25.42,25.85,24.58
"7786",116,2002,25.71,25.92,26.46,26.08
"7787",117,2002,25.42,25.73,26.47,25.27
"7788",118,2002,24.83,25.65,25.88,25.17
"7789",119,2002,24.72,25.37,25.76,25.04
"7790",120,2002,25.55,25.72,26.04,25.36
"7791",121,2002,24.8,25.36,25.56,24.96
"7792",122,2002,23.92,24.48,24.78,24.06
"7793",123,2002,24.48,25.34,25.48,24.78
"7794",124,2002,24.86,25.81,25.98,25.59
"7795",125,2002,24.9,25.74,25.97,25.14
"7796",126,2002,24.88,25.58,25.66,25.3
"7797",127,2002,24.52,25.05,25.11,25.04
"7798",128,2002,24.89,25.13,25.17,25.06
"7799",129,2002,25.35,25.54,25.93,25.43
"7800",130,2002,23.95,24.4,24.9,24.52
"7801",131,2002,24.7,25.15,25.51,25.22
"7802",132,2002,24.93,25.49,25.37,25.6
"7803",133,2002,24.92,25.14,25.64,25.06
"7804",134,2002,24.8,25.32,25.36,25.02
"7805",135,2002,25.13,25.43,25.65,25.1
"7806",136,2002,24.82,25.54,26.11,25.2
"7807",137,2002,24.85,25.84,26.06,25.22
"7808",138,2002,24.36,25.55,26.18,24.97
"7809",139,2002,25.26,26.33,26.68,25.84
"7810",140,2002,25.49,26.2,26.59,25.98
"7811",141,2002,24.76,25.19,25.62,24.91
"7812",142,2002,24.44,25,25.12,24.95
"7813",143,2002,23.59,24.04,24.2,23.86
"7814",144,2002,24.58,25.32,25.2,25.18
"7815",145,2002,25.55,25.79,26.01,25.62
"7816",146,2002,25.06,25.8,25.87,25.64
"7817",147,2002,25.03,25.76,25.81,25.77
"7818",148,2002,24.96,25.92,26.12,25.68
"7819",149,2002,24.57,25.54,25.12,25.33
"7820",150,2002,25.03,25.74,25.3,25.57
"7821",151,2002,24.48,24.86,25.06,24.67
"7822",152,2002,25.15,25.43,25.59,25.45
"7823",153,2002,24.73,25.37,25.81,25.07
"7824",154,2002,24.49,25.2,24.65,25.35
"7825",155,2002,24.93,25.36,25.6,25.25
"7826",156,2002,24.22,24.62,24.32,24.77
"7827",157,2002,24.75,25.26,24.8,25.41
"7828",158,2002,24.7,25.18,25.27,25.21
"7829",159,2002,24.66,24.9,25.02,25.2
"7830",160,2002,24.39,25,25.34,25
"7831",161,2002,24.7,25.72,25.13,25.58
"7832",162,2002,24.65,25.08,24.95,25.31
"7833",163,2002,24.3,24.83,24.75,24.65
"7834",164,2002,23.8,24.35,24.48,24.4
"7835",165,2002,24.73,24.67,24.8,24.78
"7836",166,2002,24.4,24.49,25.12,24.09
"7837",167,2002,23.98,24.61,24.41,24.46
"7838",168,2002,23.98,24.58,24.33,24.28
"7839",169,2002,23.96,24.55,24.14,24.55
"7840",170,2002,24.01,24.42,24.13,24.87
"7841",171,2002,23.94,24.6,24.09,24.37
"7842",172,2002,24.09,24.62,24.63,24.66
"7843",173,2002,23.21,23.83,23.59,24.08
"7844",174,2002,22.61,23.51,23.36,23.42
"7845",175,2002,22.98,23.68,23.78,23.74
"7846",176,2002,23.25,23.75,24.02,23.89
"7847",177,2002,22.72,23.53,24.01,23.34
"7848",178,2002,22.76,23.65,23.18,23.27
"7849",179,2002,23.96,24.53,24.2,24.41
"7850",180,2002,23.72,23.84,24.15,23.68
"7851",181,2002,23.6,23.97,24.64,23.51
"7852",182,2002,23.45,24.21,24.49,23.77
"7853",183,2002,24.37,25.04,25.25,24.77
"7854",184,2002,24.74,25.11,25.22,25.11
"7855",185,2002,24.48,24.69,25.06,24.52
"7856",186,2002,23.81,24.23,25.07,24.25
"7857",187,2002,23.68,24.39,24.36,24.33
"7858",188,2002,24.11,24.43,24.9,24.16
"7859",189,2002,24.86,25.24,25.31,25.07
"7860",190,2002,23.98,24.37,24.37,23.88
"7861",191,2002,24.47,24.97,24.62,24.6
"7862",192,2002,23.72,24.09,24.17,24.4
"7863",193,2002,24.2,24.5,24.81,24.64
"7864",194,2002,24.25,24.5,24.27,24.54
"7865",195,2002,24.18,24.6,24.59,24.59
"7866",196,2002,24.14,24.56,24.73,24.37
"7867",197,2002,23.88,24.43,24.56,23.99
"7868",198,2002,23.82,24.01,24.08,23.92
"7869",199,2002,23.99,24.71,24.58,24
"7870",200,2002,24.44,24.72,24.58,24.54
"7871",201,2002,24.1,24.79,24.84,24.63
"7872",202,2002,24.07,24.88,25.28,24.32
"7873",203,2002,25.23,26.17,25.92,25.72
"7874",204,2002,24.76,25.62,25.66,25.75
"7875",205,2002,23.87,24.82,25.18,24.44
"7876",206,2002,23.94,23.85,24.32,23.77
"7877",207,2002,24.47,24.96,25.16,24.77
"7878",208,2002,24.52,25.32,25.26,25.26
"7879",209,2002,24.49,24.93,25,24.8
"7880",210,2002,24.52,24.91,25.25,24.61
"7881",211,2002,23.86,24.9,25.05,24.72
"7882",212,2002,23.79,24.46,24.84,24.15
"7883",213,2002,23.76,24.34,24.28,24.5
"7884",214,2002,24.17,24.84,24.8,24.75
"7885",215,2002,24,24.29,24.53,24.05
"7886",216,2002,24.15,24.61,24.37,24.67
"7887",217,2002,24.85,25.32,24.98,25.09
"7888",218,2002,25.23,25.72,25.47,25.41
"7889",219,2002,24.45,24.83,24.99,24.52
"7890",220,2002,24.08,24.72,24,24.98
"7891",221,2002,23.92,24.17,24.19,24.44
"7892",222,2002,24.18,24.86,24.48,25.05
"7893",223,2002,24.5,25.6,24.85,25.51
"7894",224,2002,24.82,25.59,25.18,25.75
"7895",225,2002,24.21,24.94,24.91,24.81
"7896",226,2002,24.57,25.26,25.04,25.17
"7897",227,2002,24.35,25.15,25.09,24.77
"7898",228,2002,24.99,25.32,25.23,25.39
"7899",229,2002,24.86,25.82,26.14,25.36
"7900",230,2002,24.37,25.58,25.26,25.45
"7901",231,2002,24.57,25.22,25.25,25
"7902",232,2002,24.19,24.59,24.71,24.89
"7903",233,2002,24.71,25.33,25.38,25.29
"7904",234,2002,24.17,24.87,25.07,24.98
"7905",235,2002,23.97,24.83,24.67,24.72
"7906",236,2002,24.55,25.29,25.15,25.21
"7907",237,2002,24.77,25.36,25.65,25.32
"7908",238,2002,25.02,25.33,25.61,25.13
"7909",239,2002,25.46,26.19,26.36,25.66
"7910",240,2002,25.77,26.5,26.63,26.13
"7911",241,2002,25.38,26.23,26.8,26.02
"7912",242,2002,24.49,24.77,25.29,24.4
"7913",243,2002,25.11,25.69,26.09,25.45
"7914",244,2002,24.61,24.96,25.15,24.88
"7915",245,2002,23.78,24.6,24.07,24.46
"7916",246,2002,24.59,25.45,25.04,25.31
"7917",247,2002,25,25.84,25.48,25.96
"7918",248,2002,24.74,25.38,25.25,25.46
"7919",249,2002,25.19,25.82,25.67,25.76
"7920",250,2002,25.65,26.08,26.13,26.04
"7921",251,2002,25.35,25.93,25.85,26.06
"7922",252,2002,24.64,24.92,25.13,24.96
"7923",253,2002,24.69,25.36,24.61,25.2
"7924",254,2002,24.55,25.1,24.77,25.21
"7925",255,2002,25.42,25.87,25.66,25.82
"7926",256,2002,25.51,26.15,26.34,25.98
"7927",257,2002,25.51,26.42,26.61,26.34
"7928",258,2002,25.34,25.97,26.19,25.69
"7929",259,2002,25.11,25.52,25.67,25.62
"7930",260,2002,24.7,25.74,25.54,25.51
"7931",261,2002,24.55,24.95,25.25,24.82
"7932",262,2002,24.78,25.41,25.33,25.5
"7933",263,2002,25.55,26.01,26.07,25.86
"7934",264,2002,26.57,27.15,26.82,26.89
"7935",265,2002,26.86,27.48,27.12,27.43
"7936",266,2002,26.19,27.08,26.79,26.66
"7937",267,2002,25.83,26.78,26.43,26.47
"7938",268,2002,25.36,25.71,25.71,25.65
"7939",269,2002,24.82,25.56,25.65,25.4
"7940",270,2002,25.28,26.24,26.12,26
"7941",271,2002,25.28,25.81,26.01,25.88
"7942",272,2002,25.45,25.88,25.81,26.2
"7943",273,2002,25.84,26.25,26.16,26.37
"7944",274,2002,26.14,26.88,26.32,26.76
"7945",275,2002,25.76,26.53,26.31,26.58
"7946",276,2002,25.5,26.1,26.25,25.83
"7947",277,2002,25.76,26.63,26.79,26.4
"7948",278,2002,25.23,26.42,26.43,26.23
"7949",279,2002,24.47,24.81,25.29,24.7
"7950",280,2002,25.36,25.95,25.93,25.85
"7951",281,2002,25.96,26.51,26.14,26.33
"7952",282,2002,25.37,26.33,26.02,26.24
"7953",283,2002,25.12,25.76,25.46,25.67
"7954",284,2002,25.32,25.61,25.54,25.75
"7955",285,2002,25.43,26.01,26.17,25.67
"7956",286,2002,25.64,26.27,26.19,26.35
"7957",287,2002,25.74,26.78,26.61,26.58
"7958",288,2002,25.33,25.88,26.04,26.1
"7959",289,2002,25.33,25.83,25.91,25.76
"7960",290,2002,25.13,25.94,25.85,25.81
"7961",291,2002,24.9,25.99,25.93,26.02
"7962",292,2002,25.29,26.07,25.53,26.36
"7963",293,2002,25.07,25.94,25.94,25.73
"7964",294,2002,25.13,25.72,25.87,25.26
"7965",295,2002,24.81,25.37,25.27,25.01
"7966",296,2002,24.42,24.91,24.66,25.09
"7967",297,2002,24.96,25.47,25.17,25.5
"7968",298,2002,26.05,26.35,26.3,26.36
"7969",299,2002,26.26,26.98,27.01,26.62
"7970",300,2002,25.58,26.28,26.15,26.15
"7971",301,2002,25.24,25.56,25.6,25.7
"7972",302,2002,25.22,25.67,26.11,25.53
"7973",303,2002,25.42,26.06,26.31,25.86
"7974",304,2002,24.72,25.74,25.92,25.59
"7975",305,2002,24.93,25.55,25.68,25.32
"7976",306,2002,24.62,25.87,25.8,25.45
"7977",307,2002,25.1,25.93,25.9,25.99
"7978",308,2002,25.59,26.48,26.52,26.61
"7979",309,2002,25.22,26.28,26.33,26.47
"7980",310,2002,24.71,25.35,26,25.18
"7981",311,2002,23.89,24.57,24.55,24.46
"7982",312,2002,23.71,24.73,24.67,24.39
"7983",313,2002,24.5,25.18,25.27,25.18
"7984",314,2002,24.79,25.46,25.61,25.3
"7985",315,2002,25.09,25.88,25.85,25.39
"7986",316,2002,25.19,25.89,25.89,25.49
"7987",317,2002,23.81,24.85,24.91,24.8
"7988",318,2002,23.68,24.17,24.58,24.01
"7989",319,2002,24.34,25.15,24.94,25.08
"7990",320,2002,24.61,25.35,25.28,24.95
"7991",321,2002,24.75,25.35,25.16,25.23
"7992",322,2002,25.33,25.82,25.65,25.76
"7993",323,2002,25.14,25.53,25.72,25.4
"7994",324,2002,25.09,25.84,25.84,25.83
"7995",325,2002,25.58,26.02,25.9,26
"7996",326,2002,25.78,25.89,25.86,25.96
"7997",327,2002,25.36,25.73,25.82,25.67
"7998",328,2002,25.24,25.74,25.74,25.7
"7999",329,2002,25.22,25.86,26.13,25.42
"8000",330,2002,25.5,25.81,26.05,25.66
"8001",331,2002,25.58,25.98,26.24,25.66
"8002",332,2002,25.48,26.07,26.35,25.72
"8003",333,2002,25.79,26.24,26.6,25.97
"8004",334,2002,25.62,26.31,26.72,26.15
"8005",335,2002,25.38,26.05,26.78,25.65
"8006",336,2002,25.6,26.37,26.65,26.07
"8007",337,2002,25.65,26.05,26.38,25.95
"8008",338,2002,25.64,25.67,26.09,25.53
"8009",339,2002,26,25.95,26.32,25.86
"8010",340,2002,25.83,25.81,26.44,25.87
"8011",341,2002,25.64,26.17,26.12,26.06
"8012",342,2002,25.9,26.26,26.49,26.05
"8013",343,2002,25.87,25.84,26.32,25.94
"8014",344,2002,25.49,25.36,25.9,25.31
"8015",345,2002,25.75,25.76,26.08,25.69
"8016",346,2002,25.59,25.79,26.48,25.77
"8017",347,2002,26.03,26.26,26.63,26.03
"8018",348,2002,26.48,26.74,27.01,26.42
"8019",349,2002,26.56,27.08,27.09,26.94
"8020",350,2002,26.36,27.5,27.25,27.04
"8021",351,2002,25.51,26.95,26.73,26.64
"8022",352,2002,23.72,24.8,25.17,24.26
"8023",353,2002,24.71,25.79,25.92,25.89
"8024",354,2002,25.85,26.53,26.49,26.62
"8025",355,2002,25.83,26.14,26.56,26.14
"8026",356,2002,25.35,26.18,26.55,25.9
"8027",357,2002,25.59,26.68,27.06,26.17
"8028",358,2002,25.88,26.7,26.95,26.53
"8029",359,2002,26.04,26.92,27.44,26.59
"8030",360,2002,26.16,27.07,27.25,26.93
"8031",361,2002,26.31,26.9,27.33,26.8
"8032",362,2002,26.16,27.12,27.17,26.94
"8033",363,2002,26.12,26.76,27.05,26.7
"8034",364,2002,26.11,26.97,27.14,26.58
"8035",365,2002,26.5,27.22,27.59,26.82
"8036",1,2003,26.94,28.01,28.25,27.35
"8037",2,2003,27.09,28.42,28.13,28.11
"8038",3,2003,27.36,28.52,28.56,28.12
"8039",4,2003,27.83,28.77,29.14,28.52
"8040",5,2003,27.7,29.3,29.08,28.74
"8041",6,2003,27.29,28.88,28.46,28.84
"8042",7,2003,27.41,29.05,28.72,28.73
"8043",8,2003,27.79,29.59,29.34,29.2
"8044",9,2003,27.34,29.48,29.41,28.84
"8045",10,2003,27.17,29.45,28.94,29.4
"8046",11,2003,26.47,28.57,28.37,28.32
"8047",12,2003,27.06,29.15,28.77,28.64
"8048",13,2003,27.66,29.01,29.05,28.88
"8049",14,2003,27.81,28.81,28.87,28.69
"8050",15,2003,28.06,28.92,29.13,28.69
"8051",16,2003,28.1,28.82,28.86,28.71
"8052",17,2003,27.85,28.67,29.27,28.5
"8053",18,2003,28.25,29.2,29.54,28.99
"8054",19,2003,28.95,29.93,29.85,29.64
"8055",20,2003,28.72,29.35,28.92,29.26
"8056",21,2003,28.26,28.82,28.44,28.78
"8057",22,2003,28.09,28.26,28.44,28.07
"8058",23,2003,28.48,28.82,29.13,28.63
"8059",24,2003,28.79,29.09,29.33,28.76
"8060",25,2003,28.59,29.37,29.66,28.98
"8061",26,2003,27.25,28.7,28.71,28.46
"8062",27,2003,27.64,28.96,29.04,28.65
"8063",28,2003,28.12,29.03,28.88,29.05
"8064",29,2003,28.56,29.11,29.22,28.96
"8065",30,2003,28.62,29,29.43,28.88
"8066",31,2003,28.69,29.23,29.37,29.16
"8067",32,2003,28.62,29.1,28.95,29.08
"8068",33,2003,28.15,28.99,29.04,29.22
"8069",34,2003,27.65,29.12,29.09,28.92
"8070",35,2003,27.16,29.07,28.82,28.85
"8071",36,2003,26.8,28.54,28.63,28.19
"8072",37,2003,27.6,28.96,29.11,28.7
"8073",38,2003,27.88,29.37,29.29,29.3
"8074",39,2003,28.21,29.45,29.49,29.51
"8075",40,2003,26.46,29.27,29.15,28.91
"8076",41,2003,25.84,28.24,28.28,28.19
"8077",42,2003,26.37,29.01,28.8,28.94
"8078",43,2003,27.42,29.55,29.52,29.4
"8079",44,2003,28.04,29.54,29.83,29.4
"8080",45,2003,28.52,29.98,29.71,29.88
"8081",46,2003,28.47,29.4,28.98,29.72
"8082",47,2003,27.84,28.74,28.78,28.83
"8083",48,2003,28.26,28.81,29.3,28.51
"8084",49,2003,29.21,29.97,29.64,29.86
"8085",50,2003,29.5,30.03,29.68,30.12
"8086",51,2003,28.94,29.34,28.96,29.43
"8087",52,2003,28.68,29.06,29.05,29.04
"8088",53,2003,28.41,29.19,29.1,28.96
"8089",54,2003,26.49,27.63,28.38,26.57
"8090",55,2003,26.23,27.97,28.44,27.7
"8091",56,2003,26.8,28.53,28.57,28.24
"8092",57,2003,27.3,28.75,28.72,28.67
"8093",58,2003,27.94,29.38,29.43,29.08
"8094",59,2003,27.91,29.64,29.31,29.51
"8095",60,2003,26.77,28.88,28.2,28.71
"8096",61,2003,26.2,28.82,28.36,28.25
"8097",62,2003,26.55,29.2,28.86,28.83
"8098",63,2003,27.05,29.59,29.12,29.35
"8099",64,2003,27.66,30.37,29.54,29.93
"8100",65,2003,27.56,30.01,29.28,29.69
"8101",66,2003,27.47,29.79,29.25,29.52
"8102",67,2003,27.75,30.09,29.53,29.76
"8103",68,2003,28.06,30.13,29.74,29.96
"8104",69,2003,27.84,29.76,29.26,29.43
"8105",70,2003,27.32,29.56,29.02,29.47
"8106",71,2003,27.63,30.07,29.65,30.11
"8107",72,2003,26.76,29.79,29.27,29.17
"8108",73,2003,27.07,30.03,29.77,29.86
"8109",74,2003,27.02,29.72,29.27,29.64
"8110",75,2003,25.99,28.45,28.37,28.23
"8111",76,2003,25.49,27.52,27.65,26.9
"8112",77,2003,25.84,27.63,27.94,27.07
"8113",78,2003,26.35,27.51,28.38,27.01
"8114",79,2003,26.75,28.39,29.32,27.88
"8115",80,2003,26.63,27.92,28.97,27.86
"8116",81,2003,27.7,28.92,29.48,28.73
"8117",82,2003,27.3,28.81,29.52,28.23
"8118",83,2003,26.99,28.66,29.57,28.04
"8119",84,2003,27,28.86,29.2,28
"8120",85,2003,26.36,27.83,28.4,27.49
"8121",86,2003,25.83,27.45,28.18,26.97
"8122",87,2003,26.11,28.01,27.94,27.6
"8123",88,2003,26.29,27.63,27.43,27.34
"8124",89,2003,25.77,26.93,27.35,26.79
"8125",90,2003,26.23,27.38,27.85,27.12
"8126",91,2003,26.77,28.14,28.94,26.84
"8127",92,2003,26.51,28.08,28.78,27.4
"8128",93,2003,25.76,27.39,28.19,27.15
"8129",94,2003,25.82,27.47,28.35,26.86
"8130",95,2003,26.23,27.84,28.39,27.67
"8131",96,2003,26.88,27.91,28.79,27.49
"8132",97,2003,26.53,27.49,28.31,27.26
"8133",98,2003,26.49,27.84,28.37,27.29
"8134",99,2003,26.63,28.46,28.56,28.08
"8135",100,2003,26.06,27.6,28.3,26.93
"8136",101,2003,25.97,27.36,27.47,27.14
"8137",102,2003,24.66,25.5,25.87,25.32
"8138",103,2003,23.66,24.7,24.99,24.78
"8139",104,2003,24.25,25.44,24.66,25.35
"8140",105,2003,24.3,25.38,25.13,25.08
"8141",106,2003,25.39,26,25.88,25.88
"8142",107,2003,26.03,26.74,26.63,26.33
"8143",108,2003,25.97,27.02,26.73,26.81
"8144",109,2003,25.9,26.97,27.04,26.93
"8145",110,2003,25.45,26.6,26.29,26.64
"8146",111,2003,24.61,25.37,25.91,24.71
"8147",112,2003,24.37,25.38,25.37,25.16
"8148",113,2003,24.37,25.52,25.47,25.43
"8149",114,2003,24.72,25.56,25.26,25.35
"8150",115,2003,25.05,25.46,25.62,24.9
"8151",116,2003,24.61,25.2,25.21,25.88
"8152",117,2003,24.35,24.76,25.16,24.05
"8153",118,2003,25.05,25.84,25.49,25.99
"8154",119,2003,24.81,25.39,25.34,25.68
"8155",120,2003,25.33,25.66,25.76,25.64
"8156",121,2003,25.26,25.97,26,25.84
"8157",122,2003,25.01,26.14,25.85,25.76
"8158",123,2003,24.91,25.45,25.3,25.48
"8159",124,2003,25.1,25.54,25.79,24.99
"8160",125,2003,25.79,26.51,26.28,26.21
"8161",126,2003,25.73,26.66,26.81,26.39
"8162",127,2003,23.91,24.86,25.2,24.57
"8163",128,2003,23.9,24.84,24.09,24.57
"8164",129,2003,23.93,24.4,24.51,23.47
"8165",130,2003,24.27,24.8,24.58,24.76
"8166",131,2003,24.37,24.88,25.12,24.79
"8167",132,2003,24.04,24.01,24.04,24.15
"8168",133,2003,23.87,24.32,24.39,24.42
"8169",134,2003,24.57,25.11,25.05,25.01
"8170",135,2003,24.79,24.98,25.28,24.89
"8171",136,2003,24.68,24.99,24.78,24.76
"8172",137,2003,24.23,24.77,24.92,24.51
"8173",138,2003,24.15,24.54,24.8,24.32
"8174",139,2003,23.81,24.54,24.28,24.58
"8175",140,2003,24.44,24.63,24.79,24.47
"8176",141,2003,25.68,26.11,25.98,25.94
"8177",142,2003,26.03,26.19,26.53,25.95
"8178",143,2003,25.42,25.58,26.15,25.49
"8179",144,2003,24.54,25.08,25.33,25.1
"8180",145,2003,24.85,25.56,26.2,25.16
"8181",146,2003,25.11,25.78,26.24,25.45
"8182",147,2003,25.14,26.31,26.46,25.81
"8183",148,2003,24.37,24.96,25.08,25.01
"8184",149,2003,23.62,24.23,24.4,24.33
"8185",150,2003,24.43,24.95,24.8,24.8
"8186",151,2003,24.39,24.6,24.52,24.73
"8187",152,2003,24.18,24.85,24.41,24.76
"8188",153,2003,24.72,25.3,25.38,25.09
"8189",154,2003,25.2,25.25,25.39,25.27
"8190",155,2003,25.22,25.47,25.76,25.26
"8191",156,2003,25.02,25.62,25.58,25.28
"8192",157,2003,24.43,24.91,25.17,24.69
"8193",158,2003,23.55,24.02,24.57,23.66
"8194",159,2003,23.8,24.68,24.84,24.24
"8195",160,2003,24.46,25.03,24.92,24.99
"8196",161,2003,24.45,24.8,24.87,24.77
"8197",162,2003,24.66,25.15,25.7,24.95
"8198",163,2003,24,24.43,24.31,24.36
"8199",164,2003,24.09,24.87,24.45,24.62
"8200",165,2003,24.19,25.18,25.07,24.82
"8201",166,2003,24.58,25.14,25.05,25.32
"8202",167,2003,24.66,25.02,24.8,25.12
"8203",168,2003,24.31,24.99,24.96,24.78
"8204",169,2003,24.73,25.28,25.26,25.28
"8205",170,2003,24.31,25.1,25.12,24.92
"8206",171,2003,24.58,25.09,25.29,24.83
"8207",172,2003,23.86,24.24,24.81,23.94
"8208",173,2003,23.08,23.44,23.33,23.27
"8209",174,2003,24.11,24.59,24.82,24.36
"8210",175,2003,24.86,25.56,25.38,25.29
"8211",176,2003,24.39,24.87,24.99,24.69
"8212",177,2003,24.11,24.9,24.35,24.98
"8213",178,2003,24,24.85,24.72,24.93
"8214",179,2003,23.98,24.63,24.96,24.15
"8215",180,2003,23.97,24.56,24.79,24.2
"8216",181,2003,23.47,24.19,24.25,24.27
"8217",182,2003,23.14,23.03,23.35,22.88
"8218",183,2003,23.99,24.23,24.4,24.14
"8219",184,2003,24.34,24.82,25.06,24.72
"8220",185,2003,23.59,23.91,24.24,24.58
"8221",186,2003,23.99,24.35,24.27,24.49
"8222",187,2003,24.72,24.97,25.09,25.2
"8223",188,2003,24.49,25.5,25.31,25.48
"8224",189,2003,24.52,24.95,25.01,24.48
"8225",190,2003,24.44,25.01,25.21,24.81
"8226",191,2003,24.66,25.02,25.22,24.91
"8227",192,2003,23.81,23.97,24.63,23.65
"8228",193,2003,23.06,23.37,23.11,23.41
"8229",194,2003,22.3,23.34,22.97,23.82
"8230",195,2003,22.71,23.84,23.23,23.96
"8231",196,2003,22.92,23.98,23.94,23.71
"8232",197,2003,22.21,23.07,22.74,23.33
"8233",198,2003,22.76,23.63,22.51,23.7
"8234",199,2003,23.72,24.6,24.14,24.59
"8235",200,2003,24.23,24.94,24.53,25.08
"8236",201,2003,23.9,24.52,23.93,24.97
"8237",202,2003,23.96,24.37,24.28,24.24
"8238",203,2003,24.21,24.87,24.82,25.1
"8239",204,2003,23.86,24.75,24.72,25.02
"8240",205,2003,23.94,24.43,23.8,24.87
"8241",206,2003,24.22,24.62,24.61,24.46
"8242",207,2003,23.56,23.88,23.62,24.22
"8243",208,2003,23.42,24.31,24.15,24.1
"8244",209,2003,23.7,24.82,23.71,25.27
"8245",210,2003,24.53,24.93,24.57,25.24
"8246",211,2003,23.95,24.49,24.15,24.43
"8247",212,2003,24.02,24.79,24.09,24.78
"8248",213,2003,23.78,24.21,23.69,24.59
"8249",214,2003,24.38,24.98,24.72,24.87
"8250",215,2003,24.67,25.36,24.91,25.35
"8251",216,2003,24.14,24.83,24.8,24.91
"8252",217,2003,25.15,25.79,25.54,25.6
"8253",218,2003,25.52,26.2,26.05,26.06
"8254",219,2003,24.82,25.54,25.74,25.22
"8255",220,2003,24.5,24.82,25.28,24.92
"8256",221,2003,24.53,24.9,25.25,24.78
"8257",222,2003,23.55,24.13,23.92,24.16
"8258",223,2003,23.86,24.72,23.92,24.6
"8259",224,2003,24.32,24.94,24.72,25.13
"8260",225,2003,24.02,24.74,24.49,24.8
"8261",226,2003,24.46,25.18,24.96,25.32
"8262",227,2003,25.36,25.76,25.92,25.56
"8263",228,2003,25.11,25.62,25.53,25.57
"8264",229,2003,24.23,24.74,24.33,25.06
"8265",230,2003,23.99,24.77,24.28,25.1
"8266",231,2003,24.27,24.97,24.92,24.93
"8267",232,2003,24.59,25.56,25.39,25.29
"8268",233,2003,24.98,25.71,25.41,25.34
"8269",234,2003,25.21,25.89,25.84,25.92
"8270",235,2003,25.23,25.84,25.82,25.68
"8271",236,2003,25.04,25.34,25.68,25.68
"8272",237,2003,24.77,25.44,25.12,25.83
"8273",238,2003,25.04,25.47,25.59,25.39
"8274",239,2003,23.83,24.71,24.84,24.62
"8275",240,2003,23.64,24.55,24.07,24.37
"8276",241,2003,23.31,24.12,24.17,23.67
"8277",242,2003,23.88,24.52,24.27,24.67
"8278",243,2003,24.07,24.96,24.68,24.89
"8279",244,2003,24.42,25.44,24.91,25.24
"8280",245,2003,24.49,25.36,24.91,25.12
"8281",246,2003,25.12,25.84,25.36,25.58
"8282",247,2003,24.73,25.32,25.32,25.46
"8283",248,2003,25.26,25.77,25.89,25.64
"8284",249,2003,25.08,25.98,25.8,25.57
"8285",250,2003,24.84,25.8,25.34,25.73
"8286",251,2003,25.01,25.18,25.68,24.84
"8287",252,2003,25.29,25.79,26.42,25.63
"8288",253,2003,24.95,25.73,25.51,25.77
"8289",254,2003,23.93,24.64,24.55,24.46
"8290",255,2003,24.15,24.91,24.61,24.99
"8291",256,2003,23.98,24.9,25.11,25.11
"8292",257,2003,24.13,24.99,24.83,25.1
"8293",258,2003,25,25.89,25.45,25.97
"8294",259,2003,25.56,26.32,26.15,26.07
"8295",260,2003,25.44,26.23,25.95,26.42
"8296",261,2003,24.85,25.26,25.25,25.26
"8297",262,2003,24.99,25.68,25.17,25.7
"8298",263,2003,24.83,25.47,25.13,25.39
"8299",264,2003,25.13,25.86,25.61,25.78
"8300",265,2003,24.99,25.83,25.7,25.34
"8301",266,2003,24.86,25.43,25.36,25.44
"8302",267,2003,24.63,25.28,25.01,25.5
"8303",268,2003,25.8,26.34,26.31,26.03
"8304",269,2003,26.23,26.95,26.73,26.78
"8305",270,2003,25.02,25.51,25.8,25.16
"8306",271,2003,24.28,24.66,24.85,24.64
"8307",272,2003,24.72,25.19,25.42,24.64
"8308",273,2003,24.99,25.46,25.93,25.44
"8309",274,2003,24.91,25.22,25.26,25.23
"8310",275,2003,25.36,25.77,25.63,25.94
"8311",276,2003,25.99,26.48,26.44,26.28
"8312",277,2003,25.52,26.33,26.62,26
"8313",278,2003,25.29,26.11,25.84,26.13
"8314",279,2003,25.27,26,25.78,25.96
"8315",280,2003,25.41,25.86,26.03,25.79
"8316",281,2003,25.78,26.59,26.25,26.64
"8317",282,2003,26,26.88,26.37,26.83
"8318",283,2003,25.54,26.36,26.32,26.51
"8319",284,2003,25.3,25.78,25.76,25.94
"8320",285,2003,25.16,25.75,25.73,25.53
"8321",286,2003,24.21,25.12,24.59,25.19
"8322",287,2003,24.66,25.34,25.65,25.15
"8323",288,2003,25.13,25.6,25.55,25.33
"8324",289,2003,24.64,25.41,25.02,25.23
"8325",290,2003,25.17,25.86,25.57,25.82
"8326",291,2003,25.88,26.42,26.53,26.21
"8327",292,2003,26.02,26.65,26.74,26.63
"8328",293,2003,25.17,25.65,25.74,25.87
"8329",294,2003,25.81,26.36,26.72,25.84
"8330",295,2003,26.26,26.96,26.77,26.86
"8331",296,2003,26.71,27.45,27.14,27.06
"8332",297,2003,26.35,27.15,27.04,26.67
"8333",298,2003,25.46,26.21,26.13,26.11
"8334",299,2003,25.83,26.57,26.46,26.44
"8335",300,2003,26.47,27.13,26.79,27.05
"8336",301,2003,25.62,26.61,26.42,26.52
"8337",302,2003,25.01,24.98,25.61,24.6
"8338",303,2003,24.03,24.6,24.29,24.81
"8339",304,2003,24.79,25.13,25.19,25.1
"8340",305,2003,26,26.35,26.34,26.1
"8341",306,2003,25.64,26.27,26.52,26.1
"8342",307,2003,23.82,24.3,24.37,24.35
"8343",308,2003,23.77,24.09,23.44,24.61
"8344",309,2003,24.74,24.85,24.75,24.9
"8345",310,2003,25.35,25.84,25.87,25.44
"8346",311,2003,24.9,25.53,25.58,25.47
"8347",312,2003,24.91,25.61,25.53,25.63
"8348",313,2003,25.51,26.13,25.96,25.93
"8349",314,2003,25.37,25.73,26.15,25.46
"8350",315,2003,25.05,25.42,25.97,25.3
"8351",316,2003,25.64,26.18,26.16,25.96
"8352",317,2003,25.85,26.56,26.69,26.25
"8353",318,2003,25.52,26.23,26.1,26.01
"8354",319,2003,25.5,26.18,26.18,26.18
"8355",320,2003,25.58,26.21,26.22,26.15
"8356",321,2003,26.31,26.86,26.68,26.8
"8357",322,2003,26.37,26.95,26.55,26.83
"8358",323,2003,25.91,26.92,26.69,26.93
"8359",324,2003,25.74,26.69,26.77,26.58
"8360",325,2003,25.44,26.39,26.35,26.36
"8361",326,2003,24.82,25.32,25.53,25.19
"8362",327,2003,24.92,25.53,25.35,25.66
"8363",328,2003,25.45,25.74,26.02,25.68
"8364",329,2003,25.81,26.39,26.85,26
"8365",330,2003,25.58,26.43,26.97,25.73
"8366",331,2003,25.12,26.19,26.44,25.88
"8367",332,2003,24.54,25.38,25.36,25.21
"8368",333,2003,25.19,25.46,26,25.36
"8369",334,2003,25.59,25.94,26.37,25.62
"8370",335,2003,25.71,26.25,26.59,25.92
"8371",336,2003,25.08,25.53,25.97,25.17
"8372",337,2003,25.19,25.62,26.06,25.41
"8373",338,2003,25.59,25.94,26.37,25.69
"8374",339,2003,25.27,25.8,26.13,25.28
"8375",340,2003,25.36,25.66,25.81,25.45
"8376",341,2003,25.46,25.89,25.97,26.01
"8377",342,2003,26.08,26.32,26.49,26.36
"8378",343,2003,26.17,26.73,26.77,26.41
"8379",344,2003,25.6,26.54,26.37,26.4
"8380",345,2003,25.6,26.05,26.4,26.23
"8381",346,2003,25.27,25.83,26.22,25.72
"8382",347,2003,24.97,25.61,25.72,25.63
"8383",348,2003,24.54,25.8,25.74,25.77
"8384",349,2003,25.17,25.84,26.21,25.8
"8385",350,2003,25.38,25.58,26.2,25.45
"8386",351,2003,25.14,25.91,26.27,25.79
"8387",352,2003,24.98,25.87,26.37,25.69
"8388",353,2003,23.89,24.6,25.15,24.17
"8389",354,2003,24.21,24.67,25.08,24.48
"8390",355,2003,24.79,25.33,25.76,25.15
"8391",356,2003,24.85,25.7,26.02,25.14
"8392",357,2003,25.54,26.14,26.31,25.96
"8393",358,2003,25.86,26.26,26.43,26.17
"8394",359,2003,25.78,26.28,26.91,26.28
"8395",360,2003,25.19,26.12,26.21,25.9
"8396",361,2003,25.27,26.09,26.18,25.93
"8397",362,2003,26.17,26.64,27.01,26.32
"8398",363,2003,26.56,26.5,27.35,26.35
"8399",364,2003,25.89,26.23,26.66,25.92
"8400",365,2003,25.41,25.6,26.38,25.21
"8401",1,2004,25.67,25.84,26.83,25.13
"8402",2,2004,25.86,26.23,26.82,25.71
"8403",3,2004,26.03,26.72,27.14,26.44
"8404",4,2004,26.1,26.61,26.93,26.62
"8405",5,2004,26.1,27.07,27.61,26.62
"8406",6,2004,26.36,27.46,27.59,27.02
"8407",7,2004,25.93,27.6,27.47,27.11
"8408",8,2004,25.39,27.17,27.41,26.35
"8409",9,2004,26.01,27.36,27.75,26.99
"8410",10,2004,26.44,27.7,27.82,27.2
"8411",11,2004,26.71,27.93,28.09,27.73
"8412",12,2004,27.15,28.34,28.43,27.84
"8413",13,2004,27.27,28.14,28.32,28.03
"8414",14,2004,27.09,28.01,27.79,28.24
"8415",15,2004,26.77,27.68,27.91,27.51
"8416",16,2004,27.18,28.09,28.37,28
"8417",17,2004,27.42,28.36,28.6,27.99
"8418",18,2004,27.49,28.61,28.61,28.22
"8419",19,2004,27.71,28.68,28.84,28.26
"8420",20,2004,27.93,28.71,28.65,28.5
"8421",21,2004,28.17,28.83,28.71,28.62
"8422",22,2004,28.24,28.67,28.38,28.4
"8423",23,2004,27.67,27.97,28.26,27.92
"8424",24,2004,27.67,28.12,28.1,27.95
"8425",25,2004,27.54,27.61,27.66,27.7
"8426",26,2004,27.4,27.74,27.88,27.75
"8427",27,2004,27.61,27.95,27.89,27.73
"8428",28,2004,27.75,27.82,27.89,27.98
"8429",29,2004,27.74,27.79,27.8,28.06
"8430",30,2004,27.75,27.75,27.57,27.85
"8431",31,2004,27.7,27.63,27.95,27.5
"8432",32,2004,28.18,27.82,28.4,27.79
"8433",33,2004,28.68,28.8,29.18,28.35
"8434",34,2004,28.66,29.54,29.03,29.42
"8435",35,2004,28.48,28.79,28.27,28.66
"8436",36,2004,28.63,28.75,28.74,28.39
"8437",37,2004,28.37,28.6,28.71,28.21
"8438",38,2004,28.2,28.42,28.66,27.94
"8439",39,2004,28.23,28.26,28.23,28.1
"8440",40,2004,28.26,28.2,28.27,27.81
"8441",41,2004,28.57,28.75,28.46,28.15
"8442",42,2004,28.5,28.39,28.35,27.89
"8443",43,2004,29.1,28.86,28.88,28.86
"8444",44,2004,28.99,29.06,29.14,29.17
"8445",45,2004,28.96,29.21,29.01,29.26
"8446",46,2004,29.05,29.07,28.8,29.11
"8447",47,2004,28.68,28.5,28.56,28.28
"8448",48,2004,29.12,28.97,29.18,28.71
"8449",49,2004,29.4,29.01,28.99,28.97
"8450",50,2004,29.77,29.27,29.27,29.47
"8451",51,2004,29.43,29.32,29.25,29.12
"8452",52,2004,28.4,29.23,29.14,28.99
"8453",53,2004,27.23,28.85,28.45,28.68
"8454",54,2004,25.48,27.59,27.34,27.5
"8455",55,2004,25.62,27.49,27.51,27.57
"8456",56,2004,26.31,27.91,28.22,26.97
"8457",57,2004,26.86,28.73,28.7,27.8
"8458",58,2004,25.99,28.59,28.25,28.04
"8459",59,2004,26.18,28.34,28.18,28.01
"8460",60,2004,25.71,27.16,26.73,26.95
"8461",61,2004,25.6,27.21,27.43,26.31
"8462",62,2004,26,27.76,28.24,26.75
"8463",63,2004,26.94,28.12,28.46,27.42
"8464",64,2004,27.01,28.26,28.57,27.53
"8465",65,2004,26.82,28.33,28.29,27.55
"8466",66,2004,26.74,28.02,28.26,27.27
"8467",67,2004,26.73,28.25,28.62,27.76
"8468",68,2004,26.77,28.52,28.38,28.07
"8469",69,2004,26.46,28.55,27.98,27.9
"8470",70,2004,26.01,27.57,27.56,26.91
"8471",71,2004,24.64,26.25,27.01,25.28
"8472",72,2004,25.55,27.39,27.75,26.85
"8473",73,2004,26.92,28.56,28.78,28.06
"8474",74,2004,27.2,28.67,28.81,28.43
"8475",75,2004,26.74,29.37,29.33,28.38
"8476",76,2004,26.96,29.25,29.3,28.75
"8477",77,2004,27.12,29.36,29.45,28.3
"8478",78,2004,27.57,29.68,29.46,28.97
"8479",79,2004,27.86,29.78,29.73,29.35
"8480",80,2004,27.81,29.8,29.67,29.1
"8481",81,2004,27.8,30.07,29.93,29.17
"8482",82,2004,26.86,29.73,29.45,28.98
"8483",83,2004,26.6,28.87,29.17,28.08
"8484",84,2004,25.66,27.62,28.22,27.12
"8485",85,2004,26.55,28.53,29.15,28.06
"8486",86,2004,26.83,29.18,29.33,28.16
"8487",87,2004,26.78,29.37,29.57,28.39
"8488",88,2004,25.47,28.63,29.02,27.1
"8489",89,2004,25.53,27.79,28.18,27.17
"8490",90,2004,26.14,27.53,28.37,26.41
"8491",91,2004,26,27.19,27.93,26.63
"8492",92,2004,26.12,27.12,27.66,26.81
"8493",93,2004,25.43,26.69,26.82,26.62
"8494",94,2004,25.24,25.97,25.77,25.51
"8495",95,2004,26.09,26.82,26.43,26.58
"8496",96,2004,25.73,26.42,26.45,26.69
"8497",97,2004,26.21,27.03,26.78,27.04
"8498",98,2004,26.24,27.43,27.18,27.73
"8499",99,2004,26.61,27.63,27.35,27.7
"8500",100,2004,26.38,27.18,27.19,27.29
"8501",101,2004,26.65,27.35,26.92,27.57
"8502",102,2004,26.38,26.41,26.27,27.24
"8503",103,2004,25.91,26.17,26.25,26.63
"8504",104,2004,26.37,26.84,27.13,26.57
"8505",105,2004,25.78,26.55,26.43,26.42
"8506",106,2004,26.05,26.53,27.13,26.39
"8507",107,2004,25.77,26.87,26.99,26.66
"8508",108,2004,24.91,26.26,26.01,26.3
"8509",109,2004,24.96,25.34,25.63,25.13
"8510",110,2004,24.9,25.47,25.52,25.52
"8511",111,2004,25.09,25.43,25.6,25.58
"8512",112,2004,24.95,25.61,25.15,25.79
"8513",113,2004,25.37,25.69,25.88,25.62
"8514",114,2004,24.61,24.95,25.32,24.83
"8515",115,2004,24.37,25.14,24.89,25.08
"8516",116,2004,24.93,25.42,25.1,25.4
"8517",117,2004,25.78,25.99,25.95,26.12
"8518",118,2004,24.66,25.19,25.31,25.52
"8519",119,2004,25.05,25.66,25.6,25.28
"8520",120,2004,25.38,25.5,25.94,25.1
"8521",121,2004,24.82,25.11,25.4,24.72
"8522",122,2004,24.41,24.87,25.02,24.85
"8523",123,2004,24.7,24.99,25.3,24.33
"8524",124,2004,25.01,25.13,25.65,24.9
"8525",125,2004,24.56,24.81,24.73,24.79
"8526",126,2004,24.48,25.08,25.18,24.85
"8527",127,2004,25.04,25.75,25.86,25.39
"8528",128,2004,24.42,24.98,25,24.83
"8529",129,2004,24.6,25.02,25.24,24.69
"8530",130,2004,24,24.59,24.62,24.02
"8531",131,2004,23.93,24.79,25,23.56
"8532",132,2004,24.8,25.29,25.01,24.62
"8533",133,2004,24.57,24.92,25.21,24.6
"8534",134,2004,25.02,25.24,25.13,25.2
"8535",135,2004,24.98,25.36,25.69,25.21
"8536",136,2004,25.27,25.34,25.9,25.42
"8537",137,2004,24.73,25.36,25.64,25.03
"8538",138,2004,23.53,24.01,24.16,23.88
"8539",139,2004,23.66,24.38,24.22,24.32
"8540",140,2004,24.03,24.42,24.48,24.37
"8541",141,2004,24.37,25.08,24.65,25.11
"8542",142,2004,24.44,25.25,24.41,25.91
"8543",143,2004,25.1,25.45,25.72,25.24
"8544",144,2004,25.5,26.19,26.09,25.87
"8545",145,2004,25.42,25.76,25.94,25.67
"8546",146,2004,25.44,25.35,25.8,25.23
"8547",147,2004,25.2,25.46,25.33,25.36
"8548",148,2004,24.31,24.89,25.24,24.8
"8549",149,2004,23.8,24.55,24.04,24.39
"8550",150,2004,23.41,24.21,23.54,24.21
"8551",151,2004,23.92,24.46,24.36,24.44
"8552",152,2004,24.01,24.34,24.36,24.45
"8553",153,2004,23.93,24.3,23.99,24.46
"8554",154,2004,23.87,24.44,24.02,24.6
"8555",155,2004,24.1,24.7,24.72,24.71
"8556",156,2004,23.82,24.22,24.32,24.41
"8557",157,2004,23.16,23.73,24.05,23.35
"8558",158,2004,23.43,23.43,23.69,22.96
"8559",159,2004,24.25,24.43,24.55,24.07
"8560",160,2004,24.41,24.88,24.79,25.02
"8561",161,2004,23.76,24.29,23.93,24.5
"8562",162,2004,24.59,25.04,25.1,24.95
"8563",163,2004,25.44,25.8,25.92,25.59
"8564",164,2004,24.42,24.91,25.01,24.69
"8565",165,2004,23.97,24.64,24.26,24.72
"8566",166,2004,23.65,24.45,24.32,24.56
"8567",167,2004,23.03,23.88,24.03,23.63
"8568",168,2004,23.24,23.51,23.36,23.66
"8569",169,2004,23.77,24.23,23.73,24.59
"8570",170,2004,23.84,24.79,24.38,25.03
"8571",171,2004,24.36,24.98,24.55,25.13
"8572",172,2004,24.09,24.72,24.17,24.8
"8573",173,2004,24.47,25.05,24.82,25.07
"8574",174,2004,24.99,25.54,25.67,25.21
"8575",175,2004,24.34,24.82,25.04,24.67
"8576",176,2004,24.17,24.73,25.4,24.42
"8577",177,2004,24.54,25.37,25.62,25.1
"8578",178,2004,24.74,25.67,25.67,25.47
"8579",179,2004,23.94,24.47,24.81,24.18
"8580",180,2004,22.89,23.17,23.62,23.04
"8581",181,2004,23.62,24.09,24.48,23.82
"8582",182,2004,23.86,24.49,24.62,24.57
"8583",183,2004,23.71,24.08,23.93,24.04
"8584",184,2004,24.54,24.9,24.84,25.08
"8585",185,2004,24.63,25.01,25.3,24.54
"8586",186,2004,24.03,24.45,24.74,24.26
"8587",187,2004,23.32,23.8,23.98,23.64
"8588",188,2004,23.86,24.24,24.29,24.39
"8589",189,2004,24.3,24.69,24.57,24.97
"8590",190,2004,24.89,25.15,24.73,25.05
"8591",191,2004,24.56,24.95,25.25,24.88
"8592",192,2004,24.19,24.84,25.2,24.57
"8593",193,2004,24.3,24.9,24.83,24.88
"8594",194,2004,24.2,24.52,24.64,24.21
"8595",195,2004,24.01,24.78,24.9,24.52
"8596",196,2004,24.01,24.45,24.86,24.41
"8597",197,2004,24.13,24.63,24.77,24.72
"8598",198,2004,23.4,23.94,23.87,23.72
"8599",199,2004,23.23,24.04,23.77,23.56
"8600",200,2004,24.01,24.89,24.85,24.87
"8601",201,2004,23.89,24.58,24.56,24.3
"8602",202,2004,23.36,23.98,23.72,24.03
"8603",203,2004,23.9,24.71,24.31,24.88
"8604",204,2004,24.24,24.97,24.65,25.13
"8605",205,2004,24.18,24.69,24.5,24.94
"8606",206,2004,23.85,24.69,24.93,24.75
"8607",207,2004,24.1,24.72,24.9,24.4
"8608",208,2004,23.76,24.21,24.15,24.08
"8609",209,2004,23.93,24.42,24.21,24.39
"8610",210,2004,23.84,24.46,24.39,24.69
"8611",211,2004,23.92,24.48,24,24.82
"8612",212,2004,24.33,24.54,24.19,24.76
"8613",213,2004,23.97,24.36,24.53,24.3
"8614",214,2004,23.56,24.33,24.25,24.6
"8615",215,2004,23.9,24.59,24.29,24.95
"8616",216,2004,24.02,24.76,24.56,24.97
"8617",217,2004,24.43,24.71,24.84,24.41
"8618",218,2004,24.72,25.49,24.77,25.68
"8619",219,2004,23.86,24.52,24.54,24.64
"8620",220,2004,24.11,24.95,24.66,24.76
"8621",221,2004,24.04,24.81,24.64,24.72
"8622",222,2004,23.39,24.49,23.98,24.53
"8623",223,2004,23,24.24,23.7,24.34
"8624",224,2004,23.38,24.05,23.82,24.6
"8625",225,2004,24.29,24.77,24.72,25.11
"8626",226,2004,24.39,25.39,24.99,25.13
"8627",227,2004,24.49,25.14,25.21,25.1
"8628",228,2004,24.89,25.59,25.37,25.5
"8629",229,2004,25.1,25.4,25.09,25.45
"8630",230,2004,24.91,25.67,25.34,25.29
"8631",231,2004,24.72,24.82,25.3,24.66
"8632",232,2004,24.93,25.56,25.39,25.26
"8633",233,2004,24.12,24.56,24.58,24.7
"8634",234,2004,24.64,24.63,24.65,24.56
"8635",235,2004,25.05,25.37,25.49,24.76
"8636",236,2004,25.25,25.89,26.12,25.48
"8637",237,2004,24.75,25.92,25.78,25.71
"8638",238,2004,24.34,24.9,25.47,24.31
"8639",239,2004,24.39,25.04,25.1,25.13
"8640",240,2004,24.46,25.08,25.11,24.95
"8641",241,2004,24.9,24.86,25.18,25.06
"8642",242,2004,25.03,25.75,25.93,25.51
"8643",243,2004,25.1,25.91,25.79,25.73
"8644",244,2004,25.06,25.57,25.15,25.67
"8645",245,2004,25.06,25.82,25.57,25.68
"8646",246,2004,25.53,25.94,26.26,25.75
"8647",247,2004,25.49,25.77,26.26,25.38
"8648",248,2004,24.5,25.31,25.05,25.49
"8649",249,2004,24.54,24.83,25,24.98
"8650",250,2004,25.13,25.77,25.5,25.65
"8651",251,2004,25.26,26.4,25.82,26.26
"8652",252,2004,25.3,26.09,26.22,25.75
"8653",253,2004,25.23,25.94,26.19,25.86
"8654",254,2004,24.34,25.44,24.82,25.51
"8655",255,2004,24.78,25.55,25.32,25.37
"8656",256,2004,24.91,25.87,25.65,25.42
"8657",257,2004,24.57,25.59,25.35,25.51
"8658",258,2004,24.63,25.56,24.83,25.5
"8659",259,2004,24.92,25.65,25.06,25.67
"8660",260,2004,24.99,25.69,25.69,25.54
"8661",261,2004,25.11,25.84,25.6,25.79
"8662",262,2004,25.64,26.24,26.02,26.19
"8663",263,2004,25.77,26.1,26.26,25.89
"8664",264,2004,25.75,26.49,25.84,26.18
"8665",265,2004,25.25,25.92,25.39,25.87
"8666",266,2004,25.7,26.51,26.08,26.27
"8667",267,2004,25.69,26.41,26.44,26.33
"8668",268,2004,25.41,26.2,25.51,26.23
"8669",269,2004,25.03,25.29,25.54,25.23
"8670",270,2004,25.07,25.73,25.52,25.66
"8671",271,2004,24.92,25.6,25.01,25.9
"8672",272,2004,25.02,25.47,25.72,25.56
"8673",273,2004,25.12,25.68,25.43,25.5
"8674",274,2004,25.06,25.61,25.63,25.6
"8675",275,2004,24.07,25.15,25.01,24.87
"8676",276,2004,24.92,25.73,25.58,25.45
"8677",277,2004,25.36,25.98,25.65,25.91
"8678",278,2004,25.02,25.17,25.3,25.27
"8679",279,2004,24.77,25.52,25.2,25.43
"8680",280,2004,25.1,25.92,25.55,25.58
"8681",281,2004,25.07,25.87,25.31,25.93
"8682",282,2004,25.58,26.26,25.7,26.45
"8683",283,2004,26.12,26.52,26.46,26.33
"8684",284,2004,26.58,27.16,27.06,26.86
"8685",285,2004,26.54,27.17,26.89,27.02
"8686",286,2004,26.66,27.21,27.06,27.11
"8687",287,2004,26.58,26.92,26.6,26.64
"8688",288,2004,26.46,27.15,26.9,26.88
"8689",289,2004,26.46,27.28,27.06,27.22
"8690",290,2004,25.96,26.58,26.67,26.37
"8691",291,2004,25.41,26.22,26.03,26.33
"8692",292,2004,25.58,25.88,25.98,25.89
"8693",293,2004,25.99,26.6,26.58,26.5
"8694",294,2004,24.69,25.46,25.73,25.36
"8695",295,2004,24.99,25.39,25.45,25.24
"8696",296,2004,25.81,26.04,26.15,25.77
"8697",297,2004,25.59,26.53,26.21,26.42
"8698",298,2004,25.47,26.56,26.27,26.36
"8699",299,2004,25.34,25.9,25.73,25.82
"8700",300,2004,25.84,26.22,26.26,26.05
"8701",301,2004,25.92,26.25,26.57,25.93
"8702",302,2004,24.77,25.59,25.36,25.49
"8703",303,2004,24.69,25.18,25,25.1
"8704",304,2004,25.28,25.62,25.77,25.36
"8705",305,2004,25.95,26.51,26.42,26.37
"8706",306,2004,25.22,26.1,26.09,25.66
"8707",307,2004,24.78,25.48,25.62,25.49
"8708",308,2004,25.65,26.36,26.61,26.17
"8709",309,2004,25.5,26.33,26.37,25.97
"8710",310,2004,25.39,26.26,25.95,26.17
"8711",311,2004,25.46,25.88,26.07,25.68
"8712",312,2004,24.66,25.16,25.3,25.03
"8713",313,2004,25.11,25.92,25.65,25.86
"8714",314,2004,25.91,26.46,26.14,26.25
"8715",315,2004,26,26.5,26.39,26.14
"8716",316,2004,26.06,26.6,26.47,26.48
"8717",317,2004,26.05,26.31,26.49,26.07
"8718",318,2004,25.69,26.62,26.43,26.38
"8719",319,2004,24.92,25.55,25.26,25.6
"8720",320,2004,25.39,26.03,26.18,25.98
"8721",321,2004,26.25,26.71,26.79,26.51
"8722",322,2004,25.55,26.6,26.61,26.58
"8723",323,2004,25.46,26.13,26.12,25.97
"8724",324,2004,25.07,25.81,25.78,25.65
"8725",325,2004,24.42,25.26,25.26,24.99
"8726",326,2004,24.44,24.9,25.32,24.49
"8727",327,2004,25.45,26.04,25.91,25.91
"8728",328,2004,25.52,26.24,26.13,26.24
"8729",329,2004,24.53,25.2,25.51,24.83
"8730",330,2004,24.22,25.12,25.5,24.99
"8731",331,2004,24.5,24.83,25.03,24.62
"8732",332,2004,25.26,25.52,25.58,25.39
"8733",333,2004,25.82,26.34,26.33,26.25
"8734",334,2004,26.15,26.53,26.66,26.42
"8735",335,2004,25.58,26.16,26.41,25.89
"8736",336,2004,24.61,25.64,25.62,25.21
"8737",337,2004,24.85,25.42,25.62,25.13
"8738",338,2004,25.35,25.83,26.08,25.61
"8739",339,2004,25.19,26.15,26.11,25.97
"8740",340,2004,25.48,26.3,26.13,26.25
"8741",341,2004,24.35,25.41,25.78,24.98
"8742",342,2004,24.72,25.38,25.93,25.09
"8743",343,2004,25.47,25.8,26.15,25.47
"8744",344,2004,25.93,26.1,26.53,25.99
"8745",345,2004,25.11,25.9,26.04,25.57
"8746",346,2004,25.06,25.6,25.87,25.62
"8747",347,2004,24.98,25.67,25.97,25.38
"8748",348,2004,24.87,25.41,25.98,25
"8749",349,2004,25.13,25.75,26.18,25.36
"8750",350,2004,25.16,25.8,25.93,25.63
"8751",351,2004,25.45,26.21,26.45,25.71
"8752",352,2004,26.21,26.81,26.89,26.68
"8753",353,2004,26.36,26.63,26.95,26.42
"8754",354,2004,25.85,26.58,26.66,26.37
"8755",355,2004,25.33,25.93,25.54,25.63
"8756",356,2004,25.68,26.51,26.48,26.11
"8757",357,2004,25.96,26.65,26.67,26.4
"8758",358,2004,25.76,26.32,26.35,26.15
"8759",359,2004,25.74,25.99,26.32,25.79
"8760",360,2004,26.02,26.16,26.43,25.89
"8761",361,2004,25.9,25.93,26.54,25.87
"8762",362,2004,25.75,25.89,26.29,25.7
"8763",363,2004,25.77,25.95,26.26,25.66
"8764",364,2004,25.93,26.24,26.69,25.96
"8765",365,2004,26.08,26.59,27.08,26.06
"8766",366,2004,26.24,26.8,26.88,26.57
"8767",1,2005,25.34,26.26,26.43,25.85
"8768",2,2005,25.68,26.37,26.79,26.07
"8769",3,2005,25.89,27.05,27.36,26.62
"8770",4,2005,26.15,27.12,27.48,26.67
"8771",5,2005,26.15,26.99,27.27,26.72
"8772",6,2005,26.22,26.81,27.43,26.37
"8773",7,2005,26.47,27.12,27.84,26.5
"8774",8,2005,25.14,25.77,26.39,25.56
"8775",9,2005,24.84,25.5,25.9,25.02
"8776",10,2005,25.83,26.47,26.55,26.31
"8777",11,2005,25.82,27.19,27.27,27
"8778",12,2005,25.87,26.99,27.14,26.64
"8779",13,2005,25.11,26.62,26.78,26.26
"8780",14,2005,25.67,26.82,27.22,26.49
"8781",15,2005,26,26.76,27.61,26.21
"8782",16,2005,26.67,27.39,28.06,26.73
"8783",17,2005,26.94,27.42,28.1,26.98
"8784",18,2005,26.89,27.43,28.13,27.25
"8785",19,2005,26.44,26.94,27.63,26.31
"8786",20,2005,26.23,26.58,27.53,26.16
"8787",21,2005,26.48,27.07,27.81,26.65
"8788",22,2005,26.86,27.52,28.65,27
"8789",23,2005,26.19,27.97,28.04,27.22
"8790",24,2005,25.89,27.46,27.96,27.25
"8791",25,2005,26.87,28.37,28.26,28.23
"8792",26,2005,27.4,28.58,28.62,28.64
"8793",27,2005,27.35,28.45,28.8,28.19
"8794",28,2005,27.48,28.7,28.77,28.35
"8795",29,2005,27.11,28.68,28.53,28.52
"8796",30,2005,27.38,28.7,28.6,28.52
"8797",31,2005,27.83,28.45,28.34,28.32
"8798",32,2005,27.77,28.49,28.71,28.46
"8799",33,2005,27.64,28.4,28.6,28.35
"8800",34,2005,27.15,28.46,28.17,28.77
"8801",35,2005,26.35,28.14,27.94,28.31
"8802",36,2005,26.11,27.2,27.8,27.29
"8803",37,2005,25.43,26.26,26.65,26.6
"8804",38,2005,25.48,26.91,26.62,27.13
"8805",39,2005,25.7,26.91,27.29,26.85
"8806",40,2005,25.75,26.76,27.1,26.01
"8807",41,2005,24.6,25.45,25.5,25.27
"8808",42,2005,24.52,25.4,25.98,24.96
"8809",43,2005,24.81,25.77,26.48,25.42
"8810",44,2005,25.86,26.6,27.03,26.22
"8811",45,2005,26.4,27,27.16,26.63
"8812",46,2005,26.4,26.88,27.54,26.67
"8813",47,2005,27.12,27.88,28.08,27.38
"8814",48,2005,27.34,28.2,28.18,27.89
"8815",49,2005,27.51,28.55,28.61,27.92
"8816",50,2005,27.51,28.73,29.16,27.91
"8817",51,2005,27.71,29.23,29.26,28.46
"8818",52,2005,27.43,28.59,28.93,28.03
"8819",53,2005,27.54,29.37,28.86,28.69
"8820",54,2005,27.79,29.29,29.09,28.57
"8821",55,2005,27.78,29.4,29.35,28.65
"8822",56,2005,27.92,29.72,29.66,29.25
"8823",57,2005,27.69,29.84,29.7,29.29
"8824",58,2005,27.49,29.69,29.53,29.12
"8825",59,2005,27.85,30.39,30.03,30.21
"8826",60,2005,28.29,30.41,30.2,30.35
"8827",61,2005,27.81,30.32,29.43,30.17
"8828",62,2005,26.53,28.27,28.34,27.72
"8829",63,2005,26.05,28.01,28.49,27.19
"8830",64,2005,26.69,28.62,28.51,28.13
"8831",65,2005,26.9,28.91,29.09,28.61
"8832",66,2005,26.53,28.9,29.42,28.41
"8833",67,2005,27,29.18,29.54,28.46
"8834",68,2005,27.83,29.87,29.64,29.06
"8835",69,2005,28.05,30.08,29.86,29.24
"8836",70,2005,28.2,29.62,29.87,28.7
"8837",71,2005,28.2,29.67,29.9,29.23
"8838",72,2005,28.34,30.29,30.22,29.5
"8839",73,2005,28.31,30.38,29.95,29.91
"8840",74,2005,28.44,30.58,30.75,29.81
"8841",75,2005,28.15,30.64,31.07,29.59
"8842",76,2005,27.4,30,30.18,29.4
"8843",77,2005,27,29.16,29.46,28.6
"8844",78,2005,27.25,29.75,29.61,29.42
"8845",79,2005,27.26,29.19,29.55,28.55
"8846",80,2005,27.17,30.2,30.06,28.82
"8847",81,2005,27.18,29.57,30.06,28.97
"8848",82,2005,26.62,28.76,29.77,27.75
"8849",83,2005,25.47,26.6,27.96,26.33
"8850",84,2005,25.95,27.21,28.49,26.97
"8851",85,2005,25.8,27.09,28.63,26.68
"8852",86,2005,26.57,27.5,28.72,27.67
"8853",87,2005,27.28,28.48,29.97,28.11
"8854",88,2005,27.11,28.3,29.92,28.06
"8855",89,2005,26.69,28.35,30.06,28
"8856",90,2005,26.41,28.63,29.16,28.04
"8857",91,2005,25.9,27.16,28.68,27.14
"8858",92,2005,25.96,26.82,27.71,26.3
"8859",93,2005,25.7,26.13,26.76,25.83
"8860",94,2005,24.95,25.72,26.08,25.51
"8861",95,2005,25.21,26.17,26.06,26.04
"8862",96,2005,25.35,25.74,26.76,25.51
"8863",97,2005,25.46,26.47,26.99,25.96
"8864",98,2005,25.27,26.36,26.6,25.92
"8865",99,2005,25.24,25.71,25.69,25.47
"8866",100,2005,25.05,26.09,26.08,25.7
"8867",101,2005,25.4,26.31,26.14,26
"8868",102,2005,25.81,26.42,26.66,26.33
"8869",103,2005,25.58,26.17,26.3,25.61
"8870",104,2005,25.22,25.9,25.81,25.98
"8871",105,2005,25.04,25.61,26.39,25.15
"8872",106,2005,25.56,26.09,26.55,26.16
"8873",107,2005,25.26,26.1,26.45,26.02
"8874",108,2005,25.53,26.26,26.16,26.36
"8875",109,2005,26.15,26.67,26.61,26.69
"8876",110,2005,25.74,25.81,25.9,25.97
"8877",111,2005,25.29,25.94,25.79,26.05
"8878",112,2005,25.24,26.08,25.8,26.09
"8879",113,2005,25.64,26.4,26.13,25.99
"8880",114,2005,26.42,27.12,26.92,26.61
"8881",115,2005,25.64,26.24,26.33,25.85
"8882",116,2005,26.16,26.92,27.06,26.6
"8883",117,2005,25.5,26.88,27.08,26.63
"8884",118,2005,26.32,27.15,27.21,26.9
"8885",119,2005,26.34,27.09,27.42,26.48
"8886",120,2005,24.48,25.49,25.65,25.08
"8887",121,2005,24.22,25.12,24.86,24.82
"8888",122,2005,24.89,25.56,25.71,25.5
"8889",123,2005,25.37,26.08,26.08,25.64
"8890",124,2005,24.93,25.43,26.28,25.13
"8891",125,2005,24.94,25.63,26.13,25.44
"8892",126,2005,24.86,25.01,25.47,24.75
"8893",127,2005,26.1,26.59,26.32,26.51
"8894",128,2005,26.16,26.83,27.01,26.43
"8895",129,2005,25.21,25.62,25.54,25.48
"8896",130,2005,25.23,25.71,25.77,25.11
"8897",131,2005,24.9,25.68,25.66,25.58
"8898",132,2005,25.44,26.12,26.18,25.72
"8899",133,2005,25.14,25.61,25.55,25.67
"8900",134,2005,25.33,25.98,25.57,25.99
"8901",135,2005,25.8,26.61,26.37,26.15
"8902",136,2005,25.72,26.25,25.95,26
"8903",137,2005,25.14,25.56,26.03,25.42
"8904",138,2005,25.76,26.5,26.04,26.65
"8905",139,2005,25.99,26.67,26.55,26.23
"8906",140,2005,26.24,26.73,26.84,26.55
"8907",141,2005,26.46,27.12,27.04,26.63
"8908",142,2005,25.57,26.47,26.96,26.04
"8909",143,2005,25.41,25.77,25.54,25.78
"8910",144,2005,26.01,26.27,26.62,25.92
"8911",145,2005,26.18,26.72,27.32,26.26
"8912",146,2005,25.53,26.04,26.32,26.11
"8913",147,2005,25.26,25.7,25.73,25.74
"8914",148,2005,25.11,25.7,25.56,25.61
"8915",149,2005,25.16,26.05,25.78,26
"8916",150,2005,25.05,25.34,25.31,25.57
"8917",151,2005,23.84,24.39,24.69,24.22
"8918",152,2005,24.66,25.01,24.9,24.95
"8919",153,2005,24.86,25.46,25.71,24.98
"8920",154,2005,24.45,24.81,25,24.53
"8921",155,2005,24.81,25.35,25.13,25.07
"8922",156,2005,25.36,25.9,25.63,25.43
"8923",157,2005,24.21,25.42,25.31,25.12
"8924",158,2005,24.22,25.05,25.2,24.52
"8925",159,2005,25.67,26.4,25.94,26.17
"8926",160,2005,25.24,25.95,26.22,25.59
"8927",161,2005,24.76,25.61,25.24,25.75
"8928",162,2005,25.47,25.99,25.86,26.08
"8929",163,2005,26.29,26.68,26.75,26.33
"8930",164,2005,26.08,26.44,26.27,26.21
"8931",165,2005,25.69,26.38,26.6,26.08
"8932",166,2005,24.95,25.92,25.66,25.89
"8933",167,2005,25.07,25.82,25.54,25.89
"8934",168,2005,25.42,26.16,25.96,26.19
"8935",169,2005,25.45,26.15,26.14,25.81
"8936",170,2005,25.16,25.79,26.07,25.31
"8937",171,2005,23.93,24.61,24.91,24.58
"8938",172,2005,24.25,25.17,25.05,24.89
"8939",173,2005,25.1,25.79,25.82,25.52
"8940",174,2005,24.74,25.43,24.98,25.34
"8941",175,2005,24.39,24.9,24.59,24.69
"8942",176,2005,24.29,25.14,24.6,25.29
"8943",177,2005,24.05,24.79,24.69,24.4
"8944",178,2005,24.58,25.14,25.25,25.3
"8945",179,2005,25.44,25.81,26.04,25.83
"8946",180,2005,24.73,25.39,25.72,25.21
"8947",181,2005,23.64,24.14,23.88,24.24
"8948",182,2005,24.01,24.5,23.99,24.8
"8949",183,2005,24.86,25.33,25.35,25.32
"8950",184,2005,25.16,26.06,25.87,25.67
"8951",185,2005,25.44,26.39,25.79,26.28
"8952",186,2005,25.91,26.38,26.21,26.27
"8953",187,2005,25.45,25.61,26.14,25.23
"8954",188,2005,24.29,24.64,24.35,25.24
"8955",189,2005,23.32,24.27,23.62,24.63
"8956",190,2005,23.76,24.17,24.26,24.09
"8957",191,2005,23.82,24.7,23.74,25.16
"8958",192,2005,22.8,23.58,23.39,23.77
"8959",193,2005,23.04,23.55,23.91,23.53
"8960",194,2005,24.23,24.77,24.52,24.83
"8961",195,2005,25.53,26.06,25.66,26
"8962",196,2005,26.06,26.21,26.09,26.31
"8963",197,2005,25.43,26.16,26.03,25.94
"8964",198,2005,25.21,25.68,25.55,25.67
"8965",199,2005,24.53,25.32,25.21,25.19
"8966",200,2005,24.48,24.96,25.78,24.48
"8967",201,2005,23.85,24.63,24.44,24.45
"8968",202,2005,23.38,24.04,24.15,24.2
"8969",203,2005,24.31,24.76,24.74,24.75
"8970",204,2005,24.43,25.13,24.49,25.29
"8971",205,2005,24.23,24.47,24.31,24.22
"8972",206,2005,24.83,25.29,25.31,25.15
"8973",207,2005,24.8,25.39,25.59,25.5
"8974",208,2005,24.69,25.44,25.17,25.49
"8975",209,2005,24.7,25.46,25.27,25.23
"8976",210,2005,24.76,25.34,25.06,25.28
"8977",211,2005,25.3,26,26.04,26.02
"8978",212,2005,25.15,25.93,25.46,26.16
"8979",213,2005,25.58,25.86,26.13,26.01
"8980",214,2005,25.06,25.84,25.52,26.01
"8981",215,2005,24.46,25.3,25.2,25.34
"8982",216,2005,25.09,25.75,25.38,25.76
"8983",217,2005,24.53,24.47,25.1,24.49
"8984",218,2005,24.99,25.18,25.51,25.22
"8985",219,2005,24.81,24.84,25.26,24.65
"8986",220,2005,24.98,25.65,25.45,25.29
"8987",221,2005,25.27,25.95,25.84,25.9
"8988",222,2005,24.01,25.03,24.85,25.1
"8989",223,2005,23.71,24.81,24.09,24.69
"8990",224,2005,23.73,24.29,24.35,24.15
"8991",225,2005,24.38,25.11,25.08,25.38
"8992",226,2005,24.94,25.59,25.75,25.48
"8993",227,2005,25.26,25.26,25.54,25.37
"8994",228,2005,24.15,25,25.31,24.6
"8995",229,2005,24.94,25.66,25.13,25.68
"8996",230,2005,24.39,25.14,25.16,24.82
"8997",231,2005,24.16,24.37,24.42,24.24
"8998",232,2005,24.61,25.32,24.84,25.5
"8999",233,2005,25.31,25.88,25.38,26.11
"9000",234,2005,25.28,25.89,25.83,25.83
"9001",235,2005,25.73,26.35,26.27,26.18
"9002",236,2005,25.52,25.94,25.92,25.86
"9003",237,2005,25.06,25.89,25.76,26
"9004",238,2005,25.58,26.23,26.03,26.01
"9005",239,2005,25.68,26.21,25.88,26.02
"9006",240,2005,25.25,25.68,25.47,25.73
"9007",241,2005,25.99,26.58,26.22,26.54
"9008",242,2005,25.99,26.88,26.53,26.83
"9009",243,2005,25.75,26.63,26.56,26.67
"9010",244,2005,25.84,26.37,26.04,26.41
"9011",245,2005,25.9,26.43,26.32,26.17
"9012",246,2005,24.31,24.99,24.27,25
"9013",247,2005,24.38,25.05,24.83,25.05
"9014",248,2005,24.98,25.88,25.65,25.52
"9015",249,2005,25.05,25.48,25.36,25.18
"9016",250,2005,25.42,26.24,25.83,25.85
"9017",251,2005,25.83,26.49,26.31,26.14
"9018",252,2005,25.22,25.97,25.59,25.8
"9019",253,2005,25.38,25.86,25.81,25.78
"9020",254,2005,25.65,25.87,25.62,25.74
"9021",255,2005,25.43,25.84,25.83,25.69
"9022",256,2005,25.01,25.61,25.65,25.44
"9023",257,2005,24.91,25.15,25.59,25.1
"9024",258,2005,24.27,25.02,24.87,24.74
"9025",259,2005,24.42,25.1,24.92,25.12
"9026",260,2005,25.27,25.99,26.01,26.12
"9027",261,2005,25.73,26.48,26.73,26.33
"9028",262,2005,26.04,26.71,26.36,26.63
"9029",263,2005,25.85,26.84,26.69,26.81
"9030",264,2005,26.46,27.09,27.03,26.97
"9031",265,2005,26.31,26.67,26.73,26.24
"9032",266,2005,26.44,26.79,27.18,26.57
"9033",267,2005,26.29,26.8,27.01,26.71
"9034",268,2005,26.66,27.27,26.99,27.38
"9035",269,2005,26.71,27.36,27.03,27.38
"9036",270,2005,25.72,26.62,26.37,26.32
"9037",271,2005,24.75,25.57,25.04,25.64
"9038",272,2005,25.27,25.94,25.76,26.21
"9039",273,2005,26.14,26.68,26.66,26.68
"9040",274,2005,27.05,27.48,27.56,27.33
"9041",275,2005,26.69,27.47,26.92,27.09
"9042",276,2005,26.64,27.41,26.84,27.3
"9043",277,2005,26.5,26.94,26.41,27.12
"9044",278,2005,26.58,27.2,27.08,27.04
"9045",279,2005,26.33,26.86,27,26.9
"9046",280,2005,25.78,26.49,26.05,26.33
"9047",281,2005,25.53,26.29,25.96,26.42
"9048",282,2005,24.85,25.64,25.31,25.73
"9049",283,2005,25.52,26.02,25.94,26.11
"9050",284,2005,25.81,26.31,25.94,26.33
"9051",285,2005,26.08,26.59,26.48,26.54
"9052",286,2005,26.35,26.65,27,26.39
"9053",287,2005,26.14,26.86,26.52,26.49
"9054",288,2005,25.55,26.19,25.88,26.18
"9055",289,2005,25.23,25.93,25.78,25.72
"9056",290,2005,25.97,26.73,26.57,26.65
"9057",291,2005,25.82,26.58,26.38,26.74
"9058",292,2005,25.73,26.21,26.3,26.26
"9059",293,2005,25.55,26.43,26.42,25.98
"9060",294,2005,25.9,26.56,26.28,26.51
"9061",295,2005,26.09,26.78,26.53,26.37
"9062",296,2005,25.95,26.62,26.76,26.39
"9063",297,2005,25.47,26.33,26.47,26.21
"9064",298,2005,24.46,25.51,25.58,25.52
"9065",299,2005,25.35,25.91,25.97,25.91
"9066",300,2005,26.37,26.88,26.82,26.97
"9067",301,2005,25.74,26.56,26.41,26.47
"9068",302,2005,25.55,26,26.35,25.74
"9069",303,2005,25.75,26.25,26.56,26.36
"9070",304,2005,25.13,26.23,26.61,26.28
"9071",305,2005,24.61,25.36,25.91,24.93
"9072",306,2005,25.07,25.56,25.54,25.56
"9073",307,2005,25.27,25.89,26.26,25.53
"9074",308,2005,24.54,25.28,25.54,25.37
"9075",309,2005,24.97,25.59,25.55,25.78
"9076",310,2005,25.23,25.62,25.57,25.56
"9077",311,2005,25.73,25.97,25.78,25.85
"9078",312,2005,25.34,25.86,25.76,25.55
"9079",313,2005,24.23,24.69,24.66,24.64
"9080",314,2005,25.03,25.7,26.07,25.53
"9081",315,2005,26.05,26.46,26.56,26.3
"9082",316,2005,25.76,26.5,26.4,26.21
"9083",317,2005,24.97,25.56,26.27,25.13
"9084",318,2005,24.66,25.31,24.92,25.48
"9085",319,2005,25.86,26.17,26.31,26.05
"9086",320,2005,25.54,25.79,25.99,25.72
"9087",321,2005,25.72,26.23,26.26,25.95
"9088",322,2005,26.04,26.39,26.38,26.01
"9089",323,2005,25.62,26.23,25.81,26.17
"9090",324,2005,25.66,26.2,26.12,26.04
"9091",325,2005,25.16,25.82,26.03,25.74
"9092",326,2005,25.58,25.99,25.92,25.92
"9093",327,2005,25.77,26.33,26.41,26.04
"9094",328,2005,25.99,26.32,26.49,26.08
"9095",329,2005,26.48,26.68,27.03,26.27
"9096",330,2005,26.4,26.49,26.58,26.59
"9097",331,2005,25.99,25.87,26.23,25.84
"9098",332,2005,25.98,25.76,26.36,25.5
"9099",333,2005,25.93,25.75,26.18,25.57
"9100",334,2005,25.98,25.92,25.98,26.1
"9101",335,2005,25.87,26,26.31,26.09
"9102",336,2005,26.08,26.45,26.8,26.11
"9103",337,2005,25.36,26.77,26.78,26.39
"9104",338,2005,25.25,26.61,26.68,26.44
"9105",339,2005,25.68,26.6,26.54,26.45
"9106",340,2005,26.06,26.59,26.92,26.3
"9107",341,2005,26.3,26.83,27.14,26.49
"9108",342,2005,26.23,26.57,26.75,26.39
"9109",343,2005,26.24,26.57,26.83,26.41
"9110",344,2005,25.97,26.48,26.16,25.92
"9111",345,2005,24.35,25.18,26.02,24.51
"9112",346,2005,25.13,25.82,26.3,25.39
"9113",347,2005,25.61,26.23,26.73,25.9
"9114",348,2005,25.4,26.44,26.83,26.06
"9115",349,2005,25.71,26.47,26.98,26.07
"9116",350,2005,25.76,26.73,27.16,26.31
"9117",351,2005,25.54,26.68,27.09,26.38
"9118",352,2005,25.43,26.44,26.72,26.34
"9119",353,2005,25.8,26.46,26.52,26.11
"9120",354,2005,25.42,25.72,26.35,25.15
"9121",355,2005,25.09,26.22,26.6,25.63
"9122",356,2005,24.81,26.24,26.76,25.89
"9123",357,2005,25.36,26.75,26.91,26.33
"9124",358,2005,25.86,27,27.31,26.36
"9125",359,2005,25.75,26.71,27.33,26.34
"9126",360,2005,25.77,27.23,27.53,26.9
"9127",361,2005,25.28,26.35,26.96,25.88
"9128",362,2005,25.88,26.48,26.7,26.5
"9129",363,2005,26.33,26.9,27.72,26.3
"9130",364,2005,26.36,27.18,27.94,26.44
"9131",365,2005,26.47,27.43,27.85,26.78
"9132",1,2006,26.48,27.45,27.89,27.06
"9133",2,2006,26.27,27.67,27.87,27.23
"9134",3,2006,26.24,27.91,27.51,27.36
"9135",4,2006,25.48,26.51,26.93,26.34
"9136",5,2006,24.5,26.27,26.34,25.45
"9137",6,2006,24.72,26.53,26.28,25.92
"9138",7,2006,24.83,26.91,26.34,26.06
"9139",8,2006,24.78,26.65,26.74,25.61
"9140",9,2006,25.65,27.11,27.19,26.26
"9141",10,2006,26.03,27.73,27.89,26.22
"9142",11,2006,26.46,28.02,28.29,27.05
"9143",12,2006,26.61,28.33,28.18,27.49
"9144",13,2006,26.64,28.53,28.35,27.69
"9145",14,2006,26.43,28.45,28.44,27.75
"9146",15,2006,26.71,28.99,28.37,28.1
"9147",16,2006,25.15,26.97,27.33,26.19
"9148",17,2006,25.42,27.43,27.73,26.73
"9149",18,2006,25.47,27.93,28.09,26.96
"9150",19,2006,25.8,27.95,27.56,27.1
"9151",20,2006,25.91,27.7,27.55,26.77
"9152",21,2006,26.14,27.77,27.78,26.74
"9153",22,2006,26.51,28.69,28.5,27.85
"9154",23,2006,24.71,27.09,27.79,26.23
"9155",24,2006,25.12,26.91,27.58,25.76
"9156",25,2006,24.91,26.47,26.69,25.53
"9157",26,2006,24.71,25.88,26.29,25.4
"9158",27,2006,24.48,25.35,25.31,25.16
"9159",28,2006,24.28,24.97,24.75,24.8
"9160",29,2006,24.13,25.01,25.71,24.29
"9161",30,2006,25.14,25.89,26.58,25.54
"9162",31,2006,25.22,26.47,26.88,26.24
"9163",32,2006,25.43,26.54,26.68,26.29
"9164",33,2006,25.84,26.86,26.7,26.38
"9165",34,2006,25.09,26.68,27,26.01
"9166",35,2006,25.27,26.57,26.92,26.19
"9167",36,2006,25.93,26.62,27.27,26.33
"9168",37,2006,25.94,26.67,27.41,25.9
"9169",38,2006,26.11,26.91,27.41,26.12
"9170",39,2006,26.1,27.17,27.68,26.41
"9171",40,2006,26.59,27.66,28.23,26.66
"9172",41,2006,26.62,27.87,28.47,26.83
"9173",42,2006,26.46,28.53,29.06,27.38
"9174",43,2006,25.85,28.31,28.75,27.43
"9175",44,2006,26.74,28.65,28.67,27.73
"9176",45,2006,26.93,29.13,28.81,28.19
"9177",46,2006,26.83,28.91,28.75,27.83
"9178",47,2006,27.15,28.93,29.29,28.06
"9179",48,2006,27.41,29.27,29.73,28.15
"9180",49,2006,26.93,29.01,29.47,28.16
"9181",50,2006,26.88,29.47,29.64,28.44
"9182",51,2006,27.29,29.31,29.21,28.36
"9183",52,2006,27.34,29.3,29.34,28.16
"9184",53,2006,27.09,29.16,29.67,28.41
"9185",54,2006,27.65,29.81,29.78,28.89
"9186",55,2006,27.9,29.9,29.74,29.04
"9187",56,2006,27.9,29.59,29.47,28.96
"9188",57,2006,28.25,30.05,30.08,29.09
"9189",58,2006,27.82,30.31,30.1,29.76
"9190",59,2006,27.21,30.1,30.06,29.59
"9191",60,2006,26.84,29.68,29.59,29.3
"9192",61,2006,27.16,29.03,29.52,28.55
"9193",62,2006,27.42,29.47,29.87,29
"9194",63,2006,26.85,28.94,29.74,28.56
"9195",64,2006,25.96,27.38,28.26,26.64
"9196",65,2006,25.53,26.79,27.07,26.44
"9197",66,2006,25.08,26.74,27.05,25.56
"9198",67,2006,25.24,26.8,26.92,26.11
"9199",68,2006,25.17,26.41,27.08,25.5
"9200",69,2006,26.26,27.64,28.35,26.77
"9201",70,2006,26.49,27.83,28.54,26.97
"9202",71,2006,26.4,27.92,28.63,26.9
"9203",72,2006,26.71,27.89,28.59,27.03
"9204",73,2006,26.72,27.81,28.72,27.04
"9205",74,2006,26.57,28.65,28.91,27.27
"9206",75,2006,25.41,27.82,27.69,26.72
"9207",76,2006,25.53,28.58,28.04,27.56
"9208",77,2006,26.14,28.76,28.63,28.01
"9209",78,2006,26.51,28.97,28.75,28.36
"9210",79,2006,25.23,27.66,27.47,26.78
"9211",80,2006,24.85,25.98,26.4,25.33
"9212",81,2006,24.43,25.65,25.64,25.57
"9213",82,2006,24.73,25.87,25.85,25.99
"9214",83,2006,24.76,25.85,26.56,25.52
"9215",84,2006,25.59,26.4,27.09,25.84
"9216",85,2006,25.45,26.6,27.19,26.12
"9217",86,2006,24.46,25.25,25.3,25.03
"9218",87,2006,24.95,25.93,25.86,25.82
"9219",88,2006,25.67,26.63,27.09,26.24
"9220",89,2006,26.48,27.22,27.63,27.11
"9221",90,2006,26.52,27.24,27.91,26.83
"9222",91,2006,26.32,27.48,27.99,27.26
"9223",92,2006,26.13,27.16,27.4,27.15
"9224",93,2006,26.03,26.75,27.31,26.72
"9225",94,2006,26,26.65,27.63,26.77
"9226",95,2006,25.94,27.28,27.85,27.13
"9227",96,2006,25.98,27.65,27.95,27.53
"9228",97,2006,25.71,26.58,27.16,26.32
"9229",98,2006,25.85,27.09,27.65,26.52
"9230",99,2006,26.45,27.66,28.12,27.47
"9231",100,2006,27.07,27.35,28.38,27.44
"9232",101,2006,27.01,27.56,28.53,27.61
"9233",102,2006,27.05,27.88,28.45,27.62
"9234",103,2006,26.46,27.66,27.42,27.51
"9235",104,2006,25.02,25.95,25.54,25.84
"9236",105,2006,24.52,25.34,25.38,25.09
"9237",106,2006,25.46,26.22,26.17,25.8
"9238",107,2006,25.68,25.49,25.73,25.21
"9239",108,2006,24.64,25.45,25.45,25.33
"9240",109,2006,25.12,25.97,25.96,26.05
"9241",110,2006,25.68,26.34,26.56,25.98
"9242",111,2006,25.29,26.37,26.55,25.94
"9243",112,2006,25.44,26.23,26.68,26.11
"9244",113,2006,25.15,26.35,27.09,25.81
"9245",114,2006,25.29,26.3,26.61,25.67
"9246",115,2006,25.43,26.39,26.5,26.23
"9247",116,2006,25.14,25.75,26.05,25.75
"9248",117,2006,24.84,25.56,26.04,24.76
"9249",118,2006,25.74,26.38,26.64,26.3
"9250",119,2006,25.58,25.75,26.39,25.6
"9251",120,2006,25.84,26.33,26.77,25.85
"9252",121,2006,25.38,26.18,25.4,26.16
"9253",122,2006,24.77,25.27,25.03,25.11
"9254",123,2006,24.01,24.63,24.02,24.86
"9255",124,2006,23.63,24.67,24.67,24.57
"9256",125,2006,23.55,24.64,23.93,24.49
"9257",126,2006,23.9,25.01,24.38,25.06
"9258",127,2006,24.79,25.06,25.08,25.47
"9259",128,2006,24.15,24.72,25.06,24.51
"9260",129,2006,23.5,24.17,24.86,23.93
"9261",130,2006,24.09,24.9,25.2,24.47
"9262",131,2006,24.18,25.03,24.81,24.81
"9263",132,2006,24.62,25.19,25.13,24.72
"9264",133,2006,24.87,25.39,24.67,25.4
"9265",134,2006,24.34,25.21,24.56,25.6
"9266",135,2006,24.23,24.85,24.35,24.91
"9267",136,2006,24.84,25.35,24.59,25.94
"9268",137,2006,25.74,25.94,24.95,26.07
"9269",138,2006,25.28,25.83,25.71,25.44
"9270",139,2006,24.84,25.65,25.47,25.14
"9271",140,2006,25.42,26.03,26.04,25.47
"9272",141,2006,26.12,26.25,26.33,26.15
"9273",142,2006,26.43,26.4,26.47,26.16
"9274",143,2006,24.98,25.97,25.88,25.56
"9275",144,2006,24.05,24.24,24.34,23.86
"9276",145,2006,23.83,24.74,24.65,24.28
"9277",146,2006,24.21,24.97,24.93,24.89
"9278",147,2006,24.32,24.97,24.48,25.51
"9279",148,2006,24.38,25.02,24.5,25.22
"9280",149,2006,24.79,25.32,24.82,25.44
"9281",150,2006,24.97,25.52,25.11,25.12
"9282",151,2006,25.34,25.75,25.67,25.51
"9283",152,2006,24.82,25.11,25.56,24.71
"9284",153,2006,24.78,25.56,25.3,25.55
"9285",154,2006,24.8,25.14,24.88,25.36
"9286",155,2006,24.78,25.53,25.63,25.23
"9287",156,2006,24.64,25.24,25.08,25.35
"9288",157,2006,24.68,25.13,25.04,24.67
"9289",158,2006,25.21,25.81,25.77,25.66
"9290",159,2006,23.46,24.72,24.8,24.28
"9291",160,2006,23.43,24.31,23.87,24.41
"9292",161,2006,24.67,24.67,24.36,24.49
"9293",162,2006,24.85,24.74,25.11,24.78
"9294",163,2006,23.98,23.95,24.93,23.81
"9295",164,2006,24.55,24.95,25.19,24.93
"9296",165,2006,24.19,24.47,24.58,24.45
"9297",166,2006,23.62,24.53,24.9,24.06
"9298",167,2006,24.36,25.12,24.85,24.99
"9299",168,2006,24.37,25.04,25.18,25.16
"9300",169,2006,24.26,25.08,25.1,25.23
"9301",170,2006,23.94,24.98,24.5,25.55
"9302",171,2006,23.65,24.47,24.23,24.77
"9303",172,2006,24.15,24.95,24.64,25
"9304",173,2006,24.51,25.14,24.73,24.98
"9305",174,2006,24.5,25.04,24.7,24.8
"9306",175,2006,24.44,25.21,24.63,25.34
"9307",176,2006,24.95,25.46,25.34,25.42
"9308",177,2006,25.76,25.84,25.62,25.92
"9309",178,2006,24.52,25.27,25.32,25.09
"9310",179,2006,24.33,24.75,24.53,24.97
"9311",180,2006,24.29,25.07,24.86,24.84
"9312",181,2006,24.67,25.5,25.37,25.31
"9313",182,2006,24.86,25.41,25.18,25.45
"9314",183,2006,25.01,25.42,25.49,25.09
"9315",184,2006,23.99,24.72,24.33,24.97
"9316",185,2006,23.77,24.46,24.12,24.5
"9317",186,2006,23.96,24.42,24.44,24.12
"9318",187,2006,23.73,24.01,23.77,23.87
"9319",188,2006,24.36,24.86,24.43,24.94
"9320",189,2006,24.66,25.37,24.99,25.37
"9321",190,2006,25.13,25.52,25.69,25.35
"9322",191,2006,24.73,25.16,25.34,24.96
"9323",192,2006,24.65,25.13,24.74,24.98
"9324",193,2006,25.12,25.47,25.64,25.46
"9325",194,2006,25.39,25.76,25.79,25.59
"9326",195,2006,24.09,24.54,24.68,24.49
"9327",196,2006,23.96,24.72,24.35,24.07
"9328",197,2006,23.68,24.32,24.52,24.25
"9329",198,2006,23.55,24.46,24.05,24.13
"9330",199,2006,23.87,24.68,24.22,24.06
"9331",200,2006,23.7,24.27,23.88,23.85
"9332",201,2006,23.39,24.16,23.81,23.8
"9333",202,2006,24.16,24.79,24.7,24.76
"9334",203,2006,24.7,25.24,25.32,24.89
"9335",204,2006,24.26,24.71,25.3,24.35
"9336",205,2006,23.57,24.79,25.09,24.58
"9337",206,2006,23.79,23.97,24.36,23.92
"9338",207,2006,25.12,25.58,25.54,25.33
"9339",208,2006,25.23,25.57,25.73,25.45
"9340",209,2006,23.76,24.23,24.46,24.02
"9341",210,2006,23.99,24.39,23.98,24.62
"9342",211,2006,25.01,25.33,25.34,25.28
"9343",212,2006,25.43,25.71,26.38,25.57
"9344",213,2006,24.56,25.26,25.69,25.05
"9345",214,2006,24.11,24.99,24.76,25.19
"9346",215,2006,24.36,24.86,24.15,25.36
"9347",216,2006,24.53,25.16,24.91,25.37
"9348",217,2006,25.19,25.89,25.71,25.64
"9349",218,2006,25.6,26.18,26.14,25.92
"9350",219,2006,24.92,25.43,26.08,25.27
"9351",220,2006,24.77,25.53,25.3,25.38
"9352",221,2006,25.61,25.65,25.87,25.75
"9353",222,2006,25.78,26.26,26.34,26.19
"9354",223,2006,24.58,25.09,25.36,25.17
"9355",224,2006,24.43,24.63,24.69,24.67
"9356",225,2006,25.19,25.51,25.45,25.58
"9357",226,2006,25.45,26.24,25.72,26.42
"9358",227,2006,25.35,25.73,25.74,25.55
"9359",228,2006,25.09,25.31,25.7,25.49
"9360",229,2006,24.94,25.62,24.8,25.8
"9361",230,2006,25.35,25.46,25.15,25.6
"9362",231,2006,25,25.45,25.76,25.23
"9363",232,2006,24.87,25.37,25.45,25.38
"9364",233,2006,24.9,25.12,24.97,25.06
"9365",234,2006,24.78,25.42,24.99,25.23
"9366",235,2006,25.16,25.91,25.51,25.74
"9367",236,2006,25.18,25.45,24.72,25.9
"9368",237,2006,24.99,25.65,25.19,25.71
"9369",238,2006,25.78,26.35,26,26.24
"9370",239,2006,26.11,26.65,26.27,26.37
"9371",240,2006,25.41,26.01,26.27,25.82
"9372",241,2006,25.04,25.33,25.41,25.24
"9373",242,2006,25.11,25.6,26.04,25.37
"9374",243,2006,25.49,25.98,26.21,25.96
"9375",244,2006,25.74,26.33,25.85,26.43
"9376",245,2006,26.3,26.94,26.76,26.96
"9377",246,2006,25.46,26.42,26.74,26.34
"9378",247,2006,25.45,25.89,25.86,25.93
"9379",248,2006,25.02,25.87,25.73,26.14
"9380",249,2006,24.08,25.16,24.76,24.93
"9381",250,2006,24.36,25.29,25.22,25.1
"9382",251,2006,24.99,25.62,25.42,25.64
"9383",252,2006,25.74,26.43,26.22,26.15
"9384",253,2006,25.45,26.46,26.27,26.37
"9385",254,2006,24.74,25.25,25.38,24.91
"9386",255,2006,24.19,25.31,24.59,25.56
"9387",256,2006,25.06,25.59,25.41,25.67
"9388",257,2006,25.91,26.53,26.46,26.29
"9389",258,2006,26.43,27.04,26.93,27.02
"9390",259,2006,24.85,25.7,25.95,25.73
"9391",260,2006,24.65,25.26,25.29,25.17
"9392",261,2006,24.44,25.17,25.07,25.24
"9393",262,2006,24.79,25.47,25.29,25.59
"9394",263,2006,25.54,26.07,25.97,26.21
"9395",264,2006,26.29,27.21,26.96,27.05
"9396",265,2006,25.88,27.06,26.84,27
"9397",266,2006,25.42,26.41,26.05,26.31
"9398",267,2006,25.38,25.84,26.05,25.74
"9399",268,2006,24.83,25.54,25.33,25.72
"9400",269,2006,25.24,25.8,25.92,25.56
"9401",270,2006,25.87,26.39,26.47,26.31
"9402",271,2006,25.92,26.73,26.22,26.62
"9403",272,2006,25.34,25.83,26.14,25.68
"9404",273,2006,25.63,26.09,26.12,25.72
"9405",274,2006,25.78,26.13,26.29,25.84
"9406",275,2006,25.19,25.66,25.88,25.89
"9407",276,2006,25.25,25.55,26.18,25.3
"9408",277,2006,26.17,26.32,26.63,25.92
"9409",278,2006,26.38,26.84,26.9,26.41
"9410",279,2006,26.72,27.31,27.16,27.3
"9411",280,2006,26.58,27.48,27.58,27.06
"9412",281,2006,25.15,26,26.21,25.64
"9413",282,2006,25.1,25.85,25.91,25.63
"9414",283,2006,26.01,26.75,26.72,26.56
"9415",284,2006,25.74,26.41,26.68,26.41
"9416",285,2006,26.39,26.62,26.86,26.51
"9417",286,2006,25.58,26.53,26.82,26.05
"9418",287,2006,25.33,25.93,26.09,25.85
"9419",288,2006,25.75,26.41,26.18,26.47
"9420",289,2006,26.27,26.76,26.46,27.09
"9421",290,2006,25.55,25.88,26.11,25.88
"9422",291,2006,25.78,26.21,25.98,26.46
"9423",292,2006,26.16,26.48,26.55,26.18
"9424",293,2006,25.46,25.42,26.13,24.94
"9425",294,2006,25.36,25.87,25.8,25.91
"9426",295,2006,25.88,26.64,26.25,26.29
"9427",296,2006,24.92,25.21,25.42,25.17
"9428",297,2006,25.27,25.9,26.26,25.8
"9429",298,2006,26.29,26.71,26.82,26.75
"9430",299,2006,26.14,26.75,26.78,26.59
"9431",300,2006,25.7,25.99,26.01,25.88
"9432",301,2006,26.35,26.6,26.69,26.53
"9433",302,2006,26.18,26.74,27.16,26.41
"9434",303,2006,26.43,26.91,26.76,26.74
"9435",304,2006,25.7,26.85,26.53,26.62
"9436",305,2006,26.23,27.04,26.81,26.94
"9437",306,2006,26.39,26.8,26.86,26.44
"9438",307,2006,26.03,26.68,26.57,26.69
"9439",308,2006,26.03,26.81,26.78,26.53
"9440",309,2006,26.17,27,27.03,26.72
"9441",310,2006,26.6,27.38,27.35,27.19
"9442",311,2006,26.41,27.2,27.09,26.93
"9443",312,2006,25.02,26.44,26.54,26.05
"9444",313,2006,24.62,25.15,25.3,25.21
"9445",314,2006,24.97,25.4,25.44,25.27
"9446",315,2006,25.3,25.88,25.91,25.72
"9447",316,2006,23.74,24.86,24.76,24.61
"9448",317,2006,24.08,24.55,24.52,24.23
"9449",318,2006,24.46,25.13,24.91,24.82
"9450",319,2006,24.22,24.68,24.69,24.22
"9451",320,2006,24.58,25.05,25.19,24.87
"9452",321,2006,24.27,24.72,24.77,24.56
"9453",322,2006,24.86,25.5,25.2,25.56
"9454",323,2006,25.22,25.74,25.7,25.64
"9455",324,2006,24.98,25.28,25.34,25.26
"9456",325,2006,24.93,25.47,25.41,25.29
"9457",326,2006,25.1,25.78,25.93,25.52
"9458",327,2006,25.22,25.92,25.78,25.74
"9459",328,2006,25.7,26.27,26.27,26.2
"9460",329,2006,25.79,26.53,26.5,26.22
"9461",330,2006,25.59,26.2,26.19,26.42
"9462",331,2006,25.74,26.44,26.39,26.31
"9463",332,2006,25.81,26.36,26.72,26.07
"9464",333,2006,25.79,26.33,26.86,25.88
"9465",334,2006,25.9,26.38,26.96,26.37
"9466",335,2006,26.1,26.49,26.82,26.56
"9467",336,2006,26.26,26.27,26.33,26.4
"9468",337,2006,26.27,26.62,26.83,26.54
"9469",338,2006,26.37,26.86,27.08,26.57
"9470",339,2006,26.1,26.46,27.01,26.29
"9471",340,2006,26.01,26.57,27.19,26.24
"9472",341,2006,24.88,25.65,26.39,25.17
"9473",342,2006,25.76,26.43,27.01,26.29
"9474",343,2006,26.02,26.77,27.33,26.36
"9475",344,2006,25.53,26.34,26.73,26.15
"9476",345,2006,25.62,26.49,26.81,26.13
"9477",346,2006,25.16,26.25,26.59,25.73
"9478",347,2006,25.52,26.21,26.59,25.92
"9479",348,2006,25.96,26.27,26.71,26.11
"9480",349,2006,25.77,26.15,26.76,26.07
"9481",350,2006,25.78,26.39,27.18,25.97
"9482",351,2006,26.13,26.77,27.39,26.48
"9483",352,2006,26.32,26.75,27.56,26.33
"9484",353,2006,26.36,27.11,27.62,26.8
"9485",354,2006,26.16,27.22,27.74,26.69
"9486",355,2006,26.33,27.47,27.82,27.24
"9487",356,2006,24.59,25.7,26.43,25.33
"9488",357,2006,24.67,25.29,26.25,25.15
"9489",358,2006,25.23,26.15,26.94,25.72
"9490",359,2006,25.71,26.44,27.47,26.09
"9491",360,2006,25.55,26.23,27.05,26.23
"9492",361,2006,25.65,26.51,27.23,26.21
"9493",362,2006,25.82,26.96,27.66,26.72
"9494",363,2006,25.42,26.81,27.37,26.43
"9495",364,2006,25.47,26.56,27.23,26.41
"9496",365,2006,25.89,27.14,27.79,26.57
"9497",1,2007,26.21,27.51,28.22,27.11
"9498",2,2007,26.46,27.32,28.38,27.15
"9499",3,2007,26.61,27.84,28.72,27.26
"9500",4,2007,26.57,27.7,28.6,27.34
"9501",5,2007,26.92,28.17,28.85,27.13
"9502",6,2007,26.53,27.54,28.34,27.28
"9503",7,2007,26.77,27.9,28.62,27.45
"9504",8,2007,26.86,27.8,28.7,27.52
"9505",9,2007,27.49,28.8,29.2,28.11
"9506",10,2007,27.53,28.93,29.25,28.4
"9507",11,2007,26.92,28.42,28.64,27.86
"9508",12,2007,26.53,27.87,28.53,27.36
"9509",13,2007,26.92,28.26,29.1,27.83
"9510",14,2007,27.57,28.57,29.33,28.12
"9511",15,2007,28.14,29.32,29.85,28.61
"9512",16,2007,28.12,29.4,29.81,28.74
"9513",17,2007,27.95,29.24,29.58,28.6
"9514",18,2007,27.71,29.09,29.38,28.7
"9515",19,2007,27.54,29.12,29.14,28.77
"9516",20,2007,27.6,29.24,29.31,28.79
"9517",21,2007,27.59,29.42,29.34,28.83
"9518",22,2007,27.15,29.02,29.44,28.84
"9519",23,2007,27.3,29.52,29.69,29
"9520",24,2007,27.62,29.6,29.82,29.13
"9521",25,2007,28.53,30.35,30.47,29.69
"9522",26,2007,28.64,30.73,30.35,30
"9523",27,2007,28.37,30.63,30.48,30.19
"9524",28,2007,28.64,30.84,30.47,30.25
"9525",29,2007,29.38,31.14,31.32,30.57
"9526",30,2007,29.21,30.96,31,30.53
"9527",31,2007,29.49,30.89,30.92,30.45
"9528",32,2007,29.2,29.96,30.68,29.59
"9529",33,2007,29.42,30.28,30.91,29.81
"9530",34,2007,29.53,30.25,30.84,29.55
"9531",35,2007,29.43,30.07,30.37,29.56
"9532",36,2007,29.78,30.29,30.31,29.86
"9533",37,2007,29.7,30.19,30.42,29.47
"9534",38,2007,29.85,30.15,30.34,29.57
"9535",39,2007,30,30.16,30.06,29.64
"9536",40,2007,30.06,30.26,30.43,29.82
"9537",41,2007,30.22,30.58,30.87,30.38
"9538",42,2007,29.82,30.84,31.1,30.69
"9539",43,2007,29.51,30.49,30.67,30.14
"9540",44,2007,30.33,30.97,31.48,30.23
"9541",45,2007,30.46,31.24,31.65,30.43
"9542",46,2007,30.8,31.4,31.44,31.23
"9543",47,2007,30.79,30.75,30.84,30.57
"9544",48,2007,30.35,30.49,30.63,29.98
"9545",49,2007,30.8,31.08,31.39,30.26
"9546",50,2007,30.75,30.59,30.71,30.39
"9547",51,2007,30.07,29.64,29.98,29.34
"9548",52,2007,30.05,30.06,29.86,29.93
"9549",53,2007,29.97,29.96,30,29.68
"9550",54,2007,30.02,30.34,30.89,29.89
"9551",55,2007,29.65,29.88,31.1,28.96
"9552",56,2007,28.05,28.55,29.83,28.22
"9553",57,2007,26.65,27,28.65,27.36
"9554",58,2007,28.15,28.85,29.67,29.11
"9555",59,2007,29.13,29.46,30.73,29.58
"9556",60,2007,30.02,30.03,31.37,30.09
"9557",61,2007,30.51,30.3,31.77,30.52
"9558",62,2007,29.28,30.87,31.96,30.41
"9559",63,2007,26.52,29.08,30.14,28.71
"9560",64,2007,27.8,29.62,30.56,29.6
"9561",65,2007,27.51,29.92,30.56,29.74
"9562",66,2007,26.42,28.64,29.11,28.16
"9563",67,2007,26.04,27.78,29.14,27.48
"9564",68,2007,25.6,27.14,28.07,26.54
"9565",69,2007,26.49,27.77,29.28,27.88
"9566",70,2007,27.62,29.24,30.58,28.99
"9567",71,2007,27.87,28.84,30.45,28.72
"9568",72,2007,28.33,29.4,30.72,29.11
"9569",73,2007,27.55,29.5,30.82,29.06
"9570",74,2007,27.17,29.28,30.1,29.2
"9571",75,2007,26.8,29.18,29.67,29.62
"9572",76,2007,26.66,28.45,29.33,28.66
"9573",77,2007,27.15,29.63,30.46,29.21
"9574",78,2007,26.93,29.34,29.8,28.5
"9575",79,2007,26.66,28.8,29.85,27.76
"9576",80,2007,26.52,28.88,30.15,28.09
"9577",81,2007,27.2,29.51,30.77,28.71
"9578",82,2007,27.26,30.15,31.5,29.4
"9579",83,2007,26.31,28.72,29.05,28.24
"9580",84,2007,25.43,26.55,26.14,26.31
"9581",85,2007,26,26.89,26.47,27.28
"9582",86,2007,25.72,26.27,26.04,26.05
"9583",87,2007,26.25,26.91,26.82,26.87
"9584",88,2007,24.78,25.41,25.75,25.57
"9585",89,2007,25.67,26.26,26.5,26.21
"9586",90,2007,25.32,26.02,26.53,25.63
"9587",91,2007,25.1,25.63,25.67,25.58
"9588",92,2007,24.48,24.99,25.49,24.42
"9589",93,2007,24.2,25.04,24.27,24.98
"9590",94,2007,25.21,25.81,25.55,25.64
"9591",95,2007,26.06,26.53,26.2,26.19
"9592",96,2007,24.66,25.26,25.46,25
"9593",97,2007,24.78,25.29,25.15,25.21
"9594",98,2007,25.74,26.53,26.64,26.29
"9595",99,2007,25.29,26.16,26.42,26.26
"9596",100,2007,25.83,26.74,27.01,26.63
"9597",101,2007,26.65,27.32,27.25,27.34
"9598",102,2007,27.12,27.43,27.66,27.58
"9599",103,2007,26.8,27.36,27.42,27.54
"9600",104,2007,25.56,26.43,26.88,26.52
"9601",105,2007,25.98,26.66,26.52,26.96
"9602",106,2007,25.68,26.46,26.43,26.41
"9603",107,2007,25.8,26.5,26.05,26.79
"9604",108,2007,25.74,26.28,26.36,25.97
"9605",109,2007,24.67,25.72,25.32,25.54
"9606",110,2007,25.26,26.27,25.98,26.14
"9607",111,2007,25.29,26.59,26.41,26.5
"9608",112,2007,25.83,26.32,25.79,26.16
"9609",113,2007,25.94,26.44,26.52,26.34
"9610",114,2007,25.37,26.13,26.57,25.91
"9611",115,2007,25.26,26.25,26.46,25.6
"9612",116,2007,25.74,26.78,26.7,26.21
"9613",117,2007,25.91,26.74,26.74,26.73
"9614",118,2007,25.5,26.33,26.24,26.47
"9615",119,2007,25.2,26.36,26.37,25.71
"9616",120,2007,24.94,25.79,26.12,25.36
"9617",121,2007,25.15,25.74,25.68,25.41
"9618",122,2007,25.29,25.81,25.79,25.88
"9619",123,2007,25.1,25.68,25.9,25.25
"9620",124,2007,25.15,25.43,26.16,25.19
"9621",125,2007,25.71,26.14,26.02,26.12
"9622",126,2007,26.19,26.44,26.19,26.69
"9623",127,2007,26.3,26.61,26.73,26.71
"9624",128,2007,26.01,26.01,26.52,26.38
"9625",129,2007,25.19,25.74,25.82,25.81
"9626",130,2007,25.21,25.84,25.21,25.62
"9627",131,2007,24.26,25.12,25.12,24.97
"9628",132,2007,24.46,25.01,25,25.03
"9629",133,2007,24.49,25.22,25.14,25.11
"9630",134,2007,24.8,25.55,24.87,25.57
"9631",135,2007,25.4,26.11,26.09,26.03
"9632",136,2007,25.57,26.15,26.14,26.19
"9633",137,2007,26.06,26.49,26.59,26.36
"9634",138,2007,24.42,24.99,25.34,24.64
"9635",139,2007,24.92,25.38,25.76,25.28
"9636",140,2007,25,25.75,25.82,25.6
"9637",141,2007,25.22,25.72,25.99,25.63
"9638",142,2007,26.43,26.87,27.11,26.78
"9639",143,2007,26.29,26.92,26.8,26.83
"9640",144,2007,25.85,26.92,26.33,26.85
"9641",145,2007,24.79,25.42,25.63,25.35
"9642",146,2007,23.67,24.54,24.81,24.35
"9643",147,2007,24.86,25.24,24.94,25.26
"9644",148,2007,24.35,25.29,25.28,24.86
"9645",149,2007,23.97,24.68,24.62,24.74
"9646",150,2007,23.94,24.67,24.63,24.25
"9647",151,2007,24.27,25.09,25.07,24.97
"9648",152,2007,24.04,24.49,23.99,24.53
"9649",153,2007,23.92,24.62,24.43,24.71
"9650",154,2007,23.73,24.07,23.5,24.32
"9651",155,2007,24.49,25.14,24.51,24.82
"9652",156,2007,24.48,25.05,25.51,24.82
"9653",157,2007,23.85,24.61,24.56,24.49
"9654",158,2007,23.88,24.4,24.92,24
"9655",159,2007,24.55,25.22,25.43,25.16
"9656",160,2007,24.78,25.18,24.77,25.47
"9657",161,2007,24.44,24.98,25.19,24.97
"9658",162,2007,24.68,25.4,25.33,25.18
"9659",163,2007,24.96,25.48,25.72,25.34
"9660",164,2007,24.81,25.41,25.71,25.2
"9661",165,2007,24.89,25.49,25.28,25.25
"9662",166,2007,24.18,24.67,24.88,24.65
"9663",167,2007,23.57,24.41,24.57,24.3
"9664",168,2007,23.9,24.93,24.49,24.93
"9665",169,2007,23.43,24.3,23.96,24.38
"9666",170,2007,23.79,24.07,24.5,24
"9667",171,2007,24.24,24.64,25.02,24.59
"9668",172,2007,24.69,25.07,25.17,25.08
"9669",173,2007,23.79,24.71,24.94,24.47
"9670",174,2007,22.92,24.01,24.72,23.4
"9671",175,2007,24.11,24.61,24.41,24.27
"9672",176,2007,24.37,24.87,25.14,24.39
"9673",177,2007,23.87,24.68,24.49,24.18
"9674",178,2007,23.36,24.15,24.11,24.04
"9675",179,2007,22.55,23.51,23.39,23.4
"9676",180,2007,23.23,23.9,24.04,23.8
"9677",181,2007,23.79,24.24,23.71,24.58
"9678",182,2007,23.17,23.55,23.22,23.81
"9679",183,2007,23.48,23.68,23.81,24.31
"9680",184,2007,24.52,24.68,24.34,24.93
"9681",185,2007,24.83,25.38,25.16,25.43
"9682",186,2007,24.94,25.45,25.74,25.03
"9683",187,2007,24.78,25.03,25.25,24.88
"9684",188,2007,24.87,25.34,25.38,24.98
"9685",189,2007,24.89,25.66,25.69,25.25
"9686",190,2007,24.25,25.17,25.46,24.88
"9687",191,2007,24.3,24.61,24.49,24.38
"9688",192,2007,23.84,24.67,24.64,24.51
"9689",193,2007,24.27,24.15,24.32,24.61
"9690",194,2007,24.66,24.61,24.92,24.45
"9691",195,2007,24.42,24.63,25.12,24.53
"9692",196,2007,24.71,24.86,25.39,24.65
"9693",197,2007,24.55,25.14,25.64,24.92
"9694",198,2007,24.62,25.37,25.55,24.91
"9695",199,2007,25.47,26.27,26.14,26.31
"9696",200,2007,26.11,26.38,26.15,26.31
"9697",201,2007,25.13,25.78,26.16,25.16
"9698",202,2007,24.93,25.8,25.77,25.52
"9699",203,2007,24.4,24.62,24.77,24.74
"9700",204,2007,25.96,26.15,26.15,25.95
"9701",205,2007,25.76,26.38,26.37,26.42
"9702",206,2007,24.91,25.62,26.12,25.52
"9703",207,2007,24.67,25.5,25.31,25.49
"9704",208,2007,24.09,24.16,24.38,24.07
"9705",209,2007,22.66,23.48,23.37,23.35
"9706",210,2007,23.1,23.61,23.23,23.83
"9707",211,2007,24.25,24.78,24.49,24.97
"9708",212,2007,24.37,25.13,24.88,25.07
"9709",213,2007,25.05,25.5,25.49,25.35
"9710",214,2007,25.34,25.81,26.15,25.55
"9711",215,2007,24.28,24.37,24.99,24.2
"9712",216,2007,24.36,24.96,24.41,25.34
"9713",217,2007,24.37,25.05,24.6,25.28
"9714",218,2007,25.29,25.63,25.38,25.82
"9715",219,2007,25.3,26.08,25.91,25.69
"9716",220,2007,24.86,25.63,25.46,25.87
"9717",221,2007,25.04,25.28,24.63,25.72
"9718",222,2007,25.07,25.55,25.18,25.63
"9719",223,2007,24.46,25.06,25.16,24.57
"9720",224,2007,24.86,25.48,25.55,25.06
"9721",225,2007,24.47,25.2,25.1,25.06
"9722",226,2007,24.93,25.56,24.79,25.17
"9723",227,2007,24.45,25.07,25.08,24.99
"9724",228,2007,24.19,24.76,24.62,24.79
"9725",229,2007,24.97,25.36,24.51,25.42
"9726",230,2007,25.41,26.05,25.69,26.03
"9727",231,2007,24.84,25.86,25.62,25.72
"9728",232,2007,24.67,25.45,25.43,24.64
"9729",233,2007,24.08,24.41,24.51,24.18
"9730",234,2007,23.89,24.21,24.13,24.25
"9731",235,2007,24.01,24.68,23.99,25.01
"9732",236,2007,24.9,25.14,24.43,25.4
"9733",237,2007,25.49,25.98,25.86,25.72
"9734",238,2007,25.34,25.47,25.54,25.47
"9735",239,2007,25.75,25.79,25.85,25.6
"9736",240,2007,25.67,26.07,26.47,25.94
"9737",241,2007,25.06,25.69,25.91,25.32
"9738",242,2007,24.26,24.7,24.03,24.96
"9739",243,2007,24.58,25.47,24.61,25.59
"9740",244,2007,24.21,25.08,25.24,25.15
"9741",245,2007,24.56,25.43,24.8,25.57
"9742",246,2007,25.01,25.74,25.53,25.9
"9743",247,2007,25.26,26.03,25.74,25.99
"9744",248,2007,24.86,25.3,25.7,25.46
"9745",249,2007,24.49,25.32,25.42,25.2
"9746",250,2007,24.15,24.49,24.38,24.75
"9747",251,2007,25.02,25.64,25.23,25.71
"9748",252,2007,25.32,26.07,25.97,25.75
"9749",253,2007,24.97,26.19,25.91,25.85
"9750",254,2007,24.9,25.74,25.91,25.65
"9751",255,2007,25.26,25.76,25.76,25.55
"9752",256,2007,24.37,24.61,24.74,24.78
"9753",257,2007,24.68,25.09,24.99,25.25
"9754",258,2007,25.28,25.92,25.89,25.77
"9755",259,2007,25.51,26.15,25.73,26.25
"9756",260,2007,25.17,25.97,25.95,25.9
"9757",261,2007,25.57,26.28,26.58,25.74
"9758",262,2007,25.63,26.01,26.49,25.96
"9759",263,2007,24.6,25.58,25.29,25.63
"9760",264,2007,25.38,25.84,25.92,25.87
"9761",265,2007,25.37,26.31,25.7,26.55
"9762",266,2007,25.58,26.21,26.03,26.39
"9763",267,2007,26.11,26.61,26.48,26.72
"9764",268,2007,25.59,25.87,26.49,25.63
"9765",269,2007,24.44,25.25,24.78,25.35
"9766",270,2007,25.08,25.64,25.44,25.81
"9767",271,2007,25.44,25.6,25.74,25.14
"9768",272,2007,25.76,26.51,26.47,26.19
"9769",273,2007,25.2,26.34,25.54,26.85
"9770",274,2007,25.48,26.02,26.09,26.37
"9771",275,2007,25.54,25.97,25.56,26.35
"9772",276,2007,26.24,26.45,26.29,26.55
"9773",277,2007,26,26.43,26.68,26.38
"9774",278,2007,26.35,26.66,26.83,26.52
"9775",279,2007,26.37,27.05,27.26,26.92
"9776",280,2007,25.84,26.67,26.4,26.58
"9777",281,2007,25.77,26.42,26.13,26.68
"9778",282,2007,24.88,25.61,25.26,25.2
"9779",283,2007,25.7,26.28,25.76,26.6
"9780",284,2007,25.97,26.26,26.36,26.25
"9781",285,2007,26.01,26.56,26.51,26.44
"9782",286,2007,26.18,26.86,26.72,26.87
"9783",287,2007,25.17,26.12,25.67,25.58
"9784",288,2007,25.15,25.98,25.77,25.98
"9785",289,2007,25.45,25.73,25.85,25.58
"9786",290,2007,25.09,25.95,25.67,25.93
"9787",291,2007,25.41,25.93,26.08,25.67
"9788",292,2007,24.94,25.73,26.06,25.64
"9789",293,2007,25,25.35,25.43,25.71
"9790",294,2007,25.24,25.82,26.14,25.71
"9791",295,2007,24.88,25.63,26.1,25.22
"9792",296,2007,24.88,25.84,25.68,25.84
"9793",297,2007,25.57,26.27,26.03,26.14
"9794",298,2007,25.42,26.11,25.99,26.05
"9795",299,2007,25.45,25.89,26.12,25.67
"9796",300,2007,25.27,25.92,25.86,26.09
"9797",301,2007,25.1,25.48,25.51,25.35
"9798",302,2007,25.66,26.24,26.07,26.15
"9799",303,2007,24.5,25.41,25.53,25.02
"9800",304,2007,24.78,25.26,24.95,25.27
"9801",305,2007,25.7,26.05,25.96,26.15
"9802",306,2007,26.28,26.7,26.45,26.65
"9803",307,2007,26.18,26.86,26.7,26.77
"9804",308,2007,26.1,26.97,26.98,26.73
"9805",309,2007,25.56,26.37,26.5,26.19
"9806",310,2007,25.72,26.47,26.37,26.08
"9807",311,2007,25.39,26.29,26.37,25.75
"9808",312,2007,24.4,24.6,25.01,24.67
"9809",313,2007,24.88,25.43,25.61,25.24
"9810",314,2007,25.61,26.16,25.92,26.08
"9811",315,2007,25.68,26.06,25.92,26.18
"9812",316,2007,25.6,25.96,26.49,25.8
"9813",317,2007,25.48,26.28,26.53,25.82
"9814",318,2007,25.32,26.17,26.07,26.19
"9815",319,2007,25.34,26.08,26.45,25.99
"9816",320,2007,25.05,25.9,26.31,25.94
"9817",321,2007,24.32,24.85,25.17,24.89
"9818",322,2007,24.69,24.86,25.15,25
"9819",323,2007,25.42,25.83,26.1,25.67
"9820",324,2007,25.65,26.21,26.2,26.14
"9821",325,2007,25.1,26.06,26.26,26.09
"9822",326,2007,24.72,25.37,25.45,25.19
"9823",327,2007,24.7,25.3,25.69,25.12
"9824",328,2007,25.18,25.6,26.3,25.52
"9825",329,2007,25.66,26.1,26.73,25.96
"9826",330,2007,25.9,26.18,26.73,26.02
"9827",331,2007,26,26.32,26.73,26.17
"9828",332,2007,25.99,26.47,26.66,26.32
"9829",333,2007,26.08,26.04,26.53,26.06
"9830",334,2007,25.97,25.69,26.38,25.79
"9831",335,2007,25.62,25.49,26.08,25.56
"9832",336,2007,25.83,25.65,26.37,25.64
"9833",337,2007,26.06,26,26.61,26.07
"9834",338,2007,26.36,26.27,26.74,26.45
"9835",339,2007,26.93,26.92,27.52,26.8
"9836",340,2007,26.94,27.28,27.69,27.06
"9837",341,2007,26.37,27.2,27.21,27.01
"9838",342,2007,26.72,27.16,27.49,27.03
"9839",343,2007,26.55,26.67,27.35,26.27
"9840",344,2007,26.61,26.98,27.61,26.56
"9841",345,2007,27.14,27.43,27.85,26.98
"9842",346,2007,26.5,27.61,27.76,27.3
"9843",347,2007,25.2,26.12,26.53,26.12
"9844",348,2007,24.59,25.19,25.32,25.3
"9845",349,2007,25.19,25.58,25.94,25.58
"9846",350,2007,25.43,25.79,26.4,25.69
"9847",351,2007,25.66,25.82,26.46,25.88
"9848",352,2007,25.75,26.25,26.53,26.07
"9849",353,2007,25.48,26.45,26.14,26.29
"9850",354,2007,25.48,26.24,26.26,26.39
"9851",355,2007,25.03,26.19,26.31,25.8
"9852",356,2007,25.12,26.01,26.02,25.48
"9853",357,2007,24.6,25.15,25.69,24.95
"9854",358,2007,24.62,24.94,25.66,24.68
"9855",359,2007,24.51,25.27,25.94,24.88
"9856",360,2007,24.76,25.18,26.23,24.6
"9857",361,2007,24.91,25.73,26.64,25.47
"9858",362,2007,25.65,26.28,27.16,25.88
"9859",363,2007,25.81,26.5,27.41,26.15
"9860",364,2007,25.43,25.93,26.93,25.4
"9861",365,2007,25.31,25.43,26.85,25.12
"9862",1,2008,25.58,26.14,27.02,25.47
"9863",2,2008,25.38,25.95,26.98,25.13
"9864",3,2008,25.49,26.22,27.04,25.33
"9865",4,2008,25.47,26.52,27.36,25.91
"9866",5,2008,24.77,26.27,27.48,25.14
"9867",6,2008,25.07,26.52,27.49,25.96
"9868",7,2008,25.36,26.93,27.9,26.35
"9869",8,2008,25.76,27.12,28.02,26.37
"9870",9,2008,26.18,27.42,28.55,26.7
"9871",10,2008,26.61,27.85,28.74,26.95
"9872",11,2008,27.33,28.65,29.36,27.3
"9873",12,2008,27.46,28.74,29.42,27.49
"9874",13,2008,26.46,28.52,28.69,27.58
"9875",14,2008,25.6,27.39,27.59,27.18
"9876",15,2008,26.06,27.16,27.77,27.39
"9877",16,2008,26.71,28.14,28.32,27.9
"9878",17,2008,26.36,27.57,28.31,27.49
"9879",18,2008,26.94,28.26,28.98,27.8
"9880",19,2008,27.28,28.85,29.41,27.92
"9881",20,2008,27.42,29.15,29.4,28.36
"9882",21,2008,27.32,29.08,29.27,28.58
"9883",22,2008,27.57,29.35,29.48,28.66
"9884",23,2008,27.39,28.68,29.06,28.4
"9885",24,2008,27.93,29.16,29.4,28.73
"9886",25,2008,28.27,29.51,29.9,28.51
"9887",26,2008,28.68,29.98,30.11,29
"9888",27,2008,28.41,29.34,29.55,28.63
"9889",28,2008,28.16,28.81,28.99,28.01
"9890",29,2008,28.15,28.69,29.34,27.9
"9891",30,2008,28.6,28.95,29.7,28.21
"9892",31,2008,28.52,28.95,29.34,27.99
"9893",32,2008,27.92,28.17,28.57,27.83
"9894",33,2008,28.13,28.51,28.39,28.05
"9895",34,2008,28.08,28.13,28.68,27.44
"9896",35,2008,28.3,28.36,29.1,27.52
"9897",36,2008,27.22,28.12,28.7,27.27
"9898",37,2008,26.52,27.52,28.52,27.34
"9899",38,2008,27.55,28.41,28.92,28.18
"9900",39,2008,27.65,28.56,29.11,28.33
"9901",40,2008,26.21,27.37,28.29,27.14
"9902",41,2008,26.74,27.87,28.38,26.95
"9903",42,2008,27.21,28.45,29.1,27.7
"9904",43,2008,25.55,28.15,28.53,27.68
"9905",44,2008,24.93,27.64,28.11,27.52
"9906",45,2008,25.54,28.12,28.76,27.88
"9907",46,2008,26.13,28.45,29.37,27.28
"9908",47,2008,26.85,28.71,29.65,27.76
"9909",48,2008,27.15,28.86,29.76,28.54
"9910",49,2008,27.4,29.64,30.16,29.07
"9911",50,2008,26.43,29.43,29.44,28.83
"9912",51,2008,26.06,28.98,29.14,28.38
"9913",52,2008,26.71,29.28,29.47,28.63
"9914",53,2008,27.53,29.48,29.98,28.99
"9915",54,2008,27.59,30.16,30.37,29.53
"9916",55,2008,26.72,29.98,30.01,29.51
"9917",56,2008,26.37,29.37,29.52,28.77
"9918",57,2008,27.05,29.62,29.76,29.05
"9919",58,2008,27.08,29.9,29.63,29.39
"9920",59,2008,26.83,29.81,29.82,29.05
"9921",60,2008,27.65,29.95,29.96,29.65
"9922",61,2008,27.53,29.24,29.32,28.87
"9923",62,2008,27.98,29.34,29.47,29
"9924",63,2008,28.11,29.74,30.1,29.18
"9925",64,2008,28.17,30.27,30.69,29.86
"9926",65,2008,26.38,29.42,29.96,29
"9927",66,2008,26.35,29.21,29.1,28.84
"9928",67,2008,27.42,29.29,29.68,28.4
"9929",68,2008,27.81,30.11,30.32,29.29
"9930",69,2008,28.06,30.05,30.01,29.31
"9931",70,2008,27.35,29.6,29.56,29.06
"9932",71,2008,26.65,29.33,29.05,29.19
"9933",72,2008,26.94,29.44,29.23,29.28
"9934",73,2008,25.18,26.97,27.75,27.05
"9935",74,2008,23.43,24.47,24.92,24.23
"9936",75,2008,24.55,25.81,26.01,25.74
"9937",76,2008,25.51,26.69,27.09,26.36
"9938",77,2008,25.82,27.39,27.6,26.82
"9939",78,2008,25.58,27.19,27.7,26.59
"9940",79,2008,25.92,27.54,28.13,27.05
"9941",80,2008,26.01,28.07,28.28,27.43
"9942",81,2008,25.71,28.06,28.31,27.92
"9943",82,2008,25.81,27.58,28.2,27.42
"9944",83,2008,26.32,28.44,28.86,27.99
"9945",84,2008,26.51,28.77,29.12,28.6
"9946",85,2008,26.37,28.35,28.98,27.98
"9947",86,2008,26.57,28.36,29.05,28.35
"9948",87,2008,27.12,29.14,30.15,28.79
"9949",88,2008,27.13,29.25,30.41,29.01
"9950",89,2008,27.53,29.79,30.8,29.66
"9951",90,2008,27.52,30.64,30.57,30.45
"9952",91,2008,27.25,29.67,29.76,29.51
"9953",92,2008,27.91,30.02,30.65,29.63
"9954",93,2008,28.93,30.64,31.05,30.05
"9955",94,2008,29.02,30.76,30.89,30.66
"9956",95,2008,28.75,30.7,31.09,30.27
"9957",96,2008,25.62,28.37,29.03,27.71
"9958",97,2008,25.21,27.71,28.49,27
"9959",98,2008,26.28,28.34,29.61,27.79
"9960",99,2008,27.32,29.63,30.56,28.92
"9961",100,2008,27.02,29.04,30.78,28.63
"9962",101,2008,25.91,27.95,28.79,27.83
"9963",102,2008,24.76,26.26,26.55,25.65
"9964",103,2008,24.91,26.05,26.73,25.53
"9965",104,2008,25.69,26.87,27.35,26.44
"9966",105,2008,24.65,26.23,26.48,25.85
"9967",106,2008,25.22,26.49,27.38,25.92
"9968",107,2008,25.7,27.31,27.61,26.82
"9969",108,2008,25.55,27.26,27.33,26.54
"9970",109,2008,24.9,25.66,25.07,25.68
"9971",110,2008,24.68,25.87,25.6,24.98
"9972",111,2008,25.41,26.71,26.5,26.73
"9973",112,2008,25.22,26.79,27.27,26.27
"9974",113,2008,25.33,26.22,26.08,26.1
"9975",114,2008,25.14,25.89,25.58,26.11
"9976",115,2008,24.65,24.79,25.18,24.76
"9977",116,2008,25.49,26.07,25.81,26.14
"9978",117,2008,25.57,26.64,26.46,26.63
"9979",118,2008,25.26,25.2,26.03,25.08
"9980",119,2008,26.14,26.66,27.05,26.33
"9981",120,2008,26.59,27.3,27.36,27.13
"9982",121,2008,27.11,27.58,27.64,27.28
"9983",122,2008,26.5,27.42,27.57,27.3
"9984",123,2008,25.88,26.77,26.64,26.81
"9985",124,2008,25.07,25.23,25.99,24.74
"9986",125,2008,24.01,24.2,24.66,24.07
"9987",126,2008,24.57,24.84,24.01,24.91
"9988",127,2008,23.43,23.55,24.53,23.95
"9989",128,2008,24.11,24.6,24.73,24.52
"9990",129,2008,24.51,24.72,24.91,24.48
"9991",130,2008,24.33,24.76,24.98,24.33
"9992",131,2008,25.28,25.65,25.81,25.43
"9993",132,2008,25.01,25.95,26.12,25.5
"9994",133,2008,24.56,24.58,25.14,24.35
"9995",134,2008,24.77,25.57,25.82,25.49
"9996",135,2008,24.93,25.65,25.97,25.23
"9997",136,2008,25.16,26.04,25.57,26.04
"9998",137,2008,24.08,24.8,24.79,24.63
"9999",138,2008,24.55,25.12,25.05,24.86
"10000",139,2008,23.93,24.23,24.48,24.23
"10001",140,2008,24.41,24.62,24.39,24.41
"10002",141,2008,24.72,25.16,25.57,24.92
"10003",142,2008,23.75,24.59,25.36,24.34
"10004",143,2008,24.57,25.21,25.3,25.04
"10005",144,2008,24.82,25.19,24.93,25.07
"10006",145,2008,24.59,24.95,24.79,25.05
"10007",146,2008,24.81,25.44,24.88,25.31
"10008",147,2008,24.15,24.77,24.58,24.44
"10009",148,2008,24.26,24.9,24.71,24.61
"10010",149,2008,24.69,25.4,25.73,25.02
"10011",150,2008,24.35,24.76,25.45,24.38
"10012",151,2008,23.78,24.82,25.07,24.48
"10013",152,2008,24.83,25.32,24.93,24.82
"10014",153,2008,24.23,25.12,25.11,24.64
"10015",154,2008,23.49,24.27,24.08,23.89
"10016",155,2008,23.58,24.61,24.46,24.21
"10017",156,2008,24,24.84,24.45,24.54
"10018",157,2008,23.83,24.45,24.17,24.45
"10019",158,2008,24.36,25.13,25.19,24.44
"10020",159,2008,24.64,25.16,25.2,24.75
"10021",160,2008,24.26,25.19,25.31,25.1
"10022",161,2008,24.69,24.78,24.61,24.87
"10023",162,2008,24.27,24.99,25.54,24.62
"10024",163,2008,24.57,25.25,25.11,25
"10025",164,2008,25.48,25.94,25.79,26.02
"10026",165,2008,25.74,26.2,25.73,26.02
"10027",166,2008,25.32,25.98,25.95,25.77
"10028",167,2008,24.95,25.79,26.12,25.25
"10029",168,2008,24.71,25.35,25.91,25.02
"10030",169,2008,24.07,24.66,24.45,24.72
"10031",170,2008,23.3,24.7,24.59,24.34
"10032",171,2008,24.04,24.62,24.82,24.74
"10033",172,2008,24.79,25.58,25.36,25.62
"10034",173,2008,24.6,24.96,25.41,24.62
"10035",174,2008,23.94,24.16,24.92,23.88
"10036",175,2008,24.42,25.22,25.16,25.12
"10037",176,2008,23.69,23.88,24.09,23.89
"10038",177,2008,23.77,24.1,23.91,24.24
"10039",178,2008,23.6,24.12,23.57,24.08
"10040",179,2008,23.99,24.1,24.09,24.53
"10041",180,2008,23.82,23.98,24.41,23.79
"10042",181,2008,23.5,24.2,23.61,24.17
"10043",182,2008,23.91,24.51,24.36,24.15
"10044",183,2008,23.94,24.61,24.06,24.49
"10045",184,2008,23.97,24.31,23.92,24.56
"10046",185,2008,24.09,24.69,24.11,24.68
"10047",186,2008,23.68,24.44,24.31,24.7
"10048",187,2008,23.98,24.86,24.07,24.83
"10049",188,2008,23.98,25.2,24.3,25.25
"10050",189,2008,24.32,25.25,25.29,24.75
"10051",190,2008,24.16,24.86,25.04,25
"10052",191,2008,24.38,24.57,24.89,24.41
"10053",192,2008,23.31,23.85,23.54,24.4
"10054",193,2008,23.15,23.77,23.79,23.9
"10055",194,2008,23.4,24.27,23.76,24.56
"10056",195,2008,23.63,24.42,23.64,24.42
"10057",196,2008,23.67,24.04,23.94,23.96
"10058",197,2008,24.05,24.48,24.05,24.65
"10059",198,2008,23.99,24.41,24.46,24.79
"10060",199,2008,25.1,25.5,25.48,25.6
"10061",200,2008,25.23,25.44,25.47,25.39
"10062",201,2008,24.03,24.33,25.16,24.06
"10063",202,2008,24.33,25.05,24.72,25.08
"10064",203,2008,24.03,24.68,24.67,24.84
"10065",204,2008,24.37,24.89,24.9,25.19
"10066",205,2008,24.7,25.27,25.14,25.23
"10067",206,2008,24.44,24.98,24.97,25.31
"10068",207,2008,24.23,25.02,24.89,24.74
"10069",208,2008,23.76,24.08,23.92,24.13
"10070",209,2008,24.2,24.75,24.1,25.19
"10071",210,2008,24.42,24.82,24.91,24.36
"10072",211,2008,24.91,25.2,25.31,25.28
"10073",212,2008,24.36,25.6,24.92,25.68
"10074",213,2008,24.84,25.4,25.55,25.56
"10075",214,2008,25.63,25.98,26.47,25.69
"10076",215,2008,25.6,26.35,26.45,26.13
"10077",216,2008,25.11,25.68,26.09,25.03
"10078",217,2008,25.04,25.51,25.62,25.13
"10079",218,2008,25.03,25.7,25.62,25.59
"10080",219,2008,24.31,24.91,25.28,24.52
"10081",220,2008,24.69,25.19,25.03,25.3
"10082",221,2008,25.49,26.12,25.79,26.06
"10083",222,2008,24.56,25.08,25.13,25.13
"10084",223,2008,24.4,25.1,24.81,25.18
"10085",224,2008,24.19,24.62,25.16,24.57
"10086",225,2008,24.78,25.56,25.09,25.67
"10087",226,2008,25.32,25.53,25.6,25.65
"10088",227,2008,24.88,25.7,25.82,25.69
"10089",228,2008,25.27,25.73,25.47,25.86
"10090",229,2008,24.59,25.3,25.62,24.69
"10091",230,2008,25.31,26.01,26.14,25.63
"10092",231,2008,24.93,26.05,25.91,25.2
"10093",232,2008,24.43,24.83,25.08,24.89
"10094",233,2008,24.76,25.19,24.9,25.05
"10095",234,2008,25.65,25.83,25.71,26.03
"10096",235,2008,25.36,25.89,26.02,26.1
"10097",236,2008,25.1,25.59,25.26,25.68
"10098",237,2008,25.19,25.58,25.19,26.08
"10099",238,2008,25.7,26.2,25.79,26.28
"10100",239,2008,24.15,24.99,24.27,25.71
"10101",240,2008,24.94,25.48,24.82,25.93
"10102",241,2008,26.08,26.42,26.37,26.29
"10103",242,2008,25.82,26.4,26.71,26.28
"10104",243,2008,25.18,25.84,25.76,25.54
"10105",244,2008,25.13,26.13,25.88,25.88
"10106",245,2008,25.12,25.86,25.74,25.99
"10107",246,2008,25.45,25.96,25.77,26.24
"10108",247,2008,26.15,26.51,26.08,26.6
"10109",248,2008,25.82,26.7,26.47,26.34
"10110",249,2008,25.56,26.28,25.95,26.18
"10111",250,2008,25.7,27.09,26.59,26.85
"10112",251,2008,25.34,25.83,25.96,25.62
"10113",252,2008,24.82,25.45,25.03,25.69
"10114",253,2008,24.78,25.11,25.55,24.91
"10115",254,2008,24.86,25.42,25.58,25.19
"10116",255,2008,24.48,25.16,24.42,25.73
"10117",256,2008,25.47,25.9,25.72,25.93
"10118",257,2008,26.02,26.61,26.43,26.64
"10119",258,2008,25.34,26.05,26.16,26.11
"10120",259,2008,25.11,25.54,25.39,25.96
"10121",260,2008,24.24,24.85,24.64,25.16
"10122",261,2008,24.76,25.49,25.32,25.53
"10123",262,2008,25.45,25.96,25.68,26.12
"10124",263,2008,24.8,25.32,25.41,25.48
"10125",264,2008,25.83,26.46,26.44,25.97
"10126",265,2008,26.32,26.75,26.85,26.61
"10127",266,2008,24.62,25.75,26.01,25.36
"10128",267,2008,24.6,25.62,25.27,25.59
"10129",268,2008,25.41,26.18,25.9,26.29
"10130",269,2008,26.09,26.63,26.66,26.36
"10131",270,2008,24.76,25.15,25.25,25.16
"10132",271,2008,25.44,26.03,25.62,26.32
"10133",272,2008,26.22,26.72,26.4,26.64
"10134",273,2008,26.3,26.76,26.77,26.23
"10135",274,2008,25.72,26.64,26.74,26.74
"10136",275,2008,25.01,25.39,25.51,25.49
"10137",276,2008,25.67,26.12,26,26.08
"10138",277,2008,25.94,26.97,26.32,26.84
"10139",278,2008,25.48,25.8,26.13,25.9
"10140",279,2008,25.75,26.52,26.66,26.54
"10141",280,2008,25.87,26.34,26.23,26.41
"10142",281,2008,24.55,25.2,25.24,25.12
"10143",282,2008,24.68,25.37,24.78,25.59
"10144",283,2008,25.49,26.03,25.76,26.34
"10145",284,2008,25.79,26.13,26.41,26.3
"10146",285,2008,25.43,26.13,25.55,26.31
"10147",286,2008,25.58,25.69,26.04,25.76
"10148",287,2008,25.87,26.56,26.47,25.81
"10149",288,2008,24.63,25.21,24.88,25.36
"10150",289,2008,25.41,26.05,25.8,26.04
"10151",290,2008,25.89,26.55,25.88,26.37
"10152",291,2008,25.34,25.91,25.64,25.88
"10153",292,2008,25.85,26.49,26.19,26.47
"10154",293,2008,25.26,26.36,26.16,26.13
"10155",294,2008,25.54,26.1,25.96,25.77
"10156",295,2008,25.93,26.33,26.35,26.38
"10157",296,2008,26.15,26.99,26.84,26.81
"10158",297,2008,26.04,27.04,26.79,26.67
"10159",298,2008,25.32,26.27,25.98,26.4
"10160",299,2008,24.64,25.07,24.86,25.57
"10161",300,2008,24.83,25.14,25.31,25.66
"10162",301,2008,25.31,25.44,25.6,25.55
"10163",302,2008,24.99,25.22,26.02,24.96
"10164",303,2008,25.66,26.25,26.22,25.9
"10165",304,2008,26.03,26.54,26.47,26.21
"10166",305,2008,25.7,26.27,26.19,25.97
"10167",306,2008,24.99,25.64,25.81,25.28
"10168",307,2008,25.2,25.35,25.54,25.17
"10169",308,2008,25.49,25.6,25.84,25.23
"10170",309,2008,25.31,25.75,25.83,25.59
"10171",310,2008,25.11,25.22,25.73,25.21
"10172",311,2008,25.88,26.34,26.56,26.1
"10173",312,2008,26.05,27.09,26.99,26.86
"10174",313,2008,26.24,26.82,26.84,26.88
"10175",314,2008,26.67,27.19,27.32,27.1
"10176",315,2008,26.25,27.32,27.08,27.12
"10177",316,2008,25.55,26.84,26.35,26.41
"10178",317,2008,25.77,26.27,26.19,26.37
"10179",318,2008,26.15,26.62,26.85,25.93
"10180",319,2008,25.84,26.41,26.84,26.05
"10181",320,2008,25.17,26.42,26.71,26.17
"10182",321,2008,25.59,26.23,26.1,26.05
"10183",322,2008,26.08,26.23,26.13,26.12
"10184",323,2008,25.3,25.91,25.72,25.64
"10185",324,2008,24.98,25.23,25.37,25.22
"10186",325,2008,24.62,24.66,24.94,24.88
"10187",326,2008,25.43,25.37,25.47,25.58
"10188",327,2008,24.8,25.47,25.95,24.77
"10189",328,2008,24.79,25.18,25.59,25.09
"10190",329,2008,25.07,25.57,26,25.46
"10191",330,2008,25.47,26.14,26.43,25.74
"10192",331,2008,24.02,24.84,25.37,24.35
"10193",332,2008,24.7,25.31,25.57,25
"10194",333,2008,25.46,26.2,26.36,25.73
"10195",334,2008,25.92,26.1,26,26.16
"10196",335,2008,25.6,26.14,26.05,25.92
"10197",336,2008,25.4,26.24,26.14,26.09
"10198",337,2008,25.62,26.22,26.11,26.1
"10199",338,2008,25.41,25.92,25.97,25.67
"10200",339,2008,25.8,26.11,26.09,26.11
"10201",340,2008,25.33,25.33,25.77,25.43
"10202",341,2008,25.03,25.61,25.65,25.45
"10203",342,2008,24.3,24.65,24.77,24.61
"10204",343,2008,24.8,24.86,25.56,24.69
"10205",344,2008,25.06,25.21,25.78,24.81
"10206",345,2008,25.12,25.69,25.72,25.51
"10207",346,2008,25.63,26.16,26.06,26.06
"10208",347,2008,25.79,26.22,26.03,26.05
"10209",348,2008,25.8,26.1,26.12,25.87
"10210",349,2008,25.28,25.83,26.01,25.65
"10211",350,2008,25.82,26.04,26.33,25.67
"10212",351,2008,25.87,25.96,26.35,25.54
"10213",352,2008,26.06,26.17,26.39,26.07
"10214",353,2008,25.68,26.12,26.27,25.8
"10215",354,2008,25.7,26.32,26.12,25.77
"10216",355,2008,26.06,26.71,26.46,26.16
"10217",356,2008,26.13,26.7,26.64,26.18
"10218",357,2008,26.34,26.87,26.76,26.64
"10219",358,2008,26.59,27.28,27.05,27
"10220",359,2008,25.34,25.78,26.45,25.59
"10221",360,2008,25.55,25.96,26.84,25.5
"10222",361,2008,26.38,26.97,27.13,26.55
"10223",362,2008,26.32,26.64,26.93,25.94
"10224",363,2008,26.52,26.91,26.96,26.45
"10225",364,2008,26.16,26.93,26.93,26.6
"10226",365,2008,26.24,27.59,26.34,27.23
"10227",366,2008,26.09,27.21,26.52,26.99
"10228",1,2009,25.87,27.27,26.87,26.7
"10229",2,2009,26.13,27.37,27.13,27.14
"10230",3,2009,26.55,27.33,27.26,27.37
"10231",4,2009,25.96,26.99,27.44,26.44
"10232",5,2009,25.26,26.4,26.57,25.52
"10233",6,2009,24.97,26.06,26.2,25.74
"10234",7,2009,25.58,26.44,26.71,25.67
"10235",8,2009,25.66,26.65,26.42,26.04
"10236",9,2009,25.93,26.76,27.21,26.25
"10237",10,2009,26.08,26.96,27.33,26.16
"10238",11,2009,25.6,26.75,27.2,25.9
"10239",12,2009,24.95,26.92,27.31,25.68
"10240",13,2009,25.83,27.6,27.69,26.3
"10241",14,2009,26.16,27.38,27.73,26.33
"10242",15,2009,26.25,27.27,28,26.27
"10243",16,2009,26.51,27.99,28.17,26.82
"10244",17,2009,26.59,28.14,27.99,27.35
"10245",18,2009,27.08,28.06,28.06,27.36
"10246",19,2009,26.73,28.26,28.4,27.44
"10247",20,2009,24.95,27.16,27.26,26.22
"10248",21,2009,25.34,27.19,27.3,26.18
"10249",22,2009,25.98,27.46,28.13,26.63
"10250",23,2009,25.81,27.51,28.41,26.3
"10251",24,2009,26.14,27.56,28.53,26.43
"10252",25,2009,26.6,27.76,28.39,26.86
"10253",26,2009,27.06,28.34,28.95,26.93
"10254",27,2009,27.25,28.34,28.95,27.2
"10255",28,2009,27.17,28.49,28.84,27.32
"10256",29,2009,26.7,28.21,28.31,27.34
"10257",30,2009,25.54,27.19,26.44,26.79
"10258",31,2009,24.15,25.2,25.33,24.83
"10259",32,2009,24.34,25.77,25.83,25.26
"10260",33,2009,25.08,26.5,26.63,26.03
"10261",34,2009,25.95,27.01,27.39,26.59
"10262",35,2009,26.18,27.84,27.66,27.26
"10263",36,2009,26.22,27.9,27.97,26.91
"10264",37,2009,26.59,27.96,28.27,27.33
"10265",38,2009,26.57,28.2,28.23,27.46
"10266",39,2009,26.72,28.24,28.07,27.33
"10267",40,2009,26.99,28.82,28.81,27.99
"10268",41,2009,27.5,29.12,29.34,28.43
"10269",42,2009,25.65,27.57,28.11,26.48
"10270",43,2009,25.55,27.43,28.27,26.09
"10271",44,2009,26.23,28.22,28.46,27.28
"10272",45,2009,26.94,28.59,28.53,27.64
"10273",46,2009,27.09,28.47,28.4,27.94
"10274",47,2009,27.31,28.87,29.12,27.92
"10275",48,2009,27.61,29.69,29.24,28.96
"10276",49,2009,26.57,28.9,28.37,27.46
"10277",50,2009,25.72,29.33,28.79,27.51
"10278",51,2009,26.61,29.36,29.09,28.17
"10279",52,2009,27.1,29.05,28.98,28.29
"10280",53,2009,27.88,29.83,29.37,28.86
"10281",54,2009,27.76,29.61,29.24,28.83
"10282",55,2009,27.58,29.42,28.97,28.69
"10283",56,2009,28.1,29.89,29.85,28.98
"10284",57,2009,28.07,30.13,29.77,29.38
"10285",58,2009,27.61,30.38,29.96,29.51
"10286",59,2009,27.14,30.26,29.53,29.63
"10287",60,2009,26.73,29.54,28.7,29.11
"10288",61,2009,26.91,29.93,29.05,29.21
"10289",62,2009,25.55,27.9,27.67,27.55
"10290",63,2009,25.3,26.94,28.28,25.93
"10291",64,2009,26.26,27.79,28.73,26.95
"10292",65,2009,26.3,28.3,29.26,27.41
"10293",66,2009,25.73,28.12,28.57,27.03
"10294",67,2009,26.07,28.25,28.85,27.26
"10295",68,2009,26.88,28.75,28.89,27.85
"10296",69,2009,27.16,28.45,28.86,27.5
"10297",70,2009,27.16,28.15,28.78,27.45
"10298",71,2009,27.4,28.44,29.02,27.94
"10299",72,2009,27.74,29.05,29.5,28.62
"10300",73,2009,27.41,29.47,29.51,28.46
"10301",74,2009,25.55,28.49,28.48,28.39
"10302",75,2009,25.2,27.71,28.01,27.17
"10303",76,2009,25.91,27.7,28.05,27.35
"10304",77,2009,26.64,28.85,28.89,27.71
"10305",78,2009,26.13,28.51,28.63,27.64
"10306",79,2009,25.67,28.38,28.08,28.31
"10307",80,2009,24.98,26.72,26.01,26.92
"10308",81,2009,24.36,24.84,25.32,24.52
"10309",82,2009,24.43,25.04,25.46,24.83
"10310",83,2009,25.02,25.97,25.98,25.92
"10311",84,2009,25.5,26.82,26.75,26.6
"10312",85,2009,26.2,27.24,27.18,27.11
"10313",86,2009,26.56,27.29,27.51,27.1
"10314",87,2009,25.63,26.95,27.04,26.84
"10315",88,2009,25.03,26.7,27.23,26.62
"10316",89,2009,26.23,27.48,27.54,27.56
"10317",90,2009,26.91,28.22,28.39,27.79
"10318",91,2009,27.18,28.3,28.43,27.89
"10319",92,2009,26.08,28.45,28.15,27.55
"10320",93,2009,25.74,27.39,27.58,27.02
"10321",94,2009,27.16,28.84,29.1,28.16
"10322",95,2009,27.45,28.87,29.26,28.18
"10323",96,2009,27.2,28.88,29.12,28.62
"10324",97,2009,26.33,28.34,28.54,28.19
"10325",98,2009,25,26.88,27.1,26.58
"10326",99,2009,24.87,26.45,26.82,26.24
"10327",100,2009,24.75,25.38,25.89,25.21
"10328",101,2009,24.94,26.11,26.62,25.99
"10329",102,2009,25.39,26.44,27.54,26.12
"10330",103,2009,25.89,26.93,27.79,26.43
"10331",104,2009,26.09,27.27,27.95,26.86
"10332",105,2009,25.74,27.22,27.89,26.91
"10333",106,2009,25.37,26.66,26.81,26.48
"10334",107,2009,25.19,25.99,26.6,25.85
"10335",108,2009,25.08,25.88,25.08,26.23
"10336",109,2009,25.39,25.51,26.33,25.3
"10337",110,2009,24.59,25.34,25.74,24.91
"10338",111,2009,25.36,25.66,26.24,25.69
"10339",112,2009,25.34,26.07,26.84,25.52
"10340",113,2009,24.77,25.74,26.54,24.86
"10341",114,2009,25.19,26.23,26.81,25.88
"10342",115,2009,25.99,26.96,27.6,26.61
"10343",116,2009,26.23,27.16,27.56,26.78
"10344",117,2009,26.03,27.17,27.88,26.71
"10345",118,2009,24.48,25.92,26.45,25.24
"10346",119,2009,24.89,25.62,26.2,25.55
"10347",120,2009,25.07,25.64,26.51,25.42
"10348",121,2009,24.74,25.33,24.82,25.23
"10349",122,2009,25,25.15,25.45,25.24
"10350",123,2009,24.63,24.97,25.05,25.24
"10351",124,2009,24.76,24.36,24.92,24.16
"10352",125,2009,25.92,26.12,26.14,25.7
"10353",126,2009,25.04,26.27,26.94,25.46
"10354",127,2009,25.41,25.81,25.97,25.86
"10355",128,2009,24.81,25.05,25.58,25.08
"10356",129,2009,24.94,25.06,25.47,25.09
"10357",130,2009,25.34,26.04,26.25,25.61
"10358",131,2009,25.79,26.47,26.83,25.95
"10359",132,2009,26.15,26.76,26.93,26.44
"10360",133,2009,25.8,26.79,27.06,26.72
"10361",134,2009,25.5,26.43,27.02,26.35
"10362",135,2009,25.56,26.28,26.47,26.07
"10363",136,2009,25.63,26.16,26.71,26.26
"10364",137,2009,25.11,25.51,25.93,25.77
"10365",138,2009,24.65,25.1,25.25,25.44
"10366",139,2009,24.66,25.2,25.59,24.9
"10367",140,2009,24.91,25.68,25.45,25.79
"10368",141,2009,24.73,25.05,25.12,25.09
"10369",142,2009,25.47,25.78,26.01,25.41
"10370",143,2009,26.24,26.43,26.41,26.23
"10371",144,2009,25.49,26.08,26.27,25.94
"10372",145,2009,25.47,25.83,25.98,25.56
"10373",146,2009,26.38,26.45,26.63,26.38
"10374",147,2009,25.96,26.71,26.66,26.54
"10375",148,2009,25.27,25.65,26.06,25.45
"10376",149,2009,25.27,25.86,26.36,25.65
"10377",150,2009,25.99,26.65,26.72,26.28
"10378",151,2009,26.6,27,26.94,27.01
"10379",152,2009,26.2,26.59,26.65,26.55
"10380",153,2009,25.47,25.85,26.07,26.04
"10381",154,2009,24.82,25.46,25.74,25.17
"10382",155,2009,24.22,25.15,25.57,24.94
"10383",156,2009,23.97,24.74,24.89,24.42
"10384",157,2009,24.69,25.45,25.23,25.39
"10385",158,2009,23.99,24.34,24.03,24.22
"10386",159,2009,23.95,24.86,24.8,24.67
"10387",160,2009,25.08,25.71,25.68,25.56
"10388",161,2009,25.04,25.51,25.66,25.26
"10389",162,2009,24.58,25.24,25.42,24.91
"10390",163,2009,24.78,25.47,25.3,25.38
"10391",164,2009,23.92,24.93,24.65,24.9
"10392",165,2009,24.28,24.82,24.2,24.86
"10393",166,2009,25.38,25.77,25.75,26.06
"10394",167,2009,25.13,25.73,25.81,25.89
"10395",168,2009,24.52,25.19,24.82,25.3
"10396",169,2009,24.97,25.55,25.46,25.39
"10397",170,2009,24.83,25.66,25.36,25.97
"10398",171,2009,24.99,25.41,25.57,25.57
"10399",172,2009,23.95,24.39,24.3,24.46
"10400",173,2009,24.31,25.01,24.54,25.29
"10401",174,2009,23.85,24.39,25.2,24.31
"10402",175,2009,25.16,25.23,25.63,25.29
"10403",176,2009,24.07,24.26,24.49,24.37
"10404",177,2009,24.08,24.61,24.38,24.5
"10405",178,2009,24.39,24.76,25.06,24.28
"10406",179,2009,24,24.66,24.56,24.69
"10407",180,2009,23.74,24.52,23.69,25.11
"10408",181,2009,24.16,24.67,24.56,24.46
"10409",182,2009,23.6,24.13,24.54,23.75
"10410",183,2009,24.06,24.61,24.88,24.29
"10411",184,2009,23.14,23.75,24.11,23.51
"10412",185,2009,23.7,23.68,24,23.63
"10413",186,2009,24.58,24.86,24.74,24.8
"10414",187,2009,24.8,25.37,25.34,25.07
"10415",188,2009,24.95,25.28,25.48,25.3
"10416",189,2009,23.97,24.41,24.95,24.36
"10417",190,2009,24.09,24.79,24.35,24.92
"10418",191,2009,23.94,24.4,24.72,24.26
"10419",192,2009,23.9,23.87,24.21,23.69
"10420",193,2009,24.58,24.61,24.4,24.32
"10421",194,2009,25,25.3,25.19,25.2
"10422",195,2009,24.86,25.17,25.15,25.26
"10423",196,2009,23.2,23.77,23.66,23.76
"10424",197,2009,24.52,24.82,24.68,24.95
"10425",198,2009,24.7,24.96,24.27,25.08
"10426",199,2009,24.74,25.04,25.1,25
"10427",200,2009,24.68,25.55,25.27,25.65
"10428",201,2009,25.14,25.6,25.63,25.87
"10429",202,2009,25.28,25.5,25.33,25.73
"10430",203,2009,25.67,26.14,25.66,26.12
"10431",204,2009,25.02,24.97,25.28,24.75
"10432",205,2009,25.34,26.01,25.95,25.53
"10433",206,2009,25.37,26.22,26.15,25.78
"10434",207,2009,24.71,24.97,25.14,24.63
"10435",208,2009,24.7,24.98,25.4,24.79
"10436",209,2009,24.14,24.88,24.86,24.66
"10437",210,2009,24.08,24.11,24.8,23.98
"10438",211,2009,24.51,25.26,25.14,25.37
"10439",212,2009,24.26,24.72,24.51,24.98
"10440",213,2009,24.78,25.43,25.22,25.33
"10441",214,2009,25.59,25.93,25.73,25.92
"10442",215,2009,25.39,26.06,26.18,26.14
"10443",216,2009,24.65,25.07,25.27,25.29
"10444",217,2009,24.54,25.38,25.12,25.02
"10445",218,2009,24.37,24.88,25.06,24.79
"10446",219,2009,24.19,24.91,24.66,24.96
"10447",220,2009,23.82,24.43,24.42,23.97
"10448",221,2009,24.45,24.54,24.8,24.54
"10449",222,2009,25.13,25.61,25.64,25.52
"10450",223,2009,25.24,25.69,25.93,25.41
"10451",224,2009,24.65,25.36,25.49,25.05
"10452",225,2009,24.92,25.61,25.9,25.55
"10453",226,2009,25.17,25.46,25.75,25.59
"10454",227,2009,25.45,26.24,26.26,25.9
"10455",228,2009,25.83,26.49,26.71,26.31
"10456",229,2009,25.28,26.1,26.38,25.69
"10457",230,2009,25.22,25.52,25.86,25.1
"10458",231,2009,25.3,26.01,26.22,25.87
"10459",232,2009,25.85,26.37,26.31,26.3
"10460",233,2009,25.15,25.57,26.05,25.35
"10461",234,2009,25.53,26.16,26.33,26
"10462",235,2009,25.64,26.16,25.83,26.11
"10463",236,2009,25.68,26.68,26.17,26.45
"10464",237,2009,25.13,25.86,25.95,26.11
"10465",238,2009,24.26,24.71,24.77,24.53
"10466",239,2009,24.76,25.55,25,25.4
"10467",240,2009,24.87,25.44,25.28,24.91
"10468",241,2009,25.07,25.52,25.41,25.35
"10469",242,2009,24.81,25.66,25.8,25.2
"10470",243,2009,25.5,26.31,26.14,26.16
"10471",244,2009,26.29,27.08,26.71,26.76
"10472",245,2009,26.27,26.99,26.6,26.68
"10473",246,2009,25.84,26.66,26.61,26.22
"10474",247,2009,25.94,26.32,26.55,26.48
"10475",248,2009,25.92,26.46,26.43,26.59
"10476",249,2009,26.14,26.58,26.97,26.24
"10477",250,2009,25.6,26.4,26.65,26.15
"10478",251,2009,25.4,26.13,26.38,25.94
"10479",252,2009,25.74,26.63,26.61,26.45
"10480",253,2009,26.54,26.82,26.89,26.64
"10481",254,2009,25.45,26.12,26.21,26.12
"10482",255,2009,24.91,25.47,25.3,25.39
"10483",256,2009,25.13,25.79,25.42,25.83
"10484",257,2009,25.75,26.58,26.42,26.42
"10485",258,2009,25.36,25.7,26.25,25.88
"10486",259,2009,25.67,26.18,25.96,26.23
"10487",260,2009,25.41,26.1,26.12,25.67
"10488",261,2009,25.18,26.23,25.61,25.89
"10489",262,2009,25.94,26.81,26.73,26.78
"10490",263,2009,26.02,26.58,26.8,26.46
"10491",264,2009,25.48,25.82,25.7,25.88
"10492",265,2009,25.76,26.28,26.39,26.34
"10493",266,2009,26.26,27.06,26.86,26.82
"10494",267,2009,26.45,27.21,27.08,26.97
"10495",268,2009,25.61,26.48,26.46,26.54
"10496",269,2009,24.85,25.67,25.33,25.9
"10497",270,2009,25.5,26.16,26.14,25.97
"10498",271,2009,25.4,25.73,25.56,25.95
"10499",272,2009,26.01,26.28,26.2,26.22
"10500",273,2009,25.96,26.49,26.78,26.65
"10501",274,2009,25.76,26.63,26.51,26.58
"10502",275,2009,25.5,26.1,25.67,25.86
"10503",276,2009,24.79,25.2,25.34,25
"10504",277,2009,25.58,26.06,25.82,25.75
"10505",278,2009,26.36,26.93,26.76,26.68
"10506",279,2009,26.45,27.33,27.06,27
"10507",280,2009,25.85,26.15,26.52,26.36
"10508",281,2009,25.9,26.37,26.3,26.58
"10509",282,2009,26.16,26.46,26.73,26.61
"10510",283,2009,26.05,26.71,26.54,27.04
"10511",284,2009,25.57,26.41,26.51,26.36
"10512",285,2009,26.2,26.57,26.61,26.71
"10513",286,2009,26.21,26.3,26.58,26.51
"10514",287,2009,25.72,26.18,26.47,26.2
"10515",288,2009,25.03,25.92,26.29,25.78
"10516",289,2009,25.14,25.26,25.75,24.99
"10517",290,2009,25.83,26.4,26.56,26.23
"10518",291,2009,26.35,26.97,26.99,27.07
"10519",292,2009,26.31,27.16,27.15,27.1
"10520",293,2009,26.07,26.77,26.79,26.73
"10521",294,2009,26.49,27.05,26.8,26.91
"10522",295,2009,26.1,26.73,26.59,26.57
"10523",296,2009,25.39,25.64,26.16,25.48
"10524",297,2009,25.47,25.84,26.12,25.88
"10525",298,2009,25.65,26.01,26.41,25.85
"10526",299,2009,26.62,27.03,27.1,26.66
"10527",300,2009,26.87,27.37,27.44,27.09
"10528",301,2009,26.14,27.12,27.19,26.85
"10529",302,2009,26.17,26.68,26.97,26.23
"10530",303,2009,25.34,25.86,25.84,25.87
"10531",304,2009,25.78,26.19,26.26,25.95
"10532",305,2009,26.16,26.58,26.77,26.35
"10533",306,2009,26.66,27.02,26.92,26.77
"10534",307,2009,26,26.52,26.21,26.24
"10535",308,2009,26.36,26.58,26.89,26.64
"10536",309,2009,26.94,27.32,27.58,27.17
"10537",310,2009,27.2,27.61,27.62,27.44
"10538",311,2009,27.22,27.33,27.47,27.13
"10539",312,2009,26.42,27.43,27.4,27.04
"10540",313,2009,26.71,27.42,27.52,27.36
"10541",314,2009,26.97,27.4,27.7,27.18
"10542",315,2009,27.16,27.98,28.27,27.72
"10543",316,2009,26.64,27.53,28.16,27.2
"10544",317,2009,25.88,26.79,26.65,26.69
"10545",318,2009,25.34,25.79,26.1,26.04
"10546",319,2009,26.13,26.48,26.53,26.64
"10547",320,2009,26.83,27.03,27.2,26.91
"10548",321,2009,26.28,27.1,27.12,27.07
"10549",322,2009,26.43,27.05,27.22,26.68
"10550",323,2009,26.47,27.3,27.6,27.1
"10551",324,2009,26.29,27.22,27.62,26.81
"10552",325,2009,26.05,26.8,27.23,26.55
"10553",326,2009,26.35,27.28,27.57,26.92
"10554",327,2009,26.23,27.29,27.61,27.03
"10555",328,2009,26.39,27.15,27.78,26.76
"10556",329,2009,26.2,27.17,27.6,26.78
"10557",330,2009,26.68,27.44,27.76,27.04
"10558",331,2009,26.9,27.54,27.78,27.4
"10559",332,2009,26.62,27.24,28.03,26.97
"10560",333,2009,26.72,27.5,28.2,27.2
"10561",334,2009,27.03,27.78,28.35,27.35
"10562",335,2009,27.2,27.89,28.45,27.44
"10563",336,2009,27.28,27.96,28.44,27.61
"10564",337,2009,27.61,28.2,28.76,28.06
"10565",338,2009,27.41,28.04,28.95,27.7
"10566",339,2009,27.49,28.18,28.75,27.95
"10567",340,2009,27.34,27.79,28.67,27.89
"10568",341,2009,27.44,28.1,29.07,27.96
"10569",342,2009,27.56,28.36,29.11,28.15
"10570",343,2009,27.16,28.16,28.87,27.82
"10571",344,2009,26.17,27.81,28.04,27.48
"10572",345,2009,26.23,27.83,28.39,27.33
"10573",346,2009,26.66,28.15,28.51,27.76
"10574",347,2009,27.02,28.28,28.56,28.01
"10575",348,2009,27.21,28.34,28.97,27.79
"10576",349,2009,27.27,28.47,28.75,28.08
"10577",350,2009,27.14,27.95,28.53,27.69
"10578",351,2009,27.23,28.4,28.75,28
"10579",352,2009,26.92,28.63,28.52,28.29
"10580",353,2009,26.56,28.32,28,27.94
"10581",354,2009,26.24,27.71,27.63,27.39
"10582",355,2009,24.95,26.19,26.33,25.85
"10583",356,2009,25.45,26.73,26.75,26.55
"10584",357,2009,25.92,27.11,27.08,27.03
"10585",358,2009,26.24,27.19,27.56,27.12
"10586",359,2009,25.98,27.16,27.8,26.83
"10587",360,2009,25.97,27.17,27.87,26.29
"10588",361,2009,26.23,28.12,28.32,27.57
"10589",362,2009,26.47,27.55,28.13,27.25
"10590",363,2009,26.78,27.74,28.82,26.98
"10591",364,2009,26.89,27.98,28.81,27.33
"10592",365,2009,26.76,27.79,28.53,27.15
"10593",1,2010,26.62,28.06,28.19,27.17
"10594",2,2010,26.17,27.35,27.94,26.54
"10595",3,2010,26.38,27.58,28.39,26.43
"10596",4,2010,26.9,27.77,28.7,26.82
"10597",5,2010,27.67,28.87,29.42,28.06
"10598",6,2010,27.12,29.02,29.42,28.05
"10599",7,2010,26.92,29.02,29.21,28.42
"10600",8,2010,27.34,29.62,30.09,28.9
"10601",9,2010,27.7,29.33,29.6,28.89
"10602",10,2010,27.84,28.94,29.41,28.24
"10603",11,2010,28.13,29.2,30.01,28.27
"10604",12,2010,28.26,29.17,29.88,28.41
"10605",13,2010,28.64,29.62,29.93,29.14
"10606",14,2010,28.58,29.62,30.35,28.93
"10607",15,2010,28.32,30.03,30.04,29.4
"10608",16,2010,27.67,29.89,29.75,29.42
"10609",17,2010,27.16,29.6,29.65,29.2
"10610",18,2010,27.07,29.47,29.66,28.94
"10611",19,2010,27.14,29.37,30.11,28.63
"10612",20,2010,27.73,29.53,29.96,29.32
"10613",21,2010,28.22,29.68,30.39,29.1
"10614",22,2010,28.54,30.45,30.5,29.85
"10615",23,2010,28.37,30.17,30.25,29.56
"10616",24,2010,28.24,29.97,30.29,29.38
"10617",25,2010,27.68,30.16,30.19,29.42
"10618",26,2010,27.4,29.39,29.65,29.13
"10619",27,2010,28,29.9,30.04,29.44
"10620",28,2010,28.52,29.88,30.07,29.53
"10621",29,2010,28.19,29.24,29.73,28.77
"10622",30,2010,28.7,29.53,30.04,29.28
"10623",31,2010,29.06,29.84,30.26,29.62
"10624",32,2010,29.06,30.71,30.82,30.22
"10625",33,2010,28.26,30.42,30.42,29.78
"10626",34,2010,27.88,30.57,30.49,30.09
"10627",35,2010,28.69,31.46,31.25,30.68
"10628",36,2010,28.11,31.21,31.2,30.25
"10629",37,2010,28.2,31.3,31.22,30.47
"10630",38,2010,28.58,31.11,31.19,30.58
"10631",39,2010,27.94,30.38,30.41,30.06
"10632",40,2010,27.97,30.62,29.42,29.67
"10633",41,2010,28.44,30.7,30.11,30.25
"10634",42,2010,28.86,30.8,30.7,30.49
"10635",43,2010,28.81,30.65,30.84,30.09
"10636",44,2010,29.51,30.97,31.39,30.7
"10637",45,2010,29.99,31.63,32.08,31.09
"10638",46,2010,30.23,32.21,32.51,31.82
"10639",47,2010,30.17,31.62,31.74,31.39
"10640",48,2010,29.58,30.73,31.31,30.28
"10641",49,2010,29.23,30.8,31.56,30.36
"10642",50,2010,27.28,28.79,28.73,28.61
"10643",51,2010,25.79,26.99,27.82,26.48
"10644",52,2010,27.28,28.64,29.31,28.32
"10645",53,2010,27.93,28.91,29.37,29
"10646",54,2010,28.04,29.29,29.7,29.39
"10647",55,2010,26.93,28.13,28.43,28.31
"10648",56,2010,26.51,27.69,27.51,28.01
"10649",57,2010,26.58,27.91,28.37,27.49
"10650",58,2010,27.18,28.29,28.44,28.31
"10651",59,2010,27.89,29.13,29.36,28.95
"10652",60,2010,28,29.32,29.51,28.83
"10653",61,2010,27.67,28.67,29.18,28.66
"10654",62,2010,26.75,27.95,28.36,28.12
"10655",63,2010,26.77,27.8,27.77,28.08
"10656",64,2010,26.56,27.6,27.64,27.86
"10657",65,2010,27.09,27.94,28,27.96
"10658",66,2010,27.44,28.41,28.63,28.29
"10659",67,2010,27.62,28.23,28.64,27.88
"10660",68,2010,26.83,27.53,27.9,27.81
"10661",69,2010,26.75,27.37,27.5,27.58
"10662",70,2010,26.69,27.6,27.26,27.78
"10663",71,2010,27.01,27.79,27.83,28.03
"10664",72,2010,27.54,28.37,28.69,28.25
"10665",73,2010,28.22,29.33,29.38,29.49
"10666",74,2010,28.27,28.91,29.1,29.28
"10667",75,2010,27.95,28.02,29.3,28.22
"10668",76,2010,26.61,26.62,27.51,26.44
"10669",77,2010,26.16,26.79,26.43,27.36
"10670",78,2010,25.51,25.86,26.05,25.89
"10671",79,2010,25.98,26.78,27.23,26.44
"10672",80,2010,26.7,27.2,27.68,27.27
"10673",81,2010,27.41,27.49,28.03,27.49
"10674",82,2010,27.2,27.07,28.11,26.87
"10675",83,2010,27.66,27.93,28.82,27.69
"10676",84,2010,27.79,28.34,29.14,27.95
"10677",85,2010,27.75,28.32,29.33,27.75
"10678",86,2010,26.77,27.44,28.07,27.29
"10679",87,2010,26.56,27.02,27.55,26.6
"10680",88,2010,27.08,27.38,28.4,27.37
"10681",89,2010,26.09,26.91,28.24,26.15
"10682",90,2010,26.62,27.96,28.38,27.51
"10683",91,2010,26.56,27.99,27.86,27.81
"10684",92,2010,27.12,28.05,28.46,28.06
"10685",93,2010,27.65,28.34,28.7,27.76
"10686",94,2010,26.94,27.61,27.74,27.47
"10687",95,2010,25.15,25.46,25.77,25.38
"10688",96,2010,25.41,26.1,25.51,25.99
"10689",97,2010,25.17,25.35,26,25.06
"10690",98,2010,25.25,26.11,25.6,25.68
"10691",99,2010,24.84,25.45,25.64,24.77
"10692",100,2010,24.23,25.22,24.63,25.52
"10693",101,2010,24.59,25.28,25.66,24.87
"10694",102,2010,25.61,26.26,26.34,25.76
"10695",103,2010,25.53,26.18,26.19,26.05
"10696",104,2010,25.27,26.27,25.76,26.25
"10697",105,2010,25.23,26.08,25.78,25.76
"10698",106,2010,25.59,26.16,25.57,25.61
"10699",107,2010,26.56,27,27,26.77
"10700",108,2010,26.74,27.2,27.04,27.2
"10701",109,2010,26.15,26.51,27.13,26.05
"10702",110,2010,27.16,27.57,27.39,27.46
"10703",111,2010,26.53,26.86,26.98,27.15
"10704",112,2010,27.16,27.39,27.45,27.32
"10705",113,2010,26.27,27.19,27.12,26.87
"10706",114,2010,25.95,26.05,26.73,25.69
"10707",115,2010,26.27,27.02,26.76,27.06
"10708",116,2010,25.6,26.15,26.48,26.05
"10709",117,2010,25.29,26.03,25.98,26.22
"10710",118,2010,25.29,25.59,25.99,25.35
"10711",119,2010,26.1,26.65,26.86,26.53
"10712",120,2010,25.9,26.78,27.22,26.39
"10713",121,2010,26.54,27.35,27.09,27.15
"10714",122,2010,25.09,25.51,25.34,26.3
"10715",123,2010,25.68,26.28,26.43,26.34
"10716",124,2010,26.62,26.89,26.93,27.01
"10717",125,2010,26.05,26.99,26.93,27.12
"10718",126,2010,26.22,26.79,26.84,26.78
"10719",127,2010,26.44,27,27.19,26.68
"10720",128,2010,25.83,26.15,26.17,26.1
"10721",129,2010,25.38,25.96,25.71,25.26
"10722",130,2010,25.33,25.44,25.81,25.38
"10723",131,2010,24.01,24.88,24.96,24.47
"10724",132,2010,23.25,23.85,23.95,23.84
"10725",133,2010,22.96,23.61,23.24,23.72
"10726",134,2010,23.36,24.3,23.76,24.58
"10727",135,2010,24.66,25.43,25.39,25.7
"10728",136,2010,25.51,26.56,26.37,26.3
"10729",137,2010,25.07,25.65,25.59,25.29
"10730",138,2010,26.33,26.53,26.48,26.25
"10731",139,2010,26,26.24,26.27,26.15
"10732",140,2010,25.04,25.79,25.7,25.99
"10733",141,2010,25.47,26.19,25.78,26.25
"10734",142,2010,25.39,26.06,25.49,26.26
"10735",143,2010,26.08,26.57,26.53,26.49
"10736",144,2010,27.03,27.36,27.34,27.02
"10737",145,2010,26.17,26.47,26.7,26.32
"10738",146,2010,25.72,26.65,26.56,26.56
"10739",147,2010,25.62,25.96,26.24,25.52
"10740",148,2010,24.33,25.22,25.09,25.52
"10741",149,2010,25.65,26.19,26.11,25.84
"10742",150,2010,26.77,27.05,27.27,26.78
"10743",151,2010,25.38,25.78,26.22,25.7
"10744",152,2010,24.9,25.44,25.57,25.18
"10745",153,2010,25.52,26.1,26.15,25.95
"10746",154,2010,24.62,25.34,25.35,25.22
"10747",155,2010,24.64,25.06,25.33,24.91
"10748",156,2010,24.93,25.56,25.64,25.31
"10749",157,2010,25.33,25.57,25.67,25.48
"10750",158,2010,25.88,26.25,26.01,26.3
"10751",159,2010,25.12,25.87,25.7,25.8
"10752",160,2010,24.52,24.95,24.2,25.25
"10753",161,2010,24.65,25.43,24.92,25.56
"10754",162,2010,24.88,25.65,25.34,25.53
"10755",163,2010,24.91,25.46,24.95,25.66
"10756",164,2010,24.96,25.36,25.41,25.76
"10757",165,2010,24.45,24.75,25.41,25.03
"10758",166,2010,24.67,24.91,25.05,25.34
"10759",167,2010,24.3,24.92,25.03,24.61
"10760",168,2010,24.73,25.23,25.44,24.79
"10761",169,2010,24.86,25.14,25.68,24.74
"10762",170,2010,25.04,25.44,25.32,25.29
"10763",171,2010,25.09,25.37,25.05,25.21
"10764",172,2010,25.5,25.96,25.66,25.69
"10765",173,2010,25.93,25.96,26.56,25.93
"10766",174,2010,26.2,25.75,26.33,25.81
"10767",175,2010,26.13,26.39,26.03,26.34
"10768",176,2010,25.72,25.67,26.04,25.55
"10769",177,2010,25.01,25.86,25.87,25.38
"10770",178,2010,25.31,26.23,25.82,26.08
"10771",179,2010,24.59,25.69,24.84,25.7
"10772",180,2010,23.48,24.32,23.99,24.5
"10773",181,2010,24.38,25.09,24.83,25.27
"10774",182,2010,24.36,25.09,24.63,24.93
"10775",183,2010,24.13,24.61,24.27,24.72
"10776",184,2010,24.83,25.26,25.09,25.31
"10777",185,2010,24.59,25.2,25,24.85
"10778",186,2010,24.87,25.08,25.02,25.58
"10779",187,2010,25.05,25.3,25.5,24.94
"10780",188,2010,24.86,25.26,25.86,24.74
"10781",189,2010,24.79,24.59,24.47,24.44
"10782",190,2010,25.15,25.31,25.52,25.02
"10783",191,2010,25.19,26.06,26.28,25.69
"10784",192,2010,23.74,24.2,24.51,23.99
"10785",193,2010,25.15,25.11,25.36,24.95
"10786",194,2010,25.82,25.94,26.02,25.78
"10787",195,2010,24.74,24.95,24.93,24.91
"10788",196,2010,25.41,25.88,25.7,25.75
"10789",197,2010,24.22,24.32,24.3,24.21
"10790",198,2010,23.64,24.4,24.14,24.48
"10791",199,2010,22.32,23.31,23.24,23.2
"10792",200,2010,22.82,23.73,23.04,23.68
"10793",201,2010,23.83,24.56,24.31,24.42
"10794",202,2010,24.82,24.87,24.76,24.95
"10795",203,2010,25.36,25.63,25.4,25.96
"10796",204,2010,24.8,25.05,25.47,24.87
"10797",205,2010,24.74,25.11,24.59,25.32
"10798",206,2010,24.76,25.37,24.99,25.26
"10799",207,2010,24.15,24.7,25.07,24.31
"10800",208,2010,23.89,23.94,24.46,23.52
"10801",209,2010,25,25.19,24.88,25.34
"10802",210,2010,24.16,25.03,24.79,24.58
"10803",211,2010,24.47,24.97,24.31,25.24
"10804",212,2010,25.99,26.16,25.8,26.2
"10805",213,2010,25.46,25.87,26.12,25.79
"10806",214,2010,24.75,25.4,24.89,25.86
"10807",215,2010,24.48,25.13,25.18,25.16
"10808",216,2010,25.31,25.81,25.48,25.96
"10809",217,2010,25.04,25.69,25.18,25.46
"10810",218,2010,23.3,24.48,24.04,24.69
"10811",219,2010,22.86,23.88,23.25,24.18
"10812",220,2010,23.46,24.22,23.74,24.22
"10813",221,2010,23.49,24.33,23.92,24.74
"10814",222,2010,24.21,25.06,24.37,25.34
"10815",223,2010,24.72,25.3,24.52,25.7
"10816",224,2010,25.28,25.91,25.49,26.07
"10817",225,2010,25.31,26.05,25.35,26.29
"10818",226,2010,24.1,24.69,24.83,24.44
"10819",227,2010,23.53,24.36,24.02,24.34
"10820",228,2010,24.77,25.31,25.42,25.33
"10821",229,2010,25.89,26.26,26.21,26.37
"10822",230,2010,23.85,24.32,24.45,24.64
"10823",231,2010,24,24.44,23.86,24.58
"10824",232,2010,25.39,25.57,25.38,25.65
"10825",233,2010,24.93,25.66,25.82,25.49
"10826",234,2010,24.77,25.7,25.74,25.67
"10827",235,2010,25.67,26.25,25.65,26.33
"10828",236,2010,26.3,26.73,26.47,26.62
"10829",237,2010,24.95,25.54,25.66,25.8
"10830",238,2010,25.69,26.07,25.67,26.16
"10831",239,2010,25.63,26.04,25.86,26.14
"10832",240,2010,25.87,26.43,26.18,26.41
"10833",241,2010,26.45,26.85,26.29,27.18
"10834",242,2010,26.36,27.21,26.75,27.35
"10835",243,2010,26.07,26.62,26.47,26.63
"10836",244,2010,25.76,26.73,26.53,26.74
"10837",245,2010,25.36,25.92,26.14,25.79
"10838",246,2010,24.74,25.79,25.35,25.71
"10839",247,2010,24.86,25.59,25.22,25.51
"10840",248,2010,25.43,25.68,26.11,25.36
"10841",249,2010,25.41,26.02,26.12,25.79
"10842",250,2010,24.82,25.45,24.96,25.58
"10843",251,2010,24.77,25.62,25.03,25.88
"10844",252,2010,25.87,26.32,25.68,26.47
"10845",253,2010,26.67,26.68,27.01,26.5
"10846",254,2010,25.64,26.14,26.23,26.02
"10847",255,2010,26.12,26.51,26.59,26.6
"10848",256,2010,26.45,26.52,26.28,26.56
"10849",257,2010,26.8,27.32,26.72,27.35
"10850",258,2010,26.2,26.77,26.97,26.5
"10851",259,2010,25.32,25.89,25.39,26.55
"10852",260,2010,25.81,26.12,26.03,26.28
"10853",261,2010,26.17,26.77,26.26,26.8
"10854",262,2010,25.16,25.99,26.43,25.58
"10855",263,2010,25.02,25.68,25.33,25.48
"10856",264,2010,25.43,26.06,25.26,25.64
"10857",265,2010,26.64,26.84,26.9,26.82
"10858",266,2010,25.71,26.42,26.52,25.82
"10859",267,2010,25.07,25.71,25.82,26.08
"10860",268,2010,25.38,26,25.58,26.22
"10861",269,2010,26.23,26.69,26.66,26.82
"10862",270,2010,26.42,26.97,26.95,26.84
"10863",271,2010,26.08,26.66,26.58,26.68
"10864",272,2010,26.62,27.28,27.22,26.88
"10865",273,2010,26.74,27.23,27.2,27.33
"10866",274,2010,26.67,27.28,27.14,27.11
"10867",275,2010,26.91,26.91,27.47,26.28
"10868",276,2010,26.92,26.98,27.6,26.36
"10869",277,2010,25.25,26.02,26.31,25.66
"10870",278,2010,25.03,25.76,25.57,25.51
"10871",279,2010,26.04,26.63,26.35,26.42
"10872",280,2010,26.72,27.3,26.79,27.04
"10873",281,2010,27.06,27.57,27.35,27.22
"10874",282,2010,26.32,26.5,27.38,26.65
"10875",283,2010,25.9,26.45,26.26,26.69
"10876",284,2010,25.82,26.29,26.22,26.22
"10877",285,2010,25.95,26.32,26.17,26.11
"10878",286,2010,25.71,26.3,26.45,26.4
"10879",287,2010,25.83,26.47,26.73,26.48
"10880",288,2010,25.31,25.79,25.89,26.07
"10881",289,2010,25.46,25.89,26.26,25.71
"10882",290,2010,25.53,26.17,25.65,26.21
"10883",291,2010,25.66,26,25.93,25.91
"10884",292,2010,26.09,26.1,26.33,26.17
"10885",293,2010,24.97,25.63,26.24,25.03
"10886",294,2010,25.26,25.32,25.87,25.21
"10887",295,2010,26.27,26.54,26.52,26.41
"10888",296,2010,27.09,27.4,27.38,27.3
"10889",297,2010,26.81,27.27,27.36,27.19
"10890",298,2010,25.58,26.67,26.69,26.43
"10891",299,2010,25.61,26.4,26.12,26.28
"10892",300,2010,25.53,26.43,26.19,26.12
"10893",301,2010,26.06,26.71,26.47,26.55
"10894",302,2010,26.85,27.2,27.01,27.1
"10895",303,2010,27.16,27.88,27.55,27.78
"10896",304,2010,26.81,27.65,27.2,27.48
"10897",305,2010,26.16,26.86,26.37,26.36
"10898",306,2010,25.39,25.52,25.31,25.69
"10899",307,2010,25.23,25.6,25.58,25.55
"10900",308,2010,26.31,26.63,26.64,26.31
"10901",309,2010,27.3,27.16,27.61,26.85
"10902",310,2010,26.12,26.91,27.31,26.82
"10903",311,2010,24.98,25.55,25.55,25.34
"10904",312,2010,25.11,25.63,25.78,25.59
"10905",313,2010,25.31,25.86,26,25.68
"10906",314,2010,25.31,25.35,25.87,25.46
"10907",315,2010,25.35,26.14,26.02,26.05
"10908",316,2010,24.42,24.86,24.79,24.7
"10909",317,2010,24.45,24.83,25.08,24.43
"10910",318,2010,25.18,25.38,25.67,25.34
"10911",319,2010,25.87,26,26.17,25.96
"10912",320,2010,25.89,26.23,26.46,25.92
"10913",321,2010,24.8,26.21,26.38,25.75
"10914",322,2010,23.91,24.5,24.9,24.42
"10915",323,2010,25.02,25.26,25.67,24.99
"10916",324,2010,25.71,25.92,26.41,25.77
"10917",325,2010,25.41,26.5,26.49,26.33
"10918",326,2010,25.13,25.89,25.95,25.94
"10919",327,2010,25.72,26.2,26.22,26.27
"10920",328,2010,26.11,26.28,26.36,26.28
"10921",329,2010,26.12,26.42,26.42,26.2
"10922",330,2010,24.42,25.36,25.22,25.09
"10923",331,2010,24.38,25,25.02,24.67
"10924",332,2010,25.58,26,26.07,25.66
"10925",333,2010,26.39,26.57,26.79,26.37
"10926",334,2010,26.12,26.5,26.64,26.33
"10927",335,2010,25.17,25.77,25.67,25.91
"10928",336,2010,25.37,26.07,26.17,25.75
"10929",337,2010,24.37,25.19,24.96,24.78
"10930",338,2010,24.71,24.67,24.9,24.13
"10931",339,2010,25.03,25.28,25.34,25.03
"10932",340,2010,25.16,25.74,25.9,25.39
"10933",341,2010,24.96,25.64,25.67,25.62
"10934",342,2010,25.75,26.18,26.11,25.78
"10935",343,2010,25.7,26.19,26.25,25.82
"10936",344,2010,25.97,26.26,26.48,26.03
"10937",345,2010,26.21,26.53,26.57,26.39
"10938",346,2010,25.93,26.25,26.48,26.14
"10939",347,2010,25.92,26.28,26.73,26.31
"10940",348,2010,26.44,26.8,26.87,26.67
"10941",349,2010,25.67,26.11,26.25,26.18
"10942",350,2010,25.53,26.21,26.47,25.82
"10943",351,2010,24.76,25.5,25.41,25.71
"10944",352,2010,25.07,25.88,25.69,26.11
"10945",353,2010,25.57,25.69,26.14,25.61
"10946",354,2010,26.11,26.36,26.82,25.95
"10947",355,2010,25.7,26.49,26.94,26.43
"10948",356,2010,24.88,26.03,26.16,25.87
"10949",357,2010,24.84,26.15,26.49,25.63
"10950",358,2010,25.17,26.23,26.31,25.87
"10951",359,2010,25.1,26.01,26.51,25.55
"10952",360,2010,24.39,25.25,25.81,24.88
"10953",361,2010,25.13,26.04,25.89,25.74
"10954",362,2010,25.27,26.24,26.58,26.08
"10955",363,2010,25.55,26.08,26.81,26.08
"10956",364,2010,25.51,25.89,26.49,25.94
"10957",365,2010,25.6,26.08,26.65,25.91
"10958",1,2011,26.02,26.49,26.67,26.31
"10959",2,2011,25.77,25.9,26.78,25.85
"10960",3,2011,25.65,26.29,26.74,26.24
"10961",4,2011,25.83,26.11,26.81,25.92
"10962",5,2011,25.58,26.26,26.98,25.84
"10963",6,2011,25.44,26.01,26.75,25.75
"10964",7,2011,24.66,25.29,25.39,24.69
"10965",8,2011,25.25,25.88,26.3,25.39
"10966",9,2011,24.14,25.26,25.72,24.77
"10967",10,2011,24.69,25.82,25.9,25.48
"10968",11,2011,24.87,25.92,26.61,25.53
"10969",12,2011,25.12,25.67,26.42,25.26
"10970",13,2011,25.69,26.14,26.98,25.56
"10971",14,2011,26.35,26.94,27.66,26.48
"10972",15,2011,26.49,27.29,28.02,26.7
"10973",16,2011,26.29,27.29,27.75,26.89
"10974",17,2011,26.09,27.25,27.68,26.65
"10975",18,2011,26.18,26.92,27.5,26.36
"10976",19,2011,26.41,27.29,27.96,26.13
"10977",20,2011,26.42,27.08,27.82,26.46
"10978",21,2011,26.14,26.96,27.59,26.11
"10979",22,2011,26.15,26.97,27.82,26.04
"10980",23,2011,26.6,27.54,28.08,26.92
"10981",24,2011,26.86,27.75,28.01,27.12
"10982",25,2011,26.6,27.38,28,26.76
"10983",26,2011,26.81,27.67,28.29,27.13
"10984",27,2011,27.06,27.73,28.25,27.37
"10985",28,2011,26.85,27.5,27.88,27.34
"10986",29,2011,27.06,28.08,28.42,27.61
"10987",30,2011,26.9,28.25,28.39,27.73
"10988",31,2011,25.82,28.07,28.02,27.76
"10989",32,2011,26.05,28.13,28.23,27.62
"10990",33,2011,26.52,28.05,27.98,28.04
"10991",34,2011,27.22,28.2,28.39,27.58
"10992",35,2011,26.97,27.63,27.97,27.39
"10993",36,2011,27.12,28.14,28.36,27.62
"10994",37,2011,27.54,28.32,28.82,27.91
"10995",38,2011,28.3,29.03,29.62,28.39
"10996",39,2011,28.16,29.31,29.04,28.94
"10997",40,2011,27.74,28.93,29.1,28.77
"10998",41,2011,26.93,28.68,28.53,28.4
"10999",42,2011,27.44,29.06,29.28,28.76
"11000",43,2011,26.56,28.52,29.03,28.45
"11001",44,2011,27.37,29.41,29.45,29.35
"11002",45,2011,26.58,28.96,28.57,29.17
"11003",46,2011,25.97,27.99,27.85,27.55
"11004",47,2011,25.79,28.3,28.38,27.24
"11005",48,2011,26.61,28.83,28.87,28.29
"11006",49,2011,27.33,28.95,29.11,28.35
"11007",50,2011,27.62,29.19,29.18,28.52
"11008",51,2011,27.57,28.78,29.33,28.56
"11009",52,2011,27.79,29.13,29.2,28.75
"11010",53,2011,27.56,29.08,29.29,28.49
"11011",54,2011,26.69,28.49,28.62,28.36
"11012",55,2011,26.57,28.13,28.43,28.34
"11013",56,2011,26.06,27.59,27.86,27.29
"11014",57,2011,25.58,26.83,27.83,26.33
"11015",58,2011,23.59,24.68,26.35,24.59
"11016",59,2011,24.79,25.59,26.83,24.94
"11017",60,2011,25.83,26.85,28.02,26.33
"11018",61,2011,26.12,26.78,28.28,25.96
"11019",62,2011,26.12,26.78,28.03,26.19
"11020",63,2011,26.17,27,27.9,26.58
"11021",64,2011,26,26.99,27.51,26.48
"11022",65,2011,25.61,26.11,26.98,25.76
"11023",66,2011,25.8,27.13,27.59,26.39
"11024",67,2011,25.26,27.25,26.76,26.89
"11025",68,2011,25.21,26.75,27.18,26.28
"11026",69,2011,24.34,26.14,26.43,25.54
"11027",70,2011,24.54,25.67,25.48,25.21
"11028",71,2011,25.68,26.6,26.9,26.1
"11029",72,2011,26.05,26.97,27.62,26.47
"11030",73,2011,26.3,27.31,28,26.62
"11031",74,2011,26.57,27.93,28.27,27.16
"11032",75,2011,25.38,26.97,26.78,26.98
"11033",76,2011,25.47,27.08,27.22,26.18
"11034",77,2011,25.72,27.15,28.4,26.02
"11035",78,2011,25.63,27.18,28.49,26.12
"11036",79,2011,26.71,28.34,29.34,27.47
"11037",80,2011,25.45,27.32,28.09,26.95
"11038",81,2011,24.91,26.81,27.1,26.27
"11039",82,2011,25.42,27.45,27.86,26.65
"11040",83,2011,25.29,27.27,28.44,25.86
"11041",84,2011,24.93,26.44,26.96,26.21
"11042",85,2011,24.73,25.58,27.04,25.41
"11043",86,2011,25.75,27.17,28.06,26.63
"11044",87,2011,26.51,28.16,28.84,27.74
"11045",88,2011,26.42,27.96,28.77,27.63
"11046",89,2011,26.43,28.07,29.5,27.64
"11047",90,2011,24.88,26.73,27.89,26.11
"11048",91,2011,25.46,27.25,27.97,26.68
"11049",92,2011,25.71,27.46,28.52,27.14
"11050",93,2011,25.59,26.87,28.49,26.45
"11051",94,2011,25.82,27.58,29.13,27.14
"11052",95,2011,26.58,28.66,30.14,27.95
"11053",96,2011,26.55,28.82,30.11,28.3
"11054",97,2011,25.01,26.74,27.83,26.78
"11055",98,2011,24.89,26.15,26.75,26.06
"11056",99,2011,25.07,26.32,27.12,26.34
"11057",100,2011,24.29,25.43,25.59,24.84
"11058",101,2011,24.54,25.15,24.63,24.95
"11059",102,2011,24.94,24.89,25.32,24.67
"11060",103,2011,25.38,25.78,25.87,25.24
"11061",104,2011,25.55,25.73,26.23,25.65
"11062",105,2011,24.5,25.31,25.33,25.33
"11063",106,2011,24.45,25.45,25.15,25.56
"11064",107,2011,23.82,24.28,24.84,23.93
"11065",108,2011,24.42,25,24.34,25.45
"11066",109,2011,24.57,25.5,25.63,25.28
"11067",110,2011,24.13,24.91,24.88,24.08
"11068",111,2011,24.74,25.57,24.86,25.23
"11069",112,2011,25.2,26,25.87,25.55
"11070",113,2011,24.49,25.07,25.47,24.73
"11071",114,2011,24.92,25.77,26.23,25.37
"11072",115,2011,24.79,25.66,26.26,25.24
"11073",116,2011,25.27,26.19,26.17,26.17
"11074",117,2011,24.61,25.3,25.04,25.16
"11075",118,2011,24.87,25.43,24.87,25.51
"11076",119,2011,25.47,26.01,25.83,25.96
"11077",120,2011,26.31,26.31,26.68,26.02
"11078",121,2011,25.14,25.4,25.48,25.26
"11079",122,2011,24.5,25.48,25.46,25.2
"11080",123,2011,24.4,24.8,25.15,24.38
"11081",124,2011,23.75,25,24.28,24.62
"11082",125,2011,23.28,24.17,24.11,24.55
"11083",126,2011,24.02,24.9,24.76,25.06
"11084",127,2011,24.16,24.86,25.29,24.32
"11085",128,2011,23.7,24.8,24.55,24.45
"11086",129,2011,24.56,25.47,24.89,25.44
"11087",130,2011,25.03,25.86,25.16,25.99
"11088",131,2011,25.13,26.04,25.92,26.06
"11089",132,2011,25.76,26.32,26.19,26.07
"11090",133,2011,25.21,25.84,25.92,25.68
"11091",134,2011,24.27,24.6,24.66,24.54
"11092",135,2011,25.3,25.77,25.04,25.71
"11093",136,2011,24.51,24.85,25.17,24.29
"11094",137,2011,24.26,25.01,24.59,25.06
"11095",138,2011,24.87,25.2,25.36,24.96
"11096",139,2011,24.43,25.18,25.68,24.5
"11097",140,2011,24.52,24.56,25.02,24.16
"11098",141,2011,24.92,25.28,25.37,24.82
"11099",142,2011,24.5,25.04,25.53,24.34
"11100",143,2011,25.18,25.72,25.73,25.37
"11101",144,2011,24.86,25.43,25.06,25.69
"11102",145,2011,24.98,25.6,25.52,25.89
"11103",146,2011,25.49,26.18,26.22,25.74
"11104",147,2011,25.16,26.08,25.7,25.69
"11105",148,2011,25.13,25.86,26.1,25.57
"11106",149,2011,24.78,25.55,25.32,25.48
"11107",150,2011,23.78,24.65,24.83,24.36
"11108",151,2011,23.7,24.38,24.34,24.56
"11109",152,2011,24.15,24.89,24.13,25.28
"11110",153,2011,24.45,25.07,24.78,25.14
"11111",154,2011,24.43,25.39,24.49,25.19
"11112",155,2011,23.86,24.43,24.51,24.29
"11113",156,2011,24.19,25.07,24.9,24.89
"11114",157,2011,25.71,26.1,26.03,26
"11115",158,2011,26.1,26.57,26.34,26.4
"11116",159,2011,25.24,25.88,25.94,25.38
"11117",160,2011,25.77,26.4,26.38,26.11
"11118",161,2011,25.8,26.25,26.44,25.89
"11119",162,2011,24.78,25.71,25.55,25.62
"11120",163,2011,25.01,25.59,25.23,25.78
"11121",164,2011,24.52,25.17,24.89,25.1
"11122",165,2011,24.65,25.37,25.19,25.33
"11123",166,2011,25.17,25.75,25.74,25.88
"11124",167,2011,25.08,25.65,25.84,25.54
"11125",168,2011,24.73,25.31,25.63,25.32
"11126",169,2011,23.62,24.28,24.54,24.06
"11127",170,2011,24.4,25.11,24.92,24.77
"11128",171,2011,25.33,25.64,25.57,25.56
"11129",172,2011,25.7,25.48,25.81,25.49
"11130",173,2011,25.36,25.57,25.99,25.32
"11131",174,2011,24.4,24.61,24.48,24.48
"11132",175,2011,23.83,24.33,23.6,24.28
"11133",176,2011,24.2,24.48,24.38,24.34
"11134",177,2011,24.5,25.02,25.49,24.79
"11135",178,2011,23.97,24.62,24.84,24.44
"11136",179,2011,24.68,24.85,25.04,24.84
"11137",180,2011,24.33,24.95,25.13,25.03
"11138",181,2011,24.72,25.01,25.04,24.97
"11139",182,2011,23.84,24.97,24.55,25.1
"11140",183,2011,24.9,25.56,25.45,25.48
"11141",184,2011,24.89,25.25,25.61,25.12
"11142",185,2011,24.58,24.91,24.98,25.07
"11143",186,2011,24.5,24.83,24.76,24.83
"11144",187,2011,23.31,23.6,24.33,23.31
"11145",188,2011,23.9,24.33,24.91,24.26
"11146",189,2011,24.2,24.82,24.86,24.56
"11147",190,2011,25.37,25.65,25.79,25.27
"11148",191,2011,24.44,24.98,25.03,24.89
"11149",192,2011,24.16,24.58,24.54,24.71
"11150",193,2011,23.77,24.57,24.29,24.41
"11151",194,2011,24.38,24.82,24.99,24.67
"11152",195,2011,24.35,24.72,24.56,24.8
"11153",196,2011,25.02,25.05,25.18,24.98
"11154",197,2011,24.74,25.31,25.3,25.46
"11155",198,2011,25.18,25.62,25.77,25.45
"11156",199,2011,24.33,24.95,24.93,24.9
"11157",200,2011,25.14,25.45,25.37,25.1
"11158",201,2011,24.38,24.85,25.23,24.55
"11159",202,2011,24.66,25.23,25.06,25.12
"11160",203,2011,24.26,25.21,25.14,25.14
"11161",204,2011,24.93,25.16,25.52,24.88
"11162",205,2011,24.17,24.75,24.46,24.84
"11163",206,2011,23.75,24.28,24.14,24.6
"11164",207,2011,24.56,25.27,24.85,25.46
"11165",208,2011,23.77,24.53,24.38,25.03
"11166",209,2011,24.6,25.21,24.8,25.54
"11167",210,2011,24.52,25.47,25.4,25.62
"11168",211,2011,24.05,24.9,24.99,24.7
"11169",212,2011,25.3,25.6,25.86,25.44
"11170",213,2011,26.14,26.41,26.77,26.18
"11171",214,2011,26.45,26.96,27.11,26.99
"11172",215,2011,25.95,26.68,26.72,26.51
"11173",216,2011,25.2,25.77,25.91,25.25
"11174",217,2011,25.03,25.94,25.55,25.69
"11175",218,2011,24.45,24.61,24.63,25.24
"11176",219,2011,25.07,25.49,25.62,25.21
"11177",220,2011,25.33,25.89,26,25.74
"11178",221,2011,25.12,25.66,25.57,25.29
"11179",222,2011,25.56,26.09,25.9,25.97
"11180",223,2011,24.66,25.55,25.16,25.63
"11181",224,2011,24.74,25.22,25.28,24.83
"11182",225,2011,24.84,25.32,24.84,25.17
"11183",226,2011,24.77,25.04,24.72,25.44
"11184",227,2011,24.63,25.24,24.94,25.08
"11185",228,2011,25.31,25.87,25.63,25.81
"11186",229,2011,26.15,26.43,26.72,26.1
"11187",230,2011,25.89,26.59,26.83,26.59
"11188",231,2011,25.22,25.86,25.98,25.99
"11189",232,2011,25.13,25.41,25.85,25.11
"11190",233,2011,25.73,26.56,26.42,26.35
"11191",234,2011,25.03,25.69,25.77,25.58
"11192",235,2011,24.5,25.26,25,25.56
"11193",236,2011,23.59,24.12,23.96,24.61
"11194",237,2011,24.67,24.96,24.78,25.02
"11195",238,2011,24.87,25.47,25.25,25.19
"11196",239,2011,25.39,25.99,25.94,25.5
"11197",240,2011,24.8,25.6,25.21,25.51
"11198",241,2011,25.6,26.28,25.93,26.05
"11199",242,2011,26.09,26.84,26.55,26.56
"11200",243,2011,25.98,26.45,26.42,26.4
"11201",244,2011,25.06,25.56,25.44,25.56
"11202",245,2011,25.07,25.87,24.9,26.04
"11203",246,2011,25.11,25.82,25.37,26.01
"11204",247,2011,25.72,26.43,26.24,26.37
"11205",248,2011,25.98,26.79,26.28,27
"11206",249,2011,25.04,26.14,26.25,25.81
"11207",250,2011,25.09,25.49,25.83,24.95
"11208",251,2011,25.44,25.95,25.69,26.12
"11209",252,2011,25.93,26.26,26.6,26.18
"11210",253,2011,26.7,27.09,27.03,27.08
"11211",254,2011,25.47,26.19,26.26,25.67
"11212",255,2011,24.48,25.26,24.6,25.43
"11213",256,2011,25.47,26.01,25.74,26.12
"11214",257,2011,25.49,26.37,26.28,26.16
"11215",258,2011,25.81,26.44,26.49,26.3
"11216",259,2011,25.69,25.93,25.89,25.86
"11217",260,2011,25.6,26.2,26.12,25.77
"11218",261,2011,25.42,26.23,26.19,25.92
"11219",262,2011,25.49,26,26.2,26.08
"11220",263,2011,25.11,25.79,25.62,25.66
"11221",264,2011,24.47,25.03,24.84,24.89
"11222",265,2011,25.45,25.94,25.57,25.76
"11223",266,2011,26.31,26.92,26.6,26.49
"11224",267,2011,25.44,26.39,26.6,26.07
"11225",268,2011,24.86,25.23,25.2,24.88
"11226",269,2011,25.08,25.97,25.35,25.67
"11227",270,2011,25.9,26.56,26.61,26.38
"11228",271,2011,25.21,25.79,25.84,25.86
"11229",272,2011,25.92,26.42,26.52,26.48
"11230",273,2011,26.27,26.76,26.83,26.8
"11231",274,2011,26.2,26.79,26.9,26.67
"11232",275,2011,26.12,27.07,26.87,26.69
"11233",276,2011,25.45,26.33,26.39,26.09
"11234",277,2011,24.58,25.05,25.39,24.89
"11235",278,2011,25.65,25.96,26.19,25.71
"11236",279,2011,25.28,25.92,25.94,25.59
"11237",280,2011,24.81,25.37,25.71,25.49
"11238",281,2011,25.76,26.04,26.41,25.76
"11239",282,2011,26.33,26.53,26.6,26.26
"11240",283,2011,26.2,26.7,26.52,26.54
"11241",284,2011,25.64,26.19,26.5,26.21
"11242",285,2011,25.53,25.7,26.53,25.35
"11243",286,2011,26.26,26.75,26.71,26.44
"11244",287,2011,26.61,27.2,27.11,27.21
"11245",288,2011,25.49,25.95,26.02,25.94
"11246",289,2011,25.73,26.14,26.06,26.18
"11247",290,2011,25.89,26.6,25.98,26.84
"11248",291,2011,24.67,25.43,24.89,25.3
"11249",292,2011,24.98,25.28,25.08,25.22
"11250",293,2011,25.08,25.52,25.66,25.12
"11251",294,2011,24.81,25.55,25.75,25.05
"11252",295,2011,25.54,26.05,26.47,25.94
"11253",296,2011,26.07,26.57,26.89,26.09
"11254",297,2011,25.15,26.15,26.25,25.71
"11255",298,2011,25.31,26.03,25.81,25.84
"11256",299,2011,26.19,26.47,26.5,26.31
"11257",300,2011,25.6,26.04,26.13,26
"11258",301,2011,23.79,23.99,24.37,24.25
"11259",302,2011,24.35,24.62,24.57,24.65
"11260",303,2011,25.2,25.49,25.25,25.45
"11261",304,2011,26.15,26.41,26.37,26.22
"11262",305,2011,25.63,26.4,26.21,26
"11263",306,2011,25.07,25.56,25.59,25.56
"11264",307,2011,25.75,26.33,26.36,25.93
"11265",308,2011,25.76,25.92,26.12,25.74
"11266",309,2011,26.1,26.37,26.36,26.21
"11267",310,2011,26.34,26.6,26.74,26.3
"11268",311,2011,26.1,26.79,26.69,26.69
"11269",312,2011,25.36,26.04,26.34,26.19
"11270",313,2011,25.51,25.68,25.91,25.11
"11271",314,2011,26.19,26.37,26.55,25.92
"11272",315,2011,25.85,26.11,26.47,25.84
"11273",316,2011,24.42,24.67,25.15,24.4
"11274",317,2011,24.15,24.61,24.49,24.47
"11275",318,2011,25.26,25.52,25.56,25.41
"11276",319,2011,25.73,26.35,26.18,26.31
"11277",320,2011,25.52,26.37,26.09,26.1
"11278",321,2011,24.53,25.43,25.52,24.94
"11279",322,2011,24.69,25.11,25.33,24.6
"11280",323,2011,25.32,25.54,25.65,25.3
"11281",324,2011,24.78,25.43,25.81,24.91
"11282",325,2011,24.33,24.9,24.38,24.93
"11283",326,2011,25.69,25.9,25.84,25.38
"11284",327,2011,26.15,26.37,26.52,26.15
"11285",328,2011,24.64,25.36,25.64,25.13
"11286",329,2011,25.42,25.76,25.94,25.45
"11287",330,2011,25.92,26.2,26.31,26.12
"11288",331,2011,26.53,26.79,26.83,26.56
"11289",332,2011,25.74,26.51,26.65,26.46
"11290",333,2011,25.12,25.62,25.33,25.76
"11291",334,2011,25.54,26.01,25.97,25.78
"11292",335,2011,26.23,26.58,26.75,26.34
"11293",336,2011,25.81,26.51,26.57,26.29
"11294",337,2011,24.7,25.41,25.6,25.2
"11295",338,2011,25.22,25.53,25.79,25.39
"11296",339,2011,25.83,25.88,26.14,25.62
"11297",340,2011,25.36,25.85,25.96,25.56
"11298",341,2011,24.34,24.18,24.96,23.98
"11299",342,2011,25.27,25.39,25.53,25.25
"11300",343,2011,25.86,26.01,26.25,25.87
"11301",344,2011,25.91,26.37,26.39,26.27
"11302",345,2011,24.94,25.59,25.97,25.46
"11303",346,2011,25.52,25.74,26.41,25.44
"11304",347,2011,25.75,26.25,26.7,26.2
"11305",348,2011,25.75,26.43,26.6,26.17
"11306",349,2011,25.58,26.22,26.1,26.08
"11307",350,2011,25.61,26.27,26.38,26.01
"11308",351,2011,25.38,26.25,26.37,26.07
"11309",352,2011,25.32,26.12,26.18,26.03
"11310",353,2011,25.14,25.88,26.11,26.08
"11311",354,2011,25.4,26.03,26.27,25.79
"11312",355,2011,25.66,25.99,26.35,25.88
"11313",356,2011,25.9,26.29,26.5,26.22
"11314",357,2011,25.37,25.71,26.2,25.95
"11315",358,2011,25.1,26.04,26.58,25.86
"11316",359,2011,25.3,26.13,26.49,25.97
"11317",360,2011,25.69,26.07,26.62,26.03
"11318",361,2011,25.09,25.67,26.2,25.69
"11319",362,2011,24.78,25.3,25.91,25.19
"11320",363,2011,25.29,26.16,26.56,25.87
"11321",364,2011,25.63,26.49,27.14,26.34
"11322",365,2011,25.79,26.39,27.09,26.02
"11323",1,2012,25.96,26.38,27.22,26.14
"11324",2,2012,26,26.46,27.3,26.04
"11325",3,2012,26.34,27.09,27.63,26.65
"11326",4,2012,26.44,27.33,27.91,26.87
"11327",5,2012,25.34,26.74,27.35,26.03
"11328",6,2012,26.05,27.12,27.8,26.48
"11329",7,2012,26.01,27.42,27.84,26.79
"11330",8,2012,26.53,27.76,28.18,27.22
"11331",9,2012,25.42,27.07,27.29,26.82
"11332",10,2012,25.43,27.06,26.79,26.79
"11333",11,2012,26.19,27.47,27.54,27.17
"11334",12,2012,26.26,27.57,27.72,27.08
"11335",13,2012,26.76,27.84,28.14,27.63
"11336",14,2012,26.91,28.29,28.45,27.52
"11337",15,2012,26.47,27.61,27.67,27.72
"11338",16,2012,26.3,27.5,27.61,27.37
"11339",17,2012,26.33,27.54,27.75,27.16
"11340",18,2012,26.54,27.53,27.69,27.33
"11341",19,2012,26.63,27.73,27.98,27.47
"11342",20,2012,26.71,27.54,27.59,27.48
"11343",21,2012,26.22,27.05,27.62,27
"11344",22,2012,26.74,27.5,28.25,26.88
"11345",23,2012,27,27.82,28.41,27.42
"11346",24,2012,27.16,28.35,28.42,27.76
"11347",25,2012,27.08,28.39,28.33,28.03
"11348",26,2012,27.4,28.31,28.5,27.9
"11349",27,2012,27.22,28.4,28.56,27.77
"11350",28,2012,26.86,28.19,28.32,27.65
"11351",29,2012,26.81,27.54,27.47,27.53
"11352",30,2012,27.05,28.05,27.35,27.88
"11353",31,2012,27.3,28.09,27.63,28.01
"11354",32,2012,26.95,27.58,27.2,27.67
"11355",33,2012,27.41,28.24,28.18,27.97
"11356",34,2012,27.83,28.71,28.77,28.22
"11357",35,2012,27.84,28.64,28.67,28.49
"11358",36,2012,25.21,26.49,26.44,26.09
"11359",37,2012,24.46,25.47,25.7,24.54
"11360",38,2012,25.14,26.12,26.7,25.57
"11361",39,2012,24.31,25.58,26.67,24.9
"11362",40,2012,25.45,26.54,27.11,26.02
"11363",41,2012,26.34,27.55,27.86,26.8
"11364",42,2012,26.38,27.58,27.74,27.17
"11365",43,2012,26.48,27.33,28.05,27.04
"11366",44,2012,26.44,27.35,28.19,26.81
"11367",45,2012,26.75,27.96,28.27,27.59
"11368",46,2012,26.77,27.77,28.29,27.24
"11369",47,2012,26.62,27.73,28.61,27.3
"11370",48,2012,26.72,28.2,28.76,27.48
"11371",49,2012,26.74,28.23,28.89,27.51
"11372",50,2012,27.09,28.58,28.95,28.14
"11373",51,2012,27.13,28.56,28.75,28.32
"11374",52,2012,27.06,28.5,29,27.96
"11375",53,2012,27.07,29.2,29.26,28.61
"11376",54,2012,27.32,28.55,28.96,28.4
"11377",55,2012,26.9,28.85,29.57,28.43
"11378",56,2012,25.03,27.17,27.52,27.14
"11379",57,2012,26.44,28.21,28.35,28.25
"11380",58,2012,26.96,28.25,28.73,28.22
"11381",59,2012,27.09,28.63,28.89,28.57
"11382",60,2012,27.01,28.92,29.33,28.61
"11383",61,2012,26.55,28.94,28.8,28.94
"11384",62,2012,25.6,27.15,27.35,27.46
"11385",63,2012,24.56,26.3,27.34,26.12
"11386",64,2012,25.09,26.88,27.48,26.41
"11387",65,2012,25.63,27.86,28.71,27.22
"11388",66,2012,26.26,28.41,29.22,27.8
"11389",67,2012,26.64,28.57,29.4,27.55
"11390",68,2012,26.27,28.24,29.25,27.68
"11391",69,2012,25.09,26.98,27.52,26.97
"11392",70,2012,24.78,25.77,25.9,25.4
"11393",71,2012,24.89,26.35,25.99,26.22
"11394",72,2012,24.06,25.26,25.24,25
"11395",73,2012,24.8,25.94,26.57,25.17
"11396",74,2012,25.4,27.04,27.36,26.58
"11397",75,2012,26.26,27.77,28.15,27.46
"11398",76,2012,25.76,27.86,28.15,27.44
"11399",77,2012,25.33,27.41,27.2,27.1
"11400",78,2012,25.51,27.17,27.04,27.04
"11401",79,2012,25.61,27.08,27.22,27.08
"11402",80,2012,25.4,26.55,26.54,26.55
"11403",81,2012,25.15,26.53,26.22,26.72
"11404",82,2012,25.51,26.81,26.71,27.14
"11405",83,2012,25.5,26.28,26.4,26.68
"11406",84,2012,25.62,26.47,26.87,26.68
"11407",85,2012,24.59,25.5,25.48,25.74
"11408",86,2012,24.89,25.71,25.63,25.73
"11409",87,2012,24.72,26.1,25.79,25.83
"11410",88,2012,24.8,25.51,25.67,25.41
"11411",89,2012,24.22,24.94,24.92,24.81
"11412",90,2012,24.76,25.23,25.11,25.58
"11413",91,2012,24.45,25.32,25.08,25.07
"11414",92,2012,24.99,25.93,25.76,25.64
"11415",93,2012,25.63,26.19,26.41,25.93
"11416",94,2012,25.82,26.58,26.79,26.48
"11417",95,2012,25.18,26.14,25.82,26.15
"11418",96,2012,25.05,25.74,25.53,25.79
"11419",97,2012,24.59,25.28,25.41,25.7
"11420",98,2012,24.44,24.9,25.16,24.79
"11421",99,2012,24.95,25.56,25.35,25.43
"11422",100,2012,24.95,25.24,25.92,24.96
"11423",101,2012,24.48,25.17,25.42,24.8
"11424",102,2012,24.69,25.03,25.33,25.02
"11425",103,2012,23.91,24.25,24.58,23.99
"11426",104,2012,24.2,24.79,24.54,24.6
"11427",105,2012,25.22,25.69,25.25,25.36
"11428",106,2012,25.37,25.48,25.86,24.85
"11429",107,2012,24.53,25.58,25.47,24.69
"11430",108,2012,25.42,25.84,25.8,25.48
"11431",109,2012,25,25.4,25.71,25.29
"11432",110,2012,24.42,24.86,24.72,24.56
"11433",111,2012,25.21,25.9,25.61,25.75
"11434",112,2012,24.45,24.69,25.1,25.02
"11435",113,2012,25.28,25.59,25.76,25.45
"11436",114,2012,25.69,26.3,26.41,26.06
"11437",115,2012,25.36,25.9,25.25,26.16
"11438",116,2012,25.84,25.89,25.98,26.08
"11439",117,2012,25.63,25.71,26.48,25.75
"11440",118,2012,25.74,26.49,26.75,26.09
"11441",119,2012,25.18,26.44,26.17,26.11
"11442",120,2012,24.95,25.59,25.54,25.37
"11443",121,2012,25.07,26.15,26.07,25.44
"11444",122,2012,24,24.56,24.95,24.45
"11445",123,2012,24.18,25.04,25,25.06
"11446",124,2012,23.62,24.78,24.32,24.7
"11447",125,2012,24.69,25.28,25.18,25.35
"11448",126,2012,24.47,25.5,25.08,25.52
"11449",127,2012,24.67,25.4,24.96,25.42
"11450",128,2012,24.79,25.4,24.94,25.13
"11451",129,2012,24.42,24.95,25.04,25.09
"11452",130,2012,24.42,25.27,25.18,25.06
"11453",131,2012,25.16,25.83,25.66,25.58
"11454",132,2012,25.13,25.5,25.73,25.31
"11455",133,2012,23.97,24.07,24.48,24.07
"11456",134,2012,24.84,25.35,25.66,24.82
"11457",135,2012,25.62,26,26.49,25.85
"11458",136,2012,24.25,25.6,25.67,25.77
"11459",137,2012,24.31,25.07,25.32,24.71
"11460",138,2012,25.29,25.46,25.74,25.21
"11461",139,2012,24.99,25.78,25.53,25.74
"11462",140,2012,24.27,24.27,25.1,24.02
"11463",141,2012,25.19,25.71,26.06,25.49
"11464",142,2012,25.11,26.08,26.08,25.85
"11465",143,2012,24.65,25.26,25.24,25.09
"11466",144,2012,24.5,24.69,24.98,24.64
"11467",145,2012,24.92,25.05,25.22,24.27
"11468",146,2012,25.16,25.6,25.9,25.5
"11469",147,2012,25.67,25.85,25.79,26.06
"11470",148,2012,25.81,25.94,26.13,26.08
"11471",149,2012,24.87,25.95,25.91,25.66
"11472",150,2012,24.74,25.39,25.37,25.28
"11473",151,2012,25.14,25.78,25.51,25.9
"11474",152,2012,24.84,25.53,25.28,25.53
"11475",153,2012,24.9,25.39,25.52,25.25
"11476",154,2012,24.2,24.85,24.73,24.63
"11477",155,2012,24.34,24.96,25.27,24.68
"11478",156,2012,25.1,25.9,26.09,25.56
"11479",157,2012,25.73,26.19,26.23,26.37
"11480",158,2012,25.25,25.72,25.67,26.14
"11481",159,2012,24.34,24.67,25.04,24.61
"11482",160,2012,23.6,23.9,23.96,24.09
"11483",161,2012,23.41,24.37,23.89,24.41
"11484",162,2012,23.52,24.34,24.4,23.53
"11485",163,2012,23.76,24.37,24.26,24.3
"11486",164,2012,24.08,25.1,25.03,24.93
"11487",165,2012,23.54,24.27,23.87,24.06
"11488",166,2012,24.16,24.82,24.18,24.43
"11489",167,2012,25.08,25.62,25.53,25.48
"11490",168,2012,25.31,25.38,25.6,25.45
"11491",169,2012,24.52,24.94,24.81,24.93
"11492",170,2012,24.9,25.51,25.55,25.47
"11493",171,2012,25.59,26.2,26.41,25.8
"11494",172,2012,25.25,25.79,25.9,25.71
"11495",173,2012,25.48,25.54,26.02,25.68
"11496",174,2012,26.04,26.17,26.01,26.29
"11497",175,2012,25.01,25.71,25.58,25.72
"11498",176,2012,24.45,25.11,24.92,25.19
"11499",177,2012,23.9,24.63,24.52,24.35
"11500",178,2012,24.28,25.13,24.21,24.79
"11501",179,2012,23.2,23.85,23.7,23.93
"11502",180,2012,24.19,25,24.79,24.44
"11503",181,2012,24.44,25.22,25.3,25.09
"11504",182,2012,23.83,24.52,24.74,24.57
"11505",183,2012,24.08,24.67,24.72,24.19
"11506",184,2012,24.36,25.21,24.76,24.91
"11507",185,2012,24.84,25.1,24.79,24.51
"11508",186,2012,24,24.68,24.9,24.23
"11509",187,2012,24.84,25.56,25.54,25.28
"11510",188,2012,24.36,25.17,25.4,24.46
"11511",189,2012,23.82,24.26,24.67,23.72
"11512",190,2012,24.24,24.96,25.18,24.8
"11513",191,2012,24.33,24.96,24.95,24.97
"11514",192,2012,23.44,24.26,24.14,24.31
"11515",193,2012,23.17,23.36,23.8,23.37
"11516",194,2012,23.51,23.76,23.47,24.25
"11517",195,2012,24.49,24.82,24.69,24.84
"11518",196,2012,24.32,25.15,25.22,24.57
"11519",197,2012,23.32,24.4,24.84,24.01
"11520",198,2012,24.03,24.59,24.39,24.8
"11521",199,2012,24.5,25.24,25.08,24.74
"11522",200,2012,24.03,24.43,24.72,24.13
"11523",201,2012,22.71,23.33,23.31,23.22
"11524",202,2012,22.42,23.2,23.34,22.82
"11525",203,2012,23.79,23.9,23.87,24.03
"11526",204,2012,24.56,24.77,24.84,24.69
"11527",205,2012,24.07,24.68,24.45,24.59
"11528",206,2012,24.4,24.74,24.87,24.66
"11529",207,2012,24.87,25.35,24.66,25.3
"11530",208,2012,24.85,25.26,25.02,25.43
"11531",209,2012,24.21,24.51,24.53,24.61
"11532",210,2012,24.32,25.03,24.91,24.65
"11533",211,2012,24.13,24.81,24.96,24.49
"11534",212,2012,23.8,24.91,24.67,24.46
"11535",213,2012,23.92,24.43,24.12,24.45
"11536",214,2012,24.05,24.67,24.54,24.86
"11537",215,2012,24.77,25.35,24.55,25.66
"11538",216,2012,24.48,24.92,24.19,25.53
"11539",217,2012,25.16,25.57,25.09,25.8
"11540",218,2012,24.15,24.55,24.77,24.6
"11541",219,2012,23.25,23.86,24.3,23.64
"11542",220,2012,24.78,25.34,25.08,25.33
"11543",221,2012,25.3,25.93,25.54,25.62
"11544",222,2012,24.81,25.49,25.86,25.25
"11545",223,2012,23.72,24.27,24.69,24.01
"11546",224,2012,24.85,25.52,25.59,25.28
"11547",225,2012,24.55,25,24.61,25.56
"11548",226,2012,24.79,25.35,25.49,25.42
"11549",227,2012,23.52,23.94,24.03,24.17
"11550",228,2012,24.66,24.66,24.92,24.89
"11551",229,2012,24.62,25.96,25.9,25.6
"11552",230,2012,23.5,24.16,24.04,24.03
"11553",231,2012,24.07,24.42,23.55,24.81
"11554",232,2012,24.74,24.89,24.82,25.24
"11555",233,2012,24.85,25.74,25.73,24.98
"11556",234,2012,24.85,25.35,24.99,25.01
"11557",235,2012,25.34,25.64,24.78,25.83
"11558",236,2012,25.59,25.94,25.57,26.28
"11559",237,2012,25.85,26.4,25.69,26.6
"11560",238,2012,25.07,25.92,26.06,25.73
"11561",239,2012,24.16,24.79,24.64,25.14
"11562",240,2012,23.85,24.81,24.33,25.42
"11563",241,2012,24.37,25.28,24.61,25.37
"11564",242,2012,24.5,25.41,25.29,25.43
"11565",243,2012,23.95,24.56,24.62,24.81
"11566",244,2012,23.75,24.57,24.67,24.68
"11567",245,2012,24.47,25.29,25.22,25.33
"11568",246,2012,25.43,26.02,26.1,26.12
"11569",247,2012,24.76,25.62,25.43,25.72
"11570",248,2012,24.7,25.66,24.7,25.88
"11571",249,2012,24.42,24.98,24.38,25.37
"11572",250,2012,24.94,25.59,25.42,25.43
"11573",251,2012,25.55,26.25,26.31,25.98
"11574",252,2012,25.53,25.87,26.29,25.81
"11575",253,2012,25.02,25.67,25.92,25.31
"11576",254,2012,25.23,25.73,25.56,25.7
"11577",255,2012,25.32,25.31,25.74,24.8
"11578",256,2012,25.34,25.95,26.11,25.64
"11579",257,2012,25.25,25.57,25.83,25.27
"11580",258,2012,25.48,26.13,26.14,25.66
"11581",259,2012,24.84,25.77,25.61,25.7
"11582",260,2012,25.57,26.33,25.98,26.33
"11583",261,2012,25.33,26.05,26.13,26.2
"11584",262,2012,25.84,26.55,26.42,26.39
"11585",263,2012,26.29,26.71,26.21,26.68
"11586",264,2012,26.51,27.1,26.94,26.96
"11587",265,2012,25.91,26.54,26.49,26.19
"11588",266,2012,25.94,26.18,26.25,26.27
"11589",267,2012,25.44,26.14,26.3,26.39
"11590",268,2012,24.16,24.65,25.01,24.79
"11591",269,2012,24.96,25.41,25.67,25.17
"11592",270,2012,25.91,26.55,26.41,26.25
"11593",271,2012,24.34,25.11,24.96,24.78
"11594",272,2012,24.88,25.37,25.45,25.38
"11595",273,2012,25.52,26.15,26.32,25.93
"11596",274,2012,24.89,25.64,25.59,25.6
"11597",275,2012,25.32,25.95,25.94,25.52
"11598",276,2012,25.62,26.24,26.62,25.71
"11599",277,2012,26.06,26.61,26.82,26.03
"11600",278,2012,25.63,26.48,26.71,26.58
"11601",279,2012,26.14,26.8,26.77,26.43
"11602",280,2012,25.85,26,26.7,25.67
"11603",281,2012,25.88,26.08,26.1,25.83
"11604",282,2012,24.87,25.35,25.43,25.73
"11605",283,2012,25.55,25.89,25.71,25.86
"11606",284,2012,26.28,26.67,26.25,26.85
"11607",285,2012,26.76,27.19,27.27,27.19
"11608",286,2012,25.56,26.07,26.39,26.16
"11609",287,2012,25.52,26.17,26.15,25.79
"11610",288,2012,25.67,26.18,26.29,25.97
"11611",289,2012,26.11,26.67,26.45,26.44
"11612",290,2012,25.83,26.1,26.45,25.59
"11613",291,2012,25.94,26.64,26.76,26.1
"11614",292,2012,25.2,26.52,26.45,25.8
"11615",293,2012,24.91,25.35,25.67,25.53
"11616",294,2012,25.16,25.84,25.92,25.41
"11617",295,2012,25.21,25.8,25.79,25.78
"11618",296,2012,25.72,26.29,26.03,26.06
"11619",297,2012,26.32,26.86,26.68,26.62
"11620",298,2012,26.86,27.36,27.24,27.25
"11621",299,2012,26.7,27.38,27.18,27.1
"11622",300,2012,25.37,25.97,25.55,25.84
"11623",301,2012,26.05,26.64,26.34,26.56
"11624",302,2012,26.32,27.28,26.54,27.14
"11625",303,2012,26.05,26.51,26.51,26.46
"11626",304,2012,25.58,26.02,26.59,26.12
"11627",305,2012,25.27,26.38,25.86,26.37
"11628",306,2012,25.58,26.5,26.13,26.44
"11629",307,2012,26.13,26.9,26.67,26.81
"11630",308,2012,26.21,26.89,26.77,26.79
"11631",309,2012,26.19,26.59,26.91,26.31
"11632",310,2012,24.59,25.28,25.64,25.1
"11633",311,2012,25.63,26.14,26.35,25.99
"11634",312,2012,26.47,27.09,27.27,26.71
"11635",313,2012,25.97,27.01,26.78,26.87
"11636",314,2012,26.3,26.77,26.57,26.78
"11637",315,2012,27.03,27.45,27.23,27.14
"11638",316,2012,26.91,27.25,27.44,26.98
"11639",317,2012,25.69,26.75,26.87,26.42
"11640",318,2012,24.76,25.15,25.12,25.06
"11641",319,2012,25.3,25.69,25.67,25.87
"11642",320,2012,25.28,26.01,26.17,25.71
"11643",321,2012,25.52,26.27,26.45,26.13
"11644",322,2012,25.75,26.77,26.61,26.5
"11645",323,2012,26.01,26.92,26.74,26.74
"11646",324,2012,26.54,27.17,27.3,27.23
"11647",325,2012,26.59,26.71,27.04,26.59
"11648",326,2012,26.87,27.02,27.5,26.7
"11649",327,2012,27,27.19,27.95,27.01
"11650",328,2012,27.23,27.64,28,27.53
"11651",329,2012,27.36,27.62,27.91,27.42
"11652",330,2012,26.88,27.16,27.64,26.83
"11653",331,2012,25.84,26.48,27.52,26.71
"11654",332,2012,25.6,26.76,27.25,26.76
"11655",333,2012,26.37,27.27,27.65,27.31
"11656",334,2012,26.78,27.16,27.57,27.1
"11657",335,2012,26.94,27.27,27.29,27.48
"11658",336,2012,26.81,27.12,27.39,27.24
"11659",337,2012,26.65,27,27.24,27.11
"11660",338,2012,26.32,26.89,26.8,27
"11661",339,2012,26.63,27.03,27.13,26.92
"11662",340,2012,26.8,27.37,27.49,27.34
"11663",341,2012,26.02,27.19,26.99,27.27
"11664",342,2012,26.56,27.44,27.31,27.43
"11665",343,2012,27.11,28.19,28.04,28.07
"11666",344,2012,27.01,28.11,28.15,27.83
"11667",345,2012,26.75,27.91,28.09,27.76
"11668",346,2012,26.3,27.41,27.87,27.46
"11669",347,2012,26.73,27.85,28.14,27.64
"11670",348,2012,27.05,27.89,28.36,27.82
"11671",349,2012,26.64,27.98,28.25,27.69
"11672",350,2012,26.4,27.63,27.94,27.43
"11673",351,2012,26.67,27.44,27.95,27.46
"11674",352,2012,26.79,27.75,28.14,27.09
"11675",353,2012,26.98,28.03,28.25,27.84
"11676",354,2012,26.14,26.94,27.76,27.14
"11677",355,2012,26.53,27.45,27.96,27.54
"11678",356,2012,26.96,27.76,28.3,27.95
"11679",357,2012,26.15,27.45,27.74,27.69
"11680",358,2012,24.33,24.84,25.41,24.51
"11681",359,2012,24.59,25.29,25.64,25.3
"11682",360,2012,24.69,25.23,25.26,25.28
"11683",361,2012,25.33,25.93,26.18,26
"11684",362,2012,25.45,26.34,26.83,26.17
"11685",363,2012,25.93,26.62,27.29,26.48
"11686",364,2012,25.98,26.84,27.27,26.64
"11687",365,2012,26.17,26.97,27.54,26.68
"11688",366,2012,26.49,27.31,27.8,26.89
"11689",1,2013,26.22,27.23,27.7,26.87
"11690",2,2013,26.4,27.33,27.77,26.92
"11691",3,2013,26.59,27.34,27.61,27.4
"11692",4,2013,26.55,27.44,27.78,26.96
"11693",5,2013,26.46,27.31,27.94,27.04
"11694",6,2013,26.78,27.75,28.12,27.41
"11695",7,2013,27.07,28.07,28.47,27.83
"11696",8,2013,27.57,28.42,28.72,28.04
"11697",9,2013,27.61,28.64,28.87,28.25
"11698",10,2013,27.83,28.65,28.96,28.35
"11699",11,2013,27.45,28.04,28.14,27.52
"11700",12,2013,27.11,27.83,28.02,27.46
"11701",13,2013,27.57,28.24,28.6,27.81
"11702",14,2013,27.89,28.2,28.55,27.86
"11703",15,2013,27.98,28.36,28.7,28.15
"11704",16,2013,28.16,28.64,29.26,28.34
"11705",17,2013,28.65,29.42,29.51,28.91
"11706",18,2013,28,29.29,28.86,28.95
"11707",19,2013,28.14,29.55,29.37,28.93
"11708",20,2013,28.54,29.92,29.62,29.18
"11709",21,2013,28.69,30.04,29.95,29.32
"11710",22,2013,28.63,29.93,30.05,29.55
"11711",23,2013,27.73,29.7,29.64,29.41
"11712",24,2013,28.03,29.71,29.46,29.52
"11713",25,2013,29,30.01,30.04,29.73
"11714",26,2013,29.27,29.85,30.28,29.75
"11715",27,2013,29.68,30.07,30.47,29.98
"11716",28,2013,29.61,29.89,30.5,29.89
"11717",29,2013,29.4,29.92,30.49,29.76
"11718",30,2013,29.07,29.72,30.07,29.65
"11719",31,2013,28.73,29.73,30.1,29.65
"11720",32,2013,28.53,29.42,29.65,29.25
"11721",33,2013,28.97,29.37,29.74,29.46
"11722",34,2013,28.91,29.66,30.04,29.55
"11723",35,2013,28.96,29.99,30.28,29.73
"11724",36,2013,29.21,29.99,30.13,29.99
"11725",37,2013,27.7,29.23,29.54,29.14
"11726",38,2013,26.5,27.63,27.81,28.39
"11727",39,2013,26.49,28.09,28.22,27.99
"11728",40,2013,26.94,28.81,29.02,28.49
"11729",41,2013,27.36,28.89,28.94,28.78
"11730",42,2013,27.45,28.88,28.63,29.15
"11731",43,2013,27.29,28.9,28.66,29.26
"11732",44,2013,27.26,28.4,28.22,28.29
"11733",45,2013,27.28,28.42,28.61,28.33
"11734",46,2013,26.56,28.95,29.09,28.45
"11735",47,2013,25.82,28.21,28.15,28.09
"11736",48,2013,25.69,28.17,28.37,28.05
"11737",49,2013,26.21,28.67,29.08,28.3
"11738",50,2013,26.6,28.93,29.58,28.3
"11739",51,2013,26.34,28.94,29.15,28.73
"11740",52,2013,26.22,29.24,28.97,29.19
"11741",53,2013,26.92,29.44,29.3,29.52
"11742",54,2013,26.48,28.92,29.41,28.89
"11743",55,2013,25.79,28.28,28.15,28.27
"11744",56,2013,26.92,29.36,29.27,29.43
"11745",57,2013,27.09,30,30.05,29.9
"11746",58,2013,26.26,29.51,29.06,29.63
"11747",59,2013,25.21,27.21,27.55,26.68
"11748",60,2013,25.76,27.58,27.89,27.44
"11749",61,2013,26.8,28.63,29,28.35
"11750",62,2013,27.14,28.57,29.47,28.37
"11751",63,2013,25.19,26.8,27.7,26.35
"11752",64,2013,25.69,27.22,27.49,27.04
"11753",65,2013,25.48,26.91,27.38,26.52
"11754",66,2013,26.01,27.55,28.32,26.99
"11755",67,2013,26.66,27.96,28.07,27.78
"11756",68,2013,26.61,27.97,28.12,27.69
"11757",69,2013,26.66,28.03,28.46,27.53
"11758",70,2013,26.89,28.3,29.19,27.85
"11759",71,2013,25.96,27.77,28.08,26.87
"11760",72,2013,26.23,28.12,28.74,27.48
"11761",73,2013,26.83,29.04,29.63,28.1
"11762",74,2013,26.51,28.26,28.86,27.56
"11763",75,2013,25.91,27.5,28.61,27.22
"11764",76,2013,25.06,26.78,27.15,26.35
"11765",77,2013,24.59,25.91,25.98,25.68
"11766",78,2013,25.57,26.97,27.54,26.5
"11767",79,2013,26.83,28.2,28.94,27.52
"11768",80,2013,27.08,29.09,29.74,28.25
"11769",81,2013,26.62,28.73,28.78,28.1
"11770",82,2013,24.48,25.54,25.81,25.54
"11771",83,2013,25.24,26.22,26.22,26.36
"11772",84,2013,26.76,27.56,27.86,27.37
"11773",85,2013,27.55,28.33,28.92,28.1
"11774",86,2013,27.36,28.25,28.68,27.83
"11775",87,2013,26.31,27.56,28.27,26.98
"11776",88,2013,25.36,25.87,26.07,26.45
"11777",89,2013,25.3,25.99,26.19,25.8
"11778",90,2013,25.8,26.78,27.43,26.3
"11779",91,2013,26.24,27.31,27.65,27.18
"11780",92,2013,27,27.6,28.5,27.36
"11781",93,2013,26.27,27.8,28.75,27.04
"11782",94,2013,26.1,27.44,27.88,27.42
"11783",95,2013,26.58,27.63,28.13,27.58
"11784",96,2013,26.97,27.89,28.52,27.91
"11785",97,2013,27.09,28.15,29.1,27.67
"11786",98,2013,26.76,28.27,29.41,27.6
"11787",99,2013,26.81,28.04,28.89,26.92
"11788",100,2013,27.02,28.09,28.75,27.51
"11789",101,2013,27.44,28.34,28.96,27.91
"11790",102,2013,27.49,28.85,29.45,28.53
"11791",103,2013,26.67,28.05,28.24,27.48
"11792",104,2013,25.66,26.19,27.46,25.84
"11793",105,2013,25.28,25.77,26.41,26.07
"11794",106,2013,25.09,25.92,25.91,26.28
"11795",107,2013,25.39,26.1,25.98,26.13
"11796",108,2013,25.26,25.96,25.47,26.11
"11797",109,2013,24.32,24.59,24.91,24.21
"11798",110,2013,24.71,25.35,25.46,25.12
"11799",111,2013,24.55,24.95,24.5,25.63
"11800",112,2013,24.59,24.75,25.03,25.34
"11801",113,2013,24.85,25.54,25.78,25.34
"11802",114,2013,25.16,25.89,25.13,25.75
"11803",115,2013,26.13,26.43,25.36,26.44
"11804",116,2013,26.67,26.79,26.54,26.9
"11805",117,2013,26.89,26.82,26.88,26.62
"11806",118,2013,26.65,26.43,26.71,26.26
"11807",119,2013,24.75,25.11,25.53,24.79
"11808",120,2013,24.93,25.5,24.86,25.71
"11809",121,2013,25.2,25.72,25.74,25.23
"11810",122,2013,25.16,25.99,25.78,25.68
"11811",123,2013,25.72,25.67,25.57,25.91
"11812",124,2013,26.15,26.37,26.54,26.04
"11813",125,2013,25.22,25.43,26.2,25.17
"11814",126,2013,25.64,26.19,25.65,26.08
"11815",127,2013,24.67,24.74,25.14,24.41
"11816",128,2013,25.14,25.58,25.24,25.22
"11817",129,2013,24.98,25.2,25.32,24.98
"11818",130,2013,26,26.19,26.38,25.86
"11819",131,2013,26.02,26.9,26.79,26.75
"11820",132,2013,25.84,26.61,26.48,26.75
"11821",133,2013,24.82,25.52,25.67,25.28
"11822",134,2013,25.08,25.67,26.03,24.89
"11823",135,2013,24.98,26.29,26.28,25.93
"11824",136,2013,24.84,25.71,26.09,25.17
"11825",137,2013,24.51,25.06,25.49,24.59
"11826",138,2013,25.04,25.77,25.77,25.67
"11827",139,2013,24.9,25.55,25.74,25.48
"11828",140,2013,24.62,24.72,24.91,24.49
"11829",141,2013,24.85,25.26,25.2,25.06
"11830",142,2013,23.96,24.23,24.03,24.35
"11831",143,2013,24.47,25.09,25.1,24.82
"11832",144,2013,25.21,26.12,26.09,25.73
"11833",145,2013,25.28,26.32,26.34,26.03
"11834",146,2013,24.88,25.25,25.58,25.11
"11835",147,2013,24.53,24.74,25.22,24.41
"11836",148,2013,24.63,25,25.18,24.75
"11837",149,2013,25.54,25.77,25.96,25.73
"11838",150,2013,24.53,25.21,25.49,24.84
"11839",151,2013,24.66,24.87,24.64,24.99
"11840",152,2013,24.62,25.1,25.12,24.66
"11841",153,2013,24.24,24.85,25.3,24.52
"11842",154,2013,25.26,25.45,25.57,24.97
"11843",155,2013,24.76,25.37,25.54,25.29
"11844",156,2013,24.99,25.42,25.4,25.6
"11845",157,2013,24.46,24.99,24.84,24.77
"11846",158,2013,24.57,24.72,25.2,24.55
"11847",159,2013,24.6,25.16,25.4,25.03
"11848",160,2013,24.48,25.03,25.15,25
"11849",161,2013,24.01,24.57,24.44,24.5
"11850",162,2013,24.7,25.24,25.15,25.07
"11851",163,2013,24.64,25.34,24.53,25.49
"11852",164,2013,23.94,24.14,24.04,24
"11853",165,2013,24.54,24.98,25.14,24.78
"11854",166,2013,25.06,25.58,25.23,25.51
"11855",167,2013,25.5,25.9,25.77,25.88
"11856",168,2013,25.28,26.37,26.07,26.2
"11857",169,2013,24.1,24.16,24.04,24.23
"11858",170,2013,25.03,25.26,25.59,25.41
"11859",171,2013,25.21,25.5,25.83,25.35
"11860",172,2013,24.71,25.06,25.32,24.96
"11861",173,2013,24.9,25.29,25.67,24.84
"11862",174,2013,24.3,24.97,25.17,24.7
"11863",175,2013,24.46,24.9,24.83,25.07
"11864",176,2013,24.99,25.11,24.71,25.47
"11865",177,2013,25.92,26.07,26.43,25.92
"11866",178,2013,25.02,25.46,26.09,24.84
"11867",179,2013,25,25.21,25.13,24.98
"11868",180,2013,25.65,26.02,25.91,26.16
"11869",181,2013,25.19,26.08,26.2,25.9
"11870",182,2013,24.18,24.24,24.29,24.38
"11871",183,2013,24.47,24.96,25.29,24.71
"11872",184,2013,24.97,25.91,25.88,25.58
"11873",185,2013,25.23,25.82,25.9,25.75
"11874",186,2013,23.93,24.3,24.83,23.6
"11875",187,2013,24.45,24.95,24.92,24.53
"11876",188,2013,25,25.66,25.47,25.43
"11877",189,2013,24.77,25.51,25.52,25.47
"11878",190,2013,23.59,23.91,24.51,24.13
"11879",191,2013,24.26,24.89,25.02,24.9
"11880",192,2013,24.53,25.35,25.24,25.23
"11881",193,2013,24.25,25.37,25.32,25.39
"11882",194,2013,24.43,25.12,25.46,24.79
"11883",195,2013,24.93,25.64,25.7,25.53
"11884",196,2013,24.67,25.23,25.24,25.14
"11885",197,2013,23.89,24.68,24.48,24.63
"11886",198,2013,24.34,25,24.72,24.92
"11887",199,2013,24.54,25.25,25.01,25.26
"11888",200,2013,23.97,24.46,24.64,24.22
"11889",201,2013,24.01,23.96,24.84,23.29
"11890",202,2013,24.31,24.77,24.82,24.46
"11891",203,2013,24.87,24.77,25.14,24.93
"11892",204,2013,24,24.37,25.14,23.55
"11893",205,2013,24.21,24.68,24.19,24.25
"11894",206,2013,23.54,24.08,24.5,23.96
"11895",207,2013,21.72,22.58,22.72,22.34
"11896",208,2013,21.93,22.53,22.28,22.18
"11897",209,2013,22.77,23.56,23.6,23.31
"11898",210,2013,23.87,24.43,24.37,24.22
"11899",211,2013,23.88,24.4,24.26,24.06
"11900",212,2013,24.62,25.24,25.06,25.23
"11901",213,2013,24.9,25.57,25.81,25.06
"11902",214,2013,24.26,24.95,25.18,24.82
"11903",215,2013,24.57,24.93,25.36,24.75
"11904",216,2013,24.63,25.2,25.38,25
"11905",217,2013,24.7,25.63,25.51,25.12
"11906",218,2013,25.27,25.54,25.75,25.18
"11907",219,2013,24.6,24.93,24.9,24.75
"11908",220,2013,24.65,25.17,24.69,25.33
"11909",221,2013,25.7,25.18,25.62,25.52
"11910",222,2013,25.56,25.37,26.06,25.32
"11911",223,2013,24.35,24.6,24.84,24.74
"11912",224,2013,23.85,24.57,24.27,24.67
"11913",225,2013,24.71,25.35,25.41,25.28
"11914",226,2013,24.28,25.16,25.21,24.83
"11915",227,2013,24.48,25.01,24.75,25.12
"11916",228,2013,24.11,24.81,24.99,24.6
"11917",229,2013,24.32,25.3,24.99,24.89
"11918",230,2013,23.95,24.83,24.39,24.41
"11919",231,2013,24.11,24.9,24.2,24.71
"11920",232,2013,24.4,24.74,24.88,24.43
"11921",233,2013,24.42,25.06,25.04,25.06
"11922",234,2013,24.9,25.65,25.26,25.54
"11923",235,2013,25.02,25.8,25.51,25.7
"11924",236,2013,24.93,25.5,25.79,25.63
"11925",237,2013,24.25,25.22,25.54,24.85
"11926",238,2013,24.71,25.16,25.35,25.03
"11927",239,2013,23.92,24.93,24.85,25.02
"11928",240,2013,23.71,24.74,24.52,24.8
"11929",241,2013,23.22,24.12,24.49,23.91
"11930",242,2013,23.39,23.99,23.88,24.12
"11931",243,2013,23.98,24.48,23.92,24.89
"11932",244,2013,25.15,25.26,25.29,25.67
"11933",245,2013,26.12,26.7,26.68,26.53
"11934",246,2013,26.53,26.69,26.86,26.53
"11935",247,2013,26.06,26.07,26.64,25.54
"11936",248,2013,24.41,24.91,24.59,24.98
"11937",249,2013,24.84,25.84,25.47,25.54
"11938",250,2013,25.63,26.36,26.09,26.23
"11939",251,2013,25.39,26.25,26.29,25.69
"11940",252,2013,24.51,25.28,25.81,25.01
"11941",253,2013,24.75,25.48,24.77,25.43
"11942",254,2013,24.66,25.49,25.14,25.72
"11943",255,2013,25.59,26.35,26.22,26.3
"11944",256,2013,26.14,26.94,26.83,26.82
"11945",257,2013,25.91,26.41,26.87,25.66
"11946",258,2013,25.32,25.85,25.95,25.91
"11947",259,2013,25.44,25.61,25.66,25.85
"11948",260,2013,24.93,25.33,25.54,25.08
"11949",261,2013,24.99,25.65,25.68,25.55
"11950",262,2013,25.29,25.92,26.01,26.08
"11951",263,2013,25.19,25.65,25.5,26.11
"11952",264,2013,25.78,26.22,26.11,26.37
"11953",265,2013,26.61,27.18,27.03,26.79
"11954",266,2013,25.91,26.71,26.6,26.45
"11955",267,2013,25.61,26.33,26.08,26.03
"11956",268,2013,24.92,25.75,25.59,25.56
"11957",269,2013,24.66,25.54,25.21,25.62
"11958",270,2013,25.18,25.9,25.99,25.85
"11959",271,2013,25.72,26.52,26.59,26.37
"11960",272,2013,25.12,26.24,25.98,26.03
"11961",273,2013,25.53,26.22,25.47,26.25
"11962",274,2013,24.71,25.19,25.14,25.19
"11963",275,2013,25.56,26.01,26.06,25.74
"11964",276,2013,26.16,26.8,26.69,26.42
"11965",277,2013,24.79,25.21,25.66,25.36
"11966",278,2013,25.56,25.89,25.85,25.84
"11967",279,2013,26.26,26.9,26.5,26.71
"11968",280,2013,26,26.88,26.53,26.66
"11969",281,2013,25.45,25.77,26.06,25.85
"11970",282,2013,25.99,26.8,26.55,26.56
"11971",283,2013,25.82,26.94,26.52,26.62
"11972",284,2013,25.49,26.24,26.04,26.36
"11973",285,2013,25.22,25.99,25.84,26.19
"11974",286,2013,25.56,26.1,26.35,26.09
"11975",287,2013,26.18,26.69,26.88,26.06
"11976",288,2013,25.35,26,26.18,26
"11977",289,2013,25.17,25.73,26.12,24.87
"11978",290,2013,24.87,25.46,25.02,25.56
"11979",291,2013,25.85,26.2,25.79,26.25
"11980",292,2013,26.59,26.89,26.53,26.89
"11981",293,2013,26.14,26.51,26.41,26.3
"11982",294,2013,26.02,26.34,26.28,26.2
"11983",295,2013,25.77,26.39,26.35,26.2
"11984",296,2013,25.03,25.01,25.86,24.61
"11985",297,2013,25.77,26.16,26.23,25.75
"11986",298,2013,26.52,26.74,26.52,26.9
"11987",299,2013,26.13,26.54,26.61,26.74
"11988",300,2013,26.33,26.38,26.62,26
"11989",301,2013,25.32,26.17,26.03,25.6
"11990",302,2013,25.41,25.91,25.92,25.42
"11991",303,2013,25.73,26.44,26.34,26.27
"11992",304,2013,25.75,26.22,26.01,26.17
"11993",305,2013,25.69,25.9,25.82,26.01
"11994",306,2013,25.59,25.84,25.86,25.76
"11995",307,2013,25.59,26.1,25.96,25.85
"11996",308,2013,24.97,25.69,26.28,24.69
"11997",309,2013,24.74,25.15,25.31,25.09
"11998",310,2013,25.46,26.1,25.87,25.71
"11999",311,2013,25.14,25.57,25.94,25.24
"12000",312,2013,25.37,25.45,25.7,25.32
"12001",313,2013,25.44,25.55,25.78,25.36
"12002",314,2013,24.77,25.52,26.07,25.15
"12003",315,2013,25.35,25.4,26.14,25.34
"12004",316,2013,25.96,26.27,26.84,26.14
"12005",317,2013,25.59,26.14,26.3,26.16
"12006",318,2013,24.6,25.18,25.21,25.04
"12007",319,2013,24.8,25.37,25.55,24.83
"12008",320,2013,25.52,26.17,26.03,25.94
"12009",321,2013,26.34,26.72,26.79,26.63
"12010",322,2013,26.43,26.48,26.86,26.26
"12011",323,2013,25.84,26.13,26.45,26.47
"12012",324,2013,26.28,26.36,26.75,26.4
"12013",325,2013,25.84,26.88,26.52,26.92
"12014",326,2013,25.07,26.6,26.56,26.53
"12015",327,2013,25.29,25.88,26.36,25.74
"12016",328,2013,25.8,26.39,26.45,25.96
"12017",329,2013,25.75,26.3,26.61,25.86
"12018",330,2013,25.31,25.66,26.24,25.71
"12019",331,2013,25.23,25.65,26.41,25.89
"12020",332,2013,26.02,26.39,26.76,26.23
"12021",333,2013,26.18,26.52,26.8,26.25
"12022",334,2013,26.26,26.68,27.1,26.31
"12023",335,2013,26.14,26.4,26.9,26.15
"12024",336,2013,24.39,25.12,25.28,25.2
"12025",337,2013,25.12,25.61,26.02,25.18
"12026",338,2013,25.59,26.44,26.69,26.24
"12027",339,2013,24.59,25.79,26.01,25.49
"12028",340,2013,25.07,25.68,26.28,25.61
"12029",341,2013,25.74,26.28,26.7,26.15
"12030",342,2013,25.79,26.16,26.37,25.97
"12031",343,2013,25.45,25.95,26.71,25.68
"12032",344,2013,25.41,25.87,26.91,25.7
"12033",345,2013,24.83,25.7,26.32,25.57
"12034",346,2013,24.69,25.27,26.09,24.88
"12035",347,2013,25.69,26.08,26.61,25.87
"12036",348,2013,25.79,26,26.76,25.88
"12037",349,2013,25.78,26.11,27.11,25.69
"12038",350,2013,25.41,26.03,26.75,25.54
"12039",351,2013,25.64,26.1,27.02,25.63
"12040",352,2013,26,26.45,27.33,26.27
"12041",353,2013,25.7,25.96,26.97,25.92
"12042",354,2013,25.84,26.03,27.03,26.01
"12043",355,2013,25.41,25.65,26.93,25.6
"12044",356,2013,25.66,25.98,27.3,25.59
"12045",357,2013,25.74,26.11,27.61,25.81
"12046",358,2013,26.37,26.59,27.76,26.4
"12047",359,2013,26.75,27.23,27.99,26.83
"12048",360,2013,26.83,27.48,28.51,27
"12049",361,2013,26.51,27.72,28.23,27.39
"12050",362,2013,26.96,27.77,28.22,27.47
"12051",363,2013,27.19,27.74,28.02,27.61
"12052",364,2013,27.23,27.88,28.61,27.53
"12053",365,2013,27.51,28.57,29.02,28.05
"12054",1,2014,27.57,28.49,29.12,28.12
"12055",2,2014,26.91,28.28,28.82,27.67
"12056",3,2014,26.39,27.77,28.23,27.4
"12057",4,2014,26.83,28.2,28.79,27.54
"12058",5,2014,27.09,28.46,29,27.72
"12059",6,2014,26.27,28.54,28.76,27.66
"12060",7,2014,26.34,28.48,28.56,27.68
"12061",8,2014,26.74,28.33,28.7,27.89
"12062",9,2014,26.82,28.55,28.63,27.6
"12063",10,2014,26.67,27.83,28.22,27.04
"12064",11,2014,26.86,27.73,28.16,27.11
"12065",12,2014,26.67,27.88,28.31,27.29
"12066",13,2014,26.8,27.8,28.27,27.38
"12067",14,2014,26.86,27.64,28.38,27.5
"12068",15,2014,27.35,28.39,28.82,27.59
"12069",16,2014,27.29,28.34,28.76,27.76
"12070",17,2014,26.98,28.47,28.51,28.25
"12071",18,2014,26.51,28.4,28.83,27.65
"12072",19,2014,25.72,27.86,28.95,26.92
"12073",20,2014,26.62,28.69,28.94,28.23
"12074",21,2014,26.96,28.39,29.12,27.95
"12075",22,2014,27.4,28.45,29.45,28.12
"12076",23,2014,28.14,29.54,30.45,29.03
"12077",24,2014,28.2,29.43,30,28.84
"12078",25,2014,28.11,29.17,29.59,28.85
"12079",26,2014,28.63,29.28,29.9,28.91
"12080",27,2014,28.24,29.06,29.87,28.37
"12081",28,2014,28.07,28.78,29.69,28.6
"12082",29,2014,28.15,29.05,29.67,28.58
"12083",30,2014,27.98,28.7,29.08,28.59
"12084",31,2014,27.62,28.18,28.77,28.34
"12085",32,2014,28.15,28.47,29.14,28.06
"12086",33,2014,28.36,29.39,29.77,28.91
"12087",34,2014,27.41,29.37,29.33,29.27
"12088",35,2014,28,29.46,29.94,29.1
"12089",36,2014,28.62,29.33,29.86,28.98
"12090",37,2014,28.07,28.94,29.82,28.79
"12091",38,2014,27.43,28.83,29.16,28.51
"12092",39,2014,27.69,29.35,29.24,28.69
"12093",40,2014,28.02,29.62,29.58,29.32
"12094",41,2014,28.36,29.44,29.74,29.04
"12095",42,2014,26.71,28.92,29.47,28.34
"12096",43,2014,26.81,29.14,29.58,28.4
"12097",44,2014,27.59,29.73,29.81,29.36
"12098",45,2014,28.5,30.36,30.27,29.78
"12099",46,2014,28.51,29.82,29.82,29.45
"12100",47,2014,28.45,29.65,30.24,28.78
"12101",48,2014,28.37,29.34,30.02,28.63
"12102",49,2014,28.52,29.48,30.38,28.97
"12103",50,2014,28.5,29.88,30.62,29.35
"12104",51,2014,29.18,30.31,30.58,29.91
"12105",52,2014,29.61,30.38,30.62,30.06
"12106",53,2014,29.32,30.21,30.51,30.2
"12107",54,2014,28.96,30.35,30.44,29.84
"12108",55,2014,27.54,30.07,29.86,29.81
"12109",56,2014,27.66,30.22,30.15,29.9
"12110",57,2014,27.39,30.05,29.96,29.78
"12111",58,2014,26.47,28.4,28.69,28.12
"12112",59,2014,25.23,26.45,27.32,26.27
"12113",60,2014,25.52,27.29,28.43,27.15
"12114",61,2014,26.47,27.89,29.1,27.82
"12115",62,2014,26.94,27.89,29.47,27.67
"12116",63,2014,27.42,28.52,29.98,28.33
"12117",64,2014,26.74,28.71,29.7,28.68
"12118",65,2014,26.19,28.66,29.58,28.43
"12119",66,2014,25.97,27.87,28.53,27.99
"12120",67,2014,26.68,28.77,29.39,28.35
"12121",68,2014,27.35,29.52,30.19,29.15
"12122",69,2014,27.01,29.7,30.24,29.35
"12123",70,2014,26.95,29.32,29.96,29.14
"12124",71,2014,27.99,30.46,31.26,29.87
"12125",72,2014,27.25,29.94,29.98,29.92
"12126",73,2014,25.64,27.57,27.61,27.54
"12127",74,2014,26.22,28.36,28.9,28.17
"12128",75,2014,26.93,28.88,29.44,28.8
"12129",76,2014,26.8,28.76,29.38,28.77
"12130",77,2014,27.19,29.09,29.23,29.26
"12131",78,2014,26.88,29.27,29.83,29.09
"12132",79,2014,27.49,30.01,30.51,29.87
"12133",80,2014,28.05,30.33,30.92,30.34
"12134",81,2014,27.25,30.38,30.66,30.32
"12135",82,2014,25.37,28.61,27.54,28.78
"12136",83,2014,24.94,27.52,26.28,27.64
"12137",84,2014,25.69,28.03,27.53,27.67
"12138",85,2014,25.62,28.27,27.64,27.42
"12139",86,2014,25.89,27.99,28.12,27.46
"12140",87,2014,26.41,29.02,28.6,28.19
"12141",88,2014,26.88,28.98,28.97,28.54
"12142",89,2014,27.64,29.74,30.11,28.96
"12143",90,2014,28.2,30.28,30.7,29.7
"12144",91,2014,26.45,28.79,28.89,29.15
"12145",92,2014,25.92,27.63,27.52,27.31
"12146",93,2014,25.81,26.41,26.83,26.67
"12147",94,2014,25.04,25.53,25.74,25.27
"12148",95,2014,24.83,25.54,25.82,25.39
"12149",96,2014,25.69,26.48,27.1,26.46
"12150",97,2014,25.25,26.27,27.03,25.83
"12151",98,2014,25.56,26.6,27.22,26.02
"12152",99,2014,25.92,27.4,28.15,26.81
"12153",100,2014,26.39,27.86,28.82,27.3
"12154",101,2014,26.7,27.87,28.67,27.47
"12155",102,2014,26.86,27.89,29.12,27.76
"12156",103,2014,26.7,28.05,28.52,27.44
"12157",104,2014,26.6,27.51,28.17,27.34
"12158",105,2014,25.23,25.8,26.2,25.32
"12159",106,2014,25.02,26.09,25.24,25.99
"12160",107,2014,25.35,25.88,25.88,25.69
"12161",108,2014,25.4,26.09,26.54,25.72
"12162",109,2014,24.44,25.06,25.64,24.5
"12163",110,2014,24.98,25.66,25.75,25.17
"12164",111,2014,24.72,25.42,26.19,24.98
"12165",112,2014,24.9,25.32,25.82,25.32
"12166",113,2014,25.5,25.79,25.97,25.85
"12167",114,2014,24.99,25.05,25.48,24.38
"12168",115,2014,24.43,25.25,25.26,25.12
"12169",116,2014,24.9,25.8,25.95,25.54
"12170",117,2014,25.12,25.82,25.96,26.12
"12171",118,2014,25.77,26.37,26.57,26.5
"12172",119,2014,25.47,26.14,26.72,25.9
"12173",120,2014,25.9,25.93,26.39,26.11
"12174",121,2014,25.48,26.14,26.39,26.13
"12175",122,2014,26.37,27.05,27.33,26.58
"12176",123,2014,25.82,26.88,27.31,26.63
"12177",124,2014,25.4,26.59,26.93,26.42
"12178",125,2014,25.33,26.12,26.64,25.94
"12179",126,2014,26.25,26.86,27.65,26.62
"12180",127,2014,26.38,26.65,26.67,26.68
"12181",128,2014,25.73,26.22,25.99,26.11
"12182",129,2014,24.31,24.38,24.84,24.05
"12183",130,2014,24.86,25.25,24.65,25.42
"12184",131,2014,25.7,25.59,25.99,25.66
"12185",132,2014,26.25,26.55,26.87,26.38
"12186",133,2014,26.05,26.92,27.36,27.09
"12187",134,2014,26.03,26.51,26.7,26.71
"12188",135,2014,25.32,26.07,26.22,26.02
"12189",136,2014,25.08,25.52,25.67,25.14
"12190",137,2014,25.5,26.23,26.29,25.94
"12191",138,2014,25.52,25.92,25.98,25.37
"12192",139,2014,24.52,25.53,25.88,25.24
"12193",140,2014,25.8,26.31,26.41,26.09
"12194",141,2014,25.74,25.95,26.79,25.75
"12195",142,2014,25.79,26.57,27.06,26.41
"12196",143,2014,26.98,27.14,27.67,27.03
"12197",144,2014,26.61,26.89,27.55,26.74
"12198",145,2014,26.5,27.05,27.66,26.7
"12199",146,2014,25.49,26.82,27.2,26.63
"12200",147,2014,23.76,24.3,24.36,24.17
"12201",148,2014,23.87,24.41,24.22,24.22
"12202",149,2014,24.85,25.47,25.62,25.23
"12203",150,2014,24.75,25.38,25.59,25.21
"12204",151,2014,25.63,26.22,26.33,26.22
"12205",152,2014,25.69,26.41,26.8,26.02
"12206",153,2014,24.66,24.97,25.84,24.52
"12207",154,2014,24.89,26.17,26.6,25.63
"12208",155,2014,25.29,26.53,26.84,25.89
"12209",156,2014,25.69,26.66,27.04,26.27
"12210",157,2014,24.99,26.16,26.33,25.55
"12211",158,2014,24.5,25.55,25.66,25.48
"12212",159,2014,24.26,24.58,25.08,24.34
"12213",160,2014,25.86,26.03,26.34,25.76
"12214",161,2014,25.15,26.1,26.13,25.86
"12215",162,2014,24.25,24.29,24.29,24.06
"12216",163,2014,24.78,25.25,25.21,25.06
"12217",164,2014,25.71,26.06,25.89,25.74
"12218",165,2014,24.7,25.05,25.31,24.72
"12219",166,2014,23.79,24.52,24.34,24.28
"12220",167,2014,24.49,25,24.47,25.25
"12221",168,2014,23.83,24.55,25.1,24.09
"12222",169,2014,24,25.08,25.3,24.49
"12223",170,2014,22.88,24.02,23.72,23.77
"12224",171,2014,22.93,23.51,23.82,23.32
"12225",172,2014,23.15,23.87,24.31,23.27
"12226",173,2014,23.97,24.41,23.47,24.47
"12227",174,2014,24.32,24.91,24.67,24.95
"12228",175,2014,23.77,24.09,24.48,24.11
"12229",176,2014,23.63,23.91,24.86,23.33
"12230",177,2014,24.3,24.94,25.49,24.33
"12231",178,2014,24.79,25.74,25.93,25.56
"12232",179,2014,24.25,24.92,24.78,24.73
"12233",180,2014,24.11,24.99,24.74,24.69
"12234",181,2014,24.01,24.19,24.2,24.37
"12235",182,2014,24.07,24.89,24.49,24.99
"12236",183,2014,24.16,25.34,25.21,25.02
"12237",184,2014,24.66,25.48,25.47,25.31
"12238",185,2014,24.24,24.82,25.14,25.09
"12239",186,2014,24.1,24.56,24.33,24.79
"12240",187,2014,25.06,25.36,25.31,25.1
"12241",188,2014,24.24,24.57,24.55,23.96
"12242",189,2014,23.71,24.47,24.73,24.02
"12243",190,2014,23.46,24.15,24.05,24.07
"12244",191,2014,23.58,24.35,24.44,24.24
"12245",192,2014,22.92,23.66,23.35,23.67
"12246",193,2014,23.37,23.98,23.58,24.22
"12247",194,2014,23.78,24.52,24.58,24.07
"12248",195,2014,24.12,24.9,24.66,24.8
"12249",196,2014,24.42,25.01,24.49,24.98
"12250",197,2014,25.06,25.39,25.44,25.36
"12251",198,2014,24.66,25.03,25.08,25.12
"12252",199,2014,24.9,25.28,25.2,25.14
"12253",200,2014,24.74,24.91,25.04,24.77
"12254",201,2014,24.55,24.93,24.74,24.7
"12255",202,2014,24.02,24.85,24.48,25.07
"12256",203,2014,24.56,25.17,25.03,25.04
"12257",204,2014,24.99,25.69,25.47,25.18
"12258",205,2014,25.46,25.73,26.12,25.51
"12259",206,2014,25.43,26.25,26.33,25.73
"12260",207,2014,24.1,24.89,24.47,25.09
"12261",208,2014,24.79,25.16,25.73,24.61
"12262",209,2014,24.67,25.63,25.44,25.26
"12263",210,2014,24.15,24.95,24.86,24.68
"12264",211,2014,23.84,24.73,24.36,24.75
"12265",212,2014,24.94,25.82,25.54,25.72
"12266",213,2014,25.02,25.68,26.12,25.3
"12267",214,2014,25.17,25.72,25.57,25.39
"12268",215,2014,25.06,25.93,25.73,25.75
"12269",216,2014,25.17,26.22,26.36,26.13
"12270",217,2014,24.56,25.59,25.53,25.23
"12271",218,2014,24.14,25.18,24.71,25.26
"12272",219,2014,24.42,24.56,24.29,24.77
"12273",220,2014,25.06,25.28,25.04,25.43
"12274",221,2014,24.37,25.23,24.81,24.98
"12275",222,2014,24.37,24.94,24.52,25.2
"12276",223,2014,24.51,25.08,25.01,25.15
"12277",224,2014,24.75,25.42,25.3,25.25
"12278",225,2014,24.52,25.63,25.54,25.61
"12279",226,2014,23.72,24.18,23.93,23.85
"12280",227,2014,24.43,25.12,25,24.83
"12281",228,2014,24.73,25.46,25.39,25.21
"12282",229,2014,23.91,24.54,24.19,24.58
"12283",230,2014,23.99,24.64,24.23,24.47
"12284",231,2014,23.67,24.48,24.34,24.27
"12285",232,2014,24.12,24.65,24.92,24.28
"12286",233,2014,24.78,25.56,25.13,25.4
"12287",234,2014,25.15,25.87,25.25,25.92
"12288",235,2014,25.27,25.6,25.41,25.58
"12289",236,2014,25.83,26.24,26.05,26.07
"12290",237,2014,25.35,26.2,26.1,25.86
"12291",238,2014,24.81,25.21,25.03,25.32
"12292",239,2014,24.5,24.64,24.73,25.35
"12293",240,2014,24.94,25.56,25.74,25.56
"12294",241,2014,25.19,25.76,25.72,25.58
"12295",242,2014,25.25,25.84,26.1,25.61
"12296",243,2014,25.56,25.89,25.64,26.13
"12297",244,2014,25.68,26.06,26.19,26.08
"12298",245,2014,25.35,25.9,26.25,25.68
"12299",246,2014,24.54,24.97,24.98,25.32
"12300",247,2014,25.43,25.88,25.81,25.86
"12301",248,2014,25.45,26.38,25.8,26.13
"12302",249,2014,25.07,25.61,25.21,25.91
"12303",250,2014,25.3,25.91,25.99,25.67
"12304",251,2014,25.07,25.85,25.79,25.91
"12305",252,2014,25.31,25.43,25.42,25.68
"12306",253,2014,25.4,26.13,26.12,25.7
"12307",254,2014,24.72,24.96,25.56,24.57
"12308",255,2014,24.62,25.14,25.58,24.7
"12309",256,2014,25.25,25.78,26.06,25.2
"12310",257,2014,24.54,25.29,25.14,25.33
"12311",258,2014,24.95,25.38,25.31,25.39
"12312",259,2014,25.38,25.83,25.7,25.78
"12313",260,2014,24.69,25.48,25.06,25.88
"12314",261,2014,25.23,25.35,25.3,25.67
"12315",262,2014,25.59,26,25.95,26.13
"12316",263,2014,25.77,26.53,26.01,26.33
"12317",264,2014,26,26.48,25.95,26.41
"12318",265,2014,25.63,26.61,26.23,26.46
"12319",266,2014,25.43,26.13,25.6,26.25
"12320",267,2014,25.99,26.46,26.29,26.43
"12321",268,2014,26.68,27.07,26.9,27.14
"12322",269,2014,25.8,26.31,25.76,26.49
"12323",270,2014,26.06,26.41,26.23,26.71
"12324",271,2014,26.73,27.34,26.93,27.13
"12325",272,2014,26.59,27.22,26.66,27.07
"12326",273,2014,26.08,27.09,26.76,26.93
"12327",274,2014,25.38,25.87,26.35,25.69
"12328",275,2014,25.44,25.43,25.78,25.78
"12329",276,2014,24.94,25.57,25.84,25.31
"12330",277,2014,25.41,25.91,25.93,26.06
"12331",278,2014,25.75,25.9,26.06,26.04
"12332",279,2014,25.27,25.56,25.64,25.8
"12333",280,2014,25.42,25.92,26.15,25.92
"12334",281,2014,25.59,26.56,26.62,25.88
"12335",282,2014,24.79,25.42,25.19,25.48
"12336",283,2014,24.63,25.05,25.04,25.03
"12337",284,2014,24.77,25.37,25.77,24.82
"12338",285,2014,24.98,25.85,25.79,25.81
"12339",286,2014,24.37,25.18,25.19,25.02
"12340",287,2014,25.21,26,25.62,25.67
"12341",288,2014,25.16,26.15,25.8,25.95
"12342",289,2014,25.66,26.4,26.28,26.58
"12343",290,2014,25.11,25.62,25.24,26.38
"12344",291,2014,25.23,25.79,25.75,25.84
"12345",292,2014,26.2,26.79,26.58,26.63
"12346",293,2014,25.49,25.74,26.23,26.15
"12347",294,2014,25.52,26.33,26.08,26.39
"12348",295,2014,24.96,25.14,25.42,24.84
"12349",296,2014,25.61,26.15,25.97,26.22
"12350",297,2014,26.32,26.76,26.57,26.77
"12351",298,2014,26.01,26.64,26.76,26.52
"12352",299,2014,25.83,26.37,26.63,26.11
"12353",300,2014,24.88,25.45,25.06,25.56
"12354",301,2014,25.59,26.02,26.19,25.73
"12355",302,2014,26.32,26.76,26.65,26.36
"12356",303,2014,26.42,26.99,26.99,26.58
"12357",304,2014,26.53,27.1,26.92,26.79
"12358",305,2014,26.63,27.19,26.99,26.77
"12359",306,2014,25.27,26.54,26.64,26.25
"12360",307,2014,25.53,26.43,26.36,26.24
"12361",308,2014,26.17,26.98,26.58,26.88
"12362",309,2014,25.97,26.6,26.46,26.73
"12363",310,2014,25.28,25.93,26.18,25.86
"12364",311,2014,25.88,26.48,26.33,26.34
"12365",312,2014,25.51,26.3,26.25,25.79
"12366",313,2014,26.01,26.62,26.51,26.41
"12367",314,2014,26.55,26.95,26.73,26.91
"12368",315,2014,25.75,26.62,26.62,26.39
"12369",316,2014,25.85,26.45,26.51,26.28
"12370",317,2014,25.73,26.68,26.02,26.68
"12371",318,2014,25.12,25.86,25.01,26.41
"12372",319,2014,24.69,25.21,25.4,24.92
"12373",320,2014,24.72,25.13,25.56,24.97
"12374",321,2014,25.14,25.64,25.72,25.62
"12375",322,2014,25.71,26.31,26.04,26.3
"12376",323,2014,25.81,26.3,26.22,25.9
"12377",324,2014,26.03,26.48,26.54,26.44
"12378",325,2014,26.1,26.52,26.39,26.51
"12379",326,2014,25.48,26.2,26.2,25.95
"12380",327,2014,25.07,25.4,25.87,24.98
"12381",328,2014,25.63,26.29,26.5,26.01
"12382",329,2014,25.74,26.42,26.69,26.29
"12383",330,2014,26.13,26.55,26.82,26.38
"12384",331,2014,26.41,26.82,26.89,26.57
"12385",332,2014,25.96,26.5,26.58,26.25
"12386",333,2014,26.02,26.67,26.87,26.49
"12387",334,2014,25.93,26.56,26.84,26.22
"12388",335,2014,25.75,26.29,26.79,25.97
"12389",336,2014,26.19,26.68,27.06,26.35
"12390",337,2014,26.67,27.08,27.47,26.86
"12391",338,2014,26.78,27.23,27.63,26.89
"12392",339,2014,25.33,26.51,26.31,26.45
"12393",340,2014,25.17,25.93,26.13,25.65
"12394",341,2014,25.86,26.32,26.59,26.3
"12395",342,2014,26.31,26.76,27.02,26.51
"12396",343,2014,25.89,26.64,27.34,26.33
"12397",344,2014,25.6,26.65,27.23,26.34
"12398",345,2014,24.5,25.56,26.26,25.45
"12399",346,2014,24.98,26.08,26.57,25.83
"12400",347,2014,25.35,26.42,26.6,26.02
"12401",348,2014,25.97,26.92,27.23,26.74
"12402",349,2014,26.63,27.24,27.87,27.15
"12403",350,2014,26.37,27.45,27.95,27.43
"12404",351,2014,25.86,27.49,27.83,27.37
"12405",352,2014,26.35,27.7,28.07,27.42
"12406",353,2014,26.72,27.63,28.23,27.23
"12407",354,2014,26.69,27.61,28.23,27.14
"12408",355,2014,26.61,27.6,28.41,27.17
"12409",356,2014,26.62,27.44,28.38,27.12
"12410",357,2014,26.75,28.1,28.6,27.4
"12411",358,2014,25.94,27.92,28.27,27.46
"12412",359,2014,25.69,27.59,27.87,27.29
"12413",360,2014,26.13,27.85,28.56,26.91
"12414",361,2014,26.49,28.12,28.83,27.58
"12415",362,2014,26.95,28.66,28.83,27.95
"12416",363,2014,26.86,28.45,28.82,27.54
"12417",364,2014,26.52,28.24,28.69,27.57
"12418",365,2014,26.73,28.56,28.78,27.37
"12419",1,2015,26.57,28.27,28.66,27.22
"12420",2,2015,26.53,28.15,28.54,27.29
"12421",3,2015,26.62,28.35,28.38,27.48
"12422",4,2015,26.78,28.37,28.48,27.74
"12423",5,2015,26.92,28.19,28.26,27.46
"12424",6,2015,26.62,27.68,28.48,26.65
"12425",7,2015,26.33,27.43,28.17,26.69
"12426",8,2015,26.29,27.37,28.39,26.65
"12427",9,2015,26.65,27.78,28.72,26.72
"12428",10,2015,26.01,27.48,28.03,26.84
"12429",11,2015,25.45,26.87,27.59,26.35
"12430",12,2015,26.34,27.81,28.29,27.55
"12431",13,2015,26.56,28.14,28.48,27.6
"12432",14,2015,26.88,28.61,29.06,27.85
"12433",15,2015,26.49,28.35,28.7,27.85
"12434",16,2015,25.58,27.23,27.25,27.2
"12435",17,2015,25.32,26.98,27.61,26.69
"12436",18,2015,25.36,27.51,27.87,27.25
"12437",19,2015,25.63,27.46,28.03,27.31
"12438",20,2015,25.14,26.33,27.27,26.03
"12439",21,2015,25.24,26.9,27.61,26.3
"12440",22,2015,24.48,25.82,27.1,25.17
"12441",23,2015,24.76,26.3,27.3,25.73
"12442",24,2015,25.19,26.96,27.56,26.34
"12443",25,2015,25.75,27,27.97,26.5
"12444",26,2015,26.44,27.75,28.67,26.95
"12445",27,2015,26.83,28.36,29.13,27.63
"12446",28,2015,26.73,28.03,28.99,27.63
"12447",29,2015,26.5,27.95,29.22,27.4
"12448",30,2015,25.75,28.13,28.67,27.62
"12449",31,2015,25.28,27.19,28.07,27.41
"12450",32,2015,24.24,25.44,26.57,25.03
"12451",33,2015,24.6,25.94,26.97,25.68
"12452",34,2015,25,26.52,27.63,26.23
"12453",35,2015,25.9,27.52,28.66,26.95
"12454",36,2015,26.41,28.39,29.09,28.01
"12455",37,2015,26.69,28.48,29.43,28.16
"12456",38,2015,27.03,28.38,29.38,28.17
"12457",39,2015,27.42,28.41,29.83,28.47
"12458",40,2015,27.38,28.53,30.03,28.44
"12459",41,2015,27.37,28.9,29.96,28.54
"12460",42,2015,26.88,28.28,29.02,28.47
"12461",43,2015,26.16,27.51,28.38,27.59
"12462",44,2015,25.25,25.81,26.69,25.5
"12463",45,2015,25.44,26.76,26.87,26.2
"12464",46,2015,25.78,27.6,28.16,27.11
"12465",47,2015,26.12,27.24,28,26.95
"12466",48,2015,26.37,27.48,28.12,27.1
"12467",49,2015,27.09,27.95,29.09,27.38
"12468",50,2015,27.71,28.94,29.63,28.37
"12469",51,2015,27.6,28.8,29.19,28.32
"12470",52,2015,27.43,28.6,29.51,28.11
"12471",53,2015,27.85,29.14,30.08,28.84
"12472",54,2015,26.61,28.36,29.15,27.85
"12473",55,2015,26.58,28.86,29.31,27.88
"12474",56,2015,27.01,29.2,29.98,28.68
"12475",57,2015,26.72,29.02,30.03,28.71
"12476",58,2015,26.32,28.72,29.57,28.75
"12477",59,2015,25.88,28.22,29.07,27.89
"12478",60,2015,26.12,28.22,29.2,27.72
"12479",61,2015,26.63,28.45,29.57,28.06
"12480",62,2015,26.75,28.89,29.86,28.55
"12481",63,2015,27.04,29.22,30.15,28.74
"12482",64,2015,26.98,29.58,30.47,28.71
"12483",65,2015,27.02,29.87,29.92,29.03
"12484",66,2015,26.76,29.79,30.11,29.06
"12485",67,2015,26.38,29.38,30.21,28.68
"12486",68,2015,26.56,29.27,30.09,28.67
"12487",69,2015,26.77,29.34,30.43,28.32
"12488",70,2015,27.26,29.99,30.79,29.29
"12489",71,2015,27.63,30.47,31.14,29.94
"12490",72,2015,28.29,30.82,31.11,30.58
"12491",73,2015,28.67,30.9,31.1,30.68
"12492",74,2015,28.42,30.91,31.08,30.4
"12493",75,2015,27.94,30.65,30.89,30.17
"12494",76,2015,26.33,28.98,29.42,28.64
"12495",77,2015,25.54,27.26,27.95,27.12
"12496",78,2015,25.96,28.05,28.64,27.33
"12497",79,2015,25.49,26.86,27.46,26.67
"12498",80,2015,25.94,27.46,28.17,27.36
"12499",81,2015,26.69,28.09,29,27.93
"12500",82,2015,26.96,28.06,29.11,28.15
"12501",83,2015,27.08,28.28,29.05,28.41
"12502",84,2015,27.46,28.78,29.58,28.8
"12503",85,2015,27.43,29.22,30.24,29.15
"12504",86,2015,27.31,29.73,30.78,29.24
"12505",87,2015,27.38,30,30.24,29.51
"12506",88,2015,26.55,29.15,29.69,28
"12507",89,2015,26.55,28.3,29.08,28.17
"12508",90,2015,26.52,28.22,28.89,28
"12509",91,2015,26.23,28.02,28.11,27.81
"12510",92,2015,25.71,27.17,27.67,26.62
"12511",93,2015,24.85,26.05,26.79,25.35
"12512",94,2015,25.63,26.96,27.66,26.08
"12513",95,2015,26.62,28.11,28.83,27.72
"12514",96,2015,26.74,28.53,29.04,27.92
"12515",97,2015,26.47,28.53,28.69,28.19
"12516",98,2015,25.82,27.49,27.32,27.09
"12517",99,2015,25.54,26.43,27.56,25.88
"12518",100,2015,25.9,27.05,27.41,26.78
"12519",101,2015,25.79,26.87,27.06,26.62
"12520",102,2015,25.5,26.34,26.66,26.68
"12521",103,2015,25.43,25.99,26.22,25.9
"12522",104,2015,25.01,25.79,26.62,25.14
"12523",105,2015,25.53,26.8,27.53,26.15
"12524",106,2015,25.25,26.46,27.26,26.19
"12525",107,2015,24.97,26.08,26.38,25.91
"12526",108,2015,24.85,25.35,25.21,25.24
"12527",109,2015,25.41,25.76,25.66,25.6
"12528",110,2015,25.04,25.87,26.18,25.68
"12529",111,2015,25.16,25.96,26.6,25.74
"12530",112,2015,25.68,26.69,27.14,26.39
"12531",113,2015,25.76,26.83,27.37,26.71
"12532",114,2015,25.44,26.25,26.24,25.85
"12533",115,2015,24.64,25.49,25.82,25.08
"12534",116,2015,25.13,26.12,26.02,25.72
"12535",117,2015,25.84,26.88,26.88,26.72
"12536",118,2015,26.19,27.22,27.42,27
"12537",119,2015,26.61,27.35,27.76,26.89
"12538",120,2015,26.59,27.27,27.73,26.67
"12539",121,2015,26.45,27.66,27.58,27.31
"12540",122,2015,26.8,27.62,27.65,27.3
"12541",123,2015,27.4,28.01,28.27,27.76
"12542",124,2015,27.11,28.05,28.81,27.79
"12543",125,2015,26.3,27.77,28.52,27.42
"12544",126,2015,25.82,27.48,27.45,27.35
"12545",127,2015,25.72,26.86,26.89,26.5
"12546",128,2015,25.35,25.89,26.75,25.43
"12547",129,2015,25.83,26.13,27.42,25.88
"12548",130,2015,26.32,26.69,27.89,26.56
"12549",131,2015,26.63,27.59,28.85,26.96
"12550",132,2015,25.15,26.88,27.76,26.13
"12551",133,2015,24.85,25.78,26.78,25.32
"12552",134,2015,24.52,25.06,25.64,25.18
"12553",135,2015,24.84,25.24,25.17,25.37
"12554",136,2015,25.25,25.91,26.26,25.66
"12555",137,2015,25.18,25.78,26.05,25.79
"12556",138,2015,24.33,25.27,25.41,24.74
"12557",139,2015,24.73,25.64,25.52,25.57
"12558",140,2015,24.94,25.56,25.15,25.47
"12559",141,2015,25.54,26.15,25.9,25.97
"12560",142,2015,25.67,25.76,26.08,25.96
"12561",143,2015,24.69,25.05,25.41,24.82
"12562",144,2015,25.41,25.77,26,25.63
"12563",145,2015,25.09,25.64,26,25.48
"12564",146,2015,24.97,25.78,26.53,25.21
"12565",147,2015,25.43,26.22,26.9,25.79
"12566",148,2015,24.76,25.16,25.71,25.08
"12567",149,2015,24.37,24.83,24.99,24.52
"12568",150,2015,24.12,24.88,24.91,24.35
"12569",151,2015,24.81,25.43,25.37,25.36
"12570",152,2015,25.35,25.54,25.56,25.73
"12571",153,2015,25.38,25.63,25.4,25.53
"12572",154,2015,24.89,25.81,26.14,25.39
"12573",155,2015,25.26,25.58,26.43,25.11
"12574",156,2015,24.84,25.54,25.28,25.49
"12575",157,2015,25.41,26.21,25.76,26.04
"12576",158,2015,24.54,24.98,24.98,25.19
"12577",159,2015,24.35,24.81,24.89,24.73
"12578",160,2015,24.03,25.36,25.64,24.7
"12579",161,2015,24.32,25.4,25.01,25.72
"12580",162,2015,24.53,25.25,25.56,25.11
"12581",163,2015,25.15,25.54,25.69,25.7
"12582",164,2015,24.22,24.88,25.81,24.72
"12583",165,2015,24.4,24.97,25.1,24.61
"12584",166,2015,24.03,24.7,24.94,24.31
"12585",167,2015,24.12,24.58,24.67,24.56
"12586",168,2015,24.72,25.31,25.03,25.29
"12587",169,2015,25.03,25.55,25.76,25.2
"12588",170,2015,24.52,25.08,25.59,24.7
"12589",171,2015,23.88,24.37,24.18,24.39
"12590",172,2015,23.98,24.58,24.41,24.58
"12591",173,2015,23.63,24.43,23.87,24.13
"12592",174,2015,23.85,24.85,24.93,24.47
"12593",175,2015,24.48,25.37,24.69,25.31
"12594",176,2015,23.93,24.4,24.53,24.05
"12595",177,2015,23.49,24.58,24.5,24.28
"12596",178,2015,23.33,23.67,24.65,23.4
"12597",179,2015,24.05,24.45,24.7,24.26
"12598",180,2015,24.18,24.91,25.07,24.71
"12599",181,2015,24.23,25.38,25.69,24.66
"12600",182,2015,24.58,25.23,25.2,24.63
"12601",183,2015,24.16,24.61,24.83,24.36
"12602",184,2015,25.07,25.33,25.65,25.24
"12603",185,2015,25.27,25.81,26.27,25.62
"12604",186,2015,24.68,25.28,25.77,24.98
"12605",187,2015,24.32,24.53,25.06,24.16
"12606",188,2015,24.53,24.86,24.87,24.65
"12607",189,2015,25.22,25.41,25.89,25.23
"12608",190,2015,25.12,25.81,26.19,25.34
"12609",191,2015,24.28,24.56,24.74,24.2
"12610",192,2015,25.08,25.53,25.94,25.67
"12611",193,2015,25.12,25.95,26.39,25.53
"12612",194,2015,24.55,24.96,25.38,24.56
"12613",195,2015,24.86,25.52,25.63,25.1
"12614",196,2015,24.7,25.1,24.94,24.93
"12615",197,2015,25.16,25.59,25.1,25.61
"12616",198,2015,24.92,25.67,25.34,25.63
"12617",199,2015,24.25,24.96,24.46,24.93
"12618",200,2015,24.19,24.99,24.69,25.04
"12619",201,2015,23.94,24.46,24.68,24.15
"12620",202,2015,23.65,24.32,24.08,24.09
"12621",203,2015,24.78,25.26,25.01,24.92
"12622",204,2015,24.46,24.58,24.92,24.55
"12623",205,2015,24,23.65,24.26,23.57
"12624",206,2015,23.86,24.14,24.08,24.25
"12625",207,2015,24.28,24.83,24.73,24.61
"12626",208,2015,25.01,25.46,25.51,25.21
"12627",209,2015,24.55,25,25.27,24.87
"12628",210,2015,24.66,25.27,25.1,25.41
"12629",211,2015,24.41,24.48,25.06,24.13
"12630",212,2015,24.42,24.76,24.86,24.71
"12631",213,2015,24.34,25.42,25.2,25.14
"12632",214,2015,24.7,25.24,25.39,25.02
"12633",215,2015,25.05,25.44,26.16,25.49
"12634",216,2015,24.83,25.12,25.4,25.37
"12635",217,2015,25.1,25.77,25.63,25.73
"12636",218,2015,25.19,25.76,26.17,25.88
"12637",219,2015,25.55,26.32,26.48,26.26
"12638",220,2015,25.69,25.64,26.08,25.57
"12639",221,2015,25.73,25.99,26.08,26.39
"12640",222,2015,25.86,26.21,26.18,26.47
"12641",223,2015,25.94,26.04,26.35,26.05
"12642",224,2015,25.48,26.29,26.5,25.98
"12643",225,2015,24.78,25.23,25.84,25.3
"12644",226,2015,24.63,25.31,25.3,24.85
"12645",227,2015,24.93,25.64,25.1,25.53
"12646",228,2015,24.18,24.43,24.52,24.41
"12647",229,2015,24.89,25.27,25.24,25.34
"12648",230,2015,25.34,25.9,25.23,25.87
"12649",231,2015,24.85,25.47,25.09,25.93
"12650",232,2015,25.08,25.46,25.44,25.5
"12651",233,2015,25.48,25.72,25.64,25.96
"12652",234,2015,24.81,25.74,25.83,25.46
"12653",235,2015,24.63,25.88,25.48,25.58
"12654",236,2015,25.67,25.86,26.11,25.56
"12655",237,2015,26.01,26.65,26.44,26.46
"12656",238,2015,25.92,26.62,26.49,26.62
"12657",239,2015,25.67,26.05,26.5,26.25
"12658",240,2015,26.18,26.6,26.59,26.36
"12659",241,2015,25.31,26.48,26.02,26.35
"12660",242,2015,25.01,25.69,25.9,25.72
"12661",243,2015,25.23,26.09,25.95,25.95
"12662",244,2015,25.45,26.19,25.83,25.82
"12663",245,2015,25.19,25.53,25.13,25.61
"12664",246,2015,25.53,25.93,25.89,25.93
"12665",247,2015,25.95,26.58,26.97,26.6
"12666",248,2015,25.97,26.35,26.49,26.17
"12667",249,2015,25.14,25.98,25.81,25.52
"12668",250,2015,25.35,26.09,25.68,26
"12669",251,2015,26.31,27.17,26.79,27.16
"12670",252,2015,26.54,26.98,27.05,26.92
"12671",253,2015,26.29,26.37,26.57,26.08
"12672",254,2015,26.67,27.01,26.95,27.21
"12673",255,2015,26.94,27.39,27.12,27.4
"12674",256,2015,26.91,27.4,27.19,27.32
"12675",257,2015,26.34,27.16,26.87,27.16
"12676",258,2015,26.11,26.81,26.66,26.83
"12677",259,2015,26.01,26.46,26.39,26.81
"12678",260,2015,26.26,26.83,26.74,26.6
"12679",261,2015,26.35,26.66,26.67,26.66
"12680",262,2015,26.04,26.96,26.69,27.06
"12681",263,2015,25.46,26.27,26.34,26.15
"12682",264,2015,26.21,26.95,26.86,26.8
"12683",265,2015,26.52,27.43,27.18,27.41
"12684",266,2015,26.81,27.39,27.21,27.65
"12685",267,2015,27.47,28.13,27.99,27.85
"12686",268,2015,27.44,28.02,27.99,27.82
"12687",269,2015,27.2,27.82,27.36,27.5
"12688",270,2015,27.24,28.03,27.87,27.76
"12689",271,2015,27.11,27.96,27.79,27.77
"12690",272,2015,26.66,27.3,27.44,27.46
"12691",273,2015,26.93,27.62,27.6,27.59
"12692",274,2015,26.59,27.6,27.55,27.53
"12693",275,2015,26.1,27.23,26.96,27.21
"12694",276,2015,26.17,26.75,26.9,26.59
"12695",277,2015,26.71,27.68,27.34,27.3
"12696",278,2015,26.84,27.32,27.39,27.15
"12697",279,2015,26.73,27.2,27.41,26.91
"12698",280,2015,26.45,27.46,27.64,27.39
"12699",281,2015,26.38,27.09,27.44,27
"12700",282,2015,26.87,27.71,27.89,27.4
"12701",283,2015,26.25,27.11,27.1,26.54
"12702",284,2015,26,26.61,26.71,26.63
"12703",285,2015,25.67,25.75,26.1,25.67
"12704",286,2015,24.65,25.3,25.39,25.21
"12705",287,2015,25.13,25.58,25.34,25.52
"12706",288,2015,25.56,26.35,26.35,25.94
"12707",289,2015,26.56,27.1,27.12,27
"12708",290,2015,25.64,26.75,26.89,26.53
"12709",291,2015,25.79,26.69,26.46,26.51
"12710",292,2015,25.8,26.49,26.13,26.67
"12711",293,2015,26.36,26.77,26.61,26.86
"12712",294,2015,26.74,27.67,27.26,27.5
"12713",295,2015,26.62,27.44,27.44,27.34
"12714",296,2015,26.34,26.93,26.75,27.16
"12715",297,2015,26.47,26.89,26.31,26.92
"12716",298,2015,25.79,26.51,26.32,26.49
"12717",299,2015,26.23,26.83,26.83,26.91
"12718",300,2015,26.34,27.16,26.74,27.01
"12719",301,2015,25.78,26.32,26.67,26.48
"12720",302,2015,26.38,26.94,27.03,26.81
"12721",303,2015,26.62,26.93,27.16,26.79
"12722",304,2015,26.61,27.17,27.39,27.05
"12723",305,2015,26.41,27.23,27.32,27.11
"12724",306,2015,25.73,26.5,26.62,26.39
"12725",307,2015,26.06,26.65,26.91,26.61
"12726",308,2015,25.81,26.22,26.71,25.84
"12727",309,2015,25.32,26.02,26.03,25.74
"12728",310,2015,24.91,25.59,25.92,25
"12729",311,2015,25.15,25.8,25.64,25.54
"12730",312,2015,25.21,25.99,26.18,25.81
"12731",313,2015,25.74,26.3,26.5,26
"12732",314,2015,25.03,26,25.84,25.68
"12733",315,2015,25.18,25.45,25.62,25.7
"12734",316,2015,25.68,26.09,26.25,26.07
"12735",317,2015,26,26.44,26.61,26.49
"12736",318,2015,25.04,25.52,26.12,25.34
"12737",319,2015,24.93,25.29,25.84,25.07
"12738",320,2015,25.12,25.67,26.34,25.32
"12739",321,2015,25.73,26.17,26.6,25.94
"12740",322,2015,26.27,26.67,26.93,26.36
"12741",323,2015,26.61,26.71,26.87,26.54
"12742",324,2015,26.54,26.77,26.89,26.74
"12743",325,2015,26.27,26.24,26.85,26.13
"12744",326,2015,25.51,25.67,25.9,25.39
"12745",327,2015,25.33,26.19,26.39,25.43
"12746",328,2015,26,26.73,26.87,26.38
"12747",329,2015,26.37,26.96,27.05,26.6
"12748",330,2015,26.48,27.04,27.03,26.78
"12749",331,2015,25.54,26.27,26.43,26.17
"12750",332,2015,25.68,26.16,26.31,26.23
"12751",333,2015,26.27,26.8,27.14,26.56
"12752",334,2015,26.79,27.02,27.6,26.9
"12753",335,2015,27.05,27.44,27.81,27.17
"12754",336,2015,26.05,26.64,27.01,26.25
"12755",337,2015,25.08,25.62,25.8,25.23
"12756",338,2015,25.39,25.71,26.45,25.33
"12757",339,2015,25.46,26,26.37,25.74
"12758",340,2015,25.98,26.59,26.97,26.43
"12759",341,2015,26.11,26.14,26.56,26.03
"12760",342,2015,26.42,26.45,26.91,26.28
"12761",343,2015,26.68,26.82,27.47,26.69
"12762",344,2015,26.78,27.24,27.54,27
"12763",345,2015,26.93,27.47,27.74,27.01
"12764",346,2015,26.96,27.38,27.8,27.05
"12765",347,2015,26.43,27.23,27.52,26.95
"12766",348,2015,26.11,27.32,27.39,27.05
"12767",349,2015,26.04,26.99,27.34,26.6
"12768",350,2015,25.47,26.3,26.52,26.07
"12769",351,2015,25.58,26.04,26.46,25.99
"12770",352,2015,25.09,25.85,26.7,25.37
"12771",353,2015,25.77,26.42,27.11,26.01
"12772",354,2015,26.25,26.67,27.38,26.57
"12773",355,2015,26.48,26.66,27.39,26.56
"12774",356,2015,26.43,27.06,27.62,26.62
"12775",357,2015,26.17,26.5,27.34,26.27
"12776",358,2015,26.32,26.84,27.6,26.57
"12777",359,2015,26.53,27.08,27.55,26.93
"12778",360,2015,26.07,26.67,27.65,26.42
"12779",361,2015,26.23,26.65,27.47,26.37
"12780",362,2015,26.63,27.25,28.17,26.82
"12781",363,2015,26.81,27.77,28.42,26.88
"12782",364,2015,26.12,27.56,28.34,26.88
"12783",365,2015,26.56,27.88,28.64,27.22
"12784",1,2016,26.99,28.03,28.8,27.36
"12785",2,2016,27.19,27.82,28.86,27.36
"12786",3,2016,27.25,28.1,29.04,27.22
"12787",4,2016,27.69,28.45,29.3,27.83
"12788",5,2016,28.09,29.02,29.88,28.14
"12789",6,2016,27.97,29.29,29.44,28.8
"12790",7,2016,27.79,29.13,29.12,28.72
"12791",8,2016,28.5,29.43,30.02,28.97
"12792",9,2016,28.78,29.58,30.05,28.98
"12793",10,2016,28.7,29.42,29.89,28.97
"12794",11,2016,28.7,29.3,30.4,28.83
"12795",12,2016,28.88,29.37,30.59,29.03
"12796",13,2016,29.01,29.31,30.39,28.97
"12797",14,2016,29.02,29.21,30.22,28.81
"12798",15,2016,29.44,29.36,30.47,29.23
"12799",16,2016,28.93,28.9,29.8,28.68
"12800",17,2016,29.03,28.83,29.96,28.71
"12801",18,2016,28.98,28.54,29.93,28.4
"12802",19,2016,28.81,28.49,29.56,28.51
"12803",20,2016,28.61,28.33,29.22,28.35
"12804",21,2016,28.78,28.54,29.45,28.38
"12805",22,2016,28.91,28.75,29.55,28.74
"12806",23,2016,29.05,28.9,29.64,28.88
"12807",24,2016,29.34,29.13,29.99,29.16
"12808",25,2016,29.95,29.7,31,29.68
"12809",26,2016,29.22,28.85,29.76,28.84
"12810",27,2016,29.41,29.32,30.04,28.7
"12811",28,2016,29.28,29.33,30.18,29.13
"12812",29,2016,29.8,29.56,30.27,29.27
"12813",30,2016,29.92,29.52,30.5,29.14
"12814",31,2016,29.51,29.09,30.15,28.89
"12815",32,2016,29.12,28.8,29.95,28.58
"12816",33,2016,29.35,29.23,29.97,29.08
"12817",34,2016,29.32,29.64,30.64,29.42
"12818",35,2016,29.08,29.59,29.94,29.45
"12819",36,2016,29.33,29.6,30.17,29.51
"12820",37,2016,29,30.05,30.32,29.48
"12821",38,2016,28.18,29.9,29.96,29.42
"12822",39,2016,28.02,29.63,30.18,29.1
"12823",40,2016,27.88,29.56,30.33,29.13
"12824",41,2016,27.63,30.1,30.3,29.57
"12825",42,2016,27.28,29.64,29.74,29.56
"12826",43,2016,26.8,29.47,29.32,29.26
"12827",44,2016,27.42,29.39,29.61,29.32
"12828",45,2016,27.51,29.5,29.35,29.15
"12829",46,2016,27.92,29.49,30.09,28.71
"12830",47,2016,28.81,30.22,31.03,29.47
"12831",48,2016,29,31.1,31.11,30.64
"12832",49,2016,28.59,30.94,30.98,31.01
"12833",50,2016,28,30.06,30.53,29.92
"12834",51,2016,28.32,30.37,30.81,30.22
"12835",52,2016,27.73,30.56,30.37,30.27
"12836",53,2016,28.48,30.3,30.54,29.91
"12837",54,2016,29.45,31.24,31.32,30.8
"12838",55,2016,27.67,30.06,30.25,30.09
"12839",56,2016,27.35,30.35,31.18,29.81
"12840",57,2016,27.66,30.02,30.65,29.77
"12841",58,2016,29.17,30.76,31.45,30.78
"12842",59,2016,29.25,30.8,31.62,30.63
"12843",60,2016,29.83,31.6,32.39,31.13
"12844",61,2016,28.7,31.26,32,30.89
"12845",62,2016,27.43,29.8,31.17,29.63
"12846",63,2016,28.21,29.94,30.72,29.96
"12847",64,2016,28.87,30.79,31.69,30.84
"12848",65,2016,29.33,31.81,32.4,31.29
"12849",66,2016,30.22,31.93,32.89,31.6
"12850",67,2016,29.39,31.15,31.92,31.09
"12851",68,2016,29.28,31.36,31.95,31.03
"12852",69,2016,29.38,31.3,31.83,31.28
"12853",70,2016,30.01,31.77,32.22,31.78
"12854",71,2016,29.9,31.62,32.13,31.38
"12855",72,2016,30.27,31.46,31.87,31.5
"12856",73,2016,28.82,30.6,31.71,30.96
"12857",74,2016,27.82,29.91,30.14,30.35
"12858",75,2016,26.72,28.67,28.57,28.63
"12859",76,2016,26.61,27.79,27.68,27.55
"12860",77,2016,26.13,27.43,27.82,26.8
"12861",78,2016,26.32,26.61,26.95,27.06
"12862",79,2016,26.95,28.08,28.57,27.93
"12863",80,2016,27.3,28.44,29.22,28.28
"12864",81,2016,27.06,28.1,28.97,27.65
"12865",82,2016,27.81,29.01,29.92,28.86
"12866",83,2016,27.89,29.26,30.17,28.72
"12867",84,2016,27.8,28.67,29.97,28.24
"12868",85,2016,28.59,29.56,31.32,28.73
"12869",86,2016,28.59,30.31,31.61,29.68
"12870",87,2016,28.17,30.14,31.79,29.29
"12871",88,2016,26.8,28.59,29.27,28.56
"12872",89,2016,27.32,28.3,29.01,28.44
"12873",90,2016,27.26,28.57,29.42,27.83
"12874",91,2016,25.98,26.63,26.59,26.57
"12875",92,2016,26.22,26.98,27.69,26.71
"12876",93,2016,25.95,26.47,26.7,26.33
"12877",94,2016,25.79,26.61,26.8,26.44
"12878",95,2016,25.89,26.7,27.45,26.25
"12879",96,2016,25.73,26.5,26.62,26.59
"12880",97,2016,25.7,26.12,26.04,26.5
"12881",98,2016,26.58,27.25,26.82,27.2
"12882",99,2016,26.31,26.92,26.74,27.07
"12883",100,2016,26.65,27.18,27.53,26.87
"12884",101,2016,26.56,27.36,28.1,26.64
"12885",102,2016,26.93,27.64,28.2,27.17
"12886",103,2016,26.56,27.72,27.95,27.57
"12887",104,2016,26.09,27.22,27.13,27.57
"12888",105,2016,26.67,27.3,27.33,26.98
"12889",106,2016,26.92,27.45,27.45,27.19
"12890",107,2016,26.75,27.42,27.59,27.21
"12891",108,2016,25.8,27.01,26.41,26.81
"12892",109,2016,26.42,27.07,27.04,27.3
"12893",110,2016,26.78,27.29,27.05,27.5
"12894",111,2016,25.45,26.1,26.53,26.17
"12895",112,2016,26.28,26.64,26.62,26.7
"12896",113,2016,25.69,26.12,26.59,25.57
"12897",114,2016,25.9,26.6,26.11,26.45
"12898",115,2016,25.67,26.39,26.23,26.28
"12899",116,2016,26.59,27.11,27.41,27.15
"12900",117,2016,27.12,27.8,28.04,27.52
"12901",118,2016,26.99,27.87,27.83,27.82
"12902",119,2016,25.45,25.64,25.92,25.87
"12903",120,2016,23.99,24.87,24.29,24.87
"12904",121,2016,24.07,24.8,24.23,24.49
"12905",122,2016,24.19,24.68,24.21,24.86
"12906",123,2016,24.78,25.32,24.43,25.83
"12907",124,2016,24.78,25.64,25.54,25.39
"12908",125,2016,24.25,24.88,25.07,24.14
"12909",126,2016,25.29,25.67,26.05,25.57
"12910",127,2016,25.51,25.96,26.45,25.64
"12911",128,2016,25.68,26.09,26.25,25.64
"12912",129,2016,25.59,26.53,26.5,26.29
"12913",130,2016,25.5,25.88,26.06,25.81
"12914",131,2016,25.02,25.55,25.8,25.13
"12915",132,2016,25.26,25.76,25.88,25.68
"12916",133,2016,25.93,26.37,26.4,25.91
"12917",134,2016,25.74,26.16,26.72,26.05
"12918",135,2016,25.77,26.15,26.47,25.99
"12919",136,2016,25.76,26.07,25.96,26.21
"12920",137,2016,25.86,26.26,26.33,25.99
"12921",138,2016,24.9,25.71,26.1,25.3
"12922",139,2016,24.85,25.49,25.58,24.98
"12923",140,2016,25.35,25.95,26.41,25.54
"12924",141,2016,25.63,26.15,26.25,25.94
"12925",142,2016,25.24,25.72,26.14,25.77
"12926",143,2016,25.61,25.97,25.87,25.75
"12927",144,2016,25.43,26.14,26.17,26.05
"12928",145,2016,25.41,25.92,25.93,25.84
"12929",146,2016,24.56,25.35,25.36,25.25
"12930",147,2016,25.06,25.44,25.68,25.22
"12931",148,2016,25.37,25.62,26.19,25.25
"12932",149,2016,25.23,25.98,26.4,25.37
"12933",150,2016,25.02,25.58,25.51,25.53
"12934",151,2016,24.98,25.43,25.75,25.41
"12935",152,2016,25.46,25.87,25.83,25.52
"12936",153,2016,26.02,26.11,25.97,25.83
"12937",154,2016,25.77,26.18,26.33,26.05
"12938",155,2016,25.19,25.84,26.63,25.65
"12939",156,2016,25.69,26.44,26.77,26.17
"12940",157,2016,25.52,26.32,26.43,26.34
"12941",158,2016,26.04,26.23,26.47,25.93
"12942",159,2016,25.89,26.25,26.29,25.97
"12943",160,2016,25.47,26.32,26.2,26.19
"12944",161,2016,25.69,26.17,26.59,25.72
"12945",162,2016,24.42,25.11,25.06,24.68
"12946",163,2016,24.83,25.23,25.14,24.95
"12947",164,2016,24.78,25.36,25.57,25.04
"12948",165,2016,24.08,24.33,24.51,23.83
"12949",166,2016,23.12,23.62,23.9,23.63
"12950",167,2016,23.29,23.96,24.13,23.61
"12951",168,2016,24.35,24.91,24.94,24.67
"12952",169,2016,24.39,25.01,24.88,25.05
"12953",170,2016,24.39,25.25,25.28,24.57
"12954",171,2016,24.36,24.95,24.51,24.1
"12955",172,2016,24.28,25.18,25.18,24.76
"12956",173,2016,23.44,23.95,24.59,23.88
"12957",174,2016,23.59,24.33,23.92,24.68
"12958",175,2016,23.66,24.71,24.56,24.8
"12959",176,2016,23.7,24.21,24.47,24.2
"12960",177,2016,23.84,24.28,23.97,24.42
"12961",178,2016,24.2,24.65,24.86,24.49
"12962",179,2016,24.84,25.58,25.27,25.05
"12963",180,2016,24.92,25.67,25.92,25.53
"12964",181,2016,24.39,25.23,24.98,25.2
"12965",182,2016,23.55,24.49,24.11,24.25
"12966",183,2016,24.19,24.74,24.77,24.54
"12967",184,2016,24.19,25.32,25.12,24.92
"12968",185,2016,23.61,24.48,24.72,24.07
"12969",186,2016,23.45,24.11,24.71,23.64
"12970",187,2016,24.06,24.33,24.8,23.95
"12971",188,2016,23.69,23.78,24.04,23.78
"12972",189,2016,24.08,24.03,24.83,23.95
"12973",190,2016,24.75,25.2,25.49,24.83
"12974",191,2016,24.72,25.43,25.72,25.31
"12975",192,2016,24.51,24.89,25.1,25.06
"12976",193,2016,24.64,25.07,25.32,24.67
"12977",194,2016,24.5,24.93,25.42,24.45
"12978",195,2016,24.56,24.94,25.29,24.44
"12979",196,2016,24.68,25.35,25.43,24.88
"12980",197,2016,24.67,24.87,24.36,24.92
"12981",198,2016,24.34,24.38,24.52,24.46
"12982",199,2016,24.93,24.87,25.37,24.72
"12983",200,2016,24.68,25.35,25.59,25.15
"12984",201,2016,24.35,25.3,25.19,24.82
"12985",202,2016,24.39,24.97,24.9,24.99
"12986",203,2016,24.44,25.31,24.89,25.17
"12987",204,2016,24.19,24.87,24.89,24.98
"12988",205,2016,24.31,25.27,24.94,25.24
"12989",206,2016,24.47,25.07,24.6,25.17
"12990",207,2016,24.07,24.58,24.63,24.53
"12991",208,2016,25.27,25.64,25.71,25.33
"12992",209,2016,24.86,25.17,25.44,25.06
"12993",210,2016,24.07,24.89,24.85,24.79
"12994",211,2016,24.08,24.86,24.93,24.17
"12995",212,2016,24.37,25.28,24.91,24.85
"12996",213,2016,24.89,25.7,25.41,25.2
"12997",214,2016,24.07,25.16,24.68,24.98
"12998",215,2016,24.19,24.54,24.8,24.41
"12999",216,2016,24.45,24.62,24.63,25
"13000",217,2016,24.79,25.38,25.04,25.79
"13001",218,2016,24.54,25.79,25.46,25.94
"13002",219,2016,25.63,26.18,26.09,26.24
"13003",220,2016,26.57,27.16,26.87,27.14
"13004",221,2016,25.4,26.54,26.54,26.21
"13005",222,2016,24.83,25.34,25.64,25.43
"13006",223,2016,25.48,25.91,25.79,25.95
"13007",224,2016,25.53,26.28,26.09,26.12
"13008",225,2016,24.87,25.5,25.13,25.67
"13009",226,2016,25.17,25.2,25.63,25.33
"13010",227,2016,25.66,25.95,26.26,25.7
"13011",228,2016,26.01,26.65,26.28,26.55
"13012",229,2016,26.19,26.75,26.57,26.62
"13013",230,2016,25.91,26.87,26.68,26.72
"13014",231,2016,25.18,25.84,26.09,25.39
"13015",232,2016,25.78,26.16,26.21,26.02
"13016",233,2016,26.32,26.71,26.69,26.5
"13017",234,2016,25.99,26.88,26.71,26.68
"13018",235,2016,24.72,24.88,25.09,25.17
"13019",236,2016,24.57,25.31,25,25.67
"13020",237,2016,24.73,25.73,25.43,25.87
"13021",238,2016,25.46,26.21,26.14,26.09
"13022",239,2016,25.61,26.37,25.71,26.06
"13023",240,2016,25.3,26.28,25.85,26.49
"13024",241,2016,26.18,26.66,26.31,27.02
"13025",242,2016,26.38,27.04,26.81,27.16
"13026",243,2016,25.35,26.04,26.04,26.4
"13027",244,2016,25.72,26.55,26.53,26.62
"13028",245,2016,24.49,25,25.18,25.12
"13029",246,2016,24.74,25.06,25.36,25.13
"13030",247,2016,25.28,25.77,25.72,26.07
"13031",248,2016,25.51,26.2,26.3,25.84
"13032",249,2016,25.68,26.27,26.27,26.22
"13033",250,2016,24.73,25.83,25.6,25.83
"13034",251,2016,23.89,24.92,24.66,24.68
"13035",252,2016,24.85,25.36,25.15,25.4
"13036",253,2016,25.37,26.17,25.99,25.65
"13037",254,2016,25.12,25.73,25.67,25.7
"13038",255,2016,25.07,25.42,25.15,25.38
"13039",256,2016,26.11,26.57,26.31,26.46
"13040",257,2016,26.54,26.75,26.81,26.61
"13041",258,2016,25.53,25.98,26.78,25.59
"13042",259,2016,25.32,25.89,25.94,25.62
"13043",260,2016,26.11,26.2,26.09,26.55
"13044",261,2016,25.84,26.25,26.3,26.12
"13045",262,2016,25.85,26.62,26.93,26.39
"13046",263,2016,25.44,25.99,26.2,25.65
"13047",264,2016,25.13,25.89,25.15,25.94
"13048",265,2016,25.4,26.12,25.5,26.22
"13049",266,2016,25.91,26.49,26.14,26.26
"13050",267,2016,25.89,26.76,26.92,26.58
"13051",268,2016,25.72,26.56,26.71,26.39
"13052",269,2016,24.44,25.02,25.13,24.96
"13053",270,2016,25.36,25.9,25.71,25.81
"13054",271,2016,26.13,26.87,26.81,26.68
"13055",272,2016,25.93,27.14,27.26,26.85
"13056",273,2016,25.99,26.97,26.93,26.69
"13057",274,2016,26.94,27.52,27.37,27.15
"13058",275,2016,26.51,26.93,27.24,26.47
"13059",276,2016,25.66,26.05,25.99,26.36
"13060",277,2016,25.26,26.13,25.39,26.09
"13061",278,2016,25.88,26.49,26.15,26.53
"13062",279,2016,26.91,27.4,27.07,27.18
"13063",280,2016,26.3,26.93,27.06,26.92
"13064",281,2016,25.67,26.61,26.54,26.29
"13065",282,2016,26.33,26.95,26.97,26.55
"13066",283,2016,25.21,25.69,26.34,25.27
"13067",284,2016,25.62,26.63,25.9,26.58
"13068",285,2016,25.95,26.43,26.63,26.68
"13069",286,2016,26,26.58,26.95,26.34
"13070",287,2016,25.88,26.61,27.05,26.47
"13071",288,2016,25.58,26.17,26.16,26.07
"13072",289,2016,25.77,26.65,26.35,26.39
"13073",290,2016,26.35,26.92,26.82,26.62
"13074",291,2016,27.03,27.61,27.5,27.34
"13075",292,2016,27,27.5,27.2,27.41
"13076",293,2016,26.56,27.25,27.13,26.98
"13077",294,2016,26.86,27.37,27.28,26.99
"13078",295,2016,26.6,27.48,27.3,27.28
"13079",296,2016,26.11,27.02,26.65,27.06
"13080",297,2016,25.56,26.07,26.32,26.32
"13081",298,2016,25.94,26.9,26.77,26.8
"13082",299,2016,25.77,26.67,26.59,26.33
"13083",300,2016,26.05,26.83,27.2,26.63
"13084",301,2016,26.12,26.84,26.94,26.62
"13085",302,2016,25.4,25.79,25.87,25.5
"13086",303,2016,24.3,25,25.15,24.37
"13087",304,2016,25.24,25.95,25.67,25.56
"13088",305,2016,26.41,26.68,26.67,26.38
"13089",306,2016,26.69,27.27,27.31,27.23
"13090",307,2016,26.3,26.79,26.68,26.58
"13091",308,2016,26.78,27.15,26.85,26.75
"13092",309,2016,25.9,26.59,26.83,26.65
"13093",310,2016,24.99,25.81,25.31,25.85
"13094",311,2016,25.27,26.18,25.98,26.26
"13095",312,2016,26.21,26.78,26.82,26.57
"13096",313,2016,26.31,26.98,27.02,26.77
"13097",314,2016,26.13,27.05,26.91,26.96
"13098",315,2016,25.98,26.78,27,26.81
"13099",316,2016,25.06,25.83,25.7,25.64
"13100",317,2016,26.07,26.7,26.15,26.51
"13101",318,2016,27,27.4,27.15,27.35
"13102",319,2016,26.31,27.29,27.37,26.9
"13103",320,2016,26.74,27.26,27.08,27.14
"13104",321,2016,26.92,26.87,27.24,26.86
"13105",322,2016,26.99,27.36,27.2,27.2
"13106",323,2016,25.46,26.1,26.36,26.28
"13107",324,2016,25.27,25.91,25.66,25.7
"13108",325,2016,25.73,26.29,26.52,26.07
"13109",326,2016,26.54,26.96,27.1,26.79
"13110",327,2016,26.13,26.95,27.07,26.61
"13111",328,2016,25.81,26.83,27.07,26.45
"13112",329,2016,25.95,26.62,26.56,26.43
"13113",330,2016,25.14,25.5,25.8,25.5
"13114",331,2016,25.51,26.07,26.42,25.95
"13115",332,2016,25.76,25.92,26.34,25.86
"13116",333,2016,25.66,26.45,26.52,26.06
"13117",334,2016,24.87,25.61,25.67,25.09
"13118",335,2016,24.96,25.54,25.41,25.58
"13119",336,2016,25.62,25.9,25.64,26.07
"13120",337,2016,24.99,25.2,25.66,24.65
"13121",338,2016,25.04,25.75,25.94,25.42
"13122",339,2016,25.3,26.12,26.04,26.17
"13123",340,2016,25.99,26.76,26.67,26.48
"13124",341,2016,25.6,26.28,26.26,25.87
"13125",342,2016,25.94,26.39,26.41,26.26
"13126",343,2016,25.96,26.59,26.45,26.61
"13127",344,2016,25.55,26.17,26.25,26.29
"13128",345,2016,25.66,26.03,26.54,26
"13129",346,2016,25.89,26.43,26.82,26.32
"13130",347,2016,25.66,26.32,26.47,26.39
"13131",348,2016,25.84,26.35,26.55,26.58
"13132",349,2016,26.07,26.47,26.57,26.61
"13133",350,2016,25.69,26.33,26.5,26.57
"13134",351,2016,25.29,26.13,26.63,26
"13135",352,2016,25.6,26.48,26.71,26.28
"13136",353,2016,25.63,26.58,26.72,26.27
"13137",354,2016,25.64,25.83,26.32,26.04
"13138",355,2016,26.37,26.83,26.82,26.57
"13139",356,2016,26.06,26.36,26.7,26.33
"13140",357,2016,25.98,26.83,27,26.69
"13141",358,2016,25.44,26.72,26.87,26.43
"13142",359,2016,24.77,25.52,26.19,25.31
"13143",360,2016,24.97,25.53,26.04,25.35
"13144",361,2016,25.14,26.08,26.37,25.75
"13145",362,2016,25.75,26.38,26.9,26.23
"13146",363,2016,25.73,26.04,26.76,25.81
"13147",364,2016,25.44,26.23,26.53,26.09
"13148",365,2016,24.41,25.39,26.13,25.13
"13149",366,2016,24.19,24.79,25.53,24.31
"13150",1,2017,25.03,25.59,26.27,25.26
"13151",2,2017,25.51,26.06,26.69,26.04
"13152",3,2017,25.23,26.01,26.53,25.57
"13153",4,2017,25.05,26.05,26.48,25.86
"13154",5,2017,25.34,26.46,26.85,26.02
"13155",6,2017,25.4,26.34,27.11,26.03
"13156",7,2017,25.23,25.97,26.86,25.54
"13157",8,2017,24.86,25.77,26.23,25.44
"13158",9,2017,25.39,25.96,26.63,25.65
"13159",10,2017,25.78,26.11,26.77,25.74
"13160",11,2017,25.35,25.53,26.48,25.43
"13161",12,2017,25.52,25.93,26.73,25.66
"13162",13,2017,25.56,26.4,26.9,26.14
"13163",14,2017,25.64,26.19,26.75,25.71
"13164",15,2017,25.66,25.89,26.6,25.78
"13165",16,2017,25.69,25.81,27.08,25.87
"13166",17,2017,26.26,26.63,27.62,26.32
"13167",18,2017,26.47,26.87,27.5,26.75
"13168",19,2017,26.44,26.95,27.55,26.73
"13169",20,2017,26.84,27.48,27.96,27.08
"13170",21,2017,26.94,27.42,28.1,27.2
"13171",22,2017,26.52,27.23,27.82,26.83
"13172",23,2017,26.35,27.3,27.33,26.87
"13173",24,2017,27.21,28.35,28.46,27.91
"13174",25,2017,26.95,28.25,28.43,27.87
"13175",26,2017,25.82,27.17,27.87,26.98
"13176",27,2017,26.06,27.65,27.9,27.23
"13177",28,2017,26,27.26,27.78,27.39
"13178",29,2017,26.09,27.54,27.92,26.97
"13179",30,2017,25.67,27.53,27.73,27.11
"13180",31,2017,24.72,26.3,26.54,26.26
"13181",32,2017,25.69,27.05,27.43,27.07
"13182",33,2017,26.29,27.65,27.96,27.33
"13183",34,2017,26.45,27.69,28.8,27.14
"13184",35,2017,27.06,28.35,29.04,28.22
"13185",36,2017,27.22,28.91,29.04,28.85
"13186",37,2017,26.93,28.5,28.7,28.56
"13187",38,2017,27.43,29.23,29.21,29.09
"13188",39,2017,27.2,28.96,29.01,29.07
"13189",40,2017,27.17,28.8,29.13,28.62
"13190",41,2017,27.74,29.25,29.53,28.93
"13191",42,2017,27.75,28.81,29.01,28.91
"13192",43,2017,27.9,28.92,28.94,28.63
"13193",44,2017,27.8,28.53,28.59,28.66
"13194",45,2017,28.06,28.83,28.81,28.95
"13195",46,2017,28.37,29.09,29.24,28.97
"13196",47,2017,28.22,29.38,29.23,29.42
"13197",48,2017,28.32,29.43,29.7,29.61
"13198",49,2017,28.64,29.49,29.65,29.65
"13199",50,2017,28.35,29.13,29.63,29.07
"13200",51,2017,28.03,29.8,28.98,29.69
"13201",52,2017,27.78,29.55,28.88,29.65
"13202",53,2017,27.62,28.85,28.79,29.4
"13203",54,2017,25.45,27.85,28.27,27.25
"13204",55,2017,25.47,27.5,26.9,27.33
"13205",56,2017,26.38,28.41,27.54,28.29
"13206",57,2017,27.19,29.27,28.46,29.2
"13207",58,2017,26.42,28.93,28.79,28.48
"13208",59,2017,26.9,28.56,28.49,28.76
"13209",60,2017,27.67,29.55,29.34,29.26
"13210",61,2017,28.15,29.83,29.5,29.49
"13211",62,2017,28.22,29.63,29.23,29.15
"13212",63,2017,27.64,28.74,28.86,28.62
"13213",64,2017,27.32,29.09,29.33,28.98
"13214",65,2017,26.6,29.19,29.54,27.93
"13215",66,2017,25.99,28.25,29.18,27.32
"13216",67,2017,25.64,28.36,29.09,27.13
"13217",68,2017,26.01,28.06,28.9,26.54
"13218",69,2017,26.44,28.81,29.77,27.08
"13219",70,2017,26.01,28.61,28.9,27.95
"13220",71,2017,25.14,25.74,26.22,24.97
"13221",72,2017,25.3,26.62,27.47,26.05
"13222",73,2017,26.08,27.73,28.26,27.03
"13223",74,2017,26.83,28.16,28.82,27.45
"13224",75,2017,26.99,27.95,28.96,27.51
"13225",76,2017,27.51,28.23,29.63,27.46
"13226",77,2017,27.37,28.21,29.62,27.56
"13227",78,2017,25.76,27.68,28.28,27.17
"13228",79,2017,25.68,27.04,27.85,26.69
"13229",80,2017,26.47,27.68,28.73,26.73
"13230",81,2017,25.33,26.17,27.87,25
"13231",82,2017,25.03,25.78,25.33,25.98
"13232",83,2017,24.98,25.73,25.71,25.7
"13233",84,2017,25.45,26.14,26.54,26.27
"13234",85,2017,25.58,26.39,26.76,26.49
"13235",86,2017,25.72,26.77,27.11,26.36
"13236",87,2017,25.86,26.5,27.04,26.3
"13237",88,2017,25.87,26.31,26.82,26.13
"13238",89,2017,25.84,26.41,26.65,26.46
"13239",90,2017,25.32,26.8,27.51,26.18
"13240",91,2017,26.14,27.39,28.05,26.68
"13241",92,2017,26.75,27.82,28.25,27.26
"13242",93,2017,27.02,27.66,28.37,27.38
"13243",94,2017,27.21,27.5,28.49,27.32
"13244",95,2017,27.17,27.45,28.75,27.05
"13245",96,2017,27.23,27.64,29.09,27.12
"13246",97,2017,27.51,27.95,28.96,27.69
"13247",98,2017,27.42,28.16,29.35,27.88
"13248",99,2017,26.77,28,29.09,27.69
"13249",100,2017,26.81,28,28.69,27.53
"13250",101,2017,26.46,27.95,27.88,27.76
"13251",102,2017,25.67,26.95,26.9,26.74
"13252",103,2017,25.28,25.9,25.81,25.69
"13253",104,2017,25,25.63,26.13,25.41
"13254",105,2017,25.69,26.44,26.19,26.24
"13255",106,2017,25.55,26.04,25.62,26.29
"13256",107,2017,25.51,25.9,25.67,25.98
"13257",108,2017,25.83,26.39,26.31,26.53
"13258",109,2017,25.33,26.08,26.46,25.75
"13259",110,2017,26.08,26.86,27.4,26.67
"13260",111,2017,25.86,26.63,26.54,26.54
"13261",112,2017,26.11,26.36,26.56,26.47
"13262",113,2017,25.92,26.48,26.23,26.15
"13263",114,2017,26.16,26.94,26.93,26.84
"13264",115,2017,26.26,26.99,27.11,27.02
"13265",116,2017,26.42,27.5,27.61,27.34
"13266",117,2017,26.28,27.74,27.99,26.99
"13267",118,2017,25.28,25.68,25.65,25.61
"13268",119,2017,25.95,26.49,26.69,26.76
"13269",120,2017,24.35,24.9,25.06,25.07
"13270",121,2017,24.48,25.39,24.64,25.23
"13271",122,2017,25.25,25.68,25.31,25.77
"13272",123,2017,24.77,25.25,25.25,25.32
"13273",124,2017,25.56,26.1,26.16,25.92
"13274",125,2017,25.21,25.72,25.62,25.73
"13275",126,2017,25.72,25.95,26.18,25.54
"13276",127,2017,25.06,26.03,26.16,25.75
"13277",128,2017,24.47,25.14,25.37,24.88
"13278",129,2017,25.48,26.03,26.31,25.76
"13279",130,2017,24.87,25.73,26.28,25.03
"13280",131,2017,25.3,25.89,25.47,25.75
"13281",132,2017,25.93,26.4,26.42,26.14
"13282",133,2017,26.29,26.54,26.99,26.23
"13283",134,2017,25.89,26.72,26.91,26.45
"13284",135,2017,24.85,25.26,25.53,25.25
"13285",136,2017,25.12,25.42,25.23,25.72
"13286",137,2017,26.06,26.55,26.31,26.52
"13287",138,2017,26.39,27.11,26.98,26.76
"13288",139,2017,26.43,26.76,26.84,26.68
"13289",140,2017,26.36,26.69,26.95,26.53
"13290",141,2017,26.46,27.03,27.38,26.82
"13291",142,2017,25.05,26.07,26.11,25.85
"13292",143,2017,25.82,25.91,26.11,25.79
"13293",144,2017,25.12,25.21,25.65,25.24
"13294",145,2017,26.09,26.04,26.26,25.98
"13295",146,2017,26.44,26.38,26.31,26.38
"13296",147,2017,25.87,26.47,25.79,26.5
"13297",148,2017,26.15,26.47,26.61,26.04
"13298",149,2017,26.3,26.64,26.44,26.51
"13299",150,2017,25.23,25.85,25.63,25.73
"13300",151,2017,25.25,25.39,25.75,25
"13301",152,2017,24.92,25.57,25.39,25.4
"13302",153,2017,25.65,26.44,26.5,26.1
"13303",154,2017,25.62,26.26,25.85,26.39
"13304",155,2017,25.47,25.83,25.76,25.72
"13305",156,2017,25.68,25.89,25.86,25.82
"13306",157,2017,25.34,26.01,25.18,25.95
"13307",158,2017,24.67,25.28,25.32,25.18
"13308",159,2017,23.86,24.27,24.61,24.05
"13309",160,2017,24.94,25.33,25.15,25.05
"13310",161,2017,25.88,25.97,25.65,25.59
"13311",162,2017,25.28,25.29,26.01,25.27
"13312",163,2017,24.38,24.75,25.06,24.58
"13313",164,2017,24.18,23.95,24.35,24.33
"13314",165,2017,25.05,25.27,25.62,25.29
"13315",166,2017,25.18,25.46,25.86,25.29
"13316",167,2017,25.13,25.55,25.12,25.56
"13317",168,2017,24.25,25.03,25.12,25.02
"13318",169,2017,24.47,24.86,25.42,24.32
"13319",170,2017,24.62,24.48,25.03,24.34
"13320",171,2017,24.91,25.63,25.81,25.15
"13321",172,2017,24.85,25.75,25.58,25.42
"13322",173,2017,24.64,25.45,25.17,25.75
"13323",174,2017,24.27,25.28,25.04,25.25
"13324",175,2017,24.09,25.12,24.65,24.69
"13325",176,2017,25.16,25.84,25.38,25.87
"13326",177,2017,24.08,24.83,24.48,24.9
"13327",178,2017,24.64,25.43,25.29,25.47
"13328",179,2017,24.68,25.58,25.61,25.69
"13329",180,2017,24.35,24.76,24.73,24.6
"13330",181,2017,24.64,25.09,25.19,25.2
"13331",182,2017,25.08,25.99,25.99,25.58
"13332",183,2017,25.06,25.41,25.87,24.91
"13333",184,2017,24.66,25.55,25.75,25.19
"13334",185,2017,24.97,25.58,25.29,25.31
"13335",186,2017,24.71,25.43,25.06,25.23
"13336",187,2017,24.88,25.59,25.2,25.47
"13337",188,2017,24.97,25.73,25.49,25.86
"13338",189,2017,24.43,25.44,25.21,25.31
"13339",190,2017,23.85,24.98,24.69,24.84
"13340",191,2017,24.06,24.2,24.31,24.39
"13341",192,2017,23.51,24,24.26,24.04
"13342",193,2017,22.65,23.17,23.64,22.91
"13343",194,2017,23.53,24.24,24.18,24.41
"13344",195,2017,24.92,25.11,24.81,25.24
"13345",196,2017,25.01,25.28,25.02,25.55
"13346",197,2017,25.6,25.61,25.63,25.65
"13347",198,2017,25.66,25.74,25.89,25.56
"13348",199,2017,24.15,25.08,25.84,24.42
"13349",200,2017,23.33,23.71,23.86,23.67
"13350",201,2017,23.15,23.97,23.32,23.87
"13351",202,2017,23.21,24.1,23.8,23.67
"13352",203,2017,23.56,24.23,24.1,24.11
"13353",204,2017,24.12,25.12,24.66,25.05
"13354",205,2017,24.07,24.68,25.28,24.3
"13355",206,2017,24.47,24.44,24.83,24.33
"13356",207,2017,24.02,24.33,24.76,23.66
"13357",208,2017,23.56,23.95,24.75,23.73
"13358",209,2017,23.6,24.16,24.45,24.37
"13359",210,2017,24.04,25.1,24.58,25.06
"13360",211,2017,23.07,23.82,23.99,24.17
"13361",212,2017,23.92,24.27,24.42,24.27
"13362",213,2017,24.15,25.1,25.26,25.19
"13363",214,2017,25.67,26.17,26.14,25.86
"13364",215,2017,26.02,26.5,25.9,26.44
"13365",216,2017,26.04,26.49,26.84,26.12
"13366",217,2017,25.15,25.79,25.64,25.97
"13367",218,2017,25.38,26.03,25.82,25.6
"13368",219,2017,26.1,26.73,26.42,26.61
"13369",220,2017,26.1,26.75,26.53,26.66
"13370",221,2017,26.21,26.58,26.37,26.58
"13371",222,2017,26.26,26.52,25.95,26.52
"13372",223,2017,26.08,26.29,26.39,26.3
"13373",224,2017,26.36,26.79,26.45,26.48
"13374",225,2017,27,27.48,27.17,27.01
"13375",226,2017,26.68,27.11,26.98,26.98
"13376",227,2017,25.16,26.01,25.76,26.06
"13377",228,2017,25.43,25.73,26.02,25.31
"13378",229,2017,26.32,27.01,27.21,26.81
"13379",230,2017,26.22,26.53,27.06,26.63
"13380",231,2017,25.8,26.53,26.52,26.4
"13381",232,2017,25.89,26.23,26.48,26.04
"13382",233,2017,26.1,26.3,26.38,26.35
"13383",234,2017,25.3,26.05,26.06,25.76
"13384",235,2017,25.31,25.89,25.83,25.85
"13385",236,2017,25.57,25.88,25.51,26.18
"13386",237,2017,25.94,26.09,26.08,26.45
"13387",238,2017,26.11,26.71,26.23,26.71
"13388",239,2017,25.42,25.96,26.34,25.38
"13389",240,2017,25.93,26.44,26.44,25.94
"13390",241,2017,24.94,25.98,26.63,25.6
"13391",242,2017,25.15,25.7,24.99,25.84
"13392",243,2017,26.1,26.33,25.99,26.57
"13393",244,2017,26.43,26.95,26.77,26.78
"13394",245,2017,26.52,27.06,26.5,26.92
"13395",246,2017,26.4,26.74,26.58,26.9
"13396",247,2017,26.49,26.93,26.99,27.09
"13397",248,2017,26.7,27.43,27.49,27.75
"13398",249,2017,26.65,27.44,27.34,27.38
"13399",250,2017,26.73,27.39,27.22,27.17
"13400",251,2017,25.86,26.25,27.08,25.71
"13401",252,2017,25.8,26.46,26.24,26.35
"13402",253,2017,25.82,26.85,26.54,26.87
"13403",254,2017,26.79,27.34,27.5,27.18
"13404",255,2017,25.91,26.77,26.97,26.65
"13405",256,2017,25.94,26.7,26.63,26.57
"13406",257,2017,26.17,26.68,26.57,26.35
"13407",258,2017,26.73,27.22,27.2,27.11
"13408",259,2017,25.55,26.56,26.41,26.67
"13409",260,2017,25.7,26.66,26.35,26.73
"13410",261,2017,25.48,26.34,26.15,26.48
"13411",262,2017,25.99,26.73,26.39,26.56
"13412",263,2017,26.09,26.79,26.78,26.74
"13413",264,2017,26.85,26.97,27.51,27.11
"13414",265,2017,26.78,27.13,27.35,27.26
"13415",266,2017,26.53,27.39,27.33,27.16
"13416",267,2017,25.67,26.5,26.7,26.06
"13417",268,2017,26.01,26.57,25.81,26.49
"13418",269,2017,26.05,26.56,25.95,26.86
"13419",270,2017,25.81,26.21,26.26,26.16
"13420",271,2017,26.1,26.46,26.86,26.22
"13421",272,2017,24.93,25.39,25.27,25.6
"13422",273,2017,25.81,26.45,26.36,26.27
"13423",274,2017,26.67,27.06,26.81,26.94
"13424",275,2017,26.91,27.35,27.13,27.44
"13425",276,2017,26.75,27.29,27.2,27.16
"13426",277,2017,25.21,25.49,25.94,25.33
"13427",278,2017,25.5,26.25,26.05,26.2
"13428",279,2017,25.64,26.5,26.05,26.27
"13429",280,2017,25.07,26,25.96,26.19
"13430",281,2017,25.75,26.39,26.13,26.23
"13431",282,2017,26.64,27.16,26.99,27.12
"13432",283,2017,26.76,27.42,27.21,27.2
"13433",284,2017,26.06,26.6,27.16,26.02
"13434",285,2017,26.23,27.25,27.53,26.95
"13435",286,2017,25.31,26.58,26.23,26.4
"13436",287,2017,26.07,26.34,26.39,26.63
"13437",288,2017,26.04,26.55,26.37,26.57
"13438",289,2017,25.64,26.07,25.93,26.25
"13439",290,2017,26.06,26.83,26.1,26.94
"13440",291,2017,26.47,27.07,26.45,27.1
"13441",292,2017,26.32,26.59,26.18,26.94
"13442",293,2017,26.33,26.64,26.77,26.95
"13443",294,2017,25.57,25.98,26.3,25.81
"13444",295,2017,26.05,26.51,26.87,26.13
"13445",296,2017,26.08,26.74,26.91,26.53
"13446",297,2017,25.45,26.25,26.35,26.1
"13447",298,2017,25.42,25.97,26.01,26.16
"13448",299,2017,26.01,26.57,26.63,26.73
"13449",300,2017,26.49,26.77,26.96,26.64
"13450",301,2017,26,26.77,26.81,26.39
"13451",302,2017,25.57,26.25,26.13,26.36
"13452",303,2017,25.43,25.98,26.02,25.86
"13453",304,2017,25.69,26.34,26.39,26.06
"13454",305,2017,25.87,26.57,26.6,26.32
"13455",306,2017,25.51,26.17,26.31,25.94
"13456",307,2017,25.28,26.04,26.13,25.74
"13457",308,2017,25.27,25.55,25.78,25.05
"13458",309,2017,25.13,25.64,25.93,25.62
"13459",310,2017,25.02,25.36,25.31,25.35
"13460",311,2017,25.66,26.19,26.24,25.93
"13461",312,2017,26.17,26.85,26.51,26.37
"13462",313,2017,26.57,27,27.2,26.76
"13463",314,2017,26.44,27.2,27.15,26.91
"13464",315,2017,25.4,26.57,26.71,26.4
"13465",316,2017,25.63,26.45,26.56,26.38
"13466",317,2017,25.61,26.44,26.73,26.41
"13467",318,2017,25.11,25.69,26.12,25.45
"13468",319,2017,25.64,26.07,26.43,25.62
"13469",320,2017,26.1,26.68,26.86,26.38
"13470",321,2017,26.18,27.01,27.02,26.75
"13471",322,2017,26.39,27.09,27.22,26.78
"13472",323,2017,26.52,27.28,27.38,26.79
"13473",324,2017,26.65,27.49,27.54,27.3
"13474",325,2017,26.43,27.28,27.22,27.22
"13475",326,2017,26.28,26.99,27,26.82
"13476",327,2017,25.92,26.84,26.87,26.4
"13477",328,2017,25.31,26.29,26.22,26.07
"13478",329,2017,25,25.64,26.08,25.36
"13479",330,2017,25.55,26.37,26.33,26.28
"13480",331,2017,26.06,26.79,27.17,26.53
"13481",332,2017,26.57,27.03,27.74,26.75
"13482",333,2017,26.36,27.01,27.43,26.89
"13483",334,2017,26.27,27.11,27.12,26.91
"13484",335,2017,26.75,27.22,27.68,26.99
"13485",336,2017,27.23,27.89,28.23,27.42
"13486",337,2017,26.34,27.56,27.68,27.34
"13487",338,2017,26.14,26.72,27.08,26.51
"13488",339,2017,26.66,27.16,27.46,27.11
"13489",340,2017,26.87,27.34,27.74,27.25
"13490",341,2017,25.77,26.78,27.11,26.48
"13491",342,2017,25.91,27.07,27.21,27.16
"13492",343,2017,26.57,27.36,27.99,27.06
"13493",344,2017,27.04,27.45,27.96,27.32
"13494",345,2017,27.11,27.99,28.15,27.68
"13495",346,2017,27.12,27.69,28.08,27.31
"13496",347,2017,26.94,27.15,27.92,27.01
"13497",348,2017,26.74,27.74,28.36,26.78
"13498",349,2017,25.85,27.5,27.77,26.94
"13499",350,2017,26.68,27.83,28.23,27.5
"13500",351,2017,26.55,27.37,27.87,26.95
"13501",352,2017,26.63,27.49,28.09,26.87
"13502",353,2017,26.79,27.58,28.25,27.34
"13503",354,2017,26.71,27.69,27.99,27.14
"13504",355,2017,26.66,27.55,27.96,27.33
"13505",356,2017,27.15,28.32,28.61,27.61
"13506",357,2017,27.49,28.82,29.08,28
"13507",358,2017,27.53,28.82,29.1,28.2
"13508",359,2017,27.88,29.08,29.11,28.54
"13509",360,2017,27.86,28.7,28.89,28.29
"13510",361,2017,27.42,28.77,28.81,28.29
"13511",362,2017,25.85,27.91,28.08,27.77
"13512",363,2017,25.63,27.33,27.14,27.42
"13513",364,2017,24.78,26.31,26.85,25.96
"13514",365,2017,25.39,26.27,26.86,26.36
"13515",1,2018,25.23,26.13,26.82,25.88
"13516",2,2018,24.94,25.7,26.33,25.52
"13517",3,2018,25.3,26.07,26.71,25.86
"13518",4,2018,26,27.08,27.73,26.94
"13519",5,2018,26.5,27.26,27.96,27.31
"13520",6,2018,26.18,27.29,28.07,27.1
"13521",7,2018,26.16,26.97,27.63,27.13
"13522",8,2018,25.88,26.8,27.52,26.72
"13523",9,2018,25.23,26.53,27.36,26.39
"13524",10,2018,25.26,26.66,27.3,26.8
"13525",11,2018,25.35,27.02,27.57,26.99
"13526",12,2018,24.96,26.91,27.27,26.9
"13527",13,2018,25.12,27.41,27.86,26.96
"13528",14,2018,26.06,28.09,28.59,27.71
"13529",15,2018,25.91,28.26,28.72,27.83
"13530",16,2018,24.91,27.19,27.54,27.29
"13531",17,2018,24.21,25.59,25.6,25.83
"13532",18,2018,24.32,25.34,25.62,25.35
"13533",19,2018,25.03,26.32,26.73,26.22
"13534",20,2018,25.22,26.64,27.05,26.47
"13535",21,2018,25.66,26.43,27.26,26.63
"13536",22,2018,26.12,26.87,27.46,27.22
"13537",23,2018,26.39,27.41,27.78,27.71
"13538",24,2018,26.52,27.7,28.23,27.91
"13539",25,2018,26.12,27.64,28,27.77
"13540",26,2018,26.08,27.5,28.34,27.67
"13541",27,2018,26.79,28.3,28.67,28.08
"13542",28,2018,26.99,28.43,29.05,28.13
"13543",29,2018,27.14,28.56,29.32,28.49
"13544",30,2018,27.57,28.83,29.74,28.87
"13545",31,2018,28.04,29.6,29.85,29.46
"13546",32,2018,28.03,29.62,29.85,29.61
"13547",33,2018,28.18,29.54,29.74,29.63
"13548",34,2018,28.3,29.68,29.85,29.34
"13549",35,2018,28.34,29.51,29.72,29.1
"13550",36,2018,28.05,29.02,29.36,28.66
"13551",37,2018,28.25,29.15,29.39,28.87
"13552",38,2018,28.77,29.79,29.68,29.61
"13553",39,2018,28.1,29.29,29.6,28.68
"13554",40,2018,28.14,29.28,29.61,28.71
"13555",41,2018,28.35,29.53,29.73,29.02
"13556",42,2018,28.73,30.03,29.92,29.74
"13557",43,2018,28.33,29.75,29.79,29.38
"13558",44,2018,28.19,29.36,29.56,28.98
"13559",45,2018,28.01,29.13,28.96,28.88
"13560",46,2018,27.82,29.26,29.12,29.23
"13561",47,2018,28.14,29.44,29.77,29.12
"13562",48,2018,26.87,29.28,29.66,28.67
"13563",49,2018,27.77,29.6,29.79,29.09
"13564",50,2018,28.23,29.24,29.6,29.01
"13565",51,2018,28.29,29,29.4,28.67
"13566",52,2018,28.67,29.46,29.55,29.03
"13567",53,2018,28.59,29.12,29.75,28.92
"13568",54,2018,28.88,29.4,29.69,29.18
"13569",55,2018,28.73,29.43,29.83,29.57
"13570",56,2018,28.92,29.98,29.89,30.02
"13571",57,2018,29.31,30.24,30.28,29.9
"13572",58,2018,29.33,30.18,30.5,29.76
"13573",59,2018,29.18,30.44,30.59,30.07
"13574",60,2018,29.2,30.81,31.06,30.38
"13575",61,2018,28.51,30.59,30.97,30.07
"13576",62,2018,27.59,29.95,29.67,30.25
"13577",63,2018,27.73,29.61,28.33,30.17
"13578",64,2018,26.2,27.62,27.11,27.46
"13579",65,2018,25.53,26.26,25.79,26.33
"13580",66,2018,25.61,26.57,26.26,26.29
"13581",67,2018,24.88,25.82,26.27,25.28
"13582",68,2018,26.17,27.1,27.18,26.73
"13583",69,2018,27.36,27.8,28.08,27.56
"13584",70,2018,27.79,28.45,28.49,28.14
"13585",71,2018,28.14,28.71,28.94,28.42
"13586",72,2018,28.66,29.38,29.54,29.02
"13587",73,2018,28.95,29.76,30.05,29.25
"13588",74,2018,29.02,30.25,30.31,29.73
"13589",75,2018,28.76,30.39,30.09,30.14
"13590",76,2018,28.84,30.52,30.57,30.01
"13591",77,2018,28.14,30.76,30.36,30.17
"13592",78,2018,27.87,29.85,29.85,29.9
"13593",79,2018,28.48,30.29,30.54,30.09
"13594",80,2018,28.11,30.51,31.14,29.97
"13595",81,2018,26.7,29.31,29.55,28.67
"13596",82,2018,26.14,27.99,28.8,27.24
"13597",83,2018,27.26,29.42,29.78,29.15
"13598",84,2018,27.9,29.72,30.07,29.59
"13599",85,2018,27.36,29.53,30.39,29.75
"13600",86,2018,26.97,28.79,29.6,29.15
"13601",87,2018,25,27.11,28.12,26.18
"13602",88,2018,24.59,25.09,26.78,24.53
"13603",89,2018,25.76,26.84,28,26.28
"13604",90,2018,25.5,27.38,27.98,26.59
"13605",91,2018,25.85,27.59,28.61,26.98
"13606",92,2018,26.52,28.26,29.57,27.72
"13607",93,2018,26.32,28.47,29.34,28.12
"13608",94,2018,25.12,26.12,27.04,25.52
"13609",95,2018,24.17,25.03,24.66,24.88
"13610",96,2018,24.47,25.36,25.77,24.66
"13611",97,2018,25.33,26.33,26.66,26.06
"13612",98,2018,25.28,26.85,27.44,26.18
"13613",99,2018,25.26,26.25,26.52,25.79
"13614",100,2018,24.51,25.69,25.74,24.94
"13615",101,2018,24.71,25.31,25.84,24.89
"13616",102,2018,25.84,27.27,27.26,26.5
"13617",103,2018,26.18,27.45,27.95,26.69
"13618",104,2018,24.5,26.13,26.76,25.85
"13619",105,2018,25.23,26.02,25.45,25.88
"13620",106,2018,25.45,25.91,26.07,26.17
"13621",107,2018,24.57,25.17,26.02,25
"13622",108,2018,24.25,24.4,25.17,24.47
"13623",109,2018,24.31,24.86,25.08,25.05
"13624",110,2018,25.12,25.68,26.11,25.58
"13625",111,2018,25.52,26.62,26.71,26.47
"13626",112,2018,24.52,25.53,25.67,25.32
"13627",113,2018,25.6,26.13,25.83,26.08
"13628",114,2018,25.87,26.82,26.92,26.84
"13629",115,2018,25.87,26.63,26.56,26.48
"13630",116,2018,25.08,25.68,25.72,25.04
"13631",117,2018,24.92,25.77,25.56,25.26
"13632",118,2018,25.15,25.58,25.49,25.42
"13633",119,2018,24.6,25.45,25.95,25.05
"13634",120,2018,24.69,25.56,25.23,25.62
"13635",121,2018,25.22,26,25.46,25.87
"13636",122,2018,24.91,25.07,25.57,24.94
"13637",123,2018,25.21,25.71,25.56,25.79
"13638",124,2018,24.88,25.17,25.35,24.94
"13639",125,2018,25.07,25.32,25.79,25.16
"13640",126,2018,24.27,24.95,24.94,24.79
"13641",127,2018,24.56,24.91,25.4,25.19
"13642",128,2018,24.03,24.18,25.02,23.74
"13643",129,2018,24.45,24.96,25.13,24.68
"13644",130,2018,24.57,25.28,25.8,24.61
"13645",131,2018,24.89,25.65,26.01,25.29
"13646",132,2018,25.12,25.49,26.21,25.34
"13647",133,2018,24.76,25.36,25.45,25.16
"13648",134,2018,24.59,25.08,25.32,24.79
"13649",135,2018,24.34,24.95,24.89,24.47
"13650",136,2018,25.42,25.96,25.93,25.51
"13651",137,2018,26.02,26.86,26.94,26.57
"13652",138,2018,24.86,26.15,26.31,25.77
"13653",139,2018,25.18,25.56,25.91,25.33
"13654",140,2018,25.12,25.32,25.4,25.19
"13655",141,2018,24.81,25.07,25.3,25.16
"13656",142,2018,24.87,25.38,25.2,25.34
"13657",143,2018,24.41,24.56,25.3,24.12
"13658",144,2018,24.42,24.96,25.28,24.33
"13659",145,2018,23.96,25.15,24.2,24.57
"13660",146,2018,24.56,25.24,24.99,25.16
"13661",147,2018,25.12,25.77,25.75,25.44
"13662",148,2018,24.35,24.81,25.37,24.3
"13663",149,2018,24.58,25.3,25.35,25
"13664",150,2018,25.27,25.66,26.21,26.06
"13665",151,2018,25.53,26.12,26.37,26.21
"13666",152,2018,25.25,26.17,26.38,26.11
"13667",153,2018,25.11,25.68,25.76,25.63
"13668",154,2018,24.84,24.88,25.14,24.92
"13669",155,2018,24.69,25.75,25.73,25.57
"13670",156,2018,23.73,24.36,24.42,24.28
"13671",157,2018,24.39,25.16,24.98,25.11
"13672",158,2018,25.04,25.8,25.65,25.76
"13673",159,2018,24.36,24.93,25.01,25.03
"13674",160,2018,24.41,25.19,25.59,24.98
"13675",161,2018,24.73,25.08,25.28,25.22
"13676",162,2018,24.49,24.75,25.15,24.32
"13677",163,2018,24.63,25.3,25.44,24.84
"13678",164,2018,24.11,24.84,24.91,24.34
"13679",165,2018,24.36,24.72,24.28,24.3
"13680",166,2018,24.23,24.76,24.35,24.81
"13681",167,2018,24.44,25.29,25.08,25
"13682",168,2018,23.9,24.62,24.63,24.6
"13683",169,2018,22.61,23.17,23.15,23.35
"13684",170,2018,22.81,23.37,22.95,23.65
"13685",171,2018,23.53,24.21,23.43,24.64
"13686",172,2018,24.14,24.93,24.33,24.99
"13687",173,2018,24.03,25.12,24.42,24.88
"13688",174,2018,24.58,25.2,24.67,24.96
"13689",175,2018,24.41,24.84,24.96,24.13
"13690",176,2018,24.65,24.79,25.1,24.75
"13691",177,2018,24.16,24.55,24.41,24.52
"13692",178,2018,23.7,24.13,24.19,23.74
"13693",179,2018,23.57,23.85,24.37,23.04
"13694",180,2018,24.33,24.44,25.04,24.16
"13695",181,2018,23.17,24.2,24.28,23.74
"13696",182,2018,24.32,25.06,24.83,25.04
"13697",183,2018,24.94,25.08,25,25.24
"13698",184,2018,24.85,25.2,25.76,24.83
"13699",185,2018,24.82,25.14,25.25,25.16
"13700",186,2018,24.96,24.94,25.19,24.98
"13701",187,2018,24.72,25.4,25.41,25.14
"13702",188,2018,24.21,25.34,25.52,25.29
"13703",189,2018,24.21,24.87,24.68,24.71
"13704",190,2018,24.88,25.77,25.3,25.39
"13705",191,2018,24.81,25.9,25.49,25.66
"13706",192,2018,23.89,24.49,24.65,24.29
"13707",193,2018,23.45,24.35,23.87,24.1
"13708",194,2018,23.75,24.09,24.11,24.01
"13709",195,2018,24.57,25.14,24.71,25.1
"13710",196,2018,25.18,25.82,25.4,25.57
"13711",197,2018,24.79,25.4,25.69,25.63
"13712",198,2018,24.48,24.98,25.37,24.8
"13713",199,2018,24.08,24.82,25.16,24.37
"13714",200,2018,24.91,25.26,25.36,25.15
"13715",201,2018,25.11,25.49,25.75,25.64
"13716",202,2018,24.18,24.77,25.26,24.69
"13717",203,2018,24.51,25.2,25.42,25.31
"13718",204,2018,24.43,25.11,24.55,25.28
"13719",205,2018,23.96,24.53,24.96,24
"13720",206,2018,23.47,24.31,23.77,24.35
"13721",207,2018,24.21,25.04,24.44,24.46
"13722",208,2018,24.43,25.07,25,24.86
"13723",209,2018,24.31,25.2,24.9,24.8
"13724",210,2018,24.89,25.47,25.41,25.43
"13725",211,2018,24.25,25.02,25.22,24.86
"13726",212,2018,23.72,23.84,24.45,23.58
"13727",213,2018,24.01,23.81,24.29,23.63
"13728",214,2018,24.88,25.31,25.1,25
"13729",215,2018,24.96,25.76,25.23,25.66
"13730",216,2018,24.65,25.63,25.38,25.58
"13731",217,2018,25.11,25.5,25.54,25.42
"13732",218,2018,25.91,26.5,26.48,26.52
"13733",219,2018,25,25.85,25.78,25.98
"13734",220,2018,24.68,25,25.03,25.01
"13735",221,2018,24,24.45,24.81,24.15
"13736",222,2018,24.98,25.37,25.19,24.99
"13737",223,2018,25.42,25.88,25.8,26.02
"13738",224,2018,24.75,25.63,25.81,24.99
"13739",225,2018,24.46,24.86,24.7,24.79
"13740",226,2018,25.16,25.43,25.33,25.27
"13741",227,2018,25.93,25.98,26.19,26.19
"13742",228,2018,26.19,26.51,25.92,26.8
"13743",229,2018,24.73,25.41,25.1,25.89
"13744",230,2018,24.63,25.19,25.17,25.4
"13745",231,2018,25.19,25.77,25.59,25.71
"13746",232,2018,25.49,26.01,25.65,26.13
"13747",233,2018,25.06,25.21,25.16,25.94
"13748",234,2018,24.4,24.95,24.86,24.84
"13749",235,2018,24.37,25.38,24.66,25.22
"13750",236,2018,25.36,25.96,25.54,25.81
"13751",237,2018,25.6,26.2,26.15,25.67
"13752",238,2018,24.5,25.19,24.65,25.13
"13753",239,2018,24.25,25.28,24.5,25.46
"13754",240,2018,23.96,25.46,24.92,25.2
"13755",241,2018,24.74,25.62,24.93,25.53
"13756",242,2018,25.27,25.97,25.69,25.72
"13757",243,2018,26.2,26.74,26.09,26.43
"13758",244,2018,26.53,27,26.54,26.79
"13759",245,2018,26.11,26.77,26.36,26.61
"13760",246,2018,26.18,26.82,26.7,26.7
"13761",247,2018,24.89,25.76,25,26.11
"13762",248,2018,24.39,25.34,24.85,25.17
"13763",249,2018,24.36,25.07,25.13,24.76
"13764",250,2018,24.34,24.85,24.76,24.82
"13765",251,2018,25.24,25.3,25.32,25.5
"13766",252,2018,26.14,26.49,26.22,26.36
"13767",253,2018,26.16,26.7,26.27,26.35
"13768",254,2018,25.37,25.95,25.83,25.79
"13769",255,2018,25.47,25.82,25.87,25.75
"13770",256,2018,25.49,26.55,26.85,26.09
"13771",257,2018,25.23,25.84,26.24,25.61
"13772",258,2018,24.64,25.1,26.26,24.53
"13773",259,2018,25.38,25.94,26.22,25.76
"13774",260,2018,25.82,26.56,26.28,26.18
"13775",261,2018,25.56,26.04,26.03,25.65
"13776",262,2018,26.23,26.69,26.94,26.5
"13777",263,2018,26.39,26.92,26.64,26.81
"13778",264,2018,26.22,27.18,26.74,26.94
"13779",265,2018,25.34,26.04,25.6,25.98
"13780",266,2018,25.79,26.34,26.04,26.36
"13781",267,2018,25.88,26.32,26.16,26.54
"13782",268,2018,25.7,26.02,25.6,26.28
"13783",269,2018,25.95,26.46,26.24,26.87
"13784",270,2018,25.78,26.64,26.43,26.84
"13785",271,2018,25.97,26.43,26.46,26.09
"13786",272,2018,26.92,27.2,27.21,27.05
"13787",273,2018,26.89,27.54,27.25,27.31
"13788",274,2018,26.37,27.11,27.27,26.65
"13789",275,2018,26.75,27.15,27.12,27.01
"13790",276,2018,27.12,27.64,27.51,27.27
"13791",277,2018,26.1,26.66,26.37,26.72
"13792",278,2018,25.63,25.99,25.88,26.33
"13793",279,2018,24.69,25.31,25.17,24.89
"13794",280,2018,25.71,26.3,26.15,25.96
"13795",281,2018,26.61,26.98,27.09,26.7
"13796",282,2018,26.74,27.47,27.23,27.22
"13797",283,2018,25.72,26.89,26.77,26.28
"13798",284,2018,25.27,26.31,26.17,25.83
"13799",285,2018,25.52,26.05,26.23,26.01
"13800",286,2018,25.16,25.82,26.27,25.37
"13801",287,2018,25.44,26.11,26.24,25.87
"13802",288,2018,25.19,25.84,26.34,25.53
"13803",289,2018,26.37,26.82,27.28,26.47
"13804",290,2018,26.96,27.46,27.75,27.17
"13805",291,2018,26.41,27.44,27.04,27.26
"13806",292,2018,25.32,25.83,25.84,25.76
"13807",293,2018,25.86,26.21,26.49,26.11
"13808",294,2018,25.33,26.3,26.47,25.97
"13809",295,2018,25.03,25.24,25.59,25.25
"13810",296,2018,25.63,25.66,25.95,25.21
"13811",297,2018,25.38,25.64,25.93,25.25
"13812",298,2018,25.1,25.48,25.93,25.06
"13813",299,2018,26.07,26.44,26.99,26.09
"13814",300,2018,25.97,26.7,26.83,26.23
"13815",301,2018,26.13,27.12,26.91,26.96
"13816",302,2018,25.97,26.63,26.44,26.32
"13817",303,2018,26.66,27.24,27.02,27.08
"13818",304,2018,26.25,27.06,26.99,26.71
"13819",305,2018,25.33,25.95,25.95,26.1
"13820",306,2018,25.28,25.85,26.42,25.36
"13821",307,2018,25.53,26.19,26.17,25.95
"13822",308,2018,26.23,26.84,26.73,26.71
"13823",309,2018,26.47,26.98,26.99,27.02
"13824",310,2018,26.13,27.04,27.29,26.98
"13825",311,2018,25.68,26.53,26.88,26.08
"13826",312,2018,25.63,26.26,26.24,25.85
"13827",313,2018,25.23,25.91,25.83,25.62
"13828",314,2018,25.56,26.24,26.24,25.99
"13829",315,2018,26.21,26.73,27.25,26.71
"13830",316,2018,25.95,26.96,27,26.63
"13831",317,2018,27.15,27.64,27.67,27.41
"13832",318,2018,27.08,27.46,27.72,27.3
"13833",319,2018,25.95,26.9,26.83,26.81
"13834",320,2018,26.15,26.78,27.04,26.5
"13835",321,2018,25.54,26.06,26.38,25.79
"13836",322,2018,25.84,26.2,26.58,25.99
"13837",323,2018,26.37,26.77,27.13,26.64
"13838",324,2018,26.05,26.98,27.17,26.58
"13839",325,2018,25.68,26.77,26.93,26.6
"13840",326,2018,25.31,26.42,26.55,26.12
"13841",327,2018,26.2,26.96,27.34,26.88
"13842",328,2018,26.82,27.25,27.51,27.1
"13843",329,2018,26.42,27.04,27.52,26.98
"13844",330,2018,26.44,26.73,26.98,26.74
"13845",331,2018,25.55,26.64,26.73,26.47
"13846",332,2018,25.27,26.47,26.68,26.41
"13847",333,2018,25.69,26.72,27,26.07
"13848",334,2018,26.19,27.09,27.14,26.82
"13849",335,2018,25.78,26.14,26.6,26.02
"13850",336,2018,25.98,26.35,26.84,26.02
"13851",337,2018,25.75,26.08,26.55,25.81
"13852",338,2018,25.6,25.7,26.34,25.5
"13853",339,2018,26.02,26.31,26.79,25.97
"13854",340,2018,26.17,26.58,27.14,26.04
"13855",341,2018,26.33,26.73,27.28,26.39
"13856",342,2018,26.08,26.68,27.18,26.16
"13857",343,2018,26.12,26.89,27.19,26.46
"13858",344,2018,25.8,26.51,26.89,26.36
"13859",345,2018,25.95,27.24,27.58,26.88
"13860",346,2018,26.49,27.47,28.07,27.17
"13861",347,2018,24.89,26.95,27.24,26.74
"13862",348,2018,25.65,26.9,27.27,26.95
"13863",349,2018,25.89,26.85,27.62,26.82
"13864",350,2018,25.95,26.89,27.4,26.86
"13865",351,2018,26.26,26.79,27.61,26.68
"13866",352,2018,26.53,27.81,28.16,27.53
"13867",353,2018,26.36,27.53,28.03,27.62
"13868",354,2018,26.16,27.67,27.8,27.41
"13869",355,2018,26.44,27.99,27.8,28.02
"13870",356,2018,26.56,27.65,27.67,27.93
"13871",357,2018,26.47,27.28,27.67,27.3
"13872",358,2018,26.93,27.67,27.8,27.82
"13873",359,2018,26.63,27.32,28.12,27.12
"13874",360,2018,26.63,27.87,28.26,27.73
"13875",361,2018,26.87,27.6,27.83,27.71
"13876",362,2018,27.51,28.21,28.32,27.9
"13877",363,2018,27.57,28.01,27.87,27.97
"13878",364,2018,27,27.32,27.66,27.34
"13879",365,2018,27.13,27.87,28.19,27.5
"13880",1,2019,27.18,27.85,27.64,28.03
"13881",2,2019,27.24,27.92,28.04,27.62
"13882",3,2019,27.29,28.16,28.5,27.75
"13883",4,2019,27.49,28.25,28.46,28.19
"13884",5,2019,27.18,28.41,28.35,28.51
"13885",6,2019,26.91,29.21,28.47,28.99
"13886",7,2019,27.78,28.77,29.01,28.58
"13887",8,2019,28.35,28.9,28.99,28.85
"13888",9,2019,27.68,28,28.41,28.16
"13889",10,2019,27.83,28.46,28.51,28.33
"13890",11,2019,28,28.93,28.78,28.95
"13891",12,2019,27.35,28.49,28.69,28.33
"13892",13,2019,26.75,28.42,28.36,28.29
"13893",14,2019,26.69,28.28,28.01,28.35
"13894",15,2019,27.36,28.7,28.48,28.49
"13895",16,2019,28.02,29.05,29.03,28.91
"13896",17,2019,27.07,28.51,28.91,28.45
"13897",18,2019,26.04,28.17,27.84,28.11
"13898",19,2019,26.67,28.87,28.94,28.76
"13899",20,2019,26.86,28.86,28.83,28.67
"13900",21,2019,27.47,29.3,29.3,29.16
"13901",22,2019,27.94,29.4,29.35,29.42
"13902",23,2019,27.73,28.97,29.22,29.04
"13903",24,2019,28.43,29.9,30.04,29.26
"13904",25,2019,28.37,30.13,30,29.56
"13905",26,2019,28.49,29.95,29.66,29.33
"13906",27,2019,28.26,29.48,29.51,29.23
"13907",28,2019,28.75,29.9,30.14,29.41
"13908",29,2019,29.09,30.33,30.41,29.72
"13909",30,2019,28.38,29.73,29.53,29.91
"13910",31,2019,28.24,29.66,30.01,29.5
"13911",32,2019,28.44,29.43,29.68,29.52
"13912",33,2019,28.23,29.02,29.08,29.26
"13913",34,2019,27.12,29,28.46,29.13
"13914",35,2019,26.15,28.05,27.86,27.85
"13915",36,2019,26.16,28.17,28.51,28.1
"13916",37,2019,26.31,28.39,29.24,28.48
"13917",38,2019,26.57,28.97,29.57,28.55
"13918",39,2019,27.57,29.62,30.25,29.48
"13919",40,2019,28.58,30.29,30.78,30.08
"13920",41,2019,28.53,29.71,30.43,29.78
"13921",42,2019,28.59,29.48,30.29,29.37
"13922",43,2019,28.93,30.09,30.57,29.84
"13923",44,2019,28.01,30.68,30.56,30.03
"13924",45,2019,27.14,29.28,29.74,29.02
"13925",46,2019,27.79,29.95,29.96,29.83
"13926",47,2019,28.14,30.26,30.67,29.6
"13927",48,2019,26.98,28.58,29.65,28.41
"13928",49,2019,27.08,28.7,29.17,28.38
"13929",50,2019,27.9,29.14,30.19,28.15
"13930",51,2019,28.69,29.8,30.3,29.31
"13931",52,2019,29.06,30.28,30.4,29.9
"13932",53,2019,28.32,30.12,30.15,29.86
"13933",54,2019,28.03,30.11,30.07,29.7
"13934",55,2019,28.72,29.86,29.75,29.8
"13935",56,2019,28.42,29.28,29.6,29.17
"13936",57,2019,28.9,29.79,30.14,29.47
"13937",58,2019,29.25,29.67,30.15,29.61
"13938",59,2019,29.68,30.53,30.78,30.61
"13939",60,2019,29.51,31.1,31,31.09
"13940",61,2019,28.2,30.73,31.05,30.74
"13941",62,2019,27.09,29.86,29.93,29.23
"13942",63,2019,27.8,29.88,30.22,30.14
"13943",64,2019,28.24,31.04,31.04,30.75
"13944",65,2019,27.7,30.28,30.25,30.36
"13945",66,2019,27.47,30.03,30.76,30.06
"13946",67,2019,27.2,29.9,30.41,30.04
"13947",68,2019,27.03,29.44,29.46,29.36
"13948",69,2019,26.39,28.69,29.9,28.07
"13949",70,2019,26.86,29.28,30.03,28.91
"13950",71,2019,26.33,29.5,29.82,29.1
"13951",72,2019,26.52,29.18,29.63,28.95
"13952",73,2019,26.7,29.61,29.48,28.99
"13953",74,2019,26.32,28.78,29.59,28.09
"13954",75,2019,26.88,29.62,29.73,29.47
"13955",76,2019,26.49,29.01,29.25,28.94
"13956",77,2019,26.36,29.04,29.51,29.2
"13957",78,2019,26.95,29.88,30.65,29.76
"13958",79,2019,27.81,30.76,30.87,30.72
"13959",80,2019,27.84,30.78,30.8,30.71
"13960",81,2019,26.97,29.66,29.71,30.17
"13961",82,2019,26.51,29.51,29.81,29.21
"13962",83,2019,27.5,29.91,30.1,29.97
"13963",84,2019,28.29,30.63,30.71,30.75
"13964",85,2019,28.28,30.83,31.22,30.68
"13965",86,2019,28.17,30.47,30.86,30.27
"13966",87,2019,28.08,30.26,30.43,30.2
"13967",88,2019,26.59,28.91,28.47,28.2
"13968",89,2019,26.32,27.52,27.41,27.3
"13969",90,2019,26.4,26.69,27.5,26.33
"13970",91,2019,25.87,27.09,27.59,27.55
"13971",92,2019,26.91,28.24,28.71,27.77
"13972",93,2019,27.48,28.17,28.88,27.87
"13973",94,2019,27.48,28.06,29.03,27.79
"13974",95,2019,27.96,28.76,29.44,28.36
"13975",96,2019,28.34,29.13,29.78,28.96
"13976",97,2019,28.45,29.08,30.08,29.07
"13977",98,2019,27.1,28.81,28.3,28.71
"13978",99,2019,25.89,27.21,27.12,26.46
"13979",100,2019,26.48,28.13,28.01,27.36
"13980",101,2019,26.91,28.75,29.22,28.46
"13981",102,2019,26.16,28.04,28.12,28.01
"13982",103,2019,26.44,28.09,27.45,28.01
"13983",104,2019,26.48,28,28.11,27.79
"13984",105,2019,26.25,27.68,28.01,26.77
"13985",106,2019,26.35,27.14,27.4,26.95
"13986",107,2019,25.69,26.79,27.06,26.59
"13987",108,2019,24.82,25.49,26.38,24.72
"13988",109,2019,25.48,26.28,26.63,25.29
"13989",110,2019,25.44,26.67,26.85,26.31
"13990",111,2019,25.18,26.04,26.39,25.5
"13991",112,2019,25.13,25.85,26.21,25.42
"13992",113,2019,26.17,26.5,26.92,26.54
"13993",114,2019,25.63,26.42,27.14,25.58
"13994",115,2019,25.27,25.72,25.51,25.75
"13995",116,2019,24.86,25.62,25.56,25.18
"13996",117,2019,25.37,26.07,26.2,25.99
"13997",118,2019,26.35,26.73,27.39,26.44
"13998",119,2019,26.64,26.94,27.58,27.02
"13999",120,2019,27.21,27.56,28.06,27.37
"14000",121,2019,27.67,27.84,28.42,27.52
"14001",122,2019,27.2,28.1,28.27,27.72
"14002",123,2019,25.78,27.01,27.38,26.92
"14003",124,2019,25.48,26.84,27.28,26.84
"14004",125,2019,25.76,27,26.82,26.87
"14005",126,2019,25.66,26.57,27.04,26.3
"14006",127,2019,25.55,26.54,26,26.79
"14007",128,2019,25.06,26.06,25.75,25.83
"14008",129,2019,25.22,25.83,25.46,25.07
"14009",130,2019,26.04,26.33,25.88,26.16
"14010",131,2019,25.75,26.25,26.27,26.13
"14011",132,2019,26.01,25.94,26.28,25.83
"14012",133,2019,25.56,25.53,26.2,25.69
"14013",134,2019,24.83,25.49,26.24,25.11
"14014",135,2019,24.24,24.84,25.07,24.48
"14015",136,2019,24.09,25.5,25.36,25.04
"14016",137,2019,24.53,25.69,25.27,24.9
"14017",138,2019,24.69,25.92,25.76,25.8
"14018",139,2019,24.29,25.45,26.08,25.04
"14019",140,2019,24.76,26.16,25.79,25.8
"14020",141,2019,25.63,26.55,25.98,26.39
"14021",142,2019,26.07,26.42,26.34,26.55
"14022",143,2019,25.12,26.1,25.88,26.03
"14023",144,2019,25.89,26.46,26.43,26.27
"14024",145,2019,26.43,26.64,27,26.36
"14025",146,2019,25.6,26.14,26.18,25.99
"14026",147,2019,25.26,25.6,25.06,25.52
"14027",148,2019,25.89,26.23,26.08,26.2
"14028",149,2019,26,26.24,26.48,26.03
"14029",150,2019,25.58,25.78,25.42,25.97
"14030",151,2019,25.16,25.75,25.67,25.86
"14031",152,2019,25.17,25.51,25.62,25.1
"14032",153,2019,25.46,26.07,25.52,25.92
"14033",154,2019,25.96,26.1,26.35,25.77
"14034",155,2019,24.87,25.82,25.26,26.22
"14035",156,2019,25.15,25.82,25.45,25.74
"14036",157,2019,24.64,25.43,25.35,25.12
"14037",158,2019,25.1,25.64,25.08,25.81
"14038",159,2019,25.13,25.6,25.32,25.69
"14039",160,2019,25.15,26.01,25.8,25.75
"14040",161,2019,24.45,25.56,25.47,25.25
"14041",162,2019,24.28,24.95,25.23,24.52
"14042",163,2019,23.99,24.29,25.32,24.08
"14043",164,2019,24.62,25.49,25.07,25.25
"14044",165,2019,24.99,25.05,25.26,25.31
"14045",166,2019,25.28,26.13,26.13,26.12
"14046",167,2019,24.94,25.54,25.29,25.47
"14047",168,2019,24.4,24.92,24.88,24.82
"14048",169,2019,25.09,25.69,25.98,25.1
"14049",170,2019,25.12,25.6,26.06,25
"14050",171,2019,24.88,25.56,25.66,25.01
"14051",172,2019,24.39,24.92,25.01,24.74
"14052",173,2019,24.6,24.92,25.3,24.57
"14053",174,2019,24.58,24.89,25.33,24.73
"14054",175,2019,24.02,24.38,25.21,23.99
"14055",176,2019,23.65,24.17,24.54,23.91
"14056",177,2019,25,25.75,26.01,25.21
"14057",178,2019,25.71,26.61,26.83,26.32
"14058",179,2019,25.91,26.61,26.86,26.48
"14059",180,2019,25.08,25.66,26.24,25.07
"14060",181,2019,24.26,25.15,25.81,24.91
"14061",182,2019,23.82,24.9,24.61,24.48
"14062",183,2019,23.73,24.51,24.21,24.38
"14063",184,2019,24.74,25.71,25.61,25.32
"14064",185,2019,25.5,26.39,26.17,26.17
"14065",186,2019,24.77,25.65,26.19,25.25
"14066",187,2019,25.27,25.8,25.79,25.59
"14067",188,2019,25.37,26.4,26.08,26.09
"14068",189,2019,24.31,25.07,24.81,24.79
"14069",190,2019,22.89,23.68,23.92,23.68
"14070",191,2019,23.32,24.01,24.01,23.85
"14071",192,2019,23.99,24.75,24.2,24.45
"14072",193,2019,24.66,25.23,24.46,25.41
"14073",194,2019,24.81,24.91,25.69,24.71
"14074",195,2019,24.78,25.62,25.58,25.5
"14075",196,2019,25.04,25.83,25.56,25.76
"14076",197,2019,24.85,25.66,25.25,25.58
"14077",198,2019,25.2,25.25,25.08,25.65
"14078",199,2019,25.41,26.2,25.88,26.17
"14079",200,2019,24.67,25.42,25.28,25.45
"14080",201,2019,24.38,24.87,24.88,24.75
"14081",202,2019,25.11,25.55,25.51,25.26
"14082",203,2019,25.19,25.65,25.63,25.45
"14083",204,2019,24.15,24.73,24.65,24.48
"14084",205,2019,24.77,25.08,25.35,24.46
"14085",206,2019,24.14,25.27,25.29,24.6
"14086",207,2019,24.01,24.98,24.88,24.41
"14087",208,2019,24.4,24.99,24.52,24.59
"14088",209,2019,23.98,25,25.08,25.1
"14089",210,2019,24.81,25.56,25.82,25.54
"14090",211,2019,25.68,26.32,25.74,26.23
"14091",212,2019,25.2,25.54,24.59,26.14
"14092",213,2019,25.02,25.83,25.64,25.74
"14093",214,2019,25.86,26.13,25.64,26.25
"14094",215,2019,24.85,24.86,25.31,25
"14095",216,2019,24.09,24.15,24.67,24.52
"14096",217,2019,23.11,24.13,24.03,23.76
"14097",218,2019,23.75,24.43,24.47,24.57
"14098",219,2019,24.13,24.76,23.83,24.98
"14099",220,2019,24.39,25.2,24.78,25.71
"14100",221,2019,25.26,25.96,25.8,25.91
"14101",222,2019,24.94,26.16,25.78,26.23
"14102",223,2019,25.2,25.69,25.92,26.18
"14103",224,2019,24.94,25.6,26.01,25.72
"14104",225,2019,24.18,25.66,25.08,25.23
"14105",226,2019,24.07,25.08,24.98,25.07
"14106",227,2019,24.68,25.64,24.81,25.02
"14107",228,2019,23.25,24.13,23.79,23.79
"14108",229,2019,23.09,23.09,23.06,22.97
"14109",230,2019,25.2,25.42,25.43,25.18
"14110",231,2019,25.22,26.08,25.74,26.39
"14111",232,2019,25.44,26.16,26,26.68
"14112",233,2019,25.79,26.67,26.08,26.95
"14113",234,2019,25.48,26.58,25.55,26.98
"14114",235,2019,25.55,25.89,25.71,26.42
"14115",236,2019,25.81,26.25,26.34,26.32
"14116",237,2019,25.93,26.39,26.47,26.18
"14117",238,2019,26.13,26.64,25.92,26.85
"14118",239,2019,25.92,26.8,26.41,26.77
"14119",240,2019,25.79,26.38,26.31,26.22
"14120",241,2019,25.9,26.71,26.45,26.87
"14121",242,2019,26.34,26.95,26.87,27
"14122",243,2019,26.47,27.07,27.03,26.95
"14123",244,2019,25.98,26.85,26.55,27.16
"14124",245,2019,26.15,26.84,26.27,27.43
"14125",246,2019,26.72,27.32,26.93,27.7
"14126",247,2019,26.58,27.21,26.67,27.66
"14127",248,2019,25.82,26.53,25.81,27.2
"14128",249,2019,25.98,26.76,26.31,27.52
"14129",250,2019,26.6,27.38,26.71,27.75
"14130",251,2019,26.54,27.66,26.69,28.12
"14131",252,2019,26.24,27.12,26.76,27.98
"14132",253,2019,26.44,27.05,26.62,27.73
"14133",254,2019,26.84,27.74,26.77,28.34
"14134",255,2019,26.96,27.94,27.31,28.68
"14135",256,2019,26.74,27.68,27.12,28.24
"14136",257,2019,26.36,27.67,26.84,28.23
"14137",258,2019,26.43,27.41,26.6,27.95
"14138",259,2019,26.85,27.6,26.63,28.47
"14139",260,2019,26.95,27.77,27.04,27.9
"14140",261,2019,26.91,27.76,27.34,27.08
"14141",262,2019,27.44,27.89,27.55,28.3
"14142",263,2019,26.97,27.25,28.03,27.01
"14143",264,2019,26.22,26.58,26.02,26.95
"14144",265,2019,26.66,27.3,26.52,27.46
"14145",266,2019,26.37,27.02,26.62,27
"14146",267,2019,26.54,26.92,26.96,27.21
"14147",268,2019,26.54,27,27.02,26.95
"14148",269,2019,26.18,26.6,26.76,26.78
"14149",270,2019,26.52,27.47,27.17,27.36
"14150",271,2019,26.21,27.35,26.85,26.9
"14151",272,2019,25.64,26.2,25.97,26.29
"14152",273,2019,26.11,26.64,26.06,26.47
"14153",274,2019,26.95,27.21,27.11,26.99
"14154",275,2019,26.77,27.86,27.7,27.41
"14155",276,2019,24.62,25.02,24.85,25.23
"14156",277,2019,25.79,26.27,25.84,26.29
"14157",278,2019,26.48,27.17,26.7,27.1
"14158",279,2019,26.46,27.37,27.26,27.04
"14159",280,2019,26.07,27.26,26.96,26.99
"14160",281,2019,25.1,26.03,25.71,25.63
"14161",282,2019,24.53,25.71,24.9,25.68
"14162",283,2019,25.15,26.32,25.24,26.06
"14163",284,2019,25.79,25.94,26.15,26.01
"14164",285,2019,25.56,25.91,26.27,25.82
"14165",286,2019,25.79,26.47,26.46,26.45
"14166",287,2019,25.94,26.96,26.47,26.84
"14167",288,2019,24.81,25.75,25.7,25.16
"14168",289,2019,25.08,26.08,26.03,26.06
"14169",290,2019,25.89,26.61,26.63,26.64
"14170",291,2019,25.27,26.19,26.19,25.93
"14171",292,2019,25.07,24.92,25.22,25.27
"14172",293,2019,24.97,25.66,25.88,25.58
"14173",294,2019,25.39,26.14,25.87,26.04
"14174",295,2019,25.75,26.55,26.36,26.4
"14175",296,2019,25.43,26.47,26.35,26.54
"14176",297,2019,25.44,26.01,25.92,25.67
"14177",298,2019,24.76,25.32,25.24,25.17
"14178",299,2019,25.7,26.57,26.04,26.58
"14179",300,2019,25.97,26.8,26.46,26.82
"14180",301,2019,25.71,26.57,26.58,26.18
"14181",302,2019,26.48,27.3,27.02,27.01
"14182",303,2019,25.72,26.98,26.82,26.97
"14183",304,2019,25.86,26.38,26.62,26.25
"14184",305,2019,25.31,25.62,26.29,25.38
"14185",306,2019,24.95,25.35,25.46,25.05
"14186",307,2019,26.09,26.2,26.22,26.04
"14187",308,2019,26.54,26.79,26.88,26.8
"14188",309,2019,25.96,26.79,27.1,26.59
"14189",310,2019,25.79,26.87,26.91,26.72
"14190",311,2019,25.61,26.35,26.45,26.01
"14191",312,2019,26.15,26.68,26.69,26.57
"14192",313,2019,25.62,26.25,26.23,26.37
"14193",314,2019,25.96,26.27,26.72,26.06
"14194",315,2019,25.49,26.25,26.83,25.97
"14195",316,2019,25.1,25.84,26.09,25.44
"14196",317,2019,25.3,25.95,26.07,25.9
"14197",318,2019,26.46,26.91,27.14,26.73
"14198",319,2019,26.61,27.23,27.34,27.11
"14199",320,2019,26.3,27.04,27.07,26.77
"14200",321,2019,26.25,26.89,26.93,26.84
"14201",322,2019,26.8,27.17,27.26,26.72
"14202",323,2019,26.71,27.07,27.53,26.72
"14203",324,2019,25.65,26.45,26.58,26.07
"14204",325,2019,24.52,25.26,25.28,25.27
"14205",326,2019,25.49,25.93,25.82,25.58
"14206",327,2019,26.22,26.52,26.69,26.28
"14207",328,2019,26.24,27.02,27.06,26.47
"14208",329,2019,25.93,26.25,26.81,26.19
"14209",330,2019,25.76,26.4,26.62,26.24
"14210",331,2019,26.1,26.83,27.12,26.68
"14211",332,2019,26.28,27.06,27.07,27.08
"14212",333,2019,26.19,27.3,27.31,27.11
"14213",334,2019,26.47,27.13,27.25,26.98
"14214",335,2019,26.61,27.1,27.47,26.88
"14215",336,2019,26.53,27.14,27.33,26.95
"14216",337,2019,26.62,27.38,27.36,27.17
"14217",338,2019,26.5,27.43,27.48,27.37
"14218",339,2019,26.32,27.37,27.7,27.18
"14219",340,2019,26.62,27.39,27.79,27.36
"14220",341,2019,26.31,27.33,27.45,27.26
"14221",342,2019,26.29,27.33,27.4,27.41
"14222",343,2019,26.56,27.44,27.79,27.14
"14223",344,2019,26.34,27.5,27.57,27.16
"14224",345,2019,26.09,27.4,27.19,27.52
"14225",346,2019,26.33,27.35,27.07,27.17
"14226",347,2019,26.41,27.44,27.08,27.54
"14227",348,2019,26.52,27.76,27.64,27.57
"14228",349,2019,24.99,26.59,26.96,26.32
"14229",350,2019,25.11,26.25,26.21,26.2
"14230",351,2019,26.02,27.17,27.24,27.15
"14231",352,2019,26.22,27.46,27.74,27.24
"14232",353,2019,26.5,27.56,27.79,27.64
"14233",354,2019,24.95,26.06,25.95,25.94
"14234",355,2019,25.12,26,26.85,25.74
"14235",356,2019,25.82,26.82,27.69,26.81
"14236",357,2019,26.17,27.12,27.62,27.18
"14237",358,2019,25.93,27.06,26.94,27.3
"14238",359,2019,26.16,27.42,27.39,27.57
"14239",360,2019,26.61,27.48,27.93,27.58
"14240",361,2019,26.59,27.64,27.97,27.53
"14241",362,2019,26.64,27.78,28.13,27.35
"14242",363,2019,26.55,28.1,28.26,27.26
"14243",364,2019,26.27,27.64,27.88,27.29
"14244",365,2019,26.55,27.44,27.64,27.04
"14245",1,2020,26.39,27.16,27.93,26.79
"14246",2,2020,26.41,27.28,27.84,26.72
"14247",3,2020,25.94,26.89,27.25,26.69
"14248",4,2020,26.08,26.97,27.29,26.8
"14249",5,2020,26.11,27.06,27.54,26.72
"14250",6,2020,26.29,27.42,27.86,26.95
"14251",7,2020,27.1,28.33,28.33,27.85
"14252",8,2020,27.02,28.31,28.51,27.8
"14253",9,2020,27.18,28.29,28.85,27.63
"14254",10,2020,27.1,28.27,28.42,27.81
"14255",11,2020,27.22,28.53,28.58,27.92
"14256",12,2020,27.14,28.22,28.34,27.77
"14257",13,2020,27.33,28.58,28.53,28.06
"14258",14,2020,27.39,28.43,28.65,27.96
"14259",15,2020,27.66,28.9,28.73,28.85
"14260",16,2020,26.72,28.37,27.98,28.09
"14261",17,2020,26.18,27.53,27.52,27.1
"14262",18,2020,26.89,28.58,28.64,28.1
"14263",19,2020,26.97,28.74,29.08,27.82
"14264",20,2020,27.03,28.87,28.96,28.2
"14265",21,2020,27.43,29.59,29.35,29.05
"14266",22,2020,27.7,29.71,29.75,29.43
"14267",23,2020,28.82,30.55,30.63,30.08
"14268",24,2020,29.35,30.95,31.31,30.63
"14269",25,2020,29.09,30.84,30.93,30.71
"14270",26,2020,28.52,30.12,30.25,29.63
"14271",27,2020,29.1,30.37,30.76,30.11
"14272",28,2020,29.46,30.74,31.1,30.49
"14273",29,2020,29.83,30.9,31.14,30.51
"14274",30,2020,29.24,30.74,31.05,30.46
"14275",31,2020,28.53,30.16,30.07,30.15
"14276",32,2020,28.76,30.41,29.98,30.65
"14277",33,2020,27.37,30.28,30.3,29.84
"14278",34,2020,27.52,29.6,29.87,29.41
"14279",35,2020,28.8,30.07,30.75,29.63
"14280",36,2020,28.75,29.94,30.93,29.34
"14281",37,2020,28.83,29.96,30.68,29.26
"14282",38,2020,29.08,30.33,30.97,29.57
"14283",39,2020,29.38,30.06,30.66,29.55
"14284",40,2020,29.17,29.76,30.35,29.23
"14285",41,2020,29.5,30.38,30.78,29.77
"14286",42,2020,29.41,30.12,31.06,29.5
"14287",43,2020,29.64,30.18,31.05,29.43
"14288",44,2020,29.67,30.82,31.26,29.9
"14289",45,2020,28.05,30.26,28.99,29.9
"14290",46,2020,28.48,29.98,29.68,29.55
"14291",47,2020,29.64,30.81,31.15,30.05
"14292",48,2020,30.18,30.94,31.53,30.26
"14293",49,2020,30.01,30.94,31.75,30.49
"14294",50,2020,28.18,30.55,31.01,29.78
"14295",51,2020,29.43,31.16,31.51,30.49
"14296",52,2020,30.32,31.43,31.89,31.16
"14297",53,2020,30.74,31.9,32.1,31.61
"14298",54,2020,29.43,31.19,31.36,30.63
"14299",55,2020,27.87,30.47,30.43,30.19
"14300",56,2020,27.67,30.56,30.94,30.5
"14301",57,2020,27.83,30.49,31.14,29.98
"14302",58,2020,28.75,30.65,31.07,30.81
"14303",59,2020,28.84,30.69,31.32,30.35
"14304",60,2020,28.65,30.31,30.95,30.15
"14305",61,2020,28.93,30.19,31.21,30.1
"14306",62,2020,28.89,30.32,31.69,30.52
"14307",63,2020,28.45,30.29,31.48,30.36
"14308",64,2020,28.94,30.42,31.1,30.17
"14309",65,2020,29.12,30.15,31.07,29.87
"14310",66,2020,29.59,30.61,31.59,30.13
"14311",67,2020,29.27,30.71,31.67,30.46
"14312",68,2020,28.68,30.5,31.31,30.4
"14313",69,2020,28.29,30.1,31.27,29.55
"14314",70,2020,28.7,29.77,31.46,29.3
"14315",71,2020,29.03,30.68,31.56,30.12
"14316",72,2020,29.11,30.65,31.35,30.6
"14317",73,2020,27.76,30.14,30.85,29.87
"14318",74,2020,26.62,28.83,30.28,28.07
"14319",75,2020,26.68,28.84,30.03,28.3
"14320",76,2020,27.84,29.59,30.81,29.03
"14321",77,2020,28.84,30.31,31.38,29.49
"14322",78,2020,28.83,30.72,31.18,29.95
"14323",79,2020,28.37,30.34,31.15,29.86
"14324",80,2020,28.54,30.34,31.23,29.84
"14325",81,2020,29.36,31.05,31.46,30.74
"14326",82,2020,29.65,30.85,31.66,30.29
"14327",83,2020,28.93,31.24,31.37,30.77
"14328",84,2020,28.35,30.92,30.59,30.74
"14329",85,2020,29.34,31.77,31.64,31.28
"14330",86,2020,29.59,31.95,32.07,31.6
"14331",87,2020,30.31,32.27,32.46,31.94
"14332",88,2020,30.35,32.08,32.39,31.57
"14333",89,2020,29.63,31.6,32.32,30.97
"14334",90,2020,27.45,31.13,30.8,30.6
"14335",91,2020,26.06,28.39,28.25,27.58
"14336",92,2020,26.66,28.91,29.21,27.99
"14337",93,2020,26.07,27.77,28.42,26.53
"14338",94,2020,26.82,28.62,27.85,27.76
"14339",95,2020,27.14,28.54,28.39,28.52
"14340",96,2020,26.42,27.8,28.05,27.73
"14341",97,2020,26.56,27.98,28.24,27.58
"14342",98,2020,26.91,27.8,28.08,27.95
"14343",99,2020,26.66,28.16,28.48,28.14
"14344",100,2020,26.11,27.41,27.61,27.27
"14345",101,2020,26.31,27.62,28.1,27.27
"14346",102,2020,26.37,27.65,28.32,26.87
"14347",103,2020,27.48,28.78,29.68,28.31
"14348",104,2020,27.87,28.67,29.69,27.99
"14349",105,2020,27.79,28.83,30.08,27.92
"14350",106,2020,27.76,28.92,30.24,28.04
"14351",107,2020,27.8,29.14,30.16,28.43
"14352",108,2020,27.42,28.64,29.68,27.96
"14353",109,2020,25.78,27.45,27.41,26.11
"14354",110,2020,25.45,26.86,26.56,26.6
"14355",111,2020,26.06,27.15,26.65,27.7
"14356",112,2020,26.02,27.32,26.9,27.49
"14357",113,2020,25.33,26.72,26.19,26.39
"14358",114,2020,25.71,26.92,26.24,26.56
"14359",115,2020,27.12,28.19,27.96,27.59
"14360",116,2020,27.43,28.06,28.27,27.52
"14361",117,2020,27.61,29.17,28.84,28.4
"14362",118,2020,27.51,28.98,28.71,28.49
"14363",119,2020,26.21,28.16,27.89,27.67
"14364",120,2020,26.19,27.42,27.65,26.45
"14365",121,2020,26.1,27.2,27.77,26.9
"14366",122,2020,26.26,27.3,27.86,26.54
"14367",123,2020,26.9,27.8,27.88,27.37
"14368",124,2020,25.77,26.55,27.89,25.56
"14369",125,2020,25.74,26.73,26.79,26.4
"14370",126,2020,26.3,27.2,27.33,26.92
"14371",127,2020,26.43,27.27,27.82,26.53
"14372",128,2020,26.46,27.09,27.19,26.64
"14373",129,2020,24.75,25.69,26.6,25.43
"14374",130,2020,25.05,25.78,26.78,25.36
"14375",131,2020,25.27,26.61,27.37,26.17
"14376",132,2020,26.38,27.33,27.81,26.99
"14377",133,2020,27.69,28.4,28.98,28.21
"14378",134,2020,26.7,26.75,27.94,26.9
"14379",135,2020,26.06,26.43,26.36,26.53
"14380",136,2020,26.65,26.99,27.64,26.67
"14381",137,2020,26.31,26.71,27.81,26.17
"14382",138,2020,25.69,26.79,26.57,26.41
"14383",139,2020,25.3,25.88,26.44,25.38
"14384",140,2020,26.46,26.9,27.41,26.68
"14385",141,2020,26.66,27.56,28.02,27
"14386",142,2020,26.45,27.47,28.03,27.01
"14387",143,2020,26.53,27.12,27.3,27.33
"14388",144,2020,25.83,26.8,27.17,26.52
"14389",145,2020,26.53,27.3,27.67,26.69
"14390",146,2020,25.95,26.6,27.29,26.49
"14391",147,2020,24.92,25.88,26.03,25.42
"14392",148,2020,24.38,25.17,24.97,25.36
"14393",149,2020,24.5,25.19,25.1,24.9
"14394",150,2020,25.11,25.57,26.04,25.05
"14395",151,2020,25.36,25.71,26.16,25.55
"14396",152,2020,24.52,24.98,24.8,25.12
"14397",153,2020,25.56,25.78,25.78,25.79
"14398",154,2020,25.98,26.52,26.66,26.55
"14399",155,2020,25.35,26.5,26.31,26.69
"14400",156,2020,25.98,26.71,26.84,26.85
"14401",157,2020,26.13,26.45,26.47,26.94
"14402",158,2020,25.24,25.49,26.1,25.44
"14403",159,2020,24.84,25.42,24.75,25.96
"14404",160,2020,25.48,25.87,26.09,25.81
"14405",161,2020,26.23,26.38,26.48,26.39
"14406",162,2020,26.22,26.32,26.01,26.26
"14407",163,2020,24.83,25.78,25.53,25.46
"14408",164,2020,25.29,26.42,26.16,26.3
"14409",165,2020,26.02,26.71,26.1,26.65
"14410",166,2020,25.42,26.43,26.34,26.38
"14411",167,2020,24.85,25.03,25.47,24.85
"14412",168,2020,24.65,25.17,24.55,25.96
"14413",169,2020,24.8,25.58,25.54,25.42
"14414",170,2020,24.32,24.54,24.39,24.84
"14415",171,2020,25.18,25.37,25.36,25.61
"14416",172,2020,24.95,25.41,26.01,25.32
"14417",173,2020,24.31,24.8,25.2,24.86
"14418",174,2020,24.5,25.1,25.48,24.66
"14419",175,2020,24.7,25.22,25.63,25.04
"14420",176,2020,25.29,26.45,26.17,26.22
"14421",177,2020,25.02,25.9,25.83,25.64
"14422",178,2020,25.28,26.1,26.44,25.51
"14423",179,2020,24.47,25.44,25.72,25.48
"14424",180,2020,23.89,23.93,24.65,23.97
"14425",181,2020,25.03,25.36,25.67,25.36
"14426",182,2020,25.55,26.09,26.04,26
"14427",183,2020,25.49,25.97,25.96,26
"14428",184,2020,24.75,25.14,25.33,25.15
"14429",185,2020,25.18,25.46,26.04,25.04
"14430",186,2020,23.84,24.37,25.56,24.21
"14431",187,2020,24.19,25,25.46,24.93
"14432",188,2020,23.78,24.7,24.64,24.71
"14433",189,2020,24.74,25.07,25.15,25.05
"14434",190,2020,25.85,26.3,26.52,25.87
"14435",191,2020,24.96,25.77,26.38,25.67
"14436",192,2020,25.32,25.79,26.09,25.73
"14437",193,2020,24.22,24.39,24.42,24.67
"14438",194,2020,24.67,24.68,24.67,24.96
"14439",195,2020,25.23,25.49,25.39,25.31
"14440",196,2020,25.17,25.53,25.62,25.49
"14441",197,2020,24.16,25.12,24.99,25.34
"14442",198,2020,24.93,25.66,25.58,25.6
"14443",199,2020,25.05,25.64,25.84,25.69
"14444",200,2020,25.08,25.48,25.19,25.64
"14445",201,2020,25.17,25.63,25.73,25.63
"14446",202,2020,24.39,24.57,24.91,24.6
"14447",203,2020,24.73,25.05,24.93,25.04
"14448",204,2020,24.87,25.71,25.42,25.58
"14449",205,2020,24.17,24.16,24.99,23.87
"14450",206,2020,24.53,24.96,24.75,25.01
"14451",207,2020,24.65,25.02,25.06,24.81
"14452",208,2020,24.17,24.71,25.05,24.65
"14453",209,2020,24.23,24.85,24.69,24.67
"14454",210,2020,24.99,25.74,25.62,25.75
"14455",211,2020,25.63,26.18,26.47,25.52
"14456",212,2020,25.47,25.6,25.94,25.18
"14457",213,2020,25.78,26.16,25.57,26.2
"14458",214,2020,25.73,26.33,25.83,26.43
"14459",215,2020,25.69,26.17,26.35,26.18
"14460",216,2020,25.06,25.82,25.29,26.39
"14461",217,2020,24.76,25.29,25.11,25.9
"14462",218,2020,24.35,25.08,24.89,25.32
"14463",219,2020,24.48,25.44,25.32,26.07
"14464",220,2020,24.44,25.47,25.76,25.37
"14465",221,2020,24.33,25.19,24.8,25.46
"14466",222,2020,24.61,25.19,24.88,25.46
"14467",223,2020,25.27,25.27,25.36,25.3
"14468",224,2020,25.03,25.42,25.74,25.56
"14469",225,2020,24.77,25.41,25.59,25.47
"14470",226,2020,25.11,25.51,26.28,24.93
"14471",227,2020,25.52,25.95,26.27,25.59
"14472",228,2020,25.52,26.36,26.34,26.15
"14473",229,2020,26.18,26.93,26.54,26.68
"14474",230,2020,25.09,25.48,25.53,25.44
"14475",231,2020,25.08,25.5,25.84,25.86
"14476",232,2020,26.02,26.45,26.49,26.41
"14477",233,2020,26.35,27.02,26.89,26.91
"14478",234,2020,26.33,26.62,26.97,26.95
"14479",235,2020,24.47,24.66,25.57,24.75
"14480",236,2020,23.6,24.35,24.32,24.29
"14481",237,2020,24.93,25.24,25.3,25.25
"14482",238,2020,25.27,25.74,25.55,25.74
"14483",239,2020,25.2,25.46,25.45,25.71
"14484",240,2020,25.57,26.17,25.77,26.28
"14485",241,2020,25.67,26.88,26.74,26.66
"14486",242,2020,25.03,26.13,25.98,26.06
"14487",243,2020,25.16,25.77,24.62,26
"14488",244,2020,26.17,26.53,26.31,26.49
"14489",245,2020,25.81,26.41,26.33,26.42
"14490",246,2020,24.51,25.25,24.47,25.44
"14491",247,2020,25.39,25.91,25.37,26.3
"14492",248,2020,26.43,26.86,26.7,26.84
"14493",249,2020,26.24,26.93,26.86,27.32
"14494",250,2020,26.36,26.6,26.66,26.97
"14495",251,2020,25.96,26.26,26.2,26.34
"14496",252,2020,26.34,26.69,26.98,26.67
"14497",253,2020,26.27,26.37,26.62,26.21
"14498",254,2020,26.25,26.82,26.72,26.39
"14499",255,2020,26.36,27.15,26.72,27.23
"14500",256,2020,26.45,27.08,26.92,27.22
"14501",257,2020,26.87,27.19,27.39,26.93
"14502",258,2020,26.35,27.25,27.47,27.14
"14503",259,2020,26.21,26.94,27.09,27.19
"14504",260,2020,25.05,25.44,25.02,26.15
"14505",261,2020,25.8,26.21,26.1,26.53
"14506",262,2020,26.62,27.29,27.14,27.2
"14507",263,2020,26.33,27.21,27,26.56
"14508",264,2020,26.22,26.51,26.48,26.39
"14509",265,2020,26.87,26.95,26.93,27
"14510",266,2020,27.3,27.78,27.62,27.64
"14511",267,2020,26.28,26.98,27,26.73
"14512",268,2020,25.58,26.15,25.92,26.35
"14513",269,2020,26.09,26.89,26.4,26.72
"14514",270,2020,26.03,26.83,26.58,26.82
"14515",271,2020,25.81,26.79,26.79,26.8
"14516",272,2020,26.43,27.2,26.78,27.02
"14517",273,2020,26.37,27.12,27.31,26.97
"14518",274,2020,25.52,26.82,27.25,26.49
"14519",275,2020,25.77,26.23,26.1,26.44
"14520",276,2020,26.26,26.72,26.83,26.57
"14521",277,2020,26.47,26.94,27.31,26.79
"14522",278,2020,25.68,26.65,26.53,26.43
"14523",279,2020,25.25,25.69,25.69,25.69
"14524",280,2020,26.05,26.23,26.26,26.03
"14525",281,2020,26.5,26.98,27.1,26.65
"14526",282,2020,24.75,25.73,25.51,25.89
"14527",283,2020,25.32,26.01,25.88,26.04
"14528",284,2020,26.38,26.87,26.52,27.05
"14529",285,2020,26.84,27,27.26,26.72
"14530",286,2020,26.24,26.6,26.93,26.23
"14531",287,2020,25.97,26.58,26.25,26.6
"14532",288,2020,26.67,27.07,27.02,27
"14533",289,2020,26.65,27.57,27.37,27.27
"14534",290,2020,26.21,27.11,27.2,27.2
"14535",291,2020,25.92,26.5,26.45,26.67
"14536",292,2020,26.22,26.7,26.7,26.73
"14537",293,2020,26.91,27.45,27.24,27.16
"14538",294,2020,26.35,27.05,27.27,26.95
"14539",295,2020,25.93,26.26,26.07,26.35
"14540",296,2020,25.77,26.67,26.32,26.31
"14541",297,2020,25.84,26.42,26.05,26.44
"14542",298,2020,26.57,26.89,26.34,27.12
"14543",299,2020,26.99,27.46,27.17,27.24
"14544",300,2020,26.71,27.65,27.26,27.7
"14545",301,2020,26.86,27.63,27.21,27.95
"14546",302,2020,26.99,27.75,27.43,27.73
"14547",303,2020,27.56,27.94,27.73,28.17
"14548",304,2020,27.71,28.28,28.11,28.3
"14549",305,2020,26.22,26.96,27.19,27.22
"14550",306,2020,24.67,24.98,25.2,25.27
"14551",307,2020,25.09,25.62,26.18,25.28
"14552",308,2020,25.48,26.22,26.62,25.73
"14553",309,2020,24.98,25.55,25.95,24.98
"14554",310,2020,25.14,25.74,25.96,25.31
"14555",311,2020,26.45,26.78,26.87,26.62
"14556",312,2020,26.58,26.81,27.31,26.63
"14557",313,2020,25.63,26.27,26.48,25.98
"14558",314,2020,25.8,26.23,26.01,26.16
"14559",315,2020,26.21,26.38,27.12,26.17
"14560",316,2020,26.69,26.42,27.36,25.82
"14561",317,2020,26.49,26.9,27.23,26.31
"14562",318,2020,25.52,25.76,25.84,25.62
"14563",319,2020,26.28,26.55,26.72,26.46
"14564",320,2020,26.62,27.2,26.89,27.12
"14565",321,2020,25.74,26.5,26.68,26.39
"14566",322,2020,24.46,24.71,25.24,24.92
"14567",323,2020,25.58,26,26.42,25.96
"14568",324,2020,26.58,26.87,27.05,26.92
"14569",325,2020,26.43,26.65,26.66,26.67
"14570",326,2020,25.88,26.62,26.62,26.5
"14571",327,2020,25.74,26.3,26.16,26.42
"14572",328,2020,25.85,26.85,26.84,26.62
"14573",329,2020,25.84,27.01,26.78,26.71
"14574",330,2020,25.34,26.29,26.14,26.17
"14575",331,2020,25.51,26.35,26.03,26.09
"14576",332,2020,24.21,24.57,24.38,24.62
"14577",333,2020,24.53,24.86,25.33,24.53
"14578",334,2020,24.6,25.44,25.6,25.22
"14579",335,2020,25.25,25.97,26.16,25.78
"14580",336,2020,24.7,25.49,25.95,25.07
"14581",337,2020,25.31,25.91,26,25.7
"14582",338,2020,26.14,26.43,26.51,26.32
"14583",339,2020,25.42,25.77,26.22,25.85
"14584",340,2020,25.99,26.36,26.36,26.27
"14585",341,2020,25.93,26.41,26.62,26.26
"14586",342,2020,25.46,26.41,26.34,26.05
"14587",343,2020,24.83,25.58,25.93,25.16
"14588",344,2020,25.1,25.9,26.09,25.52
"14589",345,2020,25.96,26.42,26.54,26.14
"14590",346,2020,26,26.27,26.67,26.22
"14591",347,2020,25.79,25.83,26.06,25.78
"14592",348,2020,25.53,25.41,26.11,25.2
"14593",349,2020,25.77,26.32,26.31,26.19
"14594",350,2020,25.96,26.43,26.6,26.38
"14595",351,2020,25.6,26.29,26.55,25.97
"14596",352,2020,25.44,26.41,26.9,26.34
"14597",353,2020,25.12,26.38,26.5,26.22
"14598",354,2020,25.72,26.59,26.57,26.1
"14599",355,2020,26.02,26.46,26.86,26.27
"14600",356,2020,25.91,26.56,26.74,26.46
"14601",357,2020,26.48,27.41,27.39,27.17
"14602",358,2020,26.35,27.38,27.36,27.21
"14603",359,2020,25.85,27.07,27.07,26.74
"14604",360,2020,25.75,27.21,26.88,26.98
"14605",361,2020,26.12,26.99,27.14,26.95
"14606",362,2020,26.61,27.29,27.55,27.32
"14607",363,2020,26.47,27.38,27.69,26.96
"14608",364,2020,25.34,27.23,26.71,26.84
"14609",365,2020,24.56,26.33,25.94,26.18
"14610",366,2020,25.27,27.03,26.68,26.92
"14611",1,2021,25.39,27.12,26.96,26.51
"14612",2,2021,25.62,27.11,26.9,26.85
"14613",3,2021,25.6,27.13,27.06,26.85
"14614",4,2021,25.64,26.62,26.87,26.41
"14615",5,2021,25.59,26.49,26.8,26.11
"14616",6,2021,26.16,27.63,27.63,27.22
"14617",7,2021,25.83,27.58,27.5,26.7
"14618",8,2021,23.82,25.16,25.76,24.84
"14619",9,2021,24.44,25.18,25.17,25.42
"14620",10,2021,24.73,25.17,25.45,24.92
"14621",11,2021,24.76,25.17,25.98,24.98
"14622",12,2021,25.25,25.75,26.39,25.79
"14623",13,2021,25.52,25.47,26.65,25.4
"14624",14,2021,25.83,25.86,26.89,25.81
"14625",15,2021,25.72,25.77,26.89,25.57
"14626",16,2021,25.97,26.28,26.99,26.1
"14627",17,2021,26.15,26.64,28.09,26.36
"14628",18,2021,26.43,26.94,27.84,27.03
"14629",19,2021,26.84,27.25,27.9,27.07
"14630",20,2021,26.24,26.79,27.86,26.87
"14631",21,2021,26.05,27.15,27.82,27.1
"14632",22,2021,25.68,27.36,28.27,27.2
"14633",23,2021,26.07,27.91,28.27,27.72
"14634",24,2021,25.89,27.62,28.19,27.57
"14635",25,2021,26.43,27.89,27.84,27.87
"14636",26,2021,26.82,28.04,28.46,27.9
"14637",27,2021,27.04,28.33,28.7,28.03
"14638",28,2021,27.29,28.55,28.57,28.38
"14639",29,2021,27.33,28.53,28.7,28.34
"14640",30,2021,27.46,28.68,28.86,28.39
"14641",31,2021,27.71,28.87,29.12,28.58
"14642",32,2021,27.49,29.13,29.27,29.01
"14643",33,2021,28.15,29.69,29.58,29.63
"14644",34,2021,27.71,29.68,29.55,29.15
"14645",35,2021,27.46,29.66,29.75,29.37
"14646",36,2021,26.38,29.42,28.71,28.5
"14647",37,2021,27.15,29.3,29.35,28.8
"14648",38,2021,27.71,29.74,29.42,29.49
"14649",39,2021,27.89,29.42,29.75,29.09
"14650",40,2021,28.53,30.08,29.84,29.57
"14651",41,2021,28.91,30.44,29.89,30.46
"14652",42,2021,28.68,29.99,29.64,29.61
"14653",43,2021,27.83,29.21,29.58,29.13
"14654",44,2021,28.63,30.42,30.59,29.8
"14655",45,2021,28.88,30.94,30.87,30.67
"14656",46,2021,29.04,30.92,30.46,30.88
"14657",47,2021,29.39,31.01,30.38,30.84
"14658",48,2021,29.06,30.09,29.88,29.81
"14659",49,2021,28.7,29.29,29.56,28.89
"14660",50,2021,28.68,29.34,29.59,29
"14661",51,2021,29.07,29.7,29.84,29.56
"14662",52,2021,29.03,30.05,30.31,29.96
"14663",53,2021,28.89,30.35,30.53,30.53
"14664",54,2021,28.51,30.3,30.43,29.8
"14665",55,2021,27.17,29.5,29.74,28.06
"14666",56,2021,27.61,30.3,30.45,29.37
"14667",57,2021,28.5,30.54,30.69,29.65
"14668",58,2021,28.99,30.48,30.35,29.59
"14669",59,2021,28.82,29.82,29.85,28.9
"14670",60,2021,28.86,29.75,29.88,28.96
"14671",61,2021,28.65,29.38,29.3,28.86
"14672",62,2021,28.72,29.27,29.59,29.03
"14673",63,2021,28.65,29.68,30.51,28.55
"14674",64,2021,27.64,29.31,29.26,29.06
"14675",65,2021,26.23,27.34,28.12,27.5
"14676",66,2021,25.81,27.2,28.07,26.91
"14677",67,2021,26.46,28.19,28.44,28.3
"14678",68,2021,26.73,28.53,28.78,28.51
"14679",69,2021,26.8,28.38,28.75,28.57
"14680",70,2021,26.93,28.36,29.11,28.59
"14681",71,2021,27.03,28.36,28.88,28.7
"14682",72,2021,25.92,27.53,27.67,27.97
"14683",73,2021,25.85,27.61,27.99,27.43
"14684",74,2021,25.92,27.89,28.43,27.56
"14685",75,2021,24.94,26.5,26.91,26.83
"14686",76,2021,24.68,25.68,26.35,25.7
"14687",77,2021,25.56,27.04,27.83,26.89
"14688",78,2021,26.66,27.68,28.6,27.67
"14689",79,2021,27.24,28.15,29.01,28.27
"14690",80,2021,26.77,27.88,28.8,27.98
"14691",81,2021,25.93,27.35,28.26,27.66
"14692",82,2021,25.5,27.29,27.13,27.86
"14693",83,2021,25.6,26.59,26.85,26.39
"14694",84,2021,25.02,25.88,26.4,25.28
"14695",85,2021,25.28,26.96,27.32,26.08
"14696",86,2021,25.21,26.98,27.29,26.11
"14697",87,2021,25.49,26.5,27.16,25.91
"14698",88,2021,25.97,27.36,27.96,26.74
"14699",89,2021,24.99,26.07,27.14,25.37
"14700",90,2021,24.68,26.34,27.12,25.61
"14701",91,2021,25.05,26.55,27.48,25.85
"14702",92,2021,25.87,27.35,28.27,26.7
"14703",93,2021,26.21,27.52,28.77,26.81
"14704",94,2021,25.75,27.5,28,26.92
"14705",95,2021,25.13,26.17,26.58,25.58
"14706",96,2021,25.17,26.25,26.1,25.84
"14707",97,2021,25.4,25.93,26.63,26.04
"14708",98,2021,25.84,26.72,26.53,26.68
"14709",99,2021,25.52,25.75,26.55,25.92
"14710",100,2021,25.26,25.49,25.71,25.43
"14711",101,2021,25.58,25.93,26.29,25.67
"14712",102,2021,25.29,25.84,26.13,25.96
"14713",103,2021,25.63,26.36,26.47,26.28
"14714",104,2021,24.57,25.19,24.84,25.35
"14715",105,2021,25.4,26.07,26.08,26.05
"14716",106,2021,25.9,26.73,27.12,26.34
"14717",107,2021,25.62,26.08,26.54,25.5
"14718",108,2021,26.1,26.83,27.03,26.42
"14719",109,2021,26.22,26.49,27.03,26.38
"14720",110,2021,26.18,26.27,26.93,26.05
"14721",111,2021,26.36,26.27,27.03,25.94
"14722",112,2021,26.9,26.94,27.81,26.59
"14723",113,2021,26.71,27.22,28.32,26.89
"14724",114,2021,26.43,27.69,28.08,27.55
"14725",115,2021,26.33,27.97,28.04,28.15
"14726",116,2021,26.28,27.57,28.14,27.23
"14727",117,2021,24.5,25.79,26.3,25.06
"14728",118,2021,24.57,25.35,25.3,25.16
"14729",119,2021,24.67,25.47,25.45,25.34
"14730",120,2021,23.88,23.85,24.2,23.42
"14731",121,2021,24.89,25.07,25.79,24.79
"14732",122,2021,24.72,25.3,24.92,25.48
"14733",123,2021,24.25,24.56,24.54,24.1
"14734",124,2021,24.87,24.93,25.42,24.56
"14735",125,2021,25.34,25.89,26.15,25.44
"14736",126,2021,25.08,25.7,25.68,25.2
"14737",127,2021,24.86,24.92,25.39,24.64
"14738",128,2021,24.33,25.12,26.24,24.3
"14739",129,2021,24.28,24.83,24.6,24.76
"14740",130,2021,24.32,25.14,25.46,24.27
"14741",131,2021,23.38,24.13,24.8,23.95
"14742",132,2021,24.27,23.98,24.07,23.87
"14743",133,2021,24.52,25.05,25.78,24.02
"14744",134,2021,24.97,25.87,26.49,25.27
"14745",135,2021,25.15,26.35,26.47,26.22
"14746",136,2021,24.62,25.17,25.82,24.8
"14747",137,2021,24.29,24.89,25.67,24.11
"14748",138,2021,25.35,25.72,25.34,25.55
"14749",139,2021,25.1,25.43,25.28,25.61
"14750",140,2021,25.71,25.86,26.15,25.8
"14751",141,2021,25.9,26.4,26.72,26.13
"14752",142,2021,26.11,26.68,27.2,26.33
"14753",143,2021,25.69,27.09,27.16,26.65
"14754",144,2021,25.49,25.98,26.07,25.53
"14755",145,2021,24.01,25.14,25.68,24.47
"14756",146,2021,24.54,25.53,25.63,25.42
"14757",147,2021,24.24,25.28,25.15,25.26
"14758",148,2021,25.21,25.58,24.96,25.62
"14759",149,2021,25.45,25.74,25.81,25.34
"14760",150,2021,24.95,25.15,25.46,24.66
"14761",151,2021,25.64,25.94,26.01,25.78
"14762",152,2021,24.02,24.47,24.77,24.52
"14763",153,2021,25.33,25.57,25.48,25.21
"14764",154,2021,25.99,26.26,26.53,25.9
"14765",155,2021,25.04,25.21,25.55,24.75
"14766",156,2021,25.38,25.99,25.84,25.65
"14767",157,2021,25.24,25.49,25.92,25.03
"14768",158,2021,25.17,25.77,26.31,25.57
"14769",159,2021,24.59,25.12,25.35,25.27
"14770",160,2021,24.34,25.2,25.26,24.9
"14771",161,2021,24.69,25.33,24.68,25.4
"14772",162,2021,25.61,25.82,25.81,25.47
"14773",163,2021,24.16,25.23,26.01,24.71
"14774",164,2021,25.03,25.68,25.48,25.66
"14775",165,2021,25.11,26.13,26.3,25.8
"14776",166,2021,24.35,25.03,25.3,24.84
"14777",167,2021,24.2,24.93,25.19,24.46
"14778",168,2021,24.82,25.25,25.5,25.13
"14779",169,2021,25.27,25.8,26.14,25.22
"14780",170,2021,25.26,26.16,26.05,25.7
"14781",171,2021,23.96,24.63,25.27,24.16
"14782",172,2021,24.24,24.67,24.87,24.57
"14783",173,2021,25.01,24.99,24.86,25.13
"14784",174,2021,24.53,25.35,25.35,25.33
"14785",175,2021,25.38,25.6,25.53,25.74
"14786",176,2021,25.82,25.84,25.84,25.82
"14787",177,2021,25.11,25.72,25.82,25.36
"14788",178,2021,25.49,25.74,25.78,25.57
"14789",179,2021,25.13,25.74,25.95,25.64
"14790",180,2021,25.35,25.44,25.61,25.37
"14791",181,2021,23.6,23.75,24.02,23.5
"14792",182,2021,23.14,23.61,23.69,23.08
"14793",183,2021,23.03,23.88,23.4,23.83
"14794",184,2021,23.79,23.67,23.45,24.05
"14795",185,2021,23.15,23.5,22.82,24.46
"14796",186,2021,23.45,24.21,24.13,24.53
"14797",187,2021,23.34,23.93,24.37,23.66
"14798",188,2021,24.25,24.52,24.5,24.88
"14799",189,2021,24.41,24.83,24.96,24.88
"14800",190,2021,23.94,23.77,24.29,23.71
"14801",191,2021,23.92,24.3,24.81,24.24
"14802",192,2021,24.45,24.96,25.1,24.74
"14803",193,2021,25.2,25.75,25.99,25.58
"14804",194,2021,24.1,24.54,24.69,24.21
"14805",195,2021,23.63,24.91,24.85,24.84
"14806",196,2021,24.98,25.57,25.38,25.43
"14807",197,2021,24.49,25.38,25.41,25.01
"14808",198,2021,25.33,25.61,25.87,25.21
"14809",199,2021,24.64,25.57,25.97,25.07
"14810",200,2021,23.94,24.12,24.49,24.45
"14811",201,2021,24.75,24.9,25.17,24.95
"14812",202,2021,24.56,25.01,24.81,24.95
"14813",203,2021,24.32,24.09,24.86,23.99
"14814",204,2021,24.08,24.01,24.78,24
"14815",205,2021,24.05,24.48,25.13,24.44
"14816",206,2021,24.38,24.92,25.15,24.73
"14817",207,2021,24.35,24.95,25.25,24.9
"14818",208,2021,24.39,25.33,25.17,25.23
"14819",209,2021,24.22,24.88,24.45,25.35
"14820",210,2021,25.4,25.71,25.57,25.45
"14821",211,2021,24.87,25.51,25.55,25.38
"14822",212,2021,24.46,25.16,24.94,24.84
"14823",213,2021,24.11,24.68,24.14,24.72
"14824",214,2021,23.69,23.92,23.49,24.05
"14825",215,2021,23.17,23.84,23.29,24.06
"14826",216,2021,22.8,23.16,22.99,24.01
"14827",217,2021,22.88,23.45,24.13,23.44
"14828",218,2021,23.8,24.23,25.13,24.5
"14829",219,2021,24.24,24.7,25.07,25.56
"14830",220,2021,24.84,25.52,25.56,25.83
"14831",221,2021,25.37,25.97,26.05,25.68
"14832",222,2021,25.86,26.21,26.6,26.09
"14833",223,2021,25.16,26,25.52,26.37
"14834",224,2021,24.85,25.6,25.28,26.13
"14835",225,2021,24.78,25.49,25.78,25.63
"14836",226,2021,24.29,24.97,24.41,25.28
"14837",227,2021,24.96,25.95,25.04,26.01
"14838",228,2021,25.91,26.44,26.51,26.19
"14839",229,2021,25.3,26.36,26.45,26.08
"14840",230,2021,25.09,25.5,25.79,25.3
"14841",231,2021,24.75,25.12,24.81,25.26
"14842",232,2021,25.09,25.74,25.79,26
"14843",233,2021,26.13,26.77,26.84,26.41
"14844",234,2021,25.43,26.18,26.01,26.24
"14845",235,2021,25.85,26.76,26.44,26.59
"14846",236,2021,26.1,26.15,25.75,26.33
"14847",237,2021,26.67,26.74,26.86,26.77
"14848",238,2021,26.8,27.21,26.97,27.19
"14849",239,2021,25.85,27.21,26.74,27.05
"14850",240,2021,25.78,26.11,25.86,26.23
"14851",241,2021,24.8,25.73,25.7,25.69
"14852",242,2021,24.83,25.26,25.33,25.39
"14853",243,2021,25.05,25.41,24.47,25.92
"14854",244,2021,25.47,26.38,25.83,26.35
"14855",245,2021,25.94,26.69,26.64,26.77
"14856",246,2021,26.11,27.21,26.83,26.84
"14857",247,2021,25.62,26.43,26.16,26.2
"14858",248,2021,26.24,26.88,26.99,26.5
"14859",249,2021,25.94,26.79,27.31,26.05
"14860",250,2021,24.46,25.71,25.73,25.32
"14861",251,2021,24.87,25.96,25.86,26.05
"14862",252,2021,26.08,26.72,26.69,26.71
"14863",253,2021,25.58,25.96,26.38,25.81
"14864",254,2021,24.74,25.11,25.57,24.71
"14865",255,2021,25.56,25.87,26.14,25.62
"14866",256,2021,26.2,26.67,26.67,26.65
"14867",257,2021,26.2,26.79,26.83,26.83
"14868",258,2021,26.74,26.76,27.36,26.72
"14869",259,2021,26.05,26.7,27.03,26.34
"14870",260,2021,26.05,26.57,26.87,26.19
"14871",261,2021,25.3,25.93,25.85,26.31
"14872",262,2021,25.39,26.12,25.63,26.23
"14873",263,2021,26.18,26.73,26.69,26.76
"14874",264,2021,25.61,26.06,26.57,25.38
"14875",265,2021,25.04,25.71,25.72,25.6
"14876",266,2021,25.18,25.8,25.87,25.82
"14877",267,2021,25.25,25.57,25.76,25.71
"14878",268,2021,25.61,26.15,26.42,25.89
"14879",269,2021,25.93,26.68,26.34,26.25
"14880",270,2021,26.52,27.07,26.82,26.74
"14881",271,2021,26.17,26.91,26.79,27.01
"14882",272,2021,26.08,26.61,26.83,26.87
"14883",273,2021,25.4,26.35,26.66,25.89
"14884",274,2021,25.58,26.22,25.76,26.31
"14885",275,2021,26.62,27.22,27.1,27.31
"14886",276,2021,26.95,27.41,27.3,27.42
"14887",277,2021,26.28,27.11,27.27,26.87
"14888",278,2021,25.17,25.82,26.04,25.71
"14889",279,2021,25.38,26.1,26.81,25.75
"14890",280,2021,25.31,26.38,26.91,25.64
"14891",281,2021,25.65,25.78,25.79,25.71
"14892",282,2021,26.64,26.85,26.9,26.68
"14893",283,2021,26.93,27.46,27.49,27.35
"14894",284,2021,26.19,26.64,26.91,26.1
"14895",285,2021,25.91,26.97,26.92,26.77
"14896",286,2021,26.53,27.14,27.24,26.78
"14897",287,2021,27.6,27.87,27.63,27.68
"14898",288,2021,27.9,28.21,28.22,27.8
"14899",289,2021,26.68,27.35,27.85,26.8
"14900",290,2021,26,26.45,26.65,26.12
"14901",291,2021,26.66,27.03,26.87,26.89
"14902",292,2021,26.81,27.7,27.43,27.33
"14903",293,2021,25.69,26.93,26.95,26.59
"14904",294,2021,25.54,26.71,26.59,26.51
"14905",295,2021,25.99,26.56,26.49,26.75
"14906",296,2021,26.45,27.06,27.03,26.84
"14907",297,2021,26.33,26.88,26.78,26.7
"14908",298,2021,26.6,27.32,27.08,27.34
"14909",299,2021,25.47,25.91,26.25,25.68
"14910",300,2021,24.32,24.62,24.87,24.84
"14911",301,2021,24.81,25.22,24.93,24.57
"14912",302,2021,25.32,25.56,25.62,25.51
"14913",303,2021,25.47,25.66,25.65,25.73
"14914",304,2021,25.79,25.98,25.75,25.95
"14915",305,2021,25.7,25.95,26,25.69
"14916",306,2021,25.98,26.38,26.54,26.17
"14917",307,2021,25.93,26.88,26.57,26.71
"14918",308,2021,26.13,26.78,26.91,26.6
"14919",309,2021,26.24,26.88,26.89,26.85
"14920",310,2021,26.5,27.19,27.04,26.82
"14921",311,2021,26.34,27.05,26.68,26.84
"14922",312,2021,25.65,26.58,25.87,26.41
"14923",313,2021,25.91,26.95,26.8,26.32
"14924",314,2021,26.23,26.43,26.4,26.45
"14925",315,2021,26.03,26.13,26.35,25.97
"14926",316,2021,26.16,26.32,26.66,26.06
"14927",317,2021,26.66,27.03,27.2,26.58
"14928",318,2021,26.82,27.29,27.38,27.15
"14929",319,2021,26.92,27.29,27.35,27.13
"14930",320,2021,26.89,27.33,27.44,27.11
"14931",321,2021,26.7,26.84,27.27,26.8
"14932",322,2021,26.59,26.92,27.06,26.77
"14933",323,2021,26.78,27.12,27.38,26.84
"14934",324,2021,25.5,27.03,26.65,26.9
"14935",325,2021,24.56,25.27,25.3,24.89
"14936",326,2021,25.66,26.12,26.14,25.97
"14937",327,2021,25.33,26.19,26.72,25.85
"14938",328,2021,24.89,25.47,25.51,25.45
"14939",329,2021,25.36,25.51,26.23,25.25
"14940",330,2021,25.83,26.38,26.45,26.14
"14941",331,2021,26.32,26.67,27.08,26.74
"14942",332,2021,26.59,27.02,27.39,26.84
"14943",333,2021,26.53,27.17,27.65,26.66
"14944",334,2021,26.58,26.86,27.24,26.66
"14945",335,2021,26.7,26.87,27.37,26.88
"14946",336,2021,25.57,26.68,27.03,26.38
"14947",337,2021,25.73,26.48,27.01,26.46
"14948",338,2021,26.04,26.92,27.33,26.74
"14949",339,2021,26.01,26.88,27.4,26.61
"14950",340,2021,26.46,27.07,27.79,26.84
"14951",341,2021,25.8,26.57,26.93,26.53
"14952",342,2021,26.1,27.07,27.45,26.9
"14953",343,2021,26.86,27.44,27.99,27.23
"14954",344,2021,27,27.61,28.23,27.29
"14955",345,2021,26.75,27.27,27.97,27.01
"14956",346,2021,27.12,27.72,28.07,27.47
"14957",347,2021,27.39,28.2,28,27.93
"14958",348,2021,26.72,27.84,27.66,27.93
"14959",349,2021,26.75,27.79,28,27.51
"14960",350,2021,26.55,27.85,28.34,27.39
"14961",351,2021,26.56,27.83,28.22,27.11
"14962",352,2021,26.54,27.78,28.19,27.3
"14963",353,2021,26.9,27.88,28.11,27.64
"14964",354,2021,27,28.07,28.22,27.97
"14965",355,2021,27.24,28.39,28.54,28.16
"14966",356,2021,27.83,29.09,29.13,28.88
"14967",357,2021,27.88,28.82,28.97,28.66
"14968",358,2021,27.26,28.75,28.52,28.71
"14969",359,2021,27.57,28.81,28.61,28.74
"14970",360,2021,27.58,28.72,28.92,28.64
"14971",361,2021,27.43,28.37,28.15,28.56
"14972",362,2021,27.26,27.97,28.28,28.17
"14973",363,2021,27.41,28.09,28.49,27.91
"14974",364,2021,26.97,28.09,28.19,28.08
"14975",365,2021,27.19,28.01,28.28,27.71
"14976",1,2022,27.49,28.03,28.3,28.14
"14977",2,2022,27.34,27.83,28.14,27.66
"14978",3,2022,27.18,27.73,27.43,27.54
"14979",4,2022,27.01,27.3,27.39,26.98
"14980",5,2022,26.62,26.98,27.2,26.82
"14981",6,2022,27.23,27.33,27.72,27.13
"14982",7,2022,27.67,27.73,28.6,27.5
"14983",8,2022,27.98,28.13,28.65,27.67
"14984",9,2022,27.5,27.59,28.02,27.52
"14985",10,2022,27.24,27.39,27.9,27.06
"14986",11,2022,27.24,27.19,27.86,27.25
"14987",12,2022,27.45,27.28,27.96,27.18
"14988",13,2022,28.01,27.92,28.37,27.7
"14989",14,2022,28.28,28.6,28.89,28.49
"14990",15,2022,28.23,28.65,29.07,28.45
"14991",16,2022,26.84,28.07,28.21,27.85
"14992",17,2022,25.91,27.13,27.33,26.46
"14993",18,2022,26.62,27.62,28.24,26.96
"14994",19,2022,27.28,27.9,28.52,27.69
"14995",20,2022,27.47,28.05,28.75,27.44
"14996",21,2022,27.67,28.36,29.08,27.56
"14997",22,2022,27.51,28.73,28.88,27.94
"14998",23,2022,27.27,28.55,28.84,27.91
"14999",24,2022,27.02,28.37,28.43,27.86
"15000",25,2022,28.22,29.02,29.6,28.34
"15001",26,2022,28.33,29.25,29.79,28.71
"15002",27,2022,28.08,28.56,28.88,28.42
"15003",28,2022,27.42,27.57,28.07,27.42
"15004",29,2022,27.87,28.08,28.49,27.64
"15005",30,2022,27.91,27.86,28.25,27.8
"15006",31,2022,28.03,27.89,28.56,27.74
"15007",32,2022,28.4,28.28,29.06,27.91
"15008",33,2022,28.58,28.7,29.78,28.22
"15009",34,2022,27.22,28.52,28.78,28.36
"15010",35,2022,27.93,29.08,29.31,28.67
"15011",36,2022,28.18,28.99,29.66,28.69
"15012",37,2022,27.88,28.8,29.51,28.43
"15013",38,2022,27.74,29.59,29.55,29.13
"15014",39,2022,25.62,26.77,27.12,26.66
"15015",40,2022,25.36,27.05,27.65,26.71
"15016",41,2022,26.47,28.21,28.74,27.78
"15017",42,2022,27.32,28.24,29.12,28.06
"15018",43,2022,27.5,28.52,29.41,28.33
"15019",44,2022,28.01,28.77,29.87,28.42
"15020",45,2022,27.74,28.37,29.15,28.1
"15021",46,2022,27.33,28.66,28.83,28.77
"15022",47,2022,27.89,28.59,29.39,28.46
"15023",48,2022,28.14,29.07,29.8,28.55
"15024",49,2022,27.71,28.81,29.81,28.38
"15025",50,2022,28.32,29.1,30.14,28.89
"15026",51,2022,28.74,28.9,29.93,28.66
"15027",52,2022,28.57,28.72,29.83,28.53
"15028",53,2022,28.96,29.13,30.51,28.82
"15029",54,2022,28.58,30.03,30.33,29.51
"15030",55,2022,27.12,29.07,29.23,28.69
"15031",56,2022,27.67,29.26,29.3,28.59
"15032",57,2022,25.6,28.19,26.78,27.94
"15033",58,2022,25,26.19,26.81,25.27
"15034",59,2022,24.68,24.43,26.45,23.28
"15035",60,2022,25.92,26.78,28.23,25.89
"15036",61,2022,26.33,28.09,29.22,27.09
"15037",62,2022,26.08,28.29,28.91,27.63
"15038",63,2022,25.5,27.33,27.96,26.84
"15039",64,2022,25.41,27.41,27.94,26.9
"15040",65,2022,26.35,27.85,28.53,27.19
"15041",66,2022,27.09,28.33,29.54,27.31
"15042",67,2022,27.4,28.93,29.72,28.21
"15043",68,2022,27.19,28.69,29.45,27.61
"15044",69,2022,26.75,28.59,28.89,28.02
"15045",70,2022,26.81,28.32,28.82,27.89
"15046",71,2022,26.72,28.64,28.76,27.87
"15047",72,2022,25.5,27.85,28.39,26.97
"15048",73,2022,25.72,28.01,28.13,27.41
"15049",74,2022,26.25,28.27,28.62,27.38
"15050",75,2022,25.64,27.58,27.78,27.22
"15051",76,2022,25.19,27.22,27.17,26.91
"15052",77,2022,25.9,28.5,28.61,27.9
"15053",78,2022,25.6,28.55,29.09,27.86
"15054",79,2022,24.92,28.05,28.77,27.44
"15055",80,2022,25.73,28.19,28.94,27.9
"15056",81,2022,25.75,28.47,29.44,27.93
"15057",82,2022,26.49,28.94,29.41,28.22
"15058",83,2022,27.24,29.32,29.93,28.87
"15059",84,2022,27.21,29.78,30.08,29.57
"15060",85,2022,26.26,29.41,29.37,28.56
"15061",86,2022,25.84,28.41,29.35,28.3
"15062",87,2022,25.39,27.74,28.11,27.03
"15063",88,2022,24.99,27.1,27.64,26.47
"15064",89,2022,26.34,28.12,28.8,27.6
"15065",90,2022,27.18,29.01,29.53,28.59
"15066",91,2022,27.48,29.3,30.29,28.56
"15067",92,2022,27.19,29.43,30.32,28.57
"15068",93,2022,26.08,27.81,28.39,27.33
"15069",94,2022,25.46,26.2,26.57,25.87
"15070",95,2022,25.45,26.26,26.61,26.03
"15071",96,2022,25.23,26.36,26.56,26.09
"15072",97,2022,25.9,27.06,27.57,26.69
"15073",98,2022,26.27,27.37,28.16,26.83
"15074",99,2022,26.64,27.51,28.47,27.19
"15075",100,2022,26.06,27.1,27.76,27.15
"15076",101,2022,26.33,27.5,28.73,27
"15077",102,2022,26.63,27.88,28.78,27.49
"15078",103,2022,27.54,28.25,29.42,28.1
"15079",104,2022,27.63,28.29,29.6,27.81
"15080",105,2022,26.42,27.33,28.48,27.2
"15081",106,2022,25.04,25.87,26.16,24.95
"15082",107,2022,25.23,25.37,25.93,25.16
"15083",108,2022,25.15,25.55,26.44,25.28
"15084",109,2022,25.64,26.63,27,26.13
"15085",110,2022,25.49,26.37,26.27,26.73
"15086",111,2022,25.22,25.59,25.82,25.45
"15087",112,2022,25.35,26.11,26.37,25.86
"15088",113,2022,26.63,27.22,27.97,26.78
"15089",114,2022,26.21,27.75,28.05,27.04
"15090",115,2022,25.75,26.86,26.69,26.73
"15091",116,2022,26.12,27.19,26.66,27.21
"15092",117,2022,25.01,25.15,25.71,25.44
"15093",118,2022,26.18,26.22,26.47,25.88
"15094",119,2022,25.74,26.4,26.49,25.8
"15095",120,2022,24.21,24.71,25.28,24.68
"15096",121,2022,25.49,26.06,25.98,26.06
"15097",122,2022,26.54,27.19,27.26,26.74
"15098",123,2022,27.22,27.35,27.94,27.16
"15099",124,2022,26.5,27.14,27.68,26.8
"15100",125,2022,25.26,25.9,26.11,25.87
"15101",126,2022,25.06,25.38,24.81,25.47
"15102",127,2022,23.93,24.2,24.58,24.04
"15103",128,2022,24.89,25.55,25.44,25.22
"15104",129,2022,25.81,26.08,26.09,26.11
"15105",130,2022,25.46,26.08,26.04,26.1
"15106",131,2022,25.49,25.75,26.27,25.28
"15107",132,2022,25.72,25.95,26.65,26.11
"15108",133,2022,25.93,26.53,27.12,26.27
"15109",134,2022,25.54,26.08,26.09,25.9
"15110",135,2022,26.34,26.85,27.18,26.72
"15111",136,2022,25.19,26.21,26.26,25.7
"15112",137,2022,25.46,25.74,25.73,25.7
"15113",138,2022,23.77,24.37,24.92,24.24
"15114",139,2022,22.93,23.88,24.06,23.51
"15115",140,2022,23.8,24.61,24.86,23.97
"15116",141,2022,24.69,25.63,25.81,25.18
"15117",142,2022,24.22,25.54,24.96,25.42
"15118",143,2022,25.03,25.71,25.46,25.44
"15119",144,2022,25.07,25.4,25.21,25.22
"15120",145,2022,25.43,25.59,25.89,25.16
"15121",146,2022,24.71,25.63,25.55,25.37
"15122",147,2022,24.27,24.45,24.83,24.49
"15123",148,2022,24.92,25.35,25.86,25.09
"15124",149,2022,24.89,25.85,26.12,25.9
"15125",150,2022,24.8,25.77,26.18,25.47
"15126",151,2022,25.1,25.63,25.63,25.49
"15127",152,2022,25.02,26.17,26,26.2
"15128",153,2022,25.56,26.04,26.19,25.74
"15129",154,2022,24.78,25.41,25.41,25.18
"15130",155,2022,24.74,25.11,25.07,24.9
"15131",156,2022,24.65,25.07,24.55,24.88
"15132",157,2022,25.38,25.7,25.65,25.58
"15133",158,2022,26.01,26.53,26.35,26.4
"15134",159,2022,23.93,24.59,24.71,24.46
"15135",160,2022,25.18,25.06,25.71,24.74
"15136",161,2022,25.47,26.13,26.42,25.72
"15137",162,2022,24.34,25.28,25.62,24.74
"15138",163,2022,23.07,23.58,23.54,23.16
"15139",164,2022,22.26,23.13,23.35,22.58
"15140",165,2022,22.47,23.26,22.63,23.43
"15141",166,2022,23.64,24.12,24.05,24.23
"15142",167,2022,24.18,24.95,24.76,24.65
"15143",168,2022,24.97,25.41,25.15,25.22
"15144",169,2022,24.89,25.14,24.65,24.73
"15145",170,2022,24.38,25.22,24.76,24.89
"15146",171,2022,23.4,23.68,24.12,23.46
"15147",172,2022,23.91,24.51,24.51,24.22
"15148",173,2022,25.44,25.72,25.79,25.75
"15149",174,2022,25.2,25.81,26.24,25.37
"15150",175,2022,23.98,24.71,25.01,24.1
"15151",176,2022,23.31,24.11,24.25,23.26
"15152",177,2022,23.05,24.28,24.15,23.13
"15153",178,2022,24.02,24.91,24.34,24.96
"15154",179,2022,24.48,25.29,24.47,25.49
"15155",180,2022,25.21,25.78,25.38,25.74
"15156",181,2022,25.3,25.36,25.91,25.14
"15157",182,2022,24.09,24.49,24.53,24.46
"15158",183,2022,24.45,25.2,25.11,24.46
"15159",184,2022,24.71,25.19,25.33,24.75
"15160",185,2022,24.89,25,25.26,25.13
"15161",186,2022,24.83,25.26,25.71,25.1
"15162",187,2022,25.52,26.03,25.42,26.02
"15163",188,2022,25.57,25.67,25.52,25.71
"15164",189,2022,24.29,24.39,24.73,24.13
"15165",190,2022,24.72,25.1,25.4,24.62
"15166",191,2022,24.82,25.27,25.19,25.3
"15167",192,2022,24.42,24.37,24.97,24.14
"15168",193,2022,24.91,25.4,25.75,24.88
"15169",194,2022,25.23,25.73,26.06,25.43
"15170",195,2022,24.87,26.05,25.74,26.01
"15171",196,2022,25.67,26.2,26.19,26.35
"15172",197,2022,26.17,26.23,26.11,26.25
"15173",198,2022,25.82,26.36,26.58,26.06
"15174",199,2022,24.81,25.22,25.65,25.58
"15175",200,2022,24.73,25.03,24.59,25.1
"15176",201,2022,24.97,25.68,25.8,25.47
"15177",202,2022,24.02,24.7,25.27,24.38
"15178",203,2022,24.81,25.34,25.65,25.26
"15179",204,2022,23.78,25.42,25.49,24.97
"15180",205,2022,23.66,25.14,25.07,24.75
"15181",206,2022,24.27,25,24.71,25.01
"15182",207,2022,24.96,25.37,25.56,24.85
"15183",208,2022,24.73,25.57,25.47,24.62
"15184",209,2022,23.46,24.04,24.52,23.99
"15185",210,2022,24.29,24.99,25.23,24.67
"15186",211,2022,25.3,25.91,26.27,25.51
"15187",212,2022,25.05,25.42,25.57,25.32
"15188",213,2022,25.05,24.99,25.84,24.76
"15189",214,2022,24.23,24.61,25.14,24.05
"15190",215,2022,24.8,24.78,24.91,24.95
"15191",216,2022,25.37,25.38,25.42,25.02
"15192",217,2022,25.66,25.99,26.11,26.09
"15193",218,2022,25.04,24.73,25.32,24.49
"15194",219,2022,25.82,25.68,26.08,25.65
"15195",220,2022,26.53,27.05,26.99,26.86
"15196",221,2022,24.71,25.51,25.92,25.31
"15197",222,2022,24.98,25.25,25.12,25
"15198",223,2022,25.53,25.63,25.76,25.79
"15199",224,2022,25.13,25.75,25.75,25.95
"15200",225,2022,25.09,25.83,25.44,25.76
"15201",226,2022,24.75,24.99,24.83,24.78
"15202",227,2022,25.5,25.59,25.76,25.58
"15203",228,2022,26.06,26.56,26.58,26.45
"15204",229,2022,26.5,26.94,26.88,27.03
"15205",230,2022,26.87,26.87,27.15,26.84
"15206",231,2022,26.01,26.66,26.61,26.56
"15207",232,2022,24.69,25.51,25.38,25.47
"15208",233,2022,23.15,24.15,23.42,24.33
"15209",234,2022,23.67,24.22,24.09,24.23
"15210",235,2022,24.9,25.29,24.26,25.47
"15211",236,2022,25.34,25.94,24.54,25.94
"15212",237,2022,25.56,26.16,25.66,26.64
"15213",238,2022,25.95,26.5,26.4,26.88
"15214",239,2022,25.79,26.49,25.88,26.99
"15215",240,2022,26.16,26.52,26.8,26.76
"15216",241,2022,24.41,24.65,25.82,24.19
"15217",242,2022,24.45,25.04,25.25,24.99
"15218",243,2022,24.6,25.48,25.25,25.53
"15219",244,2022,24.74,25.87,25.68,25.82
"15220",245,2022,25.15,25.94,26.1,25.57
"15221",246,2022,25.16,26,26.44,25.29
"15222",247,2022,24.72,25.46,25.38,25.56
"15223",248,2022,24.83,25.78,25.62,25.89
"15224",249,2022,25.3,26.12,26.05,26.14
"15225",250,2022,25.85,26.4,26.54,26.39
"15226",251,2022,26.67,27.09,26.85,27.19
"15227",252,2022,26.52,27.22,27.21,26.39
"15228",253,2022,25.31,26.29,26.91,25.54
"15229",254,2022,25.76,26.53,26.2,26.24
"15230",255,2022,26.23,26.9,26.27,26.92
"15231",256,2022,25.9,26.37,26.56,26.01
"15232",257,2022,26.28,26.78,26.92,26.52
"15233",258,2022,26.76,27.43,27.52,27.15
"15234",259,2022,24.79,25.67,26.23,25.38
"15235",260,2022,25.06,25.87,26,25.6
"15236",261,2022,26.11,26.7,26.68,26.74
"15237",262,2022,26.99,27.27,27.39,26.82
"15238",263,2022,26.74,27.24,27.25,27.13
"15239",264,2022,26.3,26.77,26.44,26.81
"15240",265,2022,26.47,26.71,26.84,26.46
"15241",266,2022,26.92,27.42,27.42,27.28
"15242",267,2022,26.43,27.15,27.5,26.85
"15243",268,2022,25.95,26.53,25.71,26.49
"15244",269,2022,26.83,27.08,26.93,27.19
"15245",270,2022,26.48,27.41,27.28,27.17
"15246",271,2022,25.97,26.61,26.45,26.29
"15247",272,2022,26.84,26.97,26.93,26.97
"15248",273,2022,26.39,26.63,27.2,26.58
"15249",274,2022,24.64,25.61,26.23,25.4
"15250",275,2022,24.15,25.23,25.29,24.87
"15251",276,2022,25.45,26.08,25.95,25.87
"15252",277,2022,26.58,27.17,26.78,27.13
"15253",278,2022,26.85,27.38,27.4,27.37
"15254",279,2022,26.81,26.42,26.48,26.96
"15255",280,2022,27.02,26.95,27.02,26.5
"15256",281,2022,26,27.11,27.32,26.6
"15257",282,2022,25.29,25.86,25.66,25.59
"15258",283,2022,26.22,26.92,26.62,26.71
"15259",284,2022,25.52,26.42,26.42,26.2
"15260",285,2022,25.96,26.54,26.78,26.33
"15261",286,2022,26.67,26.92,27.04,26.99
"15262",287,2022,26.87,27.05,27.24,26.93
"15263",288,2022,25.61,26.43,26.64,26.08
"15264",289,2022,25.09,25.85,24.94,25.8
"15265",290,2022,25.85,26.09,26.03,26.12
"15266",291,2022,26.32,26.88,27.25,26.48
"15267",292,2022,26.03,26.96,27.2,26.64
"15268",293,2022,25.92,26.21,26.7,26.01
"15269",294,2022,26.65,27.07,27.27,26.95
"15270",295,2022,26.72,27.61,27.79,27.4
"15271",296,2022,25.81,27.05,26.79,26.92
"15272",297,2022,25.22,25.75,25.81,25.92
"15273",298,2022,26,26.16,26.49,26.02
"15274",299,2022,27.43,27.83,27.83,27.42
"15275",300,2022,26.81,27,27.18,26.5
"15276",301,2022,26.62,27,27.39,26.36
"15277",302,2022,25.44,26.18,26.44,25.57
"15278",303,2022,25.57,25.68,25.72,25.89
"15279",304,2022,26.06,25.94,26.36,26.05
"15280",305,2022,26.25,26.33,26.6,26.52
"15281",306,2022,24.2,24.96,25.9,24.79
"15282",307,2022,22.86,23.7,23.75,22.89
"15283",308,2022,22.96,23.26,23.92,22.68
"15284",309,2022,24.58,24.89,24.93,24.57
"15285",310,2022,26.1,26.09,26.48,25.68
"15286",311,2022,26.54,26.76,26.88,26.5
"15287",312,2022,26.04,26.43,27.07,26.21
"15288",313,2022,25.35,25.7,25.52,25.99
"15289",314,2022,25.5,25.67,25.96,25.52
"15290",315,2022,26.18,26.43,26.56,26.04
"15291",316,2022,26.13,26.37,26.42,26.25
"15292",317,2022,26.14,26.46,26.91,26.15
"15293",318,2022,26.82,27.01,27.35,26.42
"15294",319,2022,26.87,27.26,27.6,26.74
"15295",320,2022,25.16,26.03,26.03,25.96
"15296",321,2022,24.75,25.12,25.67,25.26
"15297",322,2022,24.06,24.6,25.08,24.16
"15298",323,2022,24.98,25.23,25.48,24.94
"15299",324,2022,25.92,26.28,26.43,25.9
"15300",325,2022,26.16,26.51,26.59,26.43
"15301",326,2022,26.06,26.14,26.24,26.25
"15302",327,2022,25.95,26.08,26.18,25.98
"15303",328,2022,24.83,25.68,25.77,25.46
"15304",329,2022,25.61,26.22,26.34,25.68
"15305",330,2022,25.78,26.6,26.48,26.27
"15306",331,2022,24.9,25.86,25.85,25.6
"15307",332,2022,24.56,25.18,25.26,24.88
"15308",333,2022,24.64,25.05,25.33,25
"15309",334,2022,25.31,25.89,26.01,26.05
"15310",335,2022,25.73,25.75,26.03,25.79
"15311",336,2022,25.37,25.32,25.52,25.43
"15312",337,2022,25.57,25.6,26.05,25.61
"15313",338,2022,25.9,26.02,26.42,25.65
"15314",339,2022,25.9,25.75,26.23,25.64
"15315",340,2022,26.02,25.74,26.38,25.71
"15316",341,2022,25.69,25.39,26.03,25.28
"15317",342,2022,25.64,25.64,25.62,25.36
"15318",343,2022,25.75,25.86,26.16,25.6
"15319",344,2022,25.74,26.02,26.22,25.82
"15320",345,2022,25.77,26.37,25.88,26.42
"15321",346,2022,25.53,26.17,26.02,26.01
"15322",347,2022,25.59,26.34,26.49,26.36
"15323",348,2022,25.61,26.28,26.33,26
"15324",349,2022,25.77,26.11,26.64,26.04
"15325",350,2022,26.29,26.83,27,26.86
"15326",351,2022,25.86,26.47,26.58,26.58
"15327",352,2022,26.11,26.32,27.03,26.08
"15328",353,2022,26.27,27.09,27.28,26.43
"15329",354,2022,26.28,26.77,27.29,26.38
"15330",355,2022,26.65,26.94,27.27,26.75
"15331",356,2022,26.66,27.03,27.04,26.95
"15332",357,2022,26.42,26.9,27.23,26.64
"15333",358,2022,26.3,26.61,26.71,26.49
"15334",359,2022,25.78,26.17,26.59,25.76
"15335",360,2022,25.71,26.16,26.71,26.04
"15336",361,2022,26.69,27.06,27.64,26.53
"15337",362,2022,27.06,27.71,27.88,27.27
"15338",363,2022,27.47,28.06,28.44,27.72
"15339",364,2022,27.48,27.82,28.26,27.55
"15340",365,2022,27.5,27.89,28.09,27.59
"15341",1,2023,27.3,28.13,28.07,27.83
"15342",2,2023,26.97,27.77,27.99,27.55
"15343",3,2023,26.82,27.65,27.96,27.52
"15344",4,2023,26.37,27.6,27.3,27.26
"15345",5,2023,26.71,27.54,27.54,27.39
"15346",6,2023,27.5,28.23,28.09,28.09
"15347",7,2023,25.04,26.7,26.33,26.4
"15348",8,2023,24.05,24.52,24.48,24.33
"15349",9,2023,24.75,25.14,25.52,24.92
"15350",10,2023,25.43,26.25,26.27,26.38
"15351",11,2023,25.19,26.46,26.14,26.48
"15352",12,2023,25.13,26.58,26.68,26.32
"15353",13,2023,25.04,26.32,26.41,25.85
"15354",14,2023,25.76,26.83,26.74,26.66
"15355",15,2023,26.31,27.01,27.04,27.07
"15356",16,2023,25.68,26.76,27.13,26.73
"15357",17,2023,25.35,26.27,26.61,26.22
"15358",18,2023,25.38,26.2,26.33,26.47
"15359",19,2023,26.19,26.8,27,26.58
"15360",20,2023,25.64,26.59,26.61,26.38
"15361",21,2023,25.45,26.28,26.58,26.23
"15362",22,2023,25.88,26.74,27.24,26.55
"15363",23,2023,25.42,26.9,27.45,26.46
"15364",24,2023,25.67,27.41,27.39,27.25
"15365",25,2023,26.09,27.24,27.47,26.98
"15366",26,2023,25.93,26.99,27.3,26.66
"15367",27,2023,26.1,26.84,27.06,26.82
"15368",28,2023,25.94,26.69,27.03,26.68
"15369",29,2023,25.79,26.1,27.13,26
"15370",30,2023,26.35,26.51,27.37,26.23
"15371",31,2023,26.21,26.58,27.32,26.43
"15372",32,2023,26.11,26.49,27.32,26.42
"15373",33,2023,26.31,26.72,27.4,26.51
"15374",34,2023,26.82,27.15,28,26.86
"15375",35,2023,27.44,28.19,28.43,27.85
"15376",36,2023,26.92,27.78,28.39,27.95
"15377",37,2023,26.77,27.93,28.12,27.98
"15378",38,2023,27.32,28.26,28.52,28.31
"15379",39,2023,27.75,28.42,28.81,28.46
"15380",40,2023,27.51,28.6,28.83,28.3
"15381",41,2023,27.25,28.76,28.67,28.34
"15382",42,2023,27.69,28.61,29.17,28.18
"15383",43,2023,28.06,29.02,29.47,28.49
"15384",44,2023,27.36,28.89,28.9,28.46
"15385",45,2023,27.19,28.98,28.68,28.83
"15386",46,2023,27.45,29.15,28.6,29.26
"15387",47,2023,27.66,28.85,28.84,28.44
"15388",48,2023,27.91,28.4,28.96,28.08
"15389",49,2023,27.61,27.96,28.36,27.83
"15390",50,2023,27.54,28.01,28.74,27.84
"15391",51,2023,27.79,27.99,28.65,27.72
"15392",52,2023,27.49,28.09,28.41,27.97
"15393",53,2023,27.7,28.23,28.56,28.12
"15394",54,2023,27.7,27.87,28.39,27.83
"15395",55,2023,28.21,28.25,29.21,28.3
"15396",56,2023,28.35,28.78,29.39,28.17
"15397",57,2023,28.42,29.03,29.61,28.49
"15398",58,2023,28.48,29.18,29.91,28.83
"15399",59,2023,27.29,28.69,28.92,28.4
"15400",60,2023,26.74,27.99,28.88,27.53
"15401",61,2023,26.44,28,28.91,27.75
"15402",62,2023,26.24,28.08,28.89,27.87
"15403",63,2023,27.01,28.96,29.57,28.57
"15404",64,2023,26.54,29.4,30.01,29.28
"15405",65,2023,27.2,29.23,29.96,29.15
"15406",66,2023,27,29.32,29.43,29.29
"15407",67,2023,26.58,28.56,28.84,28.44
"15408",68,2023,26.32,27.94,28.16,27.87
"15409",69,2023,25.41,26.44,26.79,26.23
"15410",70,2023,24.66,25.17,26.79,25.31
"15411",71,2023,24.2,24.98,26.35,23.6
"15412",72,2023,25.26,26.47,27.09,25.8
"15413",73,2023,26.35,27.64,27.89,27.09
"15414",74,2023,26.23,27.03,27.96,26.82
"15415",75,2023,26.7,27.19,28.23,27.43
"15416",76,2023,27.67,28.02,29.2,28
"15417",77,2023,27.39,28.51,29.62,27.97
"15418",78,2023,27.23,28.18,29.42,27.68
"15419",79,2023,26.98,28.03,29.13,27.45
"15420",80,2023,27.05,28.12,29.54,27.21
"15421",81,2023,27.45,28.76,29.9,27.84
"15422",82,2023,27.73,28.78,29.98,28.13
"15423",83,2023,28.41,29.41,30.45,28.69
"15424",84,2023,28.01,29.32,29.98,28.72
"15425",85,2023,26.88,28.39,29.23,28.05
"15426",86,2023,27.03,28.96,29.58,28.55
"15427",87,2023,26.66,28.99,29.69,28.86
"15428",88,2023,27.25,29.16,29.77,28.83
"15429",89,2023,26.75,28.89,29.53,28.69
"15430",90,2023,26.64,28.88,30.02,28.86
"15431",91,2023,25.04,27.43,27.47,26.93
"15432",92,2023,25.57,28.06,28.53,27.28
"15433",93,2023,26.67,28.79,29.1,28.41
"15434",94,2023,27.19,29.45,30.23,29.1
"15435",95,2023,27.5,29.87,30.15,29.6
"15436",96,2023,27.61,29.96,30.22,29.66
"15437",97,2023,26.76,29.22,29.67,29.3
"15438",98,2023,25.27,26.29,26.42,26.97
"15439",99,2023,26.12,27.32,27.53,27.44
"15440",100,2023,26.29,26.95,27.36,27.47
"15441",101,2023,26.51,27.69,28.11,27.63
"15442",102,2023,26.13,27.88,28.49,27.44
"15443",103,2023,27.14,28.42,29.07,28.35
"15444",104,2023,27.53,28.9,29.76,28.72
"15445",105,2023,27.24,28.8,29.39,28.77
"15446",106,2023,26,27.79,28.34,27.67
"15447",107,2023,26,26.86,27.53,26.69
"15448",108,2023,26.62,28.11,28.97,27.32
"15449",109,2023,27.01,28.81,29.87,28.04
"15450",110,2023,26.49,28.33,27.33,28.23
"15451",111,2023,25.89,27.52,26.92,27.59
"15452",112,2023,25.88,26.06,26.42,26.08
"15453",113,2023,25.51,25.83,25.74,26.01
"15454",114,2023,24.64,25.52,25.61,25.44
"15455",115,2023,25.16,25.81,25,25.93
"15456",116,2023,25.18,25.92,25.87,25.71
"15457",117,2023,25.81,26.83,26.62,26.67
"15458",118,2023,25.72,26.5,26.53,26.1
"15459",119,2023,25.32,25.62,25.9,25.7
"15460",120,2023,25.99,26.75,26.92,26.23
"15461",121,2023,26.96,27.7,27.73,27.19
"15462",122,2023,26.84,27.93,27.99,27.42
"15463",123,2023,26.7,27.71,27.95,27.24
"15464",124,2023,26.93,27.96,28.34,27.41
"15465",125,2023,27.34,28.23,28.56,27.66
"15466",126,2023,27.26,28.17,28.31,27.62
"15467",127,2023,27.17,28.04,27.93,27.5
"15468",128,2023,27.22,28.04,28.23,27.68
"15469",129,2023,25.58,26.61,26.82,26.22
"15470",130,2023,24.33,25.66,25.35,25.31
"15471",131,2023,25.19,26.12,26.12,26.04
"15472",132,2023,26.66,27.2,27.27,26.94
"15473",133,2023,25.32,26.35,26.38,25.64
"15474",134,2023,25.5,26.17,26.42,25.35
"15475",135,2023,25.64,26.16,26.22,25.75
"15476",136,2023,26.34,26.94,26.42,26.9
"15477",137,2023,25.99,26.58,26.53,26.86
"15478",138,2023,26.82,27.12,27.41,27.09
"15479",139,2023,26.17,27.24,27.31,27.08
"15480",140,2023,26.51,27.13,26.78,27.09
"15481",141,2023,25.46,25.95,25.68,25.87
"15482",142,2023,26.29,26.14,26.14,26.2
"15483",143,2023,26.29,26.53,26.66,26.6
"15484",144,2023,25.4,26.02,25.9,26.11
"15485",145,2023,25.6,25.92,26.08,25.75
"15486",146,2023,25.4,25.54,26.01,24.92
"15487",147,2023,24.89,25.49,25.08,25.45
"15488",148,2023,25.79,26.32,26.11,26.18
"15489",149,2023,26.73,27.11,27.14,27.09
"15490",150,2023,25.71,25.85,25.82,25.76
"15491",151,2023,25.33,25.92,26.37,25.07
"15492",152,2023,25.85,26.11,27.38,25.51
"15493",153,2023,25.75,26.31,26.09,26.33
"15494",154,2023,26.27,26.83,26.58,26.77
"15495",155,2023,26.62,26.84,27.17,26.78
"15496",156,2023,24.46,25.04,25.29,25.53
"15497",157,2023,24.5,25.12,25.04,25.48
"15498",158,2023,25.36,26.04,25.27,26.17
"15499",159,2023,24.15,24.78,24.82,24.83
"15500",160,2023,24.92,24.84,24.92,25.37
"15501",161,2023,26.15,26.09,26.36,26.37
"15502",162,2023,25.8,26.46,26.82,25.97
"15503",163,2023,25.43,25.72,26.31,25.13
"15504",164,2023,26.18,26.65,26.75,26.31
"15505",165,2023,24.92,25.78,25.6,25.42
"15506",166,2023,24.2,25.3,25.45,25
"15507",167,2023,22.22,23,23.19,22.88
"15508",168,2023,22.55,22.72,22.58,22.83
"15509",169,2023,23.36,23.57,23.12,24.25
"15510",170,2023,24.55,25.06,24.43,25.48
"15511",171,2023,24.27,25.01,25.33,25.07
"15512",172,2023,24.76,25.44,25.67,25.39
"15513",173,2023,25.62,26.27,26.08,26.19
"15514",174,2023,25.77,26.26,26.31,26.13
"15515",175,2023,25.81,25.67,25.98,25.51
"15516",176,2023,25.66,25.93,26.15,25.66
"15517",177,2023,25.38,26.36,26.34,25.63
"15518",178,2023,25.56,26.47,26.28,26.05
"15519",179,2023,26.34,26.72,26.71,26.48
"15520",180,2023,25.05,25.81,25.83,25.9
"15521",181,2023,25.27,26.2,25.5,25.83
"15522",182,2023,25.13,26.07,25.79,26.24
"15523",183,2023,24.91,25.59,25.61,25.38
"15524",184,2023,24.91,26.03,26.1,25.82
"15525",185,2023,24.65,25.83,25.02,26.2
"15526",186,2023,25.38,25.8,25.23,25.62
"15527",187,2023,25.51,25.43,26.22,25.29
"15528",188,2023,25.36,26.61,26.45,26.45
"15529",189,2023,24.95,25.39,25.6,25.25
"15530",190,2023,26.09,26.17,26.43,25.92
"15531",191,2023,25.25,25.7,25.68,25.29
"15532",192,2023,25.47,25.75,25.85,25.71
"15533",193,2023,25.57,25.84,26.14,25.75
"15534",194,2023,26.44,26.83,26.7,26.99
"15535",195,2023,25,25.67,25.56,25.57
"15536",196,2023,25.47,25.89,26.46,25.66
"15537",197,2023,25.53,26.15,26.05,26.18
"15538",198,2023,25.34,25.65,25.66,25.6
"15539",199,2023,25.7,26.21,26.02,25.99
"15540",200,2023,24.67,25.56,25.86,25.13
"15541",201,2023,25.58,26.2,26.5,25.91
"15542",202,2023,25.19,25.8,26.13,25.79
"15543",203,2023,24.39,25,25.41,25.42
"15544",204,2023,24.41,25.16,25.32,25.61
"15545",205,2023,24.82,25.45,25.45,25.62
"15546",206,2023,24.46,25.07,24.94,25.21
"15547",207,2023,25.79,26.35,26.34,26.15
"15548",208,2023,26.08,26.58,26.99,26.03
"15549",209,2023,24.54,25.25,25.03,24.79
"15550",210,2023,25.02,25.74,25.61,25.35
"15551",211,2023,25.53,26.45,25.96,26.3
"15552",212,2023,25.38,26.08,25.8,26.25
"15553",213,2023,25.16,25.92,25.17,26.32
"15554",214,2023,25.36,25.96,25.46,26.09
"15555",215,2023,25.67,26.17,25.99,26.23
"15556",216,2023,26.07,26.48,26.39,26.85
"15557",217,2023,25.55,26.27,26.21,25.95
"15558",218,2023,25.88,26.46,26.75,26.05
"15559",219,2023,26.3,26.53,26.72,26.57
"15560",220,2023,26.66,27.04,27.15,27.04
"15561",221,2023,26.26,26.86,27.25,26.42
"15562",222,2023,25.88,26.75,27.12,26.42
"15563",223,2023,26.25,26.88,26.62,26.79
"15564",224,2023,26.26,27.15,27.02,26.7
"15565",225,2023,26.22,26.36,27.15,26.14
"15566",226,2023,25.66,26.47,26.7,25.93
"15567",227,2023,25.05,25.51,25.17,25.39
"15568",228,2023,25.49,25.63,25.57,25.55
"15569",229,2023,26.48,26.9,26.53,27.02
"15570",230,2023,27.45,27.99,28.1,27.86
"15571",231,2023,27.17,27.77,28.26,27.67
"15572",232,2023,27.03,26.99,27.13,26.71
"15573",233,2023,26.89,27.5,27.61,27.45
"15574",234,2023,27.04,27.33,27.72,26.97
"15575",235,2023,27.19,27.46,27.81,27.44
"15576",236,2023,26.9,27.34,27.64,27.72
"15577",237,2023,27.18,27.77,27.77,27.85
"15578",238,2023,27.83,28.31,28.21,28.16
"15579",239,2023,27.99,28.67,28.8,28.34
"15580",240,2023,26.95,27.85,28.31,27.52
"15581",241,2023,26.84,27.05,26.79,27.25
"15582",242,2023,27.58,27.65,27.8,27.6
"15583",243,2023,27.63,27.9,28.07,27.79
"15584",244,2023,27.79,28.02,27.98,27.99
"15585",245,2023,27.57,27.88,28.01,27.77
"15586",246,2023,27.25,27.54,27.41,27.66
"15587",247,2023,27.19,27.41,27.55,27.17
"15588",248,2023,27.47,27.73,27.99,27.65
"15589",249,2023,27.22,27.51,27.39,27.54
"15590",250,2023,27.14,27.76,27.65,27.63
"15591",251,2023,26.57,27.02,27.52,26.82
"15592",252,2023,26.42,27.12,27.28,26.97
"15593",253,2023,26.45,27.47,27.16,27.34
"15594",254,2023,26.81,27.51,27.26,27.4
"15595",255,2023,26.81,27.65,27.56,27.28
"15596",256,2023,27.56,28.07,28.04,27.75
"15597",257,2023,27.31,28.04,28.25,27.55
"15598",258,2023,27.44,27.82,27.92,27.51
"15599",259,2023,27.04,27.79,27.34,27.83
"15600",260,2023,26.91,27.53,27.31,27.03
"15601",261,2023,26.9,27.23,27.37,26.95
"15602",262,2023,27.17,27.4,27.53,27.65
"15603",263,2023,27.45,27.81,27.76,27.68
"15604",264,2023,27,27.95,27.07,27.85
"15605",265,2023,27.19,27.32,27.28,27.18
"15606",266,2023,26.2,27.23,27.38,26.71
"15607",267,2023,26.32,27.12,26.96,26.87
"15608",268,2023,27.21,27.74,27.72,27.67
"15609",269,2023,28.29,28.9,28.66,28.75
"15610",270,2023,28.4,28.55,28.47,28.62
"15611",271,2023,28.01,28.25,28.77,28.43
"15612",272,2023,28.41,28.75,29.08,28.35
"15613",273,2023,28.51,29.17,29.38,29.1
"15614",274,2023,27.87,28.63,28.47,28.34
"15615",275,2023,28.43,29.05,28.89,28.79
"15616",276,2023,28.92,29.38,29.16,29.27
"15617",277,2023,28.99,29.41,29.16,29.4
"15618",278,2023,29.03,29.63,29.3,29.24
"15619",279,2023,28.72,29.5,29.08,29.05
"15620",280,2023,28.81,28.97,28.99,28.89
"15621",281,2023,28.37,28.56,29.13,28.45
"15622",282,2023,28.57,29.32,29.31,29.01
"15623",283,2023,28.32,28.54,29.09,28.19
"15624",284,2023,27.68,28.36,27.99,28.37
"15625",285,2023,28.03,29.02,28.83,28.68
"15626",286,2023,28.3,29.3,29.19,29.12
"15627",287,2023,27.53,28.72,28.89,28.76
"15628",288,2023,27.52,27.88,27.3,28.48
"15629",289,2023,27.05,27.51,27.5,27.73
"15630",290,2023,27.29,27.82,27.94,28.04
"15631",291,2023,27.17,28.56,28.39,28.69
"15632",292,2023,27.2,28.36,27.98,28.22
"15633",293,2023,27.13,28.11,27.78,28.08
"15634",294,2023,26.97,27.82,27.58,27.95
"15635",295,2023,26.29,27.27,26.92,26.1
"15636",296,2023,26.81,27.54,27.35,26.97
"15637",297,2023,27.95,28.57,28.19,28.16
"15638",298,2023,26.96,27.09,27.13,27.25
"15639",299,2023,27.03,27.14,27.42,27.06
"15640",300,2023,27.48,27.65,28.18,27.41
"15641",301,2023,27.48,27.75,28.46,27.6
"15642",302,2023,27.21,27.93,28.27,27.43
"15643",303,2023,27.29,27.89,27.7,27.8
"15644",304,2023,27.93,28.32,28.52,28.32
"15645",305,2023,27.83,28.45,28.52,27.9
"15646",306,2023,26.84,27.13,27.64,26.96
"15647",307,2023,26.68,26.88,27.47,26.59
"15648",308,2023,26.36,27,26.75,27.09
"15649",309,2023,26.87,27.27,27.44,27.38
"15650",310,2023,25.96,27.05,27.04,27.02
"15651",311,2023,25.99,26.55,26.66,25.89
"15652",312,2023,27.01,27.68,27.42,27.25
"15653",313,2023,26.83,27.97,28.04,27.37
"15654",314,2023,25.87,26.55,26.94,26.07
"15655",315,2023,26.21,26.76,27.02,26.41
"15656",316,2023,26.67,27.15,27.88,26.44
"15657",317,2023,26.98,27.84,27.62,27.61
"15658",318,2023,27.25,27.83,27.98,27.66
"15659",319,2023,27.6,27.99,28.42,27.74
"15660",320,2023,27.72,27.95,28.31,27.77
"15661",321,2023,28.04,28.24,28.62,27.94
"15662",322,2023,28.39,28.82,29.12,28.32
"15663",323,2023,28.57,28.9,29.06,28.72
"15664",324,2023,28.61,28.96,29.12,28.62
"15665",325,2023,28.43,28.74,28.78,28.46
"15666",326,2023,28.13,28.45,28.87,28.14
"15667",327,2023,28.17,28.41,29.06,28.17
"15668",328,2023,28.1,28.87,28.96,28.15
"15669",329,2023,26.34,27.98,28.15,27.86
"15670",330,2023,25.97,26.91,26.82,26.46
"15671",331,2023,26.6,27.47,27.54,27.04
"15672",332,2023,26.97,27.7,28.28,27.38
"15673",333,2023,27.13,28.22,28.78,27.7
"15674",334,2023,27.43,28.16,28.43,27.91
"15675",335,2023,27.19,27.81,28.77,27.39
"15676",336,2023,27.46,27.88,28.94,27.39
"15677",337,2023,27.64,28.11,28.85,27.66
"15678",338,2023,27.78,28.33,28.83,27.97
"15679",339,2023,27.79,28.58,29.13,27.94
"15680",340,2023,28.15,28.93,29.38,28.43
"15681",341,2023,27.91,28.51,29.25,28.1
"15682",342,2023,26.9,28.21,28.53,27.9
"15683",343,2023,26.2,27.62,28.06,26.95
"15684",344,2023,26.29,27.89,28.34,27.27
"15685",345,2023,27.43,28.66,29.07,28.25
"15686",346,2023,27.96,29,29.27,28.51
"15687",347,2023,27.81,29.1,29.47,28.56
"15688",348,2023,27.84,29.35,29.65,28.69
"15689",349,2023,27.7,29.49,29.5,28.99
"15690",350,2023,26.93,28.58,29.04,28.07
"15691",351,2023,26.98,28.98,29.1,28.43
"15692",352,2023,26.81,28.98,29.18,28.65
"15693",353,2023,27.48,29,29.34,28.73
"15694",354,2023,28.68,29.99,30.14,29.76
"15695",355,2023,28.82,29.96,30.15,29.89
"15696",356,2023,27.68,28.98,29.19,29.12
"15697",357,2023,27.16,28.57,28.95,28.74
"15698",358,2023,27.57,29.43,29.56,29.06
"15699",359,2023,26.91,28.82,28.77,28.51
"15700",360,2023,25.83,27.28,27.84,27.16
"15701",361,2023,26.06,27.47,27.87,27.38
"15702",362,2023,26.46,27.44,28.25,26.83
"15703",363,2023,26.61,27.63,28,27.09
"15704",364,2023,26.99,28.12,28.6,27.88
"15705",365,2023,27.76,28.82,29.37,28.42
"15706",1,2024,27.75,28.49,29.05,28.08
"15707",2,2024,27.69,28.62,29.24,27.99
"15708",3,2024,27.6,28.53,29.63,27.73
"15709",4,2024,27.61,28.69,29.33,28
"15710",5,2024,27.09,28.05,29.1,27.55
"15711",6,2024,27.73,28.43,29.58,27.78
"15712",7,2024,28.09,28.94,29.87,28.46
"15713",8,2024,27.9,28.81,29.67,28.25
"15714",9,2024,27.87,28.55,29.46,28.28
"15715",10,2024,28.54,29.4,29.89,29.02
"15716",11,2024,28.4,29.95,29.93,29.31
"15717",12,2024,27.15,28.92,29.42,28.82
"15718",13,2024,27.3,28.92,29.48,28.76
"15719",14,2024,28.08,29.19,29.79,29.23
"15720",15,2024,28.26,29.28,30.15,29.09
"15721",16,2024,28.53,29.36,30.17,29.6
"15722",17,2024,29.23,30.22,30.66,30.22
"15723",18,2024,29.32,30.03,30.46,30.2
"15724",19,2024,28.43,29.92,30.42,29.88
"15725",20,2024,28.37,30.31,30.57,30.4
"15726",21,2024,29.15,30.46,30.73,30.46
"15727",22,2024,29.36,30.17,30.71,30.21
"15728",23,2024,29.3,29.84,30.16,29.82
"15729",24,2024,29.3,29.83,29.86,29.97
"15730",25,2024,29.64,29.86,30.08,29.84
"15731",26,2024,29.53,29.59,30.45,29.61
"15732",27,2024,29.91,29.92,30.39,30.03
"15733",28,2024,29.48,29.46,29.78,29.65
"15734",29,2024,29.46,29.36,30.13,29.54
"15735",30,2024,29.16,29.72,30.32,29.56
"15736",31,2024,29.46,30.13,30.79,29.64
"15737",32,2024,28.56,30.4,30.87,29.8
"15738",33,2024,27.15,28.06,29.77,27.91
"15739",34,2024,26.33,27.4,27.88,27.87
"15740",35,2024,26.7,27.67,28.18,27.75
"15741",36,2024,26.54,27.67,27.78,27.43
"15742",37,2024,26.68,27.37,27.71,27.52
"15743",38,2024,27.47,28.39,28.01,28.65
"15744",39,2024,27.12,27.89,28.33,28.01
"15745",40,2024,26.76,27.56,29.07,26.7
"15746",41,2024,27.29,28.22,29.45,27.66
"15747",42,2024,27.97,28.54,29.74,28.56
"15748",43,2024,28.08,28.5,29.96,28.28
"15749",44,2024,28.15,28.3,29.69,28.29
"15750",45,2024,27.88,28.93,29.97,29.03
"15751",46,2024,27.13,28.47,29.51,28.92
"15752",47,2024,27.14,28.49,29.91,27.41
"15753",48,2024,27.25,28.6,29.61,28.41
"15754",49,2024,28.25,29.41,30.88,29.17
"15755",50,2024,29.05,29.87,31.29,29.79
"15756",51,2024,29.05,29.99,31.07,29.84
"15757",52,2024,28.99,29.71,30.88,29.33
"15758",53,2024,28.97,29.82,30.66,30.04
"15759",54,2024,29.28,30.06,30.92,29.99
"15760",55,2024,29.26,29.91,30.98,30.01
"15761",56,2024,29.86,30.41,31.46,30.54
"15762",57,2024,29.12,30.2,30.61,30.59
"15763",58,2024,28.54,29.49,30.43,29.86
"15764",59,2024,29.19,30.19,30.62,30.4
"15765",60,2024,29.21,30.22,30.97,30.38
"15766",61,2024,29.2,30.09,31.05,30.13
"15767",62,2024,29.1,30.53,31.05,30.66
"15768",63,2024,29.46,30.77,30.89,30.59
"15769",64,2024,29.89,31,31.58,30.95
"15770",65,2024,30.01,31.26,31.64,31.21
"15771",66,2024,29.16,30.53,30.85,30.71
"15772",67,2024,29.29,30.73,31.19,30.56
"15773",68,2024,27.96,30.49,30.04,30.46
"15774",69,2024,27.28,29.77,29.72,28.28
"15775",70,2024,27.79,29.51,29.5,28.4
"15776",71,2024,28.45,30.29,30.05,29.2
"15777",72,2024,28.47,30.36,30.53,29.28
"15778",73,2024,28.47,30.28,30.59,29.16
"15779",74,2024,28.38,30.15,30.62,28.91
"15780",75,2024,28.24,30.55,31.39,29.07
"15781",76,2024,28.73,30.56,31.39,29.24
"15782",77,2024,29.14,30.55,31.37,29.65
"15783",78,2024,28.89,30.82,31.54,30.03
"15784",79,2024,29.11,31.09,31.34,30.36
"15785",80,2024,29.52,31.22,32.08,30.53
"15786",81,2024,29.58,31.29,32.15,30.93
"15787",82,2024,29.9,31.43,31.76,31.27
"15788",83,2024,29.52,31.14,31.56,31.03
"15789",84,2024,28.49,30.2,30.28,29.49
"15790",85,2024,29.11,30.54,30.79,30
"15791",86,2024,30.11,30.56,31.28,30.14
"15792",87,2024,29.86,31.01,31.64,30.1
"15793",88,2024,29.2,30.56,30.94,30.01
"15794",89,2024,28.84,30.38,31.01,29.77
"15795",90,2024,28.22,29.94,29.92,29.54
"15796",91,2024,27.18,29.89,28.52,29.2
"15797",92,2024,27.71,30.02,29.23,29.41
"15798",93,2024,27.24,29.2,28.19,29.01
"15799",94,2024,26.73,27.73,28.56,27.7
"15800",95,2024,26.4,27.85,28.69,27.58
"15801",96,2024,26.45,28.37,28.37,28.43
"15802",97,2024,25.81,27.36,28.05,26.78
"15803",98,2024,26.85,28.13,28.64,27.85
"15804",99,2024,27.78,28.95,29.5,28.56
"15805",100,2024,28.71,29.95,30.54,29.65
"15806",101,2024,28.91,29.82,30.99,29.74
"15807",102,2024,29.13,30.43,31.42,30.04
"15808",103,2024,28.72,30.15,31.15,30.11
"15809",104,2024,29.31,30.73,31.07,30.83
"15810",105,2024,29.46,30.79,31.61,30.71
"15811",106,2024,29.86,31.13,31.87,31.03
"15812",107,2024,29.49,30.92,31.24,31.05
"15813",108,2024,28.54,29.85,30.25,30.2
"15814",109,2024,26.57,26.8,26.99,27.87
"15815",110,2024,25.86,26.98,26.97,27.15
"15816",111,2024,26.44,27.04,27.43,26.72
"15817",112,2024,26.1,26.7,27.35,26.37
"15818",113,2024,25.88,25.84,26.83,25.6
"15819",114,2024,26.61,27.14,28.06,26.92
"15820",115,2024,26.3,27.52,27.42,27.77
"15821",116,2024,26.59,26.88,27.4,26.68
"15822",117,2024,26.35,27.02,27.61,26.52
"15823",118,2024,26.65,27.03,27.74,26.87
"15824",119,2024,27.75,27.98,28.65,27.88
"15825",120,2024,25.57,26.25,26.97,25.84
"15826",121,2024,26.36,26.88,26.52,26.82
"15827",122,2024,27.38,27.62,28.01,27.56
"15828",123,2024,27.41,27.68,27.57,28.08
"15829",124,2024,26.73,27.22,27.83,26.85
"15830",125,2024,26.93,27.65,27.64,27.11
"15831",126,2024,25.73,26.26,26.54,25.93
"15832",127,2024,26.36,26.93,26.54,27.01
"15833",128,2024,27.51,28.21,28.16,28.38
"15834",129,2024,27.25,28.36,28.38,27.92
"15835",130,2024,25.65,25.95,25.91,25.75
"15836",131,2024,24.55,25.57,25.95,25.24
"15837",132,2024,26.05,26.24,26.64,25.76
"15838",133,2024,27.19,27.32,27.31,27.58
"15839",134,2024,26.64,27.35,27.28,27.37
"15840",135,2024,26.54,27.9,27.76,27.7
"15841",136,2024,26.36,27.64,27.73,27.39
"15842",137,2024,25.18,26.19,25.65,26.18
"15843",138,2024,26.66,27.21,26.9,27.15
"15844",139,2024,25.3,26.27,26.3,26.3
"15845",140,2024,26.17,26.59,26.71,26.58
"15846",141,2024,25.6,26.33,26.79,25.53
"15847",142,2024,25.61,26.34,26.14,26.58
"15848",143,2024,26,26.8,26.28,27.03
"15849",144,2024,26.45,27.11,27.01,27.04
"15850",145,2024,27.11,27.78,27.63,27.57
"15851",146,2024,26.38,27.21,27.39,26.89
"15852",147,2024,25.56,26.23,26.45,26.41
"15853",148,2024,26.07,26.3,25.83,26.27
"15854",149,2024,25.39,25.83,26.25,25.91
"15855",150,2024,24.54,25.47,25.72,25.14
"15856",151,2024,24.19,24.7,24.32,25.08
"15857",152,2024,24.4,25.2,24.93,25.3
"15858",153,2024,25.14,25.75,25.05,26.03
"15859",154,2024,25.27,26.02,25.32,26.35
"15860",155,2024,24.71,25.35,25.19,25.88
"15861",156,2024,25.2,25.66,25.94,25.33
"15862",157,2024,24.98,25.2,25.64,25.55
"15863",158,2024,25.53,26.13,25.82,25.93
"15864",159,2024,24.87,25.02,25.75,25.31
"15865",160,2024,24.53,25.32,24.89,25.4
"15866",161,2024,24.87,25.69,24.59,26.18
"15867",162,2024,25.55,26.02,25.77,26.13
"15868",163,2024,26.14,26.59,26.96,26.27
"15869",164,2024,24.89,25.89,26.01,25.99
"15870",165,2024,25.44,25.88,25.06,26.36
"15871",166,2024,25.42,25.91,26.03,25.7
"15872",167,2024,25.57,25.56,26.05,25.47
"15873",168,2024,25.87,26.02,26,26.32
"15874",169,2024,25.81,26.05,26.01,26.01
"15875",170,2024,25.78,26.33,26.1,26.4
"15876",171,2024,25.97,26.32,26.28,26.58
"15877",172,2024,24.91,25.32,25.11,25.76
"15878",173,2024,24.58,24.73,24.71,25.02
"15879",174,2024,24.68,25.68,25.22,25.89
"15880",175,2024,24.9,25.59,25.84,25.37
"15881",176,2024,25.29,25.66,25.76,25.89
"15882",177,2024,25.93,26.42,26.39,26.17
"15883",178,2024,26.37,26.88,27.05,26.25
"15884",179,2024,25.35,26.17,26.22,26.2
"15885",180,2024,24.72,25.66,25.36,25.69
"15886",181,2024,25.33,25.84,25.88,25.59
"15887",182,2024,25.65,25.38,26.23,25.45
"15888",183,2024,25.89,26.07,26.64,25.65
"15889",184,2024,25.94,26.46,25.9,26.61
"15890",185,2024,24.61,25.64,25.55,25.62
"15891",186,2024,24.54,25.69,25.46,25.84
"15892",187,2024,24.36,25.2,26.16,24.73
"15893",188,2024,24,24.21,24.22,24.36
"15894",189,2024,24.7,25.28,25.06,25.46
"15895",190,2024,25.65,26.22,26.17,26.11
"15896",191,2024,25.08,25.46,25.32,25.47
"15897",192,2024,25.8,26.09,26.4,26.06
"15898",193,2024,26.08,26.94,26.98,26.99
"15899",194,2024,25.3,25.52,25.94,24.93
"15900",195,2024,24.63,25.29,25.5,25.03
"15901",196,2024,23.51,24.35,24.39,24.17
"15902",197,2024,24.17,24.47,24.26,24.55
"15903",198,2024,24.71,25.2,24.4,25.6
"15904",199,2024,24.47,24.98,24.23,25.18
"15905",200,2024,23.79,24.45,23.98,25.01
"15906",201,2024,24.35,25.14,24.4,25.46
"15907",202,2024,24.27,24.97,24.73,25.05
"15908",203,2024,23.73,24.97,24.6,24.78
"15909",204,2024,24.64,24.93,24.47,24.76
"15910",205,2024,25.29,25.86,25.41,25.77
"15911",206,2024,24.75,24.84,25.43,25.21
"15912",207,2024,25.47,25.82,25.68,25.89
"15913",208,2024,24.56,25.08,24.94,24.97
"15914",209,2024,24.81,25.35,24.71,25.56
"15915",210,2024,25.26,25.54,24.84,25.81
"15916",211,2024,25.12,25.61,25.39,25.74
"15917",212,2024,25.62,25.94,26.01,25.42
"15918",213,2024,24.84,25.25,25.45,25.07
"15919",214,2024,26.19,26.71,26.64,26.42
"15920",215,2024,26.18,26.91,26.61,26.74
"15921",216,2024,26.47,27.24,27.05,27.16
"15922",217,2024,25.81,26.44,26.76,26.26
"15923",218,2024,25.5,26.18,26.46,26.06
"15924",219,2024,26.78,27.08,27.39,26.53
"15925",220,2024,27.17,27.71,27.57,27.51
"15926",221,2024,26.73,27.28,27.14,27.13
"15927",222,2024,25.23,25.85,25.79,25.57
"15928",223,2024,25.53,26.12,26.27,25.6
"15929",224,2024,25.34,26.21,26.11,25.98
"15930",225,2024,25.06,25.96,25.94,25.76
"15931",226,2024,24.98,25.74,25.8,25.67
"15932",227,2024,25.48,26.23,26.3,26.08
"15933",228,2024,25.72,26.56,26.57,26.52
"15934",229,2024,26.45,26.97,27.01,26.93
"15935",230,2024,26.83,27.5,27.4,27.5
"15936",231,2024,27.05,27.61,27.5,27.18
"15937",232,2024,27,27.35,27.57,27.06
"15938",233,2024,27.59,27.89,28.34,27.89
"15939",234,2024,27.85,28.37,28.26,28.24
"15940",235,2024,27.96,28.22,28.29,28.12
"15941",236,2024,25.91,27.26,27.3,26.93
"15942",237,2024,26.56,27.4,27.26,27.09
"15943",238,2024,26.61,26.99,26.47,27.27
"15944",239,2024,26.27,27.32,27.06,27.3
"15945",240,2024,24.91,26.25,25.63,26.85
"15946",241,2024,24.97,26.17,25.8,26.47
"15947",242,2024,26.26,27.02,26.93,27.04
"15948",243,2024,26.6,27.72,27.04,28.07
"15949",244,2024,26.75,27.62,26.79,28.3
"15950",245,2024,26.91,27.51,27.2,27.92
"15951",246,2024,26.69,27.22,27.08,27.71
"15952",247,2024,27.35,27.96,28.03,28.26
"15953",248,2024,27.5,28.18,28.28,28.27
"15954",249,2024,27.42,28.5,27.49,28.6
"15955",250,2024,27.64,28.39,28.05,28.58
"15956",251,2024,26.79,27.88,27.96,28.14
"15957",252,2024,26.8,27.81,28.27,27.61
"15958",253,2024,27.09,28.05,27.33,28.28
"15959",254,2024,27.68,28.44,27.82,28.54
"15960",255,2024,28.16,28.88,28.87,28.8
"15961",256,2024,28.14,28.68,29.02,28.82
"15962",257,2024,27.13,27.31,27.39,27.14
"15963",258,2024,27.35,27.43,27.85,27.28
"15964",259,2024,28.44,29,28.49,28.82
"15965",260,2024,27.91,28.84,28.34,28.67
"15966",261,2024,26.48,27.11,27.3,27.03
"15967",262,2024,26.86,27.43,27.47,26.98
"15968",263,2024,27.77,28.35,28.45,28.22
"15969",264,2024,27.72,28.22,28.07,28.03
"15970",265,2024,27.55,28.11,28.13,27.83
"15971",266,2024,27.3,28.01,28.08,28.08
"15972",267,2024,27.18,26.95,27.23,27.41
"15973",268,2024,27.36,27.57,27.57,27.73
"15974",269,2024,28.22,28.35,28.53,28.4
"15975",270,2024,27.71,28.2,28.25,28.15
"15976",271,2024,27.84,28.44,28.02,28.48
"15977",272,2024,26.97,27.02,27.9,27.57
"15978",273,2024,25.69,25.96,25.25,26.38
"15979",274,2024,26.22,26.62,26.43,26.94
"15980",275,2024,27.26,28.1,27.61,28.17
"15981",276,2024,27.32,28.09,27.96,27.45
"15982",277,2024,27.59,28.28,28.55,28.16
"15983",278,2024,27.74,28.26,28.34,28.22
"15984",279,2024,27.31,27.44,27.12,27.88
"15985",280,2024,27.37,27.09,27.52,27.48
"15986",281,2024,26.63,26.87,27.28,26.55
"15987",282,2024,26.89,26.91,27.58,26.5
"15988",283,2024,27.14,27.41,27.59,27.53
"15989",284,2024,27.27,27.65,28.05,27.35
"15990",285,2024,27.73,28.27,28.35,28.05
"15991",286,2024,27.16,27.82,28.15,27.94
"15992",287,2024,26.83,26.91,27.18,27.33
"15993",288,2024,26.44,27.02,26.85,26.95
"15994",289,2024,26.43,26.88,26.79,26.82
"15995",290,2024,27.01,27.48,27.65,27.41
"15996",291,2024,27.58,28.2,28.03,28.05
"15997",292,2024,27.91,28.35,28.58,28.23
"15998",293,2024,27.95,28.39,28.73,28.48
"15999",294,2024,28.56,28.93,29,29.02
"16000",295,2024,28.74,28.85,29.36,28.86
"16001",296,2024,28.4,28.68,29.07,28.74
"16002",297,2024,27.84,28.14,28.32,28.03
"16003",298,2024,28.14,28.28,28.63,28.07
"16004",299,2024,27.88,28.28,28.65,27.91
"16005",300,2024,26.88,27.29,27.61,27.29
"16006",301,2024,27.6,28.14,28.35,28.03
"16007",302,2024,26.65,27.49,27.99,27.6
"16008",303,2024,26.21,26.75,27.41,26.65
"16009",304,2024,26.26,26.99,27.46,27.01
"16010",305,2024,27.43,28.11,28.32,27.69
"16011",306,2024,28.12,28.31,29.07,27.97
"16012",307,2024,28.1,28.58,28.87,27.96
"16013",308,2024,26.66,27.38,27.66,27.56
"16014",309,2024,26.25,26.66,27,26.42
"16015",310,2024,27.21,27.46,27.99,27.02
"16016",311,2024,28.13,28.51,28.95,28.22
"16017",312,2024,28.1,28.49,28.7,28.54
"16018",313,2024,28.34,28.59,29.12,28.39
"16019",314,2024,26.29,27.19,26.95,27.53
"16020",315,2024,26.62,27.11,26.99,27.11
"16021",316,2024,27,27.41,27.81,27.39
"16022",317,2024,27.25,27.79,28.46,27.57
"16023",318,2024,27.72,28.22,28.36,28.12
"16024",319,2024,26.08,27.04,27.22,26.63
"16025",320,2024,25.8,26.37,26.55,26.64
"16026",321,2024,26.26,26.46,27.2,26.41
"16027",322,2024,25.81,26.99,27.44,26.72
"16028",323,2024,26.15,27.27,27.87,26.94
"16029",324,2024,26.38,27.44,27.79,27.17
"16030",325,2024,26.86,27.69,28.3,27.38
"16031",326,2024,26.01,26.79,26.94,26.55
"16032",327,2024,25.96,25.92,27.1,25.58
"16033",328,2024,24.98,25.22,26.16,25.1
"16034",329,2024,26.24,26.49,27.13,26.13
"16035",330,2024,26.8,27.34,27.63,27.2
"16036",331,2024,27.1,27.6,27.98,27.47
"16037",332,2024,27.09,28.06,28.16,27.5
"16038",333,2024,26.57,26.99,27.97,26.82
"16039",334,2024,27.07,27.76,28.37,27.5
"16040",335,2024,27.2,27.64,28.22,27.17
"16041",336,2024,26.57,27.36,27.99,27.01
"16042",337,2024,27.02,27.76,28.47,27.58
"16043",338,2024,27.7,28.09,28.81,27.8
"16044",339,2024,27.22,27.73,28.64,27.56
"16045",340,2024,27.14,27.8,28.55,27.54
"16046",341,2024,26.89,27.24,28.14,27.2
"16047",342,2024,26.73,26.83,28.32,26.68
"16048",343,2024,27.09,27.46,28.63,27.14
"16049",344,2024,27.08,27.3,28.74,27.29
"16050",345,2024,27.23,27.63,28.68,27.5
"16051",346,2024,27.26,27.94,28.96,27.41
"16052",347,2024,27.39,27.78,28.94,27.35
"16053",348,2024,27.49,27.84,28.81,27.47
"16054",349,2024,27.43,27.81,29.03,27.6
"16055",350,2024,27.39,27.97,29,27.8
"16056",351,2024,26.85,28.27,28.61,28.03
"16057",352,2024,26.1,27.68,28.04,27.6
"16058",353,2024,25.85,28.06,28.04,27.98
"16059",354,2024,26.31,28.05,28.43,27.95
"16060",355,2024,26.95,28.82,29.21,28.59
"16061",356,2024,26.54,28.75,28.81,28.51
"16062",357,2024,26.71,28.3,28.75,28.32
"16063",358,2024,26.7,28.05,28.95,28.12
"16064",359,2024,26.32,28.39,28.03,28.54
"16065",360,2024,26.33,28.19,28.34,28.14
"16066",361,2024,27.08,28.64,29.28,28.39
"16067",362,2024,26.52,28.56,28.77,28.56
"16068",363,2024,26.14,27.93,28.32,28.11
"16069",364,2024,26.34,27.47,27.77,27.64
"16070",365,2024,26.88,28.05,28.56,28.22
"16071",366,2024,27,28.5,28.92,28.27
