"","day","year","caruru","mitu","pacoa","papunahua","taraira","yavarate"
"1",1,1981,79.67,81.74,80.96,78.81,83.12,84.46
"2",2,1981,71.16,74.65,74.14,70.98,83.16,79.82
"3",3,1981,70.86,74.42,74.74,70.16,82.02,78.48
"4",4,1981,77.78,80.57,81.54,75.51,88.01,82.87
"5",5,1981,83.49,85.23,85.85,84.05,91.49,86.84
"6",6,1981,83.76,86.45,86.76,84.12,90.45,87.53
"7",7,1981,88.41,91.71,90.85,89.03,92.66,91.95
"8",8,1981,94.61,94.73,96.32,94.03,96.84,96.1
"9",9,1981,92.82,92.61,92.76,92.68,95.22,92.65
"10",10,1981,89,89.38,88.96,89.11,90.73,90.16
"11",11,1981,88.24,88.96,88.41,88.04,87.62,88.15
"12",12,1981,86.35,87.34,85.88,86.58,86.75,86.94
"13",13,1981,81.49,84.54,82.87,81.06,83.49,84.81
"14",14,1981,79.06,86,84.91,78.85,90.42,89.52
"15",15,1981,83.21,90.24,89.07,82.08,93.74,93.28
"16",16,1981,83.66,86.7,85.33,82.23,90.43,88.49
"17",17,1981,79.94,84.51,83.29,76.9,88.73,87.47
"18",18,1981,77.72,83.34,82.86,74.34,87.99,85.75
"19",19,1981,68.77,74.99,75.19,65.87,85.05,78.19
"20",20,1981,66.89,74.33,74.88,64.75,87.82,80.75
"21",21,1981,66.06,72.04,75.72,62.78,86.67,80.11
"22",22,1981,64.45,72.29,74.97,60.93,89.24,79.96
"23",23,1981,59.78,69.66,68.85,58.89,81.62,76.31
"24",24,1981,67.02,75.36,73.3,65.29,82.81,80.68
"25",25,1981,72.37,80.28,78.62,69.06,85.72,84.23
"26",26,1981,73.47,78.91,77.83,73.11,84.69,81.55
"27",27,1981,72.14,80.52,78.17,71.66,83.24,83.22
"28",28,1981,81.86,86.75,84.97,82.04,87.61,87.77
"29",29,1981,88.53,92.31,92.07,85.41,93.54,92.03
"30",30,1981,90.4,93.95,91.95,88.89,94.82,96.09
"31",31,1981,85.05,91.46,90.6,85.19,94.15,92.38
"32",32,1981,81.95,85.71,86.05,80.07,90.79,88.64
"33",33,1981,85.71,88.29,87.71,84.8,89.04,89
"34",34,1981,92.71,95.29,95.14,91.53,94.06,94.88
"35",35,1981,82.57,86.75,87.33,79.95,95.93,91.26
"36",36,1981,82.44,86.31,84.61,81.3,91.59,89.26
"37",37,1981,88.86,92.09,91.29,88.54,93.87,92.91
"38",38,1981,92.25,91.45,91.68,91.11,92.24,93.33
"39",39,1981,88.83,89.16,89.52,88.61,88.91,89.47
"40",40,1981,89.15,91.07,91.45,88.13,94.13,93
"41",41,1981,91.38,91.45,91.28,91.06,91.53,91.68
"42",42,1981,88.83,91.46,91.07,87.55,92.53,93.54
"43",43,1981,76.72,81.12,81.23,76.63,86.18,85.98
"44",44,1981,70.62,76.04,74.61,72.03,83.71,79.57
"45",45,1981,75.44,84.4,82.25,75.93,90.78,88.92
"46",46,1981,84.46,88.12,87.36,83.93,89.96,90.22
"47",47,1981,86.33,86.76,86.97,86.88,88.02,88.24
"48",48,1981,92.36,93.72,94.01,91.73,93.47,93.38
"49",49,1981,95.11,94.65,94.71,95.79,95.7,96.26
"50",50,1981,93.86,94.4,93.78,94.95,91.91,95.66
"51",51,1981,94.56,95.64,95.41,95.08,94.85,95.64
"52",52,1981,92.23,93.65,93.67,92.18,94.3,93.65
"53",53,1981,92.84,92.25,93.17,92.86,92.45,92.49
"54",54,1981,91.86,92.22,91.11,92.23,90.47,93.34
"55",55,1981,94.52,95.15,94.55,95.17,94.57,95.19
"56",56,1981,92.38,93.38,93.31,93.15,94.81,95.46
"57",57,1981,91.38,91.87,92.42,92.19,92.54,92.3
"58",58,1981,97.25,96.88,95.96,98.31,93.63,96.01
"59",59,1981,96.01,96.16,95.63,96.84,94.36,95.42
"60",60,1981,94.32,94.84,94.63,94.97,94.08,95.02
"61",61,1981,95.47,94.8,95.29,95.46,96.19,95.05
"62",62,1981,93.74,95.05,95.11,93.9,95.53,95.51
"63",63,1981,91.7,92.93,92.4,92.39,92.66,93.67
"64",64,1981,91.37,91.04,90.3,92.36,88.95,92.2
"65",65,1981,93.56,91.85,92.51,93.27,91.08,91.06
"66",66,1981,89.83,90.87,89.09,91.59,88.07,92.61
"67",67,1981,91.99,93.55,92.82,92.48,93.49,95.14
"68",68,1981,93.08,94.14,93.04,94.06,93.51,93.53
"69",69,1981,96.81,97.58,97.22,96.72,97.02,97.12
"70",70,1981,88.92,90.11,89.78,88.46,91.54,92.61
"71",71,1981,84.16,88.9,89.48,84.57,94.1,92.51
"72",72,1981,82.2,87.21,86.8,80.98,88.75,87.03
"73",73,1981,79.09,81.45,81.65,76.82,84.15,82.06
"74",74,1981,72.91,76.6,76.9,70.16,86.99,80.49
"75",75,1981,70.3,74.85,74.28,68.66,82.18,78.03
"76",76,1981,71.1,79.71,80.21,67.05,83.18,84.38
"77",77,1981,69.8,77.7,79.76,64.25,85.04,84.46
"78",78,1981,74.88,79.58,81.97,69.44,84.63,80.31
"79",79,1981,73.92,78.63,78.81,69.5,81.02,80.87
"80",80,1981,68.89,77.16,76.98,65.73,86.05,83.5
"81",81,1981,83.51,88.52,86.66,86.34,90.94,91.78
"82",82,1981,86.55,89.86,88.66,87.77,90.96,90.98
"83",83,1981,78.36,82.43,81.57,78.42,84.43,81.61
"84",84,1981,76.89,83.49,82.83,75.29,85.78,84.2
"85",85,1981,85.34,89.67,88.94,85.27,91.84,90.55
"86",86,1981,81.33,85.21,83.53,83.54,88.37,86.63
"87",87,1981,75.32,82.56,80.5,78.26,84.33,88.02
"88",88,1981,70.36,78.14,77.6,69.41,84.37,83.21
"89",89,1981,70.36,80.88,81.72,65.95,90.87,88.61
"90",90,1981,79.11,86.33,86.6,70.89,93.56,92.77
"91",91,1981,86.32,87.26,88.2,83.28,89.6,88.56
"92",92,1981,89.32,90.2,89.84,85.4,90.62,90.58
"93",93,1981,87.99,87.89,88.84,83.7,86.81,88.44
"94",94,1981,92.24,91.18,90.37,94.08,89.27,90.15
"95",95,1981,93.89,93.32,93.19,93.88,93.38,93.49
"96",96,1981,93.78,92.86,93.77,91.56,93.46,93.23
"97",97,1981,90.62,92.64,91.1,92.41,92.49,93.71
"98",98,1981,94.24,93.49,94.83,92.67,96.08,94.52
"99",99,1981,91.98,91.4,91.75,92.4,91.99,92.2
"100",100,1981,91.05,90.92,91.56,90.83,92.56,91.3
"101",101,1981,92.05,91.86,91.6,90.82,93.85,93.63
"102",102,1981,93.58,94.19,93.2,94.18,94.12,96.28
"103",103,1981,93.81,93.85,93.63,93.83,93.17,94.75
"104",104,1981,94.53,93.88,93.61,94.08,93.41,93.68
"105",105,1981,91.95,93.72,92.94,93.19,96.42,95.69
"106",106,1981,94.69,94.4,94.5,94.1,93.76,93.25
"107",107,1981,95.65,95.74,95.18,96.49,95.13,96.5
"108",108,1981,92.6,94.23,93.1,94.09,96.57,96.37
"109",109,1981,89.59,95.33,92.62,93.1,92.46,96.78
"110",110,1981,85.96,88.42,87.77,88.59,92.57,90.17
"111",111,1981,87.98,87.97,90.13,86.84,90.96,88.73
"112",112,1981,96.24,97.76,95.64,98.03,95.07,98.23
"113",113,1981,87.43,91.56,89.96,86.46,91.79,93.82
"114",114,1981,83.22,83.78,82.14,86.24,87.35,84.7
"115",115,1981,90.14,92.35,91.01,91.47,90.89,93.94
"116",116,1981,92.3,91.43,90.88,92.96,89.97,91.55
"117",117,1981,95.63,94.95,95.4,96.94,92.41,94.44
"118",118,1981,91.78,93.45,92.29,93.51,95.12,93.48
"119",119,1981,87,88.88,85.7,90.38,90.85,89.07
"120",120,1981,83.1,90.16,85.5,87.5,93,91.38
"121",121,1981,95.3,96.66,96.07,95.41,93.46,97.1
"122",122,1981,87.81,89.35,89.52,88.23,87.53,88.92
"123",123,1981,91.68,90.26,90.28,88.28,88.56,89.34
"124",124,1981,89.85,92.86,90.95,93.54,91.5,92.82
"125",125,1981,91.04,92.08,92.27,91.95,91.16,93.55
"126",126,1981,92.43,90.91,90.97,93.16,92.08,92.07
"127",127,1981,88.89,88.88,88.77,92.11,93.32,92.92
"128",128,1981,93.51,93.55,93.31,94.92,92.43,93.65
"129",129,1981,93.18,93.74,92.21,93.53,93.25,95.9
"130",130,1981,90.45,91.3,87.76,89.82,85.74,91.78
"131",131,1981,87.74,86,84.89,86.42,86.37,86.05
"132",132,1981,93.54,91.33,90.7,91.27,87.54,90
"133",133,1981,94.11,91.3,91.16,92.19,87.93,88.55
"134",134,1981,90.34,90.22,91.25,90.78,92.51,89.63
"135",135,1981,92.88,92.69,91.17,93.35,89.25,92.28
"136",136,1981,91.97,93.29,91.92,94.78,91.07,92.55
"137",137,1981,96.24,97.49,96.8,97.46,97.64,97.01
"138",138,1981,92.02,95.75,91.92,93.13,93.81,97.66
"139",139,1981,86.88,92.82,89.61,91.81,94.11,91.39
"140",140,1981,89.39,88.42,89.62,90.12,90.87,88.47
"141",141,1981,94.64,94.42,94.74,94.62,93.94,92.68
"142",142,1981,93.85,95.04,94.93,94.51,96.87,96.13
"143",143,1981,97.3,95.53,94.62,97.4,95.78,96.06
"144",144,1981,95.93,93.5,95.28,94.88,95.43,93.93
"145",145,1981,96.71,95.29,95.77,95.55,96.59,95.31
"146",146,1981,98.29,98.45,99.05,97.59,97.37,99.17
"147",147,1981,91.23,92.32,90.37,95.65,93.21,90.54
"148",148,1981,90.59,86.74,90.62,90.42,91.27,82.27
"149",149,1981,94.41,92.9,93.17,92.44,92.55,92.96
"150",150,1981,96.09,95.57,94.72,96.36,94.31,95.95
"151",151,1981,94.25,94.88,94.14,95.94,94.53,96.21
"152",152,1981,88,84.79,87.67,85.24,88.63,89.53
"153",153,1981,90.87,86.81,88.12,90.48,86.64,86.55
"154",154,1981,92.69,90.98,91.58,91.92,88.92,90.82
"155",155,1981,89.73,89.35,90.99,87.84,89.33,87.89
"156",156,1981,92.63,90.62,93.33,90.92,92.83,91.44
"157",157,1981,91.87,91.03,91.32,91.58,91.36,91.91
"158",158,1981,95.48,94.5,94.66,96.09,96.12,94.52
"159",159,1981,97.55,97.46,97.79,97.5,97.83,96.85
"160",160,1981,99.47,99.65,99.77,98.92,98.98,99.8
"161",161,1981,95.64,95.84,97.13,95.41,97.04,96.07
"162",162,1981,98.4,97.38,96.34,97.94,97.06,96.86
"163",163,1981,95.63,95.06,94.33,95.01,94.9,93.91
"164",164,1981,97.17,97,97.66,96.25,98.2,98.27
"165",165,1981,97.87,98.08,97.9,98.77,96.7,97.01
"166",166,1981,92.4,93.25,93.89,94.02,97.83,95.03
"167",167,1981,92.01,89.34,90.12,90.29,90.09,87.46
"168",168,1981,91.02,91.7,90.13,92.42,90.2,92.72
"169",169,1981,96.4,95.77,95.91,96.71,94.59,94.88
"170",170,1981,95.88,94.88,95.77,94.82,93.43,94.24
"171",171,1981,93.81,92.42,92.78,93.26,90.66,91.66
"172",172,1981,95.26,92.69,91.83,92.32,89.57,91.53
"173",173,1981,89.37,88.34,89.25,87.67,89.33,88.63
"174",174,1981,95.2,95.05,94.41,95.42,93.88,93.39
"175",175,1981,90.83,89.55,89.1,90.01,89.1,88.98
"176",176,1981,92.35,91.82,92.42,91.1,92.14,91.74
"177",177,1981,90.16,89.6,90.16,89.18,93.37,90.71
"178",178,1981,95.93,95.42,96.05,95.38,96.57,95.48
"179",179,1981,91.61,91.48,91.47,92.59,92.44,92.1
"180",180,1981,92.26,90.66,90.46,92.04,90.61,92.05
"181",181,1981,91.89,90.2,90.95,92,91.86,89.54
"182",182,1981,90.58,88.43,87.73,91.28,90.19,87.82
"183",183,1981,94.57,92.63,91.54,95.04,91.53,93.85
"184",184,1981,95.45,95.3,94.45,95.65,93.2,94.93
"185",185,1981,91.54,90.45,91.54,91.02,91.22,91.02
"186",186,1981,92.51,93.26,93.87,93.65,95.32,95.09
"187",187,1981,94.94,96.75,95.95,95.2,96.58,97.42
"188",188,1981,96.54,94.79,95.55,95.08,95.52,94.7
"189",189,1981,95.13,94.95,96.51,93.23,96.21,96.48
"190",190,1981,95.02,93.83,94.46,93.87,91.98,94.2
"191",191,1981,93.61,94.9,93.54,94.61,91.11,95.58
"192",192,1981,96.7,96.83,96.99,96.48,97.67,97.21
"193",193,1981,89.24,88.85,88.52,89.57,89.42,88.2
"194",194,1981,89.04,89.11,90.72,87.88,91.15,88.32
"195",195,1981,89.44,89,88.18,89.1,88.59,90.07
"196",196,1981,91.24,92.04,92.39,92.83,93.31,93.76
"197",197,1981,89.06,89.87,88.33,88.25,87.5,93.74
"198",198,1981,90.25,89.79,90.23,93.13,89.86,89.92
"199",199,1981,95.08,93.34,93.57,94.15,91.95,92.8
"200",200,1981,92.91,92.77,93.02,92.27,91.12,94.63
"201",201,1981,87.4,83.22,79.56,87.77,70.02,81.82
"202",202,1981,76.06,75.23,73.99,76.08,72.32,75.93
"203",203,1981,76.58,75.7,75.46,76.54,76.01,76.42
"204",204,1981,82.38,79.65,80.65,83.98,79.48,79.37
"205",205,1981,83.12,82.76,84.31,81.99,87.62,83.85
"206",206,1981,87.06,87.68,88.19,86.64,87.41,89.58
"207",207,1981,85.79,86.05,83.07,88.29,81.02,87.8
"208",208,1981,86.25,88.6,83.11,89.87,84.64,88.69
"209",209,1981,88.29,90.43,89.75,88.45,92.07,92.07
"210",210,1981,89.67,89.14,89.35,88.25,89.35,89.92
"211",211,1981,91.3,90.85,90.87,90.98,90.14,91.26
"212",212,1981,91.83,90.32,91.23,90.38,89.99,89.11
"213",213,1981,92.57,91.74,90.54,93.98,89.97,89.87
"214",214,1981,92.33,90.67,91.07,90.5,91.04,90.58
"215",215,1981,89.54,89.12,88.45,88.32,88.13,89.77
"216",216,1981,93.43,91.98,92.14,91.77,91.36,91.06
"217",217,1981,89.33,88.12,88.84,89.69,89.43,88.31
"218",218,1981,91.79,92.68,91.78,91.84,93.75,92.85
"219",219,1981,87.72,88.58,88.39,90.1,89.74,88.94
"220",220,1981,90.62,88.96,89.49,90.5,89.83,89.74
"221",221,1981,90.52,90.01,90.86,90.56,90,90.45
"222",222,1981,90.39,94.14,91.67,92.25,92.64,96.48
"223",223,1981,92.67,91.88,92.35,90.93,92.8,92.63
"224",224,1981,88.37,87.68,88.35,88.43,89.45,87.64
"225",225,1981,91.94,92.96,91.91,92.94,93.44,93.71
"226",226,1981,88.64,89.14,88.93,88.07,90.57,91
"227",227,1981,88.29,86.22,88.48,85.96,88.68,86.75
"228",228,1981,87.08,86.27,87.23,85.62,86.25,87.18
"229",229,1981,90.01,87.9,89.44,88.31,85.28,86.05
"230",230,1981,92.14,92.69,91.25,93.1,85.22,91.61
"231",231,1981,95.41,93.43,94.94,94.65,94.5,92.67
"232",232,1981,88.32,90.29,89.18,88.82,89.34,91.28
"233",233,1981,88.67,91.35,90.01,89.74,91.14,91.37
"234",234,1981,88.1,87.47,87.92,86.66,87.19,87.04
"235",235,1981,88.53,87.24,88.37,89.7,88.07,88.05
"236",236,1981,91.7,92.35,92.39,91.8,88.28,93.57
"237",237,1981,95.56,95.12,95.56,95.02,95.33,95.46
"238",238,1981,92.12,90.55,90.68,92.06,93.07,89.5
"239",239,1981,90.65,89.34,89.92,90.45,91.34,90.63
"240",240,1981,86.6,85.49,86.85,87.07,89.89,85.48
"241",241,1981,92.85,92.73,91.54,92.72,91.23,93.08
"242",242,1981,93.31,94.38,93.04,93.59,90.99,92.67
"243",243,1981,92.93,93.9,92.21,92.64,92.61,93.05
"244",244,1981,96.84,95.95,96.12,96.46,93.46,94.93
"245",245,1981,86.47,87.35,88.05,85.99,90.51,88.59
"246",246,1981,88.09,88.34,88.72,87.6,88.16,88.34
"247",247,1981,90.83,90.88,91.84,89.99,90.05,90.17
"248",248,1981,92.54,91.89,91.16,92.84,91.8,92.09
"249",249,1981,90.1,88.81,90.45,89.32,88.68,88.57
"250",250,1981,92.69,90.89,91.48,91.17,89.51,90.73
"251",251,1981,88.68,89.02,88.94,89.02,88.36,90.22
"252",252,1981,92.25,91.69,92.07,92.25,90.48,92.42
"253",253,1981,90.62,90.83,89.86,92.56,89.37,91.6
"254",254,1981,90.82,90.64,90.65,91.9,90.92,91.29
"255",255,1981,88.73,88.93,88.89,88.2,89.03,90.08
"256",256,1981,84.34,82.76,85.35,83.69,84.98,82.23
"257",257,1981,89.6,89.34,90.24,89.9,88.76,89.55
"258",258,1981,95.52,93.84,93.68,95.83,91.93,93.5
"259",259,1981,93.98,94.97,95.47,94.59,96.94,95.65
"260",260,1981,90.23,91.35,91.22,90.14,91.35,92.11
"261",261,1981,90.58,91.61,90.68,91.03,91.4,92.58
"262",262,1981,93.54,94.64,93.33,94.78,95.05,96.21
"263",263,1981,91.48,91.7,91.99,92.43,90.67,92.45
"264",264,1981,88.92,86.61,88.71,88.72,89.08,85.38
"265",265,1981,88.19,87.06,87.31,87.7,88.34,87.18
"266",266,1981,89.93,90.36,90.14,89.93,89.76,88.84
"267",267,1981,92.01,92.86,92.78,92.16,94.48,92.8
"268",268,1981,91.47,91.37,90.8,90.16,90.99,91.75
"269",269,1981,88.4,87.34,88.61,86.55,88.18,86.65
"270",270,1981,91.66,90.45,90.73,90.5,90.12,89.94
"271",271,1981,87.95,87.06,88.23,88.41,88.68,87.08
"272",272,1981,91.27,91.84,91.64,90.28,91.31,92.84
"273",273,1981,92.17,94.42,94.22,92.82,95.62,96.19
"274",274,1981,91.92,91.73,93,92.87,92.33,90.18
"275",275,1981,91.13,92.74,92.37,92.29,92.79,93.51
"276",276,1981,88.59,87.93,88.96,88.33,88.83,87.9
"277",277,1981,88.41,89.11,89.72,87.89,87.44,89.8
"278",278,1981,84.34,83.99,84.51,86.8,84.23,84.47
"279",279,1981,85.18,85.52,86.54,85.88,89.14,85.37
"280",280,1981,89.92,90.63,89.32,89.99,89.04,91.15
"281",281,1981,90.74,90.93,90.69,92.72,87.9,89.96
"282",282,1981,94.4,93.34,94.25,94.32,91.6,92.56
"283",283,1981,91.18,90.94,90.52,91.76,90.3,90.52
"284",284,1981,88.1,88.31,87.28,88.29,86.11,87.61
"285",285,1981,89.43,89.54,89.14,89.19,88.71,89.95
"286",286,1981,92.26,92.79,91.76,92.7,90.5,92.88
"287",287,1981,92.61,92.99,93.1,93.06,91.64,93.3
"288",288,1981,93.33,92.63,93.09,92.86,91.75,92.88
"289",289,1981,91.31,88.89,89.21,90.7,86.45,88.69
"290",290,1981,91.86,91.72,91.24,93.68,89.91,92.29
"291",291,1981,87.43,85.44,87.33,87.17,88.18,83.83
"292",292,1981,85.38,84.83,84.69,87.82,85,83.56
"293",293,1981,85.03,86.29,85.29,85.02,85.83,87.26
"294",294,1981,90.18,89.65,90.09,90.09,88.17,89.62
"295",295,1981,91.79,90.79,91.64,92.64,89.39,92.1
"296",296,1981,94.19,94.53,95.21,94.39,94.86,95.14
"297",297,1981,92.7,91.79,91.88,92.53,88.66,91.86
"298",298,1981,91,90.4,90.97,91.57,91.39,90.65
"299",299,1981,92.33,92.7,91.74,93.25,90.25,92.93
"300",300,1981,89.14,87.5,87.92,88.33,86.28,87.72
"301",301,1981,85.61,85.54,85,86.67,84.89,86
"302",302,1981,87.43,88.28,89.14,87.38,87.34,88.24
"303",303,1981,92.7,91.63,92.02,91.57,88.71,90.64
"304",304,1981,91.63,91.87,91.34,91.93,88.78,90.07
"305",305,1981,89.84,88.77,88.37,89.98,87.61,87.36
"306",306,1981,86.39,84.52,85.18,86.26,84.45,83.15
"307",307,1981,89.86,90.9,89.23,90.85,86.15,91.01
"308",308,1981,93.99,93.41,93.52,93.64,92.57,92.61
"309",309,1981,93.65,93.04,93.03,94.3,92.55,92.15
"310",310,1981,87.41,86.56,86.59,87.42,85.78,85.77
"311",311,1981,87.7,87.12,86.91,87.96,84.25,85.96
"312",312,1981,91.02,91.23,91.2,91.5,87.79,90.62
"313",313,1981,88.44,89.2,88.21,88.36,89.16,89.83
"314",314,1981,88.35,89.23,90.64,86.21,88.92,89.92
"315",315,1981,88.53,89.36,90.02,87.79,89.17,89.37
"316",316,1981,90.04,92.06,90.54,92.3,89.51,92
"317",317,1981,89.35,89.76,89.62,88.64,90.75,89.85
"318",318,1981,89.95,89.97,90.36,89.27,89.33,91.35
"319",319,1981,89.08,89.95,90.12,88.52,88.66,92.21
"320",320,1981,93.89,92.38,92.72,94.25,91.5,91.67
"321",321,1981,90.9,90.16,90.62,90.55,91.87,89.58
"322",322,1981,89.38,89.93,89.59,90.45,89.33,88.96
"323",323,1981,90.63,92.45,91.18,91.22,91.31,92.95
"324",324,1981,90.19,91.03,89.87,91.97,88.34,91.4
"325",325,1981,91.94,94.91,93.19,93.92,94.85,94.9
"326",326,1981,92.65,91.44,91.72,91.51,89.32,92.42
"327",327,1981,88.47,86.71,89.5,90.63,88.78,86.19
"328",328,1981,95.45,94.44,94.31,96.47,94.31,94.38
"329",329,1981,94.2,93.1,92.57,94.19,92.14,92.58
"330",330,1981,90.99,91.51,91.48,91.59,92.21,91.95
"331",331,1981,90.64,90.75,91.38,91.66,91.98,91.11
"332",332,1981,91.02,92.02,92.91,91.04,93.82,93.26
"333",333,1981,89.09,89.69,89.1,88.71,90.66,91.15
"334",334,1981,90.89,91.41,90.03,91.82,90,91.49
"335",335,1981,88.68,87.07,87.64,89.4,86.28,86.59
"336",336,1981,88.71,89.92,88.95,89.57,91.09,90.36
"337",337,1981,92.1,92.88,93.37,92.2,94.06,93.04
"338",338,1981,90.83,91.52,90.29,93.04,90.56,91.85
"339",339,1981,88,88.46,86.83,89.3,87.88,88.53
"340",340,1981,89.77,89.97,90.25,89,91.53,89.25
"341",341,1981,95.09,95.35,94.97,95.83,94.57,95.38
"342",342,1981,96.88,96.19,96.42,96.28,95.11,96.79
"343",343,1981,93.97,92.89,93.66,92.83,92.03,92.8
"344",344,1981,90.91,90.76,91.25,90.27,90.78,90.74
"345",345,1981,91.86,92.71,91.08,92.68,91.15,92.38
"346",346,1981,89.02,88.72,89.1,90.17,89.11,87.58
"347",347,1981,93.57,92.89,92.65,94.18,92,93.18
"348",348,1981,90.63,91.28,90.47,92.41,89.01,92.12
"349",349,1981,87.87,88.75,88.07,89.16,87.81,87.64
"350",350,1981,86.72,88.28,88.71,88.01,91.11,90.31
"351",351,1981,91.52,92.44,92.73,90.58,92.67,92.99
"352",352,1981,90.22,92.17,92.21,90.6,89.52,92.47
"353",353,1981,90.72,93.84,93.8,89.44,93.72,96.14
"354",354,1981,90.71,91.26,90.46,91.26,91.76,92.47
"355",355,1981,92.58,92.81,92.71,93.44,92.36,92.9
"356",356,1981,90.25,91.28,90.34,91.81,89.89,91.34
"357",357,1981,89.2,90.42,90.77,88.92,91.86,90.91
"358",358,1981,94.52,96.05,95.34,94.3,95.91,95.19
"359",359,1981,95.6,96.04,95.9,96.09,97.78,96.61
"360",360,1981,94.27,95.93,96.1,93.79,96.42,96.1
"361",361,1981,92.73,92.04,92.79,91.68,92.06,92.67
"362",362,1981,88.3,89.7,88.59,88.98,88.03,90.81
"363",363,1981,88.38,89.11,87.99,89.93,88.83,89.72
"364",364,1981,87.76,89.24,87.87,88.64,87.99,90.39
"365",365,1981,85.51,85.79,86.72,85.79,88.82,86.42
"366",1,1982,86.53,87.14,87.44,88.28,88.76,86.83
"367",2,1982,92.18,91.76,92.39,92.13,91.5,92.19
"368",3,1982,92.65,93.12,93.08,92.71,92.27,93.99
"369",4,1982,95,95.59,95.76,93.67,95.48,96.32
"370",5,1982,91.58,92.97,91.51,92.14,92.15,95.08
"371",6,1982,85.94,88.23,86.11,87.7,86.57,89.26
"372",7,1982,82.22,86.46,84.29,84.12,87.32,89.27
"373",8,1982,85.39,88.63,86.96,87.38,88.82,90.09
"374",9,1982,83.16,88.23,85.09,86.03,88.07,90.64
"375",10,1982,85.91,89.97,86.46,88.56,89.18,90.46
"376",11,1982,88.67,91.86,90.23,88.87,93.24,93.59
"377",12,1982,91.44,93.48,92.83,93.44,91.96,93.25
"378",13,1982,93.13,95,93.81,93.09,93.3,95.3
"379",14,1982,89.84,92.13,90.33,91.48,92.04,91.17
"380",15,1982,86.3,89.09,87.96,86.54,92.52,89.02
"381",16,1982,86.27,88.37,89.76,83.94,89.92,88.59
"382",17,1982,80.6,84.9,85.09,79.5,86.34,87.13
"383",18,1982,72.89,77.76,78.93,74.85,90.46,80.05
"384",19,1982,79.03,83.33,85.4,77.5,91.24,85.5
"385",20,1982,77.74,85.68,87.2,76.53,91.22,87.63
"386",21,1982,73.33,79.93,80.07,73.63,86.19,82.03
"387",22,1982,68.41,72.73,72.14,69.44,77.8,74.81
"388",23,1982,69.17,72.7,73.18,70.57,83.52,75.71
"389",24,1982,78.09,80.99,81.4,78.57,87.32,82.68
"390",25,1982,77.3,83.24,80.82,78.49,86.07,83.48
"391",26,1982,75.02,81.8,80.66,76.62,89.56,85.87
"392",27,1982,78.69,84.33,83.46,79.19,90.18,89.11
"393",28,1982,85.34,88.47,87.35,85.83,88.71,88.61
"394",29,1982,87.86,88.19,87.98,88.3,89.94,86.9
"395",30,1982,87.85,87.21,90.01,88.84,90.04,86.35
"396",31,1982,89.51,88.72,89.9,89.13,92.18,88.46
"397",32,1982,88.5,88.38,89.7,87.65,91.39,88.96
"398",33,1982,87.81,90.11,90.14,86.56,93.72,91.92
"399",34,1982,89.32,88.63,89.57,88.44,89.73,88.76
"400",35,1982,91.08,91.25,90.79,88.8,89.58,91.08
"401",36,1982,91.11,89.17,89.53,90.61,90.18,85.19
"402",37,1982,93.02,90.04,92.5,92.64,93.5,88.78
"403",38,1982,90.71,90.17,90.95,92.77,93.7,91.98
"404",39,1982,89.28,88.58,88.68,90.25,89.93,88.56
"405",40,1982,91,90.13,91.31,89.91,92.94,92.02
"406",41,1982,93.7,93.09,93.03,93.69,92.56,92.11
"407",42,1982,92.25,92.49,92.41,93.49,92.52,92.99
"408",43,1982,90.64,90.16,90.74,91.2,92.41,91.31
"409",44,1982,91.87,91.74,92.13,91.71,92.92,92.22
"410",45,1982,88.87,91.05,90.85,89.11,91.89,92.42
"411",46,1982,85.54,88.94,88.95,85.37,91.02,90.5
"412",47,1982,84.27,86.38,87.83,83.17,90.41,88.12
"413",48,1982,84.16,86.58,86.7,83.93,87.76,87.34
"414",49,1982,87.65,88.26,88.18,87.29,86.74,88.38
"415",50,1982,92.55,93.51,92.82,92.92,92.26,93.28
"416",51,1982,95.33,94.64,93.5,94.24,93.76,94.13
"417",52,1982,89.77,88.89,88.93,89.77,89.85,88.63
"418",53,1982,86.49,86.31,87.19,84.77,85.98,86.98
"419",54,1982,87.24,87.64,88.01,87.17,85.71,88.1
"420",55,1982,91.16,88.75,89.55,90.94,89.42,88.65
"421",56,1982,90.25,91.27,90.36,91.84,90.8,90.96
"422",57,1982,87.73,87,86.44,88.27,85.16,86.47
"423",58,1982,87.44,88.14,87.87,88.19,87.17,86.35
"424",59,1982,91.78,91.48,91.04,92.08,91.62,91.23
"425",60,1982,89.85,89.36,89.64,89.54,88.15,90.19
"426",61,1982,85.32,85.52,86.13,85.21,88.2,85.07
"427",62,1982,83.48,86.07,85.53,83.85,87.4,87.53
"428",63,1982,87.42,89.74,88.57,88.56,88.86,90.08
"429",64,1982,91.55,92.78,92.33,91.85,93.43,94.49
"430",65,1982,89.15,89.48,90.01,88.18,90.28,91.42
"431",66,1982,82.54,84.57,84.19,82.38,85.55,86.74
"432",67,1982,81.15,85.89,84.91,81.81,90.73,87.88
"433",68,1982,81.58,87.11,84.53,84.15,87.36,88.24
"434",69,1982,78.46,81.7,81.23,77.99,83.74,84.19
"435",70,1982,79.18,84.72,82.35,79.54,84.71,87.33
"436",71,1982,89.08,93.29,92.35,89.83,91.56,93.67
"437",72,1982,94.14,94.36,93.67,93.76,94.32,92.69
"438",73,1982,90.69,91.21,89.99,92.39,89.66,92.73
"439",74,1982,88.09,87.91,86.99,88.71,85,88.18
"440",75,1982,86.44,85.88,86.64,86.45,89.54,87.69
"441",76,1982,88.41,89.91,90.07,89.62,92.3,91.03
"442",77,1982,90.34,90.97,90.83,90.36,93.4,94.69
"443",78,1982,93.06,90.61,91.46,91.39,92.39,91.78
"444",79,1982,92.3,91.17,92.05,92.68,87.54,90.27
"445",80,1982,91.1,91.81,90.55,92.19,91.41,92.03
"446",81,1982,91.98,92.38,92.36,92.25,93.42,92.35
"447",82,1982,92.63,93.49,92.44,91.82,93.17,93.35
"448",83,1982,95.42,94.93,94.69,94.86,93.23,94.94
"449",84,1982,94.13,92.96,93.05,94.43,90.8,93.14
"450",85,1982,86.75,88.91,87.08,88.29,88.51,90.35
"451",86,1982,87.68,87.79,87.8,88.47,90.91,90.3
"452",87,1982,87.96,88.88,89.26,89.44,89.09,88.68
"453",88,1982,96.7,95.07,95.09,94.57,94.07,93.02
"454",89,1982,94.42,95.95,95.36,93.81,96.51,95.05
"455",90,1982,92.41,92.58,92.83,91.27,92.98,93.16
"456",91,1982,95.07,95.02,93.81,95.48,92.21,95.37
"457",92,1982,94.97,95.92,95.9,94.17,95.29,96.57
"458",93,1982,94.02,93.32,93.01,93.08,91.45,94.15
"459",94,1982,93.46,94.52,93.22,93.2,91.87,95.61
"460",95,1982,94.21,95.59,94.24,95.15,96.13,98.14
"461",96,1982,96.05,95.45,94.33,96.55,95.52,95.5
"462",97,1982,93.19,93.23,92.26,93.99,93.31,93.76
"463",98,1982,90.82,90.24,91.68,91.05,94.47,92.62
"464",99,1982,97.04,95.29,94.81,95.57,95.15,94.41
"465",100,1982,97.55,96.84,98.46,95.86,97.8,97.22
"466",101,1982,93.37,93.44,95.32,90.84,95.32,93.16
"467",102,1982,92.81,93.06,91.72,89.79,88.79,92.16
"468",103,1982,90.77,93.3,91.66,89.74,91.32,93.51
"469",104,1982,87.16,89.91,89.48,86.08,88.02,90.09
"470",105,1982,89.3,90.43,90.52,88.65,91.55,92.8
"471",106,1982,92.26,91.95,92.12,90.69,91.36,92.65
"472",107,1982,95.45,92.41,93.87,93.88,94.18,91.64
"473",108,1982,91.22,91.86,91.38,91.38,91.52,92.74
"474",109,1982,91.56,92.64,90.59,92.22,86.27,92.25
"475",110,1982,92.54,91.73,92.19,92.21,91.57,91.95
"476",111,1982,92.15,92.93,92.15,91.68,93.57,93.06
"477",112,1982,94.41,93.28,94.48,93.98,95.51,94.67
"478",113,1982,89.71,90.56,90.37,92,92.39,92.45
"479",114,1982,92.38,92.94,92.17,92.99,90.43,94.05
"480",115,1982,89.81,90.53,90.07,90.15,89.81,91.96
"481",116,1982,97.11,97.11,97,96.09,96.44,96.23
"482",117,1982,92.39,91.66,92.46,91.14,94.11,91.45
"483",118,1982,91.14,91.98,89.24,93.74,89.46,90.39
"484",119,1982,91.64,92.22,93.04,91.56,90.82,92.87
"485",120,1982,90.82,90.46,89.65,93.44,93.04,87.93
"486",121,1982,92.08,93.24,92.55,92.13,93.4,93.91
"487",122,1982,91.54,93.68,90.84,91.91,91.73,93.76
"488",123,1982,90.45,92.09,89.84,91.37,89.2,92.37
"489",124,1982,94.19,95.37,93.73,94.11,94.66,95.44
"490",125,1982,90.23,90.56,88.98,91.52,90.26,89.67
"491",126,1982,91.39,92.89,93.5,91.34,91.97,93.05
"492",127,1982,89.7,90.36,90.59,90.34,92.45,92.03
"493",128,1982,97.04,96.57,96.37,97.15,95.21,96.21
"494",129,1982,93.11,93.74,91.69,94.88,91.66,93.97
"495",130,1982,88.81,89.23,90.42,89.84,90.99,89.13
"496",131,1982,87.92,89.98,88.56,88.6,89.75,90.18
"497",132,1982,91.49,86.56,88.05,90.42,85.17,83.85
"498",133,1982,90.38,88.86,89.46,91.46,88.65,87.15
"499",134,1982,91.1,90.84,90.43,91.29,90.57,92.1
"500",135,1982,90.14,89.96,89.87,92.4,88.45,90.51
"501",136,1982,90.7,89.7,90.24,90.73,89.39,89.11
"502",137,1982,92.94,91.62,90.06,93.99,90.71,91.46
"503",138,1982,93.78,89.02,89.73,92.42,87.61,89.25
"504",139,1982,93.42,91.06,92.61,91.83,89.43,90.63
"505",140,1982,93.41,92.51,91.91,93.22,91.9,92.83
"506",141,1982,93.78,92.62,92.47,93.62,90.38,92.31
"507",142,1982,93.63,93.63,92.12,94.99,93.33,93.88
"508",143,1982,92.64,93.17,93.97,92.48,95.19,92.75
"509",144,1982,88.43,87.32,87.09,89.92,90.13,85.5
"510",145,1982,92.95,92.55,92.97,91.4,95.07,93
"511",146,1982,98.5,98.43,97.72,98.77,96.57,97.74
"512",147,1982,94.13,94.67,95.24,92.9,94.9,94.92
"513",148,1982,98.54,97.67,95.35,98.39,93.86,96.26
"514",149,1982,89.45,88.85,85.88,92.64,83.97,87.43
"515",150,1982,87.94,89.2,86.49,90.75,87.36,86.54
"516",151,1982,90.17,94.73,90.13,90.84,92.26,95.05
"517",152,1982,90.91,91.19,92.18,88.24,92.39,91.27
"518",153,1982,90.92,90.17,90.24,89.41,91.38,90.86
"519",154,1982,89.99,89.5,88.2,90.58,90.27,88.96
"520",155,1982,89.76,90.31,89.82,90.26,91.79,91.1
"521",156,1982,92.12,91.29,90.34,91.49,90.36,92.16
"522",157,1982,90.04,92.1,91.13,91.63,92.22,93.98
"523",158,1982,95.25,93.19,92.48,96.03,89.78,91.8
"524",159,1982,93.89,92.89,93.52,92.41,93.39,92.27
"525",160,1982,90.97,88.37,88.73,90.41,89.28,87.89
"526",161,1982,92.81,91.22,90.23,93.13,91.31,90.83
"527",162,1982,91.76,91.02,91.03,92.71,93.84,91.42
"528",163,1982,90.69,90.41,90.57,91.46,90.9,90.11
"529",164,1982,92.32,92.6,92.16,92.38,92.22,93.68
"530",165,1982,92.31,90.11,91.74,90.88,91.38,89.38
"531",166,1982,91.29,90.76,90.88,90.96,92.62,92.52
"532",167,1982,94.96,95.43,95.26,95.4,96.5,97.11
"533",168,1982,92.03,90.53,91.85,92.61,92.11,91.26
"534",169,1982,90.85,88.91,89.93,89.39,88.79,89.03
"535",170,1982,88.09,87.03,87.03,88.04,87.63,86.62
"536",171,1982,89.8,86.87,87.09,88.52,87.51,84.8
"537",172,1982,92.99,93.98,93.26,92.77,94.33,93.49
"538",173,1982,94.96,92.7,93.55,93.08,92.93,92.77
"539",174,1982,94.17,92.9,91.92,94.73,90.27,92.59
"540",175,1982,89.65,88.93,88.87,88.34,87.87,88.82
"541",176,1982,84.92,84.2,85.93,84.7,86.45,83.53
"542",177,1982,89.95,92.3,90.75,91.61,88.52,91.43
"543",178,1982,92.18,90.75,90.62,92.99,88.56,90.41
"544",179,1982,91.6,90.71,90.61,90.38,89.94,90.45
"545",180,1982,92.81,92.7,92.62,92.29,92.21,92.7
"546",181,1982,91.44,89.29,91.52,90.29,91.5,90.69
"547",182,1982,94.12,92.43,94.3,93.07,92.7,92.34
"548",183,1982,96.7,96.11,95.88,96.98,95.62,95.42
"549",184,1982,94.56,94.45,93.74,94.43,93.16,94.83
"550",185,1982,94.69,93.59,93.78,93.01,93.07,94.42
"551",186,1982,91.37,91.25,91.65,89.77,91.76,91.21
"552",187,1982,94.2,93.14,94.54,92.67,94.35,92.76
"553",188,1982,91.67,90.39,91.46,90.56,92.78,91.91
"554",189,1982,93.27,90.72,90.88,92.15,90.98,89.6
"555",190,1982,88.76,87.25,88.06,88.32,87.42,87.58
"556",191,1982,91.96,91.69,90.46,91.82,89.6,91.56
"557",192,1982,94.34,93.64,93.57,94.4,91.97,93.53
"558",193,1982,94.33,93.49,93.86,95.18,93.67,93.87
"559",194,1982,92.36,90.39,90.43,91.18,90.02,89.92
"560",195,1982,90.33,88.48,89.73,89.8,88.98,87.1
"561",196,1982,89.95,88.79,89.44,89.95,89.64,88.29
"562",197,1982,89.13,87.22,88.64,87.54,87.83,86.43
"563",198,1982,87.94,88.5,86.43,89.86,87.23,90.23
"564",199,1982,91.88,91.34,90.67,93.52,90.71,91.67
"565",200,1982,96.56,95.4,94.05,96.41,93.09,95.42
"566",201,1982,95.17,94.54,95.62,93.32,94.99,95.32
"567",202,1982,88.88,88.28,89.77,87.55,91.15,87.42
"568",203,1982,92.43,90.24,90.51,92.55,89.36,88.57
"569",204,1982,88.97,89.13,89.39,90.01,90.15,89.15
"570",205,1982,91.8,91.5,91.71,91.07,93.13,92.45
"571",206,1982,95.49,94.5,94.24,94.58,92.2,93.93
"572",207,1982,92.86,94.05,93.01,93.08,92.49,93.18
"573",208,1982,93.26,94.54,94.47,95.13,94.79,95.72
"574",209,1982,97.95,96.95,97.1,97.44,96.99,95.48
"575",210,1982,93.61,92.6,93.59,93.72,95.88,93.41
"576",211,1982,93.4,92.23,93.5,93.17,94.77,92.27
"577",212,1982,94.64,93.49,94.35,92.51,95.4,93.16
"578",213,1982,91.77,90.19,90.74,90.45,89.54,91.15
"579",214,1982,90.07,89.4,89.19,89.33,89.83,90.12
"580",215,1982,94.26,93.47,92.08,94.07,91.78,92.21
"581",216,1982,88.65,87.5,88.85,88.16,91.07,87.16
"582",217,1982,92.75,92.26,92.18,92.58,91.38,92.36
"583",218,1982,92.74,91.55,93.03,93,94.11,92.6
"584",219,1982,91.09,90.57,90.61,91.66,90.13,90.53
"585",220,1982,88.85,88.6,89.6,88.45,90.45,87.96
"586",221,1982,92.72,89.68,91.79,90.45,90.86,89.47
"587",222,1982,92.8,92.9,93.24,92.18,92.7,93.12
"588",223,1982,93.27,93.01,94.15,91.25,94.34,92.33
"589",224,1982,91.07,90.29,90.7,90.29,92.05,90.01
"590",225,1982,89.82,89.11,88.61,91.19,91.37,90.58
"591",226,1982,91.35,91.29,91.42,90.46,92.88,91.96
"592",227,1982,90.45,91.04,91.16,90.19,90.96,90.76
"593",228,1982,94.54,93.2,93.55,93.96,93.11,91.57
"594",229,1982,93.51,93.95,93.59,93.48,94.09,93.06
"595",230,1982,92.37,91.17,91.29,92.7,91.88,91.87
"596",231,1982,91.85,92.03,91.23,91.54,91.47,91.76
"597",232,1982,91.69,92.37,91.89,92.62,91.94,92.05
"598",233,1982,90.79,90.88,89.74,91.26,91.8,91
"599",234,1982,90.18,91.58,91.46,89.22,93.02,92.34
"600",235,1982,91.93,91.44,91.49,92.31,92.22,92.06
"601",236,1982,93.14,92.64,92.37,93.27,92.9,92.73
"602",237,1982,91.27,89.98,89.78,90.79,89.44,90.8
"603",238,1982,90.97,90.41,90.74,91.07,92.67,90.79
"604",239,1982,95.25,94.72,95.03,94.44,92.18,94.09
"605",240,1982,91.92,90.81,90.95,91.65,90.1,91.53
"606",241,1982,89.95,88.25,89.02,88.85,90.04,89.97
"607",242,1982,88.03,88.15,89.73,88.32,91.48,88.92
"608",243,1982,91.07,90.99,90.89,91.35,90.01,90.71
"609",244,1982,93.28,93.01,92.56,93.06,92.18,93.75
"610",245,1982,92.49,91.15,91.43,92.68,92.1,91.29
"611",246,1982,90.75,90.34,90.18,90.66,90.96,91.41
"612",247,1982,91.83,92.95,93.13,92.71,91.43,91.64
"613",248,1982,91.75,90.71,91.13,90.94,90.08,90.22
"614",249,1982,91.26,90.24,90.77,91.09,90.85,91.18
"615",250,1982,91.75,91.76,91.57,91.6,89.89,90.99
"616",251,1982,90.81,91.22,90.04,90.28,89.47,92.36
"617",252,1982,90.21,89.85,88.98,90.69,89.39,90.51
"618",253,1982,88.31,89.55,89.99,89.22,88.76,90.88
"619",254,1982,93.65,92.05,91.24,92.7,88.32,90.91
"620",255,1982,89.21,90.04,89.9,89.38,90.99,91.35
"621",256,1982,87.51,88.42,89,86.3,88.69,88.62
"622",257,1982,87.3,87.47,86.99,87.11,87.17,88.94
"623",258,1982,86.87,87.44,86.64,87.44,83.82,88.12
"624",259,1982,87.15,85.32,85.28,87.51,85.78,85.02
"625",260,1982,89.5,87.46,87.37,88.2,86.02,85.54
"626",261,1982,91.52,89.66,90.22,90.94,90.17,88.57
"627",262,1982,92.67,91.03,91.53,93.2,89.87,89.27
"628",263,1982,92.24,92.26,91.51,93.32,91.72,91.26
"629",264,1982,91.85,91.83,92.23,92.66,90,91.52
"630",265,1982,89.77,87.65,88.57,89.19,87.52,87.62
"631",266,1982,92.03,92.24,91.32,92.36,92.49,93.03
"632",267,1982,89.44,88.14,89.35,89.98,89.96,89.55
"633",268,1982,90.09,88.9,89,90.34,88.29,88.78
"634",269,1982,92.1,91.26,91.08,92.47,88.84,91.87
"635",270,1982,88.09,88,87.93,87.33,86.59,88.77
"636",271,1982,92.64,92.83,93.51,91.53,90.1,93.55
"637",272,1982,92.91,92.83,91.9,92.76,89.23,93.67
"638",273,1982,93.36,92.67,93.15,93.74,93.3,92.27
"639",274,1982,91.6,90.72,91.37,91.23,91.06,90.64
"640",275,1982,89.41,89.67,89.94,90.76,89.78,89.93
"641",276,1982,85.87,87.44,85.92,87.41,85.88,87.18
"642",277,1982,87.43,87.85,89.81,88.5,88.36,88.11
"643",278,1982,89.88,90.41,90.95,88.81,88.69,90.34
"644",279,1982,89.06,91.1,92.03,89.09,93.02,91.4
"645",280,1982,86.58,86.29,85.39,89.44,85.72,85.66
"646",281,1982,85.71,88.65,84.99,89.07,87.98,89.4
"647",282,1982,91.32,93.53,93.92,92.95,94.88,94.96
"648",283,1982,95.16,95.35,94.58,95.13,93.18,95.18
"649",284,1982,93.3,93.13,93.74,93.7,93.17,93.41
"650",285,1982,88.48,89.15,88.54,89.86,88.62,89.79
"651",286,1982,88.58,88.92,87.94,90.09,87.59,87.94
"652",287,1982,91.14,91.79,92.35,90.24,93,91.96
"653",288,1982,91.93,90.56,90.47,91.54,88.42,90.59
"654",289,1982,91.55,90.1,90.43,91.88,89.87,88.96
"655",290,1982,90.98,90.16,89.67,91.22,88.64,89.67
"656",291,1982,88.48,87.71,88.54,88.07,89.19,87.71
"657",292,1982,88.57,87.67,87.1,89.05,87.04,88.89
"658",293,1982,89.99,87.51,88.13,89.42,84.78,86.85
"659",294,1982,92.06,91.58,92.09,92.59,92.06,92.53
"660",295,1982,91.78,90.44,90.36,90.2,89.46,90.91
"661",296,1982,86.75,86.71,85.7,88.31,85.63,87.27
"662",297,1982,85.91,86.97,85.47,89.14,87.32,86.35
"663",298,1982,94.7,94.77,93.04,95.36,90.26,94.65
"664",299,1982,94.48,93.25,92.86,94.31,92.45,93.95
"665",300,1982,92.03,91.46,91.24,92.92,90.75,91.81
"666",301,1982,92.03,92.88,92.87,91.04,90.32,92.04
"667",302,1982,87.79,87.12,87.34,86.88,86.78,87.02
"668",303,1982,88.96,87.73,89.66,87.61,88.98,88.36
"669",304,1982,95.16,94.77,92.84,94.45,91.86,94.78
"670",305,1982,92.69,92.57,92.61,92.52,91.49,92.03
"671",306,1982,89.74,90.4,89.51,89.76,88.31,91.95
"672",307,1982,86.96,88.02,86.71,88.14,88.53,88.84
"673",308,1982,89.12,91.98,90.82,91.38,92.55,92.66
"674",309,1982,89.47,90.55,88.4,88.73,87.55,91.95
"675",310,1982,88.97,91.3,90.21,90.04,91.07,92.88
"676",311,1982,90.17,89.89,90.14,91.14,89.29,88.62
"677",312,1982,91.5,93.96,93.81,92.38,94.22,94.79
"678",313,1982,92.21,91.28,91.76,92.94,92.24,91.01
"679",314,1982,93.5,93.23,93.56,93.69,93.12,92.9
"680",315,1982,90.83,92.8,92.1,92.75,92.79,93.26
"681",316,1982,91.92,90.87,91.96,90.41,92.64,91.32
"682",317,1982,93.67,93.09,92.38,91.5,87.9,91.85
"683",318,1982,92.86,92.74,92.24,92.96,93.41,92.86
"684",319,1982,93.81,91.9,93.11,94,89.84,89.29
"685",320,1982,92.65,91.5,92.89,92.67,94.53,91.41
"686",321,1982,92.93,92.22,92.52,92.49,92.17,90.95
"687",322,1982,93.09,92.5,92.18,92.8,89.58,92.35
"688",323,1982,91.36,91.57,91.19,92.51,91.94,91.71
"689",324,1982,88.19,87.28,88.1,87,89.46,86.5
"690",325,1982,90.55,92.03,91.05,90.76,90.2,93.61
"691",326,1982,93.57,92.91,90.76,92.16,88.2,93.57
"692",327,1982,94.78,95.16,94.48,94.84,89.24,94.78
"693",328,1982,93.71,92.03,94.76,93.02,94.35,93.01
"694",329,1982,91.73,91,90.79,91.37,90.46,91.55
"695",330,1982,90.85,91.5,91.49,91.35,92.28,92.38
"696",331,1982,83.97,85.97,85.58,86.41,88.43,87.18
"697",332,1982,81.78,83.39,83.78,81.75,86.46,85.49
"698",333,1982,90.33,92.2,92.09,90.52,92.6,92.61
"699",334,1982,95.75,95.67,95.15,96.06,93.67,95.17
"700",335,1982,94.73,93.91,93.97,94.68,94.13,94.18
"701",336,1982,91.45,92.05,92.21,92.38,94.78,94.43
"702",337,1982,93.11,93.3,93.5,93.13,92.91,94.08
"703",338,1982,93.33,93.91,93.33,93.54,92.24,94.14
"704",339,1982,89.91,89.47,91.06,90.64,89.56,90.65
"705",340,1982,89.44,90.24,90.49,89.25,92.35,92.56
"706",341,1982,91.07,93.69,92.38,92.6,93.84,95.05
"707",342,1982,92.49,92.61,92.83,91.85,91.28,92.87
"708",343,1982,94.34,95.56,94.74,94.46,94.78,95.84
"709",344,1982,93.44,95.1,94.19,95.38,91.46,96.3
"710",345,1982,91.07,91.28,91.9,92.21,89.35,91.38
"711",346,1982,91.16,90.87,90.95,90.54,91.58,90.84
"712",347,1982,90.14,90.47,90.06,91.23,88.5,90.79
"713",348,1982,90.5,91.32,89.51,91.58,88.55,90.87
"714",349,1982,87.11,89.62,87.03,88.78,88.44,89.73
"715",350,1982,85.87,87.61,86.78,85.45,86.18,87.79
"716",351,1982,84.9,87.05,87.17,84.71,88.31,87.61
"717",352,1982,85.3,87.33,87.82,85.97,89.49,89.7
"718",353,1982,89.55,91.35,91.83,90.35,93.04,92.42
"719",354,1982,91.97,93.05,93.14,92.99,94.64,94.79
"720",355,1982,92.75,92.45,92.13,93.81,93.13,92.62
"721",356,1982,92.26,91.88,92.2,91.27,93.02,91.38
"722",357,1982,88.95,89.42,88.44,88.77,90.38,90.64
"723",358,1982,81.71,86.5,86.01,81.71,91.59,90.92
"724",359,1982,83.61,87,87.87,82.86,94.07,90.93
"725",360,1982,89.35,91.01,91.65,89.82,93.75,92.27
"726",361,1982,90.31,90.65,90.74,91.45,90.11,91.35
"727",362,1982,90.67,91.64,91.19,90.96,93.32,91.58
"728",363,1982,89.45,91.65,90.67,91.04,89.89,91.33
"729",364,1982,90.57,91.27,90.03,92.37,92.12,92.37
"730",365,1982,89.93,90.96,90.81,89.83,92.03,91.06
"731",1,1983,91.67,91.5,90.89,91.62,91.3,91.64
"732",2,1983,90.16,90.07,89.18,91.04,89.18,89.87
"733",3,1983,87.88,87.76,86.28,89.09,86.34,88.63
"734",4,1983,94.39,95.16,93.54,95.31,93.48,94.64
"735",5,1983,95.69,96.57,96.22,94.93,96.57,97.68
"736",6,1983,96.73,96.59,96.69,95.43,96.51,97.08
"737",7,1983,94.87,95.7,95.88,94.44,96.5,96.23
"738",8,1983,92.31,92.18,91.85,93.13,90.71,91.96
"739",9,1983,92.51,92.13,91.49,92.18,89.91,91.37
"740",10,1983,90.4,90.25,90.52,90.96,89.97,88.77
"741",11,1983,91.62,91.72,91.15,91.16,91.13,91.44
"742",12,1983,89.67,89.01,88.22,90.55,86.82,87.55
"743",13,1983,86.54,86.81,86.94,87.05,87,85.66
"744",14,1983,79.78,81.36,82,79.03,85.73,82.29
"745",15,1983,79.12,81.82,80.88,79.39,84.54,83.34
"746",16,1983,85.66,88.71,88.6,86.25,86.8,90.44
"747",17,1983,88.49,88.26,89.27,88.09,91.48,87.32
"748",18,1983,88.21,88.16,89.43,88.69,89.94,89.38
"749",19,1983,87.95,89.5,90.29,88.86,90.58,90.27
"750",20,1983,90.15,89.77,90.21,89.61,92.5,91.3
"751",21,1983,85.69,83.89,84.94,85.33,89.03,84.81
"752",22,1983,83.02,82.51,85.5,82.53,88.29,83.7
"753",23,1983,84.86,85.09,85.85,84.65,87.35,84.86
"754",24,1983,84.64,88.13,86.44,87.06,90.13,89.39
"755",25,1983,85.84,86.73,86.58,86.08,86.04,85.27
"756",26,1983,78.57,81.87,82.07,77.98,82.86,82.66
"757",27,1983,76.01,78.49,76.63,76.7,78.46,77.12
"758",28,1983,74,75.15,74.61,73.07,77.94,73.85
"759",29,1983,69.92,72.1,71.2,69.83,73.58,70.77
"760",30,1983,66.79,69.76,69.08,66.76,71.25,69.6
"761",31,1983,65.02,65.23,65.29,65.64,72.41,66.26
"762",32,1983,62.94,64.81,65.49,62.54,75.64,67.84
"763",33,1983,67.94,78.19,75.86,66.62,83.46,78.23
"764",34,1983,82.16,85.46,86,78.66,91.74,84.67
"765",35,1983,85.61,86.56,87.03,82.55,86.94,87.38
"766",36,1983,82.48,84.83,88.11,80.39,90.32,87.41
"767",37,1983,76.88,79.63,83.64,71.89,84.95,83.4
"768",38,1983,66.31,71.2,78.07,60.41,86.91,75.8
"769",39,1983,64.01,69.79,74.07,58.28,82.24,76.91
"770",40,1983,56.96,63.34,66.55,52.46,76.36,69.67
"771",41,1983,54.91,59.98,61.16,51.49,70.73,65.91
"772",42,1983,58.06,62.81,65.54,52.65,76.55,66.67
"773",43,1983,62.46,66.14,68.44,59.67,75.56,68.72
"774",44,1983,64.35,68.66,69.53,61.42,78.25,72
"775",45,1983,69.71,75.84,79.19,63.8,87.28,79.65
"776",46,1983,66.37,71.31,77.76,57.42,85.89,76.33
"777",47,1983,71.17,73.37,77.32,65.34,82.49,73.47
"778",48,1983,86.31,87.61,88.96,81.38,91.81,87.22
"779",49,1983,92.61,94.58,94.57,90.67,94.57,95.37
"780",50,1983,92.33,92.93,91.73,93.13,93.36,93.66
"781",51,1983,86.63,86.46,87.16,86.46,88.92,87.13
"782",52,1983,91.28,92.67,91.98,92.33,89.01,93.45
"783",53,1983,95.15,93.09,95.29,92.81,95.4,95.25
"784",54,1983,94.69,94.51,95.44,92.71,95.72,94.67
"785",55,1983,95.12,94.59,95.13,95.15,94.53,94.73
"786",56,1983,92.88,94.85,93.42,92.54,94.76,96.35
"787",57,1983,91.17,90.66,91.29,90.08,90.74,91.03
"788",58,1983,90.45,88.86,90.58,88.53,89.73,89.07
"789",59,1983,91.13,90.24,89.69,91.57,88.14,89.53
"790",60,1983,90.91,90.91,90.45,90.96,88.28,90.02
"791",61,1983,85.48,86.47,85.3,86.75,86.4,87.1
"792",62,1983,84.3,85.45,84.37,85.88,85.56,86.05
"793",63,1983,86.29,88.61,88.69,85.99,88.48,90.03
"794",64,1983,84.72,91.1,89.13,85.47,92.28,93.06
"795",65,1983,85.19,88.62,87.32,84.8,90.63,90.54
"796",66,1983,85.63,88.24,87.83,83.76,88.45,87.83
"797",67,1983,80.53,85.19,84.42,79.83,85.81,87.33
"798",68,1983,85.76,89.19,89.8,82.84,84.84,90.63
"799",69,1983,87.87,89.45,91.71,84.15,92.09,92.09
"800",70,1983,92.28,91.64,92.08,89.24,91.82,90.56
"801",71,1983,90.19,91.33,90.91,88.24,90.53,92.53
"802",72,1983,92.26,92.67,92.45,90.55,92.24,92.2
"803",73,1983,95.81,93.57,94.75,93.9,92.95,93.1
"804",74,1983,92.02,92.94,93.56,92.03,94.81,92.85
"805",75,1983,87.23,87.13,86.92,85.99,87.09,87.88
"806",76,1983,89.54,87.38,88.25,86.62,88.55,87.43
"807",77,1983,85.09,85.28,85.01,84.88,85.13,84.62
"808",78,1983,90.32,89.78,88.48,91.28,88.09,88.71
"809",79,1983,88.29,89.42,88.78,88.68,91.68,90.95
"810",80,1983,89.56,90.49,89.96,88.94,91.54,91.5
"811",81,1983,91.73,91.67,91.41,92.37,94.45,92.61
"812",82,1983,92.53,92.7,93.89,91.58,93.07,92.72
"813",83,1983,95.52,95.93,96.24,93.39,96.86,95.53
"814",84,1983,89.72,90.55,91.68,89.93,92.97,90.62
"815",85,1983,86.6,89.74,88,90.03,89.15,90.77
"816",86,1983,87.91,90.13,89.14,88.06,89.59,91.43
"817",87,1983,81.67,84.05,82.46,81.17,85.03,85.14
"818",88,1983,74.24,78.98,79.43,73.36,88.8,83.61
"819",89,1983,80.8,84.7,87.23,77.62,90.99,84.34
"820",90,1983,84.38,87.04,87.93,83.12,90.47,86.24
"821",91,1983,88.62,88.12,89.3,84.35,88.74,88.59
"822",92,1983,91.12,90.4,91.52,89.03,93.45,91.92
"823",93,1983,94.19,93.16,91.59,93.93,89.58,93.1
"824",94,1983,92.57,93.19,91.95,90.83,92.36,94.39
"825",95,1983,92.14,92.15,90.59,92.65,88.42,93.69
"826",96,1983,93.49,93.21,92.03,92.88,90.22,92.36
"827",97,1983,94.81,94.18,93.14,95.94,93.02,92.99
"828",98,1983,97.26,97.06,96.01,97.38,96.04,96.16
"829",99,1983,95.98,96.25,96.61,95.02,96.2,97.78
"830",100,1983,90.24,95.82,94.56,93.93,95.4,96.83
"831",101,1983,88.85,90.55,90.75,89.78,91.57,91.57
"832",102,1983,88.35,86.73,84.95,87.85,87.69,84.91
"833",103,1983,92.47,92.18,91.93,92.08,90.87,91.5
"834",104,1983,94.28,94.09,92.55,96.12,92.07,93.43
"835",105,1983,93.65,95.22,94.92,94.05,93.39,95.21
"836",106,1983,95.57,96.19,93.96,97.42,93.66,95.2
"837",107,1983,95.75,96.16,96.61,94.59,96.53,96.28
"838",108,1983,90.1,90.71,89.74,91.45,90.5,90.59
"839",109,1983,91.26,92.21,91.38,93.09,94.31,94
"840",110,1983,91.38,94.03,92.52,95.57,96.06,96.02
"841",111,1983,94.09,95.89,95.14,95.79,95.02,96.79
"842",112,1983,91.64,92.23,93.42,90.27,96.45,93.84
"843",113,1983,92.54,91.91,91.11,92.42,95.44,92.12
"844",114,1983,88.54,90.27,89.35,88.91,89.94,91.72
"845",115,1983,87.69,84.61,86.29,86.75,88.8,84.65
"846",116,1983,95.86,91.98,94.15,93.44,89.92,91.12
"847",117,1983,95.55,94.94,93.77,95.55,92.56,95.73
"848",118,1983,90.68,92.07,90.91,91.84,90.8,93.43
"849",119,1983,88.42,89.33,85.95,92.45,87.2,91.27
"850",120,1983,87.11,88.86,86.07,91.23,91.96,91.56
"851",121,1983,94.13,94.96,94.66,93.63,94.43,96.08
"852",122,1983,91.53,92.79,91.78,93.04,92.37,93.98
"853",123,1983,88.01,89.77,87.32,89.53,88.99,91.07
"854",124,1983,87.5,88.91,86.49,90,88,90.25
"855",125,1983,88.64,88.88,89.32,87.83,89.02,87.73
"856",126,1983,93.36,92.47,93.23,91.38,90.71,91.86
"857",127,1983,90.62,90.48,90.98,91.03,90.28,91.45
"858",128,1983,85.41,85.96,85.84,85.31,88.41,87.37
"859",129,1983,90,89.11,88.22,91.02,86.28,87.28
"860",130,1983,90.85,91.51,90.08,91.81,90.65,90.51
"861",131,1983,92.57,93.78,92.59,95.01,90.05,92.18
"862",132,1983,88.36,87.54,88.03,87.3,87.03,88.36
"863",133,1983,89.06,88.97,89.2,88.65,88.4,88.61
"864",134,1983,89.61,91.89,90.42,91.04,91.1,93.45
"865",135,1983,90.78,90.01,89.01,90.5,91.18,89.36
"866",136,1983,90.52,90.25,89.07,90.52,88.4,89.88
"867",137,1983,88.57,86.15,87.32,87.54,84.92,84.37
"868",138,1983,89.94,92.45,90.17,91.63,91.22,92.87
"869",139,1983,88.47,88.76,88.27,88.7,89.95,90.2
"870",140,1983,89.71,89.63,87.79,92.71,89.7,87.35
"871",141,1983,91.02,92.94,91.96,90.69,89.28,93.2
"872",142,1983,89.04,86.42,86.68,87.86,85.78,87.37
"873",143,1983,88.17,87.22,89.2,89.32,88.15,85.52
"874",144,1983,92.08,91.67,92.31,92.3,91.36,90.73
"875",145,1983,90.97,90.41,90.37,90.03,91.51,89.9
"876",146,1983,91.03,90.05,90.15,91.44,91.02,89.34
"877",147,1983,89.66,88.92,89.01,88.06,87.63,89.22
"878",148,1983,91.64,91.47,91.28,92.16,89.71,92.95
"879",149,1983,89.65,88.88,88.41,89.38,85.24,86.43
"880",150,1983,82.92,81.69,83.13,83.26,84.66,81.31
"881",151,1983,90.14,88.08,88.04,89.82,88.81,88.03
"882",152,1983,91.81,91.59,92.2,91.77,92.47,91.22
"883",153,1983,91.38,90.01,92.25,90.21,92.82,90.52
"884",154,1983,86.36,86.54,85.09,87.86,84.81,87.21
"885",155,1983,92.71,91.97,91.06,92.4,89.44,91.17
"886",156,1983,90.94,89.7,88.65,91.4,87.75,87.31
"887",157,1983,90.6,88.57,88.65,89.6,88.78,89.04
"888",158,1983,95.07,94.21,91.8,96.44,91.6,94.46
"889",159,1983,89.39,85.71,86.48,88.93,86.89,85.51
"890",160,1983,86.44,85.06,85.32,85.19,83.69,84.7
"891",161,1983,89.99,88.72,88.35,89.25,86.72,88.35
"892",162,1983,87.37,87.96,87.18,87.28,88.59,86.94
"893",163,1983,88.39,88.21,89.06,86.53,88.75,88.29
"894",164,1983,91.81,91.56,90.2,91.34,87.14,91.91
"895",165,1983,93.75,94.2,93.16,94.83,93.16,95.05
"896",166,1983,93.72,92.09,92.94,91.15,91.98,91.76
"897",167,1983,95.21,93.29,93.47,93.52,86.64,91.68
"898",168,1983,90.11,87.79,87.11,88.52,81.56,87.27
"899",169,1983,88.15,87.64,85.35,87.8,82.59,87.1
"900",170,1983,85.41,87.11,85.52,85.94,86.49,86.47
"901",171,1983,91.29,93.33,91.24,90.98,92.95,95.22
"902",172,1983,90.92,91.21,90.51,92.14,90.84,91.97
"903",173,1983,92.32,91.63,91.14,91.95,89.75,92.08
"904",174,1983,89.92,88.9,89.79,88.1,88.99,89.67
"905",175,1983,90.76,90.62,90.32,90.76,91.1,91.03
"906",176,1983,90.57,91.03,89.21,92.34,90.15,91.17
"907",177,1983,90.91,90.11,89.09,92.13,88.01,89.42
"908",178,1983,90.61,89.83,89.07,89.78,89.8,89.29
"909",179,1983,93.16,93.04,91.71,94.43,90.78,93.47
"910",180,1983,93.51,92.8,91.34,93.17,89.12,93.64
"911",181,1983,91.85,90.01,89.91,91.04,89.23,89.8
"912",182,1983,95.06,93.83,94.23,94.34,94.22,94.56
"913",183,1983,86.97,87.74,87.03,87,87.9,87.75
"914",184,1983,86.62,84.81,85.39,85.13,86.5,84.64
"915",185,1983,92.3,93.04,91.38,93.54,90.94,93.53
"916",186,1983,88.34,85.94,87.31,87.01,86.08,85.42
"917",187,1983,86.81,85.3,85.67,86.77,85.66,84.43
"918",188,1983,90.14,89.73,88.81,91.01,87.63,88.99
"919",189,1983,92.63,93.72,92.61,94.27,92.94,95.42
"920",190,1983,90.5,88.08,88.89,88.72,88.5,86.46
"921",191,1983,86.89,86.14,86.83,86.23,87.63,85.2
"922",192,1983,89.09,87,87.96,87.93,87.69,86.57
"923",193,1983,89.1,88.13,87.42,88.72,88.73,88.29
"924",194,1983,91.72,90.64,90.8,90.67,89.55,90.85
"925",195,1983,85.75,86.68,86.14,85.41,86.89,88.13
"926",196,1983,90.72,89.5,88.48,89.16,86.32,87.3
"927",197,1983,90.96,90.63,91.17,92.06,91.31,92.38
"928",198,1983,92.45,91.1,92.16,94.71,93.3,91.73
"929",199,1983,94.86,92.92,94.29,93.74,95.38,92.99
"930",200,1983,92.54,91.47,92.08,91.7,90.62,90.8
"931",201,1983,91.95,91.13,90.76,92.35,91.27,90.27
"932",202,1983,94.21,93.03,92.58,93.19,90.42,92.11
"933",203,1983,89.18,87.98,88.6,88.54,88.09,88.09
"934",204,1983,90.72,91.49,91.46,91.18,90.62,92.56
"935",205,1983,88.32,87.41,88.83,87.93,89.89,88.32
"936",206,1983,91.48,91.14,92.36,90.12,93.49,91.34
"937",207,1983,91.28,91.36,90.96,90.6,90.46,90.59
"938",208,1983,88.39,88.48,88.45,88.16,90.99,89.31
"939",209,1983,90.3,89.67,90.03,89.44,91.1,89.42
"940",210,1983,91.66,93.74,92.61,92.28,92.45,93.67
"941",211,1983,95.75,96.2,95.92,95.8,95.25,96.97
"942",212,1983,93.63,92.75,93.35,94.05,91.63,91.99
"943",213,1983,95.27,94.67,94.7,94.27,93.77,94.2
"944",214,1983,94.01,94.35,94.85,94.94,94.52,94.88
"945",215,1983,93.16,93.94,93.72,93.2,93,92.87
"946",216,1983,90.75,92.13,91.7,91.43,90.83,92.01
"947",217,1983,88.59,89.71,89.82,88.27,87.88,90.54
"948",218,1983,94.28,94.65,93.9,94.9,93.67,94.99
"949",219,1983,90.73,90.95,90.62,91.36,90.09,92.08
"950",220,1983,88.1,88.7,87.66,89,89.83,89.63
"951",221,1983,89.1,89.59,89.44,88.54,91.67,90.8
"952",222,1983,88.29,88.37,87.92,88,88.35,89.69
"953",223,1983,89.58,86.51,90.42,87.98,91.85,88.4
"954",224,1983,94.19,93.97,92.61,94.03,91.28,93.04
"955",225,1983,87.32,86.98,87.96,87.1,88.04,87.31
"956",226,1983,89.76,89.2,89.92,89.21,89.29,89.44
"957",227,1983,89.62,89.59,89.81,89.24,91.06,91.17
"958",228,1983,94.44,93.48,92.81,95.28,92.63,93.17
"959",229,1983,91.66,92.62,91.06,93.16,93.57,94.63
"960",230,1983,90.17,90.82,91.1,90.98,91.81,91.83
"961",231,1983,93.64,93.56,93.4,93.44,92.97,93.8
"962",232,1983,92.24,93.37,92.22,93.45,93.11,93.13
"963",233,1983,90.09,91.82,91.23,89.55,92.71,92.83
"964",234,1983,90.32,91.43,90.08,89.3,91.15,91.58
"965",235,1983,91.89,90.39,90.96,90.5,89.23,89.86
"966",236,1983,93.55,93.14,92.99,94.05,94.52,93.86
"967",237,1983,93.66,92.87,92.44,94.26,92.96,93.19
"968",238,1983,93.95,92.62,93.61,92.06,92.95,91.85
"969",239,1983,87.71,89.02,87.8,89.48,88.83,90.38
"970",240,1983,94.03,94.9,93.54,94.95,92.37,95.35
"971",241,1983,95.32,94.86,94.68,95.27,94.02,94.66
"972",242,1983,90.33,87.83,88.43,89.62,88.7,87.14
"973",243,1983,86.97,87.13,87.29,86.6,88.57,87.66
"974",244,1983,89.95,89.05,89.78,89.45,88.28,89.62
"975",245,1983,94.36,93.34,92.94,94.81,92.67,94.04
"976",246,1983,91.7,91.15,91.87,91.5,91.63,93.01
"977",247,1983,94.1,92.76,93.02,93.69,92.39,92.31
"978",248,1983,92.32,90.61,90.38,92.78,88.9,90.99
"979",249,1983,90.23,90.61,89.99,89.91,89.01,91.18
"980",250,1983,87.51,87.29,87.17,88.67,87.82,87.98
"981",251,1983,92.96,91.62,92.23,94.17,91.99,91.27
"982",252,1983,91.42,91.62,90.18,91.88,90.56,91.48
"983",253,1983,93.65,93.92,93.78,92.55,93.34,93.59
"984",254,1983,91.93,91.32,92.64,92.7,92.11,91.79
"985",255,1983,91.65,91.15,91.76,91.43,92.6,90.88
"986",256,1983,92.01,91.28,92.33,91.17,92.54,91.18
"987",257,1983,90.13,90.3,89.87,90.81,89.96,90.46
"988",258,1983,89.35,88.07,88.57,88.75,90.04,86.3
"989",259,1983,91.52,91.96,91.63,91.67,92.1,91.87
"990",260,1983,91.82,91.43,91.65,92.34,90.22,91.05
"991",261,1983,87.98,87.97,87.76,88.4,86.84,87.76
"992",262,1983,90.96,90.12,91.1,88.81,90.18,90.44
"993",263,1983,91.32,91.06,90.03,92.18,87.54,89.6
"994",264,1983,91.27,91.88,91.27,91.38,91.64,91.15
"995",265,1983,88.87,88.99,89.05,89.57,89.15,89.63
"996",266,1983,89.66,89.93,90.66,88.82,86.91,88.97
"997",267,1983,89.12,88.92,89.2,89.07,90.16,89.93
"998",268,1983,88.69,86.74,87.6,87.63,87.65,86.4
"999",269,1983,89.63,89.2,89.66,89.62,89.69,89.72
"1000",270,1983,90.56,91.38,91.78,90.06,90.13,93.95
"1001",271,1983,90.08,89.27,89.29,89.44,89.1,89.19
"1002",272,1983,91.28,90.81,89.94,91.41,89.32,90.1
"1003",273,1983,89.42,88.93,89.24,89.8,88.59,88.42
"1004",274,1983,90.02,88.75,89.72,89.41,88.9,90.36
"1005",275,1983,93.39,94.81,95.03,95.28,95.19,96.25
"1006",276,1983,92.96,94.26,93.78,92.75,93.78,94.68
"1007",277,1983,95.18,95.04,94.17,94.53,93.94,94.81
"1008",278,1983,92.26,91.34,91.19,92.65,91.47,91.56
"1009",279,1983,92.71,91.3,91.35,91.47,89.88,90.88
"1010",280,1983,90.5,90.34,90.41,89.83,92.2,91.22
"1011",281,1983,91.87,90.92,90.86,91.53,89.49,90.81
"1012",282,1983,90.69,89.15,91.13,88.77,91.17,90.47
"1013",283,1983,90.26,89.61,90.21,90.52,89.16,89.48
"1014",284,1983,92.08,92.09,92.47,91.11,89.6,91.6
"1015",285,1983,92.88,92.63,93.09,93.37,92.58,92.27
"1016",286,1983,93.6,93.17,92.6,94.19,91.39,93.13
"1017",287,1983,88.58,88.03,87.32,89.33,88.19,86.66
"1018",288,1983,88.22,88.45,88.38,88.62,89.63,88.48
"1019",289,1983,85.44,86.22,84.56,87.52,84.82,86.46
"1020",290,1983,83.62,84.42,84.06,85.59,85.48,85.5
"1021",291,1983,87.33,87.2,89.76,86.83,88.96,86.67
"1022",292,1983,95.31,94.73,93.42,94.56,89.87,95.24
"1023",293,1983,92.44,92.33,90.69,93.52,88.28,93.34
"1024",294,1983,90.84,90.12,91.71,90.35,89.26,91.04
"1025",295,1983,87.36,87.22,88.36,85.96,87.98,86.92
"1026",296,1983,91.99,89.9,91.09,90.43,90.07,88.49
"1027",297,1983,93.51,93.13,94.2,93.1,93.53,92.76
"1028",298,1983,93.03,94.11,94.19,94.09,95.51,94.62
"1029",299,1983,84.25,86.09,85.82,85.81,87.75,88.82
"1030",300,1983,91.81,91.29,91.7,92.18,92.43,92.32
"1031",301,1983,91.53,90.42,90.92,91.5,89.88,91.49
"1032",302,1983,94.47,94.52,94.51,94.07,94.65,93.9
"1033",303,1983,91.14,91.16,91.35,92.15,91.66,90.15
"1034",304,1983,89.04,86.18,86.53,89.72,86.26,84.4
"1035",305,1983,92.38,92.36,92.7,92.28,90.12,92.1
"1036",306,1983,94.33,94.23,93.99,94.36,93.01,93.85
"1037",307,1983,96.08,94.89,95.31,95.61,95.2,94.79
"1038",308,1983,91.91,91.85,91.82,90.76,89.89,91.12
"1039",309,1983,89.41,89.47,89.02,89.04,88.04,88.82
"1040",310,1983,91.67,91.12,91,91.18,89.37,90.64
"1041",311,1983,89.81,89.53,89.08,90.79,88.99,89.56
"1042",312,1983,90.67,90.6,89.69,92.15,90.7,91.02
"1043",313,1983,88.82,88.83,88.9,89.65,88.67,89.6
"1044",314,1983,88.82,89.28,90.82,88.56,91,89.33
"1045",315,1983,88.24,89.49,89.08,89.67,91.11,91.96
"1046",316,1983,88.37,89.27,87.48,90.12,85.9,90.19
"1047",317,1983,85.73,85.52,85.04,85.9,86.8,84.71
"1048",318,1983,85.75,86.55,85.55,86.87,85.56,86.2
"1049",319,1983,88.47,89.96,89.31,89.47,92.02,90.33
"1050",320,1983,93.61,92.45,93.94,92.57,92.65,92.14
"1051",321,1983,87.66,87.73,88.03,87.42,89.51,86.86
"1052",322,1983,91,91.86,92.71,89.6,91.18,91.73
"1053",323,1983,91.13,90.76,90.88,92.19,88.84,90.34
"1054",324,1983,92.21,92.03,91.42,92.15,91.09,91.96
"1055",325,1983,92.25,91.54,89.9,93.07,88.89,90.63
"1056",326,1983,90.58,91.38,91.03,92,90.48,91.49
"1057",327,1983,92.18,92.45,92.51,93.08,92.3,93.37
"1058",328,1983,91.25,91.18,91.47,91.03,90.7,91.98
"1059",329,1983,94.83,94.68,95.13,93.95,94.38,94.91
"1060",330,1983,96.47,96.35,95.9,96.47,94.77,95.65
"1061",331,1983,91.91,92.13,92.22,92.82,90.61,92.43
"1062",332,1983,87.82,86.56,86.71,88.68,88.35,85.5
"1063",333,1983,90.17,91.12,90.57,90.81,91.39,90.96
"1064",334,1983,89.49,90.49,90.85,89.06,90.85,90.2
"1065",335,1983,87.31,87.91,89.63,87.45,93.6,86.4
"1066",336,1983,93.1,93.09,92.89,90.93,93.05,94.01
"1067",337,1983,93.75,94.52,95.07,94.41,92.92,95.55
"1068",338,1983,94.87,95.95,94.83,94.9,92.78,97.31
"1069",339,1983,90.07,92.31,89.6,92.34,89.76,93.55
"1070",340,1983,86.82,88.13,86.69,85.75,87.64,88.82
"1071",341,1983,83.5,87.37,87.1,82.82,89.61,90.79
"1072",342,1983,85.49,90.23,89.36,88.71,92.45,90.7
"1073",343,1983,91.11,92.37,93.01,92.52,95.56,93.85
"1074",344,1983,96.36,95.86,95.96,95.54,95.73,96.5
"1075",345,1983,93.98,93.99,94.01,89.86,94.84,96.14
"1076",346,1983,86.44,89.26,87.82,85.84,88.16,89.66
"1077",347,1983,90.37,89.75,89.33,90.66,88.07,89.97
"1078",348,1983,93.43,92.56,92.49,93.55,92.36,93.4
"1079",349,1983,91.55,92.02,91.15,91.49,90.56,90.74
"1080",350,1983,89.09,88.75,89.68,88.93,90.09,90.35
"1081",351,1983,90.39,89.74,89.03,90.03,88.1,89.4
"1082",352,1983,87.89,90.06,88.95,89.27,88.56,89.59
"1083",353,1983,91.31,92.33,92.54,91.43,91.11,92.69
"1084",354,1983,93.76,95.14,94.67,93.49,93.05,93.83
"1085",355,1983,93.82,94.8,94.68,95.74,95.5,95.86
"1086",356,1983,92.27,94,94.25,92.3,96.41,94.21
"1087",357,1983,93.38,91.62,93.37,91.63,94.08,90.84
"1088",358,1983,95.19,94.28,94.41,91.4,91.47,93.46
"1089",359,1983,93.43,92.34,92.43,93.11,92.18,91.49
"1090",360,1983,96.57,96.06,96.3,95.94,94.22,96.03
"1091",361,1983,93.08,94.71,93.66,95.34,95.2,95.58
"1092",362,1983,88.41,90.33,89.5,89.89,90.27,90.1
"1093",363,1983,80.24,82.81,81.68,80.82,86.9,85.66
"1094",364,1983,76.08,77.9,77.28,76.89,82.19,80.53
"1095",365,1983,78.64,80.18,80.02,79.88,87.35,82.45
"1096",1,1984,84.14,88.59,88.67,84.15,91.81,90.69
"1097",2,1984,82.84,84.93,85.72,82.34,88.38,86.99
"1098",3,1984,82.21,86.37,87.2,81.42,92.32,88.87
"1099",4,1984,83.94,87.2,86.86,83.8,90.48,89.14
"1100",5,1984,85.74,88.18,87.96,85.12,89.82,90.36
"1101",6,1984,85.85,88.79,88.38,87.51,88.79,89.69
"1102",7,1984,88.07,88.97,87.14,90.89,88.16,88.72
"1103",8,1984,93.55,94.86,95.19,93.42,95.42,93.66
"1104",9,1984,88.84,88.32,89.07,89.27,94.23,88.65
"1105",10,1984,81.72,83.5,81.88,85.92,87.13,85.69
"1106",11,1984,80.08,83.68,80.3,82.18,82.66,84.89
"1107",12,1984,78.28,82.43,80.31,78.67,84.19,84.22
"1108",13,1984,78.33,82.75,82.24,77.8,86.97,84.46
"1109",14,1984,86.27,88.93,87.5,87.93,91.18,90.57
"1110",15,1984,90.17,91.35,90.58,90.86,91.64,92.13
"1111",16,1984,91.91,91.83,91.57,92.64,92.32,92.76
"1112",17,1984,96.49,96.44,96.31,96.28,95.45,96.65
"1113",18,1984,95.36,95.19,95.7,94.86,95.36,96.2
"1114",19,1984,87.82,88.07,87.45,90.47,88.09,88.58
"1115",20,1984,85.57,85.61,85.03,88.16,84.45,85.76
"1116",21,1984,86.49,88.56,86.36,88.99,87.65,89.09
"1117",22,1984,90.35,91.55,90.83,91.96,93.78,91.37
"1118",23,1984,88.59,92.21,89.69,90.34,92.62,92.33
"1119",24,1984,87.02,88.85,86.73,89.84,85.78,89.89
"1120",25,1984,85.38,85.31,84.3,88.16,85.93,84.95
"1121",26,1984,86.98,88.21,88.34,89.23,91.14,87.52
"1122",27,1984,89.24,92.11,90.3,90.44,91.3,92.06
"1123",28,1984,86.64,91.27,90.08,87.12,91.92,93.81
"1124",29,1984,86.61,88.83,88.23,87.34,90.13,89.3
"1125",30,1984,88.43,90.65,89.41,89.56,89.82,90.23
"1126",31,1984,91.83,92.09,93.37,92.55,94.68,92.38
"1127",32,1984,96.75,96.86,95.72,96.78,92.72,97.32
"1128",33,1984,97.06,95.23,95.5,94.83,96.67,95.64
"1129",34,1984,94.49,94.28,95.54,93.83,95.93,92.11
"1130",35,1984,92.64,91.67,92.87,90.59,92.59,90.93
"1131",36,1984,92.45,92.86,93.26,91.21,93.46,92.35
"1132",37,1984,96.41,96.74,97.13,95.53,97.04,95.86
"1133",38,1984,93.94,94.36,95.13,94.32,96.97,94.42
"1134",39,1984,94.26,94.09,94.66,94.22,94.88,94.29
"1135",40,1984,93.02,93.17,93.33,93.29,93.23,93.83
"1136",41,1984,92.65,92.9,92.53,92.19,92.82,92.03
"1137",42,1984,89.93,90.74,91.75,90.02,92.55,90.79
"1138",43,1984,90.34,89.92,90.77,89.66,92.58,89.39
"1139",44,1984,91.83,92.89,93.17,91.56,93.11,93.8
"1140",45,1984,94.01,94.64,95.01,93.04,94.62,95.28
"1141",46,1984,90.09,89.78,89.77,90.5,91.64,89.46
"1142",47,1984,92.8,94.42,95.12,92.08,94.83,94.8
"1143",48,1984,94.86,94.4,94.44,94.58,95.38,95.22
"1144",49,1984,91.11,90.35,91.73,91.3,90.45,92.33
"1145",50,1984,94.94,94.15,94.14,95.31,94.71,93.47
"1146",51,1984,94.61,94.16,93.09,96.1,94.63,95.65
"1147",52,1984,93.26,93.75,92.53,94.04,93.4,95.46
"1148",53,1984,96.3,96.33,96.6,95.12,96.51,96.16
"1149",54,1984,93.78,94.9,95.21,94.68,96.83,96.79
"1150",55,1984,95.48,93.62,94.23,94.25,95.78,94.4
"1151",56,1984,90.22,91.49,91.63,91.05,91.34,91.68
"1152",57,1984,86.01,86.55,86.37,86.38,86.83,87.16
"1153",58,1984,87.14,88.36,88.93,87.99,85.15,88.24
"1154",59,1984,93.73,95.31,94.52,93.18,94.47,96.66
"1155",60,1984,90.6,91.51,91.78,90.52,95.34,93.63
"1156",61,1984,94.2,94.59,94.6,93.58,96.79,94.88
"1157",62,1984,92.95,91.84,93.27,91.07,94.14,90.99
"1158",63,1984,94.26,93.37,93.9,92.77,96.23,93.49
"1159",64,1984,93.79,93.39,94.66,92.34,93.68,94.26
"1160",65,1984,91.88,91.24,91.65,93.29,94.63,92.29
"1161",66,1984,92.29,92.56,93.07,91.48,91.8,92.54
"1162",67,1984,90.24,88.87,89.81,89.43,90.65,87.78
"1163",68,1984,90.35,90.92,91.03,89.44,90.22,90.43
"1164",69,1984,85.19,86.06,86.02,85.36,89.2,86.67
"1165",70,1984,85.21,87.73,86.7,84.93,89.63,88.78
"1166",71,1984,83.89,85.8,87.68,82.73,93.41,87.32
"1167",72,1984,80.04,86.27,84.93,78.85,90.57,87.79
"1168",73,1984,77.75,84.23,82.43,78.03,88.37,85.94
"1169",74,1984,77.34,83.97,82.07,78.99,88.63,87.36
"1170",75,1984,82.91,85.78,85.49,82.96,88.39,87.87
"1171",76,1984,80.64,83.12,82.92,77.99,84.17,86.28
"1172",77,1984,73.67,79.64,77.95,72.98,84.54,84.76
"1173",78,1984,75.06,83.01,80.31,75.72,91.58,88.21
"1174",79,1984,80.24,82.02,82.37,77.77,87.75,85.58
"1175",80,1984,91.76,89.96,91.14,89.83,95.17,89.56
"1176",81,1984,89.98,88.79,86.81,89.86,87.55,88.42
"1177",82,1984,92.49,92.35,92.98,91.45,92.71,93.55
"1178",83,1984,90.8,90.64,91.17,91.7,93.59,91.92
"1179",84,1984,90.26,90.38,90.81,89.22,87.8,90.6
"1180",85,1984,85.26,86.38,86.01,84.88,88.44,86.88
"1181",86,1984,91.2,91.93,92.43,88.43,90.52,91.42
"1182",87,1984,88.81,88.9,89.26,87.43,87.95,88.67
"1183",88,1984,91.19,89.77,89.66,90.64,87.86,88.82
"1184",89,1984,90.65,90.13,91.38,89.25,89.76,90.29
"1185",90,1984,96.69,96.6,96.32,95.87,95.58,96.65
"1186",91,1984,95.09,96.14,94.04,94.65,93.96,97.1
"1187",92,1984,93.29,92.28,93.11,93.43,94.2,92.42
"1188",93,1984,89.57,90.94,89.02,89.11,89.33,93.58
"1189",94,1984,83.9,85.97,84.98,84.61,88.02,85.81
"1190",95,1984,83.74,87.22,88.49,84.29,91.83,87.29
"1191",96,1984,91.01,91.27,93.01,89.03,93.13,93.2
"1192",97,1984,93.48,92.63,93.42,91.72,94.54,94.6
"1193",98,1984,93.76,91.95,92.19,93.49,90.41,91.21
"1194",99,1984,92.12,91.43,92.97,89.83,93.46,91.48
"1195",100,1984,92.01,93.93,93.06,92.71,95.11,93.78
"1196",101,1984,91.71,91.65,90.8,91.18,89.65,94.11
"1197",102,1984,93.1,92.36,94.08,90.59,93.27,93.39
"1198",103,1984,95.36,95.81,95.94,95.57,95.14,95.07
"1199",104,1984,92.21,91.69,91.43,90.68,93.58,93.04
"1200",105,1984,90.92,92.21,90.37,92.42,90.46,93.19
"1201",106,1984,89.9,90.22,90.12,89.89,89.45,90.68
"1202",107,1984,89.8,91.99,90.68,89.47,89.76,92.94
"1203",108,1984,91,90.56,90.01,92.08,88.86,89.79
"1204",109,1984,85.39,86.1,86.26,85.78,89.1,88.62
"1205",110,1984,90.19,92.45,92.76,89.2,94.26,94.09
"1206",111,1984,92.27,90.94,92.38,91.93,91.94,91.77
"1207",112,1984,91.14,90.14,89.92,90.28,89.9,89.33
"1208",113,1984,96.1,92.9,93.32,94.29,86.85,88.33
"1209",114,1984,92.6,97.18,94.38,94.41,91.07,96.31
"1210",115,1984,96.01,95.82,94.9,93.94,95.81,96.23
"1211",116,1984,96.64,96.82,96.81,95.96,95.07,96.3
"1212",117,1984,95.89,96.98,96.97,96.72,98.23,97.75
"1213",118,1984,93.35,93.05,95.14,91.51,96.14,93.57
"1214",119,1984,83.93,82.72,85.34,82.51,89.39,84.22
"1215",120,1984,94.11,92.98,92.53,92.92,93,94.05
"1216",121,1984,96.31,94.87,95.07,96.38,93.63,93.9
"1217",122,1984,95.19,96.88,95.38,95.77,96.18,95.38
"1218",123,1984,88.98,88.62,88.49,88.45,94.67,91.21
"1219",124,1984,90.91,89,88.98,91.92,89.37,89.12
"1220",125,1984,84.47,85.86,86.03,84.4,89.45,87.24
"1221",126,1984,86.77,84.54,87.16,86.11,88.51,86.6
"1222",127,1984,92.31,92.32,93.11,91.2,93.74,91.77
"1223",128,1984,93.62,90.68,91.55,91.43,91.79,89.15
"1224",129,1984,92.12,93.53,93.26,91.9,94.15,94.85
"1225",130,1984,90.49,90.27,91.24,91.8,91.86,93.24
"1226",131,1984,91.13,88.22,90.19,89.51,90.52,91.43
"1227",132,1984,93.96,92.56,92.38,92.92,93.37,92.27
"1228",133,1984,88.7,90.01,87.36,90.29,87.07,91.17
"1229",134,1984,83.44,83.95,83.27,84.23,85.33,82.62
"1230",135,1984,89.53,90.01,89.59,89.94,89.92,89.07
"1231",136,1984,92.77,92.65,92.6,91.11,94.29,92.89
"1232",137,1984,93.04,93.9,90.85,94.56,90.79,93.23
"1233",138,1984,87.77,88.74,87.18,89.01,88.2,88.4
"1234",139,1984,91.05,90.2,91.29,90.04,92.72,89.82
"1235",140,1984,92.42,90.41,88.73,93.98,89.56,88.76
"1236",141,1984,91.2,90.12,91.32,89.99,90.72,89
"1237",142,1984,96.95,96.7,97.65,95.05,95.39,95.91
"1238",143,1984,95.46,95.82,95.88,94.32,94.64,95.42
"1239",144,1984,93.38,94.54,93.47,92.14,94.5,93.5
"1240",145,1984,89.26,89.97,89.76,87.7,92.2,90.21
"1241",146,1984,87.78,88.24,87.02,86.9,89.22,89.27
"1242",147,1984,93.54,92.35,89.51,94.26,86.05,91.46
"1243",148,1984,85.6,88.95,86.03,87.36,86.84,90.69
"1244",149,1984,85.6,89.89,88,86.43,89.09,92.01
"1245",150,1984,91.39,87.8,88.77,90.87,88.69,88.17
"1246",151,1984,93.99,91,92.04,91.18,90.1,90.31
"1247",152,1984,95.43,94.79,94.86,95.8,95.03,94.97
"1248",153,1984,95.5,95.15,95.68,93.8,95.99,95.02
"1249",154,1984,95.8,95.07,95.22,95.59,96.07,96.39
"1250",155,1984,94.91,95.06,94.97,94.17,93.76,95.45
"1251",156,1984,91.16,89.27,89.35,91.28,90.12,89.9
"1252",157,1984,92.97,91.32,91.88,92.11,92.03,91.22
"1253",158,1984,92.49,90.97,90.54,92.64,90.11,90.79
"1254",159,1984,95.4,92.85,93.02,95.12,92.85,93.56
"1255",160,1984,93.29,93.79,95.39,92.5,93.14,95.12
"1256",161,1984,83.53,84.26,84.37,84.92,86.37,85.84
"1257",162,1984,90.21,87.86,86.9,87.91,89.19,86.41
"1258",163,1984,92.19,91.65,91.97,92.7,90.74,90.83
"1259",164,1984,90.99,90.94,90.79,91.12,92.08,91.66
"1260",165,1984,92.95,91.81,92.5,91.99,90.66,91.72
"1261",166,1984,97.13,97.32,96.18,97.73,94.24,97.7
"1262",167,1984,94.02,93.32,92.69,96.13,91.94,94.42
"1263",168,1984,91.84,90.4,91.94,92.71,90.17,90.31
"1264",169,1984,93.88,92.61,92.46,93.28,92.07,91.9
"1265",170,1984,95.25,94.45,94.5,94.85,93,94.47
"1266",171,1984,92.69,89.36,90.06,91.44,89.03,87.54
"1267",172,1984,91.15,89.97,91.5,91.46,93.51,90.6
"1268",173,1984,91.17,92.77,92.53,89.28,92.42,92.45
"1269",174,1984,92.22,90.64,91.05,91.52,91.89,89.22
"1270",175,1984,92.97,91.27,93,92.1,92.95,91.69
"1271",176,1984,93.19,90.49,91.09,93.53,89.91,89.04
"1272",177,1984,89.62,91.44,90.72,91.34,89.82,94.15
"1273",178,1984,86.25,82.61,82.71,86.4,81.18,84.99
"1274",179,1984,93.35,92.26,92.26,92.92,91.84,91.21
"1275",180,1984,96.64,95.27,94.99,95.86,94.83,94.68
"1276",181,1984,95.67,95.44,94.73,94.81,94.04,94.77
"1277",182,1984,94.16,92.65,91.95,95.29,91.51,90.78
"1278",183,1984,90.51,88.73,89.17,90.19,89.63,87.65
"1279",184,1984,88.99,88.22,89.11,91.22,90.55,88.53
"1280",185,1984,90.83,88.79,89.96,87.58,87.39,89.39
"1281",186,1984,91.62,91.06,90.56,90.96,91.6,90.97
"1282",187,1984,92.55,89.29,90.01,91.01,87.71,87.06
"1283",188,1984,89.41,90.2,89.16,90.25,89,91
"1284",189,1984,92.58,91.71,93.21,90.43,93,91.29
"1285",190,1984,93.89,92.1,92,94.05,90.45,91.53
"1286",191,1984,89.48,89.59,88.56,89.8,89.99,90.93
"1287",192,1984,90.03,91.53,90.24,88,89.16,91.53
"1288",193,1984,92.11,91.66,91.96,90.93,91.79,92.68
"1289",194,1984,92.04,89.01,90.48,90.08,91.52,88.68
"1290",195,1984,95.15,94.15,94.1,94.57,90.82,95.42
"1291",196,1984,95.24,92.61,92.81,94.6,91.79,92.69
"1292",197,1984,90.32,89.23,90.23,89.36,90.34,88.53
"1293",198,1984,90.74,90.21,91.55,88.86,90.94,89.94
"1294",199,1984,92.18,91.28,91.62,89.77,89.98,89.62
"1295",200,1984,93.85,92.43,93.29,92.23,92.56,92.38
"1296",201,1984,92.59,91.87,90.59,94.2,91.2,91
"1297",202,1984,95.18,94.27,94.48,94.72,94.17,92.75
"1298",203,1984,87.83,89.11,88.3,87.74,89.84,89.42
"1299",204,1984,90.63,90.11,89.5,89.85,88.51,89.53
"1300",205,1984,90.38,90.88,91.07,88.85,90.77,91.09
"1301",206,1984,90.52,89.94,90.87,91.11,90.41,90.32
"1302",207,1984,92.24,91.51,91.99,92.28,91.54,91.29
"1303",208,1984,95.1,94.33,95.02,92.09,93.94,94.25
"1304",209,1984,95.55,95.77,96.36,94.77,95.61,96.35
"1305",210,1984,97.27,97.37,96.28,97.39,92.4,96.34
"1306",211,1984,94.44,92.43,94.89,92.02,94.24,91.66
"1307",212,1984,94.05,93.07,94.26,92.88,92.86,93.29
"1308",213,1984,88.67,88.77,90.51,86.72,91.43,90.24
"1309",214,1984,89.83,90.42,89.51,90.77,89.78,91.3
"1310",215,1984,89.72,88.82,90.06,88.94,92.31,88.03
"1311",216,1984,92.8,91.79,92.45,92.16,94.14,91.98
"1312",217,1984,91.62,91.13,89.52,93.26,92.35,93.02
"1313",218,1984,93.7,91.76,92.73,92.48,92.93,91.96
"1314",219,1984,90.51,89.49,90.07,90.54,91.24,89.32
"1315",220,1984,90.92,90.01,90.3,90.55,89.9,89.71
"1316",221,1984,93.84,93.63,92.79,94.42,93.61,93.45
"1317",222,1984,91.95,90.28,90.83,92.12,88.55,89.63
"1318",223,1984,91.11,90.53,90.69,91.84,91.85,90.88
"1319",224,1984,92.79,93.42,91.87,93.27,91.89,93.86
"1320",225,1984,94.39,92.86,93.01,93.87,91.69,92.23
"1321",226,1984,92.22,91.04,90.92,93.7,91.24,92.14
"1322",227,1984,90.17,90.73,89.77,90.91,90.07,92.3
"1323",228,1984,92,92.72,92.32,91.36,92.79,92.64
"1324",229,1984,91.83,90.59,90.67,92.04,89.69,91.61
"1325",230,1984,93.2,93.55,93.98,93.97,96.06,92.68
"1326",231,1984,91.03,91.99,90.88,91.97,91.52,93.01
"1327",232,1984,92.05,92.04,91.15,92.65,90.65,92.37
"1328",233,1984,91.56,91.01,91.22,90.32,91.72,91.59
"1329",234,1984,90.61,91.33,91.54,88.89,92.88,90.47
"1330",235,1984,89.24,89.77,89.48,90.25,88.49,89.43
"1331",236,1984,89.93,90.94,91.37,89.63,92.3,92.65
"1332",237,1984,91.93,90.42,89.62,91.28,90.18,89.99
"1333",238,1984,93.29,92.07,92.66,91.68,92.41,92.23
"1334",239,1984,95.83,95.28,96.09,95.38,96.73,95.39
"1335",240,1984,92.44,91.99,90.83,92.31,88.53,93.21
"1336",241,1984,81.36,81.14,80.22,82.78,81.67,82.49
"1337",242,1984,83.75,86.26,86,85,84.81,87.82
"1338",243,1984,89.83,89.2,87.64,90.65,86.7,90.28
"1339",244,1984,86.62,87.91,86.2,87.08,84.37,91.06
"1340",245,1984,90.75,90.87,91.02,91.18,87.82,92.18
"1341",246,1984,93.86,93.83,94.25,93.39,94.42,94.37
"1342",247,1984,91.11,92.01,92.01,90.47,92.31,91.82
"1343",248,1984,92.73,91.9,92.15,92.61,90.51,91.63
"1344",249,1984,89.88,89.41,89.35,91.25,92.47,90.46
"1345",250,1984,92.6,92.43,92.45,93.31,93.63,92.08
"1346",251,1984,91.2,89.62,90.72,92.31,91.98,90.87
"1347",252,1984,89.18,91.1,90.72,91.09,90.82,92.37
"1348",253,1984,92.63,92.2,92.74,92.44,92.51,92.5
"1349",254,1984,94.39,94.43,95.47,93.02,94.5,95.04
"1350",255,1984,87.46,89.08,89.06,88.31,90.88,90.48
"1351",256,1984,91.93,91.41,91.64,92.54,91.34,92.12
"1352",257,1984,93.4,92.68,93.52,93.41,92.85,93.13
"1353",258,1984,88.43,88.24,89.22,87.39,90.37,88.16
"1354",259,1984,90.45,90.76,88.77,92.74,89.03,89.42
"1355",260,1984,89.54,90.69,90.08,90.63,92.28,91.16
"1356",261,1984,90.82,89.29,89.57,90.57,90.41,88.18
"1357",262,1984,91.16,92.04,90.93,92,91.4,90.8
"1358",263,1984,88.22,88.31,88.33,87.84,87.91,88.7
"1359",264,1984,88.67,87.35,89.1,87.25,88.35,87.74
"1360",265,1984,91.82,94.21,93.45,92.62,92.55,95.3
"1361",266,1984,88.14,89.04,86.81,90.71,86.81,90.22
"1362",267,1984,91.15,90.21,91.08,92.08,90.78,90.59
"1363",268,1984,86.09,86.02,86.79,85.66,86.93,87.15
"1364",269,1984,84.97,85.8,85.78,85.1,84.08,85.92
"1365",270,1984,89.79,88.32,89.36,88.91,87.66,89.43
"1366",271,1984,90.82,87.56,90.43,88.74,88.38,86.3
"1367",272,1984,94.5,94.35,94.35,91.93,93.69,93.37
"1368",273,1984,94.99,93.73,95.1,93.4,95.05,93.49
"1369",274,1984,93.31,93.58,93.62,93.53,90.95,92.41
"1370",275,1984,91.9,90.83,91.21,91.45,89.69,90.3
"1371",276,1984,87.65,87.47,87.83,87.95,86.05,87.55
"1372",277,1984,90.85,89.47,90.47,92.03,91.13,88.54
"1373",278,1984,92.6,92.23,93.06,93.46,92.32,91.85
"1374",279,1984,89.78,91.55,91.77,89.35,90.72,91.42
"1375",280,1984,89.44,89.73,90.55,89.35,90.95,91.53
"1376",281,1984,91.76,90.45,91.4,90.16,89.21,89.26
"1377",282,1984,88.84,88.05,88.14,89.26,89.79,88.69
"1378",283,1984,89.26,88.65,89.27,89.39,88.18,87.6
"1379",284,1984,91.47,91.1,91.45,91.27,92.79,90.98
"1380",285,1984,90.63,89.81,89.12,90.79,89.04,88.32
"1381",286,1984,91.06,91,91.13,90.7,89.46,91.69
"1382",287,1984,91.74,92.38,92.68,92.83,92.39,91.98
"1383",288,1984,91.27,92.27,91.14,90.89,91.05,91.53
"1384",289,1984,92.3,92.11,91.46,92.01,90.82,92.04
"1385",290,1984,94.24,93.95,94.21,93.43,91.27,94.46
"1386",291,1984,91.97,92.79,91.32,91.62,92.75,93.11
"1387",292,1984,92.49,90.95,91.12,91.02,90.2,90.97
"1388",293,1984,90.69,90.02,89.98,89.56,89.51,89.72
"1389",294,1984,93.13,91.09,93.93,89.81,92.9,90.26
"1390",295,1984,93.3,93.36,93.63,92.17,92.17,92.47
"1391",296,1984,87.37,85.79,86.16,87.29,86.48,85.71
"1392",297,1984,88.02,85.79,87.45,87.82,85.79,84.39
"1393",298,1984,88.81,88.09,89.72,87.38,89.42,87.52
"1394",299,1984,87.84,88.14,88.85,87.13,87.9,87.63
"1395",300,1984,91.35,91.56,92.46,91.76,92.98,91.84
"1396",301,1984,89.97,88.07,89.25,88.81,88.95,87.59
"1397",302,1984,87.2,87.99,87.93,86.45,87.79,88.61
"1398",303,1984,87.11,87.31,87.18,87.69,87.56,87.84
"1399",304,1984,82.56,84.22,83.92,84.39,88.2,86.95
"1400",305,1984,88.33,89.7,88.88,88.4,86.84,90.65
"1401",306,1984,92.62,92.5,93.07,92.26,93.39,92.35
"1402",307,1984,89.3,89.76,89.38,89.29,88.46,90.73
"1403",308,1984,87.29,87.01,87.03,86.9,86.53,86.53
"1404",309,1984,91.27,92.19,90.36,92.79,89.08,91.97
"1405",310,1984,92.28,92.82,91.81,91.11,90.45,92.6
"1406",311,1984,92.78,90.53,90.59,94.03,87.98,91.16
"1407",312,1984,88.75,88.18,87.2,89.48,86.61,88.25
"1408",313,1984,88.7,89.51,90.84,88.7,87.77,90.57
"1409",314,1984,90.31,89.58,90.41,88.35,89.91,91.29
"1410",315,1984,89.72,92.4,91.82,88.56,92.84,93.72
"1411",316,1984,91.65,89.63,89.15,90.86,87.39,87.92
"1412",317,1984,89.33,88.15,89.07,90.25,91.97,87.35
"1413",318,1984,91.44,91.49,89.76,92.66,89.2,90.25
"1414",319,1984,92.68,92.81,92.91,92.19,92.88,92.99
"1415",320,1984,93.64,93.91,93.98,91.57,91.89,94.58
"1416",321,1984,88.69,88,90.37,89.6,90.35,87.91
"1417",322,1984,91.83,91.18,92.12,92,92.16,91.6
"1418",323,1984,94.61,93.35,93.45,93.94,90.18,93.67
"1419",324,1984,95.39,95.55,94.39,96.15,93.94,96.24
"1420",325,1984,93.14,92.98,94.05,92.83,94.01,93.26
"1421",326,1984,90.34,88.35,89.22,90.32,88.56,87.73
"1422",327,1984,86.38,87.5,87.05,88.4,88.99,88.3
"1423",328,1984,88.72,89.24,89.06,88.57,88.37,89.17
"1424",329,1984,91.62,90.91,92.57,91.62,91.07,91.33
"1425",330,1984,92.1,90.96,91.96,90.46,90.47,90.94
"1426",331,1984,92.91,93.67,93.62,93.48,93.95,93.73
"1427",332,1984,91.49,91.25,91.46,92.09,92.33,92.01
"1428",333,1984,93.1,91.57,91.42,92.22,89.38,90.64
"1429",334,1984,88.74,91.09,91.59,90.5,93.39,92.32
"1430",335,1984,90.48,91.09,89.58,91.25,92.38,91.1
"1431",336,1984,90.5,90.54,89.96,91.23,92.8,89.7
"1432",337,1984,89.56,92.01,91.49,91.17,91.99,93.12
"1433",338,1984,82.93,85.93,86.41,82.1,90.56,87.55
"1434",339,1984,81.03,85.36,85.49,81.08,91.2,87.71
"1435",340,1984,84.12,92.27,90.77,83.8,92.49,95.09
"1436",341,1984,85.75,89.82,90.37,85.78,91.48,90.87
"1437",342,1984,86.31,87.11,88.08,86.09,91.42,88.22
"1438",343,1984,82.69,85.22,85.28,82.92,86.45,87.01
"1439",344,1984,82.88,86.32,86.71,82.77,88.55,88.89
"1440",345,1984,84.03,86.65,87.5,84.34,87.93,87.78
"1441",346,1984,88.07,89.41,90.23,87.26,88.74,90.12
"1442",347,1984,87.58,88.82,88.17,87.71,88.1,88.87
"1443",348,1984,87.07,88.35,88.5,88.12,90.31,89.89
"1444",349,1984,87.82,88.9,87.8,88.07,89.9,89.84
"1445",350,1984,85.35,87.04,86.57,83.72,87.48,88.05
"1446",351,1984,81.42,82.34,82.81,80.9,85.32,82.51
"1447",352,1984,77.59,82.53,84.85,76.14,91.82,87.82
"1448",353,1984,89.27,93,91.63,88.29,90.1,94.97
"1449",354,1984,95.06,91.2,94.92,93.36,96.79,89.38
"1450",355,1984,92.44,90.64,92.31,91.61,90.66,89.78
"1451",356,1984,91.48,92.01,92.71,92.42,91.72,92.32
"1452",357,1984,93.87,93.27,93.27,92.86,93.04,94.15
"1453",358,1984,95.32,94.45,93.86,95.5,91.49,93.43
"1454",359,1984,89.22,89.04,87.95,90.73,88.24,88.7
"1455",360,1984,88.56,90.8,90.51,89.2,90.79,91.92
"1456",361,1984,85.56,88.13,88.26,86.27,91.33,90.65
"1457",362,1984,91.81,94.46,94.26,89.97,94.76,95.48
"1458",363,1984,89.01,93.22,92.71,90.97,95.1,95.92
"1459",364,1984,83.39,90.06,89.38,84.29,91.32,94.44
"1460",365,1984,80.58,86.92,86.38,81.38,91.62,90.43
"1461",366,1984,75.31,79.13,79.66,75.83,89.94,85.39
"1462",1,1985,72.24,77.31,77.19,73.16,87.73,81.13
"1463",2,1985,75.7,80.69,83.3,75.24,93.32,88.79
"1464",3,1985,82.81,86.69,87.29,80.09,89.76,88.72
"1465",4,1985,83.09,85.29,85.37,80.21,85.43,86.19
"1466",5,1985,74.3,77.17,78.67,72.17,84.08,78.65
"1467",6,1985,68.42,70.89,72.31,67.68,80.47,73.76
"1468",7,1985,71.09,77.34,77.6,70.16,89.19,83.61
"1469",8,1985,74.03,80.55,81.56,71.88,90.66,87.95
"1470",9,1985,78.65,85.19,84.35,77.53,88.84,90.14
"1471",10,1985,82.44,88.07,86.78,82.29,88.63,90.3
"1472",11,1985,81.06,85.56,86,77.94,87.38,89.31
"1473",12,1985,72.76,78.47,81.74,68.3,87.36,82.28
"1474",13,1985,63.35,69.99,73.61,59.1,81.74,76.11
"1475",14,1985,56.31,66.11,66.52,55.22,81.91,75.75
"1476",15,1985,59.4,68.34,68.45,59.35,83.7,77.2
"1477",16,1985,59.28,68.83,67.04,60.71,83.72,77.39
"1478",17,1985,64.59,73.82,73.3,64.42,85.29,79.75
"1479",18,1985,60.8,69.09,73.13,57.94,84.43,77.14
"1480",19,1985,55.06,61.26,66.26,49.5,80.38,68.41
"1481",20,1985,49.54,59.62,61.6,46.92,75.18,67.99
"1482",21,1985,47.82,59.26,59.94,45.62,74.89,66.46
"1483",22,1985,51.49,62.28,63.31,50.3,80.35,70.28
"1484",23,1985,58.37,67.54,70.25,55.71,84.87,77.13
"1485",24,1985,57.52,68.23,71.55,53.6,84.7,78.63
"1486",25,1985,50.9,60.74,64.62,47.9,80.49,69.03
"1487",26,1985,50.73,58.06,60.91,48.34,81.01,67.05
"1488",27,1985,46.26,55.8,57.77,43.69,76.26,64.48
"1489",28,1985,43.71,52.49,54.01,42.58,71.95,61.08
"1490",29,1985,48.29,56.29,59.01,44.5,78.73,65.48
"1491",30,1985,50.3,61.79,66.09,45.75,86.61,76.3
"1492",31,1985,45.97,54.01,58.33,41.97,77.84,62.64
"1493",32,1985,44.71,52.6,54.45,44.19,76.01,60.96
"1494",33,1985,48.02,54.27,55.64,47.06,76.98,60.52
"1495",34,1985,43.73,50.44,53.71,43.65,82.57,59.32
"1496",35,1985,44.68,51.91,54.75,45.65,80.61,63.99
"1497",36,1985,49.3,63.51,67,47.02,87.73,74.02
"1498",37,1985,70.27,80.84,82.29,61.05,90.99,84.67
"1499",38,1985,88.43,91.34,90.93,83.29,95.76,95.04
"1500",39,1985,92.3,93.74,94.84,89.98,97.01,95.62
"1501",40,1985,91.99,94.75,92.79,92.23,92.29,95.15
"1502",41,1985,90.31,91.36,92.8,86.15,93.62,91.7
"1503",42,1985,90.46,91.07,90.46,90.21,93.15,91.83
"1504",43,1985,87.79,88.77,87.54,87.15,88.95,87.62
"1505",44,1985,83.05,84.7,84.68,80.43,87.03,86.04
"1506",45,1985,82.03,84.34,83.06,77.51,87.8,84.93
"1507",46,1985,78.83,81.24,81.11,75.79,87.54,84.62
"1508",47,1985,80.21,83.63,82.23,76.72,86,85.26
"1509",48,1985,87.06,88.07,86.81,84.41,90.97,88.71
"1510",49,1985,87.72,89.62,87.12,88.27,90.91,88.83
"1511",50,1985,82.29,86.7,83.75,83.63,85.63,88.29
"1512",51,1985,78.42,85.71,83.02,75.33,86.15,87.98
"1513",52,1985,83.08,85.64,85.95,81.24,89.14,88.38
"1514",53,1985,90.48,90.53,92.19,87.19,93.81,92.64
"1515",54,1985,87.91,86.21,89.69,83.8,90.96,88.97
"1516",55,1985,71.89,74.1,77.14,67.86,82.79,76.77
"1517",56,1985,61.08,67.24,66.56,59.56,75.35,71.19
"1518",57,1985,62.45,67.79,69.72,59.65,81.85,73.71
"1519",58,1985,72.34,81.64,82.14,67.48,88.75,84.84
"1520",59,1985,85.73,92.1,90.72,88.12,93.75,94.86
"1521",60,1985,89.35,90.32,89.87,90.93,91.99,92.64
"1522",61,1985,93.44,92.27,92.64,93.55,91.45,92.53
"1523",62,1985,92.86,92.36,92.85,92.21,93.89,93.64
"1524",63,1985,90.65,91.21,91.1,91.13,92.32,93.05
"1525",64,1985,91.13,91.59,92.09,92.04,92.78,92.98
"1526",65,1985,91.48,90.55,91.11,91.54,92.53,92.51
"1527",66,1985,86.28,84.12,85.86,87.07,86.95,84.07
"1528",67,1985,93.97,92.37,93.9,94.36,93.43,90.68
"1529",68,1985,91.4,91.02,92.99,90.48,95,91.42
"1530",69,1985,85.1,86.67,87.58,83.28,91.41,87.79
"1531",70,1985,85.24,85.21,86.25,84.21,89.6,85.38
"1532",71,1985,87.68,86.18,85.77,87.18,86.3,87.11
"1533",72,1985,90.63,89.13,88.78,89.75,85.46,88.18
"1534",73,1985,84.43,85.06,85.54,84,86.45,86.45
"1535",74,1985,81.01,81.75,83.4,77.04,86.09,86.41
"1536",75,1985,79.33,82.73,83.54,77.43,87.25,86.02
"1537",76,1985,82.92,84.71,84.49,82.5,89.42,87.66
"1538",77,1985,85.57,88.61,87.35,87.04,87.31,91.07
"1539",78,1985,88,86.73,88.15,87.07,88.81,88.82
"1540",79,1985,90.63,90.53,92.98,89.5,94.61,92.65
"1541",80,1985,79.36,79.79,83.51,77.57,87.06,81.79
"1542",81,1985,70.8,71.62,73.91,68.33,78.84,75.22
"1543",82,1985,66.96,70.71,70.85,66.64,77.75,74.88
"1544",83,1985,71.79,77.09,75.89,72.56,85.72,83.23
"1545",84,1985,83.85,85.94,85.65,82.74,90.14,90.42
"1546",85,1985,92.04,91.49,92.63,90.53,94.44,93.63
"1547",86,1985,94.19,92.21,92.87,94.39,92.55,94.07
"1548",87,1985,92.58,93.37,92.45,93.7,93.65,93.81
"1549",88,1985,90.84,90.49,91.44,89.89,91.86,92.15
"1550",89,1985,93.8,94.24,93.3,93.59,90.89,94.41
"1551",90,1985,93.63,93.11,91.84,93.84,94.18,94.66
"1552",91,1985,95.62,95.22,95.41,94.79,96.16,96.1
"1553",92,1985,92.53,92.55,90.96,93.83,91.22,91.61
"1554",93,1985,90.98,91.34,91.9,90.68,89.33,90.65
"1555",94,1985,90.38,89.12,89.61,91.34,88,89.89
"1556",95,1985,95.32,95.06,94.85,95.11,93.29,94.99
"1557",96,1985,92.78,92.15,90.04,94.09,87.67,91.26
"1558",97,1985,88.32,88.09,89.07,88.03,91.46,88.88
"1559",98,1985,94.91,95.07,95.11,94.55,94.58,95.49
"1560",99,1985,93.32,92.72,93.31,91.48,92.37,92.28
"1561",100,1985,87.03,86.81,85.86,87.17,87.1,87.51
"1562",101,1985,85.6,86.08,85.1,86.41,85.52,84.82
"1563",102,1985,83.42,82.92,84.22,82.06,84.64,83.58
"1564",103,1985,82.58,82.06,85.58,78.62,88.95,83
"1565",104,1985,82.31,84.14,84.39,80.87,84.72,85.43
"1566",105,1985,87.09,86.57,88.17,84.15,87.37,85.3
"1567",106,1985,85.94,86.58,87.45,86.33,92.1,90.43
"1568",107,1985,85.35,84.97,84.56,86.01,85,85.2
"1569",108,1985,87.45,84.92,87.45,87.33,85.13,84.01
"1570",109,1985,92.39,92.14,93.5,92.49,95.25,93.48
"1571",110,1985,91.15,91.51,92.36,91.93,93.95,91.99
"1572",111,1985,88.47,88.84,88.64,89.03,91.76,89.96
"1573",112,1985,92.68,92.23,93.25,92.86,92.88,92.1
"1574",113,1985,89.28,91.07,91.52,88.53,92.69,93.5
"1575",114,1985,90.94,89.23,90.03,89.75,91.61,88.41
"1576",115,1985,96.32,96.22,96.52,95.14,96.29,94.04
"1577",116,1985,93.17,89.34,88.92,93.15,94.04,87.36
"1578",117,1985,93.32,94.81,90.59,95.89,93.53,95.14
"1579",118,1985,92.45,92.35,90.61,93.96,88.28,91.62
"1580",119,1985,88.13,87.35,86.54,89.07,88.18,87.4
"1581",120,1985,90.65,90.67,91.66,89,91.61,89.09
"1582",121,1985,94.08,92.12,94,93.29,93.88,91.07
"1583",122,1985,94.61,95.19,95.15,93.47,95.87,95.01
"1584",123,1985,95.16,97.09,95.89,95.03,95,96.35
"1585",124,1985,91.89,93.24,92.29,93.28,93.35,94.13
"1586",125,1985,92.49,92.56,92.14,92.29,91.93,92.44
"1587",126,1985,94.09,91.57,94.2,93.69,91.39,90.47
"1588",127,1985,91.25,92.2,90.02,91.58,90.41,92.1
"1589",128,1985,91.57,93.76,92.93,93.15,93.05,94.8
"1590",129,1985,96.15,94.67,94.29,96.23,92.32,95.73
"1591",130,1985,95.41,94.58,95.35,94.77,94.01,94.48
"1592",131,1985,95.12,94.01,91.97,94.43,92.68,93.11
"1593",132,1985,92.8,94.43,92.4,92.78,95.78,94.58
"1594",133,1985,92.14,90.73,88.36,92.14,85.46,88.13
"1595",134,1985,96.62,95.62,96.5,95.98,95.03,94.82
"1596",135,1985,87.59,88.25,89.13,89.28,95.29,91.04
"1597",136,1985,87.77,92.5,91.19,92.45,93.59,93.85
"1598",137,1985,93.71,88.96,90.37,93.13,89.21,88.67
"1599",138,1985,95.73,95.34,93.12,96.54,95.15,95.36
"1600",139,1985,95,95.12,92.9,96.05,92.57,95.26
"1601",140,1985,93.3,92.26,93.11,93.56,93.68,92.82
"1602",141,1985,88,85.98,86.49,89.34,87.13,87.01
"1603",142,1985,95.23,94.82,94.65,94.29,92.65,93.93
"1604",143,1985,92.57,93.2,92.66,94.66,91.64,93.08
"1605",144,1985,96.32,94.77,94.84,95.37,94.83,96.1
"1606",145,1985,95.11,94.26,95.34,91.81,92.77,94.6
"1607",146,1985,93.23,92.13,92.08,92.82,94.9,91.35
"1608",147,1985,91.09,90.84,91.19,89.63,91.98,92.15
"1609",148,1985,94.85,96.23,95.96,95.9,96.49,96.31
"1610",149,1985,91.82,91.7,91.24,92.28,90.62,91.54
"1611",150,1985,96.93,97.52,97.06,97.12,96.42,97.93
"1612",151,1985,93.97,93.18,94.09,93.85,93.23,92.59
"1613",152,1985,97.92,97.24,97.43,98.47,96.51,96.62
"1614",153,1985,99.19,99.2,98.96,98.47,98.27,99.63
"1615",154,1985,96.58,96.2,95.03,96.37,94.74,94.62
"1616",155,1985,95.9,94.71,95.31,95.42,94.89,94.07
"1617",156,1985,94.49,93.62,93.89,93.88,91.81,93.17
"1618",157,1985,96.44,96.23,96.02,95.99,95.94,95.99
"1619",158,1985,96.14,97.61,96.59,97.28,96.95,98.5
"1620",159,1985,99.49,99.73,99.54,99.47,98.63,99.59
"1621",160,1985,98.91,98.19,98.84,97.92,98.54,97.52
"1622",161,1985,92.17,90.18,88.58,91.27,84.11,90.7
"1623",162,1985,78.36,78.32,76.28,77.14,71.31,78.03
"1624",163,1985,77.35,76.54,76.27,78.44,78.51,78.41
"1625",164,1985,86.2,85.79,82.86,90.96,82.34,85.72
"1626",165,1985,91.78,90.49,89.81,92.12,88.74,89.36
"1627",166,1985,92.29,90.91,91.98,88.71,90.52,88.76
"1628",167,1985,91.89,90.48,90.64,90.93,90.05,90.03
"1629",168,1985,95.28,93.51,93.5,94.14,93.93,93.82
"1630",169,1985,94.2,92.69,95.1,92.38,94.97,92.65
"1631",170,1985,96.02,94.03,95.17,94.53,93.69,94.16
"1632",171,1985,92.08,90.66,91.71,91.48,91.2,89.85
"1633",172,1985,93.22,91.79,92.8,92.43,93.59,91.99
"1634",173,1985,94.37,93.77,94.15,92.41,93.63,94.14
"1635",174,1985,97.21,97.78,96.29,96.75,94.44,97.66
"1636",175,1985,95.28,94.1,93.67,93.08,93.58,94.41
"1637",176,1985,98.28,95.83,97.59,95.93,96.46,95.62
"1638",177,1985,94.4,93.31,93.67,93.71,94.1,92.9
"1639",178,1985,92.07,92.2,90.12,93.37,90.4,91.81
"1640",179,1985,97.67,97.9,96.52,97.77,96.14,97.57
"1641",180,1985,92.7,90.81,92.87,93.36,92.61,89.52
"1642",181,1985,87.96,85.16,88.05,86.64,89.17,85.36
"1643",182,1985,89.14,88.49,89.19,88.11,88.43,89.02
"1644",183,1985,91.67,90.89,90.36,92.46,90.41,90.92
"1645",184,1985,92.51,90.58,91.58,91.54,89.98,90.06
"1646",185,1985,90.94,88.97,89.47,91.61,89.37,88.38
"1647",186,1985,89.97,88.8,89.43,88.22,88.05,87.79
"1648",187,1985,92.65,91.36,92.35,90.7,90.83,93.32
"1649",188,1985,94.93,93.94,94.69,94.27,93.92,93.01
"1650",189,1985,92.06,91.07,91.41,91.13,92.77,89.69
"1651",190,1985,87.93,86.88,89.39,85.39,90.36,88.16
"1652",191,1985,94.37,95.17,94.64,92.18,94.39,96
"1653",192,1985,92.63,91.6,92.64,91.12,94.04,91.93
"1654",193,1985,90.77,90.39,91.4,89.83,91.89,89.79
"1655",194,1985,94.89,94.08,94.74,93.83,93.53,92.57
"1656",195,1985,93.6,92.17,94.18,92.02,93.29,91.98
"1657",196,1985,94.81,95.47,96.53,93.29,97.34,96.63
"1658",197,1985,96.14,94.6,96.53,94.07,96.27,95.78
"1659",198,1985,94.82,94.54,95.23,93.02,95.64,95.77
"1660",199,1985,91.76,92.16,92.18,92.2,94.11,92.87
"1661",200,1985,92.22,93.11,94.29,92.44,93.7,93.41
"1662",201,1985,93.33,93.57,93.42,93.2,93.31,94.34
"1663",202,1985,90.61,90.7,90.76,89.04,92.32,91.13
"1664",203,1985,88.68,90.67,90.26,87.27,91.87,91.72
"1665",204,1985,87.84,86.45,87.59,86.64,90,87.75
"1666",205,1985,89.62,89.66,87.66,92.11,86.17,88.75
"1667",206,1985,92.76,91.82,90.76,91.94,90.5,92.66
"1668",207,1985,91.47,90.88,90.66,90.18,89.94,92.11
"1669",208,1985,91.88,90.68,92.42,90.42,91.87,91.12
"1670",209,1985,93.98,92.26,92.52,92.53,91.4,92.75
"1671",210,1985,94.75,94.38,93.03,95.31,92.64,92.69
"1672",211,1985,95.72,95.39,95.17,96.07,93.73,95.37
"1673",212,1985,90.88,91.05,90.99,92.54,91.13,91.36
"1674",213,1985,88.73,87.22,88.93,88.01,89.26,87.83
"1675",214,1985,93.89,95.39,94.58,93.8,94.87,96.44
"1676",215,1985,92.28,92.55,93.69,91.61,96.05,93.87
"1677",216,1985,90.12,90.13,90.54,88.35,91.45,90.46
"1678",217,1985,89.37,88.65,89.33,88.75,88.18,88.68
"1679",218,1985,93.4,93.5,92.2,95.7,91.52,94.08
"1680",219,1985,91.88,91.17,90.68,92.23,90.63,91.43
"1681",220,1985,93.98,94.89,94.54,94.95,91.98,95.32
"1682",221,1985,91.03,91.76,91.64,91.73,92.28,93.66
"1683",222,1985,92.07,91.79,91.34,91.93,93.11,92.16
"1684",223,1985,90.4,92.45,91.34,91.35,91.99,94.97
"1685",224,1985,90.66,90.71,91.39,89.54,93.41,91.44
"1686",225,1985,91.45,91.64,91.73,91.39,91.79,91.56
"1687",226,1985,91.53,92.93,92.69,91.29,92.84,93.55
"1688",227,1985,91.46,91.14,89.21,92.58,91.93,91.71
"1689",228,1985,92.39,92.53,91.75,93.3,90.04,93.21
"1690",229,1985,90.5,89.88,89.96,88.58,91.88,91.65
"1691",230,1985,90.55,90.42,90.54,90.62,89.48,90.38
"1692",231,1985,94.23,94.03,94.03,94.02,92.39,94.45
"1693",232,1985,93.68,93.91,92.63,94.47,93.03,94.58
"1694",233,1985,93.2,93.33,92.67,92.48,91.56,93.2
"1695",234,1985,88.84,90.02,89.59,89.33,90.7,91.75
"1696",235,1985,89.43,89.52,88.76,89.54,88.99,90
"1697",236,1985,87.92,88.73,89.16,89.05,91.48,89.86
"1698",237,1985,89.3,89.82,89.51,88.74,90.23,89.96
"1699",238,1985,91.31,91.17,90.57,93.19,90.74,91.74
"1700",239,1985,87.51,88.36,86.42,89.66,87.68,89.19
"1701",240,1985,95.97,96.42,94.65,96.43,92.9,95.06
"1702",241,1985,91.93,91.47,91.53,92.61,90.41,92.03
"1703",242,1985,92.18,91.68,90.54,92.56,90.75,91.99
"1704",243,1985,91.51,90.47,90.39,92.79,90.17,90.78
"1705",244,1985,88.73,88.32,88.56,88.39,89.42,88.52
"1706",245,1985,91.97,91.54,91.42,91.08,91.74,93.09
"1707",246,1985,92.09,92.24,92.03,92.98,92.95,92.96
"1708",247,1985,92.42,92.11,92.33,91.69,92.48,92.59
"1709",248,1985,92.81,92.31,92.59,93.7,93.24,92.29
"1710",249,1985,93.05,91.99,91.52,93.02,90.11,91.33
"1711",250,1985,88.98,90.59,88.72,90.81,90.49,90.82
"1712",251,1985,91.5,90.43,89.96,92.29,89.44,89.24
"1713",252,1985,89.72,92.05,90.53,92.73,87.37,93.97
"1714",253,1985,92.81,92.77,91.5,93.04,87.38,92.27
"1715",254,1985,89.83,91.73,92.43,88.54,93.94,94.59
"1716",255,1985,89.37,89.04,88.72,90.25,90.97,89.72
"1717",256,1985,91.26,90.82,91.8,91.59,89.61,91.31
"1718",257,1985,94.88,94.67,94.2,95.11,92.21,93.71
"1719",258,1985,90.72,90.03,90.54,90.16,91.68,89.4
"1720",259,1985,87.74,86.71,88.56,87.14,89.59,87.16
"1721",260,1985,86.34,86.26,88.65,84.29,86.76,86.55
"1722",261,1985,89.37,87.3,90.45,87.95,89.53,87.38
"1723",262,1985,90.13,90.79,90.84,90.12,90.44,91.42
"1724",263,1985,89.54,88.31,88.85,90.24,87.49,87.35
"1725",264,1985,90.18,88.34,89.52,88.85,89.84,88.94
"1726",265,1985,89.3,88.9,88.89,89.21,88.02,87.72
"1727",266,1985,87.19,87.54,87.09,88.03,88.01,87.35
"1728",267,1985,86.08,88.51,86.95,88.07,86.76,86.83
"1729",268,1985,93.37,92.97,92.95,93.49,93.44,93.54
"1730",269,1985,90.67,91.92,91.63,91.65,92.27,92.27
"1731",270,1985,92.1,90.55,91.33,92.33,90.16,90.43
"1732",271,1985,88.05,87.83,87.06,88.3,86.79,87.83
"1733",272,1985,93.9,93.12,92.91,94.49,91.81,92.45
"1734",273,1985,91.33,92.28,91.89,91.32,91.13,92.76
"1735",274,1985,90.72,91.07,90.86,90.02,90.91,90.23
"1736",275,1985,91.27,90.43,89.65,89.99,87.11,90.13
"1737",276,1985,91.48,91.03,92.36,91.48,89.94,91.87
"1738",277,1985,92.82,92.53,92.4,92.85,93.29,92.03
"1739",278,1985,92.23,92.46,93.21,90.55,92.72,91.93
"1740",279,1985,87.57,88.29,87.06,87.81,86.54,87.94
"1741",280,1985,90.16,88.66,88.56,89.24,88.7,88.53
"1742",281,1985,92.56,91.68,92.2,92.87,91.21,91.22
"1743",282,1985,93.19,93.29,92.63,94.77,93.79,93.16
"1744",283,1985,92.74,93.11,93.41,93.9,94.24,93.01
"1745",284,1985,92.04,91.84,94.37,89.99,94.14,91.34
"1746",285,1985,93.01,93.32,93.52,91.49,91.74,93.53
"1747",286,1985,89.71,89.48,90.22,89.88,91.17,87.76
"1748",287,1985,88.46,88.41,88.48,88.24,88.59,89.67
"1749",288,1985,88.85,87.28,87.46,87.29,87.7,88.81
"1750",289,1985,85.55,86.56,86.53,86.81,85.46,86.5
"1751",290,1985,88.84,88.09,87.11,89.21,86.98,86.67
"1752",291,1985,92.31,92.53,93.76,90.32,94.07,91.76
"1753",292,1985,89.97,89.37,89.03,91.5,88.8,88.37
"1754",293,1985,87.53,88.91,88.4,89.24,86.95,89.19
"1755",294,1985,90.45,89.02,89.33,91.49,86.83,87.82
"1756",295,1985,91.6,92.09,91.87,91.14,90.55,92.96
"1757",296,1985,89.64,89.91,90.82,89.32,91.42,91.15
"1758",297,1985,90.35,90.64,90.69,89.51,90.48,90.36
"1759",298,1985,87.7,86.63,87.14,86.9,87.64,87.7
"1760",299,1985,87.16,85.94,86.76,86.44,84.78,85.2
"1761",300,1985,89.29,90.45,89.4,90.58,91.24,89.49
"1762",301,1985,88.55,87.29,87.35,89.31,86,87.51
"1763",302,1985,87.17,87.19,86.87,89.13,85.84,89.91
"1764",303,1985,83.58,82.15,81.76,85.17,80.51,82.2
"1765",304,1985,86.41,87.09,85.99,88.5,85.51,87.56
"1766",305,1985,86.42,89.59,89.32,86.3,91.15,90.25
"1767",306,1985,84.81,85.8,86.7,84.35,87.86,87.06
"1768",307,1985,83.41,83.13,83.19,84.2,82.62,81.98
"1769",308,1985,83.52,84.49,85.03,84.58,88.42,85.31
"1770",309,1985,86.01,87.89,88.29,89.13,91.9,88.23
"1771",310,1985,93.01,93.77,94.55,93.35,91.95,93.49
"1772",311,1985,95.37,95.31,95.08,96.27,93.9,94.69
"1773",312,1985,92.02,90.61,91.85,91.77,93.82,90.04
"1774",313,1985,88.32,88.2,89.83,88.58,90.53,87.78
"1775",314,1985,88.13,87.2,88.14,87.91,87.48,86.81
"1776",315,1985,88.77,88.59,88.19,89.16,88.34,87.98
"1777",316,1985,89.36,90.86,91.24,89.63,92.14,90.99
"1778",317,1985,92.88,95.01,94.04,93.65,95.8,96.21
"1779",318,1985,92.69,92.4,92.15,93.51,92.28,93.31
"1780",319,1985,96.47,96.37,96.43,95.91,95.96,96.58
"1781",320,1985,93.82,94.92,94.63,92.77,94.92,93.43
"1782",321,1985,91.32,90.99,91.96,91.38,92.36,90.48
"1783",322,1985,92.22,92.23,92.95,92.06,92.8,92.7
"1784",323,1985,92.84,92.92,93.17,93.07,92.82,92.62
"1785",324,1985,90.74,89.65,90.46,90.35,89.01,88.18
"1786",325,1985,90.94,91.05,89.16,91.96,87.45,92.5
"1787",326,1985,87.14,86.05,85.42,87.62,87.35,86.12
"1788",327,1985,89.68,90.81,90.68,89.02,91.58,90.63
"1789",328,1985,88.1,89.01,88.66,88.4,89.41,88.21
"1790",329,1985,87.16,87.15,85.7,87.15,84.92,85.42
"1791",330,1985,86.14,89.7,89.34,85.82,90.01,91.63
"1792",331,1985,91.35,91.64,90.79,92.26,88.89,90.8
"1793",332,1985,92.2,92.37,91.87,92.88,91.93,91.82
"1794",333,1985,91.92,91.8,91.99,90.7,91.76,92.01
"1795",334,1985,92.02,91.74,89.44,92.06,86.71,91.53
"1796",335,1985,85.44,85.34,84.76,86.03,83.95,85.03
"1797",336,1985,85.09,86.99,86.85,85.78,87.78,88.22
"1798",337,1985,89.38,91,90.25,91.9,92.57,91.97
"1799",338,1985,91.95,91.69,91.02,93.51,89.95,91.2
"1800",339,1985,90.63,90.89,88.83,92.46,88.19,90.71
"1801",340,1985,87.81,88.6,87.34,88.85,88.55,89.37
"1802",341,1985,90.68,91.93,91.79,91.86,92.48,92.62
"1803",342,1985,90.69,92.01,91.89,91.68,92.21,92.42
"1804",343,1985,89.9,89.96,90.45,90.08,91.26,89.33
"1805",344,1985,89.22,89.29,91.1,86.53,92.7,89.98
"1806",345,1985,84.05,86.67,87.74,82.58,90.13,88.52
"1807",346,1985,88.37,90.66,91.09,89.54,91.67,92.02
"1808",347,1985,86.69,88.29,90.05,85.66,90.85,87.38
"1809",348,1985,78.21,81.29,82.72,77.06,87.21,83.52
"1810",349,1985,75.27,76.33,75.66,76.86,84.54,77.21
"1811",350,1985,81.49,84.64,83.3,82.74,89.95,86.66
"1812",351,1985,82.01,88.56,89.71,83.38,95.35,92.65
"1813",352,1985,74.29,76.62,76.78,75.88,86.87,77.82
"1814",353,1985,80.68,82.5,82.95,81.83,91.7,86.06
"1815",354,1985,89.08,90.75,91.33,86.9,92.96,92.71
"1816",355,1985,83.59,86.03,85.91,82.89,90.73,87.24
"1817",356,1985,78.39,83.83,83.03,78.96,86.9,87.5
"1818",357,1985,75.72,79.49,79.45,76.41,86.47,82.35
"1819",358,1985,73.27,75.58,75.33,73.82,80.88,77.36
"1820",359,1985,68.92,72.98,72.46,70.39,84.14,75.27
"1821",360,1985,69.7,72.96,73.85,69.79,83.05,75.53
"1822",361,1985,68.75,71.22,71.27,69.07,76.32,72.45
"1823",362,1985,64.19,67.57,66.98,63.76,71.89,69.75
"1824",363,1985,61.91,63.91,63.8,61.7,70.92,66.47
"1825",364,1985,63.56,66.97,65.75,64.57,68.96,69.52
"1826",365,1985,67.42,70.52,70.19,67.87,75.71,73.15
"1827",1,1986,74.79,81.9,79.53,76.69,86.87,86.27
"1828",2,1986,85.7,90.88,89.43,85.51,92.07,93.46
"1829",3,1986,91.69,91.37,91.02,91.15,91.53,91.47
"1830",4,1986,84.11,87.2,87.34,84.39,92.08,89.75
"1831",5,1986,74.08,79.63,79.95,73.86,87.12,84.56
"1832",6,1986,73.61,80.87,81.19,74.34,90.46,85.85
"1833",7,1986,83.82,86.68,88.95,81.61,92.77,90.89
"1834",8,1986,83.93,85.83,88.68,80.42,89.21,89.05
"1835",9,1986,86.35,89.39,92.06,81.04,91.67,90.23
"1836",10,1986,82.58,86.07,91.06,76.33,93.4,87.36
"1837",11,1986,81.82,85.64,90.35,73.9,92.06,87.88
"1838",12,1986,87.39,89.78,90.66,82.7,90.09,90.68
"1839",13,1986,90.08,93.31,92.92,87.8,95.28,95.3
"1840",14,1986,94.72,94.7,94.95,92.34,95.88,94.73
"1841",15,1986,88,89.45,90.67,86.6,92.54,90.17
"1842",16,1986,74.42,77.33,80.39,71.67,88.16,80.13
"1843",17,1986,64.03,68.52,69.77,62.73,78.74,71.03
"1844",18,1986,63.13,65.95,67.12,60.4,73.26,67.99
"1845",19,1986,65.25,68.53,69.96,62.79,78.57,71.65
"1846",20,1986,72.77,78.04,80.31,68.66,89.07,82.89
"1847",21,1986,86.08,88.49,90.52,82.65,94.23,91
"1848",22,1986,92.32,92.85,94.2,88.66,95.47,93.34
"1849",23,1986,93.68,92.25,93.78,91.01,94.84,92.62
"1850",24,1986,94.82,92.39,93.7,92.22,92.58,90.51
"1851",25,1986,92.87,93.02,94.83,90.07,96.22,91.98
"1852",26,1986,93.1,94.24,92.73,91.23,91.58,94.71
"1853",27,1986,94.1,92.71,93.63,93.16,93.94,92.87
"1854",28,1986,93.19,93.06,92.3,92.98,91.67,93.78
"1855",29,1986,90.21,90.77,90.96,91.21,92.15,92.31
"1856",30,1986,90.92,87.9,89.58,89.05,89.7,88.19
"1857",31,1986,84.15,82.77,83.89,83.7,84.59,83.59
"1858",32,1986,77.34,77.99,79.17,75.42,82.75,80.8
"1859",33,1986,72.79,75.55,77.83,71.11,86.04,81.23
"1860",34,1986,77.96,81.04,83.45,73.53,89.59,82.95
"1861",35,1986,82.05,82.01,83.64,79.24,85.44,83.11
"1862",36,1986,80.05,83.45,85.69,75.01,88.17,85.22
"1863",37,1986,77.69,85.32,86.74,72.62,92.2,86.45
"1864",38,1986,78.81,84.42,84.48,74.55,88.24,85.86
"1865",39,1986,84.19,89.46,89.95,77.62,91.12,91.35
"1866",40,1986,83.14,89.35,89.59,77.84,93.13,93.01
"1867",41,1986,90.8,93.49,93.45,87.99,93.32,95.15
"1868",42,1986,91.76,91.85,91.88,89.6,91.79,91.05
"1869",43,1986,93.38,90.66,92.87,87.11,92.99,90.94
"1870",44,1986,96.56,95.78,95.17,95.18,95.35,94.68
"1871",45,1986,93.96,93.82,93.97,93.18,92.38,94.19
"1872",46,1986,91.61,90.74,88.69,92.62,88.87,90.19
"1873",47,1986,86.48,86.42,86.09,86.44,88.77,86.03
"1874",48,1986,81.8,87.67,87.1,80.82,92.7,87.97
"1875",49,1986,80.22,86.54,87.55,77.4,92.84,91.35
"1876",50,1986,89.46,91.21,91.07,87.47,92.87,92.99
"1877",51,1986,87.79,88.18,89.03,86.01,86.36,89.15
"1878",52,1986,90.41,90.24,92.22,88.64,92.72,91.8
"1879",53,1986,96.32,96.46,96.39,96.96,95.33,96.86
"1880",54,1986,95.18,94.75,93.76,94.5,92.33,94.82
"1881",55,1986,93.79,93.83,93.78,94.25,94.55,94.16
"1882",56,1986,95.03,94.78,94.38,96.19,92.21,95.14
"1883",57,1986,92.18,92.55,90.65,93.1,89.01,92.78
"1884",58,1986,95.26,93.54,93.08,95.84,92.19,93.09
"1885",59,1986,89.12,94.65,90.41,94.16,93.3,95.69
"1886",60,1986,88.52,92.52,87.19,95.94,93.66,93.69
"1887",61,1986,92.36,91.79,89.89,91.58,91.68,90.97
"1888",62,1986,88.25,88.42,88.92,88.39,87.5,87.07
"1889",63,1986,90.42,90.1,91.45,89.82,92.75,91.49
"1890",64,1986,87.99,88.41,88.58,88.02,91.26,88.65
"1891",65,1986,84.9,86.7,88.22,83.29,91.84,87.38
"1892",66,1986,87.97,91.41,92.2,86.3,91.67,94.21
"1893",67,1986,87.89,88.44,88.83,87.75,90.43,89.76
"1894",68,1986,83.22,86.28,85.43,85.06,87.56,87.07
"1895",69,1986,82.03,85.83,84,85.13,89.3,87
"1896",70,1986,78.31,81.95,80.8,79.8,86.22,85.79
"1897",71,1986,88.25,87.57,87.32,89.94,88.53,88.4
"1898",72,1986,93.6,93.4,93.97,93.86,92.45,92.41
"1899",73,1986,91.74,92.77,92.04,92.41,92.13,94.18
"1900",74,1986,88.16,91.27,89.34,89.33,91.33,92.21
"1901",75,1986,88.78,86.59,87.43,89.5,86.14,86.66
"1902",76,1986,89.95,88.37,87.49,89.23,88.09,87.02
"1903",77,1986,91.78,90.52,90.57,91.98,90.2,89.45
"1904",78,1986,93.8,92.55,93.02,93.49,91.55,91.95
"1905",79,1986,96.5,96.81,96.48,97.22,94.93,97.9
"1906",80,1986,94.48,92.46,93.73,92.78,92.51,92.91
"1907",81,1986,88.53,88.76,88.46,88.85,88.77,88.94
"1908",82,1986,85.14,87.74,86.51,86.38,90.65,88.73
"1909",83,1986,90.76,91.91,92.7,90.38,93.23,93.3
"1910",84,1986,94.04,93.64,94.29,94.36,96.5,94.18
"1911",85,1986,94.34,92.74,92.87,94.56,94.33,91.5
"1912",86,1986,94.07,93.43,93.55,95.32,93.68,94.29
"1913",87,1986,96.34,94.52,94.58,96.2,94.02,92.58
"1914",88,1986,89.88,90.63,91.4,88.82,92.64,92.88
"1915",89,1986,95.99,96.76,96.27,95.77,95.87,97.13
"1916",90,1986,93.13,94.06,94.24,91.82,94.96,94.83
"1917",91,1986,87.13,87.2,88.82,86.98,91.66,87.96
"1918",92,1986,88.49,87.11,87.46,87.07,87.35,85.88
"1919",93,1986,92.31,91.04,91.07,90.68,89.78,90.61
"1920",94,1986,92.27,91.02,92.59,91.19,93.75,90.23
"1921",95,1986,93.47,92.96,94.43,91.8,93.6,94.1
"1922",96,1986,93.79,90.95,91.54,91.66,89.61,90.61
"1923",97,1986,95.78,94.86,94.31,94.58,93.93,94.81
"1924",98,1986,94.96,94.24,95.09,95.56,95.61,95.69
"1925",99,1986,93.62,93.93,93.23,94.76,94.69,94.87
"1926",100,1986,93.83,93.78,94.99,93.73,95.04,93.22
"1927",101,1986,91.12,91.4,92.74,91.54,94.51,92.32
"1928",102,1986,90.78,91.24,91.33,91.34,92.31,92.67
"1929",103,1986,92.48,91.3,92.3,91.24,90.2,90.46
"1930",104,1986,88.05,87.91,90.16,86.16,92.03,90.08
"1931",105,1986,88.5,87.98,88.71,86.74,90.39,89.14
"1932",106,1986,97.32,97.92,97.62,97.81,97.88,97.64
"1933",107,1986,96.83,96.32,97.36,96.75,97.35,97.05
"1934",108,1986,94.28,94.96,95.42,95.53,94.83,95.98
"1935",109,1986,95.06,93.41,93.54,92.69,90.6,92.32
"1936",110,1986,95.04,93.94,93.53,93.55,90.24,94.61
"1937",111,1986,89.82,87.24,90.53,87.67,91.93,87.94
"1938",112,1986,94.79,92.6,93.53,92.81,92.95,92.66
"1939",113,1986,94.7,94.42,95.91,94.69,93,94.2
"1940",114,1986,88.6,87.79,88.49,88.6,89.35,89.14
"1941",115,1986,90.52,90.06,89.28,90.28,88.6,89.13
"1942",116,1986,92.55,92.88,91.15,91.8,90.09,92.29
"1943",117,1986,94.57,94.27,93.73,92.65,93.49,94.26
"1944",118,1986,97.6,96.03,96.37,96.39,95.01,95.98
"1945",119,1986,93.36,94.94,94.29,94.57,94.89,95.42
"1946",120,1986,90.05,89.73,88.97,90.71,89.83,88.64
"1947",121,1986,93.99,91.78,91.29,92.23,91.87,91.39
"1948",122,1986,90.25,90.28,90.62,89.13,90.53,91.65
"1949",123,1986,92.41,93.68,92.08,94.36,92.58,94.71
"1950",124,1986,93.21,93.14,92.24,92.93,91.23,93.78
"1951",125,1986,91.29,90.06,90.81,90.37,90.5,92.42
"1952",126,1986,93.57,94.34,92.2,94.37,89.99,93.94
"1953",127,1986,89.47,90.75,89.89,89.53,90.32,91.04
"1954",128,1986,91.19,91.05,90.87,91.64,90.28,89.83
"1955",129,1986,90.21,91.18,90.04,90.8,89.77,90.75
"1956",130,1986,90.27,89.77,89.36,90.76,87.26,90.17
"1957",131,1986,90.21,90.24,90.51,91.74,91.15,90.62
"1958",132,1986,93.3,90.99,91.07,92.69,89.51,88.9
"1959",133,1986,89.77,90.18,90.39,90.2,93.91,89.33
"1960",134,1986,89.8,91.44,91.15,88.19,90.78,92.98
"1961",135,1986,96.42,95.92,94.77,95.69,95.22,94.84
"1962",136,1986,91.08,88.87,90.02,89.14,89.94,87.99
"1963",137,1986,89.73,87.79,88.96,88.37,87.72,88.68
"1964",138,1986,94.51,93.77,94.28,93.06,90.84,93.93
"1965",139,1986,94.27,94.57,92.88,94.74,91.06,94.06
"1966",140,1986,92.97,92.46,92.36,93.03,92.3,93.28
"1967",141,1986,97.14,95.15,94.7,96.57,93.9,94.97
"1968",142,1986,96.63,96.3,94.86,96.93,95.27,95.29
"1969",143,1986,97.68,96.35,97.05,98.1,96.69,95.64
"1970",144,1986,94.1,91.1,92.42,92.63,95.55,91.56
"1971",145,1986,89.1,90.22,90.74,88.62,92.82,89.93
"1972",146,1986,97.18,96.98,97.35,96.46,96.65,97.31
"1973",147,1986,97.01,96.87,96.44,97.34,94.65,96.06
"1974",148,1986,95.56,96.77,94.96,96.79,94.34,96.39
"1975",149,1986,86.92,88.13,87.78,91.22,89.5,92.63
"1976",150,1986,85.75,88.35,85.67,84.86,88.19,89.94
"1977",151,1986,89.19,88.48,89.81,86.92,95.83,92.58
"1978",152,1986,97.22,90.74,92.96,95.43,96.37,88.78
"1979",153,1986,93.16,85.43,90.56,89.73,87.06,82.12
"1980",154,1986,86.17,86.08,84.4,87.32,84.94,88.09
"1981",155,1986,84.23,86.4,83.87,84.25,85.64,89.47
"1982",156,1986,89.72,90.58,88.78,90.34,90.68,89.5
"1983",157,1986,92.09,92.34,91.56,92.23,93.31,93.03
"1984",158,1986,96.14,96.15,97.06,95.73,98.01,96.16
"1985",159,1986,93.21,90.33,91.81,91.35,93.47,90.87
"1986",160,1986,95.21,94.2,94.66,92.83,94.99,93.58
"1987",161,1986,93.5,92.07,91.37,94.84,91.81,90.72
"1988",162,1986,94.49,93.09,95.32,93.44,94,94.39
"1989",163,1986,95.9,97.68,97.36,96.47,98.61,97.46
"1990",164,1986,96.13,93.4,94.38,93.68,93.07,92.54
"1991",165,1986,91.67,90.38,89.86,90.57,90.68,90.19
"1992",166,1986,96.2,96.65,95.57,95.91,96.11,96.41
"1993",167,1986,95.7,94.01,94.35,95.22,93.35,94.86
"1994",168,1986,94.62,93.25,93.92,93.44,93.16,93.38
"1995",169,1986,93.74,93.86,93.16,93.33,91.18,93.8
"1996",170,1986,95.91,95.39,94.93,95.2,92.66,95.42
"1997",171,1986,98.19,99,97.87,98.79,97.91,98.94
"1998",172,1986,96.63,95.65,96.4,95.81,95.92,95.25
"1999",173,1986,96.51,96.48,97.76,94.67,97.78,97.16
"2000",174,1986,97.09,95.53,96.19,96.03,95.43,94.61
"2001",175,1986,96.29,94.9,94.68,95.62,93.07,93.62
"2002",176,1986,97.66,98.59,98.15,96.68,96.81,98.39
"2003",177,1986,93.99,92.24,92.18,92.19,91.71,91.8
"2004",178,1986,95.08,94.26,92.13,97.23,91.93,94.67
"2005",179,1986,94.43,95.81,93,94.29,92.43,96.74
"2006",180,1986,92.56,93.39,91.61,92.81,91.53,94.02
"2007",181,1986,92.53,91.09,92.22,93.31,92.25,92.47
"2008",182,1986,97.51,98.03,98.74,97.21,98.62,98.09
"2009",183,1986,99.14,98.87,99.73,97.71,98.81,98.38
"2010",184,1986,98.47,97.22,98.8,94.52,96.6,96.74
"2011",185,1986,91.59,93.3,94.01,91.82,96.81,94.1
"2012",186,1986,95.54,96.71,95.15,97.12,94.47,96.59
"2013",187,1986,99.38,98.84,99.1,97.79,98.59,98.11
"2014",188,1986,99.22,98.51,98.72,99.2,97.28,97.22
"2015",189,1986,97.99,95.78,98.5,92.3,96.38,95.71
"2016",190,1986,90.77,89.02,92.6,90.09,93.81,90.67
"2017",191,1986,96.55,97.1,97.2,96.95,97.09,96.87
"2018",192,1986,96.49,95.39,96.24,95.26,95.33,94.58
"2019",193,1986,91.74,92.95,92.74,92.69,94.13,93.86
"2020",194,1986,95.7,95.41,96.05,96.23,96.19,96.47
"2021",195,1986,94.04,92.2,92.45,94.66,92.25,91.57
"2022",196,1986,91.43,89.36,90.8,90.31,92.14,89.9
"2023",197,1986,95.77,94.47,95.71,95.37,95.69,94.68
"2024",198,1986,94.02,94.96,94.02,95.72,94.19,96.11
"2025",199,1986,93.06,94.02,93.73,93.72,95.32,95.59
"2026",200,1986,89.3,89.91,88.19,90.83,89.18,89.32
"2027",201,1986,86.07,86.07,83.86,85.9,84.8,86.28
"2028",202,1986,93.07,94.08,93.2,91.69,91.83,94.73
"2029",203,1986,97.83,98.12,98.27,97.17,97.8,97.82
"2030",204,1986,95.11,94.14,93.64,94.6,91.03,96.13
"2031",205,1986,92.11,92.27,90.86,89.85,93.69,93.25
"2032",206,1986,91.42,89.83,91.83,89.55,94.38,90.71
"2033",207,1986,89.52,90.06,89.44,90.08,90.93,90.35
"2034",208,1986,92.96,92.81,92.25,93.15,91.19,93.3
"2035",209,1986,90.38,89.79,91.11,89.42,91.67,88.76
"2036",210,1986,86.22,86.84,87.39,86.2,88.25,88.16
"2037",211,1986,85.73,87.4,86.97,87.76,88.12,90.07
"2038",212,1986,93.54,93.08,92.68,93.06,92.82,94.34
"2039",213,1986,91.1,90.4,90.28,91.61,89.59,90.64
"2040",214,1986,91.74,93.44,91.4,94.05,92.43,94.33
"2041",215,1986,91.08,89.95,91.29,91.5,92.7,90.56
"2042",216,1986,91.9,91.73,91.1,93.98,92.65,92.81
"2043",217,1986,91.51,90.37,92.13,91.55,91.73,90.46
"2044",218,1986,89.24,89.3,90.28,89.89,92.08,91.16
"2045",219,1986,92.82,90.73,92.43,91.13,93.07,91.61
"2046",220,1986,92.74,91.56,92.34,91.72,91.72,92.68
"2047",221,1986,91.15,90.9,91.87,91.65,92.37,91.69
"2048",222,1986,90.59,90.7,90.79,90.74,90.54,90.82
"2049",223,1986,91.08,92.23,91.34,92.24,91.06,93.33
"2050",224,1986,93.26,93.07,93.07,94.12,92.8,93.32
"2051",225,1986,93.52,91.6,91.82,93.22,90.63,91.61
"2052",226,1986,95.13,93.61,94.94,94.44,91.98,92.99
"2053",227,1986,92,91.29,89.95,92.84,87.23,90.73
"2054",228,1986,91.41,90.68,89.01,92.76,88.02,89.85
"2055",229,1986,91.92,91.57,91.03,92.15,90.38,91.16
"2056",230,1986,91.57,92.14,91.73,92.17,91.45,91.1
"2057",231,1986,90.41,89.05,89.94,88.54,89.25,88.15
"2058",232,1986,91.4,88.89,90.34,90,89.08,87.18
"2059",233,1986,88.69,90.33,88.81,91.23,89.37,91.55
"2060",234,1986,87.36,87.61,86.02,88.8,86.4,87.98
"2061",235,1986,89.48,90.44,87.94,92.39,87.77,89.3
"2062",236,1986,88.44,87.33,87.3,88.32,87.02,87.69
"2063",237,1986,87.27,86.47,86.9,87.21,86.61,85.9
"2064",238,1986,90.7,90.54,90.14,91.16,91.69,90.78
"2065",239,1986,94.9,93.76,93.62,95.73,93.06,93.97
"2066",240,1986,89.74,89.53,90.73,90.16,90.65,89.55
"2067",241,1986,93.75,93.36,93.68,93.73,92.75,91.93
"2068",242,1986,91.31,92.12,91.6,91.69,92.41,92.07
"2069",243,1986,90.4,90.7,90.69,91.61,90.52,90.42
"2070",244,1986,88.43,88.11,88.45,88.62,88.85,88.85
"2071",245,1986,91.62,91.11,91.41,93.26,91.12,92.49
"2072",246,1986,93.29,91.9,92.21,92.38,91.92,91.15
"2073",247,1986,92.38,91.32,92.07,91.13,92.28,91.9
"2074",248,1986,91.73,90.79,91.18,91.89,89.54,90.43
"2075",249,1986,92.19,92.19,93.01,90.4,92.69,92.87
"2076",250,1986,95.67,94.63,95.45,93.74,94.6,94.36
"2077",251,1986,91.53,92.25,93.35,91.26,93.29,92.61
"2078",252,1986,91.94,93.2,92.14,91.25,93.95,94.1
"2079",253,1986,93.71,93.67,92.58,93.77,92.58,94.41
"2080",254,1986,92.5,92.52,92.73,92.25,93.94,93.7
"2081",255,1986,93.44,93.02,92.29,93.8,91.44,92.35
"2082",256,1986,89.78,89.49,90.05,90.44,89.62,90.54
"2083",257,1986,89.16,88.02,89.71,89.21,91.14,88.48
"2084",258,1986,87.09,87.74,87.92,89.34,88.2,88.31
"2085",259,1986,86.86,86.43,87.64,87.64,89.36,85.82
"2086",260,1986,92.09,91.05,92.1,92.99,90.93,91.01
"2087",261,1986,90.91,92.2,92.09,91.99,91.93,92.92
"2088",262,1986,93.81,95.19,94.76,94.16,94.77,96.42
"2089",263,1986,97.58,97.71,98.1,96.62,97.36,98.11
"2090",264,1986,94.48,93.54,93.67,93.05,92.58,93.41
"2091",265,1986,92.67,93.73,91.9,94.96,92.63,93.21
"2092",266,1986,92.47,92.44,91.9,92.09,90.66,92.71
"2093",267,1986,89.05,89.39,88.25,90.33,86.91,90.71
"2094",268,1986,94.42,92.58,93.84,93.56,89.29,91.05
"2095",269,1986,92.87,93.3,93.69,94.2,93.84,93.74
"2096",270,1986,91.44,90.65,91.61,90.53,91.89,90.09
"2097",271,1986,94.27,93.95,94.43,92.71,93.62,93.33
"2098",272,1986,92.66,93.55,94.43,94.49,92.75,93.05
"2099",273,1986,94,93.86,93.96,94.34,94.85,93.93
"2100",274,1986,93.82,94.97,92.18,95.66,92.42,96.27
"2101",275,1986,92.12,89.49,90.67,90,87.08,87.6
"2102",276,1986,94.49,93.2,93.81,93.54,95.34,93.02
"2103",277,1986,94.93,94.59,93.64,95.7,94.07,95.77
"2104",278,1986,93.17,94.08,94.21,92.68,93.69,94.85
"2105",279,1986,88.07,87.82,87.75,86.92,86.03,88.72
"2106",280,1986,90.87,90.34,91.18,88.93,89.53,88.39
"2107",281,1986,89.41,92.07,91.33,89.87,90.19,92.82
"2108",282,1986,89.21,89.56,88.9,89.76,88.22,89.96
"2109",283,1986,89.3,91.9,91.73,88.3,89.5,92.98
"2110",284,1986,90.8,93.21,93.5,91.15,94.22,93.88
"2111",285,1986,93.76,92.39,93.38,92.46,91.16,91.54
"2112",286,1986,92.91,94.1,93.48,92.3,94.3,95.91
"2113",287,1986,90.91,89.6,90.28,91.25,91.18,89.26
"2114",288,1986,93.84,93.57,91.65,95.41,90.02,93.97
"2115",289,1986,89.78,89.4,89.28,90.01,89.55,89.19
"2116",290,1986,90.37,88.99,89.96,89.56,86.3,87
"2117",291,1986,94.96,92.59,94.86,92.98,93.22,92.45
"2118",292,1986,92.46,94.51,95.03,91.78,94.58,96.03
"2119",293,1986,93.05,95.25,94.81,93.86,93.84,95.9
"2120",294,1986,92.7,92.21,92.65,90.75,92.51,92.24
"2121",295,1986,91.19,90.74,91.67,89.21,90.58,90.48
"2122",296,1986,92.98,94.34,95.4,92.59,93.97,94.95
"2123",297,1986,94.67,94.64,95.66,94.53,94.67,94.06
"2124",298,1986,90.28,90.95,90.75,90,89.54,91.72
"2125",299,1986,89.8,90.22,89.2,90.11,90.74,91.06
"2126",300,1986,94.49,94.35,94.31,94.52,91.49,94.31
"2127",301,1986,94,95.96,94.65,95.4,91.39,95.6
"2128",302,1986,89.97,89.02,87.93,89.81,84.66,88.8
"2129",303,1986,86.44,85.45,85.27,86.26,82.25,85.29
"2130",304,1986,89.77,89.77,88.84,91.81,88.78,88.82
"2131",305,1986,91.51,92.77,92.28,92.94,90.92,92.39
"2132",306,1986,91.7,90.34,91.07,90.7,92.83,88.98
"2133",307,1986,92.04,90.26,90.12,90.25,86.46,88.02
"2134",308,1986,93.42,92.41,93.34,91.6,91.51,91.18
"2135",309,1986,90.99,91.19,91.98,90.47,89.73,91.01
"2136",310,1986,91.63,91.81,91.5,90.63,92.43,92.6
"2137",311,1986,95.45,94.99,95.32,95.48,93.64,93.96
"2138",312,1986,92.77,93.27,92.42,93.24,92.4,92.71
"2139",313,1986,88.71,88.43,87.48,88.41,86.09,87.22
"2140",314,1986,90.21,88.46,88.46,90.93,87.66,87.08
"2141",315,1986,91.97,89.41,90.68,91.87,89.09,89.25
"2142",316,1986,95.79,95.65,95.52,94.81,93.17,96.05
"2143",317,1986,93.42,94.64,94.55,93.85,95.01,94.86
"2144",318,1986,88.16,90.43,89.89,88.36,90.11,90.79
"2145",319,1986,86.99,87.6,87.84,87.54,88.17,88.87
"2146",320,1986,89.89,90.69,90.58,89.64,90.96,91.11
"2147",321,1986,91.26,92.12,92.17,91.06,91.29,93.54
"2148",322,1986,94.38,94.39,94.79,94.14,94.03,94.24
"2149",323,1986,92.88,92.18,92.12,93.23,90.84,92.49
"2150",324,1986,92.07,91.81,92.32,91.46,91.17,92.33
"2151",325,1986,88.91,88.31,87.6,88.47,85.75,86.72
"2152",326,1986,92.77,94.7,93.63,92.52,92.52,94.59
"2153",327,1986,93.17,93.83,94.24,91.94,93.53,95.06
"2154",328,1986,91.27,92.04,93.45,89.83,94.94,92.77
"2155",329,1986,91.13,92.42,92.98,90.11,93.85,92.27
"2156",330,1986,91.02,90.85,91.39,91.31,92.31,91.65
"2157",331,1986,87.17,88.76,87.25,88.71,86.48,90.3
"2158",332,1986,86.48,86.53,84.3,89.69,86.12,86.27
"2159",333,1986,83.88,86.06,85.04,84.88,87.1,87.34
"2160",334,1986,83.11,86.1,85.51,83.41,87.28,88.34
"2161",335,1986,86.75,88.66,89.17,85.26,87.19,87.57
"2162",336,1986,85.23,85.79,86.44,85.31,87.38,86.35
"2163",337,1986,87.97,88.51,88.39,87.94,90.06,88.37
"2164",338,1986,92.38,92.85,92.86,93.23,93.78,94.21
"2165",339,1986,92.79,92.72,93.43,94.31,91.95,93.29
"2166",340,1986,92.26,92.38,92.93,92.65,92.55,91.13
"2167",341,1986,94.88,94.29,94.47,95,94.19,96.02
"2168",342,1986,94.98,94.31,94.73,95.3,93.76,94.53
"2169",343,1986,92.7,93.65,92.07,92.46,91.65,95.06
"2170",344,1986,89.03,88.57,87.96,89.28,86.89,88.54
"2171",345,1986,87.27,88.53,87.07,87.49,91.04,90.08
"2172",346,1986,87.54,90.93,90.74,88.83,94.28,92.89
"2173",347,1986,85.62,88.54,88.92,86.72,93.26,90.23
"2174",348,1986,84.67,86.14,86.24,84.53,86.98,87.54
"2175",349,1986,83.4,85.44,84.72,83.96,87.79,87.95
"2176",350,1986,78.1,80.35,79.73,79.01,86.06,82.45
"2177",351,1986,76.61,81.23,79.95,77.37,86.76,83.72
"2178",352,1986,85.64,90.13,88.42,85.78,90.76,91.45
"2179",353,1986,93.06,94.75,94.57,93.65,94.27,94.83
"2180",354,1986,93.52,93.72,93.85,94.43,94.46,94.19
"2181",355,1986,91.89,92.75,91.78,92.37,92.58,94.21
"2182",356,1986,93.96,93.35,93.53,93.51,94.28,93.32
"2183",357,1986,95.49,94.95,95.24,95.13,93.28,95.5
"2184",358,1986,89.84,89.84,89.62,90.39,87.99,90.01
"2185",359,1986,81.55,82.31,82.44,81.62,84.64,82.71
"2186",360,1986,78.11,79.79,79.2,79.6,84.75,81.33
"2187",361,1986,80.17,79.94,80.14,81.68,87.09,81.38
"2188",362,1986,83.08,85.89,85.05,84.11,89.11,86.41
"2189",363,1986,93.83,96.21,95.95,94.06,96.18,96.53
"2190",364,1986,92.97,92.93,92.47,92.29,92.29,91.71
"2191",365,1986,88.24,89.25,89.79,87.69,90.55,91.2
"2192",1,1987,86.59,88.81,88.85,87.94,94.63,90.67
"2193",2,1987,90.81,91.97,91.23,89.85,91.77,92.71
"2194",3,1987,87.11,91.45,89.6,88.78,91.14,91.72
"2195",4,1987,91.51,92.44,92.24,91.27,93.63,91.95
"2196",5,1987,90.92,89.68,90.08,91.43,91.55,91.67
"2197",6,1987,91.56,91.29,91.13,90.99,91.65,91.74
"2198",7,1987,92.54,92.14,92.59,92.31,91.97,92.36
"2199",8,1987,93.4,93.52,92.78,94.57,89.18,93.57
"2200",9,1987,91.27,92.33,93.41,91.39,93.45,92.92
"2201",10,1987,90.07,90.21,90.39,92.74,92.61,90.57
"2202",11,1987,85.78,87.33,87.26,86.52,92.6,87.25
"2203",12,1987,85.56,88.57,90.28,81.08,92.04,88.67
"2204",13,1987,82.93,86.36,91.02,80.91,95.95,90.92
"2205",14,1987,91.36,95.16,95.43,89.63,94.71,95.11
"2206",15,1987,94.12,95.68,96.09,94.71,97.53,96.07
"2207",16,1987,96.78,97.18,96.9,96.89,95.25,96.98
"2208",17,1987,92.47,92.96,92.9,92.86,94.46,93.06
"2209",18,1987,95.71,94.99,94.08,95.21,93.82,94.7
"2210",19,1987,88.07,89.82,89.04,88.12,91.27,90.29
"2211",20,1987,82.04,85.11,85.76,81.25,91.55,87.17
"2212",21,1987,82.34,85.99,88.3,79.08,93.56,88.67
"2213",22,1987,80.63,84.27,86.31,79.35,91.58,86.96
"2214",23,1987,79.34,83.04,83.33,80.78,87.53,84.44
"2215",24,1987,80.36,83.81,82.36,82.3,85.4,85.02
"2216",25,1987,82.96,86.21,83.78,84.47,84.01,85.88
"2217",26,1987,87.55,91.38,89.34,87.54,91.24,91.02
"2218",27,1987,86.06,91.35,91.83,85.15,95,93.99
"2219",28,1987,86.68,89.42,90.38,85.49,94.22,91.54
"2220",29,1987,91.72,93.29,92.68,90.18,93.43,93.15
"2221",30,1987,92.16,93.22,92.8,91.96,93.45,93.7
"2222",31,1987,88.93,88.11,88.8,87.31,90.66,87.56
"2223",32,1987,86.51,87.95,88.1,86.54,90.89,89.4
"2224",33,1987,89.79,90.76,88.7,90.06,88.1,88.6
"2225",34,1987,91.1,91.6,92.09,89.6,93.48,92.85
"2226",35,1987,94.05,94.18,94.06,93.88,93.77,92.68
"2227",36,1987,91.85,93.26,92.91,92.37,93.59,92.92
"2228",37,1987,88.55,88.74,88.71,87.58,88.6,88.02
"2229",38,1987,87.55,88.94,88.58,87.23,90.63,90.51
"2230",39,1987,85.9,87.3,87.58,85.62,90.69,90.11
"2231",40,1987,90.2,90.55,90.58,89.15,88.66,91.75
"2232",41,1987,94.25,94.25,94.93,95.25,94.6,94.93
"2233",42,1987,97.13,95.67,97.15,94.99,96.12,94.93
"2234",43,1987,91.72,93.38,93.63,92.07,95.82,94.18
"2235",44,1987,91.77,91.24,91.82,91.07,93.33,92.05
"2236",45,1987,94.9,94.96,95.45,93.7,94.02,94.76
"2237",46,1987,93.85,93.87,93.4,93.81,94.85,93.51
"2238",47,1987,93.83,93.81,93.42,93.51,92.62,94.3
"2239",48,1987,88.48,88.48,88.86,89.1,90.91,88.05
"2240",49,1987,90.63,90.36,91.86,90.28,91.02,89.81
"2241",50,1987,91.55,92.04,92.04,91.71,92.29,92.01
"2242",51,1987,91.48,89.98,90.95,90.05,92.96,91.12
"2243",52,1987,88.39,87.71,88.44,87.14,89.73,88.08
"2244",53,1987,90.79,90.99,91.84,89.45,93.48,90.75
"2245",54,1987,90.97,91.94,93.63,90.17,96.75,92.59
"2246",55,1987,90.88,91.66,90.54,92.58,92.69,91.92
"2247",56,1987,90.16,91.48,91.68,91.37,94.17,91.72
"2248",57,1987,91.3,92.43,93.69,90.08,95.66,94.2
"2249",58,1987,92.15,92.15,92.94,92.03,91.15,92.6
"2250",59,1987,91.14,90.53,91.87,90.03,91.84,90.41
"2251",60,1987,92.11,90.52,93.03,89.68,90.92,91.11
"2252",61,1987,87.54,87.02,87.29,88.27,87.44,88.79
"2253",62,1987,86.36,89.02,89.25,89.24,94.15,90.85
"2254",63,1987,84.73,86.18,85.63,84.71,87.7,87.22
"2255",64,1987,84.36,87.15,86.12,84.59,86.73,87.44
"2256",65,1987,82.3,84.28,85.51,82.92,89.34,85.43
"2257",66,1987,81.31,82.25,83.34,83.23,85.63,84.62
"2258",67,1987,79.06,80.68,81.94,82.61,83.46,80.89
"2259",68,1987,75.51,78.79,78.13,76.76,80.22,81.3
"2260",69,1987,72.9,76.55,74.28,75.46,76.14,79.09
"2261",70,1987,80.61,84.61,84.57,80.18,88.45,88.39
"2262",71,1987,91.8,91.53,92.68,91.53,92.26,92.02
"2263",72,1987,88.06,89.54,89.49,88.72,88.59,91.52
"2264",73,1987,89.82,88.52,88.69,89.34,88.44,89.09
"2265",74,1987,88.04,89.22,88.21,88.11,87.86,89.87
"2266",75,1987,97.01,96.53,95.93,96.97,95.63,96.77
"2267",76,1987,96.89,96.38,95.46,97.35,95.05,95.06
"2268",77,1987,90.41,90.38,89.74,91.76,89.83,91.14
"2269",78,1987,90.77,91.44,91.24,92.18,94.16,92.84
"2270",79,1987,86.86,88.34,87.43,87.07,87.66,89.83
"2271",80,1987,91.29,91.55,90.98,91.58,91.49,91.56
"2272",81,1987,91.58,90.83,90.16,91.69,91.08,90.03
"2273",82,1987,88.31,89.17,87.87,88.5,88.73,90.26
"2274",83,1987,88.53,87.92,88.29,88.3,91.64,87.98
"2275",84,1987,86.18,85.82,86.41,85.43,86.36,86.07
"2276",85,1987,85.07,86.15,85.52,86.32,88.31,86.32
"2277",86,1987,86.07,88.78,87.85,86.39,86.73,91.15
"2278",87,1987,86.99,89.12,88.65,88.04,88.33,91.72
"2279",88,1987,86.41,90.7,89.34,86.85,91.08,92.03
"2280",89,1987,89.09,86.4,85.88,86.84,86.93,86.33
"2281",90,1987,91.81,89.69,89.01,89.75,88.53,88.85
"2282",91,1987,89.04,91.25,92.08,86.79,92.63,92.81
"2283",92,1987,93.92,94.71,94.01,94.22,94.76,95.27
"2284",93,1987,92.17,92.67,92.29,92.12,95.12,94.65
"2285",94,1987,96.87,95.21,95.89,94.29,97.77,94.1
"2286",95,1987,86.87,88.31,90.19,86.2,92.37,92.63
"2287",96,1987,88.14,86.9,86.92,88.43,86.06,86.51
"2288",97,1987,91.7,91.01,90.61,91.49,88.04,89.7
"2289",98,1987,90.47,90.92,91.13,88.93,89.78,90.64
"2290",99,1987,94.86,94.53,95.36,93.77,94.12,94.56
"2291",100,1987,88.34,87.95,89.18,86.95,93.27,89.05
"2292",101,1987,91.52,91.68,91.21,92.21,94.23,93.01
"2293",102,1987,89.85,91.65,91.21,89.85,91.54,91.53
"2294",103,1987,88.1,89.98,90.27,88.84,93.49,90.95
"2295",104,1987,94.09,95.46,93.93,95.47,95.49,94.66
"2296",105,1987,87.57,88.13,88.43,86.89,94.96,88.9
"2297",106,1987,91.38,89.05,88.14,93.11,88.19,88.8
"2298",107,1987,90.6,91.49,92.37,91.41,94.74,92.5
"2299",108,1987,96.87,96.35,95.89,96.13,95.46,95.65
"2300",109,1987,97.59,96.88,97.06,97.57,97.41,96.43
"2301",110,1987,90.68,92.7,91.21,92.24,94.45,94.09
"2302",111,1987,92.55,93.09,93.15,91.46,92.63,93.59
"2303",112,1987,93.81,93.53,93.23,93.36,92.54,94.3
"2304",113,1987,95.27,94.78,96.23,94.71,96.56,94.98
"2305",114,1987,98.02,98.22,97.68,98.42,98.06,98.12
"2306",115,1987,91.15,92.66,92.16,92.24,93.63,94.52
"2307",116,1987,91.35,91.62,93.22,91.11,94.17,92.47
"2308",117,1987,89.92,93.92,90.42,90.74,90.54,94.39
"2309",118,1987,93.25,91.49,92.53,90.92,87.72,90.61
"2310",119,1987,94.7,94.03,94.8,95.26,95.38,94.34
"2311",120,1987,94.2,94.83,93.74,95.05,95.46,95.54
"2312",121,1987,97.3,97.95,97.34,97.47,96.68,98.49
"2313",122,1987,88.21,90.18,89.51,90.71,90.77,92.81
"2314",123,1987,86.99,88.57,85.41,89.73,85.24,87.22
"2315",124,1987,88.18,88.49,89.07,87.82,87.05,86.79
"2316",125,1987,89.29,86.79,90.24,87.05,87.99,86.75
"2317",126,1987,90.67,91.64,89.62,93.21,87.85,91.75
"2318",127,1987,92.45,91.71,90.41,90.05,89.25,89.53
"2319",128,1987,92.23,92.75,93.43,91.2,93.75,93.42
"2320",129,1987,96.94,96.28,95.5,96.72,93.47,97.42
"2321",130,1987,91.76,91.73,92.16,92.27,93.82,93.25
"2322",131,1987,96.16,96.01,95.97,97.24,95.75,96.24
"2323",132,1987,92.9,93.82,92.71,92.32,92.28,93.75
"2324",133,1987,93.33,92.12,91.71,92.76,91.75,91.63
"2325",134,1987,90.44,91.6,89.47,93.96,89.25,91.91
"2326",135,1987,85.75,86.07,86.49,86.87,88.98,86.11
"2327",136,1987,94.18,92.99,92.81,95.68,89.94,91.22
"2328",137,1987,91.89,93.87,91.32,95.18,91.61,92.5
"2329",138,1987,90.87,90.2,91.12,91.43,90.95,90.37
"2330",139,1987,87.57,87,88.47,86.26,87.55,87.5
"2331",140,1987,85.3,84.79,84.07,85.28,84.23,84.9
"2332",141,1987,88.65,87.41,86.02,90.13,83.36,87.2
"2333",142,1987,88.96,89.69,89.82,88.65,90.4,89.59
"2334",143,1987,93.1,91.57,92.64,92.08,89.2,90.48
"2335",144,1987,94.26,92.61,92.74,93.65,94.46,92.46
"2336",145,1987,98.57,97.58,98.58,98.35,98.2,96
"2337",146,1987,95.37,95.05,95,93.96,92,94.39
"2338",147,1987,88.19,87.36,84.14,89.64,79.49,85.72
"2339",148,1987,85.19,85.13,80.92,90.92,79.36,82.8
"2340",149,1987,89.27,90.51,89.09,90.8,92.11,90.51
"2341",150,1987,86.35,86.68,87.21,86.73,88.44,86.94
"2342",151,1987,91.11,89.26,91.22,90.6,91.84,86.95
"2343",152,1987,92.42,92.83,91.98,91.5,90.99,93.22
"2344",153,1987,92.08,91.3,90.95,91.04,90.27,90.94
"2345",154,1987,91.56,91.51,90.39,90.67,90.57,91.34
"2346",155,1987,92.5,93.11,92.52,93.62,91.29,94.73
"2347",156,1987,90.88,91.75,90.18,92.92,89.33,92.86
"2348",157,1987,94.85,93.27,92.23,93.21,90.82,94.1
"2349",158,1987,94.46,96.55,93.5,93.51,93.52,97.88
"2350",159,1987,96.27,96.73,95.83,96.77,96.82,97.22
"2351",160,1987,94.88,93.17,94.8,94.15,93.64,93.18
"2352",161,1987,93.74,94.33,93.85,93,93.79,96.37
"2353",162,1987,91.89,92.27,92.02,91.86,91.91,92.9
"2354",163,1987,88.8,86.66,87.8,88.16,87.5,85.32
"2355",164,1987,92.93,92.44,93.14,91.81,93.89,92.99
"2356",165,1987,93.32,92.97,93.25,94.11,93.2,92.95
"2357",166,1987,92.59,90.24,90.88,91.41,90.17,90.16
"2358",167,1987,92.17,90.44,90.93,91.14,89.15,90.05
"2359",168,1987,93.86,92.51,94.38,91.93,93,92.72
"2360",169,1987,94.32,93.65,95.8,92.79,93.7,93.09
"2361",170,1987,92.43,91.65,91.75,90.85,89.79,91.87
"2362",171,1987,88.83,89.99,88.61,90.33,87.13,90.46
"2363",172,1987,85.3,86.18,86.57,84.61,88.8,86.93
"2364",173,1987,89.31,89.94,91.08,87.4,91.85,91.51
"2365",174,1987,96.98,96.6,96.76,96.58,96.1,95.85
"2366",175,1987,93.43,93.22,93.78,91.94,94.89,93.27
"2367",176,1987,95.22,94.43,95.42,93.77,95.42,95.78
"2368",177,1987,94.74,93.67,93.12,95.64,93.22,93.7
"2369",178,1987,87.91,87.75,87.54,89.93,92.9,89.07
"2370",179,1987,84.39,83.05,83.84,83.61,88.73,85.35
"2371",180,1987,92.29,90.46,92.06,90.56,92.36,91.48
"2372",181,1987,94.82,94.76,94.78,95.17,95.27,95.33
"2373",182,1987,93.44,92.44,93.38,92.29,93.6,92.24
"2374",183,1987,92.22,90.97,92.02,90.91,93.43,91.04
"2375",184,1987,90.46,90.9,91.25,91.68,90.32,92.19
"2376",185,1987,95.47,93.02,93.86,94.35,93.09,92.62
"2377",186,1987,92.35,93.82,92.33,93.69,94.38,94.11
"2378",187,1987,92.8,93.57,91.29,95.33,92.71,94.22
"2379",188,1987,86.89,85.61,87.28,86.51,90.41,85.48
"2380",189,1987,88.81,88.81,89.98,88,89.34,89.26
"2381",190,1987,92.23,90.99,91.3,93.26,91.18,91.05
"2382",191,1987,93.53,92.62,93.72,92.03,92.9,92.84
"2383",192,1987,92.92,92.99,92.46,93.92,91.06,92.76
"2384",193,1987,93.54,91.56,92.4,92.79,90.36,91.01
"2385",194,1987,93.22,90.39,91.09,91.62,91.78,90.05
"2386",195,1987,91.16,89.24,89.17,92.24,89.74,89.29
"2387",196,1987,91.41,89.29,89.41,90.9,87.98,87.84
"2388",197,1987,93.02,93.09,91.04,92.21,90.97,93
"2389",198,1987,88.87,88.48,88.61,90.1,88.03,90.18
"2390",199,1987,88.53,87.51,87.81,87.54,86.35,87.51
"2391",200,1987,90.23,89.1,89.9,90.36,88.88,87.69
"2392",201,1987,93.47,92.29,92.82,92.98,92.49,91.74
"2393",202,1987,93.8,93.46,94.23,92.86,94.8,93.2
"2394",203,1987,88.24,88.12,88.48,87.25,88.35,88.52
"2395",204,1987,88.34,88.3,88,88.03,87.63,89.11
"2396",205,1987,89.41,91.92,90.58,89.85,90.92,93.36
"2397",206,1987,93.17,92.49,93.49,90.84,94.29,92.69
"2398",207,1987,91.12,89.71,90.7,88.79,90.14,88.81
"2399",208,1987,88.52,87.02,88.44,86.25,89.79,87.4
"2400",209,1987,90.75,89.73,90.43,90.9,89.84,88.74
"2401",210,1987,90.69,91.65,90.83,91.4,89.37,92.25
"2402",211,1987,95.7,95.11,95.52,95.1,92.74,95.27
"2403",212,1987,95.94,96.8,97.03,97.63,98.28,97.13
"2404",213,1987,94.03,93,94.51,92.47,95.26,94.08
"2405",214,1987,88.03,90.58,88.51,88.17,89.03,90.39
"2406",215,1987,91.88,92.56,92,91.46,93.64,92.44
"2407",216,1987,88.69,87.42,88.18,88.27,89.86,87.47
"2408",217,1987,87.15,86.45,87.53,86.53,89.58,86.64
"2409",218,1987,90.43,89.72,89.31,91.54,88.82,91.01
"2410",219,1987,93.7,94.27,94.54,93.78,95.11,94.78
"2411",220,1987,92.94,92.36,93.83,92.99,94.7,93.21
"2412",221,1987,90.31,89.57,90.1,89.99,87.92,89.62
"2413",222,1987,90.12,91.24,90.69,90.84,90.76,91.77
"2414",223,1987,92.37,93.09,91.95,91.79,92.48,94.14
"2415",224,1987,90.9,89.74,89.17,90.98,87.39,88.43
"2416",225,1987,89.9,89.7,88.51,90.74,88.12,88.62
"2417",226,1987,89.2,90.61,90.18,90.33,91.45,91.1
"2418",227,1987,90.18,90.46,90.3,91.12,89.8,90.76
"2419",228,1987,90.76,91.55,89.98,90.67,88.28,93.38
"2420",229,1987,91.47,92.25,91.41,92.73,91.74,93.3
"2421",230,1987,89.37,89.48,90.44,90.72,90.47,89.62
"2422",231,1987,90.88,90.66,91.48,90.13,92.39,92.17
"2423",232,1987,91.73,91.71,92.08,91.6,91.88,92.3
"2424",233,1987,93.65,91.87,92.96,92.61,93.47,92.57
"2425",234,1987,93.19,91.79,93.01,92.97,91.23,92.27
"2426",235,1987,91.59,91.49,91.51,91.45,88.87,91.6
"2427",236,1987,92.32,91.87,91.94,91.74,91.54,92.27
"2428",237,1987,91.22,90.65,89.88,91.06,88.4,90.82
"2429",238,1987,91.74,91.08,91.09,92.08,91.8,91.99
"2430",239,1987,92.17,92.05,92.01,91.96,91.96,91.91
"2431",240,1987,88.59,88.94,88.48,88.38,88.63,89.84
"2432",241,1987,89.53,88.56,89.48,88.28,88.22,88.56
"2433",242,1987,93.24,92.25,91.66,91.8,92.33,92.26
"2434",243,1987,93.15,92.24,92.84,94.07,93.37,94.21
"2435",244,1987,94.52,93.44,93.99,94.25,93.41,94.19
"2436",245,1987,88.88,89.3,88.73,89.14,89.1,90.32
"2437",246,1987,90.68,91.12,91.17,91.31,91.29,90.28
"2438",247,1987,91.63,91.42,91.76,91.44,93.9,92.86
"2439",248,1987,91.35,90.44,91.22,90.58,90.85,90.61
"2440",249,1987,87.72,87.11,86.79,88.34,86.61,87.52
"2441",250,1987,89.85,89.6,89.11,90.09,87.97,89.73
"2442",251,1987,89.23,89.24,90.38,89.4,88.8,89.03
"2443",252,1987,89.57,89.58,88.8,90.2,88.74,89.34
"2444",253,1987,86.72,86.26,86.03,86.34,86.56,86.18
"2445",254,1987,88.67,89.16,90.2,89.16,92.07,90.01
"2446",255,1987,93.99,93.35,93.96,94.51,91.56,92.46
"2447",256,1987,89.64,89.51,90.41,88.98,90.83,90.15
"2448",257,1987,88.96,90.02,89.57,89.37,89.4,88.88
"2449",258,1987,88.57,88.41,87.95,89.06,87.13,88.5
"2450",259,1987,92.36,91.8,91.84,92.69,91.65,91.42
"2451",260,1987,90.07,90.14,90.17,89.42,89.48,89.69
"2452",261,1987,87.29,90.14,89.69,88.32,91.45,92.03
"2453",262,1987,90.53,90.15,90.33,89.19,89.83,90.42
"2454",263,1987,89.86,89.62,89.79,90.52,88.29,90.04
"2455",264,1987,90.74,89.6,90.1,89.95,88.95,89.73
"2456",265,1987,92.04,91.08,91.68,91.22,90.82,91.31
"2457",266,1987,94.21,94.09,94.06,93.47,93.63,93.51
"2458",267,1987,96.12,96.25,95.3,96.01,93.42,96.25
"2459",268,1987,95.39,95.19,95.29,95.6,95.11,96.89
"2460",269,1987,89.16,89.11,89.21,90.96,90.14,90.26
"2461",270,1987,93.55,93.94,92.11,95.68,89.44,92.61
"2462",271,1987,93.16,92.78,92.16,92.75,91.36,92.97
"2463",272,1987,95.4,94.95,96.44,94.6,92.54,93.79
"2464",273,1987,86.36,87.49,84.69,92.08,84.84,87.18
"2465",274,1987,86.82,88.5,87.26,90.28,88.88,88.25
"2466",275,1987,91.6,88.77,91.44,89.52,90.34,87.93
"2467",276,1987,95.05,94.63,96.16,94.01,96.06,95.15
"2468",277,1987,92.78,94.03,92.96,93.5,94.96,93.2
"2469",278,1987,90.01,89.6,89.68,90,89.8,88.68
"2470",279,1987,91.57,91.94,92.39,91.97,92.21,92.66
"2471",280,1987,93.27,92.45,91.97,93.39,92.29,93.7
"2472",281,1987,90.78,90.46,91.24,90.54,90.9,91.56
"2473",282,1987,91.33,90.52,91.07,90.97,89.61,90.61
"2474",283,1987,89.29,89.9,88.8,90.3,88.22,89.77
"2475",284,1987,87.07,87.42,87.1,86.06,86.09,87.11
"2476",285,1987,86.9,86.37,86.79,86.12,86.12,85.2
"2477",286,1987,88.33,87.53,88.28,87.92,84.77,86.28
"2478",287,1987,87.27,85.31,86.03,88.74,83.71,83.46
"2479",288,1987,93.63,93.67,93.63,92.97,93.06,93.49
"2480",289,1987,91.95,90.39,91.95,90.11,90.1,89.34
"2481",290,1987,94.35,93.85,93.24,93.38,88.64,92.85
"2482",291,1987,91.15,91.47,91.93,90.34,90.64,93.15
"2483",292,1987,90.43,89.53,89.95,90.94,87.93,89.47
"2484",293,1987,91.8,90.44,90.55,91.07,92.16,88.29
"2485",294,1987,92.62,91.83,91.64,92.83,91.47,90.63
"2486",295,1987,91.22,91.78,91.11,90.69,88.26,90.39
"2487",296,1987,93.29,93.9,92.74,93.76,90.27,93.36
"2488",297,1987,89.15,88.72,88.9,89.84,91.01,88.84
"2489",298,1987,88.68,89.57,89.6,90.75,87.06,88.41
"2490",299,1987,90.66,91.18,91.78,91.76,92.71,91.15
"2491",300,1987,93.46,95.11,94.67,94.13,94.07,95.16
"2492",301,1987,94.06,93.65,95.12,94.08,91.84,94.06
"2493",302,1987,94.61,89.91,92.12,91.81,90.71,88.41
"2494",303,1987,91.79,88.35,90.24,89.71,88.06,87.97
"2495",304,1987,86.65,86.09,86.2,89.17,87.05,85.56
"2496",305,1987,86.35,88.25,87.89,88.75,88.41,89.03
"2497",306,1987,87.96,89.67,88.27,89.75,90.09,90.93
"2498",307,1987,90.26,92.31,91.42,91.84,89.66,93.47
"2499",308,1987,90.42,88.99,90.75,90.73,88.65,89.2
"2500",309,1987,95.38,93.78,95.45,93.35,93.16,93.97
"2501",310,1987,89.62,88.03,89.7,89.44,91.04,87.75
"2502",311,1987,92.09,91.5,92.21,91.8,91.86,91.34
"2503",312,1987,91.43,90.76,91.18,92.53,90.73,90.32
"2504",313,1987,89.64,89.76,89.19,90.33,89.93,89.96
"2505",314,1987,91.18,91.61,92.05,91.93,92.89,91.76
"2506",315,1987,94.25,92.77,93.85,93.18,90.99,90.75
"2507",316,1987,89.24,88.01,88.77,88.64,86.32,87.07
"2508",317,1987,85.69,87.07,87.82,85.28,88.26,88.01
"2509",318,1987,86.6,89.54,89.65,86.67,89.22,91.19
"2510",319,1987,87.77,88.75,89.89,88.8,88.73,90.47
"2511",320,1987,89.53,89.96,89.53,91.72,91.96,90.74
"2512",321,1987,91.39,91.97,91.22,93.21,93.42,93.06
"2513",322,1987,92.49,89.83,92.02,91.98,92.41,88.63
"2514",323,1987,90.99,91.66,90.79,90.49,91.9,91.68
"2515",324,1987,91.93,92.29,92.44,90.69,95,93.31
"2516",325,1987,93.89,92.4,92.73,94.59,90.03,93.66
"2517",326,1987,93.76,91.51,93.82,92.33,92.52,93.16
"2518",327,1987,92.06,90.2,91.91,91.23,90.83,90.28
"2519",328,1987,89.3,91.15,89.16,91.25,91.02,93.1
"2520",329,1987,87.4,89.08,88.14,88.75,90.04,91.61
"2521",330,1987,87.3,89.53,87.71,89.52,87.81,91.39
"2522",331,1987,95.74,94.53,94.82,95.46,92.39,93.05
"2523",332,1987,93.39,92.13,92.66,92.89,91.72,92.14
"2524",333,1987,95.21,95.72,95.52,94.32,96.12,95.12
"2525",334,1987,93.19,92.47,91.93,93.18,91.95,93.45
"2526",335,1987,90.75,91.64,90.93,92.37,91.59,91.22
"2527",336,1987,92.87,91.9,91.83,92.31,90.44,90.53
"2528",337,1987,93.7,94.43,93.42,94,93.33,94.53
"2529",338,1987,86.2,87.74,87,87.79,88.4,87.85
"2530",339,1987,86.39,87.38,86.01,89.06,85.59,88.12
"2531",340,1987,89.82,90.59,90.02,90.75,90.69,91.36
"2532",341,1987,92.2,94.12,93.16,91.84,94.63,96.05
"2533",342,1987,89.28,88.54,88.46,89.46,87.44,89
"2534",343,1987,88.84,89.21,88.57,88.45,88.67,91.74
"2535",344,1987,91.41,94.16,92.42,93.46,92.81,93.92
"2536",345,1987,90.32,91.63,90.79,92.58,92.16,93.57
"2537",346,1987,90.09,90.1,90.68,90.23,89.16,90.86
"2538",347,1987,90.05,92.78,90.51,92.33,90.62,92.59
"2539",348,1987,91.6,91.05,90.04,92.8,90.11,90.67
"2540",349,1987,93.5,93.49,93.9,93.79,93.8,93.56
"2541",350,1987,87.08,90.64,91.08,88.22,91.64,92.88
"2542",351,1987,84.07,87.63,86.32,85.88,86.69,88.09
"2543",352,1987,86.28,89.47,88.16,87.4,91.11,89.88
"2544",353,1987,89.57,92.43,92.44,89.92,94.07,93.69
"2545",354,1987,96.03,96.91,96.16,96.54,95.13,97.36
"2546",355,1987,90.83,92.75,93.84,89.86,93.69,95.46
"2547",356,1987,82.03,86.15,88.86,82.19,92.53,88.88
"2548",357,1987,77.94,82.44,87.66,77.76,94.32,85.75
"2549",358,1987,76.08,81.82,86.92,76.05,96.5,88.53
"2550",359,1987,74.59,79.03,82.15,75.57,95.59,85.16
"2551",360,1987,77.45,79.99,82.78,77.26,93.33,84.4
"2552",361,1987,79.85,84.1,86.91,79.39,92.88,89.92
"2553",362,1987,77.61,82.07,84.39,77.98,89.66,88.3
"2554",363,1987,85.59,88.84,90.46,83.75,92.44,90.81
"2555",364,1987,93.31,94.8,94.75,91.87,95.29,95.74
"2556",365,1987,95.45,94.8,95.46,93.65,96.27,94.42
"2557",1,1988,88.62,88.06,90.03,88.52,92.25,90.89
"2558",2,1988,80.61,83.49,83.92,80.97,86.89,86.72
"2559",3,1988,76.29,78.5,78.24,78.11,83.21,79.95
"2560",4,1988,74.85,76.08,75.31,75.71,80.92,76.17
"2561",5,1988,72.27,75.2,76.42,73.2,89.62,78.83
"2562",6,1988,73.4,78.45,81.57,73,91.15,85.95
"2563",7,1988,82,87.43,89.97,80.45,94.46,92.21
"2564",8,1988,84.66,87.61,89.62,81.32,91.88,91.85
"2565",9,1988,83.28,87.85,91.36,79.19,94.16,92.69
"2566",10,1988,78.1,83.79,87.56,73.57,90.95,88.12
"2567",11,1988,72.6,80.28,82.78,67.76,88.44,87.67
"2568",12,1988,67.75,74.95,76.74,65.4,85.16,81.3
"2569",13,1988,64.57,71.56,72.87,64.5,86.02,76.76
"2570",14,1988,65.72,73.12,73.85,64.55,88.32,79.64
"2571",15,1988,71.27,81.63,83.8,67.14,94.91,89.09
"2572",16,1988,94.02,96.64,96.65,90.15,94.49,95.91
"2573",17,1988,94.54,94.51,96.05,93.79,93.14,95.68
"2574",18,1988,89.46,90.34,91.9,90.71,93.49,90.19
"2575",19,1988,87.26,90.02,90.31,85.11,90.71,88.98
"2576",20,1988,88.55,92.19,91.82,85.78,88.54,91.62
"2577",21,1988,95.46,95.54,96.29,94.14,92.01,95.41
"2578",22,1988,88.68,89.32,89,87.3,88.31,91.74
"2579",23,1988,84.56,88,87.16,85.57,92.14,89.48
"2580",24,1988,86.1,87.79,88.2,84.86,92.61,88.77
"2581",25,1988,85.88,87.34,88.36,81.46,90.25,88.98
"2582",26,1988,85.57,87.95,88.45,83.49,90.78,90.71
"2583",27,1988,87.55,88.59,88.57,86.46,93.86,91.59
"2584",28,1988,86.97,89.56,88.87,87.56,90.26,92.6
"2585",29,1988,87.63,88.05,89.67,88.16,88.5,87.08
"2586",30,1988,92.35,94.18,94.36,91.12,94.32,95.47
"2587",31,1988,94.62,95.41,95.32,93.69,95.24,95.61
"2588",32,1988,93.52,93.76,94.44,93.62,94.91,95.08
"2589",33,1988,94.44,93.6,95.03,93.77,96.59,93.87
"2590",34,1988,90.41,91.15,90.84,90.17,91.96,91.26
"2591",35,1988,86.22,88.13,89.02,85.15,91.34,89.98
"2592",36,1988,87.55,89.11,88.4,87.14,91.1,89.46
"2593",37,1988,90.94,93.06,91.95,90.72,94.51,93.7
"2594",38,1988,95.3,95.54,96.05,94.41,95.12,95.52
"2595",39,1988,92.99,92.45,92.8,94.05,92.74,93.15
"2596",40,1988,89.51,90.27,89.88,89.78,90.56,90.56
"2597",41,1988,93.2,92.39,93.36,92.21,94.03,92.88
"2598",42,1988,96.14,96.11,96.56,93.82,97.02,95.49
"2599",43,1988,93.47,93.21,93.39,93.99,92.72,92.35
"2600",44,1988,92.85,93.22,92.92,93.45,91.65,92.52
"2601",45,1988,91.68,90.11,89.31,90.35,87.51,86.65
"2602",46,1988,85.58,86.92,85.86,86.21,91.58,86.59
"2603",47,1988,84.06,87.53,87.24,82.86,89.04,86.98
"2604",48,1988,84.47,86.35,86.59,84.82,90.08,85.71
"2605",49,1988,78.2,81.86,82.81,76.59,87.05,86.97
"2606",50,1988,76.13,84.13,82.58,72.74,86.75,88.07
"2607",51,1988,82.64,86.33,86.61,79.83,90.74,88.24
"2608",52,1988,83.13,85.37,86.97,81.39,88.3,89.27
"2609",53,1988,89.78,92.28,90.74,89.74,91.43,94.08
"2610",54,1988,88.01,89.63,89.94,87.48,92.34,91.17
"2611",55,1988,85.74,86.66,87.13,83.01,89.69,88.29
"2612",56,1988,80.67,83.96,85.6,78.67,87.67,87.22
"2613",57,1988,78.73,81.11,82.57,77.53,86.65,83.61
"2614",58,1988,80.39,80.8,82.3,77.39,83.34,81.82
"2615",59,1988,88.04,88.69,91.57,85.83,88.23,86.4
"2616",60,1988,82.81,83.63,83.54,81.3,84.87,83.57
"2617",61,1988,75.99,76.62,77.74,72.77,80.26,77.71
"2618",62,1988,71.11,72.44,74.42,67.04,77.87,72.61
"2619",63,1988,65.7,67.86,69.09,62.24,75.93,69.3
"2620",64,1988,64.25,67.48,69.14,60.66,79.88,68.95
"2621",65,1988,63.82,68.46,70.42,60.88,81.8,72.84
"2622",66,1988,62.09,69.08,69.05,61.53,84.23,72.64
"2623",67,1988,62.77,69.38,71.95,58.36,87.84,77.52
"2624",68,1988,64.72,72.72,75.23,57.61,87.37,84.9
"2625",69,1988,72.16,78.96,80.51,62.48,91.92,85.84
"2626",70,1988,71.15,73.88,76,64.92,83.82,78.37
"2627",71,1988,62.69,65.53,68.37,53.55,74.47,69.82
"2628",72,1988,54.49,63.11,65.66,48.28,76.25,71.07
"2629",73,1988,63.64,71.62,72.08,58.51,82.96,75.75
"2630",74,1988,75.17,81.58,82.11,68.09,86.6,81.3
"2631",75,1988,89.19,91.3,91.76,84.94,91.71,89.9
"2632",76,1988,93.89,94.53,94.16,93.77,92.82,96.14
"2633",77,1988,91.59,93.26,91.66,93.76,90.03,94.07
"2634",78,1988,84.18,88.59,87,85.3,89.87,91.41
"2635",79,1988,85.92,88.04,87.97,82.3,90.2,90.92
"2636",80,1988,90.46,91.14,90.23,88.35,88.17,89.96
"2637",81,1988,91.29,91.1,89.94,91.25,92.01,91.68
"2638",82,1988,88.29,89.51,88.83,86.79,88.33,89.8
"2639",83,1988,84.37,85.34,87.54,83.35,87.05,86.95
"2640",84,1988,78.7,79.55,83.5,75.18,84.71,80.9
"2641",85,1988,82.99,85.5,86.97,79.27,89.1,85.57
"2642",86,1988,89.26,90.35,89.22,88.95,90.32,92.31
"2643",87,1988,91.78,90.89,91.84,91.25,95.43,91.63
"2644",88,1988,89.86,90.41,89.56,91.48,93.8,93.49
"2645",89,1988,95.72,95.3,96.35,94.74,97.63,97
"2646",90,1988,91.74,90.73,92.15,90.22,93.22,91.01
"2647",91,1988,91.59,90.59,89.89,92.77,89.22,90.39
"2648",92,1988,92.61,90.98,89.98,92.48,89.64,91.86
"2649",93,1988,91.15,91.94,91.91,91.98,91.69,92.89
"2650",94,1988,93.96,93.26,92.11,93.17,92.56,92.75
"2651",95,1988,90.96,90.97,90.65,92.69,91.89,92.67
"2652",96,1988,92.53,91.09,93.03,90.31,94.85,92.07
"2653",97,1988,94.31,91.84,93.19,92.67,92.07,92.4
"2654",98,1988,94.71,94.17,94,94.73,91.47,93.85
"2655",99,1988,91.28,91.21,91.07,91.56,92.1,91.73
"2656",100,1988,94.16,95.13,94.64,94.6,95.32,96.06
"2657",101,1988,95.37,94.56,94.7,95.99,94.13,95.03
"2658",102,1988,92.98,93.72,91.96,92.34,89.2,92.67
"2659",103,1988,88.13,92.1,90.1,89.28,90.3,93.5
"2660",104,1988,92.32,94.91,93.08,93.44,90.72,94.07
"2661",105,1988,90.69,89.01,90.05,88.59,90.15,88.1
"2662",106,1988,90.63,89.87,90.89,89.44,90.15,93.1
"2663",107,1988,86.66,86.61,87.84,87.06,90.1,87.92
"2664",108,1988,81.8,83.58,82.84,83.34,84.43,85.88
"2665",109,1988,90.16,90.49,89.59,90.56,88.2,90.87
"2666",110,1988,86.14,87.66,86.81,86.94,86.66,89.51
"2667",111,1988,91.49,90.19,89.89,90.74,89.87,91.21
"2668",112,1988,93.18,93.1,92.44,93.78,93.85,93.95
"2669",113,1988,90.5,90.96,89.83,90.72,91.29,91.22
"2670",114,1988,90.32,89.97,89.99,88.42,87.83,92.23
"2671",115,1988,94.75,93.48,94.14,95.59,95.74,93.39
"2672",116,1988,88.62,89.95,89.28,90.4,93.92,90.93
"2673",117,1988,94.29,92.01,94.24,91.14,93.8,90.8
"2674",118,1988,91.59,90.19,92,90.53,92.92,90.84
"2675",119,1988,91.54,93.03,92.8,92.99,95.93,94.54
"2676",120,1988,91.72,93.22,92.41,92.04,96.43,94.26
"2677",121,1988,95.48,96.88,96.19,94.99,95.02,98.06
"2678",122,1988,96.06,96.81,96.27,96.12,95.86,97.71
"2679",123,1988,91.93,91.76,90.74,93.04,91.39,91.24
"2680",124,1988,92.57,92.27,93.44,92.54,92.3,91.91
"2681",125,1988,94.78,93.67,94.57,94.55,95.89,94.19
"2682",126,1988,93.43,93.58,95.16,91.26,94.54,92.12
"2683",127,1988,94.49,95.6,95.97,94.52,96.56,95.47
"2684",128,1988,96.02,95.38,95.84,93.72,96.39,95.82
"2685",129,1988,94.44,94.1,95.56,91.42,95.83,93.45
"2686",130,1988,92.77,93.64,93.28,93.53,94.59,93.24
"2687",131,1988,96.42,97.15,94.6,98.43,94.58,97.99
"2688",132,1988,93.85,91.99,94.48,91.99,92.75,90.82
"2689",133,1988,92.91,91.82,92.23,92.23,92.29,90.48
"2690",134,1988,92.78,92.46,93.14,93.18,96.71,93.87
"2691",135,1988,95.45,94.39,95.03,94.59,94.87,96.47
"2692",136,1988,94.37,93.59,93.82,93.05,92.58,89.9
"2693",137,1988,92.28,91.78,91.03,92.42,87.99,93.17
"2694",138,1988,91.9,93.2,93.79,91.72,94.21,94.53
"2695",139,1988,94.67,93.6,93.01,94.3,92.28,93.35
"2696",140,1988,94.02,93.52,92.71,94.54,92.12,92.9
"2697",141,1988,91.39,90.42,91.65,92.25,93.08,92.69
"2698",142,1988,93.73,94.04,93.52,93.96,93.72,94.75
"2699",143,1988,92.23,93.35,93.27,93.58,94.5,93.66
"2700",144,1988,93.92,94.04,92.6,96.12,91.67,92.42
"2701",145,1988,97.21,94.09,96.84,92.5,94.25,92.19
"2702",146,1988,93.49,92.08,92.84,92.42,91.63,91.52
"2703",147,1988,96.71,95.85,97.59,95.68,97.44,94.92
"2704",148,1988,94.65,93.27,95.12,92.09,96.01,94.22
"2705",149,1988,96.47,97.21,95.93,96.57,95.69,97.61
"2706",150,1988,88.15,91.13,90.07,91.02,92.67,90.85
"2707",151,1988,91.96,91.74,90.43,86.36,88.96,94
"2708",152,1988,91.91,92.69,90.73,92.17,90.74,93.17
"2709",153,1988,99.11,98.99,98.81,98.5,97.01,98.13
"2710",154,1988,95.16,93.94,92.86,95.7,89.14,93.07
"2711",155,1988,87.85,86.39,84.09,90.08,81.57,88.58
"2712",156,1988,91.52,92.49,90.32,94.57,91.66,92.01
"2713",157,1988,94.74,96.83,95.06,93.59,94.06,96.12
"2714",158,1988,92.99,93.16,92.7,91.46,92.9,93.42
"2715",159,1988,91.52,91.13,90.54,91.92,90.94,91.61
"2716",160,1988,90.46,90.05,89.49,90.8,89.51,90.64
"2717",161,1988,97,95.22,96.17,95.96,93.97,95.77
"2718",162,1988,96.48,96.69,96.17,96.65,96.4,97.31
"2719",163,1988,99.4,99.45,99.41,99.32,99.54,99.48
"2720",164,1988,92.68,91.88,90.24,91.79,92.88,92.2
"2721",165,1988,88.16,87.58,86.55,87.82,87.47,85.86
"2722",166,1988,97.36,96.56,96.73,96.4,96.73,96.18
"2723",167,1988,94.53,94.53,94.09,93.42,95.38,95.41
"2724",168,1988,89.84,87.53,87.4,88.87,89.31,85.87
"2725",169,1988,91.03,91.41,91.41,92.23,92.99,91.54
"2726",170,1988,93.57,91.45,92.77,91.54,91.17,92.36
"2727",171,1988,96.27,96.82,96.91,94.76,96.45,96.51
"2728",172,1988,84.59,83.63,84.49,83.41,86.65,83.99
"2729",173,1988,84.18,85.12,83.38,83.25,85.38,85.64
"2730",174,1988,95.14,95.52,94.92,92.33,93.68,95.38
"2731",175,1988,93.87,94.74,94.88,92.96,93.26,93.81
"2732",176,1988,93.36,92.81,92.63,91.99,90.87,93.41
"2733",177,1988,92.53,91.56,92.49,89.76,93.13,91.06
"2734",178,1988,89.24,89.24,89.16,87.84,90.01,89.42
"2735",179,1988,88.85,89.32,89.05,90.19,89.39,89.58
"2736",180,1988,93.67,94,93.88,93.3,92.53,94.6
"2737",181,1988,95.36,93.87,95.89,94.79,96.85,92.53
"2738",182,1988,95.82,96.02,94.96,96.37,95.04,94.56
"2739",183,1988,91.07,91.5,90.69,90.2,91.55,92.26
"2740",184,1988,92.38,93.14,91.14,94.01,90.14,94.12
"2741",185,1988,93.94,93.21,93.13,94,89.6,94.8
"2742",186,1988,95.19,95.06,94.8,96.11,94.3,95.95
"2743",187,1988,92.88,93.19,92.49,93.75,93.36,93.42
"2744",188,1988,91.45,90.57,90.58,92.77,89.88,90.89
"2745",189,1988,94.35,94.24,93.68,94.42,90.49,94.65
"2746",190,1988,95.42,94.37,94.55,96.49,95.17,94.85
"2747",191,1988,94.03,93.75,92.94,94.14,91.52,93.86
"2748",192,1988,94.03,92.58,92.9,90.86,93.05,92.4
"2749",193,1988,94,91.92,92.54,92.42,92.07,91.35
"2750",194,1988,99.32,99.52,99.65,99.14,98.08,99.54
"2751",195,1988,94.94,96.06,94.08,96.07,94.64,96.71
"2752",196,1988,87.66,88.61,82.87,84.59,79.83,88.13
"2753",197,1988,88.3,87.78,86.01,88.71,79.96,88.2
"2754",198,1988,95.05,95.38,95.34,92.86,92.14,94.12
"2755",199,1988,91.73,91.18,93.37,91.31,95.51,92.92
"2756",200,1988,91.81,91.89,92.95,91.07,91.09,92.03
"2757",201,1988,95.27,95.67,95.96,95.28,96.62,96.42
"2758",202,1988,98.15,98.29,98,97.36,97.42,98.76
"2759",203,1988,94.05,92.95,93.5,93.06,91.69,91.97
"2760",204,1988,90.76,92.95,92.9,90.97,94.6,94.85
"2761",205,1988,97.33,98.02,97.66,98.4,96.83,97.87
"2762",206,1988,96.05,95.82,95.89,97.18,96.17,96.31
"2763",207,1988,97.23,96.09,96.72,95.07,94.31,95.58
"2764",208,1988,93,94.18,93.45,94.84,91.46,94.76
"2765",209,1988,84.05,85.65,85.41,85.26,86.27,88.93
"2766",210,1988,88.09,89.49,86.56,90.94,87.19,90.31
"2767",211,1988,91.96,92.42,92.2,93.05,92.14,92.27
"2768",212,1988,92.19,92.28,92.79,91.2,92.36,92.01
"2769",213,1988,92.18,90.24,90.92,91.34,91.54,90.31
"2770",214,1988,89.8,89.73,90.18,89.35,89.15,90.17
"2771",215,1988,91.6,90.28,90.29,92.43,88.41,88.69
"2772",216,1988,93.28,92.03,92.95,92.36,92.23,91.52
"2773",217,1988,92.44,92.12,91.56,92.12,89.05,92.87
"2774",218,1988,94.2,94.2,94.25,93.85,93.58,94.14
"2775",219,1988,92.28,92.27,92.23,92.25,91.2,92.07
"2776",220,1988,90.45,89.74,90.38,89.46,91.48,89.97
"2777",221,1988,86.75,89.88,87.72,89.22,90.73,90.32
"2778",222,1988,90.45,89.71,89.91,90.24,89.15,88.69
"2779",223,1988,93.2,93.54,93.43,93.17,92.32,93.37
"2780",224,1988,89.44,89.05,90.27,88.16,90.95,91.65
"2781",225,1988,88.16,89.41,89.26,89.03,90.87,89.36
"2782",226,1988,91.18,89.4,89.96,90.93,88.36,88.11
"2783",227,1988,93.29,91.88,92.25,92.84,90.96,91.83
"2784",228,1988,89.07,88.61,88.41,88.7,89.86,87.34
"2785",229,1988,90.21,90.9,90.22,90.82,89.8,91.98
"2786",230,1988,89.49,90.05,90.06,91.03,90,89.57
"2787",231,1988,92.51,91.1,92.24,90.44,90.56,89.1
"2788",232,1988,92.23,93.39,92.03,93.42,91.43,92.02
"2789",233,1988,90.37,90.2,90.27,90.15,90.27,89.97
"2790",234,1988,90.86,91.44,90.64,91.74,89.02,92.29
"2791",235,1988,91.35,91.2,92.07,91.41,90.71,91
"2792",236,1988,90.23,90.37,90.25,90.23,89.63,90.99
"2793",237,1988,88.81,89.29,88.73,89.82,88.19,88.4
"2794",238,1988,89.21,89.72,88.71,89.81,87.78,89.58
"2795",239,1988,91.65,91.28,90.19,92.93,88.31,89.81
"2796",240,1988,89.01,89.1,89.19,87.86,89.3,88.5
"2797",241,1988,89.84,90.29,90.07,89.2,89.84,91.13
"2798",242,1988,90.3,90.96,91.26,90.69,91.07,92.34
"2799",243,1988,87.52,89.06,87.67,89.09,87.78,89.98
"2800",244,1988,89.83,89.36,89.57,91.05,88.97,90.51
"2801",245,1988,89.55,89.68,91.03,87.45,91.14,90.97
"2802",246,1988,91.4,91.04,92.12,89.93,93.29,92.2
"2803",247,1988,91.13,91.38,90.56,90.53,91.32,92.58
"2804",248,1988,89.84,90.69,90.36,90.93,90.59,91.55
"2805",249,1988,87.85,88.65,88.11,87.4,88.09,89.34
"2806",250,1988,89.77,90.77,90.9,91.22,91.76,90.53
"2807",251,1988,88.96,90.22,88.42,90.77,88.91,90.89
"2808",252,1988,87.95,89.62,89.43,88.73,90.59,90.39
"2809",253,1988,86.51,87.79,87.09,86.57,87.48,88.43
"2810",254,1988,90.81,89.26,88.52,91.37,86.45,87.31
"2811",255,1988,91.27,90.75,90.46,90.81,87.88,90.48
"2812",256,1988,91.23,90.36,90.2,90.56,88.06,89.87
"2813",257,1988,90.8,91.39,90.18,92.07,89.05,92.08
"2814",258,1988,87.63,86.45,86.5,87.82,88.1,87.59
"2815",259,1988,85.76,85.27,85.58,85.31,87.42,85.51
"2816",260,1988,91.58,91.71,92.69,91.4,93.95,91.3
"2817",261,1988,95.95,94.92,95.34,95.7,94.05,95.24
"2818",262,1988,92.9,93.37,94.01,91.76,93.21,94.17
"2819",263,1988,93.19,90,90.81,90.65,88.88,90.11
"2820",264,1988,90.61,90.61,90.91,91.4,90.37,92.12
"2821",265,1988,94.22,94.05,92.83,94.59,92.81,94.13
"2822",266,1988,86.43,87.38,87.24,87.44,88.94,87.05
"2823",267,1988,86.61,87.08,88.29,85.8,88.7,87.07
"2824",268,1988,88.82,89.65,89.1,89.65,89.26,91.3
"2825",269,1988,91.23,91.07,91.39,91.32,92.7,89.85
"2826",270,1988,88.17,88.9,88.58,88.92,87.18,88.37
"2827",271,1988,91.88,92.38,91.34,93.34,91.11,91.55
"2828",272,1988,88.13,88.47,86.95,90.2,85.3,87.28
"2829",273,1988,88.96,89.98,89.8,88.51,89.11,90
"2830",274,1988,89.71,89.06,89.8,88.86,89.34,89.87
"2831",275,1988,89.4,88.83,89.67,89.15,87.36,87.91
"2832",276,1988,92.1,91.9,92.98,89.48,94.55,92.13
"2833",277,1988,91.57,88.3,89.21,91.49,88.34,87.16
"2834",278,1988,91.36,92.21,92.36,91.42,93.4,92.21
"2835",279,1988,87.28,86.04,86.61,87.04,85.18,85.6
"2836",280,1988,89.43,90,90.58,89.02,91.2,90.33
"2837",281,1988,91.91,91.97,92.4,93.11,92.47,92
"2838",282,1988,93.62,93.19,92.73,94.08,92.53,94.06
"2839",283,1988,91.79,91.62,91.14,90.43,89.58,92.1
"2840",284,1988,88.71,89.22,88.67,87.11,90.32,89.24
"2841",285,1988,89.63,87.33,88.22,87.69,86.04,87.08
"2842",286,1988,90.14,89.91,90.18,91.71,89.23,89.21
"2843",287,1988,87.7,88.46,87.16,90.1,87.01,88.92
"2844",288,1988,88.59,88.31,89.22,89.04,89.27,88.86
"2845",289,1988,84.48,85.26,85.4,85.77,87.45,84.8
"2846",290,1988,90,90.88,90.87,89.07,90.5,90.96
"2847",291,1988,94.71,93.81,94.47,94.19,94.56,94.67
"2848",292,1988,90.24,89.54,89.61,89.8,88.94,90.47
"2849",293,1988,88.2,89.1,86.57,91.76,84.39,89.72
"2850",294,1988,84.77,85.07,84.5,85.28,83.59,86.47
"2851",295,1988,90.77,91.19,91.43,90.35,90.66,93.66
"2852",296,1988,90.4,89.1,89.81,88.78,89.16,87.46
"2853",297,1988,85.79,85.23,85.35,86.44,85.37,84.69
"2854",298,1988,86.04,86.6,85.89,86.14,84.71,85.93
"2855",299,1988,83.27,82.82,82.66,83.17,82.79,83.05
"2856",300,1988,84.42,86.8,85.51,84.94,86.74,86.59
"2857",301,1988,89.55,91.54,89.03,90.92,89.28,91.7
"2858",302,1988,93.48,94.26,94.14,93.67,93.74,95.16
"2859",303,1988,87.07,87.24,86.81,87.64,87.52,86.7
"2860",304,1988,90.73,91.44,90.8,91.82,89.72,91.73
"2861",305,1988,89.33,91.8,89.78,91.1,90.98,93.56
"2862",306,1988,91.21,90.53,90.17,90.9,88.32,90.64
"2863",307,1988,93.33,91.84,94.17,90.63,94.32,91.62
"2864",308,1988,93.21,91.82,90.78,94.72,91.66,91.97
"2865",309,1988,90.62,89.76,90.75,90.8,89.45,90.3
"2866",310,1988,89.53,89.69,89.04,91.11,91.22,88.17
"2867",311,1988,89.66,88.82,88.02,90.27,87.18,88.12
"2868",312,1988,92.3,91.97,90.6,93.25,91.22,89.84
"2869",313,1988,94.68,94.43,94.41,95.64,94.52,94.8
"2870",314,1988,96.13,95.77,96.31,96.83,96.73,96.55
"2871",315,1988,93.17,92.73,93.33,92.66,92.53,92.28
"2872",316,1988,92.74,91.8,92.01,93.03,91.04,92.46
"2873",317,1988,90.49,89.61,90.16,92.15,90.4,90.74
"2874",318,1988,90.14,90.78,91.27,88.14,91.67,91.72
"2875",319,1988,95,92.64,93.2,93.32,92.6,91.11
"2876",320,1988,90.17,90.84,90.8,91.51,91.08,91.5
"2877",321,1988,94.54,93.71,92.87,94.68,93.23,95.2
"2878",322,1988,92.6,92.61,92.76,92.52,93.75,92.35
"2879",323,1988,91.5,91.61,91.96,88.94,92.19,91.8
"2880",324,1988,89.82,90.51,89.18,90.89,90.33,88.59
"2881",325,1988,87.87,88.9,88.08,91.12,89.96,89.38
"2882",326,1988,90.12,91.58,90.29,90.88,92.6,92.42
"2883",327,1988,89.04,89.85,88.95,90.89,90.26,89.89
"2884",328,1988,89.82,92.67,91.5,90.88,92.15,93.91
"2885",329,1988,92.93,92.67,92.29,93.56,93.32,93.12
"2886",330,1988,92.2,93.54,91.12,93.59,91.29,94.33
"2887",331,1988,89.21,89.32,88.21,90.18,85.7,91.01
"2888",332,1988,90.55,91.65,91.56,91.39,91.59,94.69
"2889",333,1988,94.55,94.74,95.57,93.53,94.3,95.72
"2890",334,1988,92.24,91.92,92.23,92.97,92.71,92.05
"2891",335,1988,85.05,87.72,86.41,85.93,87.22,90.05
"2892",336,1988,82.13,86.11,84.55,83.6,87.67,89.01
"2893",337,1988,85.79,89.08,87.62,86.87,89.52,90.43
"2894",338,1988,89.8,91.23,90.76,90.52,90.34,92.87
"2895",339,1988,87.47,89.29,89.62,87.59,92.79,90.5
"2896",340,1988,84.52,85.06,84.69,86.17,87.2,86.01
"2897",341,1988,83.65,85.31,85.12,83.97,85.12,86.03
"2898",342,1988,87.5,89.98,89.02,87.34,89.42,90.87
"2899",343,1988,86.53,86.37,86.22,88.75,87.55,86.48
"2900",344,1988,84.67,84.88,84,85.5,83.36,85.39
"2901",345,1988,83.2,86.41,84.98,84.2,84.95,87.39
"2902",346,1988,82.65,88.72,88.51,83.82,92.64,90.55
"2903",347,1988,87.61,90.87,90.36,89.69,92,91.64
"2904",348,1988,88.06,89.62,89.15,89.62,90.27,91.52
"2905",349,1988,86.57,85.84,87.43,86.02,87.27,84.7
"2906",350,1988,90.87,92.68,90.97,90.71,92.18,92.07
"2907",351,1988,81.98,83.18,83.71,81.76,93.57,85.25
"2908",352,1988,74.92,77.67,76.21,77.09,85.65,81.74
"2909",353,1988,70.38,71.97,70.98,72.04,75.46,73.7
"2910",354,1988,73.31,74.93,73.76,75.08,82.08,75.12
"2911",355,1988,77.62,79.18,79.84,78.81,90.79,80.9
"2912",356,1988,79.89,84.54,85.66,80.98,93.26,89.57
"2913",357,1988,79.01,85.71,85.59,80.21,87.92,87.44
"2914",358,1988,79.85,88.34,86.02,79.88,88.97,89.42
"2915",359,1988,81.72,87.11,85.71,82.81,87.51,87.13
"2916",360,1988,82.88,87.17,87.62,83.52,89.78,88.08
"2917",361,1988,90.3,92.88,92.03,90.55,93.4,95.08
"2918",362,1988,90.74,93.56,92.04,93.08,93.14,95.22
"2919",363,1988,92.12,94.78,93.03,92.76,90.8,96.02
"2920",364,1988,92.55,95.79,94.79,93.6,95.5,97.36
"2921",365,1988,96.25,94.16,93.11,96.27,92.03,93.15
"2922",366,1988,95.23,93.91,92.32,95.23,91.21,91.94
"2923",1,1989,96.57,97.05,96.46,97.38,93.03,96.9
"2924",2,1989,96.57,96.44,96.77,96.12,96.73,96.62
"2925",3,1989,95.88,95.8,95.94,94.82,93.77,96.09
"2926",4,1989,94.59,94.28,95.18,94.34,96.32,94.5
"2927",5,1989,95.45,94.97,95.52,93.9,94.86,94.01
"2928",6,1989,93.61,94.69,93.75,93.49,95.03,95.5
"2929",7,1989,88.61,93.07,92.05,89.55,95.62,97.05
"2930",8,1989,80.6,81.91,82.35,80.99,88.22,82.56
"2931",9,1989,74.06,74.06,74.15,73.65,79.18,73.73
"2932",10,1989,74.61,73.91,75,75.02,81.44,74.32
"2933",11,1989,85.46,89.79,91.6,86.06,96.21,91.68
"2934",12,1989,94.72,94.44,93.95,95.37,94.09,94.9
"2935",13,1989,93.75,93.22,93.3,94.05,93.22,94.05
"2936",14,1989,92.82,93.02,93.7,93.2,93.26,93.94
"2937",15,1989,91.8,92.65,92.64,92.75,92.08,93.5
"2938",16,1989,91.24,92.3,91.2,91.49,92.71,93.02
"2939",17,1989,92.66,94.36,93.07,93.92,95.09,94.6
"2940",18,1989,92.85,93.69,94,94.46,93.61,92.41
"2941",19,1989,91.75,94.25,94.99,92.22,95.75,95.1
"2942",20,1989,90.7,91.08,91.88,90.86,92.46,90.39
"2943",21,1989,93.34,91.73,92.8,92.89,91.76,91.89
"2944",22,1989,95.19,94.21,94.57,94.61,94.76,94.29
"2945",23,1989,94.55,93.56,94.45,94.22,94.74,93.38
"2946",24,1989,91.87,92.86,91.64,93.08,92.43,91.82
"2947",25,1989,87.28,87.72,87.02,87.87,89.43,87.1
"2948",26,1989,83.64,86.48,86.6,82.39,90.22,88.03
"2949",27,1989,81.2,85.26,86.39,79.97,90.59,88.28
"2950",28,1989,79.98,86.7,87.15,78.75,93.37,91.1
"2951",29,1989,79.86,87.38,85.91,79.15,90.26,89.9
"2952",30,1989,84.82,90.89,91.59,81.43,94.57,93.31
"2953",31,1989,92.16,96.24,95.62,87.68,95.31,95.39
"2954",32,1989,92.36,93.51,93.62,91.96,92.66,94.18
"2955",33,1989,88.91,91.14,92.35,87.82,95.52,92.7
"2956",34,1989,83.83,87.52,89.59,80.52,92.08,90.91
"2957",35,1989,79.72,86.08,86.95,78.23,89.68,87.62
"2958",36,1989,85.1,89.26,89.06,84.02,91.64,90.73
"2959",37,1989,88.65,91.34,90.69,88.53,94.78,91.99
"2960",38,1989,92.22,94.72,94.03,92.5,93.93,95.03
"2961",39,1989,86.01,89.07,87.37,86.4,89.04,91.43
"2962",40,1989,75.53,79.26,77.54,76.1,82.45,81.97
"2963",41,1989,69.37,71.46,71.42,70,83.71,74.06
"2964",42,1989,74.12,76.15,76.82,71.77,83.82,78.68
"2965",43,1989,80.87,85.58,84.84,78.83,87.72,88.18
"2966",44,1989,89.72,94.07,93.17,90.44,94.37,95.03
"2967",45,1989,86.28,89.39,88.95,84.75,92.92,92.09
"2968",46,1989,70.81,74.2,73.01,68.22,79.3,76.94
"2969",47,1989,63.52,66.57,65.12,63.08,72.8,69.09
"2970",48,1989,66.9,72.54,70.07,66.66,76.28,73.34
"2971",49,1989,76.91,83.01,81.28,76.22,89.95,86.64
"2972",50,1989,89.81,91.03,90.19,90.24,91,92.42
"2973",51,1989,94.09,93.13,94.6,93.99,93.78,94.13
"2974",52,1989,91.39,91.9,92.32,91.29,94.08,92.86
"2975",53,1989,89.19,87.37,88.38,88.85,88.42,87.93
"2976",54,1989,85.39,86.35,85.12,86.08,88.33,86.86
"2977",55,1989,94.01,93.68,93.22,93.65,90.73,93.94
"2978",56,1989,94.75,96.01,95.91,94,94.65,96.78
"2979",57,1989,95.04,96.91,97.94,93.8,97.61,98.43
"2980",58,1989,91.19,92.37,92.6,90.73,93.85,92.93
"2981",59,1989,91.52,92.92,92.62,91.23,93.66,93.93
"2982",60,1989,91.83,92.12,92.02,91.46,91.96,93.04
"2983",61,1989,90.55,89.34,89.92,90.09,89.84,88.83
"2984",62,1989,90.94,93.08,91.22,91.73,89.12,93.88
"2985",63,1989,93.51,92.16,93.24,93.52,93.34,93.11
"2986",64,1989,94.28,94.97,94.98,95.22,93.63,95.6
"2987",65,1989,92.67,92.79,93.66,93,95.19,93.46
"2988",66,1989,89.43,89.6,90.3,89.55,89.52,89.91
"2989",67,1989,89.27,86.56,90.38,87.47,88.95,86
"2990",68,1989,89.4,90.01,93.39,86.2,94.36,91.61
"2991",69,1989,90.21,93.22,92.39,88.3,91.01,95.13
"2992",70,1989,84.65,88.42,86.8,85.91,87.53,89.89
"2993",71,1989,91.6,92.98,94.19,88.59,93.14,93.67
"2994",72,1989,94.23,93.76,93.93,93.64,94.21,93.79
"2995",73,1989,93,93.22,92.67,93.81,91.51,92.78
"2996",74,1989,87.64,89.29,90.68,87.43,93.82,90.66
"2997",75,1989,84.85,84.76,86.48,81.66,92.86,85.9
"2998",76,1989,87.05,89.43,88.81,84.75,87.41,89.63
"2999",77,1989,88.16,89.89,86.46,88.96,82.26,90.09
"3000",78,1989,92.75,91.21,93,90.79,94.08,91.15
"3001",79,1989,93.57,93.44,93.04,93.09,94.96,93.58
"3002",80,1989,95.72,94.99,93.82,95.63,94.91,95.01
"3003",81,1989,89.42,90.94,89.03,92.24,90.98,93.31
"3004",82,1989,87.26,88.08,87.91,89.51,87.8,88.9
"3005",83,1989,90.65,89.66,89.61,91.79,89.42,90.05
"3006",84,1989,91.29,91.81,91.88,90.6,91.71,93.11
"3007",85,1989,88.4,88.11,90.17,85.57,91.32,88.62
"3008",86,1989,85.14,86.29,84.95,83.31,86.38,84.81
"3009",87,1989,88.45,88.67,89.39,85.63,90.28,90.4
"3010",88,1989,90.72,91.16,91.96,88.16,92.15,91.94
"3011",89,1989,90.12,89.57,89.7,90.1,91.49,90.41
"3012",90,1989,88.64,86.76,87.4,88.75,89.71,88.65
"3013",91,1989,92.06,91.48,91.87,91.43,89.7,92.9
"3014",92,1989,93.17,94.04,92.34,94.57,92.37,94.63
"3015",93,1989,94.47,94.51,94.38,92.68,93.19,93.55
"3016",94,1989,93.37,93.76,94.02,92.28,92.98,93.96
"3017",95,1989,90,89.47,89.31,89.59,87.97,90.05
"3018",96,1989,93.84,93.79,93.97,92.92,94.04,95.35
"3019",97,1989,93.78,92.96,93.62,93.83,94.92,92.27
"3020",98,1989,92.8,92.74,92.48,93.17,93.29,93.07
"3021",99,1989,89.84,89.3,89.78,89.68,91.41,89.29
"3022",100,1989,89.21,87.94,89.41,87.65,90.5,88.79
"3023",101,1989,88.1,89.83,88.8,87.53,90.27,90.72
"3024",102,1989,91.49,92.39,92.94,90.57,93.36,94.22
"3025",103,1989,95.23,94.64,95.3,94.48,92.88,94.78
"3026",104,1989,92.02,93.52,94.53,91.51,94.21,93.93
"3027",105,1989,94.46,94.89,95.07,93.44,96.15,95.02
"3028",106,1989,93.13,93.55,94.02,93.11,94.36,93.62
"3029",107,1989,91.96,90.14,91.09,90.93,91.98,89.37
"3030",108,1989,86.83,88.74,91.28,85.06,94.58,90.29
"3031",109,1989,92.26,93.38,94.87,89.43,95.13,92.5
"3032",110,1989,95.85,95.28,95.36,96.75,95.65,95.14
"3033",111,1989,92.12,93.75,91.38,94.29,92.9,94.49
"3034",112,1989,92.19,93.31,92.59,94.24,93.34,94.51
"3035",113,1989,95.76,95.14,95.38,95.4,94.86,95.34
"3036",114,1989,92.04,92.47,93.32,91.51,95.41,94.8
"3037",115,1989,91.03,90.45,90.44,90.57,90.08,90.04
"3038",116,1989,92.59,92.8,91.59,93.86,93.53,93.92
"3039",117,1989,91.45,90.55,90.23,90.83,90.01,90.71
"3040",118,1989,93.33,93.07,92.4,93.04,89.29,92.56
"3041",119,1989,94.69,93.11,92.21,94.48,90.06,93.74
"3042",120,1989,90.37,92.03,91.26,90.44,90.56,90.68
"3043",121,1989,92.56,91.67,92.96,92.01,93.07,92.2
"3044",122,1989,93.42,94.42,94.35,93.09,96.41,94.62
"3045",123,1989,95.39,93.64,94.77,94.76,95.05,94.17
"3046",124,1989,90.96,91.27,91.77,91.9,91.23,91.09
"3047",125,1989,88.85,90.02,88.42,89.7,88.86,92.87
"3048",126,1989,97.11,97.01,96.95,96.8,95.83,96.96
"3049",127,1989,99.85,99.79,99.79,99.33,99.06,99.77
"3050",128,1989,98.19,96.94,97.47,96.48,97.14,98.6
"3051",129,1989,85.04,82.11,82.96,82.57,84.52,84.39
"3052",130,1989,89.31,90.82,90.98,89.53,92.79,92.73
"3053",131,1989,89.73,91.31,90.48,90.05,95.02,91.72
"3054",132,1989,91.29,91.31,90.64,90.99,91.67,89.06
"3055",133,1989,94.67,95.68,95.24,95.53,94.3,95.99
"3056",134,1989,91.97,92.24,91.49,92.5,91.69,93.5
"3057",135,1989,96.29,93.96,96.01,94.58,94.44,93.83
"3058",136,1989,95,94.52,94.89,93.39,94.56,95.98
"3059",137,1989,96.03,95.98,96.81,94.67,95.24,93.84
"3060",138,1989,96.06,95.76,96.82,96.1,96.65,95.79
"3061",139,1989,98.46,99.83,99.22,99.56,98.29,99.91
"3062",140,1989,96.39,94.41,93.54,96.67,92.56,94.88
"3063",141,1989,98.46,97.55,97.85,97.63,96.54,96.71
"3064",142,1989,98.43,98.86,98.17,98.65,96.56,98.97
"3065",143,1989,99.22,97.05,96.85,98.97,97.15,95.53
"3066",144,1989,99.64,99.43,99.69,99.19,99.91,99.73
"3067",145,1989,98.99,99.8,99.32,98.92,99.96,99.92
"3068",146,1989,94.71,95.34,97.27,91.81,94.68,94.66
"3069",147,1989,93.15,95.55,94.45,95.26,94.52,95.73
"3070",148,1989,94.46,95.33,95.27,94.16,96.07,95.6
"3071",149,1989,92.69,92.52,92.22,92.28,91.18,90.92
"3072",150,1989,90.84,90.83,89.63,92.88,90.27,92.16
"3073",151,1989,88.95,87.4,88.13,88.28,87.63,86.86
"3074",152,1989,96.17,95.65,95.6,96.96,95.64,95.66
"3075",153,1989,93.27,91.78,91.94,92.11,93.15,92.3
"3076",154,1989,97.13,97.86,97.12,97.83,98.84,98.51
"3077",155,1989,95.02,96.65,94.6,95.94,95.55,97.27
"3078",156,1989,95.76,96.45,94.46,97.19,94.9,97.68
"3079",157,1989,91.73,91.53,89.69,92.51,90.37,92.38
"3080",158,1989,88.33,87.48,86.73,90.64,84.81,87.23
"3081",159,1989,91.72,92.38,92.15,91.6,93.17,92.88
"3082",160,1989,94,93.15,93.66,93.09,91.33,92.82
"3083",161,1989,93.9,92.84,92.37,94.58,91.48,91.22
"3084",162,1989,96.44,95.89,96.8,95.45,95.96,95.26
"3085",163,1989,96.95,94.89,96.63,94.66,96.19,95.59
"3086",164,1989,97.84,97.86,98.72,97.13,99.18,98.85
"3087",165,1989,97.09,96.68,97.38,96.1,97.83,96.89
"3088",166,1989,93.72,90.72,92.07,92.16,91.99,92.34
"3089",167,1989,97.26,96.75,96.31,96.76,96.51,97.17
"3090",168,1989,94.32,92.77,92.63,94.51,94.26,93.14
"3091",169,1989,94.89,96.03,96.41,94,94.5,96.01
"3092",170,1989,96.24,97.08,97.56,95.06,98.45,98.25
"3093",171,1989,92.75,91.9,93.53,92.3,94.81,91.51
"3094",172,1989,95.79,94.56,94.68,95.85,95.59,95
"3095",173,1989,92.69,92.18,92.84,91.69,95.52,93.37
"3096",174,1989,96.13,96.01,96.39,96.17,96.42,96.87
"3097",175,1989,92.22,93.67,93.44,91.95,91.13,93.7
"3098",176,1989,95.85,96.1,95.03,95.82,93.25,94.82
"3099",177,1989,89.92,89.63,91.09,89.55,92.29,92.23
"3100",178,1989,87.92,86.21,87.62,86.61,86.94,88.38
"3101",179,1989,84.25,85.62,84.62,83.2,86.6,86.43
"3102",180,1989,91.52,91.95,92.08,89.63,94.34,93.5
"3103",181,1989,92.2,92.06,93.45,89.25,90.91,91.51
"3104",182,1989,92.46,92.45,93,92.1,94.14,92.78
"3105",183,1989,94.14,91.56,92.94,92.59,91.31,92.47
"3106",184,1989,93.04,92.52,93.22,91.79,93.22,93.41
"3107",185,1989,90.01,90.5,90.36,89.21,91.25,91.44
"3108",186,1989,93.46,92.17,93.02,94.5,94.54,92.08
"3109",187,1989,97.82,97.86,97.67,97.06,96.08,97.79
"3110",188,1989,92.36,89.32,89.23,93.46,82.42,88.74
"3111",189,1989,79.57,78.72,75.65,85.31,75.58,78.88
"3112",190,1989,73.79,73.88,72.28,82.32,75.41,73.56
"3113",191,1989,76.01,77.1,76.75,75.13,78.46,77.75
"3114",192,1989,77.89,81,80.09,76.7,80.38,83
"3115",193,1989,85.87,89.66,89.13,84.86,91.32,91.44
"3116",194,1989,92.12,91.6,93.35,90.67,94.16,91.18
"3117",195,1989,92.26,92.48,93.53,91.17,95,94.43
"3118",196,1989,98.06,98.18,97.7,97.83,96.98,97.91
"3119",197,1989,92.06,92.81,91.56,92.82,93.25,94.53
"3120",198,1989,94.61,95.53,94.59,97.09,95.02,95.9
"3121",199,1989,90.48,91.82,91.32,89.49,92.15,91.59
"3122",200,1989,95.41,95.27,94.84,94.45,94.42,95.68
"3123",201,1989,93.37,91.47,91.91,93.65,91.36,91.82
"3124",202,1989,92.76,92.13,93.09,92.6,91.82,94.4
"3125",203,1989,95.56,94.33,94.22,95.82,94.23,94.37
"3126",204,1989,90.51,91.36,90.94,90.1,91.77,93.49
"3127",205,1989,89.73,88.15,88.73,88.45,89.01,88.6
"3128",206,1989,92.28,92.28,92.29,91.8,95.99,94.25
"3129",207,1989,91.67,92.13,91.79,91.02,92.81,93.19
"3130",208,1989,88.43,87.91,89.43,88.3,89.35,88.71
"3131",209,1989,87.63,88.69,88.25,87.77,87.33,87.95
"3132",210,1989,88.78,88.13,89.49,85.87,88.12,86.7
"3133",211,1989,85.9,87.08,86.62,85.53,89.6,87.16
"3134",212,1989,94.53,93.85,94.29,94.29,94.32,95.1
"3135",213,1989,94.04,92.34,93.39,91.91,89.05,92.2
"3136",214,1989,90.67,89.33,89.54,90.31,88.59,90.2
"3137",215,1989,89.55,89.74,90.21,89.99,93.34,90.65
"3138",216,1989,86.67,86.8,86.07,86.48,86.75,86.33
"3139",217,1989,90.68,91.04,90.38,91.4,90.36,90.5
"3140",218,1989,93.3,92.55,93.79,93.18,94.24,91.85
"3141",219,1989,87.7,88.09,87.52,87.69,89.39,88.64
"3142",220,1989,88.91,88.25,89.33,87.79,90.47,87.61
"3143",221,1989,94.23,93.4,93.21,93.02,92.98,92.05
"3144",222,1989,97.35,95.98,96.32,97.15,95.82,96.18
"3145",223,1989,94.06,93.96,93.82,94.02,93.93,94.21
"3146",224,1989,92.64,91.28,91.91,91.88,92.57,91.76
"3147",225,1989,90.81,91.36,91.33,89.86,91.04,91.32
"3148",226,1989,92.5,92.86,92.48,93.45,92.39,92.48
"3149",227,1989,94.38,94.09,93.25,94.58,93.21,93.68
"3150",228,1989,90.85,91.11,91.28,91.21,90.97,90.21
"3151",229,1989,91.54,91.96,92.44,91.07,92.82,92.99
"3152",230,1989,88.98,90.24,89.69,90.06,91.26,91.42
"3153",231,1989,92.73,92.45,91.51,93.14,89.07,91.85
"3154",232,1989,91.17,92.72,92.13,91.62,93.37,95.34
"3155",233,1989,90.73,90.25,90.06,90.67,88.34,90.41
"3156",234,1989,93.49,93.32,91.77,94.55,89.82,92.49
"3157",235,1989,93.5,90.99,91.86,93.52,91.63,90.72
"3158",236,1989,88.76,87.93,88.97,89.98,88.61,88.68
"3159",237,1989,88.52,89.02,90.32,88.25,92.04,90.7
"3160",238,1989,89.23,89.94,89.72,89.03,89.25,89.89
"3161",239,1989,89.49,90.29,88.51,90.67,87.57,90.31
"3162",240,1989,94.47,93.17,93.2,93.9,93,93.83
"3163",241,1989,93.52,92.31,93.11,92.14,92.83,92.88
"3164",242,1989,88.58,89.1,89.21,87.81,92.1,90.56
"3165",243,1989,90.8,89.32,89.55,91.3,88.09,89.21
"3166",244,1989,91.27,90.16,90.54,90.5,89.68,91.02
"3167",245,1989,88.54,87.44,88.93,87.9,89.53,87.53
"3168",246,1989,87.32,86.87,87.6,87.92,88.41,86.45
"3169",247,1989,87.74,87.35,87.4,86.85,86.76,87.84
"3170",248,1989,90.19,90.97,89.98,90.05,89.61,91.62
"3171",249,1989,92.27,91.1,92.15,90.96,91.53,90.6
"3172",250,1989,89.64,89.65,89.25,89.82,88.87,90.57
"3173",251,1989,87.05,86.6,86.89,87.27,86.27,86.97
"3174",252,1989,92.53,93.39,91.95,92.35,91.44,93.27
"3175",253,1989,88.55,88.72,88.1,90.8,89.33,89.39
"3176",254,1989,86.54,87.06,87.24,87.46,87.1,87.2
"3177",255,1989,87.47,85.78,87.43,87.36,85.83,85.86
"3178",256,1989,87.45,85.61,86.02,86.12,85.4,85.89
"3179",257,1989,89.5,90.33,88.52,89.54,86.98,91.49
"3180",258,1989,87.06,86.63,88.18,87.39,89.81,88.18
"3181",259,1989,92.76,93.77,93.91,92.1,93.93,94.01
"3182",260,1989,91.59,92.06,93.03,90.56,94.46,93.73
"3183",261,1989,87.61,87.06,88.27,86.27,88.99,87.34
"3184",262,1989,89.24,88.72,88.73,89.38,88.89,88.56
"3185",263,1989,91.34,92.07,92.37,91.98,92.23,91.17
"3186",264,1989,92.2,91.33,91.52,92.87,92.18,91.73
"3187",265,1989,87.9,87.65,87.21,88.2,87.46,87.89
"3188",266,1989,85.42,87.51,86.24,87.48,88.3,89.46
"3189",267,1989,86.83,87.38,85.54,88.33,85.87,88.51
"3190",268,1989,91.83,91.56,91.62,93.97,92.66,91.08
"3191",269,1989,90.98,90.89,91.4,90.69,92.24,91.04
"3192",270,1989,88.96,89.84,88.65,89.74,89.6,89.71
"3193",271,1989,94.7,93.58,93.94,94.9,92.37,94.22
"3194",272,1989,91.75,91.77,91.79,91.85,90.48,91.1
"3195",273,1989,93.64,92.44,92.55,92.72,92.66,92.21
"3196",274,1989,93.99,94.19,93.67,93.56,94.47,94.2
"3197",275,1989,89.34,89.39,89.96,88.64,90.93,90.07
"3198",276,1989,89.6,89.49,89.03,90.15,88.86,89.84
"3199",277,1989,93.3,93.21,92.51,92.6,91,93.5
"3200",278,1989,96.01,95.01,95.17,94.97,93.89,95.06
"3201",279,1989,89.41,90.21,90.21,89.63,89.96,91.99
"3202",280,1989,92.41,90.99,90.46,92.34,90.07,90.56
"3203",281,1989,88.94,89.24,87.13,89.84,88.16,88.06
"3204",282,1989,92.62,91.73,90.51,92.06,88.51,90.07
"3205",283,1989,91.72,93.05,92.43,92.69,90.95,92.88
"3206",284,1989,93.64,92.17,94.29,92.93,94.89,92.44
"3207",285,1989,92.37,92.51,91.67,92.37,89.69,93.01
"3208",286,1989,93.04,92.04,91.72,92.45,92.06,90.46
"3209",287,1989,95.75,94.08,95.07,94.97,94.39,93.78
"3210",288,1989,93.22,93.31,93.68,91.64,92.87,92.86
"3211",289,1989,93.69,93.42,93.59,93.01,91.17,92.73
"3212",290,1989,92.74,91.73,92.09,92.34,90.85,91.13
"3213",291,1989,93.27,92.08,92.2,91.76,91.99,91.84
"3214",292,1989,92.96,91.4,92.92,92.4,92.62,92.74
"3215",293,1989,88.39,87.21,87.91,89.05,86.67,87.76
"3216",294,1989,86.35,84.52,85.33,86.67,86.72,83.96
"3217",295,1989,87.4,88.65,89.38,87.32,90.1,87.31
"3218",296,1989,91.51,92.47,92.9,91.47,92.37,92.01
"3219",297,1989,92.75,92.47,92.42,93.08,91.47,93.05
"3220",298,1989,89.17,89.36,89.08,90.24,90.29,89.2
"3221",299,1989,90.15,87.84,90.31,88.04,90.85,87.15
"3222",300,1989,93.33,92.72,94.7,93.32,94.15,91.63
"3223",301,1989,95.26,94.45,96.35,94.81,96.92,95.48
"3224",302,1989,90.57,91.7,92.59,89.66,93.05,92.8
"3225",303,1989,89.99,89.15,90,88.89,88.37,88.42
"3226",304,1989,93.68,93.72,93.94,93.66,92.76,93.01
"3227",305,1989,91.66,89.65,89.73,91.92,89.3,89.05
"3228",306,1989,91.69,92.68,92.41,92.38,93.61,94.15
"3229",307,1989,89.84,90.21,89.75,90.03,89.9,89.75
"3230",308,1989,87.06,88.65,87.8,87.87,91.3,89.73
"3231",309,1989,90.33,90.3,91.28,90.65,90.97,90.37
"3232",310,1989,90.14,91.82,91.59,90.82,93,92.72
"3233",311,1989,89.26,90.54,89,89.44,89.68,90.9
"3234",312,1989,83.51,83.37,84.14,83.89,85.67,82.49
"3235",313,1989,83.16,83.88,83.64,84.49,85.75,83.41
"3236",314,1989,88.32,89.81,90.26,87.58,91.94,90.29
"3237",315,1989,89.87,89.38,88.41,90.9,87.11,88.7
"3238",316,1989,84.21,85.36,84.1,85.76,83.25,85.56
"3239",317,1989,83.39,84.3,83.56,83.92,84.15,86.44
"3240",318,1989,89.34,90.52,90.72,88.83,93.76,91.8
"3241",319,1989,92.44,93.38,92.16,94.14,92.72,95.39
"3242",320,1989,90.4,91.64,90.61,91.19,89.45,92.45
"3243",321,1989,93.01,92.72,93.66,93.05,93.71,93.65
"3244",322,1989,96.14,96.62,95.72,96.59,95.17,95.88
"3245",323,1989,92.77,92.71,93.07,93.87,91.97,92.73
"3246",324,1989,93.22,92.35,93.57,93.37,91.59,92.47
"3247",325,1989,93.21,91.21,91.05,92.98,90.45,90.89
"3248",326,1989,94.61,92.92,92.64,95.28,93.07,92.67
"3249",327,1989,96.65,96.8,96.59,96.74,93.79,95.77
"3250",328,1989,95.71,96.07,96.02,95.25,94.68,94.27
"3251",329,1989,89.57,88.33,89.4,88.92,87.39,86.91
"3252",330,1989,86.41,87.09,86.56,87.47,86.74,87.44
"3253",331,1989,89.79,88.98,88.61,89.37,89.6,89.01
"3254",332,1989,90.14,91.95,92.72,89.9,92.26,92.42
"3255",333,1989,95,94.98,95.23,94.56,94.99,95.22
"3256",334,1989,93.55,92.85,92.14,93.22,89.08,92.17
"3257",335,1989,90.51,90.69,90.01,90.56,89.23,89.53
"3258",336,1989,89.32,89.97,91.18,88.86,92.41,92.12
"3259",337,1989,88.74,87.34,88.36,88.83,88.78,87
"3260",338,1989,85.45,85.09,84.49,86.45,84.6,84.18
"3261",339,1989,79.25,81.9,81.33,79.9,82.85,82.5
"3262",340,1989,78.28,81.29,81.22,79.62,89.59,83.33
"3263",341,1989,79.67,82.32,82.52,80.63,90.5,84.51
"3264",342,1989,85.76,90.28,90.05,86.2,95.33,93.38
"3265",343,1989,88.13,89.94,90.67,87.45,93.88,92.95
"3266",344,1989,87.86,89.76,89.86,85.82,89.83,90.9
"3267",345,1989,91.54,92,92.05,88.85,90.55,92.68
"3268",346,1989,80.12,85.66,83.92,80.42,85.89,89.5
"3269",347,1989,78.9,84.17,83.39,79.61,87.82,89.44
"3270",348,1989,82.14,88.55,89.26,78.45,89.67,90.86
"3271",349,1989,72.24,75.21,76.36,70.75,81.3,75.97
"3272",350,1989,74.16,77.83,76.03,75.33,81.45,79.85
"3273",351,1989,75.66,80.02,78.98,76.23,85.96,81.07
"3274",352,1989,69.31,71.92,71.73,69.34,78.18,73.1
"3275",353,1989,71.47,73.68,73.56,70.76,77.21,74.3
"3276",354,1989,69.29,74.54,75.55,68.19,86.61,78.64
"3277",355,1989,73.53,84.44,85.26,69.82,90.44,91.49
"3278",356,1989,70.63,79.86,81.18,66.39,87.05,85.72
"3279",357,1989,68.62,75.15,76.94,66.3,87.43,79.58
"3280",358,1989,71.67,77.24,81.13,66.76,89.13,80.98
"3281",359,1989,71.41,77.98,80.54,66.48,85.01,83.57
"3282",360,1989,64.18,73.6,76.72,60.51,86.07,83.16
"3283",361,1989,56.53,66.64,68.22,53.66,81.26,74.63
"3284",362,1989,57.8,63,64.4,56.33,74.46,67.62
"3285",363,1989,57.43,62.91,64.17,55.3,73.33,67.19
"3286",364,1989,60.58,66.46,67.71,58.06,76.22,71.77
"3287",365,1989,63.02,69.88,71.4,61.05,81.01,76.43
"3288",1,1990,71.75,81.81,81.37,68.97,90.36,87.84
"3289",2,1990,77.98,86.28,86.49,74.57,90.92,90.92
"3290",3,1990,86.88,90.03,90.44,85.67,89.94,93.46
"3291",4,1990,83.41,86.05,88.64,79.98,88.86,90.4
"3292",5,1990,79.16,84.55,86.4,75.97,90.34,89.1
"3293",6,1990,80.02,85.69,89.09,73.72,91.08,90.58
"3294",7,1990,76.42,83.39,86.57,70.78,90.17,87.77
"3295",8,1990,70.63,77.58,81.48,64.47,89.52,83.42
"3296",9,1990,65.23,75.14,76.23,63.92,88.66,83.8
"3297",10,1990,66.17,77.52,77.73,65.43,89.55,86.1
"3298",11,1990,67.92,78.94,78.23,68.65,89.44,86.9
"3299",12,1990,72.26,84.33,83.13,70.62,90.75,91.46
"3300",13,1990,89.86,93.18,92.88,85.7,93.76,94.72
"3301",14,1990,94.52,96.62,96.25,93.89,96.05,97.34
"3302",15,1990,96.1,97.08,97.12,96.1,97.3,97.44
"3303",16,1990,91.58,92.1,92.63,90.47,94.28,92.91
"3304",17,1990,88.17,89.88,90.93,87.25,93.18,90.31
"3305",18,1990,83.66,88.58,87.55,81.49,89.16,88.07
"3306",19,1990,86.51,92.26,91.54,84.97,93.89,93.19
"3307",20,1990,95.6,96.23,96.22,94.38,95.41,96.25
"3308",21,1990,94.15,94.67,94.46,94.42,94.59,95.77
"3309",22,1990,91.51,92.54,92.04,92.16,92.42,92.67
"3310",23,1990,90.96,91.64,90.39,90.89,89.86,91.1
"3311",24,1990,90.76,92.21,91.08,91.31,92.86,92.85
"3312",25,1990,90.99,93.83,92.78,91.33,94.6,95.42
"3313",26,1990,96.13,96.27,95.96,96,94.86,96.36
"3314",27,1990,94.5,94.5,94.74,92.98,94.22,93.96
"3315",28,1990,92.62,93.33,92.4,92.57,91.95,93.64
"3316",29,1990,92.86,93.21,93.53,92.14,92.74,93.39
"3317",30,1990,90.72,92.1,91.98,91.52,92.27,92.71
"3318",31,1990,93.08,94.48,93.3,94.24,94.82,94.67
"3319",32,1990,96.36,95.2,94.4,96.37,92.41,94.29
"3320",33,1990,96.02,95.67,95.74,95.64,93.66,95.7
"3321",34,1990,92.58,92.41,92.39,92.82,91.18,94.07
"3322",35,1990,91.99,92.16,92.63,92.87,94.24,93.06
"3323",36,1990,93.6,93.76,93.37,94.62,94.37,94.32
"3324",37,1990,92.2,92.93,93.19,92.65,94.34,93.95
"3325",38,1990,94.17,93.93,92.99,95.22,90.29,93.15
"3326",39,1990,92.19,93.08,92.38,93.27,93.15,93.75
"3327",40,1990,87.73,88.21,87.42,87.98,87.61,88.4
"3328",41,1990,82.45,85.3,84.16,83,87.79,87.2
"3329",42,1990,83.91,86.96,88.04,84.39,91.37,87.78
"3330",43,1990,90.54,90.85,92.94,90.18,93.37,89.94
"3331",44,1990,91.11,91.93,93.04,89.75,94.91,92.45
"3332",45,1990,90.02,88.05,90.17,87.97,90.31,87.64
"3333",46,1990,83.14,86.65,87.93,81.08,91.93,88.54
"3334",47,1990,78.25,79.79,80.51,75.14,85.65,79.92
"3335",48,1990,71.32,75.06,74.17,71.92,77.48,76.62
"3336",49,1990,71.72,75.1,73.98,73.02,79.13,75.99
"3337",50,1990,73.58,76.72,76.58,73.81,83.63,78.49
"3338",51,1990,79.4,83.67,85.69,77.62,91.74,85.67
"3339",52,1990,89.72,91.11,91.94,87.37,93.72,91.2
"3340",53,1990,86.97,89.69,87.41,87.58,90.46,90.83
"3341",54,1990,84.93,87.12,85.21,85.93,84.26,87.08
"3342",55,1990,76.55,80.08,80.85,75.69,84.36,82.61
"3343",56,1990,64.96,70.3,69.32,64.19,75.72,72.97
"3344",57,1990,60.89,64.63,64.14,60.55,69.17,67.38
"3345",58,1990,63.86,66.68,67.09,63.5,72.57,67.85
"3346",59,1990,66.81,71.07,72.77,67.7,78.02,75.39
"3347",60,1990,73.63,78.34,76.65,74.22,79.83,81.01
"3348",61,1990,84.87,85.45,84.66,82.88,83.75,86.95
"3349",62,1990,93.69,94.26,94.99,92.42,94.63,93.37
"3350",63,1990,92.82,93.79,93.86,93.07,94.42,95.19
"3351",64,1990,93.6,92.36,92.61,92.69,93.61,92.58
"3352",65,1990,91.57,91.64,91.95,91.33,93.3,92.98
"3353",66,1990,92.5,92.86,91.79,91.33,90.89,92.23
"3354",67,1990,92.47,91.83,92.63,92.04,92.56,92.74
"3355",68,1990,94.07,94.64,94.75,94.92,95.91,95.65
"3356",69,1990,94.91,94.14,94.58,95.68,95.2,95.52
"3357",70,1990,96.48,96.6,96.23,96.75,94.83,96.51
"3358",71,1990,95.57,95.65,96.59,94.5,98.2,97.35
"3359",72,1990,93.88,93.63,94.18,94.24,94.32,93.67
"3360",73,1990,94.99,94.84,94.19,94.52,92.93,94.11
"3361",74,1990,93.71,93.34,93.17,94.16,94.15,94.06
"3362",75,1990,92.43,92.99,91.5,93.67,90.15,94.58
"3363",76,1990,91.94,90.73,90.56,92.08,91.92,90.55
"3364",77,1990,94.13,91.87,92.05,92.64,90,92.49
"3365",78,1990,90.83,91.49,92.8,90.31,92.02,92.02
"3366",79,1990,94.21,94.1,93.21,93.94,91.16,94.2
"3367",80,1990,92.64,91.45,91.65,90.64,91.46,91.43
"3368",81,1990,93.04,93.04,92.29,93.83,91.44,93.06
"3369",82,1990,92.24,90.92,91.32,91.58,90.56,92.15
"3370",83,1990,92.5,94.18,93.11,93.72,93.81,95.49
"3371",84,1990,92.52,94.15,92.51,93.13,89.39,94.53
"3372",85,1990,95.22,94.91,92.69,95.04,94.24,93.67
"3373",86,1990,83.4,85.79,83.23,85.51,86.9,89.28
"3374",87,1990,77.87,80.25,79.66,78.89,86.41,84.09
"3375",88,1990,82.05,86.17,84.69,82.37,89.27,90.31
"3376",89,1990,88.75,90.36,91.05,87.03,94.8,91.81
"3377",90,1990,92.02,92.81,92.97,90.5,94.23,94.24
"3378",91,1990,93.05,91.65,93.39,91.52,94.16,93.46
"3379",92,1990,89.23,91.15,90.25,90.22,93.26,91.55
"3380",93,1990,91.14,91.88,90.01,90.83,89.11,92.83
"3381",94,1990,87.88,85.05,86.56,85.61,85.37,84.54
"3382",95,1990,91.99,91.97,91.25,92.78,91.71,91.53
"3383",96,1990,96.53,97.4,97.45,96.22,98.07,98.3
"3384",97,1990,94.33,94.25,95.3,93.29,96.52,96.14
"3385",98,1990,90.81,91.01,90.15,90.15,91.2,92.15
"3386",99,1990,91.93,91.93,92.99,89.33,95.11,92.97
"3387",100,1990,94.09,93.86,92.41,94.52,94.43,94.8
"3388",101,1990,91.49,92.16,91,91.86,92.9,92.6
"3389",102,1990,93.46,93.94,93.74,92.91,95.39,94.57
"3390",103,1990,93.45,92.86,94.22,92.35,94.39,94.52
"3391",104,1990,94.31,94.75,94.28,94.99,96.77,94.35
"3392",105,1990,91.38,93.07,90.88,92.21,91.22,94.76
"3393",106,1990,88.17,88.39,87.45,89.62,88.64,89.78
"3394",107,1990,87.55,87.24,85.23,87.73,84.97,87.72
"3395",108,1990,87.66,87.06,86.58,88.81,87.74,88.12
"3396",109,1990,93.17,93.18,92.78,91.26,91.72,92.94
"3397",110,1990,93.49,94.94,96.11,94.14,97.37,97.73
"3398",111,1990,92.68,92.42,94.41,92.2,92.03,93.31
"3399",112,1990,89.84,90.52,89.89,90.47,89.95,91.22
"3400",113,1990,93.06,92.32,92.64,92.94,93,91.78
"3401",114,1990,92.76,93.27,93.42,93.32,93.88,94.27
"3402",115,1990,94.62,95.22,94.59,95.65,95.89,95.41
"3403",116,1990,95.8,95.25,95.41,95.91,95.67,93.21
"3404",117,1990,86.96,89.08,88.13,89.34,89.06,89.5
"3405",118,1990,88.27,88.03,86.69,87.92,85.91,89.67
"3406",119,1990,90.07,89.93,90.66,90.22,90.46,88.24
"3407",120,1990,91.03,90.59,89.98,91.48,91.17,91.74
"3408",121,1990,94.1,94.13,93.93,94.51,92.74,94.25
"3409",122,1990,94.29,93.18,93.75,95.57,95.56,92.46
"3410",123,1990,88.86,89.76,88.83,90.29,90.19,90.95
"3411",124,1990,87.85,89.56,89.33,89.07,89.23,90.86
"3412",125,1990,91.58,90.29,89.63,93.22,88.25,89.26
"3413",126,1990,92.58,90.54,91.95,92.93,90.07,89.36
"3414",127,1990,92.74,92.65,93.26,92.28,91.56,92.68
"3415",128,1990,96.44,95.4,93.78,95.4,91.99,95.37
"3416",129,1990,90.43,91.91,92.03,93.14,93.62,93.03
"3417",130,1990,92.29,93.66,92.25,92.76,94.73,94.85
"3418",131,1990,94.37,96.17,95.13,94.47,91.83,96.29
"3419",132,1990,91.48,90.51,89.88,91.7,93.55,90.75
"3420",133,1990,93.96,92.74,91.57,94.09,92.46,92
"3421",134,1990,90.65,90.84,90.07,91.75,90.75,90.93
"3422",135,1990,92.78,89.72,89.96,92.37,88.75,89.16
"3423",136,1990,90.7,89.8,90.02,91.12,90.22,89.29
"3424",137,1990,91.36,90.35,89.76,92.45,88.87,89.82
"3425",138,1990,95.15,94.89,93.87,95.52,94.78,93.41
"3426",139,1990,95.85,94.6,96.39,94.49,94.86,93.98
"3427",140,1990,98.22,96.4,97.07,97.48,91.98,94.89
"3428",141,1990,94.3,93.93,94.59,93.2,93.65,93.8
"3429",142,1990,99.54,99.68,99.47,98.71,98.62,99.23
"3430",143,1990,96.08,96.02,97.71,95.32,98.72,97.21
"3431",144,1990,92.24,93.67,96.33,88.45,98.56,97.03
"3432",145,1990,87.82,93.96,89.68,88.91,90.28,98.08
"3433",146,1990,89.95,91.6,93.68,89.02,92.45,93.18
"3434",147,1990,85.95,89.2,88.49,89.9,90.18,90.74
"3435",148,1990,89.28,88.15,89.61,87.97,90.55,87.51
"3436",149,1990,95.57,95.01,95.76,94.71,97.1,95.47
"3437",150,1990,93.85,91.88,92.57,92.1,90.59,91.91
"3438",151,1990,89.95,88.38,90.29,88.07,93.12,89.04
"3439",152,1990,94.13,94.68,94.61,93.44,93.93,95
"3440",153,1990,95.1,94.38,95.45,93.98,94.44,95.47
"3441",154,1990,95.97,94.81,96.11,94.46,94.74,94.39
"3442",155,1990,94.66,93.23,94.01,92.43,94.29,92.08
"3443",156,1990,92.29,90.89,90.85,92.76,91.7,90.8
"3444",157,1990,92.15,89.25,90.99,90.02,92.22,90.13
"3445",158,1990,92,90.85,92.09,90.6,94.76,92.15
"3446",159,1990,95.68,94.58,94.72,95.21,94.37,94.48
"3447",160,1990,96.01,96.35,96.21,96.13,96.02,95.97
"3448",161,1990,98.2,98.83,98.68,97.69,99.12,99.41
"3449",162,1990,96.55,94.68,96.01,95.46,95.49,94.16
"3450",163,1990,93.77,92.68,93.71,91.81,95.01,93.34
"3451",164,1990,91,91.48,91.16,93.34,93.05,91.42
"3452",165,1990,94,92.99,93.22,93.58,93.09,92.91
"3453",166,1990,97.09,96.53,96.41,94.95,95.69,96.28
"3454",167,1990,92.86,90.53,91.83,91.69,90.79,90.65
"3455",168,1990,93.42,90.61,93.3,89.85,93.51,90.13
"3456",169,1990,92.02,90.95,92.19,89.54,92.35,91.12
"3457",170,1990,89.92,90.51,90.5,89.13,90.76,91.01
"3458",171,1990,91.8,90.89,90.53,91.74,90.65,90.65
"3459",172,1990,95.87,95.59,96.73,96.26,95.29,96.72
"3460",173,1990,95.33,95.16,95.34,95.69,96.57,95.1
"3461",174,1990,92.68,93.3,93.29,94.55,94.12,94.01
"3462",175,1990,95.05,93.46,93.75,93.71,92.07,92.35
"3463",176,1990,92.13,90.63,90.07,92.84,90.28,90.44
"3464",177,1990,94.73,93.94,94.44,93.77,95.56,93.94
"3465",178,1990,92.31,90.25,91.58,91.41,90.49,91.13
"3466",179,1990,91.88,91.35,90.94,91.98,91.41,92.91
"3467",180,1990,92.11,90.02,91.85,90.75,91.48,91.11
"3468",181,1990,92.93,92.36,92.49,92.13,92.78,92.65
"3469",182,1990,92.57,90.51,90.96,91.86,91.63,91.51
"3470",183,1990,97.37,94.13,95.59,93.92,92.07,92.43
"3471",184,1990,89.73,90.43,89.51,92.03,91.36,92.17
"3472",185,1990,93.56,92.53,93.49,92.99,94.06,92.71
"3473",186,1990,94.9,94.31,95.15,94.84,93.37,94
"3474",187,1990,92.39,91.7,91.62,91.88,92.92,91.92
"3475",188,1990,91.07,89.44,89.75,88.26,89.72,89.15
"3476",189,1990,92.59,91.23,91.4,89.85,91.38,91.4
"3477",190,1990,90.62,90.17,89.52,90.83,89.4,91.02
"3478",191,1990,91.23,89.24,89.64,90.96,89.02,89.84
"3479",192,1990,96.08,95.62,95.43,95.88,94.47,94.45
"3480",193,1990,95.25,95.47,96.03,94.09,95.47,96.74
"3481",194,1990,97.01,98.32,94.85,98.23,90.72,99.64
"3482",195,1990,85.85,87.28,85.06,87.22,84.21,87.77
"3483",196,1990,89.58,91.01,89.69,89.2,88.97,90.67
"3484",197,1990,89.37,89.15,90.06,87.79,88.62,89.75
"3485",198,1990,91.2,89.53,89.61,92.36,88.03,89.05
"3486",199,1990,87.26,86,86.72,86.05,84.92,85.33
"3487",200,1990,90.59,88.32,89.11,89.37,87.38,86.85
"3488",201,1990,91.74,90.44,90.74,90.86,89.22,89.84
"3489",202,1990,91.7,91.5,90.83,91.63,89.89,91.84
"3490",203,1990,93.41,91.94,92.97,92.71,92.49,91.75
"3491",204,1990,93.09,91.46,93.2,90.75,86.93,90.31
"3492",205,1990,85.8,84.5,84.04,86.82,80.49,83.87
"3493",206,1990,85.4,85.6,86.32,84.75,85.24,84.62
"3494",207,1990,85.94,87,86.38,84.96,90.85,87.88
"3495",208,1990,89.55,89.24,88.74,88.82,89.78,88.42
"3496",209,1990,97.75,97.56,97.62,97.1,97.42,97.77
"3497",210,1990,95.86,93.8,95.77,94.15,95.88,93.83
"3498",211,1990,97.47,97.98,94.76,98.84,93.33,98.79
"3499",212,1990,93.47,92.75,89.49,96.11,85.56,91.47
"3500",213,1990,84.2,84.59,82.09,86.93,81.55,86.6
"3501",214,1990,83.25,83.57,83.45,83.88,85.04,84.96
"3502",215,1990,90.85,90.39,90.06,90.55,91.8,90.07
"3503",216,1990,91.19,91.36,90.86,91.53,92.44,91.09
"3504",217,1990,90.47,88.63,89.89,88.83,89.27,88.94
"3505",218,1990,90.32,89.74,89.64,89.91,90.71,89.96
"3506",219,1990,91.6,92.1,90.83,92.68,92.35,92.31
"3507",220,1990,92.07,91.31,92.62,91.53,92.59,91.6
"3508",221,1990,95.83,94.54,94.16,94.82,94.24,95.12
"3509",222,1990,92.82,91.1,92.36,91.02,91.52,89.57
"3510",223,1990,88.75,89.31,88.4,89.93,91.6,90.96
"3511",224,1990,92.2,93.52,92.23,93.2,94.01,94.55
"3512",225,1990,93,92.67,93.16,92.7,94.19,94.13
"3513",226,1990,88.49,88.54,88.5,88.67,89.31,88.98
"3514",227,1990,88.68,88.27,88.05,88.51,87.66,88.86
"3515",228,1990,90.06,89.15,90.08,90.9,89.61,90.09
"3516",229,1990,88.44,89.75,89.13,88.64,90.55,90.47
"3517",230,1990,91.34,89.55,90.18,90.25,88.55,88.73
"3518",231,1990,89.73,89.89,90.06,88.21,91.38,91.75
"3519",232,1990,90.76,91.96,90.06,93.07,90.32,92.02
"3520",233,1990,92.12,91.36,92.81,92.12,93.33,91.56
"3521",234,1990,91.77,90.23,91.32,90.15,91.86,90.24
"3522",235,1990,91.02,90.91,90.92,90.73,92.45,92.71
"3523",236,1990,87.07,87.1,88.41,87.37,90.34,88.4
"3524",237,1990,88.36,88.84,88.63,89.22,88.28,88.49
"3525",238,1990,88.55,87.05,88.29,88.02,88.2,87.56
"3526",239,1990,91,90.82,90.73,89.9,89.71,90.29
"3527",240,1990,92.2,91.96,92.35,92.44,90.4,91.46
"3528",241,1990,93.61,92.85,93.5,93.57,93.47,93.15
"3529",242,1990,91.26,90.08,91.97,90.47,92.36,90.49
"3530",243,1990,90.24,90.34,89.45,92.59,89.05,90.63
"3531",244,1990,90.94,88.79,89.76,90.5,89.53,88.25
"3532",245,1990,90.37,88.95,89.87,89.44,90.01,88.11
"3533",246,1990,89.28,89.02,90.07,89.27,89.67,89.86
"3534",247,1990,92.35,92.36,92.41,91.03,91.8,92.33
"3535",248,1990,93.22,92.41,92.96,91.6,91.84,92.24
"3536",249,1990,90.11,89.12,89.68,88.56,87.7,89.14
"3537",250,1990,88.67,87.16,87.77,87.61,87.33,86.09
"3538",251,1990,94.17,92.21,92.49,92.73,91.78,91.31
"3539",252,1990,88.9,88.31,89.01,89.87,89.31,89.11
"3540",253,1990,91.32,90.93,91.57,90.62,92.67,91.33
"3541",254,1990,89.21,89.44,89.28,88.7,87.94,89.22
"3542",255,1990,88.19,87.19,87.11,87.9,87.83,86.42
"3543",256,1990,90.71,89.4,89.94,89.56,89.09,88.75
"3544",257,1990,94.49,95.86,95.72,95.51,95.73,96.91
"3545",258,1990,91.65,95.58,91.67,93.16,84.29,96.69
"3546",259,1990,84.83,85.5,82.43,84.83,81.09,85.01
"3547",260,1990,82.05,82.75,82.15,82.67,81.29,83.57
"3548",261,1990,86.61,89.46,88.16,87.37,88.45,88.77
"3549",262,1990,88.68,88.96,88.77,90.42,88.66,87.58
"3550",263,1990,90.47,91.1,90.47,90.35,89.52,90.75
"3551",264,1990,90.3,89.46,90.43,90.08,90.25,90.88
"3552",265,1990,90.9,89.79,89.71,90.47,90.28,89.23
"3553",266,1990,91.41,90.3,90.51,91.01,88.99,89.89
"3554",267,1990,91.27,89.64,90.95,91.32,90.2,88.99
"3555",268,1990,93.77,92.65,93.62,92.98,92.78,93.09
"3556",269,1990,90.22,88.93,89.16,89.41,88.39,89.53
"3557",270,1990,88.55,88.93,86.94,90.56,87.32,88.49
"3558",271,1990,90.03,88.92,88.07,91.18,86.42,87.96
"3559",272,1990,87.91,88.15,88.25,88.38,89.61,88.2
"3560",273,1990,86.77,86.15,87.77,86.87,89.03,85.78
"3561",274,1990,92.33,91.55,91.45,90.88,91.7,91.31
"3562",275,1990,90.22,89.83,89.44,91.56,90.3,89.49
"3563",276,1990,89.95,89.32,89.68,89.83,89.6,88.64
"3564",277,1990,87.28,87.04,87.97,87.15,88.84,86.36
"3565",278,1990,90.55,90.38,90.23,90.06,87.85,88.63
"3566",279,1990,89.24,87.8,88.25,87.77,87.6,88.69
"3567",280,1990,90.83,90.77,90.49,92.01,88.99,90.07
"3568",281,1990,92.43,92.61,92.24,93.07,90.38,93.1
"3569",282,1990,88.07,88,88.01,87.17,88.76,87.97
"3570",283,1990,88.73,87.16,87.59,88.51,85.02,85.15
"3571",284,1990,90.83,89.98,90.95,89.64,88.6,89.24
"3572",285,1990,91.31,90.62,90.45,91.94,88.42,89.39
"3573",286,1990,89.94,88.96,89.42,89.72,88.61,86.72
"3574",287,1990,92.17,90.23,91.05,91.68,88.51,89.9
"3575",288,1990,86.74,87.28,87.52,86.16,88.54,86.74
"3576",289,1990,88.84,87.8,87.05,88.18,85.93,86.69
"3577",290,1990,90.16,90.17,89.29,89.39,87.16,89.57
"3578",291,1990,91.08,88.42,89.76,89.75,86.49,87.2
"3579",292,1990,92.28,92.25,93.41,91.59,91.79,91.84
"3580",293,1990,93.18,92.65,92.33,92.31,90.12,92.3
"3581",294,1990,90.8,91.34,91.63,90.9,90.92,92.69
"3582",295,1990,92.18,91.48,92.93,90.49,92.36,91.04
"3583",296,1990,90.31,88.84,89.49,90.3,88.18,87.49
"3584",297,1990,89.99,89.68,90.45,90.25,89.22,90.59
"3585",298,1990,92.05,93.42,92.59,92.36,90.57,93.49
"3586",299,1990,92.38,92.25,92.25,92.66,90.43,90.63
"3587",300,1990,87.49,87.03,86.56,87.35,85.38,87.12
"3588",301,1990,85.47,86.26,85.95,86.92,87.82,86.65
"3589",302,1990,88.15,85.25,86.09,86.96,85.71,86.15
"3590",303,1990,88.54,87.11,88.18,88.28,87.86,87.43
"3591",304,1990,93.7,91.61,92.11,92.96,89.48,90.67
"3592",305,1990,91.09,88.42,89.06,89.72,88.98,87.21
"3593",306,1990,93.1,92.32,92.3,93.46,92.04,93.08
"3594",307,1990,91.03,91.06,91.18,92.68,91.59,89.72
"3595",308,1990,88.48,87.3,88.15,87.68,86.15,86.75
"3596",309,1990,90.19,89.19,89.08,89.59,87.43,87.5
"3597",310,1990,89.36,88.65,89.62,89.36,87.24,88.67
"3598",311,1990,91.96,91.95,92.08,91.76,90.37,92.09
"3599",312,1990,90.16,90.91,90.1,90.41,89.23,92.11
"3600",313,1990,92.53,92.65,91.29,91.75,90.21,92.37
"3601",314,1990,92.15,90.35,91.94,90.65,89.76,89.97
"3602",315,1990,89.3,89.02,88.43,90.75,89.7,89.15
"3603",316,1990,87.21,87.83,85.68,88.52,89.19,88.29
"3604",317,1990,90.64,88.95,90.52,89.86,90.79,88.73
"3605",318,1990,92.03,93.21,92.48,93.43,92.64,93.2
"3606",319,1990,91.38,90.35,91.26,91.7,92.24,90.81
"3607",320,1990,91.23,91.27,91.1,92.6,91.99,92.2
"3608",321,1990,91.09,89.46,90.16,90.61,89.79,89.09
"3609",322,1990,91,89.17,89.29,91.55,87.84,87.42
"3610",323,1990,94.34,92.55,90.6,93.04,88.38,91.02
"3611",324,1990,92.81,92.2,91.02,92.08,91.23,92.52
"3612",325,1990,91.03,90.44,91.06,90.6,91.7,90.5
"3613",326,1990,88.1,89.11,88.06,87.54,86.49,89.87
"3614",327,1990,88.32,88.58,88.61,88.98,90.79,89.96
"3615",328,1990,93.43,94.24,93.66,93.59,94.77,93.88
"3616",329,1990,96.12,96.26,95.29,96.85,94.09,96.46
"3617",330,1990,94.85,95.09,95.13,94.8,96.27,95.99
"3618",331,1990,88.53,89.41,88.44,88.18,87.73,89.72
"3619",332,1990,92.09,90.89,91.07,91.54,89.28,90.92
"3620",333,1990,91.62,91.41,91.8,91.78,91.09,90.89
"3621",334,1990,91.76,91.64,91.91,91.86,88.94,91.36
"3622",335,1990,91.17,92.41,91.48,92,91.09,92.13
"3623",336,1990,91.8,92.63,92.68,93.65,94.29,93.35
"3624",337,1990,91.63,92.37,91.86,92.07,93.51,92.32
"3625",338,1990,94.34,93.25,93.79,93.47,92.21,93.33
"3626",339,1990,94.64,94.87,94.32,95.78,93.8,94.81
"3627",340,1990,93.65,93.34,92.6,93.67,90.66,92.7
"3628",341,1990,86.48,87.7,86.3,86.06,85.94,88.1
"3629",342,1990,87.47,90.85,89.6,87.51,90.35,90.69
"3630",343,1990,82.49,84.95,86.28,81.6,90.02,86.64
"3631",344,1990,74.63,77.79,78.79,75.5,86.09,80.65
"3632",345,1990,75.44,78.08,77.12,77.39,83.69,82.07
"3633",346,1990,80.27,83.76,82.33,82.79,88.18,85.32
"3634",347,1990,86.84,89.61,89.19,88.55,90.58,90.98
"3635",348,1990,89.25,91.59,90.42,90.86,90.02,91.97
"3636",349,1990,88.13,89.9,89.55,90.09,89.65,89.23
"3637",350,1990,92.05,92.83,92.95,93.17,94.06,92.7
"3638",351,1990,93.49,93.21,94.35,93.67,93.51,94.23
"3639",352,1990,93.31,92.24,93.11,92.63,92.13,94.07
"3640",353,1990,94.56,94.55,93.66,94.71,93.7,95.3
"3641",354,1990,91.52,90.95,91.17,91.55,89.73,90.13
"3642",355,1990,88.87,89.97,90.05,88.53,89.79,90.47
"3643",356,1990,84.75,88.05,88.14,83.17,88.03,88.12
"3644",357,1990,82.27,86.01,85.76,80.62,89.29,87.43
"3645",358,1990,88.42,90.9,91.56,86.32,91.57,92.23
"3646",359,1990,95.88,95.71,95.82,94.49,96.45,95.12
"3647",360,1990,95.69,95.99,95.72,95.71,96.28,94.91
"3648",361,1990,93.73,93.9,93.37,94.14,93.27,93.38
"3649",362,1990,88.74,88.84,88.43,89.18,88.24,88.68
"3650",363,1990,87.47,88.98,87.13,89.54,90.28,89.45
"3651",364,1990,93.58,94.06,94.78,92.03,95.65,94.75
"3652",365,1990,93.92,94.93,94.89,94.19,95.51,96.63
"3653",1,1991,91.65,91.5,91.75,91.27,92.65,91.35
"3654",2,1991,87.35,87.64,86.96,88.48,88,87.8
"3655",3,1991,87.24,87.59,87.03,87.88,87.38,87.42
"3656",4,1991,85.81,87.46,87.61,85.15,88.81,87.92
"3657",5,1991,92.21,94.09,94.74,89.84,93.69,93.72
"3658",6,1991,91.57,92.05,92.12,90.16,92.52,92.09
"3659",7,1991,85.16,86.57,86.14,86.06,88.63,88.46
"3660",8,1991,82.57,86.36,83.51,83.55,85.12,87.33
"3661",9,1991,84.77,87.33,86.82,84.68,88.12,88.86
"3662",10,1991,85.5,87.89,88.5,83.95,92.97,90.13
"3663",11,1991,79.66,84.29,84.78,79.6,91.56,86.13
"3664",12,1991,77.12,80.8,79.63,78.21,84.59,82.34
"3665",13,1991,73.19,75.77,74.76,73.77,79.12,77.48
"3666",14,1991,71.03,73.74,72.28,71.76,75.6,73.26
"3667",15,1991,71.73,73.28,71.98,71.7,72.23,73.01
"3668",16,1991,67.13,71.36,69.77,67.89,75.22,72.22
"3669",17,1991,67.44,72.61,72.91,69.23,84.59,78.52
"3670",18,1991,71.05,79.22,80.96,70.4,90.21,87.03
"3671",19,1991,74.84,84.1,84.39,71.26,90.82,89.2
"3672",20,1991,74.02,80.63,80.88,71.06,87.28,84.67
"3673",21,1991,72.89,80.66,79.75,70.1,84.64,83.68
"3674",22,1991,74.08,82.95,81.67,72.88,86.54,87.64
"3675",23,1991,80.77,87.27,84.32,80.02,89.67,88.95
"3676",24,1991,79.95,87.76,88.53,73.86,91.85,91.51
"3677",25,1991,78.1,84.07,88.79,70.88,92.87,89.58
"3678",26,1991,79.64,87.97,88.37,71.14,90.06,90
"3679",27,1991,80.87,87.66,88.51,71.5,89.22,89.71
"3680",28,1991,76.03,87.91,89.43,67.22,91.05,91.63
"3681",29,1991,70.38,82.89,82.41,65.66,90.31,86.24
"3682",30,1991,68.46,79.72,81.22,62.39,89.57,84.02
"3683",31,1991,61.14,73.48,75.85,55.81,86.77,80.81
"3684",32,1991,56.17,68.34,69.23,52.04,80.69,74.59
"3685",33,1991,54.61,67.56,67.26,51.88,78.75,74.31
"3686",34,1991,58.93,69.41,71.68,51.29,83.9,78.23
"3687",35,1991,66.79,76.32,77.59,59.13,85.66,81.91
"3688",36,1991,73.02,83.65,84.53,64.95,89.75,89.84
"3689",37,1991,75.04,82.22,81.88,67.09,86.54,83.94
"3690",38,1991,75.18,78.88,82.53,67.27,85.58,82.66
"3691",39,1991,84.43,87.19,88.22,80.05,89.27,88.34
"3692",40,1991,79.52,83.07,84.03,76.41,87.88,87.15
"3693",41,1991,77.67,84.6,83.97,76.66,88.69,90.11
"3694",42,1991,86.53,88.93,89.32,83.33,89.56,90.65
"3695",43,1991,94.84,94.2,95,92.83,95.92,95.27
"3696",44,1991,90.66,92.14,92.1,90.09,94.8,93.61
"3697",45,1991,91.29,92.49,92.89,87.65,92.29,91.79
"3698",46,1991,93.18,92.33,93.33,91.78,92.7,91.46
"3699",47,1991,94.84,96.04,96.32,94,96.26,96.48
"3700",48,1991,94.13,94.72,93.82,95.08,94.59,94.31
"3701",49,1991,86.08,86.67,86.93,84.79,89.29,86.31
"3702",50,1991,75.76,80.62,81.53,73.38,87.77,84.56
"3703",51,1991,74.95,80.45,82.4,71.72,89.12,86.13
"3704",52,1991,82.31,87.67,87.72,78.89,91.93,92.02
"3705",53,1991,92.06,94.89,93.91,92.03,94.78,96.28
"3706",54,1991,95.3,95.05,94.25,95.51,94.03,95.43
"3707",55,1991,93.98,93.69,91.99,94.87,91.24,93.16
"3708",56,1991,95.73,94.83,95.33,94.46,94.08,94.29
"3709",57,1991,92.65,93.15,93.02,92.35,94.62,94.51
"3710",58,1991,91.08,90.33,90.44,89.69,89.64,90.06
"3711",59,1991,91.55,92.05,90.11,91.24,89.87,91.89
"3712",60,1991,90.35,90.52,90.19,89.19,88.71,90.13
"3713",61,1991,85.98,89.37,88.24,84.88,89.84,91.08
"3714",62,1991,85.04,87.76,87.18,83.81,89.83,90.3
"3715",63,1991,89.56,92.3,91.29,88.5,90.62,91.53
"3716",64,1991,94.88,92.91,92.62,94.72,92.93,93.56
"3717",65,1991,94.97,93.69,93.51,95.33,92.69,92.78
"3718",66,1991,91.21,92.73,91.57,92.49,93.15,91.99
"3719",67,1991,89.26,89.02,87.42,90.21,86.26,89.6
"3720",68,1991,93.24,92.82,92.3,93.75,91.28,92.62
"3721",69,1991,96.25,98.04,98.3,96.88,99.1,98.9
"3722",70,1991,89.52,92.73,91.77,92.12,94.99,94.53
"3723",71,1991,92.49,90.9,93.77,92.44,96.72,92.41
"3724",72,1991,91.92,92.35,92.08,91.44,93.1,94.2
"3725",73,1991,88.45,88.26,89.01,88.45,90.54,88.51
"3726",74,1991,89.04,88.18,89.16,87.93,91.93,86.18
"3727",75,1991,91.42,92.72,91.76,91.68,90.18,92.51
"3728",76,1991,85.92,86.16,88.11,85.49,89.25,88
"3729",77,1991,83.78,85.44,85.93,84.68,88.01,85.8
"3730",78,1991,79.39,84.52,83.8,79.23,88.91,88.61
"3731",79,1991,83.02,90.52,89.49,80,90.74,94.27
"3732",80,1991,84.49,91.43,92.24,81.92,94.2,94.15
"3733",81,1991,94.36,96.46,96.23,94.71,96.52,97.06
"3734",82,1991,88.42,92.58,92.39,88.32,93.16,94.66
"3735",83,1991,74.82,77.43,80.13,72.74,88.89,81.19
"3736",84,1991,69.52,75.34,75.96,70.73,87.64,81.21
"3737",85,1991,80.85,86.79,86.07,80.89,92.8,91.06
"3738",86,1991,89.34,91.8,90.19,90.02,91.7,92.69
"3739",87,1991,91.02,91.37,91.19,89.77,88.69,91.65
"3740",88,1991,93.52,92.37,94.95,89.84,91.66,92.49
"3741",89,1991,84.75,88.85,86.38,83.98,88.52,91.59
"3742",90,1991,82.57,82.71,84.07,76.8,88.44,84.91
"3743",91,1991,72.11,75.92,79.11,68.8,88.51,81.33
"3744",92,1991,73.58,80.01,79.82,72.3,90.85,85.32
"3745",93,1991,81.42,87.28,84.95,81.57,87.67,89.8
"3746",94,1991,93.24,94.18,93.51,92.6,92.54,94.61
"3747",95,1991,93.71,94.19,94.03,93.59,94.06,95.46
"3748",96,1991,93.41,94.61,92.65,94.8,96.45,95.81
"3749",97,1991,95.16,95.03,93.62,96.41,93.44,93.85
"3750",98,1991,90.77,94.17,94.06,89.47,94.06,95.44
"3751",99,1991,95.46,95.87,95.52,95.2,95.54,96.58
"3752",100,1991,92.73,94.86,93.62,93.82,93.05,94.79
"3753",101,1991,92.41,94.57,92.41,93.05,90.47,94.88
"3754",102,1991,94.6,92.78,93.33,93.94,91.21,93.76
"3755",103,1991,90.86,91.98,93.44,89.63,91.19,92.09
"3756",104,1991,84.96,87.16,86.7,87.79,88.85,86.75
"3757",105,1991,94.39,96.05,96.41,91.8,95.52,97.37
"3758",106,1991,87.91,91.85,87.83,91.2,88.65,92.02
"3759",107,1991,94.07,95.68,95.18,95.39,95.85,95.85
"3760",108,1991,90.04,90.45,90.88,92.09,92.25,92.36
"3761",109,1991,93.54,93.25,92.74,94.52,92.25,93.04
"3762",110,1991,97.27,97.3,97.18,97.33,97.14,97.52
"3763",111,1991,98.02,97.01,97.14,96.23,95.97,96.45
"3764",112,1991,94.04,94.09,93.69,93.11,94.36,96.41
"3765",113,1991,95.54,96.28,95.78,95.15,94.8,95.47
"3766",114,1991,94.48,95.43,94.97,95,95.99,95.84
"3767",115,1991,94.3,93.98,94.59,94.04,93.64,94.78
"3768",116,1991,95.35,94.42,95.8,93.71,94.93,94.84
"3769",117,1991,94.72,93.84,93.52,95.34,92.87,93.78
"3770",118,1991,96.15,95.62,95.68,95.17,95.83,95.2
"3771",119,1991,95.74,94.01,94.73,94.25,94.25,93.59
"3772",120,1991,96.51,97.55,95.99,97.75,95.17,96.67
"3773",121,1991,94.34,97.28,94.91,94.37,94.08,98.09
"3774",122,1991,84.94,86.54,85.74,85.05,88.48,87.48
"3775",123,1991,91.38,91.9,91.21,88.8,93.15,92.04
"3776",124,1991,92.71,91.1,92.08,90.42,92.32,91.97
"3777",125,1991,92.99,91.1,92.33,92.2,93.27,91.51
"3778",126,1991,91.97,93.21,93.59,90.8,95.47,94.11
"3779",127,1991,99.56,98.99,99.66,98.22,99.25,98.45
"3780",128,1991,98.58,98.88,98.77,97.89,99.68,99.14
"3781",129,1991,94.77,95.14,93.69,93.87,96.36,96.09
"3782",130,1991,94.91,94.1,95.35,93.61,95.38,94
"3783",131,1991,92.47,93.05,92.77,92.44,93.31,95.14
"3784",132,1991,96.15,96.82,94.98,98.2,94.61,98.18
"3785",133,1991,89.99,89.75,88.71,93.58,89.58,89.65
"3786",134,1991,91.83,91.87,91.97,93.28,91.18,91.67
"3787",135,1991,97.34,95.72,96.75,96.07,94.9,94.11
"3788",136,1991,91.29,89.75,90.58,92.93,91.84,88.65
"3789",137,1991,97.08,95.89,96.99,96.28,96.1,95.81
"3790",138,1991,94.88,95.5,93.49,95.88,96.15,95.3
"3791",139,1991,93.43,91.8,93.47,92.49,86.83,94.09
"3792",140,1991,93.06,89.94,91.58,93.67,89.8,87.3
"3793",141,1991,95.8,95.3,95.17,94.96,90.84,92.98
"3794",142,1991,94.72,94.13,94.19,93.36,91.84,94.9
"3795",143,1991,97.9,98.53,98.8,97.65,98.71,98.24
"3796",144,1991,93.02,95.35,94.07,94.58,94.07,95.09
"3797",145,1991,90.74,90.18,89.92,93.76,93.47,90.54
"3798",146,1991,87.51,87.32,87.59,89.49,83.22,84.89
"3799",147,1991,93.46,92.92,92.05,93.67,90.37,90.99
"3800",148,1991,91.39,91.58,91.36,92.46,91.81,92.62
"3801",149,1991,92.15,92,91.18,93.19,91.3,91.73
"3802",150,1991,90.24,91.03,90.02,90.32,91.23,91.72
"3803",151,1991,95.94,92.1,92.34,94.91,88.98,91.4
"3804",152,1991,94.72,94.48,93.37,95.9,93.19,94.77
"3805",153,1991,94.57,96.75,94.16,97.35,96.55,96.71
"3806",154,1991,93.41,92.25,91.85,93.11,88.93,89.02
"3807",155,1991,92.39,93.47,91.56,91.42,92.16,92.2
"3808",156,1991,94.76,93.93,94.64,94.54,93.69,92.89
"3809",157,1991,91.51,91.88,91.78,92.55,92.15,91.92
"3810",158,1991,93.1,92.65,93.55,91.59,93.24,93.42
"3811",159,1991,93.77,94.04,96,92.99,96.97,95.43
"3812",160,1991,99.25,99.01,99.43,99.6,99.49,99.18
"3813",161,1991,96.29,96.66,97.24,94.84,98.9,98.48
"3814",162,1991,90.26,89.63,90.43,87.17,89.94,90.05
"3815",163,1991,95.2,92.64,93.87,92.62,91.95,92.52
"3816",164,1991,92.26,91.03,93.21,90.07,93.02,89.29
"3817",165,1991,96.49,99.01,96.32,98.58,94.98,99.07
"3818",166,1991,93.83,92.69,93.88,91.52,91.84,94.16
"3819",167,1991,95.61,94.18,93.8,95.51,91.29,93.69
"3820",168,1991,96.06,96.27,94.54,97.01,93.03,97.02
"3821",169,1991,95.6,92.81,92.7,93.31,90.54,91.35
"3822",170,1991,92.99,93.14,93.52,91.6,92.17,93.18
"3823",171,1991,92.68,92.58,91.94,90.89,91.91,93.7
"3824",172,1991,92.43,90.17,91.28,91.67,89.06,90.3
"3825",173,1991,93.09,91.38,91.3,92.65,90.57,91.67
"3826",174,1991,97.49,96.98,96.78,97.04,96.11,96.92
"3827",175,1991,97.88,97.47,96.99,98.8,95.84,96.98
"3828",176,1991,97.88,95.92,96.61,96.26,95.17,95.58
"3829",177,1991,91.4,90.35,92.83,90.22,93.64,90.13
"3830",178,1991,94.79,93.15,93.64,94.37,90.96,94.02
"3831",179,1991,97.08,95.55,94.67,97.33,93.21,95.81
"3832",180,1991,96.85,95.25,95.93,95.47,95.4,94.4
"3833",181,1991,95.08,94.65,94.93,94.62,93.75,94.66
"3834",182,1991,96.64,95.43,97.03,95.2,95.9,94.21
"3835",183,1991,97.56,97.12,97.26,96.29,96.65,97.32
"3836",184,1991,98.8,99.1,98.9,98.91,98.24,99.47
"3837",185,1991,95.82,94.39,95.28,94.28,95.71,95.02
"3838",186,1991,96.38,95.66,94.67,96.11,94.56,95.36
"3839",187,1991,94.77,95.16,93.41,95.27,92.39,94.02
"3840",188,1991,98.7,98.17,98.22,96.76,97.23,97.28
"3841",189,1991,91.33,91.78,91.26,90.02,92.79,92.93
"3842",190,1991,94.76,95.32,93.27,94.81,92.45,95.91
"3843",191,1991,94.32,94.79,94.36,94.55,91.75,93.95
"3844",192,1991,95.8,95.77,96.25,95.74,94.36,94.29
"3845",193,1991,95.68,94.82,94.97,96.1,95.44,95.07
"3846",194,1991,97.58,97.73,96.22,97.34,95.37,97.09
"3847",195,1991,95.2,94.34,94.23,95,93.07,93.86
"3848",196,1991,96.66,96.65,96.77,96.04,95.49,97.54
"3849",197,1991,93.22,91.53,92.03,91.41,91.97,91.98
"3850",198,1991,94.32,95.04,93.97,94.65,94.4,94.99
"3851",199,1991,91.06,93.13,92.41,92.07,92.96,93.36
"3852",200,1991,89.25,88.86,89.78,88.41,91.31,89.75
"3853",201,1991,92.34,91.39,91.28,92.8,94.21,93.21
"3854",202,1991,92.03,92.76,92.16,92.24,90.76,93.1
"3855",203,1991,93.15,92.19,91.85,93.18,90.02,91.2
"3856",204,1991,95.15,94.11,93.32,93.78,92.06,94.07
"3857",205,1991,94.71,95.92,94.53,94.28,94.23,96.41
"3858",206,1991,94.18,93.58,93.65,93.79,92.27,93.49
"3859",207,1991,94.77,94.68,95.01,94.24,94.16,95.07
"3860",208,1991,92.84,91.82,91.04,92.59,90.79,91.84
"3861",209,1991,94.62,92.59,92.38,94.39,90.55,91.3
"3862",210,1991,92.06,91.98,91.77,92.45,93.19,92.61
"3863",211,1991,93.22,94.7,93.07,93.53,93.52,95.67
"3864",212,1991,93.93,92.56,92.15,94.9,90.34,92.89
"3865",213,1991,91.69,88.89,90.32,92.69,89.21,87.88
"3866",214,1991,92.41,91.36,91.01,92.81,90.99,91.91
"3867",215,1991,94.91,94.06,95.84,95.2,95.95,93.6
"3868",216,1991,92.87,93.06,94.54,92.9,95,93.33
"3869",217,1991,89.94,90.65,90.28,90.45,89.33,91.19
"3870",218,1991,93.73,92.1,93.3,92.74,92.75,91.6
"3871",219,1991,93.69,94.8,94.04,93.03,94.04,94.61
"3872",220,1991,91.84,91.27,91.54,91,91.11,90.42
"3873",221,1991,90.81,91.56,89.78,91.23,88.87,90.77
"3874",222,1991,91.45,91.36,89.29,91.99,88.04,89.37
"3875",223,1991,90.53,89.98,89.03,91.4,87.81,88.57
"3876",224,1991,88.55,88.42,88.71,87.02,89.45,87.58
"3877",225,1991,91.5,91.48,92.66,90.9,96.19,92.74
"3878",226,1991,94.64,94.89,94.29,96.3,94.91,95.11
"3879",227,1991,94.69,94.45,94.32,93.89,95.21,95.29
"3880",228,1991,93.46,94.91,94.85,92.62,93.88,94.87
"3881",229,1991,95.61,94.32,95.76,94.44,96.74,93.7
"3882",230,1991,91.66,92.46,92.58,92.25,93.96,93.22
"3883",231,1991,94.86,96.18,96.16,94.28,95.33,96.05
"3884",232,1991,93.32,95.73,95.21,94.21,96.23,96.77
"3885",233,1991,93.23,91.81,93.68,92.76,93.35,91.19
"3886",234,1991,90.38,90.58,90.77,91.08,92.07,92.46
"3887",235,1991,87.13,87.69,87.85,86.83,89.3,87.96
"3888",236,1991,91.96,93.44,93.29,93.07,96.4,95.2
"3889",237,1991,90.47,90.51,89.99,92.25,89.76,90.28
"3890",238,1991,87.43,87.06,87.07,87.77,87.21,87.52
"3891",239,1991,88.55,88.94,89.36,88.57,90.52,90.43
"3892",240,1991,89.51,88.95,90.31,88.84,90.37,88.32
"3893",241,1991,91.23,91.03,91.69,91.32,91.61,92.23
"3894",242,1991,94.42,94.79,93.49,95.72,93.89,95.25
"3895",243,1991,93.56,93.38,93.35,94.22,91.85,92.7
"3896",244,1991,92.92,92.86,93.21,94.16,92.66,92.83
"3897",245,1991,88.19,89.05,88.18,89.54,88.88,90.29
"3898",246,1991,90.5,89.61,89.14,90.68,89.94,90.81
"3899",247,1991,92.75,92.63,92.72,92.69,92.75,93.44
"3900",248,1991,88.71,89.57,89.11,89.07,89.85,90.85
"3901",249,1991,92.86,94.18,93.08,94.81,92.23,94.59
"3902",250,1991,92.11,91.78,92.01,91.33,92.62,92.15
"3903",251,1991,89.42,88.73,89.04,89.48,89.33,90.04
"3904",252,1991,91.58,92.87,93.23,91.7,93.29,94.82
"3905",253,1991,91.32,92.99,92.24,92.3,92.26,92.85
"3906",254,1991,92.07,91.26,91.6,93.15,93.01,91.4
"3907",255,1991,94.5,93.27,94.56,93.21,93.98,93.8
"3908",256,1991,88.75,88.66,89.4,88.54,90.11,88.75
"3909",257,1991,88.99,89.54,89.8,88.8,90.4,88.82
"3910",258,1991,92.54,92.96,91.73,93.04,91.75,91.98
"3911",259,1991,92.98,94.9,93.86,94.15,93.48,94.96
"3912",260,1991,87.43,88.08,87.39,88.98,87.69,88.58
"3913",261,1991,88.55,88.63,89.63,89.55,89.45,89.9
"3914",262,1991,93.9,91.63,93.31,92.87,91.45,89.9
"3915",263,1991,96.24,95.17,95.56,95.72,93.62,94.81
"3916",264,1991,91.09,90.34,90.81,90.55,90.94,90.64
"3917",265,1991,89.73,89.73,89.58,89.98,88.22,89.18
"3918",266,1991,92.55,90.74,91.42,92.29,90.19,90.2
"3919",267,1991,91.24,91.8,92.2,91.88,89.81,92.61
"3920",268,1991,90.81,89.98,90.67,89.15,91.98,92.54
"3921",269,1991,91.37,89.96,91.57,89.37,88.17,89.41
"3922",270,1991,89.19,89.54,89.12,89.5,88.58,89.96
"3923",271,1991,92.29,93.15,92.52,92.45,89.23,93.05
"3924",272,1991,89.05,90.88,89.41,92.23,90.96,90.34
"3925",273,1991,87.95,87.03,87.37,88.58,88.32,85.34
"3926",274,1991,86.74,87.48,87.03,87.56,86.31,87.81
"3927",275,1991,91.94,92.09,92.59,92.63,91.45,90.55
"3928",276,1991,93.37,92.39,89.86,94.23,88.82,92
"3929",277,1991,90.18,89.24,88.2,91,87.7,89.48
"3930",278,1991,84.01,84.22,84.47,84.03,83.79,83.19
"3931",279,1991,82.92,82.44,83.13,83.13,82.61,82.38
"3932",280,1991,84.99,84.86,83.78,84.98,80.5,84.76
"3933",281,1991,93.52,91.98,94.01,93.25,93.86,92
"3934",282,1991,92.74,93.16,93.14,92.1,91,93.11
"3935",283,1991,91.74,90.94,91.8,90.31,90.39,91.72
"3936",284,1991,88.49,89.22,88.46,89.14,88.03,89.27
"3937",285,1991,89.24,90.02,89.67,88.9,88.86,88.43
"3938",286,1991,92.25,92.08,90.07,93.71,87.87,90.76
"3939",287,1991,87.78,86.65,88.14,86.42,89.04,86.4
"3940",288,1991,88.16,88.49,88.99,88.22,88.38,88.86
"3941",289,1991,90.98,91.14,90.64,92.59,87.96,89.12
"3942",290,1991,96.15,95.25,95.36,95.18,90.7,94.65
"3943",291,1991,94.74,95.49,95.12,95.33,93.72,95.1
"3944",292,1991,93.12,93.65,92.7,94.39,92.03,93.6
"3945",293,1991,90.57,87.93,88.75,90.76,90.34,86.52
"3946",294,1991,91.08,90.03,90.68,91.06,90.57,88.56
"3947",295,1991,88.65,88.2,88.04,88.66,88.11,86.67
"3948",296,1991,87.98,89.03,88.7,88.13,86.71,88.11
"3949",297,1991,88.76,88.54,90.74,87.33,91.48,88.85
"3950",298,1991,91.71,92.02,92.94,90.58,92.49,91.39
"3951",299,1991,94.81,94.33,94,95,90.25,93.71
"3952",300,1991,94.89,94.08,94.94,94.45,94.75,93.67
"3953",301,1991,92.62,91.87,93.56,91.64,91.66,92.66
"3954",302,1991,92.84,91.97,93.15,91.54,94.18,92.14
"3955",303,1991,91.22,90.81,90.61,91.57,90.42,92.4
"3956",304,1991,92.58,93.14,91.7,93.03,89.74,93.49
"3957",305,1991,90.97,91.44,91.32,91.87,93.28,92.46
"3958",306,1991,90.65,89.77,88.74,91.25,88.45,88.36
"3959",307,1991,87.74,86.67,85.42,89.19,85.55,86.07
"3960",308,1991,88.53,90.39,88.83,89.88,89.07,90.12
"3961",309,1991,92.14,90.22,90.49,90.61,87.74,91.33
"3962",310,1991,94.14,92.53,93.64,91.42,93.98,93.55
"3963",311,1991,92.54,92.86,93.64,92.91,94.48,93.27
"3964",312,1991,92.68,93.69,94.13,93.22,95.29,95.09
"3965",313,1991,92.17,90.58,91.01,92.67,89.67,90.13
"3966",314,1991,89,88.82,88.58,89.44,88.27,87.66
"3967",315,1991,85.96,83.89,84.71,86.02,89.66,82.85
"3968",316,1991,85.34,84.43,83.97,86.55,84.44,83.16
"3969",317,1991,88.92,88.79,89.48,86.64,87.63,86.92
"3970",318,1991,92.81,90.58,92.34,90.37,91.59,90.39
"3971",319,1991,94.56,93.25,93.54,93.82,90.97,92.56
"3972",320,1991,94.58,94.86,94.69,95.26,94.39,94.66
"3973",321,1991,88.3,92.15,89.78,89.58,91.63,92.94
"3974",322,1991,90.84,92.44,92.27,90.58,89.9,92.44
"3975",323,1991,94.27,93.82,93.17,93.42,94.32,94.57
"3976",324,1991,94.33,94.45,94.74,93.94,95.02,95.16
"3977",325,1991,95.03,96.26,95.31,94.23,93.76,96.11
"3978",326,1991,91.9,89.5,89.44,92.46,87.3,89.14
"3979",327,1991,90.46,87.77,90.08,89.38,88.71,87.53
"3980",328,1991,87.55,87.9,87.34,88.01,87.57,88.81
"3981",329,1991,90.06,90.43,89.59,89.79,89.72,91.66
"3982",330,1991,90.92,91.94,90.81,91.51,91.12,92.52
"3983",331,1991,93.99,93.81,93.75,94.38,93.5,94.76
"3984",332,1991,93.52,91.97,94.71,91.85,94.17,92.95
"3985",333,1991,91.49,89.9,90.91,90.16,90.96,91.56
"3986",334,1991,88.42,89.16,89.24,89.39,90.84,91.1
"3987",335,1991,87.91,89.63,89.29,90.67,88.53,88.15
"3988",336,1991,90.19,90.8,91.29,90.97,90.5,89.13
"3989",337,1991,89.69,91.15,90.5,89.78,90.82,93.19
"3990",338,1991,83.26,86.14,86.27,83.77,86.74,86.83
"3991",339,1991,80.42,82.96,82.97,80.72,86.05,85.51
"3992",340,1991,83.43,85.15,86.06,83.75,89.93,88.55
"3993",341,1991,86.41,87.9,88.91,86.85,92.3,88.63
"3994",342,1991,86.78,90.43,88.93,89.02,92.94,93.27
"3995",343,1991,87,89.37,90.04,86.59,92.19,90.15
"3996",344,1991,82.33,84.45,84.86,82.28,88.49,86.14
"3997",345,1991,79.53,83.76,83.81,79.53,86.81,85.96
"3998",346,1991,80.18,82.74,82.44,80.19,86.94,83.46
"3999",347,1991,86.02,90.99,90,85.28,92.28,91.62
"4000",348,1991,84.71,87.32,87.47,83.69,90.12,88.31
"4001",349,1991,83.65,88.07,89.3,81.69,93,91.71
"4002",350,1991,84.62,87.55,88.21,83.5,88.35,87.65
"4003",351,1991,85.65,87.26,86.87,85.92,88.43,89.01
"4004",352,1991,84.57,85.16,86.92,84.01,91.34,85.57
"4005",353,1991,86,88.61,89.43,83.72,91.45,90.18
"4006",354,1991,77.38,82.25,83.9,76.07,90.3,87.52
"4007",355,1991,74.54,79.82,80.35,74.1,87.4,82.52
"4008",356,1991,76.11,79.23,80.5,74.72,85.82,81.17
"4009",357,1991,76.38,80.67,81.09,75.8,84.34,84.27
"4010",358,1991,81.79,87.25,88.19,79.14,92.05,89.57
"4011",359,1991,89.92,90.58,90.03,88.23,89.08,90.73
"4012",360,1991,90.91,92.19,92.93,90.89,93.89,93.14
"4013",361,1991,90.73,93.59,92.99,91.17,92.17,94.05
"4014",362,1991,87.5,90.06,89.59,89.32,91.11,90.95
"4015",363,1991,87.12,88.61,88.13,86.96,85.96,88.79
"4016",364,1991,87.8,90.75,89.27,89.05,91.52,90.07
"4017",365,1991,90.68,91.55,91.23,90.82,92.07,91.8
"4018",1,1992,92.72,93.28,92.76,93.45,92.37,91.62
"4019",2,1992,91.82,90.4,89.82,91.05,89.89,90.6
"4020",3,1992,87.29,89.93,88.5,88.24,88.23,89.32
"4021",4,1992,91.4,92.64,90.95,91.72,92.35,93.37
"4022",5,1992,96.43,95.24,95.65,95.07,92.79,94.14
"4023",6,1992,92.6,91.83,91.34,93.09,92.63,89.85
"4024",7,1992,92.05,91.92,91.61,92.31,91.89,93.02
"4025",8,1992,90.63,90.81,90,90.77,90.86,91.69
"4026",9,1992,83.52,87.67,88.12,81.05,90.58,89.45
"4027",10,1992,78.41,85.96,85.65,78.62,89.86,91.37
"4028",11,1992,83.04,89.69,87.01,83.68,92.44,93.8
"4029",12,1992,79.92,85.25,84.86,78.3,89.45,87.27
"4030",13,1992,74.99,79.73,79.43,75.25,87.48,82.17
"4031",14,1992,76.26,78.9,78.43,76.97,84.85,80.15
"4032",15,1992,73.69,77.35,77.5,73.62,84.43,80.34
"4033",16,1992,73.43,79.08,79.09,72.71,86.89,84.18
"4034",17,1992,80.95,87.3,85.94,79.68,90.41,91.67
"4035",18,1992,85.71,90.31,90,80.91,90.63,91.31
"4036",19,1992,80.81,87.57,88.84,76,91.64,90.87
"4037",20,1992,78.01,84.16,84.63,72.06,86.28,86.87
"4038",21,1992,80.55,84.13,85.01,76.77,88.49,85.16
"4039",22,1992,80.79,82.94,82.53,77.12,86.91,83.28
"4040",23,1992,77.93,82.61,83.53,71.93,88.04,84.35
"4041",24,1992,74.69,81.12,84.13,65.24,85.62,84.54
"4042",25,1992,67.58,76,78.32,60.15,83.57,80.29
"4043",26,1992,60.01,68.27,69.43,56.64,83.22,73.49
"4044",27,1992,56.07,66.23,65.51,54.46,78.38,71.03
"4045",28,1992,59.94,68.49,68.02,57.81,76.43,73.53
"4046",29,1992,64.78,73.84,72.45,60.81,79.08,79.75
"4047",30,1992,69.14,80.78,77.05,65.59,82.46,87.45
"4048",31,1992,71.49,78.29,78.1,66.16,82.02,82.43
"4049",32,1992,68.89,74.45,77,60.75,81.31,78.85
"4050",33,1992,63.69,72.87,74.82,55.54,80.19,79.23
"4051",34,1992,59.91,73.34,72.12,51.93,80.78,79.36
"4052",35,1992,65.46,76.73,75.61,59.23,84.47,82.94
"4053",36,1992,68.27,75.79,76.7,63.77,85.72,80.67
"4054",37,1992,77.67,83.43,82.57,76.7,86.52,86.05
"4055",38,1992,87.05,87.21,88.66,84.93,88.84,88.95
"4056",39,1992,89.28,90.05,90.42,89.21,91.92,91.39
"4057",40,1992,82.06,84.43,83.32,80.97,86.78,86.52
"4058",41,1992,69.45,74.98,78.11,64.72,83.18,79.44
"4059",42,1992,62.34,71.81,72.47,59.93,80.73,75.02
"4060",43,1992,61.36,71.69,71.53,59.15,86.21,80.28
"4061",44,1992,65.92,75.2,74.53,62.58,83.6,83.21
"4062",45,1992,70.56,78.28,77.53,64.28,84.75,83.01
"4063",46,1992,66.97,73.51,75.17,60.74,83.57,79.58
"4064",47,1992,59.14,66.16,70.76,53.73,80.9,72.86
"4065",48,1992,58.64,71.8,74.72,53.73,86.99,84.03
"4066",49,1992,77.78,88,86.97,71.18,90.82,93.16
"4067",50,1992,76.8,86.12,86.8,70.29,90.18,93.12
"4068",51,1992,71.5,83.36,83.77,65.12,87.53,89.69
"4069",52,1992,74.71,86.95,83.73,71.03,89.75,89.67
"4070",53,1992,84.78,89.46,89.04,83.47,90.41,92.44
"4071",54,1992,82.99,92.21,87.74,85.39,91.57,94.79
"4072",55,1992,88.86,93.47,92.32,87.59,94.45,95.16
"4073",56,1992,95.17,96.23,96.5,93.67,98.24,97.5
"4074",57,1992,97.19,97.84,98.08,95.25,98.23,98.01
"4075",58,1992,93.62,93.93,94.25,94.18,95.31,94.19
"4076",59,1992,94.32,94.81,95.13,94.28,96.9,95.26
"4077",60,1992,95.73,95.71,95.54,97.68,94.99,95.76
"4078",61,1992,96.3,97.57,97.53,96.39,96.04,98.48
"4079",62,1992,95.52,95.11,94.37,96,96.09,94.15
"4080",63,1992,91.53,90.37,90.83,92.98,92.49,90.31
"4081",64,1992,93.21,93.6,93.83,93.23,94.07,94.61
"4082",65,1992,93.45,94.17,94.57,93.7,96.92,95.93
"4083",66,1992,92.6,92.82,93.17,92.84,93.21,93.56
"4084",67,1992,94.26,94.02,95.11,93.11,96.68,92.48
"4085",68,1992,94.2,93.3,93.79,93.47,94.97,94.47
"4086",69,1992,90.62,91.1,90.77,89.26,93.19,91.61
"4087",70,1992,88.91,91.02,90.6,89.64,90.34,90.65
"4088",71,1992,93.13,93.21,92.58,92.29,92.28,94.81
"4089",72,1992,94.28,95.54,94.27,94.42,94.27,96.91
"4090",73,1992,95.11,96.46,95.7,95.91,94.82,96.99
"4091",74,1992,97.33,97.55,97.54,96.62,97.32,97.58
"4092",75,1992,92.52,94.1,93.48,94.13,96.1,96.05
"4093",76,1992,93.78,93.9,93.98,92.03,94.78,94.4
"4094",77,1992,92.04,93.17,92.8,92.47,92.18,93.08
"4095",78,1992,90.1,90.43,92.53,89.41,91.95,90.45
"4096",79,1992,93.68,93.43,93.93,91.69,94.05,93.78
"4097",80,1992,91.3,92.38,92.02,90.54,95.02,93.66
"4098",81,1992,89.11,88.45,89.19,86.89,88.03,89.14
"4099",82,1992,78.91,77.89,78.87,77.45,82.32,81.1
"4100",83,1992,71.6,74.63,75.97,70.29,83.96,78.45
"4101",84,1992,82.82,87.59,86.27,82.33,90.31,89.02
"4102",85,1992,83.69,86.74,85.67,84.39,88.21,87.42
"4103",86,1992,82.49,84.05,83.67,82.52,82.83,83.24
"4104",87,1992,78.97,81.29,79.92,79.03,80.48,80.13
"4105",88,1992,81.87,82.73,81.81,83.43,82.12,82.43
"4106",89,1992,88.65,88.58,89.27,90.39,90.81,88.69
"4107",90,1992,92.32,92.12,92.02,93.09,91.82,93.29
"4108",91,1992,94.86,96.25,95.12,95.61,95.91,97.63
"4109",92,1992,91.9,90.55,90.38,91.18,88.26,90.79
"4110",93,1992,87.33,89.7,89.04,87.67,92.05,89.65
"4111",94,1992,89.19,89.65,88.58,88.89,88.23,88.3
"4112",95,1992,90.38,88.21,89.19,89.02,86.98,88.75
"4113",96,1992,92.1,91.75,91.77,91.28,93.27,90.83
"4114",97,1992,93.66,95.51,93.1,94.34,91.82,94.84
"4115",98,1992,89.95,90.57,91.37,90.86,92.93,91.07
"4116",99,1992,93.82,93.87,93.93,93.92,93.37,95.45
"4117",100,1992,93.94,92.77,93.45,92.55,90.61,92.23
"4118",101,1992,95.91,96.56,95.68,96.64,94.65,96.94
"4119",102,1992,96.71,96.26,96.27,96.72,95.31,96.48
"4120",103,1992,91.16,90.75,91.18,91.72,93.29,91.49
"4121",104,1992,87.03,90.61,89.73,87.19,93.08,93.68
"4122",105,1992,89.81,91.63,91.14,88.26,93.22,92.79
"4123",106,1992,91.44,92.44,91.45,89.81,90.08,93.97
"4124",107,1992,94.78,94.04,95.86,91.99,95.96,95.99
"4125",108,1992,93,91.2,91.03,92.19,90.43,91.39
"4126",109,1992,95.38,93.5,93.43,94.17,92.62,94.53
"4127",110,1992,91.98,93.01,91.73,92.14,92.37,93.59
"4128",111,1992,85.99,87.23,85.2,88.26,88.41,87.87
"4129",112,1992,82.87,82.84,82.63,83.78,84.17,82.96
"4130",113,1992,90.61,89.5,90.31,90.49,90.21,88.74
"4131",114,1992,94.59,95.55,94.82,93.59,95.24,96.04
"4132",115,1992,94.03,93.33,93.6,94.2,92.29,93.78
"4133",116,1992,91.99,92.27,91.85,91.54,92.62,93.68
"4134",117,1992,95.1,92.47,92.31,95.64,89.31,89.64
"4135",118,1992,93.11,92.16,92.23,93.14,92.37,90.95
"4136",119,1992,93.37,91.97,92.7,91.94,94.28,91.66
"4137",120,1992,86.34,86.1,85.27,85.73,86.33,85.2
"4138",121,1992,88.86,89.84,89.35,85.44,87.95,89.51
"4139",122,1992,85.68,85.27,85.77,86.97,86.04,84.7
"4140",123,1992,90.22,89.94,89.94,90.64,90.53,90.33
"4141",124,1992,89.95,90.12,88.63,91.75,86.97,91.57
"4142",125,1992,83.57,87.09,84.39,86.53,87.88,87.72
"4143",126,1992,87.44,86.68,86.81,83.75,85.13,86.01
"4144",127,1992,94.41,94.04,92.52,93.59,92.19,93.68
"4145",128,1992,90.84,86.22,88.29,91.67,89.45,82.61
"4146",129,1992,87.96,88.84,90.06,88.72,90.36,87.5
"4147",130,1992,94.25,95.5,93.54,93.75,91.76,94.69
"4148",131,1992,91.52,92.38,91.68,92.15,91.31,92.52
"4149",132,1992,90.39,89.93,88.11,92.69,88.98,89.87
"4150",133,1992,90.49,87.44,90.11,88.89,88.17,85.28
"4151",134,1992,93.77,90.75,92.21,92.24,91.25,89.25
"4152",135,1992,91.3,89.08,89.07,91.42,90.87,89.48
"4153",136,1992,94.85,92.1,91.11,95.22,90.6,88.39
"4154",137,1992,92.22,93.22,92.14,94.31,93.04,94.29
"4155",138,1992,92.64,91.35,90.2,95.88,90.94,90.85
"4156",139,1992,88.76,87.52,87.85,89.29,88.24,87.47
"4157",140,1992,94.34,92.57,89.77,93.05,87.78,90.23
"4158",141,1992,92.11,93,91.2,94.07,93.51,93.17
"4159",142,1992,92.42,91.32,92.47,92.23,90.32,90.81
"4160",143,1992,90.25,89.16,88.6,91.65,88.96,88.63
"4161",144,1992,87.46,85.26,85.96,87.34,85.68,85.12
"4162",145,1992,87.39,86.5,86.14,86.1,87.38,86.85
"4163",146,1992,90.33,89.44,89.42,89.37,87.85,89.34
"4164",147,1992,90.2,91.45,90.11,90.1,89.46,92.99
"4165",148,1992,89.73,89.73,87.94,90.18,90.24,89.16
"4166",149,1992,87.72,87.22,86.36,87.49,85.63,85.62
"4167",150,1992,87.75,87.74,87.45,88.28,86.84,88
"4168",151,1992,92.55,93.54,91.98,93.66,90.83,93.47
"4169",152,1992,93.04,91.84,91.75,93.19,91.02,91.54
"4170",153,1992,95.43,93.84,94.71,94.11,94.13,92.92
"4171",154,1992,94.09,93.42,92.1,95.22,91.1,92.42
"4172",155,1992,94,92.88,92.52,93.81,92.54,92.22
"4173",156,1992,92.08,92.08,91.84,92.15,91.13,92
"4174",157,1992,86.69,85.44,85.52,85.3,86.39,84.94
"4175",158,1992,86.86,87.13,85.42,88.61,87.53,87.52
"4176",159,1992,92.93,92.54,92.05,93.4,90.27,90.92
"4177",160,1992,94.64,93.01,93,93.16,91.44,94.23
"4178",161,1992,90.24,87.6,88.42,88.03,86.31,88.23
"4179",162,1992,89.69,88.95,89.31,89.51,89.49,90.12
"4180",163,1992,91.47,91.13,90.68,92.55,89.31,91.08
"4181",164,1992,96.72,96.35,96.6,96.15,94.32,96.1
"4182",165,1992,91.82,90.91,92.45,90.23,93.66,92
"4183",166,1992,92.89,91.6,91.38,92.2,92.61,90.69
"4184",167,1992,91.27,89.56,90.16,89.91,90.64,89.36
"4185",168,1992,92.39,91.39,93.26,91.59,92.8,91.49
"4186",169,1992,95.61,93.64,93.79,94.16,92.37,93.22
"4187",170,1992,94.72,94.06,93.53,96.36,93.9,94.42
"4188",171,1992,93.44,91.09,92.57,92.7,91.81,89.88
"4189",172,1992,92.57,93.09,91.16,93.32,90.9,93.65
"4190",173,1992,91.07,91.74,91.23,91.23,90.97,91.35
"4191",174,1992,89.18,87.75,87.59,88.21,87.81,87.16
"4192",175,1992,87.64,86.27,86.13,87.73,85.07,86.05
"4193",176,1992,89.24,88.81,89.01,89.25,88.6,88.1
"4194",177,1992,93.06,92.25,92.21,92.93,91.81,92.08
"4195",178,1992,90.09,88.97,89.99,89.64,89.53,88.71
"4196",179,1992,93.19,93.05,91.84,94.26,91.7,93.53
"4197",180,1992,91.17,90.74,89.84,91.48,86.46,90.21
"4198",181,1992,88.45,87.78,87.92,88.76,87.14,88.81
"4199",182,1992,91.19,89.92,89.9,91.03,86.22,90.09
"4200",183,1992,94.6,94.3,94.48,94.48,93.38,93.83
"4201",184,1992,95.46,93.3,94.27,95,93.58,91.95
"4202",185,1992,94.57,95.25,93.9,96.32,94.02,95.46
"4203",186,1992,95.6,94.78,94.3,94.87,95.34,93.61
"4204",187,1992,93.06,91.44,91.94,90.8,92.5,91.35
"4205",188,1992,93.28,92.7,92.08,93.04,93.7,91.87
"4206",189,1992,94.06,93.47,93.48,94.24,95.19,93.7
"4207",190,1992,98.05,97.54,97.89,98.21,95.33,96.74
"4208",191,1992,96.41,96.23,95.48,94.81,94.3,97.08
"4209",192,1992,94.92,95.68,94.81,95.52,94.44,96.33
"4210",193,1992,89.81,90.78,90.27,90.6,92.27,91.41
"4211",194,1992,93.5,92.23,92.58,92.56,89.89,93.63
"4212",195,1992,95.31,95.74,94.62,94.74,91.41,96.94
"4213",196,1992,89.62,89.74,89.61,88.95,90.43,91.48
"4214",197,1992,92.21,91.73,92.09,90.85,91.57,91.34
"4215",198,1992,93.59,92.92,92.83,91.62,91.96,93.29
"4216",199,1992,97.07,95.73,96.52,95.7,95.42,94.67
"4217",200,1992,94.58,93.35,93.38,93.71,92.39,92.91
"4218",201,1992,92.1,90.8,92.17,91.37,92.59,92.4
"4219",202,1992,93.52,93.14,94.98,94.05,94.31,92.82
"4220",203,1992,94.44,94.33,95.29,93.74,92.76,94.33
"4221",204,1992,97.79,96.36,98.18,96.41,97.24,97.11
"4222",205,1992,94.34,92.06,94.46,93.06,94.66,91.52
"4223",206,1992,95.29,95.98,94.33,95.32,93.47,97.3
"4224",207,1992,96.41,97.76,95.78,97.55,92.18,97.11
"4225",208,1992,89.43,89.78,89.06,89.52,88.32,90.7
"4226",209,1992,93.96,95.54,94.04,94.25,94.44,97.45
"4227",210,1992,96.39,95.64,96.04,95.61,95.68,95.55
"4228",211,1992,90.55,92.93,90.21,91.15,90.49,94.91
"4229",212,1992,92.06,92.63,90.86,93.23,89.04,91.63
"4230",213,1992,90.06,90.34,90.92,89.39,92.01,91.54
"4231",214,1992,92.57,90.25,90.77,91.52,89.45,90.78
"4232",215,1992,94.31,94.7,93.99,94.07,94.04,94.9
"4233",216,1992,90.23,90.54,92.28,87.68,94.59,93.32
"4234",217,1992,90.59,89.72,91.01,89.03,91.77,89.74
"4235",218,1992,92.97,89.73,91.79,91.61,91.94,88.59
"4236",219,1992,94.9,94.09,95.3,92.25,95.3,92.82
"4237",220,1992,89.85,89.4,89,89.49,90.94,88.12
"4238",221,1992,92.21,92.15,91.38,92.4,92.65,92.92
"4239",222,1992,94.57,93.54,94.41,93.41,95.01,93.85
"4240",223,1992,90.69,91.42,90.78,92.03,91.16,91.14
"4241",224,1992,91.9,93.43,91.64,93.82,92.16,92.51
"4242",225,1992,95.09,94.74,94.69,95.07,92.58,93.78
"4243",226,1992,93.93,92.32,93.56,92.7,92.51,92.61
"4244",227,1992,93.27,93.03,93.16,92.45,94.04,93.31
"4245",228,1992,94.16,93.73,94.07,94.82,92.54,95.12
"4246",229,1992,93.67,92.97,93.55,93.02,91.56,92.99
"4247",230,1992,91.34,92.57,91.13,93.28,90.71,92.48
"4248",231,1992,90.61,90.87,91.68,90.78,92.29,91.9
"4249",232,1992,94.38,92.61,92.78,94.6,91.88,92.89
"4250",233,1992,90.33,90.49,90.76,90.19,90.06,90.55
"4251",234,1992,91.64,92.8,92.44,93.12,92.13,93.16
"4252",235,1992,95.36,94.57,93.25,96.73,90.57,94.05
"4253",236,1992,93.08,92.16,92.23,94.27,90.03,92.09
"4254",237,1992,93.77,95.05,95.71,94.03,95.65,94.47
"4255",238,1992,88.86,89.21,89.66,87.64,90.88,88.72
"4256",239,1992,90.57,89.67,90.37,90.04,89.66,88.89
"4257",240,1992,92.58,91.53,90.64,93.5,92.09,92.27
"4258",241,1992,89.66,89.42,90.19,89.76,91.63,90.64
"4259",242,1992,88.15,90.3,89.46,90.76,92.33,93.08
"4260",243,1992,91.05,91.21,91.26,92.46,92.06,91.6
"4261",244,1992,90.68,91.58,90.65,91.96,90.81,91.85
"4262",245,1992,89.71,91.41,91.15,91.02,92.54,93.56
"4263",246,1992,92.24,92.26,92.51,91.22,93.09,92.78
"4264",247,1992,96.44,94.67,94.79,96.02,93.43,92.99
"4265",248,1992,95.23,93.49,94.53,95.14,94.42,93.77
"4266",249,1992,91.01,90.78,90.79,90.73,89.24,91.06
"4267",250,1992,92,92.89,91.45,92.64,90.46,93.48
"4268",251,1992,94.41,94.19,92.82,94.82,92.66,93.7
"4269",252,1992,94.2,93.01,92.83,93.8,92.71,92.42
"4270",253,1992,91.11,92.66,91.07,91.87,91.4,93.89
"4271",254,1992,90.39,88.23,88.62,88.5,87.09,88.62
"4272",255,1992,87.78,86.98,88.56,87.61,89.31,86.72
"4273",256,1992,89.68,91.37,90.92,90.85,91.35,92.39
"4274",257,1992,91.57,92.01,91.3,91.71,90.65,92.16
"4275",258,1992,91.66,93.82,92.96,91.84,90.76,93.37
"4276",259,1992,94.54,93.81,93.87,94.83,93.19,94.47
"4277",260,1992,93.1,93.07,94.91,92.59,94.1,93.25
"4278",261,1992,89.24,89.04,90.34,90.28,89.84,89.96
"4279",262,1992,90.29,91.33,88.98,92.2,88.45,91.63
"4280",263,1992,86.99,86.91,88.27,86.94,91.62,88.57
"4281",264,1992,92.42,90.41,90.28,93.04,87.75,89.6
"4282",265,1992,91.32,91.92,92.3,91.53,92.05,91.99
"4283",266,1992,87.69,88.51,88.21,87.31,88.17,89.08
"4284",267,1992,86.61,87.7,86.58,87.73,87.06,87.88
"4285",268,1992,93.17,92.62,91.8,93.51,90.89,92.65
"4286",269,1992,86.3,86.99,87.68,86.03,87.92,88.44
"4287",270,1992,93.64,94.28,94.28,92.03,93.96,94.55
"4288",271,1992,91.62,92.48,92.12,90.84,92.1,92.4
"4289",272,1992,92.86,93.18,93.11,93.67,93.71,94.71
"4290",273,1992,92.72,91.94,93.49,91.37,94.66,92.53
"4291",274,1992,88.04,87.34,88.58,88.03,88.16,86.87
"4292",275,1992,90.09,89.72,89.36,89.8,88.77,88.58
"4293",276,1992,90.51,89.65,88.58,90.93,89.37,88.82
"4294",277,1992,87.08,87,87.12,89.72,87.99,86.29
"4295",278,1992,90,88.41,89.49,89.92,90.37,88.93
"4296",279,1992,88.52,88.11,88.15,89.08,87.82,89.67
"4297",280,1992,88.85,89.08,88.66,89.84,88.12,90.47
"4298",281,1992,91.11,91.84,92.97,91.33,91.45,91.14
"4299",282,1992,95.01,93.98,95.01,93.22,91.62,93.48
"4300",283,1992,94.81,94.64,94.65,94.67,94.12,94.09
"4301",284,1992,93.46,92.31,91.58,92.5,89.15,90.43
"4302",285,1992,89.59,88.02,88.94,88.61,90.18,86.59
"4303",286,1992,90.99,90.83,90.38,90.99,89.25,88.8
"4304",287,1992,93.94,94.33,94.33,93.04,92.3,93.09
"4305",288,1992,92.24,92.19,91.9,91.52,89.9,91.33
"4306",289,1992,90.18,90.15,89.52,91.03,87.95,89.57
"4307",290,1992,90.11,90.45,88.35,90.49,87.96,90.75
"4308",291,1992,88.42,88.18,87.62,89.09,85.87,87.63
"4309",292,1992,91.02,90.01,89.91,91.19,89.39,89.68
"4310",293,1992,90.53,90.23,90.17,90.33,88.93,90.07
"4311",294,1992,92.06,92.55,91.39,92.03,91.1,92.2
"4312",295,1992,89.99,89.85,89.5,88.4,89.01,89.89
"4313",296,1992,88.24,87.85,88.38,86.49,87.19,88.04
"4314",297,1992,89.27,87.55,87.83,88.39,87.27,86.32
"4315",298,1992,88.32,86.77,87.22,87.91,88.1,85.95
"4316",299,1992,91.76,90.21,91.95,90.29,91,89.83
"4317",300,1992,90.44,89.89,91.12,91.12,89.79,89.47
"4318",301,1992,93.13,91.62,93.6,89.13,91.95,91.98
"4319",302,1992,89.13,89.66,88,89.35,86.72,89.97
"4320",303,1992,85.43,84.48,84.82,85.65,84.85,83.7
"4321",304,1992,91.66,90.54,91.38,90.07,88.81,89.91
"4322",305,1992,90.75,90.9,90.55,90.29,90.66,89.18
"4323",306,1992,93.37,92.15,93.49,93.11,92.28,91.75
"4324",307,1992,87.9,88.34,88.22,88.51,89.9,88.57
"4325",308,1992,84.87,85.99,85.49,85.99,86.12,85.52
"4326",309,1992,90.64,91.39,92.31,90.94,92.59,92.19
"4327",310,1992,95,95.11,95.27,95.13,94.24,93.83
"4328",311,1992,96.83,95.8,97.11,95.2,95.75,94.75
"4329",312,1992,91.83,90.47,91.74,91.17,89.4,90.43
"4330",313,1992,90.6,92.41,89.48,92.37,87.69,93.63
"4331",314,1992,91.81,91.08,91.05,90.91,89.53,91.28
"4332",315,1992,92.69,91.74,93.5,93.1,92.91,92.66
"4333",316,1992,90.31,89.18,90.78,91.93,90.36,90.15
"4334",317,1992,91.6,89.31,91.25,90.58,90.8,90.27
"4335",318,1992,92.78,92.81,92.83,92.58,91.97,93.44
"4336",319,1992,93.78,92.84,93.44,94.23,90.8,91.52
"4337",320,1992,92.45,93.07,93.15,92.5,91.16,93.77
"4338",321,1992,91.62,91.38,91.43,91.33,90.61,91.74
"4339",322,1992,95.66,96.08,94.54,95.7,93.1,95.77
"4340",323,1992,94.57,95.13,95.02,94.26,92.72,95.5
"4341",324,1992,88.9,88.89,88.8,89.36,88.05,89.81
"4342",325,1992,91.62,89.74,90.4,89.17,88.54,90.18
"4343",326,1992,91.29,91.23,89.98,91.86,89.9,90.66
"4344",327,1992,87.39,88.24,88.82,89.39,92.53,89.2
"4345",328,1992,87.59,88.67,90.4,88.2,89.98,89.54
"4346",329,1992,90.76,89.71,89.15,91.93,87.58,88.64
"4347",330,1992,92.5,92.38,92.32,93.74,91.99,92.78
"4348",331,1992,92.02,91.47,91.1,92.7,89.13,93.31
"4349",332,1992,92.86,92.24,92.77,91.43,92.75,93.92
"4350",333,1992,90.01,91.47,91.07,90.16,91.41,92.66
"4351",334,1992,91.31,90.44,90.35,91.79,88.74,90.24
"4352",335,1992,88.56,90.21,88.94,89.57,89.96,91.51
"4353",336,1992,92.58,92.64,93.09,92.26,91.9,92.33
"4354",337,1992,89.99,91.82,91.24,91.42,93.58,90.7
"4355",338,1992,92.95,93.69,93.39,93.79,93.86,94.4
"4356",339,1992,96.09,96.26,95.95,95.49,96.01,95.51
"4357",340,1992,92.48,93.59,92.06,93.8,93.59,94.75
"4358",341,1992,89.62,92.06,89.82,91.17,90.84,93.56
"4359",342,1992,89.74,91.16,89.81,91.75,90.35,90.88
"4360",343,1992,89.78,91.7,91.98,90.81,93.44,93.82
"4361",344,1992,90.88,91.65,91.98,90.6,91.92,93.64
"4362",345,1992,86.91,89.02,87.64,87.42,87.77,90.45
"4363",346,1992,88.65,91.5,89.76,88.19,91.75,93.92
"4364",347,1992,88.74,91.82,91.3,89.3,93.31,93.74
"4365",348,1992,88.45,90.58,90.57,89.53,90.45,91.96
"4366",349,1992,91.87,92.28,92.39,92.32,92.24,92.43
"4367",350,1992,90.49,90.4,91.36,90,92.71,91.22
"4368",351,1992,88.01,89.69,87.89,89.89,87.58,89.4
"4369",352,1992,88.96,87.42,87.23,89.36,87.72,87.16
"4370",353,1992,89.99,91.08,89.77,90.59,90.56,91.59
"4371",354,1992,85.3,90.32,89.63,85.59,93.46,92.92
"4372",355,1992,81.07,85.82,83.97,82.76,93.72,90.23
"4373",356,1992,87.8,90.19,89.28,88.72,92.05,92.7
"4374",357,1992,92.59,93.05,92.8,93.09,93.55,94.27
"4375",358,1992,87.27,88.66,88.08,89.27,88.87,89.45
"4376",359,1992,93.98,94.58,94.92,94.58,96.37,95.11
"4377",360,1992,95,95.45,95.74,94.57,95.59,94.8
"4378",361,1992,93.15,94.38,93.66,93.37,94.6,94.78
"4379",362,1992,91.35,90.35,91.7,91.61,91.09,90.47
"4380",363,1992,87.23,86.81,86.99,88.79,88.55,87.1
"4381",364,1992,84.4,85.99,85.43,82.86,86.05,86.35
"4382",365,1992,81.64,84.92,84.25,82.62,86.1,85.11
"4383",366,1992,83.84,87.12,85.88,85.74,87.26,87.25
"4384",1,1993,93.85,94.65,93.86,95.11,93.8,96.31
"4385",2,1993,93.57,94.12,94.65,94.5,96.29,94.17
"4386",3,1993,94.07,93.66,94.51,93.11,94.66,93.29
"4387",4,1993,93.18,92.91,92.37,93.87,93.13,93.17
"4388",5,1993,91.47,90.72,89.63,91.94,89.72,91.36
"4389",6,1993,90.07,90.26,89.75,89.82,91.89,89.29
"4390",7,1993,81.5,83.3,85.01,81.41,89.95,86.72
"4391",8,1993,75.36,77.73,77.5,76.13,83.94,81.05
"4392",9,1993,74.69,76.76,75.83,76.21,80.03,77.4
"4393",10,1993,78.46,80.66,79.97,79.67,84.41,82.03
"4394",11,1993,82.11,83.64,83.82,82.69,86.85,82.06
"4395",12,1993,82.72,86.64,87.14,83.03,92.07,86.41
"4396",13,1993,77.57,82.51,80.86,79.09,88.72,85.12
"4397",14,1993,81.6,84.96,84.17,80.68,90.42,86.93
"4398",15,1993,88.25,89.19,89.54,88.47,91.32,91
"4399",16,1993,89.27,90.37,89.85,91.16,89.91,90.68
"4400",17,1993,90.16,87.93,90.55,87.9,92.93,88.85
"4401",18,1993,92.24,91.08,91.02,92.28,89.82,90.29
"4402",19,1993,88.02,89.61,89.84,87.89,91.07,89.44
"4403",20,1993,86.68,89.38,88.06,86.52,90.5,90.28
"4404",21,1993,87.27,89.83,88.81,88.93,90.87,91.53
"4405",22,1993,90.56,91.08,90.58,92.37,90.9,90.1
"4406",23,1993,89.33,90.21,89.24,89.83,92.72,89.36
"4407",24,1993,86.38,89.22,89.94,83.65,91.73,88.83
"4408",25,1993,88,90.51,89.33,86.18,90.85,91.7
"4409",26,1993,90.67,91.48,91.3,89.78,92.76,91.33
"4410",27,1993,93.8,92.1,92.95,92.94,92.31,93.44
"4411",28,1993,91.29,92.67,91.41,91.83,90.69,92.83
"4412",29,1993,91.29,90.37,89.86,91.16,92.35,89.86
"4413",30,1993,89.01,90.12,90.17,89.22,90.26,90.35
"4414",31,1993,92.08,92.43,91.9,91.57,93.6,92.77
"4415",32,1993,94.87,92.8,93.29,95.25,95.43,92.56
"4416",33,1993,95.38,93.47,94.19,95.76,94.18,94.62
"4417",34,1993,94.41,93.88,93.9,93.91,94.43,93.55
"4418",35,1993,92.37,91.77,92.58,91.96,91.11,90.56
"4419",36,1993,89.24,88.02,88.18,88.38,87.24,86.1
"4420",37,1993,88.09,88,88.74,88.41,89.95,87.53
"4421",38,1993,86.18,86.47,85.88,88.23,90.38,87.51
"4422",39,1993,88.64,90.22,89.72,90.67,92.6,92.69
"4423",40,1993,91.28,92.3,93.68,91.12,92.38,93.58
"4424",41,1993,92.09,92.53,94.05,90.01,95.88,95.16
"4425",42,1993,89.7,89.19,91.18,87.67,93.91,91.42
"4426",43,1993,83.09,85.16,85.66,83.02,88.81,88.21
"4427",44,1993,83.31,84.11,84.18,84.08,86.53,85.57
"4428",45,1993,85.23,84.43,84.16,86.53,85.6,85.14
"4429",46,1993,89.4,89.42,90.15,89.69,92.29,89.6
"4430",47,1993,86.22,89.35,90.61,86.83,95.41,93.92
"4431",48,1993,83.95,85.24,88.24,83.43,90.59,88.32
"4432",49,1993,78.24,78.99,80.6,76.73,82.3,81.33
"4433",50,1993,72.86,78.47,78.58,71.94,82.86,83.98
"4434",51,1993,78.88,83.21,82.71,77.59,88.46,85.38
"4435",52,1993,89.71,91.09,91.91,88.22,92.97,94.14
"4436",53,1993,94.44,94.26,95.29,93.75,94.49,93.65
"4437",54,1993,92.03,92.39,91.62,91.64,91.54,91.18
"4438",55,1993,87.09,87.47,86.57,88.02,86.94,88
"4439",56,1993,90.8,89.4,89.72,90.39,86.96,88.13
"4440",57,1993,91.88,92.08,93.23,90.76,89.96,91.4
"4441",58,1993,92.75,91.39,92.63,92.22,92.64,89.3
"4442",59,1993,92.63,92.01,92.09,92.38,91.52,92.24
"4443",60,1993,93.56,92.86,93.5,92.16,94,93.09
"4444",61,1993,92.66,92.24,92.24,91.89,93.74,93.21
"4445",62,1993,90.64,90.9,91.5,90.59,93.28,91.24
"4446",63,1993,92,91.98,90.77,93.02,91.13,92.13
"4447",64,1993,91.88,90.72,91.12,90.36,92.63,91.58
"4448",65,1993,92.95,94.06,93.24,93.3,95.61,94.26
"4449",66,1993,92.44,93.45,92.9,93.36,90.11,92.66
"4450",67,1993,93.68,94.04,94.92,93.11,95.77,94.92
"4451",68,1993,97.46,97.92,96.9,97.83,97.17,97.8
"4452",69,1993,93.39,94.87,95.26,94.59,96.55,96.38
"4453",70,1993,89.6,95.38,92.06,95.46,91.51,95.27
"4454",71,1993,95.56,96.29,96.36,95.61,95.91,96.18
"4455",72,1993,95.88,95.46,96.81,93.96,95.7,95.51
"4456",73,1993,94.62,94.27,93.57,93.91,94.74,94.55
"4457",74,1993,92.22,92.46,92.61,92.49,93.11,93.93
"4458",75,1993,90.24,90.17,89.03,90.84,88.43,89.46
"4459",76,1993,91.28,92.33,94.04,90.96,96.03,93.48
"4460",77,1993,87.56,89.31,90.14,87.28,94.57,93.32
"4461",78,1993,86.22,85.93,88.57,84.25,92.04,88.46
"4462",79,1993,90.89,90.71,91.08,91.47,91.61,91.04
"4463",80,1993,90.55,90.33,88.49,91.85,87.08,90.46
"4464",81,1993,95.6,92.26,94.06,94.21,93.99,93.25
"4465",82,1993,92.79,91.89,93.21,93.73,92.39,93.12
"4466",83,1993,98.07,98.57,97.85,97.1,97.87,97.85
"4467",84,1993,98.26,98.18,97.73,98.63,99.31,99.37
"4468",85,1993,98.29,98.49,96.94,98.69,97.49,98.42
"4469",86,1993,95.71,94.9,94.77,95.4,95.79,93.54
"4470",87,1993,87.87,88.06,85.44,88.73,84.28,87.56
"4471",88,1993,86.3,85.42,85.55,85.1,87.89,85.65
"4472",89,1993,87.54,89.31,85.86,87.96,84.41,87.98
"4473",90,1993,90.83,90.32,89.43,88.18,89.75,90.81
"4474",91,1993,92.2,91.99,93.45,90.6,91.63,92.5
"4475",92,1993,92.19,93.56,92.64,91.52,94.05,95.66
"4476",93,1993,91.97,91.61,91.84,92.31,91.23,92
"4477",94,1993,87.75,88.45,89.53,88.16,91.47,88.83
"4478",95,1993,94.41,94.17,94.93,92.62,92.97,94.05
"4479",96,1993,92.67,92.44,92.66,91.54,95.03,93.15
"4480",97,1993,94.91,93.02,92.96,95.03,93.46,92.77
"4481",98,1993,94.3,95.18,94.02,93.93,94.22,92.96
"4482",99,1993,93,94.94,94.55,94.93,93.79,96.43
"4483",100,1993,96.46,95.67,94.97,95.03,91.52,94.97
"4484",101,1993,95.46,96.35,95.4,95.04,96.15,96.46
"4485",102,1993,93.89,93.38,94.56,93.45,96.29,92.15
"4486",103,1993,93.64,95.37,94.28,93.47,93.95,95
"4487",104,1993,92.76,93,92.34,91.95,91.41,92.36
"4488",105,1993,91.71,91.85,91.22,93.59,95.53,91.21
"4489",106,1993,92.78,92.99,91.84,92.97,94.57,93.26
"4490",107,1993,95.1,95.52,95.73,95.97,98.54,96.47
"4491",108,1993,92.41,92.71,91.95,91.56,92.63,93.33
"4492",109,1993,88.47,87.69,87.95,87.58,86.94,87.49
"4493",110,1993,95.03,94.52,94.66,93.58,92.43,93.48
"4494",111,1993,92.81,95.78,94.92,94.17,96.23,97.28
"4495",112,1993,94.6,94.22,95.35,93.48,93.63,95.85
"4496",113,1993,94.59,91.99,93.41,93.14,92.04,91.39
"4497",114,1993,97.19,97.22,96.19,96.89,94.59,97.78
"4498",115,1993,92.5,91.55,91.56,91.65,92.35,92
"4499",116,1993,93.94,91.45,92.76,91.2,90.85,91.48
"4500",117,1993,92.94,93.2,93.4,91.72,95.86,93.73
"4501",118,1993,96.49,97.13,94.89,96.34,92.3,96.2
"4502",119,1993,97.55,96.86,97.52,96.05,97.88,97.27
"4503",120,1993,88.94,88.42,90.11,89.15,91.29,89.89
"4504",121,1993,88.19,82.86,87.21,85.13,81.3,82.06
"4505",122,1993,95.8,96.55,96.63,96.07,96.71,97.74
"4506",123,1993,87.48,84.66,86.05,90.22,88.48,83.09
"4507",124,1993,82.16,82.88,81.12,83.82,82.28,83.66
"4508",125,1993,81.38,86.02,82.29,85.43,86.32,86.41
"4509",126,1993,95.23,94.63,94.25,96.12,94.87,94.81
"4510",127,1993,91.08,90.81,89.86,91.45,89.45,90.1
"4511",128,1993,90.62,91.69,91.52,90.68,91.06,89.84
"4512",129,1993,95.24,94.74,94.2,94.43,91.59,93.69
"4513",130,1993,89.7,90.47,89.45,91.6,88.84,91.37
"4514",131,1993,88.67,87.78,86.5,90,83.87,87.2
"4515",132,1993,89.2,85.09,86,87.79,84.81,84.13
"4516",133,1993,89.83,89.97,89.84,92.49,87.91,89.76
"4517",134,1993,88.47,90.23,87.44,93.3,87.71,90.34
"4518",135,1993,90.34,89.19,87.36,92.58,87.63,87.83
"4519",136,1993,96.24,96.49,97.86,96.62,95.65,96.61
"4520",137,1993,97.66,98.28,98.37,97.93,97.57,97.96
"4521",138,1993,95.78,95.5,94.5,96.07,92.14,94.86
"4522",139,1993,96.52,96.3,96.06,97.36,95.85,97.6
"4523",140,1993,94.47,92.48,93.62,93.67,92.69,92.72
"4524",141,1993,91.14,94.58,90.35,94.89,90.2,97.07
"4525",142,1993,90.6,90.71,90.25,90.48,88.91,90.45
"4526",143,1993,89.76,89.49,88.84,88.48,88.1,89.03
"4527",144,1993,90.42,90.55,89.08,91.6,89.86,90.69
"4528",145,1993,93.54,92.23,91.88,93.2,87.63,90.73
"4529",146,1993,92.59,91.53,92.3,93.59,94.47,93.26
"4530",147,1993,85.31,88.74,86.73,87.64,93.6,89.92
"4531",148,1993,94.14,93.95,94.85,93.61,94.38,92.64
"4532",149,1993,96.41,93.58,94.36,95.09,93.49,94.24
"4533",150,1993,89.73,88.61,89.57,89.21,88.99,88.02
"4534",151,1993,88.4,85.91,87.22,85.81,86.78,85.38
"4535",152,1993,89.22,85.48,86.89,86.32,84.07,86.06
"4536",153,1993,89.65,86.54,88.08,87.43,87.29,86.43
"4537",154,1993,88.88,88.57,88.6,88.31,88.3,87.23
"4538",155,1993,88.44,87.94,86.88,89.77,86.74,88.94
"4539",156,1993,96.92,96.8,96.95,95.93,93.49,95.4
"4540",157,1993,95.57,93.05,94.14,95.81,91.63,91.81
"4541",158,1993,90.05,89.56,89.22,89.08,93.19,92.42
"4542",159,1993,91.63,92.16,93.36,92.69,91.51,91.39
"4543",160,1993,92.27,92.1,92.5,92.15,91.98,92.36
"4544",161,1993,96.85,96.16,96.13,95.99,94.55,95.47
"4545",162,1993,96.59,96.75,96.51,95.89,95.12,96.99
"4546",163,1993,96.11,95.61,95.47,95.19,96.79,96.17
"4547",164,1993,96.96,95.03,97.77,94.46,97.44,94.94
"4548",165,1993,89.73,89.54,90.98,87.69,92.64,90.38
"4549",166,1993,88.67,89.43,89.16,87.8,89.15,90.77
"4550",167,1993,92.19,89.91,90.77,90.74,90.71,89.5
"4551",168,1993,92.26,91.02,91.97,91.2,91.33,90.41
"4552",169,1993,91.16,89.54,89.82,89.83,90.41,88.91
"4553",170,1993,95.59,94.82,94.68,96.04,93.26,94.6
"4554",171,1993,94.52,93.44,94.39,92.71,94.1,94.54
"4555",172,1993,91.13,93.52,93.42,92.16,96.64,94.98
"4556",173,1993,90.26,91.67,90.34,93.07,93.21,93.69
"4557",174,1993,90.02,90.44,90.36,89.57,91.64,90.43
"4558",175,1993,93.47,94.3,93.97,92.41,95.75,94.72
"4559",176,1993,97.1,96.28,95.94,95.67,95.86,96.12
"4560",177,1993,93.61,94.18,93.46,94.42,94.46,93.96
"4561",178,1993,90.09,90.22,90.28,91.66,91.07,90.38
"4562",179,1993,94.18,95.28,94.51,94.75,94.21,97.37
"4563",180,1993,95.35,94.58,94.51,95.57,93.13,93.51
"4564",181,1993,91.2,92.76,91.14,92.85,91.08,94.67
"4565",182,1993,89.1,88.54,88.99,88.26,88.3,87.96
"4566",183,1993,86.66,90.34,89.37,86.78,91.21,92
"4567",184,1993,89.36,88.05,88.29,89.17,87.27,87.25
"4568",185,1993,91.77,90.21,92.01,89.09,91.88,89
"4569",186,1993,92.39,91.25,90.92,91.52,91.45,91.16
"4570",187,1993,87.73,86.69,86.64,89.64,86.85,87.08
"4571",188,1993,90.89,89.9,89.05,88.93,89.11,88.57
"4572",189,1993,95.05,94.05,92.77,95.27,93.6,94.09
"4573",190,1993,92.27,91.82,90.92,92.47,89.11,92.35
"4574",191,1993,94.93,95.64,95.59,95.34,93.46,96.51
"4575",192,1993,95.1,94.82,94.99,94.92,92.98,94.02
"4576",193,1993,92.26,91.75,92.66,92.39,92.64,90.85
"4577",194,1993,94.11,92.88,92.71,93.08,92.3,92.87
"4578",195,1993,95.47,95.28,96.12,95.93,95.97,94.74
"4579",196,1993,95.2,90.16,90.3,95.1,84.82,88.98
"4580",197,1993,80.88,75.9,77.01,79.32,75.58,75.49
"4581",198,1993,86.75,86.21,84.01,87.15,84.13,84.01
"4582",199,1993,90.63,91.89,95.53,86.51,93.26,93.7
"4583",200,1993,91.06,90.46,91.53,89.22,92.07,91.16
"4584",201,1993,93.81,92.77,92.12,93.07,92.52,93.5
"4585",202,1993,92.34,88.91,89.92,91.44,88.76,87.55
"4586",203,1993,89.89,90.62,90.13,92.04,90.6,91.71
"4587",204,1993,91.85,92.51,91.43,93.64,89.41,92.23
"4588",205,1993,92.17,92.02,92.04,92.53,92.67,92.4
"4589",206,1993,93.23,92.28,92.06,93.02,92.66,92.52
"4590",207,1993,86.21,86.61,86.29,85.64,86.64,86.69
"4591",208,1993,85.28,85.67,86.82,84.6,87.25,86.31
"4592",209,1993,89.56,89.11,90.22,87.86,89.76,89.28
"4593",210,1993,95.22,93.72,92.92,96.17,92,92.21
"4594",211,1993,92.37,92.55,92.46,92.56,93.31,94.13
"4595",212,1993,94.89,93.39,95.79,94.78,95.8,95.06
"4596",213,1993,90.8,90.21,89.09,92.12,85.59,90.44
"4597",214,1993,77.47,78.67,76.97,81.36,78.02,79.57
"4598",215,1993,80.3,80.74,79.25,85.4,80.62,83.84
"4599",216,1993,87.14,88.63,88.05,88.35,91.17,89.74
"4600",217,1993,90.94,92.58,92.1,91.29,93.86,92.37
"4601",218,1993,90.83,91.96,91.52,90.19,91.92,91.82
"4602",219,1993,87.09,88.68,88.63,87.07,89.64,89.61
"4603",220,1993,90.06,90.29,89.55,89.49,89.38,90.11
"4604",221,1993,96.41,93.95,94.05,95.27,94.41,92.5
"4605",222,1993,91,90.15,89.28,91.99,91.67,90.51
"4606",223,1993,90.46,91.35,91.14,90.58,92.28,92.52
"4607",224,1993,95.63,94.25,94.55,94.77,94.75,94.3
"4608",225,1993,93.02,92.09,91.4,93.7,89.1,92.94
"4609",226,1993,92.2,92.02,92.28,91.48,92.88,93.37
"4610",227,1993,88.89,89.71,89.56,89.04,90.2,90.13
"4611",228,1993,91.7,91.17,91.46,92.46,89.72,91.5
"4612",229,1993,92.71,91.52,91.48,91.85,92.26,92.28
"4613",230,1993,91.82,91.84,92.91,90.51,94.03,92.75
"4614",231,1993,93.4,92.03,93.02,93.14,92.58,92.9
"4615",232,1993,92.4,92,91.26,91.74,91.77,92.28
"4616",233,1993,90.56,92.31,91.47,90.77,92.79,93.64
"4617",234,1993,92.54,89.8,90.56,90.82,89.93,90.2
"4618",235,1993,91.47,92.32,92.75,91.86,94.99,93.55
"4619",236,1993,91.77,92.31,91.8,93.88,91.93,93.32
"4620",237,1993,91.89,92.52,92.88,90.71,93.95,92.04
"4621",238,1993,90.81,90.54,90.17,90.58,90,90.08
"4622",239,1993,91.62,90.87,91.06,90.6,90.7,90.85
"4623",240,1993,92.49,93.01,91.89,92.01,90.49,94.16
"4624",241,1993,87.19,86.87,87.34,86.85,87.53,86.42
"4625",242,1993,87.4,87.58,88.9,84.45,89.56,87.57
"4626",243,1993,89.11,90.01,89.35,88.41,90.58,91.57
"4627",244,1993,91.17,90.64,90.48,90.53,88.56,91
"4628",245,1993,94.29,92.8,94.1,93.06,92.98,92.28
"4629",246,1993,95.87,94.44,95.6,95.62,95.07,93.56
"4630",247,1993,92.58,91.7,92.9,91.81,93.14,91.76
"4631",248,1993,95.79,95.61,96.01,95.06,96.64,94.87
"4632",249,1993,92.61,93.23,92.88,91.47,91.58,94.31
"4633",250,1993,86.89,86.72,86.97,87.26,86.9,85.83
"4634",251,1993,90.59,92.09,90.91,93.01,93.13,93.11
"4635",252,1993,88.77,88.02,89.24,89.25,89.8,89.03
"4636",253,1993,93.8,94.04,93.83,94.95,92.65,95.65
"4637",254,1993,90.44,89.88,89.88,90.42,90.67,89.61
"4638",255,1993,90.92,91.6,91.42,91.98,90.94,91.67
"4639",256,1993,93.19,92.69,93.09,92.5,92.7,93.41
"4640",257,1993,92.95,92.59,93.18,91.85,92.28,92.63
"4641",258,1993,94.87,93.9,95.99,94.05,96.01,94.68
"4642",259,1993,94.63,94.62,94.63,94.53,94,93.92
"4643",260,1993,92.58,92.88,93.33,92.3,94.07,93.69
"4644",261,1993,91.38,88.93,89.88,90.59,88.48,88.64
"4645",262,1993,87.15,86.63,88.11,86.09,88.34,87.43
"4646",263,1993,90.17,88.52,87.63,90.16,87.49,87.97
"4647",264,1993,90.22,87.39,89.1,88.15,87.81,86.39
"4648",265,1993,90.91,88.64,90,90.45,87.43,87.88
"4649",266,1993,87.44,87.94,87.69,86.95,86.82,87.72
"4650",267,1993,85.05,85.06,85.6,85.91,87.33,84.6
"4651",268,1993,88.15,89.09,89.54,87.85,93.03,90.77
"4652",269,1993,90.96,91.36,90.73,90.93,89.93,91.29
"4653",270,1993,89.78,90.01,89.78,90.33,89.63,90.42
"4654",271,1993,89.92,89.23,88.72,89.02,88.08,88.59
"4655",272,1993,88.47,89.4,90.44,88.22,88.63,89.69
"4656",273,1993,89,87.5,87.06,89.84,87.91,86.96
"4657",274,1993,90.14,88.26,88.79,89.24,89.13,86.97
"4658",275,1993,95.59,94.47,94.37,95.34,91.87,93.03
"4659",276,1993,89.96,88.16,88.86,89.4,89.13,88.12
"4660",277,1993,86.82,85.77,85.92,86.85,85.66,84.18
"4661",278,1993,86.5,86.3,86.06,86.57,88.46,87.03
"4662",279,1993,93.55,93.02,93.19,94.01,92.42,92.34
"4663",280,1993,94.83,94.67,93.62,95.31,93.39,94.51
"4664",281,1993,89.89,90.9,89.81,91.76,90.32,91.36
"4665",282,1993,91.72,91.31,91.01,91.06,90.79,91.86
"4666",283,1993,93.47,94.2,92.99,92.35,92.74,93.52
"4667",284,1993,93.06,90.78,93.08,90.79,92.11,89.64
"4668",285,1993,92.41,90.44,91.32,90.72,90.44,89.45
"4669",286,1993,92.29,91.35,91.73,91.37,91.09,90.34
"4670",287,1993,92.1,92.19,92,91.52,91.64,92.3
"4671",288,1993,95.67,95.14,93.99,96.28,91.02,94.11
"4672",289,1993,88.75,89.18,88.03,88.79,90.65,89.29
"4673",290,1993,85.62,87.03,88.55,84.79,85.72,86.66
"4674",291,1993,92.33,92.81,93.36,91.7,88.32,93.24
"4675",292,1993,89.02,88.62,88.64,89.82,88.9,88.89
"4676",293,1993,93.64,93.39,93.69,93.78,91.06,93.39
"4677",294,1993,92.07,92.56,92.13,92.03,91.26,91.36
"4678",295,1993,91.67,90.62,90.63,91.49,88.97,90.59
"4679",296,1993,90.19,90.49,90.86,90.48,90.15,89.51
"4680",297,1993,91.13,90.88,90.11,91.17,87.31,91.62
"4681",298,1993,93.23,94.03,92.69,93.57,92.51,93.83
"4682",299,1993,91.67,91.44,90.6,92.37,89.24,90.47
"4683",300,1993,94.33,95.27,93.37,95.16,91.97,94.23
"4684",301,1993,93.67,91.96,92.89,94.08,91.46,91.66
"4685",302,1993,91.14,90.62,91.38,90.88,92.72,90.87
"4686",303,1993,93.08,93.47,93.13,92.85,91.22,92.69
"4687",304,1993,93.45,93.12,90.26,93.77,88.78,93.51
"4688",305,1993,89.43,91.29,87.18,89.92,88.63,90
"4689",306,1993,96.18,95.06,94.87,95.02,93.35,94.15
"4690",307,1993,94.86,94.47,96.12,94.01,95.55,94.75
"4691",308,1993,94.9,97.11,96.59,96.74,97.34,97.86
"4692",309,1993,86.38,87.93,88.64,86.95,94.59,87.69
"4693",310,1993,82.23,82.25,82.18,82.6,82.97,81.48
"4694",311,1993,88.29,88.97,89.1,89,89.85,88.69
"4695",312,1993,95.18,95,94.76,95.61,93.4,95.57
"4696",313,1993,95.81,95.45,95.06,95.37,93.16,94.57
"4697",314,1993,93.3,92.94,92.85,94.01,92.14,92.9
"4698",315,1993,94.15,92.84,94.18,94.06,92.58,92.74
"4699",316,1993,92.57,92.33,91.84,93.28,93.29,90.83
"4700",317,1993,93.56,93.46,93.85,91.94,94.89,92.88
"4701",318,1993,95.26,94.93,94.72,94.77,92.64,94.35
"4702",319,1993,90.94,91.29,90.43,92.52,91.57,91.23
"4703",320,1993,90.35,92.94,91.97,91.54,92.02,93.87
"4704",321,1993,92.89,92.69,93.04,91.35,88.31,90.79
"4705",322,1993,94.49,93.99,92.78,95.16,88.64,93.14
"4706",323,1993,90.34,93.55,89.26,94.2,85.35,92.95
"4707",324,1993,90.25,90.66,89.56,90.9,86.36,89.87
"4708",325,1993,88.57,85.7,85.82,89.36,85.54,85.58
"4709",326,1993,88.84,88.8,88.21,87.95,86.54,88.65
"4710",327,1993,88.38,87.65,88.9,88.57,89.97,87.27
"4711",328,1993,87.03,88.82,89.89,87.71,90.88,88.98
"4712",329,1993,91.38,92.95,91.87,92.36,90.63,90.92
"4713",330,1993,89.76,91.7,91.57,91.88,89.69,90.14
"4714",331,1993,93.75,92.04,91.71,94.93,87.54,90.36
"4715",332,1993,94.39,93.23,93.4,94.32,92.6,91.52
"4716",333,1993,94.55,94.99,95.92,95.26,96.46,95.57
"4717",334,1993,88.48,88.44,87.9,87.84,87.77,90.34
"4718",335,1993,83.41,85.2,85.63,82.36,83.71,86.79
"4719",336,1993,89.72,91.42,90.93,90.58,91.09,92.36
"4720",337,1993,90.43,89.96,90.52,90.76,91.05,90.97
"4721",338,1993,91.65,89.45,90.74,90,88.43,88.33
"4722",339,1993,91.26,90.66,91.2,91.88,90.39,89.6
"4723",340,1993,89.15,91.04,91.83,89.71,94.08,91.37
"4724",341,1993,94.42,95,94.5,93.3,93.91,95.68
"4725",342,1993,95.7,95.99,95.55,95.6,92.37,95.88
"4726",343,1993,96.07,95.93,95.1,95.95,93.33,95.98
"4727",344,1993,96.18,95.53,94.32,94.83,89.98,94.79
"4728",345,1993,94.57,94.31,94.29,93.81,93.06,94.24
"4729",346,1993,93.16,94.49,93.34,94.39,91.37,94.16
"4730",347,1993,91.01,89.85,89.59,90.78,89.96,89.07
"4731",348,1993,86.65,87.69,87.94,87.1,90.5,87.81
"4732",349,1993,88.43,90.92,90.28,87.05,89.55,92.4
"4733",350,1993,85.07,87.83,87.11,84.73,87.87,87.85
"4734",351,1993,88.37,90.83,90.32,87.21,92.59,93.55
"4735",352,1993,90.58,91.75,91.31,91.55,90.87,93.89
"4736",353,1993,88.2,90.84,89.15,89.99,91.01,90.8
"4737",354,1993,88.07,87.83,88.03,87.66,90.94,86.75
"4738",355,1993,84.61,86.72,89.71,81.22,94.06,89.13
"4739",356,1993,83.74,85.59,87.82,80.25,93.32,88.82
"4740",357,1993,85.93,88.17,88.92,86.14,92.02,89.58
"4741",358,1993,82.21,86.05,87.3,80.58,90.92,89.78
"4742",359,1993,73.58,77.97,80.5,72.93,90.41,81.13
"4743",360,1993,69.23,72.25,74.82,68.66,93.5,76.92
"4744",361,1993,66.8,69.85,70.49,67.35,81.93,72.23
"4745",362,1993,70.58,72.98,72.21,71.22,79.31,74.17
"4746",363,1993,68.92,71.73,72.59,68.15,86.26,74.19
"4747",364,1993,65.09,67.55,68.11,64.83,81.35,70.91
"4748",365,1993,64.39,68.28,67.97,63.79,80.69,72.85
"4749",1,1994,64.54,72.78,75.25,63.74,88.4,79.93
"4750",2,1994,71.09,77.57,81.24,68.44,92.2,85.46
"4751",3,1994,77.46,84.99,85.75,74.6,93.04,91.2
"4752",4,1994,79.67,85.24,83.11,79.15,87.92,88.46
"4753",5,1994,79.59,82.98,82.58,77.23,86.64,85.5
"4754",6,1994,79.6,82.8,81.48,77.73,88.92,84.43
"4755",7,1994,76.05,79.86,82.59,70.86,88.62,82.84
"4756",8,1994,68.52,76.15,78.93,63.72,85.51,81.92
"4757",9,1994,76,83.68,81.59,74.72,85.71,85.91
"4758",10,1994,84.79,89,89.89,83.04,93.86,92.59
"4759",11,1994,91.97,92.47,93.88,90.49,94.03,94.39
"4760",12,1994,92.36,93.26,93.14,92.76,94.21,92.11
"4761",13,1994,91.73,90.51,91.1,92.52,92.47,91.1
"4762",14,1994,95.15,92.98,93.99,92.22,92.11,92.64
"4763",15,1994,91.04,92.52,91.95,89.49,92.4,93.29
"4764",16,1994,86.54,90.66,89.33,86.78,88.29,91.15
"4765",17,1994,81.11,86.69,85.1,80.88,86.5,89.18
"4766",18,1994,74.25,79.08,78.61,73.91,83.41,81.57
"4767",19,1994,68.84,72.34,73.16,67.51,82.94,74.87
"4768",20,1994,68.8,72.25,75.6,66.18,87.63,75.25
"4769",21,1994,76.79,82.84,87.54,70.5,92.34,87.81
"4770",22,1994,74.16,81.82,84.37,70.59,91.21,87.69
"4771",23,1994,72.54,81.79,82.51,68.35,87.98,86.56
"4772",24,1994,77.34,87.5,86.28,73.1,89.1,87.57
"4773",25,1994,79.6,88.51,87.86,77.43,91.43,91.24
"4774",26,1994,87.29,91.6,90.9,85.68,90.09,92.64
"4775",27,1994,89.04,91.1,89.85,88.2,92.47,92.44
"4776",28,1994,94.11,95.14,95.1,93.43,95.35,95.15
"4777",29,1994,86.13,90.07,91.22,84.71,93.7,92.54
"4778",30,1994,77.24,82.58,84.03,74.37,91.86,89.05
"4779",31,1994,76.3,82.49,83.53,74.42,88.43,84.85
"4780",32,1994,80.74,83.61,83.7,77.96,84.83,85.15
"4781",33,1994,83.12,87.02,87.22,80.18,89.72,87.03
"4782",34,1994,90.61,92.68,94.51,85.38,94.78,95.29
"4783",35,1994,95.56,96.64,96.37,95.58,96.41,96.4
"4784",36,1994,95.38,96.52,96.15,95.48,96.04,95.82
"4785",37,1994,90.85,89.24,90.03,87.54,90.22,88.74
"4786",38,1994,87.4,87.33,88.54,84.46,89.13,86.53
"4787",39,1994,92.33,92.93,94.64,90.63,94.66,93.84
"4788",40,1994,86.85,90.29,89.83,88.66,88.95,93.62
"4789",41,1994,86.27,88.96,88.7,86.95,87.62,88.09
"4790",42,1994,90.99,90.87,90.51,92.49,91.78,90.09
"4791",43,1994,85.87,90.62,91.2,86.16,95.88,93.06
"4792",44,1994,86.09,90.65,90.91,81.82,93.73,93.29
"4793",45,1994,86.7,86.79,86.69,84.34,89,88.58
"4794",46,1994,88.53,87.82,87.15,89.36,87.29,87.91
"4795",47,1994,90.58,89.32,88.38,89.86,89.42,89.67
"4796",48,1994,91.04,89.12,88.98,90.57,88.98,89.55
"4797",49,1994,91.81,91.44,92.04,91.22,93.75,90.58
"4798",50,1994,96.3,96.27,95.93,94.55,95.61,95.94
"4799",51,1994,96.09,96.5,96.88,96.78,96.98,95.29
"4800",52,1994,95.25,95.81,95.15,95.71,93.57,94.22
"4801",53,1994,93.52,93.26,92.74,93.43,90.64,92.36
"4802",54,1994,88.58,88,87.7,87.62,88.55,88.77
"4803",55,1994,93.25,92.56,94.23,93.15,95.55,92.78
"4804",56,1994,93.96,93.9,93.02,95.03,92.6,94.88
"4805",57,1994,95.34,96.17,95.53,95.96,96,96.76
"4806",58,1994,93.94,92.69,93.15,93.94,93.08,92.93
"4807",59,1994,89.58,89.65,91.34,87.8,92.34,90.75
"4808",60,1994,90.6,90.89,90.74,90.92,91.71,90.48
"4809",61,1994,90.96,93.04,91.5,92.26,92.88,91.55
"4810",62,1994,92.86,92.66,93.72,91.22,94.63,92.9
"4811",63,1994,89.3,91.18,91.82,88.91,94.45,92.57
"4812",64,1994,89.36,89.87,92.77,88.52,93.04,90.39
"4813",65,1994,87.66,87.4,88.33,87.09,90.46,87.92
"4814",66,1994,87.19,87.76,88.56,84.46,90.03,89.15
"4815",67,1994,86.96,86.86,87.92,85.77,91.05,88.52
"4816",68,1994,85.03,88.29,88.85,84.51,87.38,92.92
"4817",69,1994,89.18,88.04,89.46,86.05,91.39,91.01
"4818",70,1994,92.16,90.46,92.43,90.18,91.82,90.89
"4819",71,1994,94.11,93.9,93.26,93.5,92.59,93.87
"4820",72,1994,93.32,93.55,92.8,92.87,89.79,95.36
"4821",73,1994,91.43,90.64,88.82,91.17,90.84,91.7
"4822",74,1994,86.06,86.72,86.63,87.28,89,86.19
"4823",75,1994,90.63,89.06,90.62,88.8,89.89,89.16
"4824",76,1994,94.29,94.68,95.21,93.64,93.16,94.11
"4825",77,1994,92.83,91.67,93.28,92.61,91.96,91.36
"4826",78,1994,89.31,88.56,90.49,88,90.95,90.54
"4827",79,1994,89.23,87.95,89.03,89.15,88.31,87.88
"4828",80,1994,90.97,89.03,90.52,89.87,88.78,89.24
"4829",81,1994,90.37,92.07,92.46,89.67,93.47,91.54
"4830",82,1994,94.91,95.02,94.29,94.74,94.09,93.4
"4831",83,1994,92.93,93.1,91.65,93.08,89.54,92.97
"4832",84,1994,87.75,88.27,88.13,86.85,88.26,88.58
"4833",85,1994,92.81,93.66,93.01,93.27,92.18,94.53
"4834",86,1994,97.12,97.25,97.31,97.07,96.61,96.79
"4835",87,1994,97.93,98.61,97.95,98.91,98.98,98.88
"4836",88,1994,92.59,91.64,92.46,92.35,94.73,95.37
"4837",89,1994,91.12,94.19,92.11,91.02,93.83,95.26
"4838",90,1994,90.68,90.32,91.28,92.27,93.17,91.24
"4839",91,1994,94.93,95.36,95.94,94.08,94.71,96.35
"4840",92,1994,97.06,96.25,96.91,96.13,95.67,94.97
"4841",93,1994,96.98,97.32,98.23,95.96,99.03,97.61
"4842",94,1994,92.6,92.34,93.01,94.55,95.4,93.95
"4843",95,1994,91.46,93.05,90.71,92.97,89.11,91.33
"4844",96,1994,91.68,93.31,92.03,92.29,88.96,95.1
"4845",97,1994,92.52,94.41,92.93,92.7,92.75,95.65
"4846",98,1994,95.8,95.33,95.58,95.58,96.03,95.83
"4847",99,1994,95.02,93.18,93.9,92.94,93.31,93.17
"4848",100,1994,93.22,91.75,92.57,90.57,90.59,91.93
"4849",101,1994,95.6,94.81,95,94.18,94.85,94.37
"4850",102,1994,96.65,96.81,97.81,95.69,98.33,95.61
"4851",103,1994,97.1,94.79,94.4,95.78,92.29,91.39
"4852",104,1994,91.42,91.5,91.66,89.9,91.48,93.59
"4853",105,1994,93.43,94.69,93.43,91.89,92.62,94.48
"4854",106,1994,93.33,93.45,92.73,91.18,93.78,95.01
"4855",107,1994,91.56,91.31,91.61,91.2,91.31,93.07
"4856",108,1994,89.65,91,90.35,89.89,88,92.83
"4857",109,1994,93.3,94.14,93.24,92.23,94.58,95.26
"4858",110,1994,91.17,91.11,91.56,92.27,91.96,91.24
"4859",111,1994,89.77,90.89,90.26,89.92,91.84,91.54
"4860",112,1994,93.89,91.94,91.36,93.91,91.16,89.16
"4861",113,1994,87.89,89.36,88.91,86.33,89.8,89.63
"4862",114,1994,93.8,93.7,93.37,93.66,92.51,94.11
"4863",115,1994,92.5,92.76,94.81,91.92,93.59,93.59
"4864",116,1994,93.4,92.3,92.26,94.1,91.48,92.22
"4865",117,1994,98.84,98.3,98.15,97.87,97,98.97
"4866",118,1994,86.59,88.22,87.25,90.74,93.25,91.07
"4867",119,1994,89.68,92.42,93.12,90.22,95.16,95.47
"4868",120,1994,94.09,92.87,94.05,92.13,91.36,96.16
"4869",121,1994,93.31,93.23,92.81,92.07,90.01,92.44
"4870",122,1994,88.95,88.53,91.07,87.44,90.62,87.45
"4871",123,1994,93.11,92.96,93.68,92.16,91.78,92.33
"4872",124,1994,93.91,92.8,91.55,94.21,91.71,90.72
"4873",125,1994,93.55,93.79,92.93,93.32,92.47,92.72
"4874",126,1994,96.21,96.4,96.21,97.69,96.96,96.6
"4875",127,1994,97.14,97.48,97.2,95.95,97.32,97.13
"4876",128,1994,97.53,96.19,98.13,96.6,98.44,95.73
"4877",129,1994,91.62,90.79,91.3,89.88,94.14,94.09
"4878",130,1994,94.15,95.46,94.16,95.46,96.7,96.26
"4879",131,1994,94.2,92.42,92.32,95.38,91.05,91.84
"4880",132,1994,94.3,93.81,93.88,93.44,94.54,92.8
"4881",133,1994,94.28,93.34,93.31,94.19,92.59,92.39
"4882",134,1994,97.89,97.13,97.51,97.99,97.53,96.53
"4883",135,1994,96.71,96.89,96.65,96.59,98.07,96.85
"4884",136,1994,93.34,92.08,92.79,93.56,93.1,93.13
"4885",137,1994,88.48,90.14,88.44,89.66,90.7,91.18
"4886",138,1994,93.47,92.02,92.24,93.84,88.99,88.8
"4887",139,1994,87.74,89.04,90.43,87.64,92.26,90.48
"4888",140,1994,92.44,87.98,89.8,90.22,87.68,87.09
"4889",141,1994,90.56,92.52,91.58,91.88,91.54,94.35
"4890",142,1994,93.6,91.57,90.66,94.1,89.47,91.38
"4891",143,1994,88.53,89.22,87.57,88.54,89.61,88.66
"4892",144,1994,88.55,87.32,87.42,89.05,87.01,88.69
"4893",145,1994,91.56,92.09,90.84,92.71,87.76,92.92
"4894",146,1994,94.63,94.52,93.44,95.04,90.69,94.85
"4895",147,1994,91.37,93.14,89.91,92.07,93.34,95.58
"4896",148,1994,86.27,88.38,86.51,85.51,89.38,87.68
"4897",149,1994,86.3,85.17,83.5,87.64,82.75,85.07
"4898",150,1994,93.06,91.82,91.52,91.99,89.93,92.72
"4899",151,1994,95.2,94.72,94.78,94.78,93.3,95.28
"4900",152,1994,96.93,96.11,96.31,96.86,95.73,95.07
"4901",153,1994,96.79,97.95,97.45,98.36,97.23,97.63
"4902",154,1994,97.92,97.04,97.18,98.08,97.1,96.57
"4903",155,1994,97.02,95.85,96,96.79,95.01,95.96
"4904",156,1994,98.5,96.9,97.74,97.87,96.83,94.81
"4905",157,1994,89.81,89.61,89.2,88.94,91.22,90.77
"4906",158,1994,92.79,90.94,91.64,93.78,92.16,91.9
"4907",159,1994,95.02,91.75,93.29,92.98,92.47,91.17
"4908",160,1994,97.47,96.4,97.61,96.89,96.78,96.29
"4909",161,1994,96.28,95.29,97.18,93.76,98.02,95.82
"4910",162,1994,93.12,92.96,94.52,91.57,95.82,92.38
"4911",163,1994,93.44,92.37,92.63,92.8,93.97,93.49
"4912",164,1994,94.73,93.69,93.41,94.12,92.63,92.71
"4913",165,1994,92.13,90.33,90.43,91.66,89.64,90.43
"4914",166,1994,95.42,95.65,95.74,93.5,94.36,95.59
"4915",167,1994,95.24,92.57,93.81,94.19,93.85,93.3
"4916",168,1994,90.96,89.09,91,87.18,92.53,89.04
"4917",169,1994,94.11,94,91.92,95.41,91.66,94.12
"4918",170,1994,91.41,89.34,90.62,89.07,90.94,89.16
"4919",171,1994,91.1,89.69,88.76,90.53,88.16,89.05
"4920",172,1994,88.4,88.5,87.73,88.89,85.97,87.64
"4921",173,1994,87.61,89.51,89.36,87.61,90.37,90.23
"4922",174,1994,91.02,92.47,92.67,90.81,93.19,94.68
"4923",175,1994,90.79,93.43,93.27,89.95,94.96,94.55
"4924",176,1994,92.59,89.75,91.08,90.78,88.13,89.37
"4925",177,1994,97.97,97.77,98.78,94.67,96.82,98.13
"4926",178,1994,98.18,96.12,96.18,95.46,88.67,96.09
"4927",179,1994,86.62,84.44,84.63,81.59,80.68,84.83
"4928",180,1994,89.91,90,87.13,90.52,86.25,88.69
"4929",181,1994,86.49,89.57,87.33,88.31,91.89,90.29
"4930",182,1994,89.11,86.76,89.13,84.78,87.45,87.23
"4931",183,1994,91.49,89.77,91.73,88.85,93.46,90.06
"4932",184,1994,95.45,93.49,95.6,91.68,95.54,93.93
"4933",185,1994,95.22,94.21,94.97,94.37,95.44,94.37
"4934",186,1994,98.24,98.63,97.03,98.84,96.07,98.67
"4935",187,1994,95.61,96.45,97.01,94.78,96.85,97.12
"4936",188,1994,90.56,93.21,92.85,93.81,93.42,93.99
"4937",189,1994,94.25,95.52,94.52,95.13,95.58,95.93
"4938",190,1994,96.71,94.51,94.41,96.57,93.24,93.15
"4939",191,1994,97.2,95.98,96.25,95.4,92.81,94.71
"4940",192,1994,90,89.79,87.38,90.95,78.95,89.04
"4941",193,1994,90.45,88.38,88.46,91.71,85.55,88.56
"4942",194,1994,86.12,87.83,85.03,86.24,87.54,94.04
"4943",195,1994,90.15,90.46,89.7,90.73,92.28,91.91
"4944",196,1994,92.72,90.84,90.97,91.14,89.05,90.76
"4945",197,1994,95.82,96.13,95.25,96.36,94.52,94.41
"4946",198,1994,94.99,92.78,93.5,93.02,91.77,91.41
"4947",199,1994,91.16,91.35,92.51,90.24,93.18,92.68
"4948",200,1994,92.43,92.24,91.92,92.11,92.55,92.33
"4949",201,1994,92.59,92.97,93.23,92.1,93.75,92.29
"4950",202,1994,92.7,91.07,94,90.58,93.85,90.58
"4951",203,1994,89.54,88.84,89.58,87.03,91.66,89.64
"4952",204,1994,94.05,93.9,94.34,92.87,92.89,93.02
"4953",205,1994,95.73,94.02,94.97,94.13,93.47,92.97
"4954",206,1994,91.64,90.06,91.42,91.32,91.7,89.21
"4955",207,1994,92.09,91.64,91.89,93.5,90.16,90.36
"4956",208,1994,90.17,88.37,90.41,89.81,90.47,88.66
"4957",209,1994,90.53,90.74,90.48,90.65,91.76,90.55
"4958",210,1994,94,93.77,93.67,93.41,92.74,93.93
"4959",211,1994,93.94,93.42,93.8,93.69,93.06,93.31
"4960",212,1994,92.37,92.34,93.24,92.41,92.38,91.08
"4961",213,1994,89.05,87.53,88.04,90.06,88.46,88.52
"4962",214,1994,91.66,90.14,90.3,91.34,89.44,88.41
"4963",215,1994,96.48,94.66,94.61,96.57,93.16,94.22
"4964",216,1994,93.14,92.75,92.32,93.63,91.94,92.9
"4965",217,1994,93.53,94.03,93.04,94.13,93.66,93.77
"4966",218,1994,92.25,91.84,91.66,93.33,91.52,92.8
"4967",219,1994,93.33,92.2,92.12,93.88,90.85,91.13
"4968",220,1994,84.08,83.71,85.17,84.2,86.7,83.79
"4969",221,1994,86.5,86.73,86.83,86.62,87.82,88.13
"4970",222,1994,92.54,92.06,90.07,92.25,87.45,91.43
"4971",223,1994,94.99,95.52,95.74,94.41,94.08,95.64
"4972",224,1994,97.27,97.79,96.82,95.98,94.26,97.57
"4973",225,1994,93.26,95.1,93.35,89.58,90,95.37
"4974",226,1994,92.2,91.11,92.23,91.63,90.64,90.93
"4975",227,1994,91.6,91.26,91.74,90.81,93,91.03
"4976",228,1994,93.22,93.25,92.23,92.71,92.88,93.64
"4977",229,1994,93.17,92.68,91.88,92.28,91.16,91.38
"4978",230,1994,90.48,90.25,90.9,88.95,91.48,90.25
"4979",231,1994,91.19,90.33,90.79,91.38,91.03,92.19
"4980",232,1994,92.3,92.22,92.46,94.08,90.41,91.93
"4981",233,1994,91.72,91.79,91.61,92.96,92.24,93.31
"4982",234,1994,90.57,90.84,90.46,89.75,91.47,92
"4983",235,1994,87.89,88.34,88.17,87.79,88.32,88.88
"4984",236,1994,94.28,93.67,94.66,93.21,94.17,92.91
"4985",237,1994,91.7,94.95,92.61,93.86,92.74,96.46
"4986",238,1994,87.8,87.48,87.13,89.58,86.75,88.66
"4987",239,1994,90.32,89.8,89.96,91.74,91.24,90.34
"4988",240,1994,91.2,89.44,90.3,91.36,90.65,90.77
"4989",241,1994,92.4,90.93,91.42,92.47,90.69,90.72
"4990",242,1994,92.09,91.81,91.53,92.23,90.58,91.75
"4991",243,1994,93.42,91.25,91.27,93.2,90.52,91.59
"4992",244,1994,88.85,88.4,89.34,89.01,90.34,89.07
"4993",245,1994,91.09,90.51,89.78,93.2,89.18,90.93
"4994",246,1994,93.87,92.81,92.09,94.44,91.25,92.86
"4995",247,1994,92.16,92.13,92.38,91.86,92.02,92.72
"4996",248,1994,90.71,91.1,91.61,90.8,92.26,93.04
"4997",249,1994,88.57,90.62,89.24,90.19,91.19,91.38
"4998",250,1994,88.99,88.03,89.08,90.1,88.33,87.53
"4999",251,1994,91.72,90.42,90.87,92.14,89.7,91.45
"5000",252,1994,91.12,91.05,91.68,91.29,91.25,91.53
"5001",253,1994,93.24,93.19,93.54,94.72,93.53,94.75
"5002",254,1994,89.74,89.43,89.85,89.76,88.89,88.97
"5003",255,1994,91.01,91.13,91.67,90.95,90.45,90.44
"5004",256,1994,87.42,87.57,87.97,88.88,88.9,86.95
"5005",257,1994,91.69,91.69,90.78,92.63,92.44,92.77
"5006",258,1994,90.28,90.05,90.46,90.61,89.77,91.42
"5007",259,1994,92.96,92.62,93.21,92.38,91.47,92.29
"5008",260,1994,91.49,91.67,92.51,90.79,92.41,91.41
"5009",261,1994,93.87,93.95,93.94,93.43,94.36,93.85
"5010",262,1994,91.56,90.81,91.29,90.76,91.14,91.74
"5011",263,1994,87.99,88.4,88.39,88.68,89.02,88.68
"5012",264,1994,89.98,90.51,89.94,89.73,89.37,90.16
"5013",265,1994,91.04,91.29,91.16,91.39,91.03,92.23
"5014",266,1994,95.71,95.64,94.75,96.1,93.75,94.94
"5015",267,1994,93.97,94.76,94.28,94.25,94.37,95.65
"5016",268,1994,90.03,89.84,91.55,89.29,93.26,92.72
"5017",269,1994,93.03,92.11,93.32,93.99,87.24,90.44
"5018",270,1994,94.56,92.37,94.21,95.02,92.22,92.23
"5019",271,1994,92.65,91.45,92.53,91.3,91.19,91.26
"5020",272,1994,88.69,88.65,89.58,88.79,90.19,89.6
"5021",273,1994,87.36,87.69,87.36,87.23,86.24,85.68
"5022",274,1994,88.98,88.37,88.89,88.2,88.9,87.57
"5023",275,1994,92.7,91.88,93.02,91.25,92.19,90.57
"5024",276,1994,90.74,89.66,90.16,91.28,91.2,88.71
"5025",277,1994,93.94,92.78,93.19,92.15,92.03,92
"5026",278,1994,91.03,90.75,91.21,90.63,89.02,89.8
"5027",279,1994,89.99,89.73,88.55,90.97,89.02,89.38
"5028",280,1994,93.94,92.25,92.12,92.49,89.3,90.71
"5029",281,1994,92.09,90.74,93.03,90.82,91.92,91.55
"5030",282,1994,91.47,89.8,90.23,90.74,90.31,89.17
"5031",283,1994,92.15,91.8,91.78,91.59,91.67,91.59
"5032",284,1994,93.71,92.97,92.3,94.98,91.73,92.28
"5033",285,1994,94.18,94.2,93.33,95.75,93.88,93.66
"5034",286,1994,91.14,93.54,91.83,92.55,90.48,90.87
"5035",287,1994,95.59,94.76,95.57,95.05,92.88,94.8
"5036",288,1994,92.37,90.86,91.46,91.23,91.13,89.77
"5037",289,1994,88.63,87.99,87.87,88.71,87.82,87.54
"5038",290,1994,85.62,84.23,84.74,85.82,84.74,82.62
"5039",291,1994,88.06,86,86.71,88.06,82.45,83.59
"5040",292,1994,92.94,91.56,92.6,92.81,90.39,90.03
"5041",293,1994,92.64,90.91,91.38,92.66,89.62,89.61
"5042",294,1994,90.72,92.38,91.59,91.87,90.89,92.26
"5043",295,1994,92.28,91.02,91.44,91.83,92.11,90.5
"5044",296,1994,92.1,91.84,92.2,91.72,91.28,92.64
"5045",297,1994,89.09,87.91,88.8,88.14,88.84,89.68
"5046",298,1994,86.03,85.59,86.85,84.7,86.08,85.16
"5047",299,1994,88.52,90.37,89.06,89.39,87.58,90.87
"5048",300,1994,86.89,87.47,86.67,88.74,85.46,87.84
"5049",301,1994,85.84,84.7,85,86.75,85.36,84.06
"5050",302,1994,92.1,91.2,91.6,91.17,90.52,90.42
"5051",303,1994,92.97,91.3,92.72,91.2,89.44,91.82
"5052",304,1994,94.74,92.42,92.87,94.09,90.77,93.03
"5053",305,1994,94.84,93.26,93.64,95.15,91.62,93.63
"5054",306,1994,92.83,91.85,91.75,92.85,89.25,91.3
"5055",307,1994,89.27,87.67,88.92,87.64,87.89,87.27
"5056",308,1994,89.62,88.15,88.97,88.04,87.2,86.8
"5057",309,1994,85.16,84.8,85.19,85.29,86.12,86.73
"5058",310,1994,91.55,92.57,91.13,92.41,90.59,92.71
"5059",311,1994,95.63,94.72,94.49,94.71,93.01,94.33
"5060",312,1994,92.83,90.97,91.61,93.85,90.78,90.99
"5061",313,1994,90.54,92.52,92.14,92.35,90.73,93.3
"5062",314,1994,89.08,88.49,88.68,87.39,88.46,89.46
"5063",315,1994,90.88,89.99,89.54,92.54,87.5,88.92
"5064",316,1994,91.73,91.53,91.03,91.04,90.43,90.33
"5065",317,1994,90.91,89.72,89.22,90.75,88.36,89.71
"5066",318,1994,87.49,86.15,87.02,86.73,86.7,85.51
"5067",319,1994,83.27,83.65,85.06,83.84,87.21,84.07
"5068",320,1994,86.17,85.65,87.1,86.37,85.96,86.17
"5069",321,1994,85.35,84.93,85.75,86.38,86.83,84.6
"5070",322,1994,87.17,87.68,87.06,88.24,90.43,88.64
"5071",323,1994,92.63,94.69,93.64,93.12,92.96,95.81
"5072",324,1994,92,94.13,93.54,90.71,94.52,95.74
"5073",325,1994,92.33,91.55,92.73,93.19,92.41,92.82
"5074",326,1994,94.77,94.52,95.25,92.7,94.09,94.2
"5075",327,1994,96.15,96.27,97.36,95.5,97.46,96.5
"5076",328,1994,96,96.07,93.26,98.44,93.06,95.63
"5077",329,1994,93.05,92.42,92.2,93.55,94.55,93.4
"5078",330,1994,91.19,88.08,89.86,90.7,88.83,86.76
"5079",331,1994,88.52,89.86,88.69,91.01,89.15,90.86
"5080",332,1994,85.5,88.8,88.45,85.87,92.54,92.14
"5081",333,1994,81.81,85.98,86.58,81.18,91.05,90.29
"5082",334,1994,82.96,88.38,87.49,85.36,88.96,90.55
"5083",335,1994,86.63,90.62,92.11,87.15,93.43,91.72
"5084",336,1994,92.31,92.71,93.52,92.53,93.06,93.41
"5085",337,1994,90.47,90.9,89.82,93.18,90.69,92.09
"5086",338,1994,85.72,86.53,85.88,87.92,86.48,87.05
"5087",339,1994,87.51,88.79,87.49,89.65,88.88,88.01
"5088",340,1994,87.63,89.46,88.6,88.69,86.94,89.78
"5089",341,1994,94.19,94.24,92.83,95.02,92.22,93.15
"5090",342,1994,93.7,93.88,93.59,94.29,94.72,94.47
"5091",343,1994,92.31,91.93,92.08,93.23,91.87,91.68
"5092",344,1994,87.37,90.22,89.73,88.38,88.95,92.24
"5093",345,1994,91.67,93.06,92.63,91.33,91.77,93.76
"5094",346,1994,89.87,90.19,90.01,89.74,89.24,90.03
"5095",347,1994,91.33,90.59,91.38,91.89,90.81,89.41
"5096",348,1994,88.54,89.54,88.61,90.55,88.43,88.54
"5097",349,1994,87.11,88.94,88.62,87.62,89.48,90.04
"5098",350,1994,90.68,91.61,91.86,91.16,92.39,92.06
"5099",351,1994,88.25,91.1,90.35,88.61,91.6,92.74
"5100",352,1994,90.35,90.68,90.49,90.4,91.81,90.85
"5101",353,1994,92.69,93.19,93.9,93.08,93.09,93.36
"5102",354,1994,92.54,92.56,92.66,91.24,92.52,93.21
"5103",355,1994,89.25,89.23,88.83,90.11,89.22,89.14
"5104",356,1994,84.95,86.31,85.19,86.22,85.44,86.7
"5105",357,1994,81.78,83.74,83.31,82.47,84.55,85.59
"5106",358,1994,81.06,81.9,81.65,81.45,83.48,85.19
"5107",359,1994,80.84,85.04,83.2,82.05,86.05,85.25
"5108",360,1994,85.13,86.25,84.96,85.61,85.78,85.96
"5109",361,1994,81.91,84.09,83.91,82.42,85.83,86.56
"5110",362,1994,76.08,79.07,78.31,76.21,82.7,80
"5111",363,1994,73.56,76.82,77.52,72.68,82.63,79.91
"5112",364,1994,72.19,78.83,80.43,71.44,91.28,85.02
"5113",365,1994,78.48,86.29,87.8,76.85,93.33,92.05
"5114",1,1995,80.78,86.85,86.25,79.97,88.84,91.72
"5115",2,1995,76.25,81.88,82.19,75.64,88.11,87.03
"5116",3,1995,64.59,72.02,74.68,63.1,87.55,77.75
"5117",4,1995,61.32,67.27,68.67,61.18,80.25,73.79
"5118",5,1995,63.16,67.82,67.7,63.08,75.46,71.19
"5119",6,1995,57.82,65.34,65.39,58.09,78.03,71.44
"5120",7,1995,54.51,61.58,63.1,53.64,78.39,68.87
"5121",8,1995,56.92,62.91,64.36,55,73.96,69.66
"5122",9,1995,53.48,57.5,58,52.3,67.89,62.01
"5123",10,1995,56.24,57.12,57.92,54.67,66.55,60.6
"5124",11,1995,55.66,59.02,59.43,54.56,66.79,62.81
"5125",12,1995,54.25,60.53,60.68,53.8,68.26,64.2
"5126",13,1995,60.55,64.92,65.92,58.19,75.02,68.12
"5127",14,1995,69.76,73.72,74.23,67.57,82.67,77.05
"5128",15,1995,86.07,89.58,87.94,84.78,89.38,91.49
"5129",16,1995,85.98,88.15,89.95,85.12,92.77,89.58
"5130",17,1995,92.89,93.04,94.4,90.84,93.42,94.22
"5131",18,1995,90.42,93.7,93.22,90.68,93.92,94.61
"5132",19,1995,89.49,89.7,90.12,90.22,91.02,90.23
"5133",20,1995,91.59,90.86,92.09,91.56,91.27,90.26
"5134",21,1995,95.56,94.91,95,95.36,93.96,95.01
"5135",22,1995,94.42,93.28,93.46,94.15,93.3,93.6
"5136",23,1995,91.84,93.08,95.12,90.03,95.77,94.19
"5137",24,1995,87.21,91.39,90.69,88.44,92.41,93.95
"5138",25,1995,91.76,91.1,92.57,90.32,90.73,90.19
"5139",26,1995,87.9,90.66,90.46,86.62,91.73,92.19
"5140",27,1995,85.04,87.54,89.84,83.5,91.66,89.72
"5141",28,1995,84.54,87.76,89.42,81.33,89.77,89.04
"5142",29,1995,85.67,88.59,88.05,84.81,91.17,89.38
"5143",30,1995,86.98,87.65,88.07,84.13,89.28,89.23
"5144",31,1995,80.8,81.74,84.2,77.98,85.3,83.82
"5145",32,1995,75.73,76.67,77.84,73.95,80.22,77.46
"5146",33,1995,75.36,78.12,77.78,73.72,80.27,79.69
"5147",34,1995,76.35,80.19,79.08,73.81,83.01,82.64
"5148",35,1995,77.91,82.77,83.16,72.71,87.82,86.13
"5149",36,1995,77.15,83.15,82.93,73.77,87.11,87.26
"5150",37,1995,83,88.63,90.3,75.98,92.1,91.12
"5151",38,1995,82.44,87.13,87.02,81.92,90.76,88.05
"5152",39,1995,79.44,83.08,82.09,76.84,83.24,84.69
"5153",40,1995,75.91,80.94,79.55,74.66,82.62,81.51
"5154",41,1995,69.24,73.3,73.79,65.73,78.13,75.08
"5155",42,1995,66.69,71.04,72.85,61.18,79.82,76.34
"5156",43,1995,64.83,71.41,73.9,59.92,78.02,75.18
"5157",44,1995,63.02,69.25,72.22,57.67,75.94,74.61
"5158",45,1995,62.21,69.26,72.29,55.39,79.58,73.16
"5159",46,1995,62.17,68.38,72.76,56.6,75.09,73.8
"5160",47,1995,61.88,67.25,71.07,58.45,77.19,71.23
"5161",48,1995,55.84,64.68,68.72,50.39,79.45,70.83
"5162",49,1995,50.28,59.25,63.92,45.01,89.2,69.62
"5163",50,1995,63.51,81.34,81.07,57.71,92.43,89.01
"5164",51,1995,74.59,83.67,85.42,66.38,89.04,85.9
"5165",52,1995,77.97,87.7,85.98,74.65,87.06,91.11
"5166",53,1995,82.06,87.38,86.02,81.07,89.23,87.94
"5167",54,1995,92.29,93.88,93.13,90.33,90.6,93.41
"5168",55,1995,89.08,90.31,90.16,87.22,89.14,90.07
"5169",56,1995,84.85,86.59,87.28,82.19,88.01,86.68
"5170",57,1995,90.69,90.8,93.2,87.72,92.91,91.7
"5171",58,1995,95.4,92.53,93.61,94.05,92.63,91.57
"5172",59,1995,91.55,88.98,90.35,90.95,88.49,87.98
"5173",60,1995,91.55,90.79,91.62,91.02,90.15,89.94
"5174",61,1995,94.2,92.22,93.11,94.81,93.77,91.21
"5175",62,1995,93.47,93.49,94.8,92.33,94.61,94.63
"5176",63,1995,94.08,94.07,94.91,94.14,93.94,94.33
"5177",64,1995,94.34,94.08,94.38,94.63,94.16,94.42
"5178",65,1995,92.41,92.99,94.46,90.94,96.79,94.6
"5179",66,1995,92.42,93.65,93.51,90.27,94.38,94.31
"5180",67,1995,89.72,89.95,91.39,88.55,92.09,91.92
"5181",68,1995,89.61,88.93,89.69,87.4,90.66,89.16
"5182",69,1995,92.74,93.4,92.52,91.78,93.07,91.95
"5183",70,1995,94.66,94.88,95.14,94.42,94.92,95.43
"5184",71,1995,95.17,95.22,94.75,94.89,95.72,95.27
"5185",72,1995,91.56,92.02,90.32,92.51,89.86,91.08
"5186",73,1995,87.97,88.71,87.41,90.22,89.58,88.85
"5187",74,1995,83.74,85.55,84.54,85.47,89.61,86.15
"5188",75,1995,82.37,86.22,84.72,83.39,88.97,87.23
"5189",76,1995,87.53,90.97,90.59,86.5,87.05,90.02
"5190",77,1995,89.79,88.99,90,88.91,87.98,90.27
"5191",78,1995,90.94,90.96,90.55,91.29,92.05,91.46
"5192",79,1995,88.19,87.79,86.68,88.28,84.58,87.88
"5193",80,1995,92.44,92.79,93.58,92.67,93.53,93.11
"5194",81,1995,91.71,91.2,90.71,91.53,90.45,91.38
"5195",82,1995,87.27,88.33,88.31,87.07,88.23,87.34
"5196",83,1995,85.5,85.75,85.76,88.25,88.33,85.79
"5197",84,1995,90.91,92.79,91.17,93.73,87.58,92.25
"5198",85,1995,85.83,86.84,87.31,86.79,88.43,87.18
"5199",86,1995,87.69,87.1,88.45,85.83,91.4,87.25
"5200",87,1995,87.51,89.09,90.24,85.64,91.89,90.89
"5201",88,1995,81.49,82.97,83.27,79.85,85.33,85.05
"5202",89,1995,83.84,84.71,86.1,80.85,88.04,86
"5203",90,1995,90.48,88.95,90.41,87.91,88.9,87.67
"5204",91,1995,90.69,90.47,92.39,88.39,94.07,90.55
"5205",92,1995,93.78,94.87,95.28,93.55,94.52,95.9
"5206",93,1995,91.41,91.84,91.87,90.89,94.9,93.21
"5207",94,1995,92.36,91.74,91.45,90.02,89.3,91.12
"5208",95,1995,89.68,88.34,89.51,88.18,86.1,88.01
"5209",96,1995,92.63,91.85,91.99,91.53,89.43,91.53
"5210",97,1995,86.68,86.6,87.25,85.41,86.44,87.69
"5211",98,1995,86.16,86.61,86.76,86.54,87.91,85.7
"5212",99,1995,86.51,87.62,86.34,87.21,86.58,88.17
"5213",100,1995,88.16,88.3,87.99,87.3,84.95,88.56
"5214",101,1995,92.3,91.5,90.73,87.34,87.88,92.38
"5215",102,1995,93.28,92.99,94.62,90.91,95.44,92.62
"5216",103,1995,92.63,90.92,91.86,89.6,94.37,92.13
"5217",104,1995,84.62,83.6,83.32,87.13,83.41,83.47
"5218",105,1995,89.9,90.1,88.7,92.72,89.18,90.32
"5219",106,1995,96.21,95.13,95.39,96.41,93.61,95.49
"5220",107,1995,91.62,93.72,91.83,95.07,91.99,94.33
"5221",108,1995,86.32,87.24,87.12,88.26,93.14,86.19
"5222",109,1995,89.04,88.75,90.04,88.78,90.79,90.38
"5223",110,1995,95.75,92.53,93.48,93.72,89.74,90.86
"5224",111,1995,97.7,96.76,96.8,97.23,98.82,96.62
"5225",112,1995,97.84,97.27,97.66,98.6,98.11,98.22
"5226",113,1995,94.92,94.96,92.96,98.23,91.21,94.23
"5227",114,1995,92.94,90.94,92.58,92.92,92.49,90.24
"5228",115,1995,96.39,96.06,96.35,97.99,96.18,95.8
"5229",116,1995,94.93,94.79,94.36,95.66,95.18,94.28
"5230",117,1995,92.43,92.56,91.21,93.97,93.16,92.39
"5231",118,1995,86.95,88.08,85,88.72,81.34,86.95
"5232",119,1995,90.76,90.94,91.45,89.12,86.81,92.26
"5233",120,1995,93.25,90.8,90.26,92.86,86.59,89.62
"5234",121,1995,92.29,92.56,92.49,93.27,91.71,91.74
"5235",122,1995,88.26,89.01,87.92,87.44,87.7,87.6
"5236",123,1995,89.74,91.29,89.77,90.91,91.45,92.03
"5237",124,1995,94.06,93.58,93.94,94.54,91.33,92.01
"5238",125,1995,88.54,86.6,85.94,89.18,82.48,85.33
"5239",126,1995,90.29,87.02,89.05,89.72,90.42,87.47
"5240",127,1995,89.43,88.93,88.24,88.57,85.97,87.41
"5241",128,1995,94.45,92.12,91.55,94.5,88.95,90.45
"5242",129,1995,97.24,95.6,96.9,96,93.88,95.21
"5243",130,1995,92.9,92.11,92.28,92.08,91.65,92.34
"5244",131,1995,93.29,93.85,93.44,91.77,93.27,93.59
"5245",132,1995,92.15,92.96,92.17,93.57,91.46,92.87
"5246",133,1995,93.43,92.12,92.82,93.23,92.89,90.59
"5247",134,1995,92.37,91.06,90.69,91.5,91.64,90.06
"5248",135,1995,89.32,89.13,91.17,88.71,94.3,91.17
"5249",136,1995,92.06,90.24,91.31,93.77,90.98,89.72
"5250",137,1995,94.65,94.28,94.55,93.23,93.47,93.78
"5251",138,1995,94.97,95.48,96.54,94.54,97.83,96.36
"5252",139,1995,96.9,97.67,97.72,96.11,97.52,98.58
"5253",140,1995,90.24,90.62,89.16,91.75,92.47,91.32
"5254",141,1995,94.34,94.57,94.57,95.71,94.26,94.35
"5255",142,1995,95.37,95.65,94.97,93.68,93.8,95.5
"5256",143,1995,89.18,89.22,89.72,89.8,94.79,89.54
"5257",144,1995,92.26,91.6,92.06,92.06,89.99,92.09
"5258",145,1995,97.34,96.89,95.13,97.2,94.48,94.45
"5259",146,1995,97.06,96.3,98.87,94.8,97.56,96.08
"5260",147,1995,91.29,90.49,90.9,91.07,91.48,88.9
"5261",148,1995,87.49,92.13,89.79,90.72,90.48,94.44
"5262",149,1995,94.87,96.04,95.53,96.16,94.89,98.1
"5263",150,1995,97.4,97.21,97.91,97.06,97.68,96.77
"5264",151,1995,91.15,91.81,92.59,91.3,93.35,93.34
"5265",152,1995,94.28,90.58,91.93,93.9,91.48,86.9
"5266",153,1995,92.55,90.28,90.76,91.86,91.36,89.65
"5267",154,1995,94.38,95.01,94.6,94.76,94.03,96.84
"5268",155,1995,93.43,92.55,92.93,93.96,94.29,92.65
"5269",156,1995,95.21,97.5,96.07,95.85,96.46,97.63
"5270",157,1995,93.15,91.14,91.3,92.51,91.31,90.42
"5271",158,1995,89.76,87.68,91.11,87.96,90.37,89.37
"5272",159,1995,95.32,92.55,92.95,95.11,91.37,92.27
"5273",160,1995,91.93,92.58,93.18,91.74,93.17,94.08
"5274",161,1995,91.56,88.89,89.38,89.56,88.51,88.35
"5275",162,1995,91.13,90.48,89.66,91.34,89.49,88.67
"5276",163,1995,92.86,90.96,91.24,93.69,90.71,89.91
"5277",164,1995,95.47,94.39,95.48,95.89,93.57,95.02
"5278",165,1995,97.37,97.19,96.88,98.18,94.3,96.94
"5279",166,1995,93.36,92.74,92.78,94.09,93.53,93.7
"5280",167,1995,85.41,83.76,84.83,85.82,84.32,84.39
"5281",168,1995,92.7,90.78,91.93,91.39,89.42,88.97
"5282",169,1995,94.9,94.19,95.48,93.71,95,94.54
"5283",170,1995,96.34,95.72,96.14,95.67,94.08,96.1
"5284",171,1995,95.86,96.74,96.81,94.93,95.76,97.64
"5285",172,1995,97.95,97.04,96.53,95.51,95.01,96.91
"5286",173,1995,94.3,95.06,93.92,94.78,92.56,94.68
"5287",174,1995,95.67,94.78,94.8,96.23,92.88,93.26
"5288",175,1995,90.7,90.48,89.69,90.69,88.6,91.31
"5289",176,1995,89.61,87.82,87.98,87.38,86.8,87.59
"5290",177,1995,97.25,96.89,97.06,96.05,94.11,95.05
"5291",178,1995,93.58,94.19,93.5,94.25,93.33,93.94
"5292",179,1995,92.54,92.04,93.19,91.82,95.12,91.64
"5293",180,1995,94.95,95.38,95.45,95.24,95.64,95.61
"5294",181,1995,97.88,98.03,97.64,98.27,96.41,97.82
"5295",182,1995,95.18,94.44,95.31,94.27,95.72,94.86
"5296",183,1995,90.73,90.6,89.56,91.53,88.75,90.28
"5297",184,1995,91.97,90.5,90.54,92.47,91.53,89.25
"5298",185,1995,92.09,92.45,90.54,93.09,91.65,92.59
"5299",186,1995,92.6,90.74,91.09,89.7,89.82,90.76
"5300",187,1995,87.75,87.65,87.93,86.17,88.2,88
"5301",188,1995,90.51,87.98,89.81,87.63,90.09,89.39
"5302",189,1995,91.58,92.83,92.34,90.19,92.59,94.22
"5303",190,1995,91.44,90.92,92.07,90.88,91.48,93.24
"5304",191,1995,89.4,90.14,87.9,93.16,89.09,90.89
"5305",192,1995,93.07,91,92.63,91.62,92.5,91.49
"5306",193,1995,89.12,87,88.4,87.69,88.51,86.25
"5307",194,1995,91.39,91.61,91.54,91.64,92.41,90.66
"5308",195,1995,92.98,94.58,93.41,91.46,94.12,95.98
"5309",196,1995,91.88,92.24,91.32,91.15,90.88,91.91
"5310",197,1995,92.98,90.5,91.54,92.41,91.53,90.85
"5311",198,1995,92.95,90.8,90.88,93.51,90.68,90.37
"5312",199,1995,91.66,91.96,91.15,92.09,92.15,91.93
"5313",200,1995,90.67,91.05,90.4,90.94,90.66,90.12
"5314",201,1995,96.69,97.18,97.54,96.41,96.8,95.12
"5315",202,1995,98.03,96.99,97.44,96.61,94.64,96.57
"5316",203,1995,97.87,98.99,98.42,98.03,97.74,98.01
"5317",204,1995,91.92,93.43,91.59,90,91.42,93.25
"5318",205,1995,85.69,86.35,86.98,85.77,87.77,87.36
"5319",206,1995,94.99,93.05,94.63,93.22,93.12,93.33
"5320",207,1995,93.93,94.81,94.09,92.69,93.67,94.22
"5321",208,1995,94.14,93.9,91.2,95.1,89.3,92.55
"5322",209,1995,89.66,90.67,90.07,88.86,89.46,90.91
"5323",210,1995,93.81,91.13,92.44,91.93,89.28,90.24
"5324",211,1995,93.08,93.14,92.86,93.22,92.41,92.52
"5325",212,1995,90.13,88.08,90.02,88.26,88.36,87.06
"5326",213,1995,88.76,88.04,88.15,87.61,87.67,87.16
"5327",214,1995,90.74,91.09,90.91,91.28,89.32,91.55
"5328",215,1995,89.13,88.09,88.03,88.24,88.07,87.68
"5329",216,1995,90.49,89.03,89.01,90.64,86.63,86.73
"5330",217,1995,90.26,89.6,88.29,91.05,85.39,88.11
"5331",218,1995,92.81,93.45,94.24,90.98,93.37,94.5
"5332",219,1995,90.87,91.16,90.92,91.85,92.93,92.1
"5333",220,1995,92.58,93.05,93.52,92.02,91.9,91.91
"5334",221,1995,86.87,87.68,87.26,87.19,87.89,88.2
"5335",222,1995,86.91,86.7,86.64,87.05,87.92,87.61
"5336",223,1995,92.3,91.61,90.84,90.75,92.48,92.86
"5337",224,1995,90.11,89.1,89.85,88.29,89.33,90.08
"5338",225,1995,93.37,92.5,92.51,93.21,89.64,91.44
"5339",226,1995,88.75,88.07,88.91,87.34,89.24,88.32
"5340",227,1995,87.94,87.95,87.11,87.14,86.33,87.75
"5341",228,1995,93.42,93.95,93.69,93.62,93.44,94.87
"5342",229,1995,91.96,91.88,91.04,91.59,89.76,92.93
"5343",230,1995,92.11,93.24,93.8,89.79,93.59,93.02
"5344",231,1995,90.02,91.62,92.08,89.88,94.88,91.95
"5345",232,1995,91.9,91.73,93.46,88.94,94.56,91.88
"5346",233,1995,90.38,90.86,90.54,90.22,91.12,91.81
"5347",234,1995,88.01,88.89,87.66,88.49,87.94,90.87
"5348",235,1995,90.67,86.95,89.09,89.5,88.12,86.88
"5349",236,1995,89.49,88.03,88.08,88.08,88.37,85.84
"5350",237,1995,88.82,88.14,88.25,87.97,88.65,88.64
"5351",238,1995,86.86,85.88,86.85,86.45,86.71,86.98
"5352",239,1995,88.07,86.73,87.9,88.03,88.89,87.25
"5353",240,1995,86.6,85.85,85.83,86.66,87.63,87.29
"5354",241,1995,91.7,90.83,90.95,90.19,90.63,90.86
"5355",242,1995,88.17,87.23,88.87,85.76,89.32,87.15
"5356",243,1995,91.51,89.25,91.01,89.22,91.61,89.15
"5357",244,1995,89.69,89.49,90.38,89.04,91.43,88
"5358",245,1995,90.83,90.87,90.54,91.22,91.65,91.07
"5359",246,1995,89.43,88.67,90.53,88.85,91.41,89.58
"5360",247,1995,91.03,89.81,91.2,89.58,90.79,91.3
"5361",248,1995,89.2,88.19,88.82,87.12,88.23,88.72
"5362",249,1995,91.69,90.9,91.7,90.65,90.61,91.33
"5363",250,1995,86.44,88.89,89.44,86.1,91.54,89.92
"5364",251,1995,91.87,91.11,91.54,91.83,92.38,91.77
"5365",252,1995,90.94,90.42,90.63,91.29,90.32,92.17
"5366",253,1995,90.94,90.44,90.4,90.33,91.5,92.45
"5367",254,1995,88.86,90.84,89.59,91,90.14,91.11
"5368",255,1995,90.39,91.17,91.73,90.57,90.53,92
"5369",256,1995,91.14,91.05,92.08,91.2,91.98,90.87
"5370",257,1995,92.46,91.29,91.35,90.12,89.06,92.68
"5371",258,1995,93.13,91.35,92.87,92.59,92.59,91.66
"5372",259,1995,91.2,91.86,91.3,90.62,91.96,92.72
"5373",260,1995,87.45,85.77,87.5,84.63,85.29,85.16
"5374",261,1995,87.33,88.71,87.4,89.53,87.84,89.07
"5375",262,1995,85.98,87.48,87.43,87.09,93.02,90.81
"5376",263,1995,93.04,91.68,90.72,92.62,91.79,91.34
"5377",264,1995,93.04,92.58,93.45,92.81,94.98,92.92
"5378",265,1995,89.7,87.39,88.93,89.64,89.71,86.82
"5379",266,1995,91,89.81,89.32,90.84,89.11,88.46
"5380",267,1995,90.98,90.11,90.53,90.72,90.87,89.89
"5381",268,1995,93.87,93.96,93.68,94.34,92.78,94.49
"5382",269,1995,87.66,86.82,87.17,86.51,87.23,87.38
"5383",270,1995,87.08,87.38,86.97,86.55,88.54,87.76
"5384",271,1995,88.04,88.47,85.59,89.61,86.46,88.77
"5385",272,1995,88.14,87.72,87.14,88.55,85.96,87.56
"5386",273,1995,94.63,91.79,93.66,93.7,91.21,90.28
"5387",274,1995,93.87,93.89,94.27,93.33,93.61,92.72
"5388",275,1995,90.04,89.54,90.36,89.01,89.86,89.24
"5389",276,1995,88.72,87.38,87.77,87.56,85.85,87.01
"5390",277,1995,88.11,86.27,87.56,86.93,86.83,86.24
"5391",278,1995,89.65,88.45,88.89,88.63,89.53,88.52
"5392",279,1995,88.51,89.92,88.41,89.94,86.79,88.66
"5393",280,1995,86.41,84.85,84.73,86.27,84.53,82.69
"5394",281,1995,87.79,88.04,88.44,86.13,88.26,88.54
"5395",282,1995,92.31,91.67,91.25,91.6,87.66,89.81
"5396",283,1995,90.99,90.04,90.81,89.79,89.71,90.25
"5397",284,1995,93.51,89.49,90.34,94.72,90.03,88.94
"5398",285,1995,86.37,85.47,85.4,87.13,86.71,83.63
"5399",286,1995,84.36,82.76,82.12,85.29,83.08,80.37
"5400",287,1995,89.67,90.38,90.53,91.41,90.45,89.81
"5401",288,1995,96.57,95.05,95.08,94.91,91.93,93.66
"5402",289,1995,93.84,94.99,94.88,94.88,94.59,94.62
"5403",290,1995,87.57,87.87,88.58,87.21,87.66,87.54
"5404",291,1995,89.3,90.27,89.98,87.9,91.68,90.89
"5405",292,1995,87.68,87.99,86.77,89,87.3,88.21
"5406",293,1995,90.7,89.32,89.99,89.85,90.91,87.94
"5407",294,1995,92.02,91.81,91.31,92.19,89.23,91.73
"5408",295,1995,91.99,89.57,91.4,90.54,93.8,89.22
"5409",296,1995,92.88,92.42,92.27,92.17,91.48,92.41
"5410",297,1995,89.52,89.76,88.05,91.26,87.7,89.23
"5411",298,1995,91.97,89.37,88.54,92.88,85.4,87.91
"5412",299,1995,94.37,94.01,92.98,94.64,90.16,93.84
"5413",300,1995,91.51,91.06,90.19,92.07,89.46,90.33
"5414",301,1995,86.41,86.49,86,87.41,86.62,86.53
"5415",302,1995,87.85,87.62,89.26,87.29,88.89,88.66
"5416",303,1995,91.5,92.51,90.86,92.91,90.41,90.63
"5417",304,1995,94.39,93.03,95.11,92.4,94.46,92.4
"5418",305,1995,92.94,93.3,91.74,93.67,93.11,92.21
"5419",306,1995,91.34,90.21,90.79,91.57,90.37,90.08
"5420",307,1995,92.1,92.05,90.8,92.08,90.28,91.79
"5421",308,1995,91.93,92.64,91.78,91.63,92.15,92.4
"5422",309,1995,94.8,94.53,93.39,94.93,91.54,94.51
"5423",310,1995,95.44,93.97,96,93.51,93.37,94.74
"5424",311,1995,91.75,91.05,91.63,91.15,91.96,90.59
"5425",312,1995,91.17,92.03,90.97,92.52,90.52,93.62
"5426",313,1995,91.77,94.15,92.67,91.22,91.99,96.46
"5427",314,1995,89.27,90.6,90.4,89.04,91.03,92.99
"5428",315,1995,91.31,92.43,91.24,91.21,91.22,94.02
"5429",316,1995,94.29,93.48,94.22,94.08,92.24,94.61
"5430",317,1995,93.54,91.89,93.92,92.73,91.44,91.09
"5431",318,1995,90.98,88.47,90.32,89.5,89.68,87.21
"5432",319,1995,93.67,91.64,91.55,92.01,90.09,89.54
"5433",320,1995,94.23,92.31,93.41,93.23,90.68,89.82
"5434",321,1995,91.83,92.23,91.05,92.51,91.66,92.02
"5435",322,1995,87.13,86.14,86.63,87.45,86.06,85.04
"5436",323,1995,89.37,89.13,90.41,89.09,92,89.18
"5437",324,1995,96.04,94.98,96.84,94.34,95.18,94.01
"5438",325,1995,93.85,93.24,94.04,92.96,93.24,93.65
"5439",326,1995,90.68,91.69,91.09,90.41,89.11,90.12
"5440",327,1995,89.07,89.34,89.73,89.98,92.3,87.78
"5441",328,1995,88.62,89.28,89.21,89.08,90.29,89.04
"5442",329,1995,87.47,88.32,88.59,86.51,90.45,89.33
"5443",330,1995,81.47,84.66,84.06,81.37,87.12,85.88
"5444",331,1995,79.06,81.69,82.1,79.84,85.9,82.56
"5445",332,1995,79.42,83.07,84.88,79.51,92.33,87.2
"5446",333,1995,84.48,88.48,88.36,84.9,91.28,91.02
"5447",334,1995,81.65,86.85,87.03,80.85,89.73,88.75
"5448",335,1995,79.2,86.29,86.28,81.14,90.39,89.77
"5449",336,1995,86.21,90.51,90.08,86.83,92.38,92.7
"5450",337,1995,92.75,92.94,93.62,93.75,93.09,93.09
"5451",338,1995,90.78,90.33,89.69,90.32,89.49,90.01
"5452",339,1995,90.15,90,91.52,89.1,90.14,90.03
"5453",340,1995,86.34,88.34,86.91,87.96,89.54,89.44
"5454",341,1995,86.31,90.58,89.24,88.03,93.21,92.22
"5455",342,1995,86.85,88.2,88.75,86.71,89.92,88.34
"5456",343,1995,87.61,90.55,89.03,88.39,88.63,91.39
"5457",344,1995,92.17,93.06,93.63,92.36,95.82,95.57
"5458",345,1995,85.77,87.95,87.7,86.89,92.15,89.15
"5459",346,1995,79.58,83.52,82.13,80.67,84.87,86.32
"5460",347,1995,79.18,87.18,85.38,80.33,90.21,91.82
"5461",348,1995,86.31,88.97,88.27,87.86,89.24,89.06
"5462",349,1995,93.62,93.2,91.98,94.34,88.85,92.83
"5463",350,1995,85.96,88.8,87.71,86.72,87.62,91.9
"5464",351,1995,85.62,88.45,89.96,85.03,93.41,91.84
"5465",352,1995,92.91,94.71,94.58,92.08,95.2,95.99
"5466",353,1995,96.48,96.07,96.1,95.52,93.41,96.24
"5467",354,1995,93.09,94.28,93.43,92.91,94.08,94.61
"5468",355,1995,92.01,92.27,91.44,93.81,90.36,90.92
"5469",356,1995,90.47,90.1,89.2,91.03,89.19,90.7
"5470",357,1995,90.48,90.77,90.29,90.99,88.34,91
"5471",358,1995,90.95,92.09,92.36,91.82,89.67,92.5
"5472",359,1995,90.5,91.74,89.95,91.91,89.3,91.97
"5473",360,1995,92.6,92.14,91.99,93.44,91.88,92.28
"5474",361,1995,87.85,87.15,88.08,89.18,91.95,87.02
"5475",362,1995,88.69,86.72,89.19,86.38,87.62,86.77
"5476",363,1995,90.99,90.56,92.29,88.16,92.62,92.48
"5477",364,1995,91.49,92.35,91.1,91.63,90.46,93.71
"5478",365,1995,85.19,86.7,85.62,84.02,85.04,87.18
"5479",1,1996,77.07,78.49,78.48,76.65,84,79.86
"5480",2,1996,82.54,82.76,83.58,82.26,90.97,84.03
"5481",3,1996,92.18,91.77,92.76,92.39,94.27,94
"5482",4,1996,88.94,89.84,88.71,91.01,89.45,91.45
"5483",5,1996,89.1,92.76,90.94,89.62,91.82,93.05
"5484",6,1996,82.35,86.79,87.83,81.33,93.83,88.56
"5485",7,1996,78.11,84.22,84.95,77.46,91.11,86.88
"5486",8,1996,82.31,86.96,88.52,81.53,93.84,89.1
"5487",9,1996,85.42,89.83,90.04,85.45,92.07,91.15
"5488",10,1996,92.12,93.04,94,91.81,96.32,93.84
"5489",11,1996,94.48,94.43,93.88,94.66,94.85,93.41
"5490",12,1996,92.29,92.95,92.82,92.29,91.96,90.3
"5491",13,1996,87.6,88.01,88.37,87.31,90.68,86.87
"5492",14,1996,87.37,88.88,89.3,85.84,91.96,90.26
"5493",15,1996,86.35,87.51,87.35,85.38,88.54,87.89
"5494",16,1996,81.07,83,82.29,81.19,84.84,84.06
"5495",17,1996,75.93,79.48,78.17,77.27,82.21,81.34
"5496",18,1996,74.38,78.75,78.3,76.49,83.93,82.16
"5497",19,1996,72.66,77,77.17,73.31,83.19,79.46
"5498",20,1996,69.48,74.95,74.41,70.01,81.51,76.91
"5499",21,1996,70.51,73.9,75.16,70.8,85.32,76.64
"5500",22,1996,75.82,82.92,82.89,74.64,91.92,88.51
"5501",23,1996,78.6,86.87,84.58,75.17,87.58,90.62
"5502",24,1996,73.67,80.83,79.64,71.83,82.68,85.14
"5503",25,1996,77.97,86.97,86.35,73.82,90.36,89.67
"5504",26,1996,83.56,87.86,87.55,81.73,89.99,89.91
"5505",27,1996,77.52,83.73,84.25,74.75,90.12,87.55
"5506",28,1996,72.79,81.6,81.29,70.12,86.94,85.82
"5507",29,1996,73.2,81.06,83.05,68.53,90.8,88.64
"5508",30,1996,73.54,84.57,84.63,72.56,94.95,91.87
"5509",31,1996,91.22,93.88,92.13,91.46,94.08,91.76
"5510",32,1996,92.73,91.84,91.55,93.13,95.38,91.59
"5511",33,1996,96.85,97.44,97.4,96.64,96.43,97.18
"5512",34,1996,93.88,95.55,94.86,96.26,94.6,96.3
"5513",35,1996,91.81,94.47,92.6,95.38,93.47,94.2
"5514",36,1996,92.08,93.88,90.2,95.32,87.68,92.19
"5515",37,1996,82.53,86.22,84.83,82.69,83.84,87.88
"5516",38,1996,78.64,85.04,83.17,81.45,90.42,88.7
"5517",39,1996,89.2,93.56,91.33,92.09,95.61,94.43
"5518",40,1996,93.14,93.95,92.55,95.77,95.99,96.03
"5519",41,1996,94.35,95.11,93.91,94.02,94.88,95.55
"5520",42,1996,95.33,94.08,93.59,95,92.75,92.49
"5521",43,1996,95.6,95.22,94.21,95.77,94.37,94.8
"5522",44,1996,94.11,93.68,94.64,93.41,94.76,93.85
"5523",45,1996,96.12,95.8,95.03,96.43,92.64,95.47
"5524",46,1996,96.53,96.31,95.96,96.44,94,95.17
"5525",47,1996,93.81,94.97,94.72,93.83,94.49,95.11
"5526",48,1996,92.18,92.24,91.71,92.77,93.76,93.39
"5527",49,1996,90.44,91.38,91.16,90.74,90.67,92.35
"5528",50,1996,90.59,91.04,91.91,90.87,90.98,91.73
"5529",51,1996,87.94,87.17,87.42,86.6,88.03,88.17
"5530",52,1996,80.77,82.59,83.11,81.19,87.32,83.11
"5531",53,1996,76.48,79.39,79.02,77.91,83.75,81.01
"5532",54,1996,79.98,81.84,81.29,80.51,83.62,83.6
"5533",55,1996,89.63,92.17,90.9,90.91,93.48,94.55
"5534",56,1996,96.27,95.88,95.8,96.42,94.97,95.22
"5535",57,1996,94.34,93.66,94.12,93.44,93.05,95.21
"5536",58,1996,94.38,94.24,93.72,93.69,92.32,95.05
"5537",59,1996,94.77,95.99,95.12,95.45,93.13,96.68
"5538",60,1996,90.69,92.18,91.19,90.96,92.67,91.53
"5539",61,1996,96.08,95.3,94.61,96.15,90.85,94.8
"5540",62,1996,96.13,95.55,96.53,95.52,96.49,95.88
"5541",63,1996,95.48,95.03,95.15,95.64,94.5,94.07
"5542",64,1996,91.2,92,92.82,89.94,93.92,93.41
"5543",65,1996,86.27,87.62,86.93,85.82,86.87,88.08
"5544",66,1996,79.04,82.45,84.09,78.17,90.6,86.72
"5545",67,1996,81.77,89.57,90.19,81.33,95.18,92.37
"5546",68,1996,86.73,87.91,88.39,88.81,91.62,88.96
"5547",69,1996,90.76,94.88,93.66,92.83,94.93,94.56
"5548",70,1996,96.43,96.48,95.37,95.66,92.67,95.69
"5549",71,1996,93.02,93.37,92.24,93.12,92.25,94.25
"5550",72,1996,93.25,91.83,91.42,93.29,88.91,92.28
"5551",73,1996,85.52,85.42,86.47,82.56,88.25,85.36
"5552",74,1996,70.79,72.28,75.44,69.8,79.86,74.19
"5553",75,1996,71.89,76.49,75.36,72.19,78.91,81.21
"5554",76,1996,78.36,78.64,79.24,76.9,81.7,82.43
"5555",77,1996,76.19,77.96,78.48,75.81,84.68,83.47
"5556",78,1996,74.28,79.03,78.56,74.95,84.2,81.9
"5557",79,1996,81.78,82.32,85.24,79.01,88.49,83.69
"5558",80,1996,85.63,87.15,87.27,84.33,90.11,86.64
"5559",81,1996,87.8,86.67,88.72,86.87,90.42,85.27
"5560",82,1996,90.19,90.26,90.57,89,89.03,89.21
"5561",83,1996,93.93,92.88,93.62,92.54,92.83,91.51
"5562",84,1996,92.77,91.88,91.92,91.58,93.12,92.9
"5563",85,1996,91.59,92.05,90.81,93.46,90.79,91.56
"5564",86,1996,89,87.05,88.17,88.69,86.51,87.5
"5565",87,1996,87.74,86.54,86.41,88.17,85.5,85.87
"5566",88,1996,90.07,92.57,91.65,89.51,92.05,94.8
"5567",89,1996,91.11,93.87,92.05,90.21,91.67,96.61
"5568",90,1996,91.46,89.65,90.29,89.34,91.6,90.16
"5569",91,1996,92.37,90.77,90.25,90.73,88.46,91.12
"5570",92,1996,89.33,90.18,91.31,87.35,89.09,90.06
"5571",93,1996,91.39,92.56,91.74,91.41,92.38,93.22
"5572",94,1996,89.32,90.85,89.89,89.3,89.63,91.35
"5573",95,1996,92.62,91.15,91.91,90.87,92.16,90.66
"5574",96,1996,93.44,92.03,93.28,92.7,94.75,91.89
"5575",97,1996,93.06,91.95,90.47,93.97,91.4,90.6
"5576",98,1996,89.55,92.09,90.32,92.1,91.42,93.03
"5577",99,1996,96.75,96.77,96.71,96.09,94.38,95.32
"5578",100,1996,90.97,90.13,90.29,90.21,91.14,88.6
"5579",101,1996,89.06,91.23,90.42,88.72,92.68,91.69
"5580",102,1996,92.94,92.4,93.1,91.93,91.96,92.97
"5581",103,1996,91.74,91.28,90.3,91.5,89.85,90.44
"5582",104,1996,86.98,86.72,88.02,86.6,90.21,86.86
"5583",105,1996,81.54,82.68,82.99,81,85.96,84.25
"5584",106,1996,75.67,81.9,83.05,74.26,88.96,88.36
"5585",107,1996,80.49,85.23,84.14,75.42,89.33,88.73
"5586",108,1996,88.86,90.76,89.57,84.74,92.95,91.21
"5587",109,1996,87.16,89.99,88.47,86.35,93.2,91.52
"5588",110,1996,96.09,95.9,97.79,92.24,99.12,98.34
"5589",111,1996,86.42,85.55,89.06,82.47,89.62,86.14
"5590",112,1996,84.48,87.55,85.9,84.22,88.11,86.17
"5591",113,1996,91.74,91.73,89.83,91.08,89.46,92.86
"5592",114,1996,92.35,95.7,94.1,93.99,94.06,95.57
"5593",115,1996,93.76,92.9,92.4,94.4,92.3,91.71
"5594",116,1996,94.82,95.25,94.39,93.63,93.18,95.14
"5595",117,1996,89.9,88.46,86.64,90.05,87.15,89.56
"5596",118,1996,90.25,91.97,91.04,90.91,92.3,91.91
"5597",119,1996,91.29,92.69,91.58,92.98,92.42,93.27
"5598",120,1996,94.69,95.21,95.87,94.32,96.11,96.29
"5599",121,1996,98.55,97.23,98.66,97.97,99.57,96.81
"5600",122,1996,91.73,90.84,91.24,91.27,90.88,90.87
"5601",123,1996,89.23,90.01,89.88,88.73,92.2,91.19
"5602",124,1996,92.35,91.98,91.48,92.13,91.64,92.85
"5603",125,1996,93.15,94.32,94.17,94.13,96.16,94.81
"5604",126,1996,94.64,93.26,93.17,94.96,93.61,93.26
"5605",127,1996,94.8,94.92,95.27,96.76,97.04,94.82
"5606",128,1996,93.5,93.92,93.74,94.03,93.98,93.64
"5607",129,1996,95.65,95.92,94.2,96.15,94.57,95.9
"5608",130,1996,96.43,96.85,96.93,95.47,95.18,96.82
"5609",131,1996,95.86,94.78,94.93,95.18,91.34,95.3
"5610",132,1996,97.86,97.26,97.58,97.41,97.28,97.32
"5611",133,1996,95.32,93.92,95.04,96.48,95.35,92.83
"5612",134,1996,93.75,95.15,94.83,93.34,97.46,96.35
"5613",135,1996,93.78,93.43,93.77,91.63,95.73,93.65
"5614",136,1996,94.49,95.4,93.99,95.38,91.05,96.54
"5615",137,1996,87.84,87.93,87.24,87.46,86.18,87.86
"5616",138,1996,85.39,86.87,86,85.54,85.63,86.64
"5617",139,1996,93.47,93.22,93.41,90.77,92.38,92.19
"5618",140,1996,93.23,93.08,92.35,93.58,92.19,93.44
"5619",141,1996,94.85,94.56,93.15,96.01,92.96,93.48
"5620",142,1996,89.92,92.92,93.11,88.77,93.55,94.5
"5621",143,1996,85.02,85.43,85.41,85.58,87.81,89.13
"5622",144,1996,92.51,87.52,88.53,91.63,89.95,83.19
"5623",145,1996,96.44,95.73,94.64,97.31,91.66,94.97
"5624",146,1996,88.46,87.17,89.18,88.12,87.63,86.52
"5625",147,1996,94.32,94,92.55,94.51,92.59,94.04
"5626",148,1996,93.24,91.67,91.48,92.77,91.75,91.65
"5627",149,1996,95.02,94.36,93.92,94.52,94.59,94.22
"5628",150,1996,91.77,91.63,92.05,92.53,93.23,92.64
"5629",151,1996,94.45,94.38,94.65,92.81,90.53,93.89
"5630",152,1996,91.97,94.52,93.13,93.59,92.98,96.13
"5631",153,1996,95.94,95.66,96.12,95.5,95.62,97.53
"5632",154,1996,96.82,97.27,97.63,95.52,98.59,97.35
"5633",155,1996,97,97.25,95.94,97.84,95.57,97.98
"5634",156,1996,87.74,86.27,86.1,87.61,85.49,89.09
"5635",157,1996,94.16,91.95,91.13,95.41,88.83,91.71
"5636",158,1996,94.48,93.17,93.98,94.1,91.52,93.67
"5637",159,1996,94.23,94.37,94.82,94.28,93.23,94.13
"5638",160,1996,93.32,93.96,93.7,92.35,97.07,95.87
"5639",161,1996,97.26,97.46,99.29,94.84,96.11,97.18
"5640",162,1996,91.21,91.12,91.35,91.11,90.04,91.04
"5641",163,1996,93.52,92.74,93.79,91.79,94,91.9
"5642",164,1996,93.86,93.98,95.01,93.06,94.4,95.2
"5643",165,1996,94.05,93.14,92.34,93.82,92.68,94.31
"5644",166,1996,93.93,94.07,94.48,92.73,93.06,96.17
"5645",167,1996,95.81,94.62,94.24,95.16,93.59,95.01
"5646",168,1996,95.21,94.15,93.55,94.26,90.77,93.66
"5647",169,1996,93.34,92.47,92.54,93.12,91.94,92.31
"5648",170,1996,93.5,93.49,92.13,94.84,89.83,92.84
"5649",171,1996,93.61,92.46,92.75,94.26,91.5,92.79
"5650",172,1996,92.87,91.19,91.7,90.75,91.29,90.51
"5651",173,1996,91.92,89.41,92.58,89.61,93.08,88.91
"5652",174,1996,98.25,94.67,94.7,97.49,93.29,94.14
"5653",175,1996,95.26,94.77,94.25,95.46,93.27,95.34
"5654",176,1996,97.06,97.77,96.74,97.72,96.42,97.77
"5655",177,1996,94.69,92.35,92.45,93.55,90.68,92.7
"5656",178,1996,88.73,86.89,89.39,87.57,91.52,88.66
"5657",179,1996,90.58,90.32,90.32,88.2,90.26,87.34
"5658",180,1996,91.43,91.63,90.72,90.67,89.37,90.37
"5659",181,1996,99.41,99.6,99.54,98.06,99.36,99.43
"5660",182,1996,90.58,89.55,89.35,90.54,87.81,89.03
"5661",183,1996,82.83,80.02,81.97,80.28,81.48,79.71
"5662",184,1996,82.49,81.15,81.99,80.07,79.67,81.43
"5663",185,1996,82.8,83.95,84.24,82.87,87.43,90.01
"5664",186,1996,90.06,91.83,90.93,90,90.22,91.17
"5665",187,1996,95.45,93.77,92.67,94.27,92.42,92.51
"5666",188,1996,93.41,92.88,93.84,93.69,93.91,93.88
"5667",189,1996,90.32,88.31,89.25,88.77,89.04,88.14
"5668",190,1996,87.92,87.57,88.01,87.53,88.73,88.04
"5669",191,1996,94.07,92.61,92.73,91.85,94.18,92.23
"5670",192,1996,94.04,95.11,94.72,92.45,92.62,95
"5671",193,1996,95.94,95.72,96.38,94.37,96.47,95.98
"5672",194,1996,93.22,91.22,93.09,91.28,91.98,91.71
"5673",195,1996,92.57,92.28,92.62,91.78,92.2,92.77
"5674",196,1996,95.02,95.29,95.59,94.65,94.99,95.25
"5675",197,1996,94.01,93,94.23,93.12,95.54,95.06
"5676",198,1996,95.32,95.11,94.89,95.2,95.21,93.67
"5677",199,1996,93.21,94.85,93.51,92.9,92.78,94.8
"5678",200,1996,96.99,96.07,96.56,95.81,95.56,95.01
"5679",201,1996,95.75,94.96,94.48,94.7,90.78,94.91
"5680",202,1996,95.18,94.88,94.13,95.23,92.32,95.59
"5681",203,1996,96.05,96.39,96.39,96.67,95.62,97.15
"5682",204,1996,96.48,95.58,95.48,96.32,93.68,93.8
"5683",205,1996,93.89,93.64,93.34,91.77,92.62,92.2
"5684",206,1996,89.34,87.97,88.17,87.42,88.81,88.5
"5685",207,1996,89.93,89.09,89.9,88.47,90.76,91.08
"5686",208,1996,90.71,89.25,88.86,90.37,87.28,89.55
"5687",209,1996,94.35,94.12,93.84,94.01,93,93.07
"5688",210,1996,94.99,94.24,93.07,95.67,91.36,93.52
"5689",211,1996,96.72,95.73,96.11,96.79,96.84,95.28
"5690",212,1996,95.16,94.34,94.95,94.41,94.97,93.86
"5691",213,1996,95.38,94.04,94.08,94.59,93.33,94.45
"5692",214,1996,92.1,92.82,92.45,90.13,92.13,95.29
"5693",215,1996,91.47,91.74,91.66,90.68,93.09,91.85
"5694",216,1996,92.9,92.34,92.69,92.62,91.78,92.62
"5695",217,1996,93.22,92.49,91.9,94.19,92.89,92.67
"5696",218,1996,91.02,90.82,91.14,91.69,91.35,91.67
"5697",219,1996,91.91,93.32,92.13,92.39,93.16,95.33
"5698",220,1996,90.08,89.47,89.43,88.66,88.13,89.32
"5699",221,1996,91.73,92.3,91.53,92.31,91.58,93.21
"5700",222,1996,90.35,89.57,89.21,91.66,88.84,89.11
"5701",223,1996,93.5,91.53,91.47,93.69,90.03,90.61
"5702",224,1996,90.51,90.18,89.97,90.28,91.83,89.86
"5703",225,1996,89,87.48,90.42,87.49,92.23,87.93
"5704",226,1996,89.42,88.74,89.27,89.27,89.63,87.85
"5705",227,1996,90.58,89.59,90.84,90,90.45,90.87
"5706",228,1996,90.54,90.25,90.05,89.75,90.91,89.11
"5707",229,1996,92.14,91.68,92.12,92.23,93.64,91.21
"5708",230,1996,91.81,91.29,92.81,90.94,94.25,91.54
"5709",231,1996,88.93,87.7,89.83,86.76,90.02,87.81
"5710",232,1996,89.33,90.71,90,90.11,92.12,92.24
"5711",233,1996,90.56,91.75,91.32,89.34,92.63,91.06
"5712",234,1996,91.79,90.68,91.19,89.91,91.4,91.67
"5713",235,1996,90.2,89.13,90.07,89.82,90.2,88.97
"5714",236,1996,90.64,90.36,91.27,90.36,91.64,91.34
"5715",237,1996,90.74,90.54,91.25,90.29,91.7,90.6
"5716",238,1996,90.47,89.9,90.82,88.97,88.9,89.61
"5717",239,1996,88.73,89,89.99,89.99,91.7,88.53
"5718",240,1996,91.13,90.43,90.44,90.84,88.76,88.92
"5719",241,1996,90.34,89.76,90.73,90.04,89.04,87.72
"5720",242,1996,92.35,91.62,92.42,93.12,91.48,91.7
"5721",243,1996,91.88,92.7,91.19,93.01,91.12,93.96
"5722",244,1996,89.65,89.06,88.91,91.33,89,88.69
"5723",245,1996,91.38,91.85,92.26,91.21,90.81,92.81
"5724",246,1996,93.97,93.21,92.75,94.32,93.13,93.45
"5725",247,1996,88.45,87.82,89.01,87.55,89.11,87.3
"5726",248,1996,86.99,87.17,87.42,86.62,88.56,86.68
"5727",249,1996,90.49,89.53,88.13,92.43,86.99,89.7
"5728",250,1996,93.86,91.52,92.96,91.81,91.77,90.1
"5729",251,1996,90.36,88.42,89.68,88.72,88.83,89.53
"5730",252,1996,87.72,86.15,86.36,86.94,85.65,86.4
"5731",253,1996,87.84,86.35,86.77,87.57,86.69,86.43
"5732",254,1996,92.08,91.37,91.02,91.55,90.46,90.8
"5733",255,1996,96.1,94.06,94.73,97.09,94.53,92.58
"5734",256,1996,93.35,92.29,93.45,91.73,91.79,91.96
"5735",257,1996,89.7,89.23,89.91,90.45,91.23,89.26
"5736",258,1996,93.04,92.31,92.23,92.07,89.1,92.09
"5737",259,1996,93.01,91.98,92.28,93.18,91.89,92.26
"5738",260,1996,92.05,91.53,91.6,91.75,91.47,90.24
"5739",261,1996,89.52,89.51,90.42,89.36,91.57,90.13
"5740",262,1996,90.73,91.87,91.36,93.64,91.83,92.5
"5741",263,1996,90.54,89.62,90.27,89.67,90.62,89.79
"5742",264,1996,93.69,92.66,94.08,92.58,93.61,92.97
"5743",265,1996,94.2,92.23,92.54,93.13,91.29,90.88
"5744",266,1996,88.14,86.4,87.74,86.55,87.57,86.13
"5745",267,1996,89.06,87.56,88.43,87.29,89.06,87.83
"5746",268,1996,88.77,89.78,89.03,89.13,86.92,89.09
"5747",269,1996,90.5,90.21,91.88,90.52,92.09,90.99
"5748",270,1996,93.55,90.88,92.99,94,93.02,89.92
"5749",271,1996,92.01,91.99,93.28,91.57,93.28,91.67
"5750",272,1996,89.53,88.7,89.99,88.97,90.73,88.21
"5751",273,1996,92.09,91.31,91.8,90.63,90.07,90.19
"5752",274,1996,95.38,96.83,96.56,95.5,96.22,97.66
"5753",275,1996,92.4,91.75,91.04,92.03,91.58,91.86
"5754",276,1996,87.56,87,87.44,87.23,86.89,86.52
"5755",277,1996,87.76,88.51,87.88,88.5,88.29,89.27
"5756",278,1996,90.86,88.32,88.62,88.95,86.67,87.86
"5757",279,1996,89.06,89.44,89.02,89.98,90.67,88.82
"5758",280,1996,88.63,87.7,89.76,88.54,90.32,89.35
"5759",281,1996,93.32,92.14,92.04,93.42,90.28,90.12
"5760",282,1996,90.43,89.72,90.63,89.84,90.88,89.14
"5761",283,1996,93.74,92.79,93.9,91.1,93.44,92.58
"5762",284,1996,89.27,87.98,89.1,89.48,87.28,86.86
"5763",285,1996,89.65,90.13,90.22,89,88.47,88.78
"5764",286,1996,92.73,89.2,92.37,88.59,91.75,88.34
"5765",287,1996,94.52,92.88,94.69,92.33,94.47,91.84
"5766",288,1996,94.49,93.6,94.61,93.45,91.31,92.24
"5767",289,1996,96.6,96.06,96.65,96.08,94.63,95.32
"5768",290,1996,94.77,94.18,94.36,93.59,92.89,93.44
"5769",291,1996,88.76,87.69,88.37,89.29,87.5,86.24
"5770",292,1996,86.6,86.41,85.78,86.87,87.42,85.42
"5771",293,1996,88.84,88.7,88.13,89.93,87.47,88.34
"5772",294,1996,88.47,87.8,88.05,88.19,87.24,87.29
"5773",295,1996,93.33,90.77,93.19,91.14,92.07,91.11
"5774",296,1996,93.41,91.01,92.69,92.63,91.21,91.4
"5775",297,1996,93.06,93.38,93.54,92.38,91.52,91.86
"5776",298,1996,90.49,89.59,90.12,90.15,86.59,88.11
"5777",299,1996,89.85,89.1,88.84,90.86,88.06,87.87
"5778",300,1996,92.2,90.34,92.26,92.33,88.9,89.85
"5779",301,1996,94.05,93.6,93.53,93.17,90.35,92.13
"5780",302,1996,90.56,92.44,93.18,89.9,95.4,93.49
"5781",303,1996,91.27,89.51,89.18,92.16,89.51,90.36
"5782",304,1996,92.12,92.42,92.5,90.81,91.99,92.03
"5783",305,1996,91.01,91.32,90.13,91.16,89.27,90.36
"5784",306,1996,90.04,88.92,88.1,90.59,85.81,87.85
"5785",307,1996,89.28,88.24,88.79,88.71,86.15,87.27
"5786",308,1996,87.2,87.17,87.64,87.97,87.69,87.37
"5787",309,1996,86.38,86.56,87.23,87.18,88.76,86.59
"5788",310,1996,91.59,90.96,91.14,91.64,89.96,91.13
"5789",311,1996,91.44,90.83,91.64,91.69,92.38,90.76
"5790",312,1996,90,89.23,91.34,88.96,92.46,89.59
"5791",313,1996,89.43,89.34,89.2,90.11,88.7,89.68
"5792",314,1996,89.89,89.77,90.51,89.93,90.18,89.42
"5793",315,1996,91.15,90.69,91.12,90.85,90.76,90.7
"5794",316,1996,95.83,95.64,95.61,95.37,93.85,95.58
"5795",317,1996,94.51,95.07,94.98,93.81,94.14,95.18
"5796",318,1996,91.33,92.16,90.64,93.09,90.54,91.97
"5797",319,1996,90.68,91.85,90.7,92.74,91.01,92.3
"5798",320,1996,89.15,89.07,88.29,90.76,88.36,88.11
"5799",321,1996,90.76,91.43,90.07,92.23,88.32,89.78
"5800",322,1996,88.65,89.65,89.11,89.86,88.6,90.02
"5801",323,1996,84.26,83.55,84.34,83.34,88.03,85.47
"5802",324,1996,83.53,85.34,87.26,82.91,90.2,87.47
"5803",325,1996,87.97,89.61,89.94,87.5,91.35,92.15
"5804",326,1996,94.01,95.36,95.41,94.68,96.89,95.16
"5805",327,1996,88.95,89.22,88.8,89.93,89,90.54
"5806",328,1996,86.08,86.73,86.03,88.26,86.09,87.49
"5807",329,1996,91.91,91.23,91.43,91.49,90.56,92.31
"5808",330,1996,93.34,93.05,94.13,92.74,95.04,94.51
"5809",331,1996,94.45,94.02,94.55,94.34,93.99,95.15
"5810",332,1996,90.77,90.72,90.74,90.72,89.66,91.17
"5811",333,1996,96.26,95.39,96.25,95.44,96.61,94.38
"5812",334,1996,93,93.06,92.8,93.26,91.68,91.63
"5813",335,1996,89.06,89.64,88.78,90.26,89.46,90.87
"5814",336,1996,94.06,94.33,93.71,93.05,93.06,95.04
"5815",337,1996,90.68,91.31,90.3,91.05,90.27,91.82
"5816",338,1996,89.64,90.61,90.28,89.1,88.6,91.2
"5817",339,1996,92.02,91.06,92.09,91.31,90.38,93.9
"5818",340,1996,94.76,95.14,95.92,94.04,93.04,94.98
"5819",341,1996,95.41,95.59,94.62,95.72,94.3,95.92
"5820",342,1996,91.64,91.56,90.71,93.57,88.86,93.61
"5821",343,1996,88.07,88.92,89.77,88.83,87.95,88.57
"5822",344,1996,87.92,88.61,88.72,89.61,89.72,87.75
"5823",345,1996,86.8,89.74,88.45,88.48,87.76,90.73
"5824",346,1996,93.96,94.2,94.84,94.97,92.88,94.48
"5825",347,1996,90.57,90.62,89.26,91.92,87.52,90.31
"5826",348,1996,91.9,91.27,91.57,92.71,94.14,91.43
"5827",349,1996,95.18,95.5,94.7,94.57,94.52,95.77
"5828",350,1996,94.47,94.02,94.76,94.25,92.8,93.81
"5829",351,1996,89.66,89.31,89.94,89.88,88.78,90.08
"5830",352,1996,89.4,89.95,90.2,90.05,91.19,90.86
"5831",353,1996,89.07,88.87,87.68,90.28,89.02,90.24
"5832",354,1996,89,89.22,89.98,89.04,90.36,89.82
"5833",355,1996,90.58,90.97,89.49,91.37,87.61,90.33
"5834",356,1996,89.65,90.85,89.31,91.42,91.76,91.57
"5835",357,1996,89.07,89.78,88.7,89.92,88.8,89.58
"5836",358,1996,89.1,88.22,88.65,89.32,89.21,87.24
"5837",359,1996,86.74,88.7,89.36,86.87,91.06,87.86
"5838",360,1996,89.76,91.29,91.24,89.41,92.26,92.17
"5839",361,1996,88.81,90.43,91.12,88.04,91.58,89.95
"5840",362,1996,81.62,84.59,87.08,82,92.33,87.21
"5841",363,1996,78.63,81.26,80.85,80.05,85.83,83.01
"5842",364,1996,77.68,80.97,79.22,80,85.03,81.83
"5843",365,1996,78.77,81.73,80.81,80.41,87.26,84.44
"5844",366,1996,80.75,82.63,83.11,81.57,89.05,84.39
"5845",1,1997,83.48,86.04,84.98,84.22,87.23,86.76
"5846",2,1997,82.62,86.18,85.45,81.98,89.2,86.98
"5847",3,1997,76.89,80.45,80.31,77.28,86.77,84.34
"5848",4,1997,73.18,79.55,79.51,74.15,88.3,83.9
"5849",5,1997,73.99,80.53,80.53,74.34,86.7,84.46
"5850",6,1997,74.85,79.12,80.01,73.6,86.66,83.36
"5851",7,1997,71.66,76.97,79.04,70.5,88.34,82.22
"5852",8,1997,75.43,83.02,83.45,73.86,89.8,88.29
"5853",9,1997,84.83,89.06,86.41,84.37,89.56,90.08
"5854",10,1997,93.45,93.3,92.39,92.27,93.94,92.85
"5855",11,1997,90.84,91.13,91.57,91.77,95.28,91.11
"5856",12,1997,92,92.26,93,92.64,95.57,93.91
"5857",13,1997,90.86,92.37,92.16,93.04,94.03,94.5
"5858",14,1997,87.96,88.6,88.81,88.57,90.63,89.12
"5859",15,1997,91.96,93.51,93.56,92.36,93.81,94.15
"5860",16,1997,93.37,93.62,93.13,93.18,92.01,94.09
"5861",17,1997,93.26,94.75,95.27,92.13,93.92,94.19
"5862",18,1997,85.4,86.63,86.12,83.89,86.59,87.87
"5863",19,1997,74.28,77.84,76.48,74.9,81.04,80.08
"5864",20,1997,71.57,74.44,72.86,73.33,84.32,76.21
"5865",21,1997,72.12,74.92,74.78,73.06,87.8,77.45
"5866",22,1997,71.39,76.15,77.04,71.4,91.46,83.16
"5867",23,1997,73.36,80.78,84.28,71.88,90.39,85.91
"5868",24,1997,77.32,81.84,84.71,73.49,88.36,84.91
"5869",25,1997,78.95,84.69,86.15,73.59,90.33,87.36
"5870",26,1997,80.27,85.89,85.53,79.37,89.89,87.69
"5871",27,1997,79.71,84.33,84.19,78.05,87.23,85.13
"5872",28,1997,73.81,81.22,82.47,71.95,87.11,85.32
"5873",29,1997,64.16,72.48,73.52,63.31,81.49,76.8
"5874",30,1997,57.93,66.9,66.87,57.95,77.46,70.36
"5875",31,1997,62.97,70.74,70.6,62.38,82.29,75.23
"5876",32,1997,65.87,71.69,74.17,63.65,83.24,77.47
"5877",33,1997,63.63,71.66,72.45,62.86,79.66,76.15
"5878",34,1997,73.24,83.41,81.97,72.77,87.31,87.34
"5879",35,1997,83.56,88.36,88.75,80.26,92.18,91.1
"5880",36,1997,94.33,93.5,93.95,93.32,92.65,92.3
"5881",37,1997,96.27,95.53,95.46,95.17,91.61,94.57
"5882",38,1997,95.14,96.62,96.16,96.29,97.24,97.6
"5883",39,1997,94.17,96.28,94.52,96.4,93.53,96.46
"5884",40,1997,93.91,94.58,94.31,94.01,95.7,95.48
"5885",41,1997,92.76,93.8,93.01,94.33,92.11,94.91
"5886",42,1997,95.35,94.56,94.9,94.03,93.72,94.47
"5887",43,1997,93.76,94.83,95.35,93.35,97.46,95.05
"5888",44,1997,96.05,94.51,93.78,94.75,93.71,94.99
"5889",45,1997,94.65,96.23,95.17,96.54,96.12,97.14
"5890",46,1997,93.7,92.91,92.03,94.89,91.74,93.01
"5891",47,1997,85.78,87.77,87.88,86.26,94.3,89.96
"5892",48,1997,90.44,94.61,95.69,88.42,99.08,98.57
"5893",49,1997,89.74,93.94,94.38,89.13,97.34,96.27
"5894",50,1997,81.04,87.11,87.53,80.3,93.76,91.18
"5895",51,1997,84.26,89.64,90.73,82.27,94.77,94.02
"5896",52,1997,90,93.9,94.53,88.82,97.53,94.91
"5897",53,1997,97.54,97.67,97.82,96.63,96.37,97.47
"5898",54,1997,95.41,96.07,95.68,96.89,97.1,96.82
"5899",55,1997,96.57,97.05,97.43,96.68,98.54,97.78
"5900",56,1997,95.78,96.8,96.53,95.24,96.81,96.78
"5901",57,1997,95.9,96.76,96.18,95.7,96.29,96.93
"5902",58,1997,92.28,92.87,94.55,89.86,96.45,94.25
"5903",59,1997,89.58,93.12,95.13,83.31,95.08,94.96
"5904",60,1997,81.31,86.84,87.32,79.23,92.96,92.01
"5905",61,1997,70.29,73.03,72.59,72.43,80.8,76.54
"5906",62,1997,66.96,70.21,67.94,69.16,75.08,72.24
"5907",63,1997,68.58,71.46,72.21,68.51,83.1,74.69
"5908",64,1997,69.66,73.35,75.77,69.04,91.11,77.85
"5909",65,1997,75.24,82.23,85.5,74.44,92.38,88.5
"5910",66,1997,85.1,87.84,89.37,86.58,92.27,90.24
"5911",67,1997,92.95,94.41,95.56,92.84,95.87,94.36
"5912",68,1997,95.98,98.09,98,96.28,97.96,98.57
"5913",69,1997,89.18,90,92.06,88.17,96.16,91.47
"5914",70,1997,92.37,93.45,95.05,89.28,96.29,94.81
"5915",71,1997,95.53,96.18,95.8,95.5,95.83,96.73
"5916",72,1997,94.05,95.84,95.89,95.36,95.1,96.3
"5917",73,1997,93.69,93.78,92.77,94.57,94.39,94.57
"5918",74,1997,93.49,93.41,93.69,92.04,95.44,94.16
"5919",75,1997,93.27,92.4,92.28,94.21,92.93,92.8
"5920",76,1997,91.94,92.85,92.13,92.68,93.17,93.35
"5921",77,1997,91.55,91.49,92.02,90.67,89.81,91.27
"5922",78,1997,88.93,90,91.9,82.5,95.74,92.91
"5923",79,1997,82.92,83.33,85.04,78.2,88.34,86.44
"5924",80,1997,79.24,81.22,84.86,74.12,90.19,85.41
"5925",81,1997,73.89,78.77,82.39,69.88,88.18,84.03
"5926",82,1997,67.18,71.63,73.09,64.75,77.47,75
"5927",83,1997,64.54,70.59,69.45,66.45,78.26,75.86
"5928",84,1997,72.19,79.89,77.38,73.45,83.88,81.52
"5929",85,1997,81.24,89.82,85.43,84.47,91.64,92.31
"5930",86,1997,74.35,77.4,76.74,72.71,85.61,80.01
"5931",87,1997,62.18,67.42,67.45,60.44,75.97,73.05
"5932",88,1997,66.51,71.98,73.54,62.66,78.59,75.42
"5933",89,1997,76.8,78.41,78.5,71.28,78.55,80.66
"5934",90,1997,77.45,78.99,81.5,72.75,87.15,81.14
"5935",91,1997,88.97,90.5,91.37,86.33,92.98,91.23
"5936",92,1997,84.15,86.47,85.72,84.66,87.62,90.58
"5937",93,1997,87.17,86.89,88.58,83.76,88.11,86.54
"5938",94,1997,92.17,92.47,92.16,90.66,92.67,92.52
"5939",95,1997,93.27,95.32,95.44,94.75,95.57,95.88
"5940",96,1997,93.68,93.77,92.87,95.46,96.97,93.91
"5941",97,1997,94.43,95.27,94.83,95,95.82,96.84
"5942",98,1997,92.32,92.83,92.71,92.32,93.16,94.09
"5943",99,1997,94.39,92.55,94.04,93.78,93.01,91.69
"5944",100,1997,94.02,94.5,93.84,94.32,94.61,95.25
"5945",101,1997,95.33,93.86,95.17,94.45,95.38,94.4
"5946",102,1997,95.92,96.01,95.72,95.99,96.9,96.42
"5947",103,1997,95.36,95.22,95.4,94.69,94.93,93.54
"5948",104,1997,90.35,88.74,90.12,89.3,92.95,88.58
"5949",105,1997,91.97,89.38,89.77,91.67,88.72,88.98
"5950",106,1997,86.37,86.17,87.45,87.48,90.81,87.59
"5951",107,1997,93.9,94.33,94.77,93.36,90.53,91.64
"5952",108,1997,94.61,95.03,94.42,95.91,95.47,95.15
"5953",109,1997,94.53,94.44,94.26,94.61,92.47,95.08
"5954",110,1997,94.58,94.56,92.92,95.67,94.52,93.32
"5955",111,1997,97.65,96.3,96.67,97.16,96.83,95.8
"5956",112,1997,90.94,89.87,89.87,91.04,91.39,90.35
"5957",113,1997,92.58,92.16,92.94,90.61,91.37,93.46
"5958",114,1997,88.68,88.1,87.84,90.47,90.77,87.38
"5959",115,1997,93.77,90.96,90.58,93.82,89.09,89.05
"5960",116,1997,95.98,95.12,94.97,95.8,93.61,94.73
"5961",117,1997,94.27,93.81,91.97,93.48,90.53,93.16
"5962",118,1997,86.36,85.62,86.66,85.22,87.47,86.62
"5963",119,1997,92.64,91.86,94.44,89.87,95.38,92.79
"5964",120,1997,90.43,88.9,91.41,89.25,91.08,89.14
"5965",121,1997,91.02,91.28,91.13,92.68,92.53,92.72
"5966",122,1997,94.47,92.58,93.46,93.6,91.59,92.96
"5967",123,1997,96.34,95.3,95.94,96.24,94.65,94.4
"5968",124,1997,96.96,97.35,96.72,98.32,97.59,97.91
"5969",125,1997,97.1,97.29,96.7,96.98,98.67,97.48
"5970",126,1997,97.37,98.24,97.69,97.45,98.29,98.55
"5971",127,1997,94.53,95.43,95.79,95.4,96,96.72
"5972",128,1997,95.71,95.76,94.92,96.3,96.31,96.87
"5973",129,1997,94.85,93.34,94.49,93.19,94.33,93.65
"5974",130,1997,97.03,98.47,98.12,97.41,97.08,97.98
"5975",131,1997,93.79,95.13,94.53,93.13,94.91,95.5
"5976",132,1997,95.7,96.44,95.2,96.12,95.55,97.44
"5977",133,1997,91.76,92.01,91.79,92.55,93.43,92.16
"5978",134,1997,91.59,88.92,90.09,90.93,90.36,88.18
"5979",135,1997,94.3,92.64,94.59,93.4,94.82,91.86
"5980",136,1997,92.25,90.94,92.65,90.45,91.7,92.48
"5981",137,1997,91.87,92.67,91.05,90.82,89.88,92.76
"5982",138,1997,92.23,91.09,91.57,92.62,92.49,91.01
"5983",139,1997,93.47,92.8,92.81,93.27,93.15,93.1
"5984",140,1997,94.59,93.44,93.89,94.67,92.25,94.33
"5985",141,1997,94.74,94.06,93.03,95.99,92.12,94.89
"5986",142,1997,92.73,92.68,90.92,93.23,90.61,92.12
"5987",143,1997,91.53,92.5,93.58,93.88,95.1,94.73
"5988",144,1997,97.87,97.27,97.99,96.96,98.24,98.08
"5989",145,1997,95.03,92.67,93.15,95.09,92.81,91.83
"5990",146,1997,94.09,94.83,93.96,95.64,92.52,94.96
"5991",147,1997,93.59,93.28,92.45,96.02,92.04,92.67
"5992",148,1997,91.93,92.98,92.1,93.34,90.59,92.44
"5993",149,1997,93.79,93.89,94.22,92.52,94.11,94.09
"5994",150,1997,95.01,94.17,96.64,92.63,95.88,94.24
"5995",151,1997,94.83,95.49,92.81,95.86,93.56,96.49
"5996",152,1997,96.13,95.36,95.65,96.17,96.88,94.46
"5997",153,1997,90.6,90.21,89.9,89.04,90.18,91.13
"5998",154,1997,87.77,85.75,88.65,84.74,88.93,85.26
"5999",155,1997,91.69,88.5,90.9,87.72,89.49,86.73
"6000",156,1997,90.34,90.56,90.25,89.7,88.98,89.39
"6001",157,1997,85.94,86.91,84.03,87.54,84.85,86.43
"6002",158,1997,91.57,90.2,90.67,91.32,90.33,89.3
"6003",159,1997,95.13,95.38,94.7,95.05,93.4,96.18
"6004",160,1997,95.12,95.01,93.24,92.97,91.5,93.26
"6005",161,1997,88.66,88.3,89.66,88.12,91.3,87.02
"6006",162,1997,91.84,90.81,92.19,89.28,90.65,90.28
"6007",163,1997,88.96,87.79,88.03,87.03,87.97,87.4
"6008",164,1997,91.51,90.39,90.36,88.59,90.28,88.67
"6009",165,1997,89.99,89.58,89.2,88.69,88.77,89.18
"6010",166,1997,89.31,86.8,88.33,87.57,87.36,86.48
"6011",167,1997,91.39,90.7,90.11,89.34,90.62,91.68
"6012",168,1997,91.55,91.76,91.33,89.87,91.41,92.97
"6013",169,1997,96.3,95.21,94.36,95.98,93.28,95.6
"6014",170,1997,95.06,93.6,94.38,94.86,93.73,93.61
"6015",171,1997,90.43,87.82,89.3,88.2,88.59,88.41
"6016",172,1997,85.97,85.03,85.59,85.37,89.07,86.95
"6017",173,1997,88.84,87.06,88.3,86.32,87.41,87.2
"6018",174,1997,92.02,92.12,92.96,90.14,92.05,92.13
"6019",175,1997,92.57,92.13,91.78,93.56,90.73,91.95
"6020",176,1997,93.7,93.6,92.69,94.33,92.68,93.68
"6021",177,1997,91.77,90.14,90.6,91.32,89.5,90.44
"6022",178,1997,87.53,86.46,86.77,87.55,85.86,86.04
"6023",179,1997,89.33,89.14,88.55,90.04,87.19,89.68
"6024",180,1997,94.59,94.5,94.59,93.75,94.89,94.86
"6025",181,1997,94.55,94.4,94.2,94.12,93.73,95.17
"6026",182,1997,94.39,93.75,92.7,93.92,91.2,92.3
"6027",183,1997,91.55,90.77,89.6,91.43,89.85,89.24
"6028",184,1997,92.19,91.57,91.78,92.34,92.55,91.09
"6029",185,1997,92.87,90.98,89.99,92.13,87.97,90.73
"6030",186,1997,94.83,94.84,94.15,94.65,91.24,93.73
"6031",187,1997,93.53,92.67,92.08,93.3,90.29,92.42
"6032",188,1997,95.56,95.28,94.8,95.45,94.52,94.33
"6033",189,1997,92.79,90.76,90.78,92.99,91.37,90.24
"6034",190,1997,95.87,94.29,94.57,95.27,92.04,93.23
"6035",191,1997,94.82,94.81,93.45,95.47,90.88,94.87
"6036",192,1997,98.03,98.5,98.31,97.66,97.04,98.28
"6037",193,1997,95.33,93.93,95.68,93.82,94.92,92.68
"6038",194,1997,89.46,89.23,89.28,88.72,88.59,89.09
"6039",195,1997,94.26,91.84,94.06,91.85,89.26,91.39
"6040",196,1997,96.43,96.16,95.43,96.49,93.33,95.69
"6041",197,1997,93.02,93.08,93.77,91.13,92.87,92.71
"6042",198,1997,94.24,94.28,93.78,94.65,92.45,94.85
"6043",199,1997,90.25,88.78,89.54,88.52,88.64,89.04
"6044",200,1997,92.64,91.57,92.39,91.19,91.45,92.29
"6045",201,1997,90.58,91.66,90.28,90.96,92.53,92.46
"6046",202,1997,91.44,92.74,92.16,91.8,93.42,93.72
"6047",203,1997,90.94,90.79,91,90.61,91.92,89.92
"6048",204,1997,94.09,93.11,93.26,91.84,92.88,92.57
"6049",205,1997,91.92,90.94,91.45,91.23,90.79,89.54
"6050",206,1997,93.61,93.09,93.31,94.29,94.12,92.56
"6051",207,1997,91.95,92.02,91.88,92.46,93.5,92.56
"6052",208,1997,89.98,90.11,90.99,89.84,91.41,90.93
"6053",209,1997,89.41,89.72,89.79,89.67,91.32,90.01
"6054",210,1997,87.47,86.57,86.52,88.33,87.16,87.27
"6055",211,1997,90.43,89.22,89.99,89.88,88.37,88.23
"6056",212,1997,88.05,88.55,90.07,88.72,91.21,88.16
"6057",213,1997,93.41,93.41,92.92,93.38,91.22,93.1
"6058",214,1997,91.87,91.26,92.28,90.62,92.88,90.87
"6059",215,1997,89.85,87.82,89.36,90.13,90.32,87.65
"6060",216,1997,87.28,86.49,86.45,86.53,86.88,86.95
"6061",217,1997,92.02,93.17,92.66,91.53,91.67,93.22
"6062",218,1997,94.73,94.21,95.29,93.73,93.66,93
"6063",219,1997,95.35,95.19,95.09,93.64,93.78,96.64
"6064",220,1997,91.64,90.42,92,90.82,94.01,91.1
"6065",221,1997,96.15,95.25,96.15,94.48,97.66,95.49
"6066",222,1997,87.31,87.02,86.77,86.57,88.31,87.5
"6067",223,1997,82.45,83.2,82.28,85.66,84.59,83.77
"6068",224,1997,88.76,89.68,92.2,88.28,90.65,90.75
"6069",225,1997,89.42,89.93,90.97,90.85,91.51,90.52
"6070",226,1997,94.17,93.58,93.79,93.41,93.58,94.59
"6071",227,1997,89.51,88.44,89.95,88.66,90.16,88.19
"6072",228,1997,90.89,89.97,91.32,91.09,91.33,91.36
"6073",229,1997,91.98,91.97,92.22,92.9,91.59,92.12
"6074",230,1997,91.87,90.04,89.42,90.53,90.29,90.06
"6075",231,1997,94.53,92.98,92.69,94.09,91.94,92.81
"6076",232,1997,90.83,89.13,90.19,90.3,90.84,89.3
"6077",233,1997,91.07,89.32,90.64,91,90.17,90
"6078",234,1997,92.17,90.31,91.92,93.06,93.24,92.09
"6079",235,1997,91.43,91.9,90.21,92.63,91.45,93.35
"6080",236,1997,90.61,90.18,90.91,89.09,90.49,89.67
"6081",237,1997,92.57,92.42,92.38,91.96,91.46,92.24
"6082",238,1997,91.95,92.23,92.27,91.24,92.15,94.13
"6083",239,1997,91.95,93.04,92.85,91.93,92.68,93.14
"6084",240,1997,92.22,91.88,92.18,92.31,92.67,91.9
"6085",241,1997,88.82,88.55,89.13,87.63,90,88.16
"6086",242,1997,87.07,87.38,87.71,86.35,88.78,88.21
"6087",243,1997,88.04,88.34,88.19,88.67,88.24,88.84
"6088",244,1997,91.65,91.99,92.56,91.9,92.27,92.44
"6089",245,1997,91.64,92.2,91.28,94.51,92.07,92.12
"6090",246,1997,90.82,88.55,91.57,89.74,91.65,89.24
"6091",247,1997,89.13,88.61,88.64,87.64,87.72,88.85
"6092",248,1997,90.52,89.87,88.76,91.64,87.99,88.54
"6093",249,1997,91.69,91.51,90.71,92.06,89.56,91.88
"6094",250,1997,93.15,93.31,93.06,92.87,92.46,92.68
"6095",251,1997,88.81,88.5,89.47,88.69,88.44,89.14
"6096",252,1997,91.04,90.19,89.85,91.77,87.9,90.02
"6097",253,1997,88.33,86.02,85.74,89.3,84.43,87.15
"6098",254,1997,91.91,91.28,92.47,90.47,91.03,91.03
"6099",255,1997,93.71,92.53,93.35,92.84,92.63,91.53
"6100",256,1997,88.39,86.79,87.9,87.4,86.61,84.75
"6101",257,1997,85.59,83.79,85.92,83.94,85.8,83.59
"6102",258,1997,90.85,90.98,90.75,91.2,90.3,89.65
"6103",259,1997,89.71,89.48,88.85,90.21,87.85,89.92
"6104",260,1997,87.04,87.06,87.54,88.07,89.68,86.56
"6105",261,1997,89.69,89.2,88.77,90.36,89.56,89.49
"6106",262,1997,90.08,87.65,88.31,89.65,86.51,87.41
"6107",263,1997,87.19,86.3,85.81,88.93,84.91,84.82
"6108",264,1997,87.76,89.55,88.03,89.25,87.63,88.99
"6109",265,1997,91.66,92.57,90.82,92.74,91.62,93.04
"6110",266,1997,96.79,96.56,96.45,97.25,94.43,96.09
"6111",267,1997,91.89,92.54,92.69,91.18,91.52,93.26
"6112",268,1997,86.76,88.8,87.54,88.47,92.15,88.93
"6113",269,1997,92.66,90.86,91.48,90.49,91.1,90.58
"6114",270,1997,93.83,93.09,93.42,91.84,91.01,92.78
"6115",271,1997,91.85,90.85,90.98,90.68,89.54,90.66
"6116",272,1997,88.89,90.01,89.16,89.99,88.48,90.13
"6117",273,1997,87.72,86.55,87.03,86.13,86.99,85.6
"6118",274,1997,89.22,87.12,88.15,88.22,87.68,87.91
"6119",275,1997,93.08,90.93,92.92,90.98,90.08,90.65
"6120",276,1997,91.8,91.9,92.22,90.84,90.81,93.3
"6121",277,1997,88.06,86.82,87.16,88.39,86.08,85.43
"6122",278,1997,85.69,86.15,86.54,86.43,88.7,85.01
"6123",279,1997,90.4,90.23,90.25,89.41,89.68,90.67
"6124",280,1997,90.34,88.47,90.5,89.59,90.38,89.34
"6125",281,1997,88.8,89.37,89.87,88.6,89.65,90.73
"6126",282,1997,86.16,86.86,86.19,85.79,85.7,86.73
"6127",283,1997,89.07,88.7,87.47,88.55,85.71,85.64
"6128",284,1997,89.45,89.76,89.79,87.13,88.74,87.05
"6129",285,1997,90.31,89.57,90.26,89.48,90.11,89.43
"6130",286,1997,89.56,87.38,88.57,88.9,87.77,87.07
"6131",287,1997,93.18,92.09,91.35,93.66,88.05,89.37
"6132",288,1997,88.16,86.87,86.23,86.92,84.73,85.42
"6133",289,1997,84.29,82.81,82.58,84.42,82.04,82.14
"6134",290,1997,91.3,90.96,89.52,91.48,87.6,89.41
"6135",291,1997,91.12,91.17,88.8,92.69,83.53,89.86
"6136",292,1997,90.04,89.69,88.33,91.09,89.33,88.67
"6137",293,1997,85.73,86.17,85.33,87.3,85.75,85.38
"6138",294,1997,89.07,86.32,86.13,89.78,85.49,85.18
"6139",295,1997,90.56,89.49,90.3,90.32,88.79,90.82
"6140",296,1997,89.44,90.2,90.13,89.62,88.99,89.13
"6141",297,1997,88.94,87.24,88.48,88.54,87.28,88.04
"6142",298,1997,87.86,86.77,87.64,88.41,86.96,85.45
"6143",299,1997,86.49,86.15,87.54,86.66,87.7,86.62
"6144",300,1997,88.78,88.14,90.27,88.92,90.66,87.9
"6145",301,1997,90.19,91.14,90.3,90.74,90.32,91.32
"6146",302,1997,86.85,87.72,87.57,86.68,86.36,87.48
"6147",303,1997,85.59,88.23,86.87,86,88.22,88.17
"6148",304,1997,91.78,92.56,93.28,91.85,91.71,92.39
"6149",305,1997,94.37,92.2,93.75,93.22,93.44,90.64
"6150",306,1997,93.04,91.12,91.07,93.67,89.94,89.07
"6151",307,1997,91.65,92.54,92.22,93.28,91.18,90.68
"6152",308,1997,93.56,94.03,93.32,94.36,90.98,93.7
"6153",309,1997,89.85,87.99,88.31,89.71,86.97,87.34
"6154",310,1997,88.52,91.37,89.59,88.88,85.64,90.57
"6155",311,1997,94.94,92.78,92.16,95.78,89.24,92.02
"6156",312,1997,93.9,93.19,93.13,94.29,91.07,93.28
"6157",313,1997,90.8,90.07,89.84,92.72,88.01,90.78
"6158",314,1997,89.63,89.22,88.94,89.48,87.51,88.38
"6159",315,1997,84.17,85.31,85.09,84.93,85.4,85.28
"6160",316,1997,83.5,85.08,84.29,85.38,84.08,84.28
"6161",317,1997,81.63,83.37,82.57,82.47,83.93,84.31
"6162",318,1997,83.19,85.55,85.24,83.06,87.76,87.11
"6163",319,1997,89.2,90.11,90.13,89.94,89.89,91.88
"6164",320,1997,87.26,88.6,88.03,88.84,87.58,88.83
"6165",321,1997,92.33,91.48,92.18,91.07,88.63,90.08
"6166",322,1997,94.02,93.29,92.79,94.84,90.11,93.57
"6167",323,1997,90.03,90.7,89.68,90.95,89.7,90.07
"6168",324,1997,90.71,89.13,91.02,87.78,91.54,88.78
"6169",325,1997,90.05,89.5,91.22,88.65,89.36,91.26
"6170",326,1997,90.83,89.23,90.92,89.49,89.83,89.29
"6171",327,1997,93.19,94.9,94.44,93.42,94.57,94.81
"6172",328,1997,95.31,94.97,94.93,94.69,94.25,94.94
"6173",329,1997,92.49,92.94,94.36,91.34,93.39,95.71
"6174",330,1997,89.09,89.1,90.11,88.45,88.48,88.65
"6175",331,1997,84.41,86.5,85.31,84.69,86.3,86.89
"6176",332,1997,84.38,87.73,87,85.25,90.38,89.98
"6177",333,1997,91.23,90.77,91.72,91.05,92.7,92.31
"6178",334,1997,88.12,88.09,87.25,88.2,86.69,88.04
"6179",335,1997,86.22,87.86,85.95,88.46,90.26,88.72
"6180",336,1997,86.79,89.03,86.35,88.91,86.91,89.02
"6181",337,1997,82.31,83.64,84.47,82.4,86.82,84.91
"6182",338,1997,84.16,88.56,86.91,85.06,86.41,89.79
"6183",339,1997,91.05,94.38,92.8,92.11,92.43,94.94
"6184",340,1997,90.36,89.31,90.09,90.95,87.62,89.1
"6185",341,1997,90.57,92.27,91.42,91.91,91.18,93.35
"6186",342,1997,91.34,91.95,91.65,93.58,90.55,91.94
"6187",343,1997,89.74,88.47,90.09,90.27,87.72,87.89
"6188",344,1997,90.18,89.13,89.8,91.22,88.69,89.61
"6189",345,1997,88.48,89.64,91.72,87.13,93.22,90.93
"6190",346,1997,86.26,88.27,88.93,85.34,88.44,89.45
"6191",347,1997,82.89,88.14,86.98,81.96,91.7,89.25
"6192",348,1997,83.13,86.15,85.45,83.67,88.27,87.51
"6193",349,1997,83.4,86.61,88.1,83.86,87.73,89.57
"6194",350,1997,84.11,89.81,89.12,83.35,91.52,93.42
"6195",351,1997,86.65,87.57,88.82,87.48,89.49,89.62
"6196",352,1997,87.37,86.94,88.72,85.66,89.3,86.33
"6197",353,1997,89.91,90.02,92.17,85.6,93.13,91.21
"6198",354,1997,91.45,93.54,93.24,90.8,93.77,94.59
"6199",355,1997,92.05,90.38,91.8,90.34,89.59,87.98
"6200",356,1997,85.93,89.43,91.15,85.71,91.38,90.93
"6201",357,1997,92.21,93.96,92.82,92.64,91.51,94.37
"6202",358,1997,93.33,93.27,92.33,93.45,91.11,93.5
"6203",359,1997,89.4,89.26,90.1,90.11,91.95,88.57
"6204",360,1997,92.91,92.56,94.26,93.06,95.47,92.73
"6205",361,1997,88.64,89.33,89.04,89.13,92.16,89.78
"6206",362,1997,87.15,87.84,86.45,88.41,89.38,88.1
"6207",363,1997,89.45,90.1,88.46,91.31,90.65,90.61
"6208",364,1997,91.49,90.41,89.98,92.49,90.21,89.73
"6209",365,1997,92.48,91.36,90.97,92.57,90.63,90.63
"6210",1,1998,89.41,90.4,90.49,87.96,93.1,91.41
"6211",2,1998,82.08,87.44,88.43,80.85,90.37,90.35
"6212",3,1998,86.99,88.75,90.78,81.44,92.48,89.88
"6213",4,1998,87.66,88.71,88.7,85.69,92.7,90.56
"6214",5,1998,91.68,92.07,91.89,91.16,92.09,91.45
"6215",6,1998,90.03,89.47,89.13,90.8,91.67,88.79
"6216",7,1998,90.58,89.3,89.84,90.92,89.32,88.02
"6217",8,1998,90.47,89.83,89.1,90.8,87.67,88.73
"6218",9,1998,92.84,90.87,91.56,91.52,91.03,90.59
"6219",10,1998,92.93,93.28,92.67,93.08,92.14,92.47
"6220",11,1998,89.21,89.13,88.36,90.74,90.78,88.3
"6221",12,1998,89.1,89.31,87.61,90.28,86.02,87.5
"6222",13,1998,88.37,87.4,86.54,90,87.68,86.68
"6223",14,1998,89.3,89.68,90.31,88.85,90.71,89.05
"6224",15,1998,88.41,89.31,90.27,87.24,91.17,88.8
"6225",16,1998,90.64,92.53,92.01,89.8,92.78,93.9
"6226",17,1998,89.57,90.66,89.94,88.27,91.1,91.88
"6227",18,1998,88.16,87.63,88.46,87.42,89.12,87.15
"6228",19,1998,86.74,86.67,89.52,86.1,90.25,88.46
"6229",20,1998,89.58,89.05,91.42,88.09,90.67,88.59
"6230",21,1998,90.04,90.99,90.84,87.95,91.25,90.63
"6231",22,1998,91.37,90.24,90.93,89.48,90.68,88.71
"6232",23,1998,89.9,89.27,88.47,87.88,89.78,89.06
"6233",24,1998,84.59,85.13,85.61,83.99,87.01,85.02
"6234",25,1998,80.38,81.94,83.78,77.11,85.95,82.89
"6235",26,1998,73.96,77.34,79.42,70.99,84.33,79.42
"6236",27,1998,77.33,79.02,79,74.89,83.38,80.62
"6237",28,1998,82.37,83.47,84.2,79.98,85.8,84.33
"6238",29,1998,87.27,88.47,88.97,86.66,89.26,88.18
"6239",30,1998,88.88,88.48,88.1,86.51,88.23,87.12
"6240",31,1998,87.49,85.39,86.96,84.75,84.42,85.05
"6241",32,1998,86.81,88.74,86.9,87.58,85.58,88.9
"6242",33,1998,89.66,91.66,89.76,90.92,91.82,92.33
"6243",34,1998,90.14,89.07,90.06,88.53,92.44,89.54
"6244",35,1998,89.26,89.5,87.91,87.74,88.03,89.11
"6245",36,1998,87.99,89.68,88.01,87.48,89.81,90.44
"6246",37,1998,91.36,93.59,92.22,90.03,92.78,95.27
"6247",38,1998,90.47,91.31,90.77,90.92,92.04,92.06
"6248",39,1998,91.23,92.44,91.66,90.97,92.01,94.49
"6249",40,1998,91.28,89.96,90.47,91.23,91.11,90.48
"6250",41,1998,91.03,90.38,90.9,91.8,91.73,90.74
"6251",42,1998,91.34,92.08,91.7,93.36,93.36,92.51
"6252",43,1998,93.77,93.64,94.16,94.23,93.35,92.85
"6253",44,1998,95.25,94.82,94.94,95.48,95.5,94.88
"6254",45,1998,93.02,93.54,93.48,92.03,93.3,94.5
"6255",46,1998,94.96,94.61,94.29,95.25,92.84,94.84
"6256",47,1998,89.07,90.08,89.29,90.15,88.44,90.08
"6257",48,1998,85.34,87.57,86.41,86.16,86.3,87.01
"6258",49,1998,83.65,85.46,84.17,84.43,85.24,85.08
"6259",50,1998,82.15,85.49,84.9,82.65,88.26,84.47
"6260",51,1998,86.06,89.16,89.96,83.72,92.04,89.45
"6261",52,1998,86.12,90.95,91.28,82.91,93.85,91.55
"6262",53,1998,85.62,88.9,89.68,83.55,92.46,89.05
"6263",54,1998,86.64,89.05,89.45,85.37,91.05,90.72
"6264",55,1998,84.53,89.46,88.64,85.41,90.32,87.76
"6265",56,1998,86.35,87.01,87.47,85.78,89.13,85.73
"6266",57,1998,86.07,87.77,86.7,85.48,87.03,87.68
"6267",58,1998,89.09,90.15,89.9,88.17,90.7,93.52
"6268",59,1998,89.64,89.45,89,87.86,88.82,90.06
"6269",60,1998,90.61,90.72,89.76,88.92,89.68,90.85
"6270",61,1998,90.69,88.08,89.05,87.52,87.22,87.59
"6271",62,1998,91.19,90.28,90.02,89.84,90.33,89.85
"6272",63,1998,89.64,90.36,90.29,89.7,91.37,92.27
"6273",64,1998,91.26,93.1,92.89,91.59,94.85,95.28
"6274",65,1998,97.39,96.95,97.2,96.13,97.44,97.27
"6275",66,1998,91.81,92.03,92.42,90.78,92.03,91.4
"6276",67,1998,86.8,86.64,86.61,86.86,85.89,87.87
"6277",68,1998,85.63,86.19,87.62,85.84,89.46,87.49
"6278",69,1998,86.7,87.59,88.6,86.13,88.25,86.35
"6279",70,1998,84.75,86.05,86.64,82.87,90.4,85.97
"6280",71,1998,81.23,85.94,86.28,78.59,90.41,89.19
"6281",72,1998,85.13,89.12,89.9,84.4,94.13,93.93
"6282",73,1998,87.23,90.83,92.12,85.82,95.77,93
"6283",74,1998,92.52,94.53,94.49,90.86,93.94,95.24
"6284",75,1998,89.58,88.37,89.43,87.95,87.95,87.59
"6285",76,1998,88.44,86.87,89.37,84.84,89.67,87.53
"6286",77,1998,90.16,88.19,90.2,87.51,93.46,88.9
"6287",78,1998,90.74,88.55,91.14,87.92,89.89,89.13
"6288",79,1998,89.87,87.8,88.62,87.5,87.79,89.28
"6289",80,1998,92,92.06,92.13,90.25,90.9,92.94
"6290",81,1998,92.49,90.86,91.53,90.15,89.59,92.42
"6291",82,1998,89.29,89.08,89.91,88.31,89.19,89.85
"6292",83,1998,91.09,89.87,91.29,87.87,91.4,88.66
"6293",84,1998,91.08,89.58,91.61,89.37,87.93,89.01
"6294",85,1998,90.6,89.35,90.77,89.98,86.88,88.26
"6295",86,1998,94.07,94.24,93.23,93.63,93,96.39
"6296",87,1998,90.48,89.73,89.79,87.8,90.29,89.7
"6297",88,1998,94.95,95.61,96.39,95.09,94.19,93.97
"6298",89,1998,94.86,95.4,95.28,94.22,93.37,94.81
"6299",90,1998,91.19,91.33,90.85,90.37,90.2,91.35
"6300",91,1998,92.59,89.78,91.27,93.21,91.45,88.07
"6301",92,1998,97.14,97.17,97.09,96.36,96.75,98.16
"6302",93,1998,97.05,95.98,97.11,96.6,97.03,97.11
"6303",94,1998,92.46,94.24,93.76,93.34,95.35,95.66
"6304",95,1998,91.62,93.9,93.24,93.96,93.33,95.37
"6305",96,1998,91.84,90.67,90.9,91.87,88.5,90.64
"6306",97,1998,93.05,93.81,93.01,93.5,92.84,94.28
"6307",98,1998,91.12,91.42,90.15,92.76,90.53,91.77
"6308",99,1998,98.27,97.48,97.56,97.54,96.08,97.13
"6309",100,1998,93.81,94.89,92.36,95.75,92.34,96.1
"6310",101,1998,92.95,93.66,92.3,94.6,92.91,93.01
"6311",102,1998,92.14,91.76,92.88,89.69,91.75,92.27
"6312",103,1998,92.07,91.04,91.99,89.5,89.32,89.96
"6313",104,1998,95.12,94.86,94.34,96,93.62,95.94
"6314",105,1998,93.68,94.86,92.48,93.96,90.31,94.86
"6315",106,1998,91.16,90.1,89.39,91.67,90.11,90
"6316",107,1998,88.3,89.44,88.37,90.57,89.49,89.35
"6317",108,1998,94.7,94.31,94.65,93.97,93.65,93.32
"6318",109,1998,96.01,96.03,96.13,95.5,97.04,97
"6319",110,1998,99.39,99.35,98,99.47,98.23,98.68
"6320",111,1998,95.01,95.36,95.98,93.97,96.87,96.08
"6321",112,1998,93.84,95.24,94.11,93.63,93.93,96.64
"6322",113,1998,94.31,92.65,93.85,94.02,92.35,91.57
"6323",114,1998,90.85,91.09,91.35,91.04,92.09,91.7
"6324",115,1998,90.43,90.33,89.65,91.5,92.86,90.78
"6325",116,1998,94.93,95.8,95.73,96.07,96.42,97.47
"6326",117,1998,88.48,90.65,88.98,88.77,89.06,92.19
"6327",118,1998,89.69,88.74,87.59,87.3,84.85,86.33
"6328",119,1998,96.63,95.63,95.25,96.73,91.57,94.68
"6329",120,1998,93.52,94.04,93.66,93.38,95.3,95.09
"6330",121,1998,96.88,97.8,96.99,97.59,98.57,96.84
"6331",122,1998,92.99,93.82,92.99,92.22,94.86,94.77
"6332",123,1998,94.11,94.29,93.59,94.66,92.88,94.23
"6333",124,1998,95.96,96.13,95.69,95.24,92.8,96.7
"6334",125,1998,96.3,96.63,96.49,95.71,96.43,96.41
"6335",126,1998,97.75,96.59,97.54,96.84,97.25,95.92
"6336",127,1998,99.42,99.7,99.18,99.62,98.85,99.68
"6337",128,1998,93.68,93.06,93.45,92.03,94.46,93.84
"6338",129,1998,86.61,87.16,86.46,88.38,86.95,88.25
"6339",130,1998,91.63,93.2,92.32,92.63,91.36,94.04
"6340",131,1998,94.54,94.35,93.57,94.71,93.11,95.06
"6341",132,1998,94.62,92.84,93.72,95.63,90.34,91.26
"6342",133,1998,90.65,90.05,89.99,90.49,91.46,92.02
"6343",134,1998,90.43,89.73,88.47,90.18,89.16,88.74
"6344",135,1998,91.44,89.69,89.98,92.14,90.56,88.77
"6345",136,1998,91.84,92.6,92.84,92.84,93.54,93.43
"6346",137,1998,98.64,99.2,98.2,99.01,95.22,98.55
"6347",138,1998,89.81,89.35,87.56,92.84,79.62,89.33
"6348",139,1998,87.41,86.63,85.41,88.64,80.72,87.12
"6349",140,1998,80.29,80.58,80.11,80.51,85.28,81.4
"6350",141,1998,86.52,89.43,89.34,87.39,92.4,89.27
"6351",142,1998,83.53,85.33,84.57,85.23,87.64,84.67
"6352",143,1998,96.43,96.27,94.72,95.93,94.41,95.24
"6353",144,1998,96.25,95.96,96.23,96.01,94.92,96.18
"6354",145,1998,94.88,95.17,94.72,95.24,92.63,95.24
"6355",146,1998,88.42,87.15,86.18,88.3,85.4,84.83
"6356",147,1998,89.55,88.44,87.77,91.23,87.82,88.55
"6357",148,1998,93.83,94.25,92.86,95.59,91.31,93.84
"6358",149,1998,94.45,94.51,93.28,95.31,92.99,95.99
"6359",150,1998,89.99,90.5,92.02,90.22,95.23,91.67
"6360",151,1998,94.93,94.35,94.04,95.03,93.87,93.12
"6361",152,1998,94.07,94.16,93.9,94.84,95.7,94.61
"6362",153,1998,94.12,94.22,94.29,93.34,95.2,94.71
"6363",154,1998,96.43,96.3,96.59,95.97,97.35,96.27
"6364",155,1998,94.11,94.17,96.24,92.77,98.16,93.88
"6365",156,1998,98.03,95.38,95.49,97.14,93.15,93.17
"6366",157,1998,91.22,90.87,92.24,89.06,94.26,92.21
"6367",158,1998,94.18,93.61,93.76,93.7,94.25,94.61
"6368",159,1998,95.17,95.19,96.45,94.67,95.74,96.12
"6369",160,1998,91.02,92.15,92.17,91.64,95.04,93.79
"6370",161,1998,90.06,90.46,89.95,91.44,91.53,91.73
"6371",162,1998,91,89.27,90.38,91.11,88.42,89.63
"6372",163,1998,93.57,91.72,91.94,94.04,91.65,91.36
"6373",164,1998,94.4,94.81,96.28,93.63,95.68,94.58
"6374",165,1998,93.51,93.26,93.92,92.38,92.77,94.13
"6375",166,1998,95.92,96.26,95.23,96.32,93.57,96.67
"6376",167,1998,92.37,89.87,91.36,92.28,91.96,89.11
"6377",168,1998,91.32,91.2,91.74,90.9,92.34,92.22
"6378",169,1998,93.16,92.97,91.03,92.88,89.28,91.37
"6379",170,1998,90.01,89.52,88.06,88.49,90.4,87.72
"6380",171,1998,94.02,93.65,93.28,93.07,93.66,94.27
"6381",172,1998,93.39,92.62,92.18,94.01,92.98,91.4
"6382",173,1998,94.34,93.35,93.97,94.2,95.04,93.42
"6383",174,1998,98.71,97.85,97.32,98.4,95.67,96.98
"6384",175,1998,93.46,92.95,92.16,94.51,93.25,92.08
"6385",176,1998,95.55,94.06,94.35,93.89,96.3,94.16
"6386",177,1998,93.32,92.51,92.49,94.34,93.34,91.59
"6387",178,1998,96.51,94.71,94.01,96.65,90.44,93.75
"6388",179,1998,97.68,94.63,97.45,97.58,94.94,93.8
"6389",180,1998,89.46,89.31,91.39,88.02,94.84,89.65
"6390",181,1998,89.03,90.94,89.49,90.35,92.01,90.18
"6391",182,1998,92.12,90.02,89.38,92.73,89.71,88.38
"6392",183,1998,96.75,93.51,94.21,96.05,94.62,94.02
"6393",184,1998,91.43,90.81,90.88,92.05,91.93,90.04
"6394",185,1998,92.44,93.55,92.43,91.88,91.29,94.31
"6395",186,1998,95.87,93.87,93.46,95.37,91.54,92.07
"6396",187,1998,94.19,93.7,93.48,94.08,93.25,93.3
"6397",188,1998,90.68,90.42,91.02,90.18,92.2,92.87
"6398",189,1998,91.39,90.39,90.71,88.85,90.58,89.32
"6399",190,1998,95.55,93.76,95.62,93.88,93.9,93.85
"6400",191,1998,96.18,96.23,95.75,96.57,95.02,95.53
"6401",192,1998,95.99,95.43,95.94,95.81,94.95,95.5
"6402",193,1998,95.57,95.25,93.9,95.85,92.34,95
"6403",194,1998,93.47,94.25,93.59,92.57,93.09,95.04
"6404",195,1998,89.65,92.14,92.01,90.61,92.44,92.43
"6405",196,1998,90.16,89.94,90.26,88.25,92.78,90.12
"6406",197,1998,93.57,94.07,93.5,94.23,95.29,93.58
"6407",198,1998,92.81,93.06,92.97,94.11,93.04,94.18
"6408",199,1998,94.24,93.95,93.31,94.68,92.74,94.87
"6409",200,1998,94.94,92.98,95.18,93.37,92.53,92.61
"6410",201,1998,92.47,92.62,91.14,92.84,89.79,93.69
"6411",202,1998,91,89.78,91.03,88.37,92.61,89.62
"6412",203,1998,95.18,96.03,95.21,94.94,94.79,96.07
"6413",204,1998,92.83,94.07,94.52,90.86,93.72,94.62
"6414",205,1998,89.2,90.67,90.64,89.12,92.64,93.03
"6415",206,1998,91.35,92.55,92.05,92.21,92.89,92.66
"6416",207,1998,89.63,90.88,90.74,90.38,91.26,91.32
"6417",208,1998,90.85,89.3,89.86,89.34,91.07,89.72
"6418",209,1998,90.61,90.69,89.54,91.03,89.06,90.54
"6419",210,1998,98.15,97.29,97.4,97.93,96.67,97.31
"6420",211,1998,96.09,96.49,96.71,94.97,97.11,97.05
"6421",212,1998,89.17,90.24,90.21,89.29,90.86,90.34
"6422",213,1998,91.69,91.13,91.03,92.25,90.98,92.08
"6423",214,1998,93.48,93.29,91.58,94.21,92.37,93.05
"6424",215,1998,91.6,91.68,92.53,92.42,91.44,92.29
"6425",216,1998,89.86,90.27,89.76,90.97,91.15,90.36
"6426",217,1998,90.38,90.33,91.07,89.67,92.18,89.88
"6427",218,1998,93.96,93.58,92.58,94.41,90.88,94.09
"6428",219,1998,93.55,92.08,92.08,93.86,91.38,90.91
"6429",220,1998,88.17,88.8,88.96,88.22,89.05,89.19
"6430",221,1998,88.22,87.79,89.63,87.86,90.58,87.65
"6431",222,1998,92.75,92.68,93.17,90.92,91.68,91.48
"6432",223,1998,91.63,90.43,89.83,91.99,88.11,89.07
"6433",224,1998,92.81,92.93,92.91,92.94,93.96,92.72
"6434",225,1998,91.91,91.94,91.62,92.42,90.7,91.01
"6435",226,1998,88.75,87.85,87.68,89.39,88.84,87.86
"6436",227,1998,89.8,88.73,89.12,89.52,91.16,89.07
"6437",228,1998,92.46,91.19,91.84,93.61,91.56,91.13
"6438",229,1998,90.83,91.55,90.51,91.83,89.81,91.77
"6439",230,1998,86.2,85.56,86.76,85.64,87.9,85.23
"6440",231,1998,86.54,85.81,87.13,84.73,86.9,86.19
"6441",232,1998,90.57,88.15,90.31,87.42,89.02,87.1
"6442",233,1998,89.93,90.99,89.22,91.42,87.23,90.28
"6443",234,1998,91.55,92.38,91.26,91.53,90.3,91.93
"6444",235,1998,89.54,90.53,90.31,89.75,92.03,91.41
"6445",236,1998,88.44,87.3,88.23,87.18,88.79,88.82
"6446",237,1998,88.39,87.27,87.91,88.05,87.22,86.77
"6447",238,1998,93.4,92.18,91.5,94.44,89.23,91.46
"6448",239,1998,90.19,91.54,90.42,90.72,89.24,91.39
"6449",240,1998,92.04,92.94,92.1,92.39,93.72,93.55
"6450",241,1998,88.28,90.01,89.88,89.24,89.04,90.5
"6451",242,1998,92.68,92.72,93.23,93.35,95.07,92.77
"6452",243,1998,95.16,94.87,96.24,94.52,95.96,95.73
"6453",244,1998,93.25,95.95,94.66,95.56,96.15,96.95
"6454",245,1998,92.1,92.42,92.84,91.58,90.73,92.13
"6455",246,1998,89.26,89.14,89.1,89.32,88.52,89.57
"6456",247,1998,92.34,92.26,93.68,92.39,93.32,91.84
"6457",248,1998,90.09,89.03,90.06,89.98,90.62,87.65
"6458",249,1998,87.7,87.64,88.97,87.45,88.35,88.29
"6459",250,1998,91.92,91.53,91.75,92.83,90.17,92.62
"6460",251,1998,91.25,90.49,90.55,91.88,87.75,89.6
"6461",252,1998,92.31,92.94,93.02,92.26,92.76,93.23
"6462",253,1998,91.85,91.41,91.45,91.53,91.54,92.07
"6463",254,1998,90.75,89.93,89.51,89.58,89.74,90.44
"6464",255,1998,89.87,87.87,88.55,88.93,88.1,88.39
"6465",256,1998,89.87,89.24,89.54,90.42,87.76,88.37
"6466",257,1998,94.17,92.08,92.48,93.8,89.8,91.86
"6467",258,1998,91.51,90.61,91.36,90.86,91.35,89.52
"6468",259,1998,88.71,89.61,88.53,89.03,87.84,89.83
"6469",260,1998,87,86.92,85.79,87.12,84.29,86.87
"6470",261,1998,88.13,88.86,88.13,87.9,89.2,89.32
"6471",262,1998,92.79,94.16,92.82,93.17,94.01,95.39
"6472",263,1998,93.53,92.87,92.93,93.3,91.57,92.36
"6473",264,1998,96.07,93.73,96.08,95,93.83,91.78
"6474",265,1998,91.14,91.06,89.24,94.25,85.31,90.42
"6475",266,1998,87.2,88.2,86.81,87.6,86.02,88.73
"6476",267,1998,89.29,90.31,89.56,89.69,90.31,89.97
"6477",268,1998,87.76,87.88,88.55,86.97,90.4,87.87
"6478",269,1998,90.63,91.26,91.79,90.31,90.07,90.52
"6479",270,1998,87.98,88.28,87.78,88.28,86.82,87.87
"6480",271,1998,84.7,84.63,84.34,85.04,83.77,84.68
"6481",272,1998,84.51,86.67,84.8,87.31,85.55,84.69
"6482",273,1998,90.26,87.68,90.38,87.1,89.99,86.49
"6483",274,1998,93.84,94.46,94.25,95.83,95.4,95.35
"6484",275,1998,90.1,89.51,90.62,89.94,90.02,88.87
"6485",276,1998,88.09,89.34,88.73,89.75,90.67,90.62
"6486",277,1998,90.5,89.69,91.01,89.15,88.11,91.06
"6487",278,1998,90.26,88.51,89.35,89.18,89.41,89.22
"6488",279,1998,92.71,91.43,91.82,93.4,91.26,91.96
"6489",280,1998,88.9,88.03,87.37,90.43,88,88.79
"6490",281,1998,93.56,92.24,92.79,92.33,92.1,91.43
"6491",282,1998,92.94,92.21,92.36,91.87,93.63,92.8
"6492",283,1998,90.03,86.81,87.3,89.46,86.37,86.1
"6493",284,1998,84.99,84.67,85.41,86.48,86.88,85.22
"6494",285,1998,86.68,85.78,86.72,86.04,86.87,85.03
"6495",286,1998,88.29,87.64,87.15,87.45,85.62,87.42
"6496",287,1998,88.83,86.62,87.48,87.79,84.41,85.78
"6497",288,1998,90.76,89.7,90.19,89.97,87.52,88.65
"6498",289,1998,90.02,90.11,91.51,90.52,92.49,90.41
"6499",290,1998,87.25,87.05,86.67,86.46,86.29,86.91
"6500",291,1998,92.96,91.39,92.01,90.44,90.32,90.73
"6501",292,1998,93.07,93.59,92.88,94.38,90.23,93.64
"6502",293,1998,91.55,92.97,92.54,92.56,93.28,93.44
"6503",294,1998,91.03,88.49,90.25,89.42,87.51,88.89
"6504",295,1998,88.5,87.86,88.41,87.24,85.53,87.79
"6505",296,1998,88.67,88.42,88.07,87.98,86.71,88.79
"6506",297,1998,91.8,89.97,91.5,91.13,89.79,91.54
"6507",298,1998,90.98,89.7,91.03,91.57,90.91,90.4
"6508",299,1998,89.41,88.07,88.71,88.39,88.96,90.29
"6509",300,1998,88.67,90.42,88.82,88.79,87.45,90.68
"6510",301,1998,92.37,92.15,91.6,93.25,91.43,90.54
"6511",302,1998,94.59,94.64,94.77,93.72,95.11,93.94
"6512",303,1998,95,93.95,94.19,95.97,94.78,93.98
"6513",304,1998,89.24,87.64,89.73,86.75,87.98,88.29
"6514",305,1998,87.65,87.53,87.8,87.12,88.51,86.86
"6515",306,1998,91.09,90.29,89.61,91.03,88.76,89.89
"6516",307,1998,92.1,93.22,93.3,91.79,93.31,93.24
"6517",308,1998,93.73,94.28,94.09,94.61,92.85,91.87
"6518",309,1998,91.79,91.73,94.06,90.46,90.57,91.52
"6519",310,1998,90.01,89.69,91.49,91.86,89.89,91.32
"6520",311,1998,92.37,93.21,91.4,93.98,90.46,94.51
"6521",312,1998,87.67,87.67,87.6,88.27,86.15,86.62
"6522",313,1998,86.75,88.14,86.65,86.36,86.78,87.46
"6523",314,1998,90.88,89.39,89.18,90.31,87.62,89.51
"6524",315,1998,85.99,86.14,88.57,86.2,89.94,85.38
"6525",316,1998,87.83,87.56,89.38,87.78,91.3,88.6
"6526",317,1998,91.71,90.59,92.12,91.94,92.9,92.7
"6527",318,1998,89.04,90.03,91.1,90.29,88.82,89.87
"6528",319,1998,91.68,90.85,91.92,90.44,91.26,91.26
"6529",320,1998,88.38,87.9,87.99,88.88,87.03,87.64
"6530",321,1998,93.57,93.01,93.84,93.52,91.06,93.4
"6531",322,1998,91.57,91.98,91.36,92.38,91.96,91.58
"6532",323,1998,88.88,89.11,89.04,90.04,91.49,88.51
"6533",324,1998,93.27,92.96,93.24,93.64,92.95,92.3
"6534",325,1998,93.14,92.64,91.66,93.6,90.01,92.71
"6535",326,1998,93.89,93.78,94.34,94.29,94.67,94.72
"6536",327,1998,91.04,94.09,92.04,94.92,91.76,96.49
"6537",328,1998,84.53,86.91,86.85,87.28,87.83,88.67
"6538",329,1998,79.04,81.69,81.71,79.87,83.7,83.62
"6539",330,1998,80.18,83.57,83.76,80.69,88.53,86.04
"6540",331,1998,89.08,89.3,90.34,87.93,89.7,88.13
"6541",332,1998,89.79,87.6,88.83,89.98,86.74,86.89
"6542",333,1998,88.77,88.11,88.54,88.95,87.73,88.89
"6543",334,1998,89.44,89.15,89.85,89.44,90.27,90.66
"6544",335,1998,85.53,85.45,85.38,86.58,89.36,86.74
"6545",336,1998,81.74,82.08,81.51,82.92,82.66,81.98
"6546",337,1998,81.27,81.54,81.18,82.84,83.48,82.2
"6547",338,1998,90.84,91.59,91.66,90.76,91.64,92.25
"6548",339,1998,88.13,89.07,87.61,89.1,87.2,89.88
"6549",340,1998,91.31,91.55,90.76,91.61,91.51,92.73
"6550",341,1998,88.05,87.33,87.69,87.79,86.34,88.37
"6551",342,1998,90.01,89.55,89.36,90.7,87.86,89.05
"6552",343,1998,86.83,86.23,86.12,87.68,86.6,86.76
"6553",344,1998,86.33,87.15,86.59,87.81,88.59,88.82
"6554",345,1998,91.05,91.36,92.09,91.58,92.03,92.31
"6555",346,1998,92.2,92.01,91.89,91.5,92.06,91.69
"6556",347,1998,92.06,93.26,92.71,93.39,88.31,94.06
"6557",348,1998,94.31,94.08,92.92,94.59,87.38,92.84
"6558",349,1998,92.13,92.75,91.59,93.34,89.45,90.44
"6559",350,1998,90.52,90.23,90.28,90.51,89.19,91.2
"6560",351,1998,86.98,86.69,85.9,88.44,86.84,87.32
"6561",352,1998,81.36,83.79,83.19,83.12,87.46,85.35
"6562",353,1998,82.9,87.05,85.39,83.94,87.99,88.8
"6563",354,1998,89.07,89.97,89.39,89.65,89.74,89.78
"6564",355,1998,81.79,85.06,83.38,83.29,85.88,87.05
"6565",356,1998,77.94,82.21,80.58,79.36,84.64,85.02
"6566",357,1998,84.74,90.25,89.43,85,94.74,93.22
"6567",358,1998,94.2,94.87,94.92,93.07,96.55,95.82
"6568",359,1998,95.99,96.14,95.62,96.4,96.41,96.52
"6569",360,1998,90.12,90.82,89.9,92.56,91.13,91.36
"6570",361,1998,90.68,91.23,90.28,91.09,87.88,92.55
"6571",362,1998,88.61,89.77,89.89,89.33,91.51,89.21
"6572",363,1998,85.24,86.86,85.62,87.18,84.35,85.08
"6573",364,1998,88.96,91.01,89.4,91.33,88.75,92.07
"6574",365,1998,90.79,92.46,89.84,94.48,90.23,93.55
"6575",1,1999,91.99,92.16,92.26,93.65,93.59,92.84
"6576",2,1999,91.1,92.71,92.06,92.4,91.89,93.26
"6577",3,1999,87.88,89.19,88.15,88.04,88.44,89.08
"6578",4,1999,79.02,80.88,81.82,79.2,91.32,83.37
"6579",5,1999,78.53,81.57,81.05,80.61,90.23,84.94
"6580",6,1999,74.21,76.9,75.9,75.91,85.6,81.79
"6581",7,1999,74.12,78.71,77.91,76.04,86.3,82.59
"6582",8,1999,82.53,91.6,91.57,82.68,95.7,95.31
"6583",9,1999,89.01,91.43,89.88,90.04,89.64,91.81
"6584",10,1999,89.24,90.17,87.79,91.3,90.29,90.1
"6585",11,1999,94.51,94.55,93.67,94.97,94.23,94.72
"6586",12,1999,95,95.13,93.85,92.66,91.85,95.31
"6587",13,1999,91.5,90.62,89.81,92.24,91.19,90.35
"6588",14,1999,83.61,85.56,86.85,83.28,90.64,87.01
"6589",15,1999,79.59,86.09,87.19,79.53,94.17,88.72
"6590",16,1999,86.64,90.32,89.38,86.68,91.91,92.05
"6591",17,1999,87.24,90.5,88.23,89.1,89.84,91.36
"6592",18,1999,87.34,87.77,87.23,90,91.18,87.99
"6593",19,1999,93.13,92.59,92.7,93.64,91.67,92.3
"6594",20,1999,95.88,94.93,95.43,96.05,95.93,94.49
"6595",21,1999,92.49,93.24,92.64,93.8,93.7,94.15
"6596",22,1999,91.91,91.96,93.1,90.67,93.44,94.12
"6597",23,1999,94.25,93.44,94.36,93.73,94.78,93.82
"6598",24,1999,93.23,92.62,92.71,92.9,92.38,93.5
"6599",25,1999,96.29,96.84,96.91,94.88,96.8,96.95
"6600",26,1999,95.89,95.1,94.26,96.3,95.62,95.13
"6601",27,1999,94.25,94.47,94.91,93.95,94.1,95.31
"6602",28,1999,90.49,91.32,90.13,91.45,90.19,91.34
"6603",29,1999,88.2,90.29,90.35,88.52,92.49,89.92
"6604",30,1999,87.14,89.71,89.99,87.23,91.74,92.11
"6605",31,1999,89.47,88.86,90.05,89.53,91.83,89.77
"6606",32,1999,88.96,90.31,89.98,89.93,91.93,90.28
"6607",33,1999,86.23,86.64,85.93,86.54,90.23,88.34
"6608",34,1999,86.45,90.97,90.1,86.46,94.11,94.11
"6609",35,1999,87.41,89.01,90.18,86.03,93.55,90.56
"6610",36,1999,88.16,91.16,91.99,87.51,93.88,93.24
"6611",37,1999,91.14,92.26,91.17,90.55,91.23,92.58
"6612",38,1999,89.66,90.43,90.3,89.23,91.2,90.15
"6613",39,1999,91.01,93.23,93.06,91.19,94.8,94.87
"6614",40,1999,95.42,95.69,97.25,94.49,96.78,96.8
"6615",41,1999,96.17,96.34,95.9,96.4,95.34,96.56
"6616",42,1999,93.58,93.37,91.94,93.71,90.52,91.45
"6617",43,1999,94.17,94.14,92.8,95.48,93.9,95.46
"6618",44,1999,93.99,94.31,93.71,94.13,91.48,94.51
"6619",45,1999,89.84,89.44,88.53,91.52,90.84,89.76
"6620",46,1999,94.62,95.43,95.53,94.47,96.75,95.99
"6621",47,1999,93.59,92.86,93.14,95,96.14,93.21
"6622",48,1999,92.56,93.32,94.37,93.15,94.57,93.34
"6623",49,1999,91.86,93.14,93.41,92.78,94.72,95.75
"6624",50,1999,94.93,94.27,94.11,95.51,95.23,93.31
"6625",51,1999,93.32,93.92,92.23,94.92,94.53,92.17
"6626",52,1999,90.15,91.79,90.71,94.54,92.56,92.85
"6627",53,1999,93.55,91.71,92.37,95.66,92.22,90.92
"6628",54,1999,92.31,92.77,92.44,94.71,89.58,93.62
"6629",55,1999,90.73,91.12,90.2,90.07,88.77,90.19
"6630",56,1999,88.19,89.51,89.23,88.39,90.74,89.61
"6631",57,1999,83.64,86.12,85.84,83.95,86.86,86.67
"6632",58,1999,85.98,87.72,86.77,86.41,88.61,89.2
"6633",59,1999,86.27,86.74,89.05,85.9,90.43,87.66
"6634",60,1999,84.69,87.32,86.49,87.13,88.02,88.94
"6635",61,1999,78.25,84.18,81.42,80.43,85.38,88.47
"6636",62,1999,84.21,91.99,90.57,83.76,94.68,93.88
"6637",63,1999,90.38,92.83,91.74,90.61,91.48,93.79
"6638",64,1999,87.88,89.11,88.1,87.87,88.2,90.08
"6639",65,1999,84.77,86.84,85.95,81.99,86.38,89.19
"6640",66,1999,74.28,77.13,78.34,71.94,85.85,79.93
"6641",67,1999,67.48,72.32,71.53,68.09,80.66,74.96
"6642",68,1999,72.58,78.19,77.94,71.79,85.18,80.71
"6643",69,1999,83.73,87.44,88.17,82.21,92.81,89.61
"6644",70,1999,84.14,86.06,84.05,87.22,89.15,88.05
"6645",71,1999,93.34,94.83,94.37,94.8,94.9,94.24
"6646",72,1999,90.89,93.09,92.36,91.54,94.7,94.49
"6647",73,1999,92.74,91,92.12,92.1,91.81,90.01
"6648",74,1999,92.4,91.15,90.08,91.26,89.44,91.43
"6649",75,1999,92.16,91.61,91.48,91.26,92.78,91.55
"6650",76,1999,93.56,93.53,93.23,91.04,93.89,94.48
"6651",77,1999,88.6,87.52,89.44,87.27,89.49,87.4
"6652",78,1999,85.94,87.97,88.33,86.88,89.96,89.1
"6653",79,1999,87.78,89,89.41,86.48,90.95,90.63
"6654",80,1999,92.05,91.71,91.28,90.32,89.3,92.4
"6655",81,1999,93.93,93.87,92.79,94.52,90.68,94.3
"6656",82,1999,92.27,93.45,93.61,91.32,93.77,94.73
"6657",83,1999,91.67,91.62,91.76,91.97,92.92,91.69
"6658",84,1999,90.86,88.54,89.46,90.01,88.67,89.21
"6659",85,1999,93.96,93.84,93.24,93.3,93.65,92.06
"6660",86,1999,95.64,95.75,95.17,95.4,94.55,95.56
"6661",87,1999,95.04,95.16,95.78,93.73,94.88,96.3
"6662",88,1999,93.15,92.07,92.68,93.05,93.48,92.12
"6663",89,1999,87.66,88.88,89.15,88.08,92.04,89.62
"6664",90,1999,87.2,89.38,90.15,84.9,90.9,90.89
"6665",91,1999,94.35,93.8,94.06,91.33,94.58,93.71
"6666",92,1999,96.35,95.92,97.37,96.58,96.36,95.38
"6667",93,1999,93.22,95.33,95.45,92.81,94.82,95.44
"6668",94,1999,88.84,93.17,90.95,90.98,95,93.88
"6669",95,1999,96.21,96.22,96.9,96.03,98.02,96.04
"6670",96,1999,95.71,95.03,94.81,96.09,94.92,95.42
"6671",97,1999,91.63,91.39,91.32,92.08,91.29,92.68
"6672",98,1999,97.12,96.75,95.91,97.08,95.9,96.96
"6673",99,1999,95.15,95.1,94.22,96.1,93.13,94.28
"6674",100,1999,98.12,97.46,96.75,98.38,95.63,97.31
"6675",101,1999,95.66,93.39,95.16,93.63,95.35,93.83
"6676",102,1999,93.36,95.66,94.94,94.47,96.34,96.28
"6677",103,1999,96.58,96.35,95.77,96.5,94.95,96.27
"6678",104,1999,92.63,93.62,91.89,94.44,94.22,96.47
"6679",105,1999,93.77,92.55,94.02,92.01,94.14,92.35
"6680",106,1999,92.21,91.45,91.4,92.65,91.08,90.31
"6681",107,1999,94.7,93.99,94.8,93.81,93.3,92.5
"6682",108,1999,96.82,96.84,97.93,95.18,99.16,96.19
"6683",109,1999,94.38,93.44,94.66,94.89,94.67,94.13
"6684",110,1999,86.61,89.59,90.92,86.52,93.92,94.22
"6685",111,1999,91.71,91.85,93.03,88.04,93.98,92.47
"6686",112,1999,90.65,91.6,91.39,90.13,92.78,92.87
"6687",113,1999,92.64,92.33,92.05,93.61,93.21,94.03
"6688",114,1999,95.59,96.03,95.71,93.73,98.29,97.21
"6689",115,1999,91.26,95.18,92.81,93.91,93.11,93.93
"6690",116,1999,90.39,90,89.01,90.82,88.12,89.43
"6691",117,1999,90.5,90.28,90.17,93.42,91.73,90.68
"6692",118,1999,94.82,93.35,92.35,95.03,90.95,93
"6693",119,1999,90.74,91.64,92.71,91.03,94.19,93.28
"6694",120,1999,87.61,86.97,86.77,88.44,87.77,88.26
"6695",121,1999,91.81,90.67,90.56,90.78,90.83,89.84
"6696",122,1999,95.08,93.68,95.24,93.2,94.9,93.92
"6697",123,1999,92.62,92.4,93.42,92.08,92.54,92.67
"6698",124,1999,96.64,96.91,96.59,97.08,95.03,96.75
"6699",125,1999,87.77,86.07,86.86,87.95,87.48,85.59
"6700",126,1999,93.16,91.9,90.92,93.45,87.65,90.51
"6701",127,1999,90.63,91.21,90.33,91.74,92.23,92.21
"6702",128,1999,91.95,93.51,93.07,93.04,93.56,95.04
"6703",129,1999,94.08,93.45,93.48,93.51,95.93,92.14
"6704",130,1999,87.35,87.39,86.86,86.97,88.46,88.2
"6705",131,1999,92.6,94,92.58,93.64,92.68,94.34
"6706",132,1999,90.7,90.58,90.32,92.46,91.31,91.66
"6707",133,1999,97.9,97.84,96.94,96.98,96.9,98.19
"6708",134,1999,90.55,94.11,91.9,95.01,92.69,96.97
"6709",135,1999,87.36,89.45,89.73,91.91,90.09,90.16
"6710",136,1999,89.68,89.91,89.67,88.79,89.59,89.65
"6711",137,1999,87.37,87.24,87.13,86.55,88.51,87.18
"6712",138,1999,97.79,97,97.01,97.51,95.32,96.05
"6713",139,1999,95.27,94.87,95.24,92.9,94.33,94.98
"6714",140,1999,93.2,92.31,94.44,90.12,93.95,91.73
"6715",141,1999,94.51,94.9,95.64,93.15,98.14,95.08
"6716",142,1999,96.25,97.28,97.66,96.97,98.76,98.24
"6717",143,1999,92.11,91.18,93.35,90.94,92.85,90.68
"6718",144,1999,91.3,90.9,91.33,90.76,91.04,89.62
"6719",145,1999,95.82,94.55,94.53,95.45,92.89,93.55
"6720",146,1999,90.34,91.18,90.04,89.93,88.37,91.04
"6721",147,1999,89.8,89.83,89.46,92.24,92.82,90.37
"6722",148,1999,91.26,91.35,92.12,90.08,89.49,91.7
"6723",149,1999,94.74,93.65,93.32,95.37,93.08,94.55
"6724",150,1999,92.51,91.18,91.23,92.46,92.14,91.51
"6725",151,1999,91.24,91.47,91.14,92.81,91.65,90.11
"6726",152,1999,91.34,92.47,92.72,91.14,91.59,91.02
"6727",153,1999,91.36,90.42,91.4,90.95,90.63,90.38
"6728",154,1999,97.5,97.58,97.02,97.16,96.78,98.34
"6729",155,1999,97.37,98.45,98.13,97.48,99.35,98.87
"6730",156,1999,93.8,94.34,95,94.55,93.84,94.9
"6731",157,1999,91.66,91.06,91.31,89.31,89.64,90.38
"6732",158,1999,90.85,91.95,91.71,91.75,91.12,93.18
"6733",159,1999,95.02,91.85,93.88,91.13,91.86,90.31
"6734",160,1999,90.86,90.09,91.48,89.15,91.03,89.76
"6735",161,1999,91.49,93.22,92.64,91.66,94.68,93.72
"6736",162,1999,95.7,93.79,93.48,93.84,93.76,94
"6737",163,1999,91.84,92.88,93.68,91.07,94.04,93.65
"6738",164,1999,91.26,92.11,94.91,86.73,92.58,91.94
"6739",165,1999,95.66,96.93,95.74,95.42,96.35,96.59
"6740",166,1999,92.52,88.72,91,88.84,90.42,87.72
"6741",167,1999,87.97,87.97,89.22,88.04,89.97,86.69
"6742",168,1999,92.77,91.13,91.37,91.89,92.51,93.11
"6743",169,1999,93.87,92.52,91.99,93.16,90.07,92.75
"6744",170,1999,91.15,92.32,92.49,91.84,94.22,92.65
"6745",171,1999,92.83,91.97,91.13,92.06,89.29,90.62
"6746",172,1999,92.52,91.81,92.72,92.22,92.58,91.63
"6747",173,1999,96.86,94.26,96.65,94.5,95.78,94.27
"6748",174,1999,89.52,88.01,89.4,87.68,89.09,88.99
"6749",175,1999,93.33,92.67,91.05,93.29,91.04,93.99
"6750",176,1999,90.75,90.79,91.67,89.56,92.18,90.89
"6751",177,1999,94.26,93.43,94.28,91.59,93.71,93.94
"6752",178,1999,96.69,95.09,95.93,95.13,93.02,93.36
"6753",179,1999,87.25,86.63,87.38,87.55,88.93,87.42
"6754",180,1999,86.94,87.07,87.73,85.48,90.46,87.95
"6755",181,1999,94.48,94.51,94.07,92.91,93.91,95.57
"6756",182,1999,96.08,96.53,96.43,96.03,95.21,97.54
"6757",183,1999,95.69,96.44,95.3,95.81,93.32,95.5
"6758",184,1999,91.45,89.99,89.92,89.74,89.5,89.01
"6759",185,1999,91.17,89.9,90.63,90.36,91.04,89.84
"6760",186,1999,92.89,91.56,91.43,92.68,92.19,91.38
"6761",187,1999,92.12,90.75,92.39,89.58,90.88,90.36
"6762",188,1999,90.63,88.09,87.25,90.18,80.4,88.39
"6763",189,1999,87.16,85.29,83.81,88.02,82.38,83.67
"6764",190,1999,86.07,84.22,85.03,86.2,83.78,83.43
"6765",191,1999,86.33,87.99,87.07,86.32,88.17,89.7
"6766",192,1999,90.21,93.59,92.2,89.86,92.98,94.32
"6767",193,1999,85.84,87.7,86.73,85.64,90.74,88.12
"6768",194,1999,92.99,93.47,91.63,93.72,91.9,94.02
"6769",195,1999,92.31,92.11,93.15,92.54,92.96,92.24
"6770",196,1999,90.73,91.45,92.14,89.69,94.17,91.92
"6771",197,1999,92.11,91.37,91.43,91.51,90.11,90
"6772",198,1999,91.76,91.35,91.18,93.75,90.66,90.52
"6773",199,1999,91.15,90.83,91.67,91.11,91.25,92.47
"6774",200,1999,90.51,89.4,89.59,89.52,88.47,89.24
"6775",201,1999,92.56,90.82,91.62,90.5,89.04,89.09
"6776",202,1999,91.94,92.61,92.8,91.46,92.55,92.06
"6777",203,1999,95.66,96.5,96.43,93.79,96.32,97.37
"6778",204,1999,93.82,92.25,93.21,91.26,93.47,92.53
"6779",205,1999,92.89,91.98,93.24,92.06,92.92,92.09
"6780",206,1999,93.42,91.86,93.76,93.93,93.77,93.03
"6781",207,1999,92.6,93.2,94.32,91.63,93.79,93.46
"6782",208,1999,94.23,94.49,94.08,94.51,93.33,94.98
"6783",209,1999,93.52,93.86,94.21,93.21,94.41,94.16
"6784",210,1999,92.95,92.35,92.67,91.71,93.41,92.22
"6785",211,1999,89.82,88.95,89.35,89.46,88.49,88.35
"6786",212,1999,95.45,94.54,94.36,96.05,95.07,95.81
"6787",213,1999,93.68,93.52,93.33,91.63,94.46,95.24
"6788",214,1999,94.52,95.05,95.51,93.16,95.5,96.9
"6789",215,1999,95.31,94.47,96.01,95.07,96.57,95.53
"6790",216,1999,89.29,90.34,91,88.79,92.44,89.55
"6791",217,1999,89.26,91.63,92,89.12,94.01,93.06
"6792",218,1999,90.04,89.89,88.7,90.18,88.21,91.16
"6793",219,1999,93.98,95.2,94.23,94.87,92.14,94.7
"6794",220,1999,98.06,97.25,97.65,97.91,95.97,96.77
"6795",221,1999,96.61,95.14,96.29,96.19,95.73,94.02
"6796",222,1999,91.72,92.35,91.73,91.94,94.2,92.36
"6797",223,1999,93.49,91.85,91.62,93.73,92.77,92.43
"6798",224,1999,91.12,92.88,93.85,92.21,94.74,93.53
"6799",225,1999,90.93,91.99,90.28,92.1,91.31,91.53
"6800",226,1999,93.92,91.15,92.57,93.46,92.81,91.81
"6801",227,1999,94.89,94.07,96.97,93.41,97.02,94.04
"6802",228,1999,93.36,91.02,87.22,93.06,77.76,89.73
"6803",229,1999,79.48,76.29,77.2,78.3,76.01,74.07
"6804",230,1999,80.49,79.33,80.43,79.18,80.86,77.91
"6805",231,1999,83.5,84.38,83.34,83.6,83.1,83.84
"6806",232,1999,89.93,91.55,90.02,90.81,87.51,92.96
"6807",233,1999,89.04,91.34,90.41,89.51,90.83,91.27
"6808",234,1999,87.85,88.36,88.89,87.39,89.89,89.51
"6809",235,1999,89.84,90.38,89.66,91.04,88.58,90.86
"6810",236,1999,91.06,92.17,90.09,92.01,88.24,89.48
"6811",237,1999,91.67,90.38,91.58,89.61,90.79,89.44
"6812",238,1999,90.8,89.93,91.25,90.17,92.07,90.66
"6813",239,1999,88.4,88.09,88.71,87.51,88.05,89.78
"6814",240,1999,91.02,90.52,90.52,90.23,86.94,90.75
"6815",241,1999,92.27,90.83,91.24,92.23,89.79,90.62
"6816",242,1999,91.09,87.69,89.39,91.43,88.53,86.42
"6817",243,1999,91.93,91.53,92.45,91.72,91.71,91.74
"6818",244,1999,93.05,91.24,92.03,91.96,91.79,91.99
"6819",245,1999,90.31,88.35,88.89,90.49,88.45,89.75
"6820",246,1999,89.67,90.57,89.49,90.18,86.77,89.78
"6821",247,1999,94.18,92.94,92.09,94.08,90.05,91.1
"6822",248,1999,92.98,91.31,91.31,92.82,89.2,90.6
"6823",249,1999,86.48,86.34,87.29,84.8,86.43,87.39
"6824",250,1999,84.98,86.3,86.78,83.1,87.9,89
"6825",251,1999,89.31,87.89,86.97,88.79,84.07,87.88
"6826",252,1999,86.93,85.82,86.71,86.65,87.69,85.07
"6827",253,1999,89.4,88.84,88.74,90.01,87.34,89.72
"6828",254,1999,90.75,88.91,88.76,90.62,88.46,90.07
"6829",255,1999,91.54,89.33,89.79,90.36,87.09,88.37
"6830",256,1999,87.93,86.98,87.89,88.55,88.1,86.77
"6831",257,1999,90.39,85.5,88.44,86.26,87.32,80.86
"6832",258,1999,89.88,90.95,89.32,89.07,90.53,91.74
"6833",259,1999,93.47,93.99,94,93.86,92.43,93.77
"6834",260,1999,93.25,92.3,92.42,92.62,90.79,92.65
"6835",261,1999,89.74,90.75,91.28,89.77,92.5,92.04
"6836",262,1999,88.24,88.63,88.72,88.08,88.7,88.43
"6837",263,1999,90.11,90.89,89.54,91.2,90.25,91.75
"6838",264,1999,91.31,90.23,90.98,91.59,90.3,89.21
"6839",265,1999,92.64,92.41,91.45,92.31,91.69,92.32
"6840",266,1999,88.82,88.96,88.49,90.45,88.82,90.16
"6841",267,1999,86.46,85.21,87,86.97,87.68,85.54
"6842",268,1999,91.15,92.22,91.8,92.7,91.71,93.01
"6843",269,1999,91.23,88.95,89.06,92.72,88.4,88.82
"6844",270,1999,93.53,91.67,92.23,93.69,89.29,88.04
"6845",271,1999,96.26,93.45,94.54,93.08,92.57,91.62
"6846",272,1999,91.99,92.05,92.11,89.49,90.87,94.17
"6847",273,1999,89.04,88.49,89.71,88.99,90.78,90.22
"6848",274,1999,87.33,86.93,86.88,86.21,86.09,86.82
"6849",275,1999,92.47,90.68,91.04,91.91,88.97,90.58
"6850",276,1999,94.3,93.58,94.19,93.14,91.89,94.85
"6851",277,1999,93.06,92.49,93.12,92.97,92.72,91.84
"6852",278,1999,92.37,91.54,92.74,91.01,91.6,91.51
"6853",279,1999,88.86,89.54,89.64,87.5,89.27,90.27
"6854",280,1999,90.18,90.71,90.17,90.5,88.81,90.61
"6855",281,1999,94.24,94.62,94.3,94.28,93.31,94.12
"6856",282,1999,91.06,91.96,93.5,89.77,93.61,93.03
"6857",283,1999,90.42,90.26,89.76,92.17,88.34,87.12
"6858",284,1999,89.24,87.87,88.35,88.43,86.74,87.76
"6859",285,1999,94.14,93.84,92.37,93.25,94.62,94.69
"6860",286,1999,93.32,92.98,91.26,94.73,90.29,92.15
"6861",287,1999,90.95,90.54,89.8,90.39,87.97,90.91
"6862",288,1999,89.74,88.45,89.2,89.62,90.42,87.97
"6863",289,1999,89.92,89.96,89.31,89.67,89.58,90.9
"6864",290,1999,86.57,85.43,86.22,86.58,84.22,85.18
"6865",291,1999,83.93,84.09,83.71,84.24,86.2,84.48
"6866",292,1999,91.48,89.57,90.57,91.98,91.86,89.88
"6867",293,1999,88.63,90.18,90.2,89.23,91.95,91.8
"6868",294,1999,89.54,91.41,92.45,87.93,90.17,91.13
"6869",295,1999,87.41,86.31,88.21,86.09,87.72,87.21
"6870",296,1999,92.28,89.57,90.51,90.92,88.51,89.22
"6871",297,1999,90.8,90.88,90.65,90.95,89.66,91.74
"6872",298,1999,88.6,86.97,88.42,87.41,86.55,87.35
"6873",299,1999,84.85,83.2,83.4,85,85.18,83
"6874",300,1999,85.65,84.66,84.25,84.8,83.47,82.53
"6875",301,1999,86.61,87.21,87.7,85.55,87.19,87
"6876",302,1999,91.83,90.92,91.96,89.91,90.8,91.1
"6877",303,1999,93.76,92.99,93.98,92.48,91.88,91.68
"6878",304,1999,90.64,90.26,92.09,91.5,92.92,91.01
"6879",305,1999,86.96,86.86,86.89,86.23,87.4,86.39
"6880",306,1999,88.27,87,86.61,86.09,83.72,86.05
"6881",307,1999,89.88,88.94,88.77,89.83,88.8,85.77
"6882",308,1999,85.97,85.73,85.88,85.28,86.98,86.63
"6883",309,1999,88.38,91.1,92.82,86.53,94.85,92.11
"6884",310,1999,92.65,92.92,93.36,91.04,94.44,92.71
"6885",311,1999,88.86,88.94,88.52,89.08,87.79,87.57
"6886",312,1999,87.04,85.93,86.88,86.17,86.17,85.9
"6887",313,1999,90.66,91.04,91.46,89.91,91.18,91.57
"6888",314,1999,95.51,95.73,95.16,94.81,95.1,95.44
"6889",315,1999,94.33,92.83,93.02,92.66,89.19,91.54
"6890",316,1999,87.82,86.86,84.96,88.53,82.14,86.84
"6891",317,1999,87.18,88.74,87.25,88.96,86.04,87.4
"6892",318,1999,89.57,89.14,88.73,89.64,85.93,88.69
"6893",319,1999,86.43,89.51,87.09,87.58,87.27,92.83
"6894",320,1999,84.89,85.19,85.4,84.74,85.04,86.24
"6895",321,1999,88.73,87.55,88.8,87.72,86.55,86.94
"6896",322,1999,95.71,94.47,95.42,94.62,95.03,93.71
"6897",323,1999,89.4,89.17,87.88,89.77,84.8,88.01
"6898",324,1999,84.32,83.42,83.24,83.79,81.16,82.8
"6899",325,1999,84.07,81.99,82.09,83.53,77.95,80.55
"6900",326,1999,93.31,92.42,92.46,92.82,90.28,93.05
"6901",327,1999,91.57,91.19,91.41,90.88,86.44,88.01
"6902",328,1999,84.13,82.54,83.63,83.93,79.88,80.31
"6903",329,1999,83.55,83.65,83.39,83.81,82.86,84.5
"6904",330,1999,88.72,86.13,87.71,86.64,89.21,87.03
"6905",331,1999,94.17,94.73,95.4,92.73,94.59,95.48
"6906",332,1999,91.47,92.24,92.27,90.58,90.34,91.76
"6907",333,1999,88.44,88.77,88.49,88.67,87.64,88.01
"6908",334,1999,89.34,88.34,87.66,89.23,86.53,88.16
"6909",335,1999,93.95,93.22,93.74,91.9,92.45,92.15
"6910",336,1999,94.91,94.17,93.08,94.93,92.59,93.69
"6911",337,1999,91.54,92.26,91.75,93.96,92.18,92.53
"6912",338,1999,93.61,91.95,92.11,93.54,90.01,92.49
"6913",339,1999,89.48,88.4,87.46,91,86.57,87.08
"6914",340,1999,84.41,84.4,83.71,85.62,83.99,83.86
"6915",341,1999,82.14,84.15,83.56,82.35,85.42,86.11
"6916",342,1999,85.06,88.22,88.22,84.01,91.7,91.7
"6917",343,1999,92.09,92.72,91.68,92.02,91.65,93.5
"6918",344,1999,93.03,92.03,92.05,92.77,91.66,93.1
"6919",345,1999,90.96,90.53,90.27,91.45,89.16,89.63
"6920",346,1999,89,89.74,89.48,90.22,92.03,90.67
"6921",347,1999,92.99,91.74,92.18,93.04,90.83,92.67
"6922",348,1999,90.34,92.92,91.39,91,93.99,93.88
"6923",349,1999,88.65,89.98,91.16,89.29,94.43,91.16
"6924",350,1999,88.74,91.01,91.04,89.86,91.14,91.93
"6925",351,1999,86.85,89.09,88.24,89.03,90.86,90.15
"6926",352,1999,85.75,88.15,87.15,88.47,88.34,89.04
"6927",353,1999,85.16,88.21,87.03,88.28,90.35,89.92
"6928",354,1999,87.46,90.97,90.63,86.65,92.61,92.23
"6929",355,1999,80.41,85.99,86.56,81.1,94.55,89.76
"6930",356,1999,76.94,81.95,82.84,78.81,93.56,88.28
"6931",357,1999,77.63,80.7,80.5,78.34,87.45,84.39
"6932",358,1999,75.71,77.34,75.87,77.47,79.38,77.88
"6933",359,1999,74.12,76.37,75.15,75.14,78.69,77.7
"6934",360,1999,68.01,70.69,70.94,68.26,79.19,73.69
"6935",361,1999,70.3,71.34,72.1,71.33,80.75,73.44
"6936",362,1999,70.9,72.26,73.29,70.71,82.57,76.8
"6937",363,1999,70.11,73.29,73.06,72.08,82,78.3
"6938",364,1999,78.31,79.06,78.09,79.4,82.16,79.22
"6939",365,1999,81.27,89.53,88.24,79.85,90.15,92.68
"6940",1,2000,75.48,83.29,81.62,75.57,86.27,86.23
"6941",2,2000,68.4,72.38,72.17,68.67,78.65,75.28
"6942",3,2000,65.51,70.41,69.4,66.19,75.65,73.79
"6943",4,2000,66.47,70.35,69.59,66.85,73.9,72.98
"6944",5,2000,66.57,70.4,69.68,66.43,74.31,73.73
"6945",6,2000,62.69,68.74,68.47,63.79,77.82,72.88
"6946",7,2000,71.32,78.61,78.73,72.33,84.72,83.06
"6947",8,2000,83.27,86.13,88.29,83.53,90.53,89.69
"6948",9,2000,70.9,77.57,77.6,71.85,84.7,80.66
"6949",10,2000,67.64,75.5,74.76,68.61,82.59,80.21
"6950",11,2000,69.58,77.58,78.84,69.4,88.41,85.78
"6951",12,2000,67.54,77.55,76.77,67.84,89.9,86.46
"6952",13,2000,71.38,86.89,84.44,71.79,90.81,93
"6953",14,2000,64.07,73.79,74.3,64.62,84.47,80.38
"6954",15,2000,55.69,69.39,66.4,59.15,87.59,77.47
"6955",16,2000,53.69,65.68,64.02,54.37,80.63,74.66
"6956",17,2000,55.32,67.92,67.9,54.64,81.67,76.01
"6957",18,2000,62.96,77.76,75.84,62.08,89.67,88.06
"6958",19,2000,91.14,93.51,93.52,88.6,97.03,95.18
"6959",20,2000,91.97,91.73,93.03,91.85,93.54,93.4
"6960",21,2000,91.42,91.18,90.55,91.51,89.07,90.36
"6961",22,2000,90.51,91.39,90.11,91.57,90.93,89.95
"6962",23,2000,86.47,89.81,89.28,86.12,89.53,89.16
"6963",24,2000,80.9,85.49,84.75,79.05,88.73,85.52
"6964",25,2000,79.01,84.19,82.78,77.78,86.99,84.01
"6965",26,2000,76.05,82.5,81.35,75.97,86.45,85.26
"6966",27,2000,79.72,87.76,87.77,78.87,92.02,90.73
"6967",28,2000,83.53,88.38,89.79,80.93,91.61,91.43
"6968",29,2000,76.73,84.54,84.59,75.56,87.55,86.73
"6969",30,2000,77.54,87.93,83.54,79.29,89.1,93.35
"6970",31,2000,88.57,89.87,91.05,87.69,93.2,92.67
"6971",32,2000,85.05,88.66,88.51,84.1,95.92,92.56
"6972",33,2000,91.25,93.96,93.29,93.82,94.96,96.22
"6973",34,2000,92.44,94.75,93.68,94.07,94.69,95.6
"6974",35,2000,87.16,89.12,88.48,87.26,88.34,88.42
"6975",36,2000,81.03,88.39,86.95,80.3,94.03,91.24
"6976",37,2000,78.36,88.45,87.3,78.76,93.78,92.7
"6977",38,2000,71.13,79.61,81.99,72.09,88.61,82.91
"6978",39,2000,70.82,77.97,80.23,69.5,86.18,82.32
"6979",40,2000,62.33,71.55,72.03,63.82,78.23,73.9
"6980",41,2000,60.82,68.33,67.96,61.76,74.75,69.48
"6981",42,2000,58.67,66.56,65.93,59.84,73.35,70.07
"6982",43,2000,57.58,64.65,63.58,58.97,69.88,66.85
"6983",44,2000,55.15,63.21,61.8,56.87,69.4,66.7
"6984",45,2000,54.07,62.16,60.65,55.58,75.88,67.05
"6985",46,2000,57.87,67.18,70.41,57.49,86.27,73.75
"6986",47,2000,68.77,76.58,77.37,63.89,90.12,84.78
"6987",48,2000,69,75.62,77.37,66.07,87.49,82.42
"6988",49,2000,72.19,79.48,81.44,66.64,88.86,82.51
"6989",50,2000,73.12,78.56,81.47,66.96,88.75,80.49
"6990",51,2000,80.07,88.63,88.33,74.62,91.84,91.63
"6991",52,2000,92.14,93.89,92.73,89.51,89.38,93.36
"6992",53,2000,88.79,88.81,88.87,89.26,90.1,89.61
"6993",54,2000,86.86,89.82,87.47,90.19,88.68,91.07
"6994",55,2000,90.42,90.33,93.12,89.87,93.17,92.19
"6995",56,2000,95.52,95.17,95.25,95.79,94.79,95.41
"6996",57,2000,90.6,90.87,92.19,90.44,93.75,91.59
"6997",58,2000,87.67,88.06,88.99,86.94,89.53,88.64
"6998",59,2000,92.73,89.83,92.25,90.26,88.22,89.39
"6999",60,2000,90.01,90.57,91.74,88.73,91.95,91.27
"7000",61,2000,95.39,94.72,96.53,93.68,94.62,94.53
"7001",62,2000,93.12,94.77,94.03,94.54,95.81,95.16
"7002",63,2000,93.43,94.29,93.77,93.84,95.29,93.8
"7003",64,2000,87.55,90.25,89.08,88.72,91.22,90.66
"7004",65,2000,85.91,88.27,88.85,86.41,89.76,89.41
"7005",66,2000,91.6,89.89,91.58,89.66,92.79,90.22
"7006",67,2000,93.25,93.48,92.98,92.45,89.49,92.95
"7007",68,2000,90.86,91.65,90.9,90.26,89.63,91.93
"7008",69,2000,85.11,87.18,87.22,86.12,89.38,89.87
"7009",70,2000,82.37,84.82,85.07,80.64,89.86,86.91
"7010",71,2000,78.99,86.73,84.39,82.6,86.7,90.62
"7011",72,2000,87.5,90.45,85.88,91.27,91.87,93.26
"7012",73,2000,84.13,87.81,85.34,86.77,89.3,88.61
"7013",74,2000,77.95,82.83,81.73,78.64,87.81,88.33
"7014",75,2000,76.84,84.71,84.61,76.06,91.78,89.27
"7015",76,2000,86.73,90.41,90.55,82.69,91.37,92.13
"7016",77,2000,83.89,86.8,86.69,81.76,85.98,89.77
"7017",78,2000,76.71,82.34,82.31,73.89,88.86,86.09
"7018",79,2000,80.39,86.99,84.9,76.83,89.51,90.02
"7019",80,2000,80.09,86.95,83.44,79.84,88.87,90.29
"7020",81,2000,85.27,88.37,86.41,84.98,89.6,89.64
"7021",82,2000,93.64,94.11,95.19,90.51,95.92,95.45
"7022",83,2000,89.38,91.01,91.61,90.87,92.2,92.73
"7023",84,2000,89.2,90.01,91.43,88.72,92.99,89.17
"7024",85,2000,94.65,95.06,96.27,92.21,95.48,94.69
"7025",86,2000,90.7,93.09,90.51,92.68,90.1,94.2
"7026",87,2000,90,88.99,88.92,88.16,92.36,90.55
"7027",88,2000,85.98,86.46,85.98,84.26,88.86,91.67
"7028",89,2000,92.35,93.99,92.43,92.02,92.53,93.65
"7029",90,2000,95.21,96.29,97.39,94,97.68,96.7
"7030",91,2000,89.68,90.27,90.45,89.53,90.57,90.97
"7031",92,2000,89.95,88.84,90.4,88.03,91.67,85.85
"7032",93,2000,94.5,93.84,94.95,91.32,95.3,92.73
"7033",94,2000,92.94,92.53,92.69,94.12,95.51,92.39
"7034",95,2000,91.1,93.14,92.81,91.5,94.18,95.76
"7035",96,2000,95.07,94.73,94.26,93.98,92.12,94.25
"7036",97,2000,96.92,96.49,96.54,96.53,95.87,96.42
"7037",98,2000,95.34,94.92,94.02,96.79,92.63,93.84
"7038",99,2000,92.82,92.15,92.6,92.7,94.94,90.06
"7039",100,2000,88.28,91.27,91.83,86.93,95.96,94.26
"7040",101,2000,93.84,94.43,95.15,92.13,96.63,96.07
"7041",102,2000,95.28,93.54,94.35,94.31,94.63,92.78
"7042",103,2000,98.08,98.3,97.3,97.42,97.57,98.95
"7043",104,2000,94.46,94.99,91.58,95.88,91.46,95.58
"7044",105,2000,89.28,90.81,87.49,93.94,86.06,91.08
"7045",106,2000,86.86,87.1,86.42,86.29,88.11,86.1
"7046",107,2000,94.44,94.45,94.01,94.68,94.06,93.14
"7047",108,2000,93.03,93.83,93.23,94.73,94.43,95.17
"7048",109,2000,88.36,87.25,91.57,87.51,92.18,86.69
"7049",110,2000,92.03,92.46,92.09,92.87,93.74,92.4
"7050",111,2000,97.34,97.15,96.58,96.84,95.69,97.51
"7051",112,2000,95.95,95.72,95.6,94.55,95.46,95.19
"7052",113,2000,91.53,91.65,91.39,92.78,95.14,91.42
"7053",114,2000,92.7,93.29,92.13,93.71,92.23,93.06
"7054",115,2000,96.57,95.4,95.37,96.22,94.12,94.87
"7055",116,2000,96.3,95.44,95.66,95.12,95.42,95.69
"7056",117,2000,95.23,95.45,96.02,94.61,95.95,95.76
"7057",118,2000,90.36,88.41,89.99,88.09,92.63,89.39
"7058",119,2000,91.94,92.47,91.49,94.59,95.22,93.47
"7059",120,2000,95.59,95.06,95.64,94.49,96.26,95.36
"7060",121,2000,90.69,89.8,89.21,89.58,91.22,90.45
"7061",122,2000,92.21,91.05,90.59,90.23,89.42,91.52
"7062",123,2000,91.36,90.8,90.73,90.67,91.15,89.88
"7063",124,2000,89.96,90.53,89.91,90.27,89.64,91.42
"7064",125,2000,95.99,94.33,94.81,93.84,92.7,93.8
"7065",126,2000,95.7,96.34,96.11,96.77,92.71,97.16
"7066",127,2000,95.72,96.38,95.96,95.05,96.15,97.84
"7067",128,2000,94.49,95.84,94.14,95.39,96.02,94.6
"7068",129,2000,95.66,95.75,94.21,95.1,95.35,96.75
"7069",130,2000,96.59,95.28,96.28,95.67,95.54,93.3
"7070",131,2000,96.71,95.78,95.89,96.97,94.95,95.51
"7071",132,2000,94.55,95.51,93.54,95.97,94.31,96.61
"7072",133,2000,92.89,94.46,93.5,92.32,94.35,94.81
"7073",134,2000,91.76,89.25,88.91,92.68,88.43,88.74
"7074",135,2000,94.61,94.87,94.14,94.95,93.01,95.67
"7075",136,2000,96.57,96.02,95.51,96.17,95.16,96.6
"7076",137,2000,89.93,91.84,90.05,93.1,93,94.89
"7077",138,2000,94.84,93.72,93.19,96.66,94.83,91.82
"7078",139,2000,97.67,98.25,96.78,97.27,95.61,98.85
"7079",140,2000,96.25,96.09,96.42,93.51,97.4,97.41
"7080",141,2000,92.61,93.71,91.81,92.57,92.49,94.35
"7081",142,2000,96.53,97.31,97.38,96.06,95.98,97.43
"7082",143,2000,96.94,96.87,97.44,96.18,97.48,96.66
"7083",144,2000,94.51,94.41,94.99,93.07,93.36,94.19
"7084",145,2000,96.61,96.21,97.94,93.52,97.8,96.44
"7085",146,2000,94.05,93.22,94.15,92.84,94.47,91.92
"7086",147,2000,92.51,92.56,92.02,93.27,92.09,92.03
"7087",148,2000,97.34,97.47,97.19,97.47,95.56,96.33
"7088",149,2000,98.65,98.57,97.9,98.76,94.92,98.59
"7089",150,2000,92.75,90.94,91.11,92.61,90.12,91.51
"7090",151,2000,94.75,94.82,93.78,93.55,92.48,92.7
"7091",152,2000,98.69,98.58,98.09,97.95,98.29,98.14
"7092",153,2000,94.46,91.84,91.79,95.83,89.01,90.45
"7093",154,2000,93.94,93.9,93.87,92.66,93.08,95.47
"7094",155,2000,92.65,91.77,93,92.79,92.47,91.94
"7095",156,2000,95.77,94.44,92.85,96.87,93.01,93.09
"7096",157,2000,94.44,94.94,93.83,96.67,93.22,96.21
"7097",158,2000,92.37,91.49,91.16,92.28,91.34,90.55
"7098",159,2000,90.33,90.26,89.87,91.03,89.19,90.59
"7099",160,2000,94.69,93.79,93.37,94.21,91.53,94.03
"7100",161,2000,95.15,95.29,94.52,94.67,92.62,94.2
"7101",162,2000,95.53,96.84,95.18,96.76,92.71,95.39
"7102",163,2000,96.82,94.75,95.53,95.02,93.98,92.95
"7103",164,2000,92.82,91.48,92.78,90.9,93.84,92.3
"7104",165,2000,92.16,91.24,91.21,91.32,91.28,93.5
"7105",166,2000,90.27,89.62,90.4,91.32,90.11,89.15
"7106",167,2000,92.13,94.5,94.47,91.47,96.26,95.04
"7107",168,2000,95.52,95.67,95.35,96.16,95.7,95.31
"7108",169,2000,97.75,97.46,97.12,97.25,94.38,96.34
"7109",170,2000,94.73,93.3,93.84,95.19,93.62,91.89
"7110",171,2000,94.83,93.99,92.84,95.8,91.17,93.34
"7111",172,2000,90.62,90.97,91.19,90.71,92.14,91.97
"7112",173,2000,94.1,93.93,93.53,93.7,92.68,94.33
"7113",174,2000,96.14,95.95,95.31,96.92,94.81,96.47
"7114",175,2000,95.07,94.48,94.09,95.48,93.9,94.79
"7115",176,2000,93.91,93.32,91.56,94.34,90.26,92.93
"7116",177,2000,94.94,94.08,94.02,93.65,92.59,92.79
"7117",178,2000,92.21,90.13,91.74,90.41,92.38,90.51
"7118",179,2000,95.21,95.14,95.66,94.23,94.94,95.52
"7119",180,2000,92.21,90.65,90.19,91.63,89.69,90.48
"7120",181,2000,92.86,92,92.23,90.74,90.54,93.09
"7121",182,2000,93.28,92.44,92.09,92.73,92.14,93.08
"7122",183,2000,93.06,91.59,92.72,90.93,92.04,91.66
"7123",184,2000,92.69,90.5,93.29,89.15,90.55,90.31
"7124",185,2000,95.06,94.36,95.21,94.13,92.77,94.02
"7125",186,2000,97.02,95.6,95.41,96.8,95.5,96.07
"7126",187,2000,96.02,95.59,96.56,94.59,96.34,95.88
"7127",188,2000,92.97,91.37,91.21,93.2,90.27,90.81
"7128",189,2000,89.81,88.97,89.29,89.39,91.54,89.4
"7129",190,2000,90.45,90.3,91.65,89.48,91.45,89.05
"7130",191,2000,88.72,88.4,89.87,86.3,91.65,88.15
"7131",192,2000,90.48,90.93,90.81,87.52,91.2,90.55
"7132",193,2000,92.25,90.68,91.64,90.97,89.64,90.35
"7133",194,2000,95.21,94.85,94.47,93.32,95.7,95.62
"7134",195,2000,99.07,98.77,99.54,97.83,99.7,98.67
"7135",196,2000,91.8,90.08,89.71,93.85,88.12,89.22
"7136",197,2000,82.19,78.82,80.45,81.94,80.5,77.46
"7137",198,2000,83.64,84.98,82.56,84.73,83.78,82.19
"7138",199,2000,92.97,93.87,93.58,91.46,92.97,95.14
"7139",200,2000,90.19,89.46,88.72,90.64,88.13,89.49
"7140",201,2000,90.87,90.83,91.34,89.83,90.92,89.14
"7141",202,2000,95.96,95.32,95.92,94.32,95.62,93.83
"7142",203,2000,93.38,93.94,93.28,93.95,93.8,95.02
"7143",204,2000,88.39,87.58,88.6,87.4,88.96,88.93
"7144",205,2000,92.5,89.86,91.65,87.57,89.54,89.16
"7145",206,2000,94.76,92.57,93.64,93.12,93.49,91.1
"7146",207,2000,95.42,94.2,94.29,96.33,94.1,94.6
"7147",208,2000,96.33,97.64,95.11,97.03,91.98,98.11
"7148",209,2000,95.84,95.51,95.8,95.89,94.19,94.95
"7149",210,2000,93.23,93.96,94.27,93.35,94.3,94.99
"7150",211,2000,92.98,92.8,92.89,92,91.89,93.11
"7151",212,2000,88.66,90.04,90.2,88.11,92.06,92.3
"7152",213,2000,90.59,90.71,89.49,91.67,88.57,90.28
"7153",214,2000,92.97,92.07,91.09,93.37,92.25,88.86
"7154",215,2000,89.58,90.03,88.42,90.08,89.71,89.76
"7155",216,2000,96.12,95.7,94.08,96.31,93.15,94.44
"7156",217,2000,94.23,93.71,93.62,93.59,92.39,93.5
"7157",218,2000,94.32,93.76,94.23,94.38,93.98,94.04
"7158",219,2000,90.68,90.4,91.2,91.01,91.81,92.38
"7159",220,2000,94.73,94.2,94.49,95.24,94.43,93.82
"7160",221,2000,92.24,90.32,91.41,91.24,93.36,91.13
"7161",222,2000,94.29,92.44,92.94,93.6,93.3,92.42
"7162",223,2000,94.81,93.38,94.77,93.19,93.99,92
"7163",224,2000,91.97,89.74,91.3,90.16,89.94,88.91
"7164",225,2000,92.53,92.28,92.43,91.66,92.91,92.79
"7165",226,2000,92.01,92.02,90.95,91.62,91.33,91.72
"7166",227,2000,91.13,91.33,91.37,91.14,92.08,92
"7167",228,2000,92.71,91.62,91.27,92.37,90.8,93
"7168",229,2000,93.53,94.39,94.03,94.4,93.77,94.83
"7169",230,2000,94.04,93.09,91.8,92.76,90.72,94.18
"7170",231,2000,91.55,91.33,91.37,91.79,91.66,92.57
"7171",232,2000,93.76,92.72,92.38,95.09,94.16,93.38
"7172",233,2000,91.52,91.31,91.14,90.05,89.96,92.52
"7173",234,2000,91.66,91.19,91.76,90.26,91.26,91.9
"7174",235,2000,90.88,89.76,90.23,90.06,89.92,89.95
"7175",236,2000,90.55,90.43,90.28,90.92,91.96,91.41
"7176",237,2000,93.71,94.39,94.41,93.96,94.89,94.82
"7177",238,2000,94.9,93.35,92.87,94.34,92.32,92.96
"7178",239,2000,89.64,89.39,88.67,89.98,89.14,89.82
"7179",240,2000,91.12,90.49,91.71,90.55,91.2,89.21
"7180",241,2000,89.45,88.86,89.01,89.73,86.81,87.03
"7181",242,2000,86.16,86.11,86.83,85.93,88.75,87.15
"7182",243,2000,88.72,88.08,87.73,89.47,87.54,87.63
"7183",244,2000,92.44,92.12,90.87,93.06,88.65,90.41
"7184",245,2000,92.37,90.44,90.8,92.65,89.48,89.67
"7185",246,2000,90.21,90.43,88.78,91.56,87.46,91.03
"7186",247,2000,91.07,90.49,88.09,92.38,84.74,88.93
"7187",248,2000,93.66,93.36,94.16,93.22,94.54,93.95
"7188",249,2000,95.25,95.21,95.02,94.81,93.11,95.97
"7189",250,2000,89.62,89.46,88.83,88.81,88.14,90.71
"7190",251,2000,82.53,83.34,85.34,80.7,87.09,86.44
"7191",252,2000,85.94,85.87,86.32,87.3,84.95,86.44
"7192",253,2000,89.87,90.05,89.65,90.63,88.56,92.98
"7193",254,2000,89.23,88.26,87.01,89.25,87.47,88.97
"7194",255,2000,92.14,91.34,91.28,92.11,89.73,90.97
"7195",256,2000,90.89,91.49,90.46,91.84,90.02,91.28
"7196",257,2000,89.93,90.56,90.2,89.6,91.31,90.59
"7197",258,2000,96.36,94.52,94.58,95.47,91.09,90.36
"7198",259,2000,89.09,86.81,88.16,88.27,88.11,85.49
"7199",260,2000,90.35,90.3,91.85,90,90.86,90.41
"7200",261,2000,92.96,92.34,93.23,92.08,92.53,91.9
"7201",262,2000,89.3,92.44,90.8,90.28,92.2,93.18
"7202",263,2000,89.03,86.94,87.01,89.34,87.07,86.72
"7203",264,2000,91.52,89.3,90.4,91.31,87.46,88.03
"7204",265,2000,88.77,89.13,89.57,88.44,90.21,89.15
"7205",266,2000,90.38,89.58,90.03,91.1,90.36,88.89
"7206",267,2000,93.26,89.72,90.93,93.45,89.96,88.31
"7207",268,2000,87.96,88.84,88.22,88.97,87.95,89.2
"7208",269,2000,87.23,86.75,86.17,89.16,86.07,87.08
"7209",270,2000,95.8,95.34,95.37,96.01,95.78,94.68
"7210",271,2000,96.52,96.67,96.91,95.97,95.9,97.31
"7211",272,2000,92.56,91.94,90.77,92.34,91.18,91.38
"7212",273,2000,90.06,91.5,90.39,89.6,88.21,92.92
"7213",274,2000,93.86,93.28,92.62,94.14,91.39,93.75
"7214",275,2000,90.83,89.89,89.8,90.41,91.08,89.59
"7215",276,2000,92.17,91.19,91.33,93.59,90.65,89.88
"7216",277,2000,92.62,92.45,90.66,94.84,88.37,92.17
"7217",278,2000,89.52,88.67,88.29,89.78,88.42,88.09
"7218",279,2000,92.47,90.85,91.88,91.87,89.89,90.39
"7219",280,2000,91.14,90.06,91.27,91.2,89.46,90.63
"7220",281,2000,91.86,91.69,92.28,90.98,92.51,91.74
"7221",282,2000,93.36,93.54,93.26,93.08,91.76,93.92
"7222",283,2000,91.21,90.22,90.42,90.69,88.65,89.19
"7223",284,2000,93.53,92.71,93.53,93.18,92.75,91.64
"7224",285,2000,90.98,89.88,89.95,88.61,91.14,89.5
"7225",286,2000,89.77,88.99,87.77,89.66,86.86,88.75
"7226",287,2000,89.79,88.14,88.73,90.21,87.26,85.89
"7227",288,2000,93.9,92.95,92.54,94.4,90.99,91.23
"7228",289,2000,95.94,93.09,93.72,94.74,89.79,90.91
"7229",290,2000,91.34,91.26,91.71,91.4,90.57,90.35
"7230",291,2000,91.14,90.13,90.41,91.9,86.88,89.49
"7231",292,2000,91.3,90.17,91.23,91.53,90.65,89.36
"7232",293,2000,93.42,92.75,93.13,93,91.27,92.15
"7233",294,2000,89.15,90.26,91.32,88.08,92.14,91.33
"7234",295,2000,92.17,91.94,92.04,91.55,91.64,92.68
"7235",296,2000,89.68,89.23,88.79,89.43,91.35,89.37
"7236",297,2000,87.66,88.3,88.53,87.91,89.66,88.87
"7237",298,2000,89.32,89.41,90.64,87.69,91.05,89.77
"7238",299,2000,93.4,91.19,90.29,92.54,90.24,91.73
"7239",300,2000,94.05,94.22,94.77,93.88,94.32,94.07
"7240",301,2000,93.04,91.28,91.5,90.23,89.1,91.46
"7241",302,2000,91.28,89.97,90.66,90.89,89.61,88.37
"7242",303,2000,90.54,90.94,92,88.63,92.63,91.77
"7243",304,2000,95.74,95.05,94.87,94.12,94.49,94.94
"7244",305,2000,95.88,94.64,96.25,93.8,96.54,94.81
"7245",306,2000,91.79,90.86,90.84,94.26,90.43,89.88
"7246",307,2000,86.6,86.97,87.73,86.69,91.17,90.09
"7247",308,2000,89.4,90.78,90.16,89.69,90.26,91.93
"7248",309,2000,91.69,91.74,91.05,91.01,86.65,91.5
"7249",310,2000,89.54,90.03,89.04,89.92,87.11,89.39
"7250",311,2000,87.2,89.93,87.61,88.42,89.79,91.13
"7251",312,2000,86.82,89.22,88.63,87.72,89.56,88.78
"7252",313,2000,86.72,88.16,87.06,88.35,87.62,89.68
"7253",314,2000,85,85.12,85.44,85.05,85.54,85.09
"7254",315,2000,82.96,85.37,85.62,81.58,87.57,87.19
"7255",316,2000,84.16,87.06,87.46,83.24,90.55,88.39
"7256",317,2000,80.7,82.16,82.38,81.84,84.92,81.8
"7257",318,2000,78.82,80.21,80.39,79.18,80.66,80.57
"7258",319,2000,76.82,78.42,78.72,77.01,82.43,79.78
"7259",320,2000,80.48,87.93,86.19,81.61,91.14,91.21
"7260",321,2000,87.76,90.57,90.76,87.6,90.42,91.66
"7261",322,2000,95.81,95.93,96.29,95.83,95.54,97.28
"7262",323,2000,98.65,98.56,98.32,98.37,95.85,98.03
"7263",324,2000,95.73,94.77,95.17,94.92,94.03,93.09
"7264",325,2000,94.53,94.58,93.35,94.66,95.12,94.19
"7265",326,2000,91.43,93.65,93.22,88.41,89.71,95.83
"7266",327,2000,91.72,94.2,94.06,91.92,95.57,94.5
"7267",328,2000,92.2,92.55,94.13,91.77,92.4,94.6
"7268",329,2000,92.74,92.15,91.85,92.15,91.48,91.6
"7269",330,2000,90.68,90.32,90.45,91.98,90.69,91.36
"7270",331,2000,90.83,90.7,90.84,91.41,90.92,91.65
"7271",332,2000,87.55,89.12,88.65,88.46,89.34,89.06
"7272",333,2000,90.81,91.32,90.86,93.21,89.16,92.12
"7273",334,2000,91.32,91.06,91.11,92.27,90.19,90.24
"7274",335,2000,91.11,90,91.19,92,90.5,88.91
"7275",336,2000,88.77,88.58,89.66,88.81,90.46,88.43
"7276",337,2000,88.66,87.18,87.92,88.76,87.56,87.57
"7277",338,2000,88.45,88.26,87.59,89.77,87.36,89.65
"7278",339,2000,87.54,88.32,87.28,89.78,89.48,89.15
"7279",340,2000,89.33,91.52,89.8,89.97,90.28,93.64
"7280",341,2000,95.43,96.26,94.81,96.36,94.16,95.27
"7281",342,2000,92.52,94.74,93.81,93.97,94.15,94.82
"7282",343,2000,92.64,93.78,93.87,92.91,94.17,94.23
"7283",344,2000,95.06,95.41,94.73,96.48,94.34,95.92
"7284",345,2000,93.27,93.85,92.98,93.41,92.88,94.04
"7285",346,2000,88.92,89.19,89.21,89.17,90.71,90.74
"7286",347,2000,84.59,86.61,85.08,86.56,85.07,88.79
"7287",348,2000,73.97,77.2,75.97,74.46,81.74,79.77
"7288",349,2000,70.58,68.97,69.5,71.48,75.14,69.87
"7289",350,2000,70.05,68.05,67.21,71.54,66.73,67.76
"7290",351,2000,69.15,68.52,67.65,70.55,70.44,68.86
"7291",352,2000,69.68,71.68,71.47,71.16,73.21,73.35
"7292",353,2000,70.06,71.61,71.65,71.34,78.08,73.71
"7293",354,2000,71.17,75.96,75.62,71.59,80.65,80.89
"7294",355,2000,74.41,78.89,77.98,76.52,81.52,83.06
"7295",356,2000,83.63,89.89,88.6,82.32,92.68,93.5
"7296",357,2000,90.57,92.55,92.14,89.12,93.23,93.27
"7297",358,2000,95.64,94.94,95.29,94.1,94.42,94.73
"7298",359,2000,95.01,94.55,94.8,94.56,93.85,94.2
"7299",360,2000,92.22,92.3,92.06,91.65,91.55,92.14
"7300",361,2000,91.42,92.6,92.13,91.96,91.62,92.04
"7301",362,2000,92.54,93.46,92.85,93.53,93.05,91.84
"7302",363,2000,92.07,93.55,93.31,92.52,91.26,93.11
"7303",364,2000,94.56,94.3,93.78,95.81,91.93,94.58
"7304",365,2000,93.32,93.08,92.42,94.41,91.9,92.45
"7305",366,2000,90.98,91.48,91,92.48,91.04,92.25
"7306",1,2001,94.63,94.43,94.75,95.18,94.03,94.25
"7307",2,2001,87.28,88.42,90.11,87.64,91.68,89.69
"7308",3,2001,79.75,82.8,84.72,78,89.67,84.7
"7309",4,2001,77.73,81.09,83.41,77.38,89.93,85.59
"7310",5,2001,80.86,88.54,88.24,81.38,93.45,92.74
"7311",6,2001,88.21,91.55,91.26,89.12,92.05,90.89
"7312",7,2001,91.62,92.86,92.52,92.69,91.52,92.36
"7313",8,2001,88.97,91.04,90.78,90.79,91.2,91.37
"7314",9,2001,83.62,87.19,86.09,84.87,90.51,89.05
"7315",10,2001,75.96,82.29,81.42,77.62,88.69,86.54
"7316",11,2001,74.12,81.14,81.62,74.55,89.42,86.57
"7317",12,2001,73.59,80.13,84.05,73.15,94.8,85.73
"7318",13,2001,79.09,85.68,86.4,77.11,91.13,90.35
"7319",14,2001,84.22,88.97,88.34,84.9,90.11,90.39
"7320",15,2001,89.26,91.61,90.93,90.87,94.17,91.62
"7321",16,2001,89.45,90.49,92.19,90.78,92.4,91.49
"7322",17,2001,92.86,93.29,93.43,92.75,91.6,93.34
"7323",18,2001,91.78,90.68,92.66,89.95,94.7,92.08
"7324",19,2001,92.04,93.53,94.97,91.47,97.05,94.92
"7325",20,2001,93.1,93.93,93.8,92.42,95.16,94.11
"7326",21,2001,92.47,92.87,93.48,91.24,93.22,92.61
"7327",22,2001,89.62,92.24,91.91,89.16,95.02,93.16
"7328",23,2001,85.09,86.75,87.23,85.49,88.04,89.39
"7329",24,2001,86.21,89.4,89.42,86.76,93.81,90.69
"7330",25,2001,94.81,95.98,95.43,93.74,94.83,96.3
"7331",26,2001,92.66,92.24,92.3,92.01,92.11,93.3
"7332",27,2001,88.85,90.88,91.82,88.09,92.35,92.96
"7333",28,2001,84.53,91.1,91.28,85.41,95.31,95.78
"7334",29,2001,83.17,89.55,90.22,82.55,93.9,92.91
"7335",30,2001,77.66,82.23,83.23,77.89,88.27,82.83
"7336",31,2001,69.15,71.69,71.51,70.64,84.39,73.56
"7337",32,2001,68.67,71.39,69.9,71.19,83.44,71.79
"7338",33,2001,67.36,71,69.91,69.2,87.41,73.09
"7339",34,2001,66.28,71.26,72.45,67.01,89.35,76.79
"7340",35,2001,70.88,82.94,83.27,68.64,94.64,90.12
"7341",36,2001,87.93,90.29,91.13,86.45,92.28,92.34
"7342",37,2001,90.95,93.71,92.01,90.89,94.75,96.09
"7343",38,2001,91.28,92.7,93.85,90.85,95.08,94.35
"7344",39,2001,94.4,93.7,93.6,94.75,92.26,94.03
"7345",40,2001,94.07,91.49,92.51,92.75,90.39,90.56
"7346",41,2001,89.12,91.64,90.17,91,91.4,92.9
"7347",42,2001,84.67,88.34,88.82,85.53,91.7,89.62
"7348",43,2001,84.75,88.92,90.25,84.63,94.33,91.81
"7349",44,2001,92.71,94.62,95.42,90.72,94.34,96.69
"7350",45,2001,89.95,91.1,90.38,88.45,91.2,91.02
"7351",46,2001,79.78,84.37,86.27,77.59,89.78,86.62
"7352",47,2001,75.35,84.12,84.76,73.29,89.67,88.12
"7353",48,2001,80.48,87.65,87.49,78.22,89.45,89.47
"7354",49,2001,82.29,88.3,88.2,81.31,91.09,91.87
"7355",50,2001,83.05,87.57,88.41,83.06,91.85,89.31
"7356",51,2001,83.31,86.57,87.69,82.51,90.32,91.2
"7357",52,2001,81.84,84.94,87.56,76.04,90.47,88.65
"7358",53,2001,70.15,75.27,78.56,66.16,87.37,79.93
"7359",54,2001,67.11,74.8,79.11,64.54,89.04,79.16
"7360",55,2001,69.61,78.27,85.55,65.92,94.35,85.11
"7361",56,2001,84.92,89.62,91.25,80.35,91.88,92.79
"7362",57,2001,87.53,91.65,91.01,87.11,92.48,92.58
"7363",58,2001,77.97,83.01,83.8,75.38,86.27,84.44
"7364",59,2001,77.21,80.36,81.94,72.6,85.91,82.32
"7365",60,2001,82.57,85.12,86.79,76.54,91.02,86.72
"7366",61,2001,82.56,85.6,86.4,77.52,87.71,86.89
"7367",62,2001,88.96,89.45,89.87,85.73,88.6,89.17
"7368",63,2001,93.71,92.69,94.22,92.71,92.1,92.07
"7369",64,2001,91.02,91.97,91.16,90.95,91.35,93.84
"7370",65,2001,88.5,89.31,88.22,89.03,85.73,91
"7371",66,2001,84.24,86.59,85.79,85.13,86.13,87.45
"7372",67,2001,91.36,91.36,91.12,88.39,87.72,91.94
"7373",68,2001,93.78,95.49,92.72,95.27,92.34,95.18
"7374",69,2001,91.52,90.32,90.4,93.06,88.52,89.63
"7375",70,2001,86.02,86.15,85.3,87.99,84.61,85.85
"7376",71,2001,80.81,81.77,82.08,80.33,82.12,82.55
"7377",72,2001,76.75,79.83,79.02,76.67,82.18,79.61
"7378",73,2001,75.21,76.98,78.05,72.57,84.37,78.86
"7379",74,2001,78.59,84.57,84.49,77.36,89.25,88.89
"7380",75,2001,86.89,89.82,89.68,87.45,93.49,92.02
"7381",76,2001,92.78,94.09,94.66,92.39,95.66,96.69
"7382",77,2001,90.65,92.38,92.5,91.81,95.48,94.07
"7383",78,2001,90.03,90.02,90.14,86.97,89.74,89.48
"7384",79,2001,93.28,94.4,93.4,93.99,94.53,95.44
"7385",80,2001,91.65,92.84,92.66,92.74,93.02,95.46
"7386",81,2001,94.7,95.88,93.57,96.61,92.89,97.03
"7387",82,2001,89.12,89.37,88.99,90.57,92.25,90.61
"7388",83,2001,87.62,90.59,89.02,87.38,88.5,94.7
"7389",84,2001,92.02,93.71,93.1,92.75,93.01,95.41
"7390",85,2001,89.97,88.42,88.49,89.26,90.65,88.13
"7391",86,2001,92.06,92.76,92.09,92.28,93.57,93.32
"7392",87,2001,89.4,90.03,90.58,89.22,92.77,91.1
"7393",88,2001,91.69,90.24,89.89,94.14,88.88,90.41
"7394",89,2001,89.28,90.39,89.89,89,91.8,92.06
"7395",90,2001,88.47,89.94,89.53,87.97,91.71,90.26
"7396",91,2001,87.89,89.42,89.79,86.51,89.2,90.69
"7397",92,2001,83.95,85.33,85.69,83.73,86.21,86.8
"7398",93,2001,88.73,89.54,90.63,87.08,90.47,89.54
"7399",94,2001,89.78,89.44,91.78,86.42,92.17,91.52
"7400",95,2001,90.31,89.16,88.48,90.41,89.44,91.47
"7401",96,2001,89.01,88.91,89.68,86.17,90.69,90.88
"7402",97,2001,94.77,93.24,93.91,95.1,93.43,94.27
"7403",98,2001,96.9,96.38,97.5,95.43,98.6,96.66
"7404",99,2001,93.73,93.51,92.61,92.97,90.67,94.62
"7405",100,2001,91.33,89.9,91.03,88.88,90.69,90.71
"7406",101,2001,89.21,88.68,89.38,87.88,89.61,90.52
"7407",102,2001,91.84,91.64,92.09,92.46,92.65,93.14
"7408",103,2001,96.77,95.16,96.45,94.34,95.31,95.28
"7409",104,2001,90.59,90.05,89.02,89.41,91.03,93.39
"7410",105,2001,92.29,90.9,92.39,90.06,89.51,89.43
"7411",106,2001,90.8,90.55,88.84,92.12,84.66,89.76
"7412",107,2001,93.54,92.29,92.94,89.55,92.43,93.84
"7413",108,2001,86.59,87.06,86.55,88.25,88.57,89.66
"7414",109,2001,90.02,92.35,90.49,93.82,89.89,91.61
"7415",110,2001,87,87,88.19,85.3,91.4,89.18
"7416",111,2001,84.27,84.86,87.2,80.93,89.11,84.8
"7417",112,2001,79.43,82.84,84.62,75.78,88.85,84.55
"7418",113,2001,76.26,81.42,81.54,74.2,84.47,82.66
"7419",114,2001,83.97,85.84,85.79,83.61,87.61,86.22
"7420",115,2001,95.35,94.8,95.98,94.47,94.09,93.96
"7421",116,2001,94.69,94.72,94,96.32,93.42,95.04
"7422",117,2001,90.84,93.43,93.84,92.23,97.9,93.16
"7423",118,2001,91.91,90.9,91.78,91.5,91.21,91.31
"7424",119,2001,93.97,93.9,93.43,94.15,93.4,93.88
"7425",120,2001,96.85,96.27,96.21,96.44,95.4,96.51
"7426",121,2001,94.38,94.25,94.33,94.83,94.18,94.47
"7427",122,2001,94.54,95.17,94.31,94.23,91.34,93.96
"7428",123,2001,93.69,93.18,90.41,94.98,92.37,92.79
"7429",124,2001,91.87,92.03,91.95,92.56,91.89,93.24
"7430",125,2001,88.7,90.41,90.88,88.85,93.1,92.22
"7431",126,2001,88.55,87.56,88.19,88.55,87.66,88.2
"7432",127,2001,89.61,90.2,90.4,89.63,92.6,89.73
"7433",128,2001,93.38,93.92,92.65,93.7,92.19,91.63
"7434",129,2001,97.33,98.49,98.53,98.18,96.28,99.24
"7435",130,2001,93.66,91.78,92.84,92.63,93.23,91.41
"7436",131,2001,89.71,88.19,88.26,88.7,88.46,89.12
"7437",132,2001,91.4,92.41,90.12,92.41,89.12,92.99
"7438",133,2001,91.66,90.51,90.07,90.92,89.72,90.45
"7439",134,2001,94.82,95.06,96.23,93.52,96.01,96.67
"7440",135,2001,94.41,97.69,95.95,97.01,98,97.7
"7441",136,2001,87.99,86.6,86.62,88.13,87.17,85.34
"7442",137,2001,91.56,90.71,89.5,93.15,88.26,87.64
"7443",138,2001,94.88,93.03,93.49,94.51,92.33,91.72
"7444",139,2001,95.66,97.28,96.63,96.81,98.43,96.97
"7445",140,2001,92.81,94.59,90.42,95.25,92.86,94.41
"7446",141,2001,94.08,92.35,91.73,93.23,90.97,90.85
"7447",142,2001,88.96,89.65,89.96,88.35,90.08,89.92
"7448",143,2001,89.99,88.95,91.03,88.11,93.21,88.6
"7449",144,2001,89.46,89.89,88.04,90.9,88.82,91.02
"7450",145,2001,93.8,91.89,91.03,93.29,94.03,92.11
"7451",146,2001,88.86,87.89,87.85,89.58,88.63,84.41
"7452",147,2001,91.02,88.11,89.52,89.89,88.99,86.12
"7453",148,2001,92.96,91.57,89.94,94.63,89.4,90.29
"7454",149,2001,92.65,93.9,92.23,94.87,94.29,93.41
"7455",150,2001,95.07,93.24,92.16,95.14,89.99,91.17
"7456",151,2001,91.02,89.37,90.02,90.24,90.11,88.19
"7457",152,2001,90.37,89.27,88.99,91.52,91.19,87.67
"7458",153,2001,92.46,92.48,92.43,93.89,93.35,93.6
"7459",154,2001,91.26,90.51,90.73,89.56,91.14,91.88
"7460",155,2001,92.19,90.34,91.81,90.59,94.19,91.57
"7461",156,2001,91.33,89.9,88.2,91.46,88.03,89.61
"7462",157,2001,91.77,90.32,88.93,90.34,88.37,89.32
"7463",158,2001,92.84,93.22,91.69,94,91.46,94.71
"7464",159,2001,91.57,90.57,90.98,91.41,90.83,91.99
"7465",160,2001,94.65,93.84,95.53,92.26,94.06,94.05
"7466",161,2001,92.27,92.16,92.17,93.34,92.95,94.87
"7467",162,2001,97.88,97.45,98.04,95.76,94.55,97.67
"7468",163,2001,96.49,97.53,97.37,95.16,99.26,97.71
"7469",164,2001,91.39,91.37,89.64,92.51,89.34,91.78
"7470",165,2001,91.13,88.8,87.54,90.65,86.82,87.02
"7471",166,2001,88.15,88.36,86.04,90.11,88.53,89.25
"7472",167,2001,89.5,87.93,89.61,88.82,91.47,89.26
"7473",168,2001,93.29,91.73,91.81,92.79,90.93,90.61
"7474",169,2001,95.25,93.76,93.7,93.18,94.88,94.2
"7475",170,2001,97.48,96.41,95.69,98.47,93.16,95.99
"7476",171,2001,93.64,90.52,88.89,95.41,85.44,89.78
"7477",172,2001,88.96,83.66,87.63,86.53,83.32,82.28
"7478",173,2001,83.42,81.14,83,80.8,83.67,79.88
"7479",174,2001,86.25,85.93,85.43,86.12,84.85,83.98
"7480",175,2001,87.58,83.36,86.54,86.16,82.73,81.16
"7481",176,2001,82.24,80.96,82.39,82.37,81.59,81.61
"7482",177,2001,95.36,97.03,97.44,95.26,97.18,97.09
"7483",178,2001,95.92,94.62,97.26,93.24,96.96,96.4
"7484",179,2001,96.8,93.53,95.23,96.25,92.97,91.43
"7485",180,2001,94.41,94.51,95.24,93.05,94.56,95.15
"7486",181,2001,94.73,94.38,92.88,95.25,93.42,94.31
"7487",182,2001,93.32,92.88,94.88,90.68,95.24,93.86
"7488",183,2001,93.8,93.09,92.65,93.01,91.73,91.93
"7489",184,2001,92.26,91.92,92.83,90.28,92.85,91.97
"7490",185,2001,93.86,92.29,92.09,92.89,89.15,92.13
"7491",186,2001,95.47,94.92,94.96,94.94,93.75,94.83
"7492",187,2001,97.54,95.22,96.39,95.98,95.23,94.57
"7493",188,2001,96.37,94.41,97.54,92.7,97.68,94.07
"7494",189,2001,89.72,86.68,89.9,87.78,91.52,85.25
"7495",190,2001,93.08,91.25,92.9,91.64,93.53,92.14
"7496",191,2001,91.88,92.15,91.79,94.46,94.18,95.8
"7497",192,2001,91.23,90.7,90.46,90.54,89.16,91.14
"7498",193,2001,93.27,91.05,92.44,92.47,90.72,89.29
"7499",194,2001,94.15,93.28,93.77,94.2,93.18,92.42
"7500",195,2001,90.71,90.15,91.1,90.62,91.28,90.75
"7501",196,2001,90.31,90.57,90.44,90.66,92.32,91.76
"7502",197,2001,95.38,94.08,92.96,95.54,91.65,92.27
"7503",198,2001,92.1,92.47,92,90.8,91.67,92.71
"7504",199,2001,92.42,89.87,92.33,89.85,92.86,91.25
"7505",200,2001,94.59,93.52,94.02,94.02,93.48,93.05
"7506",201,2001,94.76,92.57,93.09,94.68,92.85,92.54
"7507",202,2001,89.77,89.4,89.14,91.29,90.21,90.35
"7508",203,2001,93.61,93.13,92.99,92.26,92.2,92.24
"7509",204,2001,93.4,93.86,91.82,94.59,93,95.68
"7510",205,2001,89.58,89.45,89.08,89.09,88.72,89.12
"7511",206,2001,89.55,89.18,89.69,90.34,91.28,89.82
"7512",207,2001,89.64,90.02,89.59,90.14,89.53,88.41
"7513",208,2001,90.5,90.28,90.01,90.44,89.62,88.75
"7514",209,2001,95.38,95.32,94.65,94.39,93.75,95.21
"7515",210,2001,92.33,90.9,91.16,91.6,88.18,91.64
"7516",211,2001,92.54,89.22,87.56,93.26,83.77,86.18
"7517",212,2001,89.09,90.1,87.96,89.97,87.1,89.89
"7518",213,2001,93.07,92.25,92.58,91.77,92.27,93.11
"7519",214,2001,93.8,93.72,93.35,93.46,95.28,93.94
"7520",215,2001,91.4,91.01,90.79,90.84,91.8,91.85
"7521",216,2001,93.66,91.32,91.83,94.38,89.11,92.41
"7522",217,2001,90.32,90.81,89.78,94.47,88.51,89.51
"7523",218,2001,94.13,92.18,93.82,93.88,93.03,91.39
"7524",219,2001,91.59,89.62,90.45,91.86,91.62,90.37
"7525",220,2001,91.3,91.01,90.76,91.36,91.54,91.52
"7526",221,2001,89.85,88.63,88.22,89.14,89.69,89.38
"7527",222,2001,98.33,98.61,98.4,98.03,97.48,98.1
"7528",223,2001,92.66,94.35,93.33,93.07,93.16,94.87
"7529",224,2001,87.25,91.62,88.66,90.05,93.03,95.51
"7530",225,2001,93.27,93.27,93.84,91.13,91.19,93.34
"7531",226,2001,88.4,91.11,90.08,90.07,91.87,92.61
"7532",227,2001,90.28,87.97,88.72,90.43,87.35,89.51
"7533",228,2001,93.06,92.29,92.72,92.86,91.7,92.3
"7534",229,2001,93.43,93.49,92.34,94.87,91.86,93.79
"7535",230,2001,91.41,91.65,89.86,92.52,89.12,94.12
"7536",231,2001,90.62,91.33,90.68,91.61,90.67,92.06
"7537",232,2001,93.32,94.44,93.49,93.36,93.38,94.47
"7538",233,2001,95.93,96.54,96.67,95.48,96.62,95.41
"7539",234,2001,91.89,90.99,92.35,91.15,92.14,91.52
"7540",235,2001,87.62,88.98,88.73,87.17,90.01,90.39
"7541",236,2001,89.37,88.8,88.8,88.83,89.83,88.35
"7542",237,2001,89.47,88.88,88.78,89.6,89.63,87.8
"7543",238,2001,90.46,89.52,89.71,91,89.97,89.86
"7544",239,2001,90.32,88.92,90.57,88.98,92.44,90.06
"7545",240,2001,92.36,91.6,91.31,91.76,91.92,92.43
"7546",241,2001,91.62,90.73,91.84,92.19,94.27,91.79
"7547",242,2001,90.29,89.55,89.01,90.57,89.88,90.28
"7548",243,2001,91.88,93.04,91.4,92.56,90.56,94.4
"7549",244,2001,91,91.48,89.99,91.67,90.89,93.59
"7550",245,2001,89.35,90.46,89.72,89.8,91.81,91.14
"7551",246,2001,88.57,89.16,88.23,90.24,89.17,89.16
"7552",247,2001,90.27,90.84,90.13,89.92,91.63,91.44
"7553",248,2001,94.32,93.95,94.23,93.77,93.09,93.74
"7554",249,2001,92.66,92.14,92.73,91.91,93.27,91.71
"7555",250,2001,88.55,88.41,88.49,87.76,91.03,90.26
"7556",251,2001,94.45,95.23,93.66,93.61,94.85,96.44
"7557",252,2001,88.26,88.46,87.46,89.34,87.18,88.16
"7558",253,2001,90.05,90.15,90.94,90.98,92.21,90.32
"7559",254,2001,92.72,94.27,93.36,93.25,93.73,96.52
"7560",255,2001,86.36,87.45,86.68,88.79,89.52,89.48
"7561",256,2001,93.39,93.86,92.73,92.36,88.83,94.36
"7562",257,2001,93.8,91.42,92.65,94.57,93.2,92.44
"7563",258,2001,89.98,89.55,90.18,90.74,90.05,89.92
"7564",259,2001,88.02,87.11,88.03,88.29,87.61,87.07
"7565",260,2001,92.2,91.88,92.66,91.47,92.37,91.98
"7566",261,2001,91.08,87.56,89.85,89.08,87.39,85.63
"7567",262,2001,93,92.14,92.5,92.51,90.55,94.23
"7568",263,2001,89.68,88.81,88.44,89.41,87.87,89.37
"7569",264,2001,88.61,89.06,89.68,88.64,93.01,89.72
"7570",265,2001,92.57,90.59,92.3,91.09,89.73,90.97
"7571",266,2001,89.57,89.86,88.93,89.4,89.77,89.9
"7572",267,2001,87.76,86.87,87.55,86.75,87.79,87.82
"7573",268,2001,87.11,86.45,88.99,86.13,91.93,86.21
"7574",269,2001,90.85,91.42,91.24,90.38,91.17,91.14
"7575",270,2001,90.03,90.4,90.54,89.93,90.45,91.69
"7576",271,2001,91.03,91.72,91.79,91.08,90.76,91.88
"7577",272,2001,92.93,92.14,92.92,92.62,91.25,91.55
"7578",273,2001,87.81,87.23,87.91,88.71,86.88,86.6
"7579",274,2001,87.77,88.69,87.51,88.17,86.16,89.97
"7580",275,2001,87.35,87.94,87.11,87.18,85.75,88.46
"7581",276,2001,90.32,89.85,90.24,88.26,87.41,88.65
"7582",277,2001,91.51,89.96,91.37,91.8,92.5,90.54
"7583",278,2001,89.5,89.61,88.9,90.98,90.27,90.42
"7584",279,2001,90.88,89.99,90.47,90.64,90.57,90.34
"7585",280,2001,88.85,88.03,88.54,88.62,88.15,86.87
"7586",281,2001,86.26,85.73,85.81,86.31,85.6,86.26
"7587",282,2001,85.44,84.46,84.47,86.41,87.73,83.77
"7588",283,2001,90.43,90.84,88.21,90.25,89.4,90.48
"7589",284,2001,90.24,89.54,90.3,89.72,90.25,89.45
"7590",285,2001,95.21,92.65,93.5,94.15,91.71,93.4
"7591",286,2001,91.68,91.61,92.27,90,91.91,91.33
"7592",287,2001,91.44,90.32,90.39,90.87,87.42,90.1
"7593",288,2001,87.24,87.99,87.88,86.76,88.42,88.07
"7594",289,2001,93.36,91.66,90.86,90.98,89.15,91.78
"7595",290,2001,91.15,91.64,90.65,93.36,94.23,92.45
"7596",291,2001,95.24,93.61,93.97,94.95,92.81,94.5
"7597",292,2001,88.35,86.25,87.53,86.93,87.19,85.5
"7598",293,2001,84.35,83.05,85.05,83.58,86.9,82.09
"7599",294,2001,85.61,87.23,86.43,86.67,87.63,89.26
"7600",295,2001,92.24,92.24,92.5,91.45,90.53,92.19
"7601",296,2001,93.95,92.71,92.62,94,92.09,92.58
"7602",297,2001,92.26,91.77,92.54,91.27,92.03,91.02
"7603",298,2001,91.07,90.32,90.96,91.05,90.67,90.3
"7604",299,2001,90.34,90.17,89.67,89.73,89.52,90.51
"7605",300,2001,88.34,88.94,89.15,88.45,89.39,88.63
"7606",301,2001,90.05,88.95,89.65,89.89,91.05,89.11
"7607",302,2001,87.78,88.1,89.59,86.12,90.41,89.03
"7608",303,2001,92.14,93.06,92.21,92.06,90.8,93.55
"7609",304,2001,94.11,94.61,93.84,94.61,91.63,93.75
"7610",305,2001,90.05,87.68,87.74,91.79,87.35,87.03
"7611",306,2001,91.59,90.9,92.95,90.99,94.05,92.01
"7612",307,2001,88.01,88.17,88.43,88.43,82.76,89.02
"7613",308,2001,87.6,88.47,86.28,89.11,86.37,89.95
"7614",309,2001,91,90.17,89.56,91.84,88.84,90.51
"7615",310,2001,91.38,91.57,91.43,90.4,90.94,90.75
"7616",311,2001,90,91.19,89.91,90.85,90.76,91.9
"7617",312,2001,93.06,93.2,92.55,94.06,91.71,93.72
"7618",313,2001,91.14,91.18,90.16,91.79,90.26,92.97
"7619",314,2001,90.94,89,89.4,91.13,89.77,88.07
"7620",315,2001,87.98,89.18,90.22,89.83,91.6,88.6
"7621",316,2001,88.62,88.27,91.75,87.34,94.73,87.48
"7622",317,2001,93.03,90.98,92.89,91.28,91.23,90.27
"7623",318,2001,87.97,88.4,88.95,88.32,89.13,88.7
"7624",319,2001,88.07,89.01,87.86,89.8,86.4,88.23
"7625",320,2001,90.21,90.42,88.21,91.65,90.58,90.51
"7626",321,2001,90.89,90.34,90.65,91.17,88.81,90.75
"7627",322,2001,88.83,89.49,88.79,89.52,90.51,90.1
"7628",323,2001,88.18,88.36,86.57,89.06,87.28,89.15
"7629",324,2001,87.39,86.56,86.65,87.12,87.6,86.72
"7630",325,2001,91.52,90.14,90.55,91.95,89.33,88.07
"7631",326,2001,89.1,88.36,89.2,88.84,86.8,86.13
"7632",327,2001,89.74,90.56,89.8,90.29,89.85,91.78
"7633",328,2001,85.74,86.29,86.33,87.14,86.52,86.81
"7634",329,2001,85.29,86.59,85.16,88.12,89.72,86.85
"7635",330,2001,90.57,91.42,91.32,89.56,90.71,93.09
"7636",331,2001,93.58,91.2,92.23,92.81,92.56,90.61
"7637",332,2001,95.02,95.57,95.36,95.4,95.35,95.81
"7638",333,2001,88.04,87.83,87.3,88.7,90.23,87.9
"7639",334,2001,82.52,83.03,83.53,83.18,86.24,83.75
"7640",335,2001,83.06,86.28,86.93,82.5,91.89,84.96
"7641",336,2001,85.19,89.78,90.04,84.82,93.37,91.67
"7642",337,2001,85.77,87.9,89.59,84.51,90.97,89.66
"7643",338,2001,90.8,91.7,91.6,88.96,89.85,92.43
"7644",339,2001,90.72,91.72,92.76,91.03,93.31,92.76
"7645",340,2001,92.55,93.23,92.26,93.57,91.01,93.04
"7646",341,2001,95.15,95.67,96.23,94.69,96.34,95.54
"7647",342,2001,93.07,91.6,91.62,93.13,89.45,91.27
"7648",343,2001,95.95,95.52,95.93,95.11,95.94,95.3
"7649",344,2001,95.62,94.73,96.07,93.91,95.98,94.93
"7650",345,2001,91.07,91.37,90.89,91.93,93.32,91.61
"7651",346,2001,94.76,94.32,94.09,95.07,93.08,94.12
"7652",347,2001,90.2,90.76,89.21,92.75,90.17,90.61
"7653",348,2001,89.13,90.52,89.95,90.7,90.74,90.59
"7654",349,2001,94.58,94.24,95.02,94.39,94.74,93.66
"7655",350,2001,94.12,95.17,94.48,95.02,94.88,96.1
"7656",351,2001,92.49,93.63,93.48,93.26,94.65,95.21
"7657",352,2001,91.18,90.53,91.1,90.56,91.9,90.6
"7658",353,2001,95.14,93.95,94.17,94.64,94.17,94.13
"7659",354,2001,93.16,92.05,91.11,93.76,90.2,91.25
"7660",355,2001,96.04,94.84,94.93,94.38,92.69,94.71
"7661",356,2001,89.81,90.43,89.96,90.07,91.78,91.62
"7662",357,2001,90.29,91.85,91.33,91.54,92.58,93.43
"7663",358,2001,95.6,96.67,96.24,96.18,95.06,96.87
"7664",359,2001,95.75,95.15,95.37,94.76,95.9,94.5
"7665",360,2001,91.47,92.45,90.85,91.91,91.52,94.44
"7666",361,2001,87.8,89.09,87.31,91.21,86.85,89.52
"7667",362,2001,88.82,88.01,88.51,90.22,90.59,88.54
"7668",363,2001,90.17,91.82,90.67,90.94,91.81,91.55
"7669",364,2001,88.8,90.06,89.82,88.62,90.83,88.96
"7670",365,2001,83.29,85.11,85.64,82.74,87.05,87.01
"7671",1,2002,77.43,80.24,80.09,78.17,89.03,83.23
"7672",2,2002,78.48,80.1,82.23,78.38,89.63,80.89
"7673",3,2002,78.1,80.2,82.98,77.55,87.91,84.04
"7674",4,2002,76.5,77.92,79.64,77.14,87.62,79.89
"7675",5,2002,75.92,77.11,76.29,78.11,82.48,78.06
"7676",6,2002,81.74,82,80.61,82.78,83.6,81.75
"7677",7,2002,75.64,82.32,81.56,75.86,87.85,86.65
"7678",8,2002,70.6,76.43,75.18,70.75,82.61,80.18
"7679",9,2002,68.27,72.92,73.37,67.32,81.84,77.08
"7680",10,2002,66.24,70.55,71.86,65.79,83.85,75.05
"7681",11,2002,69.13,73.27,74.36,67.75,83.62,77.86
"7682",12,2002,74.56,79.82,79.34,74.14,83.16,82.11
"7683",13,2002,74.29,78.4,77.02,75.92,83.45,80.33
"7684",14,2002,79.87,83.23,81.97,80.58,84.67,84.67
"7685",15,2002,81.92,85.94,86.31,81.59,90.99,90.14
"7686",16,2002,85.96,86.05,87.03,83.6,85.1,87.4
"7687",17,2002,77.64,79.66,81.82,75.97,85.35,82.41
"7688",18,2002,73.48,79.93,83.55,69.85,90.04,85.64
"7689",19,2002,76.86,82.23,84.11,73.14,89.75,84.44
"7690",20,2002,83.43,87.67,88.96,82.23,91.04,90.19
"7691",21,2002,92.2,94.04,94.06,92.4,92.36,92.85
"7692",22,2002,90.31,93.09,91.32,90.32,94.5,93.93
"7693",23,2002,91.24,91.41,90.26,93.19,89.3,90.83
"7694",24,2002,90.54,91.75,91.42,91.79,90.12,91.59
"7695",25,2002,87.96,92.63,92.17,86.94,92.82,94.28
"7696",26,2002,86.2,92.73,92.38,85.63,93.98,93.72
"7697",27,2002,79.2,87.27,87.46,77.22,93.38,91.91
"7698",28,2002,87.12,92.75,92.44,84.95,96.37,95.16
"7699",29,2002,90.94,95.95,94.93,91.78,94.56,96.59
"7700",30,2002,93.23,91.91,91.95,92.86,92.51,90.47
"7701",31,2002,93.44,94.31,93.14,93.7,93.33,93.82
"7702",32,2002,91.07,93.2,93.21,92.97,93.96,93.84
"7703",33,2002,93.32,93.67,94.23,92.24,95.36,93.77
"7704",34,2002,92.25,92.65,91.94,92.79,91.3,91.09
"7705",35,2002,89.59,89.64,88.57,90.08,88.83,89.42
"7706",36,2002,87.52,88.77,87.7,87.31,86.56,88.59
"7707",37,2002,88.9,93.81,92.24,88.38,94.07,96.22
"7708",38,2002,86.45,91.52,89.57,89.14,93.13,94.07
"7709",39,2002,83.18,87.73,85.23,85.2,87.91,89.95
"7710",40,2002,80.65,85.02,83.64,82.41,84.32,86.33
"7711",41,2002,79.07,85.42,84.43,79.7,88.5,91.06
"7712",42,2002,76.68,83.82,83.87,77.49,91.93,87.03
"7713",43,2002,76.78,85.07,86.69,73.27,93.23,89.89
"7714",44,2002,78.03,86.05,84.36,75.26,94.52,93.11
"7715",45,2002,76.29,86.17,83.87,72.7,89.93,90.42
"7716",46,2002,80.96,87.22,85.43,78.72,89.18,87.44
"7717",47,2002,81.39,84.11,84.13,79.17,88.89,85.78
"7718",48,2002,85.28,87.39,88.18,82.72,90.5,88.95
"7719",49,2002,90.91,92.01,91.66,91.04,93.21,93.18
"7720",50,2002,91.9,92.13,91.49,90.84,92.59,91.26
"7721",51,2002,88.58,90.05,90.1,88.51,89.63,89.87
"7722",52,2002,81.09,87.14,87.43,80.81,93.99,91.42
"7723",53,2002,88.17,92.62,93.8,84.46,96.81,94.9
"7724",54,2002,91.45,93.57,94.61,90.17,94.78,94.24
"7725",55,2002,89.7,89.06,91.88,86.13,89.76,90.17
"7726",56,2002,91.52,91.29,92.22,90.59,91.6,91.05
"7727",57,2002,90.43,91.04,90.97,90.01,90.41,91.41
"7728",58,2002,87.4,87.86,87.96,86.68,86.35,87.79
"7729",59,2002,82.6,87.7,85.76,82.27,93.04,92.44
"7730",60,2002,88.19,92.29,89.95,86.89,90.61,94.42
"7731",61,2002,88.53,91.63,89.96,87.67,90.71,91.99
"7732",62,2002,94.58,94.67,94.68,94.81,94.91,95.49
"7733",63,2002,91.81,93.15,93.27,90.17,92.72,93.59
"7734",64,2002,85.75,88.19,89.97,81.23,93.16,90.06
"7735",65,2002,87.12,87.51,88.74,82.7,92.7,90.38
"7736",66,2002,79.34,80.27,81.8,75.45,87.93,85.12
"7737",67,2002,69.91,75.25,75.47,67.77,83.09,78.56
"7738",68,2002,71.08,75.95,77.75,68.51,84.86,80.15
"7739",69,2002,79.91,84.32,85.63,77.81,88.5,87.39
"7740",70,2002,88.86,90.44,90.97,88.38,89.49,89.16
"7741",71,2002,92.4,91.5,90.34,93.3,91.61,93.22
"7742",72,2002,93.01,93.41,91.74,93.24,90.12,93.51
"7743",73,2002,94.52,93.4,94.21,92.97,94.04,93.79
"7744",74,2002,92.21,91.6,90.96,92.44,90.26,91.95
"7745",75,2002,90.89,90.58,88.36,92.68,86.47,91.14
"7746",76,2002,89.71,90.7,88.72,94.03,91.11,90.54
"7747",77,2002,88.38,90.79,89.09,89.57,89.81,91.06
"7748",78,2002,93.62,92.87,93.2,92.08,91.76,93.75
"7749",79,2002,93.92,94.79,92.1,96.05,93.57,95.55
"7750",80,2002,95.1,96.18,95.04,95.8,93.01,96.57
"7751",81,2002,95.24,95.36,93.65,96.06,93.78,96.43
"7752",82,2002,90.35,91.73,91.32,90.1,90.82,91.94
"7753",83,2002,91.21,89.87,90.95,89.82,89.94,89.01
"7754",84,2002,92.05,92.1,92.43,91.73,94.5,93.63
"7755",85,2002,88.26,88.9,88.82,86.78,90.92,89.2
"7756",86,2002,87.29,84.87,87.54,87.05,86.73,84.05
"7757",87,2002,91.72,88.92,92.04,88.68,92.04,89.45
"7758",88,2002,92.78,92.07,93.41,91.56,94.43,93.88
"7759",89,2002,93.6,92.14,92.69,93.88,95.05,93.4
"7760",90,2002,92.74,91.41,92.76,91.92,91.61,91.2
"7761",91,2002,95.03,93.17,94.38,95.17,94.72,93.35
"7762",92,2002,97.63,97.14,96.3,96.88,94.36,96.29
"7763",93,2002,92.27,93.9,95.07,91.18,98.24,95.83
"7764",94,2002,95.54,97.98,96.86,95.36,98.3,98.63
"7765",95,2002,96.34,95.5,94.7,97.2,93.62,95.55
"7766",96,2002,89.08,90.28,89.11,86.91,88.18,93.19
"7767",97,2002,88.26,87.08,86.95,86.82,86.21,86.84
"7768",98,2002,95.59,95.59,94.36,95.49,93.81,94.76
"7769",99,2002,95.87,94.41,94.68,93.51,93.58,93.28
"7770",100,2002,88.73,85.78,87.79,88.23,89.54,84.67
"7771",101,2002,83.28,83.5,81,86.72,84.37,83.49
"7772",102,2002,87.94,88.75,87.62,88.14,88.05,89.34
"7773",103,2002,85.8,88.22,87.85,86.86,90.44,89.66
"7774",104,2002,90.76,93.6,90.36,93.31,87.91,94.06
"7775",105,2002,89.01,88.31,88.03,90.6,87.81,87.86
"7776",106,2002,87.38,85.46,85.79,89.03,87.94,88.14
"7777",107,2002,92.62,91.97,91.92,92.61,91.33,91.83
"7778",108,2002,90.12,89.61,89.45,89.54,89.92,88.71
"7779",109,2002,89.89,91.84,91.87,90.13,94.7,93.11
"7780",110,2002,91.15,90.37,89.65,92.18,92.11,90.81
"7781",111,2002,94.68,94.07,93.57,95.29,91.96,93.69
"7782",112,2002,91.37,92.63,90.91,93.02,92.39,93.68
"7783",113,2002,90.86,92.88,90.75,93.65,92.12,93.24
"7784",114,2002,99.17,99.3,98.4,99.27,97.47,99.39
"7785",115,2002,95.61,91.73,91.97,93.54,92.11,91.1
"7786",116,2002,91.55,92.27,92.93,91.9,92.44,92.26
"7787",117,2002,95.18,94.07,94.11,95.21,94.71,94.24
"7788",118,2002,95.73,95.08,92.92,94.49,95.35,94.97
"7789",119,2002,92.59,90.03,93.84,90.92,94.21,90.37
"7790",120,2002,85.75,84.93,85.77,86.77,88.98,84.39
"7791",121,2002,92.68,93.61,90.99,93.3,89.6,93.53
"7792",122,2002,96.05,95.76,94.26,96.83,93.89,95.32
"7793",123,2002,90.77,89.97,89.41,90.9,90.87,90.02
"7794",124,2002,93.22,94.15,92.27,93.61,93.63,93.58
"7795",125,2002,90.42,88.86,88.1,90.8,88.02,87.67
"7796",126,2002,93.34,91.78,92.96,91.25,91.22,92.3
"7797",127,2002,94.44,93.76,93.69,94.84,97.46,94.74
"7798",128,2002,91.78,92.45,92.43,91.61,90.75,90.51
"7799",129,2002,88.77,89.23,89.41,89.22,90.46,88.91
"7800",130,2002,95.66,96.93,95.06,96.86,93.22,97.01
"7801",131,2002,92.84,93.69,93.4,93.51,94.56,94.62
"7802",132,2002,91.72,92.21,93.06,91.08,91.15,91.46
"7803",133,2002,92.66,92.32,92.39,93.3,92.62,91.85
"7804",134,2002,91.46,92.72,93.47,94.11,94.76,93.71
"7805",135,2002,93.29,92.61,92.17,91.88,92.86,94.14
"7806",136,2002,96.72,96.9,95.07,96.48,93.17,97.23
"7807",137,2002,94.73,93.94,94.34,94.92,93.17,93.58
"7808",138,2002,97.91,99.07,99.15,98.43,97.94,98.55
"7809",139,2002,93.59,93.13,92.87,94.09,92.53,91.52
"7810",140,2002,91.1,92.54,89.54,91.81,90.32,93.49
"7811",141,2002,95.6,94.02,95.48,95.27,95.32,93.97
"7812",142,2002,92.73,92.19,92.56,92.94,94.61,92.05
"7813",143,2002,98.26,99.27,98.45,98.15,97.98,98.55
"7814",144,2002,91.93,90.33,90.76,89.74,94.67,89.64
"7815",145,2002,90.03,88.93,90.07,88.63,90.54,86.95
"7816",146,2002,94.34,92.65,95.92,93.15,95.3,93.85
"7817",147,2002,88.54,87.53,87.8,90.5,88.84,88.89
"7818",148,2002,91.22,91.51,92.26,91.67,93.02,91.73
"7819",149,2002,89.11,88.85,88.94,90.6,91.64,92.35
"7820",150,2002,94.09,93.3,93.75,92.18,92.78,92.76
"7821",151,2002,91.79,92.94,91.97,93.51,94.74,95.09
"7822",152,2002,91.22,89.89,89.94,91.41,90.3,88.53
"7823",153,2002,91.63,89.65,88.78,94.71,89.62,89.78
"7824",154,2002,91.45,88.27,88.09,92.09,84.66,87.8
"7825",155,2002,89.68,88.7,87.4,91.55,83.86,90.46
"7826",156,2002,94.94,93.39,94.41,92.18,92.37,95.43
"7827",157,2002,93.8,89.16,89.18,90.09,93.44,86.86
"7828",158,2002,90.41,89.7,89.8,90.41,91.3,88.36
"7829",159,2002,91.69,89.43,90.34,88.74,87.8,88.4
"7830",160,2002,92.36,90.34,89.64,91.58,85.24,89.6
"7831",161,2002,88.48,88.45,90.72,89.28,90.88,90
"7832",162,2002,89.65,88.18,90.67,91.04,90.33,86.02
"7833",163,2002,91.21,89.42,90.45,90.56,90.35,89.63
"7834",164,2002,93.41,91.97,92.24,93.35,90.09,94.05
"7835",165,2002,86.26,87.51,88.04,86.75,88.73,89.23
"7836",166,2002,92.7,92.77,92.27,91.62,91.8,92.77
"7837",167,2002,93.99,92.99,93.65,92.6,93.94,94.32
"7838",168,2002,92.62,90.95,91.37,92.18,91.63,91.21
"7839",169,2002,92.29,92.66,91.72,92.59,90.4,93.15
"7840",170,2002,92.15,92.93,93.18,90.92,96.53,94.41
"7841",171,2002,91.42,91.74,89.9,92.69,89.09,91.94
"7842",172,2002,95.68,94.76,94.24,95.78,91.98,94
"7843",173,2002,98.66,97.95,98,97.63,96.94,97.16
"7844",174,2002,97.99,96.2,97.95,96.3,96.56,96.58
"7845",175,2002,96.48,95.02,96.79,95.76,96.76,94.4
"7846",176,2002,96.12,98.02,98.22,93.8,96.91,99.47
"7847",177,2002,98.69,98.51,99.45,95.01,98.56,99.12
"7848",178,2002,92.47,93,94.03,89.57,96.54,93.5
"7849",179,2002,92.59,93.49,92.32,91.32,94.44,96.05
"7850",180,2002,91.94,90.91,89.6,91.96,88.32,90.57
"7851",181,2002,95.24,96.69,97.26,95,97.43,98.47
"7852",182,2002,92.56,91.32,91.29,92.09,89.36,93.08
"7853",183,2002,93.17,93.6,93.64,92.69,91.82,95.41
"7854",184,2002,93.91,94.69,95.86,93.69,97.01,96.89
"7855",185,2002,94.39,95.36,97.08,93.99,97.61,96.49
"7856",186,2002,96.2,97.66,96.3,97.66,97.57,98.47
"7857",187,2002,95.52,95.86,96.98,93.66,95.67,96.29
"7858",188,2002,91.18,92.75,92.43,89.73,90.3,92.41
"7859",189,2002,90.78,90.46,90.65,88.75,91.05,91.57
"7860",190,2002,93.17,91.78,92.59,92.35,89.82,93.21
"7861",191,2002,92.62,91.46,92.27,91.75,91.51,92.49
"7862",192,2002,95.51,96.35,95.62,95.87,93.87,95.09
"7863",193,2002,92.77,93.22,93.23,91.62,92.69,93.23
"7864",194,2002,93.13,92.33,92.74,91.42,91.58,92.36
"7865",195,2002,92.9,91.66,92.85,92.22,93.1,91.8
"7866",196,2002,93.71,94.26,94.18,92.48,94.53,94.75
"7867",197,2002,93.52,93.76,93.38,94.09,92.61,94.96
"7868",198,2002,95.18,94.23,95.53,94.28,93.97,93.46
"7869",199,2002,96.59,93.38,95.33,93.16,92.66,92.43
"7870",200,2002,91.24,89.89,91.53,87.71,91.87,89.72
"7871",201,2002,92.17,90.46,91.43,90.58,91.27,90.89
"7872",202,2002,94.07,92.18,91.9,94.04,87.9,92.78
"7873",203,2002,90.19,88.89,89.42,89.04,86.94,88.72
"7874",204,2002,94.08,92.95,93.78,93.59,94.14,93.8
"7875",205,2002,96.53,95.49,96.04,96.37,95.7,95.42
"7876",206,2002,93.31,90.7,91.72,92.79,91.65,90.98
"7877",207,2002,88.69,88.75,89.4,89.2,90.04,89.12
"7878",208,2002,90.93,91.16,90.84,90.07,92.84,91.79
"7879",209,2002,90.3,89.42,89.77,89.9,91.28,90.44
"7880",210,2002,92.08,89.54,91.58,90.38,93.33,89.76
"7881",211,2002,91.32,91.6,92.25,91.55,94.65,93.23
"7882",212,2002,93.63,93.93,92.56,93.89,92.69,93.96
"7883",213,2002,93.2,93.15,93.06,94.44,92.98,94.34
"7884",214,2002,89.93,91.16,90.73,90.19,91.03,91.16
"7885",215,2002,94.93,94.01,93.93,94.46,91.87,93.07
"7886",216,2002,90.74,92.13,90.77,90.87,88.45,91.97
"7887",217,2002,88.47,87.32,88.25,87.13,87.87,87.7
"7888",218,2002,89.72,87.3,88.67,88.47,89.53,88.92
"7889",219,2002,93.69,93.48,92.98,92.84,93.65,94.1
"7890",220,2002,92.53,90.93,90.3,93.38,89.63,91.45
"7891",221,2002,90.81,92.76,89.14,95.44,90.71,93.28
"7892",222,2002,93.82,94.27,94.32,95.11,91.91,94.21
"7893",223,2002,91.35,90.68,91.49,91.08,92.34,90.22
"7894",224,2002,90.43,92.41,92.15,91.45,93.6,94.74
"7895",225,2002,94.51,93.81,94.46,94.56,94.64,94.91
"7896",226,2002,92.36,92.17,92.6,91.94,92.26,92.83
"7897",227,2002,94.4,94.13,94.61,94.57,94.93,94.66
"7898",228,2002,90.18,90.02,90.48,89.11,92.42,89.07
"7899",229,2002,93.46,92.37,94.44,92.7,94.88,92.17
"7900",230,2002,92.55,93.27,91.51,93.76,91.71,93.24
"7901",231,2002,89.97,89.27,89.55,89.64,89.61,90.6
"7902",232,2002,91.85,92.31,92.3,93.35,92.23,92.65
"7903",233,2002,90.56,89.33,91.33,89.68,92.41,89.63
"7904",234,2002,95.53,95.43,95.43,94.19,94.65,96.78
"7905",235,2002,91.21,93.13,92.4,92.32,93.29,95.29
"7906",236,2002,93.51,92.59,91.45,93.35,91.34,92.4
"7907",237,2002,89.49,89.67,90.22,88.99,91.4,90.55
"7908",238,2002,91.87,90.73,90.69,91.89,89.31,90.6
"7909",239,2002,88.74,89.37,88.98,87.61,90.52,92.05
"7910",240,2002,89.32,88.84,88.34,88.49,86.34,88.44
"7911",241,2002,91.63,91.35,90.92,92.27,90.32,90.12
"7912",242,2002,93.88,93.77,93.55,94.4,93.9,93.22
"7913",243,2002,89.79,89.86,90.79,89.83,91.7,89.37
"7914",244,2002,92.5,91.86,91.46,93.94,90.9,91.49
"7915",245,2002,94.07,92.89,93.56,94.44,92.87,93.17
"7916",246,2002,90.1,90.38,90.77,89.59,91.07,90.84
"7917",247,2002,88.22,89.51,89.04,86.9,91.82,90.1
"7918",248,2002,91.33,90.06,90.58,90.71,89.89,89.54
"7919",249,2002,88.5,89.47,89.3,89.51,88.48,90.09
"7920",250,2002,87.45,87.22,88.15,87.54,89.46,87.31
"7921",251,2002,90.54,90.2,90.24,89.73,89.81,91.42
"7922",252,2002,90.73,89.78,90.8,89.96,90.82,90.86
"7923",253,2002,90.1,90.68,89.91,90.11,89.33,89.82
"7924",254,2002,88.91,87.63,89.77,88.77,89.81,87.58
"7925",255,2002,88.33,86.91,88.09,89.04,88.1,87.51
"7926",256,2002,89.51,88.91,90.39,89.36,91.29,87.98
"7927",257,2002,89.29,88.39,89.66,88.67,89.94,89.84
"7928",258,2002,89.49,88.04,89.04,89.46,88.32,87.7
"7929",259,2002,91.07,90.24,91.03,90.55,90.05,92.32
"7930",260,2002,94.22,96.08,95.07,95.68,93.04,96.61
"7931",261,2002,92.99,93.99,93.56,92.71,91.84,95.36
"7932",262,2002,92.22,92.45,90.69,94.45,89.78,91.85
"7933",263,2002,86.54,85.98,86.56,86.11,86.42,85.86
"7934",264,2002,86.27,86.62,86.52,86.72,85.73,86.97
"7935",265,2002,86.9,86.54,87.16,86.44,88.31,86.02
"7936",266,2002,87.37,86.87,86.72,87.69,87.36,85.93
"7937",267,2002,92.24,90.03,91.87,89.44,91.45,90.48
"7938",268,2002,92.19,90.68,91.79,91.01,90.94,91.28
"7939",269,2002,91.56,90.96,90.34,92.34,89.28,90.68
"7940",270,2002,93.14,92.84,92.87,94.15,91.85,93.23
"7941",271,2002,89.02,89.16,90.08,88.67,89.87,89.14
"7942",272,2002,87.5,87.77,88.26,87.11,88.39,88.04
"7943",273,2002,86.99,84.87,86.61,86.03,87.09,86.37
"7944",274,2002,88.56,86.93,88.56,87.14,87.57,87.96
"7945",275,2002,89.21,86.09,87.23,88.58,85.84,86.28
"7946",276,2002,90.98,89.96,89.99,90.41,90.72,91.43
"7947",277,2002,87.89,88.59,89.05,87.79,88.83,88.74
"7948",278,2002,89.06,89.72,88.57,91.21,89.92,90.51
"7949",279,2002,91.01,90.7,89.1,92.57,90.43,90.89
"7950",280,2002,87.28,87.38,87.35,87.47,87.58,86.92
"7951",281,2002,87.48,88.41,88.26,88.14,88.32,87.36
"7952",282,2002,91.98,93.39,92.21,94.01,90.62,92.25
"7953",283,2002,90.03,88.57,90.05,90.65,88.98,87.2
"7954",284,2002,91.87,90.36,91.75,90.98,88.37,88.74
"7955",285,2002,91.34,89.56,91.72,90.03,91.19,88.89
"7956",286,2002,86.59,86.32,87.18,86.64,88.34,86.76
"7957",287,2002,87.42,88.62,87.64,88.82,88.1,88.35
"7958",288,2002,91.35,91.31,90.88,91.27,89.96,93.85
"7959",289,2002,91.27,91.35,91.86,91.79,86.67,90.49
"7960",290,2002,92.84,92.25,93.05,91.67,93.11,90.94
"7961",291,2002,89.41,88.75,90.95,87.43,93.46,91.41
"7962",292,2002,90.62,89.79,91.49,88.41,88.99,89.19
"7963",293,2002,91.24,91.01,91.43,90.28,92.27,89.73
"7964",294,2002,91.58,91.25,90.5,91.83,87.21,89.94
"7965",295,2002,90.8,90.55,90.27,90.84,90.38,90.67
"7966",296,2002,93.55,92.99,93.68,93.53,92.49,92.93
"7967",297,2002,89.67,88.75,90.38,89.33,91.14,88.59
"7968",298,2002,86.59,86.73,86.66,86.92,86,87.49
"7969",299,2002,91.75,89.77,92.17,90.98,92.89,88.68
"7970",300,2002,90.79,88.98,90.17,89.48,87.79,88.04
"7971",301,2002,90.62,91.55,92.27,89.72,96.46,92.98
"7972",302,2002,86.98,83.5,85.23,89.19,85.79,82.34
"7973",303,2002,90.91,90,92.22,91.56,92.04,89.8
"7974",304,2002,93.35,92.91,93.79,92.66,90.5,93.18
"7975",305,2002,93.77,93.44,93.53,93.27,93.3,93.6
"7976",306,2002,95.46,94.47,95.34,95.49,95.72,95.64
"7977",307,2002,90.15,90.09,88.79,92.6,88.38,90.34
"7978",308,2002,91.15,92.12,89.69,92.98,87.16,91.23
"7979",309,2002,89.31,90.09,88.77,91.87,87.9,89.99
"7980",310,2002,93.45,94.14,93.24,92.83,93.09,94.01
"7981",311,2002,96.07,94.56,94.26,97.79,95.04,94.19
"7982",312,2002,91.76,91.45,91.44,92.36,92.43,93.91
"7983",313,2002,88.08,87.96,87.85,87.83,87.83,88.86
"7984",314,2002,90.97,89.94,90.84,89.98,91.21,90.41
"7985",315,2002,92.79,91.32,92.52,90.81,90.9,90.8
"7986",316,2002,92.12,90.41,92.45,90.52,93.11,90.18
"7987",317,2002,97.09,96.22,96.56,97.08,96.27,96.64
"7988",318,2002,93.72,92.08,90.51,93.76,91.25,90.35
"7989",319,2002,92.44,92.44,92.44,93.61,89.34,92.92
"7990",320,2002,90.51,91.42,91.53,91.3,91.84,91.1
"7991",321,2002,87.9,87.59,87.66,88.31,86.66,87.95
"7992",322,2002,87.7,88.28,87.9,87.58,88.04,88.05
"7993",323,2002,89.46,90.87,91.19,90.67,91.08,90.81
"7994",324,2002,91.19,92.47,90.01,92.48,88.87,92.75
"7995",325,2002,92.05,90.63,92.18,90.93,91.13,89.9
"7996",326,2002,92.13,92.05,92.48,91.09,91.88,91.98
"7997",327,2002,89.26,88.83,89.04,88.79,89.37,89.13
"7998",328,2002,88.39,88.77,88.29,89.91,88.3,88.5
"7999",329,2002,89.17,89.57,88.88,91.26,89.26,87.7
"8000",330,2002,90.42,91.07,90.8,89.52,92.02,91.02
"8001",331,2002,93.65,93.91,93.45,93.44,91.46,94.56
"8002",332,2002,93.77,91.4,92.59,93.55,90.35,90.81
"8003",333,2002,91.84,90.65,91,90.23,88.65,89.74
"8004",334,2002,91.95,93.94,92.59,92.25,92.37,95.8
"8005",335,2002,92.72,93.62,92.9,92.99,92.94,94.29
"8006",336,2002,91.43,91.39,91.36,91.82,90.13,90.45
"8007",337,2002,91.37,91.18,92.29,90.14,90.11,91.21
"8008",338,2002,87.38,89.19,92.93,84.89,94.34,91.5
"8009",339,2002,89.85,92.83,93.63,86.16,95.52,93.98
"8010",340,2002,87.33,92.06,92.91,83.44,95.02,94.02
"8011",341,2002,87.69,88.96,89.29,86.58,89.71,89.27
"8012",342,2002,84.42,86.67,87.79,84.37,88.84,88.88
"8013",343,2002,78.99,84.15,84.71,80.11,90.8,87.12
"8014",344,2002,74.01,79.89,80.01,74.61,86.73,83.25
"8015",345,2002,80.56,88.07,86.57,79.1,92.39,90.9
"8016",346,2002,88.27,90.98,91.06,85.26,92.93,90.99
"8017",347,2002,85.38,88.5,89.2,81.96,91.28,90.03
"8018",348,2002,84,87.12,89.22,82.38,93.44,90.58
"8019",349,2002,93.63,94.52,95.02,92.54,95.79,96.12
"8020",350,2002,91.72,92.73,93.78,91.85,94.54,92.75
"8021",351,2002,96.6,96.46,96.83,97.13,96.06,95.88
"8022",352,2002,97.68,98.97,98.15,99.41,98.49,98.85
"8023",353,2002,91.64,91.37,90.75,93.49,90.14,90.98
"8024",354,2002,89.01,88.94,86.78,88.73,87.06,88.65
"8025",355,2002,92.61,93.49,92.17,91.77,90.15,94.83
"8026",356,2002,91.4,91.42,90.3,92.55,91.98,91.64
"8027",357,2002,88.11,89.26,89.56,88.56,92.76,90.34
"8028",358,2002,90.36,91.5,91.49,89.8,91.06,91.67
"8029",359,2002,90.59,92.49,93.08,90.44,96.04,91.93
"8030",360,2002,90.84,92.13,92.45,90.77,94.87,91.73
"8031",361,2002,89.27,89.05,90.7,87.28,90.88,89.87
"8032",362,2002,83.61,84.05,86.62,80.78,88.32,85.9
"8033",363,2002,76.62,78.69,80.64,76.03,87.54,79.34
"8034",364,2002,73.38,76.39,78.48,73.02,92.57,79.59
"8035",365,2002,77.29,80.94,83.07,76.7,86.42,85.79
"8036",1,2003,79.27,82.04,83.17,77.87,88.19,82.52
"8037",2,2003,86.18,88.01,88.8,84.42,89.49,86.42
"8038",3,2003,86.57,86.56,87.23,85.56,87.8,86.37
"8039",4,2003,83.06,85.27,85.59,80.61,87.98,88.52
"8040",5,2003,90.39,93.04,92.19,88.75,92.49,92.37
"8041",6,2003,89.77,91.54,90,91.46,92.37,91.42
"8042",7,2003,86.44,87.96,88.4,87.28,88.94,89.32
"8043",8,2003,88.89,89.87,90.17,89.25,91.27,89.75
"8044",9,2003,91.46,90.79,91.29,91.62,90.67,89.76
"8045",10,2003,93.11,93.92,93.64,93.44,91.58,92.92
"8046",11,2003,90.7,91.2,91.03,90.51,93.21,92.4
"8047",12,2003,89.46,89.82,91.15,89.14,92.97,91.28
"8048",13,2003,85.58,85.98,88.41,84.95,90.02,86.16
"8049",14,2003,83.86,85.91,86.6,83.41,88.94,86.7
"8050",15,2003,85.05,85.54,88.02,80.49,89.95,86.67
"8051",16,2003,80.43,86.51,86.33,77.28,89.45,88.69
"8052",17,2003,86.69,88.43,89.07,84.66,88.77,89.83
"8053",18,2003,85.42,85.83,86.95,83.91,86.75,85.73
"8054",19,2003,82.67,84.51,83.7,80.46,84.45,84.55
"8055",20,2003,73.05,75.15,76.41,70.04,82.88,76.43
"8056",21,2003,66.2,70.89,70.86,64.12,78.71,72.95
"8057",22,2003,65.44,67.74,68.2,63.95,73.23,69.27
"8058",23,2003,66.08,69.36,69.62,64.16,72.89,71.1
"8059",24,2003,68.45,69.71,70.47,64.99,74.07,71.33
"8060",25,2003,79.6,82.09,83,73.5,90.74,84.35
"8061",26,2003,91.7,90.75,90.81,87.57,91.16,90.05
"8062",27,2003,88.85,90.94,90.2,87.73,89.03,89.49
"8063",28,2003,80.33,81.42,82.48,77.61,84.04,83.07
"8064",29,2003,77.41,82.94,85.71,69.1,94.39,90.89
"8065",30,2003,84.61,88.26,88.88,77.51,90.68,90.43
"8066",31,2003,85.56,87.69,88.63,78.49,92.11,90.06
"8067",32,2003,88.25,88.39,89.72,82.55,89.95,89.26
"8068",33,2003,88.3,91.12,90.18,86.25,91.78,92.73
"8069",34,2003,88.8,90.12,89.57,87.5,92.97,90.91
"8070",35,2003,87.99,90.02,90.84,86.24,93.87,92.87
"8071",36,2003,92.16,90.77,90.94,89.27,91.61,91.89
"8072",37,2003,91.98,89.99,91.4,86.92,91.88,91.37
"8073",38,2003,92.51,91.68,91.15,89.39,90.04,92.37
"8074",39,2003,92.43,91.93,92.38,90.66,91.03,92.05
"8075",40,2003,96.58,96.77,96.68,96.35,97.5,96.87
"8076",41,2003,92.12,93.66,93.14,91.83,95.32,93.72
"8077",42,2003,92.1,91.24,92.42,90.54,93.44,91.79
"8078",43,2003,90.39,89.33,88.99,89.57,88.71,87.8
"8079",44,2003,84.95,86.13,86.81,83.42,88.05,87.23
"8080",45,2003,84.99,87.03,87.1,83.96,87.93,88.9
"8081",46,2003,78.36,81.17,83.05,75.31,87.14,85.71
"8082",47,2003,71.36,74.86,77.02,68.92,86.4,78.64
"8083",48,2003,69.19,71.98,73.73,66.59,81.25,73.9
"8084",49,2003,73.58,75.89,77.95,70.68,81.73,78.43
"8085",50,2003,71.95,74.8,78.83,68.02,86.98,77.2
"8086",51,2003,63.46,69.3,71.78,62.28,85.96,75.89
"8087",52,2003,71.24,77.43,78.41,69.51,86.67,82.51
"8088",53,2003,80.2,84.15,86.02,76.45,89.4,89.71
"8089",54,2003,92.91,94.09,93.84,90.04,94.43,94.94
"8090",55,2003,92.65,91.94,93.13,91.29,91.76,90.05
"8091",56,2003,90.18,91.41,90.13,90.76,90.16,91.96
"8092",57,2003,88.6,87.61,87.6,87.03,88,87.53
"8093",58,2003,85.68,89.55,87.39,87.43,89.83,89.11
"8094",59,2003,89.43,90.92,91.53,88.21,89.55,92.79
"8095",60,2003,92.78,94.04,93.26,93.53,93.87,95.69
"8096",61,2003,92.29,92.19,92.57,92.29,94.01,91.69
"8097",62,2003,93.28,93.57,95.7,90.75,97.31,94.93
"8098",63,2003,88.41,88.5,90.29,85.91,91.4,89.55
"8099",64,2003,88.22,88.83,90.13,87.33,94.08,89.35
"8100",65,2003,89.68,89.69,91.54,86.99,92.31,91.56
"8101",66,2003,90.5,89.27,90.6,87.15,90.04,89.99
"8102",67,2003,93.68,95.57,95.07,93.23,93.39,95.16
"8103",68,2003,91.47,89.06,90.32,89.25,93.98,90.11
"8104",69,2003,91.07,90.01,91.29,89.66,92.75,89.79
"8105",70,2003,88.82,88.79,90.44,87.59,90.17,91.45
"8106",71,2003,88.12,90.94,90.47,87.93,93.41,92.68
"8107",72,2003,93.88,92.26,92.35,94.07,90.9,90.61
"8108",73,2003,89.28,91.03,89.99,90.17,90.97,92.35
"8109",74,2003,87.72,87.66,85.61,87.96,85.6,88.81
"8110",75,2003,89.25,88.17,88.3,88.43,85.95,87.77
"8111",76,2003,94.35,94.72,94.49,92.34,93.5,95.05
"8112",77,2003,91.03,90.91,92.54,88.37,90.39,90.49
"8113",78,2003,92.73,91.28,90.59,91.81,88.99,90.59
"8114",79,2003,89.5,89.59,88.3,88.93,91.16,91.57
"8115",80,2003,85.24,86.2,85.37,86.91,86.1,89.7
"8116",81,2003,86.99,84.59,84.35,86.39,84.45,84.25
"8117",82,2003,94.18,92.78,93.32,92.01,89.23,91.73
"8118",83,2003,89.88,92.39,92.91,87.77,94.9,95.08
"8119",84,2003,91.55,89.61,90,88.32,88.22,90.03
"8120",85,2003,91.61,92.66,93.64,92.45,93.26,92.17
"8121",86,2003,92.4,92.33,91.55,93.35,90.35,91.19
"8122",87,2003,88.76,91.03,89.16,88.04,91.87,92.34
"8123",88,2003,92.06,91.85,92.4,91.04,91.22,91.7
"8124",89,2003,89.52,90.75,89.68,89.82,91.31,92.56
"8125",90,2003,86.79,87.92,86.48,87.91,89.36,89.21
"8126",91,2003,89.93,87.39,88.58,87.39,87.16,87.14
"8127",92,2003,93.68,94.63,93.96,91.88,94.06,95.5
"8128",93,2003,92.93,92.34,94,90.53,95.18,93.41
"8129",94,2003,93,93.18,93.65,93.02,92.21,93.6
"8130",95,2003,90.66,92.36,92.9,88.78,95.49,92.76
"8131",96,2003,87.99,86.74,87.95,86.65,87.65,85.81
"8132",97,2003,92.31,91.27,92.98,91.9,94.13,92.63
"8133",98,2003,89.76,89.49,89.5,89.53,91.16,90.24
"8134",99,2003,92.49,92.44,93.33,92.15,92.5,90.89
"8135",100,2003,89.91,93.18,91.56,92,93.58,93.42
"8136",101,2003,91.63,92.47,92.2,91.43,95.13,92.82
"8137",102,2003,94.18,96.64,95.54,94.37,96.85,96.94
"8138",103,2003,99.23,98.69,98.74,98.71,99.23,98.8
"8139",104,2003,90.48,92.47,91.08,92.33,96.44,94.59
"8140",105,2003,92.89,94.96,93.12,93.55,95.96,94.24
"8141",106,2003,87.14,89,86.7,86.71,86.75,90.03
"8142",107,2003,88.84,88.14,87.87,90.52,88.35,87.55
"8143",108,2003,87.92,89.35,89.11,89.75,89.64,91.05
"8144",109,2003,91.71,91.95,91.96,92.99,92.26,91.85
"8145",110,2003,91.82,91.07,90.28,92.84,89.5,91.82
"8146",111,2003,94.86,95.47,96.64,94.76,97.5,95.83
"8147",112,2003,97,96.69,95.38,96.7,97.6,96.8
"8148",113,2003,95.66,95.22,94.69,94.74,96.39,96.19
"8149",114,2003,92.38,94.45,93.58,91.36,95.73,94.87
"8150",115,2003,88.85,89.45,87.62,90.47,93.41,90.41
"8151",116,2003,94.48,94.21,92.02,94.52,90.27,93.25
"8152",117,2003,92.04,94.01,92.12,93.08,91.5,94.04
"8153",118,2003,88.02,89.06,90.91,87.95,93.41,91.88
"8154",119,2003,87.39,89.61,86.36,91.45,87.93,92.46
"8155",120,2003,90.3,91.2,90.52,92.73,90.87,91.33
"8156",121,2003,89.97,90.37,90.15,89.27,94.29,91.03
"8157",122,2003,90.91,92.65,90.85,92.22,89.95,93.95
"8158",123,2003,91.02,92.56,92.13,91.07,90.28,92.75
"8159",124,2003,90.49,90.34,88.08,90.11,86.88,89.73
"8160",125,2003,90.69,91.13,90.38,87.75,90.02,93.93
"8161",126,2003,92.42,92.63,91.87,92.2,93.02,93.94
"8162",127,2003,97.6,97.76,98.41,98.35,99.21,97.85
"8163",128,2003,92.05,94.27,92.06,94.53,93.7,94.74
"8164",129,2003,95.04,92.82,94.78,93.4,94.84,93.63
"8165",130,2003,91.95,91.76,91.56,91.23,94.17,91.97
"8166",131,2003,94.24,93.69,92.69,94.06,92.44,93.18
"8167",132,2003,91.6,92.39,92.16,93.39,93.64,92.59
"8168",133,2003,94.47,94.27,95.2,94.17,94.8,93.59
"8169",134,2003,93,91.68,93.52,91.51,93.67,90.87
"8170",135,2003,89.94,89.36,90.5,91.13,92.21,89.77
"8171",136,2003,96.12,92.42,95.31,92.44,92.26,92.43
"8172",137,2003,95.13,97.26,98.58,92.09,99.28,97.93
"8173",138,2003,95.46,91.26,94.87,95.06,96.97,89.43
"8174",139,2003,95.43,93.88,92.9,97.02,96.6,94.39
"8175",140,2003,96.15,96.34,94.02,93.46,93.83,98.14
"8176",141,2003,86.87,86.63,89.12,86.51,90.56,86.22
"8177",142,2003,90.21,90.42,91.02,88.62,90.8,88.67
"8178",143,2003,91.4,91.66,90.65,91.19,91.74,91.78
"8179",144,2003,94.31,95.9,94.09,94.29,94.72,95.71
"8180",145,2003,93.93,95.36,93.93,95.32,95.17,95.65
"8181",146,2003,93.15,93.3,94.04,93.33,96.49,93.34
"8182",147,2003,96.32,96.68,96.3,96.46,94.52,96.15
"8183",148,2003,96.14,93.77,94.39,95.7,94.7,94.1
"8184",149,2003,93.5,94.17,95.71,93.1,95.25,95.43
"8185",150,2003,93.95,93.05,93.59,92.53,93.13,93.23
"8186",151,2003,93.02,92,90.29,93.84,92.04,91.79
"8187",152,2003,92.15,90.93,90.15,92.88,91.86,91.45
"8188",153,2003,92.55,92.18,92.88,91.76,94.35,91.65
"8189",154,2003,90.12,89.25,89.9,87.99,89.55,91.39
"8190",155,2003,87.04,87.44,88.02,88.03,88.45,89.43
"8191",156,2003,93.68,89.71,91.29,91.96,88.1,87.34
"8192",157,2003,94.66,94.43,93.61,93.75,94.93,94.91
"8193",158,2003,96.56,96.62,96.25,98.17,97.32,96.76
"8194",159,2003,95.92,96.76,97.15,96.08,98.4,96.32
"8195",160,2003,89.99,90.59,90.95,89.25,92.11,91.04
"8196",161,2003,94.3,93.91,90.5,94.54,90.69,93.2
"8197",162,2003,87.38,86.73,86.52,88.15,88.55,90.3
"8198",163,2003,92.26,92.76,92.73,92.63,93.95,91.71
"8199",164,2003,93.07,91.97,91.68,91.15,91.3,94.14
"8200",165,2003,93.98,94.73,93.98,93.95,96.18,96.49
"8201",166,2003,95.22,96.1,96.52,96.26,97.92,97.02
"8202",167,2003,90.85,87.52,89.71,89.33,90.57,88.63
"8203",168,2003,93.98,93.68,96.85,91.07,93.7,95.49
"8204",169,2003,90.44,92.18,92.97,88.39,93.56,92.19
"8205",170,2003,90.24,90.49,89.65,91.7,91.76,91.82
"8206",171,2003,93.07,91.95,94.05,91.12,93.19,92.78
"8207",172,2003,94.48,94.68,94.39,94.13,93.9,94.54
"8208",173,2003,94.94,94.46,94.6,94.03,94.03,93.99
"8209",174,2003,92.72,91.95,90.95,91.62,91.24,92.11
"8210",175,2003,88.78,89.57,89.77,87.78,91.78,92.33
"8211",176,2003,92.89,92.12,92.64,92.98,92.85,92.67
"8212",177,2003,93.66,93.3,94.57,93.38,95.8,92.31
"8213",178,2003,92,89.97,89.64,92.39,90.3,87.79
"8214",179,2003,93.83,92.01,92.06,92.3,92.51,91.62
"8215",180,2003,94.17,94.12,94.28,93.27,94.89,94.02
"8216",181,2003,94.97,94.22,93.92,95.68,96.67,94.49
"8217",182,2003,89.91,91.02,90.8,92.14,92.98,91.98
"8218",183,2003,93.3,91.45,90.57,92.83,89.72,90.66
"8219",184,2003,91.94,91.9,92.14,91.79,91.57,90.7
"8220",185,2003,94.62,93.91,93.59,94.69,91.88,93.06
"8221",186,2003,90.39,89.37,88.36,89.96,85.66,88.66
"8222",187,2003,87.03,85.29,85.32,87.02,87.71,85.63
"8223",188,2003,94.41,93.47,93.99,93.51,92.66,93.67
"8224",189,2003,93.15,90.04,90.82,90.57,88.93,88.99
"8225",190,2003,91.86,91.58,91.1,92.24,88.31,92.04
"8226",191,2003,90.63,91.44,92.48,88.83,92.28,91.89
"8227",192,2003,92.2,92.29,90.94,92.22,89.91,91.17
"8228",193,2003,93.66,92.82,93.85,92.96,92.25,91.41
"8229",194,2003,96.65,95.34,94.17,96.66,90.14,95.61
"8230",195,2003,95.76,92.35,91.88,92.98,87.26,91.33
"8231",196,2003,87.27,85.78,86.54,88.09,86.42,86.55
"8232",197,2003,88.85,90.33,89.89,89.33,90.37,90.89
"8233",198,2003,96.1,95.94,94.5,95.3,91.98,94.85
"8234",199,2003,92.55,93.06,93.34,91.22,93.49,94.04
"8235",200,2003,90.58,89.64,90.46,88.86,91.23,89.2
"8236",201,2003,92.56,91.82,89.92,93.07,87.93,91.01
"8237",202,2003,95.05,94.6,94.83,92.56,92.87,94.13
"8238",203,2003,94.35,95.09,93.92,96.29,92.94,95.06
"8239",204,2003,94.31,94.91,95.03,93.46,95.93,96.1
"8240",205,2003,95.54,97.14,96.54,94.56,96.28,98.05
"8241",206,2003,91.56,91.83,90.58,91.98,90.25,92.83
"8242",207,2003,96.25,95.08,96.81,95.1,94.57,94.4
"8243",208,2003,94.92,95.38,95.03,94.43,96.32,96.95
"8244",209,2003,93.75,94.57,94.21,94.17,95.54,95.22
"8245",210,2003,89.55,91.25,89.36,89.78,89,92.17
"8246",211,2003,95.91,96.99,96.36,95.44,95.11,97.77
"8247",212,2003,93.73,94.47,94.42,94.18,95.33,94.72
"8248",213,2003,95.22,94.16,95.09,92.62,95.14,93.72
"8249",214,2003,86.09,87.23,87.53,88.16,87.72,89.19
"8250",215,2003,88.81,88.8,88.58,89.5,89.91,89.65
"8251",216,2003,92.29,92.79,94.18,91.71,95.53,93.52
"8252",217,2003,86.89,85.21,86.6,86.04,87.55,85.23
"8253",218,2003,89.01,88.17,89.38,87.72,91.27,88.83
"8254",219,2003,93.94,92.36,92.01,92.51,92.81,92.89
"8255",220,2003,94.53,94.35,94.74,94.47,93.29,94.25
"8256",221,2003,93.84,93.61,93.76,95.01,91,92.85
"8257",222,2003,94.41,93.43,93.79,94.16,95.42,93.67
"8258",223,2003,93.42,94.41,93.29,92.25,94.66,95.22
"8259",224,2003,88.81,89.3,89.88,87.66,90.86,89.02
"8260",225,2003,94.65,94.83,93.59,94.29,92.56,95.14
"8261",226,2003,92.3,91.13,92.05,91.73,91.63,90.58
"8262",227,2003,90.56,89.41,90.27,88.44,91.51,89.59
"8263",228,2003,90.89,89.77,89.27,90.24,89.44,89.51
"8264",229,2003,91.62,93.19,92.37,92.39,92.85,93.62
"8265",230,2003,93.21,94.71,96.42,94.09,95.24,94.91
"8266",231,2003,91.63,90.58,92.1,91.71,94.24,91.98
"8267",232,2003,93.05,94.27,92.85,94.14,93.44,93.88
"8268",233,2003,91.64,91.32,92.16,91.14,91.97,92.23
"8269",234,2003,89.95,92.87,91.82,92.42,91.16,92.53
"8270",235,2003,90.37,88.52,90.05,90.04,90.69,88.36
"8271",236,2003,92.84,93.02,93.37,93.31,92.36,92.22
"8272",237,2003,89.47,89.77,90.5,89.79,89.72,90.64
"8273",238,2003,93.11,94.58,94.57,93.93,95.73,95.2
"8274",239,2003,94.45,93.04,93.47,93.36,91.9,93.73
"8275",240,2003,94.16,93.66,94.21,94.17,93.46,94.42
"8276",241,2003,91.16,91.65,87.64,93.38,82.96,91.19
"8277",242,2003,83.68,87.09,80.69,88.82,78.16,88.77
"8278",243,2003,81.33,86.17,82.38,84.98,82.84,88.11
"8279",244,2003,90.94,92.11,92.85,90.53,90.92,91.94
"8280",245,2003,91.73,91.19,91.17,91.37,90.56,91.45
"8281",246,2003,87.74,88.25,87.84,87.96,88.65,88.14
"8282",247,2003,91.28,90.83,90.83,91.68,91.4,90.79
"8283",248,2003,89.58,89.85,89.26,89.36,88.49,89.52
"8284",249,2003,88.7,90.83,89.88,90.33,91.35,93.61
"8285",250,2003,86.86,86.8,88.26,86.43,87.22,87.34
"8286",251,2003,93.83,91.31,92.05,92.64,89.47,90.72
"8287",252,2003,89.28,87.89,88.93,88.85,89.08,89.32
"8288",253,2003,95.41,94.75,94.72,94.68,93.67,94.75
"8289",254,2003,97.43,96.2,97.16,95.36,94.27,96.38
"8290",255,2003,91.17,89.7,88.36,91.43,83.26,89.51
"8291",256,2003,90.32,91.15,88.43,93.95,88.75,89.13
"8292",257,2003,91.24,92.21,91.31,90.32,91.21,92.89
"8293",258,2003,89.88,89.45,90.72,89.22,90.56,88.84
"8294",259,2003,89.44,90.44,90.02,89.28,89.93,91.18
"8295",260,2003,92.38,93.13,92.97,91.88,94.88,92.8
"8296",261,2003,92.39,92.51,93.49,92.92,94.66,91.47
"8297",262,2003,90.03,89.5,89.35,89.95,90.49,89.85
"8298",263,2003,92.51,90.42,89.61,91.02,91.41,90.63
"8299",264,2003,88.3,89.96,89.81,88.68,89.66,91.61
"8300",265,2003,96.11,96.57,95.84,94.66,95.64,96.09
"8301",266,2003,90.84,89.87,91.3,88.79,92.29,89.61
"8302",267,2003,88.26,90.71,89.14,89.59,88.38,92.18
"8303",268,2003,87.1,87.35,86.73,88.18,85.29,87.03
"8304",269,2003,89.41,90.36,90.86,87.96,90.98,90.77
"8305",270,2003,92.89,92.89,92.4,91.78,90.99,92.81
"8306",271,2003,92.8,93.39,90.38,95.29,89.86,95.51
"8307",272,2003,88.95,89.13,85.44,91.33,84.51,89.56
"8308",273,2003,95.96,94.19,95.93,95.83,95.87,94.6
"8309",274,2003,87.89,88,88.04,91.36,91.55,88.45
"8310",275,2003,89.38,88.49,87.45,90.67,85.92,87.11
"8311",276,2003,89.82,89.39,88.07,89.91,87.66,87.71
"8312",277,2003,91.63,91.68,92.41,92.09,90.5,91.32
"8313",278,2003,94.34,95.38,93.79,94,92.88,95.44
"8314",279,2003,86.42,88.63,87.23,88.31,89.93,89.67
"8315",280,2003,87.09,86.64,88.58,88.37,91.7,87.14
"8316",281,2003,85.7,84.68,86.48,86.54,89.48,83.95
"8317",282,2003,90.34,88.24,89.24,91.08,91.01,89.29
"8318",283,2003,95.22,93.91,94.58,94.04,93.22,95.01
"8319",284,2003,92.18,93.38,91.96,94.2,93.3,91.14
"8320",285,2003,95.46,96.58,96.34,94.07,96.68,96.56
"8321",286,2003,90.15,90.14,92.85,87.26,95.78,92.58
"8322",287,2003,92.16,93.32,91.81,91.65,93.15,96
"8323",288,2003,90.77,90.86,90.07,92.11,89.58,90.54
"8324",289,2003,95.11,94.13,95.34,94.86,92.59,92.39
"8325",290,2003,91.41,88.86,91.14,89.55,90.25,87.04
"8326",291,2003,85.84,86.77,87.25,85.04,90.72,88.6
"8327",292,2003,89.53,88.57,88.38,88.46,89.61,87.5
"8328",293,2003,95.98,95.48,95.31,95.4,95.36,94.5
"8329",294,2003,90.29,89.01,91.93,87.92,90.03,90.43
"8330",295,2003,86.34,84.44,85.76,85.23,84.93,83.59
"8331",296,2003,86.75,86.33,87.46,85.77,87.39,87.21
"8332",297,2003,89.99,90,89.75,89.3,88.7,90.48
"8333",298,2003,89.22,90.44,89.52,89.75,90.91,91.04
"8334",299,2003,85.67,85.14,85.25,85.83,84.27,84.44
"8335",300,2003,86.94,86.98,87.3,86.33,87.42,87.01
"8336",301,2003,94.34,94.39,93.65,95.76,93.21,94.12
"8337",302,2003,92.58,89.78,87.22,93.83,88.69,88.22
"8338",303,2003,92.61,91.2,88.53,94.2,89.57,92.18
"8339",304,2003,89.22,87.87,88.98,89.37,87.59,86.85
"8340",305,2003,84.97,83.15,83.9,84.67,81.71,80.63
"8341",306,2003,93.33,93.7,94.8,91.69,95,93.13
"8342",307,2003,94.81,95.6,94.76,95.24,93.69,95.28
"8343",308,2003,90.48,91.23,90.37,91.11,91.24,92.56
"8344",309,2003,91.23,90.8,91.17,90.06,90.04,90.1
"8345",310,2003,90.16,89.52,88.8,89.89,89.3,89.05
"8346",311,2003,94.25,90.53,91.47,93.66,89.98,87.87
"8347",312,2003,87.99,87.84,88.2,89.23,89.79,88.41
"8348",313,2003,88.47,87.74,89.52,87.99,87.14,87.15
"8349",314,2003,93.31,92.53,93,92.76,91.25,92.59
"8350",315,2003,93.81,92.39,93.36,93.31,92.44,91.26
"8351",316,2003,90.06,89.61,89.14,90.25,89.09,88.52
"8352",317,2003,88.65,89.27,89.34,89.3,89.76,89.75
"8353",318,2003,92.87,92.43,93.25,91.66,92.86,91.97
"8354",319,2003,93.38,93.05,92.54,93.79,92.39,93
"8355",320,2003,88.51,87.39,88.21,87.72,88.47,86.95
"8356",321,2003,85.27,84.88,86.13,85.2,89.43,84.56
"8357",322,2003,86.09,86.6,86.38,85.95,86.65,86.1
"8358",323,2003,89.85,89.82,89.81,90.28,89.55,88.54
"8359",324,2003,92.04,92.93,93.56,91.21,89.89,93.65
"8360",325,2003,93.7,94.15,94.6,93.66,94.29,94.17
"8361",326,2003,94.62,96.03,95.56,96.01,93.59,96.68
"8362",327,2003,91.71,90.2,91.83,90.47,91.87,90.32
"8363",328,2003,88.16,87.31,87.49,88.16,85.24,90.16
"8364",329,2003,88.79,89.59,88.43,89.03,89,91
"8365",330,2003,94.71,93.3,93.34,93.32,92.13,93.31
"8366",331,2003,95.12,94.21,94.77,94.78,94.54,94.83
"8367",332,2003,93.35,92.53,92.55,93.81,89.84,92.32
"8368",333,2003,88.07,87.3,87.27,88.5,85.58,87.43
"8369",334,2003,88.72,90.46,90.17,88.85,90.71,92.12
"8370",335,2003,88.53,89.55,88.26,90.73,88.31,90.51
"8371",336,2003,95.47,95.34,94.07,95.11,92.85,95.54
"8372",337,2003,90.83,87.76,89.14,88.04,84.95,87.08
"8373",338,2003,86.73,86.63,86.72,86.64,87.58,88.52
"8374",339,2003,90.9,89.49,89.93,91.1,88.73,89.32
"8375",340,2003,91.35,91.43,91.01,90.85,87.52,89.36
"8376",341,2003,89.59,89.92,89.56,88.92,87.21,89.16
"8377",342,2003,86.7,87.02,87.98,86.1,88.35,87.03
"8378",343,2003,89.4,89.09,89.63,88.94,89.52,87.79
"8379",344,2003,91.69,93,92.04,93.38,90.18,93.85
"8380",345,2003,90.4,90.23,90.2,89.63,89.62,91.22
"8381",346,2003,89.3,88.38,88.62,89.2,87.43,87.84
"8382",347,2003,92,90.2,92.24,90.37,91.3,89.51
"8383",348,2003,96.37,95.49,94.86,97.02,94.38,96.07
"8384",349,2003,89.95,89.94,89.62,90.59,89.98,88.88
"8385",350,2003,87.8,88.44,87.68,86.95,90.2,89.01
"8386",351,2003,94.71,94.78,96.42,93.74,98.24,95.73
"8387",352,2003,96.07,95.61,96.67,95.36,96.52,96.24
"8388",353,2003,97.01,97.08,97.2,96.55,98.77,97.45
"8389",354,2003,92.48,91.87,92.72,92.72,93.94,93.02
"8390",355,2003,92.41,92.76,91.47,92.28,91.31,92.22
"8391",356,2003,90.81,89.81,89.73,91.29,90.2,90.17
"8392",357,2003,86.92,85.49,87.72,87.73,91.66,85.05
"8393",358,2003,89.31,88.55,90.08,86.45,89.78,88.83
"8394",359,2003,91.9,90.94,92.48,91.21,92.06,91.9
"8395",360,2003,92.56,91.38,91.68,91.87,90.68,91.96
"8396",361,2003,88.92,88.98,87.32,89.66,87.54,89.54
"8397",362,2003,85.86,86.39,84.93,86.88,84.86,86.53
"8398",363,2003,80.16,83.05,82.62,81.6,85.92,84.39
"8399",364,2003,78.08,82.28,81.94,79.63,90.15,85.01
"8400",365,2003,77.95,82.2,83.53,78.94,95.53,86.84
"8401",1,2004,81.63,85.56,87.92,81.81,93.3,87.85
"8402",2,2004,84.38,90.98,90.34,84.75,95.38,94.18
"8403",3,2004,89.55,93.38,93.06,89.16,95.39,94.73
"8404",4,2004,89.52,92.95,92.24,89.98,92.68,93.27
"8405",5,2004,84.97,90.77,89.47,86.58,91.69,92.92
"8406",6,2004,90.7,94.76,94.14,91.09,94.68,94.16
"8407",7,2004,94.87,96.23,96.65,95.25,96.42,95.93
"8408",8,2004,96.34,96.51,97.06,95.29,96,97
"8409",9,2004,92.02,92.12,91.6,90.99,92.07,91.3
"8410",10,2004,88.92,89.9,90.08,88.86,91.83,91.1
"8411",11,2004,86.95,88.69,88.3,86.73,91.88,89.98
"8412",12,2004,90.69,94.03,93.53,89.77,93.35,94.85
"8413",13,2004,86.94,89.57,88.68,86.71,89.57,88.28
"8414",14,2004,77.13,78.91,78.14,77.51,84.21,80.46
"8415",15,2004,73.01,74.88,73.36,74.94,78.81,76.19
"8416",16,2004,75.29,77.38,76.24,76.79,82.22,78.61
"8417",17,2004,81.48,85.47,85.78,81.01,90.74,88.07
"8418",18,2004,83.14,86.51,84.48,82.21,86.69,86.29
"8419",19,2004,81.99,84.28,83.23,81.14,85.53,83.52
"8420",20,2004,75.02,78.24,78.17,72.84,83.13,80.16
"8421",21,2004,68.08,71.86,71.88,65.86,78.68,72.92
"8422",22,2004,66.12,69.98,69.83,65.82,78.58,71.05
"8423",23,2004,64.14,68.97,67.4,63.63,73.96,68.98
"8424",24,2004,62.38,67.35,65.88,62.83,71.76,71.06
"8425",25,2004,60.67,66.25,64.92,60.02,70.25,68.02
"8426",26,2004,53.9,59.2,59.57,53.61,70.84,63.37
"8427",27,2004,57.57,61.05,62.27,56.83,72.24,62.42
"8428",28,2004,56.8,61.08,62.61,55.1,72.14,62.45
"8429",29,2004,55.71,60.19,61.43,54.28,71.59,62.46
"8430",30,2004,52.81,60.36,61.02,50.47,72.76,65.31
"8431",31,2004,53.84,61.67,61.47,51.45,71.38,64.12
"8432",32,2004,56.98,66.51,68.08,53.59,78.06,71.4
"8433",33,2004,65.67,79.9,81.07,61.61,85.22,83.61
"8434",34,2004,80.1,85.65,87.25,74.34,86.92,87.38
"8435",35,2004,64.63,73.12,75.62,59.94,87.82,78.22
"8436",36,2004,57.28,67.23,71.61,52.65,91.5,74.13
"8437",37,2004,72.74,82.67,85.54,63.49,95.96,88.18
"8438",38,2004,79.06,86.79,89.67,72.59,94.58,88.88
"8439",39,2004,75.05,81.36,87.96,64.95,90.72,85.14
"8440",40,2004,61.77,71.96,75.4,55.42,85.24,80.63
"8441",41,2004,60.98,70.94,75.08,56.9,88.54,79.34
"8442",42,2004,61.85,72.86,79.15,55.91,90.26,79.34
"8443",43,2004,71.14,77.34,82.97,62,87.6,83.09
"8444",44,2004,79.48,85.45,86.49,75.05,87.37,89.71
"8445",45,2004,83.73,87.92,89.7,80.52,92.7,88.19
"8446",46,2004,78.71,84.05,86.18,73.67,88.6,86.92
"8447",47,2004,71.1,81.7,84.21,64.69,90.6,89.49
"8448",48,2004,65.27,75.57,78.74,60.41,87.74,82.75
"8449",49,2004,64.2,75.45,79.38,56.62,90.26,84.94
"8450",50,2004,78.19,87.64,88.22,77,93.4,90.78
"8451",51,2004,83.24,89.08,89.54,79.75,92.36,91.26
"8452",52,2004,90.4,94.86,94.53,87.14,93.76,95.7
"8453",53,2004,87.47,89.86,90.69,85.39,92.75,91.61
"8454",54,2004,93.05,93.22,93.4,92.69,95.61,94.88
"8455",55,2004,92.32,93.46,92.15,93.34,93.44,94.35
"8456",56,2004,88.97,87.58,88.49,90.83,90.48,88.52
"8457",57,2004,90.02,91.08,91.97,90.14,92.25,92.18
"8458",58,2004,90.42,91.68,90.57,91.01,91.53,93.16
"8459",59,2004,88,89.02,88.95,86.97,89.39,89.81
"8460",60,2004,86.22,88.74,86.63,89.45,88.9,90.2
"8461",61,2004,90.65,91.66,89.03,91.75,87.41,91.84
"8462",62,2004,94.21,94.6,95.48,93.27,93.67,94.72
"8463",63,2004,87.11,89.84,89.18,88.67,89.32,90.69
"8464",64,2004,92.39,94.68,94.09,92.58,95.21,95.69
"8465",65,2004,89.85,95.2,94.25,88.3,96.18,97
"8466",66,2004,89.45,91.34,91.97,84.52,95.4,92.34
"8467",67,2004,85.87,90.61,90.9,82.87,92.91,92.86
"8468",68,2004,83.71,89.68,87.66,84.61,89.78,93.15
"8469",69,2004,88.18,91.33,90.58,88.15,90.38,92.24
"8470",70,2004,90.86,92.09,91.98,90.66,92.61,92.03
"8471",71,2004,98.47,97.72,95.93,97.16,94.2,96.58
"8472",72,2004,90.36,87.68,89.83,89.88,89.96,87.58
"8473",73,2004,87.06,85.9,88.15,85.45,88.55,86.29
"8474",74,2004,89.27,88.88,91.27,87.5,89.31,88.45
"8475",75,2004,92.25,92.99,92.58,93,91.87,93.34
"8476",76,2004,89.4,89.53,89.24,88.56,89.8,88.63
"8477",77,2004,88.2,88.94,89.34,86.9,88.71,89.65
"8478",78,2004,87.19,87.9,90.21,87.18,91.95,88.24
"8479",79,2004,83.76,85.46,86.47,84.38,86.64,86.03
"8480",80,2004,82.47,85.22,87.42,81.52,90.4,88.73
"8481",81,2004,88.54,89.57,92.18,85.16,95.32,92.25
"8482",82,2004,92.48,91.86,92.08,91.37,92.71,93.7
"8483",83,2004,92.01,91.15,91.43,90.81,92.94,91.27
"8484",84,2004,89.89,89.3,89.52,89.7,89.11,89.28
"8485",85,2004,88.32,89.07,89.75,88.06,90.37,90.75
"8486",86,2004,93.48,92.58,94.64,92.2,96.16,93.53
"8487",87,2004,88.52,89.28,89.05,89.73,89.09,90.46
"8488",88,2004,97.82,97.48,97.38,97.01,96.13,97.36
"8489",89,2004,93.63,93.22,90.73,93.82,91.6,91.07
"8490",90,2004,89.01,87.18,86.52,87.59,85.71,84.65
"8491",91,2004,93.06,91.58,92.6,92.74,90.64,89.95
"8492",92,2004,89.6,91.87,90.92,89.66,89.16,92.04
"8493",93,2004,90.9,93.07,90.87,90.77,91.95,93.76
"8494",94,2004,91.94,88.42,88.47,94.45,90.87,88.86
"8495",95,2004,86,87.84,88.37,87,92.34,89.92
"8496",96,2004,88.01,88.87,88.33,88.21,88.75,90.3
"8497",97,2004,90.67,89.93,90.39,89.65,89.53,90.02
"8498",98,2004,87.61,91.12,88.93,89.36,90.05,90.62
"8499",99,2004,88.99,89.73,87.98,89.91,85.19,89.13
"8500",100,2004,93.54,91.67,92.72,90.64,92.91,89.91
"8501",101,2004,86.66,87.97,86.82,87.65,90.31,90.05
"8502",102,2004,87.42,85.52,85.73,86.44,85.11,87
"8503",103,2004,86.91,87.06,85.79,87.25,84.88,87.17
"8504",104,2004,86.02,85.22,85.81,85.47,85.32,83.91
"8505",105,2004,88.94,88.01,88.41,88.65,89.45,88.5
"8506",106,2004,88.98,89.43,90.61,87.8,90.85,89.02
"8507",107,2004,89.22,90.9,90.4,90.39,91.19,92.36
"8508",108,2004,95.97,94.83,95.49,94.98,91.83,95.61
"8509",109,2004,91.07,92.67,92.05,89.88,89.14,94.56
"8510",110,2004,93.02,91.78,92.65,91.51,92.68,94.37
"8511",111,2004,89.09,90.83,90.42,89.78,93.28,92.37
"8512",112,2004,90.7,92.32,90,91.13,88.13,91.32
"8513",113,2004,89.11,85.68,88.38,86.62,86.71,85.27
"8514",114,2004,93.53,92.98,93.27,93.5,91.63,93.39
"8515",115,2004,90.64,92.41,92.06,92.73,96.34,94.5
"8516",116,2004,87.55,86.69,85.81,89.31,85,87.56
"8517",117,2004,87.32,87.29,86.33,86.75,84.8,87.67
"8518",118,2004,91.79,93.53,91.7,93.35,93.5,93.99
"8519",119,2004,93.49,91.47,91.58,93.26,93.13,91.89
"8520",120,2004,88.69,87.14,88.14,87.49,88.47,86.72
"8521",121,2004,92.94,91.96,92.51,93.07,90.82,92.06
"8522",122,2004,87.94,92.4,91.33,93.03,94.75,93.95
"8523",123,2004,89.92,92.22,91.35,90.87,89.13,92.63
"8524",124,2004,92.43,94.53,92.74,92.06,92.96,95.7
"8525",125,2004,94.31,95.17,93.49,95.58,94.06,96.59
"8526",126,2004,95.66,96.54,96.83,96.08,96.8,97.23
"8527",127,2004,93.53,93.29,92.57,94.64,93.37,92.24
"8528",128,2004,92.19,92.48,91.82,94.03,86.98,93.08
"8529",129,2004,89.88,89.78,88.88,90.62,82.75,89.37
"8530",130,2004,85.8,86.06,85.57,86.66,82.79,84.49
"8531",131,2004,82.77,83.52,83.48,83.33,85.09,82.57
"8532",132,2004,88.87,89.14,89.92,88.77,88.16,90.64
"8533",133,2004,92.55,90.06,88.78,94.27,88.9,88.41
"8534",134,2004,88.11,88.92,88.07,88.08,90.34,90.38
"8535",135,2004,91.74,90.48,89.01,92.08,88.07,90.16
"8536",136,2004,91.42,91.17,91.05,92.33,90.53,90.8
"8537",137,2004,97.56,98.84,97.36,97.86,96.51,98.2
"8538",138,2004,97.18,96.6,95.23,98.28,94.44,96.14
"8539",139,2004,97.56,98.08,96.57,97.7,93.57,98.45
"8540",140,2004,92.5,94.9,91.53,94.71,89.47,95.87
"8541",141,2004,94.35,91.54,92.03,92.58,92.33,92.2
"8542",142,2004,90.52,88.72,90.02,88.51,91.78,89.51
"8543",143,2004,87.54,87.4,86.68,87.47,87.63,87.43
"8544",144,2004,89.8,86.51,87.58,90.41,87.48,85.68
"8545",145,2004,92.61,91.38,90.44,93.39,87.77,88.86
"8546",146,2004,90.49,90.4,92.13,88.52,92.62,90.99
"8547",147,2004,92.43,91.32,91.56,91.18,91.18,91.67
"8548",148,2004,92.29,92.73,92.92,92.24,92.94,94.18
"8549",149,2004,96.46,93.98,95.67,94.46,93.9,94.2
"8550",150,2004,95.52,97.14,94.83,97.39,97.58,98.87
"8551",151,2004,94.71,92.88,93.75,93.9,94.55,92.44
"8552",152,2004,93.65,94.26,93.32,92.39,93.25,94.98
"8553",153,2004,92.58,90.2,91.11,92.64,91.49,90.66
"8554",154,2004,93.44,91.35,92.36,92.07,91.94,92.85
"8555",155,2004,93.67,92.46,92.95,92.76,92.49,92.55
"8556",156,2004,91.28,91.09,90.75,90.27,92.41,92.02
"8557",157,2004,96.73,95.92,95.36,97.48,95.19,96.26
"8558",158,2004,90.99,90.7,90.71,89.77,92.15,91.71
"8559",159,2004,92.06,90.74,91.46,90.49,89.94,89.74
"8560",160,2004,94.3,91.79,93.58,93.27,92.47,92.09
"8561",161,2004,93.3,93.96,93.39,94.98,93.81,92.75
"8562",162,2004,88.19,86.48,87.72,88.01,87.65,85.41
"8563",163,2004,90.84,89.28,90.52,88.32,89.28,89.79
"8564",164,2004,93.58,91.77,92.08,92.36,92.86,91.9
"8565",165,2004,94.83,92.78,92.65,93.64,91.38,92.31
"8566",166,2004,95.04,92.2,92.54,96.12,86.37,91.66
"8567",167,2004,91.92,93.62,86.48,96.49,81.59,91.97
"8568",168,2004,86.09,83.7,83.15,85.92,84.08,81.82
"8569",169,2004,94.57,91.92,92.3,94.6,93.85,90.4
"8570",170,2004,92.25,91.74,91.15,91.3,92.97,92.98
"8571",171,2004,95.72,95.37,95.7,94.12,92.97,95.4
"8572",172,2004,93.41,93.63,93.71,91.16,94.2,94.14
"8573",173,2004,91.84,90.7,91.51,91.5,91.63,89.27
"8574",174,2004,90.29,89,89.88,89.14,90.73,89.68
"8575",175,2004,88.95,87.09,87.62,88.03,88.58,87.39
"8576",176,2004,91.28,90.94,90.55,91.6,90.87,93.28
"8577",177,2004,90.29,89.62,89.54,88.56,91.61,89.95
"8578",178,2004,93.78,93.47,93.34,92.96,93.53,92.89
"8579",179,2004,97.92,97.48,97.69,96.93,96.34,96.96
"8580",180,2004,99.25,96.94,96.92,97.38,93.57,95.17
"8581",181,2004,91.76,90.39,91.47,90.86,92.21,91.09
"8582",182,2004,94.55,94.5,94.57,93.86,93.92,94.79
"8583",183,2004,90.55,89.22,90.35,90.49,91.44,88.99
"8584",184,2004,89.69,87.8,90.43,88.18,91.5,86.87
"8585",185,2004,93.91,92.93,93.76,91.44,93.54,92.51
"8586",186,2004,94.35,93.58,93.14,93.33,89.36,92.21
"8587",187,2004,94.29,95.32,93.81,96.63,93.13,95.03
"8588",188,2004,93.07,93.13,94.12,92.93,95.07,93.83
"8589",189,2004,88.74,89.51,90.43,88.13,91.99,88.83
"8590",190,2004,88.22,87.15,86.9,87,87.55,86.21
"8591",191,2004,93.33,93.34,92.97,91.36,93.02,93.78
"8592",192,2004,92.33,91.72,93.42,90.15,90.95,92.37
"8593",193,2004,93.12,91.03,92.12,91.86,91.03,92.25
"8594",194,2004,94.26,93.35,94.28,92.63,94.36,92.68
"8595",195,2004,90.03,90.41,90.97,91.25,93,91.38
"8596",196,2004,90.37,90.3,90.9,90.27,90.16,90.81
"8597",197,2004,93.99,91.72,93.22,91.43,93.04,92.77
"8598",198,2004,93.53,93.3,92.67,93.74,92.46,95.03
"8599",199,2004,95.23,93.61,93.74,95.44,93.57,93.6
"8600",200,2004,89.91,90.16,90.99,90.65,91.24,91.25
"8601",201,2004,91.41,91.66,92.46,91.79,92.05,92.29
"8602",202,2004,93.94,93.56,93.81,93.12,92.6,93.98
"8603",203,2004,92.46,92.44,91.91,90.99,92.23,92.03
"8604",204,2004,90.12,90.07,90.99,88.87,89.34,90.35
"8605",205,2004,90.79,90.06,90.05,88.72,89.89,90.58
"8606",206,2004,95.3,93.69,93.46,95.14,90.4,93.17
"8607",207,2004,94.02,93.87,94.46,93.05,95.61,95.13
"8608",208,2004,96.85,97.35,97.71,95.09,97.89,97.36
"8609",209,2004,92.77,92.1,92.3,92.27,92.07,91.83
"8610",210,2004,94.27,93.02,93.08,94.6,90.26,93.76
"8611",211,2004,89.35,91.88,88.33,91.62,88.55,93.34
"8612",212,2004,91.79,91.2,91.69,90.51,92.02,92.24
"8613",213,2004,90.78,88.36,90.19,89.55,90.15,87.88
"8614",214,2004,93.41,92.99,92.52,94.73,92,93.24
"8615",215,2004,90.44,90.37,90.54,90.88,90.26,89.53
"8616",216,2004,91.96,91.61,90.82,91.85,89.31,92.66
"8617",217,2004,90.05,89.28,89.31,91.01,88.24,88.39
"8618",218,2004,91.32,90.81,92.25,90.37,92.45,91.79
"8619",219,2004,96.34,96.19,95,98.08,92.47,95.39
"8620",220,2004,93.45,94.51,95.03,93.63,95.41,95.5
"8621",221,2004,92.44,92.94,93.73,91.58,94.96,93.98
"8622",222,2004,97.12,98,97.38,97.26,96.36,98.23
"8623",223,2004,91.26,90.94,88.77,93.27,90.84,91.05
"8624",224,2004,86,86.86,84.94,84.49,87.3,87.76
"8625",225,2004,88.71,89.12,90.73,88.73,95.09,91.76
"8626",226,2004,91.11,90.82,90.3,89.74,91.66,92.14
"8627",227,2004,91.1,91.87,91.3,90.7,88.69,92.83
"8628",228,2004,89.19,89.98,89.72,88.24,93.24,89.52
"8629",229,2004,89.79,90.29,89.69,89.23,89.19,90.62
"8630",230,2004,94.57,94.67,94.59,94.02,90.35,93.83
"8631",231,2004,90.68,91.63,91.05,90.73,92.44,91.78
"8632",232,2004,94.36,94.3,95.17,93.04,96.05,94.41
"8633",233,2004,94,93.04,92.25,94.21,92.87,92.48
"8634",234,2004,89.35,89.04,88.34,88.84,87.82,89.34
"8635",235,2004,88.51,90,88.8,88.77,88.16,90.43
"8636",236,2004,88.93,88.27,88.85,90.16,90.24,88.29
"8637",237,2004,95.38,95.4,94.49,95.33,92.28,95.14
"8638",238,2004,92.32,93.32,92.52,92.12,93.96,94.43
"8639",239,2004,91.78,91.14,92.22,91.51,92.91,90.86
"8640",240,2004,90.24,89.77,89.69,90.3,88.66,88.01
"8641",241,2004,89.84,89.14,89.08,90.26,89.61,89.87
"8642",242,2004,92.99,93.38,93.18,92.58,92.91,92.4
"8643",243,2004,91.98,92.33,92.52,90.74,92.77,91.03
"8644",244,2004,89.49,90.14,89.46,89.33,90.95,90.25
"8645",245,2004,89.43,88.65,88.92,90.41,89.71,89.45
"8646",246,2004,87.28,86.98,87.84,86.72,89.99,87.11
"8647",247,2004,91.75,91.94,92.51,91.3,92.24,90.7
"8648",248,2004,92.9,94.13,93.35,93.37,93.51,94.46
"8649",249,2004,92.03,92.52,92.29,92.85,92.9,93.6
"8650",250,2004,87.33,85.95,87.17,86.46,89.8,85.95
"8651",251,2004,90.39,92.29,92.4,91.31,92.48,94.68
"8652",252,2004,90.39,87.31,86.67,88.24,84.14,86.92
"8653",253,2004,91.64,90.61,92.42,91.28,93.76,90.14
"8654",254,2004,93.1,95.31,94.79,94.38,97.49,96.83
"8655",255,2004,90.3,92.45,90.21,90.88,93.49,94.67
"8656",256,2004,94.84,94.74,92.04,94.15,90.56,95.36
"8657",257,2004,91.27,91.68,90.58,93.07,89.15,92.23
"8658",258,2004,91.05,91.21,91.69,90.78,91.84,92.25
"8659",259,2004,86.92,86.46,86.29,86.67,85.44,86.98
"8660",260,2004,90.54,90.97,90.4,91.42,88.78,91.76
"8661",261,2004,88.53,88.44,89.66,87.29,88.08,88.52
"8662",262,2004,88.29,88.66,89.69,87.44,91.05,88.4
"8663",263,2004,87.77,86.12,87.43,87.18,86.83,86.13
"8664",264,2004,90.32,89.75,89.23,90.17,88.83,91.12
"8665",265,2004,90.47,89.16,89.11,90.64,89.53,89.14
"8666",266,2004,87.95,86.8,86.85,89.13,87.14,86.03
"8667",267,2004,91.44,91.41,91.11,91.79,89.98,91.9
"8668",268,2004,88.08,88.61,89.79,87.04,91.13,92.38
"8669",269,2004,89.72,89.13,89.41,90.49,89.8,89.87
"8670",270,2004,90.64,90.86,91.62,89.59,91.74,90.36
"8671",271,2004,88.68,89.65,89.35,90.21,91.74,91.1
"8672",272,2004,91.61,91.43,92.42,90.54,91.76,92.91
"8673",273,2004,90.88,90.91,90.14,90.48,89.4,89.62
"8674",274,2004,92.78,89.9,90.09,92.76,89.15,89.38
"8675",275,2004,95.94,94.79,94.35,95.15,91.77,94.34
"8676",276,2004,89.58,91.57,91.3,89.38,94.03,92.59
"8677",277,2004,89.31,89.84,87.99,90.96,90.52,90.14
"8678",278,2004,91.6,93.18,92.04,92.64,90.98,93.68
"8679",279,2004,95.95,97.28,97.51,96.5,98.29,97.68
"8680",280,2004,90.81,91,90.44,90.95,88.43,90.58
"8681",281,2004,91.06,90.46,91.27,91.69,92.85,90.38
"8682",282,2004,90.78,89.96,91.43,89.33,92.15,90.12
"8683",283,2004,88.06,83.58,85.77,86.26,84.4,81.37
"8684",284,2004,90.02,89.01,90.56,89.27,90.93,88.49
"8685",285,2004,89.84,90.13,90.38,88.16,90.49,90.47
"8686",286,2004,87.04,85.75,86.47,85.92,86.5,84.8
"8687",287,2004,86.16,84.81,85.62,86.33,86.21,83.95
"8688",288,2004,90.38,89.03,88.5,90.66,87.26,87.25
"8689",289,2004,87.46,86.56,86.05,87.61,86.73,86.17
"8690",290,2004,87.25,89.12,87.55,87.93,88.22,89.98
"8691",291,2004,90.77,89.13,89.33,89.36,83.86,85.65
"8692",292,2004,87.31,86.42,86.05,87.39,82.84,84.86
"8693",293,2004,87.3,85.05,86.48,87.09,87.52,84.58
"8694",294,2004,94.3,94.57,92.71,93.74,90.31,94.26
"8695",295,2004,85.2,85.33,85.52,84.74,84.85,85.8
"8696",296,2004,85.34,85.57,88.29,83.96,89.19,84.6
"8697",297,2004,91.57,91.72,90.93,91.25,91.23,90.21
"8698",298,2004,93.9,94.71,94.55,93.19,92.24,94.84
"8699",299,2004,89.03,89.27,88.18,88.87,86.54,88.84
"8700",300,2004,83.84,84.62,83.02,86.35,82.98,83.45
"8701",301,2004,85.27,84.77,84.9,85.23,85.69,83.29
"8702",302,2004,96.12,95.61,95.65,95.71,93.04,94.63
"8703",303,2004,88.65,88.48,89.42,87.56,90.46,87.32
"8704",304,2004,84.67,85.83,84.71,87.07,84.74,86.55
"8705",305,2004,89.33,90.48,90.07,89.84,89.89,91.19
"8706",306,2004,91.42,91.39,90.91,91.79,89.76,91.46
"8707",307,2004,91.98,92.46,93.04,94.44,92.16,92.58
"8708",308,2004,90.49,89.84,90.65,91.11,93.72,90.19
"8709",309,2004,91.5,91.86,93.02,91.1,93.85,93.06
"8710",310,2004,93.98,91.4,91.47,92.47,88.91,92.14
"8711",311,2004,94.29,93.38,93.31,93.41,93.62,92.24
"8712",312,2004,94.52,93.77,93.67,94.6,92.92,93.58
"8713",313,2004,94.57,93.79,95.32,92.5,95.64,93.42
"8714",314,2004,91.19,89.64,90.79,88.37,90.85,89.73
"8715",315,2004,86.96,88.97,87.33,89.5,88.03,87.09
"8716",316,2004,83.77,83.64,83.81,83.74,83.32,83.26
"8717",317,2004,89.23,89.26,90.62,88.06,91.81,89.63
"8718",318,2004,95.65,94.36,95.9,95.26,95.59,94.21
"8719",319,2004,93.66,94.02,93.4,93.16,91.66,94.34
"8720",320,2004,86.21,90.62,87.05,89.62,88.14,89.76
"8721",321,2004,84.05,84.49,85.43,84.18,86.61,86.84
"8722",322,2004,91.3,91.59,90.9,91.62,90.08,92.56
"8723",323,2004,90.33,91.15,89.6,91.28,89.78,92.29
"8724",324,2004,91.9,90.22,91.52,89.46,89.2,89.77
"8725",325,2004,94.17,95.01,95.07,93.95,93.76,94.67
"8726",326,2004,91.6,90.51,89.55,91.96,87.27,90.81
"8727",327,2004,87.95,87.86,89.21,86.36,89.28,87.84
"8728",328,2004,90.33,90.24,89.62,89.97,87.86,90.89
"8729",329,2004,91.77,91.73,91.71,91.43,91.1,93.08
"8730",330,2004,95.19,93.9,93.53,96.38,90.44,92.81
"8731",331,2004,91.19,89.3,89.6,92.21,88.4,88.62
"8732",332,2004,86.03,85.39,85.47,87.31,85.44,83.97
"8733",333,2004,85.96,85.9,87.53,86.2,89.78,84.31
"8734",334,2004,91.68,91.52,92.11,91.51,91.27,91.91
"8735",335,2004,92.79,93.49,94.37,92.33,95.02,95.95
"8736",336,2004,94.21,94.28,93.25,95.8,93.75,94.93
"8737",337,2004,92.9,91.2,90.76,93.12,89.59,90.42
"8738",338,2004,89.45,88.03,89.06,87.77,91.99,89.34
"8739",339,2004,92.95,92.92,93.89,91.08,91.07,91.43
"8740",340,2004,95.34,94.69,96.29,94.16,96.32,94.08
"8741",341,2004,94.71,93.92,94.22,93.73,92.39,93.25
"8742",342,2004,92.2,91.86,90.85,92.26,90.22,90.07
"8743",343,2004,87.25,86.92,86.81,87.99,87.39,86.52
"8744",344,2004,86.6,89.35,88.64,85.96,89.66,90.63
"8745",345,2004,91.28,92.96,91.9,91.56,91.33,93.64
"8746",346,2004,92.39,93.13,93.73,91.45,94.69,92.84
"8747",347,2004,93.47,92.36,93.14,92.35,94.4,91.05
"8748",348,2004,90.15,90,89.45,93.3,90.3,88.3
"8749",349,2004,91.46,92.29,91.25,92.8,91.76,91.61
"8750",350,2004,91.95,90.99,91.15,92.44,91.65,91.27
"8751",351,2004,90.39,89.67,90.46,90.54,89.46,89.19
"8752",352,2004,89.16,91.46,91.75,88.32,91.68,91.78
"8753",353,2004,84.42,86.53,85.9,86.15,87.14,86.9
"8754",354,2004,88.65,90.47,89.5,88.74,88.01,90.41
"8755",355,2004,86.81,86.8,86.75,87.19,86.86,87.5
"8756",356,2004,85.26,86.56,87.23,85.96,90.78,88.66
"8757",357,2004,88.75,91.04,91.69,88.57,94.03,92.87
"8758",358,2004,89.53,90.53,91.2,88.93,91.72,92.84
"8759",359,2004,81.82,85.17,86.03,81.48,88.68,87.31
"8760",360,2004,76.99,80,79.51,77.03,82.77,82.2
"8761",361,2004,73.17,74.45,74.46,73.35,80.18,76.62
"8762",362,2004,72.98,76.42,77.13,73.81,86.64,81.18
"8763",363,2004,80.85,84.95,84.03,81.8,85.98,87.08
"8764",364,2004,77.01,82.42,81.28,78.43,85,82.9
"8765",365,2004,78.32,82.28,82.61,77.84,89.76,84.86
"8766",366,2004,85.87,90.4,88.63,85.33,89,92.24
"8767",1,2005,90.85,92.06,91.36,90.7,91.96,93.28
"8768",2,2005,88.03,88.74,88.76,89.16,90.02,88.13
"8769",3,2005,88.61,90.32,88.51,90.4,88.91,91.71
"8770",4,2005,85.66,86.53,86.58,85.38,91.84,86.63
"8771",5,2005,91.4,92.26,92.66,90.56,93.06,92.49
"8772",6,2005,92.75,93.03,93.52,94.01,92.55,90.44
"8773",7,2005,87.9,92.31,91.32,86.26,93.54,93.32
"8774",8,2005,93.71,95.05,94.05,93.3,93.39,95.61
"8775",9,2005,94.19,92.96,92.83,93.86,93.59,93.65
"8776",10,2005,89.83,90.35,89.31,91.17,91.44,90.82
"8777",11,2005,93.11,92.79,91.61,93.39,88.82,91.53
"8778",12,2005,91.56,90.7,92.95,88.57,93.42,90.78
"8779",13,2005,93.79,94.3,94.06,93.83,93.24,92.95
"8780",14,2005,90.59,90.1,89.32,91.87,89.37,88.78
"8781",15,2005,86.8,86.87,84.87,87.98,83.14,85.5
"8782",16,2005,83.31,84.8,82.96,84.64,85.03,85.59
"8783",17,2005,80.73,81.81,81.95,80.79,87.25,83.55
"8784",18,2005,80.23,83.02,82.43,81.69,90.88,85.83
"8785",19,2005,74.94,77.34,75.81,76.26,84.24,81.11
"8786",20,2005,71.65,74.38,72.87,72.82,79.57,77.46
"8787",21,2005,69.37,72.59,70.2,71.74,79.3,77
"8788",22,2005,72.6,78.58,75.26,74.98,85.3,84.03
"8789",23,2005,82.64,88.12,84.79,85.01,87.28,90.88
"8790",24,2005,84.06,85.65,84.45,85.96,88.22,86.19
"8791",25,2005,85.65,85.6,84.18,86.88,85.88,85.44
"8792",26,2005,83.73,84.52,83.92,84.02,87.82,83.81
"8793",27,2005,81.66,82.88,84.28,81.2,89.72,84.27
"8794",28,2005,83.44,87.03,87.05,82.3,92,90.75
"8795",29,2005,88.58,90.35,89.25,89.94,89.69,89.58
"8796",30,2005,85.99,89.45,89.31,85,93.54,92.17
"8797",31,2005,80.7,84.77,85.6,77.25,89.79,87.64
"8798",32,2005,82.65,89.66,90.33,77.81,94.92,93.94
"8799",33,2005,86.24,90.75,92.3,82.92,97.68,92.32
"8800",34,2005,92.64,94.23,93.13,89.94,94.95,93.36
"8801",35,2005,95.94,96.98,95.77,95.5,95.57,96.36
"8802",36,2005,94.22,92.95,95.06,92.02,95.11,93.18
"8803",37,2005,91.38,94.7,94.39,93.28,94.49,95.45
"8804",38,2005,94.7,95.69,95.59,93.6,94.82,96.94
"8805",39,2005,92.77,91.97,91.95,93.41,92.22,92.1
"8806",40,2005,88.68,91.87,91.6,90.3,93.73,93.87
"8807",41,2005,94.08,94.72,94.21,93.78,92.12,94.63
"8808",42,2005,95.33,95.51,96.66,96.02,96.32,95.76
"8809",43,2005,93.28,92.63,93.13,93,92.24,92.69
"8810",44,2005,89.96,91.9,91.64,89.28,94.2,94.21
"8811",45,2005,86.5,89.03,88.64,86.2,90.01,90.39
"8812",46,2005,80.51,83.59,82.19,81.42,85.96,86.41
"8813",47,2005,76.9,79.71,79,77.14,85.48,82.57
"8814",48,2005,79.93,84.25,84.21,79.19,88.41,85.75
"8815",49,2005,84.98,86.57,87.6,82.15,88.22,88.56
"8816",50,2005,94.95,95.33,94.95,92.83,94.39,96.3
"8817",51,2005,88.64,91.1,92.51,86.11,94.35,94.03
"8818",52,2005,85.85,89.7,89.93,84.71,93.81,92.38
"8819",53,2005,86.42,89.5,89.85,85.97,92.47,92.04
"8820",54,2005,84.14,88.23,87.83,81.41,91.16,90.41
"8821",55,2005,86.23,89.73,90.85,80.72,95.29,93.18
"8822",56,2005,89.33,90.62,90.13,86.95,89.4,91.02
"8823",57,2005,91.46,91.1,90.44,90.5,89.41,91.53
"8824",58,2005,88.56,89.91,88.7,88.52,89.42,91.86
"8825",59,2005,88.94,89.47,88.5,91.02,87.55,91.13
"8826",60,2005,87.25,87.78,87.7,85.59,88.72,88.89
"8827",61,2005,90.03,88.46,88.89,88.51,89.52,89.17
"8828",62,2005,92.08,90.36,90.55,91.59,88.68,88.7
"8829",63,2005,97.67,97.98,97.3,97.22,96.74,99.09
"8830",64,2005,90.09,91.51,92.47,89.56,94.56,94.11
"8831",65,2005,92.84,92.25,90.92,92.83,90.58,91.86
"8832",66,2005,93.56,93.49,94.28,92.96,95.17,92.13
"8833",67,2005,92.24,91.72,93.37,89.25,93.34,93.18
"8834",68,2005,83.57,84.56,86.11,83.4,87.86,86.86
"8835",69,2005,79.35,84.63,84.67,77.69,88.9,87.25
"8836",70,2005,83.89,87.35,87.62,82.24,88.51,89.79
"8837",71,2005,85.48,87.1,89.08,83.88,94.5,90.83
"8838",72,2005,83.58,82.79,84.34,82.19,85.56,85.49
"8839",73,2005,82.06,83.53,85.58,82.8,87.53,86
"8840",74,2005,86.2,85.95,87.34,85.25,93.73,89.8
"8841",75,2005,87.13,86.94,86.85,86.34,90.63,89.4
"8842",76,2005,89.69,90.15,90.78,90.95,91.65,90.49
"8843",77,2005,91.54,89.58,90.16,88.98,88.43,89.37
"8844",78,2005,88.79,85.55,86.52,86.53,82.73,85.63
"8845",79,2005,84.45,83.17,80.8,87.01,83.55,83.11
"8846",80,2005,93.3,92.21,92.22,92.83,91.96,91.92
"8847",81,2005,87.88,88.25,87.99,87.85,88.55,88.05
"8848",82,2005,95.13,94.75,95.01,94.21,93.64,94.59
"8849",83,2005,93.06,92.28,92.97,92.65,93.75,90.35
"8850",84,2005,87.9,88.41,88.16,87.17,88.34,90.6
"8851",85,2005,89.7,91.02,87.8,91.42,86.75,92.47
"8852",86,2005,90.15,88.37,90.59,87.03,90.26,88.92
"8853",87,2005,89.13,88.78,91.2,86.95,91.83,89.17
"8854",88,2005,88.89,88.46,88.02,87.51,88.42,87.88
"8855",89,2005,89.51,88.23,88.22,89.78,87.51,88.81
"8856",90,2005,88.9,86.76,87.85,87.21,86.51,87.74
"8857",91,2005,90.45,91.1,89.8,90.19,89.73,92.1
"8858",92,2005,86.62,86.92,86.25,87.67,85.03,86.71
"8859",93,2005,92.79,92.95,93.86,92.31,90.6,92.4
"8860",94,2005,90.06,92.37,91.52,91.48,93.68,95.55
"8861",95,2005,90.26,90.2,90.67,89.25,90.34,91.33
"8862",96,2005,94.11,93.98,94.29,93.93,94.93,94.3
"8863",97,2005,93.9,92.83,93.56,92.16,95.79,93.66
"8864",98,2005,92.33,91.88,93.78,92.73,96.03,92.43
"8865",99,2005,91.91,91.25,90.64,92.35,91.1,90.79
"8866",100,2005,96.35,97.03,95.99,96.66,97.37,96.85
"8867",101,2005,89.65,91.54,89.4,92.11,93.38,92.88
"8868",102,2005,90.15,91.26,89.61,91.37,89.15,91.8
"8869",103,2005,90.41,92.39,93.95,92.24,94.32,94.33
"8870",104,2005,93.14,92.85,94.33,94.32,93.14,92.98
"8871",105,2005,93.8,93,93.32,94.77,95.88,92.1
"8872",106,2005,93.92,94.85,94.33,93.54,96.04,96.4
"8873",107,2005,96.46,98.15,97.33,96.47,97.47,98.45
"8874",108,2005,91.36,94.28,91.35,93.34,92.82,95.1
"8875",109,2005,91.22,91.23,90.52,88.94,92.14,91.81
"8876",110,2005,89.33,87.27,87.22,89.12,83.73,86.04
"8877",111,2005,93.32,93.77,93.35,93.59,94.32,95.78
"8878",112,2005,94.25,92.54,91.26,94.34,91.17,90.4
"8879",113,2005,91.12,89.13,90.92,88.67,87.6,89.56
"8880",114,2005,90.11,87.08,86.04,87.56,84.76,83.05
"8881",115,2005,93.42,91.94,92.77,92.9,93.29,89.87
"8882",116,2005,91.53,92.65,92.39,92.59,95.71,93.72
"8883",117,2005,92.54,93.02,93.37,90.75,92.51,93.44
"8884",118,2005,90.52,91.02,92.29,89.81,94.24,91.54
"8885",119,2005,84.58,84.52,86.18,84.67,90.45,86.18
"8886",120,2005,95.35,94.51,93.8,96.95,91.94,94.09
"8887",121,2005,91.64,93.08,91.02,93.2,90,92.39
"8888",122,2005,87.59,89.24,88.66,89.55,91.57,93.57
"8889",123,2005,91.05,89.35,89.72,92.15,91.41,91.3
"8890",124,2005,92.44,90.97,91.13,91.42,90.94,89.31
"8891",125,2005,89.6,91.58,90.4,91.13,92.49,91.79
"8892",126,2005,88.94,86.21,87.72,89.56,88.94,86.13
"8893",127,2005,88.49,87.42,85.62,87.12,86.27,86.07
"8894",128,2005,93.66,92.81,93.36,91.32,92.66,91.65
"8895",129,2005,91.73,92.47,92.06,89.52,93.74,90.68
"8896",130,2005,92.54,92.22,91.84,93.25,92.38,92.26
"8897",131,2005,93.68,94.58,93.86,95.09,93.81,94.91
"8898",132,2005,90.9,89.11,90.69,90.86,92.35,90.21
"8899",133,2005,97.19,95.38,96.99,96.07,92.84,92.85
"8900",134,2005,94.11,94.24,94.35,93.65,92.93,94.41
"8901",135,2005,97.85,99.15,98.99,96.91,99.62,99.71
"8902",136,2005,87.83,89.02,88.33,88.61,93.03,89.44
"8903",137,2005,91.9,94.17,90.01,93.17,96.13,95.64
"8904",138,2005,92.2,93.2,91.57,93.53,95.58,94.5
"8905",139,2005,87.07,86.9,87.57,89.09,87.76,85.9
"8906",140,2005,81.8,83.06,82.22,83.07,80.84,83
"8907",141,2005,88.78,89.2,87.45,87.51,85.78,88.97
"8908",142,2005,91.48,90.19,90.25,90.67,89.15,89.88
"8909",143,2005,89.72,87.3,89.61,86.31,88.72,85.96
"8910",144,2005,82.59,82.07,82.39,82.64,84.34,83.03
"8911",145,2005,84.02,85.56,83.78,85.99,86.08,87.59
"8912",146,2005,89.33,89.46,87.55,89.68,89.41,90.49
"8913",147,2005,92.35,92.43,92.05,92.05,91.74,92.95
"8914",148,2005,92.07,92.16,91.84,92.39,94.41,93.55
"8915",149,2005,91.9,91.43,92.64,90.66,92.05,91.76
"8916",150,2005,91.18,90.75,91.02,90.65,91.1,91.3
"8917",151,2005,98.96,98.64,98.68,98.74,98.23,98.26
"8918",152,2005,92.62,92.59,94.2,91.02,94.59,94.06
"8919",153,2005,92.49,92.83,94.73,90.73,95.06,92.9
"8920",154,2005,93.82,93.68,94.49,92.9,94.7,91.87
"8921",155,2005,96.73,96.7,97.3,95.37,96.33,95.69
"8922",156,2005,93.41,92.92,92.76,93.22,91.63,92.94
"8923",157,2005,96.33,96.76,97.46,95.6,97.24,98.14
"8924",158,2005,91.35,94.44,92.04,94.29,93.49,96.16
"8925",159,2005,89.32,88.54,90,86.72,92.06,87.58
"8926",160,2005,94.18,94.26,92.65,95.09,92.48,93
"8927",161,2005,93.37,94.2,94.07,94.26,95.07,92.49
"8928",162,2005,90.52,91.09,92.11,89.92,92.39,92.14
"8929",163,2005,84.22,83.08,84.16,84.11,87.49,83.99
"8930",164,2005,88.01,84.72,86.06,85.43,84.01,84.96
"8931",165,2005,92.31,89.4,90.63,89.5,86.63,87.53
"8932",166,2005,92.32,89.94,91.51,89.54,92.08,90.17
"8933",167,2005,91.48,89.91,89.64,91.44,92.1,90.09
"8934",168,2005,90.26,89.79,90.32,88.95,89.6,88.24
"8935",169,2005,87.6,86.67,88.85,87.15,89.16,85.65
"8936",170,2005,91.75,90.54,90.27,92.64,90.13,90.42
"8937",171,2005,95.57,94.9,93.56,95.37,91.54,94.27
"8938",172,2005,93.3,91.91,92.43,91.9,92.11,92.38
"8939",173,2005,90.73,89.35,90.35,88.97,91.83,89.58
"8940",174,2005,86.18,85.23,85.3,86.88,85.97,87.74
"8941",175,2005,87.82,85.84,85.99,88.04,87.81,86.33
"8942",176,2005,90.57,90.46,90.42,89.73,91.71,91.62
"8943",177,2005,89.86,89.65,89.72,91.78,87.45,87.55
"8944",178,2005,88,90.71,90.35,90.2,90.13,91.67
"8945",179,2005,89.95,89.29,91.09,87.36,89.48,92.24
"8946",180,2005,92.07,91.09,91.28,92.71,91.17,90.2
"8947",181,2005,91.23,90.05,91.05,90.27,92.63,91.55
"8948",182,2005,95.88,94.75,95.44,94.13,95.04,92.99
"8949",183,2005,90.53,89.27,88.47,91.3,87.62,89.38
"8950",184,2005,86.2,84.85,86.09,82.88,86.53,87.06
"8951",185,2005,90.25,90.92,91.32,88.73,91.85,92.01
"8952",186,2005,87.22,87.4,89.17,86.34,90.22,89.66
"8953",187,2005,88.44,85.71,89.25,85.76,89.3,86.91
"8954",188,2005,91.48,89.3,92.26,88.8,92.73,88.4
"8955",189,2005,92.81,91.48,90.52,91.17,86.95,90.39
"8956",190,2005,84.37,84.43,83.07,82.82,81.88,85.2
"8957",191,2005,81.65,83.38,80.47,84.26,80.48,84.64
"8958",192,2005,91.15,90.56,87.48,91.92,85.81,89.96
"8959",193,2005,96.44,95.59,97.17,94.18,96.84,96.33
"8960",194,2005,83.81,86.59,87.56,84.63,87.74,90.75
"8961",195,2005,80.8,84.66,83.96,80.86,86.67,85.55
"8962",196,2005,83.05,85.37,85.4,83.28,84.48,84.46
"8963",197,2005,93.68,93.99,93.63,93.43,92.34,92.97
"8964",198,2005,93.36,90.86,91.49,91.21,88.83,90.23
"8965",199,2005,94.44,92.75,92.47,92.92,90.23,91.46
"8966",200,2005,95.7,93.09,94.36,95.05,91.22,90.78
"8967",201,2005,92.31,90.92,92.37,90.29,92.51,91.05
"8968",202,2005,92.87,87.22,87.13,92.24,82.93,85.54
"8969",203,2005,89.58,88.32,88.53,87.27,84.66,87.4
"8970",204,2005,85.42,88.11,87.7,86.67,88.6,88.57
"8971",205,2005,95.37,95.09,95.11,93.87,91.1,95.01
"8972",206,2005,93.4,91.82,93.06,90.33,91.31,90.71
"8973",207,2005,89.45,88.36,89.46,87.74,89.2,86.77
"8974",208,2005,89.91,86.77,87.66,89.6,87.45,87.05
"8975",209,2005,90.79,89.9,89.48,90.36,88.77,89.32
"8976",210,2005,93.29,91.73,91.97,92.19,91.46,91.12
"8977",211,2005,92.01,91.05,92.13,91.86,92.23,89.19
"8978",212,2005,90,89.64,90.3,89.89,92.38,89.9
"8979",213,2005,88.56,87.38,87.98,88.69,89.72,87.25
"8980",214,2005,91.18,91.47,91.46,91.22,90.36,90.16
"8981",215,2005,92.02,93.67,91.81,93.63,90.74,94.14
"8982",216,2005,91.79,89.24,90.33,90.82,89.95,87.97
"8983",217,2005,88.6,88.77,88.5,89.94,90.18,89.34
"8984",218,2005,90.71,92.05,91.37,93.4,91.63,92.71
"8985",219,2005,90.03,87.17,88.52,89.41,88.44,87.67
"8986",220,2005,92.46,91.14,91.16,91.47,91.09,92.72
"8987",221,2005,89.17,88.79,89.71,89.7,91.4,87.93
"8988",222,2005,95.61,95.34,92.83,97.49,90.96,95.1
"8989",223,2005,92.72,93.28,89.33,92.79,85.62,93.01
"8990",224,2005,85.52,84.68,82.31,85.46,80.68,88.05
"8991",225,2005,88.33,85.07,84.01,88.18,81.74,85.8
"8992",226,2005,87.64,88.09,86.63,88.51,88.99,87.88
"8993",227,2005,90.15,89.17,87.77,90.62,86.4,88.82
"8994",228,2005,93.94,93.86,93.46,94.38,93.09,94.98
"8995",229,2005,87.85,86.56,87.4,87.37,87.85,88.96
"8996",230,2005,95,94.9,95.31,94.36,95.66,95.43
"8997",231,2005,93.4,93.47,91.74,94.4,92.94,94.34
"8998",232,2005,89.69,90.13,90.48,89.91,93.64,92.16
"8999",233,2005,87.22,87.02,86.58,88.09,86.9,87.3
"9000",234,2005,88.79,88.65,87.85,88.96,87.64,88.51
"9001",235,2005,84.58,88.26,87.21,82.21,85.87,90.07
"9002",236,2005,79.87,82.29,81.65,80.11,86.26,86.96
"9003",237,2005,89.01,90.26,89.49,89.39,92.12,92.13
"9004",238,2005,87.52,87.43,88.48,87.87,91.46,88.16
"9005",239,2005,87.63,88.85,88.07,88.75,88.4,89.73
"9006",240,2005,87.09,87.64,87.77,87.05,87.88,86.6
"9007",241,2005,84.65,84.47,84.44,85.21,85.76,84.22
"9008",242,2005,86.36,85.23,86.16,85.96,86.84,86.41
"9009",243,2005,88.37,88.22,87.7,88.15,88.15,87.79
"9010",244,2005,86.37,87.3,87.85,86.9,89.26,88.04
"9011",245,2005,89.72,90.8,92.11,88.11,93.69,92.7
"9012",246,2005,92.49,90.3,90.9,90.53,90.17,90.45
"9013",247,2005,90.28,90.56,89.15,90.81,89.52,92.53
"9014",248,2005,90.6,90.56,89.22,90.59,87.64,89.4
"9015",249,2005,90.8,90.68,90.09,89.61,87.63,89.4
"9016",250,2005,92.21,91.72,91.68,91.69,89.59,90.41
"9017",251,2005,88.48,91.34,91.58,87.65,93.34,93.31
"9018",252,2005,92.66,92.22,93.01,92.15,92.68,92.25
"9019",253,2005,88.62,88.13,89.86,88.15,91.22,88.54
"9020",254,2005,91.64,88.69,90.29,91.68,91.99,89
"9021",255,2005,87.98,87.12,87.41,89.1,89.35,87.46
"9022",256,2005,91.29,91.8,91.98,91.68,93.92,91.01
"9023",257,2005,92.02,90.71,91.22,90.31,88.37,91.09
"9024",258,2005,88.52,85.76,85.03,88.05,82.32,85.48
"9025",259,2005,88.74,88.39,88.2,89.66,87.84,88.19
"9026",260,2005,90.14,89.28,91.19,88.12,90.91,90.64
"9027",261,2005,90.74,90,90.57,90.08,91.44,89.76
"9028",262,2005,91.39,90.26,91.71,88.76,90.49,89.43
"9029",263,2005,91.68,91.87,92.24,92.03,92.7,92.13
"9030",264,2005,85.65,85.77,86.17,84.67,87.39,86.19
"9031",265,2005,86.51,87.64,87.05,86.87,86.03,86.11
"9032",266,2005,89.63,85.98,88.2,87.16,85.63,84.9
"9033",267,2005,83.18,83.78,83.58,84.65,84.91,85.52
"9034",268,2005,83.34,84.38,83.19,85.41,84.68,84.59
"9035",269,2005,87.23,86.03,84.28,88.49,84.74,86.87
"9036",270,2005,92.8,91.67,94.8,91.8,96.72,93.44
"9037",271,2005,93.71,92.27,92.97,93.22,90.5,92.78
"9038",272,2005,86.77,86.26,86.73,86.28,87.08,87.02
"9039",273,2005,84.12,82.8,84.11,83.41,83.71,83.13
"9040",274,2005,87.17,83.94,84.9,86,82.12,82.84
"9041",275,2005,92.22,88.87,89.22,90.59,86.59,86.99
"9042",276,2005,87.63,89.04,89.44,89.69,91.15,88.01
"9043",277,2005,86.03,84.94,86.65,86.71,88.69,84.63
"9044",278,2005,88.36,87.83,89.31,87.79,90.37,86.55
"9045",279,2005,92.45,92.28,92.97,93.02,94.63,92.56
"9046",280,2005,90.3,90.54,90.63,88.96,88.18,89.95
"9047",281,2005,89.3,89.99,90.51,88.93,91.51,90.45
"9048",282,2005,92.32,92.01,93.13,91.71,94.23,94.08
"9049",283,2005,91.7,92.54,92.7,91.37,90.66,91.81
"9050",284,2005,84.81,87.65,86.99,84.52,88.78,90.83
"9051",285,2005,91.33,87.85,88.94,90.22,85.19,86.15
"9052",286,2005,86.42,89.07,87.78,88.14,89.51,89.2
"9053",287,2005,86.11,87.43,86.33,87.51,86.61,86.78
"9054",288,2005,93.23,94.49,93.51,93.19,94.39,94.27
"9055",289,2005,86.83,90.25,89.22,88.1,88.68,90.23
"9056",290,2005,83.83,84.94,87.17,83.53,89.9,84.6
"9057",291,2005,90.95,91.69,91.53,90.59,90.14,89.37
"9058",292,2005,93.84,92.34,94.12,91.71,91.77,91.23
"9059",293,2005,91.44,91.45,92.1,89.39,90.36,89.95
"9060",294,2005,86.67,87.1,86.8,85.91,86.67,86.81
"9061",295,2005,87.45,87.35,88.19,88.67,88.94,88.19
"9062",296,2005,91.71,91.9,87.88,92.59,85.85,89.67
"9063",297,2005,94.95,94.73,94.97,94.78,94.07,94.52
"9064",298,2005,92.11,89.18,89.36,92.88,91.68,88.26
"9065",299,2005,83.69,83.46,84.07,84.55,85.68,83.34
"9066",300,2005,84.25,83.29,84.19,83.42,83.49,83.08
"9067",301,2005,90.68,90.57,89.6,89.95,89.36,91.38
"9068",302,2005,89.28,89.55,88.51,89.8,88.68,89.89
"9069",303,2005,87.83,88.99,87.9,89.47,89.92,88.58
"9070",304,2005,93.34,94.54,92,95.77,92.51,95.07
"9071",305,2005,93.18,93.85,93.02,93.25,95.21,94.45
"9072",306,2005,91.66,89.56,92.49,89.29,92.99,91.05
"9073",307,2005,92.2,91.68,91.16,91.43,88.92,90.61
"9074",308,2005,91.85,91.77,89.67,94.11,89.99,90.5
"9075",309,2005,90.9,89.56,89.41,92.31,87.81,87.73
"9076",310,2005,90.08,91.01,89.83,90.4,86.5,89.35
"9077",311,2005,91.88,91.09,92.34,91.52,92,89.93
"9078",312,2005,91.35,90.07,90.57,88.69,91.85,90.94
"9079",313,2005,95.56,96.03,96.15,95.53,95.33,96.08
"9080",314,2005,90.35,89.36,89.1,91.46,87.1,87.88
"9081",315,2005,87.46,88.83,87.8,89.18,87.51,89.92
"9082",316,2005,91.8,90.27,90.88,89.05,86.5,88.39
"9083",317,2005,96.18,93.49,94.45,94.72,95.22,91.77
"9084",318,2005,90.18,91.95,90.88,90.78,88.28,94.66
"9085",319,2005,87.65,87.68,85.66,88.81,84.73,89.02
"9086",320,2005,90.94,90,90.94,89.31,89.86,89.21
"9087",321,2005,86.82,88.56,90.49,87.92,94.84,91.44
"9088",322,2005,86.26,85.6,85.72,88.15,87.11,86.98
"9089",323,2005,90.35,90.06,90.17,92.15,86.94,90.68
"9090",324,2005,92.85,94.52,94.07,93.44,95.28,96.32
"9091",325,2005,92.39,90.79,92.05,93.48,94.25,93.82
"9092",326,2005,87.55,87.03,88.38,88.47,87.53,86.02
"9093",327,2005,87.01,88.74,87.58,88.25,88.1,90.5
"9094",328,2005,86.67,85.21,84.24,88.44,80.34,86.42
"9095",329,2005,89.97,89.37,89.69,88.77,83.92,87.73
"9096",330,2005,88.83,93.01,92.34,89.3,94,94.59
"9097",331,2005,81.89,85.47,85.84,82.08,89.82,89.37
"9098",332,2005,76.43,80.76,81.65,77.14,86.92,85.63
"9099",333,2005,74.86,81.49,81.38,76.38,88.24,87.23
"9100",334,2005,78.87,85.89,85.02,79.15,89.14,89.6
"9101",335,2005,86.38,90.6,89.75,86.18,89.49,90.59
"9102",336,2005,90,92.53,91.14,91.74,93.52,93.52
"9103",337,2005,92.76,93.27,94.28,92.84,90.79,92.23
"9104",338,2005,92.16,91.9,91.41,91.38,91.87,93.34
"9105",339,2005,89.97,89.42,89.41,89.97,88.65,87.05
"9106",340,2005,84.79,87.99,86.41,86.66,87.16,85.83
"9107",341,2005,80.83,81.85,81.4,81.59,83.84,82.23
"9108",342,2005,79.58,81.25,81.89,81,88.65,82.16
"9109",343,2005,78.12,80.17,81.76,78.98,89.71,82.2
"9110",344,2005,88.76,90.72,90.97,89.3,93.41,92.27
"9111",345,2005,92.59,92.8,91.37,94.44,90.19,93.03
"9112",346,2005,90.42,89.09,90.68,90.74,92.36,87.71
"9113",347,2005,92.38,91.91,91.6,92.04,91.09,91.69
"9114",348,2005,92.92,94.41,94.32,92.71,94.63,93.32
"9115",349,2005,87.28,88.47,89.21,88.08,90.88,88.1
"9116",350,2005,88.2,90.26,90.04,89.2,89.35,90.16
"9117",351,2005,90.78,93.74,92.07,92.3,92.05,94.64
"9118",352,2005,90.69,92.49,91.17,90.75,93.22,92.87
"9119",353,2005,89.9,94.32,93.61,88.23,94.31,95.91
"9120",354,2005,86.76,90.2,90.08,83.3,92.78,94.51
"9121",355,2005,91.6,94.8,94.84,90.43,94.23,96.58
"9122",356,2005,90.24,91.38,93.37,88.51,94.01,93.64
"9123",357,2005,94.76,93.51,94,91.93,91.96,95.09
"9124",358,2005,93.13,91.74,91.77,90.1,85.99,90.51
"9125",359,2005,90.74,90.69,90.79,89.09,91.19,92.28
"9126",360,2005,94.12,93.44,94.37,93.26,96.29,94.33
"9127",361,2005,85.85,87.92,88.45,85.86,91.89,90.21
"9128",362,2005,78.08,80.06,80.59,77.99,83.5,82.33
"9129",363,2005,74.1,76.38,75.5,75.37,78.34,78.23
"9130",364,2005,74.62,77.62,76.15,75.66,79.6,79.49
"9131",365,2005,74.12,77.36,78.26,75.96,87.33,82.72
"9132",1,2006,73.81,79.94,80.12,75.38,88.63,84.63
"9133",2,2006,74.15,81.66,82.65,77.4,86.38,84.03
"9134",3,2006,82.35,85.12,83.29,86.79,89.23,87.39
"9135",4,2006,92.69,93.57,91.78,93.64,92.72,91.47
"9136",5,2006,92.6,91.42,89.42,96.07,89.53,90.29
"9137",6,2006,90.45,90.16,89.77,92.18,87.96,88.3
"9138",7,2006,92.04,92.61,90.62,93.64,92.34,94.45
"9139",8,2006,88.96,89,90.23,94.37,89.54,91.08
"9140",9,2006,86.8,88.07,86.57,88.46,87.56,88.43
"9141",10,2006,86.63,88.55,86.28,88.22,87.01,89.04
"9142",11,2006,84.35,87.32,85.44,85.73,89.42,87.8
"9143",12,2006,83.13,85.14,85.14,83.43,89.52,86.92
"9144",13,2006,86.04,87.62,87.16,85.62,88.64,88.89
"9145",14,2006,91.74,91.98,92.32,90.82,90.13,92.83
"9146",15,2006,92,91.32,91.39,92.48,93.75,89.45
"9147",16,2006,92.81,91.31,91,92.84,89.58,91.94
"9148",17,2006,95.65,95.96,96.09,95.31,96.7,97
"9149",18,2006,96.33,96.85,96.54,96.23,97.52,97.8
"9150",19,2006,90.57,91.23,91.78,89.36,93.56,92.82
"9151",20,2006,80.66,82.65,81.8,80.84,84.95,85.35
"9152",21,2006,78.92,83.01,82.57,80.42,89.78,87.51
"9153",22,2006,90.1,91.67,93.53,88.45,97.16,93.24
"9154",23,2006,93.8,93.01,92.34,95.25,93.45,93.34
"9155",24,2006,94.95,95.81,95.35,94.89,96.74,95.82
"9156",25,2006,93.02,91.6,90.75,93.59,87.27,90.76
"9157",26,2006,95.87,95.9,95.2,95.9,95.27,95.8
"9158",27,2006,94.68,94.89,94.45,95.43,95.34,94.17
"9159",28,2006,94.99,96.31,95.53,96.37,96.19,96.6
"9160",29,2006,96.61,96.22,96.41,96.63,96.96,95.29
"9161",30,2006,92.86,92.53,93.1,93.42,94.69,92.7
"9162",31,2006,93.86,96.42,95.78,95.12,97.53,97.35
"9163",32,2006,92.8,92.55,93.83,91.79,91.3,93.55
"9164",33,2006,91.54,91.28,92.8,91.24,92.5,90.24
"9165",34,2006,95.34,95.13,95.28,95.72,95.09,96.11
"9166",35,2006,95.95,95.85,95.88,97.01,97.21,96.29
"9167",36,2006,88.74,90.9,90.56,89.11,90.38,91.41
"9168",37,2006,81.41,87.18,86.4,80.96,93.35,89.18
"9169",38,2006,75.45,80.44,82.21,75,93.12,87.01
"9170",39,2006,72.53,79.71,79.62,74.34,92.46,86.4
"9171",40,2006,78.08,86.37,85.34,78.94,91.91,91.76
"9172",41,2006,87.22,91.17,91.35,85.59,94.37,92.57
"9173",42,2006,91.18,92.26,92.42,90.14,94.36,92.55
"9174",43,2006,91.92,91.76,90.17,93.51,87.84,91.33
"9175",44,2006,85.83,86.27,85.91,86.15,87.79,87.21
"9176",45,2006,74.39,77.6,76.43,76.11,82.43,80.09
"9177",46,2006,72.1,73.92,72.07,73.39,79.01,74.26
"9178",47,2006,76.2,83.42,80.91,76.82,90.92,85.84
"9179",48,2006,80.67,85.87,84.95,82.12,90.19,88.38
"9180",49,2006,84.69,88.39,86.18,87.52,89.38,91.2
"9181",50,2006,83.63,85.76,83.78,85.56,82.1,86.33
"9182",51,2006,84.78,86.44,87.98,84.83,90.91,89.67
"9183",52,2006,76.69,81.78,81.63,77.28,88.78,86.23
"9184",53,2006,73.06,80.2,76.79,76.08,85.74,85.03
"9185",54,2006,79.87,85.34,82.58,82.56,85.24,85.77
"9186",55,2006,91.26,94.01,92.77,92.02,89.39,95.17
"9187",56,2006,88.04,91.67,92.43,84.54,93.33,94.05
"9188",57,2006,84.51,88.01,89.83,83.93,93.92,87.98
"9189",58,2006,89.39,89.01,89.4,88.11,90.25,88.73
"9190",59,2006,89.34,90.15,91.52,86.05,90.52,88.59
"9191",60,2006,89.08,92.34,91.35,88.36,91.31,92.24
"9192",61,2006,84.2,86.91,85.89,82.42,90.57,88.6
"9193",62,2006,87.83,87.28,88.2,85.23,92.02,88.74
"9194",63,2006,88.92,89.54,89.69,88.93,92.51,90.65
"9195",64,2006,90.73,90.28,91.72,89.38,91.48,89.44
"9196",65,2006,93.43,94.51,93.87,93.38,93.98,95.6
"9197",66,2006,92.75,93.89,92.67,92.68,95.05,95.82
"9198",67,2006,90.57,91.24,90.41,90.4,90.78,92.98
"9199",68,2006,92.63,92.03,90.33,94.58,89.69,91.19
"9200",69,2006,85.98,86.14,85.97,86.19,91.57,88.42
"9201",70,2006,90.84,92.47,95.4,87.24,96.24,94.1
"9202",71,2006,87.42,90.09,90.04,87.91,91.44,91.79
"9203",72,2006,81.46,87.27,84.09,82.52,87.45,89.65
"9204",73,2006,80.4,87.47,85.89,79.69,89.85,90.74
"9205",74,2006,88.27,91.79,91.85,88.18,95.72,94.72
"9206",75,2006,92.24,92.86,92.31,92.59,92.85,95.36
"9207",76,2006,92.74,91.14,92.88,90.63,90.3,91.41
"9208",77,2006,88.24,87.52,89.65,85.95,88.96,85.93
"9209",78,2006,89.48,91.48,92.22,84.66,92.22,93.2
"9210",79,2006,89.67,90.66,90.13,90.04,92.78,94.11
"9211",80,2006,88.5,87.8,89.47,86.14,92.16,91.5
"9212",81,2006,92.9,94.18,95.57,92.62,96.26,94.94
"9213",82,2006,90.22,91.44,89.29,90.29,91.99,92.86
"9214",83,2006,90.15,91.01,90.01,91.97,92.47,93.59
"9215",84,2006,88.31,89.04,87.57,90.3,88.28,88.68
"9216",85,2006,95.5,93.65,94.44,94.44,91.83,91.98
"9217",86,2006,93.49,94.02,94.08,94.96,92.73,94.38
"9218",87,2006,91.29,89.97,91.28,89.97,90.83,89.7
"9219",88,2006,85.84,85.68,85.77,86.35,87.78,85.77
"9220",89,2006,83.9,84.84,84.14,84.74,89.6,87.59
"9221",90,2006,87.57,88.31,88.35,88.4,90.21,87.99
"9222",91,2006,90.33,89.2,89.79,90.61,90.17,90.36
"9223",92,2006,87.72,87.07,86.82,88.75,86.52,87.31
"9224",93,2006,89.89,88.97,88.23,90.25,89.34,88.68
"9225",94,2006,90.49,91.46,90.1,89.41,88.88,91.81
"9226",95,2006,90.4,90.45,93.01,88.64,93.33,92.39
"9227",96,2006,88.86,89.5,88.88,90.9,90.07,91.58
"9228",97,2006,89.96,88.98,88.15,89.62,91.82,89.13
"9229",98,2006,88.73,87.34,87.87,89.99,88.43,87
"9230",99,2006,87.43,86.69,87.84,85.88,88.54,85.54
"9231",100,2006,84.55,86.72,87.47,83.35,87.56,89
"9232",101,2006,86.57,89.01,88.05,87.41,90.22,90.16
"9233",102,2006,80.8,84.52,83.46,81.91,84.86,88.59
"9234",103,2006,88.95,91.65,90.74,90.37,90.62,91.7
"9235",104,2006,93.16,94.72,94.75,93.98,95.26,96.04
"9236",105,2006,86.88,88.08,85.83,90.78,89.74,89.41
"9237",106,2006,88.3,88.07,87.78,88.32,87.87,88.32
"9238",107,2006,89.86,89.31,91.3,87.84,89.49,86.61
"9239",108,2006,91.6,94.19,92.97,91.98,94.03,95.53
"9240",109,2006,85.09,87.52,85.33,86.81,87.22,88.95
"9241",110,2006,86.7,89.79,87.31,88.56,88.65,91.04
"9242",111,2006,93.16,91.32,91.49,92.93,89.07,91.88
"9243",112,2006,92.7,94.52,94.14,93.18,94.38,94.49
"9244",113,2006,96.52,96.02,96.86,94.97,96.98,96.44
"9245",114,2006,90.24,90.85,91.93,91.3,95.35,92.23
"9246",115,2006,88,88.98,87.61,89.55,85.72,88.55
"9247",116,2006,90.43,94.15,92.89,93.03,95.45,95.83
"9248",117,2006,93.81,93.16,92.99,92.23,90.18,93.4
"9249",118,2006,87.73,88.52,87.36,87.91,86.79,88.54
"9250",119,2006,86.95,87.22,84.77,87.49,84.17,87.57
"9251",120,2006,93.88,91.42,92.45,91.86,93.67,89.35
"9252",121,2006,93.28,92.68,94.16,91.49,94.32,93.12
"9253",122,2006,93.21,94.1,94.92,93.01,95.73,94.88
"9254",123,2006,94.89,94.03,96.78,93.35,99.45,96.59
"9255",124,2006,97.31,97.44,97.65,94.93,96.43,95.8
"9256",125,2006,96.47,93.58,95.34,92.36,95.27,92.39
"9257",126,2006,93.11,95.54,94.26,94.05,94.92,97.66
"9258",127,2006,94.11,92.81,94.75,90.89,96.59,93.55
"9259",128,2006,97.68,98.02,97.04,96.73,98.02,98.78
"9260",129,2006,92.91,92.67,93.56,93.47,92.3,92.82
"9261",130,2006,94.1,95.14,93.5,92.82,93.37,96.65
"9262",131,2006,93.47,89.17,89.4,89.02,94.05,88.18
"9263",132,2006,88.61,86.32,86.53,86.94,90.4,83.86
"9264",133,2006,85.81,90.34,88.72,86.08,91.01,89.6
"9265",134,2006,86.67,90.63,86.21,89.66,87.62,92.46
"9266",135,2006,93.57,93.72,91.71,92.73,91.73,93.35
"9267",136,2006,87.92,90.77,90.8,85.33,90.73,95.36
"9268",137,2006,87.94,88.22,88.9,85.69,89.92,86.71
"9269",138,2006,96.5,95.59,97.16,94.39,95.92,95.4
"9270",139,2006,95.31,94.33,93.1,95.8,91.02,94.03
"9271",140,2006,88.84,87.39,87.43,88.33,89.5,86.71
"9272",141,2006,85.71,84.92,86.16,84.71,88,83.65
"9273",142,2006,85.03,84.08,84.73,83.85,86.54,86.31
"9274",143,2006,97.2,95.95,96.56,95.17,95.79,95.71
"9275",144,2006,96.88,95.76,97.94,93.84,98.54,95.71
"9276",145,2006,92.96,92.1,91,94.13,88.33,91.81
"9277",146,2006,89.84,91.99,91.72,91.91,95.37,94.12
"9278",147,2006,91.67,89.92,90.22,90.42,90.47,91.93
"9279",148,2006,97.64,95.58,95.65,92.35,95.01,95.67
"9280",149,2006,93.18,92.66,94.68,89.53,95.78,92.86
"9281",150,2006,90.36,93.05,91.17,92.34,90.89,93.54
"9282",151,2006,88.07,86.76,88.39,87.98,88.24,86.66
"9283",152,2006,92.33,93.02,92.1,92.94,87.54,92.36
"9284",153,2006,98.1,98.09,98.34,96.47,95.78,98.29
"9285",154,2006,91.86,88.92,91.34,88.82,90.77,90.25
"9286",155,2006,90.28,90.87,90.41,92.32,93.37,91.33
"9287",156,2006,92.07,94.1,94.74,88.44,92.13,94.96
"9288",157,2006,87.02,90.34,88.26,86.4,85.96,92.33
"9289",158,2006,90.07,90.25,88.55,87.36,89.39,92.24
"9290",159,2006,98.58,98.61,96.77,98.16,95.53,98.73
"9291",160,2006,90.17,88.89,88.3,93.21,90.07,88.71
"9292",161,2006,85.64,85.07,85.25,84.27,86.34,89.11
"9293",162,2006,90.27,90.21,90.62,89.72,91.75,90.49
"9294",163,2006,92.16,94.15,91.38,95.81,90.47,93.89
"9295",164,2006,89.59,87.74,89.31,89.05,90.32,87.8
"9296",165,2006,89.71,88.49,88,90.12,87.84,90.68
"9297",166,2006,96.31,96.94,93.93,97.09,89.38,96.33
"9298",167,2006,89.73,88.74,91.76,89.39,95.5,87.7
"9299",168,2006,91.79,89.49,91.74,90.17,89.53,87.93
"9300",169,2006,93.29,92.95,93.39,92.5,93.01,92.86
"9301",170,2006,90.71,92.69,91.56,93.87,93.96,94.38
"9302",171,2006,92.2,90.07,91.55,92.58,91.8,91.28
"9303",172,2006,94.95,94.94,94.02,95.08,94.59,95.52
"9304",173,2006,92.89,91.45,91.86,91.18,89.23,90.97
"9305",174,2006,87.54,85.8,87.03,84.33,88.54,85.17
"9306",175,2006,90.37,90.61,86.78,92.95,85.8,89.67
"9307",176,2006,88.44,88.99,87.27,87.7,85.62,88.14
"9308",177,2006,87.49,87.95,89.06,85.95,89.97,84.46
"9309",178,2006,96.09,94.73,95.13,94.87,93.76,94.61
"9310",179,2006,92.94,92.26,91.5,90.92,88.69,92.55
"9311",180,2006,97.07,95.69,95.83,95.96,94.16,94.39
"9312",181,2006,92.41,93.29,92.21,92.82,92.1,92.54
"9313",182,2006,94.2,94.08,93.24,94.92,91.48,94.15
"9314",183,2006,97.3,97.08,96,96.24,94.59,95.12
"9315",184,2006,96.48,97.29,96.71,97.47,96.61,97.39
"9316",185,2006,95.75,94.27,95.02,94.11,90.99,93.8
"9317",186,2006,92.22,90.22,90.96,92.3,92.21,91.98
"9318",187,2006,96.96,98.79,97.62,96.75,98.18,99.55
"9319",188,2006,92.33,90.57,91.79,90.32,91.92,89.82
"9320",189,2006,91.44,91.65,92.14,90.27,91.86,90.8
"9321",190,2006,88.95,88.37,88.31,89.01,87.89,87.34
"9322",191,2006,89.92,90.69,88.88,90.07,90.63,90.91
"9323",192,2006,90.07,89.28,89.01,90.76,88.45,88.12
"9324",193,2006,90.82,91.45,90.5,90.52,90.31,92.32
"9325",194,2006,89,89.44,88.95,88.01,89.58,90.72
"9326",195,2006,91.76,94.14,94.75,92.02,93.96,95.12
"9327",196,2006,93.97,92.1,91.37,94.82,90.49,92.44
"9328",197,2006,94.14,92.54,93.19,93.42,91.7,93.27
"9329",198,2006,89.96,91.92,89.36,92.26,88.47,92.93
"9330",199,2006,94.45,94.57,93.18,94.42,90.61,95.35
"9331",200,2006,90.95,92.47,90.46,91.47,90.26,93.54
"9332",201,2006,91.66,92.88,91.59,91.93,92.6,93.99
"9333",202,2006,91.67,91.68,90.33,92.87,91.24,91.26
"9334",203,2006,88.8,87.41,87.39,88.4,88.33,89.08
"9335",204,2006,92.17,89.91,92.12,91.43,93.4,89.92
"9336",205,2006,96.08,95,94.06,94.93,93.1,96.08
"9337",206,2006,88.89,89.9,89.81,90.6,90.15,89.66
"9338",207,2006,86.68,86.22,87.83,86.46,91.2,86.63
"9339",208,2006,88.96,90.81,89.54,89.51,89.09,91.56
"9340",209,2006,92.36,96.31,94.69,93.17,94.8,97.24
"9341",210,2006,93.02,95.74,95.62,92.63,93.36,96.82
"9342",211,2006,85.57,86.79,86.12,87.14,87.37,87.98
"9343",212,2006,90.89,90.28,89.31,91.1,88.56,89.97
"9344",213,2006,93.89,91.73,93.1,90.42,90.5,91.47
"9345",214,2006,91.95,92.01,92.07,91.51,90.43,92.34
"9346",215,2006,88.42,89.07,88.28,88.71,89.28,88.28
"9347",216,2006,91.59,90,91.6,90.85,91.25,89.99
"9348",217,2006,88.73,88.44,88.79,87.44,89.9,89.14
"9349",218,2006,89.66,89.48,89.14,90.09,90.67,89.14
"9350",219,2006,92.05,92.8,92.8,92.14,92.92,92.65
"9351",220,2006,88.08,87.78,86.38,87.79,86.69,87.87
"9352",221,2006,89.84,89.28,89.7,88.24,91.47,91.72
"9353",222,2006,92.86,93.09,92.04,92.3,92.25,92.14
"9354",223,2006,89.06,88.53,89.51,91.1,90.24,88.71
"9355",224,2006,86.07,89.64,86.07,90.74,88.12,90.72
"9356",225,2006,90.2,89.88,90.57,89.05,88.6,91.18
"9357",226,2006,89.54,88.94,89.94,88.78,90.28,89.95
"9358",227,2006,91,90.67,89.58,91.69,90.5,92.3
"9359",228,2006,90,92.38,89.8,91.89,91.6,91.26
"9360",229,2006,91.73,91.98,89.8,93.4,88.69,92.48
"9361",230,2006,89.01,91.05,90.64,89.61,92.31,92.43
"9362",231,2006,90.01,92.48,91.21,91.67,94.51,94.48
"9363",232,2006,88.86,89.05,87.99,89.44,89.5,90.53
"9364",233,2006,93.18,92.82,92.62,93,93.49,93.89
"9365",234,2006,90.69,89.58,90.33,90.54,91.98,90.15
"9366",235,2006,87.96,86.58,87.65,88.18,87.79,87.01
"9367",236,2006,88.2,87.88,87.89,87.37,91.06,88.55
"9368",237,2006,91.38,90.31,90.08,91.54,90.13,89.95
"9369",238,2006,87.9,88.4,90.17,87.26,90.88,89.27
"9370",239,2006,88.66,88.9,88.69,89.02,88.59,90.34
"9371",240,2006,88.91,89.5,89.47,88.28,90.8,90.73
"9372",241,2006,90.47,90.77,89.93,92.37,90.17,90.74
"9373",242,2006,88.76,86.4,87.43,88.81,87.75,87.02
"9374",243,2006,87.23,87.2,87.41,86.94,86.28,86
"9375",244,2006,88.65,86.57,87.31,87.44,86.09,86.43
"9376",245,2006,86.76,84.66,85.23,86.7,85.42,84.33
"9377",246,2006,89.94,88.39,88.27,91.28,88.29,89.48
"9378",247,2006,88.74,89.14,88.21,89.92,89.03,88.63
"9379",248,2006,92.6,91.47,93,90.59,94.13,91.53
"9380",249,2006,92.82,92.23,91.94,93.33,90.02,92.91
"9381",250,2006,88.16,89.64,87.15,92.22,86.72,90.84
"9382",251,2006,87.34,88.53,88.42,87.41,90.39,88.84
"9383",252,2006,87.14,86.86,87.76,85.53,89.53,86.66
"9384",253,2006,89.56,90.58,90.46,89.67,90.93,92
"9385",254,2006,92.07,91.19,92.32,92.7,91.95,89.52
"9386",255,2006,92.49,94.13,93.49,93.62,91.3,94.18
"9387",256,2006,87.28,87.7,87.44,87.29,87.49,88.11
"9388",257,2006,86.26,86.12,85.63,85.41,85.14,86.99
"9389",258,2006,88.37,89.4,88.29,87.25,89.43,91.19
"9390",259,2006,92.6,93.58,92.7,92.87,90.69,94.28
"9391",260,2006,92.25,90.21,90.69,89.8,87.92,89.2
"9392",261,2006,95.28,94.91,96.16,94.82,94.36,95.19
"9393",262,2006,88.03,88.96,89.01,88.58,90.56,92.3
"9394",263,2006,87.29,86.81,86.81,88.02,86.76,85.67
"9395",264,2006,87.7,87.03,89.05,86.06,89.62,86.68
"9396",265,2006,88.32,87.93,88.7,89.13,89.36,87.64
"9397",266,2006,89.59,89.69,89.04,90.56,90.3,87.71
"9398",267,2006,91.45,90.4,90.79,90.21,90.19,90.72
"9399",268,2006,91.91,92.97,91.56,94.07,92.69,92.51
"9400",269,2006,91.65,90.85,90.93,91.68,91.86,90.75
"9401",270,2006,86.24,86.86,86.54,86.39,87.72,87.2
"9402",271,2006,87.38,86.57,86.65,87.3,86.94,86.93
"9403",272,2006,87.16,87.1,88.05,89.88,88.01,89.11
"9404",273,2006,85.4,85.77,86.36,85.57,88.81,86.99
"9405",274,2006,91.78,92.17,93.52,89.55,91.26,92.61
"9406",275,2006,91.28,90.71,90.63,92.7,89.79,90.28
"9407",276,2006,92.36,92.08,91.51,92.91,91.17,91.45
"9408",277,2006,89.21,87.8,87.64,89.92,85.02,86.86
"9409",278,2006,88.95,89.57,87.9,90.27,84.81,87.31
"9410",279,2006,89.67,90.56,90,90.01,90.75,90.71
"9411",280,2006,92.48,92.11,91.84,92.5,92.98,92.12
"9412",281,2006,91.53,90.93,90.14,91.04,87.08,89.47
"9413",282,2006,90.67,90.25,90.61,90.59,90.95,90.36
"9414",283,2006,89.55,89.66,91.07,89.9,93.31,90.56
"9415",284,2006,89.6,89.42,89.15,89.37,89.27,89.67
"9416",285,2006,88.36,87.97,89.27,86.98,89.94,90.14
"9417",286,2006,91.56,93.74,92.26,91.6,88.27,92.12
"9418",287,2006,87.97,88.45,88.28,89.74,91.9,87.5
"9419",288,2006,88.24,87.26,87.91,88.51,90.1,85.25
"9420",289,2006,83.1,83.8,83.88,84.1,87.09,85.44
"9421",290,2006,91.41,90.21,90.72,89.2,85.63,87.16
"9422",291,2006,89.66,89.41,90.37,88.8,85.46,89.35
"9423",292,2006,84.95,83.22,82.08,85.95,84.51,82.96
"9424",293,2006,89.44,89.18,87.08,90.62,82.2,89.33
"9425",294,2006,92.51,91.7,91.31,91.22,88.36,90.23
"9426",295,2006,90.96,89.6,91.73,88.57,92.32,88.65
"9427",296,2006,92.21,92.55,92.83,91.11,90.33,91.47
"9428",297,2006,87.84,87.33,87.4,88.09,86.03,86.18
"9429",298,2006,83.67,84.01,84.38,84.51,83.96,83.71
"9430",299,2006,89.22,90.8,89.84,90.74,87.92,90.52
"9431",300,2006,91.87,89.35,89.26,92.29,87.11,88.36
"9432",301,2006,89.12,86.77,88.4,88.28,88.71,86.89
"9433",302,2006,91.78,89.51,91.76,89.46,85.96,87.27
"9434",303,2006,85.14,84.54,83.67,84.97,81.88,83.01
"9435",304,2006,90.74,91.58,89.56,92.03,87.62,91.04
"9436",305,2006,89.95,90.5,89.39,92.1,90.53,89.03
"9437",306,2006,86.4,89.51,88.74,86.4,91.07,89.08
"9438",307,2006,84.95,84.44,84.99,86.26,85.9,83.32
"9439",308,2006,89.93,90.25,92.81,91.16,94.4,91.74
"9440",309,2006,88.55,85.48,89.18,87.11,91.07,86.6
"9441",310,2006,93.21,90.02,89.95,95.1,89.33,87.49
"9442",311,2006,90.36,88.81,89.48,90.46,90.89,88.42
"9443",312,2006,96.24,96.55,94.87,96.79,92.07,95.88
"9444",313,2006,93,93.84,92.25,94.98,95.75,94.34
"9445",314,2006,86.41,86.85,86.55,88.72,89.56,87.4
"9446",315,2006,87,88.24,88.37,87.5,89.46,88.28
"9447",316,2006,96.33,96.52,94.88,97.66,93.17,95.06
"9448",317,2006,93.67,94.54,94.97,94.12,95.94,96.15
"9449",318,2006,88.37,89.23,88.46,88.62,88.72,91.5
"9450",319,2006,94.82,92.74,91.43,95.79,86.43,92.02
"9451",320,2006,89.63,89.99,89.57,91.05,91.7,92.72
"9452",321,2006,90.34,89.61,87.73,90.51,87.6,91.32
"9453",322,2006,92.5,90.91,92.07,89.57,86.45,89.87
"9454",323,2006,93.77,91.41,92.27,91.44,89.93,91.51
"9455",324,2006,89.93,90.29,92.03,88.78,94.37,92.27
"9456",325,2006,87.53,87.2,87.49,87.78,86.41,88.26
"9457",326,2006,85.83,86.91,85.92,86.99,84.97,87.33
"9458",327,2006,88.56,88.63,89.66,88.01,88.97,89.53
"9459",328,2006,91.91,93.27,91.59,92.22,90.57,92
"9460",329,2006,90.61,90.76,91.91,90.42,90.68,90.21
"9461",330,2006,90.59,91.04,91.96,89.51,92.75,89.63
"9462",331,2006,88.89,87.41,89.5,88.49,92.8,89.13
"9463",332,2006,88.49,88.18,89.24,87.19,88.21,88.95
"9464",333,2006,87.01,87.81,87.42,87.18,87.01,88.61
"9465",334,2006,88.23,89.64,88.84,88.64,91.68,90.38
"9466",335,2006,94.59,94.55,95.32,94.03,95.91,93.65
"9467",336,2006,94.62,96.28,95,94.53,93.43,96.9
"9468",337,2006,91.55,93.98,90.98,92.18,89.23,92.97
"9469",338,2006,91.48,90.68,92.44,90.3,93.76,88.95
"9470",339,2006,91.39,94.06,94.16,91.06,91.87,93.66
"9471",340,2006,94.25,95.19,96.04,92.04,95.01,94.43
"9472",341,2006,95.9,93.96,95.06,93.59,92.62,93.09
"9473",342,2006,87.22,86.63,88.07,86.06,86.62,85.97
"9474",343,2006,87.73,91.51,90.35,91.06,94.17,92.9
"9475",344,2006,92.93,94.16,93.17,94.78,92.06,93.37
"9476",345,2006,91.12,91.79,91.11,91.37,91.31,92.74
"9477",346,2006,93.54,93.76,93.19,93.72,90.81,93.84
"9478",347,2006,92.5,89.91,90.78,90.7,87.67,89.94
"9479",348,2006,85.53,89.5,89.2,84.87,88.89,92.92
"9480",349,2006,90.5,94.69,92.65,91.23,90.41,95.08
"9481",350,2006,92.5,92.97,94.07,92.25,94.39,91.51
"9482",351,2006,90.71,89.64,91.67,90.79,93.03,90.44
"9483",352,2006,89.05,89.96,90.01,88.68,90.38,91.6
"9484",353,2006,90.28,89.97,92.32,89.14,94.26,90.33
"9485",354,2006,91.08,91.85,92.87,88.88,92.74,93.26
"9486",355,2006,95.51,94.37,94.84,94.89,94.34,94.53
"9487",356,2006,97.13,95.65,94.85,97.64,93.66,94.18
"9488",357,2006,92.14,90.27,91.06,91.67,89.5,89.86
"9489",358,2006,89.75,90.68,89.95,89.55,89.47,90.83
"9490",359,2006,88.07,89.49,88.02,88.3,88.33,89.92
"9491",360,2006,90.19,94.26,93.25,91.68,95.5,95.9
"9492",361,2006,93.72,92.56,92.77,93.2,91.38,92.15
"9493",362,2006,92.43,91.7,91.78,91.35,90.22,92.89
"9494",363,2006,93.07,92.54,92.82,92.33,92.59,93.22
"9495",364,2006,89.08,89.53,90.35,88.45,89.99,90.08
"9496",365,2006,86.28,87.18,86.06,87.84,86.56,88.37
"9497",1,2007,88.65,89.93,88.52,88.9,89.78,90.76
"9498",2,2007,88.32,92.26,90.91,89.81,93.18,92.13
"9499",3,2007,86.79,91.35,89.71,87.75,91.02,91.04
"9500",4,2007,84.27,88.52,92.07,83.06,92.52,89.67
"9501",5,2007,83.54,90.29,91.16,83.49,93.43,93.61
"9502",6,2007,84.21,88.4,88.4,82.14,93.85,90.91
"9503",7,2007,80.36,85.78,85.09,77.9,90.71,87.99
"9504",8,2007,81.95,87.7,88.78,80.87,93.1,90.92
"9505",9,2007,82.59,87.14,88.15,82.57,92.52,89.97
"9506",10,2007,89.42,90.27,90.31,90.98,91.28,89.91
"9507",11,2007,89.68,90.88,89.08,90.61,90.26,90.74
"9508",12,2007,92.12,92.59,92.3,92.47,92.98,93.33
"9509",13,2007,90.19,92.49,91.22,91.1,91.91,92.89
"9510",14,2007,87.45,88.68,87.89,86.51,88.18,86.74
"9511",15,2007,85.25,88.82,88.39,83.3,89.49,89.48
"9512",16,2007,86.25,90.62,90.21,84.95,93.39,91.65
"9513",17,2007,90.42,91.96,91.76,89.68,93.39,92.28
"9514",18,2007,88.76,90.35,90.39,89.34,90.26,92.28
"9515",19,2007,90.49,89.3,91.12,90.93,90.91,89
"9516",20,2007,90.32,88.54,89.65,89.79,92.77,88.31
"9517",21,2007,92.4,89.65,93.42,91.16,96.58,91.62
"9518",22,2007,96.11,95.24,95.43,95.4,96.08,94.92
"9519",23,2007,92.88,92.32,93.48,91.4,94.57,93.08
"9520",24,2007,92.4,91.48,92.6,90.77,92.58,92.31
"9521",25,2007,87.41,88.8,89.67,87.36,92.37,88.19
"9522",26,2007,86.27,89.97,89.59,85.84,91.56,91.61
"9523",27,2007,86.13,87.67,87.09,86.71,88.43,88.02
"9524",28,2007,85.14,86.64,84.96,87.48,88.65,88.35
"9525",29,2007,83.05,85.09,83.43,84.42,82.63,84.76
"9526",30,2007,82.12,85.39,83.48,82.6,83.53,84.66
"9527",31,2007,87.62,87.56,88.22,83.86,89,87.68
"9528",32,2007,82.08,84.34,85.7,77.82,87.98,85.68
"9529",33,2007,78.1,82.89,86.23,72.7,87.61,87.2
"9530",34,2007,71.29,75.75,77.46,67.06,84.75,79.37
"9531",35,2007,62.79,67.68,68.4,61.15,76.97,69.63
"9532",36,2007,62.51,65.66,66.03,60.86,70.78,67.92
"9533",37,2007,61.54,63.82,64.53,59.05,69.91,65.7
"9534",38,2007,60.49,64.01,64.9,57.25,69.08,65.81
"9535",39,2007,61.76,65.57,70.24,55.58,77.27,68.72
"9536",40,2007,67.77,71.07,77.4,59.09,84.66,75.6
"9537",41,2007,73.2,77.11,79.61,66.97,87.83,79.36
"9538",42,2007,81.29,84.33,86.05,77.92,90.08,85
"9539",43,2007,84.97,85.65,86.08,82.08,90.81,87.69
"9540",44,2007,79.88,83.63,84.32,75.2,88.74,87.96
"9541",45,2007,75.39,82.49,81.82,74.07,86.33,86.39
"9542",46,2007,70.95,76.44,77.47,67.64,83.44,81.01
"9543",47,2007,56.53,63.87,64.92,51.96,74.16,68.03
"9544",48,2007,48.55,55.61,56.05,45.53,66.76,60.76
"9545",49,2007,53.82,60.19,61.28,49.77,70.29,63.86
"9546",50,2007,49.2,55.05,58.2,44.94,73.57,62.6
"9547",51,2007,44.57,54.97,56.76,39.53,72.1,61.57
"9548",52,2007,45.18,52.59,55.17,42.12,70.75,60.46
"9549",53,2007,48.51,55.27,57.95,42.01,68.68,60.92
"9550",54,2007,58.89,65.2,65.06,53.01,70.9,67.9
"9551",55,2007,64.36,71.33,73.21,58.39,80.9,72.57
"9552",56,2007,87.31,94.05,92.85,85.72,95.78,94.07
"9553",57,2007,90.19,91.9,91.08,90.19,92.79,90.85
"9554",58,2007,84.09,87.08,86.86,82.14,89.96,86.93
"9555",59,2007,80.85,85.19,85.87,77.76,89.01,86.2
"9556",60,2007,74.14,79.85,80.04,69.03,83.66,82.91
"9557",61,2007,80.16,81.98,84.07,74.03,86.29,84.7
"9558",62,2007,92.26,93.26,92.84,89.26,95.47,95.66
"9559",63,2007,93.64,93.28,93.75,93.96,94.82,94.46
"9560",64,2007,89.36,89.84,91,88.33,93.27,90.78
"9561",65,2007,88.6,89.47,89.28,87.85,92.41,88.65
"9562",66,2007,94.59,93.72,93.63,94.19,90.59,91.67
"9563",67,2007,95.38,95.81,95,93.2,91.79,96.01
"9564",68,2007,93.2,94.73,92.76,92.61,94.27,96.98
"9565",69,2007,88.41,89.39,88.09,90.8,87.84,90.73
"9566",70,2007,88.26,88.86,88.73,88.32,91.47,89.28
"9567",71,2007,87.45,86.82,86.87,86.01,86.79,87.37
"9568",72,2007,83.94,84.34,84.08,83.12,84.18,85.62
"9569",73,2007,88.11,89.32,89.94,87.28,91.92,89.66
"9570",74,2007,86.48,87.74,86.18,87.96,88.67,89.52
"9571",75,2007,93.54,91.98,91.59,93,90.14,91.09
"9572",76,2007,90.88,88.73,89.72,89.2,87.68,87.26
"9573",77,2007,92.28,92.52,92.47,91.55,92.15,92.83
"9574",78,2007,89.36,88.39,90.73,88.64,91.07,88.78
"9575",79,2007,91.8,92.84,93.49,90.65,93.27,91.3
"9576",80,2007,87.36,88.55,85.84,90.38,87.58,89.35
"9577",81,2007,82.75,85.29,83.34,86.19,84.56,84.89
"9578",82,2007,91.2,93.11,92.95,89.37,92.32,93.91
"9579",83,2007,91.78,93.46,93.63,91.71,94.85,94.4
"9580",84,2007,93.18,94.22,94.28,94.72,96.42,96.2
"9581",85,2007,87.53,90.01,87.92,88.63,89.64,90.59
"9582",86,2007,93.44,90.21,92.45,91.08,92.07,92.63
"9583",87,2007,91.49,90.36,89.8,91.66,87.3,91.54
"9584",88,2007,92.31,91.7,90.77,94.28,90.73,91.23
"9585",89,2007,93.85,93.58,94.29,89.74,93.99,93.73
"9586",90,2007,89.67,90.06,89.45,89.86,90.38,90.86
"9587",91,2007,93.81,94.53,92.18,94.15,90,94.64
"9588",92,2007,95.52,96.48,94.65,96.64,95.57,97.24
"9589",93,2007,89.5,89.49,89.32,90.89,89.21,90.6
"9590",94,2007,89.99,89.55,88.81,90.08,87.45,90.35
"9591",95,2007,88.4,91.13,91.02,91.29,89.93,92.35
"9592",96,2007,94.26,93.9,93.96,94.2,94.08,94.74
"9593",97,2007,94.35,94.47,94.18,94.72,94.04,94.49
"9594",98,2007,88.77,88.7,88.84,88.84,92.78,90.95
"9595",99,2007,92.89,93,92.45,92.4,91.1,93.07
"9596",100,2007,93.08,90.87,91.78,92.64,93.06,89.96
"9597",101,2007,84.69,85.38,85.89,85.06,87.45,85.14
"9598",102,2007,85.46,86.2,86.79,86.43,87.36,86.26
"9599",103,2007,93.14,90.71,92.27,89.11,90.66,90.76
"9600",104,2007,93.65,93.66,94.39,91.2,93.33,94.13
"9601",105,2007,89.7,91.39,90.3,88.59,92.8,92.47
"9602",106,2007,87.3,91.15,90.11,88.89,95.36,92.2
"9603",107,2007,86.94,89.66,88.18,88.8,89.43,92.96
"9604",108,2007,91.65,91.76,89.99,91.93,87.08,92.12
"9605",109,2007,96.73,98.92,98.06,98.15,97.48,98.56
"9606",110,2007,94.51,97.64,96.84,93.06,96.71,96.85
"9607",111,2007,88.68,91.27,90.08,89.81,88.56,89.56
"9608",112,2007,86.79,90.74,89.67,87.81,90.97,92.76
"9609",113,2007,88.31,86.21,85.97,89.22,85.28,85.3
"9610",114,2007,92.53,92.06,91.98,90.2,89.46,93.71
"9611",115,2007,88.67,86.91,85.95,90.91,84.84,86.87
"9612",116,2007,89.05,91.56,90.76,86.68,89.5,93.81
"9613",117,2007,85.81,87.77,87.48,86.38,86.61,89.87
"9614",118,2007,92.09,91.7,92.11,93.4,91.48,90.77
"9615",119,2007,96.3,97.97,97.54,96.46,97.78,97.92
"9616",120,2007,91.87,93.65,93.07,91.81,93.83,94.57
"9617",121,2007,87.85,90.58,89.5,89.57,91.86,93.85
"9618",122,2007,88.77,86.61,85.15,88.42,84.52,86.43
"9619",123,2007,98.11,98.89,97.94,98.39,96.09,98.63
"9620",124,2007,87.8,88.16,88.16,88.34,88.43,86.22
"9621",125,2007,87.6,89.85,91.61,86.08,95.72,90.4
"9622",126,2007,85.16,85.76,84.45,85.84,84.89,86.61
"9623",127,2007,89.71,87.55,89.21,87.88,87.65,86.02
"9624",128,2007,91.02,89.96,89.98,89.83,89.9,86.5
"9625",129,2007,95.63,96.36,96.35,96.04,96.28,96.69
"9626",130,2007,96.62,96.12,98.63,92.54,98.02,98.08
"9627",131,2007,92.82,94.29,93.24,91.21,90.03,94.24
"9628",132,2007,83.25,84.88,84.54,83.26,84.22,85.96
"9629",133,2007,95.63,94.95,95.29,93,95.58,93.62
"9630",134,2007,89.39,88.59,89.5,88.23,88.98,88.59
"9631",135,2007,91.75,93.51,92,93.25,92.4,93.05
"9632",136,2007,88.47,86.06,86.37,87.67,84.78,86.1
"9633",137,2007,91.77,91.39,90.73,90.77,91.33,90.74
"9634",138,2007,95.68,94.18,92.79,96.57,92.82,92.56
"9635",139,2007,90.81,93.22,93.03,92.43,95.73,92.66
"9636",140,2007,92.78,93.08,93.18,91.82,93.07,92.49
"9637",141,2007,90.94,91.87,90.97,91.29,91.63,92.02
"9638",142,2007,88.11,86.7,86.85,88.48,85.89,85.68
"9639",143,2007,87.74,83.76,85.54,87.97,84.52,81.84
"9640",144,2007,91.9,90.37,92.97,91.45,94.87,90.14
"9641",145,2007,93.9,93.64,95.81,92.6,94.69,93.72
"9642",146,2007,85.75,88.17,84.03,91.27,84.81,89.03
"9643",147,2007,80.01,79.49,79.49,80.6,81.46,77.56
"9644",148,2007,90.4,91.28,88.39,93.52,89.02,91.35
"9645",149,2007,93.23,90.87,92.13,93.49,90.25,89.94
"9646",150,2007,95.13,94.19,93.88,96.05,91.21,94.61
"9647",151,2007,94.79,96.05,96.43,96.45,98.29,96.97
"9648",152,2007,91.53,91.21,90.62,91.53,91.04,91.81
"9649",153,2007,95.27,96.72,94.48,96.22,94.15,97.05
"9650",154,2007,92.01,90.91,90.54,94.95,96.02,91.42
"9651",155,2007,89.06,89.42,87.85,91.39,88.91,91.46
"9652",156,2007,96.45,95.91,96.3,94.66,94.02,95.58
"9653",157,2007,93.32,92.41,89.79,95.31,88.83,93.03
"9654",158,2007,93.29,92.76,91.24,94.81,86.99,91.77
"9655",159,2007,90.06,89.48,90.05,91.92,90.03,89.48
"9656",160,2007,89.62,88.68,88.62,87.76,89.9,89.2
"9657",161,2007,91.98,91.88,89.88,94,87.5,89.93
"9658",162,2007,92.77,90.11,92.31,90.72,93.89,90.05
"9659",163,2007,96.34,94.64,96.47,92.11,97.01,94.18
"9660",164,2007,92.97,93.49,94.98,88.43,94.72,92.8
"9661",165,2007,89.9,87.61,89.49,88.33,90.2,86.94
"9662",166,2007,94.28,94.89,95.03,93.43,96,95.79
"9663",167,2007,98.06,96.8,97.02,97.35,97.19,96.49
"9664",168,2007,96.58,98.02,98.05,96.36,98.16,98.61
"9665",169,2007,91.1,90.96,89.77,94.16,92.63,91.7
"9666",170,2007,93.61,94.35,91.76,93.15,88.98,95.19
"9667",171,2007,92.26,90.42,91.49,89.43,87.12,90.29
"9668",172,2007,94.84,93.24,95.25,91.85,93.88,93.67
"9669",173,2007,96.36,97.13,97.64,98.92,97.78,96.25
"9670",174,2007,98.66,99.02,98.95,95.91,98.59,99.23
"9671",175,2007,93.73,91.41,91.66,91.71,92.17,92.99
"9672",176,2007,92.87,89.22,89.25,93.62,91.65,88.5
"9673",177,2007,96.24,94.59,94.31,95.63,92.14,92.58
"9674",178,2007,99.16,99.09,99.08,99.39,98.97,98.65
"9675",179,2007,94.75,94.95,91.32,97.48,87.16,94.42
"9676",180,2007,94.77,94.11,93.15,93.69,87.61,94.53
"9677",181,2007,94.51,94.25,95.85,92.06,93.71,93.37
"9678",182,2007,90.88,91.49,91.58,94.36,87.81,92.56
"9679",183,2007,93.83,93.54,97.55,90.2,96.55,92.5
"9680",184,2007,91.73,90.69,92.34,88.91,91.58,91.07
"9681",185,2007,89.87,89.76,89.08,88.02,90.42,87.98
"9682",186,2007,90.54,87.24,89.64,86.18,89.58,86.55
"9683",187,2007,90.05,91.28,91.55,90.58,93.47,91.4
"9684",188,2007,89.63,88.86,88.43,90.04,88.8,89.44
"9685",189,2007,90.79,91.7,90.8,89.73,91.38,92.62
"9686",190,2007,97.13,95.88,96.58,95.9,94.02,94.71
"9687",191,2007,90.07,89.24,90.35,89.61,93.65,91.63
"9688",192,2007,92.71,93.94,93.05,93.98,95.38,95.1
"9689",193,2007,91.07,89.82,89.8,89.34,90.82,90.13
"9690",194,2007,91.67,92.01,92.04,91.8,91.7,91.33
"9691",195,2007,91.64,89.59,90.92,88.78,90.13,87.98
"9692",196,2007,93.35,92.75,92.32,92.57,93.09,93.32
"9693",197,2007,94.23,94.83,92.96,94.47,90.87,93.23
"9694",198,2007,90.26,89.22,88.6,91.44,87.88,88.17
"9695",199,2007,88.65,87.73,88.61,86.74,90.57,87.61
"9696",200,2007,88.74,87.89,89.4,85.9,89.41,88.12
"9697",201,2007,91.9,91.25,90.6,89.55,89.91,90.26
"9698",202,2007,90.27,89.29,88.87,87.65,88.53,90.41
"9699",203,2007,86.47,86.06,87.28,83.55,87.06,86.96
"9700",204,2007,86.25,85.02,87.82,83.44,88.52,83.53
"9701",205,2007,89.53,89.59,90.32,90.16,91.47,89.38
"9702",206,2007,86.74,87.26,85.51,89.25,86.21,88.42
"9703",207,2007,90.05,90.67,88.74,91.09,89.34,91.01
"9704",208,2007,90.54,91.09,93.29,89.57,93.7,91.66
"9705",209,2007,88.21,88.29,87.29,90.27,83.36,89.38
"9706",210,2007,82.83,83.82,82.03,82.77,81.45,83.04
"9707",211,2007,85.44,88.87,85.41,87.07,85.16,91.74
"9708",212,2007,88.59,89.51,88.19,88.53,88.87,90.21
"9709",213,2007,87.87,88.75,87.29,87.69,88.03,88.43
"9710",214,2007,88.47,87.75,87.77,89.5,89.74,87.47
"9711",215,2007,93.09,90.82,90.28,91.94,89.81,89.2
"9712",216,2007,91.86,91.26,91.43,93.09,92.12,90.92
"9713",217,2007,94.64,92.6,92.89,94.68,91.65,92.41
"9714",218,2007,86.67,85.69,86.75,86.5,87.66,86.81
"9715",219,2007,93.25,92.09,92.46,91.37,92.77,93.54
"9716",220,2007,94.58,94.94,95.45,92.55,95.58,94.86
"9717",221,2007,87.01,87.37,87.46,87,87.97,88.68
"9718",222,2007,90.07,89.67,87.53,93.06,86.96,88.26
"9719",223,2007,90.58,90.44,89.38,92.67,87.44,91.2
"9720",224,2007,90.72,90.11,91.52,90.55,91.24,91.46
"9721",225,2007,87.07,89.81,87.58,89.66,88.06,92.16
"9722",226,2007,90.74,90.76,90.59,89.98,90.43,91.61
"9723",227,2007,94.37,95.55,92.29,97.6,92.82,96.3
"9724",228,2007,90.26,88.67,89.43,88.93,88.81,89.2
"9725",229,2007,89.52,89.74,88.94,88.37,88.6,89.68
"9726",230,2007,87.43,88.37,86.97,88.37,89.58,87.77
"9727",231,2007,91.73,92.92,90.6,92.26,89.76,93.2
"9728",232,2007,92.99,93.65,94.25,93.84,93.55,94.61
"9729",233,2007,95.62,95.01,94,95.86,94.65,95.45
"9730",234,2007,90.57,90.83,90.63,89.53,90.96,90.93
"9731",235,2007,85.2,87.67,88.04,87.49,91.93,89.53
"9732",236,2007,83.61,84.83,84.76,84.64,87.4,86.16
"9733",237,2007,91.17,91.78,90.86,90.52,89.39,91.4
"9734",238,2007,89.04,88.52,87.76,90.48,86.54,88.75
"9735",239,2007,88.56,86.41,87.35,86.99,86.58,86.78
"9736",240,2007,89.98,88.68,90.36,88.66,91.2,88.49
"9737",241,2007,92.54,91.44,92.02,91.12,93.7,92.33
"9738",242,2007,88.08,86.72,86.72,88.73,88.81,87.59
"9739",243,2007,88.76,90.19,90.23,88.79,94.68,90.42
"9740",244,2007,93.07,94.7,93.96,94.55,93.8,95.27
"9741",245,2007,89.87,92.63,91.6,90.65,94.66,92.66
"9742",246,2007,90.2,89.29,89.33,89.37,88.78,89.75
"9743",247,2007,89.71,90.47,89.49,90.1,89.06,91.4
"9744",248,2007,88.77,88.2,87.86,91.89,88.77,86.73
"9745",249,2007,90.88,90.58,91.82,91.11,92.94,91.96
"9746",250,2007,89.52,89.55,88.34,91.58,88.75,90.55
"9747",251,2007,87.73,87.34,87.59,87.91,87.97,87.43
"9748",252,2007,89.38,91.29,89.69,89.73,88.63,91.84
"9749",253,2007,89.24,91.15,89.22,90.82,92.22,92.47
"9750",254,2007,90.55,88.52,90.44,88.89,88.01,87.7
"9751",255,2007,88.55,89.2,88.81,87.51,90.1,90.5
"9752",256,2007,92.56,92.31,91.45,92.35,89.78,92.69
"9753",257,2007,91.82,91.65,91.91,91.46,91.38,92.06
"9754",258,2007,90.45,89.76,88.36,90.86,86.96,87.95
"9755",259,2007,88.24,88.59,87.75,88.69,89.47,89.86
"9756",260,2007,88.04,88.87,87.19,90.08,86.69,89.51
"9757",261,2007,87.18,87.68,87.24,86.97,86.92,87.98
"9758",262,2007,89.72,91.74,91.08,91.22,91.79,93.2
"9759",263,2007,92.67,93.78,92.76,93.35,94.04,95.22
"9760",264,2007,85.72,86.53,86.23,86.09,88.4,88.39
"9761",265,2007,89.15,89.09,90.13,89.03,88.17,90.27
"9762",266,2007,86.84,86.01,84.87,87.57,85.11,85.33
"9763",267,2007,89.5,88.02,88.15,88.32,87.41,86.21
"9764",268,2007,91.78,93.29,92.27,92.05,91.22,92.06
"9765",269,2007,91.83,91.62,91.53,91.59,91.83,92.64
"9766",270,2007,89.69,89.92,92.18,87.98,94.04,90.34
"9767",271,2007,85.86,85.88,85.79,84.91,86.62,87.24
"9768",272,2007,93.54,91.74,91.16,91.92,91.32,91.46
"9769",273,2007,90.44,93.61,93.12,90.28,95.77,95.79
"9770",274,2007,91.05,89.81,90.83,90.79,89.94,89.48
"9771",275,2007,85.68,85.68,85.67,84.29,86.03,86.83
"9772",276,2007,88.39,86.56,87.75,87.69,89.94,85.27
"9773",277,2007,87.93,87.78,87.18,87.31,85.49,86.76
"9774",278,2007,89.63,90.47,89.68,90.85,88.35,89.58
"9775",279,2007,89.74,89.98,88.11,91.5,86.64,88.41
"9776",280,2007,90.81,93.22,90.99,91.27,89.19,92.16
"9777",281,2007,93.28,94.82,93.25,94.78,95.33,95.76
"9778",282,2007,92.37,92.48,91.2,93.89,90.71,92.57
"9779",283,2007,88.93,88.35,89.1,87.53,88.56,88.68
"9780",284,2007,88.58,88.09,88.99,86.51,87.51,87.39
"9781",285,2007,85.47,85.46,85.3,84.83,84.86,85.05
"9782",286,2007,87.14,87.81,88.74,87.87,89.41,89.29
"9783",287,2007,91.62,89.2,88.14,92.26,84.79,87.88
"9784",288,2007,91.45,93.85,92.29,92.26,92.35,94.39
"9785",289,2007,94.2,94.3,95.23,90.47,91.9,92.97
"9786",290,2007,93.5,93.48,93.38,93.9,93.74,94.61
"9787",291,2007,90.1,90.14,89.9,89.81,88.84,88.83
"9788",292,2007,92.33,93.7,93.24,91.59,93.71,93.54
"9789",293,2007,94.97,95.62,94.97,95.15,92.32,94.62
"9790",294,2007,89.07,88.57,91.37,87.86,93.54,87.1
"9791",295,2007,91,90.68,92.03,90.12,91.18,90.97
"9792",296,2007,89.51,88.31,87.22,90.53,84.16,88.82
"9793",297,2007,91.45,89.08,91.57,88.59,92.17,88.54
"9794",298,2007,88.68,89.54,87.98,91.3,89.43,90.6
"9795",299,2007,88.31,88.9,87.57,90.31,88.14,88.75
"9796",300,2007,91.87,92.19,91.39,91.27,90.64,92.5
"9797",301,2007,92.24,88.55,88.94,93.54,89.03,86.27
"9798",302,2007,92.37,91.77,91.61,91.19,93.55,91.49
"9799",303,2007,91.46,93.23,91.81,91.86,90.57,93.69
"9800",304,2007,89.16,88.44,88.53,87.96,87.37,88.29
"9801",305,2007,86.66,84.64,86.99,84.95,85.29,82.84
"9802",306,2007,84.9,85.32,86.96,83.56,87.2,84.32
"9803",307,2007,90.14,89.92,91.14,87.11,88.96,87.45
"9804",308,2007,90.08,92.32,93.06,90.31,94,93.61
"9805",309,2007,92.57,91.12,90.75,92.08,88.75,90.36
"9806",310,2007,91.92,90.7,91.88,91,90.49,92.55
"9807",311,2007,96.49,95.02,96.37,95.52,94.19,94.16
"9808",312,2007,93.46,93.31,92.98,93.86,92.39,92.76
"9809",313,2007,88.1,87.65,87.84,88.5,89.8,88.31
"9810",314,2007,86.05,84.62,86.22,85.92,85.92,83.76
"9811",315,2007,87.19,88.16,87.57,87.3,87.2,87.57
"9812",316,2007,83.47,85.6,86.35,84.06,89.15,85.76
"9813",317,2007,89.97,90.63,91.98,89.57,91.32,92.59
"9814",318,2007,90.55,87.68,89.53,88.57,87.9,87.78
"9815",319,2007,95.25,95.14,95.92,93.95,94.19,94.04
"9816",320,2007,94.16,95.18,95.13,93.17,95.21,96.64
"9817",321,2007,94.7,94.41,95.3,93.41,93.4,94.67
"9818",322,2007,90.58,89.29,91.38,89.77,89.77,89.5
"9819",323,2007,89.49,88.38,89.93,88.31,89.77,89.43
"9820",324,2007,89.65,90.97,91.29,88.45,91.7,90.73
"9821",325,2007,94.59,92.17,93.54,93.08,92.38,91.22
"9822",326,2007,96.1,95.95,96.16,95.99,96.2,96.42
"9823",327,2007,93.12,92.82,91.51,94.01,90.07,92.17
"9824",328,2007,88.92,89.24,89.89,88.9,89.95,89.28
"9825",329,2007,88.3,88.11,88.6,88.83,90.62,87.23
"9826",330,2007,86.75,87.02,88,85.73,91.81,86.03
"9827",331,2007,86.37,87.2,88.38,83.72,89.23,88.93
"9828",332,2007,85.48,87.09,86.48,86.39,89.75,87.48
"9829",333,2007,82.14,82.74,83.15,81.48,87.66,83.5
"9830",334,2007,78.23,82.31,84.66,77.38,92.81,87.73
"9831",335,2007,75.95,78.88,79.89,74.44,83.5,80.67
"9832",336,2007,72.42,72.19,72.46,72.58,77.13,73.69
"9833",337,2007,69.59,70.98,71.1,70.35,76.93,74.44
"9834",338,2007,69.72,73.45,72.93,70.38,77.44,76.78
"9835",339,2007,71.72,74.36,74.31,72.55,80.67,77.7
"9836",340,2007,75.89,82.47,81.8,75.89,85.49,88.24
"9837",341,2007,81,86.61,85.19,84.54,89.57,88.89
"9838",342,2007,82.07,84.44,85.2,81.35,88.71,86.51
"9839",343,2007,84.74,90.76,88.69,86.35,89.3,92.28
"9840",344,2007,81.47,85.43,84.5,81.97,85.84,86.41
"9841",345,2007,85.05,91.52,90.65,87.06,91.1,91.59
"9842",346,2007,95.3,94.67,95.05,93.02,91.69,93.75
"9843",347,2007,93.97,93.71,94.98,93.14,91.81,94.38
"9844",348,2007,90.81,90.59,90.12,90.33,90.27,89.32
"9845",349,2007,89.48,87.88,87.56,90.66,88.88,86.18
"9846",350,2007,88.69,90.2,90.72,87.68,92.09,89.81
"9847",351,2007,88.4,92.31,93.94,82.89,93.77,93.02
"9848",352,2007,91.82,94.91,93.96,91.91,95.1,96.08
"9849",353,2007,87.67,89.45,88.31,89.93,90.52,90.74
"9850",354,2007,89.59,90.3,89.12,90.66,88.94,89.49
"9851",355,2007,92.9,92.38,91.92,93.7,91.25,91.14
"9852",356,2007,92.8,90.75,91.12,92.87,94.31,89.73
"9853",357,2007,92.2,93.4,91.07,95.35,90.8,93.01
"9854",358,2007,89.13,88.97,87.31,92.21,86.55,88.28
"9855",359,2007,90.89,91.91,90.41,91.85,91.41,92.25
"9856",360,2007,93.85,94.48,93.73,92.95,94.31,95.35
"9857",361,2007,92.25,93.86,95.6,89.98,96.99,95.65
"9858",362,2007,86.77,86.2,87.19,85.12,90.75,87.29
"9859",363,2007,90.17,90.53,91.56,89.65,94.28,91.98
"9860",364,2007,86.46,90.54,91.68,85.38,97.23,92.57
"9861",365,2007,79.37,82.97,86.42,78.09,96.36,85.21
"9862",1,2008,76.42,76.58,78.1,77.08,89.17,80.01
"9863",2,2008,77.31,80.59,80.88,77.99,93.1,85.93
"9864",3,2008,85.36,91.33,92.06,86.57,97.73,96.06
"9865",4,2008,93.6,96.2,96.2,93.41,96.87,97.76
"9866",5,2008,98.09,97.84,97.31,98.12,95.79,97.26
"9867",6,2008,93.27,91.67,91.76,93.51,93.59,91.95
"9868",7,2008,92.8,91.54,93.7,91.7,93.2,92.79
"9869",8,2008,92.25,90.65,92.32,90.94,91.06,90.34
"9870",9,2008,88.7,89.25,87.6,89.95,87.77,87.43
"9871",10,2008,84.06,86,83.35,86.46,85.85,84.64
"9872",11,2008,83.52,85.43,83.68,86.21,87.22,85.45
"9873",12,2008,88.1,91.47,90.44,88.24,93.36,91.14
"9874",13,2008,93.89,95.51,93.82,95.12,96.3,96.87
"9875",14,2008,94.06,93.46,93.46,93.62,93.97,93.61
"9876",15,2008,91.91,88.91,93.01,88.76,93.22,87.54
"9877",16,2008,90.27,92.26,92.67,88.77,93.87,93.54
"9878",17,2008,87.71,87.14,87.6,87.2,88.46,88.81
"9879",18,2008,84.48,87.33,85.53,84.87,88.48,89.89
"9880",19,2008,85.94,89.3,87.84,84.91,90.63,88.51
"9881",20,2008,92.62,94.65,94.44,90.4,95.62,95.23
"9882",21,2008,90.88,89.73,90.25,89.97,89.57,89.45
"9883",22,2008,89.33,91.76,90.21,90.5,92.86,91.85
"9884",23,2008,80.83,85.56,84.39,82.33,90.75,88.33
"9885",24,2008,80.6,86.23,86.01,80.58,92.61,91.35
"9886",25,2008,85.42,87.65,86.74,85.07,88.71,87.63
"9887",26,2008,83.92,87.42,87.18,84.36,90.16,89.28
"9888",27,2008,78.56,83.59,82.24,78.86,86.94,86.77
"9889",28,2008,73.46,77.36,77.86,72.49,83.44,80.22
"9890",29,2008,72.37,75.62,76.5,70.91,82.3,78.37
"9891",30,2008,71.43,78.77,78.83,71.59,86.25,83.63
"9892",31,2008,70.38,76.99,75.34,70.93,84.08,80.88
"9893",32,2008,68.07,70.86,69.51,67,75.48,73.39
"9894",33,2008,61.39,64.91,64.22,59.89,69.73,68.34
"9895",34,2008,58.07,62.06,61.34,56.64,68.56,66.46
"9896",35,2008,61.39,69.35,69.63,59.39,81.3,78.31
"9897",36,2008,76.87,82.83,82.08,76.54,86.13,88.92
"9898",37,2008,84.02,88.22,86.96,83.86,86.62,89.13
"9899",38,2008,83.31,84.97,86.03,79.93,86.38,84.15
"9900",39,2008,86.21,90.04,90.24,87.18,93.54,91.59
"9901",40,2008,92.28,93.87,93.12,93.68,92.66,93.75
"9902",41,2008,88.56,90.37,88.45,89.47,88.97,90.01
"9903",42,2008,92.01,93.73,94.18,91.8,95.57,93.49
"9904",43,2008,93.18,95.34,94.45,94.73,96.81,97.87
"9905",44,2008,98.37,97.24,96.5,98.58,94.79,96.06
"9906",45,2008,93.95,94.91,94.17,95.25,96.42,96.03
"9907",46,2008,90.14,89.83,91.02,90.46,94.41,91.39
"9908",47,2008,89.51,90.37,90.14,87.8,89.61,89.65
"9909",48,2008,83.77,86.33,84.73,84.33,85.7,85.77
"9910",49,2008,90.8,92.23,92.81,91.43,94.95,91.36
"9911",50,2008,94.99,95.23,93.78,94.33,93.37,94.45
"9912",51,2008,88.51,89,89.3,89.43,90.73,90.15
"9913",52,2008,89.45,90.58,89.3,88.47,91.63,90.94
"9914",53,2008,85.08,87.29,86.4,87.27,88.97,89.1
"9915",54,2008,90.9,91.59,93.05,89.67,95.53,93.28
"9916",55,2008,94.99,96.1,95.62,94.8,96.52,96.62
"9917",56,2008,92.21,93.97,92.09,92.23,93.01,94.08
"9918",57,2008,87.32,88.68,87.88,85.65,89.69,89.06
"9919",58,2008,90.19,91.18,90.13,88.93,90.58,92.18
"9920",59,2008,92.34,92.95,92.56,94.11,91.94,93.44
"9921",60,2008,86.42,89.21,88.22,87.62,89.8,90.99
"9922",61,2008,85.06,89.91,88.53,86.95,90.28,92.2
"9923",62,2008,80.41,84.22,83.73,80.76,87.28,86.57
"9924",63,2008,86.41,88.66,88.23,85.96,86.92,86.95
"9925",64,2008,89.77,89.59,91.67,87.77,90.72,88.71
"9926",65,2008,92.88,93.61,92.77,93.96,92.85,94.92
"9927",66,2008,89.94,90.02,88.64,89.26,91.75,90.45
"9928",67,2008,84.98,85.85,83.42,86.21,82.14,84.51
"9929",68,2008,87.73,86.82,87.01,88.36,85.41,84.66
"9930",69,2008,87.51,88.57,89.18,86.74,91.56,88.55
"9931",70,2008,92.81,95.77,94.74,93.02,90.53,96.93
"9932",71,2008,87.68,90.07,88.74,87.08,87.48,92.61
"9933",72,2008,89.06,90.39,88.42,88.29,88.79,90.57
"9934",73,2008,91.78,90.57,90.52,92.73,89.4,89.07
"9935",74,2008,95.65,95.23,93.72,95.65,93.05,95.18
"9936",75,2008,92.38,95.07,92.22,90.99,89.79,95.01
"9937",76,2008,84.08,86.11,85.4,84.69,88.8,86.29
"9938",77,2008,89.42,88.29,89.22,88.34,88.83,87.36
"9939",78,2008,86.71,86.35,87.22,84.73,89.67,87.15
"9940",79,2008,92.24,93.52,93.64,90.77,91.99,93.31
"9941",80,2008,89.52,92.77,93.42,87.87,94.46,93.89
"9942",81,2008,91.04,91.62,91.7,90.29,91.49,93.17
"9943",82,2008,90.59,87.67,89.82,87.04,88.8,88.95
"9944",83,2008,90.13,87.41,89.01,88.09,89.48,88.05
"9945",84,2008,88.25,87.53,88.65,85.9,88.43,87.05
"9946",85,2008,90.14,89.89,90.54,89.45,88.71,89.99
"9947",86,2008,88.54,89.07,89.22,88.49,90.15,89.57
"9948",87,2008,85.45,88.04,86.85,85.56,90.61,89.9
"9949",88,2008,83.78,86.04,86.31,82.99,89.68,89.51
"9950",89,2008,86.97,92.12,92.71,86.8,96.05,95.09
"9951",90,2008,87.26,89.51,88.62,87.11,93.73,91.68
"9952",91,2008,84.91,84.46,84.86,83.24,83.75,85.49
"9953",92,2008,80.44,78.82,79.49,77.86,78.61,78.24
"9954",93,2008,67.16,68.58,69.05,66.43,75.34,72.48
"9955",94,2008,65.72,70.55,69.74,66.35,77.94,74.91
"9956",95,2008,77.64,83.13,81.8,78.5,90.28,85.6
"9957",96,2008,90.33,89.5,89.88,90.49,87.36,89.88
"9958",97,2008,89.03,90.81,90.34,90.33,90.6,91.87
"9959",98,2008,88.83,88.63,88.71,88.46,88.6,89.53
"9960",99,2008,85.56,86.11,86.71,85.81,90,87.2
"9961",100,2008,87.58,89.07,88.93,86.6,88.71,91.97
"9962",101,2008,91.38,88.68,91.4,88.3,93.69,89.94
"9963",102,2008,88.01,85.76,86.52,86.2,85.41,84.63
"9964",103,2008,86.93,85.3,87.49,85.48,88.33,83.18
"9965",104,2008,86.14,86.3,86.77,88.08,91.73,87.67
"9966",105,2008,94.05,94.85,93.9,94.65,92.13,95.75
"9967",106,2008,90.34,89.54,91.1,90.08,92.83,90.82
"9968",107,2008,87.77,87.3,87.47,89.21,89.49,87.69
"9969",108,2008,93.39,93.06,92.06,93.21,93,93.04
"9970",109,2008,91.69,89.4,91.98,90.58,94.56,90.69
"9971",110,2008,95.78,93.48,94.75,96.44,93.82,93.28
"9972",111,2008,89.39,91.4,90.21,88.83,93.68,92.9
"9973",112,2008,95.09,89.3,89.47,94.83,89.07,92.62
"9974",113,2008,93.07,93.59,91.71,93.04,90.32,93.94
"9975",114,2008,91.02,93.38,93.64,90.65,95.63,92.3
"9976",115,2008,92.29,91.14,89.93,94.33,90.09,89.59
"9977",116,2008,90.73,90.5,91.9,90.32,88.99,89.59
"9978",117,2008,89.86,90.97,88.9,90.36,92.51,92.09
"9979",118,2008,91.59,91.88,91.69,90.56,89.41,90.97
"9980",119,2008,86.33,87.92,87.33,87.15,92.67,90.11
"9981",120,2008,87.37,88.31,86.55,88.72,88.26,89.51
"9982",121,2008,89.87,87.32,88.94,87.25,89.65,86.3
"9983",122,2008,93.22,92.16,91.89,93.14,94.14,92.1
"9984",123,2008,84.74,89.84,86.95,88.99,96,91.7
"9985",124,2008,83.23,85.81,84.28,85.2,84.91,86.22
"9986",125,2008,78.11,78.13,77.42,78.19,78.54,77.57
"9987",126,2008,76.7,77.72,76.45,76.69,76.8,78.32
"9988",127,2008,79.46,85.52,80.83,84.28,84.89,91.11
"9989",128,2008,91.2,95.99,91.26,92.95,93.93,97.95
"9990",129,2008,88.88,88.26,89.07,87.55,91.02,89.15
"9991",130,2008,95.26,94.27,96.54,88.77,96.82,95.15
"9992",131,2008,84.12,82.97,84.37,83.1,87.09,84.24
"9993",132,2008,93.29,91.45,94.41,90.48,93.09,90.91
"9994",133,2008,93.62,91.45,93.41,92.48,92.03,88.8
"9995",134,2008,92.33,94.16,92.09,93.5,95.65,94.06
"9996",135,2008,91.34,89.3,92.86,90.06,94.3,88.94
"9997",136,2008,88.78,91.15,90.14,90.24,92.23,92.31
"9998",137,2008,92.71,92.55,90.51,92.74,91.98,91.61
"9999",138,2008,93.75,95.06,94.93,92.78,93.2,95.74
"10000",139,2008,93.98,92.43,90.11,94.68,92.05,94.09
"10001",140,2008,94.9,94.42,94.01,92.66,95.29,94.42
"10002",141,2008,95.11,94.04,93.77,94.78,91.15,91.94
"10003",142,2008,94.5,95.19,94.65,95.32,96.7,96.98
"10004",143,2008,91.19,92.45,91.35,91.65,90.5,94.52
"10005",144,2008,93.24,90.09,92.16,92.49,91.05,92.03
"10006",145,2008,95.11,94.1,93.67,95.19,94.67,93.87
"10007",146,2008,88.93,91.96,91.19,88.7,97.89,95.3
"10008",147,2008,92.09,89.6,88.62,94.35,89.19,89.1
"10009",148,2008,90.89,91.63,91.34,92.99,90.92,91.24
"10010",149,2008,97.51,96.59,97.13,95.36,95.01,96.45
"10011",150,2008,95.05,94.96,94.93,94.33,95.49,95.48
"10012",151,2008,94.9,95.58,94.43,96.04,95.17,96.82
"10013",152,2008,91.49,91.24,91.12,92.32,90.6,92.89
"10014",153,2008,94.02,95.16,93.86,93.11,93.88,95.52
"10015",154,2008,96.79,94.74,94.37,95.73,88.13,94.76
"10016",155,2008,92.3,93.65,90.81,94.7,84.12,93.82
"10017",156,2008,89.8,90.02,88.98,90.9,89.83,90.61
"10018",157,2008,93.87,95.61,94.23,96.2,94.72,93.91
"10019",158,2008,94.21,94.99,96.47,90,95.37,95.23
"10020",159,2008,90.81,91.85,93.91,88.27,97.47,93
"10021",160,2008,95.23,93.72,94.6,97.06,95.56,94.96
"10022",161,2008,88.86,86.65,88.41,84.11,90.7,87.61
"10023",162,2008,93.16,93.62,89.87,93.63,86.42,90.92
"10024",163,2008,89.55,89.47,89.8,89.7,92.94,90.53
"10025",164,2008,88.38,89.33,90.09,87.24,89.04,88.53
"10026",165,2008,89.91,86.8,90.36,85.44,90.6,85.89
"10027",166,2008,91.3,89.34,89.18,90.68,86.8,87.88
"10028",167,2008,92.8,90.39,92.37,92.12,92.4,90.52
"10029",168,2008,96.13,95.72,96.86,95.01,98.35,97.08
"10030",169,2008,98.28,98.95,98.3,97.16,95.49,97.02
"10031",170,2008,93.9,94.82,96.72,93.62,96.81,96.96
"10032",171,2008,87.16,87.01,86.68,89.75,86.2,88.03
"10033",172,2008,90.52,87.49,88.2,89.19,86.42,86.56
"10034",173,2008,95.74,96,93.19,93.68,92.54,95
"10035",174,2008,93.63,93.82,93.36,93.63,91.28,92.86
"10036",175,2008,94.91,93.84,95.65,92.99,96.26,93.64
"10037",176,2008,97.1,95.69,96.65,95.74,94.95,95.24
"10038",177,2008,90.17,90.55,89.64,89.78,88.5,92.17
"10039",178,2008,88.69,89.86,84.49,91.93,82.07,90.63
"10040",179,2008,90.44,88.87,86.51,90.4,84.95,89.43
"10041",180,2008,93.42,91.01,92.55,93.07,92.08,91.01
"10042",181,2008,93.37,92,92.32,93.08,92.02,91.69
"10043",182,2008,95.32,94.23,93.53,94.63,91.13,93.47
"10044",183,2008,92.32,92.03,92.1,92.2,89.09,91.67
"10045",184,2008,91.67,91.27,90.6,92.06,89.75,89.95
"10046",185,2008,92.76,93.7,93.1,92.98,92.55,92.95
"10047",186,2008,93.64,93.57,93.29,92.7,93.23,93.95
"10048",187,2008,94.25,96.47,94.72,94.77,93.29,96.17
"10049",188,2008,89.07,88.55,88.18,90.04,88.99,88.9
"10050",189,2008,90.01,89.11,89.5,89.23,89.63,89.45
"10051",190,2008,93.93,94.15,93.81,93.42,92.3,95.7
"10052",191,2008,94.88,94.45,95.53,93.42,94.96,95.05
"10053",192,2008,96.1,95.27,95.31,94.77,95.38,94.84
"10054",193,2008,96.62,98.41,98.72,95.97,99.02,99.21
"10055",194,2008,94.06,92.26,93.82,93.3,93.93,93.37
"10056",195,2008,86.96,87.2,87.47,86.17,88.22,87.46
"10057",196,2008,92.67,91.86,93.45,91.46,95.17,93.17
"10058",197,2008,92.81,89.54,91.2,89.44,88.96,89.37
"10059",198,2008,91.67,86.87,90.4,88.93,89.46,87.02
"10060",199,2008,85.86,83.82,85.31,83.53,84.27,84.46
"10061",200,2008,83.72,83.69,82.73,83.97,86.12,87.72
"10062",201,2008,87.12,86.45,85.36,89.62,82.98,88.64
"10063",202,2008,89.05,88.57,89.44,87.78,87.37,90.57
"10064",203,2008,91.79,90.99,91.05,92.42,91.74,91.41
"10065",204,2008,89.6,87.3,89.12,87.31,88.76,86.56
"10066",205,2008,90.07,88.78,90.43,88.97,92.07,88.87
"10067",206,2008,92.94,91.08,89.75,92.63,89.38,90.52
"10068",207,2008,93.89,93.76,93.76,94.06,93.31,92.4
"10069",208,2008,91.44,89.7,90.64,92.19,89.69,88.71
"10070",209,2008,90.29,92.19,90.76,91.27,91.76,92.87
"10071",210,2008,89.08,87.98,88.57,89.41,88.94,88.08
"10072",211,2008,91.07,93.91,93.23,92.03,96.65,95.55
"10073",212,2008,90.82,91.5,91.44,91.68,91.93,96.39
"10074",213,2008,85.49,85.66,84.59,85.94,85.35,86.19
"10075",214,2008,87.43,89.47,88.85,86.8,87.19,89.54
"10076",215,2008,90.92,88.33,89.05,90.59,89.45,87.31
"10077",216,2008,90.07,88.36,89.2,90.74,89.67,88.96
"10078",217,2008,88.38,89.48,89.14,88.66,89.94,88.79
"10079",218,2008,90.71,90.25,90.67,89.33,89.72,90.31
"10080",219,2008,93.11,92.42,92.77,92.78,92.06,93.58
"10081",220,2008,86.02,86.66,85.93,87.45,85.65,86.63
"10082",221,2008,89.26,90.15,90.65,90.11,92.33,90.96
"10083",222,2008,92.48,92.53,91.14,91.77,91.37,91.54
"10084",223,2008,91.99,92.42,91.48,94.11,91.7,93.24
"10085",224,2008,90.54,90.77,88.69,91.53,88.42,90.18
"10086",225,2008,88.04,86.19,88.76,86.11,89.7,87.07
"10087",226,2008,92.99,91.14,91.69,91.48,87.57,89.45
"10088",227,2008,91.32,91.31,89.96,92.07,88.64,89.66
"10089",228,2008,89.93,89.89,89.8,90.12,88.89,90.15
"10090",229,2008,86.88,87.99,86.81,89.53,87.64,88.91
"10091",230,2008,85.83,87.13,85.78,87.99,87.09,88.08
"10092",231,2008,93.68,92.78,90.57,94.11,84.58,91.3
"10093",232,2008,88.21,86.81,87.84,89.32,90.1,88.77
"10094",233,2008,88.95,89.16,88.98,88,89.63,91.05
"10095",234,2008,85.57,86.21,87.15,83.83,87.96,87.28
"10096",235,2008,90.79,89.83,90.2,89.2,87.35,88.47
"10097",236,2008,90.87,91.66,91.91,90.57,91.71,91.46
"10098",237,2008,86.9,87.78,87.26,85.43,88.61,88.13
"10099",238,2008,90.87,90.6,92.12,87.41,94.01,90.79
"10100",239,2008,90.47,91.72,89.53,93.23,92.82,90.98
"10101",240,2008,86.96,86.67,86.81,86.3,87.44,87.11
"10102",241,2008,86.88,85.84,86.27,84.84,85.63,85.31
"10103",242,2008,93.02,91.24,91.41,93.04,89.22,91.13
"10104",243,2008,93.12,90.93,91.78,91.68,91.57,90.73
"10105",244,2008,90.88,90.31,91.26,90.14,92.21,91.12
"10106",245,2008,89,90.51,90.5,89.93,92.6,91.97
"10107",246,2008,88.19,88.25,88.63,87.61,90.41,88.47
"10108",247,2008,87,87.21,86.59,87.63,86.29,86.41
"10109",248,2008,88.13,87.6,87.33,88.46,86.52,88.81
"10110",249,2008,85.53,83.62,83.54,88.39,87.82,84.87
"10111",250,2008,87.28,85.32,85.56,89.74,89.31,85.14
"10112",251,2008,91.65,90.73,91.25,91.48,90.89,92.15
"10113",252,2008,88.93,88.43,89.53,89.97,91.63,89.23
"10114",253,2008,91.88,91.66,91.77,93.42,91.82,91.07
"10115",254,2008,90.77,90.29,91.59,90.81,93.47,91.31
"10116",255,2008,85.85,87.07,86.29,86.11,86.71,87.62
"10117",256,2008,89.6,89.12,90.1,89.67,90.33,88.15
"10118",257,2008,88.77,89.88,90.32,88.38,91.55,91.97
"10119",258,2008,93.12,91.99,94.24,90.54,93.36,92.81
"10120",259,2008,91.95,90.45,90.97,92.44,92.16,90.17
"10121",260,2008,94.67,95.64,95.15,94.01,95.91,95
"10122",261,2008,92.45,93.05,91.2,92.36,91.93,91.54
"10123",262,2008,87.75,88.79,90.04,88.1,91.15,90.44
"10124",263,2008,89,88.23,87.95,89.67,85.13,87.19
"10125",264,2008,88.29,87.47,87.88,89.04,85.41,86.1
"10126",265,2008,87.02,86.51,88.32,86.31,90.5,87.54
"10127",266,2008,93.74,95.04,94.06,94.54,93.45,94.78
"10128",267,2008,87.98,89.36,88.15,89.2,90.54,90.24
"10129",268,2008,86.62,87.97,86.82,87.6,86.2,87.88
"10130",269,2008,90.15,90.15,90.92,88.89,87.9,89.08
"10131",270,2008,89.6,89.97,89.87,89.8,88.7,89.94
"10132",271,2008,87.99,90.21,88.98,89.17,90.84,92.27
"10133",272,2008,86.64,83.94,86.68,84.36,85.58,82.24
"10134",273,2008,87.1,85.99,85.69,87.74,84.72,85.16
"10135",274,2008,92.19,90.75,90.57,92.91,87.68,90.13
"10136",275,2008,89.53,89.3,88.97,89.54,88.21,88.94
"10137",276,2008,86.57,86.3,85.66,86.59,85.59,86.68
"10138",277,2008,85.8,87.57,84.69,88.62,85.83,89.74
"10139",278,2008,85.71,86.72,84.85,87.2,84.11,87.09
"10140",279,2008,87.29,87.4,86.61,88.88,84.6,87.49
"10141",280,2008,91.19,90.16,92.99,88.43,92.95,90.71
"10142",281,2008,92.69,92.64,90.25,93.76,86.95,90.75
"10143",282,2008,89.97,89.91,90.51,89.09,89.99,88.99
"10144",283,2008,87.45,87.33,88.02,86.21,89.6,87.04
"10145",284,2008,88.73,87.86,88.02,88.75,86.18,86.73
"10146",285,2008,88.67,89.36,89.09,88.74,88.91,90.79
"10147",286,2008,88.74,86.58,87.46,87.44,84,83.12
"10148",287,2008,92.64,90.61,91.76,90.96,88.33,89.61
"10149",288,2008,93.8,93.64,94.69,92.44,93.24,94.08
"10150",289,2008,87.72,91.71,91.24,88.55,90.32,92.33
"10151",290,2008,90.59,91.44,92.1,88.24,91.8,93.1
"10152",291,2008,88.94,88.81,89.07,90.81,88.61,89.41
"10153",292,2008,86.32,86.28,86.79,86.55,87.48,85.44
"10154",293,2008,91.25,90.29,90.37,91.61,89.02,89.83
"10155",294,2008,91.32,92.55,93.37,91.63,95.66,93.14
"10156",295,2008,88.35,89.83,89.95,89.55,91.03,91.4
"10157",296,2008,88.52,87.74,89.09,87.75,90.18,88.01
"10158",297,2008,90.19,89.18,89.84,88.37,89.31,90.22
"10159",298,2008,89.27,89.46,90.2,88.79,91.32,91.52
"10160",299,2008,91.85,90.86,91.09,92.72,89.64,91.27
"10161",300,2008,90.27,89.09,89.33,91.54,85.04,86.99
"10162",301,2008,91.73,90.75,90.51,92.69,90.85,90.66
"10163",302,2008,95.54,95.97,95.6,96.22,97.13,95.67
"10164",303,2008,89.88,89.12,89.56,90.14,86.24,87.83
"10165",304,2008,87.86,88.54,88.39,88.47,88.09,88.87
"10166",305,2008,89.42,89.39,90.23,89.71,90.91,91.04
"10167",306,2008,94.82,96.1,95.83,92.25,94.7,96.57
"10168",307,2008,87.27,88.12,86.79,87.01,89.02,88.44
"10169",308,2008,94.55,93.38,93.64,94.64,91.97,93.31
"10170",309,2008,94.41,92.04,93.24,92.69,92.21,91
"10171",310,2008,89.4,87.13,87.91,87.43,86.21,86.86
"10172",311,2008,86.84,86.46,87.6,86.27,86.16,86.14
"10173",312,2008,90.06,88.9,91.05,88.35,92.67,88.4
"10174",313,2008,86.61,84.31,87.03,84.23,87.77,84.55
"10175",314,2008,89.53,89.91,89.84,87.19,85.8,89.68
"10176",315,2008,88.4,88.58,88.88,89.15,93.03,90.96
"10177",316,2008,91.81,90.26,89.17,89.89,83.94,90.49
"10178",317,2008,87.53,88.98,89.61,86.59,93.47,91.67
"10179",318,2008,86.57,86.69,88.12,85.49,87.62,86.52
"10180",319,2008,89.28,90.14,91.22,90.6,91.44,90.85
"10181",320,2008,93.92,95.28,93.12,96.03,93.82,95.82
"10182",321,2008,92.37,92.91,93.8,92.2,92.57,93.83
"10183",322,2008,87.2,89.02,89.6,86.46,90.66,90.79
"10184",323,2008,92.96,92.87,93.64,93.69,92.29,91.91
"10185",324,2008,92.45,92.33,93.5,91.35,92.88,92.57
"10186",325,2008,90.56,90.37,89.45,91.17,87.62,89.16
"10187",326,2008,92.05,90.01,91.02,91.22,90.56,87.87
"10188",327,2008,94.39,94.46,95.4,95.12,96.65,94.06
"10189",328,2008,90.83,92.4,92.55,92.21,92.52,93.27
"10190",329,2008,88.71,89.07,90.05,89.81,91,89.19
"10191",330,2008,93.92,94.19,94.45,94.39,97.28,94.33
"10192",331,2008,95.44,95.63,94.2,96.95,91.66,96.3
"10193",332,2008,90.18,91.92,91.64,91.33,89.95,92.44
"10194",333,2008,90.56,91.75,90.87,91.1,90.75,92.18
"10195",334,2008,86.01,89.94,88.29,85.91,89.92,91.36
"10196",335,2008,88.29,93.1,92.62,87.58,94.47,92.79
"10197",336,2008,93.37,93.49,92.72,94.57,93.77,94.19
"10198",337,2008,89.16,89.53,88.84,90.01,87.69,90.11
"10199",338,2008,91.92,91.46,90.59,92.72,89.18,91.38
"10200",339,2008,84.84,86.37,86.15,85.58,87.33,87.37
"10201",340,2008,79.88,88.5,88.24,81.37,90.2,91.61
"10202",341,2008,91.01,95.8,94.31,92.34,97.01,97.35
"10203",342,2008,88.96,89.4,91.81,89.78,93.44,92.25
"10204",343,2008,87.23,86.66,86.53,88.15,84.87,85.99
"10205",344,2008,87.99,89.31,89.14,87.31,89.3,91.39
"10206",345,2008,90.01,90.59,89.58,91.79,86.9,88.8
"10207",346,2008,88.11,88.89,87.48,89.03,87.4,87.22
"10208",347,2008,89.24,89.79,89.93,89.72,88.65,89.12
"10209",348,2008,93.03,94.38,93.36,94.39,92.81,93.88
"10210",349,2008,94.26,95.56,95.65,94.53,95.81,96.98
"10211",350,2008,89.22,92.87,90.51,90.61,89.19,93.6
"10212",351,2008,80.21,82.82,81.43,81.41,84.95,84.1
"10213",352,2008,78.54,80.81,79.33,79.81,84.45,82.38
"10214",353,2008,83.51,87.84,86.2,85.04,88.09,87.53
"10215",354,2008,85.86,87.7,87.27,87.4,91.21,89.52
"10216",355,2008,83.49,85.07,84.98,83.81,86.17,87.17
"10217",356,2008,83.62,83.18,83.61,82.58,84.7,83.19
"10218",357,2008,82.43,84.57,83.79,84.04,86.03,84.62
"10219",358,2008,85.85,90.4,89.1,85.98,91.32,92.21
"10220",359,2008,91.31,95.02,92.24,92.55,94.51,95.33
"10221",360,2008,81.25,87.12,82.87,86.13,90.19,86.2
"10222",361,2008,77.33,82.01,80.18,78.98,84.9,82.64
"10223",362,2008,73.59,75.52,74.31,74.7,81.41,75.5
"10224",363,2008,75.7,78.88,77.38,76.76,86.3,80.24
"10225",364,2008,80.5,88.54,84.93,83.24,95.66,92.92
"10226",365,2008,86.71,92.68,90.36,88.95,96.25,93.05
"10227",366,2008,86.34,90.41,91.05,88.63,96.67,92.3
"10228",1,2009,87.05,89.48,89.8,90.02,91.19,89.91
"10229",2,2009,89.57,89.85,89.62,91.12,90.59,89.7
"10230",3,2009,85.92,87.29,87.87,85.91,89.79,87.79
"10231",4,2009,93.65,93.9,94.15,92.93,93.85,94.09
"10232",5,2009,94.22,95.87,94.8,94.33,94.35,95.97
"10233",6,2009,91.04,93.23,91.87,92.5,93.53,94.49
"10234",7,2009,87.33,88.61,87.75,87.89,89.14,88.55
"10235",8,2009,89.49,88.74,88.79,89.24,89.7,88.87
"10236",9,2009,90.09,93.58,93.27,89.84,95.34,95.81
"10237",10,2009,94.27,95.99,95.81,92.9,95.03,96.45
"10238",11,2009,94.62,96.45,95.55,94.42,97.15,97.03
"10239",12,2009,95.79,96.62,96.54,95.21,95.41,96.87
"10240",13,2009,95.49,95.46,95.8,94.13,95.59,96.06
"10241",14,2009,92.99,94.59,95,92.02,96.36,95.77
"10242",15,2009,93.63,94.44,94.74,91.46,94.94,94.46
"10243",16,2009,90.78,94.51,94.86,88.46,95.24,96.37
"10244",17,2009,86.91,89.11,88.63,88.74,93.23,88.79
"10245",18,2009,87.92,88.8,89,88.48,89.25,86.06
"10246",19,2009,95.08,95.01,95.4,93.85,94.31,95.05
"10247",20,2009,95.71,95.4,95.33,95.04,92.1,94.08
"10248",21,2009,93.27,93.14,93.7,91.55,91.9,92.36
"10249",22,2009,91.78,90.65,90.03,92.38,91.7,89.64
"10250",23,2009,94.06,94.52,93.06,94.82,93.56,94.31
"10251",24,2009,89.97,89.68,91.1,89.92,93.86,90.34
"10252",25,2009,82.85,84.98,85.31,82.12,88.69,85.73
"10253",26,2009,77.64,79.45,79.9,77.74,87.32,80.94
"10254",27,2009,82.01,86.73,85.48,83.17,87.64,88.37
"10255",28,2009,87.67,91.49,91.62,88.6,94.84,93.24
"10256",29,2009,87.86,87.93,87.98,89.02,87.67,91.95
"10257",30,2009,93.28,94.19,94.62,93.26,94.48,95.18
"10258",31,2009,95.62,95.36,93.55,96.64,91.55,95.68
"10259",32,2009,94.89,93.69,91.24,95.85,91.04,92.87
"10260",33,2009,91.7,91.05,90.75,90.93,91.66,91.77
"10261",34,2009,89.16,90.67,90.32,88.67,91.11,91.16
"10262",35,2009,88.52,90.48,89.35,89.64,90.79,90.92
"10263",36,2009,88.79,89.33,90.57,91.24,91.95,89.69
"10264",37,2009,89.57,89.41,89.06,89.35,92.8,89.55
"10265",38,2009,89.97,92.79,91.99,88.58,94.26,93.83
"10266",39,2009,89.72,90.17,90.27,86.54,94.43,90.04
"10267",40,2009,88.32,89.67,89.97,86.35,92.22,91.46
"10268",41,2009,88.54,93.27,91.38,90.3,92.19,94.32
"10269",42,2009,93.25,94.4,92.93,94.45,91.76,93.61
"10270",43,2009,94.64,95.62,96.05,94.87,98.45,96.24
"10271",44,2009,91.7,92.44,92.16,92.08,91.89,92.77
"10272",45,2009,81.01,83.45,82.47,81.87,83.32,84.92
"10273",46,2009,75.88,80.16,79.82,77.52,86.06,86.45
"10274",47,2009,74.62,78.68,78.58,75.96,87.38,82.18
"10275",48,2009,82.01,84.71,84.02,84.03,88.94,87.06
"10276",49,2009,91.99,93.11,93.7,92.64,94.44,93.87
"10277",50,2009,96.46,97.68,97.18,96.69,95.57,96.98
"10278",51,2009,90.66,90.94,91.79,88.1,92.66,89.79
"10279",52,2009,85.73,87.81,87.75,84.7,90.55,88.89
"10280",53,2009,84.28,88.71,87.45,84.19,90.79,91.55
"10281",54,2009,87.49,89.99,90.42,84.38,91.24,90.81
"10282",55,2009,86.87,86.99,89.61,83.06,94.08,87.39
"10283",56,2009,87.94,88.29,88.17,86.96,91.6,90.21
"10284",57,2009,86.37,88.84,87.01,85.93,88.77,90.42
"10285",58,2009,86.34,89.43,87.61,87.69,91.51,91.13
"10286",59,2009,91.06,91.37,91.43,90.21,94.57,91.91
"10287",60,2009,89.76,89.29,89.07,89.13,89.1,91.1
"10288",61,2009,92.69,91.73,91.96,91.52,92.6,91.8
"10289",62,2009,95.56,94.67,94.48,94.61,93.76,94.26
"10290",63,2009,95.18,93.99,95.99,93.39,96.14,95.87
"10291",64,2009,90.92,90.41,91.06,89.65,89.04,91.78
"10292",65,2009,90.51,90.19,93.08,90.23,95.09,91.69
"10293",66,2009,90.84,90.05,90.66,90.09,91.55,88.91
"10294",67,2009,90.11,88,89.3,89.21,92.55,88.27
"10295",68,2009,91.27,91.02,91.81,91.28,94.51,92.4
"10296",69,2009,83.42,85.57,85.97,82.82,88.15,86.87
"10297",70,2009,79.28,85.11,85.58,77.21,89.6,88.2
"10298",71,2009,74.84,83.07,83.73,73.43,91.83,87.84
"10299",72,2009,79.31,84.92,84.09,77.59,88.79,89.26
"10300",73,2009,91.23,93.24,93.52,90.99,95.5,94.86
"10301",74,2009,94.49,94.62,93.92,95.05,90.56,95.67
"10302",75,2009,95.69,95.33,94.89,96.78,92.34,96.07
"10303",76,2009,89.04,87.1,86.37,88.44,85.34,87.07
"10304",77,2009,90,90.62,90.66,88.19,91.24,91.28
"10305",78,2009,94.18,93.5,94.64,92.65,93.43,92.15
"10306",79,2009,96.88,96.4,96.87,96.17,96.38,95.42
"10307",80,2009,93.71,91.41,92.99,93.34,92.37,92.9
"10308",81,2009,94.24,93.45,94.24,93.59,93.71,94
"10309",82,2009,90.34,92.07,93.35,90.8,92.73,88.39
"10310",83,2009,87.76,89.68,88.01,92.18,93.59,86.42
"10311",84,2009,90.1,89.77,87.63,92.51,92.37,90.25
"10312",85,2009,86.15,85.51,86.16,85.86,88.28,85.88
"10313",86,2009,92.54,89.86,92.64,89.55,86.85,87.55
"10314",87,2009,95.29,95.11,94.87,93.62,93.64,95.21
"10315",88,2009,94.63,92.9,92.13,94.88,90.12,92.95
"10316",89,2009,86.94,86.04,86.97,87.2,87.42,85.57
"10317",90,2009,90.43,91.04,94.13,87.91,94.23,89.95
"10318",91,2009,93.03,93.81,93.72,92.48,93.55,94.2
"10319",92,2009,96.38,95.88,95.14,96.16,97.05,96.27
"10320",93,2009,86.95,86.53,85.57,88.43,83.52,86.62
"10321",94,2009,82.7,83.97,81.87,83.33,82.46,83.41
"10322",95,2009,85.32,89.05,85.07,86.72,84.65,91.78
"10323",96,2009,88.83,92.29,91.6,87.51,94.4,94.53
"10324",97,2009,91.41,91.46,91.5,90.43,94.35,93.96
"10325",98,2009,91.66,93.19,92.25,93.6,89.24,91.53
"10326",99,2009,90.59,91.75,88.95,91.73,90.48,92.1
"10327",100,2009,91.48,91.31,90.99,89.88,88.58,90.35
"10328",101,2009,90.12,91.24,90.62,90.52,90.89,89.79
"10329",102,2009,88.57,87.83,87.54,87.63,89.18,90.73
"10330",103,2009,89.6,92.08,90.06,90.74,91.18,95.32
"10331",104,2009,92.68,91.25,93.05,89.41,95.04,91.73
"10332",105,2009,96.24,94.77,95.68,94.29,97.27,93.91
"10333",106,2009,91.08,90.93,91.19,89.68,95.47,90.88
"10334",107,2009,94.05,95.3,94.5,93.56,94.89,94.73
"10335",108,2009,89.07,87.52,88.31,89.55,89.98,88.79
"10336",109,2009,91.11,90.42,90.14,90.97,92.93,89.35
"10337",110,2009,96.31,95.43,95.52,96.19,94.56,94.72
"10338",111,2009,92.71,92.04,92.86,91.88,94.54,92.16
"10339",112,2009,90.2,90.62,90.13,91.01,91.11,89.25
"10340",113,2009,89.03,89.78,89.59,91.28,90.81,91.39
"10341",114,2009,87.9,89.4,89.89,88.57,88.34,89.8
"10342",115,2009,89.07,89.02,88.16,88.55,86.75,89.69
"10343",116,2009,89.47,90.69,90.16,88.73,91.36,91.05
"10344",117,2009,94.05,94.51,95.81,92.43,95.27,97.01
"10345",118,2009,95.72,92.82,93.62,95.2,93.43,94.05
"10346",119,2009,93.17,92.3,94.21,92.09,96.05,92.84
"10347",120,2009,94.98,92.59,91.28,92.97,89.02,90.75
"10348",121,2009,94.13,93.75,95.65,92.88,97,96.21
"10349",122,2009,87.64,88.49,88.7,89.69,88.75,88.47
"10350",123,2009,91.55,91.81,88.88,92.79,85.74,90.85
"10351",124,2009,90.55,86.19,89.73,87.14,88.48,85.59
"10352",125,2009,85.84,84.59,86.37,82.5,86.98,80.76
"10353",126,2009,89.73,89.39,88.76,90.55,89.62,88.27
"10354",127,2009,89.87,88.58,88.94,89.39,88.94,88
"10355",128,2009,87.79,86.87,87.15,87.03,86.26,85
"10356",129,2009,91.48,90.56,91.33,90.55,90.11,89.55
"10357",130,2009,91.75,89.42,89.97,92.73,89.85,88.94
"10358",131,2009,88.75,88.94,90.42,89.13,92.35,87.32
"10359",132,2009,86.56,84.37,86.28,86.06,89.21,83.91
"10360",133,2009,92.63,92.61,93.59,92.59,94.61,92.64
"10361",134,2009,86.11,84.64,84.97,88.18,85.57,84.81
"10362",135,2009,89.99,88.56,89.31,88.48,91.95,89.58
"10363",136,2009,89.67,89.66,87.2,90.21,89.27,88.65
"10364",137,2009,94.53,93.13,93.52,94.26,92.48,91.99
"10365",138,2009,93.74,90.4,91.03,92.85,90.78,87.99
"10366",139,2009,95.64,95.03,94.58,94.73,92.29,94.5
"10367",140,2009,89.72,88.47,90.46,88.98,91.52,89.24
"10368",141,2009,85.82,87.19,86.75,89.1,91.99,89.55
"10369",142,2009,90.8,87.61,89.44,89.26,87.05,87.13
"10370",143,2009,88.8,89.15,89.13,88.58,88.43,89.78
"10371",144,2009,91.59,91.43,90.57,90.96,89.07,91.36
"10372",145,2009,87.14,85.59,86.14,85.9,86.82,84.86
"10373",146,2009,86.65,85.91,86.09,85.91,88.64,85.92
"10374",147,2009,92.17,91.92,92.45,91.93,92.82,89.48
"10375",148,2009,94.25,92.85,92.64,93.81,91.68,91.69
"10376",149,2009,93.18,90.95,94.41,88.78,95.41,90.14
"10377",150,2009,87.4,86.03,87.26,84.86,86.93,85.51
"10378",151,2009,90.02,86.57,89.83,85.56,85.54,84.43
"10379",152,2009,89.49,87.74,89.53,87.52,89.18,88.82
"10380",153,2009,91.33,90.7,90.87,90.82,90.43,91.23
"10381",154,2009,92.97,91.75,91.81,92.45,89.01,92.92
"10382",155,2009,98.09,98.16,93.43,98.18,85.37,98.91
"10383",156,2009,91.52,93.29,94.6,90.68,97.78,96.16
"10384",157,2009,90.92,91.81,93.23,87.86,96.09,92.27
"10385",158,2009,98.74,97.83,98.38,96.14,97.74,98.54
"10386",159,2009,94.86,94.11,95.2,92.7,93.71,93.61
"10387",160,2009,91.81,91.77,91.57,91.33,91.93,92.29
"10388",161,2009,95.49,93.5,93.87,92.99,94.2,92.24
"10389",162,2009,95.84,93.29,93.98,95.98,96.42,93.57
"10390",163,2009,93.46,89.97,91.56,92.23,93.81,89.41
"10391",164,2009,96.58,95.6,97.29,95.02,97.16,94.89
"10392",165,2009,88.53,87.38,87.53,86.57,88.92,89.51
"10393",166,2009,87.05,86.27,87.1,85.8,87.46,86.71
"10394",167,2009,90.31,87.86,89.61,89.18,88.03,87.31
"10395",168,2009,92.45,90.87,92.7,91.11,91.63,89.71
"10396",169,2009,91.56,89.26,89.52,91.04,89.04,88.15
"10397",170,2009,90.29,88.82,89.64,89.26,92.07,89
"10398",171,2009,93.16,91.36,92.98,90.48,92.03,89.63
"10399",172,2009,89.68,91.17,89.04,92.94,90.72,91.55
"10400",173,2009,90.56,91.22,91.01,89.2,91.55,94.91
"10401",174,2009,93.59,92.36,91.99,93.46,89.61,91.97
"10402",175,2009,85.51,82.25,85.97,83.13,87.53,82.59
"10403",176,2009,95.54,91.92,95.35,93.69,92.42,90.77
"10404",177,2009,94.02,91.83,93.51,93.35,92.46,92.4
"10405",178,2009,92.04,90.17,91.04,91.93,92.44,89.77
"10406",179,2009,93.34,92.29,92.51,92.52,94.28,92.35
"10407",180,2009,92.31,90.1,90.49,90.74,91.5,91.04
"10408",181,2009,95.88,94.44,96.69,94.19,94.57,93.58
"10409",182,2009,94.17,96.38,94.02,97.12,95,97.79
"10410",183,2009,98.17,97.66,96.52,96.79,95.2,97.4
"10411",184,2009,96.57,95.55,96.13,96.15,95.3,93.28
"10412",185,2009,91.44,88.1,90.62,89.27,92.46,88.11
"10413",186,2009,92.02,93.34,91.42,91.29,91.85,94.25
"10414",187,2009,90.08,91.34,89.76,91.65,92.09,91.51
"10415",188,2009,90.14,88.93,90.16,87.32,91.91,91.24
"10416",189,2009,94.67,94.93,93.32,94.11,90.67,94.49
"10417",190,2009,95.12,95.47,95.45,94.82,94.85,95.35
"10418",191,2009,89.43,91,89.56,91.24,88.88,90.52
"10419",192,2009,87.09,86.23,86.41,86.87,85.25,85.28
"10420",193,2009,92.85,94.58,95.73,89.96,96.8,95.52
"10421",194,2009,90.64,88.39,89.19,89.26,88.2,88.51
"10422",195,2009,92.46,91.16,91.83,90.21,90.26,91.61
"10423",196,2009,95.52,94.34,94.77,95.39,93.89,94.63
"10424",197,2009,89.71,89.01,90.06,87.56,89.96,90.39
"10425",198,2009,92.26,90.6,92.07,90.31,92.6,91.32
"10426",199,2009,92.33,92.59,92.44,91.23,91.51,92.44
"10427",200,2009,92.78,91.35,91.82,91.91,92.06,91.69
"10428",201,2009,88,91.22,89.41,88.87,90.95,93.12
"10429",202,2009,86.94,87.43,86.82,86.93,87.63,88.41
"10430",203,2009,85.69,85.28,87.03,84.37,88.83,86.71
"10431",204,2009,91.7,90.32,91.83,90.39,92.27,92.02
"10432",205,2009,91.69,92.09,92.38,91.73,93.18,91.82
"10433",206,2009,90.42,90.54,90.11,92.15,90.79,89.66
"10434",207,2009,93.25,90.64,91.86,91.55,88.51,89.31
"10435",208,2009,87.77,86.12,87.58,86.48,86.74,84.5
"10436",209,2009,91.83,92.93,91.94,93.44,90.43,91.97
"10437",210,2009,91.37,89.88,90.16,92.6,90.93,89.31
"10438",211,2009,93.32,93.02,92.39,93.95,91.89,92.18
"10439",212,2009,93.04,92.81,90.71,94.21,90.28,91.43
"10440",213,2009,91.66,91.97,90.88,93.13,92.52,91.44
"10441",214,2009,90.24,91.49,91.56,87.36,88.72,92.26
"10442",215,2009,91.69,91.13,90.12,88.34,89.32,89.57
"10443",216,2009,93.44,91.83,93.03,92.78,90.97,89.97
"10444",217,2009,95.45,93.99,94.4,96.1,92.69,94.1
"10445",218,2009,92.08,92.63,92.41,93.14,94.25,94.14
"10446",219,2009,91.84,91.47,91.67,91.81,93.09,90.52
"10447",220,2009,92.68,91.99,90.56,93.34,90.09,91.45
"10448",221,2009,89.86,88.94,89.01,90.28,89.98,89.82
"10449",222,2009,90.66,89.72,90.99,88.3,91.31,89.22
"10450",223,2009,89.86,89.28,89.19,88.23,91.27,90.07
"10451",224,2009,88.4,89.22,89.19,90.06,88.58,90.4
"10452",225,2009,90.63,91.19,90.39,91.58,88.38,92.39
"10453",226,2009,91.8,89.21,90.65,89.95,89.57,89.56
"10454",227,2009,88.91,90.2,88.82,91.24,89.71,92.25
"10455",228,2009,85.77,87.35,86.8,87.73,87.73,87.06
"10456",229,2009,89.69,91.33,89.63,91.23,89.26,91.8
"10457",230,2009,93.38,93.54,92.44,93,90.12,92.58
"10458",231,2009,90.25,91.78,90.24,90.37,90.06,91.22
"10459",232,2009,85.8,86.38,85.75,86.8,87.22,87.65
"10460",233,2009,93.3,93.01,91.01,93.12,88.3,90.94
"10461",234,2009,91.88,92.38,90.96,93.57,89.61,92.04
"10462",235,2009,86.7,85.65,85.4,87.46,87.49,86.34
"10463",236,2009,89.38,91.31,89.96,91.94,87.61,91.07
"10464",237,2009,93.67,92.86,92.91,93.49,91.56,92.65
"10465",238,2009,92.07,91.75,90.98,93.13,91.29,92.48
"10466",239,2009,89.42,88.08,88,89.18,89.09,89.2
"10467",240,2009,91.44,91.05,90.9,89.75,90.97,90.03
"10468",241,2009,89.04,88.59,90.58,88.63,91.21,89.71
"10469",242,2009,89.96,90.77,90.32,92.5,90.47,89.02
"10470",243,2009,88.18,87.85,87.72,88.82,90.39,86.63
"10471",244,2009,88.16,87.03,88.24,86.82,88.65,87.01
"10472",245,2009,87.98,89.36,88.7,89.63,90.75,90.21
"10473",246,2009,90.54,89.84,89.86,91.97,89.08,90.41
"10474",247,2009,89.92,89.53,88.31,90.63,87.83,89.12
"10475",248,2009,88.18,88.85,87.53,88.34,87.9,89.92
"10476",249,2009,86.89,85.49,86.76,86.14,88.28,86.29
"10477",250,2009,88.75,89.67,88.9,90.03,89.87,89.66
"10478",251,2009,94.24,93.14,93.21,93.94,91.05,92.41
"10479",252,2009,88.87,89.69,88.99,91.34,88.34,87.74
"10480",253,2009,88.16,86.16,86.85,87.09,83.06,84.3
"10481",254,2009,89.46,89.41,86.94,89.79,84.39,87.51
"10482",255,2009,92.4,91.84,90.9,92.28,88.21,92.07
"10483",256,2009,85.55,86.28,86.12,85.54,85.69,87.73
"10484",257,2009,87.89,89.04,88.34,88.99,87.2,91.45
"10485",258,2009,88.64,88.34,88.6,88.99,87.1,87.41
"10486",259,2009,94.41,93.33,93.98,93.63,93.52,91.93
"10487",260,2009,92.25,92.04,91.94,94.02,93.72,92.25
"10488",261,2009,87.34,87.6,88.14,87.79,88.29,87.17
"10489",262,2009,84.98,85.37,86.81,85.96,88.89,85.47
"10490",263,2009,94.28,91.82,92.67,92.93,91.92,91.1
"10491",264,2009,91.64,90.67,92.23,90.74,91.95,90.76
"10492",265,2009,89.01,88.33,88.51,88.32,86.22,86.94
"10493",266,2009,85.88,86.6,86.68,85.35,85.92,87.91
"10494",267,2009,87.82,88.46,88.62,87.5,85.57,88.75
"10495",268,2009,88.67,90.11,88.78,91,88.91,91.18
"10496",269,2009,88.86,89.77,88.1,91.29,88.28,90.5
"10497",270,2009,88.01,88.35,89.04,89.14,88.5,89.19
"10498",271,2009,88.41,90.29,88.35,91.29,90.66,90.21
"10499",272,2009,89.97,89.39,91.03,89.73,88.47,89.62
"10500",273,2009,90.14,90.62,91.1,88.52,89.2,89.66
"10501",274,2009,90.43,89.9,91.2,89.13,90.86,90.49
"10502",275,2009,90.71,89.24,88.91,90.24,87.63,88.19
"10503",276,2009,93.88,93.04,92.69,93.67,87.19,93.55
"10504",277,2009,87.53,87.48,88.41,87.95,91.19,88.4
"10505",278,2009,87.33,88.08,89.15,87.31,89.46,87.46
"10506",279,2009,89.01,90.38,90.79,88.61,91.69,89.02
"10507",280,2009,91.71,89.08,89.53,91.38,88.02,87.29
"10508",281,2009,88.75,89.56,89.43,89.26,87.4,88.04
"10509",282,2009,87.05,86.56,88.14,85.45,90.74,86.83
"10510",283,2009,85.4,86.4,85.39,86.44,84.96,86.27
"10511",284,2009,88.62,87.12,87.02,89.21,84.93,86.32
"10512",285,2009,85.9,85.75,86.68,88.64,89.68,85.94
"10513",286,2009,89.22,89.05,89.25,87.33,90,87.08
"10514",287,2009,94.52,93.8,94.29,94.17,94.12,93.42
"10515",288,2009,92.86,90.45,90.52,92.88,89.33,89.86
"10516",289,2009,86.52,87.28,86.18,88.55,87.14,89.25
"10517",290,2009,92.25,93.26,93.63,92.45,95.23,93.29
"10518",291,2009,88.71,88.92,88.2,90.64,92.02,89.88
"10519",292,2009,93.67,94.21,93.7,92.52,91.64,93.9
"10520",293,2009,87.46,86.99,89.06,88.15,88.15,87.15
"10521",294,2009,89.02,89.48,89.56,88.78,90.92,90.98
"10522",295,2009,92.59,88.33,88.66,93.39,86.2,87.25
"10523",296,2009,90.35,88,90.96,89.64,92.61,86.66
"10524",297,2009,90.73,90.85,91.44,91.1,93.83,92.28
"10525",298,2009,86.93,89.2,85.26,91.24,85.45,89.18
"10526",299,2009,85.17,85.95,85.37,85.89,86.9,86.38
"10527",300,2009,89.21,90.94,91.44,87.62,90.36,91.04
"10528",301,2009,89.83,89.13,88.65,90.15,85.93,87.51
"10529",302,2009,89.53,88.97,88.38,90.52,88.57,87.31
"10530",303,2009,88.42,88.3,87.61,90.6,87.15,88.79
"10531",304,2009,85.05,84.32,84.82,86.32,86.91,84.67
"10532",305,2009,84.68,85.16,85.3,86.71,86.81,83.67
"10533",306,2009,84.27,89,86.52,85.33,90.43,91.48
"10534",307,2009,85.19,86.37,85.01,87.35,84.82,86.71
"10535",308,2009,86.37,84.8,85.67,86.91,86.78,82.84
"10536",309,2009,85.5,86.2,88.59,84.9,91.49,87
"10537",310,2009,84.31,85.01,85.23,84.92,89.48,87.66
"10538",311,2009,82.68,86.28,86.01,83.15,88.12,88.38
"10539",312,2009,87.94,88.44,88.79,86.91,87.52,89.28
"10540",313,2009,88.17,88.94,90.15,86.3,90.86,91.09
"10541",314,2009,85.01,85.12,85.7,86.03,85.1,85.87
"10542",315,2009,91.67,90.95,91.11,92.1,90.32,91.23
"10543",316,2009,90.88,89.91,91.57,90.8,90.94,89.29
"10544",317,2009,89.05,89.45,88.75,90.17,86.98,90.97
"10545",318,2009,87.1,86.76,85.3,88.54,83.84,86.15
"10546",319,2009,86.54,86.85,86.08,87.69,87.43,86.47
"10547",320,2009,90.43,90.33,88.33,91.07,86.38,89.94
"10548",321,2009,91.86,91.53,92.91,90.37,89.79,90.91
"10549",322,2009,91.87,89.93,93.04,89.26,90.22,89.18
"10550",323,2009,89.74,90.17,90.04,88.2,91.46,90.97
"10551",324,2009,88.72,89.53,88.32,90.76,87.93,89.88
"10552",325,2009,91.84,91.13,90.63,92.29,90.17,88.96
"10553",326,2009,94,94.52,95.03,93.31,94.52,93.26
"10554",327,2009,94.02,94,94.62,93.88,95.14,93.16
"10555",328,2009,90.14,89.63,91.47,89.81,91.72,91.4
"10556",329,2009,90.6,91.69,90.55,91.76,90.38,91.42
"10557",330,2009,85.36,88.37,88.13,87.8,91.11,88.54
"10558",331,2009,88.29,91.63,91.97,90.4,94.37,93.56
"10559",332,2009,92.32,93.38,94.4,94.06,95.3,93.6
"10560",333,2009,93.31,93.2,92.98,93.33,92.8,92.11
"10561",334,2009,88.91,87.33,88.35,88.08,92.54,85.16
"10562",335,2009,87.98,89.5,90.97,86.96,94.23,90.56
"10563",336,2009,91.2,92.85,93.81,89.46,92.89,93.73
"10564",337,2009,89,90.98,91.4,87.21,92.22,92.12
"10565",338,2009,86.39,90.16,90.34,86.81,94.5,92.2
"10566",339,2009,84.4,86.41,86.49,82.5,88.59,86.28
"10567",340,2009,77.1,78.86,80.46,76.45,86.87,81.26
"10568",341,2009,75.07,77.87,78.56,75.74,86.95,81.58
"10569",342,2009,81.91,87.85,87.3,82.7,93.69,91.62
"10570",343,2009,90,92.15,92.52,89.08,93.51,92.3
"10571",344,2009,91.88,92.26,91.78,91.88,93.44,92.04
"10572",345,2009,90.31,90.59,90.04,90.22,87.53,90.24
"10573",346,2009,89.22,91.14,91.71,88.57,91.07,91.04
"10574",347,2009,87.53,89.86,92.31,84.69,94.34,91.45
"10575",348,2009,86.51,89.58,90.59,84.16,93.31,91.24
"10576",349,2009,86.01,90.64,90.58,85.85,94.44,91.93
"10577",350,2009,86.25,89.42,91.42,83.13,93.85,91.44
"10578",351,2009,89.66,91.64,93.11,87.54,94.89,93.05
"10579",352,2009,88.1,91.3,91.09,88.31,95.25,93.64
"10580",353,2009,88.59,90.29,90.74,88.1,92.73,91.16
"10581",354,2009,92.12,91.94,93.82,90.86,94.68,93.1
"10582",355,2009,91.87,91.88,91.55,93.85,90.65,92.87
"10583",356,2009,91.13,93.52,91.54,91.21,92.69,93.73
"10584",357,2009,89.46,90.78,89.89,90.19,89.72,90.77
"10585",358,2009,89.99,91.01,89.3,90.51,90.09,91.09
"10586",359,2009,88.3,90.36,90.15,88.05,91.25,91.59
"10587",360,2009,89.35,89.19,90.76,89.73,92.71,89.09
"10588",361,2009,93.12,93.01,93.33,93.57,93.99,92.62
"10589",362,2009,83.41,85.02,85.11,83.14,87.98,84.47
"10590",363,2009,75.6,78.76,78.12,78.06,87.27,81.17
"10591",364,2009,74.92,76.92,77.45,75.68,83.51,80.1
"10592",365,2009,71.51,72.83,74.3,73.09,86.83,73.85
"10593",1,2010,68.83,70.29,70.4,69.18,77.98,71.28
"10594",2,2010,65.21,66.08,66.29,65.43,72.77,65.73
"10595",3,2010,63.37,67.51,67.14,64.6,74.63,70.52
"10596",4,2010,68.68,75.46,75.93,66.24,81.68,77.56
"10597",5,2010,75.68,78.01,80.83,71.98,84.58,81.77
"10598",6,2010,84.49,87.79,86.96,83.81,93.79,88.4
"10599",7,2010,90.69,91.27,90.3,90.39,90.98,90.89
"10600",8,2010,87.51,86.96,86.64,87.42,85.72,86.52
"10601",9,2010,77.57,79.14,80.46,78.6,86.55,80.46
"10602",10,2010,75.69,80.31,82.51,71.57,86.66,84.07
"10603",11,2010,72.8,77.73,78.26,68.64,85.5,80.56
"10604",12,2010,66.4,74.88,75.34,64.2,83.81,78.77
"10605",13,2010,64.15,73.22,75.56,63.13,88.5,81.95
"10606",14,2010,74.83,83.83,83.82,72.32,90.42,88.14
"10607",15,2010,82.36,86.14,87.56,79.76,93.31,88.14
"10608",16,2010,95.9,98.34,96.33,94.91,95.59,98.61
"10609",17,2010,93.42,93.48,93.42,91.94,95.76,94.42
"10610",18,2010,93.1,93.07,92.88,91.57,92.06,91.95
"10611",19,2010,86.88,87.7,87.84,87.6,89.06,88.55
"10612",20,2010,86.44,87.09,84.88,86.4,87.31,86.43
"10613",21,2010,86.88,90.96,88.39,87.8,91.94,92.08
"10614",22,2010,87.26,88,87.72,86.82,88.74,86.7
"10615",23,2010,87.5,86.69,86.94,84.75,87.93,85.42
"10616",24,2010,90.47,89.24,87.32,87.73,86.63,86.23
"10617",25,2010,91.23,89.84,89.03,92.4,89.19,88.7
"10618",26,2010,92.2,91.66,92.16,91.63,93.23,92.86
"10619",27,2010,87.84,86.99,88.43,86.42,88.52,87.28
"10620",28,2010,81.25,83.63,83.82,78.87,87.15,83.2
"10621",29,2010,76.78,80.93,81.55,73.14,89.12,84.2
"10622",30,2010,74.9,77.26,78.82,70.61,83.57,78.38
"10623",31,2010,77.52,79.31,83.12,73.58,89.7,82.17
"10624",32,2010,86.83,88.12,89.28,85.1,92.06,89.12
"10625",33,2010,93.02,93.81,93.76,93.11,96.23,94.36
"10626",34,2010,90.34,89,90.49,89.81,93.45,89.35
"10627",35,2010,92.83,92.59,93.02,92.67,93.95,91.75
"10628",36,2010,94.03,93.08,92.78,92.74,93.36,93.36
"10629",37,2010,92.36,92.9,92.75,92.35,93.86,92.43
"10630",38,2010,89.94,91.61,90.73,90.12,92.85,90.51
"10631",39,2010,88.44,89.92,87.66,88.46,91.41,90.12
"10632",40,2010,90.92,93.06,90.99,92.28,91.71,91.72
"10633",41,2010,87.32,88.82,88.15,87.08,92.1,88.37
"10634",42,2010,84.18,85.61,84.73,83.78,85.31,85.09
"10635",43,2010,82.51,78.8,79.88,78.79,75.64,75.73
"10636",44,2010,77.91,77.67,77.05,75.79,78.45,76.72
"10637",45,2010,79.6,84.72,82.15,78.91,89.14,88.51
"10638",46,2010,89.15,87.94,87.17,86.32,89.41,86.98
"10639",47,2010,87.28,88.87,87.85,86.23,86.9,87.58
"10640",48,2010,82.49,82.81,82.62,80.67,84.1,82.77
"10641",49,2010,88.09,88.89,89.55,85.46,92.88,89.39
"10642",50,2010,95.49,93.87,93.81,96.21,90.88,93.48
"10643",51,2010,93.36,92.4,92.74,92.3,93.2,92.21
"10644",52,2010,86.24,88.17,87.29,87.19,88.88,90.05
"10645",53,2010,84.73,87.85,87.3,84.98,91.31,91.32
"10646",54,2010,86.07,89.39,87.73,87.2,90.48,89.86
"10647",55,2010,88.58,89.38,88.27,88.2,89.38,92.13
"10648",56,2010,90.51,90.58,89.25,89.31,87.68,91
"10649",57,2010,87.71,88.82,89.13,86.24,90.37,91.74
"10650",58,2010,87.19,86.93,86.08,87.47,86.32,86.51
"10651",59,2010,85.58,85.59,85.17,83.55,85.2,85.55
"10652",60,2010,89.08,88.53,89.73,85.34,89.54,88.94
"10653",61,2010,88.54,90.05,90.61,85.99,91.65,91.78
"10654",62,2010,86.88,87.88,86.42,88.92,87.61,89.18
"10655",63,2010,87.87,90.23,88.71,89.91,90.53,91
"10656",64,2010,88.81,89.12,86.31,89.25,88.41,89.09
"10657",65,2010,86.31,86.7,85.14,86.37,84.01,87.3
"10658",66,2010,84.53,84.81,83.56,86.54,85.54,86.91
"10659",67,2010,89.68,88.03,87.67,92.06,88.73,87.96
"10660",68,2010,89.3,88.73,88.22,90.28,90.58,88.45
"10661",69,2010,91.68,92.17,90.52,92.45,88.89,90.97
"10662",70,2010,91.16,90.52,90.38,91.03,92.51,91.6
"10663",71,2010,87.84,88.1,87.51,88.44,87.07,88.7
"10664",72,2010,86.42,85.21,85.36,86,85.66,86.44
"10665",73,2010,84.65,86.46,83.94,85.88,85.05,89.07
"10666",74,2010,83.93,84.63,84.32,82.98,89.38,85.09
"10667",75,2010,83.19,82.44,82.76,83.18,85.02,83.94
"10668",76,2010,93.47,86.85,90.01,92.22,85.92,84.37
"10669",77,2010,96.04,95.06,96.26,94.3,96.33,94.07
"10670",78,2010,93.18,92.76,91.58,92.14,93.17,93.63
"10671",79,2010,92.75,91.37,91.63,92.27,90.95,91.44
"10672",80,2010,85.46,85.97,85.62,85.35,88.17,85.87
"10673",81,2010,83.72,83.71,84.27,82.65,86.15,86.44
"10674",82,2010,78.65,83.85,83.25,76.63,87.93,86.77
"10675",83,2010,86.9,86.59,88.06,84.27,86.63,88.05
"10676",84,2010,85.91,84.78,84.8,82.9,85.47,85.3
"10677",85,2010,92.83,92.68,93.87,87.14,96.38,94.57
"10678",86,2010,89.13,88.29,90.69,86.79,90.35,89.88
"10679",87,2010,85.91,86.89,85.49,86.63,85.7,87.92
"10680",88,2010,85,84.86,85.29,87.32,89.62,87.65
"10681",89,2010,94.73,92.66,94.22,91.8,89.75,92.32
"10682",90,2010,93.27,94.36,95.17,92.46,94.47,95.96
"10683",91,2010,88.57,88.64,89.33,88.28,89.87,89.41
"10684",92,2010,84.51,85.14,85.84,83.68,87.62,86.14
"10685",93,2010,80.46,80.67,80.58,80.85,80.02,81.05
"10686",94,2010,88.32,87.19,87.78,85.43,80.65,83.29
"10687",95,2010,95.39,96.31,95.13,96.63,94.64,97.01
"10688",96,2010,90.09,93.25,91.64,93.16,92.76,93.4
"10689",97,2010,93.46,94.64,95.17,93.22,96.16,95.8
"10690",98,2010,94.15,93.32,93.19,92.71,94.1,95.76
"10691",99,2010,96.56,96.76,97.75,95.59,98.65,96.77
"10692",100,2010,98.08,98.55,98.59,98.48,99.33,98.61
"10693",101,2010,98.2,97.03,97.12,97.99,97.54,96.11
"10694",102,2010,91.61,92.32,91.35,91.54,91.31,91.54
"10695",103,2010,90.42,89.58,89.09,92.37,85.03,89.98
"10696",104,2010,95.82,95.12,95.66,92.93,94.46,95.31
"10697",105,2010,90.35,91.24,89.75,91.4,90.22,92.74
"10698",106,2010,91.86,92.69,91.29,91.36,89.22,90.23
"10699",107,2010,85.09,84.28,86.84,81.07,86.91,83.99
"10700",108,2010,86.24,89.62,87.33,86.6,88.66,87.99
"10701",109,2010,94.68,92.27,90.11,94.84,84.58,89.07
"10702",110,2010,85.49,86.11,86.18,84.41,88.06,87.88
"10703",111,2010,88.23,88.49,88.03,89.07,88.53,88.33
"10704",112,2010,83.72,83.74,83.87,83.91,84.86,84.38
"10705",113,2010,83.47,82.5,82.75,84.19,85,80.86
"10706",114,2010,93.48,93.63,92.35,95.64,91.82,93.45
"10707",115,2010,91.65,93.45,92.54,92.28,92.21,95.44
"10708",116,2010,91.07,91.55,91.42,90.42,96.25,94.24
"10709",117,2010,95.11,95.7,95.83,91.34,92.96,97.28
"10710",118,2010,91.56,92.05,90.98,93.19,92.92,93.08
"10711",119,2010,94.21,93.22,91.19,92.92,92.54,94.06
"10712",120,2010,92.24,92.43,93.03,90.83,93.01,91.75
"10713",121,2010,87.16,87.3,88.13,88.08,87.44,87.53
"10714",122,2010,94.48,95.2,93.59,93.96,93.26,95.37
"10715",123,2010,88.56,89.64,87.72,90.9,88.47,90.94
"10716",124,2010,91.37,91.91,93.22,93.25,91.19,90.8
"10717",125,2010,93.88,96.76,95.76,93.5,95.25,97.2
"10718",126,2010,86.82,89.01,88.3,88.37,91.22,87.84
"10719",127,2010,89.72,91.15,89.59,92.57,87.23,90.12
"10720",128,2010,89.04,89.72,89.23,88.47,91.4,88.58
"10721",129,2010,94.71,95.26,93.25,93.69,91.51,95.88
"10722",130,2010,91.72,90.65,91.19,91.68,95.64,90.8
"10723",131,2010,89.43,88.97,87.98,91.27,90.84,89.57
"10724",132,2010,88.28,89.25,87.34,93.54,85.19,89.63
"10725",133,2010,82.3,85.62,83.02,84.43,79.36,87.75
"10726",134,2010,83.28,85.23,82.93,84.83,82,86.12
"10727",135,2010,85.92,88.41,82.36,89.6,82.41,89.71
"10728",136,2010,89.95,90.11,90.2,90.45,91.64,89.01
"10729",137,2010,91.84,92.37,91.41,92.03,90.49,93.57
"10730",138,2010,89.02,89.49,90.6,87.66,90.05,89.76
"10731",139,2010,91.16,89.09,88.93,91.17,89.74,86.43
"10732",140,2010,94.07,93.79,93.02,94.39,93.8,92.38
"10733",141,2010,92.1,91.53,91.32,92.36,91.1,91.17
"10734",142,2010,87.43,89.19,86.63,90.2,85.13,90.74
"10735",143,2010,86.97,87.07,86.73,86.26,87.45,86.37
"10736",144,2010,80.98,78.29,83.25,77.41,83,77.34
"10737",145,2010,87.04,85.02,86.28,91.24,90.9,85.32
"10738",146,2010,94.55,94.67,95.34,94.49,96.31,94.07
"10739",147,2010,92.1,91.89,93.29,91.14,93.09,90.67
"10740",148,2010,92.03,94.69,91.1,95.22,94.16,97.16
"10741",149,2010,81.79,84.42,82.26,83.89,86.33,87.1
"10742",150,2010,85.34,83.65,84.45,83.12,83.56,81.15
"10743",151,2010,95.46,94.39,94.78,94.29,91.4,90.67
"10744",152,2010,91.69,91.86,92.68,91.66,92.31,89.97
"10745",153,2010,94.31,95.09,95.15,94.64,93.68,95.15
"10746",154,2010,93.67,93.58,94.47,91.98,94.72,94.7
"10747",155,2010,92.23,91.92,91.88,93.27,92.48,91.97
"10748",156,2010,91.86,92.83,91.63,90.02,92.67,92.73
"10749",157,2010,89.72,90.05,89.72,90.09,90.37,88.67
"10750",158,2010,87.51,87.5,87.97,87.11,89.53,87.22
"10751",159,2010,92.89,92.21,92.68,91.86,92.19,94.46
"10752",160,2010,92.22,90.67,92.49,91.99,90.61,89.34
"10753",161,2010,92.01,92.22,92.67,92.32,93.17,92.46
"10754",162,2010,96.75,96.58,97.63,96.19,96.93,96.28
"10755",163,2010,92.29,90.45,91.91,90.05,92.62,89.4
"10756",164,2010,91.34,90.44,90.75,91.38,91.55,88.98
"10757",165,2010,90.57,90.51,90.51,92.42,92,93.11
"10758",166,2010,88.99,87.97,89.49,89.44,89.41,89.91
"10759",167,2010,93.56,94.43,91.99,94.48,91,95.41
"10760",168,2010,92.12,91.46,90.14,91.04,91.49,93.04
"10761",169,2010,93.68,93.42,92.84,93.53,95,94.33
"10762",170,2010,93.77,93.69,92.38,92.18,92.54,94.83
"10763",171,2010,87.76,89.08,89.12,87.87,88.72,90.05
"10764",172,2010,86.1,85.4,84.17,87.64,83.46,84.6
"10765",173,2010,87.89,85.54,85.93,88.19,83.8,86.51
"10766",174,2010,91.04,87.14,89.83,86.61,86.4,87.62
"10767",175,2010,90.02,88.48,90.54,87.64,90.76,91
"10768",176,2010,91.78,91.3,91.53,91.52,90.6,90.31
"10769",177,2010,95.62,95.28,94.84,93.82,94.12,94.18
"10770",178,2010,91.54,92.86,91.59,91.58,91.34,93.1
"10771",179,2010,95,96.42,95.51,95.06,92.78,98.12
"10772",180,2010,98.44,97.82,96.83,99.12,93.8,97.88
"10773",181,2010,91.8,90.52,90.35,90.73,90.6,90.42
"10774",182,2010,92.77,93.33,92.87,92.89,91.45,96
"10775",183,2010,93.05,93.02,93.59,91.71,91.78,92.87
"10776",184,2010,89.53,90.07,89.45,91.48,90.27,89.87
"10777",185,2010,93.63,92.54,91.73,93.44,89.09,90.45
"10778",186,2010,87.02,86.64,86.54,88.55,86.81,86.64
"10779",187,2010,92.89,91.99,92.54,91.1,90.55,90.27
"10780",188,2010,91.1,89.24,89.23,90.95,89.21,89.32
"10781",189,2010,90.6,90.47,90.05,88.63,92.19,91.2
"10782",190,2010,90.28,88.85,89.43,91.38,88.94,87.09
"10783",191,2010,91.84,93.64,93.99,92.2,96.55,95.92
"10784",192,2010,90.38,91.34,88.65,94.42,90.76,90.52
"10785",193,2010,82.64,83.43,83.59,83.22,85.57,82.59
"10786",194,2010,89.39,89.81,90.57,89.64,90.93,90
"10787",195,2010,91.42,90.23,88.69,91.04,89.6,88.58
"10788",196,2010,93.38,93.62,96.5,91.51,96.97,94.54
"10789",197,2010,89.75,88.7,90.4,89.63,92,89.82
"10790",198,2010,94.13,93.19,91.73,93.95,91.53,94.16
"10791",199,2010,84.97,83.35,82.71,85.62,81.14,85.43
"10792",200,2010,84.16,82.61,82.71,84.2,81.41,83.26
"10793",201,2010,79.86,79.99,80.36,79.79,80.3,81
"10794",202,2010,78.49,80.18,80.27,77.47,83.95,81.91
"10795",203,2010,84.71,86.34,85.05,84.53,88.07,87.27
"10796",204,2010,92.99,91.09,90.89,91.59,90.4,92.05
"10797",205,2010,91.16,91.28,92.17,88.77,93.6,92.66
"10798",206,2010,90.28,90.46,89.04,92.48,90.41,89.36
"10799",207,2010,95.74,96.26,95.02,96.56,94.91,96.64
"10800",208,2010,96.91,95.41,95.62,95.48,92.56,95.77
"10801",209,2010,89.88,89.76,90.32,87.07,89.17,88.21
"10802",210,2010,98.05,97.99,97.21,97.85,96.24,97.35
"10803",211,2010,88.03,88.45,87.95,87.87,88.89,88.66
"10804",212,2010,86.77,86.86,87.19,84.99,87.63,87.56
"10805",213,2010,90.85,91.57,90.26,89.98,89.39,92.4
"10806",214,2010,94.91,94.7,94.64,94.25,94.57,95.54
"10807",215,2010,93.49,94.02,93.92,92.73,93.72,94.44
"10808",216,2010,85.97,85.93,86.93,86.26,87.16,87.18
"10809",217,2010,88.92,90.53,88.16,90.34,82.88,91.59
"10810",218,2010,93.64,92.21,89.81,95,84.74,90.08
"10811",219,2010,87.19,85.4,83.13,87.29,80.43,88.75
"10812",220,2010,89.44,86.4,85.63,90.12,85.49,86.7
"10813",221,2010,88.38,91.85,88.87,91.23,89.19,93.93
"10814",222,2010,88.2,89.57,90.26,87.74,93.97,93.95
"10815",223,2010,86.16,87.57,88.65,85.85,91.89,89.87
"10816",224,2010,87.67,89.81,88.52,89.51,90.61,89.96
"10817",225,2010,92.11,92.33,92.92,92.25,93.96,93.5
"10818",226,2010,98.08,97.69,97.9,96.64,97.01,97.67
"10819",227,2010,88.31,89.15,89.46,87.27,88.35,90.27
"10820",228,2010,86.84,87.04,86.54,86.96,86.39,88.24
"10821",229,2010,87.61,87.67,86.03,87.28,85.77,86.64
"10822",230,2010,89.29,91.6,87.7,94.09,85.41,91.36
"10823",231,2010,85.72,88.3,87.3,87.9,89.8,89.17
"10824",232,2010,86.19,85.49,84.9,85.62,85.61,87
"10825",233,2010,93.11,92.16,92.29,92.48,91.06,92.37
"10826",234,2010,88.59,88.74,87.34,88.87,87.74,91.17
"10827",235,2010,84.74,86.99,87.17,84.08,88.69,89.9
"10828",236,2010,89.06,88.78,89.06,87.84,89.04,90.05
"10829",237,2010,90.9,89.96,89.12,90.68,89.39,89.93
"10830",238,2010,86.52,88.52,87.74,86.83,90.86,90.3
"10831",239,2010,87.32,88.2,87.29,88.04,87.37,88.92
"10832",240,2010,86.54,85.75,85.52,85.58,85.83,85.22
"10833",241,2010,86.87,85.68,86.96,84.81,87.56,84.84
"10834",242,2010,94.65,92.63,93.24,92.94,92.56,91.22
"10835",243,2010,88.08,88.22,87.34,89.42,86.62,87.18
"10836",244,2010,86.57,86.34,86.32,87.66,87.06,89.08
"10837",245,2010,86.64,86.96,88.13,84.8,86.56,87.29
"10838",246,2010,91.54,90.93,92.8,90.18,91.39,90.82
"10839",247,2010,92.27,92.22,90.66,91.58,87.15,90.7
"10840",248,2010,88.01,87.62,87.89,87.48,87.68,86.66
"10841",249,2010,89.8,89.32,89.46,87.48,88.93,89.44
"10842",250,2010,96.51,96.41,97.64,94.4,98.57,97.25
"10843",251,2010,91.64,90.81,92.38,90.31,92.45,90.27
"10844",252,2010,84.97,84.69,85.06,84.22,84.59,84.51
"10845",253,2010,86.73,85.3,86.61,86.69,84.49,85.79
"10846",254,2010,91.5,88.39,86.1,93.97,87.71,89.08
"10847",255,2010,90.02,88.32,88.74,88.33,85.81,89.13
"10848",256,2010,85.72,86.86,86.29,86.97,87.55,89.05
"10849",257,2010,87.16,90.78,87.83,88.53,88.12,90.99
"10850",258,2010,88.38,88.08,88.75,89.4,89.53,88.14
"10851",259,2010,88.66,87.83,88.06,88.61,88.02,86.89
"10852",260,2010,84.11,84.92,84.97,84.41,85.52,85.45
"10853",261,2010,87.89,88.74,87.12,88.55,84.67,87.67
"10854",262,2010,94.03,94.57,94.32,94.87,94.3,94.6
"10855",263,2010,88.28,87.5,88.61,89.19,87.84,87.76
"10856",264,2010,87.64,87.55,87.11,88.21,88.49,87.48
"10857",265,2010,88.93,86.09,86.52,87.53,85.3,85.51
"10858",266,2010,89.94,91.2,89.59,91.36,89.45,92.1
"10859",267,2010,91.03,91.01,90.73,92.09,90.8,88.96
"10860",268,2010,83.52,84.97,84.72,85.51,86.02,86.05
"10861",269,2010,84.23,87.16,85.34,86.92,85.89,86.62
"10862",270,2010,87.81,89.01,87.6,88.29,88.92,90.56
"10863",271,2010,84.74,85.27,84.62,86.26,86.95,86.47
"10864",272,2010,84.23,84.42,83.51,85.05,86.25,83.94
"10865",273,2010,91.71,91.86,87.69,93.78,86.31,89.42
"10866",274,2010,85.12,84.75,82.56,85.96,81.39,83.06
"10867",275,2010,87.19,88.15,85.5,87.64,83.8,86.03
"10868",276,2010,84.87,82.73,82.11,85.85,83.2,79.98
"10869",277,2010,94.38,92.95,92.52,93.23,90.82,90.81
"10870",278,2010,91.73,91.66,92.39,90.03,90.79,90.56
"10871",279,2010,87.4,87.86,87.2,86.79,87.67,87.65
"10872",280,2010,86.95,86.68,87.02,85.47,84.76,85.79
"10873",281,2010,87.9,86.44,87.83,86.8,86.42,85.5
"10874",282,2010,91.7,90.49,90.34,90.96,89.74,91.83
"10875",283,2010,89.44,89.8,90.57,89.33,93.05,90.31
"10876",284,2010,88.44,86.39,87.22,88.19,87.48,86.52
"10877",285,2010,88.53,86.94,87.06,86.87,85.98,86.31
"10878",286,2010,89.9,89.34,88.41,88.79,87.37,87.51
"10879",287,2010,88.14,86.74,88.15,87.15,89.99,85.69
"10880",288,2010,92.48,89.95,88.9,93.72,94.75,88.81
"10881",289,2010,89.08,90.38,91.63,89.08,94.81,90.47
"10882",290,2010,89.51,91.03,91.65,88.5,89.64,90.57
"10883",291,2010,86.44,86.18,86.63,85.62,85.8,85.49
"10884",292,2010,86.49,85.54,87.47,85.27,86.78,85.86
"10885",293,2010,93.36,93.55,94.37,93.5,94.53,94.24
"10886",294,2010,86.25,86.3,87.85,87.39,86.83,87.67
"10887",295,2010,82.29,82.12,84.76,82.46,83.74,81.93
"10888",296,2010,81.76,81.67,83.28,82.24,83.56,81.54
"10889",297,2010,84.52,88.7,88.17,84.27,88.79,90.57
"10890",298,2010,91.28,90.75,90.31,90.96,85.94,89.52
"10891",299,2010,90.19,90.69,92.23,87.21,92.19,91.3
"10892",300,2010,89.44,87.74,88.24,88.27,83.67,86.38
"10893",301,2010,83.94,83.86,83.73,84.19,85.9,83.79
"10894",302,2010,83.5,83.76,83.8,83.34,85.17,82.71
"10895",303,2010,87.97,90.95,88.76,89.7,87.93,89.8
"10896",304,2010,86.35,85.86,85.77,86.53,88.64,87.38
"10897",305,2010,87.04,86.03,87.36,86.82,87.19,87.71
"10898",306,2010,91.35,89.85,89.59,90.88,88.43,89
"10899",307,2010,88.99,88.58,86.92,88.88,84.03,87.87
"10900",308,2010,84.75,85.05,85.59,85.66,83.77,85.91
"10901",309,2010,85.39,83.63,86.65,84.47,86.85,83.36
"10902",310,2010,93.42,91.03,91.73,94.26,87.66,90.28
"10903",311,2010,93.39,93.89,93.48,94.2,92.77,93.03
"10904",312,2010,88.38,91.46,88.58,90.87,86.03,91.43
"10905",313,2010,88.24,89.9,86.98,90.99,85.93,90.38
"10906",314,2010,88.98,89.54,88.47,91.11,92.02,90.17
"10907",315,2010,91.53,92.28,93.68,91.85,94.81,93.16
"10908",316,2010,93.07,91.32,92.58,92.48,94.22,90.3
"10909",317,2010,94.18,96.5,95.31,94.93,94.29,95.36
"10910",318,2010,89.79,87.74,88.19,88.38,90.24,89.23
"10911",319,2010,85.94,84.36,86.06,84.17,85.81,85.78
"10912",320,2010,90.44,90.87,91.27,89.73,91.51,91.6
"10913",321,2010,93.9,93.87,93.95,93.92,93.69,94.28
"10914",322,2010,93.75,90.82,90.4,94.15,88.88,89.42
"10915",323,2010,91.89,88.87,87.04,90.73,86.43,86.13
"10916",324,2010,86.13,86.47,85.71,86.57,86.22,85.38
"10917",325,2010,89.65,92.38,91.83,90.62,95.48,93.62
"10918",326,2010,93.14,93.8,91.94,91.54,93.32,94.21
"10919",327,2010,90.5,89.97,89.18,90.15,88.48,88.46
"10920",328,2010,82.71,84.17,83.25,82.61,85.62,83.46
"10921",329,2010,84.39,89.86,89.69,83.48,97.44,92.38
"10922",330,2010,92.76,92.61,90.29,94.44,88.73,89.68
"10923",331,2010,92.6,92.59,89.25,95.15,87.82,93.21
"10924",332,2010,86.8,85.81,85.47,86.88,83.96,84.65
"10925",333,2010,84.15,84.27,86.61,83.6,88.14,83.84
"10926",334,2010,88.74,90.69,91.92,87.57,91.85,92.03
"10927",335,2010,88.62,87.81,88.18,88.55,88.47,88.21
"10928",336,2010,93.63,93.53,94.12,95.01,93.33,93.55
"10929",337,2010,97.17,97,97.05,97.14,96.41,97.27
"10930",338,2010,92.14,93.64,91.45,93.64,91.06,93.91
"10931",339,2010,87.39,86.6,87.2,87.26,85.51,87.33
"10932",340,2010,90.87,92.04,92.54,89.46,90.15,93.78
"10933",341,2010,90.34,90.4,89,91.87,87.39,91.08
"10934",342,2010,86.87,86.63,85.71,89.01,84.76,86.01
"10935",343,2010,86.71,88.08,87.94,86.89,87.91,89.75
"10936",344,2010,87.64,86.46,85.3,89.1,84.71,87.26
"10937",345,2010,86.34,86.81,84.63,86.2,83.69,86.83
"10938",346,2010,85.93,87.41,87.27,86.36,86.13,89.66
"10939",347,2010,82.82,83.8,83.1,84.33,84.09,86.21
"10940",348,2010,81.31,83.33,82.89,81.98,84.39,84.55
"10941",349,2010,82.16,89.42,88.93,82.65,93.04,91.69
"10942",350,2010,84.95,88.18,87.84,85.83,91.52,90.68
"10943",351,2010,90.33,92,91,93.32,91.15,90.92
"10944",352,2010,91.43,94.58,93.71,91.5,88.55,95.61
"10945",353,2010,85.01,87.54,85.5,87.05,85.15,86.43
"10946",354,2010,82.23,86.12,85.21,83.17,88.87,88.42
"10947",355,2010,87.91,89.43,87.31,88.86,85.9,89.14
"10948",356,2010,92.42,92.32,90.17,93.14,87.5,92.16
"10949",357,2010,92.27,91.48,92.18,94.11,93.92,91.88
"10950",358,2010,89.19,91.5,88.62,89.85,87.06,90.05
"10951",359,2010,90.98,91.76,89.63,91.25,87.77,93.41
"10952",360,2010,93.03,93.38,92.83,93.86,93.45,94.81
"10953",361,2010,90.3,91.67,92.21,90.47,94.49,94.32
"10954",362,2010,94.04,95.31,93.96,94.58,91.3,94.49
"10955",363,2010,90.54,91.85,90.05,91.09,92.68,91.04
"10956",364,2010,80.96,81.48,82.55,81.08,85.68,81.11
"10957",365,2010,77.2,76.89,75.97,78.5,79.72,75.97
"10958",1,2011,77.76,79.39,77.21,79.48,77.97,78.38
"10959",2,2011,74.53,79.01,77.93,76.21,86.85,83.47
"10960",3,2011,77.59,82.04,81.34,79,87.53,86.29
"10961",4,2011,77.88,86.02,83.12,79.16,88.08,89.28
"10962",5,2011,83.74,92.25,87.68,84.86,90.07,92.51
"10963",6,2011,92.19,92.12,93.36,91.8,93.69,93.81
"10964",7,2011,93.1,92.08,90.99,93.26,88.97,91.55
"10965",8,2011,88.85,87.58,87.96,89.86,88.93,87.85
"10966",9,2011,96.68,94.65,94.68,96.06,92.58,93.19
"10967",10,2011,94.98,94.62,92.44,95.06,91.85,94.28
"10968",11,2011,89.93,91.18,90.56,91.14,89.37,91.01
"10969",12,2011,80.78,83.22,83.41,81.26,92.34,87.05
"10970",13,2011,77.05,79.17,80.11,77.85,87.03,81.38
"10971",14,2011,81.25,80.98,81.78,81.03,87.61,80.06
"10972",15,2011,91.82,92.99,93.08,91.76,95.24,93.65
"10973",16,2011,92.95,93.05,93.2,91.37,92.2,93.22
"10974",17,2011,85.1,89.38,90.76,84.4,95.01,93.06
"10975",18,2011,83.96,87.83,89.37,80.63,91.75,90.44
"10976",19,2011,81.83,86.15,86.08,79.76,89.99,87.8
"10977",20,2011,75.37,78.1,78.29,74.9,85.07,78.65
"10978",21,2011,66.94,71.29,69.84,68.78,81.54,72.82
"10979",22,2011,68.97,73.61,71.92,70.44,79.86,76.49
"10980",23,2011,70.72,73.34,72.71,69.73,82.7,74.57
"10981",24,2011,74.81,78.3,82.45,72.14,91.07,78.64
"10982",25,2011,77.53,86.33,85.41,74.81,91.46,85.87
"10983",26,2011,79.42,88.92,89.14,75.94,92.98,92.95
"10984",27,2011,83.45,91.58,91.49,83.83,94.9,94.02
"10985",28,2011,76.92,86.88,84.94,77.22,89.99,89.75
"10986",29,2011,82.11,87.06,89.99,79.34,95.68,90.19
"10987",30,2011,93.1,94.18,94.5,92.04,93.83,92.85
"10988",31,2011,92.46,92.02,90.58,92.82,89.82,89.41
"10989",32,2011,88.29,89.03,88.88,89.5,88.86,88.47
"10990",33,2011,85.63,87.82,88.08,85.87,90.89,87.85
"10991",34,2011,86.44,90.59,92.36,81.5,93.2,92.73
"10992",35,2011,78.42,81.44,83.19,75.31,87.02,85.55
"10993",36,2011,68.01,76.34,78.96,68.03,89.18,82.96
"10994",37,2011,76.84,83.88,83.33,74.31,86.24,87.85
"10995",38,2011,82.46,90.97,89.92,79.38,95.07,93.13
"10996",39,2011,88.05,89.19,89.42,85.81,91.49,89.32
"10997",40,2011,91.87,91.54,91.11,90.09,90.93,90.1
"10998",41,2011,89.87,91.3,88.86,89.18,87.86,90.59
"10999",42,2011,85.93,87.02,84.65,87.13,89.54,87.58
"11000",43,2011,88.8,89.32,87.64,90.88,88.83,90.03
"11001",44,2011,91.84,91.77,91.07,91.74,93.43,91.73
"11002",45,2011,90.39,91.18,92.23,90.2,91.52,92.76
"11003",46,2011,89.98,91.76,90.52,91.51,91.44,92.76
"11004",47,2011,88.54,89.8,87.95,89.88,92.81,92.35
"11005",48,2011,84.93,84.07,87.65,83.48,88.77,84.21
"11006",49,2011,76.48,79.53,81.6,76.11,86.67,82.3
"11007",50,2011,76.2,79.7,78.56,76.47,85.08,83.05
"11008",51,2011,74.46,80.07,78.95,74.36,83.7,83.53
"11009",52,2011,68.07,74.4,75.67,68.59,89.07,82.38
"11010",53,2011,76.93,83.37,83.32,78.78,93.23,90.64
"11011",54,2011,87.86,89.46,87.64,90.08,89.3,91.55
"11012",55,2011,91.93,93.45,91.95,91.28,90.49,94.59
"11013",56,2011,91.25,93.33,90.45,91.38,91.5,94.76
"11014",57,2011,93.07,91.38,90.84,91.82,93.86,91.8
"11015",58,2011,95.66,93.28,91.67,95.59,90.2,92.2
"11016",59,2011,92.82,92.73,91.62,93.65,90.73,91.92
"11017",60,2011,90.24,90.02,89.28,90.75,87.82,89.45
"11018",61,2011,84.56,87.99,87.41,84.42,89.77,91.05
"11019",62,2011,82.5,87.68,88.18,79.67,88.33,90.67
"11020",63,2011,79.73,87.36,87.13,77.44,91.88,93.01
"11021",64,2011,89.87,94.16,94.54,87.35,96.36,95.48
"11022",65,2011,91.28,90.55,90.93,91.12,89.6,89.9
"11023",66,2011,89.49,90.46,89.18,89.63,89.79,89.56
"11024",67,2011,90.53,92.76,91.02,91.75,90.56,95.63
"11025",68,2011,92.38,95.09,95.09,92.75,94.59,96.74
"11026",69,2011,96.3,97.09,96.82,96.66,94.58,97.41
"11027",70,2011,84.86,88.19,86.17,86.27,83.91,89.69
"11028",71,2011,79.38,81.18,79.2,79.64,77.76,81.23
"11029",72,2011,73.94,76.98,75.74,73.52,79.33,80.7
"11030",73,2011,69.48,72.27,71.1,70.94,77.92,76.48
"11031",74,2011,72.02,76.04,74.56,73.62,81.67,81
"11032",75,2011,81.99,88.33,84.08,85.55,88.04,90.55
"11033",76,2011,85.77,86.74,86.55,87.13,93.5,87.56
"11034",77,2011,91.73,92.67,93.87,88.87,94.05,93.81
"11035",78,2011,91.34,90.74,90.21,93.51,91.62,90.75
"11036",79,2011,87.67,87.9,88.46,86.85,95.01,88.99
"11037",80,2011,93.05,93.22,93.31,92.12,95.14,94.04
"11038",81,2011,88.48,89.55,88.43,88.56,88.45,91.76
"11039",82,2011,86.66,87.68,86.81,86.76,87.07,88.38
"11040",83,2011,94.08,94.03,93.12,95.57,94.15,94.63
"11041",84,2011,95.79,96.59,96.06,97.28,95.9,97.05
"11042",85,2011,92.61,91.97,92.23,93.19,92.38,91.31
"11043",86,2011,87.27,87.55,89.63,88.15,94.71,88.3
"11044",87,2011,87.58,89.19,89.62,88.13,90.45,89.08
"11045",88,2011,89.33,87.71,90.87,86.58,92.08,88.99
"11046",89,2011,89.04,88.44,89.98,86.56,93.03,88.64
"11047",90,2011,91.69,92.67,93.26,91.81,93.71,92.35
"11048",91,2011,87.87,87.63,88.64,88.63,93.72,89.85
"11049",92,2011,86.46,89.56,88.23,87.5,92.96,91.94
"11050",93,2011,87.02,88.5,86.53,87.86,86.7,89.78
"11051",94,2011,85.53,85.32,85.73,86.55,86.6,86.61
"11052",95,2011,90.18,90.83,92.51,90.13,93.63,92.66
"11053",96,2011,94.85,95.46,96.06,93.42,97.6,96.07
"11054",97,2011,94.64,94.73,95.93,92.8,97.32,96.12
"11055",98,2011,90.98,91.52,90.72,90.99,96.88,94.22
"11056",99,2011,91.91,92.84,92,93.57,93.45,93.64
"11057",100,2011,95.77,97.35,96.66,96.11,96.48,97.47
"11058",101,2011,89.89,94.82,93.26,90.3,89.71,96.44
"11059",102,2011,86.38,89.53,88.55,87.39,88.5,89.62
"11060",103,2011,86.79,87.56,88.22,86.89,88.95,90.24
"11061",104,2011,88.66,90.13,89.31,89.49,89.33,89.51
"11062",105,2011,94.83,91.88,91.78,93.83,90.46,90.29
"11063",106,2011,94.29,94.78,95.2,93.5,97.97,95.71
"11064",107,2011,93.51,91.13,93.88,93.35,92.45,90.11
"11065",108,2011,91.62,93.11,94.11,91.29,95.28,94.24
"11066",109,2011,95.15,94.51,94.64,95.79,94.45,94.17
"11067",110,2011,93.98,92.48,93.1,94.15,92.08,91.89
"11068",111,2011,91.06,89.85,90.88,90.73,94.21,88.99
"11069",112,2011,89.89,86.08,88.11,89.66,89.89,86.53
"11070",113,2011,93.37,91.94,92.54,93.41,88.02,92.16
"11071",114,2011,89.15,93.64,90.63,91.15,92.21,95.79
"11072",115,2011,87.59,88.87,86.47,91.63,88.58,89.04
"11073",116,2011,87.87,87.92,89.93,86.9,90.75,89.83
"11074",117,2011,88.76,89.54,87.83,90.49,84.79,89.85
"11075",118,2011,88.9,89.16,88.25,90.95,85.82,88.78
"11076",119,2011,84.08,83.56,83.37,85.37,87.5,82.92
"11077",120,2011,87.03,86.38,87.97,86.07,87.1,86.04
"11078",121,2011,92.9,91.41,92.44,91.72,92.31,90.49
"11079",122,2011,93.51,95.21,93.95,94.9,95.23,96.4
"11080",123,2011,98.57,98.45,97.24,98.12,95.74,98.18
"11081",124,2011,97.15,97.49,94.23,97.44,87.71,98.34
"11082",125,2011,91.07,91.5,88.75,92.49,88.54,92.2
"11083",126,2011,95.48,96.25,95.73,94.77,93.75,95.53
"11084",127,2011,97.45,97.22,97.86,96.02,98.64,96.93
"11085",128,2011,98.58,97.54,97.27,98.15,93.94,95.31
"11086",129,2011,95.93,96.14,94.45,94.72,91.98,94.74
"11087",130,2011,95.12,94.69,96.92,94.32,98.37,93.66
"11088",131,2011,91.09,92.2,90.7,92.26,87.37,92.49
"11089",132,2011,90.64,87.54,90.06,87.1,88.38,87.01
"11090",133,2011,93.7,93.72,92.51,94.13,93.72,91.83
"11091",134,2011,96.32,96.21,95.82,95.86,96.48,95.96
"11092",135,2011,92.54,89.48,90.89,87.38,89.96,89.46
"11093",136,2011,93.47,90.74,91.06,93.57,92.48,90.95
"11094",137,2011,93.49,94.67,94.8,94.53,97.65,96.81
"11095",138,2011,88.56,89.25,87.89,91.52,90.16,88.94
"11096",139,2011,96.41,95.53,95.8,95.62,96.3,95.28
"11097",140,2011,92.73,91.42,92.13,90.99,92.18,91.65
"11098",141,2011,91.77,91.86,91.47,90.05,92.14,91.35
"11099",142,2011,94.65,92.45,91.77,94.67,92.28,89.97
"11100",143,2011,90.24,88.77,90.12,87.67,91.05,87.9
"11101",144,2011,89.66,89.62,89.16,88.89,90.96,89.98
"11102",145,2011,89.5,85.24,87.58,90.18,90.78,84.92
"11103",146,2011,89.14,86.88,85.97,91.81,87.76,85.89
"11104",147,2011,91.86,92.07,91.19,92.74,91.72,92.43
"11105",148,2011,94.35,93.37,92.9,93.61,91.76,92.73
"11106",149,2011,92.34,90.62,92.69,89.76,92.68,90.09
"11107",150,2011,95.94,96.62,97.46,95.3,97.79,97.46
"11108",151,2011,93.13,95.57,93.77,93.49,95.53,95.34
"11109",152,2011,92.75,92.34,95.02,90.72,95.59,94.76
"11110",153,2011,98.21,98.63,99.35,96.82,99.7,99.13
"11111",154,2011,95.94,94.81,94.62,92.98,92.37,93.04
"11112",155,2011,97.97,96.71,95.98,98.05,92.54,94.98
"11113",156,2011,90.64,89.16,89.6,91.28,90.59,88.78
"11114",157,2011,83.65,83.64,83.38,84.65,86.29,83.54
"11115",158,2011,85.33,83.64,85.04,85.4,85.25,82.22
"11116",159,2011,90.93,91.03,90.97,90.88,89.64,91.31
"11117",160,2011,89.65,88.56,88.34,89.11,86.48,88.18
"11118",161,2011,92.09,91.29,91.22,92.14,86.64,89.05
"11119",162,2011,97.07,96.71,95.33,97.38,92.19,96.28
"11120",163,2011,94.29,93.54,93.16,94.03,93.23,92.82
"11121",164,2011,94.79,95.23,96.21,94.1,94.81,95.34
"11122",165,2011,95.15,93.91,94.16,95.78,93.97,93.03
"11123",166,2011,94.28,92.95,94.54,90.66,95.06,91.6
"11124",167,2011,88.66,89.3,89.25,88.32,94.5,90.45
"11125",168,2011,96.12,95.87,96.45,93.71,97.91,96.26
"11126",169,2011,98.91,99.11,98.89,97.67,97.04,99.4
"11127",170,2011,87.59,85.79,86.13,86.46,86.24,85.64
"11128",171,2011,90.33,87.56,87.13,88.14,84.73,86.7
"11129",172,2011,88.39,88.04,88.47,87.48,86.5,89.61
"11130",173,2011,91.79,89.46,90.2,90.58,89.93,87.85
"11131",174,2011,92.57,91.62,91.84,93.9,92.37,90.47
"11132",175,2011,94.6,92.84,93.6,93.91,92.95,92.49
"11133",176,2011,90.92,89.68,89.75,91.68,90.2,88.16
"11134",177,2011,94.15,94.9,94.83,92.7,96.03,96.52
"11135",178,2011,92.65,91.76,92.28,91.31,93.27,91.54
"11136",179,2011,89.37,88.73,89.58,87.01,88.26,89.7
"11137",180,2011,92.32,92.96,88.98,91.81,87.11,94.67
"11138",181,2011,93.35,90.51,91.97,90.49,90.77,89.43
"11139",182,2011,96.36,96.96,96.03,96.43,94.93,97.01
"11140",183,2011,90.97,89.91,89.83,89.35,91.41,90.46
"11141",184,2011,92.66,92.21,92.26,91.1,93.81,90.1
"11142",185,2011,92.59,91.52,92.94,90.29,90.66,91.41
"11143",186,2011,90.76,90.4,89.9,89.35,87.9,91.2
"11144",187,2011,91.27,89.99,89.86,93.03,88.36,87.55
"11145",188,2011,88.78,90.76,88.31,90.73,84.76,88.49
"11146",189,2011,91.57,92.2,92.25,91.7,89.11,90.5
"11147",190,2011,89.64,87.7,88.78,88.49,90.12,87.48
"11148",191,2011,93.54,91.03,92.33,91.71,90.41,88.96
"11149",192,2011,92.02,91.4,90.22,91.07,92.18,90.87
"11150",193,2011,90.71,91.57,90.55,91.58,93.34,91.43
"11151",194,2011,93.45,93.54,92.75,94.09,92.11,94.49
"11152",195,2011,89.14,89.73,90.16,89.36,90.03,90.85
"11153",196,2011,86.13,87.43,86.05,86.22,85.4,87.92
"11154",197,2011,89.26,86.71,85.87,89.86,84.87,83.49
"11155",198,2011,91.14,89.54,89.47,92.46,91.98,87.57
"11156",199,2011,91.87,92.43,91.44,91.64,91.02,91.49
"11157",200,2011,90.36,89.56,90.24,87.5,92.65,88.35
"11158",201,2011,93.47,94.53,92.57,93.41,92.52,93.72
"11159",202,2011,90.72,90.4,88.74,91.06,89.55,89.27
"11160",203,2011,89.32,90.49,89.43,92.02,89.86,89.76
"11161",204,2011,89.91,88.61,89.09,88.94,89.01,87.92
"11162",205,2011,91,90.72,90.22,92.08,91.22,90.95
"11163",206,2011,92.11,91.35,91.72,90.59,91.46,90.82
"11164",207,2011,92.69,91.67,93.86,89.18,94.29,93.42
"11165",208,2011,93.14,92.73,94.39,92.16,91.31,92.41
"11166",209,2011,91.06,92.51,91.23,91.08,90.88,93.21
"11167",210,2011,95.4,95.51,92.59,97.22,90.29,96.27
"11168",211,2011,91.67,90.32,88.45,93.37,86.66,88.05
"11169",212,2011,89.01,88.54,89.4,87.83,92.5,88.22
"11170",213,2011,86.75,86.4,86.07,84.81,85.98,86.8
"11171",214,2011,87.6,85.51,84.77,85.51,82.49,81.56
"11172",215,2011,86.95,85.08,85.62,86.98,85.51,84.05
"11173",216,2011,91.98,93.12,92.2,92.22,92.17,93.2
"11174",217,2011,91.82,92.6,92.72,90.28,91.75,93.54
"11175",218,2011,89.51,89.27,89.47,88.59,89.69,89.47
"11176",219,2011,89.08,87.75,88.64,87.81,87.62,86.59
"11177",220,2011,88.74,89.05,89.12,89.32,90.15,88.88
"11178",221,2011,91.84,89.61,90.53,89.49,89.13,89.71
"11179",222,2011,88.01,89.1,89.97,87.28,89.81,87.88
"11180",223,2011,86.36,88.89,86.69,89.38,87.79,90.25
"11181",224,2011,94.26,96.13,94.31,94.89,92.34,96.31
"11182",225,2011,85.44,85.98,84.47,87.02,85.61,86.7
"11183",226,2011,87.2,87.17,87.27,88.41,91.2,88.3
"11184",227,2011,90.37,89.14,88.24,92.24,88.89,89.85
"11185",228,2011,84.36,84.74,85.26,84.83,87.11,86.51
"11186",229,2011,86.24,85.9,87.32,85.33,89.55,85.12
"11187",230,2011,93.11,91.82,92.06,91.54,92.92,91.8
"11188",231,2011,87.44,87,85.99,89.05,86.26,87.11
"11189",232,2011,89.39,88.79,85.28,92.17,84.83,88.17
"11190",233,2011,89.56,90.05,91.25,88.41,90.93,91.03
"11191",234,2011,89.81,89.81,89.38,91.01,86.62,89.93
"11192",235,2011,80.15,79.13,78.88,80.63,78.01,80.54
"11193",236,2011,82.4,81.73,81.83,81.17,82.23,83.59
"11194",237,2011,83.26,84.22,83.66,83.01,83.29,84.3
"11195",238,2011,92.39,92.12,92.95,91.97,92.32,92.17
"11196",239,2011,87.69,87.58,86.35,88.79,86.89,86.93
"11197",240,2011,88.15,89.44,86.85,89.17,84.93,87.79
"11198",241,2011,86.91,86.13,87.7,85.91,88.99,84.43
"11199",242,2011,85.71,86.18,85.77,88.29,87.18,87.78
"11200",243,2011,86.17,86.06,87.13,86.19,87.61,85.91
"11201",244,2011,90.38,91.46,91.51,90.97,91.11,93.15
"11202",245,2011,88.98,90.31,91.1,87.41,94.25,91.92
"11203",246,2011,92.16,91.25,94.41,89.61,94.41,90.93
"11204",247,2011,86.35,85.13,86.1,86.1,87.3,84.46
"11205",248,2011,85.41,83.63,86.22,83.93,89.07,84.32
"11206",249,2011,91.05,90.37,91.5,91.3,89.52,89.61
"11207",250,2011,86.64,85.94,87.5,85.51,87.35,86.74
"11208",251,2011,87.79,87.29,87.24,88.57,88.04,87.79
"11209",252,2011,85.81,85.21,85.53,86.42,86.3,85.19
"11210",253,2011,86.59,85.93,87.06,84.59,87.36,86.06
"11211",254,2011,91.26,88.96,90.86,91.14,91.91,88.88
"11212",255,2011,91.84,91.04,90.64,91.4,90.48,92.09
"11213",256,2011,87.07,87.28,88.27,87.11,89.63,86.54
"11214",257,2011,88.15,88.46,88.92,87.61,86.17,87.28
"11215",258,2011,88.35,89.34,89.5,87.54,89.77,88.45
"11216",259,2011,87.83,88.68,87.87,88.75,89.2,88.02
"11217",260,2011,90.57,90.6,92.16,90.01,90.68,90.61
"11218",261,2011,86.61,90.33,87.67,88.93,86.64,89.88
"11219",262,2011,90.92,92.58,92.52,88.04,94.83,94.06
"11220",263,2011,89.15,89.01,88.48,88.41,87.79,89.06
"11221",264,2011,91.1,89.58,89.42,92.33,90.63,89.65
"11222",265,2011,86.94,85.26,87.35,86.3,88.43,84.09
"11223",266,2011,88.28,85.82,88.72,85.12,88.01,82.98
"11224",267,2011,96.4,96.28,96.77,95.35,96.32,96.05
"11225",268,2011,94.29,93.68,94.72,93.27,93.13,93.56
"11226",269,2011,90.2,91.45,90.45,90.61,91.35,91.56
"11227",270,2011,88.88,88.58,89.18,88.76,90.21,89.39
"11228",271,2011,89.32,90.58,88.96,90.69,89.58,92.46
"11229",272,2011,89.01,88.37,89.99,87.76,90.32,88.24
"11230",273,2011,86.75,86.46,86.59,87.47,86.55,87.18
"11231",274,2011,86.79,85.75,86.45,87.23,88.74,85.06
"11232",275,2011,88.77,87.82,88.35,87.65,88.93,87.46
"11233",276,2011,90.72,89.61,90.98,89.87,91.05,89.4
"11234",277,2011,92.73,92.59,92.56,93.38,88.87,89.75
"11235",278,2011,87.02,86.61,87.39,87.25,90.01,84.88
"11236",279,2011,93,92.55,92.63,91.86,93.74,93.6
"11237",280,2011,94.87,94.95,95.17,94.03,94.19,94.92
"11238",281,2011,89.42,91.01,90.1,89.23,94,93.06
"11239",282,2011,89.76,89.4,91.15,88.54,90.23,88.96
"11240",283,2011,91.38,92.87,92.57,90.89,91.79,92.75
"11241",284,2011,88.75,89.55,88.33,89.71,87.33,89.69
"11242",285,2011,85.53,85.79,85.79,86.67,85.05,86.39
"11243",286,2011,84.37,82.92,82.22,85.98,82.07,82.11
"11244",287,2011,84.13,87.53,85.5,86.33,88.36,87.79
"11245",288,2011,82.18,85.18,83.22,84.43,82.95,85.81
"11246",289,2011,84.07,82.74,83.91,83.94,85.8,81.94
"11247",290,2011,88.8,91.91,90.71,88.34,92.7,92.75
"11248",291,2011,91.75,92.8,92.33,92.77,88.73,90.8
"11249",292,2011,86.98,88.37,87.97,89.38,85.24,89.47
"11250",293,2011,86.74,89.96,91.08,89.52,86.56,89.04
"11251",294,2011,85.73,86.65,88.25,84.68,88.15,86.5
"11252",295,2011,82.89,82.21,84.03,83.63,85.79,82.21
"11253",296,2011,86.23,85.17,88.73,84.9,87.87,83.1
"11254",297,2011,90.79,90.81,90.94,89.69,90.24,91.16
"11255",298,2011,85.12,84.72,82.79,87.01,81.24,83.67
"11256",299,2011,82.9,84.31,83.82,83.91,84.39,84.63
"11257",300,2011,89.98,91.72,92.35,89.95,92.36,94.1
"11258",301,2011,88.68,91.4,90.38,91.46,92.07,92.89
"11259",302,2011,91.3,92.48,89.06,94,87.7,93.04
"11260",303,2011,87.85,86.67,85.75,88.57,84.1,85.84
"11261",304,2011,83.89,83.47,83.83,83.57,82.34,83.36
"11262",305,2011,90.6,92.1,92.44,90.12,90.61,90.62
"11263",306,2011,89.2,90.42,90.24,90.01,91.73,90.82
"11264",307,2011,89.08,87.6,87.47,89.86,86.45,85.65
"11265",308,2011,90.34,90.4,89.93,90.62,89.91,89.92
"11266",309,2011,87.1,86.49,87.11,86.13,87.74,87.2
"11267",310,2011,88.56,84.76,86.74,88.02,88.08,84.69
"11268",311,2011,90.09,90.84,91.3,90.07,92.82,92.8
"11269",312,2011,94.65,94.69,94.4,94.76,92.82,95.3
"11270",313,2011,88.51,89.25,88.37,89.19,87.45,90.33
"11271",314,2011,85.75,83.59,85.31,84.93,86.36,84.14
"11272",315,2011,92.09,91.74,91.12,91.48,90.66,91.19
"11273",316,2011,93.89,94.47,94.54,95.72,88.17,91.43
"11274",317,2011,92.11,93.6,89.76,94.64,85.54,93.89
"11275",318,2011,83.93,84.41,83.35,85.94,80.9,85.27
"11276",319,2011,86.09,84.95,85.69,85.89,81.72,84.39
"11277",320,2011,93.7,94.55,93.95,94.38,95.3,95
"11278",321,2011,93,94,92.95,93.01,91.68,94.51
"11279",322,2011,83.54,84.25,84.51,84.64,86.07,85.38
"11280",323,2011,86.52,86.86,84.9,90.61,89.46,86.04
"11281",324,2011,95.66,95.41,96.06,95.62,92.41,94.7
"11282",325,2011,91.91,90.81,89.64,94.14,87.38,90.48
"11283",326,2011,86.81,86.73,87.09,85.48,84.59,84.85
"11284",327,2011,94.7,93.31,94.65,93.23,95.64,91.08
"11285",328,2011,93.02,92.12,91.62,92.81,90.64,91.51
"11286",329,2011,87.65,89.62,89.28,87.98,89.48,91.6
"11287",330,2011,87.28,86.6,87.11,87.16,85.98,86.54
"11288",331,2011,91.01,90.28,91.65,88.74,91.04,91.47
"11289",332,2011,90.92,88.95,90.35,91.63,89.73,90.72
"11290",333,2011,92.03,94.03,91.7,93.63,93.45,94.75
"11291",334,2011,87.24,88.49,87.87,87.6,87.07,87.84
"11292",335,2011,85.85,86.32,86.47,85.84,84.66,85.23
"11293",336,2011,94.05,93.83,94.22,93.55,95.48,93.51
"11294",337,2011,91.09,91.83,90.34,92.97,90.26,92.02
"11295",338,2011,85.05,86.35,86.76,86.75,91.86,89.32
"11296",339,2011,90.39,91.2,91.22,88.62,90.96,90.97
"11297",340,2011,92.46,92.42,90.98,93.09,95.82,91.99
"11298",341,2011,97.15,94.99,94.95,94.55,95.04,95.92
"11299",342,2011,86.65,86.39,85.38,87.26,86.54,85.48
"11300",343,2011,85.36,86.47,85.07,86.46,83.86,85.75
"11301",344,2011,89.2,92.2,92.31,87.4,91.46,92.91
"11302",345,2011,92.93,90.49,89.77,92.39,88.67,90.87
"11303",346,2011,89.59,88.57,89.11,89.96,89.33,88.42
"11304",347,2011,91.02,92.86,92.06,89.78,91.98,91.95
"11305",348,2011,92.98,93.18,92.29,93.94,92.57,93.47
"11306",349,2011,89.39,87.76,86.79,91.53,88.92,87.76
"11307",350,2011,91.22,90.3,90.55,91.24,90.36,91.88
"11308",351,2011,93.84,95.99,95.32,92.53,91.46,96.93
"11309",352,2011,91.93,93.83,93.83,92.27,91.32,94.44
"11310",353,2011,96.1,97.55,97.21,96.19,96.58,96.94
"11311",354,2011,91.84,93.67,93.67,91.18,95.09,93.94
"11312",355,2011,88.64,91.19,90.56,88.33,90.15,91.24
"11313",356,2011,84.6,86.34,86.12,84.16,88.08,88.66
"11314",357,2011,88.53,91.19,92.98,87.69,95.05,92.72
"11315",358,2011,98.38,98.62,98.71,98.24,97.06,98.57
"11316",359,2011,91.94,92.71,91.58,93.3,91.33,92.65
"11317",360,2011,89.49,92.27,93.37,88.47,92.52,92.85
"11318",361,2011,95.86,94.89,95.36,94.43,92.52,94.55
"11319",362,2011,92.71,93.46,93.54,93.15,93.7,93.78
"11320",363,2011,92.9,92.8,93.39,92.25,94.84,92.98
"11321",364,2011,92.35,92.78,93.15,92.81,93.06,92.49
"11322",365,2011,86.64,88.46,89.54,86.9,92.43,89.49
"11323",1,2012,82.77,84.23,84.57,83.25,89.49,85.24
"11324",2,2012,79.9,81.55,83.75,80.85,93.21,85.23
"11325",3,2012,81.68,88.36,89.77,82.78,95.23,92.31
"11326",4,2012,89.61,92.1,91.62,89.03,92.64,91.37
"11327",5,2012,94.05,92.86,93.19,93.71,92.38,91.9
"11328",6,2012,90.07,92.02,91.37,91.59,92.18,92.89
"11329",7,2012,90.15,91.5,90.88,91.31,90.72,91.07
"11330",8,2012,92.24,91.9,92.27,90.23,94.46,90.77
"11331",9,2012,95.42,95.36,94.85,93.85,92.56,96.33
"11332",10,2012,89.66,92.29,89.44,90.31,84.32,92.11
"11333",11,2012,87.28,87.22,85.63,88.02,85.54,87.31
"11334",12,2012,87.73,90.16,89.38,88.67,91.47,89.38
"11335",13,2012,87.19,91.48,90.79,87.6,91.49,93.53
"11336",14,2012,87.33,91.44,93.4,86.82,95.76,93.43
"11337",15,2012,91.98,93.65,92.34,93.4,91.71,93.05
"11338",16,2012,91.55,91.84,92.89,89.46,92.53,92.99
"11339",17,2012,89.27,89.48,88.99,88.16,87.78,89.78
"11340",18,2012,83.76,89.26,88.68,82.46,92.26,91.76
"11341",19,2012,78.04,83.19,82.46,79.5,87.51,85.2
"11342",20,2012,77.05,84.27,84.12,77.8,92.44,89.38
"11343",21,2012,77.76,82.84,82.99,78,88.87,85.84
"11344",22,2012,74.37,79.47,78.58,75.9,86.11,83.5
"11345",23,2012,79.83,85.24,84.1,80.44,85.8,86.96
"11346",24,2012,86.52,91.06,90.91,86.19,91.59,89.8
"11347",25,2012,91.11,92.77,90.95,92.89,87.64,92.4
"11348",26,2012,88.74,90.95,88.17,89.18,90.05,91.94
"11349",27,2012,94.49,96.08,97.27,93.25,97.93,97.09
"11350",28,2012,91.94,92.82,92.7,91.7,92.09,92.9
"11351",29,2012,87.45,91.48,91.95,86.18,96.03,92.54
"11352",30,2012,86.45,89.67,89.44,85.83,89.51,88.8
"11353",31,2012,84.46,86.05,85.62,85.15,87.77,86.1
"11354",32,2012,83.28,88.36,86.69,85.65,90.37,90.94
"11355",33,2012,79.56,84.14,84.6,80.14,92.1,89.16
"11356",34,2012,90.51,92.08,93.96,88.78,95.72,90.38
"11357",35,2012,92.33,95.68,96.6,92.35,99.23,99.09
"11358",36,2012,97.53,97.29,95.54,98.65,94.5,96.85
"11359",37,2012,97.42,97.2,96.42,98.04,96.36,95.93
"11360",38,2012,94.95,94.54,94.29,94.37,95.49,94.61
"11361",39,2012,97.06,96.64,96.61,97.41,97.33,95.56
"11362",40,2012,90.76,90.99,91.04,91.6,94.54,90.16
"11363",41,2012,91.42,91.65,91.7,90.72,91.44,92.12
"11364",42,2012,87.7,88.19,87.99,88.06,88.59,87.89
"11365",43,2012,83.85,86.66,86.05,85.64,91.57,86.43
"11366",44,2012,79.05,79.34,78.64,80.02,83.31,80.74
"11367",45,2012,73.4,76.08,74.55,74.51,81.03,80.29
"11368",46,2012,71.99,74.88,74.27,72.97,82.61,78.53
"11369",47,2012,74.39,80.9,78.81,76.07,85.71,85.57
"11370",48,2012,81.55,87.11,85.31,84.74,89.16,92.22
"11371",49,2012,86.25,89.19,88.31,88.78,91.08,90.41
"11372",50,2012,86.41,89.94,89.19,87.61,94.03,93
"11373",51,2012,85.97,89.15,89.03,84.9,93.45,90.18
"11374",52,2012,87.07,89.31,90.26,84.71,93.02,92.03
"11375",53,2012,86.56,88.58,86.03,88.99,87.76,89.58
"11376",54,2012,91.38,92.98,93.33,90.8,91.2,93.07
"11377",55,2012,93.62,94.87,94.48,93.5,96.25,96.14
"11378",56,2012,94.99,93.1,91.75,94.73,91.83,93.07
"11379",57,2012,89.16,89.07,90.51,86.4,90.63,91.59
"11380",58,2012,79.6,84.11,86.71,78.5,92.78,90.09
"11381",59,2012,86.92,92.84,94.02,83.39,97.95,96.43
"11382",60,2012,88.36,90.5,92.12,86.03,91.92,91.5
"11383",61,2012,88.02,90.2,91.79,87.04,92.72,92.77
"11384",62,2012,92.14,90.56,92.53,92,91.01,90.83
"11385",63,2012,96.72,96.06,96.97,97.3,95.28,95.69
"11386",64,2012,93.9,93.22,93.78,92.97,95.77,94.3
"11387",65,2012,91.38,90.42,90.35,91.93,91.76,90.29
"11388",66,2012,88.09,87.19,87.3,89.8,89.82,87.95
"11389",67,2012,89.7,90.52,90.04,90.61,93.78,91.06
"11390",68,2012,97.14,97.42,97.18,96.07,97.19,97.8
"11391",69,2012,97.17,97.07,96.21,96.99,96.21,94.14
"11392",70,2012,92.62,91.83,91.61,92.97,92.12,91.84
"11393",71,2012,92.44,92.74,91.71,92.91,90.41,93.28
"11394",72,2012,93.71,93.92,93.45,94.9,95.37,93.51
"11395",73,2012,89.03,90.3,89.81,90.3,88.63,91.34
"11396",74,2012,92.46,91.42,90.74,93.46,90.34,91.1
"11397",75,2012,92.36,93.71,93.66,93.03,93.25,93.97
"11398",76,2012,95.35,93.57,94.85,94.17,95.25,93.45
"11399",77,2012,90.54,90.61,91.39,89.36,90.89,92.05
"11400",78,2012,92.37,92.91,90.7,94.7,90.39,91.45
"11401",79,2012,88.79,88.85,88.91,86.55,88.77,89.81
"11402",80,2012,89.61,91.57,91.44,90.96,93.6,92.23
"11403",81,2012,92.94,96.09,95.16,93.02,96.41,96.98
"11404",82,2012,91.62,91.4,89.92,92.16,88.79,89.55
"11405",83,2012,89.84,90.05,88.68,90.6,89.68,88.32
"11406",84,2012,94.31,92.41,92.57,93.76,91.7,91.94
"11407",85,2012,94.1,93.87,91.77,94.86,95.69,93.29
"11408",86,2012,87.23,88.22,89.29,88.69,94.4,92.88
"11409",87,2012,91.06,90.6,91.79,91.17,93.42,89.61
"11410",88,2012,93.57,91.96,93.31,92.69,92,91.02
"11411",89,2012,95.11,94.56,95.86,93.96,94.6,94.74
"11412",90,2012,96.46,96.77,97.7,96.24,95.34,97.46
"11413",91,2012,98.46,98.86,99.5,98.06,99.47,98.87
"11414",92,2012,91.05,91.66,91.72,89.84,91.82,92.6
"11415",93,2012,87.06,86.78,88.43,85.32,90.7,89.25
"11416",94,2012,89.11,88.43,87.91,88.43,87.83,86.94
"11417",95,2012,95.02,93.81,96.76,91.84,94.99,95.5
"11418",96,2012,92.79,92.97,94.38,90.61,96.07,95.24
"11419",97,2012,97.44,97.82,98.5,97.49,99.29,97.92
"11420",98,2012,91.46,93.7,92.94,92.32,93.65,94.45
"11421",99,2012,88.16,93.63,87.8,90.5,85.85,94.51
"11422",100,2012,84.28,87.16,83.87,89.6,90.6,90.9
"11423",101,2012,93.6,92.16,90.71,92.45,90.29,91.48
"11424",102,2012,88.71,88.38,87.53,90.15,84.81,92.01
"11425",103,2012,95.53,94.65,94.68,95.83,93.62,93.27
"11426",104,2012,95.69,96.5,95.85,95.25,93.09,96.97
"11427",105,2012,87.9,87.84,87.51,87.96,88.14,86.82
"11428",106,2012,86.23,84.04,84.99,85.07,86.57,83.79
"11429",107,2012,91.15,93.69,91.69,91.8,90.03,93.77
"11430",108,2012,88.31,90.88,89.78,89.76,91.34,91.45
"11431",109,2012,90.91,88.74,88.26,92.02,85.65,89.71
"11432",110,2012,97.49,96.58,96.54,95.78,92.62,93.57
"11433",111,2012,89.08,90.52,89.39,91.71,91.87,92.14
"11434",112,2012,90.47,91.02,89.36,90.26,88.95,92.93
"11435",113,2012,88.34,88.69,89.01,87.31,93.19,89.49
"11436",114,2012,93.66,93.84,94.54,92.86,93.95,93.61
"11437",115,2012,87.6,89.28,89.04,87.66,94.76,90.44
"11438",116,2012,85.08,85.13,85.11,84.87,86.96,86.43
"11439",117,2012,92.37,91.38,90.12,91.54,84.62,92.11
"11440",118,2012,89.07,90.68,89.81,92.44,93.22,91.69
"11441",119,2012,86.69,87.99,86.33,90.73,88.47,89.7
"11442",120,2012,89.24,88.27,86.57,89.79,87.12,88.88
"11443",121,2012,91.6,88.71,85.56,91.89,86.39,85.44
"11444",122,2012,97.08,96.03,96.84,95.85,93.26,94.98
"11445",123,2012,99.43,99.08,99.36,97.97,96.12,98.94
"11446",124,2012,92.88,93.87,92.64,93.31,90.07,95.42
"11447",125,2012,94.61,93.36,94.04,92.98,94.81,93.31
"11448",126,2012,93.02,93.16,91.25,92.23,90.55,93.94
"11449",127,2012,92.06,92,91.13,90.74,90.84,90.85
"11450",128,2012,94.26,94.63,93.67,94.22,91.82,92.91
"11451",129,2012,91.28,93.87,90.12,94.96,91.17,94.5
"11452",130,2012,93,95.88,94.19,94.63,97.58,96.62
"11453",131,2012,89.25,89.84,89.06,89.4,92.13,89.4
"11454",132,2012,91.65,93.48,89.91,93.09,91.26,92.81
"11455",133,2012,90.24,91.37,89.95,93.82,88.62,90.95
"11456",134,2012,92.2,93.49,93.65,92.72,92.47,91.93
"11457",135,2012,94.48,96.23,96.23,92.76,95.67,96.23
"11458",136,2012,95.04,95.35,93.42,96.69,93.09,95.37
"11459",137,2012,94.29,94.33,92.25,92.54,91.03,92.97
"11460",138,2012,90.57,91.34,90.42,90.65,91.15,92.03
"11461",139,2012,89.02,90.88,90.56,89.84,90.47,92.78
"11462",140,2012,95.6,93.05,94.77,93.69,91.78,89.04
"11463",141,2012,92.51,91.93,94.87,88.61,94.02,91.81
"11464",142,2012,96.76,96.16,96.89,95.62,95,95.91
"11465",143,2012,90.25,88.53,88.16,91.82,89.23,89.22
"11466",144,2012,87.3,87.77,87.18,88.38,89.17,90.41
"11467",145,2012,93.03,88.66,91.48,89.92,91.25,86.59
"11468",146,2012,90.2,87.73,89.51,89.32,90.59,85.72
"11469",147,2012,86.38,86.42,86.25,85.21,86.93,86.7
"11470",148,2012,89.92,90.12,89.44,88.45,88,88.46
"11471",149,2012,93.79,92.18,91.69,94.18,89.06,90.95
"11472",150,2012,94.88,91.86,93.14,94.49,90.88,91.08
"11473",151,2012,88.24,87.2,88.39,87.82,87.85,88.82
"11474",152,2012,92.49,90.82,92.18,90.96,94.62,90.46
"11475",153,2012,92.63,91.5,91.19,90.28,90.7,90.61
"11476",154,2012,95.58,94.12,93.53,94.6,91.71,93.61
"11477",155,2012,91.1,90.65,90.26,89.74,89.44,91.8
"11478",156,2012,86.16,85.71,85.59,86.56,87.32,85.51
"11479",157,2012,86.36,86.27,87.09,86.54,87.74,86.91
"11480",158,2012,92.69,94.96,94.2,93.01,94.15,94.79
"11481",159,2012,95.22,93.79,94.97,93.73,94.87,94
"11482",160,2012,97.58,96.49,95.59,97.86,92.86,94.58
"11483",161,2012,93.64,92.06,89.56,97.26,85.46,93.55
"11484",162,2012,85.7,84.25,82.5,88.07,82.6,86.47
"11485",163,2012,88.45,87.44,87.24,88.54,89.41,88.87
"11486",164,2012,97.25,96.65,94.89,98.14,94.92,96.81
"11487",165,2012,95.45,94.96,94.31,96.08,93.78,95.66
"11488",166,2012,91.61,91.07,89.55,92.81,89.71,91.02
"11489",167,2012,92.31,91.27,92.43,89.24,92.64,91.37
"11490",168,2012,87.76,89.62,87.52,87.33,85.82,85.43
"11491",169,2012,88.25,90.12,87.77,90.69,89.46,89.18
"11492",170,2012,86.76,85.84,86.24,85.61,86.03,87.38
"11493",171,2012,80.74,84.47,85.81,80.38,90.07,87.68
"11494",172,2012,87.78,88.68,88.35,88.12,87,88.7
"11495",173,2012,85.05,84.44,84.47,85.35,86.49,84.25
"11496",174,2012,87.03,86.76,88.68,85.91,86.31,88.46
"11497",175,2012,91.82,91.94,91.35,93.19,91.94,89.21
"11498",176,2012,91.02,90.16,90.04,90.96,90.34,90.12
"11499",177,2012,97.6,95.91,96.27,95.27,89.19,93.09
"11500",178,2012,90.31,89.95,91.11,89.85,90.72,89.32
"11501",179,2012,91.32,91.86,91.71,93.79,94.36,91.23
"11502",180,2012,90.12,89.74,89.07,89.15,88.93,90.94
"11503",181,2012,88.94,89.47,88.27,85.54,88.33,88.76
"11504",182,2012,96.71,96.46,95.88,95.93,93.97,94.69
"11505",183,2012,93.96,93.64,91.82,93.91,92.64,93.07
"11506",184,2012,89.43,90.88,88.78,90.03,89.74,91.08
"11507",185,2012,89.05,87.98,88.27,87.2,86.83,87.59
"11508",186,2012,96.13,94.62,93.97,96.55,91.21,94.18
"11509",187,2012,88.91,89.81,90.47,86.98,90.7,90.72
"11510",188,2012,94.09,93.31,93.71,93.33,94.9,94.76
"11511",189,2012,92.43,92.21,90.99,93.9,92.62,91.9
"11512",190,2012,93.92,94.35,94,93.48,92.78,95.39
"11513",191,2012,93.5,92.68,93.32,92.39,93.2,92.9
"11514",192,2012,97.08,97.92,96.31,96.12,95.13,97.72
"11515",193,2012,92.81,90.67,90.34,93.55,90.4,90.33
"11516",194,2012,92.13,92.84,91.36,90.05,89.36,94.86
"11517",195,2012,90.53,91.3,89.2,91.84,90.38,91.27
"11518",196,2012,95.83,94.84,94,95.77,94.41,94.68
"11519",197,2012,98.11,96.97,97.9,97.04,96.48,96.46
"11520",198,2012,88.56,87.66,89.61,87.19,91.17,87.75
"11521",199,2012,92.46,92.95,92.98,91.66,95.09,93.38
"11522",200,2012,93.78,92.69,94.09,91.01,93.66,93.03
"11523",201,2012,88.32,86.67,83.76,91.42,80.74,87.61
"11524",202,2012,84.66,85.28,84.59,87.85,85.72,85.46
"11525",203,2012,88.57,85.96,87.08,87.98,87.37,84.54
"11526",204,2012,92.51,89.81,91.24,91.21,90.69,89.63
"11527",205,2012,93.26,92.23,93.68,92.85,93.65,93.34
"11528",206,2012,90.09,89.68,88.58,92.15,89.99,90.04
"11529",207,2012,90.56,90.93,90.74,90.83,91.83,88.45
"11530",208,2012,92.03,92.23,91.13,90.95,90.7,91.92
"11531",209,2012,92.54,91.76,91.28,92.37,86.58,91
"11532",210,2012,93.74,92.94,93.26,93.21,91.9,92.6
"11533",211,2012,93.78,92.44,92.15,94.41,91.47,91.99
"11534",212,2012,93.67,93.76,92.67,96.36,92.82,94.43
"11535",213,2012,93.59,95.23,95.48,92.8,97.42,97.18
"11536",214,2012,89.82,90.81,89.45,91.64,91.1,90.8
"11537",215,2012,87.26,90.54,86.8,90.23,85.58,88.87
"11538",216,2012,88.56,91.2,88.69,89.55,89.01,91.99
"11539",217,2012,87.15,89.8,86.95,89.47,88.12,91.28
"11540",218,2012,88.03,86.36,85.33,89.3,81.48,84.81
"11541",219,2012,84.47,85.23,80.81,90.86,74.87,86.09
"11542",220,2012,79.16,86.1,81.18,82.81,79.48,90.68
"11543",221,2012,74.7,80.4,78.87,75.47,86.8,84.11
"11544",222,2012,80.22,79.91,81.02,80.66,84.97,81.82
"11545",223,2012,94.07,92.93,93.95,92.03,92.91,93.68
"11546",224,2012,86.51,87.33,86.66,85.69,87.46,88.01
"11547",225,2012,88.85,92.32,90.35,91.73,92.76,91.15
"11548",226,2012,95.39,96.43,96.47,96.21,96.36,97.51
"11549",227,2012,89.87,90.25,90.55,91.7,93.45,91.55
"11550",228,2012,89.86,90.34,90.78,90.98,92.34,91.29
"11551",229,2012,94.76,95.4,95.69,94.24,97.13,96.97
"11552",230,2012,94.39,93,93.8,94.52,95.65,92.26
"11553",231,2012,86.75,88.39,86.33,87.23,88,90.31
"11554",232,2012,84.1,84.76,84.26,85.11,86.22,86.27
"11555",233,2012,91.19,92.62,90.97,91.63,88.21,93.45
"11556",234,2012,85.49,86.19,86.93,86.01,89.93,87.23
"11557",235,2012,85.57,85.87,85.89,86.95,87.09,85.39
"11558",236,2012,86.77,86.21,86.26,86.74,85.99,84.08
"11559",237,2012,86.04,87.35,85.82,86.98,85.04,87.13
"11560",238,2012,93.63,92.55,93.05,93.24,91.71,93.2
"11561",239,2012,96.62,94.93,96.22,95.73,95.03,94.36
"11562",240,2012,90.26,91.53,92.05,89.83,93.84,92.88
"11563",241,2012,94.69,94.18,94.91,94.59,94.62,93.8
"11564",242,2012,93.41,93.31,92.71,91.92,90.93,93.5
"11565",243,2012,92.19,92.09,91.24,92.29,89.05,92.53
"11566",244,2012,95.39,95.64,94.75,94.65,95.68,96.99
"11567",245,2012,88.63,89.54,87.86,88.21,89.69,90.77
"11568",246,2012,90.89,90.33,89.4,90.32,89.7,89.82
"11569",247,2012,90.41,91.19,90.23,91.61,91.53,91.46
"11570",248,2012,93.16,94.33,93.67,91.74,94.15,94.53
"11571",249,2012,89.03,89.05,88.2,87.88,88.21,90.76
"11572",250,2012,87.98,90.26,88.31,90.93,90.13,91.33
"11573",251,2012,85.79,87.62,86.78,86.22,90.35,89.59
"11574",252,2012,86.62,86.23,86.74,87.41,85.72,86.21
"11575",253,2012,90.53,91.13,89.59,91.49,88.05,90.41
"11576",254,2012,90.91,89.76,90.81,89.8,90.32,88.99
"11577",255,2012,89.65,90.44,88.68,90.95,91.39,91.29
"11578",256,2012,87.59,88.69,86.99,89.6,88.93,89.55
"11579",257,2012,90.26,90.25,88.89,91.17,87.8,89.5
"11580",258,2012,88.97,87.96,90.02,86.7,90.68,87.64
"11581",259,2012,88.8,88.18,86.94,89.4,87.76,88.13
"11582",260,2012,87.61,87.19,86.98,87.11,88.3,88.09
"11583",261,2012,93.29,93.64,92.19,93.45,89.14,93.81
"11584",262,2012,86.29,85.35,85.1,86.22,84.35,85.19
"11585",263,2012,85.29,86,83.18,87.15,81.77,86.29
"11586",264,2012,87.23,86.53,90.21,84.21,88.67,86.09
"11587",265,2012,91.04,89.33,89.59,89.82,88.79,87.33
"11588",266,2012,91,90.82,91.25,89.05,87.38,91.37
"11589",267,2012,95,91.83,93.73,93.18,94.51,92.07
"11590",268,2012,90.17,88.1,87.04,91.03,87.8,87.58
"11591",269,2012,86.99,86.75,86.24,88.85,86.03,87.16
"11592",270,2012,92.88,92.32,92.19,92.02,93.77,91.16
"11593",271,2012,92.72,93.22,93.93,93.11,94.78,93.76
"11594",272,2012,87.75,87.79,88.07,88.52,88.71,88.51
"11595",273,2012,88.73,89.91,88.54,90.44,86.82,89.33
"11596",274,2012,89.2,90.6,90.95,91.02,91.51,93.08
"11597",275,2012,90.82,90.03,89.91,90.85,88.31,88.33
"11598",276,2012,86.68,85.55,84.06,86.17,83.96,84.44
"11599",277,2012,92.68,93.11,91.28,92.64,90.18,90.38
"11600",278,2012,92.85,93.25,92.6,93.71,92.3,93.75
"11601",279,2012,87.8,86.47,87.16,87.79,87.6,87.07
"11602",280,2012,89.51,88.67,88.66,89.48,88.58,88.49
"11603",281,2012,96.05,95.44,96.13,94.46,93.95,95.85
"11604",282,2012,92.87,93.03,92.65,92.24,91.27,93.21
"11605",283,2012,86.57,86.39,87.22,86.46,88.03,86.43
"11606",284,2012,85.45,84.65,84.13,85.42,83.26,84.82
"11607",285,2012,86.14,87.16,85.32,86.74,83.76,85.99
"11608",286,2012,93.05,92.83,93.02,92.92,89.29,91.93
"11609",287,2012,94.23,95.13,93.59,90.8,90.68,93.15
"11610",288,2012,86.85,92.28,91.03,86.05,93.99,96.27
"11611",289,2012,86.79,87.04,88.28,86.04,89.19,86.7
"11612",290,2012,90.39,89.44,89.01,91.23,87.32,87.13
"11613",291,2012,91.08,91.97,93.12,91.03,94.39,92.01
"11614",292,2012,93.53,93.27,91.87,94.24,92.87,94.05
"11615",293,2012,91.17,92.31,92.76,92.31,91.53,92.55
"11616",294,2012,93.5,92.12,91.6,91.39,91.06,92.08
"11617",295,2012,91.02,91.99,91.32,89.63,89.35,91.63
"11618",296,2012,91.44,91.52,91.33,90.62,88.89,91.26
"11619",297,2012,90.24,89.04,90.55,87.9,86.69,88.49
"11620",298,2012,87.2,87.25,88.16,88.37,87.08,86.92
"11621",299,2012,88.74,91.04,90.24,87.45,89.69,90.71
"11622",300,2012,88.13,88.93,87.33,88.48,86.8,88.99
"11623",301,2012,87.2,85.44,87.2,85.55,84.76,84.85
"11624",302,2012,87.8,89.91,88.81,89.01,88.27,90.99
"11625",303,2012,89.57,90.39,89.27,90.1,86.98,88.11
"11626",304,2012,92.6,93.86,92.62,95.15,90.53,93.29
"11627",305,2012,87.22,85.46,86.58,87.21,87.19,84.14
"11628",306,2012,86.94,86.04,88.23,85.99,91.25,86.23
"11629",307,2012,85.31,86.25,85.47,88.23,85.96,87.54
"11630",308,2012,88.7,90.53,87.99,89.5,84.46,90.68
"11631",309,2012,89.82,88.38,89.3,88.7,91.99,88.18
"11632",310,2012,92.79,93.21,91.8,94.72,91.28,93.69
"11633",311,2012,88.77,87.09,87.1,89.01,86.57,87.36
"11634",312,2012,89.09,88.5,89.38,90.12,89.49,87.75
"11635",313,2012,89.32,88.54,90.14,89.47,90.08,88.75
"11636",314,2012,86.24,86.5,85.97,86.88,85.7,87.47
"11637",315,2012,85.83,88.54,87.29,86.44,87.83,89.8
"11638",316,2012,86.63,90.66,88.5,88.7,90.82,92.51
"11639",317,2012,93.41,93.51,95.34,92.65,96.79,94.49
"11640",318,2012,91.66,89.11,90.62,90.39,87.02,88.09
"11641",319,2012,92.36,92.39,90.65,93.03,88.32,92.63
"11642",320,2012,91.71,91.88,88.71,93.68,84.69,93.89
"11643",321,2012,86.28,87.01,85.92,89.82,90.18,89.32
"11644",322,2012,85.93,87.99,85.54,89.32,90.21,90.38
"11645",323,2012,93.28,92.29,93.24,91.38,94,93.4
"11646",324,2012,91.08,90.39,91.43,90.26,93.96,90.71
"11647",325,2012,91.08,90.65,92.36,89.23,94.45,91.95
"11648",326,2012,88.33,86.16,88.38,86.52,90.38,87.36
"11649",327,2012,91.61,88.19,90.95,88.65,91.87,87.51
"11650",328,2012,87.02,86.9,87.22,86.03,87.56,86.6
"11651",329,2012,89.75,90.67,90.79,89.19,90.01,90.76
"11652",330,2012,94.45,94.34,94.27,91.73,93.64,94.22
"11653",331,2012,91.98,92.27,94.02,90.68,93.5,92.66
"11654",332,2012,91.16,92.34,92.08,91.73,92.29,92.07
"11655",333,2012,81.75,83.5,82.55,83.12,83.19,83.43
"11656",334,2012,79.03,82.01,81.05,79.77,83.76,84.02
"11657",335,2012,80.09,82.92,82.96,80.83,86.51,84.81
"11658",336,2012,77.98,80.1,81.5,77.32,87.82,83
"11659",337,2012,77.27,81.35,81.15,78.55,83.98,85.19
"11660",338,2012,76.44,79.19,77.75,78.24,82.59,81.63
"11661",339,2012,76.57,80.7,78.15,79.12,83.4,84.06
"11662",340,2012,80.53,84.81,83.53,81.52,86.74,88.84
"11663",341,2012,87.88,92.46,88.85,90.29,90.07,94.31
"11664",342,2012,83.13,84.88,83.4,84.52,84.41,86.29
"11665",343,2012,88.17,87.97,87.93,88.34,83.98,85.19
"11666",344,2012,89.52,91.93,90.72,91.31,90.81,92.2
"11667",345,2012,92.7,93.84,92.76,92.96,91.63,94.58
"11668",346,2012,86.43,87.32,85.94,88.42,86.75,86.19
"11669",347,2012,87.16,92.4,90.29,88.08,90.07,94.33
"11670",348,2012,87.73,89.81,89.12,88.81,91.5,91.26
"11671",349,2012,87.74,89.9,90.58,88.75,93.2,90.15
"11672",350,2012,85.21,84.79,84.05,86.75,87.18,84.2
"11673",351,2012,82.81,84.24,82.34,84.88,83.3,84.04
"11674",352,2012,81.27,86.63,84.9,83.28,88.67,86.67
"11675",353,2012,85.44,90.99,90.66,85.89,94.13,93.83
"11676",354,2012,91.21,92.98,91.41,91.84,89.41,92.95
"11677",355,2012,88.2,90.68,89.06,89.04,89.28,91.35
"11678",356,2012,87.26,90.09,88.82,88.01,89.66,91
"11679",357,2012,89.4,88.7,86.42,92.28,90.9,90.26
"11680",358,2012,95.63,96.48,95.94,96.6,97.16,96.85
"11681",359,2012,93.28,93.74,93.55,92.89,90.49,93.7
"11682",360,2012,91.79,91.83,90.98,92.76,87.28,91.37
"11683",361,2012,91.29,92.15,91.78,90.51,92.97,91.55
"11684",362,2012,94.58,93.29,94.52,93.08,94.23,92.3
"11685",363,2012,87.98,90.78,92.29,87.42,94.02,93.82
"11686",364,2012,86.15,88.9,88.69,87.27,89.71,91.15
"11687",365,2012,90.22,91.87,93.06,88.69,94.54,92.94
"11688",366,2012,92.75,93.99,93.86,91.62,94.85,94.89
"11689",1,2013,90.65,92.55,93.61,87.94,94.98,94.83
"11690",2,2013,96.26,95.98,96.77,92.69,94.75,95.27
"11691",3,2013,95.6,97.26,97.69,93.89,99.62,97.65
"11692",4,2013,93.32,94.73,96.07,91.24,97.96,94.2
"11693",5,2013,87.8,88.94,89.22,84.88,90.37,88.74
"11694",6,2013,83.99,84.73,86.21,80.13,89.32,84.98
"11695",7,2013,80.22,80.93,81.88,77.24,87.95,81.11
"11696",8,2013,83.5,86.38,86.95,80.6,91.87,85.71
"11697",9,2013,88.36,91.97,92.44,84.39,93.44,92.73
"11698",10,2013,85.12,90.2,91.28,79.69,93.87,90.16
"11699",11,2013,77.3,81.46,86.07,72.44,94.22,82.98
"11700",12,2013,66.49,71.87,72.99,66.5,86.41,74.58
"11701",13,2013,67.65,70.91,71.18,67.16,85.23,71.98
"11702",14,2013,72.34,74.25,75.81,73.04,81.28,77.52
"11703",15,2013,76.35,80.13,79.63,73.61,82.15,82.26
"11704",16,2013,74.56,81.77,79.77,71.93,83.87,83.25
"11705",17,2013,75.89,83.11,81.06,73.91,86.09,86.88
"11706",18,2013,88.24,91.08,90.95,84.53,90.62,91.32
"11707",19,2013,88.5,89.69,89.19,85.65,88.65,88.28
"11708",20,2013,89.16,91.23,91.04,86.76,91.02,91.51
"11709",21,2013,89.64,90.21,92.22,86.06,94.19,91.31
"11710",22,2013,90.97,91.78,92.17,88.58,94.19,93.15
"11711",23,2013,94.95,94.48,95.09,94.86,96.12,94.84
"11712",24,2013,89.57,89.13,90.52,88.32,89.34,88.77
"11713",25,2013,82.94,83.35,84.32,81.01,85.09,84.66
"11714",26,2013,74.3,79,80.88,72.35,88.64,85.01
"11715",27,2013,74.5,80.76,84.24,71.96,89.16,84.36
"11716",28,2013,83.33,84.88,88.86,76.7,92.07,88.62
"11717",29,2013,85.72,87.02,88.85,80.76,88.94,87.63
"11718",30,2013,86.31,90.44,89.97,84.32,92.04,89.92
"11719",31,2013,86.41,87.59,86.81,85.6,87.31,87.94
"11720",32,2013,80.81,82.64,82.38,78.68,82.39,83.23
"11721",33,2013,74.02,78.18,79.96,70.99,89.11,83.75
"11722",34,2013,85.53,91.34,91.75,85.69,92.63,93.3
"11723",35,2013,84.79,88.37,89.03,85.35,94.18,92.19
"11724",36,2013,91.91,92.36,92.97,90.78,94.37,94.39
"11725",37,2013,91.53,92.31,91.69,91.93,93.45,93.05
"11726",38,2013,87.66,88.81,90.09,88.71,93.47,89.68
"11727",39,2013,86.84,86.69,87.54,85.13,88.83,86.93
"11728",40,2013,89.03,90.27,87.88,88.69,89.63,89.9
"11729",41,2013,93.13,95.27,95.32,93.27,97.37,96.65
"11730",42,2013,85.88,88.54,89.8,84.4,93.62,90.39
"11731",43,2013,84.79,89.96,88.76,85.13,90.6,93.01
"11732",44,2013,81.2,87.03,86.04,80.59,92.67,89.68
"11733",45,2013,83.17,89.8,86.45,85.01,89.67,90.42
"11734",46,2013,85.65,88.75,84.21,89.45,92,91.2
"11735",47,2013,91.41,91.11,92.08,90.02,94.72,91.8
"11736",48,2013,92.83,93.91,92.81,94.72,92.21,94.82
"11737",49,2013,89.22,91.23,89,90.84,92.63,92.08
"11738",50,2013,91.74,94.49,93.1,93.02,96.04,95.89
"11739",51,2013,96.86,96.13,96.27,94.91,95.82,96.16
"11740",52,2013,95.9,94.18,96.37,92.88,95.96,94.55
"11741",53,2013,95.28,95.62,97.37,92.08,97.77,95.91
"11742",54,2013,94.61,94.91,94.33,94.34,97.36,94.96
"11743",55,2013,94.52,94.1,92.85,95.28,89.88,92.59
"11744",56,2013,87.22,87.6,88.4,85.86,88.59,88.42
"11745",57,2013,89.28,91.49,91.82,86.5,92.73,94
"11746",58,2013,96.69,96.97,97.82,95.44,96.39,97.27
"11747",59,2013,97.49,96.79,96.43,97.03,96.2,96.03
"11748",60,2013,91.1,91.97,93.57,90.36,97.19,93.69
"11749",61,2013,88.2,87.29,88.79,86.78,90.87,87.27
"11750",62,2013,90.74,91,92.64,90.36,92.96,91.13
"11751",63,2013,97.93,96.1,96.78,97.37,95.37,93.95
"11752",64,2013,91.74,92.45,92.23,91.74,93.47,91.05
"11753",65,2013,91.62,91.88,90.97,91.28,93.66,92.88
"11754",66,2013,91.33,90.55,91.41,89.69,90.34,90.9
"11755",67,2013,89.84,86.81,87.71,87.45,85.28,85.97
"11756",68,2013,91.83,91.58,91.6,90.68,90.04,91.66
"11757",69,2013,90.52,91.77,90.91,91.42,90.65,92.17
"11758",70,2013,88.03,90.14,88.33,88.57,89.86,90.42
"11759",71,2013,91.55,91.41,91.56,91.8,89.76,91.65
"11760",72,2013,90.66,90.8,91.26,89.66,91.95,91
"11761",73,2013,89.13,88.63,92.03,89.57,94.88,90.85
"11762",74,2013,92.42,91.61,91.98,91.27,91.33,90.83
"11763",75,2013,94.66,94.12,96.08,91.77,94.67,93.17
"11764",76,2013,91.32,93.68,91.37,93.56,93.32,94.01
"11765",77,2013,94.63,93.12,92.71,94.48,91.75,92.6
"11766",78,2013,89.63,89.39,89.85,89.69,88.24,89.49
"11767",79,2013,87.05,88.97,89.02,85.61,85.35,88.23
"11768",80,2013,90.39,92.15,91.5,88.96,90.34,91.41
"11769",81,2013,91.13,93.71,93.25,91.69,93.17,94.17
"11770",82,2013,89.86,91.39,89.42,93.65,91.6,92.69
"11771",83,2013,85.06,84.09,83.86,87.15,83.26,84.38
"11772",84,2013,77.72,77.56,76.83,79.6,78.15,78.4
"11773",85,2013,82.19,82.94,82.65,80.7,83.22,83.23
"11774",86,2013,85.86,87.33,88.8,85.12,88.15,86.71
"11775",87,2013,93.17,92.57,94.84,90.1,91.44,92.53
"11776",88,2013,88.93,89.4,89.21,88.18,90.78,91.22
"11777",89,2013,90.95,90.54,91.85,90.5,93.2,89.8
"11778",90,2013,91.02,91.3,91.12,91.01,91.48,91.73
"11779",91,2013,89.15,88.22,87.1,91.75,87.38,87.53
"11780",92,2013,87.97,88.32,89.75,85.25,92.48,88.57
"11781",93,2013,92.44,92.81,94.4,90.89,96.28,94.62
"11782",94,2013,92.2,90.89,91.09,89.68,94.2,90.18
"11783",95,2013,88.15,88.67,86.68,87.49,87.49,89.46
"11784",96,2013,85.25,87.97,86.97,85.68,92.84,89.24
"11785",97,2013,86.62,86.45,86.14,86.63,88.61,87.53
"11786",98,2013,89.65,89.3,89.14,91.04,89.27,88.1
"11787",99,2013,87.95,87.59,87.71,88.09,88.62,85.91
"11788",100,2013,87.62,87.27,87.86,86.78,88.14,86.83
"11789",101,2013,84.82,85.52,85.8,86.29,90.04,87.42
"11790",102,2013,87.11,87.66,86.41,88.63,89.21,89.68
"11791",103,2013,91.57,91.28,91.8,90.4,90.76,91.94
"11792",104,2013,92.89,93.08,93.37,92.63,93.52,93.56
"11793",105,2013,96.03,97.03,96.8,95.87,97.08,97.32
"11794",106,2013,94.59,94.52,94.22,95.06,97.85,95.78
"11795",107,2013,94.42,95.27,95.82,95.68,96.94,94.16
"11796",108,2013,86.53,86.6,87.66,89.18,92.4,85.27
"11797",109,2013,96.87,96.68,97.34,97.56,97.95,96.37
"11798",110,2013,91.11,91.39,91.63,91.08,92,91.4
"11799",111,2013,87.44,91.84,90.23,88.88,93.96,96.52
"11800",112,2013,95.11,93.65,94.63,94.19,91.83,91.69
"11801",113,2013,97.39,97.75,97.72,96.19,96.52,98.8
"11802",114,2013,86.98,87.66,84.57,87.97,82.77,87.45
"11803",115,2013,68.07,70.35,68.28,70.27,74.01,72.48
"11804",116,2013,69.4,68.61,71.49,66.78,74.73,72.07
"11805",117,2013,72.53,72.57,72.99,70.95,75.6,76.41
"11806",118,2013,75.87,79.37,79.31,77.14,81.96,79.78
"11807",119,2013,94.2,95.61,94.88,94.6,93.73,95.56
"11808",120,2013,83.43,88.04,83.86,87.5,87.56,87.08
"11809",121,2013,91.43,93.57,87.81,93.23,90.51,93.8
"11810",122,2013,94.32,95.23,93.37,95.88,90.15,94.94
"11811",123,2013,84.66,85.65,84.1,87.29,84.39,84.35
"11812",124,2013,82.91,83.23,81.02,87.12,79.42,82.88
"11813",125,2013,92.18,88.07,87.06,92.99,82.4,83.62
"11814",126,2013,89.59,92.69,93.98,89.43,96.74,93.27
"11815",127,2013,95.68,95.59,95.16,95.53,94.25,95.94
"11816",128,2013,95.85,93.81,95.64,93.88,95.79,93.66
"11817",129,2013,94.95,93.73,92.63,93.81,90.98,91.35
"11818",130,2013,87.36,88.1,87.48,89.79,92.2,87.88
"11819",131,2013,94.11,93.04,93.74,93.88,91.88,93.09
"11820",132,2013,89.8,90.95,88,90.26,86.81,90.74
"11821",133,2013,91.18,91.9,90.29,92.23,90.88,91.62
"11822",134,2013,93.17,93.53,93.54,92.98,92.42,93.19
"11823",135,2013,95.52,95.96,95.38,96.23,94.81,96.22
"11824",136,2013,91.12,90.86,90.73,90.71,94.54,92.01
"11825",137,2013,96.73,96.57,97.59,94.49,98.19,96.31
"11826",138,2013,95.03,92.5,95.61,92.47,93.88,92.28
"11827",139,2013,90.35,91.65,91.11,89.63,92.66,91.19
"11828",140,2013,91.17,89.57,88.78,92.45,88.94,90.3
"11829",141,2013,94.81,93.15,93.11,93.48,89.04,93.09
"11830",142,2013,90.71,89.44,91.71,90.44,92.02,90.9
"11831",143,2013,96.24,96.97,96.65,96.98,97.07,96.94
"11832",144,2013,87.81,86.58,86.55,88.46,86.27,86.88
"11833",145,2013,91.11,92.04,93.65,91.59,95.95,91.94
"11834",146,2013,93.03,90.85,92.73,93.4,92.57,90.48
"11835",147,2013,90.25,89.44,88.63,92.75,87.35,89.71
"11836",148,2013,89.95,91.08,92.63,89.56,92.86,91.42
"11837",149,2013,89.77,90.58,90.55,89.78,91.41,93.11
"11838",150,2013,91.94,94.3,91.83,93.68,92.47,95.68
"11839",151,2013,90.52,90.61,89.52,91,90.99,91.01
"11840",152,2013,90.55,89.24,87.9,90.8,86.42,88.44
"11841",153,2013,89.43,89.03,87.99,90.69,88.98,88.24
"11842",154,2013,89.92,89.35,88.48,90,89.1,87.41
"11843",155,2013,92.74,91.7,92.37,90.88,91.86,90.9
"11844",156,2013,85.98,85.24,85.22,83.61,86.03,84.52
"11845",157,2013,92.18,89.84,89.43,90.62,88.28,88.65
"11846",158,2013,90.42,88.43,88.64,90.3,87.76,88.18
"11847",159,2013,95.22,93.22,94.12,94.05,94.96,93.29
"11848",160,2013,89.52,90.46,90.85,87.59,93.55,91.21
"11849",161,2013,92.82,94.7,94.08,94.1,94.59,94.76
"11850",162,2013,89.86,87.61,89.2,86.26,92.07,88.57
"11851",163,2013,91.8,90.51,90.46,90.94,92.35,89.33
"11852",164,2013,96.63,93.01,95.25,94.1,94,92.08
"11853",165,2013,95.39,91,91.47,93.89,86.29,91.91
"11854",166,2013,91.17,90.71,88.71,89.94,88.99,90.94
"11855",167,2013,86.71,85.66,86.05,85.25,91.34,85.5
"11856",168,2013,93.38,93.28,92.83,93.23,93.21,94.51
"11857",169,2013,91.66,89.63,91.26,90.66,91.85,88.19
"11858",170,2013,93.66,91.45,92.41,91.73,91.53,91.77
"11859",171,2013,92.46,91.04,92.61,91,94.45,91.45
"11860",172,2013,92.66,89.54,89.62,90.79,86.88,88.52
"11861",173,2013,88.05,87.84,85.88,88.7,86.08,87.36
"11862",174,2013,93.36,90.93,90.73,94.83,89.04,91.28
"11863",175,2013,90.06,89.31,89.06,89.51,89.19,88.06
"11864",176,2013,87.58,88.12,87.6,85.88,89.55,89.68
"11865",177,2013,89.34,87.91,88.25,86.88,86.46,87.13
"11866",178,2013,91.19,89.86,89.57,90.74,86.96,90.22
"11867",179,2013,91.22,90.82,91.04,90.57,90.72,89.49
"11868",180,2013,87.28,87.88,87.95,88.11,89.07,89.82
"11869",181,2013,90.17,90.9,89.07,91.05,90.42,91.62
"11870",182,2013,93.32,93.25,93.23,92.84,93.51,92.42
"11871",183,2013,91.9,91.57,93.41,91.24,92.92,91.53
"11872",184,2013,92.54,92.31,92.71,89.44,94.81,93.91
"11873",185,2013,94.04,92.52,95.03,90.19,93.75,90.86
"11874",186,2013,94.1,93.7,93.44,95.29,91.91,88.26
"11875",187,2013,92.03,88.83,88.77,90.16,90.31,88.77
"11876",188,2013,90.5,91.1,91.87,90.22,93.17,90.87
"11877",189,2013,89.65,89.29,90.48,89.37,93.65,90.62
"11878",190,2013,93.82,92.75,93.03,94.53,93.32,91.11
"11879",191,2013,93.06,93.41,92.72,93.55,92.67,93.02
"11880",192,2013,91.66,91.69,91.6,90.94,92.9,91.71
"11881",193,2013,94.71,96.16,92.64,96.13,91.68,97.47
"11882",194,2013,92.96,91.28,91.71,93.47,88.3,90.87
"11883",195,2013,91.16,86.31,88.83,89.22,88.87,88.09
"11884",196,2013,93.57,91.63,93.86,91.98,94.23,92.91
"11885",197,2013,94.87,92.18,93.03,91.73,94.16,91.89
"11886",198,2013,93.37,93.3,91.75,93.65,91.58,93.63
"11887",199,2013,91.43,93.41,92.99,90.96,94.63,92.59
"11888",200,2013,90.47,91.43,91.11,93.11,92.18,90.36
"11889",201,2013,91.47,89.66,90.71,90.02,89.8,89.24
"11890",202,2013,90.81,88.66,89.62,89.8,89.33,88.63
"11891",203,2013,90.21,90.76,92.5,88.71,93.52,91.16
"11892",204,2013,93.03,92.84,91.91,94.24,90.45,91.71
"11893",205,2013,92.42,92.48,91.71,92.46,91.83,92.4
"11894",206,2013,95.56,95.76,93.86,96.22,88.11,94.78
"11895",207,2013,83.75,84.67,82.48,86.63,78.78,83.32
"11896",208,2013,83.11,83.71,81.17,82.37,78.41,84.62
"11897",209,2013,87.33,88.56,87.23,89.16,87.82,88.35
"11898",210,2013,88.98,89.19,88.98,88.06,90.14,88.32
"11899",211,2013,91.22,91.41,89.73,92.05,88.55,90.77
"11900",212,2013,91.54,89.99,91.99,90.19,93.61,91.01
"11901",213,2013,89.88,92.96,91.71,87.91,92.53,94.1
"11902",214,2013,94.86,96.23,93.92,95.39,91.56,96.21
"11903",215,2013,93.63,90.65,91.12,92.29,91.7,91.08
"11904",216,2013,90.64,89.51,89.22,91.35,88.33,89.45
"11905",217,2013,88.89,90.17,90.89,89.01,92.09,89.74
"11906",218,2013,92.65,93.22,92.71,92.58,92.98,91.76
"11907",219,2013,89.28,88.08,89.06,88.38,88.3,87.45
"11908",220,2013,87.22,87,87.34,87.36,86.76,87.26
"11909",221,2013,92,91.51,91.79,91.44,91.24,91.18
"11910",222,2013,94.04,91.52,90.27,93.71,89.49,90.65
"11911",223,2013,94.14,95.98,95.03,94.84,94.32,96.17
"11912",224,2013,91.78,92.11,92.39,91.98,92.21,92.68
"11913",225,2013,91.13,90.23,90.68,91.95,90.27,90.41
"11914",226,2013,94.9,95.44,95.59,95.23,97,96.8
"11915",227,2013,94.43,94.21,94.65,95.55,97.45,94.82
"11916",228,2013,94.22,93.86,95.29,93.67,89.21,93.74
"11917",229,2013,87.64,87.03,90.95,85.56,87.97,86.99
"11918",230,2013,91.41,91.63,93.41,90.32,90.24,91.28
"11919",231,2013,96.3,94.07,95.47,93.33,95.35,91.41
"11920",232,2013,95.09,94.88,95.82,92.85,96.34,94.18
"11921",233,2013,90.82,90,90.59,90.48,92.55,91.01
"11922",234,2013,90.94,89.95,90.88,88.48,90.62,88.45
"11923",235,2013,90.28,90.94,89.81,90.55,89.91,90.28
"11924",236,2013,90.72,90.73,90.53,90.52,88.94,89.96
"11925",237,2013,93.11,93.59,92.32,94.17,91.78,92.64
"11926",238,2013,94.82,93.27,94.86,92.58,94.41,92.56
"11927",239,2013,90.44,88.78,90.65,89.31,93.58,89.07
"11928",240,2013,90.5,89.08,91.68,90.23,90.51,92.11
"11929",241,2013,91.52,91.24,88.7,94.09,84.93,90.67
"11930",242,2013,94.47,93.08,93.94,94.8,92.62,90.2
"11931",243,2013,87.67,85.81,86.69,87.52,85.27,85.21
"11932",244,2013,87.47,88.76,87.4,87.18,88.42,90.11
"11933",245,2013,87.96,86.66,86.05,86.83,86.88,86.99
"11934",246,2013,84.88,85.98,85.84,85.3,86.31,86.94
"11935",247,2013,88.28,87.59,88.49,88.44,89.08,88.18
"11936",248,2013,93.97,94.57,93.92,94.3,94.17,94.62
"11937",249,2013,86.69,87.36,87.69,86.5,88.54,87.71
"11938",250,2013,88,90.14,90.11,87.89,91.12,91.14
"11939",251,2013,91.35,91.08,90.02,92.66,90.75,92.36
"11940",252,2013,91.42,89.95,90.96,92.33,91.31,88.29
"11941",253,2013,92.43,91.61,92.93,91.4,93.5,91.71
"11942",254,2013,88.8,90.77,89.41,90.12,90.71,92.63
"11943",255,2013,85.37,86.38,86.28,86.76,85.72,87.29
"11944",256,2013,87.48,90.47,89.98,87.08,89.94,91.96
"11945",257,2013,91.66,86.85,89,89.06,88.18,83.88
"11946",258,2013,92.87,92.65,92.94,92.96,93.94,91.5
"11947",259,2013,91.31,91.25,91.56,90.08,91.59,91.05
"11948",260,2013,91.12,90.11,90.39,92.61,90.13,88.67
"11949",261,2013,91.79,92.26,92.82,93.01,91.56,93.2
"11950",262,2013,92.97,92.58,92.38,91.44,91.11,93.17
"11951",263,2013,88.22,88.66,88.59,87.06,87.87,88.66
"11952",264,2013,83.74,83.16,83.86,83.5,83.62,82.76
"11953",265,2013,86.28,85.3,84.81,85.16,83.9,83.75
"11954",266,2013,90.86,90.82,88.88,92.67,87.33,89.8
"11955",267,2013,90.5,90.49,90.98,91.33,91.84,91.37
"11956",268,2013,92.13,92.02,91.76,91.76,91.92,92.47
"11957",269,2013,91.58,91.12,90.76,92.11,92.08,91.41
"11958",270,2013,91.77,88.67,89.87,91.49,88.92,89.29
"11959",271,2013,88.96,88.72,88.35,89.72,87.96,88.38
"11960",272,2013,93.28,92.23,92.6,94.45,92.61,91.97
"11961",273,2013,88.02,86.91,87.27,89.13,86.26,86.53
"11962",274,2013,87.52,87.79,85.79,88.81,91.94,87.54
"11963",275,2013,87.45,87.7,88.56,88.57,87.52,86.8
"11964",276,2013,90.91,89.99,91.73,88.88,90.46,90.15
"11965",277,2013,92.05,90.88,90.48,92.2,90.58,89.6
"11966",278,2013,87.81,87.79,87.94,87.92,89.44,87.8
"11967",279,2013,87.78,87.11,88.02,87.72,86.9,85.38
"11968",280,2013,90.22,89.78,89.72,90.33,90.66,89.49
"11969",281,2013,89.28,87.52,87.98,88.95,88.63,86.35
"11970",282,2013,87.84,88.34,89.39,86.71,89.91,89.6
"11971",283,2013,88.45,88.93,88.9,89.01,86.95,90.5
"11972",284,2013,93.39,90.93,90.4,92.62,90.62,87.06
"11973",285,2013,94.91,94.38,93.66,95.76,96.73,94.54
"11974",286,2013,90.07,90.9,90.93,87.79,89.67,90.65
"11975",287,2013,87.8,86.45,89.88,84.68,89.66,86.48
"11976",288,2013,90.36,90.82,89.64,91.17,91.33,92.33
"11977",289,2013,93.24,91.27,93.74,91.16,94.83,91.23
"11978",290,2013,88.36,87.91,87.63,88,87.98,87.4
"11979",291,2013,88.49,88.5,86.37,88.79,86.07,87.86
"11980",292,2013,87.03,87.87,86.86,86.9,87.31,87.02
"11981",293,2013,87.7,85.71,85.81,88.48,85.65,84.75
"11982",294,2013,86.87,88.35,87.88,89.1,87.08,90.66
"11983",295,2013,86.14,89.2,86.22,88.53,87.97,91.76
"11984",296,2013,92.8,92.63,91.8,93.59,88.57,91.1
"11985",297,2013,85.46,84.84,85.08,85.23,84.85,83.87
"11986",298,2013,84.85,84.02,85.31,83.54,86.33,84.16
"11987",299,2013,91.54,89.66,90.61,88.08,89.84,88.62
"11988",300,2013,89.12,87.79,87.15,87.84,85.62,86.33
"11989",301,2013,87.85,87.72,89,87,87.24,87.57
"11990",302,2013,87.53,89.91,90.05,88.25,90.1,92.14
"11991",303,2013,87.61,90.47,88.33,88.28,88.8,92.37
"11992",304,2013,86.52,88.11,88.08,87.48,94.63,90.64
"11993",305,2013,85.88,89.83,89.01,88.26,90.5,90.32
"11994",306,2013,87.89,88.32,88.2,86.95,83.17,86.71
"11995",307,2013,92.66,93.22,94.24,91.98,93.26,94.36
"11996",308,2013,95.13,95.42,95.87,93.23,95.58,96.02
"11997",309,2013,87.57,87.05,89.35,86.16,89.38,88.57
"11998",310,2013,86.31,86.89,85.22,87.05,86,84.84
"11999",311,2013,92.3,91.6,91.85,91.9,92.08,90.2
"12000",312,2013,92.15,90.53,92.1,92.48,90.91,88.54
"12001",313,2013,89.07,91.8,90.46,90.83,90.26,91.75
"12002",314,2013,93.52,93.66,90.9,95.34,90.46,92.53
"12003",315,2013,86.61,85.77,85.14,86.93,86.57,84.96
"12004",316,2013,89.48,90.65,91.84,87.88,95.58,92.53
"12005",317,2013,95.42,96.21,95.93,94.1,95.36,96.28
"12006",318,2013,94.31,93.97,94.46,93.7,94.14,94.54
"12007",319,2013,96.1,95.57,95.09,95.59,90.22,95.11
"12008",320,2013,90.19,89.58,92.11,90.05,91.42,88.72
"12009",321,2013,88.19,87.85,88.59,87.03,91.08,88.31
"12010",322,2013,89.25,89.56,90.02,87.64,89.38,91.24
"12011",323,2013,83.79,85.17,85.68,83.45,85.59,87.51
"12012",324,2013,81.67,84.51,84.46,81.46,86.81,85.62
"12013",325,2013,91.83,92.51,93.04,91.72,94.09,93.56
"12014",326,2013,93.16,93.82,92.49,94.29,93.61,94.75
"12015",327,2013,90.07,91.33,90.45,89.47,87.71,88.6
"12016",328,2013,87.38,86.99,88.14,85.9,87.37,86.12
"12017",329,2013,90.68,89.74,88.13,90.9,89.82,88.98
"12018",330,2013,89.96,93.06,92.08,89.79,95.3,95.08
"12019",331,2013,87.48,87.91,87.13,89.53,88.41,88.18
"12020",332,2013,83.68,85.79,85.43,83.42,86.38,87.98
"12021",333,2013,81.93,85.86,86.54,82.33,92.68,89.68
"12022",334,2013,87.9,93.26,92.12,87.14,95.89,94.37
"12023",335,2013,88.93,90.46,90.91,88.73,92.55,91.6
"12024",336,2013,94.2,95.08,94.93,94.56,93.09,95.8
"12025",337,2013,89.5,89.65,90.28,90.41,91.99,91.72
"12026",338,2013,94.55,93.66,95.75,94.2,95.51,93.81
"12027",339,2013,94.79,95.23,94.13,96,91.65,94.58
"12028",340,2013,91.16,91.71,91.09,91.22,89.64,89.42
"12029",341,2013,90.88,91.54,90.07,90.35,89.98,93.25
"12030",342,2013,87.75,88.1,87.75,88.27,90.69,90.44
"12031",343,2013,91.35,92.14,90.96,91.52,90.37,91.6
"12032",344,2013,89.41,91,89.99,89.77,92.16,91.13
"12033",345,2013,94.73,95.93,95.18,95.75,96.25,95.42
"12034",346,2013,92.94,92.51,91.12,93.28,87.73,92.33
"12035",347,2013,87.3,87.88,87.01,87.07,88.14,87.02
"12036",348,2013,87.23,87.55,87.77,85.55,89.14,87.21
"12037",349,2013,85.75,88.53,89.22,85.61,92.58,89.87
"12038",350,2013,91.88,95.08,95.91,91.99,97.3,95.85
"12039",351,2013,87,90.25,91.32,85.94,92.91,93.1
"12040",352,2013,81.89,84.3,84.26,82.59,91.42,87.75
"12041",353,2013,76.2,79.06,77.89,78.01,86.67,80.41
"12042",354,2013,74.71,76.39,75.62,75.36,82.97,76.53
"12043",355,2013,72.15,74.51,73.05,73.72,78.34,74.92
"12044",356,2013,74.07,73.96,73.39,73.72,76.26,74.08
"12045",357,2013,73,74.05,73.55,73.75,77.94,74.51
"12046",358,2013,73.97,77.28,76.62,74.34,81.02,78.25
"12047",359,2013,78.86,84.95,83.85,79.8,88.2,87.12
"12048",360,2013,89.42,91.07,91.27,89.3,91.3,91.59
"12049",361,2013,92.88,94.07,94.5,93.43,94.63,92.98
"12050",362,2013,90.18,91.08,91.62,90.24,94.07,90.3
"12051",363,2013,86.81,89.55,90.86,87.6,90.23,91.35
"12052",364,2013,80.8,83.21,85.11,80.6,88.83,84.4
"12053",365,2013,81.57,84.84,85.65,82.95,92.09,86.51
"12054",1,2014,88.94,91.42,91.19,90,91.71,91.63
"12055",2,2014,89.14,92.62,92.39,89.25,93.94,94.18
"12056",3,2014,87.18,87,85.98,90.22,90.83,85.11
"12057",4,2014,84.09,85.8,84.88,85.9,91.32,85.24
"12058",5,2014,95.07,96.64,97.92,92.76,96.92,97.22
"12059",6,2014,96.18,96.71,97.54,95.94,97.26,96.95
"12060",7,2014,94.42,93.71,93.55,94.29,93.7,92.6
"12061",8,2014,89.8,90.74,90.16,89.15,91.29,90.01
"12062",9,2014,86.36,87.59,88.2,86.2,92.17,88.63
"12063",10,2014,82.51,87.79,87.35,82.78,93.53,90.95
"12064",11,2014,75.71,80.77,79.48,75.46,90.57,84.9
"12065",12,2014,73.84,78.68,79.56,74.35,89.21,84.56
"12066",13,2014,80.63,86.69,87.81,78.33,95.71,89.55
"12067",14,2014,90.08,93.06,93.68,87.42,96.47,93.51
"12068",15,2014,88.51,88.88,91.06,85.63,89.4,88.46
"12069",16,2014,89.2,89.35,90.2,88.6,91.36,90.28
"12070",17,2014,90.87,89.65,90.85,91.51,92.26,91.08
"12071",18,2014,96.39,96.53,96.39,96.11,96.22,96.92
"12072",19,2014,96.05,96.27,96.4,96.15,98.09,96.38
"12073",20,2014,91.02,92.34,91.66,91.63,93.31,92.86
"12074",21,2014,83.91,84.95,87.09,82.23,87.44,85.56
"12075",22,2014,80.11,83.32,83.43,81.02,85.66,83.91
"12076",23,2014,80.16,82.33,81.57,82.64,83.47,80.65
"12077",24,2014,80.17,85.04,83.53,82.45,87.32,85.5
"12078",25,2014,82.81,86.34,84.65,83.34,88.12,87.23
"12079",26,2014,73.51,77.98,77.48,73.89,87.09,80.73
"12080",27,2014,71.84,79.56,78.17,72.43,85.79,84.21
"12081",28,2014,80.07,87.47,84.78,79.85,91.82,90.02
"12082",29,2014,87.26,91.16,89.32,85.99,91.64,92.56
"12083",30,2014,81.16,87.59,85.97,81.05,87.54,90.46
"12084",31,2014,75.67,81.76,82.31,75.93,92.23,85.34
"12085",32,2014,82.68,84.82,86.23,78.64,93.3,86.79
"12086",33,2014,88.52,91.86,90.86,88.66,96.54,94.86
"12087",34,2014,88.78,91.82,89.22,89.38,90.08,92.43
"12088",35,2014,83.22,86.35,86.16,83.58,88.48,88.6
"12089",36,2014,83.37,88.83,88.36,82.81,92.5,90.39
"12090",37,2014,89.28,93.52,93.94,87.09,97.06,95.43
"12091",38,2014,87.61,89.43,88.7,86.39,90.56,89.08
"12092",39,2014,87.36,87.71,86.87,85.65,88.39,87.66
"12093",40,2014,89.5,88.65,89.96,86.68,91.93,91.42
"12094",41,2014,87.95,89.73,90.73,84.04,91.24,90.53
"12095",42,2014,88.11,86.74,87.13,88.9,89.78,86.98
"12096",43,2014,94.43,94.9,94.5,94.01,91.14,95.05
"12097",44,2014,89.24,91.69,91.05,90.13,94.37,93.41
"12098",45,2014,89.09,91.93,90.34,91.29,92.87,92.75
"12099",46,2014,84.79,87.15,86.52,83.69,86.77,88.58
"12100",47,2014,80.79,83.5,83.74,77.54,86.78,85.84
"12101",48,2014,80.78,86.03,83.69,78.33,87.9,87.83
"12102",49,2014,79.02,84.96,81,80.55,87.7,85.62
"12103",50,2014,84.49,87.47,86.74,85.77,90.06,88.28
"12104",51,2014,82.88,88.53,89.19,80.7,90.85,89.4
"12105",52,2014,85.74,90.49,90.65,81.69,90.94,91.68
"12106",53,2014,85.13,89.57,90.02,84.45,96.67,93.47
"12107",54,2014,87.55,92.21,92,86.67,93.37,94.73
"12108",55,2014,86.42,93.57,91.73,87.88,95.19,95.15
"12109",56,2014,90.17,91.05,92.56,91.13,95.49,91.78
"12110",57,2014,89.98,91.31,91.9,88.92,94.73,93.03
"12111",58,2014,91.72,92.16,92.19,90.83,91.5,92.68
"12112",59,2014,94.23,94.25,93.44,95.36,92.21,95.35
"12113",60,2014,91.69,92.13,91.18,92.53,89.15,92.32
"12114",61,2014,85.24,86.15,86.82,86.33,87.81,86.93
"12115",62,2014,78.1,82.45,82.67,79,89.75,85.91
"12116",63,2014,75.78,81.78,82.84,77.27,90.89,87.82
"12117",64,2014,86.94,93.14,93.07,87.88,94.79,95.84
"12118",65,2014,92.91,93.89,96.7,92.22,98.4,94.2
"12119",66,2014,90.9,90.38,90.6,93.01,95.69,91.01
"12120",67,2014,93.09,92.82,92.48,91.06,91.19,92.41
"12121",68,2014,86.83,87.06,87.74,86.65,89.56,87.86
"12122",69,2014,91.15,90.92,91.62,91.58,92.1,90.44
"12123",70,2014,91.14,93.59,92.46,90.05,91.25,95.45
"12124",71,2014,87.3,88.13,86.12,85.67,87.6,89.79
"12125",72,2014,87.59,88.76,87.43,87.2,90.18,90.77
"12126",73,2014,88.63,85.61,86.06,89.59,89.03,86.31
"12127",74,2014,90.61,89.9,90.67,89.58,91,91.26
"12128",75,2014,89.92,92.08,91.5,88.79,94.3,94.12
"12129",76,2014,85.77,89.21,86.72,87.79,91.07,91.74
"12130",77,2014,88.68,89.66,89.81,89.33,92.26,90.95
"12131",78,2014,92.28,90.97,91.23,91.73,92.69,89.72
"12132",79,2014,87.57,87.94,88.23,87.6,91.29,86.63
"12133",80,2014,87.76,88.19,89.93,86.03,93.76,89.8
"12134",81,2014,96.44,96.99,97.01,94.67,98.34,96.75
"12135",82,2014,94.99,97.81,97.81,96.32,99.15,98.71
"12136",83,2014,87.56,92.56,90.68,91.26,92.12,95.03
"12137",84,2014,93.66,94.47,94.73,93.23,94.06,96.37
"12138",85,2014,94.45,92.94,93.45,94.74,94.4,94.33
"12139",86,2014,93.29,95,95.04,94.08,96.55,96.43
"12140",87,2014,89.78,90.67,91.9,89.7,94.72,90.98
"12141",88,2014,78.95,80.53,81.63,78.84,86.06,81.64
"12142",89,2014,67.82,71.31,73.18,67.71,84.95,74.05
"12143",90,2014,70.62,78.48,78.81,71.94,90.33,84.61
"12144",91,2014,80.76,88.44,85.48,82.85,92.65,95.46
"12145",92,2014,85.11,89.08,87.05,86.92,91.33,91.76
"12146",93,2014,90.62,90.79,90.52,90.45,88.3,89.95
"12147",94,2014,88.2,89.18,88.71,89.92,91.94,91.27
"12148",95,2014,92.79,94.26,94.78,94.42,95.31,95.97
"12149",96,2014,95.57,95.72,96.07,94.06,97.79,95.79
"12150",97,2014,94.2,95.57,94.89,94.44,94.17,96.08
"12151",98,2014,93.21,92.59,94.2,92.37,93.35,91.29
"12152",99,2014,94.2,92.97,95.04,90.88,95.64,90.84
"12153",100,2014,92.91,89.7,92.11,90.35,93.75,89.54
"12154",101,2014,88.41,84.58,87,87.82,88.18,83.44
"12155",102,2014,86.77,86.19,86.92,85.08,86.65,85.6
"12156",103,2014,87.7,88.82,87.37,86.85,90.28,91.45
"12157",104,2014,88.07,88.43,87.77,86.71,89.4,88.88
"12158",105,2014,94.17,95.18,95.98,92.31,96.79,94.58
"12159",106,2014,90.53,89.45,90.41,89.43,91.79,91.41
"12160",107,2014,90.71,89.07,90.31,90.16,92.38,89.4
"12161",108,2014,91.32,90.07,89.55,91.23,87.21,91.47
"12162",109,2014,97.87,97.6,97.13,97.68,95.09,97.71
"12163",110,2014,88.86,90.39,89.9,90.02,95.77,92.55
"12164",111,2014,94.02,94.42,93.6,94.36,96.67,95.83
"12165",112,2014,95.95,96.48,93.92,96.43,93.75,97.08
"12166",113,2014,89.41,91.57,90.32,89.98,96,94.03
"12167",114,2014,94.41,93.09,93.14,93.18,94.54,93.57
"12168",115,2014,95.37,95.59,93.96,97.25,94.7,96.6
"12169",116,2014,93.99,94.77,94.65,95.54,95.69,96.42
"12170",117,2014,90.13,89.65,89.73,88.57,87.68,90.62
"12171",118,2014,91.72,91.97,92.22,92.4,94.55,91.76
"12172",119,2014,93.16,92.09,90.09,94.91,88.42,89.78
"12173",120,2014,90.47,93.12,93.54,89.72,99.31,96.02
"12174",121,2014,89.72,88.48,88.08,90.63,87.15,88.17
"12175",122,2014,91.91,91.71,92.79,87.13,90.71,90.99
"12176",123,2014,97.3,96.26,95.99,96,94.07,95.24
"12177",124,2014,94.02,93.94,93.54,94.59,93.61,94.76
"12178",125,2014,92.38,91.74,92.34,91.78,97.37,92.67
"12179",126,2014,86.49,87.38,85.93,86.28,86.12,86.75
"12180",127,2014,87.27,85.52,86.22,86.66,83.06,82.63
"12181",128,2014,96.57,96.12,96.42,95.94,95.04,94.51
"12182",129,2014,96.57,97.88,95.54,96.36,96.5,97.81
"12183",130,2014,88.32,88.37,88.3,88.6,91.34,89.06
"12184",131,2014,96.68,95.54,96.97,91.49,96.94,92.54
"12185",132,2014,91.05,90.73,91.35,89.52,89.5,89.33
"12186",133,2014,92.53,91.78,91.07,92.18,91.14,91.53
"12187",134,2014,94.35,92.97,93.94,92.24,93.5,91.58
"12188",135,2014,93.62,93.83,94.39,92.4,96.23,94
"12189",136,2014,94.08,94.71,94.78,92.23,94.98,95.19
"12190",137,2014,94.91,93.74,94.57,94.86,94.87,92.95
"12191",138,2014,89.83,88.2,87.18,90.84,86.05,88.18
"12192",139,2014,97.87,95.75,96.27,97.68,94.51,93.86
"12193",140,2014,84.65,86.07,85.46,84.45,86.09,86.59
"12194",141,2014,91.18,91.35,90.46,90.69,89.81,88
"12195",142,2014,85.06,87.06,85.24,85.02,85.37,86.25
"12196",143,2014,81.26,83.2,81.83,81.93,85.15,84.65
"12197",144,2014,89.09,87.81,89.12,89.55,89.77,88.74
"12198",145,2014,88.97,88.86,89.48,89.55,92.87,89.65
"12199",146,2014,94.43,93.72,93.21,94.23,93.15,94.27
"12200",147,2014,96.3,93.1,89.14,97.34,86.56,91.43
"12201",148,2014,94.86,94.98,92.79,95.22,93.34,93.72
"12202",149,2014,93.13,90.09,92.47,90.91,92.1,88.82
"12203",150,2014,93.05,93.3,93.74,92.33,96.43,92.84
"12204",151,2014,88.71,89.53,89.91,87.91,89.39,89.08
"12205",152,2014,91.89,91.63,90.67,91.36,86.67,90.15
"12206",153,2014,94.44,93.21,92.79,93.73,89.73,92.96
"12207",154,2014,95.21,98.08,97.64,97.88,97.39,98.19
"12208",155,2014,90.65,89.69,90.13,91.02,91.58,89.29
"12209",156,2014,94.82,94.5,93.24,93.87,90.59,94.72
"12210",157,2014,94.55,91.74,93.22,94.19,92.23,91.13
"12211",158,2014,98.31,98.05,98.06,98.62,97.14,98.34
"12212",159,2014,91.25,90.12,88.87,92.93,88.79,88.79
"12213",160,2014,91.88,90.17,90.35,91.3,91.52,88.51
"12214",161,2014,96.73,96.49,95.77,96.44,92.6,96.17
"12215",162,2014,94.58,94.28,94.24,93.38,93.83,95.17
"12216",163,2014,94.98,94.57,92.8,94.46,92.25,94.48
"12217",164,2014,88.35,87.58,88.39,86.82,89.32,89.05
"12218",165,2014,92.66,90.73,91.39,91.88,89.67,90.33
"12219",166,2014,92.33,89.68,89.48,90.02,86.44,88.15
"12220",167,2014,91.15,89.84,89.92,89.58,86.5,87.68
"12221",168,2014,98.23,97.63,97.82,97.26,95.97,96.86
"12222",169,2014,99.41,99.21,98.66,99.1,97.93,99.42
"12223",170,2014,99.4,99.35,99.15,99.03,97.95,99.31
"12224",171,2014,98.67,99.18,98.89,98.4,99.22,99.36
"12225",172,2014,97.27,96.66,95.08,92.47,94.18,97.51
"12226",173,2014,90.43,87.71,91.28,85.85,92.78,86.78
"12227",174,2014,90.91,90.2,90.38,91.43,93.44,89.66
"12228",175,2014,97.84,95.74,97.79,96.04,96.9,93.35
"12229",176,2014,98.43,96.11,96.98,98.25,95.1,92.7
"12230",177,2014,88.37,88.04,86.86,89.51,87.43,87.05
"12231",178,2014,91.74,90.97,90.91,90.03,92.34,91.05
"12232",179,2014,91.7,90.7,89.39,92.45,89.7,91.15
"12233",180,2014,98.95,97.85,97.61,96.8,95.66,96.21
"12234",181,2014,92.99,91.17,91.66,92.33,92.38,91.09
"12235",182,2014,93.54,91.21,90.67,93.89,86.85,90.02
"12236",183,2014,91.69,89.62,90.33,91.24,90.99,89.42
"12237",184,2014,92.77,92.46,93.67,91.36,94.99,91.72
"12238",185,2014,98.37,98.72,97.45,99.19,95.65,97.09
"12239",186,2014,87.66,87.45,88.96,87.97,94.22,89.59
"12240",187,2014,90.86,90.82,90.57,88.19,90.3,91.23
"12241",188,2014,95.02,94.27,93.15,95,91.21,92.87
"12242",189,2014,97.87,98.35,96.99,99.1,94.96,97.41
"12243",190,2014,88.75,88.37,89.53,88.13,92.59,88.29
"12244",191,2014,97.22,95.96,95.12,97.97,94.06,95.3
"12245",192,2014,94.06,92.57,91.91,94.07,90.13,92.07
"12246",193,2014,91.78,93.03,94.23,92.55,96.96,95.45
"12247",194,2014,96.97,94.64,96.26,96.67,96.51,92.69
"12248",195,2014,96.49,96.59,96.51,95.59,98.37,97.13
"12249",196,2014,95.17,92.02,94.08,92.8,92.07,90.8
"12250",197,2014,92.03,91.07,92.04,89.99,92.83,91
"12251",198,2014,93.24,91.75,92.46,92.85,91.61,90.4
"12252",199,2014,92.48,90.5,92.5,89.09,91.7,90.13
"12253",200,2014,90.86,91.76,90.35,90.78,90.81,92.92
"12254",201,2014,90.14,89.02,89.03,89.57,90.06,90.11
"12255",202,2014,90.78,90.82,90.98,90.68,92.62,91.85
"12256",203,2014,93.61,92.8,92.34,92.77,90.01,92.32
"12257",204,2014,90.39,90.97,90.61,90.24,92.66,91.73
"12258",205,2014,91.75,90.87,91.37,89.76,90.61,89.33
"12259",206,2014,92.14,91.93,92,90.55,90.65,92.35
"12260",207,2014,92.13,91.37,91.97,91.26,92.18,91.46
"12261",208,2014,90.35,87.55,89.1,89.22,89.24,86.97
"12262",209,2014,93.81,93.42,94.19,91.94,89.53,93.31
"12263",210,2014,93.33,92.17,93.37,92.51,92.66,93.18
"12264",211,2014,91.88,92.42,92.59,92.25,92.92,92.66
"12265",212,2014,89.65,89.76,90.26,90.33,91.43,88.32
"12266",213,2014,88,87.33,86.19,91.1,87.7,87.23
"12267",214,2014,92.25,91.38,91.89,91.11,91.42,91.3
"12268",215,2014,88.83,90.98,89.63,89.15,91.46,91.99
"12269",216,2014,90.24,91.15,91.68,89.26,94.68,93.36
"12270",217,2014,95.26,92.78,94.68,94.14,94.32,91.04
"12271",218,2014,90.04,90.49,89.13,91.59,91.1,92.28
"12272",219,2014,87.88,90.08,88.19,89.85,90.2,90.6
"12273",220,2014,95.16,93.47,94.3,91.14,95.68,94.03
"12274",221,2014,91.71,91.66,91.86,91.94,92.96,91.81
"12275",222,2014,90.94,91.56,92.49,88.65,94.39,92.61
"12276",223,2014,93.27,90.71,90.35,92.34,89.42,91.15
"12277",224,2014,88.53,90.69,89.96,89.19,93.88,92.62
"12278",225,2014,93.41,93.73,93.11,94,93.02,94.45
"12279",226,2014,94.72,96.37,96.17,94.76,98.59,96.99
"12280",227,2014,92.59,93.43,94.12,91.86,95.12,92.82
"12281",228,2014,91.24,91.11,90.64,90.66,92.35,91.54
"12282",229,2014,93.25,91.97,91.69,91.87,91.1,92.04
"12283",230,2014,91.82,90.7,89.8,92.44,89.22,90.08
"12284",231,2014,92.78,90.67,89.5,93.62,89.22,91.03
"12285",232,2014,93.14,92.45,93.05,93.23,94.87,93.71
"12286",233,2014,91.04,88.94,89.88,89.29,88.92,89.49
"12287",234,2014,88.29,87.49,86.53,89.64,87.32,87.85
"12288",235,2014,92.82,90.62,90.4,92.7,88.07,90.18
"12289",236,2014,89.54,89.81,89.77,88.99,88.65,91.41
"12290",237,2014,93.16,92.67,92.39,92.8,90.91,93.24
"12291",238,2014,93.87,94.4,93.4,95.12,92.33,95.25
"12292",239,2014,87.24,88.45,88.87,89.7,93.33,89.56
"12293",240,2014,93.19,93.21,93.72,92.24,92.51,93.81
"12294",241,2014,87.84,87.37,90.02,86.22,90.79,87.62
"12295",242,2014,87.14,85.59,86.53,86,87.32,85.08
"12296",243,2014,84.88,84.82,84.81,84.11,85.94,85.39
"12297",244,2014,85.4,86.87,86.23,86.28,88.35,87.74
"12298",245,2014,89.65,89.71,89.62,90.46,90.53,91.28
"12299",246,2014,91.39,89.91,88.95,92.24,88.6,89.81
"12300",247,2014,87.88,86.74,86.56,88.1,87.45,87.84
"12301",248,2014,88.13,87.68,87.2,88.68,87.91,86.61
"12302",249,2014,87.07,86.7,86.38,87.95,85.65,86.21
"12303",250,2014,87.72,89.87,88.44,90.41,87.64,90.62
"12304",251,2014,91.09,89.14,90.63,90.89,92.16,88.82
"12305",252,2014,86.84,86.28,88.13,85.01,89.69,86.9
"12306",253,2014,91.81,91.4,90.78,91.78,89.86,90.85
"12307",254,2014,90.2,89.22,90.03,90.2,90.38,88.13
"12308",255,2014,94.97,93.81,94.5,93.4,93.26,92.42
"12309",256,2014,93.09,91.66,91.87,92.45,90.23,91.4
"12310",257,2014,92.54,92.36,92.85,91.91,94.32,94.91
"12311",258,2014,88.74,87.93,88.45,88.45,88.22,88.17
"12312",259,2014,88.88,86.89,87.71,88.77,87.08,86.32
"12313",260,2014,89.75,89.27,89.24,89.75,89.78,88.78
"12314",261,2014,86.74,86.79,86.56,86.71,86.81,87.19
"12315",262,2014,89.19,87.81,89.67,89.09,89.26,88.8
"12316",263,2014,93.47,92.19,93.23,92.18,90.73,92.86
"12317",264,2014,90.45,89.85,90.36,89.18,89.83,91.14
"12318",265,2014,91.48,91.35,91.45,92.02,91.58,91.49
"12319",266,2014,87.4,88.04,87.93,86.02,88.27,87.58
"12320",267,2014,86.94,84.97,86.25,85.51,84.45,84.64
"12321",268,2014,88.46,89.16,89.73,86.86,93.58,90.6
"12322",269,2014,88.43,87.41,87.61,87.74,86.57,87.07
"12323",270,2014,89.64,89.11,88.47,88.46,86.9,89.11
"12324",271,2014,87.82,87.39,88.58,87.06,88,87.48
"12325",272,2014,87.62,87.83,88.02,88.12,89.77,88.88
"12326",273,2014,86.1,86.28,87.14,86.18,87.69,85.67
"12327",274,2014,88.53,88.8,88.86,91.37,89.39,89.74
"12328",275,2014,87.6,87.47,88.18,87.58,91.22,87.68
"12329",276,2014,92.26,92.11,91.23,92.37,91.47,89.98
"12330",277,2014,85.93,85.09,85.43,85.29,85.92,85.58
"12331",278,2014,85.89,88.48,87.36,85.93,88.09,88.58
"12332",279,2014,91.82,91.83,90.05,94.03,86.1,92.49
"12333",280,2014,90.71,91.91,92.87,91,92.64,92.57
"12334",281,2014,93.72,92.03,94.63,92.14,94.26,91.44
"12335",282,2014,89.24,91.04,91.05,89.73,90.02,93.01
"12336",283,2014,93.02,93.75,93.64,95.05,93.6,92.66
"12337",284,2014,94.05,92.73,92.89,94.02,87.51,89.86
"12338",285,2014,92.09,92.55,91.81,92.79,93.67,93.66
"12339",286,2014,94.97,94.91,94.48,95.67,94.26,94.07
"12340",287,2014,90.14,92.77,92.79,91.05,96.65,95.57
"12341",288,2014,88.79,87.05,89.37,86.49,90.21,85.58
"12342",289,2014,90.24,89.56,92.03,89.1,93.38,89.1
"12343",290,2014,90.85,91.74,90.36,89.18,89.37,91.53
"12344",291,2014,93,89.01,90.3,92.03,87.62,86.86
"12345",292,2014,88.14,86,86.86,88.42,86.1,85.44
"12346",293,2014,93.76,91.74,94.63,92.41,93.38,90.43
"12347",294,2014,92.79,93.73,93.35,92.61,94.58,93.44
"12348",295,2014,91.68,91.01,91.63,91.2,90.89,91.1
"12349",296,2014,89.55,89.11,90.22,88.98,90.81,89.4
"12350",297,2014,88.61,88.48,88.81,87.48,90.59,88.35
"12351",298,2014,88.35,88.92,90.25,87.6,89.21,86.46
"12352",299,2014,93.59,92.5,93.19,93.36,91.84,93.37
"12353",300,2014,90.07,89.44,89.63,90.61,92.25,91.34
"12354",301,2014,85.83,88.36,84.75,87.8,87.26,91.22
"12355",302,2014,91.74,93.05,91.44,89.64,90.83,91.23
"12356",303,2014,84.7,84.14,85.06,85,88.17,85.11
"12357",304,2014,88.91,87.09,90.96,86.75,90.86,86.44
"12358",305,2014,94.4,93.75,94.77,93.25,94.71,93.5
"12359",306,2014,95.03,95.64,94.46,94.6,91.8,95.05
"12360",307,2014,87.03,87.23,87.52,87.13,89.74,87.5
"12361",308,2014,85.82,87.29,86.46,86.22,86.86,87.36
"12362",309,2014,92.42,93.4,93.31,93.44,94.64,94.79
"12363",310,2014,94.09,93.93,94.04,94.69,95.18,95.17
"12364",311,2014,89.1,91.49,91.56,89.47,94.63,93.95
"12365",312,2014,91.36,92.39,91.69,91.97,91.03,92.52
"12366",313,2014,92.18,92.84,90.95,93.21,90.16,92.75
"12367",314,2014,92.98,90.24,91.99,91.04,90.09,90.32
"12368",315,2014,94.14,94.45,93.88,93.25,91.6,94.86
"12369",316,2014,89.13,88.98,90.48,89.05,91.62,89.08
"12370",317,2014,85.83,87.75,87.85,86.89,90.64,91.04
"12371",318,2014,89.31,91.7,91.55,89.23,92.68,92.51
"12372",319,2014,91.45,91.77,89.08,93.45,91.39,93.44
"12373",320,2014,96.48,95.53,97.2,95.29,94.32,94.66
"12374",321,2014,88.89,88.92,89.49,90.36,89.41,88.35
"12375",322,2014,87.14,86.65,88.57,86.93,91.18,88.03
"12376",323,2014,89.6,91.4,90.62,90.37,92.63,91.05
"12377",324,2014,84.56,85.91,85.96,85.32,88.14,87.72
"12378",325,2014,89.81,90.84,89.98,90.02,91.33,90.84
"12379",326,2014,92.18,94.11,92.55,93.35,93.5,94.09
"12380",327,2014,89.55,89.08,89.37,90,90.55,86.2
"12381",328,2014,89.94,90.32,90.57,90.47,92.39,90.41
"12382",329,2014,90.17,91.1,92.68,89.72,95.19,92.2
"12383",330,2014,86.9,86.7,88.59,84.84,92.23,88.39
"12384",331,2014,84.38,87.18,88.13,84.06,91.15,90.39
"12385",332,2014,89.17,89.87,90.29,89.1,90.02,88.95
"12386",333,2014,93.76,94.31,95.03,92.91,94.65,93.45
"12387",334,2014,89.84,90.92,91.17,89.14,91.52,91.23
"12388",335,2014,89.12,90,89.39,90.03,89.61,91.22
"12389",336,2014,87.66,88.44,87.57,88.45,89.49,89.43
"12390",337,2014,89.36,89.71,89.82,88.23,90.06,89.6
"12391",338,2014,91.59,92.04,93.01,89.33,93.59,91.78
"12392",339,2014,90.36,90.64,90.82,89.86,90.38,89.55
"12393",340,2014,86.94,86.55,86.05,87.36,86.89,86.97
"12394",341,2014,84.41,85.03,84.63,85.86,84.27,83.98
"12395",342,2014,83.8,84.34,83.59,84.21,86.56,84.37
"12396",343,2014,92.43,93.72,92.82,92.01,91.53,92.96
"12397",344,2014,94.14,93.8,93.97,92.76,91.94,93.04
"12398",345,2014,95.4,95.76,94.46,96.33,91.4,95.97
"12399",346,2014,90.61,91.99,90.13,92.54,88.77,92.7
"12400",347,2014,86.92,85.61,86.64,86.74,87.85,86.53
"12401",348,2014,84.25,85.23,84.76,86.29,86.16,85.52
"12402",349,2014,85.38,88.91,88.71,86.85,91.52,91.02
"12403",350,2014,91.07,92.23,91.22,92.95,90.11,93.78
"12404",351,2014,89.85,90.31,91.18,90.91,90.58,90.9
"12405",352,2014,89.71,87.71,89.23,88.6,89.44,87.42
"12406",353,2014,85.76,86.7,87,86.7,89.69,87.68
"12407",354,2014,84.01,86.44,85.87,84.42,87.54,87.62
"12408",355,2014,79.41,82.65,81.64,80.1,85.97,84.21
"12409",356,2014,76.07,77.32,78.93,76.72,87.82,78.71
"12410",357,2014,82.92,85.46,86.53,83.46,90.52,86.59
"12411",358,2014,96.51,96.61,95.78,97.45,94.24,96.32
"12412",359,2014,93.04,92.21,93.89,91.98,92.96,92.74
"12413",360,2014,90.49,90.51,90.78,89.97,89.02,91.63
"12414",361,2014,92.95,93.37,96.25,91.07,98.25,94.12
"12415",362,2014,88.44,88.87,90.71,88,93.29,90.11
"12416",363,2014,90.63,91.33,90.01,90.2,89.06,92.3
"12417",364,2014,90.42,92.05,92.44,90.77,93.08,92.38
"12418",365,2014,90.61,92.04,91.82,89.87,91.9,92.53
"12419",1,2015,84.9,87.32,88.06,84.98,89.56,89.85
"12420",2,2015,78.27,80.38,82.15,78.19,88.27,82.59
"12421",3,2015,79.12,80.98,83.15,79.22,94.11,81.44
"12422",4,2015,84.83,86.05,91.81,81.98,96.17,89
"12423",5,2015,86.15,89.74,90.35,83.71,92.13,91.08
"12424",6,2015,79.92,87.52,88.79,79.34,95.38,93.14
"12425",7,2015,87.3,91.94,93.09,86.16,95.48,94.43
"12426",8,2015,95.68,96.9,97.57,95.22,97.53,96.72
"12427",9,2015,93.5,93.18,95.13,94.08,94.92,92.27
"12428",10,2015,95.89,95.7,96.89,95.04,97.8,95.44
"12429",11,2015,93.3,94.25,94.99,93.12,95.54,94.71
"12430",12,2015,90.2,89.74,90.75,90.34,93.28,89.18
"12431",13,2015,87.26,88.49,91.45,86.8,93.17,90.26
"12432",14,2015,90.63,91.29,93.16,88.72,94.18,92.47
"12433",15,2015,91.97,90.71,91.72,91.38,92.27,91.24
"12434",16,2015,90.55,90.48,89.98,90.48,90.9,92.01
"12435",17,2015,92.98,93.14,92.91,92.48,94.05,93.42
"12436",18,2015,92.11,93.13,92.46,92.81,94.43,94.23
"12437",19,2015,90.84,91.24,90.35,93.33,95.13,93.47
"12438",20,2015,89.53,89.91,89.33,91.16,90.74,90.72
"12439",21,2015,94.79,94.71,96.33,91.33,95.21,94.02
"12440",22,2015,92.97,94.93,95.33,92.15,96.36,95.39
"12441",23,2015,94.9,95.37,94.74,94.74,94.7,96.13
"12442",24,2015,93.11,91.95,93.55,91.59,93.91,90.84
"12443",25,2015,89.19,90.54,91.65,90.22,94.48,91.88
"12444",26,2015,90.06,90.2,91.75,89.37,93.82,89.95
"12445",27,2015,88.8,90.47,90.5,88.14,92.87,91.64
"12446",28,2015,88.82,89.82,90.34,88.33,89.8,89.32
"12447",29,2015,89.62,89.4,91.35,88.73,91.85,90.57
"12448",30,2015,95.46,95.46,96.53,95.18,97.25,97.19
"12449",31,2015,96.4,97.6,97.53,97.16,98.8,97.91
"12450",32,2015,94.51,94.05,93.94,94.58,95.42,93.74
"12451",33,2015,95.88,96.13,97.05,95.45,98.51,97.03
"12452",34,2015,91.84,92.2,92.72,91.8,94.61,92.24
"12453",35,2015,91.6,92.03,93.44,90.53,92.23,93.17
"12454",36,2015,90.14,90.04,91.3,91.02,94.29,88.96
"12455",37,2015,87.35,88.31,88.85,86.72,91.91,88.26
"12456",38,2015,84.24,85.85,86.47,83.07,87.52,85.14
"12457",39,2015,79.04,80.67,81.49,78.15,85,82.81
"12458",40,2015,77.12,81.16,82.03,76.91,90.27,83.13
"12459",41,2015,85.96,90.07,89.14,86.58,93.01,91.46
"12460",42,2015,89.19,90.1,88.7,90.85,90.92,89.31
"12461",43,2015,95.2,94.59,95.26,93.71,93.54,94.58
"12462",44,2015,93.9,94.31,94.45,94.33,94.93,94.9
"12463",45,2015,93.43,94.19,93.88,95.53,95.7,95.58
"12464",46,2015,93.93,94.75,94.56,94.14,96.43,95.97
"12465",47,2015,87.77,89.09,87.18,88.45,89.32,90.92
"12466",48,2015,85.14,86.25,86.1,84.59,89.23,88.03
"12467",49,2015,77.19,79.51,78.38,77.73,83.04,81.03
"12468",50,2015,71.95,73.5,73,72.86,78.4,75.21
"12469",51,2015,69.22,72.13,70.87,70.15,80.89,76.48
"12470",52,2015,65.78,70.13,68.72,67.08,77.48,73.47
"12471",53,2015,71.72,77.49,77.63,70.67,85.5,83.03
"12472",54,2015,81.51,87.38,86.22,82.23,94,91.55
"12473",55,2015,84.72,85.71,84.81,86.28,86.99,85.96
"12474",56,2015,86.51,88.79,87.36,86.09,92.56,91.19
"12475",57,2015,88.24,88.54,87.47,89.6,90.44,88.67
"12476",58,2015,86.15,85.94,87.23,86.69,90.01,87.9
"12477",59,2015,92.04,91.02,91.8,90.57,92.29,90.86
"12478",60,2015,92.71,92.72,90.93,93.37,88.22,90.86
"12479",61,2015,89.17,90.26,88.95,87.55,96.22,91.68
"12480",62,2015,83.69,86.59,85.42,82.26,90.76,89.37
"12481",63,2015,83.48,86.85,85.38,85.86,90.88,88.91
"12482",64,2015,85.39,87.16,87.78,87.96,90.71,90.01
"12483",65,2015,91.58,92.48,91.08,93.46,90,92.31
"12484",66,2015,92.73,93.2,92.14,92.06,91.03,92.36
"12485",67,2015,91.23,90.58,90.79,93.13,92.28,89.39
"12486",68,2015,92.29,91.97,92.08,91.5,92.19,92.75
"12487",69,2015,97.09,96.15,96.48,95.06,94.62,95.67
"12488",70,2015,91.09,91.3,91.58,90.96,94.52,93.61
"12489",71,2015,93.14,92.64,93.81,92.97,95.15,92.57
"12490",72,2015,93.64,92.46,92.73,92.46,92.08,90.91
"12491",73,2015,89.77,92,92.05,88.24,96.39,93.36
"12492",74,2015,88.47,89.98,91.65,86.57,91.84,90.54
"12493",75,2015,90.88,89.91,91.42,88.57,93.73,90.99
"12494",76,2015,91.21,92.11,90.43,91.25,91.09,94.2
"12495",77,2015,93.73,93.08,92.35,94.34,91.36,92.07
"12496",78,2015,95.38,96.35,95.99,95.6,96.86,96.7
"12497",79,2015,93.86,94.18,94.32,93.36,93.63,94.77
"12498",80,2015,90.77,90.21,90.6,91.29,91.79,93.5
"12499",81,2015,89.48,89.66,92.09,87.9,93.24,89.81
"12500",82,2015,89.9,89.56,91.5,87.42,91.2,90.33
"12501",83,2015,86.99,85.59,86.42,85.24,85.38,85.65
"12502",84,2015,87.38,86.56,86.35,85.03,85.66,86.82
"12503",85,2015,89.32,89.42,89.88,87.37,89.28,90.09
"12504",86,2015,90.36,89.51,88.73,88.78,88.21,89.55
"12505",87,2015,85.06,87.63,87.89,87.52,92.06,90.64
"12506",88,2015,96.38,95.56,95.75,95.76,96.44,94.89
"12507",89,2015,95.4,95.83,96.78,91.55,98.53,96.82
"12508",90,2015,89.98,91.35,91.98,88.66,91.68,90.68
"12509",91,2015,88.51,86.68,89.15,83.88,86.37,86.47
"12510",92,2015,93.05,91.21,92.36,92.38,89.2,90.48
"12511",93,2015,94.06,94.01,93.18,93.84,92.55,94.72
"12512",94,2015,88.48,86.6,88.26,86.25,88.21,86.28
"12513",95,2015,83.5,82.41,85.37,82.94,86.31,83.18
"12514",96,2015,90.92,90.38,89.95,91.25,90.32,91.63
"12515",97,2015,92.57,92.67,92.03,90.55,92.63,91.61
"12516",98,2015,88.99,87.94,88.57,88.64,90.44,87.82
"12517",99,2015,89.16,87.25,88.71,89.61,87.92,88.12
"12518",100,2015,86.83,88.21,88.01,88.86,90.07,89.76
"12519",101,2015,92.12,94.27,92.19,92.07,94.89,94.84
"12520",102,2015,92.2,92.59,91.39,92.41,94.55,93.28
"12521",103,2015,90.22,92.43,92.85,88.72,93.89,94.12
"12522",104,2015,94.19,93.04,92.72,93.3,90.69,91.08
"12523",105,2015,89.24,92.3,91.22,88.55,93.03,93.47
"12524",106,2015,91.7,92.03,91.04,92.31,91.79,93.04
"12525",107,2015,89.27,88.48,88.14,91.57,88.94,88.78
"12526",108,2015,90.58,89.59,92.12,88.04,88.45,89.32
"12527",109,2015,92.12,91.67,92.05,90.42,92.45,93.11
"12528",110,2015,95.8,96.3,95.35,96.1,94.81,96.41
"12529",111,2015,89.78,90.56,90.04,93.6,93.62,92.24
"12530",112,2015,90.7,91.79,92.04,91.01,92.22,93.15
"12531",113,2015,94.74,93.15,95.16,91.18,93.21,93.92
"12532",114,2015,92.65,92.07,91.95,91.87,91.11,91.46
"12533",115,2015,96.24,95.61,94.93,96.71,91.37,95.73
"12534",116,2015,91.21,93.28,91.83,92.53,94.61,92.75
"12535",117,2015,91.33,93.59,93.57,92.58,93.25,94.84
"12536",118,2015,90.85,90.65,91.47,90.15,91.71,90.01
"12537",119,2015,86.96,88.28,91.29,87.01,95.81,90.19
"12538",120,2015,90.6,92.37,92.28,90.64,97.37,93.2
"12539",121,2015,88.96,90.86,92.52,87.21,96.43,92.43
"12540",122,2015,84.35,86.43,85.49,84.54,87.95,88.8
"12541",123,2015,87.55,86.08,86.88,87.01,87.19,86.51
"12542",124,2015,89.99,90.68,91.2,87.79,91.23,88.69
"12543",125,2015,91.56,90.65,91.67,89.84,93.79,91.33
"12544",126,2015,94.34,93.25,95.1,92.02,96.64,93.38
"12545",127,2015,91.19,91.42,91.8,91.86,94.05,92.72
"12546",128,2015,93.45,90.59,90.74,93.63,90.34,87.89
"12547",129,2015,87.12,88.95,87.51,86.84,87.77,87.82
"12548",130,2015,87.93,87.13,88.9,87.7,90.48,86.18
"12549",131,2015,89.73,90.08,91.35,87.83,93.32,91.47
"12550",132,2015,95.15,96.13,94.91,95.87,96.08,98.3
"12551",133,2015,95.76,95.66,95.51,95.76,95.46,97.16
"12552",134,2015,96.2,94.8,96.16,95.06,97.03,92.96
"12553",135,2015,91.24,89.92,91.87,90.51,92.59,89.34
"12554",136,2015,88.24,87.4,88.1,88.36,87.89,85.52
"12555",137,2015,93.99,93.1,94.23,94.73,95.21,92.73
"12556",138,2015,98.02,96.31,96.3,96.71,95.54,95.27
"12557",139,2015,89.49,89.66,88.1,90.09,91.32,91.35
"12558",140,2015,92.54,93.01,93.66,92.46,93.23,93.7
"12559",141,2015,89.47,87.19,88.28,89.61,91.07,87.65
"12560",142,2015,87.86,85.82,86.85,86.56,87.86,84.23
"12561",143,2015,94.11,92.04,93.7,91.52,91.38,90.76
"12562",144,2015,90.8,91.24,90.21,90.03,92.01,92.91
"12563",145,2015,90.74,89.25,88.42,90.13,89.26,90.66
"12564",146,2015,92.09,90.79,91.54,92.46,91.53,92.71
"12565",147,2015,93.68,93.06,93,93.03,94.88,93.5
"12566",148,2015,92.2,91.56,90.54,91.86,91.14,91.6
"12567",149,2015,93.06,94.54,95.15,95.01,95.27,94.39
"12568",150,2015,85.32,92.46,87.57,91.79,96.2,96.46
"12569",151,2015,87.24,89.22,86.92,90.4,88.32,88.74
"12570",152,2015,87.39,86.69,87.36,85.73,86.6,87.53
"12571",153,2015,92.48,90.8,90.37,92.36,90.16,90.81
"12572",154,2015,93.55,92.63,91.36,94.3,90.89,92.78
"12573",155,2015,92.93,91.21,91.76,92.5,92.47,92.59
"12574",156,2015,93.57,92.18,91.57,92.07,92.22,92.03
"12575",157,2015,89.72,89.72,90.57,89.64,92.15,88.96
"12576",158,2015,94.01,93.89,93.01,93.42,94.15,95.59
"12577",159,2015,94.18,94.52,95.09,93.82,95.32,94.26
"12578",160,2015,96.85,98.17,97.82,98.06,97.57,98.46
"12579",161,2015,92.32,91.47,90.93,91.77,87.86,91.89
"12580",162,2015,93.1,94,91.6,95.23,89.05,93.57
"12581",163,2015,89.56,89.39,89.93,87.42,91.96,88.16
"12582",164,2015,95.12,93.37,93.24,93.32,92.35,91.71
"12583",165,2015,89.6,86.33,87.06,90.18,89.51,86.87
"12584",166,2015,95.18,96.17,93.2,96.69,88.31,96.01
"12585",167,2015,95.53,95.92,96.11,96.48,95.08,95.54
"12586",168,2015,89.39,89.45,91.12,89.37,92.42,89.81
"12587",169,2015,88.07,86.96,87.81,88.42,88.3,87.88
"12588",170,2015,95.72,95.31,97.85,93.28,96.29,95.54
"12589",171,2015,94.66,94.52,93.28,94.52,92.91,93.51
"12590",172,2015,97.23,96.91,98.08,96.15,97.87,97.63
"12591",173,2015,98.87,98.81,97.94,98.14,98.86,98.35
"12592",174,2015,93.41,92.49,91.27,92.62,91.76,93.01
"12593",175,2015,91.9,90,91.37,91.08,93.83,90.46
"12594",176,2015,93.86,93.16,93.22,93.61,90.19,92.94
"12595",177,2015,94,92.78,92.73,94.27,90.47,91.26
"12596",178,2015,96.98,96.25,95.86,97.87,94.29,95.67
"12597",179,2015,94.66,92.58,95.43,92.77,95.66,92.28
"12598",180,2015,93.94,94.78,95.74,94.52,96.47,95.12
"12599",181,2015,94.36,92.61,92.78,92.66,90.43,92.09
"12600",182,2015,94.25,94.3,91.82,94.31,92.78,95.55
"12601",183,2015,89.89,88.91,88.78,90.11,90.19,89.63
"12602",184,2015,87.36,87.93,87.49,86.6,86.18,88.64
"12603",185,2015,93.53,93.16,93.62,92.07,91.05,91.61
"12604",186,2015,93.32,92.07,93.12,93.38,93.46,90.98
"12605",187,2015,91.83,91.64,91.84,91.4,92.03,91.03
"12606",188,2015,91.24,90.52,90.73,90.34,90.96,89.81
"12607",189,2015,89.72,89.08,90.57,86.36,90.59,89.5
"12608",190,2015,92.58,92.47,92.61,91.38,93.26,92.39
"12609",191,2015,95.06,93.52,93.59,93.39,93.82,92.24
"12610",192,2015,93.92,93.04,94.48,94.01,95.22,94.13
"12611",193,2015,92.34,89.28,91.08,91.35,91.9,88.83
"12612",194,2015,89.32,89.96,87.55,88.5,88.91,91.03
"12613",195,2015,94.54,95.85,95.52,94.9,95.57,96.42
"12614",196,2015,86.63,86.02,86.83,86.38,86.75,85.92
"12615",197,2015,86.13,86.51,85.01,88.05,85.35,85.47
"12616",198,2015,89.98,91.09,91.06,89.19,93.82,92.3
"12617",199,2015,93.12,89.46,92.04,92.26,92.79,88.88
"12618",200,2015,95.49,97.02,94.1,98.03,94.35,97.11
"12619",201,2015,96.37,97.89,97.71,97.05,96.86,97.51
"12620",202,2015,94.08,95.14,94.72,95.21,94.08,96.53
"12621",203,2015,91.49,91.17,92.44,90.2,92.17,92.05
"12622",204,2015,92.52,89.6,92.31,90.07,92.58,89.54
"12623",205,2015,91.12,91.94,90.08,93,90.11,92.57
"12624",206,2015,91.95,90.49,90.19,91.72,91.55,89.63
"12625",207,2015,91,92.35,90.91,91.99,90.75,92.17
"12626",208,2015,92.52,92.58,91.8,91.4,92.17,93.44
"12627",209,2015,93.35,91.7,91.79,92.63,93.03,91.37
"12628",210,2015,93.21,93.06,93.79,94.09,93.23,93.03
"12629",211,2015,93.96,92.14,93.01,92.14,90.42,90.59
"12630",212,2015,88.33,89.4,89.72,89.53,91.57,89.93
"12631",213,2015,94.2,95.75,94.61,97.14,94.96,96.7
"12632",214,2015,91.21,88.68,90.76,89.99,90.23,87.67
"12633",215,2015,89.75,89.86,89.41,91.31,89.02,90.43
"12634",216,2015,91.05,91.46,90.14,92.06,89.99,91.89
"12635",217,2015,92.54,91.67,91.76,92.46,90.45,90.35
"12636",218,2015,89.61,89.2,89.55,88.05,91.2,88.84
"12637",219,2015,93.7,93.23,93.18,92.22,92.94,92.67
"12638",220,2015,87.95,88.15,88.92,88.86,90.67,87.33
"12639",221,2015,88.86,87.24,87.98,88.96,88.75,87.39
"12640",222,2015,85.93,86.13,86.55,85.67,87.44,86.28
"12641",223,2015,91.03,91.12,91.21,90.6,91.5,91.9
"12642",224,2015,91.92,91.26,90.91,91.23,90.4,90.7
"12643",225,2015,91.82,91.25,92.04,90.62,90.11,91.49
"12644",226,2015,94.27,96.35,95.07,95.88,96.59,96.85
"12645",227,2015,93.53,92.16,91.99,92.51,90.71,92.81
"12646",228,2015,92.49,93.7,93.52,94.15,95.81,94.84
"12647",229,2015,90.86,90.33,89.47,90.97,89.93,91.17
"12648",230,2015,89.69,89.53,90.07,88.97,91.8,90.28
"12649",231,2015,93.46,94.44,93.16,96.43,92.73,95.33
"12650",232,2015,89.81,91.97,90.54,90.23,90.38,93.2
"12651",233,2015,88.48,88.28,87.24,87.88,88.49,89.21
"12652",234,2015,93.22,93.14,91.69,94.45,91.29,92.74
"12653",235,2015,89.72,88.4,88.99,90,87.7,89.29
"12654",236,2015,89.62,88.34,90.74,87.67,91.69,87.84
"12655",237,2015,88.34,88.45,88.01,88.03,88.57,88.65
"12656",238,2015,89.58,89.44,89.7,89.5,91.57,90.43
"12657",239,2015,88.11,87.21,87.42,88.3,92.16,89.24
"12658",240,2015,86.89,84.51,84.87,85.51,87.84,85.89
"12659",241,2015,87.76,88.78,88.42,90.6,87.83,90.55
"12660",242,2015,95.09,96.12,95.24,92.22,92.79,95.7
"12661",243,2015,90.93,90.6,93.52,89.1,93.38,91.7
"12662",244,2015,90.11,90.22,92.2,88.17,92.6,91.2
"12663",245,2015,90.9,90.08,89.72,90.92,89.22,88.34
"12664",246,2015,85.94,87.2,85.51,87.24,86.09,85.97
"12665",247,2015,85.18,85.61,85.06,86.98,87.36,86.22
"12666",248,2015,88.74,89.55,87.81,89.97,87.15,90.84
"12667",249,2015,94.3,92.16,92.44,94.76,88.32,91.58
"12668",250,2015,88.52,89.63,88.93,88.75,87.76,89.13
"12669",251,2015,85.57,85.47,85.42,85.4,85.56,84.94
"12670",252,2015,86.24,85.89,86.46,84.61,86.83,85.29
"12671",253,2015,87.78,86.87,87.45,86.34,87.27,86.17
"12672",254,2015,86.85,85.49,85.01,88.04,84.12,85.17
"12673",255,2015,85.49,84.23,82.02,85.72,78.3,83.55
"12674",256,2015,83.62,83.24,79.64,84.63,78,83.35
"12675",257,2015,78.61,81.02,79.27,82.25,78.54,82.62
"12676",258,2015,85.77,88.56,85.61,89.03,87.72,89.92
"12677",259,2015,88.17,88.39,87.66,88.07,90.13,89.57
"12678",260,2015,85.58,86.44,84.63,85.9,83.96,87.16
"12679",261,2015,88.55,88.34,88.3,89.72,85.82,86.99
"12680",262,2015,93.58,91.49,91.78,93.06,90.43,90.05
"12681",263,2015,93.22,92.31,92.84,90.68,89.98,91.84
"12682",264,2015,88.77,88.48,88.53,88.09,86.4,87.88
"12683",265,2015,85.42,85.68,85.3,86.56,84.77,85.41
"12684",266,2015,84.09,85.17,84.13,85.74,84.83,85.03
"12685",267,2015,87.52,89.19,87.96,89.05,90.12,87.52
"12686",268,2015,83.37,86.4,84.27,84.53,86.63,87.44
"12687",269,2015,90.21,89.65,87.77,89.38,86.1,88
"12688",270,2015,86.31,86.03,85.07,86.4,85.92,85.43
"12689",271,2015,86.18,86.25,84.89,86.9,84.32,85.88
"12690",272,2015,86.81,89.18,88.98,86.78,88.8,89.74
"12691",273,2015,88.92,90.64,88.58,89.39,87.73,89.58
"12692",274,2015,91.9,91.35,90.23,94.05,88.55,91.11
"12693",275,2015,88.95,89.84,90.04,87.37,91.98,91.44
"12694",276,2015,93.76,92.5,92.9,93.5,90.62,91.53
"12695",277,2015,88.83,87.64,87.57,86.7,85.33,86.46
"12696",278,2015,89.67,89.37,89.71,87.76,87.47,87.89
"12697",279,2015,86.63,86.51,85.61,86.95,85.28,87.59
"12698",280,2015,89.21,89.26,86.77,89.87,87.14,87.44
"12699",281,2015,87.13,86.45,87.77,84.97,87.99,86.7
"12700",282,2015,87.67,86.95,88.86,83.69,85.64,87.31
"12701",283,2015,90.82,89.25,90.36,88.33,86.43,87.62
"12702",284,2015,93.4,91.06,92.11,92.24,89.06,90.43
"12703",285,2015,92.53,90.63,90.99,90.38,90.39,89.23
"12704",286,2015,97.97,97.49,97.05,97.16,94.12,97.95
"12705",287,2015,93.55,93.37,92.43,92.42,92.01,94.04
"12706",288,2015,94.21,93.08,92.91,90.97,91.11,92.52
"12707",289,2015,90.53,88.78,88.89,88.48,88.38,88.1
"12708",290,2015,95.58,93.57,93.41,94.79,91.04,91.81
"12709",291,2015,92.15,89.31,92.62,89.6,91.61,87.87
"12710",292,2015,92.39,90.62,89.49,90.78,88.2,90.46
"12711",293,2015,86.41,85.5,84.69,86.11,84.57,84.74
"12712",294,2015,85.51,85.76,85.59,86.66,84.41,87.79
"12713",295,2015,86.17,85.69,85.93,86.4,85.32,87.34
"12714",296,2015,86.85,85.91,85.22,87.29,85.41,85.47
"12715",297,2015,88,89.47,87.52,89.9,86.48,88.59
"12716",298,2015,87.14,86.69,87.46,88.83,85.48,87.35
"12717",299,2015,86.12,87.91,87.29,88.54,86.57,86.94
"12718",300,2015,89.3,90.31,89,88.56,88.44,89.07
"12719",301,2015,88.96,90.17,90.43,89.55,87.81,89.99
"12720",302,2015,86.31,85.88,84.3,87.35,83.61,85.63
"12721",303,2015,86.83,85.94,86.41,87.1,85.83,86.55
"12722",304,2015,88.74,88.79,89.99,86.84,85.3,87.33
"12723",305,2015,87.79,90.76,90.39,87.87,88.36,93.39
"12724",306,2015,88.2,87.36,88.07,88.77,84.15,88.42
"12725",307,2015,87.14,89.33,87.93,88.56,88.67,88.2
"12726",308,2015,90.54,93.25,90.2,91.8,92.93,94.26
"12727",309,2015,94.49,94.86,95.66,95.52,95.72,95.55
"12728",310,2015,92.51,91.45,90.74,91.76,88.48,89.94
"12729",311,2015,94.19,94.28,91.86,93.76,89.15,96.2
"12730",312,2015,91.25,91.23,90.97,92.28,91.71,91.57
"12731",313,2015,89.68,88.92,89.62,87.36,88.67,88.38
"12732",314,2015,92.75,92.37,92.72,92.34,91.09,93.26
"12733",315,2015,90.79,88.91,89.53,91.25,87.93,87.63
"12734",316,2015,88.38,89.07,89.13,89.84,89.8,87.26
"12735",317,2015,91.87,90.03,90.6,90.58,89.4,90.13
"12736",318,2015,93.7,92.13,89.61,95.25,85.62,91.34
"12737",319,2015,91.92,92.28,91.19,92.72,89.77,91.7
"12738",320,2015,92.78,92.91,92.48,92.46,91.3,92.78
"12739",321,2015,91.89,90,92.32,89.89,92.1,88.43
"12740",322,2015,89.23,88.85,88.75,88.06,85.87,88.76
"12741",323,2015,85.39,84.49,85.18,85.26,82.36,83.64
"12742",324,2015,84.29,84.6,84.39,84.51,84.63,84.51
"12743",325,2015,90.08,90.18,90.53,89.32,91.09,91.14
"12744",326,2015,91.16,92.39,91.08,91.64,92.97,93.94
"12745",327,2015,97.28,97.7,97.28,97.82,95.57,97.45
"12746",328,2015,89.03,89.14,87.65,89.99,87.74,89.48
"12747",329,2015,86.78,84.8,85.6,85.25,86.7,85.51
"12748",330,2015,87.85,86.69,86.12,87.09,87.22,87.61
"12749",331,2015,90.56,90.74,89.34,92.37,89,91.69
"12750",332,2015,89.59,88.27,90.45,91.89,89.23,88.6
"12751",333,2015,89.24,89.27,88.61,91.56,90.21,91.35
"12752",334,2015,92.72,91.83,92.16,92.25,90.6,92.01
"12753",335,2015,89.87,89.19,89.48,90.04,87.32,87.9
"12754",336,2015,89,90.87,89.37,90.18,88.82,90.09
"12755",337,2015,87.6,89.89,88.56,90.03,90.15,90.72
"12756",338,2015,88.61,87.95,87.68,89.49,87.31,87.67
"12757",339,2015,86.85,87,84.45,88.97,83.64,85.52
"12758",340,2015,85.84,90.75,89.2,87.34,90.93,93.13
"12759",341,2015,87.21,89.31,90.53,86.23,88.52,87.7
"12760",342,2015,87.85,90.24,90.53,86.72,92.37,89.23
"12761",343,2015,88.07,87.75,87.64,87.14,88.99,87.07
"12762",344,2015,88.28,89.64,89.3,86.57,89.19,90.06
"12763",345,2015,85.92,87.09,86.2,86.62,85,87.29
"12764",346,2015,84.21,87.43,86.05,85.77,88.47,90.26
"12765",347,2015,91.02,91.15,90.64,92.14,88.83,91.39
"12766",348,2015,89.07,90.22,89.28,89.76,87.72,92.15
"12767",349,2015,88.61,88.03,87.53,90.82,87.77,88.68
"12768",350,2015,87.92,88.31,88.19,88.58,89.22,89.5
"12769",351,2015,91.07,91.06,91.68,89.98,91.21,90.13
"12770",352,2015,94.94,93.87,95.31,95.27,94.62,94.39
"12771",353,2015,92.07,91.17,91.14,91.34,89.23,90.13
"12772",354,2015,85.74,86.62,88.8,86.07,90.88,87.7
"12773",355,2015,83.75,86.24,89.72,82.9,93.9,88.59
"12774",356,2015,89.83,93.16,92.38,88.94,94.03,93.48
"12775",357,2015,85.55,88.39,90.75,85.09,93.95,90.65
"12776",358,2015,81.23,85.8,86.7,82.26,91.83,88.59
"12777",359,2015,85.09,90.05,90.23,86.12,94.5,91.34
"12778",360,2015,94.72,96.35,97.57,93.09,97.32,96.39
"12779",361,2015,86,89.63,92.12,83.56,96.69,93.46
"12780",362,2015,85.93,88.76,88.42,85.94,89.95,91.03
"12781",363,2015,93.18,94.04,93.68,93.72,94.58,94.76
"12782",364,2015,93.74,92.5,93.46,94.31,93.81,92.29
"12783",365,2015,88.99,88.95,89.36,89.15,90.71,89.45
"12784",1,2016,85.74,86.98,87.05,84.96,89.83,86.67
"12785",2,2016,82.39,85.13,85.61,80.25,88.89,86.11
"12786",3,2016,87,90.95,90.55,84.2,92.06,91.6
"12787",4,2016,86.4,87.46,87.75,85.91,90.58,87.19
"12788",5,2016,84.68,87.06,87.93,84.68,91.38,87.42
"12789",6,2016,89.83,92.26,91.87,88.49,91.84,91.77
"12790",7,2016,88.77,89.81,91.81,87.86,91.87,89.85
"12791",8,2016,86.68,87.83,87.6,86.26,86.07,86.54
"12792",9,2016,80.02,81.94,81.4,81.14,83.67,81.47
"12793",10,2016,73.68,76.41,75.42,73.95,82.79,77.48
"12794",11,2016,73.13,77.11,76.47,72.87,81.46,78.76
"12795",12,2016,71.3,76.79,76.15,70.48,82.35,78.55
"12796",13,2016,75.35,82.79,81.07,75.08,89.03,84.82
"12797",14,2016,76.84,83.66,82.64,75.64,87.69,85.74
"12798",15,2016,71.08,77.98,78.73,68.92,84.77,81.73
"12799",16,2016,69.45,76.87,80.66,66.25,86.02,82.19
"12800",17,2016,71.56,77.76,79.78,70.55,86.9,81.53
"12801",18,2016,68.12,73.65,76.23,65.24,84.01,77.39
"12802",19,2016,66.42,72.44,75.71,61.42,88.47,77.7
"12803",20,2016,68.77,74.71,77.92,60.7,85.85,80.67
"12804",21,2016,70.07,75.79,78.81,66.5,88.86,80.05
"12805",22,2016,70.97,75.84,80.98,65.54,89.71,79.36
"12806",23,2016,70.85,75.58,78.95,68.14,86.73,79.24
"12807",24,2016,68.44,74.27,74.95,66.19,84.13,77.4
"12808",25,2016,63.65,68.6,70.12,60.29,81.28,72.55
"12809",26,2016,52.5,57.98,60.93,48.16,74.87,61.32
"12810",27,2016,51.81,58.77,60.96,50.71,75.43,66.16
"12811",28,2016,59.89,65.24,67.21,56.45,79.63,70.46
"12812",29,2016,67.18,72.55,74.01,60.53,85.09,76.83
"12813",30,2016,62.83,69.94,73.31,56.9,84.13,73.38
"12814",31,2016,53.89,61.48,66.04,46.83,82.63,67.45
"12815",32,2016,55.6,69.67,72.79,49.57,87.94,76.31
"12816",33,2016,74.29,81.99,86.23,69.93,91.97,81.26
"12817",34,2016,80.37,83.25,83.93,78.27,90.73,83.23
"12818",35,2016,79.57,84.05,85.47,75.68,87.59,83.97
"12819",36,2016,76.81,84.51,84.73,71.51,88.44,86.99
"12820",37,2016,82.41,86.1,85.3,77.77,86.84,86.92
"12821",38,2016,88.14,92.08,91.78,87.6,95.05,92.61
"12822",39,2016,92.16,93.56,93.48,93.21,94.92,92.94
"12823",40,2016,94.4,94.91,95.88,94.37,96.23,94.91
"12824",41,2016,95.07,94.25,95.15,94.36,96.02,95.02
"12825",42,2016,94.35,95.54,94.99,94.88,97.46,96.45
"12826",43,2016,93.16,90.72,92.3,94.21,92.1,89.71
"12827",44,2016,89.64,90.08,89.75,90.55,90.89,89.44
"12828",45,2016,92.81,92.21,92.88,92.72,89.78,91.36
"12829",46,2016,88.78,89.21,89.3,88.15,89.32,88.26
"12830",47,2016,88.38,91.05,91.03,86.98,93.93,91.7
"12831",48,2016,90.76,91.02,90.77,90.41,92.07,90.41
"12832",49,2016,91.37,92.02,91.12,92.3,92.27,92.58
"12833",50,2016,92.78,88.88,90.5,91.64,89.68,87.51
"12834",51,2016,89.15,88.82,90.19,88.76,90.84,89.43
"12835",52,2016,92.06,93.09,92.58,91.38,94.28,91.68
"12836",53,2016,87.43,85.05,85.99,85.35,89.96,85.81
"12837",54,2016,88.47,91.05,92.26,85.29,94.5,92.51
"12838",55,2016,90.7,90.82,90.96,90.69,92.22,90.14
"12839",56,2016,95.69,97.68,97.72,95.74,97.45,98.56
"12840",57,2016,88.49,88.92,88.46,88.98,87.62,89.19
"12841",58,2016,85.42,87.29,86.98,85.08,90.21,87.61
"12842",59,2016,87.81,89.57,89.1,87.87,91.48,92.45
"12843",60,2016,87.19,89.77,89.82,87.6,93.92,92.87
"12844",61,2016,92.39,93.57,93.17,91.81,92.28,94.14
"12845",62,2016,91.89,91.16,91.87,91.8,92.08,91.51
"12846",63,2016,91.25,90.35,91.53,89.59,92.44,88.49
"12847",64,2016,93.22,94.71,94.72,92.55,93.58,93.7
"12848",65,2016,87.61,88.63,87.46,87.79,87.05,89.43
"12849",66,2016,84.87,86.73,86.33,84.14,86.72,87.55
"12850",67,2016,86.67,89.41,88.55,86.16,87.9,90.23
"12851",68,2016,90.76,90.12,90.64,90.06,90.57,91.03
"12852",69,2016,85.46,85.1,85.31,85.24,85.7,85.4
"12853",70,2016,82.15,82.15,84.28,82.5,82.55,82.55
"12854",71,2016,77.61,82.54,81.67,78.37,87.3,85.3
"12855",72,2016,80.12,87.15,84.34,82.08,90.99,90.25
"12856",73,2016,87.25,90.98,91.6,85.89,90.74,92.97
"12857",74,2016,94.68,92.07,94.51,89.63,92.13,92.4
"12858",75,2016,95.53,95.26,95.74,93.1,95.73,95.3
"12859",76,2016,89.61,91.53,88.04,91.78,87.28,91.39
"12860",77,2016,95.94,95.92,96.26,96.09,96.23,96.78
"12861",78,2016,92.18,89.65,91.3,89.79,90.73,89.09
"12862",79,2016,90.31,90.59,91.44,90.11,92.99,91.86
"12863",80,2016,89.31,90.46,90.42,89.59,92.14,91.82
"12864",81,2016,91.65,91.67,91.33,91.63,92.66,91.98
"12865",82,2016,90.04,91.24,91.64,89.27,96.07,91.71
"12866",83,2016,89.8,90.26,90.98,89.55,93.11,91.57
"12867",84,2016,85.85,86.64,86.98,84.48,87,86.11
"12868",85,2016,85.58,86.61,88.53,83.95,93.17,87.69
"12869",86,2016,89.86,91.71,92.01,89.37,93.35,91.92
"12870",87,2016,93.41,92.27,93.5,91.92,96.5,93.01
"12871",88,2016,88.67,89.47,88.86,89.84,90.7,88.64
"12872",89,2016,88.44,90.34,90.44,86.68,91.01,92.51
"12873",90,2016,91.9,92.35,92.27,90.92,90.7,91.86
"12874",91,2016,93.9,93.31,91.06,94,89.6,90.98
"12875",92,2016,93.13,94.45,93.51,93.43,95.71,95.41
"12876",93,2016,92.93,92.94,93.91,92.88,94.15,92.3
"12877",94,2016,93.13,94.62,94.14,93.09,95.38,95.58
"12878",95,2016,96.56,96.88,96.05,95.41,96.27,97.22
"12879",96,2016,90.09,91.22,92.14,90.44,93.49,93.19
"12880",97,2016,87.27,88.35,87.43,91.78,88.51,89.61
"12881",98,2016,91.2,89.24,90.13,90.85,91.85,88.1
"12882",99,2016,92.64,93.91,92.34,93.78,91.3,93.51
"12883",100,2016,91.41,88.86,90.98,88.14,90.33,89.51
"12884",101,2016,92.46,91.81,91.09,92.43,90.87,91.72
"12885",102,2016,92.13,93.05,95.18,92.39,95.42,92.23
"12886",103,2016,92.69,89.45,88.93,94.26,88.99,89.27
"12887",104,2016,92.29,91.81,92.8,91.73,92.25,92.24
"12888",105,2016,92.78,92.6,92.41,93.88,91.4,93.77
"12889",106,2016,88.84,89.77,87.79,91.4,89.31,90.48
"12890",107,2016,94,93.12,93.36,93.67,93.96,93.38
"12891",108,2016,94.09,92.9,92.81,94.66,92.97,93.76
"12892",109,2016,90.56,90.41,90.98,90.61,93.24,89.67
"12893",110,2016,87.38,89.21,89.18,86.69,91.47,89.99
"12894",111,2016,90.02,91.61,87.07,95.63,90.1,92.5
"12895",112,2016,91.5,89.56,91.92,89.06,93.59,88.14
"12896",113,2016,92.56,94.32,94.1,92.37,93.07,95.24
"12897",114,2016,88.1,89.45,89.66,89.9,91.12,90.3
"12898",115,2016,94.44,94.49,93.13,96.62,90.22,95.86
"12899",116,2016,82.64,82.02,80.71,86.03,84.07,81.85
"12900",117,2016,88.02,88.51,87.12,90.29,87.68,89.11
"12901",118,2016,91.2,90.8,90.88,91.7,89.24,91.56
"12902",119,2016,97.24,98.52,99.37,95.49,98.66,98.96
"12903",120,2016,94.61,95.94,95.32,95.9,91.25,96.41
"12904",121,2016,87.32,86.19,86.46,88.78,85.31,85.01
"12905",122,2016,83.08,84.15,82.73,84.2,86.23,83.62
"12906",123,2016,86.54,91.13,87.24,89.68,89.76,91.72
"12907",124,2016,97.32,97.41,98.18,95.86,97.64,94.66
"12908",125,2016,94.41,94.69,94.6,95.2,94.83,96.21
"12909",126,2016,90.57,89.93,88.93,89.44,88.17,90.78
"12910",127,2016,93.4,90.25,90.22,92.41,88.39,89.28
"12911",128,2016,89.45,89.94,89.48,90.39,87.39,90.15
"12912",129,2016,93.09,92.23,91.3,93.19,94.7,91.01
"12913",130,2016,86.95,86.3,88.19,87.71,90.58,85.4
"12914",131,2016,85.78,89.16,88.65,88.8,91.6,91.92
"12915",132,2016,86.33,87.13,87.62,86.45,88.68,88.26
"12916",133,2016,88.96,90.92,88.2,89.71,91.4,91.2
"12917",134,2016,90.68,92.16,88.84,91.24,92.57,92.57
"12918",135,2016,92.16,90.06,91.55,91.5,93.12,89.88
"12919",136,2016,91.84,90.55,91.19,90.73,93.14,89.53
"12920",137,2016,89.94,88.99,88.92,89.39,87.47,88.27
"12921",138,2016,93.14,93.39,91.28,95.06,93.67,94.37
"12922",139,2016,92.55,93.17,91.53,95.8,89.55,92.89
"12923",140,2016,88.41,87.65,89.42,91.22,92.41,88.23
"12924",141,2016,91.86,91.96,91.74,92.43,90.05,92.44
"12925",142,2016,95.04,93.89,93.62,94.91,94.36,93.34
"12926",143,2016,91.09,90.39,90.05,91.04,90.45,88.67
"12927",144,2016,97.17,96.37,95.41,97.12,95.09,95.3
"12928",145,2016,96.39,95.26,95.61,95.22,95.91,95.35
"12929",146,2016,98.32,98.3,97.49,98.29,95.31,98.59
"12930",147,2016,89.43,92.53,88.84,92.15,86.98,93.34
"12931",148,2016,91.17,90.6,89.84,91.95,88.28,88.86
"12932",149,2016,93.83,92.95,92.22,95.54,92.73,91.7
"12933",150,2016,94.93,96.06,95.82,94.81,96.59,96.35
"12934",151,2016,95.86,91.98,95.46,92.38,92.68,91.88
"12935",152,2016,89.39,91.41,91.07,90.88,92.97,91.06
"12936",153,2016,86.7,87.89,87.64,87.17,90.47,86
"12937",154,2016,88.2,87.96,88.05,89.77,88.37,85.73
"12938",155,2016,89.88,91.58,89.86,92.56,91.72,92.27
"12939",156,2016,91.41,90.69,91.9,89.38,91.74,90.16
"12940",157,2016,91.6,92.67,91.22,90.37,89.8,93.89
"12941",158,2016,89.84,88.32,88.16,89.54,87.51,87.29
"12942",159,2016,95.38,97.63,94.41,95.42,91.97,97.12
"12943",160,2016,90.12,88.15,88.45,89.25,88.73,89.23
"12944",161,2016,90.11,90.62,91.66,87.97,90.67,89.4
"12945",162,2016,91.72,91.04,91.84,90.34,91.09,91.55
"12946",163,2016,94.25,92.05,92.82,92.63,91.49,92.92
"12947",164,2016,92.59,90.21,91.48,91.98,91,91.09
"12948",165,2016,88.54,86.54,87.72,89.29,84.68,89.18
"12949",166,2016,83.06,87,84.91,87.33,83.13,88.4
"12950",167,2016,86.54,88.38,88.48,85.5,93.48,90.23
"12951",168,2016,90.73,90.66,91.11,90.29,91.58,91.6
"12952",169,2016,94.91,93.98,93.65,92.93,92.37,94.66
"12953",170,2016,91.1,88.73,89.97,90.46,89.02,88.39
"12954",171,2016,94.93,93.33,96.24,92.16,96.53,93.39
"12955",172,2016,92.89,91.18,92.16,92.41,92.21,90.16
"12956",173,2016,98.41,98.11,97.62,98.73,97.57,97.17
"12957",174,2016,94.86,94.47,93.48,95.98,93.96,93.18
"12958",175,2016,95.18,95.31,95.4,94.99,95.88,96.38
"12959",176,2016,97.32,95.77,96.15,97.05,94.13,94.11
"12960",177,2016,91.29,91.46,92,91.35,94.46,92.36
"12961",178,2016,93.35,90.4,93.5,91.81,93.23,90.94
"12962",179,2016,91.6,91.99,92.35,90.36,94.66,93.32
"12963",180,2016,91.34,91.55,91.44,91.98,91,91.5
"12964",181,2016,92.98,94.41,93.51,93.81,92.56,95.04
"12965",182,2016,97.66,98.36,97.55,98,97.33,98.89
"12966",183,2016,95.33,95.05,95.35,94.81,93.89,94.87
"12967",184,2016,96.68,95.74,95.23,95.15,93.7,96.45
"12968",185,2016,96.4,95,95.1,96.59,94.04,95
"12969",186,2016,90.66,93.07,91.75,92.86,91.33,94.79
"12970",187,2016,90.69,90.95,92.44,89.69,94.51,92.31
"12971",188,2016,95.91,96.18,96.96,91.02,97.69,97.07
"12972",189,2016,94.54,96.75,96.93,95.17,98.21,95.71
"12973",190,2016,89.07,89.59,90.2,89.01,91.34,91.1
"12974",191,2016,92.51,93.27,92.99,93.83,93.72,94.65
"12975",192,2016,90.29,89.35,89.12,90.53,90.29,88.17
"12976",193,2016,89.77,87.77,88.26,90.17,87.99,88.52
"12977",194,2016,89.1,87.08,88.33,88.14,89.87,88.64
"12978",195,2016,92.05,87.95,89.36,90.41,91.08,87.03
"12979",196,2016,93.64,93.72,91.2,95.62,89.68,96.16
"12980",197,2016,87.85,89.08,88.22,87.78,87.9,92.06
"12981",198,2016,89.99,88.81,89.21,88.84,85.64,87.89
"12982",199,2016,92.1,91.33,90.44,91.98,87.23,90.41
"12983",200,2016,90.54,89.54,90.05,89.38,87.88,87.97
"12984",201,2016,91.46,93.03,92.25,92.26,90.08,94.61
"12985",202,2016,95.02,92.49,93.62,94.76,94.48,92.43
"12986",203,2016,94.64,93.38,94.35,93.56,95.51,94.07
"12987",204,2016,91.59,90.84,92.64,92.02,93.4,92.13
"12988",205,2016,95.75,97.68,94.95,94.61,93.07,97.28
"12989",206,2016,88.88,93.93,93.85,90.89,94.54,93.85
"12990",207,2016,87.97,87.77,86.4,90.28,87.63,90.01
"12991",208,2016,85.38,84.25,86.16,85.25,87.02,84.54
"12992",209,2016,95.13,94.84,93.8,95.65,91.4,93.91
"12993",210,2016,93.85,93.91,92.7,95.45,93.2,93.67
"12994",211,2016,95.77,94.37,94.61,94.76,92.97,95.01
"12995",212,2016,93.25,91.95,91.5,93.25,90.19,91.93
"12996",213,2016,90.44,90.6,91.97,89.04,93.53,91.05
"12997",214,2016,90.92,92.96,90.92,93.69,93.38,93.26
"12998",215,2016,93.73,92.65,94.01,92.18,93.46,92.39
"12999",216,2016,93.08,91.77,92.4,92.2,91.74,90.2
"13000",217,2016,91.62,92.52,92.06,90.5,92.94,91.6
"13001",218,2016,91.57,94.21,90.22,94.97,92.23,94.01
"13002",219,2016,84.15,84.51,84.95,84.8,87.72,85.35
"13003",220,2016,86.08,84.9,85.16,86.98,85.33,82.58
"13004",221,2016,92.33,92.43,91.3,92.91,89.85,92.36
"13005",222,2016,91.15,91.43,90.56,90.98,90.68,92.63
"13006",223,2016,92.95,90.75,90.79,92.48,89.4,91.14
"13007",224,2016,90.37,88.96,90.5,90.61,90.94,88.24
"13008",225,2016,88.27,86.28,87.1,86.9,87.19,87.19
"13009",226,2016,88.38,88.02,87.46,88.23,88.93,88.34
"13010",227,2016,88.52,88.55,86.82,89.22,88.53,88.92
"13011",228,2016,88.37,88.52,88.17,87.89,87.65,90.33
"13012",229,2016,89.89,89.79,89.66,90.7,92.51,91.03
"13013",230,2016,90.54,91.59,90.56,91.62,90.66,92.57
"13014",231,2016,91.66,89.9,89.43,93.11,86.94,89.5
"13015",232,2016,86.33,85.79,85.77,87.26,87.31,85.03
"13016",233,2016,88.14,86.5,86.7,87.24,86.49,85.09
"13017",234,2016,92.41,91.49,92.73,90.33,94.82,91.58
"13018",235,2016,90.23,89.82,90.32,88.86,90.71,90.4
"13019",236,2016,88.92,88.03,86.9,87.96,84.84,88.25
"13020",237,2016,87.31,87.71,86.41,88.05,84.15,87.46
"13021",238,2016,87.71,89.39,89.3,88.72,89.46,91.8
"13022",239,2016,86.13,86.04,86.89,86.11,88.68,88.4
"13023",240,2016,90.1,91.41,90.42,90.23,93.29,92.55
"13024",241,2016,85.95,86.33,85.94,86.61,88.1,86.4
"13025",242,2016,91.41,89.9,91.18,90.1,88.24,90.36
"13026",243,2016,90.2,89.61,88.21,90.4,85.92,88.95
"13027",244,2016,94.88,94.87,94.69,93.71,96.84,95.2
"13028",245,2016,93.45,93.22,93.16,91.03,92.22,93.93
"13029",246,2016,89.12,89.13,87.95,89.47,86.79,89.31
"13030",247,2016,84.69,86.83,86.21,88.07,90.08,87.77
"13031",248,2016,92.96,90.89,91.77,91.28,92.05,90.97
"13032",249,2016,91.76,90.13,91.43,90.25,91.88,91
"13033",250,2016,91.1,90.47,89.09,91.76,87.14,89.78
"13034",251,2016,90.93,89.75,87.7,93.25,85.75,88.85
"13035",252,2016,90.46,91.06,89.97,90.52,88.61,91.73
"13036",253,2016,90.8,90.3,91.08,88.27,91.09,91.09
"13037",254,2016,87.37,89.24,87.41,90.66,88.23,91.71
"13038",255,2016,89.96,91.59,90.55,91.36,91.41,92.49
"13039",256,2016,88.47,87.5,88.3,87.24,89.69,86.61
"13040",257,2016,85.77,86.72,85.97,86.17,85.39,87.66
"13041",258,2016,95.85,95.58,96.68,94.46,95.39,95.4
"13042",259,2016,88.35,88.51,88.19,88.78,87.97,88.67
"13043",260,2016,87.14,87.24,87.28,87.39,88.54,87.61
"13044",261,2016,92.35,91.37,91.57,92.08,92.04,90.45
"13045",262,2016,88.54,89.46,91.02,86.57,91.6,89.25
"13046",263,2016,92.9,91.18,90.81,92.33,89.37,91.5
"13047",264,2016,88.68,91.03,91.83,88.33,91.77,93.32
"13048",265,2016,89.69,87.63,89.27,88.33,85.64,86.55
"13049",266,2016,89.99,87.92,89.6,88.62,87.78,85.69
"13050",267,2016,91.41,91.04,91.63,90.78,91.33,91.47
"13051",268,2016,91.02,90.12,89.19,91.24,89.78,90.12
"13052",269,2016,91.51,90.37,89.8,91.56,89.62,90.6
"13053",270,2016,90.32,88.44,89.87,87.09,89.43,89.2
"13054",271,2016,88.22,88.69,88.92,87.62,88.65,88.52
"13055",272,2016,91.25,91.63,91.65,90.54,92.47,92.59
"13056",273,2016,87.09,87.09,87.68,87.14,87.36,87.28
"13057",274,2016,88.57,87.44,88.37,89.15,86.33,84.42
"13058",275,2016,90.61,91.73,90.08,91.57,89.02,91.27
"13059",276,2016,89.18,88.42,87.87,90.93,89.36,88.64
"13060",277,2016,95.54,95.31,95.98,93.11,97.47,96.23
"13061",278,2016,87.13,85.47,87.12,85.07,87.99,85.67
"13062",279,2016,86.82,85.26,85.1,86.7,86.88,85.53
"13063",280,2016,90.59,91.89,89.92,91.7,91.6,91.47
"13064",281,2016,91.77,91.22,91.22,91.52,89.07,90.75
"13065",282,2016,88.9,87.81,91.58,86.91,88.05,85.68
"13066",283,2016,93.42,93.85,93.53,94.42,94.3,94.7
"13067",284,2016,92.63,94.32,94.46,92.06,93.93,94.71
"13068",285,2016,92.48,92.03,92.92,92.02,92.64,91.27
"13069",286,2016,90.65,89.61,88.68,91.41,88.36,89.04
"13070",287,2016,87.29,87.1,86.77,88.73,86.37,88.49
"13071",288,2016,88.1,87.89,88.94,88.18,86.12,88.54
"13072",289,2016,95.12,93.92,94.53,92.06,90.02,93.42
"13073",290,2016,88.1,87.44,86.66,87.2,85.94,86.89
"13074",291,2016,84.99,83.94,84.46,84.72,84.64,83.77
"13075",292,2016,85.51,87.08,85.94,87.82,86.15,87.42
"13076",293,2016,91.2,90.87,91.31,92.54,91.48,89.28
"13077",294,2016,91.61,90.64,91.57,87.34,90.73,91.1
"13078",295,2016,89.87,90.48,89.3,88.54,87.68,89.56
"13079",296,2016,89.96,87.45,88.65,89.27,89.73,86.34
"13080",297,2016,94.04,92.99,91.7,93.05,87.79,89.92
"13081",298,2016,87,87.59,88.5,88.02,88.64,87.46
"13082",299,2016,92.47,91.76,91.76,91.47,88.93,91.07
"13083",300,2016,87.85,86.43,86.2,87.9,86.21,85.23
"13084",301,2016,91.08,92.62,93.37,88.66,90.18,92.33
"13085",302,2016,88.96,85.77,90.52,84.37,89.74,89.82
"13086",303,2016,93.49,91.08,92.54,92.94,92.74,91.42
"13087",304,2016,88.06,87.7,87.86,86.94,89.18,88.32
"13088",305,2016,85.54,87.21,86.49,86.46,89.14,88.01
"13089",306,2016,88.61,89.64,88.38,89.67,86.99,88.01
"13090",307,2016,89.12,87.53,86.44,89.74,84.26,85.69
"13091",308,2016,86.22,86.01,89.24,84.98,88.62,87.88
"13092",309,2016,96.27,95.28,96.61,96.02,97.32,95.7
"13093",310,2016,93.57,93.07,93.25,93.4,91.85,93.86
"13094",311,2016,87.36,88.29,87.34,89.27,88.6,88.61
"13095",312,2016,84.09,85.24,83.57,86.06,84.92,85.47
"13096",313,2016,90.19,90.28,88.58,91.42,87.66,90.31
"13097",314,2016,87.5,88.04,86.6,89.49,87.51,88.93
"13098",315,2016,92.87,93.42,92.23,92.81,91.55,93.96
"13099",316,2016,93.04,93.4,91.85,93.91,88.91,93.85
"13100",317,2016,86.91,87.87,87.91,86.1,90.69,87.02
"13101",318,2016,84.56,85.88,85.88,85.04,88.87,86.58
"13102",319,2016,89.71,91.6,89.57,91.57,88.73,91.96
"13103",320,2016,84.44,86.84,85.66,84.95,86.13,86.83
"13104",321,2016,80.4,84.5,83.47,81.93,85.57,85.75
"13105",322,2016,84.48,90.67,87.55,87.24,87.43,92.75
"13106",323,2016,94.82,95.69,94.45,95.52,94.99,95.16
"13107",324,2016,93.78,95.05,93.89,93.89,92.63,95.9
"13108",325,2016,89.97,88.51,88.18,88.94,86.65,88.64
"13109",326,2016,88.11,86.05,85.57,89.45,85.18,84.14
"13110",327,2016,90.01,90.96,88.51,91.8,89.47,90.77
"13111",328,2016,91.68,92.84,89.89,92.71,88.7,92.65
"13112",329,2016,88.98,91.68,91.06,89.24,91.41,93.29
"13113",330,2016,94.65,94.22,93.98,95.01,91.36,93.39
"13114",331,2016,90.62,91.41,92.28,91.89,96.38,94.01
"13115",332,2016,89.44,88.5,89.62,89.35,90.02,88.42
"13116",333,2016,93.27,92.56,91.11,92.87,88.38,91.71
"13117",334,2016,96.44,94.38,93.5,96.21,88.87,92.74
"13118",335,2016,92.26,91.33,90.83,92.91,89.76,90.99
"13119",336,2016,89.46,88.5,88.86,89.74,90.31,88.61
"13120",337,2016,92.35,91.85,92.94,93.31,91.59,91.6
"13121",338,2016,91.4,90.36,89.3,91.78,86.25,89.27
"13122",339,2016,91.39,90.9,89.39,92.51,85.88,89.57
"13123",340,2016,90.73,91.36,91.02,92.93,94.63,91.2
"13124",341,2016,91.22,90.7,91.07,92.19,92.57,90.35
"13125",342,2016,88.89,87.34,92.25,88.51,93.35,88.19
"13126",343,2016,89.94,92,93.19,89.45,93.25,92.54
"13127",344,2016,94.19,94.3,95.31,94.68,95.92,94.63
"13128",345,2016,91.92,92.94,92.16,93.06,92.87,91.79
"13129",346,2016,88.1,91.52,91.98,88.89,93.67,93.08
"13130",347,2016,86.66,90.59,89.18,88.3,91.76,91.74
"13131",348,2016,86.79,88.81,88.41,88.04,91.27,88.62
"13132",349,2016,88.35,91.22,90.05,89.25,92.83,92.5
"13133",350,2016,94.86,96.07,95.13,95.55,92.77,96.65
"13134",351,2016,98.1,98.4,97.39,98.17,96.38,97.82
"13135",352,2016,96.47,94.91,97.47,94.42,94.04,93.65
"13136",353,2016,89.19,91.76,91.04,89.35,90.22,93.94
"13137",354,2016,82.49,84.52,85.55,82.09,90,87.14
"13138",355,2016,78.94,81.18,80.84,79.6,89.4,84.94
"13139",356,2016,84.11,90.25,89.56,82.12,93.01,95.53
"13140",357,2016,90.31,91.84,90.85,90.12,89.6,92.22
"13141",358,2016,94.25,94.2,93.7,95.69,91.7,92.55
"13142",359,2016,94.52,93.91,93.63,94.88,92.23,93.22
"13143",360,2016,91.25,91.46,90.48,92.51,91.61,93.7
"13144",361,2016,89.98,91.26,89.99,91.9,92.66,91.98
"13145",362,2016,86.57,87.4,87.23,88.06,89.96,87.86
"13146",363,2016,85.76,90.75,91.06,85.37,94.58,95.4
"13147",364,2016,91.66,95.62,95.43,91.67,95.09,96.54
"13148",365,2016,97.57,97.25,97.29,98,99.48,97.98
"13149",366,2016,95.5,95.93,94.4,96.47,93.97,95.13
"13150",1,2017,91.91,92.19,92.45,91.89,91.85,93.39
"13151",2,2017,94.71,94.59,93.93,94.24,93.18,92.84
"13152",3,2017,90.48,91.34,92.08,90.45,95.86,92.55
"13153",4,2017,93.83,93.93,93.98,94.28,95.94,94
"13154",5,2017,94.08,92.01,93.42,94.09,93.76,92.31
"13155",6,2017,94.32,93.61,93.74,94.19,91.5,92.58
"13156",7,2017,95.51,96.39,96.73,95.56,96.09,96.24
"13157",8,2017,93.2,93.06,92.75,92.93,89.68,93.33
"13158",9,2017,90.13,90.65,88.87,90.56,89.56,91.45
"13159",10,2017,84.95,86.33,86.74,84.39,88.8,88.1
"13160",11,2017,83.64,88.58,91.83,82.04,96.32,94.8
"13161",12,2017,84.97,90.12,92.42,83.03,95.93,94.67
"13162",13,2017,87.51,87.65,89.16,85.52,89.72,87.84
"13163",14,2017,83.8,85.02,86.86,83.71,90.47,84.52
"13164",15,2017,77.5,82.65,83.64,78.03,91.01,89.89
"13165",16,2017,74.79,79.07,80.33,75.31,88.22,83.92
"13166",17,2017,76.94,82.18,82.49,77.02,86.37,86.2
"13167",18,2017,77.48,81.37,81.79,76.61,86.81,85.58
"13168",19,2017,75.26,80.52,80.26,75.82,86.29,85.33
"13169",20,2017,76.3,80.55,81.84,75.66,91.87,84.47
"13170",21,2017,88.39,92.21,93.51,82.47,95.91,95.16
"13171",22,2017,86.28,86.9,86.99,82.65,88.49,90.29
"13172",23,2017,79.62,83.41,81.01,79.58,81.31,84.03
"13173",24,2017,78.03,79.38,78.25,78.6,79.09,80.21
"13174",25,2017,84.61,84.25,83.06,84.08,84.61,86.67
"13175",26,2017,94.32,94.34,94.7,93.63,93.83,94.51
"13176",27,2017,93.6,92.89,92.45,93.4,94.26,91.03
"13177",28,2017,90.28,90.97,94.04,87.3,94.98,90.56
"13178",29,2017,89.97,91.57,91.98,89.84,93.22,92.28
"13179",30,2017,92.19,93.73,93.73,92.81,95.65,95.07
"13180",31,2017,95.51,94.61,93.8,96.49,92.28,94.17
"13181",32,2017,90.59,90.47,90.34,90.6,90.43,90.7
"13182",33,2017,87.89,89.48,88.49,87.99,87.92,88.26
"13183",34,2017,82.77,85.35,83.89,83.46,89.15,85.4
"13184",35,2017,82.98,87.04,85.57,84.26,91.93,88.21
"13185",36,2017,88.78,91.01,90.27,87.81,91.6,92.22
"13186",37,2017,86.77,89.02,89.65,84.01,95.29,91.31
"13187",38,2017,89.85,93.73,94.28,85.12,97.19,95.42
"13188",39,2017,91.32,92.55,93.71,89.1,93.14,92.69
"13189",40,2017,87.45,90.12,90,87.79,91.51,91.31
"13190",41,2017,84.09,87.52,86.51,84.05,88.11,87.33
"13191",42,2017,73.7,77.44,76.47,74.08,84.13,79.73
"13192",43,2017,67.31,71.11,70.24,67.17,79.59,73.75
"13193",44,2017,67.3,70.57,69.68,66.08,80.52,72.44
"13194",45,2017,65.94,70.69,71.87,64.38,82.92,73.95
"13195",46,2017,73.99,80.96,81.05,72.22,87.83,83.16
"13196",47,2017,85.06,84.45,85.15,83.22,88.73,84.33
"13197",48,2017,85.47,86.6,86.9,82.14,88.11,88.44
"13198",49,2017,81.31,84.91,86.99,74.45,88.77,86.75
"13199",50,2017,77.05,83.51,81.94,73.49,84.67,86.21
"13200",51,2017,86.92,91.69,90.28,85.45,92.51,91.62
"13201",52,2017,87.6,90.14,87.66,88.06,86.85,89.51
"13202",53,2017,90.88,90.89,89.15,91.15,85.74,90.51
"13203",54,2017,93.58,94.04,92.06,94.88,92.2,94.44
"13204",55,2017,90.96,91.68,89.09,91.89,87.99,90.31
"13205",56,2017,85.21,87,86.45,85.07,90.28,89.76
"13206",57,2017,92.72,91.28,93.45,92.79,96.33,92.83
"13207",58,2017,93.74,95.4,94.62,94.95,96.07,95.73
"13208",59,2017,84.83,88.21,85.32,85.91,90.37,89.43
"13209",60,2017,81.3,86.02,85.15,80.69,89.35,88.89
"13210",61,2017,80.15,84.6,84.94,79.15,90.14,87.57
"13211",62,2017,88.07,93.46,91.26,87.47,91.21,93.93
"13212",63,2017,88.9,90.19,90.64,87.76,91.58,90.71
"13213",64,2017,92.65,92.38,93.45,91.41,94.46,94.21
"13214",65,2017,94.54,93.77,94.65,94.96,94.15,93.34
"13215",66,2017,92.93,93.56,92.94,93.81,93.92,94.18
"13216",67,2017,94.64,95.57,94.78,95.96,96.16,96.52
"13217",68,2017,91,93.45,93.88,91.72,95.67,95.52
"13218",69,2017,91.98,90.17,92.87,91.56,93.46,91.7
"13219",70,2017,93.98,95.66,96.03,92.46,95.08,97
"13220",71,2017,92.57,92.35,94.16,90.86,92.17,94.51
"13221",72,2017,97.51,97.77,96.8,96.9,96.39,96.13
"13222",73,2017,92.53,91.72,92.76,90.79,90,91.08
"13223",74,2017,90.75,91.89,90.76,90.42,90.61,92.46
"13224",75,2017,83.79,84.58,84.86,82.79,88.24,86.84
"13225",76,2017,76.2,80.37,78.98,75.49,84.05,83.94
"13226",77,2017,86.31,91.94,92.56,84.93,96.86,95.46
"13227",78,2017,94.78,94.89,93.19,94.38,89.71,91.57
"13228",79,2017,91.77,90.29,92.49,90.05,91.06,89.92
"13229",80,2017,91.4,90.75,90.54,91.42,89.63,91.68
"13230",81,2017,89.27,89.17,88.17,91.51,86.87,88.38
"13231",82,2017,92.64,95.18,93.91,94.2,94.14,95.71
"13232",83,2017,88.73,92.41,90.33,88.25,90.78,93.6
"13233",84,2017,86.9,86.59,89.77,84.94,91.58,88.82
"13234",85,2017,91.06,89.89,91.6,89.43,92.96,91.7
"13235",86,2017,92.03,90.74,89.6,92.54,87.06,88.55
"13236",87,2017,91.51,91.92,91.28,91.46,92.12,91.34
"13237",88,2017,88.22,88.37,89.22,88.92,88.99,87.36
"13238",89,2017,91.79,93.56,93.91,90.42,90.76,93.55
"13239",90,2017,93.69,92.51,93.66,91.65,93.56,92.83
"13240",91,2017,92.57,92.82,93.03,91.01,94.3,93.15
"13241",92,2017,88.48,90.01,91.32,87.61,93.21,92.27
"13242",93,2017,84.45,86.68,85.73,85.03,87.53,88.39
"13243",94,2017,84.56,86.46,85.28,84.74,85.68,86.79
"13244",95,2017,80.38,82.35,82.56,78.72,84.48,83.31
"13245",96,2017,77.6,78.7,80.28,74.92,83.18,80.58
"13246",97,2017,88.44,90.33,90.62,86.05,93.73,93.05
"13247",98,2017,87.71,91.25,90.1,89.47,91.49,92.5
"13248",99,2017,91.42,90.94,91.94,91.58,94.73,91.58
"13249",100,2017,88.52,87.78,89.26,86.14,91.42,87.94
"13250",101,2017,88.91,86.27,87.37,88.27,90.23,86.76
"13251",102,2017,95.39,95.54,95.76,94.95,94.65,93.65
"13252",103,2017,93.72,92.45,92.56,91.95,93.53,92.47
"13253",104,2017,94.16,93.28,89.92,94.9,89.54,94.39
"13254",105,2017,88.91,90.58,91.59,87.84,92.33,90.47
"13255",106,2017,87.63,89.14,88.33,88.13,89.08,88.92
"13256",107,2017,91.07,91.31,93.68,88.1,94.08,94.18
"13257",108,2017,92.04,90.26,90.76,89.65,90.38,89.33
"13258",109,2017,92.8,93.78,91.77,92.72,91.82,92.44
"13259",110,2017,90.23,89.65,89.6,88.74,89.45,91.97
"13260",111,2017,90.32,90.52,89.31,91.38,90.43,87.41
"13261",112,2017,88.16,88.43,87.53,88.85,89.44,89.91
"13262",113,2017,93.89,91.98,91.51,94.24,89.4,88.8
"13263",114,2017,91.74,92.02,91.33,92.53,90.28,91.21
"13264",115,2017,88.19,89.5,91.65,87.63,92.37,91.05
"13265",116,2017,90.82,88.98,87.27,93.12,86.8,86.72
"13266",117,2017,90.22,91.19,89.03,92.2,94.22,91.14
"13267",118,2017,88.81,90.84,89.58,89.96,91.84,93.35
"13268",119,2017,89.97,88.22,90.07,88.42,90.98,85.91
"13269",120,2017,95.33,95.31,93.49,96.36,91.2,94.07
"13270",121,2017,94.59,94.15,94.29,95.26,94.43,93.48
"13271",122,2017,88.56,89.38,90.54,88.44,95.22,91.7
"13272",123,2017,89.94,91.66,90.56,92.54,88.66,92.24
"13273",124,2017,84.95,86.55,84.11,86.14,83.28,86.68
"13274",125,2017,92.57,92.1,93.2,91.82,91.26,90.66
"13275",126,2017,90.49,91.82,92.31,90.14,93.59,90.92
"13276",127,2017,91.25,92.61,89.81,92.56,96.26,93.52
"13277",128,2017,92.58,90.55,91.78,90.78,91.66,89.73
"13278",129,2017,93.54,92.13,92.63,92.41,93.39,91.95
"13279",130,2017,92.05,93.48,90.26,95.24,90.81,92.51
"13280",131,2017,91.54,89.9,90.26,92.22,90.38,89.18
"13281",132,2017,83.47,88.2,86.15,86.7,86.71,88.65
"13282",133,2017,84.67,87.49,86.6,86.12,86.42,86.31
"13283",134,2017,94.63,95.19,95.11,94.13,93.2,94.75
"13284",135,2017,93.47,94.35,93.3,93.4,94.38,93.99
"13285",136,2017,89.63,89.45,89.88,90.18,89.81,88.22
"13286",137,2017,87.27,88.2,86.77,88.53,86.87,86.07
"13287",138,2017,90.83,90.16,89.53,89.21,89.18,88.66
"13288",139,2017,83.21,81.61,81.95,82.58,84.93,80.8
"13289",140,2017,88.51,85.49,86.84,87.22,86.7,82.99
"13290",141,2017,95.67,94.38,95.11,95.6,94.19,91.79
"13291",142,2017,96.33,95.08,94.85,97.23,94.79,94.51
"13292",143,2017,84.93,85.74,84.98,88.04,85.34,86.66
"13293",144,2017,88.69,89.05,88.86,90.2,86.96,89.98
"13294",145,2017,86.35,85.24,86.36,84.68,85.2,84.88
"13295",146,2017,89.17,87.24,89.38,84.89,87.9,87.55
"13296",147,2017,86.39,84.11,83.97,85.85,83.92,83.91
"13297",148,2017,84.23,84.33,84.06,83.63,84.84,84.97
"13298",149,2017,86.25,87.31,85.39,86.41,85.95,84.42
"13299",150,2017,91.6,93.4,90.54,93.24,94.04,91.56
"13300",151,2017,91.9,90.41,89.33,91.96,86.19,90.27
"13301",152,2017,91.82,92.67,91.08,93.22,91.34,92.42
"13302",153,2017,93.79,92.27,93.54,90.88,91.55,94.13
"13303",154,2017,88.66,88.24,87.7,88.67,86.47,87.38
"13304",155,2017,95.33,93.03,94.08,92.93,89.37,91.57
"13305",156,2017,90.39,87.5,88.29,86.15,87.27,85.75
"13306",157,2017,86.31,88.7,88.39,84.77,92.97,89.84
"13307",158,2017,92.35,94.3,96.31,88.28,97.92,96.6
"13308",159,2017,90.82,90.6,87.44,93.62,84.01,88.25
"13309",160,2017,87.95,88.68,85.74,88.57,85.59,89.52
"13310",161,2017,90.1,87.02,88.94,88.82,92.11,85.94
"13311",162,2017,90.83,89.92,88.8,91.02,88.39,89.36
"13312",163,2017,94.35,92.89,93.11,93.29,92.92,94.33
"13313",164,2017,93.21,91.71,91.47,92.23,86.9,90.8
"13314",165,2017,92.89,91.32,91.24,92.42,89.51,91.5
"13315",166,2017,91.23,89.23,89.53,92.8,87.18,87.59
"13316",167,2017,89.63,87.89,87.83,89.51,89.5,88.52
"13317",168,2017,88.23,88.47,88.39,86.84,90.55,89.37
"13318",169,2017,92.59,90.56,89.83,94.27,85.64,88.63
"13319",170,2017,90.77,87.48,88.44,87.25,87.36,89.71
"13320",171,2017,94.58,91.42,92.99,92.99,93.77,89.82
"13321",172,2017,94.98,93.18,94.21,94.49,94.22,92.23
"13322",173,2017,96.55,95.03,96.37,94.3,92.61,96.76
"13323",174,2017,98.09,95.49,95.88,94.38,87.04,94.35
"13324",175,2017,92,91.37,90.99,92.54,96,90.07
"13325",176,2017,89.59,89.33,89.13,88.77,92.76,87.73
"13326",177,2017,95.37,94.38,92.33,95.78,91.18,93.71
"13327",178,2017,90.58,89.79,92.23,89.53,95.77,90.69
"13328",179,2017,97.33,95.37,95.11,95.14,86.85,94.18
"13329",180,2017,90.79,92.5,90.32,90.79,88.53,91.22
"13330",181,2017,94.54,93.66,92.69,94.57,88.94,90.7
"13331",182,2017,93.75,95.61,94.03,94.66,95.38,95.65
"13332",183,2017,92.26,90.08,91.5,86.24,88.62,88.9
"13333",184,2017,95.16,94.67,93.1,93.36,92.77,94.52
"13334",185,2017,92.4,91.31,91.51,89.88,90.27,93
"13335",186,2017,93.63,92.1,92.37,92.7,89.43,92.88
"13336",187,2017,94.1,92.7,93.7,93.9,96.01,93.82
"13337",188,2017,92.77,91.14,91.17,91.16,88.65,90.72
"13338",189,2017,94.35,92.92,91.61,94.62,88.08,91.52
"13339",190,2017,93.03,93.36,90.99,94.31,87.77,93.39
"13340",191,2017,95.25,93.66,94.76,93.44,95.18,94.05
"13341",192,2017,97,96.91,97.46,96.91,95.89,97.61
"13342",193,2017,95.25,93.52,90.92,97.17,87.99,92.94
"13343",194,2017,89.51,88.71,84.44,94.26,80.95,88.43
"13344",195,2017,81.6,83.74,81.19,86.58,79.66,84.74
"13345",196,2017,80.04,84.43,81.08,84.14,83.79,88.52
"13346",197,2017,78.91,79.32,80.69,79.58,85.01,83.3
"13347",198,2017,90.23,85.4,85.04,89.15,85.58,79.13
"13348",199,2017,96.57,94.2,93.42,96.98,89.47,91.57
"13349",200,2017,89.71,87.08,84.88,89.76,80.38,85.08
"13350",201,2017,77.76,76.6,77.37,76.5,76.45,75.13
"13351",202,2017,83.53,87.4,86.07,86.55,85.86,87.34
"13352",203,2017,87.34,88.33,86.88,87.66,80.49,87.87
"13353",204,2017,90.44,91.41,91.55,86.76,89.5,92.38
"13354",205,2017,93.12,93.7,91.64,93.29,90.27,93.27
"13355",206,2017,91.05,90.79,91.22,89.9,89.37,90.52
"13356",207,2017,89.71,90.26,89.8,89.56,88.98,89.16
"13357",208,2017,95.98,95.1,95.19,96.92,94.03,93.92
"13358",209,2017,95.58,93.93,93.9,94.66,91.05,92.53
"13359",210,2017,95.04,95.09,95.71,92.58,93.17,94.04
"13360",211,2017,86.31,89,86.86,89.55,88.56,90.58
"13361",212,2017,90.97,89.1,88.72,92.49,87.35,88.82
"13362",213,2017,92.77,94.32,91.44,95.07,92.61,97.65
"13363",214,2017,82.69,84.56,82.86,83.1,83.02,85.4
"13364",215,2017,82.07,83.18,82.87,82.25,83.46,83.7
"13365",216,2017,86.53,85.72,86.45,85.44,86.57,83.45
"13366",217,2017,88.03,87.4,87.27,88.7,87.35,87.19
"13367",218,2017,90.22,90.88,90.17,91.51,91.09,90.63
"13368",219,2017,87.01,87.55,88.6,88.27,88.03,87.39
"13369",220,2017,85.93,88.31,87.28,87.68,88.94,89.49
"13370",221,2017,85.75,88.11,87.49,86.65,89.26,90.14
"13371",222,2017,86.31,89.35,89.2,85,95.08,93.01
"13372",223,2017,83.69,84,83.54,86.69,86.92,84.49
"13373",224,2017,83.6,83.88,82.46,85.42,86.08,84.12
"13374",225,2017,84.05,84.87,84.68,82.4,86.55,84.85
"13375",226,2017,78.98,81.63,80.59,79.52,85.68,84.4
"13376",227,2017,87.47,91.5,90.79,90.83,92.23,92.15
"13377",228,2017,87.57,88,86.4,89.99,86.82,89.43
"13378",229,2017,85.82,86.82,84.77,87.65,84.84,87.62
"13379",230,2017,86.36,88.61,89.2,86.39,89.97,92.74
"13380",231,2017,90.63,90.86,91.86,90.27,90.26,91.95
"13381",232,2017,86.98,88.37,87.04,88.42,86.46,86.65
"13382",233,2017,86.78,85.83,87.52,86.16,89.23,84.96
"13383",234,2017,90.2,91.6,92.02,88.02,93.13,92.34
"13384",235,2017,85.58,86.43,86.14,84.17,87.79,88.28
"13385",236,2017,87.53,88.69,86.61,88.68,88.32,88.16
"13386",237,2017,86.21,87.04,88.42,86.13,92.65,89.37
"13387",238,2017,85.09,85.06,84.88,83.81,85.94,86.29
"13388",239,2017,93.55,93.31,93.24,91.74,91.77,92.49
"13389",240,2017,88.12,88.83,88.6,88.28,90.14,90.17
"13390",241,2017,94.4,94.19,93.26,94.42,94.47,95.71
"13391",242,2017,90.7,89.14,90.36,89.99,91.9,89.57
"13392",243,2017,85.9,85.79,86.86,84.16,88.5,86.63
"13393",244,2017,85.73,86.1,87.55,83.19,88.05,89.81
"13394",245,2017,84.98,86.72,84.86,85.16,85.55,88.7
"13395",246,2017,84.51,85.88,86.1,84.18,87.39,87.96
"13396",247,2017,83.37,84.66,84.24,83.36,85.24,85.75
"13397",248,2017,88.39,90.77,89.02,90.64,87.4,89.43
"13398",249,2017,85.1,86.22,85.48,87.86,84.61,87.26
"13399",250,2017,84.94,87.41,86.54,86.45,88.12,90.28
"13400",251,2017,90.61,88.52,90.98,90.5,91.25,87.62
"13401",252,2017,89.55,86.6,89.02,88.65,86.89,83.29
"13402",253,2017,88.95,87.61,87.47,89.39,86.68,86.72
"13403",254,2017,85.68,84.72,85.02,85.59,89.17,83.39
"13404",255,2017,90.21,90,88.27,89.73,86.06,89.11
"13405",256,2017,91.33,90.65,88.94,92.17,88.1,89.33
"13406",257,2017,88.21,87.48,87.65,86.86,86.38,87.53
"13407",258,2017,88.49,87.72,88.23,86.14,87.2,87.71
"13408",259,2017,92.66,93.34,92.51,93.49,91.51,93.36
"13409",260,2017,94.46,95.15,95.98,93.48,97.27,96.46
"13410",261,2017,90.04,90.51,91.59,89.26,93.94,92.45
"13411",262,2017,88.47,88.69,87.4,88.33,86.7,88.54
"13412",263,2017,89.94,90.14,89.25,90.76,86.59,88.53
"13413",264,2017,89.57,91.51,90.86,89.93,87.45,91.81
"13414",265,2017,86.28,88.74,89.36,87.6,91.87,91.52
"13415",266,2017,93.33,92.73,93.89,92.39,92.25,92.76
"13416",267,2017,95.26,94.83,95.37,94.15,93.91,93.46
"13417",268,2017,90.98,88.65,91.62,87.66,90.28,87.3
"13418",269,2017,85.75,86.16,85.97,85.78,85.76,87.47
"13419",270,2017,88.86,87.16,88.85,88.35,89.38,87.25
"13420",271,2017,91.04,90.23,90.45,89.69,89.64,90.61
"13421",272,2017,93.84,93.13,93.97,93.84,93.11,95.05
"13422",273,2017,87.01,87.5,87.82,87.78,86.92,87.67
"13423",274,2017,88.59,88.88,89.87,89.26,90.79,88.86
"13424",275,2017,86.1,85.71,86.97,85.58,84.17,85.85
"13425",276,2017,89.72,90.49,91.66,87.84,88.02,91.03
"13426",277,2017,93.99,94.58,92.2,95.53,90.29,94.3
"13427",278,2017,91.71,92.17,91.98,92.23,91.1,92.16
"13428",279,2017,87.69,88.24,88.95,90.11,89.73,89.79
"13429",280,2017,90.77,91.63,89.3,93.86,88.33,92.75
"13430",281,2017,84.06,83.04,81.44,86.16,82.87,83.04
"13431",282,2017,83.92,84.27,83.29,85.84,83.83,84.3
"13432",283,2017,90.76,90.74,90.25,90.64,88.33,89.27
"13433",284,2017,94.04,93.74,92.73,93.17,86.11,92.14
"13434",285,2017,88.75,90.2,89.76,90.01,91.45,89.47
"13435",286,2017,90.88,91.19,91.51,92.95,93.89,92.8
"13436",287,2017,88.42,88.08,88.2,89.27,87.2,88.04
"13437",288,2017,96.71,95.48,96.38,96.13,95.5,93.84
"13438",289,2017,88.73,88.99,90.88,89.09,92.64,89.26
"13439",290,2017,86.1,85.99,86.81,85.15,87.48,85.53
"13440",291,2017,88.04,88.99,89.71,87.32,91.19,89.65
"13441",292,2017,87.51,87.78,86.37,87.4,86.6,89.9
"13442",293,2017,87.4,88.98,89.05,88.6,88.77,87.21
"13443",294,2017,93.47,93.23,93.11,93.65,90.76,92.59
"13444",295,2017,91.03,92.11,92.9,89.88,91.25,91.79
"13445",296,2017,93.27,92.02,93.04,91.47,92.96,91.63
"13446",297,2017,90.88,91.97,94.02,91.21,92.4,93.1
"13447",298,2017,89.14,90.22,90.43,87.83,88.73,89.19
"13448",299,2017,86.44,86.78,86.46,86.25,87.93,88.39
"13449",300,2017,88.31,87.64,86.18,88.68,84.87,86.91
"13450",301,2017,91.79,93.65,93.27,91.32,93.34,93.51
"13451",302,2017,89.94,90.96,88.96,91.92,91.56,92.52
"13452",303,2017,90.84,88.78,89.05,90.57,86.44,87.65
"13453",304,2017,86.21,87.91,85.02,89.74,84.29,87.14
"13454",305,2017,88.92,87.42,86.73,88.76,87.15,84.23
"13455",306,2017,93.39,91.43,92.25,93.11,87.61,88.19
"13456",307,2017,92.65,94.48,92.7,93.45,91.38,94.74
"13457",308,2017,87.93,86.81,86.21,88.85,86.23,88.12
"13458",309,2017,89.48,91.34,91.3,90.77,93.66,93.82
"13459",310,2017,91.48,90.43,90.1,92.69,91.13,91.37
"13460",311,2017,90.36,88.3,89.48,90.47,89.79,89.08
"13461",312,2017,89.07,89.15,90.64,87.26,89.64,90.14
"13462",313,2017,89.77,87.58,87.2,88.69,84.71,85.54
"13463",314,2017,92.26,93.01,94.43,90.66,92.34,93.46
"13464",315,2017,93.26,92.84,91.54,92.98,90.98,91.8
"13465",316,2017,92.92,92.55,92.42,93.01,92.14,92.33
"13466",317,2017,90.08,91.1,91.12,91.06,93.86,91.61
"13467",318,2017,95.53,94.77,95.54,95.23,95.1,94.45
"13468",319,2017,89.59,88.58,89.91,87.45,88.29,88.12
"13469",320,2017,86.37,85.88,87.29,84.34,88.19,85.77
"13470",321,2017,87.87,89.22,89.27,88.12,90.24,89.11
"13471",322,2017,89.49,85.11,87.96,85.32,90.01,84.66
"13472",323,2017,88.03,84.68,85.5,85.94,86.37,83.03
"13473",324,2017,92.01,91.81,92.84,91.79,88.23,91.51
"13474",325,2017,90.72,89.88,90.54,89.85,88.55,89.03
"13475",326,2017,87.17,90.5,90.18,86.51,93.79,93.68
"13476",327,2017,87.43,85.28,87.95,88.07,87.89,85.53
"13477",328,2017,92.53,94.57,94.12,94.49,94.73,95.76
"13478",329,2017,93.28,92.52,91.95,93.08,88.09,90.3
"13479",330,2017,88.19,88.92,88.91,87.7,90.85,88.57
"13480",331,2017,89.87,90.87,92.34,88.28,89.3,91.36
"13481",332,2017,88.81,90.07,91.87,87.11,93.07,90.69
"13482",333,2017,92.22,94.9,94.31,91.83,92.42,94.9
"13483",334,2017,89.07,88.97,89.86,87.51,86.36,88.53
"13484",335,2017,86.1,86.23,86.55,85.61,86.28,86.63
"13485",336,2017,85.94,91.6,90.26,86.98,91.77,93.18
"13486",337,2017,91.3,93.95,92.36,92.48,91.67,94.33
"13487",338,2017,89.16,89.22,87.71,90.43,91.7,88.41
"13488",339,2017,86.57,85.5,87.85,84.65,90.76,84.75
"13489",340,2017,84.64,87.11,89.04,84.18,91.33,87.52
"13490",341,2017,91.22,94.72,92.95,91.85,93.2,95.47
"13491",342,2017,88.03,88.15,88.6,89.57,89.1,88.6
"13492",343,2017,84.66,84.81,86.59,85.58,89.88,85.23
"13493",344,2017,80.81,85.6,85.49,81.48,90.39,88.01
"13494",345,2017,74.39,77.69,77.11,75.07,80.96,78.7
"13495",346,2017,82.08,86.98,85.28,81.44,86.46,86.53
"13496",347,2017,83.7,87.41,86.06,83.94,90.58,86.25
"13497",348,2017,80.18,84.44,81.75,82.12,86.05,85.49
"13498",349,2017,84.44,88.89,83.78,88.1,84.36,90.53
"13499",350,2017,80.5,82.69,83.75,78.6,86.39,86.23
"13500",351,2017,72.58,75.9,78.04,71.43,86.92,78.82
"13501",352,2017,70.33,76.64,75.76,70.78,87.04,78.69
"13502",353,2017,69.35,74.79,76.86,69.12,90.04,79.07
"13503",354,2017,69.97,78.79,82.85,69.64,95.08,85.75
"13504",355,2017,82.02,93,92.4,80.84,98.44,96.96
"13505",356,2017,87.53,92.73,91.23,87.22,92.27,93.47
"13506",357,2017,84.39,89.11,89.31,86.34,91.09,88.89
"13507",358,2017,91.22,93.88,93.49,90.55,93.7,93.57
"13508",359,2017,78.79,86.82,85.38,78.57,91.09,91.12
"13509",360,2017,74.96,85.27,86.29,74.04,94.54,91.02
"13510",361,2017,83.76,89.03,89.3,82.7,94.72,90.59
"13511",362,2017,94.33,94,95.41,92.6,95.27,94.55
"13512",363,2017,91.6,91.7,91.93,92.23,91.42,92.06
"13513",364,2017,92.42,90.3,89.18,92.32,87.88,90.55
"13514",365,2017,89.31,89.85,88.14,89.73,87.2,89.02
"13515",1,2018,93.3,93.17,93.09,93.23,94.29,92.5
"13516",2,2018,90.93,91.64,91.46,92.01,91.57,92.98
"13517",3,2018,87.95,88.5,86.2,88.98,86.3,88.23
"13518",4,2018,85.67,85.94,85.23,86.98,86.07,86.79
"13519",5,2018,87.97,86.05,88.3,88,90.76,88.11
"13520",6,2018,87.92,91.12,90,89.63,89.22,91.48
"13521",7,2018,85.38,85.31,83.81,87.07,86.21,86.01
"13522",8,2018,88.91,90.86,89.16,89.41,91.77,90.91
"13523",9,2018,94.59,95.48,93.54,94.28,92.51,94.8
"13524",10,2018,90.93,92.21,92.44,90.73,95.89,92.91
"13525",11,2018,90.2,92.85,93.06,90.24,89.54,94.16
"13526",12,2018,92.06,91.97,91.83,93.2,92.87,93.3
"13527",13,2018,89.37,88.74,88.26,90.41,87.03,88.18
"13528",14,2018,86.41,86.76,85.76,88.77,91.49,87.65
"13529",15,2018,92.26,93.67,92.92,91.77,93.82,92.4
"13530",16,2018,96.06,96.06,97.38,95.46,95.29,96.23
"13531",17,2018,96.96,96.35,96.57,96.04,95.86,95.83
"13532",18,2018,94.71,93.45,94.05,94.68,94.47,93.31
"13533",19,2018,92.7,93.21,93.5,93.53,95.23,94.99
"13534",20,2018,92.17,91.98,92.56,93.98,91.73,91.78
"13535",21,2018,91.12,90.7,93,89.49,94.13,90.13
"13536",22,2018,88.47,88.06,90.09,86.69,92.74,89.7
"13537",23,2018,86.92,87.76,87.83,85.38,91.72,88.13
"13538",24,2018,93.02,93.1,95.25,90.42,97.01,94.02
"13539",25,2018,88.81,89.76,88.42,90.8,89.85,89.87
"13540",26,2018,87.29,88.78,88.32,89.05,92.5,89.96
"13541",27,2018,90.07,92.79,93.75,88.97,95.42,92.23
"13542",28,2018,84.11,87.39,86.57,82.68,87.24,88.77
"13543",29,2018,80.74,86.57,85.63,79.12,87.01,87.52
"13544",30,2018,80.31,85.3,84.07,78.85,86.43,85.15
"13545",31,2018,85.88,87.94,88.08,85.38,89.76,88.14
"13546",32,2018,84.95,87.85,89.77,82.25,92.12,84.84
"13547",33,2018,76.78,84.75,86.01,74.92,91.17,87.67
"13548",34,2018,73.91,80.79,83.78,71.45,90.82,87.02
"13549",35,2018,72.3,76.37,79.86,70.16,86.59,80.27
"13550",36,2018,69.36,72.27,74.96,66.34,86.73,73.81
"13551",37,2018,63.36,69.36,70.92,63.83,84.53,70.99
"13552",38,2018,65.21,72.67,71.27,65.11,82.75,73.06
"13553",39,2018,65.92,69.95,69.23,65.89,76.41,70.79
"13554",40,2018,65.78,67.57,67.32,66.02,72.16,67.78
"13555",41,2018,66.8,72.54,72.26,66.58,80.33,78.03
"13556",42,2018,75.88,86.21,83.09,73.14,90.21,89.36
"13557",43,2018,87.21,91.97,91.01,84.44,92.92,93.04
"13558",44,2018,87.21,95.15,93.05,85.7,97.74,95.44
"13559",45,2018,86.23,91.91,89.98,84.88,91.28,91.19
"13560",46,2018,86.35,86.29,87.82,80.41,90.39,89.25
"13561",47,2018,80.36,85.69,85.74,79.32,88.63,88.81
"13562",48,2018,94.93,96.06,95.37,94.19,91.67,96.99
"13563",49,2018,91.1,93.4,93.86,89.51,94.49,95.77
"13564",50,2018,78.32,82.35,81.71,76.48,86.33,86.17
"13565",51,2018,68.07,73.09,73.11,64.31,85.45,77.65
"13566",52,2018,65.32,68.96,70.19,61.55,79.86,73.64
"13567",53,2018,63.12,68.45,68.16,60.76,80.92,73.58
"13568",54,2018,61.9,68.53,68.39,59.25,82.76,75.36
"13569",55,2018,65.82,73.65,74.31,63.53,83.5,79.72
"13570",56,2018,70.18,78.24,78.01,67.3,83.16,82.56
"13571",57,2018,79.63,80.66,83.81,69.61,87.14,81.15
"13572",58,2018,79.94,84.75,85.28,73.17,87.62,85.49
"13573",59,2018,80.42,83.7,86.66,75.02,88.26,86.93
"13574",60,2018,90.79,88.43,93.4,83.52,90.84,87.99
"13575",61,2018,95.34,95.4,95.51,93.7,92.84,95.69
"13576",62,2018,90.22,91.81,92.11,88.32,93.76,93.52
"13577",63,2018,90.9,91.88,90.77,86.87,90.05,91.34
"13578",64,2018,87.9,89.29,87.76,87.63,85.33,90.22
"13579",65,2018,89.93,92.49,92.67,89.87,95.44,94.17
"13580",66,2018,91.6,93.84,93.97,90.73,93.49,93.93
"13581",67,2018,89.52,89.65,89.62,89.89,88.96,90.67
"13582",68,2018,83.59,84.47,86.03,83.27,90.07,85.57
"13583",69,2018,80.83,81.45,81.86,78.94,88.13,81.07
"13584",70,2018,83.46,84.29,87.34,78.38,86.38,83.13
"13585",71,2018,77.44,80.66,82.43,75.19,82.19,82.61
"13586",72,2018,75,78.53,81.31,71.91,83.64,79.79
"13587",73,2018,75.16,79.96,80.63,73.48,80.88,80.95
"13588",74,2018,80.59,84.43,84.41,76.56,81.98,84.96
"13589",75,2018,89.5,87.9,88.83,86.76,81.75,85
"13590",76,2018,82.63,84.54,86.52,81.49,87.34,86.88
"13591",77,2018,91.77,92.5,93.44,90.33,92.26,91.99
"13592",78,2018,86.56,87.16,87.1,83.88,86.99,88.02
"13593",79,2018,92.13,91.12,93.89,86.21,94.84,91.83
"13594",80,2018,90.44,90.67,90.93,87.82,93.06,91.21
"13595",81,2018,90.88,92.42,90.55,92.07,89.76,92.62
"13596",82,2018,93.37,89.29,90.46,94.03,91.8,88.1
"13597",83,2018,90.3,89.55,88.18,90.66,89.21,88.06
"13598",84,2018,85.73,86.94,85.64,86.18,89.47,87.57
"13599",85,2018,92.62,92.48,93.3,91.18,94.03,92.3
"13600",86,2018,91.36,91.75,91.55,90.22,93.81,92.89
"13601",87,2018,92.87,95.77,93.77,96.43,95.56,95.46
"13602",88,2018,92.04,92.93,92,93.64,93.3,92.38
"13603",89,2018,88.95,88.14,91.28,87.07,95.36,87.4
"13604",90,2018,95.74,94.77,94.44,92.83,90.64,94.47
"13605",91,2018,91,89.73,89.45,91.43,87.56,88.85
"13606",92,2018,91.71,88.97,90,92.29,88.73,89
"13607",93,2018,93.25,91.8,92.75,93.31,92.15,92.53
"13608",94,2018,92.8,91.17,92.33,91.53,93.36,93.53
"13609",95,2018,92.72,95.11,93.01,93.08,94.57,96.59
"13610",96,2018,94.26,91.77,90.39,93.14,86.26,89.21
"13611",97,2018,88.58,89.38,89.03,89.41,89.3,88.21
"13612",98,2018,92.51,94.06,93.79,89.88,92.17,96.54
"13613",99,2018,90.31,90.45,91.01,86.59,87.96,91.62
"13614",100,2018,90.35,91.18,87.52,91.61,83.51,92.11
"13615",101,2018,88.15,89.4,89.9,86.25,89.08,89.23
"13616",102,2018,82.66,85.08,84.63,83.16,90.97,86.49
"13617",103,2018,87.94,87.39,90.18,84.93,88.13,88.74
"13618",104,2018,96.46,95.78,95.66,95.95,97.32,94.22
"13619",105,2018,89.04,91.72,89.26,89.93,89.06,93.21
"13620",106,2018,85.94,87.14,85.68,87.1,88,90.01
"13621",107,2018,95.04,93.96,95.29,94.52,94.97,95.44
"13622",108,2018,90.1,91.56,90.31,93.29,89.74,92.67
"13623",109,2018,93.26,92.27,92.75,92.84,91.68,91.74
"13624",110,2018,89.36,88.63,90.56,86.16,92,90.68
"13625",111,2018,93.88,94.62,94.1,92.87,94.67,95.43
"13626",112,2018,95.3,95.54,93.8,97.19,94.93,95.09
"13627",113,2018,87.35,90.03,87.58,87.63,89.31,91.18
"13628",114,2018,89.82,92.72,93.67,89.87,97.17,93.45
"13629",115,2018,94.47,93.21,90.6,94.78,93.21,92.64
"13630",116,2018,88.03,90.8,87.25,91.41,89.32,90.44
"13631",117,2018,93.71,96.46,93.48,95.92,94.1,94.86
"13632",118,2018,86.62,86.74,87.38,87.88,90.22,85.03
"13633",119,2018,89.43,89.64,91.97,91.14,92.25,91.44
"13634",120,2018,89.82,93.91,92.61,90.11,96.15,95.97
"13635",121,2018,89.19,91.09,91.6,91.61,91.88,91.82
"13636",122,2018,94.12,94.22,91.38,95.36,88.05,93.04
"13637",123,2018,92.03,92.6,90.67,90.76,89.02,91.43
"13638",124,2018,91.03,89.28,88.89,90.22,90.45,91.62
"13639",125,2018,92.56,94.76,96.09,90.36,97.27,95.27
"13640",126,2018,96.08,97.1,96.01,95.53,95.67,97.41
"13641",127,2018,92.85,93.7,92.63,93.94,94.85,93.77
"13642",128,2018,95.42,95.3,94.32,96.65,92.82,91.16
"13643",129,2018,93.18,91.16,88.02,94.29,86.24,88.09
"13644",130,2018,96.05,93.41,93.79,97.35,93.49,91.88
"13645",131,2018,88.9,87.91,86.17,91.99,84.87,86.28
"13646",132,2018,91.86,91.87,93.01,92.73,92.59,92.92
"13647",133,2018,92.72,90.69,91.28,91.09,92.87,91.14
"13648",134,2018,91.38,94.8,92.17,92.44,95.88,97.27
"13649",135,2018,90.51,93.13,89.45,94.5,90.31,93.62
"13650",136,2018,84.96,84.47,85.98,85.56,89.54,83.28
"13651",137,2018,91.89,91.19,91.28,91.15,91.6,89.69
"13652",138,2018,91.31,94.09,91.75,92.25,93.43,96.07
"13653",139,2018,87.37,84.98,86.79,87.26,85.16,83.7
"13654",140,2018,93.15,93.8,92.44,93.53,95.66,93.04
"13655",141,2018,92.36,93.16,91.5,93.93,94.63,92.23
"13656",142,2018,89.79,90.17,89.98,90.19,91.37,88.76
"13657",143,2018,95.36,94.5,95.99,95.22,97.62,95.76
"13658",144,2018,95.31,92.45,93.16,93.07,92.28,93.07
"13659",145,2018,94,93.71,94.33,94.19,93.73,94.98
"13660",146,2018,97.74,96.74,97.97,97.34,97.83,96.55
"13661",147,2018,92.06,90.4,90.14,90.6,91.62,90.9
"13662",148,2018,97.57,94.72,95.2,96.26,94.67,93.74
"13663",149,2018,86.2,90.23,89.07,85.59,90.39,93.57
"13664",150,2018,89.74,88.66,89.91,87.53,88.27,87.74
"13665",151,2018,95.79,94.42,92.89,94.71,93,91.18
"13666",152,2018,90.89,89.6,90.57,92.04,89.83,89.32
"13667",153,2018,86.42,89.23,89.23,87.96,94.09,92.03
"13668",154,2018,92.02,90.75,90.55,93.31,92.78,88.67
"13669",155,2018,98.68,97.05,98.48,98.02,98.52,96.84
"13670",156,2018,94.45,93.84,94.1,94.58,91.71,92.96
"13671",157,2018,88.38,87.01,87.02,89.41,84.37,85.91
"13672",158,2018,88.49,87.54,88.38,87.32,85.96,88.75
"13673",159,2018,93.81,94.2,93.9,94.1,93.25,95.54
"13674",160,2018,96.44,94.56,94.45,94.93,91.38,94.71
"13675",161,2018,96.71,96.95,97.65,96.13,96.38,97.47
"13676",162,2018,91.53,89.78,90.79,90.69,89.78,88.32
"13677",163,2018,88.03,87.33,87.6,87.35,87.16,89.28
"13678",164,2018,91.69,90.19,88.1,94,86.04,88.72
"13679",165,2018,90.2,88.47,88.91,90.24,88.4,89.84
"13680",166,2018,97.05,94.59,94.65,96.23,94.28,93.98
"13681",167,2018,96.81,96.37,96.13,95.53,93.59,95.65
"13682",168,2018,93.2,94.85,91.02,94.71,89.15,95.58
"13683",169,2018,89.76,90.2,88.72,90.94,84.48,88.15
"13684",170,2018,92.7,91.44,92.12,91.42,90.42,91.77
"13685",171,2018,92.97,93.07,91.01,95.12,89.96,92.17
"13686",172,2018,95.91,96.71,95.66,94.56,95.77,96.92
"13687",173,2018,90.17,91.09,90.45,90.82,91.36,92.94
"13688",174,2018,93.65,93.47,92.49,93.21,91.96,94.29
"13689",175,2018,92.89,88.06,88.93,89.5,88.38,86.1
"13690",176,2018,88.67,88.76,89.94,89.04,89.24,89.69
"13691",177,2018,95.95,94.56,93.92,95.02,91.67,93.8
"13692",178,2018,92.27,91.54,92.25,93.22,94.02,91.15
"13693",179,2018,93.09,92.17,92.66,94.17,95.31,93.14
"13694",180,2018,94.94,93.55,95.32,90.53,91.36,94.53
"13695",181,2018,95.49,95.81,95.5,95.71,96.27,96.66
"13696",182,2018,92.66,92.86,92.97,91.68,92.38,93.87
"13697",183,2018,87.74,87.91,88.05,86.59,86.22,87.86
"13698",184,2018,92.13,90.33,88.24,92.11,86.6,90.03
"13699",185,2018,91.99,91.51,88.64,90.43,85.77,90.51
"13700",186,2018,85.28,85.44,85.51,86.11,87.47,85.65
"13701",187,2018,92.47,90.9,89.47,95.05,88.85,91.94
"13702",188,2018,91.94,91.17,91.57,89.99,90.19,92.53
"13703",189,2018,92.93,92.54,92.66,92.27,91.62,94.27
"13704",190,2018,92.2,91.36,90.53,91.8,91.17,92.12
"13705",191,2018,94.43,94.03,94.02,94.33,95.39,92.79
"13706",192,2018,97.64,97.16,97.55,95.49,93.4,97.26
"13707",193,2018,90.23,90.27,89.78,90.41,86.45,89.61
"13708",194,2018,90.99,90.1,87.99,91.16,85.91,91.08
"13709",195,2018,88.69,87.02,86.53,88.55,86.58,86.86
"13710",196,2018,87,85.6,85.62,85.86,85.39,83.94
"13711",197,2018,91.03,92.13,91.69,91.12,92.39,91.35
"13712",198,2018,97.91,97.9,97.94,95.68,97.33,99.02
"13713",199,2018,95.14,95.99,91.04,97.22,90.05,94.87
"13714",200,2018,88.92,87.44,88.57,88.46,90.79,85.41
"13715",201,2018,96.44,96.62,97.01,94.97,97.16,95.85
"13716",202,2018,99.65,99.26,99.02,99.3,98.04,98.33
"13717",203,2018,95.66,94.84,96.57,92.66,95.57,93.82
"13718",204,2018,91.32,89.25,91.75,87.22,89.34,89.45
"13719",205,2018,93.86,94.24,93.93,93.44,92.5,94.99
"13720",206,2018,91.49,92.95,92.71,93.48,93.26,94.38
"13721",207,2018,90.1,90.39,88.63,91.67,90.02,90.93
"13722",208,2018,95.77,95.11,94.86,96.4,94.72,94.31
"13723",209,2018,94.33,93.88,93.24,94.14,92.07,93.06
"13724",210,2018,90.66,91.97,92.34,89.49,92.76,92.4
"13725",211,2018,87.44,92.04,89.03,89.94,93.79,94.03
"13726",212,2018,95.13,93.94,94.1,96.09,93.11,94.01
"13727",213,2018,91.89,93.01,92.93,90.87,92.64,92.93
"13728",214,2018,90.18,91.05,89.88,88.9,89.51,90.87
"13729",215,2018,92.14,92.06,89.47,91.98,89.06,90.44
"13730",216,2018,97.22,96.06,95.48,96.77,94.37,96.01
"13731",217,2018,86.15,85.91,85.61,86.89,85.58,86.76
"13732",218,2018,89.37,89.53,90.85,88.51,90.41,89.56
"13733",219,2018,95.53,95.07,94.81,94.33,92.8,94.24
"13734",220,2018,91.2,89.46,90.11,91.21,90.99,88.99
"13735",221,2018,92.31,92.45,94.96,91.31,94.72,91.74
"13736",222,2018,87.95,87.75,88.4,86.63,86.72,87.8
"13737",223,2018,87.46,87.22,87.45,85.64,91.07,86.89
"13738",224,2018,92.89,92.66,92.18,93.22,92.02,92.23
"13739",225,2018,89.61,89.18,89,90.16,90.8,91.42
"13740",226,2018,88.52,86.83,88.97,84.46,90.77,88.22
"13741",227,2018,86.75,85.92,86.79,84.68,86.39,86.15
"13742",228,2018,89.34,89.46,90.27,87.66,89.76,91.86
"13743",229,2018,92.64,92.12,92.3,91.81,91.94,91.77
"13744",230,2018,87.15,85.36,86.72,86.46,87.63,85.86
"13745",231,2018,87.83,89.25,87.6,88.87,88.92,91.53
"13746",232,2018,91.92,92.02,93.78,89.49,94.53,93.96
"13747",233,2018,89.34,89.57,91.78,87.04,91.63,90.41
"13748",234,2018,89.36,89.01,88.69,90.71,88.47,90.38
"13749",235,2018,91.61,91.78,90.17,92.54,87.66,92.63
"13750",236,2018,86.07,85.36,85.79,85.13,86.27,84.88
"13751",237,2018,88.5,87.79,88.1,88.42,89.93,87.36
"13752",238,2018,94.58,95.06,94.06,95.81,92.78,94.61
"13753",239,2018,94.91,94.67,96.14,94.86,97.97,94.94
"13754",240,2018,95.8,95.89,95.09,97.05,93.4,96.36
"13755",241,2018,94.19,93.91,93.47,93.29,92.76,93.87
"13756",242,2018,91.14,93.07,91.24,89.11,91.49,94.46
"13757",243,2018,87.85,88.97,87.28,88.17,86.97,88.42
"13758",244,2018,83.14,83.02,85.21,81.89,87.92,83.67
"13759",245,2018,85.97,86.41,87.19,84.62,88.8,90.17
"13760",246,2018,93.21,93.04,93.87,91.82,93.14,93.85
"13761",247,2018,90.62,90.72,91.46,90.63,92.39,91.08
"13762",248,2018,90.19,89.97,89.48,90.12,91.06,91.44
"13763",249,2018,89.79,90.31,88.11,92.51,87.66,90.57
"13764",250,2018,91.87,91.99,89.82,91.53,84.63,90.58
"13765",251,2018,85.4,85.67,87.47,84.51,86.28,87.67
"13766",252,2018,84.58,84.4,85.78,83.72,85.96,83.91
"13767",253,2018,83.92,86.76,87.12,85.66,91.77,88.03
"13768",254,2018,86.59,85.32,85.32,88.78,86.67,85.75
"13769",255,2018,85.96,88.79,85.77,89.38,88.02,90.26
"13770",256,2018,90.79,91.33,89.55,93.07,90.92,89.72
"13771",257,2018,93.59,93.55,92.96,92.71,89.23,92.73
"13772",258,2018,95.45,90.42,93.04,93.19,94.64,90.01
"13773",259,2018,85.07,83.61,83.43,85.22,85.24,84.67
"13774",260,2018,85.34,88.92,86.63,89.29,87.22,91.21
"13775",261,2018,88.04,87.63,86.02,88.49,84.3,88.12
"13776",262,2018,88.98,86.46,85.63,90.43,86.06,87.48
"13777",263,2018,85.21,85.52,85.97,85.92,89.23,86.13
"13778",264,2018,93.07,92.8,93.39,90.72,93.93,92.31
"13779",265,2018,88.35,87.61,88.24,88.05,88.2,86.7
"13780",266,2018,87.37,86.46,86.8,87.63,87.14,86.8
"13781",267,2018,85.49,85.51,84.78,85.9,86.55,86.49
"13782",268,2018,86.59,86.73,86.42,86.48,88.17,86.64
"13783",269,2018,90.13,89.17,88.36,91.55,87.12,87.83
"13784",270,2018,86.89,88.73,88.04,87.4,89.19,92.93
"13785",271,2018,88.29,87.62,88.09,87.77,87.78,86.76
"13786",272,2018,88.04,88.73,89.13,87.74,90.19,89.96
"13787",273,2018,91.19,91.36,91.38,92.2,89.56,91.22
"13788",274,2018,90.56,91.11,90.12,92.61,91.73,91.26
"13789",275,2018,85.19,85.59,84.82,86.31,86.4,87.71
"13790",276,2018,89.5,86.92,87.48,85.71,88.5,87.26
"13791",277,2018,91.53,90.24,90.16,90.76,90.14,91.05
"13792",278,2018,92.08,91.19,92.46,90.24,92.07,90.78
"13793",279,2018,91.99,93.06,92.19,93.91,90.33,91.66
"13794",280,2018,89.37,87.89,90.11,87.63,87.98,85.32
"13795",281,2018,91.03,90.01,88.77,90.48,87.6,87.56
"13796",282,2018,88.77,89.45,90,88.37,91.58,90.36
"13797",283,2018,93.72,94.01,94.37,94.66,95.08,95.62
"13798",284,2018,90.56,91.88,90.45,94.35,92.59,91.26
"13799",285,2018,90.75,90.51,89.7,91.6,92.06,91.08
"13800",286,2018,93.14,89.2,89.54,93.07,88.28,89.7
"13801",287,2018,91.59,92.95,93.05,91.35,90.64,93.75
"13802",288,2018,92.8,91.85,93.02,92.53,92.22,91.56
"13803",289,2018,87.26,85.65,86.4,86.03,84.95,84.89
"13804",290,2018,83.96,83.22,83.11,85.31,83.33,83.76
"13805",291,2018,90.85,90.66,90.59,90.34,91.08,90.27
"13806",292,2018,91.68,92.57,91.39,92.11,91.62,93.83
"13807",293,2018,87.21,85.32,85.57,87.54,84.9,84.93
"13808",294,2018,94.15,92.86,92.58,95.39,92.98,92.65
"13809",295,2018,88.86,88.53,87.92,90.37,87.06,88.44
"13810",296,2018,91.15,89.3,92.07,89.08,93.9,86.85
"13811",297,2018,94.04,94.88,94.56,94.54,94.35,94.64
"13812",298,2018,92.87,92.2,90.95,93.29,91.16,93.29
"13813",299,2018,94.05,91.09,93.49,93.61,94.86,87.99
"13814",300,2018,91.5,89.91,90.19,91.49,87.54,86.4
"13815",301,2018,92.14,94,92.33,92.6,91.28,92.86
"13816",302,2018,90.18,88.66,90.15,89.4,89.87,87.84
"13817",303,2018,89.79,87.46,89.34,89.56,87.85,87.32
"13818",304,2018,92.6,91.42,91.88,91.57,89.7,91.18
"13819",305,2018,89.34,89.42,90.56,89.71,90.9,89.39
"13820",306,2018,89.6,89.95,90.38,89.14,90.35,89.85
"13821",307,2018,88.76,89.87,87.9,89.16,86.78,89.59
"13822",308,2018,88.55,89.54,87.74,89.02,88.53,87.77
"13823",309,2018,92.24,92.74,92.08,90.26,89.63,91.15
"13824",310,2018,91.6,91.59,90.9,91.36,89.52,92.27
"13825",311,2018,92.27,90.7,92.3,90.54,88.25,89.96
"13826",312,2018,92.53,91.76,90.31,93.24,84.17,91.97
"13827",313,2018,95.78,95.64,95.22,95.67,94.54,95.24
"13828",314,2018,93.67,93.9,91.93,93.46,93.85,94.6
"13829",315,2018,88.15,86.4,86.69,86.85,85.43,86.4
"13830",316,2018,88.74,90.33,88.1,89.14,85.22,88.69
"13831",317,2018,84.52,84.54,84.52,83.94,82.98,84.18
"13832",318,2018,85.09,87.23,89,84.64,93.76,90.42
"13833",319,2018,90.15,93.03,90.74,89.79,90.06,94.11
"13834",320,2018,91.27,91.35,91.37,92.08,90.59,93.07
"13835",321,2018,95.85,93.91,94.73,94.81,95.31,93.25
"13836",322,2018,88.01,88.49,88.04,90.57,90.46,88.25
"13837",323,2018,95.01,94.14,96.06,92.07,96.92,94.53
"13838",324,2018,96.98,95.43,96.48,94.73,92.84,93.91
"13839",325,2018,96.4,96.84,96.78,96.14,95.79,97.3
"13840",326,2018,93.3,93.32,92.81,93,94.53,95.18
"13841",327,2018,92.88,91.82,91.45,93.42,88.67,90.43
"13842",328,2018,90.17,90.64,90.26,89.24,92.6,91.11
"13843",329,2018,90.85,92.11,91.63,89.88,90.29,93.61
"13844",330,2018,92.63,94.04,93.69,93.41,94.04,94.74
"13845",331,2018,95.21,94.98,95.95,94.83,95.57,93.7
"13846",332,2018,93.49,93.81,91.88,95.51,92.24,93.21
"13847",333,2018,90.3,89.29,87.31,93.4,88.08,89.04
"13848",334,2018,89.66,92.61,90.7,91.02,88.04,90.98
"13849",335,2018,77.98,82.89,84.57,79,95.36,87.72
"13850",336,2018,76.43,81.26,81.4,78.11,93.57,87.31
"13851",337,2018,75.68,79.99,81.43,77.08,95.27,86.96
"13852",338,2018,74.99,80.88,80.75,74.85,91.21,87.89
"13853",339,2018,72.84,78.43,77.74,73.44,85.37,82.69
"13854",340,2018,75.13,84.39,84.72,75.9,93.41,91.81
"13855",341,2018,89.53,92.91,93.17,86.48,90.68,93.5
"13856",342,2018,94.94,94.23,94.87,92.72,91.84,93.41
"13857",343,2018,90.39,92.55,92.09,90.47,92.79,92.16
"13858",344,2018,92.78,92.62,94.5,92.7,94.39,92.1
"13859",345,2018,94.93,94.83,95.15,92.16,90.55,95.06
"13860",346,2018,90.32,90.03,92.38,88.38,95.14,90
"13861",347,2018,98,97.01,97.65,97.29,95.02,96.76
"13862",348,2018,94.07,91.85,91.29,92.17,89.48,89.04
"13863",349,2018,86.83,88.35,88.6,86.56,90.51,89.39
"13864",350,2018,85.15,88.2,87.92,85.98,91.33,89.63
"13865",351,2018,88.29,88.26,87.44,87.97,88.45,87.84
"13866",352,2018,91.27,91.2,92.45,90.91,94.96,90.04
"13867",353,2018,92.2,93.02,93.78,91.56,95.16,94.7
"13868",354,2018,91.79,93.82,95.42,91.81,98.25,94.63
"13869",355,2018,95.48,94.7,95.58,94.45,94.35,93.62
"13870",356,2018,89.57,90.25,90.56,89.13,92.12,91.02
"13871",357,2018,86.76,88.08,91.15,84.42,92.53,91.33
"13872",358,2018,85.76,90.35,92.13,83,94.8,93.93
"13873",359,2018,88.61,92.09,94.6,83.42,96.33,93.6
"13874",360,2018,95.03,95.57,97.02,90.81,96.64,94.18
"13875",361,2018,85.75,86.9,87.64,83.16,90.84,87.14
"13876",362,2018,74.19,78.54,79.69,73.12,87.42,80.81
"13877",363,2018,73.81,76.28,76.44,73.35,89.07,77.17
"13878",364,2018,71.06,72.83,74.5,70.71,86.62,73.4
"13879",365,2018,73.71,75.63,75.44,74.56,80.72,76.79
"13880",1,2019,77.7,80.4,79.31,77.92,79.78,81.49
"13881",2,2019,79.75,82.37,83.65,78.41,86.97,84.33
"13882",3,2019,88.19,91.38,92.32,80.76,93.92,93.01
"13883",4,2019,88.18,89.69,89.97,85.08,94.21,90.86
"13884",5,2019,89.59,92.15,92.05,90.18,95.56,94.51
"13885",6,2019,92.48,91.32,92.07,92.46,92.03,90.42
"13886",7,2019,86.95,87.98,87.82,85.65,87.92,88.02
"13887",8,2019,80.57,86.22,87.44,79.4,93.57,89.46
"13888",9,2019,83.28,87.47,88.11,80.48,94.12,89.97
"13889",10,2019,82.86,85.56,84.72,82.64,88.05,86.39
"13890",11,2019,89.57,91.27,89.42,90.19,86.8,90.3
"13891",12,2019,91.78,93.92,93.21,93.7,91.46,92.44
"13892",13,2019,89.53,89.15,89.11,91.3,92.07,88.72
"13893",14,2019,88.02,88.25,90.09,88.69,86.64,90.02
"13894",15,2019,86.24,85.68,87.56,85.36,86.52,85.99
"13895",16,2019,87.4,90.6,90.81,85.53,91.94,90.37
"13896",17,2019,92.46,94.19,95.06,91.06,95.82,94.89
"13897",18,2019,93.64,92.51,92.65,93.91,93.24,91.9
"13898",19,2019,92.11,91.87,94.75,90.76,95.83,93.88
"13899",20,2019,96.56,95.05,96.3,93.89,95.83,95.2
"13900",21,2019,89.36,90.12,89.85,88.73,93.38,90.31
"13901",22,2019,92.15,92.89,94.41,90.3,94.24,94.04
"13902",23,2019,88.08,87.89,89.37,87.02,89.31,88.49
"13903",24,2019,91.76,92.6,94.61,87.82,96.08,92.73
"13904",25,2019,93.76,92.75,94.33,91.6,94.75,92.31
"13905",26,2019,89.97,90.62,91.37,88.45,92.46,92.26
"13906",27,2019,91.25,91.04,91.07,90.01,91.64,92.03
"13907",28,2019,88.39,90.48,89.81,89.44,89.86,89.32
"13908",29,2019,89.12,90.92,90.82,87.99,92.74,90.26
"13909",30,2019,88.48,87.91,88.08,88.14,90.27,90.29
"13910",31,2019,93.72,94.52,94.7,93.03,96.04,96.1
"13911",32,2019,94.32,95.06,95.51,92.67,94.92,94.43
"13912",33,2019,90.35,93.46,92.92,87.9,96.01,94.84
"13913",34,2019,91.83,95.12,93.73,93.11,92.33,95.38
"13914",35,2019,93.45,95.21,95.85,92.47,95.55,96.15
"13915",36,2019,94.54,93.86,92.73,95.02,95.42,94.19
"13916",37,2019,93.19,92.04,92.78,93.67,95.17,92.62
"13917",38,2019,93.81,94.05,93.21,94.25,94.01,92.88
"13918",39,2019,93.29,90.48,92.42,90.36,91.6,89.76
"13919",40,2019,91.06,90.57,90.85,89.63,91.36,90.22
"13920",41,2019,84.74,89.46,89.6,84.61,91.11,91.26
"13921",42,2019,85.22,91.46,92.03,83.12,95.57,90.58
"13922",43,2019,86.58,89.83,92.6,81.69,94.92,89.21
"13923",44,2019,92.7,92.37,92.86,90.67,93.34,92.81
"13924",45,2019,87.85,89.68,88.67,88.94,91.68,90.53
"13925",46,2019,86.73,87.21,85.78,88.07,88.22,87.4
"13926",47,2019,88.92,88.94,88.03,89.8,89.18,90.61
"13927",48,2019,88.18,89.52,88.31,90.13,88.26,89.22
"13928",49,2019,90.5,90.81,89.16,92.26,86.84,88.97
"13929",50,2019,83.33,86.01,84.75,82.85,82.32,86.03
"13930",51,2019,84.09,84.78,87.47,79.49,90.58,82.3
"13931",52,2019,88.43,87.44,89.76,86.26,90.43,87.86
"13932",53,2019,88.37,89.04,90.04,87.35,93.75,90.62
"13933",54,2019,88.34,90.43,89.04,89.27,91.65,90.71
"13934",55,2019,77.17,82.34,82.69,77.83,90.27,85.63
"13935",56,2019,69.96,75.78,76.32,69.33,87.58,81.31
"13936",57,2019,68.2,71.19,70.75,68.77,80.19,73.05
"13937",58,2019,75.01,73.34,76.8,72.81,84.15,73.34
"13938",59,2019,81.45,81.82,84.98,77.34,90.64,82.16
"13939",60,2019,88.28,89.62,89.53,85.76,90.82,89.72
"13940",61,2019,92.66,92.72,92.14,92.49,91.09,93.39
"13941",62,2019,92.89,92.24,91.83,92.14,90.52,92.55
"13942",63,2019,87.84,88.86,85.9,88.62,87.4,91.89
"13943",64,2019,85.14,86.43,85.19,86.41,85,89.35
"13944",65,2019,89.13,90.08,88.69,90.32,90.92,92.72
"13945",66,2019,94.82,93.87,93.8,93.88,91.5,92.87
"13946",67,2019,89.25,89.73,90.09,88.45,91.22,91.38
"13947",68,2019,89.72,89.86,89.24,88.07,90.05,90.3
"13948",69,2019,96.28,95.64,95.76,95.41,95.02,94.75
"13949",70,2019,93.69,92.36,92.14,94.51,92.86,91.77
"13950",71,2019,93.57,93.49,93.65,92.94,93.77,93.96
"13951",72,2019,89.28,88.33,88.36,89.67,88.95,88.12
"13952",73,2019,93.25,93.67,94.43,91.77,90.69,95.13
"13953",74,2019,94.19,92.49,93.33,91.96,91.32,92.21
"13954",75,2019,92.91,93.96,94.56,91.38,94.02,95.01
"13955",76,2019,92.52,90.54,91.89,91.78,91.14,93.07
"13956",77,2019,90.46,89.37,89.2,89.6,92.34,89.05
"13957",78,2019,94.55,95.28,94.98,93.87,94.1,94.33
"13958",79,2019,88.38,87.02,87.38,88.95,88.99,86.63
"13959",80,2019,89.21,86.75,89.27,86.84,90.54,88.5
"13960",81,2019,90.21,88.25,88.75,90.33,88.99,87.69
"13961",82,2019,95.26,94.71,91.3,95.42,88.37,93.91
"13962",83,2019,86.55,87.1,89.58,86.04,94.47,89.59
"13963",84,2019,86.21,86.78,87.19,84.18,86.54,87.9
"13964",85,2019,86.3,88.42,86.17,85.74,85.68,87.23
"13965",86,2019,89.53,89.64,90.4,88.2,91.45,90.4
"13966",87,2019,90.01,88.23,90.14,88.57,93.06,87.28
"13967",88,2019,93.83,95.84,92.8,95.3,93.39,94.67
"13968",89,2019,91.85,92.54,92.63,92.15,93.71,91.81
"13969",90,2019,91.78,89.86,90.63,90.7,89.91,90
"13970",91,2019,92.79,94.77,93.39,93.92,94.36,96.01
"13971",92,2019,91.32,91.68,91.54,92.23,89.8,90.57
"13972",93,2019,89.37,87.96,88.32,88.6,89.71,87.62
"13973",94,2019,80.41,81.48,80.78,80.41,86.96,81.69
"13974",95,2019,70.07,72.44,73.36,69.64,84.72,75.51
"13975",96,2019,72.64,76.54,80.31,68.94,90.11,82.13
"13976",97,2019,84.8,89.75,91.41,80.56,96.78,93.03
"13977",98,2019,88.95,88.48,87.94,90.45,90.74,88.36
"13978",99,2019,86.75,90.57,87.33,90.66,88.52,91.31
"13979",100,2019,88.79,88.87,85.14,89.78,85.22,89.18
"13980",101,2019,90.65,91.82,89.42,92.68,89.63,91.59
"13981",102,2019,95.07,93.3,92.06,95.68,88.31,92.86
"13982",103,2019,92.98,88.71,89.67,92.83,85.43,87.77
"13983",104,2019,88.04,87.82,87.06,89.35,89.21,90.27
"13984",105,2019,90.25,89.61,89.37,89.24,87.98,87.52
"13985",106,2019,94.95,93.47,93.92,92.89,88.33,92.63
"13986",107,2019,95.31,96.63,96.85,94.11,98.06,97.8
"13987",108,2019,95.34,95.84,93.78,94.26,93.43,94.33
"13988",109,2019,91.43,91.06,91.74,90.32,88.98,92.34
"13989",110,2019,91.07,90.67,88,93.91,91.22,91.17
"13990",111,2019,92.51,90.31,90.32,92.95,90.17,89.35
"13991",112,2019,93.78,93.3,91.03,91.31,89.28,95.25
"13992",113,2019,85.24,85.69,87.77,83.03,89.31,88.63
"13993",114,2019,92.01,92.96,93.72,92.88,94.03,92.71
"13994",115,2019,95.66,97.03,95.88,97.4,95.07,95.98
"13995",116,2019,94.72,93.86,93.63,93.79,92.51,92.05
"13996",117,2019,93.84,95.42,92.23,94.94,89.74,96.01
"13997",118,2019,90.29,91.19,90.85,89.68,90.92,91.1
"13998",119,2019,87.9,89.12,89.28,87.15,90.37,88.34
"13999",120,2019,85.01,85.62,86.23,83.03,86.12,87.18
"14000",121,2019,82.67,83.46,86.01,81.29,89.43,83.39
"14001",122,2019,91.93,90.88,91.41,89.99,87.73,91
"14002",123,2019,92,93.39,93.02,93.86,96.33,94.76
"14003",124,2019,95.22,96.66,96.74,96.32,97.97,96.68
"14004",125,2019,97.63,97.5,97.84,96.77,97.44,96.85
"14005",126,2019,94.1,94.76,92.52,95.05,90.99,93.54
"14006",127,2019,92.71,92.71,91.49,93.33,90.25,94.87
"14007",128,2019,96.62,95.55,95.35,96.56,94.24,92.7
"14008",129,2019,94.88,94.49,95.01,94.76,96.3,94.92
"14009",130,2019,90.24,87.61,89.12,90.34,90.89,88.62
"14010",131,2019,88.73,88.83,89.27,89.62,90.55,88.01
"14011",132,2019,85.28,86.84,87.34,85.98,88.12,86.4
"14012",133,2019,90.41,87.62,90.37,86.4,88.42,86.29
"14013",134,2019,96.54,95.15,93.36,97.98,91.37,93.77
"14014",135,2019,96.51,96.72,94.63,98.14,91.45,97.27
"14015",136,2019,96.47,97.91,95.99,98,95.43,98.02
"14016",137,2019,96.32,93.43,94.52,93.65,91.24,93.07
"14017",138,2019,96.89,97.01,97.26,96.85,96.03,97.46
"14018",139,2019,94.07,94.4,90.74,97.02,91.84,94.8
"14019",140,2019,94.14,95.42,95.7,94.43,97.87,96.43
"14020",141,2019,88,88.8,87.58,88.43,90.59,90.45
"14021",142,2019,84.58,85.16,83.62,85.57,86.89,87.78
"14022",143,2019,93.8,93.73,87.87,96.43,86.61,95.37
"14023",144,2019,84.42,83.64,84.22,84.73,86.99,83.54
"14024",145,2019,88.66,88.16,92.07,84.34,93.66,90.13
"14025",146,2019,92.41,93.06,91.95,93.72,90.04,92.7
"14026",147,2019,88.22,88.71,86.98,89.08,85.48,87.65
"14027",148,2019,87.15,86,86.59,86.45,88.15,85.26
"14028",149,2019,88.76,86.79,89.47,85.15,90.92,85.19
"14029",150,2019,90.11,90.75,88.18,91.74,91.56,90.65
"14030",151,2019,91.96,94.31,90.6,93.45,92.06,93.79
"14031",152,2019,87.24,87.51,84.16,90.19,91.31,87.96
"14032",153,2019,89.26,88.24,86.17,90.6,83.9,86.04
"14033",154,2019,90.9,90.04,88.59,90.71,86.96,90.04
"14034",155,2019,95.3,93.61,96.22,93.92,97.95,94.53
"14035",156,2019,92.32,92.01,93.78,90.66,95.34,92.77
"14036",157,2019,96.6,97.76,97.17,97.2,97.8,98.06
"14037",158,2019,90.36,91.3,90.13,89.57,88.46,90.46
"14038",159,2019,94.04,93.94,93.13,94.05,91.25,93.75
"14039",160,2019,85.3,84.81,92.57,86.2,93.41,89.25
"14040",161,2019,95.59,94.04,95.2,97.17,93.69,93.36
"14041",162,2019,94.6,95.77,92.93,96.84,93.11,96.02
"14042",163,2019,93.66,92.89,93.31,93.67,93.1,93.12
"14043",164,2019,97.49,96.27,96.04,98.1,95.69,95.87
"14044",165,2019,91.35,91.21,89.68,91,92.67,92.41
"14045",166,2019,97.59,98.76,97.29,97.96,96.33,99.02
"14046",167,2019,92.51,94.6,93.49,93.37,96.81,96.1
"14047",168,2019,96.23,96.92,96.33,96.85,96.57,97.34
"14048",169,2019,92.02,90.17,91.59,91.71,90.7,90.58
"14049",170,2019,88.75,90.11,88.57,89.8,88.43,89.79
"14050",171,2019,94.55,92.1,93.08,93.4,91.56,92.32
"14051",172,2019,93.05,91.48,92.04,93.71,89.93,90.93
"14052",173,2019,95.08,95.6,96.07,91.38,94.28,96.77
"14053",174,2019,96.96,95.64,96.14,93.73,93.5,94.99
"14054",175,2019,95.89,93.9,95.75,92.92,95.26,94.23
"14055",176,2019,87.34,86.92,86.15,89.03,85.04,87.19
"14056",177,2019,85.63,84.53,83.83,86.34,84.78,86.5
"14057",178,2019,95.51,94.94,95.72,95.4,94.58,93.76
"14058",179,2019,93.04,92.31,93.28,88.86,90.42,91.58
"14059",180,2019,94.51,94.99,93.77,95.37,94.07,95.27
"14060",181,2019,94.47,95.93,93.56,97,95.34,96.28
"14061",182,2019,95.7,95.29,95.7,96.19,97.08,96.28
"14062",183,2019,95.4,96.28,96.93,95.09,97.24,97.99
"14063",184,2019,86.03,88.14,85.57,87.52,84.79,91.19
"14064",185,2019,90.5,89.95,86.13,90.15,84.3,91.07
"14065",186,2019,94.23,94.6,94.91,95.5,95.17,95.69
"14066",187,2019,89.76,89.91,89.07,88.9,89.99,89.42
"14067",188,2019,95.98,96.81,97.24,95.16,95.13,96.12
"14068",189,2019,89.81,89.86,88.36,91,82.88,88.74
"14069",190,2019,86.45,88.33,87.27,88.07,86.64,87.37
"14070",191,2019,88.04,88.85,88.72,87.01,92.19,88.74
"14071",192,2019,97.42,98.29,96.5,97.73,95.2,98.69
"14072",193,2019,86.43,87.3,87.95,85.27,87.2,88.12
"14073",194,2019,91.25,91.04,89.49,89.93,91.06,86.82
"14074",195,2019,94.08,93.6,91.26,92.38,89.99,91.65
"14075",196,2019,89.19,90,91.12,87.67,96.3,90.28
"14076",197,2019,91.07,92.64,91.62,89.79,92.11,94.03
"14077",198,2019,90.32,88.68,89.39,88.52,88.68,88.09
"14078",199,2019,88.9,88.2,88.8,90.08,90.26,89.52
"14079",200,2019,94.48,93.18,93.02,93.54,92.39,92.65
"14080",201,2019,94.37,91.56,92.22,92.37,90.23,90.51
"14081",202,2019,90.23,90.82,90.14,87.87,90.57,92.04
"14082",203,2019,91.55,92.79,92.87,90.3,94.79,92.97
"14083",204,2019,96.32,94.59,95.22,96.39,93.71,92.36
"14084",205,2019,89.59,87.87,88.2,88.61,90.79,87.01
"14085",206,2019,94.39,93.73,93.09,93.45,89.57,93.07
"14086",207,2019,95.55,93.97,93.7,95.01,92.57,93.64
"14087",208,2019,94.96,95.3,94.94,95.17,93.37,95.92
"14088",209,2019,94.92,95.05,91.83,96.83,88.31,93.91
"14089",210,2019,87.08,88.46,86.11,87.85,86.6,90.74
"14090",211,2019,80.93,83.47,83.8,80.93,85.59,86.31
"14091",212,2019,87.54,89.13,90.09,84.75,91.31,91.18
"14092",213,2019,91.87,90.66,91.9,90.97,91.97,90.18
"14093",214,2019,88.45,87.54,88.83,85.89,86.9,85.5
"14094",215,2019,93.74,93.55,95.15,92.61,93.77,92.1
"14095",216,2019,94.66,93.15,90.64,96.11,85.23,92.64
"14096",217,2019,80.85,79.82,76.64,85.29,71.93,79.89
"14097",218,2019,78.75,76.55,74.94,79.47,69.11,75.43
"14098",219,2019,75.32,78.04,75.85,78.39,77.33,80.16
"14099",220,2019,85.04,86.87,84.4,87.08,83.06,87.86
"14100",221,2019,88.44,87.65,87.65,87.18,86.71,87.41
"14101",222,2019,89.87,90.92,90.61,89.72,90.87,92.98
"14102",223,2019,91.09,88.88,88.94,90.57,88.83,86.87
"14103",224,2019,91.77,90.92,91.16,91.38,88.59,89.64
"14104",225,2019,98.81,96.68,97.42,97.5,96.19,96.09
"14105",226,2019,90.25,89.77,89.12,91.77,89.79,91.13
"14106",227,2019,95.4,96.39,96.93,90.48,95.69,97.69
"14107",228,2019,96.87,96.27,97.17,97.08,99.46,98.24
"14108",229,2019,88.09,88.18,86.73,89.05,92.21,91.34
"14109",230,2019,84.62,82.24,83.51,83.98,84.69,82.32
"14110",231,2019,87.9,86.85,87.56,86.94,87.61,86.46
"14111",232,2019,88.28,87.65,88.55,86.98,89.12,86.56
"14112",233,2019,84.55,86.84,87.15,83.11,90.5,88.86
"14113",234,2019,87.46,88.05,89.17,85.48,90.27,88.9
"14114",235,2019,88.37,87.66,88.07,87.61,87.42,88.73
"14115",236,2019,90.03,89.78,89.52,88.99,89.35,90.39
"14116",237,2019,85.41,85.38,85.94,84.46,86.57,84.68
"14117",238,2019,86.99,88.46,90,86.66,91.94,89.83
"14118",239,2019,89.24,90.38,90.53,89.28,91.51,90.96
"14119",240,2019,88.79,88.74,90.14,87.72,90.76,88.61
"14120",241,2019,85.53,86.31,85.34,87.52,87.78,88.24
"14121",242,2019,85.98,86.03,85.81,85.91,85.58,86.97
"14122",243,2019,86.96,88,86.27,87.4,86.04,87.61
"14123",244,2019,87.79,88.57,87.05,87.09,85.34,88.84
"14124",245,2019,88.26,87.41,86.5,88.81,87.45,87.7
"14125",246,2019,84.09,83.97,86.43,82.2,89.49,84.61
"14126",247,2019,87.35,86.14,87.31,85.81,86.78,85.08
"14127",248,2019,89.77,88.72,88.17,89.14,87.84,90.19
"14128",249,2019,87.2,89.25,88.66,86.87,87.87,89.19
"14129",250,2019,87.18,85.22,87.77,84.63,84.24,86.15
"14130",251,2019,83.75,86.14,86.83,83.74,90.24,88.03
"14131",252,2019,83.23,86.07,86.32,84.32,88,88.05
"14132",253,2019,81.66,83.3,84.16,80.15,86.77,84.1
"14133",254,2019,82.12,85.59,84.81,81.55,88.42,87.21
"14134",255,2019,86.24,87.33,87.98,85.68,88.82,86.05
"14135",256,2019,91.37,91.99,91.76,92.03,90.26,92.69
"14136",257,2019,95.3,93.79,95.62,93.42,94.39,92.94
"14137",258,2019,87.74,87.38,88.79,85.83,90.71,87.88
"14138",259,2019,80.75,81.81,82.71,80.79,84.63,82.94
"14139",260,2019,80.32,84.58,82.18,84.02,84.97,87.44
"14140",261,2019,83.41,84.08,84.44,85.75,84.46,84.05
"14141",262,2019,86.88,85.86,87.47,84.06,86.89,85.09
"14142",263,2019,88.49,89.33,89.39,87.93,89.31,90.86
"14143",264,2019,89.49,89.44,91.89,88.09,91.78,90.92
"14144",265,2019,87.08,87.5,86.96,87.38,87.52,86.98
"14145",266,2019,89.69,89.45,89.16,89.32,90.19,89.27
"14146",267,2019,84.69,88.86,88.36,84.6,88.1,89.25
"14147",268,2019,86.14,88.82,88.18,84.16,87.69,89.6
"14148",269,2019,89.96,91.11,90.35,88.88,91.37,92.31
"14149",270,2019,86.02,86.27,88.2,86.52,91.49,87
"14150",271,2019,87.14,88.15,90.41,88.74,91,87.65
"14151",272,2019,89.52,91.57,92.43,89.63,89.69,92.73
"14152",273,2019,84.97,88.64,86.6,87.35,90.66,91.54
"14153",274,2019,84.44,85.78,86.57,84.63,88.58,86.2
"14154",275,2019,94.6,92.08,92.79,93.42,89.84,90.54
"14155",276,2019,93.65,92.85,92.79,95.02,91.82,94.48
"14156",277,2019,84.35,84.55,85.31,83.62,87.72,86.51
"14157",278,2019,84,85.09,86.31,84.74,86.85,85.51
"14158",279,2019,85.69,85.01,86.05,85.21,86.27,85.91
"14159",280,2019,94.57,92.88,93.82,93.98,92.6,91.98
"14160",281,2019,92.97,92.57,92.4,93.23,89.91,91.42
"14161",282,2019,91.34,92.58,92.03,92.36,93.25,91.51
"14162",283,2019,92.96,90.97,92.19,92.11,90.48,87.75
"14163",284,2019,89.2,88.09,86.96,87,86.18,85.11
"14164",285,2019,93.6,89.87,91.65,90.54,89.79,90.1
"14165",286,2019,89.65,88.59,91.03,88.08,90.03,89.43
"14166",287,2019,86.37,86.33,89.53,87.05,89.11,85.06
"14167",288,2019,92.14,90.08,90.29,92.96,88.28,88.38
"14168",289,2019,89.1,92.21,90.86,89.38,92.69,93.6
"14169",290,2019,86.38,85.62,86.17,85.4,87.49,85.06
"14170",291,2019,92.52,91.4,90.46,93.89,86.42,92.39
"14171",292,2019,88.99,88.16,90.54,88.47,92.44,89.12
"14172",293,2019,93.33,91.81,92.71,93.72,93.06,92.17
"14173",294,2019,84.39,84.19,84.92,84.77,87.37,84.94
"14174",295,2019,84.37,83.37,83.98,84.18,87.5,83.13
"14175",296,2019,92.16,90.54,92.2,92.37,91.31,90.29
"14176",297,2019,94.35,95.41,94.32,95.63,94.63,94.43
"14177",298,2019,94.78,95.12,94.29,94.69,92.85,95.2
"14178",299,2019,91.31,89.44,92.55,88.94,88.62,87.24
"14179",300,2019,90.13,88.24,89.01,86.86,87.61,86.41
"14180",301,2019,90.23,91.83,90.13,91.81,89.27,93.86
"14181",302,2019,89.6,90.79,90,90.66,90.3,91.29
"14182",303,2019,89.89,90.43,90.71,92.1,88.39,90.3
"14183",304,2019,90.92,89.08,91,90.33,90.45,90.67
"14184",305,2019,90.76,92.94,90.87,91.1,92.75,93.54
"14185",306,2019,87.2,87.89,88.75,88.53,88.06,88.61
"14186",307,2019,88.77,87.41,87.58,87.16,84.99,86.36
"14187",308,2019,86.17,86.53,89.33,83.68,91.87,90.45
"14188",309,2019,90.63,91.28,90.73,90.66,89.03,90.49
"14189",310,2019,96.02,95.84,95.83,95.58,93.56,95.59
"14190",311,2019,89.72,88.26,89.1,91.05,88.27,88.25
"14191",312,2019,90.74,89.15,91.76,89.95,90.15,91.15
"14192",313,2019,92.9,92.97,91.22,93.99,88.91,93.28
"14193",314,2019,89.98,90.1,88.9,90.7,89.9,90.54
"14194",315,2019,94.5,92.6,94.2,93.18,92.1,92.43
"14195",316,2019,91.84,92.02,90.66,93.97,89.43,92.61
"14196",317,2019,92.83,92.5,91.98,89.72,90.2,90.54
"14197",318,2019,89.85,90.58,89.51,90.25,90.42,91.2
"14198",319,2019,90.74,95.37,93.26,91.82,94.86,95.89
"14199",320,2019,88.94,89.51,88.6,88.72,87.98,89.97
"14200",321,2019,91.06,88.07,87.13,89.29,85.76,87.58
"14201",322,2019,89.96,90.42,90.8,87.89,90,90.89
"14202",323,2019,92.65,92.31,93.45,91.03,91.54,91.43
"14203",324,2019,92.9,92.12,92.58,92.06,92.1,91.12
"14204",325,2019,90.01,91.28,88.95,91.01,85.92,90.2
"14205",326,2019,85.43,85.21,84.61,85.96,83,84.72
"14206",327,2019,84.15,84.15,83.84,84.81,86.19,85.54
"14207",328,2019,92.73,91.6,93.25,89.74,92.75,90.72
"14208",329,2019,91.39,92.76,93.28,91.24,92.95,94.12
"14209",330,2019,95.22,94.96,94.32,96.1,94.19,95.31
"14210",331,2019,90.82,90.66,90.87,90.81,91.24,90
"14211",332,2019,87.6,89.56,89.63,87.52,92.25,92.07
"14212",333,2019,95.17,95.61,95.35,95.66,93.86,95.42
"14213",334,2019,92.27,90.72,92.05,92.33,88.53,90.55
"14214",335,2019,94.13,95.16,95.02,94.64,93.3,95.35
"14215",336,2019,95.96,95.82,95.86,93.66,93.93,94.29
"14216",337,2019,91.25,88.13,91.42,88.19,87.03,88.2
"14217",338,2019,92.06,92.96,92.7,91.75,92.29,92.36
"14218",339,2019,91.19,90.4,90.94,91.55,92.06,92.13
"14219",340,2019,94.01,95.44,95.67,91.84,95.26,96.62
"14220",341,2019,94.31,94.74,93.8,92.89,92.71,94.72
"14221",342,2019,89.92,90.72,89.94,88.9,91.52,91.77
"14222",343,2019,87.12,88.93,86.55,88.14,86.55,90.86
"14223",344,2019,90.01,92.46,91.79,89.28,90.97,94.3
"14224",345,2019,89.5,91.18,89.87,88.16,89.73,93.34
"14225",346,2019,87.78,88.84,89.27,88.29,88.62,89.53
"14226",347,2019,84.31,85.31,86.03,84.49,89.67,87.4
"14227",348,2019,90.31,90.01,91.35,88.47,91.46,90.96
"14228",349,2019,93.49,94.46,92.58,95.86,92.1,94.04
"14229",350,2019,95.09,94.02,92.4,96.2,90.77,91.82
"14230",351,2019,92.45,90.82,91.1,91.29,92.33,88.94
"14231",352,2019,91.16,91.96,91.05,90.98,91.47,91.5
"14232",353,2019,95.87,96.26,95.44,95.55,93.18,94.99
"14233",354,2019,96.74,96.85,96.78,96.45,94.36,96.89
"14234",355,2019,91.92,92.65,92.1,93.01,88.71,93.45
"14235",356,2019,97.15,96.33,96.41,97.07,94.89,96.29
"14236",357,2019,98.54,97.28,98.29,96.64,97.75,97.16
"14237",358,2019,93.95,94.25,93.23,95.85,92.08,95.29
"14238",359,2019,89.91,90.46,90.16,90.31,89.45,90.74
"14239",360,2019,90.22,90.42,91.39,90.14,90.43,91.14
"14240",361,2019,92.08,92.36,91.26,92.93,90.62,91.88
"14241",362,2019,90.57,90.86,90.67,91.17,90.5,90.8
"14242",363,2019,91.47,92.73,93.34,92.75,95.45,93.09
"14243",364,2019,94.52,93.22,93.53,94.79,91.47,93.42
"14244",365,2019,92.39,93.49,94.65,90.64,95.15,92.58
"14245",1,2020,80.85,85.44,86.48,79.6,93.69,90.42
"14246",2,2020,75.2,82.77,83,75.43,90.91,88.21
"14247",3,2020,73.87,80.78,80.29,73.62,89.38,84.79
"14248",4,2020,69.51,75.62,74.74,70.74,82.66,78.69
"14249",5,2020,65.18,66.7,66.55,65.37,73.97,69.09
"14250",6,2020,65.01,64.4,64.01,65.62,65.35,65.19
"14251",7,2020,67.08,67.52,66.6,66.9,68.1,68.11
"14252",8,2020,67.82,70.08,70.3,67.83,79.78,73.47
"14253",9,2020,71.69,73.25,74.28,71.87,82.1,75.6
"14254",10,2020,74.44,80.84,83.43,72.74,94.59,87.29
"14255",11,2020,81.5,88.46,90.04,77.4,95.13,91.2
"14256",12,2020,82.89,87.95,88.42,78.31,92.01,89.74
"14257",13,2020,76.05,82.46,87.5,70.46,95.37,87.74
"14258",14,2020,71.49,81.68,83.64,68.51,89.59,89.86
"14259",15,2020,77.04,83.11,81.65,76.29,86.7,87.88
"14260",16,2020,82.05,86.63,86.26,85.45,92.65,90.04
"14261",17,2020,86.46,90.86,92.43,85.65,93.05,91.77
"14262",18,2020,87.82,90.63,89.78,88.18,92.61,91.35
"14263",19,2020,93.88,95.16,95.31,92.82,93.45,95.77
"14264",20,2020,90.69,90.28,91.39,90.51,91.84,88.38
"14265",21,2020,92.8,91.62,90.42,93.11,94.23,90.75
"14266",22,2020,87.38,87.22,87.1,86.41,86.8,86.71
"14267",23,2020,83.79,84.22,84.81,82.25,84.91,82.79
"14268",24,2020,86.35,88.16,89.26,83.38,92.08,89.79
"14269",25,2020,87.88,87.72,87.32,84.73,86.08,89.04
"14270",26,2020,84.33,85.51,85.09,83.77,85.45,86.53
"14271",27,2020,79.78,83.78,84.39,77.94,89.24,88.57
"14272",28,2020,77.83,84.32,82.69,76.52,90.51,87.42
"14273",29,2020,80.76,85.75,84.18,76.94,88.5,88.85
"14274",30,2020,79.89,85.5,84.22,78.53,86.69,89.58
"14275",31,2020,82.38,88.08,87.07,79.5,88.69,92.57
"14276",32,2020,88.82,92.03,93.1,83.53,93.19,93.33
"14277",33,2020,95.46,95.91,95.77,94.98,94.84,95.84
"14278",34,2020,88.03,88.55,88.31,87.22,89.12,87.9
"14279",35,2020,76.11,78.76,80.37,74.88,83.59,80.95
"14280",36,2020,63.86,70.55,69.95,64.37,77.74,74.85
"14281",37,2020,69.68,76.88,77.23,66.62,80.45,80.54
"14282",38,2020,72.02,77.67,80.44,67.79,83.96,81.09
"14283",39,2020,74.79,76.49,82.89,64.83,86.12,78.71
"14284",40,2020,64.66,72.11,76.16,57.23,85.64,78.04
"14285",41,2020,65.15,74.41,75.23,62.05,85.06,78.36
"14286",42,2020,70.18,72.05,77,64.23,78.67,73.76
"14287",43,2020,72.59,75.96,80.78,66.47,86.61,79.92
"14288",44,2020,75.69,83.49,88.21,70.59,91.39,89.66
"14289",45,2020,81.96,86.03,87.6,78.65,87.55,87.89
"14290",46,2020,79.86,89.08,90.18,76.9,95.8,93.32
"14291",47,2020,80.98,84.01,85.63,73.62,87.07,86.52
"14292",48,2020,77.83,82.35,85.6,71.07,87.82,83.73
"14293",49,2020,81.05,84.85,90.24,75,94.13,86.83
"14294",50,2020,85.73,88.32,88.87,78.47,87.32,90.23
"14295",51,2020,80.21,85.39,85.38,76.59,85.03,86.76
"14296",52,2020,76.2,79.38,83.42,67.48,89.16,85.63
"14297",53,2020,78.26,83.13,83.75,71.58,91.65,87.69
"14298",54,2020,86.94,83.4,86.28,80.82,87.87,84.88
"14299",55,2020,94.25,95.58,95.83,92.85,95.63,94.8
"14300",56,2020,94.08,95.2,94.1,94.9,91.93,94.88
"14301",57,2020,93.07,92.67,91.97,92.33,90.75,91.48
"14302",58,2020,85.71,88.53,88.66,85.55,93.47,90.65
"14303",59,2020,85.72,87.5,88.17,83.71,92.03,89.48
"14304",60,2020,82.74,84.46,84.1,81.59,83.27,86.95
"14305",61,2020,85.67,83.84,85.68,84.54,85.03,84.66
"14306",62,2020,90.65,89.94,91.16,89.23,89.7,91.13
"14307",63,2020,90.2,89.86,88.9,89.91,88.68,90.74
"14308",64,2020,88.11,90.41,89.45,88.15,92.64,91.02
"14309",65,2020,89.43,86.65,89.57,82.76,89.87,86.75
"14310",66,2020,82.68,83.07,84.23,77.48,85.4,85.45
"14311",67,2020,84.87,90.91,91.65,81.73,97.21,95.25
"14312",68,2020,88.52,91.54,91.1,88.47,89.91,93.6
"14313",69,2020,89.17,85.88,89.49,85.96,89.36,86.5
"14314",70,2020,89.05,87.88,91.82,80.54,92.22,89.47
"14315",71,2020,84.99,86.36,87.09,81.41,86.98,85.34
"14316",72,2020,88.84,87.85,88.09,86.74,86.21,87.5
"14317",73,2020,95.69,95.19,94.89,96.59,90.81,94.3
"14318",74,2020,93.15,91.74,91.84,94.68,90.21,91.54
"14319",75,2020,93,91.02,90.58,93.09,89.82,90.41
"14320",76,2020,83.56,81.48,82.56,83.84,86.99,83.33
"14321",77,2020,80.16,81.9,82.32,77.91,83.19,84.53
"14322",78,2020,78.58,80.86,83.03,75.33,87.2,85.31
"14323",79,2020,80.1,82.65,82.3,80.38,85.2,85.21
"14324",80,2020,78.68,82.7,80.56,79.46,82.84,84.61
"14325",81,2020,76.95,82.28,81.49,75.41,85.36,83.55
"14326",82,2020,71.91,78.74,79.15,68.95,85.63,82.8
"14327",83,2020,82.43,86.58,86.72,80.97,91.71,89.45
"14328",84,2020,85.62,86.4,85.97,83.59,89.1,87.01
"14329",85,2020,85.44,84.16,85.27,83.17,85.81,82.93
"14330",86,2020,90.07,89.35,88.72,89.58,85.56,86.33
"14331",87,2020,81.41,83.73,84.85,80.08,88.23,85.39
"14332",88,2020,77.45,78.94,82.02,73.05,88.5,83.47
"14333",89,2020,86.66,88.69,90.55,83.9,94.53,92.9
"14334",90,2020,95.72,96.98,97.47,95.57,97.43,98.16
"14335",91,2020,93.23,95.58,94.44,94.7,93.78,97.02
"14336",92,2020,93.69,96.21,97.15,90.38,98.66,97.09
"14337",93,2020,96.51,92.28,94.95,92.1,89.54,89.61
"14338",94,2020,88.82,91.26,92.36,86.92,92.83,93.69
"14339",95,2020,90.14,90.9,91.2,88.1,91.15,90.84
"14340",96,2020,93.73,93.61,93.41,92.91,93.16,93.69
"14341",97,2020,92.36,91.17,89.63,93.09,89.99,89.69
"14342",98,2020,90.3,88.03,88.68,89.41,89.01,87.1
"14343",99,2020,96.23,96.92,96.97,93.91,96.81,97.41
"14344",100,2020,92.7,92.65,93.08,91.41,92.39,93
"14345",101,2020,95.29,95.26,93.89,93.44,97.05,97.33
"14346",102,2020,87.99,85.8,86.55,85.67,89.51,87.35
"14347",103,2020,88.96,90.11,90.42,86.28,92.09,93.14
"14348",104,2020,79.56,80.71,83.37,77.17,84.88,84.84
"14349",105,2020,68.03,71.73,73.05,67.36,83.8,77.66
"14350",106,2020,68.55,71.78,71,68.59,80.68,75.35
"14351",107,2020,70.49,76.28,74.97,69.8,79.9,77.66
"14352",108,2020,84.31,87.13,88.51,82.1,91.2,90.72
"14353",109,2020,91.61,92.56,93.95,89.88,93.55,92.78
"14354",110,2020,88.05,89.68,91.53,91.7,95.62,91.55
"14355",111,2020,86.92,93.19,90.16,88.63,94.36,94.25
"14356",112,2020,86.39,84.23,84.22,87.21,83.84,83.71
"14357",113,2020,92.91,95.65,95.38,94.13,96.81,96.48
"14358",114,2020,81.74,84.47,82.87,87.85,84.89,85.84
"14359",115,2020,82.52,83.21,85.4,82.6,87.47,85.43
"14360",116,2020,79.48,83.97,84.04,80.45,88.67,86.31
"14361",117,2020,81.56,87.54,84.86,82.27,86.44,86.76
"14362",118,2020,92.94,91.94,91.64,90.66,94.69,92.05
"14363",119,2020,92.91,89.61,90.56,92.68,88.56,86.71
"14364",120,2020,84.33,85.69,85.05,87.69,86.87,85.81
"14365",121,2020,97.55,96.74,97.08,97.21,95.68,95.6
"14366",122,2020,93.24,93.58,92.92,91.62,92.78,93.66
"14367",123,2020,86.68,88.38,87.96,87.21,91.23,90.84
"14368",124,2020,97.07,95.51,95.75,97.16,94.95,93.97
"14369",125,2020,89.22,90.59,89.05,91.01,90.27,92.34
"14370",126,2020,93.28,90.36,91.02,88.1,90.78,87.92
"14371",127,2020,93.73,93.8,92.26,91.84,89.71,93.58
"14372",128,2020,90.43,89.61,88.28,90.49,86.76,88.65
"14373",129,2020,96.58,96.45,94.85,98.45,92.75,95.95
"14374",130,2020,93.92,93.73,94.44,93.53,92.94,94.12
"14375",131,2020,95.04,96.73,94.59,96.83,95.05,97.77
"14376",132,2020,88.45,90.08,88.66,88.88,90.54,88.54
"14377",133,2020,86.29,87.96,87.7,85.71,92.37,90.67
"14378",134,2020,94.95,92.01,95.27,88.93,94.55,95.7
"14379",135,2020,86.47,83.6,85.06,84.13,86.6,89.06
"14380",136,2020,84,86.23,86.46,86.01,88.4,87.99
"14381",137,2020,91.55,91.8,91.48,91.65,93.33,91.96
"14382",138,2020,97.01,95.62,95.49,95.19,93.24,94.71
"14383",139,2020,92.12,92.4,94.07,90.58,94.69,92.04
"14384",140,2020,96.2,93.31,96.59,90.25,96.2,92.54
"14385",141,2020,91.39,90.76,92.45,90.67,94.96,93.01
"14386",142,2020,87.35,87.36,87.51,86.95,87.7,87.42
"14387",143,2020,87.48,85.54,85.48,88.87,82.95,83.89
"14388",144,2020,95.79,96.03,96.26,95.58,91.36,96.55
"14389",145,2020,92.47,91.98,90.16,94.77,89.77,92.87
"14390",146,2020,92.64,92.05,90.5,92.03,87.3,91.66
"14391",147,2020,83.57,84.61,83.8,87.83,83.42,84.15
"14392",148,2020,87.03,88.5,84.43,90.91,82.32,88.62
"14393",149,2020,96.7,98.46,95.33,97.06,88.49,98.21
"14394",150,2020,86.54,86.02,85.3,87,87.38,87.37
"14395",151,2020,90.85,88.91,91.28,89.59,91.33,88.82
"14396",152,2020,89.98,89,89.95,88.04,90.48,87.94
"14397",153,2020,93.66,92.19,95.34,89.78,97.32,92.13
"14398",154,2020,90.4,88.51,89.31,87.81,88.59,87.79
"14399",155,2020,94.29,92.16,92.9,92.93,91.57,89.72
"14400",156,2020,89.74,86.39,88.98,87.01,90.96,84.9
"14401",157,2020,91.71,89.48,89.87,89.87,86.6,86.32
"14402",158,2020,87.28,88.84,88.36,89.3,87.28,90.05
"14403",159,2020,86.54,88.77,87.03,86.34,86.36,88.49
"14404",160,2020,92.66,92.64,92.68,89.31,90.1,90.33
"14405",161,2020,83.93,81.18,83.04,80.14,84.59,81.3
"14406",162,2020,85.4,83.87,85.53,82.18,84.45,85.82
"14407",163,2020,94.06,93.78,92.33,93.62,90.58,94.43
"14408",164,2020,84.2,84.46,83.95,83.91,88.04,87.23
"14409",165,2020,86.96,83.09,84.82,83.93,84.84,83.64
"14410",166,2020,92.46,91.44,89.7,91.93,85.23,93.68
"14411",167,2020,90.83,90.28,90.45,88.66,89.9,87.82
"14412",168,2020,89.2,88.55,87.88,88.8,89.13,88.75
"14413",169,2020,95.65,94.97,95.93,95.42,96.02,96.05
"14414",170,2020,88.54,87.54,87.05,89,89.04,88.13
"14415",171,2020,91.29,90.15,88.91,91.38,93.02,90.07
"14416",172,2020,96.79,94.89,94.57,97.08,90.86,93.61
"14417",173,2020,92.19,92.21,93.07,89.68,93.97,92.47
"14418",174,2020,93.84,93.42,94.53,93.26,95.02,92.85
"14419",175,2020,87.8,89.8,90.26,90.89,90.66,89.68
"14420",176,2020,90.47,88.71,88.17,90.33,87.44,88.12
"14421",177,2020,87.88,90.35,89.85,89.32,89.36,90.97
"14422",178,2020,93.03,92.16,94.36,92.01,94.31,93.47
"14423",179,2020,93.63,90.06,89.51,94.65,90.48,87.48
"14424",180,2020,92.16,94.67,90.98,95.1,91.02,94.22
"14425",181,2020,92.81,90.63,91.78,91.12,87.57,90.5
"14426",182,2020,92.56,92.48,90.59,90.55,88.82,91.95
"14427",183,2020,93.36,93.36,92.16,94.83,90.65,95.26
"14428",184,2020,93.04,92.72,92.12,92.88,89.62,92.08
"14429",185,2020,91.81,90.48,92.58,89.6,96.37,91
"14430",186,2020,87.37,88.95,89.22,88.3,88.78,90.05
"14431",187,2020,89.23,87.82,90.5,89.71,90.42,86.57
"14432",188,2020,94.6,94.31,91.68,96.32,91.97,93.13
"14433",189,2020,90.86,87.87,89.47,86.7,88.59,89.11
"14434",190,2020,87.95,87.16,87.48,85.4,88.42,85.65
"14435",191,2020,88.04,89.17,87.32,87.63,87.44,89.87
"14436",192,2020,93.86,93.68,94.02,92.43,94.25,92.88
"14437",193,2020,89.12,87.86,89.04,87.63,91.47,89.96
"14438",194,2020,91.66,92.2,92.27,91.53,93.02,94.25
"14439",195,2020,91.92,90.63,90.61,91.22,91.6,90.35
"14440",196,2020,93.84,91.34,91.01,93.1,89.04,89.88
"14441",197,2020,90.3,90.48,89.88,90.38,90.46,89.45
"14442",198,2020,91.56,90.81,89.64,88.79,89.86,91.65
"14443",199,2020,91.87,89.16,90.4,89.58,90.01,88.86
"14444",200,2020,87.42,87.62,89.04,85.61,91.58,88.44
"14445",201,2020,87.25,87.86,88.02,86.73,90.07,90.43
"14446",202,2020,86.67,86.24,86.38,86.74,86.8,84.47
"14447",203,2020,88.98,87.45,88.73,87,86.76,85.57
"14448",204,2020,91.1,92.34,89.61,90.63,90.44,94.31
"14449",205,2020,86.89,87.1,84.43,91.86,84.81,86.59
"14450",206,2020,85.04,86.08,86.61,86.46,84.64,84.94
"14451",207,2020,94.51,93.23,93.47,92.93,89.25,90.46
"14452",208,2020,95.76,94.29,94.39,95.58,91.8,92.62
"14453",209,2020,87.75,88.22,88.4,87.65,91.42,87.67
"14454",210,2020,90.49,91.56,90.37,92.11,91.97,92.21
"14455",211,2020,94.33,91.72,90.15,92.43,90.6,89.38
"14456",212,2020,90.88,88.69,87.77,89.91,87.66,87.56
"14457",213,2020,80.55,77.5,79.58,78.09,74.48,75.48
"14458",214,2020,82.6,80.23,83.27,79.96,80.22,79.79
"14459",215,2020,82.3,78.54,79.47,81.48,78.11,78.05
"14460",216,2020,82.17,78.95,78.61,84.51,79.2,78.91
"14461",217,2020,83.12,85.24,81.19,86.86,82.66,88.27
"14462",218,2020,93.8,92.76,90.82,95.03,89.25,92.48
"14463",219,2020,90.21,93,91.7,92.67,92.72,93.65
"14464",220,2020,96.7,98.94,97.11,98.84,98.08,98.54
"14465",221,2020,92.58,92.97,93.98,92.37,91.37,92.43
"14466",222,2020,87.53,89.33,89.06,89.22,90.33,89.61
"14467",223,2020,85.63,86.95,86.78,84.88,87.48,87.43
"14468",224,2020,88.84,89.89,89.24,89.01,89.43,90.76
"14469",225,2020,88.28,88.64,87.07,88.48,87.18,89.03
"14470",226,2020,86.15,87.89,89.36,88.21,92.8,88.67
"14471",227,2020,90.94,91.93,92.3,89.28,92.32,92.72
"14472",228,2020,90.81,89.41,88.18,92.69,86.57,88.26
"14473",229,2020,90.9,89.21,91.36,88.21,91.39,88.92
"14474",230,2020,92.29,93.28,93.35,92.95,92.37,93.7
"14475",231,2020,88.69,89.52,88.17,89.92,87.68,90.21
"14476",232,2020,88.61,88,87.48,89.19,84.98,87.99
"14477",233,2020,91.03,90.29,88.62,91.82,86.82,89.24
"14478",234,2020,91.34,90.34,90.54,89.84,92.43,87.5
"14479",235,2020,89.94,91.05,90.07,91.06,90.22,92.55
"14480",236,2020,81.02,81.16,81.27,81.51,79.82,81.41
"14481",237,2020,79.41,79.62,80.56,77.73,81.94,80.68
"14482",238,2020,80.61,80.5,81.4,80.25,83.46,81.75
"14483",239,2020,81.28,82.47,81.87,82.28,81.28,83.52
"14484",240,2020,90.91,89.45,87.49,91.15,86.61,89.68
"14485",241,2020,85.17,83.08,83.2,86.51,87.61,81.88
"14486",242,2020,90.42,90.22,88.99,91.86,92.22,90.09
"14487",243,2020,88.85,89.79,89.6,89.15,88.84,85.94
"14488",244,2020,86.54,86.45,85.94,87.09,83.79,88.13
"14489",245,2020,88.5,88.04,88.38,89.73,85.93,86.87
"14490",246,2020,90.91,90.01,91.2,90.43,93.2,90.8
"14491",247,2020,83.88,87.17,85.88,85.96,87.11,88.54
"14492",248,2020,92.26,91.29,90.39,91.67,88.33,89.88
"14493",249,2020,86.98,87.17,88.17,87.5,90.01,87.35
"14494",250,2020,87.22,86.9,86.95,86.52,88.58,87.26
"14495",251,2020,86.44,86.17,85.72,87.22,85.52,86.46
"14496",252,2020,87.71,85.03,85.56,86.37,84.64,83.91
"14497",253,2020,86.72,88.66,89.08,87.14,90.4,91.61
"14498",254,2020,87.91,90.05,88.66,90.41,89.26,93.2
"14499",255,2020,86.37,85.35,86.97,84.49,87.63,84.57
"14500",256,2020,87.49,87.82,87.91,88.85,86.38,87.73
"14501",257,2020,87.04,85.35,86.99,86.08,85.59,83.96
"14502",258,2020,89.03,89.53,90.39,87.01,91.47,88.29
"14503",259,2020,89.83,90.29,91.57,89.19,90.27,90.64
"14504",260,2020,87.68,85.88,87.33,86.5,86.05,85.68
"14505",261,2020,88.57,88.45,87.12,89.26,83.21,88.94
"14506",262,2020,85.02,88.89,86.6,86.75,86.22,91.32
"14507",263,2020,92.68,92.76,92.37,92.75,90.59,92.1
"14508",264,2020,90.7,88.96,89.01,89.02,87.99,87.64
"14509",265,2020,86.2,85.2,85.67,84.67,85.53,84.23
"14510",266,2020,87.94,87.21,87.47,87.8,90.74,86.86
"14511",267,2020,90.88,92.81,92.83,91.03,91.09,94.4
"14512",268,2020,92.63,91.94,93.32,89.85,91.48,91.71
"14513",269,2020,84.9,84.99,84.13,85.76,85.33,85.89
"14514",270,2020,87.09,86.81,87.57,88.26,90.72,87.05
"14515",271,2020,86.17,88.02,86.45,87.98,86.78,87.05
"14516",272,2020,83.27,84.95,85.26,83.49,87.63,84.67
"14517",273,2020,89.01,89.39,88.26,90.76,86.35,88.57
"14518",274,2020,97.1,95.78,95.64,96.29,93.16,93.9
"14519",275,2020,85.18,83.92,84.96,83.93,84.21,83.63
"14520",276,2020,87.21,85.75,87.78,83.49,85.23,83.91
"14521",277,2020,86.77,86.28,87.49,84.46,85.94,85.64
"14522",278,2020,93.25,93.53,93.53,93.29,93.53,94.37
"14523",279,2020,88.42,89.58,87.3,89.04,87.9,90.72
"14524",280,2020,83.72,84.28,84.35,83.74,84.51,83.27
"14525",281,2020,85.87,88.06,86.72,87.53,88.63,87.79
"14526",282,2020,94.4,93.99,93.09,95.56,91.1,94.98
"14527",283,2020,86.9,87.12,86.64,87.69,84.79,86.77
"14528",284,2020,84.85,85.28,86.17,85.84,84.3,83.68
"14529",285,2020,83.41,83.75,83.29,85.03,82.24,82.04
"14530",286,2020,88.75,90.78,88.35,90.3,89,90.12
"14531",287,2020,87.96,86.84,87.66,87.31,84.72,86.27
"14532",288,2020,83.35,84.4,86.06,83.47,88.16,83.62
"14533",289,2020,87.21,87.35,87.09,87.76,87.21,85.67
"14534",290,2020,90.2,87.89,89.66,88.73,91.26,87.07
"14535",291,2020,90.12,88.46,88.46,90.19,89.45,87.9
"14536",292,2020,86.39,87.64,87.83,87.68,87.51,89.21
"14537",293,2020,86.84,86.24,87.67,84.32,86.39,86.84
"14538",294,2020,86.83,86.45,88.81,86.57,85.08,86.28
"14539",295,2020,93.47,93.01,93.5,91.28,90.97,91.76
"14540",296,2020,95.16,94.65,95.13,93.92,93.02,92.57
"14541",297,2020,88.98,88.93,89.97,88.29,88.73,87.92
"14542",298,2020,87.42,86.6,86.98,85.09,84.77,85.56
"14543",299,2020,86.59,86.72,87.22,86.22,87.49,85.43
"14544",300,2020,88.08,87.62,87.32,90.82,87.33,87.22
"14545",301,2020,84.23,81.98,83.36,86.74,85.88,81.71
"14546",302,2020,85.95,87.73,86.61,87.31,86.11,88.16
"14547",303,2020,83.35,85,83.74,83.89,84.71,85.66
"14548",304,2020,88.6,89.86,87.68,88.66,88.45,90.58
"14549",305,2020,94.44,94.52,94.05,93.43,92.45,93.66
"14550",306,2020,89.04,86.48,88.17,88.69,88.33,87.22
"14551",307,2020,90.27,88.51,90.3,89.49,90.05,88.31
"14552",308,2020,92.15,93.88,92.1,92.36,92.35,92.78
"14553",309,2020,94.45,95.13,91.71,95.5,88.89,95.07
"14554",310,2020,90.47,91.3,88.95,89.98,87.96,92.95
"14555",311,2020,85.17,84.66,84.67,84.54,82.83,82.56
"14556",312,2020,90.51,90.15,90.82,88.2,90.86,90.76
"14557",313,2020,92.69,93.41,90.96,95.27,89.52,92.52
"14558",314,2020,89.43,88.53,88.95,88.97,88.34,87.74
"14559",315,2020,90.54,90.89,89.92,90.21,87.87,89.08
"14560",316,2020,87.58,87.01,85.99,87.99,80.08,84.97
"14561",317,2020,89.96,88.64,89.51,89.66,86.16,89.53
"14562",318,2020,89.83,88.31,87.94,91,88.66,88.5
"14563",319,2020,89.65,89.8,90.1,88.1,85.01,88.23
"14564",320,2020,90.84,89.31,89.02,91.6,83.75,88.05
"14565",321,2020,95.55,94.89,94.12,95.45,89.47,89.98
"14566",322,2020,90.61,91.82,92.45,91.3,90.62,95.43
"14567",323,2020,85.16,88.5,87.15,86.56,85.03,89.12
"14568",324,2020,89.95,91.03,90.74,89.14,88.64,90.62
"14569",325,2020,93.78,95.72,96.79,90.74,97.04,95.85
"14570",326,2020,91.31,90.81,91.55,90.06,89.33,91.28
"14571",327,2020,90.39,89.93,88.82,90.03,85.91,88.55
"14572",328,2020,92.44,92.12,91.43,94.5,87.23,93.51
"14573",329,2020,89.71,87.87,87.36,88.94,85.14,86.59
"14574",330,2020,88.49,87.98,86.59,91.26,81.28,85.04
"14575",331,2020,85.48,87.27,86.29,89.53,87.91,87.11
"14576",332,2020,92.29,92.94,91.37,93.5,86.47,92.16
"14577",333,2020,97.65,96.93,97.22,97.35,94.79,97.51
"14578",334,2020,90.53,91.05,91.49,90.53,90.06,91.07
"14579",335,2020,91.25,92.79,92.22,91.78,91.93,94.7
"14580",336,2020,94.51,94.21,91.29,96.05,91.84,91.58
"14581",337,2020,88.23,88.17,87.94,86.55,91.32,88.96
"14582",338,2020,87.41,89.25,90.79,86.64,90.24,89.38
"14583",339,2020,94.23,94.76,93.74,94.45,94.99,94.77
"14584",340,2020,86.11,87.26,86.03,87.13,89.67,87.36
"14585",341,2020,94.21,93.95,92.81,93.36,92.41,92.11
"14586",342,2020,89.53,90.11,89.55,89.47,87.66,91.64
"14587",343,2020,92.93,92.78,92.35,92.42,92.96,91.94
"14588",344,2020,90.15,89.02,88.82,91.18,87.41,88.69
"14589",345,2020,87.83,86.35,86.61,89.97,84.68,86.53
"14590",346,2020,84.36,87.82,87.06,83.69,89.45,88.97
"14591",347,2020,88.42,89.28,90.68,87.29,93.01,88.22
"14592",348,2020,90.2,91.6,91.29,88.37,91.67,91.48
"14593",349,2020,86.55,88.11,86.88,87.59,88.41,86.63
"14594",350,2020,91.08,91.52,92.11,88.01,91.64,90.29
"14595",351,2020,93.81,93.62,93.7,92.71,89.22,93.13
"14596",352,2020,96.07,95.85,95.7,95.41,94.01,95.93
"14597",353,2020,95.26,94.54,93.86,95.48,94.09,93.31
"14598",354,2020,91.3,88.04,90.55,89.38,90.65,87.34
"14599",355,2020,85.2,90.49,88.34,84.65,89.93,91.36
"14600",356,2020,88.33,90.99,89.66,88.67,89.75,90.95
"14601",357,2020,93.46,96.9,94.36,94.53,94.73,97.27
"14602",358,2020,91.31,91.77,89.44,92.02,89.73,90.43
"14603",359,2020,90.13,91.39,92.03,89.21,91.92,92.77
"14604",360,2020,90.7,91.81,91.85,91.9,93.08,91.55
"14605",361,2020,83.73,86.51,86.97,82.38,88.39,87.78
"14606",362,2020,74.69,78,78.13,75.28,80.59,79.98
"14607",363,2020,77.24,83.73,81.61,80.16,88.84,86.32
"14608",364,2020,93.2,96.85,94.01,95.97,96.36,99
"14609",365,2020,90.26,90.24,88.68,92.03,85.58,89.15
"14610",366,2020,85.98,87.25,85.53,87.17,84.49,86.93
"14611",1,2021,91.44,92.48,90.74,92.43,90.39,93.21
"14612",2,2021,91.84,92.9,92.14,89.66,93.23,93.24
"14613",3,2021,89.06,88.7,91.09,87.87,92.35,88.9
"14614",4,2021,77.99,82.04,82.13,79.22,90.37,85.51
"14615",5,2021,79.29,85.58,83.63,80.96,90.97,89.7
"14616",6,2021,79.67,86.62,86.62,78.67,96.99,90.11
"14617",7,2021,88.04,90.54,89.89,88.92,92.42,92.82
"14618",8,2021,94.61,94.74,94.35,95.84,96.53,94.05
"14619",9,2021,92.69,90.71,91.97,91.05,89.33,86.69
"14620",10,2021,89.46,91.44,89.63,89.26,85.11,90.03
"14621",11,2021,88.15,89.12,87.4,91.42,85.62,86.81
"14622",12,2021,86.51,88.4,89.79,87.18,90.67,90.58
"14623",13,2021,81.23,83.94,85.16,80.76,89.96,86.31
"14624",14,2021,82.72,86.5,88.82,81.71,91.3,89.78
"14625",15,2021,82.26,88.29,88.17,79.6,87.29,89.59
"14626",16,2021,77.39,84.52,85.68,76.21,87.67,88.79
"14627",17,2021,74.36,80.16,80.59,74.76,84.64,84.57
"14628",18,2021,78.18,86.06,84.46,79.78,88.92,90.24
"14629",19,2021,75.53,86.32,86.64,76.13,93.9,91.52
"14630",20,2021,81.79,92.12,92.46,78.32,97.25,95.57
"14631",21,2021,90.79,91.69,91.7,89.35,90.18,90.6
"14632",22,2021,99,98.29,98.68,97.33,96.85,98.18
"14633",23,2021,90.17,90.43,90.61,89.89,92.02,90.18
"14634",24,2021,93.99,93.71,92.57,93.82,92.14,92.25
"14635",25,2021,88.58,89.18,92.12,88.3,92.8,90.3
"14636",26,2021,88.85,92.16,93.14,85.38,95.31,93.06
"14637",27,2021,84.66,87.19,88.27,80.23,89.67,86.46
"14638",28,2021,75.06,77.89,82.45,73.54,91.51,83.52
"14639",29,2021,70.64,76.06,76.06,71.15,82.29,81.14
"14640",30,2021,72.06,74.69,76.45,71.06,86.31,78.7
"14641",31,2021,75.31,82.59,85.06,71.52,92.42,88.59
"14642",32,2021,86.58,89.88,92.93,81.36,95.59,92.8
"14643",33,2021,91.66,94.23,94.86,88.19,94.31,93.77
"14644",34,2021,88.79,91.16,90.44,86.38,90.92,92.73
"14645",35,2021,93.66,95.48,94.84,90.46,94.67,96.54
"14646",36,2021,90.52,91.92,90.18,92.55,91.94,92.53
"14647",37,2021,90.95,91.94,91.25,90.01,89.69,92.67
"14648",38,2021,90.19,90.53,90.49,88.82,88.35,90.35
"14649",39,2021,85.4,87.06,86.98,84.99,92.26,87.88
"14650",40,2021,84.58,86.65,85.81,80.68,89.06,88.55
"14651",41,2021,81.76,84.86,87.73,76.19,90.66,87.33
"14652",42,2021,75.82,83.33,85.43,71.09,88.83,86.41
"14653",43,2021,84.79,88.75,88.31,81.81,86.44,89.23
"14654",44,2021,88.05,87.58,92.23,82.65,93.12,89.2
"14655",45,2021,89.26,92.88,91.32,88.9,91.97,93.3
"14656",46,2021,79.82,85.45,84.02,78.96,86.94,88.13
"14657",47,2021,80.05,85.78,84.19,77.54,86.44,85.48
"14658",48,2021,76.85,81.6,82.06,71.38,85.52,84.51
"14659",49,2021,67.59,75.53,76.8,64.31,85.78,81.79
"14660",50,2021,68.3,75.05,75.8,65.45,85.6,80.52
"14661",51,2021,70.08,81.34,80.11,67.05,90.34,90
"14662",52,2021,79.48,86.75,84.18,75.42,90.55,91.34
"14663",53,2021,81.82,86.24,83.67,76.99,84.98,88.62
"14664",54,2021,91.78,94,94.34,86.73,95.85,94.02
"14665",55,2021,91.36,93.94,93.01,91.4,95.79,94.84
"14666",56,2021,86.21,88.17,89.62,83.46,93.99,88.77
"14667",57,2021,84.29,85.85,88.73,77.78,93.7,87.66
"14668",58,2021,90.35,92.76,93.27,86.39,93.19,94.72
"14669",59,2021,88.36,88.95,91.4,82.26,92.38,90.43
"14670",60,2021,79.78,84.78,89.28,71.11,93.14,91.62
"14671",61,2021,69.5,76.96,76.93,65.36,83.71,80.01
"14672",62,2021,70.07,76.59,78.33,64.03,88.34,78.83
"14673",63,2021,78.89,84.77,84.31,74.49,88.79,87.61
"14674",64,2021,85.14,89.96,90.9,81.35,93.4,91.31
"14675",65,2021,84.83,88.4,88.36,81.44,89.86,88.06
"14676",66,2021,94.52,94.82,94.17,92.23,94.84,94.84
"14677",67,2021,96.28,96.32,95.68,95.26,93.22,96.21
"14678",68,2021,91.72,89.58,90.04,89.83,92.88,90.25
"14679",69,2021,92.95,94.79,93.65,91.69,92.47,94.53
"14680",70,2021,93.33,94.6,95.61,93.06,95.06,97.03
"14681",71,2021,87.8,88.19,88.6,87.92,90.68,87.7
"14682",72,2021,95.46,94.18,93.14,93.97,88.65,91.39
"14683",73,2021,88.58,88.58,86.74,90.2,85.7,88.99
"14684",74,2021,90.89,92.72,90.93,91.42,91.56,93.75
"14685",75,2021,94.06,94.09,94.22,94.4,94.29,94.82
"14686",76,2021,95.34,94.97,94.69,95.68,94.46,95.75
"14687",77,2021,94.83,93.98,93.32,93.89,87.52,91.8
"14688",78,2021,84.59,83.62,81.62,85.92,85.06,83.83
"14689",79,2021,81.91,87.19,86.62,80.46,90.98,88.63
"14690",80,2021,80.05,83.81,83.03,78.68,83.34,85.53
"14691",81,2021,92.67,95,94.15,92.68,94.69,94.23
"14692",82,2021,87.12,88.85,91.62,85.5,96.77,92.8
"14693",83,2021,84.93,85.64,86.04,83.93,87.36,86.91
"14694",84,2021,92.46,91.29,90.98,91.74,89.29,89.01
"14695",85,2021,92.39,93.73,94.11,92.17,94.7,94.77
"14696",86,2021,85.65,86.64,86.85,88.21,88.43,86.98
"14697",87,2021,94.04,93.76,94.27,94.81,95.68,92.96
"14698",88,2021,89.51,91.53,92.28,89.04,95.16,93.34
"14699",89,2021,95.41,92.36,93.05,94.72,94.48,92.67
"14700",90,2021,93.88,93.11,92.55,96.49,94.55,93.75
"14701",91,2021,90.09,89.58,91.41,91.12,93.25,90.8
"14702",92,2021,93.21,92.32,93.71,93.38,93.55,93.33
"14703",93,2021,91.57,91.33,92.33,90.81,93.2,91.73
"14704",94,2021,95.93,94.94,95.94,94.16,95.59,95.62
"14705",95,2021,92.93,93.03,93.47,92.37,94.12,95.88
"14706",96,2021,91.05,91.96,90.81,93.25,89.87,91.52
"14707",97,2021,88.52,87.32,88.87,89.14,91.22,89.05
"14708",98,2021,84.8,87.93,85.6,87.39,86.28,88.74
"14709",99,2021,88.06,88.62,86.73,90.68,87.84,90.83
"14710",100,2021,84.44,84.62,84.51,86.62,84.97,85.4
"14711",101,2021,92.61,91.89,91.76,93.01,91.24,92.8
"14712",102,2021,94.68,92.37,92.19,94.44,86.5,89.71
"14713",103,2021,91.06,91.23,90.77,90.77,91.71,90.77
"14714",104,2021,90.96,92.03,89.83,91.65,88.78,91.52
"14715",105,2021,86.17,88.98,87.81,86.89,87.8,90.67
"14716",106,2021,86.28,89.6,85.57,87.88,87.71,91.34
"14717",107,2021,93.89,93.27,91.55,89.91,89.47,91.98
"14718",108,2021,89.05,89.15,86.41,91.29,87.31,91.02
"14719",109,2021,94.1,93.22,92.61,92.59,89.18,90.41
"14720",110,2021,91.82,91.51,92.08,88.36,93.04,90.46
"14721",111,2021,89.78,91.35,93.81,85.59,93.27,90.19
"14722",112,2021,90.41,93.81,93.84,87.99,95.12,94.78
"14723",113,2021,92.8,94.08,94.47,90.94,96.07,95.44
"14724",114,2021,87.93,86.41,88.36,87.23,90.84,87.89
"14725",115,2021,89.21,91.51,91.87,87.84,95.48,92.23
"14726",116,2021,91.08,92.31,90.27,92.55,89.48,92.8
"14727",117,2021,99.06,98.39,99.11,98.79,97.66,97.02
"14728",118,2021,92.39,91.81,92,92.9,93.94,92.34
"14729",119,2021,91.34,95.5,94.9,93.31,99.19,94.46
"14730",120,2021,96.45,96.68,93.84,96.89,92.66,96.52
"14731",121,2021,95.18,93.86,95.4,94.41,94.83,91.05
"14732",122,2021,89.89,91.57,92.73,90.8,92.63,93.52
"14733",123,2021,89.81,88.8,89.93,90.6,91.94,90.16
"14734",124,2021,89.34,86.31,86.5,89.78,81.28,83.41
"14735",125,2021,92.92,92.41,90.56,91.99,86.77,91.7
"14736",126,2021,93.67,90.74,91.04,92.61,88.54,87.64
"14737",127,2021,86.7,90.66,88.5,89.71,93.79,90.83
"14738",128,2021,94.57,94.79,95.61,94.84,94.86,94.3
"14739",129,2021,93.5,93.5,93.09,95.39,88.73,93.35
"14740",130,2021,94.69,95.25,91.51,96.24,87.75,95.67
"14741",131,2021,91.9,93.66,89.06,96.54,86.03,95.54
"14742",132,2021,90.2,88.94,87.58,91.02,90.89,89.57
"14743",133,2021,95.76,93.91,95.05,95.45,95.32,94.06
"14744",134,2021,91.58,91.8,91.65,91.49,88.85,89.67
"14745",135,2021,98.68,97.38,98.84,96.79,98.04,96.23
"14746",136,2021,92.58,90.89,90.3,91.57,89.78,89.4
"14747",137,2021,99.37,98.27,98.34,98.85,94.31,96.83
"14748",138,2021,87.11,88.07,88.29,85.89,90.28,89.85
"14749",139,2021,91.95,91.83,90.18,92.96,94.16,92.63
"14750",140,2021,86.72,87.16,86.4,88.4,89.36,90.3
"14751",141,2021,90.45,89.86,88.51,91.4,87.02,90.21
"14752",142,2021,93.52,93.5,93.56,93.63,89.81,92.75
"14753",143,2021,92.9,90.68,91.31,92.47,87.75,89.45
"14754",144,2021,92.53,90.44,91.01,91.25,88.94,89.05
"14755",145,2021,94.66,94.05,93.14,97.32,93.78,93.85
"14756",146,2021,97.06,97.05,97.28,95.26,97.64,98.6
"14757",147,2021,90.14,90.4,88.99,90.21,88.63,90.78
"14758",148,2021,81.44,84.21,84.23,83.73,88.68,85.99
"14759",149,2021,86.99,89.32,87.61,90.11,86.51,89.61
"14760",150,2021,91.44,92.61,87.47,95.04,94.88,94.32
"14761",151,2021,91.55,87.72,85.81,91.74,88.41,85.92
"14762",152,2021,85.58,84.21,84.28,85.69,86.97,85.7
"14763",153,2021,88.93,85.03,84.58,88.69,84.93,85.39
"14764",154,2021,92.86,89.47,91.14,89.64,90.41,88.62
"14765",155,2021,94.65,91.52,93.6,91.96,89.47,88.96
"14766",156,2021,89.03,91.71,91.67,88.82,92.07,91.08
"14767",157,2021,87.83,86.42,88.83,86.12,89.77,87.39
"14768",158,2021,92.58,91.37,94.94,89.27,93.43,91.28
"14769",159,2021,96.29,94.27,94.55,94.95,91.23,92.77
"14770",160,2021,91.64,94.17,92.11,94.54,95.54,97.69
"14771",161,2021,85.49,85.58,82.13,87.17,82.35,86.75
"14772",162,2021,88.03,89.56,87,84,80.99,90.92
"14773",163,2021,96.1,96.85,97.15,95.23,96.67,96.29
"14774",164,2021,92.54,91.85,94.27,90.15,95.73,91.56
"14775",165,2021,92.18,93.14,91.6,92.69,93.89,95.03
"14776",166,2021,92.55,90.08,92.69,89.66,96.96,90.2
"14777",167,2021,91.69,86.76,88.33,91.64,90.33,84.46
"14778",168,2021,89.36,88.7,88.54,86.81,90.96,88.38
"14779",169,2021,91.89,90.96,92.1,87.93,91.65,92.38
"14780",170,2021,90.58,92.52,93.16,89.44,92.9,93.71
"14781",171,2021,94.95,92.95,94.33,94.04,93.3,93.36
"14782",172,2021,89.51,89.03,89.95,86.65,90.18,90.39
"14783",173,2021,86.93,85.69,88.42,84.91,90.03,85.73
"14784",174,2021,93.79,93.49,93.06,94.77,89.33,92.03
"14785",175,2021,87.92,87.39,86.14,87.24,86.64,88.47
"14786",176,2021,86.63,85.82,87.4,84.02,88.69,85.2
"14787",177,2021,90.97,90.85,88.33,91.3,87.2,91.13
"14788",178,2021,84.09,84.82,82.67,82.93,82.75,88.32
"14789",179,2021,85.63,86.6,86.18,85.24,85.66,87.84
"14790",180,2021,93.25,93.33,94.12,91.08,94.98,95.42
"14791",181,2021,88.75,87.19,88.79,84.54,86.66,87.87
"14792",182,2021,76.26,76.17,75.6,75.03,73.34,75.89
"14793",183,2021,76.5,78.33,74.71,77.38,73.52,78.26
"14794",184,2021,73.5,72.11,72.97,72.08,74.26,73.08
"14795",185,2021,84.93,86.24,84.13,86.77,86.88,88.64
"14796",186,2021,90.7,91.94,94.23,87.57,88.57,95.52
"14797",187,2021,85.87,89,92.1,85.6,91.57,92.62
"14798",188,2021,91.86,92.02,92.46,88.68,92.06,90.87
"14799",189,2021,90.37,90.74,90.98,91.4,91.89,91.61
"14800",190,2021,92.05,89.18,89.87,92.07,86.78,88.53
"14801",191,2021,92.38,95.63,93.02,95.08,93.82,96.02
"14802",192,2021,94.13,94.01,93.24,93.54,91.42,93.63
"14803",193,2021,93.77,93.54,93.54,91.81,95.58,93.15
"14804",194,2021,95.16,94.08,93.72,94.2,93.6,93.12
"14805",195,2021,88.59,89.72,87.26,88.65,92.64,90.31
"14806",196,2021,90.35,90.32,88.72,87.88,92.73,88.96
"14807",197,2021,88.37,88.54,87.63,88.81,88.41,88.76
"14808",198,2021,87.96,90.7,91.23,85.23,95.45,92.44
"14809",199,2021,94.47,93.85,93.8,91.98,91.18,93.09
"14810",200,2021,94.76,92.12,94.54,92.04,94.42,90.09
"14811",201,2021,93.38,93.71,95.21,90.8,94.65,94.74
"14812",202,2021,96.47,95.06,94.73,92.67,88.18,93.43
"14813",203,2021,94.76,93.74,93.89,92.67,89.12,92.58
"14814",204,2021,92.92,93.92,92.84,91.22,90.74,94.33
"14815",205,2021,94.65,96.51,94.26,96.12,93.79,96.53
"14816",206,2021,91.67,92.05,92.16,90.45,91.79,91.3
"14817",207,2021,96.83,96.04,94.26,95.73,93.37,96.8
"14818",208,2021,89.59,91.3,88.93,90.97,91.76,92.73
"14819",209,2021,89.79,90.34,89.29,89.05,88.26,90.31
"14820",210,2021,83.72,81.22,85.11,81.87,87.76,80.98
"14821",211,2021,88.09,90.97,85.48,92.42,82.96,91.05
"14822",212,2021,81.18,81.29,80.17,83.82,78.02,80.91
"14823",213,2021,82.86,80.94,79.96,84.67,77.11,80.97
"14824",214,2021,91.49,85.93,88.18,89.44,88.72,85.51
"14825",215,2021,85.99,86.51,86.2,84.13,88.29,89.72
"14826",216,2021,90,90.5,88.88,90.67,86.32,90.06
"14827",217,2021,94.27,96.27,94.96,95.62,96.04,97.25
"14828",218,2021,86.88,88,87.26,87.74,88.34,88.88
"14829",219,2021,89.04,89.14,89.14,88.63,90.55,87.86
"14830",220,2021,86.16,87.34,86.15,88.56,86.21,88.54
"14831",221,2021,87.81,85.27,86.69,85.49,82.52,84.22
"14832",222,2021,89.77,88.89,89.42,88.82,86.89,89.56
"14833",223,2021,89,88.75,88.44,87.81,88.71,88.73
"14834",224,2021,92.99,95.32,94.76,92.78,95.87,95.53
"14835",225,2021,89.23,91.27,88.7,90.73,91.48,92.16
"14836",226,2021,94.38,95.17,93.08,96.02,93.2,96.29
"14837",227,2021,89.46,90.47,88.9,90.4,89.88,89.48
"14838",228,2021,87.4,87.51,85.7,88.1,86.57,86.62
"14839",229,2021,94.34,93.98,92.7,92.68,90.54,91.85
"14840",230,2021,88.31,87.53,88.45,87.84,89.93,87.27
"14841",231,2021,86.35,87.19,84.71,88.9,86.8,86.58
"14842",232,2021,87.48,88.28,88.65,87.88,89.88,87.86
"14843",233,2021,91.54,92.31,90.29,92.94,89.16,91.93
"14844",234,2021,88.41,87.71,87.69,88.42,86.27,85.17
"14845",235,2021,90.65,92.27,89.9,89.67,89.13,92.89
"14846",236,2021,81.66,84.06,82.48,82.89,84.84,84.8
"14847",237,2021,84.62,84.09,83.5,84.62,83.29,84.5
"14848",238,2021,83.8,84.25,84.64,82.35,84.87,83.34
"14849",239,2021,92.06,91.38,91.34,89.63,88.32,90.19
"14850",240,2021,89.23,86.44,88.67,86.95,83.02,85.33
"14851",241,2021,95.76,95.43,94.66,96.19,91.02,95.25
"14852",242,2021,90.79,89.29,91.3,89.55,90.93,89.46
"14853",243,2021,85.92,87.5,88.53,86.58,93.41,91.08
"14854",244,2021,91.84,91.45,90.79,89.91,90.36,92.94
"14855",245,2021,85.26,83.73,83.9,85.54,84.88,84.41
"14856",246,2021,91.01,87.89,88.97,90.65,87.65,87.46
"14857",247,2021,90.13,89.97,88.74,91.84,86.84,88.68
"14858",248,2021,85.85,85.31,84.47,87.61,83.88,83.87
"14859",249,2021,92.53,92.84,92.1,90.75,91.86,93.25
"14860",250,2021,92.97,94.29,96,91.28,96.2,95.61
"14861",251,2021,87.17,88.24,87.96,87.29,86.93,87.67
"14862",252,2021,82.89,82.42,84.58,81.62,87.09,83.94
"14863",253,2021,85.01,84.4,85.29,85.96,87.63,87.17
"14864",254,2021,87.53,88.47,87.85,91.43,92.54,89.74
"14865",255,2021,90.08,88.76,90.07,89.09,90.55,87.66
"14866",256,2021,84.51,85.12,85.18,85.92,86.05,85.89
"14867",257,2021,82.78,82.45,83.51,82.27,84.28,82.69
"14868",258,2021,86.47,86.69,88.56,86.17,91.47,86.34
"14869",259,2021,88.34,88.96,88.83,89.84,89.47,88.39
"14870",260,2021,89.15,88.61,91.2,85.69,92.75,88
"14871",261,2021,89.85,91.8,90.43,88.24,88.68,91.11
"14872",262,2021,81.76,82.17,82.22,81.48,85.17,83.42
"14873",263,2021,86.15,85.71,86.49,86.52,86.37,86.9
"14874",264,2021,91.04,91.21,90.28,92.81,88.05,89.91
"14875",265,2021,90.45,92.91,90.61,92.43,91.85,92.56
"14876",266,2021,93.06,93.61,94.42,91.27,92.64,93.67
"14877",267,2021,90.89,90.93,90.62,90.94,90.13,89.51
"14878",268,2021,94.8,92.91,93.96,91.49,90.7,92.42
"14879",269,2021,84.41,84.86,84.68,84.84,84.71,84.61
"14880",270,2021,85.91,87.77,86.87,87.46,88.91,86.36
"14881",271,2021,88.67,87.64,87.39,89.27,84.89,87.04
"14882",272,2021,89.27,92.06,91.78,90.12,89.45,92.96
"14883",273,2021,88.74,87.58,87.71,89.97,88.21,86.3
"14884",274,2021,88.21,88.99,87.88,86.82,85.48,89.75
"14885",275,2021,83.29,82.29,83.24,83.11,82.37,81.82
"14886",276,2021,88.15,88.56,89.25,87.87,87.69,85.57
"14887",277,2021,92.7,91.31,93.02,91.12,92.57,91.48
"14888",278,2021,91.12,91.05,92.1,90.89,92.99,91.79
"14889",279,2021,93.79,92.2,92.57,93.45,91.79,90.8
"14890",280,2021,89.45,89.64,89.95,89.4,91.75,90.07
"14891",281,2021,86.55,84.23,89.26,82.56,89.02,83.83
"14892",282,2021,86.66,85.44,86.77,85.3,87.95,85.73
"14893",283,2021,91.31,92.67,92.68,88.17,87.2,92.18
"14894",284,2021,91.14,89.26,89.76,89.96,86.94,90.08
"14895",285,2021,95.63,93.41,92.88,96.15,93.49,92.76
"14896",286,2021,84.83,83.48,83.09,85.61,84.39,83.39
"14897",287,2021,83.33,81.46,82.54,82.83,81.84,79.92
"14898",288,2021,88.47,88.08,87.44,87.49,85.64,86.68
"14899",289,2021,92.08,94.02,92.83,92.96,92.26,93.09
"14900",290,2021,86.65,86.77,87.3,86.77,87.65,87.18
"14901",291,2021,83.76,82.31,83.51,84.14,84.73,81.67
"14902",292,2021,88.08,89.06,87.87,88.94,88.13,86.92
"14903",293,2021,93.07,91.06,92.53,93.1,93.48,90.06
"14904",294,2021,93.27,91.49,91.25,92.81,91.06,92.29
"14905",295,2021,85.87,87.16,87.03,87.99,85.52,86.32
"14906",296,2021,85.83,84.43,87.22,87,89.88,84
"14907",297,2021,86.71,87.24,86.5,88.53,87.98,86.5
"14908",298,2021,89.1,90.88,90.2,88.98,90.7,92.32
"14909",299,2021,91.96,90.34,89.8,89.99,83.31,86.17
"14910",300,2021,92.27,90.27,90.33,91.8,86.18,88.18
"14911",301,2021,94.7,92.78,94.44,92.72,92.7,90.13
"14912",302,2021,86.32,87.48,86.47,88.66,90.51,88.46
"14913",303,2021,90.83,91.47,88.67,91.65,87.2,91.51
"14914",304,2021,89.01,85.45,86.69,88.96,90.06,85.71
"14915",305,2021,86.8,84.92,83.97,87.42,86.76,83.94
"14916",306,2021,87.78,89.53,90.45,87.86,94.7,89.69
"14917",307,2021,90.26,92.33,90.95,93.46,92.74,95.37
"14918",308,2021,91,90.13,90.55,92.2,89.59,88.11
"14919",309,2021,92.35,91.93,94.3,91.71,93.49,92.19
"14920",310,2021,88.03,87.54,88.6,87.53,90.05,86.91
"14921",311,2021,90.09,91.8,91.31,90.12,92.04,92.66
"14922",312,2021,90.16,91.67,91.32,90.5,87.01,91.38
"14923",313,2021,88.82,92.92,91.28,88.91,91.43,93.3
"14924",314,2021,87.9,86.69,88.16,87.62,89.45,86.27
"14925",315,2021,77.05,79.4,81.73,76.99,85.8,81.96
"14926",316,2021,76.48,81.93,84.72,76.27,93.35,88.49
"14927",317,2021,86.95,89.5,91.16,84.61,93.29,92.71
"14928",318,2021,88.84,90.59,92.41,90.49,93.81,88.96
"14929",319,2021,83.74,87.57,89.12,81.83,92.13,90.52
"14930",320,2021,77.97,81.25,85.2,76.7,94.29,86.3
"14931",321,2021,76.43,83.23,84.42,75.69,91.36,89.58
"14932",322,2021,73.58,81.03,81.87,73.07,89.21,86.21
"14933",323,2021,78.13,85.96,85.26,77.81,91.17,90.1
"14934",324,2021,93.44,95.58,92.22,93.18,95.55,95.42
"14935",325,2021,89.93,87.89,91.07,88,90.71,87.88
"14936",326,2021,86.1,86.75,89.99,83.12,88.13,87.46
"14937",327,2021,92.74,93.32,92.09,92.47,90.49,93.46
"14938",328,2021,87.27,88.34,87.16,89.69,89.12,91.08
"14939",329,2021,91.17,89.14,89.89,89.56,89.71,89.69
"14940",330,2021,85.48,84.42,83.96,85.14,84.48,86.33
"14941",331,2021,87.14,85.78,87.53,85.84,86.9,86.06
"14942",332,2021,85.73,87.01,86.29,87.1,88.88,88.21
"14943",333,2021,93.73,94.67,94.83,93.05,92.11,94.47
"14944",334,2021,88.82,89.94,91.49,85.95,92.92,90.73
"14945",335,2021,84.25,85.59,86.85,82.24,86.9,86.17
"14946",336,2021,89,92.4,91.17,89.63,85.22,90.12
"14947",337,2021,87.16,88.5,87.93,88.62,88.49,87.76
"14948",338,2021,89.64,94.46,92.73,92.8,93.46,95.05
"14949",339,2021,83.77,86.57,86.34,84.88,87.03,87.63
"14950",340,2021,87.38,87.53,90.41,85.38,92.41,87.71
"14951",341,2021,90.72,89.37,90.41,89.86,90.54,89.48
"14952",342,2021,88,86.43,88.33,86.23,87.57,87.02
"14953",343,2021,79.89,79.97,81.31,80.17,90.1,81.9
"14954",344,2021,77.18,81.61,83.47,78.17,93.86,86.76
"14955",345,2021,78.43,89.33,87.3,79.5,93.12,91.94
"14956",346,2021,74.06,80.29,78.02,75.47,86.18,85.46
"14957",347,2021,73.6,78.14,76.85,74.51,84.69,83.09
"14958",348,2021,78.1,84.96,83.92,80.18,90.68,91.79
"14959",349,2021,85.79,89.3,87.42,86.42,92.86,89
"14960",350,2021,91.34,91.62,91.72,90.74,94.45,91.79
"14961",351,2021,95.35,95.32,95.71,95.42,93.05,95.76
"14962",352,2021,92.85,93.93,94.69,91.08,94.25,94.93
"14963",353,2021,86.27,90.75,89.29,85.24,89.89,91.14
"14964",354,2021,87.93,92.29,91.11,88.92,93.25,92.28
"14965",355,2021,87.89,89.56,88.83,88.61,92.1,89.26
"14966",356,2021,86.16,86.55,87.74,85.58,91.13,86.55
"14967",357,2021,87.03,89.04,92.58,84.58,94.06,88.77
"14968",358,2021,90.73,92.91,92.53,90.81,90.64,93.19
"14969",359,2021,88.99,88.41,87.7,88.99,87.55,89.33
"14970",360,2021,88.86,91.73,89.84,89.01,89.93,92.07
"14971",361,2021,87.34,88.49,87.21,85.83,85.26,87.74
"14972",362,2021,75.57,77.65,78.81,73.54,84.79,79.34
"14973",363,2021,75.21,81.56,84.99,75.23,93.37,87.35
"14974",364,2021,87.36,88.47,89.95,86,90.84,89.87
"14975",365,2021,82.22,84.78,85.83,81.14,87.12,87.42
"14976",1,2022,78.98,85.62,86.69,76.99,91.4,92.34
"14977",2,2022,73.21,79.21,78.64,72.99,83.74,83.17
"14978",3,2022,68.58,72.73,71.5,68.69,76.84,74.6
"14979",4,2022,63.55,66.4,66.09,63.06,72.26,68.7
"14980",5,2022,61.79,65.71,65.06,61.39,71.37,68.22
"14981",6,2022,66,72.31,72.65,65.15,79.4,77.17
"14982",7,2022,70.52,76.56,75.83,70.88,81.86,77.7
"14983",8,2022,66.34,71.64,71.01,65.48,78.28,74.17
"14984",9,2022,59.78,66.43,65.96,58.98,79.91,74.13
"14985",10,2022,59.24,62.74,64.09,57.22,76.26,66.29
"14986",11,2022,59.12,63.76,63.94,58.13,71.39,67.04
"14987",12,2022,59.86,63.02,63.91,56.71,73.73,67.81
"14988",13,2022,61.71,67.6,69.64,56.99,78.72,73.94
"14989",14,2022,70.89,73.78,75.01,67.05,78.15,77.02
"14990",15,2022,79.99,80.42,83.59,75.2,85.4,81.74
"14991",16,2022,89.87,90.9,91.78,86.89,91.79,92.46
"14992",17,2022,87.28,87.24,86.19,88.74,85.68,86.98
"14993",18,2022,84.17,84.1,84.27,84.6,84.28,84.28
"14994",19,2022,93.99,94.4,93.85,92.32,90.6,93.51
"14995",20,2022,91.89,90.87,93.99,86.04,94.53,89.23
"14996",21,2022,93.33,94.21,93.98,89.84,95.78,95.88
"14997",22,2022,86.4,88.2,87.52,86.41,88.53,87.77
"14998",23,2022,92.06,91.76,91.75,89.77,92.15,93.55
"14999",24,2022,85.63,86.25,87.48,83.7,90.56,88.78
"15000",25,2022,89.71,92.4,91.68,87.15,93.76,94.53
"15001",26,2022,90.6,88.89,91.23,85.08,89.85,90.01
"15002",27,2022,84.08,85.96,86.11,79.8,89.47,88.51
"15003",28,2022,69.52,74.02,73.49,63.7,78.79,76.69
"15004",29,2022,63.8,64.98,65.9,57.17,71.45,66.28
"15005",30,2022,60.66,61.18,62.37,54.24,67.75,63.57
"15006",31,2022,61.08,62.85,63.12,55.82,70.18,65.46
"15007",32,2022,64.4,67.76,66.06,59.68,72.01,67.18
"15008",33,2022,67.37,70.2,69.77,62.09,76.84,74.02
"15009",34,2022,85.3,88.26,86.22,82.12,89.73,90.61
"15010",35,2022,85.26,85.62,86,81.98,91.12,88.27
"15011",36,2022,90.96,89.91,88.86,85.78,89.06,92.79
"15012",37,2022,90.67,87.87,88.13,85.83,89.53,87.23
"15013",38,2022,96.84,96.1,96.33,95.42,95.35,96.27
"15014",39,2022,95.55,93.54,95.57,92.88,97.4,93.83
"15015",40,2022,94.48,94.32,93.33,94.79,90.76,94.64
"15016",41,2022,87.68,87.7,87.43,87.29,89.32,88.52
"15017",42,2022,85.11,85.82,85.34,83.66,84.83,85.63
"15018",43,2022,81.29,86.38,84.67,81.65,87.62,88.74
"15019",44,2022,84.39,86.76,87.23,82.72,89.79,88.82
"15020",45,2022,89.91,95.51,94.59,86.21,95.81,96.65
"15021",46,2022,83.75,86.47,86.76,82.1,86.58,87.95
"15022",47,2022,82.23,84.96,86.99,76.32,88.19,86.81
"15023",48,2022,93.61,93.92,95.57,86.87,96.23,96.92
"15024",49,2022,83.49,88.19,86.97,82.3,89.7,90.56
"15025",50,2022,75.36,78.73,77.52,74.33,82.12,80.78
"15026",51,2022,69.09,73.85,73.66,66.56,81.17,79.51
"15027",52,2022,64.08,70.08,70.21,61.99,82.39,76.67
"15028",53,2022,66.52,77.21,77,64.26,86.54,85.67
"15029",54,2022,89.45,96.07,94,89.58,92.82,96.76
"15030",55,2022,87.79,89.52,88.72,85.4,90.61,90.04
"15031",56,2022,89.97,92.47,91.8,87.63,95.08,94.59
"15032",57,2022,92.69,92.44,93.88,90.89,95.15,93.88
"15033",58,2022,96.91,94.8,96.74,94.02,96.42,96.59
"15034",59,2022,92.93,94.2,94.08,91.31,94.2,95.29
"15035",60,2022,89.79,87.9,89.61,88.63,88.11,87.41
"15036",61,2022,91.74,91.72,91.27,92.3,89.42,91.8
"15037",62,2022,98.33,98.01,98.94,97.4,97.47,98.26
"15038",63,2022,93.82,90.41,91.16,92.25,90.57,89.26
"15039",64,2022,92.81,92.18,89.39,94.21,89.07,92.98
"15040",65,2022,84.3,85.12,84.91,83.25,90.34,86.78
"15041",66,2022,79.89,79.74,81.21,78.5,89.74,83.74
"15042",67,2022,77.53,82.45,81.58,78.13,89.58,87
"15043",68,2022,81.5,86.12,83.75,82.55,85.56,89.39
"15044",69,2022,90.64,93.74,91.61,90.77,89.39,93.92
"15045",70,2022,86.37,86.63,87.99,87.36,86.94,86.59
"15046",71,2022,96.77,94.66,96.11,94.33,93.71,94.06
"15047",72,2022,96,95.77,94.32,96.41,95.15,96.08
"15048",73,2022,87.47,88.97,87.5,89.87,86.89,89.36
"15049",74,2022,88.49,91.32,90.67,89.49,90.31,92.11
"15050",75,2022,89.48,92.62,92.16,90.22,94.99,93.83
"15051",76,2022,93.82,93.64,93.53,92.57,89.43,93.94
"15052",77,2022,90.14,93.53,90.75,91.44,88.72,92.92
"15053",78,2022,91.35,92.12,90.74,91.47,90.89,93.46
"15054",79,2022,89.56,91,92.72,88.47,94.34,91.99
"15055",80,2022,88.96,91.54,90.89,87.31,92.56,91.96
"15056",81,2022,94.83,94.28,94.16,93.75,92.16,93.43
"15057",82,2022,93.17,93.82,94.2,90.69,93.94,95.51
"15058",83,2022,83.26,84.52,86.36,80.99,91.22,90.4
"15059",84,2022,88.9,93.5,93.28,88.65,96.8,96.17
"15060",85,2022,92.45,92.84,94.32,92.29,95.23,95
"15061",86,2022,95.49,96.02,96.76,93.86,97.35,97.24
"15062",87,2022,97.87,98.57,98.89,94.95,98.99,99.36
"15063",88,2022,95.68,97.7,95.96,95.69,94.15,98.14
"15064",89,2022,84.91,84.57,85.4,83.77,87.8,84.5
"15065",90,2022,78.6,80.65,83.65,77.14,90.44,83.2
"15066",91,2022,82.12,82.86,86.07,78.76,87.7,83.97
"15067",92,2022,89.25,88.43,90.45,86.22,90.4,87.56
"15068",93,2022,85.65,83.67,83.82,85.82,83.94,83.76
"15069",94,2022,84.21,84.12,83.95,83.44,83.45,85.6
"15070",95,2022,89.98,91.8,91.8,89.78,91.14,93.3
"15071",96,2022,94.85,93.86,91.97,93.36,88.49,94.18
"15072",97,2022,88.5,87.57,90.33,88.67,92.42,86.96
"15073",98,2022,87.77,88.41,87.74,87.22,90.83,88.25
"15074",99,2022,91.84,92.52,92.96,91.97,93.13,91.95
"15075",100,2022,94.16,91.97,93.16,92.94,94.88,88.15
"15076",101,2022,91.6,96.22,94.1,93.76,94.11,96.75
"15077",102,2022,82.55,84.25,81.59,83.88,87.61,85.13
"15078",103,2022,81.27,82.29,82.73,81.88,85.69,84.65
"15079",104,2022,89.87,90.25,94.24,87.66,96.8,91.08
"15080",105,2022,89.75,89.44,89.92,89.46,86.79,90.8
"15081",106,2022,93.49,90.95,93.73,92.49,93.92,88.61
"15082",107,2022,90.3,90.95,92.61,90.55,93.04,92.17
"15083",108,2022,95.79,93.96,93.96,91.87,97.35,93.34
"15084",109,2022,95.61,95.92,95.14,92.72,97.29,95.31
"15085",110,2022,92.32,95.04,93.75,91.68,97.17,95.03
"15086",111,2022,91.45,89.22,90.26,90.23,91.81,88.33
"15087",112,2022,91.33,92.94,90.83,92.59,87.9,91.14
"15088",113,2022,81.52,82.97,82.68,80.87,85.4,85.5
"15089",114,2022,91.85,92.35,92.34,91.05,94.46,93.54
"15090",115,2022,88.44,88.01,88.04,88.97,88.19,86.77
"15091",116,2022,89.42,89.64,90.09,86.47,89.99,91.26
"15092",117,2022,85.43,86.91,87.16,85.69,90.7,88.3
"15093",118,2022,86.65,85.26,86,84.07,81.56,83.36
"15094",119,2022,95.07,93.32,94.08,94.11,95.74,91.8
"15095",120,2022,96.89,95.5,95.94,96.36,91.72,96.2
"15096",121,2022,88.32,91.09,89.64,89.26,91.69,91.86
"15097",122,2022,82.65,82.86,83.61,82.54,84.64,81.33
"15098",123,2022,81.15,82.4,83.4,81.01,86.18,82.99
"15099",124,2022,90.06,89.13,89.88,89.6,86.24,87.96
"15100",125,2022,97.59,95.82,97.46,97.23,95.62,93.51
"15101",126,2022,86.53,90.74,88.73,89.86,88.69,89.79
"15102",127,2022,96.09,97.82,96.69,98.28,93.33,96.87
"15103",128,2022,94.32,95.35,95.75,94.17,92.68,94.32
"15104",129,2022,84.98,83.95,84.12,87.3,84.31,83.11
"15105",130,2022,92.67,90.18,90.21,92.93,88.47,87.55
"15106",131,2022,91.25,89.84,93.01,89.31,92.47,88.13
"15107",132,2022,95.3,93.94,93.25,94.98,94.34,90.19
"15108",133,2022,90.1,90.56,90.64,90.93,91.83,90.67
"15109",134,2022,98.23,95.38,97.97,95.56,95.36,93.18
"15110",135,2022,88.71,87.66,88.79,87.55,89.18,89.16
"15111",136,2022,94.32,93.1,91.95,95.49,92.57,91.33
"15112",137,2022,96.04,94.1,97.78,92.14,94.98,93.37
"15113",138,2022,99.24,99.23,98.98,99.07,99,99.73
"15114",139,2022,97.13,95.1,92.84,97.47,89.36,95.33
"15115",140,2022,87.48,87.21,85.35,88.93,84.68,89.05
"15116",141,2022,86.75,91.53,88.6,89.48,93.07,94.68
"15117",142,2022,90.21,91.93,90.32,93.13,90.3,93.02
"15118",143,2022,86.36,83.42,84.77,87.2,86.21,82.9
"15119",144,2022,90.74,88.81,90.4,89.45,90.99,88.93
"15120",145,2022,91.03,92.17,90.77,90.16,90.17,92.46
"15121",146,2022,93.38,93.3,94.23,93.81,95.2,93.07
"15122",147,2022,89.83,89.02,90.83,88.14,89.17,86.28
"15123",148,2022,94.36,92.36,94.05,92.8,91.51,90
"15124",149,2022,92,92.39,89.98,93.66,93.85,94.13
"15125",150,2022,90.79,91.26,92.5,90.47,92.74,92.32
"15126",151,2022,87.37,87.63,88.53,87.75,90.89,87.27
"15127",152,2022,94.08,94.38,93.29,93.32,94.69,95.28
"15128",153,2022,89.14,81.6,85.62,85.55,85.58,81.63
"15129",154,2022,94.3,93.4,95.84,91.55,96.85,93.54
"15130",155,2022,89.69,90.79,87.72,90.62,88.26,91.94
"15131",156,2022,93.31,89.47,90.7,89.54,88.13,87.45
"15132",157,2022,91.74,89.09,88.31,91.65,85.1,87.8
"15133",158,2022,91.2,94.51,93.34,91.33,94.02,95.08
"15134",159,2022,94.36,92.44,88.85,91.89,85.1,92.37
"15135",160,2022,88.25,85.2,85.43,84.22,88.52,84.85
"15136",161,2022,91.34,90.72,89.16,91.26,89.15,89.8
"15137",162,2022,96.88,97.96,96.86,97.24,95.69,98.29
"15138",163,2022,98.62,97.82,96.36,99.15,91.21,95.63
"15139",164,2022,96.71,96.15,92.18,97.76,82.58,92.08
"15140",165,2022,94.64,93.95,88.52,95.76,86.06,92.76
"15141",166,2022,88.01,90.56,87.85,88.25,86.34,90.17
"15142",167,2022,89.04,90.58,89.05,88.77,87.32,90.44
"15143",168,2022,85.1,85.95,85.07,85.4,84.63,84.21
"15144",169,2022,91.03,89.66,90.47,90.22,89.29,87.52
"15145",170,2022,95.92,92.23,93.41,94.06,89.33,91.62
"15146",171,2022,95.96,95.24,94.7,95.15,91.81,95.65
"15147",172,2022,86.51,87.34,87.04,87.91,93.17,90.59
"15148",173,2022,89.45,87.83,89.67,86.84,85.29,86.58
"15149",174,2022,91.45,89.53,89.67,87.27,85.15,89.26
"15150",175,2022,95.16,93.6,94.63,93.25,93.8,91.49
"15151",176,2022,94.34,93.19,95.16,93.89,94.58,93.83
"15152",177,2022,97.04,96.57,94.49,99.02,92.65,96.27
"15153",178,2022,87.34,88.14,86.88,89.15,87.45,89.51
"15154",179,2022,84.59,87.2,86.89,88.45,87.29,86.62
"15155",180,2022,89.83,88.54,91,89.29,90.57,85.82
"15156",181,2022,87.47,88.58,88.95,89.72,91.06,90.3
"15157",182,2022,93.11,93.48,93.29,93.6,93.41,93.2
"15158",183,2022,90.12,88.86,89.36,89.12,90.21,87.87
"15159",184,2022,93.8,92.13,92.7,92.41,92.35,91.95
"15160",185,2022,92.51,91.1,92.12,91.9,93.32,91.82
"15161",186,2022,95.37,92.76,94.75,92.35,91.1,93.24
"15162",187,2022,86.41,86.13,87.43,84.07,86.68,86.77
"15163",188,2022,92.47,90.76,91.73,88.18,88.92,89.87
"15164",189,2022,95.47,92.34,94.56,94.07,93.63,89.67
"15165",190,2022,95.1,93.84,95.49,94.12,98.02,94.38
"15166",191,2022,92.21,91.84,93.78,91.38,98.13,93.15
"15167",192,2022,89.63,90.43,89.34,91.06,89.69,88.82
"15168",193,2022,89.69,89.96,89.62,89.59,88.35,88.81
"15169",194,2022,93.68,93.06,92.43,92.18,90.74,91.52
"15170",195,2022,91.49,90.94,92.06,90.16,92.75,90.84
"15171",196,2022,85.25,83.28,85.03,83.22,85.74,84.68
"15172",197,2022,82.61,83.33,83.74,81.15,85.87,84.82
"15173",198,2022,92.6,90.08,90.49,90.82,87.24,89.61
"15174",199,2022,91.17,89.74,91.56,89.72,92.17,91.02
"15175",200,2022,89.36,90.6,91.62,88.33,94.55,92.59
"15176",201,2022,97.49,95.77,97.08,95.03,96.66,95.02
"15177",202,2022,92.72,91.44,92.03,93,93.05,90.24
"15178",203,2022,90.58,90.18,90.61,90.67,91.72,91.51
"15179",204,2022,98.51,99.39,97.34,99.15,93.42,97.59
"15180",205,2022,97.75,96.2,96.26,97.24,92.11,96.74
"15181",206,2022,91.42,88.57,89.34,89.57,89.16,87.64
"15182",207,2022,90.85,89.48,90.37,88.4,89.04,87.54
"15183",208,2022,96.19,92.42,94.69,93.91,93.4,89.87
"15184",209,2022,95.42,93.51,94.43,94.09,91.52,92.01
"15185",210,2022,84.34,86.56,83.82,87.37,85.68,86.04
"15186",211,2022,90.34,93.15,91.95,87.31,92.57,91.85
"15187",212,2022,87.75,88.08,88.51,87.3,89.35,87.09
"15188",213,2022,87.72,87.13,87.83,87.26,88.87,87.12
"15189",214,2022,93.48,92.5,91.37,94.08,87.61,91.7
"15190",215,2022,87.3,86.38,85.81,85.91,88.26,86.45
"15191",216,2022,90.18,89.68,90.36,86.81,87.68,90.03
"15192",217,2022,93.97,93.2,95.72,92.49,92.82,94.65
"15193",218,2022,88.93,87.3,87.6,88.08,87.69,87.41
"15194",219,2022,86.17,84.81,86.1,84.25,86.8,86.17
"15195",220,2022,88.68,90.18,89.28,88.13,91.77,92.42
"15196",221,2022,95.05,93.95,93.64,95.4,88.87,90.83
"15197",222,2022,88.85,88.78,89.16,88.25,88.61,87.92
"15198",223,2022,90.39,91.83,95.88,88.51,93.43,90.45
"15199",224,2022,87.81,87.09,87.64,86.61,84.05,87.34
"15200",225,2022,87.18,88.05,85.83,91.42,86.75,89.26
"15201",226,2022,91.52,90.2,89.51,92.35,91.58,91.11
"15202",227,2022,85.34,85.87,85.33,87.27,88.43,85.52
"15203",228,2022,81.63,82.2,81.61,82.29,83.04,81.42
"15204",229,2022,82.75,82.85,82.17,81.92,82.33,82.83
"15205",230,2022,81.51,83.19,84.71,79.27,88.05,84.17
"15206",231,2022,87.59,89.97,91.56,86,94.62,92.72
"15207",232,2022,98.41,96.7,98.08,94.97,95.86,95.52
"15208",233,2022,88.15,85.92,84.57,87.62,80.21,85.82
"15209",234,2022,78.34,79.94,78.57,78.68,78.81,81.18
"15210",235,2022,81.99,80.53,81.22,79.84,79.73,80.03
"15211",236,2022,82.2,82.42,81.58,80.94,80.87,81.67
"15212",237,2022,86.95,87.82,86.44,87.34,87.16,87.47
"15213",238,2022,85.64,87.34,86.29,87.86,91.77,89.37
"15214",239,2022,85.42,88.92,86.84,86.91,87.9,89.69
"15215",240,2022,86.21,84.5,84.71,85.48,81.26,84.48
"15216",241,2022,93.24,90.29,90.48,92.49,83.78,88.84
"15217",242,2022,92.44,93.74,92.24,92.32,92.53,93.53
"15218",243,2022,89.91,91.4,91.36,90.54,92.43,92.73
"15219",244,2022,85.62,86.05,85.77,85.39,86.04,86.85
"15220",245,2022,88.01,87.1,87.61,86.89,86.67,85.55
"15221",246,2022,97.18,95.99,95.96,96.17,93.79,95.6
"15222",247,2022,89.4,88.42,88.97,89.87,89.68,89.7
"15223",248,2022,89.87,92.23,90.11,92.08,93.34,93.07
"15224",249,2022,87.54,88.26,86.73,87.83,87.53,87.84
"15225",250,2022,87.58,86.47,87.72,86.39,85.76,86.33
"15226",251,2022,84.04,85.99,84.24,84.57,85.92,88.23
"15227",252,2022,87.34,89.72,88.45,89.28,87.77,90.71
"15228",253,2022,94.46,92.92,92.59,93.69,90.87,91.51
"15229",254,2022,85.22,85.38,84.95,86.55,87.33,85.59
"15230",255,2022,85.97,86.59,85.04,86.75,84.73,87.15
"15231",256,2022,88.55,86.62,87.52,87.57,86.53,86.31
"15232",257,2022,82.14,80.4,79.99,83.2,79.74,79.98
"15233",258,2022,88.27,89.45,87.02,88.75,84.99,89.41
"15234",259,2022,93.58,92.38,91.84,94.88,89.05,91.44
"15235",260,2022,88.88,86.57,86.61,88.22,83.97,85.93
"15236",261,2022,85.88,84.89,84.63,85.47,83,84.13
"15237",262,2022,87.26,87.02,86.53,87.6,86.14,85.93
"15238",263,2022,84.72,85.69,86.85,85.99,89.02,87.03
"15239",264,2022,86.73,84.42,86.41,86.76,85.84,84.68
"15240",265,2022,84.55,83.7,83.01,85.47,83.15,83.05
"15241",266,2022,84.58,84.65,83.67,85.59,85.09,83.07
"15242",267,2022,91.32,88.39,91.98,88.42,88.82,86.11
"15243",268,2022,83.17,83.39,83.73,83.71,83.38,82.97
"15244",269,2022,83.45,82.11,82.71,83.21,81.79,81.86
"15245",270,2022,85.26,83.61,83.33,87.59,83.42,82.96
"15246",271,2022,88.51,86.47,84.7,91.29,79.87,85.57
"15247",272,2022,84.7,81.76,81.34,85.68,80.41,80.33
"15248",273,2022,87.7,86.74,86.04,87.4,85.09,85.96
"15249",274,2022,95.05,94.78,91.93,96.8,86.57,94.64
"15250",275,2022,91.48,92.99,92.52,91.82,91.3,92.67
"15251",276,2022,86.88,86.06,86.32,86.11,85.82,86.28
"15252",277,2022,84.02,82.32,83.55,83.24,81.6,82.27
"15253",278,2022,89.18,85.44,85.59,88.61,83,85.26
"15254",279,2022,83.27,81.76,81.62,83.48,79.66,81.48
"15255",280,2022,84.56,82.03,82.76,84.22,78.95,80.03
"15256",281,2022,93.81,92.37,92.74,93.74,87.55,91.05
"15257",282,2022,86.61,86.51,85.65,88.29,83.95,86.36
"15258",283,2022,85.67,85.22,84.34,86.67,82.34,84.56
"15259",284,2022,86.4,87.97,85.74,88.94,84.83,89.55
"15260",285,2022,84.53,85.66,85.78,84.77,88.95,86.25
"15261",286,2022,83.33,82.92,83.68,83.26,82.77,82.49
"15262",287,2022,83.07,82.06,84.26,82.19,82.57,82.16
"15263",288,2022,94.19,92.1,93.46,92.1,91.23,86.52
"15264",289,2022,96.85,95.86,96.54,96.57,94.72,94.36
"15265",290,2022,88.06,87.72,88.27,86.77,91.69,89.13
"15266",291,2022,88.18,90.68,88.91,91.97,84.84,89.37
"15267",292,2022,89.54,91.07,91.13,92.85,92.61,93.9
"15268",293,2022,89.67,89.6,92.31,89.86,90.49,89.06
"15269",294,2022,89.11,89.59,90.52,89.41,88.95,89.09
"15270",295,2022,89.09,85.32,86.67,91.28,83.55,84.79
"15271",296,2022,97.78,96.52,97.26,98.02,96.62,96.62
"15272",297,2022,93.3,92.24,91.97,93.61,92.62,92.06
"15273",298,2022,84.46,84.93,86.34,84.15,91.29,84.42
"15274",299,2022,87.03,85.59,87.09,86.29,86.91,84.66
"15275",300,2022,93.72,90.7,91.65,93.1,88.4,89.33
"15276",301,2022,93.38,92.87,93.16,93.95,95.68,95.54
"15277",302,2022,93.61,92.07,92.9,93.91,89.6,91.1
"15278",303,2022,86.72,85.98,86.01,85.81,85.53,85.09
"15279",304,2022,84.36,83.12,83.54,84.42,82.02,81.22
"15280",305,2022,89.25,89.39,88.54,90.53,89.35,88.22
"15281",306,2022,94.95,96.77,93.93,97.41,91.06,97.81
"15282",307,2022,87.74,84.25,82.15,87.77,77.74,85.79
"15283",308,2022,78.96,77.92,77.33,79.04,75.59,77.78
"15284",309,2022,78.54,79.48,77.71,79.77,76.43,79.61
"15285",310,2022,79.45,81.39,79.48,80.87,78.43,79.99
"15286",311,2022,85.16,85.8,85.17,86.35,89.47,86.42
"15287",312,2022,85.69,83.97,82.76,88.24,82.62,82.14
"15288",313,2022,91.92,90.94,89.53,91.82,85.34,87.17
"15289",314,2022,88.11,84.73,86.18,86.31,82.74,83.15
"15290",315,2022,86.52,85.49,87.24,85.54,85.91,82.28
"15291",316,2022,89.37,91.37,90.96,90.17,92.13,90.63
"15292",317,2022,85.72,87.36,86.38,88.66,90.12,86.62
"15293",318,2022,85.27,86.9,86.11,85.18,85.97,87.55
"15294",319,2022,93.06,94.59,93.84,92.8,92.53,95.36
"15295",320,2022,89.47,89.94,91.97,90.06,93.64,90.44
"15296",321,2022,93.97,96.71,94.29,96.27,93.51,97.1
"15297",322,2022,92.35,93.57,92.99,94.05,92.14,95.28
"15298",323,2022,87.66,87.56,87.24,88.11,83.88,87.16
"15299",324,2022,87.97,89.24,90.69,87.72,91.76,91.25
"15300",325,2022,91.17,93.47,92.36,91.12,93.09,93.27
"15301",326,2022,81.03,83.22,83.27,80.68,89.1,84.49
"15302",327,2022,80.79,86.69,88.54,79.74,95.55,91.44
"15303",328,2022,89.27,89.93,90.32,88.16,89.61,90.99
"15304",329,2022,88.2,88.15,87.43,88.2,85.73,88.7
"15305",330,2022,89.17,93.62,91.49,92.47,92.15,94.7
"15306",331,2022,93.37,92.7,91.44,94.55,89.14,93.08
"15307",332,2022,90.08,92.77,89.66,91.75,91.41,95.13
"15308",333,2022,85.21,88.22,85.06,88.53,85.18,88.57
"15309",334,2022,81.59,84.33,81.23,85.81,83.48,86.95
"15310",335,2022,76.64,77.38,76.45,78.02,81.05,79.07
"15311",336,2022,71.83,71.67,70.71,73.26,73.26,71.38
"15312",337,2022,74.31,75.75,74.49,77.49,79.35,77.34
"15313",338,2022,79.08,82.85,80.69,83.53,83.19,86.22
"15314",339,2022,80.69,83.42,80.89,82.74,83.38,83.8
"15315",340,2022,77.37,83.47,84.11,77.29,90.69,89.92
"15316",341,2022,78.92,86.71,85.77,78.83,92.17,90.13
"15317",342,2022,82.89,89.95,91.52,81.1,95.55,92.84
"15318",343,2022,82.75,91.66,89.79,81.05,96.42,96.15
"15319",344,2022,81.87,86.02,86.07,82.58,92.58,91.86
"15320",345,2022,84.58,87.2,86.25,87.59,87.23,87.69
"15321",346,2022,83.89,89.73,87.98,87.03,88.19,89.76
"15322",347,2022,84.87,89.93,87.7,88.74,88.75,90.98
"15323",348,2022,87.27,89.02,88.66,89.04,90.56,90.56
"15324",349,2022,85.93,87.08,88.63,84.98,91.14,87.63
"15325",350,2022,79.38,84.71,85.67,80.48,92.07,88.67
"15326",351,2022,74.66,82.1,82.58,75.24,87.24,86.46
"15327",352,2022,71.21,79.53,81.09,71.61,88.14,86.38
"15328",353,2022,75.74,84.78,83.26,79.04,90.17,89.74
"15329",354,2022,78.93,87.84,88.12,79.82,97.49,93.15
"15330",355,2022,83.62,87.68,91.3,79.67,93.54,90.21
"15331",356,2022,88.13,92.41,92.73,84.35,90.97,93.05
"15332",357,2022,79,85.7,87.2,78.58,89.83,88.64
"15333",358,2022,65,72.64,74.19,65.62,81.31,77.26
"15334",359,2022,57.71,65.92,63.81,59.99,71.15,67.65
"15335",360,2022,64.21,69.6,69.83,65.61,74.25,72.06
"15336",361,2022,68.51,73.85,75.49,67.53,77.6,76.04
"15337",362,2022,74.37,81.22,79.19,76.57,84.6,84.17
"15338",363,2022,77.98,86.42,84.86,77.69,90.86,91.64
"15339",364,2022,77.62,84.53,84.34,76.13,87.95,86.99
"15340",365,2022,81.36,86.53,89.49,77.09,93.62,89.74
"15341",1,2023,86.07,88.97,90.41,85.12,90.59,91.18
"15342",2,2023,94.56,93.78,94.38,92.64,93.18,92.91
"15343",3,2023,88.31,92.46,91.08,90.81,91.74,96.08
"15344",4,2023,80.3,88.49,83.4,85.77,87.45,90.22
"15345",5,2023,76.42,83.59,79.8,82.33,86.03,84.76
"15346",6,2023,82.59,91.13,88.29,84.04,94.59,93.53
"15347",7,2023,91.21,91.84,90.95,93.53,95.11,93.11
"15348",8,2023,95.11,95.45,95.04,94.28,92.9,94.42
"15349",9,2023,88.7,89.99,89.77,87.69,94.67,90.28
"15350",10,2023,86.21,84.7,85.84,86.34,87.35,82.57
"15351",11,2023,89.17,88.82,90.73,88.85,90.5,89.9
"15352",12,2023,94.2,92.98,94.43,94.12,95.56,93.45
"15353",13,2023,90.1,87.97,86.77,91.73,89.33,86.41
"15354",14,2023,85.8,85.53,82.4,87.98,86.88,83.49
"15355",15,2023,90.74,92.57,89.93,91.45,91.71,91.95
"15356",16,2023,89.54,94.76,92.99,90.77,96.32,94.28
"15357",17,2023,85.77,89.31,89.19,87.36,96.25,91.57
"15358",18,2023,86.15,85.69,85.66,85.41,82.06,84.9
"15359",19,2023,91,93.76,93.83,87.58,92.71,94.56
"15360",20,2023,88.78,88.82,88.8,87.09,86.46,88.74
"15361",21,2023,87.48,89.32,90.41,87.09,92.56,89.79
"15362",22,2023,84.29,86.21,89.05,82.73,91.87,88.67
"15363",23,2023,93.65,95.37,94.91,91.16,94.71,95.01
"15364",24,2023,89.23,89.35,89.18,87.89,88.88,87.63
"15365",25,2023,76.4,77.72,78.29,75.43,80.14,77.53
"15366",26,2023,70.57,71.29,70.73,70.51,73.87,71.25
"15367",27,2023,67.73,68.44,68.5,66.6,75.3,69.14
"15368",28,2023,66.31,68.99,68.72,65.5,78.17,71.14
"15369",29,2023,67.47,73.56,73.43,65.39,88.24,76.28
"15370",30,2023,67.62,71.83,73.3,64.29,86.3,76.41
"15371",31,2023,64.82,69.51,70.77,61.35,83.62,71.77
"15372",32,2023,64.91,69.78,70.76,61.87,81.7,71.85
"15373",33,2023,62.13,67.85,72.07,58.71,86.27,72.81
"15374",34,2023,70.91,76.6,79.97,64.68,87.18,81.66
"15375",35,2023,74.78,79.97,83.87,69.16,93.41,84.56
"15376",36,2023,87.65,92.66,93.25,88.07,95.81,93.99
"15377",37,2023,84.22,88.79,90.68,84.49,97.09,94.91
"15378",38,2023,79.84,84.66,85.48,77.79,89.02,87.33
"15379",39,2023,88.86,90.27,91.88,84.62,92.91,91.98
"15380",40,2023,89.14,91.34,90.87,86.82,89.44,89.54
"15381",41,2023,92.6,93.32,92.79,86.72,93.8,93.31
"15382",42,2023,95.22,94.17,95.59,87.33,94.79,93.83
"15383",43,2023,89.56,91.57,91.63,84.76,91.41,92.89
"15384",44,2023,92.41,93.5,93.14,90.32,93.2,93.37
"15385",45,2023,88.17,90.89,89.64,84.92,90.62,93.1
"15386",46,2023,90.24,92.93,92.26,88.62,95.33,94.9
"15387",47,2023,94.01,94.02,94.52,92.83,95.39,93.99
"15388",48,2023,83.32,86.03,84.87,82.2,88.12,87.78
"15389",49,2023,69.68,73.18,73.04,67.57,84.68,75.92
"15390",50,2023,68.92,69.82,70.47,66.24,83.79,72.09
"15391",51,2023,79.76,84.72,84.06,80.06,92.25,90.31
"15392",52,2023,82.19,87.4,86.92,81.21,91.66,87.76
"15393",53,2023,83.46,85.49,85.45,82.45,88.05,84.63
"15394",54,2023,82.9,88.69,89.71,80.62,91.03,89.57
"15395",55,2023,75.84,82.59,82.19,74.88,88.25,89.08
"15396",56,2023,76.78,84.11,82.12,75.68,86.65,86.68
"15397",57,2023,80.79,84.46,83.69,79.98,90.47,84.08
"15398",58,2023,86.06,90.08,90.11,83.61,93.11,91.2
"15399",59,2023,84.7,90.57,90.44,86.73,92.23,94.12
"15400",60,2023,90.07,89.88,89.62,88.86,91.1,90.53
"15401",61,2023,90.6,91.96,90.61,88.31,89.71,91.32
"15402",62,2023,91.49,91.89,91.38,92.35,92.07,90.26
"15403",63,2023,91.42,91.34,93.07,89.9,95.85,93.01
"15404",64,2023,95.61,95.65,95.56,96.32,95.9,94.1
"15405",65,2023,93.02,91.98,93.72,92.32,96.91,90.78
"15406",66,2023,89.59,90.28,89.41,90.11,89.84,88.21
"15407",67,2023,93.17,92.77,93.77,91.53,92.54,93.51
"15408",68,2023,94.41,93.45,93.58,93.84,93.1,91.84
"15409",69,2023,91.48,91.27,90.61,91.28,91.08,86.93
"15410",70,2023,97.55,95.68,96.11,96.83,95.06,92.99
"15411",71,2023,98.46,97.69,98.28,96.45,96.39,98.36
"15412",72,2023,92.42,92.22,92.03,91.45,92.98,94.65
"15413",73,2023,86.27,85.55,86.42,84.78,84.43,85.95
"15414",74,2023,83.84,83.17,85.23,78.9,84.61,82.73
"15415",75,2023,78.42,80.64,79.26,77.15,81.81,81.1
"15416",76,2023,75.85,78.04,76.42,75.69,76.15,77.3
"15417",77,2023,72.96,76.65,76.7,73.34,77.3,79.25
"15418",78,2023,77.1,79.5,81.95,74.2,85.18,83.36
"15419",79,2023,70.72,73.51,72.84,70.05,76.6,77.63
"15420",80,2023,58.17,60.71,62.36,57.24,68.69,65.56
"15421",81,2023,60.94,65.27,64.87,61.11,72.21,69.44
"15422",82,2023,66.84,73.35,72.53,64.39,77.99,76.41
"15423",83,2023,67.61,72.99,74.45,65.16,82.21,75.81
"15424",84,2023,76.89,81.1,83.32,74.12,91,86.56
"15425",85,2023,86.7,85.67,89.2,83.13,93.24,89.4
"15426",86,2023,89.64,87.79,87.08,89.27,87.87,85.92
"15427",87,2023,84.75,83.61,84.93,83.98,89.5,85.21
"15428",88,2023,82.53,85.26,85.86,82.4,91.07,90.58
"15429",89,2023,91.02,91.96,91.06,90.93,88.11,91.83
"15430",90,2023,91.92,94.44,95.12,93.04,96.64,95.72
"15431",91,2023,96.57,96.53,95.4,96.44,93.25,96.23
"15432",92,2023,93.64,93.45,92.19,92.28,92.99,93.55
"15433",93,2023,87.89,87.14,88.25,86.51,87.28,87.49
"15434",94,2023,86.15,86.66,87.41,84.96,89.68,87.73
"15435",95,2023,88.19,89.78,89.94,87.62,89.57,91.27
"15436",96,2023,84.3,83.25,86.78,79.75,90.38,84.94
"15437",97,2023,94.57,95.17,96.45,89.78,95,96.65
"15438",98,2023,94.93,91.93,93.92,91.09,92.62,92.17
"15439",99,2023,97.15,96.85,97.52,90.54,97.72,97.73
"15440",100,2023,87.37,85.44,85.3,84.64,85.21,85.58
"15441",101,2023,88.77,88.64,87.66,89.01,86.99,91.02
"15442",102,2023,90.88,91.15,88.08,92.27,88.91,90.92
"15443",103,2023,85.41,84.38,87.04,84.7,91.03,84.16
"15444",104,2023,83.65,84.8,83.03,83.22,84.69,86.47
"15445",105,2023,85.38,87.14,85.99,85.16,91.24,90
"15446",106,2023,97.12,97.59,95.72,97.94,95.88,97.14
"15447",107,2023,90.72,91.16,90.73,89.93,93.05,91.11
"15448",108,2023,87.81,89.24,86.84,88.73,87.31,88.07
"15449",109,2023,82.06,84.49,82.25,82.52,84.05,85.41
"15450",110,2023,84.66,86.52,87.41,84.24,86.85,87.97
"15451",111,2023,95.52,96.51,97.05,94.24,98.98,97.64
"15452",112,2023,83.52,84.12,82.82,85.76,87.79,83.58
"15453",113,2023,86.92,87.11,86.26,88.7,86.01,88.06
"15454",114,2023,93.43,96.34,95.76,95.54,98.29,97.82
"15455",115,2023,87.42,87.98,87.03,88.15,89.5,88.26
"15456",116,2023,93.38,92.52,91.84,94.23,87.5,90.29
"15457",117,2023,89.23,91.97,90.02,89.97,91.5,92.17
"15458",118,2023,88.68,87.67,89.78,88.6,90.02,92.12
"15459",119,2023,92.48,91.83,89.69,91.96,89.19,94.46
"15460",120,2023,86.83,85.44,86.69,85.32,92.07,86.93
"15461",121,2023,86.28,82.72,84.61,84.27,86.11,82.24
"15462",122,2023,85.19,85.49,86.5,83.54,90.33,86.68
"15463",123,2023,84.14,89.85,88.72,83.76,90.63,89.81
"15464",124,2023,88.38,89.18,90.16,87.63,92.62,88.34
"15465",125,2023,85.54,85.21,85.5,84.6,86.98,85.01
"15466",126,2023,82.76,81.24,85.45,81.45,86.78,81.7
"15467",127,2023,86.25,88.39,89.36,85.28,92.7,88.67
"15468",128,2023,85.26,84.34,84.7,84.38,85.2,82.87
"15469",129,2023,96.8,94.73,95.91,94.87,95.19,93.86
"15470",130,2023,96.73,97.55,94.83,97.71,92.26,99.09
"15471",131,2023,91.05,91.79,91.25,93.59,93.67,92.61
"15472",132,2023,86.89,86.99,87.49,87.66,87.65,86.91
"15473",133,2023,96.61,94.98,93.9,97.21,88.19,93.27
"15474",134,2023,92.71,92.71,93.11,93.13,92.94,93.29
"15475",135,2023,93.47,91.97,93.14,91.06,92.11,89.18
"15476",136,2023,90.91,92.65,94.24,90.91,94.67,92.24
"15477",137,2023,89.03,91.79,91.53,88.9,91.04,92.89
"15478",138,2023,83.71,87.04,84.24,85.31,84.93,88.16
"15479",139,2023,90.65,88.49,88.98,92.66,84.31,84.99
"15480",140,2023,92.03,91.67,91.52,90.28,92.2,91.04
"15481",141,2023,92.24,93.34,91.45,93.92,91.74,93.03
"15482",142,2023,89.15,90.26,90.22,86.88,88.84,94.54
"15483",143,2023,91.4,91.4,90.34,88.24,87.33,90.93
"15484",144,2023,92.18,93.15,92.52,87.91,88.33,94.48
"15485",145,2023,88.19,87.3,85.37,87.72,84,86.76
"15486",146,2023,93.7,91.88,91.05,93.86,87.09,87.23
"15487",147,2023,94.87,95.24,92.38,96.66,91.67,94.57
"15488",148,2023,88.11,87.3,87.78,86.53,86.97,85.61
"15489",149,2023,91.15,89.84,90.19,88.36,90.45,88.07
"15490",150,2023,86.81,83.21,83.15,86.89,83.01,82.95
"15491",151,2023,92.46,90.97,89.42,93.25,86.21,88.74
"15492",152,2023,92.12,87.28,89.87,90.37,87.59,84.28
"15493",153,2023,90.3,89.3,90.04,88.18,87.92,90.21
"15494",154,2023,83.98,85.23,83.8,84.1,86.92,85.83
"15495",155,2023,84.96,85.68,82.97,85.78,84.93,83.87
"15496",156,2023,94.88,95.03,92.25,96.88,88.95,91.45
"15497",157,2023,90.74,89.99,90.71,89.52,91.55,89.8
"15498",158,2023,91.18,89.95,88.9,90.51,90.23,88.33
"15499",159,2023,91.17,91.86,91.01,93.42,91.31,91.86
"15500",160,2023,86.99,86.12,88.01,85.84,88.91,84.77
"15501",161,2023,85.02,85.44,86.67,84.88,86.8,84.7
"15502",162,2023,89.63,87.99,88.7,88.16,89.14,86.84
"15503",163,2023,86.91,85.56,85.53,83.45,84.58,83.98
"15504",164,2023,87.12,86.89,87.18,87.02,87.99,85.78
"15505",165,2023,97.02,95.36,96.84,95.63,95.84,95.11
"15506",166,2023,95.62,91.47,90.04,94.2,83.39,90.34
"15507",167,2023,83.7,78.87,79.84,82.57,77.55,77.54
"15508",168,2023,79.22,77.92,78.39,78.45,77.61,78.18
"15509",169,2023,82.71,83.45,83.55,81.24,82.07,83.13
"15510",170,2023,83.91,84.02,85.67,83.29,87.03,83.62
"15511",171,2023,88.53,89.12,87.67,90.31,88.66,86.24
"15512",172,2023,90.12,89.5,92.4,88.84,90.53,89.66
"15513",173,2023,90.75,89.96,90.69,89.47,90.02,90.57
"15514",174,2023,90.72,91.21,90.79,88.36,90.23,92.06
"15515",175,2023,90.86,86.35,87.41,88.34,85.33,85.5
"15516",176,2023,92.27,89.75,89.7,90.39,86.5,88.05
"15517",177,2023,91.34,89.09,90.25,90.64,89.7,89.52
"15518",178,2023,95.35,95.45,95.45,93.19,93.79,94.76
"15519",179,2023,90,87.87,88.65,87.95,89.09,87.37
"15520",180,2023,87.18,84.46,85.71,88.32,88.09,83.81
"15521",181,2023,93.45,89.68,92.27,91.46,91.53,87.4
"15522",182,2023,91.58,90.14,88.8,93.85,87.53,88.89
"15523",183,2023,95.83,94.13,93.02,97.11,86.64,90.82
"15524",184,2023,91.38,92.98,89.55,93.72,85.56,94.73
"15525",185,2023,94.55,93.32,92.03,97.87,91.41,89.53
"15526",186,2023,83.88,82.81,85.2,83.84,84.21,81.95
"15527",187,2023,91.45,91.57,91.88,91.79,91.2,92.25
"15528",188,2023,94.03,92.77,90.92,95.11,90.56,89.58
"15529",189,2023,92.66,91.92,91.88,93.41,89.85,90.21
"15530",190,2023,91.14,91.82,90.58,89.41,90.09,89.94
"15531",191,2023,86.64,85.73,85.64,86.82,86.7,84.93
"15532",192,2023,88.4,87.5,88.06,87.88,89.18,86.41
"15533",193,2023,85.52,84.73,84.54,84.75,86.97,83.1
"15534",194,2023,85.46,84.76,83.38,83.92,83.25,85.33
"15535",195,2023,95.83,94.58,94.21,93.42,92.03,93.18
"15536",196,2023,93.75,95.61,93.77,93.14,94.16,96.54
"15537",197,2023,90.63,91.27,90.52,90.54,90.4,90.34
"15538",198,2023,88.55,86.48,86.9,88.65,87.15,84.92
"15539",199,2023,88.93,88.99,88.3,88.48,86.72,88.04
"15540",200,2023,93.98,92.59,91.69,92.56,93.34,89.71
"15541",201,2023,90.48,89.67,89.97,88.22,91.01,88.49
"15542",202,2023,93.34,91.31,91.18,94.49,87.28,90.36
"15543",203,2023,92.19,90.91,91.07,90.23,88.23,88.97
"15544",204,2023,96.28,93.9,93.9,95.87,89.59,93.05
"15545",205,2023,95.29,96.66,96.91,94.98,97.14,98.01
"15546",206,2023,93.86,93.31,93.2,93.12,91.57,93.99
"15547",207,2023,89.23,90.02,89.01,87.39,88.53,89.45
"15548",208,2023,91.84,91.84,90.33,93.7,88.99,93.77
"15549",209,2023,95.28,95.64,94.27,97.21,92.66,95.67
"15550",210,2023,93.64,92.26,92.35,94.1,89.81,90.62
"15551",211,2023,92.69,90.05,89.8,90.98,87.04,89.9
"15552",212,2023,90.48,92.52,92.72,90.02,93.21,92.34
"15553",213,2023,87.48,89.32,88.52,87.84,89.78,89.51
"15554",214,2023,88.35,90.17,88.44,88.99,88.07,89.85
"15555",215,2023,89,88.37,87.66,87.62,86.8,88.21
"15556",216,2023,88.26,88.29,87.07,86.79,86.39,89.57
"15557",217,2023,90.86,88.76,88.1,91.79,86.2,88.2
"15558",218,2023,92.3,92.25,91.43,92.05,90.67,92.35
"15559",219,2023,89.27,88.96,90.21,87.96,89.54,87.88
"15560",220,2023,89.45,89.51,90.8,89.12,90.77,89.95
"15561",221,2023,86.77,84.48,85.9,86.69,85.65,84.25
"15562",222,2023,88.26,85.43,88.18,87.23,90.44,87.12
"15563",223,2023,87.09,83.94,86.52,83.65,88.12,83.36
"15564",224,2023,90.4,89.08,89.53,89.3,91.23,89.09
"15565",225,2023,87.69,87.25,88.52,87.52,88.73,85.24
"15566",226,2023,89.17,88.33,88.65,88.9,89.45,87.62
"15567",227,2023,92.6,90.85,90.25,92.45,86.47,89.67
"15568",228,2023,85.01,84.94,85.8,86.9,84.46,84.9
"15569",229,2023,87.61,85.9,86.87,86.17,86.39,85.62
"15570",230,2023,87.85,86.66,87.14,86.37,86.9,85.62
"15571",231,2023,85.08,85.51,85.44,87.54,84.78,87.28
"15572",232,2023,88.43,86.94,86.51,89.28,83.75,85.92
"15573",233,2023,89.12,86.65,87.45,89.76,84.64,83.4
"15574",234,2023,87.33,85.49,85.82,86.54,82.27,83.37
"15575",235,2023,86.1,86.24,85.41,85.59,84.37,86.86
"15576",236,2023,84.56,87.06,85.45,87.66,84.76,86.76
"15577",237,2023,81.77,83.22,81.39,83.61,83.66,83.78
"15578",238,2023,80.82,82.75,82.76,81.41,84.35,84.66
"15579",239,2023,85.54,85.19,86.13,86.51,86.25,84.73
"15580",240,2023,91.24,89.21,89.65,90.39,85.99,86.75
"15581",241,2023,84.68,84.18,85.42,84.56,84.32,83.23
"15582",242,2023,82.38,82.23,83.09,83.45,82.19,81.88
"15583",243,2023,79.18,79.49,80.25,82.49,78.9,77.27
"15584",244,2023,79.46,79.68,81.62,81.29,80.06,78.04
"15585",245,2023,79.58,78.45,81.18,79.08,80.3,77.58
"15586",246,2023,86.24,82.26,81.95,86.6,80.2,78.94
"15587",247,2023,87.22,85.83,83.09,87.93,78.21,84.92
"15588",248,2023,80.77,77.97,77.69,82.4,74.01,75.68
"15589",249,2023,82.93,79.68,79.89,81.3,76.83,75.56
"15590",250,2023,80.78,83.54,81.98,81.91,82.59,82.84
"15591",251,2023,84.22,87.55,86.08,86.6,85.56,87.58
"15592",252,2023,89.57,89.34,88.19,92.62,84.96,88.16
"15593",253,2023,92.12,93.12,92.97,91.59,94.09,92.44
"15594",254,2023,84.89,84.37,84,83.86,83.87,83.39
"15595",255,2023,80.67,82.37,79.98,83.35,80.7,84.69
"15596",256,2023,79.13,79.75,78.06,81.69,77.59,80.56
"15597",257,2023,85.25,83.95,82.54,84.65,78.86,83.9
"15598",258,2023,85.11,83.44,84.96,83.14,81.14,82.78
"15599",259,2023,81.99,82.19,81.04,82.42,80.13,82.37
"15600",260,2023,87.61,90.13,90.32,87.9,91.53,91.7
"15601",261,2023,82.64,81.96,81.38,82.59,80.33,82.36
"15602",262,2023,85.97,84.27,82.43,83.6,81.17,85.06
"15603",263,2023,83.48,82.87,82.97,81.29,83.83,84.4
"15604",264,2023,87.23,86.17,87.15,84.71,89.99,86.55
"15605",265,2023,85.24,86.25,82.9,83.9,81.72,84.83
"15606",266,2023,92.1,90.37,89.44,88.83,86.58,88.42
"15607",267,2023,89.91,90.19,89.37,87.04,89.62,90.67
"15608",268,2023,90.08,89.07,88.96,88.56,88.53,88.4
"15609",269,2023,84.25,83.85,83.62,82.57,84.46,82.34
"15610",270,2023,84.47,83.43,83.37,81.59,84.46,82.04
"15611",271,2023,87.84,83.96,84.53,85.58,82.39,81.86
"15612",272,2023,85.08,86.16,83.65,86.35,81.59,83.79
"15613",273,2023,89.38,91.16,88.49,88.07,92.11,92.47
"15614",274,2023,87.81,85.99,86.5,85.58,86.38,86.4
"15615",275,2023,83.28,81.2,80.91,80.13,78.7,80.22
"15616",276,2023,78.97,75.53,74.69,78.2,71.75,71.84
"15617",277,2023,73.04,69.58,70.15,72.06,69.75,68.68
"15618",278,2023,77.46,76.12,77.47,74.16,75.64,79.13
"15619",279,2023,79.51,77.44,78.43,75.82,75.09,77.27
"15620",280,2023,77.96,73.64,75.24,75.39,74.39,72.88
"15621",281,2023,78,76.73,75.93,77.2,72.61,75.09
"15622",282,2023,85.77,81.42,82.1,82.45,76.6,76.49
"15623",283,2023,88.49,80.5,84.3,81.37,80.6,74.74
"15624",284,2023,87.44,85,83.88,84.26,79.51,79.68
"15625",285,2023,82.77,80.55,81.54,81.73,79.44,77.85
"15626",286,2023,85.61,82.54,86.92,78.4,83.22,78.23
"15627",287,2023,84.21,77.91,80.09,79.5,77.64,74.75
"15628",288,2023,84.82,82.95,82.44,83.16,83.49,76.75
"15629",289,2023,80.65,79.49,78.63,80.37,75.68,76.67
"15630",290,2023,83.71,79.23,79.09,83.62,75.48,72.44
"15631",291,2023,90.77,87.03,84.87,90.82,77.49,81.33
"15632",292,2023,86.32,86.27,85.95,85.52,82.34,84.14
"15633",293,2023,85.37,85.35,85.26,86.04,84.58,80.69
"15634",294,2023,86.03,81.56,82.23,84.86,80.03,77.23
"15635",295,2023,93.35,93.25,92.21,92.86,87.98,89.88
"15636",296,2023,86.24,86.24,83.66,85.97,79.61,83.69
"15637",297,2023,84.99,85.11,80.43,85.01,75.32,82.02
"15638",298,2023,84.02,84.7,82.22,84.7,81.2,84.91
"15639",299,2023,83.98,79.76,81.81,80.4,78.3,78.98
"15640",300,2023,83.1,79,79.41,81.45,78.32,75.87
"15641",301,2023,86.21,86.87,87.16,87.35,86.87,83.39
"15642",302,2023,86.6,84.54,83.14,87.3,83.15,82.58
"15643",303,2023,84.78,82.14,80.81,85.79,79.86,81.6
"15644",304,2023,87.24,85.43,86.2,85.44,85.55,84.85
"15645",305,2023,89.07,86.64,89.26,86.71,92.18,84.78
"15646",306,2023,92.89,91.88,90.7,92.88,85.25,89.76
"15647",307,2023,89,87.48,86.74,90.13,83.35,86.57
"15648",308,2023,93.01,89.54,88.39,93.61,90.48,84.57
"15649",309,2023,88.55,90.6,89.22,89.03,92.79,85.87
"15650",310,2023,86.47,86.54,85.71,88,86.64,86.16
"15651",311,2023,89.82,89.57,86.83,89.73,83.39,87.93
"15652",312,2023,87.37,87.7,86.62,88.89,89.5,88.28
"15653",313,2023,93.06,92.02,91.71,91.39,90.94,94.33
"15654",314,2023,90.75,90.1,88.61,91.24,90.04,89.47
"15655",315,2023,92.95,89.58,92.49,91.84,90.18,90.14
"15656",316,2023,87.32,85.07,84.33,87.99,83.62,83.42
"15657",317,2023,87.71,88.77,85.19,89.83,89.64,88.6
"15658",318,2023,84.64,85.41,82.75,85.44,83.92,84.87
"15659",319,2023,84.35,83.81,85.3,82.84,84.66,82.83
"15660",320,2023,84.12,80.46,82.63,80.81,80.31,77.44
"15661",321,2023,82.79,79.87,80.88,80.11,77.93,77.12
"15662",322,2023,79.5,79.4,78.94,78.19,78.8,80.09
"15663",323,2023,80.14,81.97,78.77,80.18,76.95,81.18
"15664",324,2023,87.53,89.53,88.2,84.33,86.16,87.82
"15665",325,2023,89.57,88.25,86.85,87.53,81.63,86.29
"15666",326,2023,86.38,92.21,88.79,87.7,91.64,92.91
"15667",327,2023,87.64,89.2,87.22,85.83,85.97,87.96
"15668",328,2023,90.87,92.35,92.55,87.99,92.88,91.18
"15669",329,2023,95.48,96.8,96.24,95.19,97.79,97.79
"15670",330,2023,86.08,86.31,86.21,86.78,86.44,88.11
"15671",331,2023,86.41,87.4,85.57,87.19,86.21,86.42
"15672",332,2023,92.51,91.35,92.54,90.16,91.69,90.17
"15673",333,2023,93.15,90.96,90.95,91.57,88.53,90.38
"15674",334,2023,87.58,90.04,89.81,83.09,87.73,91.72
"15675",335,2023,84.86,85.22,89.03,79.42,87.99,86.8
"15676",336,2023,80.82,81.02,83.22,77.42,86.68,81.44
"15677",337,2023,81.2,84.9,86.72,76.96,93.36,86.33
"15678",338,2023,88.98,91.84,91.45,84.97,92.8,93.32
"15679",339,2023,84.7,87.2,87.78,81.82,91.2,86.28
"15680",340,2023,88.49,89.15,91.57,81.16,93.83,86.89
"15681",341,2023,90.67,91.54,93.13,86.41,94.72,93.25
"15682",342,2023,89.45,92.57,91.81,93.24,92.51,93.4
"15683",343,2023,95.74,96.52,96.28,94.01,91.53,96.6
"15684",344,2023,88.89,87.79,88.47,88.44,86.18,90.15
"15685",345,2023,85.21,85.87,87.63,84.11,87.81,87.26
"15686",346,2023,86.56,89.36,90.71,83.11,93.89,92.12
"15687",347,2023,90.22,92.91,92.75,91.55,93.65,95.32
"15688",348,2023,87.58,87.35,88.32,88.54,91.85,88.37
"15689",349,2023,96.04,95.92,96.64,95.14,96.09,95.94
"15690",350,2023,92.86,95.16,94.6,92.29,95.48,96.37
"15691",351,2023,91.95,91.78,91.68,90.39,90.11,91.02
"15692",352,2023,94.22,94.92,94.37,94.71,94.49,96.95
"15693",353,2023,87.04,88.66,88.78,87.2,92.64,90.44
"15694",354,2023,84.31,85.24,86.91,81.53,89.47,85.8
"15695",355,2023,83.32,84.02,87.96,80.99,90.72,86.15
"15696",356,2023,87.01,86.26,87.79,85.4,86.9,86.63
"15697",357,2023,90.37,89.51,89.09,90.52,87.42,89.55
"15698",358,2023,91.32,92.76,93.62,92.03,96.58,92.27
"15699",359,2023,91.79,92.73,93.11,93.46,94.8,91.96
"15700",360,2023,95.72,94.86,95.96,92.81,95.71,94.51
"15701",361,2023,94.42,94.57,94.74,92.96,94.67,94.49
"15702",362,2023,91.74,92.59,94.51,89.55,95.64,93.49
"15703",363,2023,85.85,85.56,87.23,85.18,87.5,85.86
"15704",364,2023,91.5,91.55,89.93,91.19,87.82,90.87
"15705",365,2023,88.9,89.57,86.76,89.57,87.61,89.27
"15706",1,2024,82.94,83.16,84.97,81.95,87.68,82.15
"15707",2,2024,81.87,85.79,86.96,80.5,90.57,87.61
"15708",3,2024,82.01,83.7,86.77,80.89,90.41,84.74
"15709",4,2024,75.03,77.09,78.32,74.73,82.89,77.43
"15710",5,2024,68.77,74.17,76.6,67.82,88.31,77.99
"15711",6,2024,71.43,78.7,77.58,68.64,82.93,80.86
"15712",7,2024,75.14,77.79,78.02,70.3,81.98,78.8
"15713",8,2024,76.66,77.39,82.44,70.32,92.78,81.86
"15714",9,2024,78.7,81.26,85.82,68.67,85.14,83.49
"15715",10,2024,71.74,72.94,77.97,66.74,86.56,76.98
"15716",11,2024,85.26,86.71,88.05,79.91,89.96,90.4
"15717",12,2024,90.53,92.53,92,87.67,91.62,92.47
"15718",13,2024,85.51,88.09,87.01,83.99,93.45,90.04
"15719",14,2024,82.22,84.63,83.92,79.68,85.77,86.5
"15720",15,2024,81.24,86.94,85.51,78.3,86.72,89.23
"15721",16,2024,83.94,88.09,87.86,79.98,91.24,90.01
"15722",17,2024,86.43,89.77,90.12,81.28,93.14,89.42
"15723",18,2024,89.19,91.44,92.83,79.93,93.24,92.3
"15724",19,2024,96.34,95.47,95.81,93.89,93.07,95.93
"15725",20,2024,95.87,94.63,95.13,92.4,92.99,94.09
"15726",21,2024,90.3,89.16,89.4,87.37,88.06,88.39
"15727",22,2024,88.45,87.57,87.98,84.41,91.79,87.92
"15728",23,2024,77.98,79.51,81.62,73.61,92.68,82.1
"15729",24,2024,70.96,71.89,74.13,65.65,83.74,75.9
"15730",25,2024,69.67,71.39,74.1,61.11,86.41,74.32
"15731",26,2024,69.28,73.42,72.9,63.74,85.42,77.22
"15732",27,2024,67.41,71.21,72.31,60.54,85.56,75.26
"15733",28,2024,69.62,72.81,75.39,59.82,85.16,77.9
"15734",29,2024,75.77,79.2,78.73,66.22,83.48,79.7
"15735",30,2024,79.1,84.45,83.47,77.23,89.01,87.33
"15736",31,2024,82.31,86.59,89.2,72.46,94.6,88.16
"15737",32,2024,86.13,87.25,85.97,85.99,88.32,87.41
"15738",33,2024,93.37,92.79,92.33,92.38,90.66,91.81
"15739",34,2024,90.37,90.74,90.71,88.67,89.27,90.26
"15740",35,2024,92.75,89.52,91.81,90.54,93.19,88.24
"15741",36,2024,96.07,95.56,95.71,95.21,92.35,94.22
"15742",37,2024,92.8,91.17,92.08,89.95,90.63,90.25
"15743",38,2024,86.96,88.66,88.42,86.51,89.22,87.19
"15744",39,2024,88.73,92.14,90.56,88.23,88.45,93.46
"15745",40,2024,87.92,87.73,88.2,88.99,89.07,87.23
"15746",41,2024,88.15,89.41,88.21,90.12,90.77,89.94
"15747",42,2024,86.11,87.43,87.95,84.3,91.4,89.36
"15748",43,2024,83.61,87.43,88.85,79.84,91.77,89.67
"15749",44,2024,85.6,87.41,88.58,82.42,91.78,88.67
"15750",45,2024,93.49,94.59,94.11,93.03,93.81,94.67
"15751",46,2024,95.08,95.2,95.23,94.92,95.32,96.03
"15752",47,2024,89.03,90.96,90.69,88.8,93.68,91.95
"15753",48,2024,89.58,89.29,91.39,88.29,92.37,89.13
"15754",49,2024,86.9,86.61,87.08,85.7,87.66,85.38
"15755",50,2024,83.32,84.14,84.87,80.23,86.37,83.86
"15756",51,2024,72.33,74.76,74.19,69.79,81,74.42
"15757",52,2024,63.59,65.74,65.43,61.76,72.47,68.83
"15758",53,2024,59.99,64.08,64.03,57.42,70.88,66.76
"15759",54,2024,61.38,63.09,64.11,57.67,71.39,65.75
"15760",55,2024,66.07,67.86,68.59,62.86,75.11,68.15
"15761",56,2024,71.49,75.4,79.34,66.03,89.14,79.61
"15762",57,2024,79.22,82.88,83.28,77.84,88.03,85.63
"15763",58,2024,76.86,78.85,79.92,75.41,82.97,80.5
"15764",59,2024,78.56,79.89,81.09,75.63,83.91,78.46
"15765",60,2024,79.26,82.41,85.17,72.84,89.23,85.1
"15766",61,2024,88.25,90.69,92.39,84.16,96.81,94.74
"15767",62,2024,89.81,89.31,92.18,83.19,98.08,91.44
"15768",63,2024,81.04,79.35,80.54,78.61,85.86,81.59
"15769",64,2024,78.07,77.89,80.47,73.22,82.73,78.76
"15770",65,2024,80.97,82.22,84.81,76.95,87.11,84.21
"15771",66,2024,86.5,86.95,91.51,79.68,91.3,87.65
"15772",67,2024,90.65,93.11,91.23,88.61,91.08,92.96
"15773",68,2024,91.1,87.56,89.36,89,90.12,87.99
"15774",69,2024,92.61,88.02,90,93.52,92.6,88.17
"15775",70,2024,87.01,86.66,88.45,87.76,90.57,85.11
"15776",71,2024,83.46,82.34,84.54,84.45,86.24,83
"15777",72,2024,85.35,86.78,86.71,84.23,92.6,91.37
"15778",73,2024,89.54,88.67,87.39,89.18,86.39,88
"15779",74,2024,88.81,86.74,86.32,86.74,86.23,86.82
"15780",75,2024,89.1,89.7,88.54,90.65,94.53,92.3
"15781",76,2024,88.32,86.49,88.02,86.02,89.1,86.42
"15782",77,2024,83.32,82.26,83.26,83.22,83.57,81.78
"15783",78,2024,88.22,85.9,86.19,84.42,84.41,82.89
"15784",79,2024,88.81,87.43,89.37,84.69,90.09,86.61
"15785",80,2024,88.47,88.49,89,84.7,92.49,90.22
"15786",81,2024,83.84,84.81,85.49,82.99,88.05,85.53
"15787",82,2024,80.86,84.31,82.38,81.3,86.98,86.69
"15788",83,2024,89.25,95.14,93.29,85.9,95.81,93.11
"15789",84,2024,84.49,85.95,84.91,82.57,87.16,87.71
"15790",85,2024,80.95,80.95,81.3,78.47,83.63,80.6
"15791",86,2024,81.34,80.31,82.01,76.32,83.17,79.8
"15792",87,2024,89.55,86.46,89.93,82.96,87.44,84.53
"15793",88,2024,84.13,85.6,85.5,85.79,86.72,85.76
"15794",89,2024,92.92,90.95,87.67,91.93,85.93,89.62
"15795",90,2024,87.3,87.3,85.32,89.59,88.57,90.62
"15796",91,2024,97.23,97.15,95.77,97.37,95.35,97.95
"15797",92,2024,85.06,88.75,85.98,86.8,81.63,89.65
"15798",93,2024,88.87,91.1,88.64,91.34,84.76,91.13
"15799",94,2024,90.93,88.9,88.95,91.89,88.66,90.23
"15800",95,2024,93.65,94.06,94.22,93.66,90.92,92.69
"15801",96,2024,91.66,93.12,92.17,91.05,89.85,94.51
"15802",97,2024,86.99,89.7,88.59,87.34,84.99,91.78
"15803",98,2024,86.31,88.67,89.34,83.99,88.42,91.56
"15804",99,2024,84.07,83.74,83.61,82.47,81.91,82.86
"15805",100,2024,82.92,82.73,81.51,80.98,81.45,80.99
"15806",101,2024,73.77,79.3,79.79,72.44,86.42,84.09
"15807",102,2024,81.7,83.56,85.07,81.98,88.41,86.48
"15808",103,2024,82.09,84.84,84.8,81.92,86.19,86.87
"15809",104,2024,77.67,81.57,81.14,76.84,81.49,82.43
"15810",105,2024,74.73,77.98,79.98,72.63,83.85,80.41
"15811",106,2024,72.55,78.66,79.53,72.32,86.45,82.86
"15812",107,2024,86.64,89.65,89.61,83.95,90.63,89.32
"15813",108,2024,87.9,85.42,86.45,85.33,84.86,87.57
"15814",109,2024,92.37,93.28,93.85,93.33,93.44,93.12
"15815",110,2024,92.57,93.23,92.32,94.61,92.79,95.23
"15816",111,2024,95.74,95.71,95.05,94.61,94.83,95.12
"15817",112,2024,94.1,94.18,91.49,95.15,89.16,93.15
"15818",113,2024,89.95,89.97,90.93,88.84,89.18,89.46
"15819",114,2024,93.64,94.11,94.23,88.92,91.97,95.02
"15820",115,2024,91.13,93.85,92.14,90.65,94.09,97.1
"15821",116,2024,87.52,87.12,88,85.9,87.96,91
"15822",117,2024,90.51,92.09,91.56,91.73,88.33,91.96
"15823",118,2024,88.69,87.9,91.07,84.49,93.23,88.66
"15824",119,2024,89.35,88.29,88.44,87.8,85.55,88.83
"15825",120,2024,90.16,87.4,86.9,91.34,85.83,86.11
"15826",121,2024,90.85,90.2,88.83,91.83,90.46,90.53
"15827",122,2024,88.52,85.68,84.97,89.5,85.95,84.5
"15828",123,2024,86.88,88.98,88.45,86.25,90.29,90.31
"15829",124,2024,89.18,86.85,87.81,90.16,86.92,90.58
"15830",125,2024,94.99,95.64,94.25,93.6,89.4,94.7
"15831",126,2024,97.35,98.16,97.85,97.78,95.09,97.28
"15832",127,2024,87.57,88.39,87.97,88.96,87.43,88.32
"15833",128,2024,90.15,88.91,90.04,89.85,88.24,88.25
"15834",129,2024,92.43,94.39,89.85,94.31,84.82,91.62
"15835",130,2024,92.54,92.6,91.41,92.72,89.15,95.23
"15836",131,2024,88.28,91.11,86.23,94.06,89.32,93.29
"15837",132,2024,84.54,87.5,86.16,85.5,85.56,89.17
"15838",133,2024,84.22,83.54,79.97,86.46,78.84,84.11
"15839",134,2024,92.39,94.3,91.23,93.06,86.24,88.62
"15840",135,2024,95.49,95.15,93.57,95.31,87.67,94.06
"15841",136,2024,95.61,96.53,94.91,97.07,94.1,95.18
"15842",137,2024,90.39,90.91,91.56,90.58,90.6,92.1
"15843",138,2024,92.22,90.95,91.68,91.62,93,88.81
"15844",139,2024,88.79,88.61,88.45,90.09,89.87,88.26
"15845",140,2024,86.61,86.78,87.56,86.27,92.28,89.32
"15846",141,2024,92.51,90.96,90.03,93.68,90.4,89.9
"15847",142,2024,90.03,91.1,90.46,90.68,87.94,91.69
"15848",143,2024,93.42,96.67,92.81,96.54,88.55,97.5
"15849",144,2024,89.16,89.33,89.93,89.53,89.94,88.4
"15850",145,2024,88.07,86.42,87.45,84.84,87.96,85.15
"15851",146,2024,98.42,95.35,96.07,95.91,93.16,94.21
"15852",147,2024,92.63,95.45,94,94.14,96.19,96.7
"15853",148,2024,91.62,91.21,90.37,90.38,91.71,92.72
"15854",149,2024,97.56,95.09,96.13,95.02,93.57,93.35
"15855",150,2024,85.01,86.23,84.67,87.67,87.57,89.73
"15856",151,2024,82.24,83.01,80.6,85.33,80.22,85.59
"15857",152,2024,80.75,82.67,79.83,83.76,80.35,83.76
"15858",153,2024,77.92,79.52,77.96,76.74,77.83,81.36
"15859",154,2024,82.23,85.87,82.33,84.13,85.06,89.06
"15860",155,2024,85.77,88.82,85.82,87.85,88.86,89.42
"15861",156,2024,93.62,92.17,93.18,91.54,92.36,91.26
"15862",157,2024,95.32,96.13,95.84,96.76,95.83,95.46
"15863",158,2024,90.78,91.3,92.64,89.83,96.07,91.2
"15864",159,2024,85.16,86.11,85.51,87.58,89.91,87.82
"15865",160,2024,97.8,97.75,96.7,97.88,94.27,97.78
"15866",161,2024,91,93.63,93.27,88.71,92.24,96.04
"15867",162,2024,89.79,90.47,92.16,88.37,93.36,89.3
"15868",163,2024,91.43,89.94,90.01,90.87,89.51,88.98
"15869",164,2024,93.2,91.9,93.14,90.97,92.57,91.78
"15870",165,2024,90.02,88.77,87.07,87.43,85.85,88.95
"15871",166,2024,95.1,92.82,91.5,93.67,90.52,90.08
"15872",167,2024,90.84,88.57,88.89,88.15,89.27,86.52
"15873",168,2024,90.28,86.68,89.54,87.82,86.23,83.16
"15874",169,2024,86.68,87.88,88.88,86.34,91.51,90.74
"15875",170,2024,79.51,81.36,81.75,84.54,84.6,83.17
"15876",171,2024,83.18,81.37,81.52,83.31,82.33,82.57
"15877",172,2024,95.97,95.44,93.9,95.79,92.38,94.43
"15878",173,2024,89.65,87.6,87.99,89.29,87.17,87.45
"15879",174,2024,95.06,95.74,92.78,96.81,91.09,94.67
"15880",175,2024,89.14,86.89,86.85,89.09,85.68,85.13
"15881",176,2024,89.14,87.49,85.83,89.61,87.24,86.78
"15882",177,2024,87.12,88.76,87.28,89,86.89,87.35
"15883",178,2024,83.54,84.68,86.39,84.8,84.55,86.23
"15884",179,2024,87.84,87.05,88.64,87.9,87.33,87.09
"15885",180,2024,87.89,88.42,86.89,88.54,85.45,88.92
"15886",181,2024,91.43,89.67,91.55,89.24,90.53,91.15
"15887",182,2024,93.17,89.91,90.95,92.52,88.7,87.36
"15888",183,2024,90.93,89.41,90.03,89.6,90.94,87.17
"15889",184,2024,91.07,89.48,91.26,89.46,91.57,89.44
"15890",185,2024,92.66,92.23,91.49,93.29,88.76,91.58
"15891",186,2024,98.07,98.39,95.45,99.3,95.98,97.76
"15892",187,2024,94.26,93.74,92.27,93.84,93.09,92.89
"15893",188,2024,88.4,89.31,88.28,88.66,90.49,89.26
"15894",189,2024,92.68,88.76,89.87,86.76,87.58,87.33
"15895",190,2024,85.63,89.7,88.89,87.87,91.71,91.38
"15896",191,2024,89.33,89.97,88.34,90.34,85.57,89.55
"15897",192,2024,85.51,86.61,85.78,85.05,84.07,86.41
"15898",193,2024,87.6,85.5,88.4,84.26,87.58,85.08
"15899",194,2024,96.79,97.46,97.78,95.3,96.7,97.39
"15900",195,2024,94.54,92.42,92.22,94.71,89.61,91.75
"15901",196,2024,96.2,94.97,91.05,97.14,84.09,93.32
"15902",197,2024,87.04,85.98,83.51,88,80.09,84.55
"15903",198,2024,78.77,77.56,77.66,78.68,76.09,77.35
"15904",199,2024,78.69,79.93,79.57,79.07,76.9,80.69
"15905",200,2024,86.83,84.42,82.54,86.47,78.69,83
"15906",201,2024,85.79,85.67,85.04,84.81,83.92,85.7
"15907",202,2024,91.49,92.25,92.68,92.59,92.16,92.93
"15908",203,2024,96.59,96.37,94.98,97.69,92.21,95.7
"15909",204,2024,86.83,87.68,86.4,84.55,84.14,88.57
"15910",205,2024,87.09,89.21,88.41,86.21,89.92,92.02
"15911",206,2024,89.13,89.09,90.14,88.01,90.38,88.46
"15912",207,2024,88.18,90.22,88.3,87.77,87.8,90.1
"15913",208,2024,83,87.26,85.41,83.8,88.01,87.39
"15914",209,2024,88.1,88.92,89.93,85.46,86.23,89.25
"15915",210,2024,89.81,88.78,87.94,88.18,86.06,89.65
"15916",211,2024,91.78,92.09,90.56,91.91,89.95,90.75
"15917",212,2024,89.07,88.78,89.93,86.58,90.28,88.37
"15918",213,2024,93.08,92.69,92.13,92.79,92.05,92.03
"15919",214,2024,91.14,88.83,88.51,87.97,87.72,87.07
"15920",215,2024,83.12,84.73,84.1,83.7,86.05,84.45
"15921",216,2024,89.86,86.61,87.49,87.04,88.84,86.42
"15922",217,2024,93.35,89.04,90.52,90.5,88.79,87.78
"15923",218,2024,91.06,90.78,89.33,92.33,87.95,90.06
"15924",219,2024,81.75,83.01,82.86,82.86,83.98,83.43
"15925",220,2024,82.12,82.7,81.99,81.5,83.25,83.37
"15926",221,2024,85.36,82.55,82.92,82.34,80.04,82.58
"15927",222,2024,90.12,89.08,90.06,87.53,85.53,89.08
"15928",223,2024,93.25,91.14,91.09,93.35,89.58,89.05
"15929",224,2024,91.31,94.51,91.45,92.5,89.56,96.5
"15930",225,2024,87.73,88.7,86.7,89.63,85.03,88.7
"15931",226,2024,86.17,87.44,86.72,87.18,86.83,86.79
"15932",227,2024,89.57,89.22,88.13,90.3,86.52,88.1
"15933",228,2024,90.58,89.8,89.38,89.14,89.9,88.74
"15934",229,2024,86.07,85.45,85.15,85.36,85.9,85.85
"15935",230,2024,83.01,83.05,83.41,81.25,84.73,85.25
"15936",231,2024,82.87,82.13,81.02,85.01,80.9,82.1
"15937",232,2024,82.3,80.46,80.86,82.72,80.51,80.47
"15938",233,2024,80.4,81.51,81.07,79.33,82.97,82.75
"15939",234,2024,81.26,82.9,82.3,79.92,83.04,84.29
"15940",235,2024,81.99,81.17,81.03,79.81,79.87,82.11
"15941",236,2024,92.17,92.96,89.03,92.61,84.39,91.46
"15942",237,2024,84.27,85.83,82.89,84.69,79.71,85.83
"15943",238,2024,90.64,92.09,91.41,89.66,90.68,94.27
"15944",239,2024,89.61,88.16,90.94,87.5,96.28,87.8
"15945",240,2024,82.91,82.5,81.74,84.61,83.3,81.02
"15946",241,2024,84.51,84.44,82.63,87.58,81.9,83.05
"15947",242,2024,83.47,83.54,83.01,83.92,81.82,83.96
"15948",243,2024,84.25,86.24,84.83,86.13,87.14,87.16
"15949",244,2024,83.63,82.8,82.79,81.24,84.05,84.71
"15950",245,2024,86.53,85.62,83.27,86.06,81.67,88.2
"15951",246,2024,84.9,87.62,86.18,86.34,87.58,89.04
"15952",247,2024,81.55,83.45,81.78,81.83,83.75,85.38
"15953",248,2024,82.72,85.25,82.66,83.7,83.77,88.31
"15954",249,2024,90.56,89.56,88.41,88.47,85.04,89.26
"15955",250,2024,87.3,84.93,86.69,84.23,84.62,83.58
"15956",251,2024,88.51,90.44,89.18,88.36,85.75,92.46
"15957",252,2024,87.7,88.68,87.81,86.17,84.27,88.72
"15958",253,2024,82.78,83.51,81.49,82.86,79.13,84.14
"15959",254,2024,84.22,84.68,82.28,84.54,80.99,86.43
"15960",255,2024,81.98,83.07,80.36,81.93,78.43,82.76
"15961",256,2024,81.62,81.83,80.88,80.53,78.87,81.83
"15962",257,2024,80.04,81.59,78.86,80.93,80.2,81.55
"15963",258,2024,77.69,78.83,76.55,79.46,76.22,78.77
"15964",259,2024,76.52,79.12,77.63,77.67,73.13,77.26
"15965",260,2024,84.94,80.33,81.7,81.01,73.49,75.82
"15966",261,2024,93,92.45,90.24,93.49,85.14,90.54
"15967",262,2024,86.04,86.05,84.69,85.58,81.65,85.02
"15968",263,2024,83.97,83.46,82.16,82.77,80.5,82.2
"15969",264,2024,89.26,89.26,87.45,89.08,83.23,87.54
"15970",265,2024,87.27,85.15,83.9,87.78,80.88,82.92
"15971",266,2024,89.05,86.59,86.44,88.28,80.43,85.36
"15972",267,2024,85.97,82.9,83.42,84.03,78.14,80.12
"15973",268,2024,80.12,80.39,78.96,79.58,76.12,78.93
"15974",269,2024,78.45,79.29,77.38,78.82,72.35,78.57
"15975",270,2024,82.51,83.55,80.69,82.81,80.77,82.17
"15976",271,2024,88.75,88.97,86.12,86.75,87.9,87.96
"15977",272,2024,84.68,87.09,87.11,85.38,91.31,87.76
"15978",273,2024,86.22,91.16,89.97,87.12,93.3,92.97
"15979",274,2024,85.53,88.13,85.66,85.19,85.88,88.29
"15980",275,2024,83.91,82.31,82.08,82.78,81.16,80.87
"15981",276,2024,84.78,84.6,83.9,80.96,79.71,84.54
"15982",277,2024,82.63,80.68,83.04,80.08,80.55,80.98
"15983",278,2024,84.7,85.13,89.55,81.06,92.14,85.72
"15984",279,2024,80.24,79.63,80.89,78,78.99,77.79
"15985",280,2024,80.25,81.9,78.75,80.8,79.96,82.35
"15986",281,2024,86.76,86.97,86.89,86.7,82.26,85.73
"15987",282,2024,88.38,87.89,85.28,86.26,77.78,84.81
"15988",283,2024,83.84,89.46,87.15,84.99,87.07,92.41
"15989",284,2024,88.54,86.48,86.96,85.89,84.55,86.47
"15990",285,2024,84.76,84.96,84.71,83.42,82.07,84.57
"15991",286,2024,90.59,90.63,90.62,88.69,86.99,89.79
"15992",287,2024,85.94,86.27,85.34,83.87,82.43,86.48
"15993",288,2024,91.22,92.43,89.45,90.28,83.45,92.76
"15994",289,2024,87.67,86.95,85.19,87.2,78.16,86.89
"15995",290,2024,83.51,81.26,80.89,82.66,77.21,79.39
"15996",291,2024,80.97,79.86,78.91,81.38,74.43,77.8
"15997",292,2024,81.39,81.75,80.04,81.56,76.68,79.49
"15998",293,2024,85.94,86.83,85.84,85.56,84.12,86.62
"15999",294,2024,83.38,83.37,80.44,83.48,79.33,81.97
"16000",295,2024,81.37,82.79,80.72,79.51,80.4,82.88
"16001",296,2024,84.65,88.2,85.95,84.09,87.86,88.48
"16002",297,2024,82.47,84.7,85.15,81.71,88.58,85.59
"16003",298,2024,85.41,84.36,88.6,78.51,87.33,83.33
"16004",299,2024,81.61,82.38,81.34,79.09,78.77,82.47
"16005",300,2024,78.15,79.27,75.16,80.12,72.79,77.39
"16006",301,2024,81.06,82.32,82.19,81.92,83.78,78.93
"16007",302,2024,89.26,87.39,86.87,90.75,82.01,84.22
"16008",303,2024,86.31,87.94,89.94,89.18,89.75,86.25
"16009",304,2024,84.37,83.07,83.82,84.73,85.33,82.71
"16010",305,2024,81.01,80.34,81.95,79.97,79.99,78.43
"16011",306,2024,74.66,75.72,74.98,75.32,73.91,73.18
"16012",307,2024,79.1,79.3,76.93,79.81,72.11,76.38
"16013",308,2024,96.15,96.97,96.1,96.52,94.93,97.81
"16014",309,2024,89.24,89.53,86.52,90.99,82.97,89.08
"16015",310,2024,82.58,83.26,82.76,82.79,81.27,83.29
"16016",311,2024,81.64,86.72,85.72,81.84,88.35,90.81
"16017",312,2024,83.58,85.02,83.6,84.88,81.76,83.44
"16018",313,2024,82.84,81.56,79.72,84.93,79.5,80.48
"16019",314,2024,91.42,91.03,91.14,91.24,88.86,92.34
"16020",315,2024,90.5,91.03,90.72,90.23,90.17,93.75
"16021",316,2024,83.47,86.08,81.79,89.34,83.19,88.76
"16022",317,2024,82.9,81.56,78.71,85.9,77.07,80.67
"16023",318,2024,85.54,85.12,85.72,85.28,88.05,85.15
"16024",319,2024,89.28,88.78,87.49,92.07,87.81,89.33
"16025",320,2024,90.07,91.48,92.63,90.73,91.71,91.72
"16026",321,2024,89.17,88.49,90.06,88.59,92.86,88.55
"16027",322,2024,91.83,91.84,89.09,93.58,86.43,91.73
"16028",323,2024,85.57,85.69,86.68,84.54,90.26,87.02
"16029",324,2024,90.2,91.13,89.6,90.11,84.79,85.9
"16030",325,2024,89.15,90.69,92.55,89.18,90.95,89.52
"16031",326,2024,93.71,94.18,93.64,94.14,85.43,93.55
"16032",327,2024,95.79,95.79,95.16,95.66,93.83,93.02
"16033",328,2024,92.54,90.27,90.46,91.41,85.64,88.5
"16034",329,2024,84.16,85.61,86.41,84.83,89.56,85.93
"16035",330,2024,86.64,89.08,89.18,85.48,90.25,89.17
"16036",331,2024,91.07,90.53,92.95,89.16,92.39,91.57
"16037",332,2024,88.02,88.32,89.17,88.39,90.4,89.72
"16038",333,2024,92.62,91.57,91.57,92.84,91.76,91.9
"16039",334,2024,89.26,90.86,89.62,89.03,89.03,91.28
"16040",335,2024,84.98,84.89,85.8,84.53,85.82,84.31
"16041",336,2024,85.87,86.77,85.13,87.87,86.24,85.98
"16042",337,2024,86.75,85.55,83.78,85.99,81.85,84.43
"16043",338,2024,82.99,85.68,86.4,82.51,88.15,86.91
"16044",339,2024,81.9,87.7,88.28,82.98,91.67,92.15
"16045",340,2024,88.07,90.62,87.58,87.13,90.82,90.53
"16046",341,2024,83.36,83.93,85.65,80.91,90.69,85.89
"16047",342,2024,74.7,79.95,81.49,75.39,93.07,84.26
"16048",343,2024,77.02,83.81,85.99,76.75,94.34,90.16
"16049",344,2024,90.73,92.68,92.59,89.1,92.4,93.16
"16050",345,2024,90,89.26,90.86,88.98,94.24,89.24
"16051",346,2024,94.22,94.62,95.18,92.07,96.81,94.86
"16052",347,2024,87.78,87.75,89.62,86.62,90.1,88.39
"16053",348,2024,84.32,87.88,87.44,83.78,90.87,91.06
"16054",349,2024,79.51,82.36,81.17,79.06,84.35,83.83
"16055",350,2024,83.65,88.21,86.54,84.28,91.49,87.16
"16056",351,2024,93.55,94.65,94.79,94.29,95.84,94.35
"16057",352,2024,89.88,93.36,93.53,90.07,97.37,93.65
"16058",353,2024,93.04,94.51,93.7,93.65,96,95.13
"16059",354,2024,89.88,90.52,90.51,90.22,92.26,91.34
"16060",355,2024,91.83,92.55,91.86,93.13,93.35,94.34
"16061",356,2024,88.17,86.7,84.98,90.49,85.71,87.1
"16062",357,2024,86.87,88.04,86.79,87.76,94.36,92.22
"16063",358,2024,93.94,95.14,94.01,94.89,90.88,95.21
"16064",359,2024,89.82,89.49,90.47,89.21,92.74,90.41
"16065",360,2024,81.26,85.73,84.49,85.16,87.41,86.6
"16066",361,2024,84.93,88.71,87.7,86.38,90.6,90.14
"16067",362,2024,91.35,90.47,92.35,91.26,93.15,91.05
"16068",363,2024,95.39,95.04,94.8,96.7,94.83,95.12
"16069",364,2024,88.74,87.77,90.62,86.94,90.44,87.58
"16070",365,2024,89.35,88.23,88.4,87.26,86.87,88.04
"16071",366,2024,90.67,91.98,92,87.96,93.39,94.15
