"","day","year","arauca","arauquita","cravo_norte","fortul","puerto_rondon","saravena","tame"
"1",1,1981,52.45,56.8,52.35,64.16,54.83,61.18,64.02
"2",2,1981,47.47,53.48,46.61,61.21,50.86,57.28,61.42
"3",3,1981,52.29,46.65,52.59,46.41,50.02,44.37,49.94
"4",4,1981,55,55.57,54.96,62.16,56.17,58.15,63.49
"5",5,1981,54.06,57.39,54.39,68.4,56.15,63.18,66.68
"6",6,1981,56.27,56.94,57.1,65.97,56.64,61.45,66.23
"7",7,1981,60.71,64.39,61.81,72.1,64.31,67.52,71.06
"8",8,1981,60.4,64.06,62.01,73.49,63.36,68.08,73.49
"9",9,1981,60.63,61.93,63.66,70.78,64.28,65.5,72.21
"10",10,1981,59.07,61.37,62.04,69.42,62.54,64.45,70.44
"11",11,1981,58.11,57.13,60.34,63.61,60.7,59.16,65.34
"12",12,1981,52.55,50.98,53.67,56.95,54.4,53.07,58.72
"13",13,1981,49.51,53,49.6,63.03,52.45,57.73,63.84
"14",14,1981,49.91,53.19,49.82,63.87,51.98,58.64,63.41
"15",15,1981,49.24,46.44,50.23,55.18,49.01,50.59,56.43
"16",16,1981,46.32,45.37,46.81,55.35,47.01,49.98,56.91
"17",17,1981,43.25,43.65,43.65,52.44,44.68,48.24,54.24
"18",18,1981,43.46,45.8,43.54,54.35,45.55,50.13,55.43
"19",19,1981,40.95,45.03,41.52,54.05,43.06,49.54,55.78
"20",20,1981,39.83,43.22,40.18,49.36,41.96,45.86,51.59
"21",21,1981,38.96,43.07,39.44,49.02,41.02,46.02,50.72
"22",22,1981,38.93,43.22,39.16,49.05,41.18,45.54,52.32
"23",23,1981,43.47,45.04,44.53,54.06,44.1,50.43,54.88
"24",24,1981,43.93,43.47,44.82,52.83,44.53,47.77,55.24
"25",25,1981,43.3,44.17,44.45,52.6,44.61,48.85,55.19
"26",26,1981,42.48,41.43,43.73,48.95,43.71,43.37,53.16
"27",27,1981,42.45,39.5,43.98,45.09,42.24,41.99,48.8
"28",28,1981,41.5,40.56,43.32,51.39,42.31,45.84,53.24
"29",29,1981,41.06,42.1,42.63,53.49,42.52,47.24,55.33
"30",30,1981,44.35,42.49,45.8,46.21,45.02,41.94,50.34
"31",31,1981,47.61,46.42,48.68,51.3,48.65,45.76,56.03
"32",32,1981,46.46,45.72,47.67,56.83,46.97,50.32,59.99
"33",33,1981,43.08,44.89,43.52,55.86,43.88,50.05,57.69
"34",34,1981,44.21,44.87,44.48,56.17,44.7,50.22,56.76
"35",35,1981,38.85,40.64,39.06,51.39,41.44,45.61,52.75
"36",36,1981,38.83,38.44,39.58,48.43,39.37,42.6,50.79
"37",37,1981,43.77,41.82,44.67,50,42.56,44.55,51.54
"38",38,1981,52.15,58.17,51.73,65.57,55.1,60.36,65.27
"39",39,1981,46.42,52.84,45.84,68.46,48.38,62.08,66.24
"40",40,1981,41.66,47.13,41.37,62.7,43.16,56.08,61.43
"41",41,1981,44.56,49.02,44.4,61.13,46.18,54.74,60.54
"42",42,1981,44.19,47,44.28,59.52,46.52,52.8,59.57
"43",43,1981,41.43,44.55,41.31,53.5,43.03,47.47,54.88
"44",44,1981,42.26,47.42,41.93,64.21,44.32,57.92,62.01
"45",45,1981,43.3,48.62,43.35,66.49,45.44,60.03,64.62
"46",46,1981,45.99,49,46.88,66.54,46.91,58.66,66.01
"47",47,1981,54.01,57.12,54.85,74.1,54.43,66.08,72.9
"48",48,1981,68.83,77.18,67.76,81.92,71.11,77.93,80.65
"49",49,1981,79.64,84.8,79.37,84.87,81.99,81.54,84.18
"50",50,1981,83.12,87.72,81.96,91.47,84.62,88.35,88.08
"51",51,1981,85.48,92.31,85.8,92.47,88.88,89.26,90.89
"52",52,1981,84.72,87.38,85.14,87.12,85.28,85.04,86.13
"53",53,1981,81.54,86.67,82.2,89.48,82.18,88,86.56
"54",54,1981,82.39,85.67,82.81,88.81,82.15,86.83,85.56
"55",55,1981,86.99,87.84,87.15,89.8,87.22,87.45,87.61
"56",56,1981,87.65,91.82,87.83,90.72,88.02,89.28,89.03
"57",57,1981,89.14,91.81,88.88,89,89.84,88.01,86.48
"58",58,1981,90.86,94.2,90.49,93.17,92.28,92.95,91.29
"59",59,1981,84.12,86.58,84.9,88.58,83.96,87.97,84.95
"60",60,1981,85.85,89.24,86.26,88.17,86.42,87.26,86.52
"61",61,1981,89.38,92.92,88.9,92.78,89.71,92.24,89.66
"62",62,1981,85.02,87.96,85.81,89.82,85.85,90.74,87.09
"63",63,1981,84.82,90.11,84.92,90.72,86.86,91.28,87.58
"64",64,1981,87,89.32,87.27,90.3,87.6,90.63,87.04
"65",65,1981,85.08,88.46,85.84,90.08,84.98,88.49,87.69
"66",66,1981,80.33,81.09,82.01,82.84,79.5,80.84,82.16
"67",67,1981,76.34,77.24,79.39,82.37,77.19,79.37,80.14
"68",68,1981,80.4,77.85,82.68,80.3,78.18,77.01,79.74
"69",69,1981,77.25,84.65,77.74,84.96,80.06,83.82,83.43
"70",70,1981,70.18,71.89,72.13,75.55,71.79,73.23,75.65
"71",71,1981,66.28,63.16,68.51,65.77,64.96,64.73,66.34
"72",72,1981,63.39,61.13,65.43,63.74,61.9,61.04,64.04
"73",73,1981,61.14,60.95,63.72,65.17,62.1,62.34,66.07
"74",74,1981,60.68,59.91,63.26,66.62,60.09,63.21,67.87
"75",75,1981,56.89,63.79,57.85,72.36,59.7,68.45,72.46
"76",76,1981,56.86,61.37,57.67,68.16,58.29,63.98,69.09
"77",77,1981,53.14,59.56,53.8,67.21,55.93,63.39,66.42
"78",78,1981,53.33,59.68,54.1,67.09,57.69,63.55,66.33
"79",79,1981,53.72,58.59,54.91,66.25,55.62,63.29,65.17
"80",80,1981,54.12,54.56,54.82,59.7,55.6,56.72,61.26
"81",81,1981,51.13,55.01,52.45,60.91,54.42,57.6,61.81
"82",82,1981,51.43,56.58,52.66,61.75,54.48,58.03,62.04
"83",83,1981,49.5,53.75,48.99,57.77,51.73,54.06,59.92
"84",84,1981,49.3,53.43,47.74,56.91,52.5,53.45,58.61
"85",85,1981,46.98,53.24,45.44,60.74,50.59,55.24,61.7
"86",86,1981,46.41,52.42,46.69,62.54,49.61,57.44,62.99
"87",87,1981,43.19,48.52,42.87,59.43,45.29,54.59,58.36
"88",88,1981,42.55,48.02,41.87,55.3,44.34,51.53,54.45
"89",89,1981,41.34,48.82,39.98,58.18,44.04,52.88,57.83
"90",90,1981,45.15,50.16,43.72,53.78,46.29,51.45,54.4
"91",91,1981,51.48,56.4,49.91,64.98,52.67,61.11,62.92
"92",92,1981,49.24,54.09,49.18,68.88,50.38,61.91,67
"93",93,1981,54.34,61.29,53.57,69.88,56.57,66.02,67.67
"94",94,1981,67.85,77.51,65.76,84.04,70.75,80.05,81.83
"95",95,1981,82.26,90.3,81.34,93.06,83.79,92.23,88.15
"96",96,1981,74.61,79.72,73.43,83.59,73.96,82.02,80.6
"97",97,1981,73.38,79.06,73.99,83.96,75.2,80.51,80.78
"98",98,1981,85.51,87.26,84.84,88.41,84.03,85.85,86.1
"99",99,1981,86.51,93.72,85.08,93.62,88.17,94.64,91.88
"100",100,1981,81.4,88.73,81.07,93.63,82.42,91.53,91.8
"101",101,1981,82.75,84.85,82.52,86.76,82.01,84.97,84.28
"102",102,1981,86.14,91.34,85.31,91.51,87,88.9,89.52
"103",103,1981,91.31,94.38,91.09,93.77,92.4,93.05,91.79
"104",104,1981,86.39,93.13,85.97,94.42,88.09,93.89,91.64
"105",105,1981,88,93.36,87.33,93.95,89.6,93.2,90.72
"106",106,1981,86.62,91.03,86.55,88.13,87.81,86.51,88.19
"107",107,1981,90.44,96.96,90.23,93.88,92.15,92.73,94.73
"108",108,1981,91.79,95.46,92.27,94.39,91.85,94.12,93.53
"109",109,1981,89.33,94.94,89.06,93.86,91.01,92.24,93.9
"110",110,1981,91.22,94.84,89.82,93.49,90.23,93.74,91.65
"111",111,1981,88.97,93.08,88.78,94.59,90.55,94.09,93.64
"112",112,1981,90.62,95.78,90.45,94.55,91.76,93.08,93.52
"113",113,1981,90.03,94.56,88.16,93.94,90.25,93.31,92.81
"114",114,1981,89.37,94.34,87.67,92.37,89.8,91.49,90.96
"115",115,1981,90.67,92.69,89.16,90.21,90.07,88.23,88.55
"116",116,1981,90.7,92.99,90.05,92.48,90.68,91.59,90.19
"117",117,1981,90.56,95.92,90.06,95.29,92.03,94.98,94.28
"118",118,1981,92.63,95.59,91.85,91.94,93.2,91.25,91.9
"119",119,1981,89.69,92.23,89.71,89.83,90.32,87.05,91.05
"120",120,1981,88.55,93.89,88.18,91.77,89.76,90.51,91.84
"121",121,1981,92.79,97.09,92.68,94.78,94.47,95.32,94.3
"122",122,1981,90.11,96.36,88.08,95.04,89.32,95.82,93.39
"123",123,1981,89.53,96.6,88.62,95.82,91.53,95.16,94.36
"124",124,1981,89.88,91.98,89.96,88.27,90.68,87.64,89.3
"125",125,1981,90.73,93.57,90.36,88.87,91.34,88.02,89.13
"126",126,1981,88.32,92.9,87.9,92.4,89.72,92.36,89.81
"127",127,1981,93.38,96.13,91.9,95.39,94.17,95.78,94.02
"128",128,1981,87.99,89.24,88.31,89.72,87.57,89.13,89.62
"129",129,1981,88.98,94.38,88.65,90.1,91.97,88.8,91.52
"130",130,1981,91.78,94.42,90.71,91.62,91.74,91.84,91.48
"131",131,1981,89.04,91.82,88.54,89.62,89.73,87.48,90.31
"132",132,1981,87.93,89.55,87.9,86.68,88.9,84.18,87.75
"133",133,1981,89.32,93.03,88.27,92.3,89.51,92.48,90.48
"134",134,1981,90.54,94.74,89.34,93.49,91.56,93.51,90.92
"135",135,1981,89.37,90.59,88.82,91.73,88.39,91.82,88.35
"136",136,1981,90.94,94.91,90.39,94.21,92.64,94.65,91.96
"137",137,1981,87.79,86.86,88.35,87.65,87.61,86.39,86.43
"138",138,1981,91.69,96.34,91.88,95.16,94.22,94.91,94.22
"139",139,1981,86.45,89.05,86.97,90.27,87.18,90.27,88.71
"140",140,1981,85.81,92.41,85.1,94.34,86.92,95.15,90.3
"141",141,1981,84.62,89.56,84.82,92.19,87.39,92.74,87.67
"142",142,1981,89.07,93.69,89.06,94.98,89.7,95.56,90.43
"143",143,1981,89.96,95.92,89.59,96.45,91.15,96.36,93.5
"144",144,1981,91.35,96.84,90.43,96.76,92.28,96.5,94.25
"145",145,1981,94.65,99.36,93.74,98.39,95.82,98.71,97.09
"146",146,1981,91.04,92.94,90.73,91.24,91.55,89.83,91.2
"147",147,1981,89.97,94.43,89.24,92.73,91.79,92.5,90.81
"148",148,1981,90.88,95.7,89.8,93.92,92.01,95.28,91.4
"149",149,1981,93.42,99.04,91.5,97.72,94.61,98.27,95.05
"150",150,1981,95.27,99.04,95.2,98.43,96.32,98.32,97.35
"151",151,1981,91.71,95.23,91.53,94.58,92.64,95.15,93.86
"152",152,1981,87.49,87.34,88.35,89.24,87.06,87.84,89.2
"153",153,1981,88.73,93.22,88.4,93.79,87.09,92.68,91.15
"154",154,1981,89.91,91.81,89.12,92.63,88.24,92.68,89.07
"155",155,1981,87.95,89.43,88.47,90.23,88.03,89.1,87.28
"156",156,1981,84.72,87.75,85.35,90.46,84.8,89.38,86.48
"157",157,1981,88.72,92.38,88.2,91.33,89.54,92.18,88.21
"158",158,1981,91.6,95.74,91.4,96.52,92.16,96.4,93.21
"159",159,1981,93.72,98.11,93.77,98.29,95.04,99.03,95.16
"160",160,1981,92.78,96.5,92.62,96.65,94.28,96.5,95.29
"161",161,1981,94.06,97.11,93.75,96.62,94.72,97.62,94.44
"162",162,1981,91.8,96.26,91.26,96.71,92,96.72,93.7
"163",163,1981,93.65,96.93,92.08,96.25,93.92,96.61,94.1
"164",164,1981,93.34,97.94,92.34,97.53,94.84,98.28,94.88
"165",165,1981,90.62,93.75,90.18,94,91.41,95.56,89.72
"166",166,1981,90.05,92.79,89.17,93.42,91.37,93.41,91.33
"167",167,1981,87.43,92.71,86.83,93.07,88.81,92.05,90.59
"168",168,1981,89.34,95.19,88.73,92.84,91.01,93.16,91.27
"169",169,1981,90.68,96.69,90.14,96.78,92.57,97.5,94.14
"170",170,1981,89.41,94.25,87.88,94.55,90.46,93.63,92.54
"171",171,1981,89.9,92.66,89.58,91.61,90.64,90.66,89.26
"172",172,1981,87.44,89.37,86.74,89.06,88.63,89.69,87.95
"173",173,1981,87.8,92.84,86.94,93.12,87.87,93.18,90.28
"174",174,1981,91.34,94.18,90.78,93.35,91.47,93.26,90.63
"175",175,1981,89.05,95.68,87.94,97.92,91.09,98.19,93.84
"176",176,1981,86.26,86.09,87,91.37,87.02,89.76,89.26
"177",177,1981,89.34,93.03,88.57,91.36,89.79,90.28,89.87
"178",178,1981,92.94,96.52,92.01,95.19,93.42,95.44,93.71
"179",179,1981,89.76,94.16,88.9,95.48,90.65,96.87,92.16
"180",180,1981,88.11,92.2,88.48,91.24,89.94,90.98,90.9
"181",181,1981,86.64,88.08,87.13,88.63,88.39,86.69,89.36
"182",182,1981,88.19,89.49,87.56,84.45,89.31,82.63,86.55
"183",183,1981,86.16,85.21,86.06,82.86,85.35,81.68,82.3
"184",184,1981,92.5,92.51,92.23,90.84,92.49,88.7,91.35
"185",185,1981,85.67,87.9,85.9,90.77,87.19,88.34,89.27
"186",186,1981,90.97,96.23,89.76,96.12,91.63,96.49,92.95
"187",187,1981,89.97,93.71,89.7,93.56,91.09,95.21,91.52
"188",188,1981,92.38,96.44,92.68,96.55,94.13,97.23,94.65
"189",189,1981,89.09,89.98,89.1,87.58,88.53,89.77,87
"190",190,1981,88.23,94.29,88.16,94.75,90.05,96.07,92.07
"191",191,1981,88.24,94.5,87.66,95.56,89.32,96.6,91.67
"192",192,1981,91.14,95.64,90.01,94.47,92.22,93.8,92.5
"193",193,1981,89.12,95.09,88.72,94.51,90.58,96.18,91.87
"194",194,1981,84.63,85.93,85.31,85.62,84.24,88.01,81.52
"195",195,1981,86.51,91.48,87.02,91.15,88.34,90.06,88.19
"196",196,1981,87.41,88.95,87.72,87.71,88.49,87.12,87.64
"197",197,1981,86.48,91.75,85.48,90.7,88.64,89.83,89.99
"198",198,1981,91.86,95.76,91.78,94.2,92.91,94.67,92.1
"199",199,1981,89.37,90.16,88.81,90.93,89.32,90.52,88.47
"200",200,1981,89.15,88,89.68,85.56,89.08,84.58,85.58
"201",201,1981,88.34,90,88.07,90.01,88.15,92.06,89.32
"202",202,1981,74.71,77.22,75.4,88.48,73.63,90.13,82.51
"203",203,1981,73.12,78.05,73.55,85.21,73.23,85.42,81.24
"204",204,1981,76.48,79.05,77.96,85.59,78.11,84.76,82.75
"205",205,1981,78.11,78.96,78.86,83.87,75.21,87.2,78.66
"206",206,1981,78.65,82.44,79.2,84.78,75.57,89.47,79.08
"207",207,1981,78.67,84.62,79.25,88.31,75.95,90.8,82.53
"208",208,1981,81.04,87.49,80.85,91.84,80.11,92.87,84.57
"209",209,1981,86.68,93.07,86.53,93.92,87.87,93.47,90.66
"210",210,1981,86.67,89.81,86.25,91.77,87.42,90.36,89.47
"211",211,1981,86.53,88.02,86.16,90.7,86.36,90.81,88
"212",212,1981,89.92,93.35,89.38,92.99,89.8,93.16,88.9
"213",213,1981,88.8,90.1,88.93,91.84,87.23,92.11,87.75
"214",214,1981,89.04,89.98,88.62,90.14,88.44,88.38,87.72
"215",215,1981,86.96,85.63,86.83,84.72,86.05,82.8,84.81
"216",216,1981,87.5,85.5,86.94,84.62,86.99,82.4,84.16
"217",217,1981,88.38,91.38,87.49,91.53,88.13,90.28,88.89
"218",218,1981,87.35,91.09,86.39,90.96,88.2,90.15,88.23
"219",219,1981,85.2,83.23,84.28,84.54,85.06,83.32,83.9
"220",220,1981,84.82,86.5,84.94,84.72,86.51,83.26,85.81
"221",221,1981,89.45,92.36,89.26,91.36,88.7,91.62,87.84
"222",222,1981,87.17,90.27,86.84,88.52,87.5,89.39,85.28
"223",223,1981,87.56,92.06,86.82,89.04,88.09,86.97,87.97
"224",224,1981,87.94,94.9,86.56,94.6,89.42,94.76,92.16
"225",225,1981,88.25,91.53,87.65,93.61,88.69,95.52,88.49
"226",226,1981,86.01,90.97,85.46,93.42,86.03,94.49,87.8
"227",227,1981,83.93,86.07,84.14,90.32,84.25,89.85,85.83
"228",228,1981,79.14,82.12,79.15,82.24,80.11,80.95,82.77
"229",229,1981,85.32,90.85,85.34,85.28,86.97,86.54,86.98
"230",230,1981,88.25,93.22,87.72,91.97,88.17,92.61,88.39
"231",231,1981,86.93,91.65,86,92.7,87.05,95.1,86.56
"232",232,1981,83.27,89.93,82.77,89.54,84.6,91.26,84.29
"233",233,1981,85.29,88.94,84.44,90.4,85.1,90.54,87.94
"234",234,1981,86.06,90.84,85.82,91.68,86.22,91,88.86
"235",235,1981,88.4,93,87.88,94.01,89.18,93.36,93.6
"236",236,1981,87.2,91.49,87.05,93.32,87.26,92.9,90.92
"237",237,1981,86.47,91.78,86.12,92.62,88.13,91.69,90.22
"238",238,1981,89.04,94.52,88.5,94.28,90.7,93.28,92.16
"239",239,1981,85.3,87.76,85.23,87.29,85.61,88.97,84.06
"240",240,1981,80.95,79.43,82.28,78.07,80.36,78.85,78.29
"241",241,1981,86.35,86.05,86.53,80.32,85.26,80.32,83.24
"242",242,1981,89.16,91.53,89.36,91.9,88.37,92,89.06
"243",243,1981,86.97,91.46,87.47,93.46,87.19,92.98,91.08
"244",244,1981,91.76,96.76,90.42,97.1,90.43,97.7,93.44
"245",245,1981,83.9,87.41,83.31,90.42,83.6,90.63,88.41
"246",246,1981,78.44,85.34,78.61,87.86,79.2,88.25,83.97
"247",247,1981,86.92,91.17,86.53,92.35,86.66,92.57,88.56
"248",248,1981,87.34,93.77,86.47,94.66,88.67,93.81,91.13
"249",249,1981,86.91,92.95,85.93,93.95,87.64,93.37,90.65
"250",250,1981,86.67,86.71,87.09,89.47,87.05,87.67,88.23
"251",251,1981,86.68,91.73,86.34,90.63,87.56,89.75,88.7
"252",252,1981,87.2,93.64,87.01,91.02,89.31,91.85,87.6
"253",253,1981,85.35,85.19,85.62,85.6,86.13,84.98,85.15
"254",254,1981,89.34,93.08,89.01,92.65,89.5,92.78,90.24
"255",255,1981,83.71,86.81,84.02,87.47,85.19,86.67,85.79
"256",256,1981,81.67,85.83,81.33,86.29,82.82,84.99,84.52
"257",257,1981,86.25,89.41,86.49,87.32,87.16,86.78,87.16
"258",258,1981,91.71,95.6,91.6,92.01,94.8,93.47,90.3
"259",259,1981,89.84,93.22,88.38,92.26,88.56,92.98,88.19
"260",260,1981,85.76,92,84.76,93.15,86.86,94.47,88.88
"261",261,1981,82.73,81.42,83.9,82.66,83,82.73,82.63
"262",262,1981,88.29,92.44,89.16,90.42,88.42,91.43,89.72
"263",263,1981,89.84,96.11,89.05,94.07,90.57,94.82,90.87
"264",264,1981,85.26,87.63,85.26,86.51,85.35,88.44,83.1
"265",265,1981,82.11,83.78,82.75,82.82,83,84.8,79.9
"266",266,1981,90.23,92.87,89.5,89.36,89.52,92.01,85.17
"267",267,1981,85.71,91.88,85.79,92.24,86.18,93.57,87.71
"268",268,1981,86.7,92.17,86.25,92.02,87.34,93.02,87.94
"269",269,1981,87.46,93.03,86.52,92.18,89.95,92.32,89.39
"270",270,1981,84.74,91.38,84.8,91.06,87.48,91.53,87.79
"271",271,1981,85.24,87.13,85.53,87.25,86.51,87.64,85.13
"272",272,1981,87.16,87.1,87.1,86.22,87.05,85.99,84.34
"273",273,1981,84.79,84.83,84.99,83.01,84.57,81.75,82.3
"274",274,1981,88.92,89.39,89.19,86.66,88.41,86.8,85.65
"275",275,1981,84.64,87.24,85.44,88.19,85.67,87.11,86.99
"276",276,1981,85.65,86.6,85.44,83.29,86.43,83.41,84.8
"277",277,1981,85.66,86.36,85.64,85.36,86.05,84.46,84.19
"278",278,1981,82.03,79.87,82.39,79.27,81.71,77.16,79.75
"279",279,1981,78.53,78.16,78.55,74.78,77.61,74.5,76.71
"280",280,1981,79.55,81.63,79.72,76.54,80.34,77.42,77.83
"281",281,1981,86.35,87.98,86.58,87.66,86.09,85.31,86.13
"282",282,1981,90.69,92.77,89.89,89.13,91.17,88.4,87.68
"283",283,1981,87.99,91.11,88.26,89.55,90.35,88.06,88.94
"284",284,1981,84.08,84.63,83.78,81.57,83.76,81.03,83.98
"285",285,1981,83.13,85.66,83.12,83.02,84.08,83.59,84.96
"286",286,1981,83.14,89.59,82.71,86.59,84.75,86.08,86.97
"287",287,1981,86.82,90.78,86.44,90.75,87.32,90.49,89.39
"288",288,1981,84.21,87.09,84.45,86.38,85.03,84.87,85.62
"289",289,1981,87.66,93.11,86.93,94.5,89.17,94,90.9
"290",290,1981,85.28,88.93,85.3,91.14,86.63,91.2,87.78
"291",291,1981,85.94,89.57,85.66,87.11,87.05,87.29,85.75
"292",292,1981,85.65,90.16,85.07,90.1,86.82,89.92,87.89
"293",293,1981,83.52,88.64,83.14,89.92,84.46,91.67,85.1
"294",294,1981,84.02,85.44,83.71,87.5,83,88.88,82.82
"295",295,1981,89,92.73,88.6,92.21,89.3,91.55,89.38
"296",296,1981,87.07,90.02,87.44,91.15,88.01,91.2,88.16
"297",297,1981,86.23,90.65,86.14,92.12,87.06,92.61,88.55
"298",298,1981,84.26,86.22,84.99,88.44,84.86,88.79,84.6
"299",299,1981,88.31,88.75,88.46,89.33,87.82,87.8,87.62
"300",300,1981,86.78,90.21,86.49,89.36,86.32,88.87,86.46
"301",301,1981,84.72,87.87,84.5,91.33,84.61,91.36,86.16
"302",302,1981,81.18,81.28,82.16,84.77,79.23,83.95,81.17
"303",303,1981,79.92,78.44,81.66,83.52,77.67,80.73,81.27
"304",304,1981,86.68,86.54,87.01,86.45,85.94,85.09,85.81
"305",305,1981,85.68,88.86,85.81,90.53,85.62,90.46,89.4
"306",306,1981,83.38,86.76,83.26,89.36,82.41,87.71,87.35
"307",307,1981,85.19,86.32,85.24,86.18,83.72,85.25,85.84
"308",308,1981,85.03,86.15,85.41,85.65,85.75,83.31,86.04
"309",309,1981,87.68,87.94,87.4,83.84,87.84,83.82,83.55
"310",310,1981,87.14,86.35,86.92,85.53,86.47,83.86,85.53
"311",311,1981,86.76,90.91,86.67,87.61,88.25,87.59,87.94
"312",312,1981,86.76,88.67,86.27,84.65,88.48,83.16,86.61
"313",313,1981,82.23,80.24,82.29,77.01,81.33,77.18,78.92
"314",314,1981,78.02,80.58,78.83,77.27,77.71,77.89,78.4
"315",315,1981,78.09,80.5,79.13,79.34,77.65,79.51,80.24
"316",316,1981,84.48,88.14,83.68,88.08,84.29,86.65,88.18
"317",317,1981,85.06,91.63,83.53,88.38,87.02,87.49,88.48
"318",318,1981,82.25,81.67,83.15,81.34,82.12,79.53,81.51
"319",319,1981,82.83,80.98,83.48,75.93,82.91,76.53,78.31
"320",320,1981,82.53,79.11,82.95,76.02,82.11,74.72,78.81
"321",321,1981,82.95,78.83,83.43,73.4,82.92,72.56,77.54
"322",322,1981,80.52,79.11,81.13,72.65,80.23,72.72,76.22
"323",323,1981,78.57,78.67,79.81,73.64,79.35,73.05,77.24
"324",324,1981,81.4,79.66,82.74,73.92,80.87,73.75,77.89
"325",325,1981,86.96,87.93,86.86,78.32,88.26,78.13,83.8
"326",326,1981,87.42,91.69,86.8,84.59,87.52,84.41,86.18
"327",327,1981,83.42,83.01,84.54,81.79,82.01,79.61,82.82
"328",328,1981,81.39,79.82,82.6,79.04,80.21,76.36,80.05
"329",329,1981,75.72,70.58,78.42,72.63,72.65,69.66,74.7
"330",330,1981,83.02,79.98,83.45,73.52,82.83,72.26,76.92
"331",331,1981,83.25,87.49,83.58,83.65,84.06,83.21,84.23
"332",332,1981,84.1,82.29,84.34,76.39,83.65,74.7,78.78
"333",333,1981,80.79,80.18,81.48,74.09,80.19,71.92,78.23
"334",334,1981,83.86,85.38,83.7,78.56,84.33,78.41,81.12
"335",335,1981,84.61,84.18,85.03,77.39,84.38,75.65,80.73
"336",336,1981,83.65,85.93,83.28,83.63,82.93,81.44,81.61
"337",337,1981,81.09,78.29,82,77.76,79.1,76.06,77.01
"338",338,1981,87.17,89.98,86.8,84.66,87.14,83.02,84.76
"339",339,1981,87.3,90.16,86.96,85.32,87.87,83.34,86.35
"340",340,1981,84.55,89.94,84.02,86.79,85.22,84.96,85.74
"341",341,1981,82.79,84.82,83.34,84.96,83.85,82.71,83.19
"342",342,1981,87.04,86.78,87.57,88.03,87.01,87.31,84.54
"343",343,1981,87.82,90.57,87.84,89.61,89.65,89.63,87.96
"344",344,1981,85.8,88.13,86.13,89.98,85.33,90.74,86.67
"345",345,1981,87.51,88.35,87.89,87.18,87.31,87.16,84.57
"346",346,1981,85.97,86.97,86.41,84.88,86.1,82.59,84.35
"347",347,1981,86.52,88.88,86.14,84.98,87.55,84,84.85
"348",348,1981,87.93,89.02,87.52,83.03,88.75,82.71,83.94
"349",349,1981,84.83,85.71,84.82,83.68,85,81.78,83.26
"350",350,1981,76.71,74.46,78.5,73.05,75.14,72.64,72.48
"351",351,1981,76.34,75.9,76.7,71.31,76.33,71.21,72.39
"352",352,1981,76.48,77.2,76.7,74.29,76.72,74.19,74.83
"353",353,1981,75.05,74.96,76.05,73.41,75.15,72.05,74.16
"354",354,1981,74.89,73.23,76.2,72.98,74.19,71.09,73.68
"355",355,1981,74.78,74.4,76.02,74.72,74.68,72.85,73.79
"356",356,1981,73.64,74.87,74.63,74.43,73.45,73.3,73.31
"357",357,1981,73.16,74.21,73.88,74.13,73.65,72.36,73.51
"358",358,1981,73.01,71.59,73.76,71.91,72.46,70.26,70.8
"359",359,1981,72.45,71.42,74.14,75.77,72.35,71.44,72.76
"360",360,1981,80.93,79.28,82.69,84.84,80.39,79.43,83.56
"361",361,1981,87.17,88.15,87.17,90.54,86.13,87.86,87.59
"362",362,1981,84.86,87.72,85.45,90.08,84.72,89.95,86.81
"363",363,1981,82.38,82.42,83.15,85.9,81.73,83.8,84.27
"364",364,1981,82.46,82.77,83.26,83.58,81.83,80.01,83.88
"365",365,1981,83.44,86.51,83.69,83.45,84.01,81.12,84.08
"366",1,1982,80.12,83.9,79.46,80.95,81.72,79.01,81.84
"367",2,1982,84,86.17,83.33,81.5,84.73,80.27,81.69
"368",3,1982,85.34,87.06,85.33,80.41,85.69,79.66,81.48
"369",4,1982,79.73,81.94,80.19,75.18,81.46,74.87,77.66
"370",5,1982,79.83,82.18,81.05,78.7,81.57,77.76,80.53
"371",6,1982,73.3,76.86,73.69,81.32,74.62,80.9,78.87
"372",7,1982,69.97,79.93,70.44,87.5,72.36,88.26,82.69
"373",8,1982,69.66,74.27,70.48,81.66,69.75,81.09,78.07
"374",9,1982,68.53,70.06,68.9,74.2,68.05,72.43,72.38
"375",10,1982,66.6,66.58,67.26,69.59,65.37,68.73,68.18
"376",11,1982,67.22,67.03,67.8,73.08,65.98,71.06,71
"377",12,1982,78.53,81.76,77.87,77.06,79.73,75.83,78.16
"378",13,1982,73.2,70.98,73.96,73.49,73.52,70.92,72.83
"379",14,1982,65.37,67.51,65.69,74.73,66.67,71.96,73
"380",15,1982,66.88,69.6,66.57,75.19,68.1,72.64,73.4
"381",16,1982,64.19,66.7,63.5,70.81,66.02,67.32,70.22
"382",17,1982,61.22,62.17,60.74,67.39,61.88,64.91,66.48
"383",18,1982,57.35,59.27,56.11,58.81,59.55,58.53,59.55
"384",19,1982,58.69,55.86,58.21,59.32,58.42,57.24,59.61
"385",20,1982,60.54,60.84,59.52,67.47,61.76,63.21,66.53
"386",21,1982,57.32,59.65,56.45,62.88,59.69,61.63,63.53
"387",22,1982,53.32,55.89,52.58,63.81,55.06,61.41,62.6
"388",23,1982,56.54,57.6,55.75,59.23,57.25,58.62,59.88
"389",24,1982,58.86,62.61,58.29,69.22,60.54,66.75,68.49
"390",25,1982,53.64,59.91,52.31,67.55,56.72,63.86,67.44
"391",26,1982,55.07,61.48,52.93,70.18,58.25,65.43,69.69
"392",27,1982,55.51,60.51,54.38,71.67,57.95,66.17,70.96
"393",28,1982,56.19,59.69,55.37,69.9,57.65,64.55,68.47
"394",29,1982,57.45,61.52,56.66,70.88,59.36,65.71,70.92
"395",30,1982,56.83,63.05,55.27,74.08,59.38,69.64,72.35
"396",31,1982,57.04,63.19,55.58,77.26,59.31,72.62,73.76
"397",32,1982,55.85,58.12,54.65,67.37,56.62,62.66,66.67
"398",33,1982,55.1,58.85,54.17,71.88,56.23,67.02,69.5
"399",34,1982,58.59,62.56,58.61,76.33,58.89,71.4,72.44
"400",35,1982,70.97,77.67,71.21,85.95,72.23,81.99,79.86
"401",36,1982,76.23,78.03,76.18,86.4,75.3,83.39,81.15
"402",37,1982,79.35,83.11,78.37,87.82,80.46,84.58,84.79
"403",38,1982,66.38,72.11,65.88,78.63,66.32,74.95,76.85
"404",39,1982,68.22,78.58,65.61,83.16,71.73,79.43,80.62
"405",40,1982,68.77,81.06,66.24,88.37,73.2,85.53,82.99
"406",41,1982,67.01,73.94,65.9,83.62,67.78,82.7,78.39
"407",42,1982,77.85,83.56,77.8,89.93,79.1,88.71,85.28
"408",43,1982,71.77,75.89,70.36,81.45,72.14,78.69,78.51
"409",44,1982,67.43,76.66,65.23,82.05,70.68,78.13,78.99
"410",45,1982,62.24,70.88,59.74,80.51,64.54,76.72,77.58
"411",46,1982,59.02,65.84,57.15,73.2,60.07,70.86,71.1
"412",47,1982,56.8,67.05,55.17,75.62,59.16,73.1,72.91
"413",48,1982,55.66,65.69,53.59,75.69,58.63,73.08,72.87
"414",49,1982,57.48,68.63,54.67,81.95,60.18,79.27,78.54
"415",50,1982,60.54,69.8,57.87,77.02,62.33,75.21,74.81
"416",51,1982,57.59,69.7,55.61,81.38,61.33,78.94,78.74
"417",52,1982,51.56,69.84,48.83,83.92,58.43,80.8,80.71
"418",53,1982,50.88,64.61,48.65,78.72,56.56,74.15,75.57
"419",54,1982,51.5,60.06,50.28,72.46,54.32,69.5,68.73
"420",55,1982,60.06,68.93,59.76,76.81,63.37,72.77,74.87
"421",56,1982,61.17,75.17,59.46,82.76,69.63,79.06,80.31
"422",57,1982,60.57,77.42,58.47,86.7,66.12,83.66,81.61
"423",58,1982,58.45,72.17,55.74,82.22,62.83,78.2,78.09
"424",59,1982,57.53,68.04,55.5,76.55,60.48,74.59,73.12
"425",60,1982,58.07,70.86,56.44,79.62,61.37,77.78,75.83
"426",61,1982,55.42,68.86,54.6,77.22,60.14,75.6,74.96
"427",62,1982,47.71,59.45,46.09,68.9,50.81,66.56,68.05
"428",63,1982,49.01,57.02,47.26,66.43,50.28,61.79,65.6
"429",64,1982,51.2,59.7,49.74,72.09,52.73,68.31,68.73
"430",65,1982,46.32,54.34,45.27,68.54,48.59,64.1,66.41
"431",66,1982,44.8,52.22,43.19,60.15,45.85,58.84,59.29
"432",67,1982,49.72,57.25,48.29,66.71,50.97,64.29,64.93
"433",68,1982,50.61,60.16,48.87,73.71,51.93,70.68,69.29
"434",69,1982,48.02,62.57,45.83,76.71,51.9,72.85,72.27
"435",70,1982,45.91,53.11,44.73,68.72,47.38,64.41,65
"436",71,1982,51.1,61.4,50.2,78.93,52.49,76.25,71.78
"437",72,1982,58.89,69.97,58.23,83.71,61.26,81.02,77.81
"438",73,1982,68.49,78.09,68.07,88.45,70.04,86.72,82.19
"439",74,1982,63.24,75.09,61.27,84.66,67.43,81.33,81.14
"440",75,1982,52.39,62.47,50.76,76.75,54.81,72.83,73.41
"441",76,1982,50.77,59.99,49.88,75.2,53.44,71.03,71.8
"442",77,1982,55.27,60.87,54.31,75.65,55.71,70.12,72.54
"443",78,1982,56.6,68.77,54.26,78.71,60.31,74.71,76.53
"444",79,1982,58.53,69.26,57.13,78.45,62.62,72.78,77.12
"445",80,1982,68.1,80.61,67.67,85.78,73.46,82.09,84.39
"446",81,1982,76.36,87.07,75.66,91.33,80.65,90.29,86.39
"447",82,1982,79.82,89.96,80.16,94.57,80.82,95.53,88.26
"448",83,1982,86.95,93.36,86.17,95.93,86.92,95.52,90.93
"449",84,1982,83.1,87.93,82.27,90.63,84.78,89.42,88.05
"450",85,1982,76.17,84.14,75.21,87.37,79.32,84.59,84.98
"451",86,1982,67.44,77.94,66.41,83.03,70.67,80.42,80.57
"452",87,1982,59.86,64.9,61.37,74.77,62.4,70.33,73.1
"453",88,1982,63.14,69.69,64.57,79.52,65.58,76.29,75.88
"454",89,1982,76.43,78.48,77.17,82.63,74.24,80.28,80.12
"455",90,1982,83.55,85.76,83.63,90.28,81.47,88.67,86.3
"456",91,1982,86.66,92.17,86.48,92.8,88.01,90.23,89.36
"457",92,1982,91.14,94.61,90.54,95.68,91.79,95.92,93.45
"458",93,1982,92.34,97.08,92.33,97.79,93.36,97.87,95.62
"459",94,1982,91.46,96.7,90.86,97.72,92.8,97.74,95.79
"460",95,1982,89.78,94.12,89.46,96.34,89.92,97.12,92.84
"461",96,1982,94.78,99.19,94.64,98.66,97.6,98.2,98.5
"462",97,1982,92.25,97.14,91.2,97.99,93.54,97.36,96.45
"463",98,1982,90.61,96.84,89.74,96.63,93.17,95.32,95.58
"464",99,1982,90.09,94.78,88.87,95.36,91.6,94.09,93.97
"465",100,1982,73.39,71.21,76.4,79.16,72.71,75.39,78.6
"466",101,1982,73.29,67.8,75,71.42,70.98,69.86,72.13
"467",102,1982,71.82,71.41,74.03,77.3,71.59,73.59,78.42
"468",103,1982,73.76,77.38,73.57,82.44,74.66,81.02,82.32
"469",104,1982,72.75,79.66,72.67,84.34,74.87,84.93,82.5
"470",105,1982,70.53,81.84,70.32,89.61,75.75,87.35,88.43
"471",106,1982,67.28,79.08,67.08,87.34,71.96,85.38,85.89
"472",107,1982,74.35,82.2,74.19,85.56,76.94,83.16,86.05
"473",108,1982,89.17,92.23,88.61,89.65,90,87.44,90.38
"474",109,1982,88.01,92.18,88.27,91.86,90.37,90.27,91.91
"475",110,1982,90.48,95.3,89.96,95.28,91.82,95.95,92.53
"476",111,1982,89.87,93.47,88.89,92.93,90.43,93.5,89.48
"477",112,1982,91.21,94.13,90.5,93.3,91.39,92.88,90.52
"478",113,1982,91.48,94.22,91.11,93.6,91.14,93.5,92.1
"479",114,1982,91.42,96.58,91.38,96.96,91.85,97.24,95.17
"480",115,1982,92.48,97.74,91.61,98.23,92.62,98.59,96.95
"481",116,1982,92.51,96.31,90.83,96.79,92.91,97.5,94.54
"482",117,1982,90.18,94.74,89.93,96.9,90.24,98.08,92.51
"483",118,1982,94.06,98,92.5,98.59,94.02,99.01,96.36
"484",119,1982,91.56,95.85,90.81,95.33,93.42,95.05,94.61
"485",120,1982,91.11,94.93,90.15,95.16,91.94,95.53,95.23
"486",121,1982,88.93,93.91,87.75,94.69,88.08,95.62,90.64
"487",122,1982,91.24,96.27,89.67,96.03,92.48,96.35,94.38
"488",123,1982,91.21,95.27,90.01,96.01,90.9,96.17,92.94
"489",124,1982,89.22,93.37,88.44,94.39,89.32,95.2,91.34
"490",125,1982,87.17,90.95,87.47,94.22,87.84,93.21,91.72
"491",126,1982,88.26,92,88.59,93.69,88.19,94.81,90.25
"492",127,1982,89.95,94.2,89.38,94.27,91.61,94.64,91.89
"493",128,1982,91.22,96.81,90.42,97.27,92.7,97.55,93.69
"494",129,1982,92.71,97.74,91.56,95.26,94.73,95.55,92.43
"495",130,1982,81.91,83.89,82.8,86.33,84.4,84.16,85.07
"496",131,1982,76.73,77.11,78.05,76.2,78.86,74.92,78.5
"497",132,1982,81.86,78.22,83.64,78.47,81.2,75.96,81.34
"498",133,1982,88.27,92.15,87.77,91.9,88.49,91.78,89.18
"499",134,1982,91.12,95.53,90.49,95.63,92.36,96.28,92.04
"500",135,1982,92.31,93.18,92.22,92.95,91.97,91.29,89.79
"501",136,1982,91.92,90.43,90.85,89.33,91.1,88.84,87.72
"502",137,1982,89.3,90.65,89.04,90.98,89.46,90.04,88.35
"503",138,1982,90.05,93.58,89.54,92.07,91.03,91.51,91.07
"504",139,1982,90.24,93.89,88.93,93.25,90.72,93.69,90.52
"505",140,1982,91.73,94.52,91.07,94.54,92,94.64,91.57
"506",141,1982,91.63,95.14,91.78,94.81,92.88,94.03,94.2
"507",142,1982,90.59,93.29,89.94,93.08,90.53,93.65,89.76
"508",143,1982,87.83,91.27,88.49,91.89,89.34,92.06,90.74
"509",144,1982,86.32,85.67,86.66,88.46,84.83,87.94,84.73
"510",145,1982,84.95,82.51,86.22,85.51,84.22,83.4,83.29
"511",146,1982,90.89,94.25,90.27,92.44,90.52,92.07,90.73
"512",147,1982,91.45,95.79,90.69,95.96,91.81,95.9,93.36
"513",148,1982,94.77,98.04,95.13,97.19,95.44,98.09,94.12
"514",149,1982,90.29,96.06,90.06,97.1,90.57,98.15,94.28
"515",150,1982,93.01,95.56,93.12,96.82,91.79,98.03,93.08
"516",151,1982,88.56,90.59,89.2,95.66,87.62,96.71,91.31
"517",152,1982,89.94,94.48,89.44,96.46,87.36,98.09,90.88
"518",153,1982,85.91,92.67,85.25,94.9,85.98,95.67,88.84
"519",154,1982,90.81,95.16,89.56,95.43,89.65,96.24,90.74
"520",155,1982,91.99,96.44,90.81,96.59,91.61,97.37,92.26
"521",156,1982,92.11,97.66,90.75,97.51,93.5,97.64,93.6
"522",157,1982,92.82,96.19,91.49,96.33,93.74,95.65,93.2
"523",158,1982,91.96,96.84,90.6,96.59,93.85,96.54,94.63
"524",159,1982,89.28,90.13,88.93,91.93,88.93,90.7,88.85
"525",160,1982,87.43,90.85,87.48,90.52,87.7,89.01,87.85
"526",161,1982,89.71,94.1,89.25,91.34,89.59,90.52,89.45
"527",162,1982,88.74,92.57,88.61,91.69,88.89,90.55,89.54
"528",163,1982,87.78,93.59,87.21,93.05,88.38,92.9,89.74
"529",164,1982,87.41,91.33,87.1,90.9,88.42,92.58,86.44
"530",165,1982,88.41,91.78,88.24,91.22,89.58,91.05,87.7
"531",166,1982,86.93,92.24,87.15,93.35,89.25,94.26,90.19
"532",167,1982,91.42,94.48,91.21,93.54,90.96,92.79,90.93
"533",168,1982,89.41,93.82,89.11,93.19,89.44,94.7,89.35
"534",169,1982,89.68,94.8,89.4,93.09,91.19,94.31,90.55
"535",170,1982,86.74,88.74,86.37,88.67,87.52,89.89,87.16
"536",171,1982,85.59,91.53,85.21,93.05,87.05,94.17,89.2
"537",172,1982,90.29,94.43,89.83,92.62,90.59,93.39,90.01
"538",173,1982,90.41,91.18,89.75,89.44,90.41,90.29,86.64
"539",174,1982,88.77,91.77,88.39,90.95,88.93,91.86,87.49
"540",175,1982,86.81,87.91,86.53,88.02,86.38,89.04,84.88
"541",176,1982,87.49,90.32,87.65,89.58,87.84,89.85,86.44
"542",177,1982,84.3,83.35,85.05,85.11,83.15,86.07,82.05
"543",178,1982,88.9,88.67,89.14,89.98,88.15,89.3,87.61
"544",179,1982,85.26,84.15,86.1,88.35,83.91,88.37,84.66
"545",180,1982,83.27,81.21,84.44,84.96,82.13,84.14,81.81
"546",181,1982,89.02,92.67,89.13,92.34,89.64,92.28,88.77
"547",182,1982,89.13,94.62,88.57,92.66,88.93,93.81,88.07
"548",183,1982,90.39,95.39,89.65,93.98,92.06,93.21,92.37
"549",184,1982,90.69,97.57,89.88,97.24,93.61,97.57,95.88
"550",185,1982,92.13,96.97,92.55,96.36,94.07,96.49,94.69
"551",186,1982,90.73,93.07,90.29,92.3,90.63,93.24,89.74
"552",187,1982,87.06,89.28,87.01,90.6,88.02,89.63,86.66
"553",188,1982,87.9,88.34,87.79,87.43,88.6,85.51,86.45
"554",189,1982,84.63,85.27,85.36,85.73,85.44,84.71,85.46
"555",190,1982,82.52,85.73,83.17,84.85,83.92,82.99,85.55
"556",191,1982,90.31,94.83,89.38,91.93,91.11,92.91,89.29
"557",192,1982,89.19,92.98,89.12,91.28,89.88,92.49,88.23
"558",193,1982,88.33,92.83,88.13,91.07,88.43,91.59,87.54
"559",194,1982,89.71,92.86,89.07,91.37,89.3,92.85,88.06
"560",195,1982,87.42,90.98,87.44,89.6,88.12,90.64,86.08
"561",196,1982,85.37,87.85,85.7,89.26,85.88,89.52,84.15
"562",197,1982,82.52,84.91,84.7,85.62,82.81,87.58,81.46
"563",198,1982,81.9,85.92,82.8,85.2,84,87.5,81.52
"564",199,1982,85.81,90.29,86.83,88.62,87.22,91.13,85.48
"565",200,1982,92.56,94.79,92.67,90.18,92.58,93.16,86.8
"566",201,1982,86.16,88.16,86.45,87.41,86.32,89.78,83.81
"567",202,1982,86.73,90.87,86.74,89.55,87.97,91.27,87.22
"568",203,1982,89.06,93.13,88.61,91.51,89.79,91.3,89.13
"569",204,1982,85.65,91.09,86.18,93.16,86.69,95.53,87.02
"570",205,1982,84.5,84.14,84.33,85.15,84.33,85.74,82.64
"571",206,1982,87.01,92.99,87.38,89.34,89.12,88.53,88.62
"572",207,1982,90.1,91.02,89.76,89.52,90.01,90.38,86.51
"573",208,1982,90.12,92.81,89.65,91.01,89.85,90.91,88.94
"574",209,1982,91.68,94.32,91.28,90.15,93.09,87.82,91.63
"575",210,1982,91.39,95.4,91.48,92.13,93.24,91.43,91.63
"576",211,1982,91.23,93.94,91.05,92.27,91.32,93.71,88.19
"577",212,1982,87.44,87.24,87.45,86.9,86.61,85.61,86.49
"578",213,1982,87.6,90.85,87.45,89.08,88.14,86.85,88.39
"579",214,1982,86.97,87.55,86.82,87.48,87.07,87.12,84.72
"580",215,1982,87.09,92.32,87.45,91.56,88.74,91.92,88.17
"581",216,1982,83.79,85.08,84.51,84.28,85.28,84.87,83.46
"582",217,1982,84.13,83.83,85.54,82.03,85.19,83.9,79.12
"583",218,1982,88.89,90.92,89.36,87.56,89.79,87.22,86.86
"584",219,1982,88.81,95.02,88.99,94.31,90.38,94.5,89.9
"585",220,1982,88.75,90.58,87.85,89.31,89.05,90.61,87.04
"586",221,1982,84.38,82.62,84.3,82.53,83.18,82.08,80.52
"587",222,1982,84.37,84.63,85.56,82.88,84.62,82.46,81.59
"588",223,1982,89.9,91.71,89.7,90.17,88.34,90.33,85.17
"589",224,1982,87.95,93.11,86.65,93.68,87.7,95.72,86.84
"590",225,1982,86.37,92.51,86.49,92.59,87.71,94.78,87.59
"591",226,1982,87.03,92.88,86.65,92.25,88.2,93.51,89.61
"592",227,1982,89.37,93.02,88.08,90.92,89.88,91.05,89.5
"593",228,1982,87.03,89.38,86.52,89.42,87.67,90.46,86.54
"594",229,1982,87.03,90.55,86.44,91.03,88.11,91.76,87.32
"595",230,1982,88.84,90.22,88.52,91.22,87.37,91.25,87.75
"596",231,1982,89.45,90.57,88.85,89.52,88.17,89.29,86.7
"597",232,1982,88.75,93.39,87.92,93.53,89.3,93.79,90.3
"598",233,1982,85.32,89.74,85.65,90.83,86.75,91.29,87.01
"599",234,1982,88.01,89.94,87.53,88.18,88.97,89.82,84.87
"600",235,1982,86.07,88.46,86.15,87.57,86.1,88.07,84.5
"601",236,1982,86.72,90.85,86.97,91.38,87.09,91.26,88.13
"602",237,1982,84.94,85.49,85.82,85.72,84.2,86.77,83.57
"603",238,1982,86.41,87.24,85.89,84.7,86.82,83.19,83.96
"604",239,1982,87.38,84.81,87.58,85.18,86.39,83.39,83.8
"605",240,1982,91.23,93.55,91.26,91.66,91.5,91.54,87.92
"606",241,1982,87.27,91.84,87.34,90.28,88.38,90.48,87.24
"607",242,1982,86.37,86.91,86.16,85.7,85.88,86.2,82.9
"608",243,1982,91.45,93.97,90.61,92.34,91.29,91.2,87.95
"609",244,1982,90.3,93.35,89.16,93.11,90.99,93.89,88.07
"610",245,1982,88.19,93.98,87.43,93.06,89.05,93.52,88.5
"611",246,1982,88.89,95.59,87.91,93.16,90.01,93.96,88.5
"612",247,1982,89.37,96.59,88.9,96.8,91.71,97.45,91.51
"613",248,1982,89.55,93.63,88.93,93.71,89.81,94.4,89.2
"614",249,1982,86.52,87.79,87.13,87.58,87.61,89.04,85.11
"615",250,1982,84.56,88.1,84.76,87.16,85.95,87.26,84.25
"616",251,1982,86.19,90.95,85.42,90.42,87.02,89.21,87.09
"617",252,1982,84.55,86.66,85.34,88.02,85.45,86.72,86.99
"618",253,1982,87.11,90.53,86.95,87.87,87.42,88.14,86.81
"619",254,1982,88.96,91.59,88.97,89.27,89.18,89.05,89.18
"620",255,1982,85.15,90.5,85.11,90.44,86.98,91.31,86.95
"621",256,1982,81.47,83.82,82.15,86.23,82.15,86.44,82.42
"622",257,1982,86.06,88.26,85.44,87.7,86.29,88.04,84.62
"623",258,1982,86.98,88.43,86.39,88.36,87.48,87.1,85.8
"624",259,1982,87.82,89.68,86.76,89.19,87.87,90.29,85.83
"625",260,1982,86.67,87.16,85.5,87.19,86,85.94,83.91
"626",261,1982,84.42,83.86,85.31,83.73,83.8,81.44,82.29
"627",262,1982,79.35,75.77,81.79,79.76,78.32,76.86,79.8
"628",263,1982,81.99,76.36,85.43,79.46,80.53,77.55,78.21
"629",264,1982,84.12,81.69,85.21,82.06,83.85,80.82,80.88
"630",265,1982,84.24,89.08,84.03,85.07,85,83.02,84.78
"631",266,1982,85.36,89.03,84.47,86.68,86.13,87.82,83.35
"632",267,1982,87.06,88.77,87.42,85.58,89.1,86.04,82.71
"633",268,1982,89.06,92.83,89.15,91.84,90.13,91.45,88.84
"634",269,1982,86.77,91.64,86.88,92.04,89.48,91.33,90.47
"635",270,1982,86.15,87.94,85.62,89.33,85.37,87.3,86.06
"636",271,1982,83.29,88.39,82.22,89.32,83.8,88.02,86.27
"637",272,1982,86.4,90.78,86.4,89.07,86.96,88.08,85.9
"638",273,1982,87.28,88.84,88.6,90.02,87.59,90.04,85.47
"639",274,1982,89.75,92.36,89.74,91,90.34,90.83,87.69
"640",275,1982,86.23,87.3,86.06,83.24,86.42,80.47,84.17
"641",276,1982,87.37,89.85,87.08,86.29,87.39,84.01,86.54
"642",277,1982,84.98,83.09,85.22,83.94,82.66,82.28,81.35
"643",278,1982,83.17,77.05,84.05,74.74,80.31,73.4,76.73
"644",279,1982,84.85,84.58,85,79.63,84.94,79.09,81.18
"645",280,1982,87.93,91.63,87.52,90.45,88.2,89.28,88.75
"646",281,1982,84.58,82.89,84.93,86.32,82.79,85.86,82.38
"647",282,1982,82.75,82.95,82.48,84.03,81.48,82.13,82.6
"648",283,1982,88.54,91.44,87.83,88.45,88.9,87.1,86.57
"649",284,1982,85.11,87.43,85.62,87.84,84.69,87.77,84.66
"650",285,1982,86.24,91.74,86.14,94.42,86.67,93.75,90.19
"651",286,1982,83.21,83.57,84.12,85.22,83.4,83.32,83.36
"652",287,1982,82.35,79.42,82.83,79.82,81.6,77.71,79.83
"653",288,1982,84.57,84.86,84.74,79.72,84.81,79.6,79.95
"654",289,1982,88.88,91.95,88.74,87.69,89.46,85.17,87.86
"655",290,1982,87.96,90.58,87.23,89,87.78,89.61,85.49
"656",291,1982,86.02,86.77,86.16,85.88,85.97,86.36,83.59
"657",292,1982,85.42,84.48,85.69,84.83,85.37,82.27,83.19
"658",293,1982,86.61,91.53,86.39,91.82,88,90.6,89.04
"659",294,1982,88.04,92.69,87.58,92.6,88.31,92.69,88.8
"660",295,1982,86.68,91.69,86.43,90.26,87.76,89.22,88.04
"661",296,1982,86.53,90.45,86.06,89.83,87.95,87.5,88.59
"662",297,1982,79.69,82.39,80.55,82.86,80.29,81.52,82.09
"663",298,1982,85.02,83.89,85.39,84.04,84.16,82.37,83.28
"664",299,1982,86.39,89.95,86.14,90.14,87.05,90.79,85.49
"665",300,1982,84.96,89.05,84.26,89.71,85.22,89.88,85.49
"666",301,1982,86.22,85.71,86.3,86.62,84.97,84.49,85.3
"667",302,1982,86.04,85.29,85.92,87.18,84.1,85.43,83.89
"668",303,1982,84.63,83.08,84.62,86.49,81.71,84.79,82.44
"669",304,1982,86.12,80.45,86.94,86.31,82.84,83.55,82.39
"670",305,1982,88.22,86.75,88.1,84.86,87.55,83.21,82.94
"671",306,1982,85.23,81.98,85.98,84.47,83.46,82.08,81.94
"672",307,1982,87.79,87.45,87.2,84.69,86.59,82.48,84.41
"673",308,1982,83.55,85.67,83.79,83.67,83.86,81.95,84.39
"674",309,1982,82.16,83.08,83.23,82.01,82.27,80.03,82.53
"675",310,1982,83.06,82.44,83.79,83.3,82.53,81.09,82.6
"676",311,1982,82.5,81.33,84,85.16,81.26,82.3,82.82
"677",312,1982,82.1,79.73,83.69,81.78,80.64,78.97,79.62
"678",313,1982,82.58,84.61,82.87,82.96,83.23,80.2,81.05
"679",314,1982,85.13,84.87,84.89,85.19,85.37,82.92,83.29
"680",315,1982,88.56,92.94,87.61,90.19,89.18,89.6,88.27
"681",316,1982,85.1,86.31,85.6,85.11,84.35,83.55,84.08
"682",317,1982,85.17,83.83,85.93,81.37,85.23,78.98,81.57
"683",318,1982,81.8,81.11,82.68,83.26,82.12,81.18,80.58
"684",319,1982,84.13,86.66,85.07,89.97,85.32,87.63,86.79
"685",320,1982,84.8,85.25,85.06,86.33,83.77,84.94,83.51
"686",321,1982,89.01,91.02,88.51,89.77,88.46,89.56,86.66
"687",322,1982,88.75,93.46,89,94.26,88.89,94.43,89.19
"688",323,1982,85.2,88.27,86.21,91.09,85.47,88.86,86.37
"689",324,1982,83.15,83.83,84.02,86.31,82.91,83.92,84.01
"690",325,1982,86.68,89.71,86.13,89.97,86.51,88.5,88.51
"691",326,1982,87.64,86.47,88.05,86.77,86.43,84.58,86.82
"692",327,1982,87.3,88.92,88.25,90.65,87.15,88.6,87.78
"693",328,1982,83.19,84.01,84.42,86.31,82.47,85.76,82.82
"694",329,1982,86.22,84.9,86.45,84.89,85.49,82.52,82.92
"695",330,1982,85.93,87.11,85.22,83.55,86.07,81.29,82.36
"696",331,1982,78,77.54,78.58,74.82,78.23,73.41,75.78
"697",332,1982,76.6,79.92,77.21,80.96,78.07,79.19,80.93
"698",333,1982,79.78,83,79.97,82.63,79.72,80.27,81.25
"699",334,1982,86.26,82.08,87.17,81.48,83.38,79.3,79.79
"700",335,1982,88.53,85.76,88.73,88.83,86.14,87.65,83.99
"701",336,1982,86.16,83.62,87.42,89.02,83.72,88.71,84.05
"702",337,1982,84.06,84.12,84.52,84.99,84.21,82.51,83.5
"703",338,1982,83.1,87.18,83.67,89.52,83.96,86.73,88.26
"704",339,1982,79.38,84.64,80.35,90.06,81.11,86.38,88.42
"705",340,1982,77.19,80.64,78.38,84.47,76.9,81.7,81.73
"706",341,1982,81.55,78.81,82.69,80.17,78.43,78.66,78.27
"707",342,1982,86.09,85.5,86.32,86.28,83.94,84.37,83.59
"708",343,1982,87.78,91.07,87.41,90.3,88.11,87.44,89.76
"709",344,1982,88.62,94.28,88.42,92.69,89.74,90.27,90.67
"710",345,1982,85.96,88.88,85.67,86.98,86.11,84.54,86.66
"711",346,1982,85.09,89.05,85.71,86.62,85.25,85.02,85.5
"712",347,1982,86.89,88.05,87.15,84.79,86.74,84.14,84.07
"713",348,1982,85.3,86.97,85.52,86.02,85.19,84.84,83.8
"714",349,1982,81.54,77.99,82.16,77.01,79.38,75.91,75.35
"715",350,1982,77.97,77.41,79,75.26,77.71,73.53,75.65
"716",351,1982,75.26,73.71,76.61,74.25,74.66,71.66,75.33
"717",352,1982,75.25,74.6,76.72,76.4,74.65,72.56,77.22
"718",353,1982,75.19,74.74,76.93,74.48,73.92,70.77,75.39
"719",354,1982,78.37,78.37,79.12,80.46,76.32,79.01,77.83
"720",355,1982,85.25,84.14,86.09,84.25,83.98,82.35,82.6
"721",356,1982,79.99,79.13,81.45,81.32,78.6,78.22,79.5
"722",357,1982,74.43,76.48,75.92,79.75,73.53,76.8,76.64
"723",358,1982,71.48,71.27,72.88,74.91,70.47,70.89,73.32
"724",359,1982,71.4,70.64,72.91,72.48,70.25,69.23,72.37
"725",360,1982,75.75,76.93,77.06,77.3,75.9,73.45,77.77
"726",361,1982,77.97,79.53,78.63,84.85,77.54,81.75,81.75
"727",362,1982,79.89,85.53,79.17,88.69,76.95,88.89,82.55
"728",363,1982,79.49,80.67,80.37,85.95,76.2,84.31,81
"729",364,1982,78.62,80.89,79.12,85.77,77.48,82.44,83.29
"730",365,1982,78.48,82.07,79.04,84.95,77.23,81.08,82.26
"731",1,1983,78.27,78.91,78.82,82.91,76.36,79.2,80.34
"732",2,1983,82.32,86.67,82.9,85.75,81.69,81.38,84.82
"733",3,1983,83.18,88.89,82.4,86.56,83.93,83.43,86.4
"734",4,1983,86.81,89.15,86.49,88.43,87.13,85.57,87.57
"735",5,1983,83.25,90.31,82.68,93.26,84.49,91.8,89.84
"736",6,1983,85.98,91.7,85.47,92.96,87.25,91.59,90.62
"737",7,1983,84.68,87.76,84.24,89.47,84.6,87.25,85.07
"738",8,1983,79.64,81.48,80.02,85.51,78.74,84.52,81.83
"739",9,1983,82.6,83.98,82.6,86.85,80.74,87.39,81.79
"740",10,1983,81.07,85.51,81.28,90.61,81.29,89.61,85.28
"741",11,1983,76.17,79.51,76.79,86.27,76.89,85.1,81.78
"742",12,1983,74.13,79.49,73.85,84.77,75.44,82.89,81.89
"743",13,1983,71.08,78.05,70.44,82.26,72.93,80.03,79.6
"744",14,1983,65.86,76.46,65.2,82.91,68.98,80.55,80.17
"745",15,1983,66.51,75.03,65.68,82.4,69.42,79.79,79.28
"746",16,1983,65.15,69.84,65.07,78.74,65.84,75.82,76.56
"747",17,1983,71.93,76.13,72.02,81.25,72.65,79.72,76.96
"748",18,1983,72.81,76.21,72.04,82.58,73.59,80.68,78.14
"749",19,1983,72.07,79.55,71.35,84.48,75.09,82.6,80.03
"750",20,1983,67.36,77.58,65.71,86.09,71.4,84.19,81.46
"751",21,1983,62.61,68.38,61.73,76.78,64.04,74.1,73.21
"752",22,1983,60.99,71.2,59.1,79.39,63.74,76.12,75.24
"753",23,1983,59.81,68.62,57.94,76.36,62.68,73.52,72.51
"754",24,1983,58.23,70.3,56.87,79.53,61.82,77.06,74.48
"755",25,1983,57.82,64.5,56.31,77.31,58.61,73.86,72.31
"756",26,1983,56.29,62.03,55.2,71.16,56.67,67.75,68.79
"757",27,1983,55.56,63.53,53.93,72.27,57.18,68.75,69.74
"758",28,1983,51.81,58.27,50.58,67.54,53.87,63.87,65.09
"759",29,1983,54.55,62.17,52.49,67.2,56.28,66.03,64.54
"760",30,1983,54.82,63.15,52.2,73.25,57.02,68.83,69.41
"761",31,1983,53.67,62.96,51.96,71.89,55.49,67.04,69.52
"762",32,1983,54.04,63.5,52.28,74.77,56.44,69.22,71.66
"763",33,1983,55.01,63.53,53.86,74.41,56.71,69.39,71.42
"764",34,1983,57.63,68.02,55.82,79.84,60.72,76.02,76.73
"765",35,1983,58,66.87,56.2,78.42,61.25,74.21,75.18
"766",36,1983,53.27,65.79,51.57,74.88,56.85,70.75,72.63
"767",37,1983,51.18,60.09,50.3,71.14,52.94,67.63,68.51
"768",38,1983,47.24,57.25,46.35,65.47,49.37,62.55,64.58
"769",39,1983,48.14,56.32,47.77,63.37,49.31,61.04,61.76
"770",40,1983,48.92,59.01,48.16,67.81,51.43,63.89,65.42
"771",41,1983,47.21,57.82,46.44,64.12,49.49,61.78,62.72
"772",42,1983,45.4,49.06,45.56,49.43,45.67,49.97,51.17
"773",43,1983,44.75,47.7,45.41,53.36,44.59,51.7,53.38
"774",44,1983,49.52,52.64,50.87,63.93,49.22,59.71,60.41
"775",45,1983,52.03,58.8,51.67,67.17,53.87,63.58,65.54
"776",46,1983,46.58,54.8,45.99,64.58,48.33,60.6,63.11
"777",47,1983,46.86,53.85,47.65,63.54,48.48,59.62,61.48
"778",48,1983,46.7,51.22,48.53,63.85,47.7,59.05,60.13
"779",49,1983,54.99,56.16,57.57,64.75,55.3,59.86,63.03
"780",50,1983,64.25,65.25,66.86,71.01,63.57,66.27,68.99
"781",51,1983,61.1,64.59,63.88,74.23,63.84,70.53,71.09
"782",52,1983,64.38,64.08,66.67,75.74,63.44,71.66,71.31
"783",53,1983,62.79,64.61,65.42,75.65,62.8,71.28,72.1
"784",54,1983,69.52,74.72,73.37,82.42,74.5,77.43,78.94
"785",55,1983,79.72,77.88,83.81,81.21,80.57,78.13,78.48
"786",56,1983,85.27,87.65,86.57,90.27,85.41,88.78,86.28
"787",57,1983,75.77,75.81,78.61,81.77,76.08,82.02,77.45
"788",58,1983,75.72,73.13,79.15,77.1,75.42,77.41,72.48
"789",59,1983,82.44,82.85,83.44,85.15,82.81,82.99,82.38
"790",60,1983,77.43,78.09,79.41,79.37,78.63,75.72,79.77
"791",61,1983,76.01,76.57,78.01,76.12,77.02,74.32,78.33
"792",62,1983,66.23,63.94,69.25,70.08,67.68,65.78,71.6
"793",63,1983,56.92,58.05,59.4,66.55,59.28,61.81,67.18
"794",64,1983,54.02,56.38,55.73,65.49,56.39,61.07,65.25
"795",65,1983,50.86,52.84,52.66,63.13,53.37,59.36,62.85
"796",66,1983,51.9,54.82,52.98,62.27,54.74,57.71,62.87
"797",67,1983,53.25,56.16,53.82,68.53,55.76,62.92,68.48
"798",68,1983,52.03,58.13,51.88,70.76,54.65,65.11,69.64
"799",69,1983,50.78,56.81,50.59,70.11,54.3,63.83,69.67
"800",70,1983,50.26,53.09,52.23,65.46,54.29,59.15,65.17
"801",71,1983,54.42,53.64,57.06,63.59,56.69,58.32,62.63
"802",72,1983,72.93,75.39,72.68,79.3,73.81,72.9,78.05
"803",73,1983,81.65,85.05,83.86,89.34,85.07,88.18,84.47
"804",74,1983,74.96,72.67,78.63,75.59,77.05,72.45,74.64
"805",75,1983,71.01,67.67,73.87,73.22,71.08,69.16,72.12
"806",76,1983,72.49,70.02,74.61,77.4,74.4,72.13,76.76
"807",77,1983,72.37,71.56,74.38,74.16,72.99,69.47,74.78
"808",78,1983,63.02,65.92,64.68,68.87,66.76,65.1,70.69
"809",79,1983,58.15,58.36,63.21,64.53,63.3,60.76,66.21
"810",80,1983,68.8,68.03,71.17,71.51,70.22,67.67,70.73
"811",81,1983,78.75,82.65,80.29,83.04,79.31,80.14,81.31
"812",82,1983,76.58,82.65,77.11,83.07,80.02,79.57,80.52
"813",83,1983,68.92,69.74,71.31,76.59,71.22,71.68,74.24
"814",84,1983,64.8,68.68,68.06,76.2,69.21,71.94,74.26
"815",85,1983,62.81,63.93,65.56,69.42,64.43,65.89,69.4
"816",86,1983,54.78,58.37,55.52,65.91,57.07,62.05,65.81
"817",87,1983,50.47,56.17,50.4,67.28,51.76,63.41,64.93
"818",88,1983,46.98,51.97,45.79,64.06,47.38,59.38,61.28
"819",89,1983,43.37,47.84,42.52,59.92,43.73,54.82,58.14
"820",90,1983,45.49,50.31,44.98,61.67,46.23,56.15,59.54
"821",91,1983,51.98,57.14,53.13,67.09,54.16,63.17,63.08
"822",92,1983,60.43,66.03,61.54,74.42,63.46,70.28,68.95
"823",93,1983,81.01,81.46,82.84,83.84,80.65,80.12,81.1
"824",94,1983,83.62,81.74,84.9,80.68,84.73,76.76,79.67
"825",95,1983,86.61,83.69,88.39,84.19,86.49,80.14,83.93
"826",96,1983,84.84,85.79,85.82,88.47,84.67,85.15,85.6
"827",97,1983,77.22,85.32,78.73,92.01,80.46,88.61,88.3
"828",98,1983,81.06,93.37,82.38,96.85,87.3,94.68,94.6
"829",99,1983,89.94,97.47,89.55,97.04,91.98,95.76,94.26
"830",100,1983,91.34,98.99,90.09,98.91,93.1,98.37,96.69
"831",101,1983,89.09,92.47,88.57,91.55,90.01,91.66,91.04
"832",102,1983,88.02,93.55,86.61,92.69,89.98,90.03,92.3
"833",103,1983,89.09,96.25,87.2,96.58,91.1,96.59,95.24
"834",104,1983,91.68,96.8,90.86,96.23,92.34,96.65,93.25
"835",105,1983,90.44,94.69,90.01,96.5,90.17,97.09,92.75
"836",106,1983,90.42,96.34,89.83,96.12,91.35,97.06,91.82
"837",107,1983,84.8,89.97,84.78,92.67,86.97,92.53,88.74
"838",108,1983,87.47,90.2,86.64,89.37,87.62,89.32,86.68
"839",109,1983,89.89,92.32,89.89,91.75,89.99,90.67,90.11
"840",110,1983,89.12,93.25,88.07,95.08,88.59,94.44,91.35
"841",111,1983,92.22,97.48,91.29,97.05,94,96.57,96.76
"842",112,1983,86.54,87.26,86.7,85.19,86.86,85.86,85.61
"843",113,1983,83.32,85.68,84.31,84.2,84.78,83.34,85.32
"844",114,1983,86.67,88.14,88.38,85.01,86.68,84.23,86.83
"845",115,1983,84.67,83.28,85.39,84.7,84.24,82.83,84.73
"846",116,1983,89.61,94.23,89.05,93.21,90.79,92.18,90.66
"847",117,1983,91.22,93.23,90.7,90.67,92.29,91.33,89.87
"848",118,1983,90.24,88.02,89.64,88.53,88.42,87.75,86.83
"849",119,1983,90.97,96.37,90.59,96.66,91.61,96.55,94.49
"850",120,1983,81.24,86.35,82.55,91.36,80.6,91.59,87.71
"851",121,1983,83.17,83.82,83.76,87.39,81.87,89.33,82.93
"852",122,1983,86.99,86.05,86.81,86.3,85.09,86.86,83.09
"853",123,1983,84.99,83.41,85.95,85.56,83.04,84.64,82.89
"854",124,1983,89.73,91.25,89.23,89.93,88.58,88.64,88.11
"855",125,1983,85.07,82,85.98,86.71,83.12,84.45,84.53
"856",126,1983,87.56,84.97,88.11,84.51,84.87,82.52,83.26
"857",127,1983,92.43,95.54,91.61,94.23,92.04,93.79,91.77
"858",128,1983,87.56,90.04,87.56,90.36,87.89,89.3,88.64
"859",129,1983,92.35,95.69,92.11,93.96,92.49,93.89,91.97
"860",130,1983,91.66,93.17,91.16,93.19,92.18,92.28,91.17
"861",131,1983,92.69,95.25,92.47,92.54,93.9,92.44,91.13
"862",132,1983,92.35,95.11,91.71,94.5,91.61,94.46,91.21
"863",133,1983,85.87,89.34,86.14,88.96,86.24,89.98,85.25
"864",134,1983,85.68,87.22,85.78,89.46,85.97,89.07,85.23
"865",135,1983,88.93,92.28,88.29,92.18,89.77,91.12,88.96
"866",136,1983,91.42,93.65,91.57,94.52,91.2,94.15,91.88
"867",137,1983,88.75,95.02,87.8,96.17,90.23,95.81,93.76
"868",138,1983,87.67,91.06,87.29,91.49,87.89,91.16,88.08
"869",139,1983,89.94,94.97,89.29,94.92,90.01,94.62,92.17
"870",140,1983,88.33,92.96,88.56,94.06,89.47,92.89,91.68
"871",141,1983,86.48,92.96,86.24,93.18,87.39,93.52,90.08
"872",142,1983,90.33,97.18,89.64,97.01,90.59,96.31,93.54
"873",143,1983,88.11,94.09,86.3,94.49,86.32,92.4,91.43
"874",144,1983,85.17,85.87,85.38,88.41,83.64,88.8,84.59
"875",145,1983,88.33,89.09,88.26,89.71,87.83,88.46,87.2
"876",146,1983,88.8,94.29,88.07,96.58,89.43,96.81,92.13
"877",147,1983,88.23,94.63,87.82,95.82,89.01,94.54,92.82
"878",148,1983,91.06,95.54,90.26,94.15,92,94.22,91.67
"879",149,1983,92.65,95.84,91.93,92.86,92.78,93.97,90.48
"880",150,1983,86.94,89.32,86.32,87.71,87.01,88.01,84.54
"881",151,1983,83.77,87.02,84.27,88.79,84.34,87.59,85.13
"882",152,1983,88.69,91.09,88.57,88.62,89.29,87.86,87.52
"883",153,1983,93.17,95.76,93.09,91.82,94.25,91.92,90.15
"884",154,1983,92.6,94.66,92.19,95.75,92.92,96.1,94.1
"885",155,1983,93.8,95.55,92.47,94.95,93.56,93.76,92.51
"886",156,1983,90.11,94.26,88.21,92.72,90.15,91.59,90.86
"887",157,1983,86.17,85.77,86.07,88.48,85.72,87.34,86.36
"888",158,1983,93.05,96.66,92.24,93.75,94.15,92.99,92.17
"889",159,1983,91.33,95.36,90.09,95.31,91.86,94.2,92.24
"890",160,1983,86.22,88.28,85.49,87.22,85.58,88.19,85
"891",161,1983,87.24,92.7,85.74,91.63,87.47,92.42,88.11
"892",162,1983,87.66,90.76,87.04,91.34,87.38,90.84,87.66
"893",163,1983,86.2,90.76,86.35,93.82,86.19,93.09,89.05
"894",164,1983,86.14,86.82,86.65,87.75,86.57,87.14,86.27
"895",165,1983,91.99,95.2,92.05,95.07,92.46,95.87,92.09
"896",166,1983,85.46,91.69,85.18,92.9,85.88,94.07,86.8
"897",167,1983,86.16,91.74,86.13,91.65,85.06,92.67,86.62
"898",168,1983,87.01,91.42,86.45,92.54,85.5,95.14,87.38
"899",169,1983,85.18,89.33,85.18,91.26,82.45,94.24,85.39
"900",170,1983,83.94,88.66,84.59,90.82,84.1,91.82,87.01
"901",171,1983,84.66,88.65,85.46,90.61,85.63,90.44,86.9
"902",172,1983,89.59,94.91,89.35,93.49,92.1,93.83,89.9
"903",173,1983,85.63,88.73,86.13,89.81,86.01,90.79,85.72
"904",174,1983,82.66,84.4,83.6,87.13,83.22,88.81,82.38
"905",175,1983,83.49,82.4,84.47,81.6,83.5,84.31,78.72
"906",176,1983,90.47,92.95,91.13,89.89,91.12,90.49,87
"907",177,1983,88.24,92.33,88.13,92.61,89.35,91.39,90.63
"908",178,1983,86.99,91.54,86.33,90.28,88.33,91.82,86.77
"909",179,1983,87.37,90.31,86.49,88.37,88.29,87.57,87.53
"910",180,1983,92.26,96.23,91.16,94.57,92.97,93.91,95.17
"911",181,1983,88.42,95.12,86.87,94.58,90.64,96.07,91.38
"912",182,1983,87.67,90.91,86.95,91.27,88.51,91.59,88.33
"913",183,1983,85.9,86.74,86.32,84.03,86.62,84.27,83.33
"914",184,1983,86.25,84.83,86.77,83.85,85.31,82.63,82.95
"915",185,1983,86.46,82.69,86.99,83.6,85.06,81.08,83.77
"916",186,1983,86.92,87.42,87.51,87.54,87.04,87.23,84.98
"917",187,1983,82.7,85.92,83.55,86.54,83.51,87.34,84.09
"918",188,1983,82.08,83.87,83.06,86.01,82.68,84.97,83.78
"919",189,1983,86.88,84.17,86.87,82.55,87.07,80.17,84.19
"920",190,1983,89.86,93.93,88.83,92.71,89.82,92.86,90.75
"921",191,1983,84.4,85.45,84.58,85.93,83.75,86.34,82.89
"922",192,1983,84.31,87.95,84.37,85.99,85.34,86.26,82.66
"923",193,1983,87.88,91.53,87.56,88.96,89.12,89.38,86.99
"924",194,1983,86.36,89.01,86.49,90.47,86.84,90.13,85.57
"925",195,1983,83.89,87.85,83.79,88.59,84.23,89.15,85.23
"926",196,1983,88.26,93.37,88.21,92.71,89.44,94.03,88.88
"927",197,1983,86.88,83.93,87.63,86.06,85.21,86.27,82.89
"928",198,1983,89.73,93.29,89.19,92.67,90.73,92.22,89.32
"929",199,1983,91.31,94.69,90.56,93.01,92.07,93.15,88.99
"930",200,1983,90.25,91.91,89.78,91.38,90.94,92.21,88.73
"931",201,1983,92.64,98.36,92.04,96.21,94.07,96.78,94.85
"932",202,1983,89.82,93.12,89.09,93.98,88.89,94.94,89.9
"933",203,1983,91.44,94.47,90.98,90.84,90.75,93.15,88.07
"934",204,1983,92.04,95.52,90.85,96.04,91.05,96.95,91.73
"935",205,1983,86.42,87.66,86.18,86.25,86.68,88.4,81.66
"936",206,1983,80.64,78.15,81.69,79.81,79.24,81.23,74.81
"937",207,1983,83.33,84.66,84.34,84.13,83.06,84.49,82.42
"938",208,1983,87.13,88.72,86.7,88.12,86.64,87.45,84.88
"939",209,1983,86.64,91.13,85.84,90.75,86.91,90.21,87.84
"940",210,1983,86.04,91.5,86.16,92.18,87.95,93.78,87.55
"941",211,1983,85.18,87.33,85.56,87.9,87.31,87,86.42
"942",212,1983,90.35,96.01,88.71,95.46,90.91,95.22,92.89
"943",213,1983,88.58,94,88,95.36,88.8,96.58,89.49
"944",214,1983,91.1,95.55,90.42,96.9,92.09,97.86,92.55
"945",215,1983,89.29,93.34,88.87,93.77,91.25,92.49,94.52
"946",216,1983,88.33,92.59,89.08,89.11,89.91,88.69,89.98
"947",217,1983,86.43,90.03,86.01,91.78,86.91,92.58,89.02
"948",218,1983,86.08,93.5,86.37,94.82,87.58,95.36,90.02
"949",219,1983,86.93,92.92,87.08,93.05,88.22,92.8,91.64
"950",220,1983,84.54,86.48,84.3,87.41,84.85,87.08,85.39
"951",221,1983,87.85,93.06,87.75,94.89,88.28,95.8,89.91
"952",222,1983,86.32,88.92,86.68,90.07,86.34,90.49,86.53
"953",223,1983,82.57,78.84,83.71,80.48,80.35,80.48,79.45
"954",224,1983,78.82,79.45,80.53,80.14,80.34,77.79,82.4
"955",225,1983,80.49,78.03,82.06,77.96,79.84,76.79,78.79
"956",226,1983,82.57,83.24,82.93,83.07,80.98,83.34,80.33
"957",227,1983,86.28,89.52,87.09,90.99,85.87,91.23,87.24
"958",228,1983,88.82,94.04,88.76,93.5,89.14,93.78,89.93
"959",229,1983,90.6,96.21,90.16,93.66,91.58,94.69,89.6
"960",230,1983,88.21,93.29,88.28,94.86,89.81,96.45,90.09
"961",231,1983,87.19,91.16,86.96,90.44,87.75,90.84,86.97
"962",232,1983,87.68,92.05,87.28,89.69,86.59,90.91,85.89
"963",233,1983,87.49,92.07,87.24,93.3,87.17,94.95,88.3
"964",234,1983,89.98,95.46,89.04,94.45,90.36,94.36,90.85
"965",235,1983,86.03,90.47,86.2,92.34,86.85,91.65,89.37
"966",236,1983,85.29,87.26,85.07,89.77,84.78,89.88,84.88
"967",237,1983,87.9,90.66,88.12,89.59,88.53,88.69,86.34
"968",238,1983,87.01,90.82,86.51,89.72,87.5,90.49,87.65
"969",239,1983,81.84,85.69,82,85.16,82.84,85.24,82.27
"970",240,1983,88.74,93.55,88.56,90.15,90.43,89.24,90.23
"971",241,1983,88.42,93.34,88.01,91.88,89.12,94,88.6
"972",242,1983,85.34,90.77,85.71,90.72,87.41,90.98,87.24
"973",243,1983,82.36,83.46,83.1,83.32,82.57,83.88,80.27
"974",244,1983,83.29,85.22,83.99,81.33,84.79,79.5,82.9
"975",245,1983,88.31,93.74,87.86,91.29,89.37,91.45,89.17
"976",246,1983,83.96,86.16,84.3,85.54,84.18,87.85,81.62
"977",247,1983,85.07,85.05,84.67,82.64,84.88,82.34,82.53
"978",248,1983,86.18,89.32,86.29,84.05,88.25,83.09,84.95
"979",249,1983,87.75,90.3,86.97,88.01,89.36,86.8,87.54
"980",250,1983,87.21,89.5,87.34,88.07,88.44,88.51,84.47
"981",251,1983,90.41,91.55,89.59,88.43,90.61,88.08,87.15
"982",252,1983,87.21,91.89,87.07,89.17,88.28,90,85.47
"983",253,1983,84.16,84.84,84.81,85.22,85.68,84.62,82.82
"984",254,1983,87.69,91.17,86.84,89.45,88.62,90.39,87.22
"985",255,1983,85.72,91.38,84.59,90.25,86.27,88.81,87.25
"986",256,1983,88.24,94.66,87.57,94.31,89.21,94.9,89.49
"987",257,1983,86.06,92.45,85.89,91.55,88.68,90.66,88.06
"988",258,1983,82.94,82.1,83.36,83.42,83.46,82.57,82.3
"989",259,1983,86.5,91.29,85.94,88.41,87.76,87.2,88.92
"990",260,1983,88.27,87.07,88.45,86.4,88.9,84.89,86.3
"991",261,1983,84.44,84.74,84.32,79.63,85.08,79.36,79.73
"992",262,1983,85.85,89.46,85.59,84.65,87.33,84.34,85.2
"993",263,1983,90.45,94.99,90.11,91.03,91.46,91.93,88.98
"994",264,1983,85.92,88.05,87.09,87.96,86.78,89.31,85.3
"995",265,1983,85.1,86.94,85.13,85.61,85.93,86.24,84.31
"996",266,1983,84.51,90.34,84.11,87.97,86.5,90.08,86.12
"997",267,1983,82.02,83.96,83.03,86,81.82,86.21,82.51
"998",268,1983,81.95,81.35,82.39,80.61,81.27,81.61,79.14
"999",269,1983,82.12,83.07,83.13,85.43,82.24,85.36,82.31
"1000",270,1983,80.7,82.53,81.64,84.87,81.13,83.58,80.83
"1001",271,1983,81.6,82.5,83.05,82.8,81.96,81.7,80.38
"1002",272,1983,83.95,83.23,85.66,83.83,84.25,82.74,81.56
"1003",273,1983,87.42,91.37,87.83,90.65,87.3,90.08,87
"1004",274,1983,85.53,87.84,85.78,85,85.05,87.47,81.43
"1005",275,1983,89.78,93.49,89.75,91.25,90.16,91.87,87.29
"1006",276,1983,89.97,95.08,89.57,92.48,90.94,93.33,90.68
"1007",277,1983,90.6,96.19,89.59,95.56,89.99,96.45,91.85
"1008",278,1983,86.2,88.3,85.39,88.23,85.71,88.62,83.68
"1009",279,1983,82.38,82.58,82.61,81.73,81.35,82.67,78.32
"1010",280,1983,84.88,85.62,85.18,83.76,84.73,82.65,80.68
"1011",281,1983,88.49,90.25,88.01,85.45,88.6,83.77,85.62
"1012",282,1983,86.1,86.92,85.72,82.14,85.74,79.52,82.85
"1013",283,1983,87.53,85.05,87.74,85.54,85.57,81.73,84.6
"1014",284,1983,85.65,87.29,85.57,86.77,85.61,84.21,84.29
"1015",285,1983,86.07,88.19,85.5,87.85,87.28,85.5,85.74
"1016",286,1983,86.6,83.33,86.81,82.9,86.29,80.47,82.92
"1017",287,1983,88.84,87.03,88.69,85.94,87.66,85.36,83.68
"1018",288,1983,85,81.75,86.37,80.86,83.97,78.26,80.35
"1019",289,1983,83.1,78.8,84.58,76.96,82.51,74.76,77.43
"1020",290,1983,87.77,91.14,87.56,87.41,88.12,83.8,86.98
"1021",291,1983,84.43,85.57,83.47,83.6,84.48,81.18,84.14
"1022",292,1983,85.63,92.08,85.02,90.99,87.3,89.2,89.91
"1023",293,1983,89.3,88.93,89.27,87.97,88.56,86.71,86.83
"1024",294,1983,85.86,88.85,85.89,86.34,87.32,83.53,87.37
"1025",295,1983,84,82.63,84.49,80.92,84.18,77.76,82.82
"1026",296,1983,86.47,91.68,85.7,90.55,87.63,90.13,86.62
"1027",297,1983,87.42,86.25,88.01,86.21,85.51,85.32,84.28
"1028",298,1983,89.91,92.67,88.89,92.53,88.92,92.19,89.79
"1029",299,1983,89.89,94.17,89.21,92.1,90.78,91.76,92.1
"1030",300,1983,85.25,85.83,85.63,86.98,84.49,85.03,86.26
"1031",301,1983,88.21,91.83,88.07,90.04,88.57,87.51,89.13
"1032",302,1983,87.83,93.08,87.67,93.22,88.83,93.23,89.69
"1033",303,1983,84.82,87.72,85.1,89.34,85.84,88.09,88.97
"1034",304,1983,84.03,88.2,83.61,85.8,84.7,83.94,88.06
"1035",305,1983,87.06,92.31,85.69,90.95,89.23,89.34,91.54
"1036",306,1983,87.98,89.32,87.44,86.3,87.58,85.05,85.99
"1037",307,1983,89.48,92.54,88.56,92.31,89.62,92.15,88.1
"1038",308,1983,85.04,87.63,84.75,87.83,85.76,87.87,84.93
"1039",309,1983,82.85,86.24,83.22,87.14,84.49,86.99,85.2
"1040",310,1983,86.29,88.12,85.8,86.68,86.14,85.79,84.86
"1041",311,1983,83.1,82.89,83.5,81.81,82.48,79.93,82.24
"1042",312,1983,83.37,81.35,83.6,77.19,83.1,76.47,80.01
"1043",313,1983,81.48,81.26,82.19,77.72,81.84,76.98,81.07
"1044",314,1983,82.98,81.33,84.2,74.7,82.81,75.14,78.53
"1045",315,1983,82.86,84.15,83.5,79.27,83.25,78.34,81.8
"1046",316,1983,82.44,78.13,83.7,76.85,80.65,75.65,78.6
"1047",317,1983,80.42,78.31,80.92,74.81,79.77,73.77,77.22
"1048",318,1983,77.77,76.78,78.46,73.97,77.13,72.81,76.39
"1049",319,1983,78.89,78.72,78.92,76.35,78.13,75.58,77.27
"1050",320,1983,86.81,84.8,86.85,81.64,85.74,81.15,82.42
"1051",321,1983,84.27,82.19,85.42,83.18,83.52,81.09,82.3
"1052",322,1983,83.71,83.19,84.05,81.74,83.74,78.7,81.62
"1053",323,1983,85.05,81.45,85.95,82.8,83.31,80.55,82.15
"1054",324,1983,83.31,81.93,84.46,84.76,82.35,83.18,81.46
"1055",325,1983,82.78,82.85,83.38,84.74,83.13,83.51,82.18
"1056",326,1983,78.67,74.56,80.61,79.85,75.08,78.65,77.85
"1057",327,1983,79.74,76.03,81.01,77.24,76.63,75.99,76.29
"1058",328,1983,81.18,78.82,81.99,78.4,80.25,77.09,77.98
"1059",329,1983,83,82.33,84.32,80.65,84.05,78.02,80.83
"1060",330,1983,89.2,88.1,90.14,88.17,88.89,85.99,85.48
"1061",331,1983,87.51,91.97,87.65,91.74,88.89,91.63,87.82
"1062",332,1983,85.85,86.11,85.63,87.26,85.81,85.43,84.84
"1063",333,1983,86.61,91.67,86.15,88.11,88.28,85.66,88.18
"1064",334,1983,82.18,81.92,82.67,82.13,82.08,79.62,81.73
"1065",335,1983,78.16,76.69,78.32,75.42,77.37,73.44,74.9
"1066",336,1983,77.87,73.71,79.21,73.44,75.29,70.96,74.22
"1067",337,1983,83.1,81,83.99,83.77,81.73,80.77,81.47
"1068",338,1983,86.62,83.97,86.94,86.21,85.78,83.33,84.84
"1069",339,1983,80.87,77.61,82.61,80.83,77.52,77.52,79.27
"1070",340,1983,74.77,76.62,75.99,77.32,75.76,74.86,77.73
"1071",341,1983,75.02,75.56,76.8,80.81,75.31,79.35,79.1
"1072",342,1983,77.41,74.08,78.76,75.47,75.65,73.43,74.86
"1073",343,1983,79.32,76.63,80.64,78.74,78.53,75.82,78.26
"1074",344,1983,80.53,83.9,79.89,81.7,82.46,78.93,81.64
"1075",345,1983,86.32,86.1,86.25,82.26,86.02,78.53,83.89
"1076",346,1983,83.85,84.1,84.7,82.65,84.22,80.05,83.32
"1077",347,1983,85.52,88.3,85.28,85.54,86.47,82.71,86.32
"1078",348,1983,88.41,88.06,87.62,84.75,86.87,83.72,82.61
"1079",349,1983,88.12,86.02,87.74,84.44,86.64,82.55,83.13
"1080",350,1983,86.96,87.23,86.58,84.91,86.23,84.13,83.73
"1081",351,1983,85.48,84.95,85.2,83.88,84.92,81.86,82
"1082",352,1983,83.37,87.39,83.37,83.23,83.3,82.07,81.98
"1083",353,1983,87.11,92.5,86.8,90.89,88.08,89.81,88.71
"1084",354,1983,82.24,84.78,82.27,85.52,83.64,83.89,83.46
"1085",355,1983,84.17,85.55,84.57,86.05,84.88,83.9,86
"1086",356,1983,80.58,77.51,81.46,76.76,78.43,75.09,77.34
"1087",357,1983,77.8,75.21,79.99,77.98,75.88,75.43,77.15
"1088",358,1983,82.12,81.86,83.82,81.4,82.1,79.83,80.51
"1089",359,1983,81.05,78.78,82.54,79.9,80.37,77.67,79.48
"1090",360,1983,84.49,83.98,85.39,82.3,84.85,79,82.79
"1091",361,1983,86.06,86.16,86.4,81.46,85.58,80.27,81.47
"1092",362,1983,78.67,78.58,78.75,79.82,77.32,78.53,76.39
"1093",363,1983,70.98,69.29,71.7,67.49,69.6,66.93,66.73
"1094",364,1983,70.06,67.34,72.03,67.54,67.62,65.97,67.48
"1095",365,1983,71.7,70.37,72.53,67.71,70.97,66.7,67.83
"1096",1,1984,72.49,74.52,74.02,73.97,74.38,73.69,73.9
"1097",2,1984,70.97,75.28,72.04,78.73,73.05,76.11,77.93
"1098",3,1984,67.54,72.08,69.52,78.7,70.36,74.6,78.1
"1099",4,1984,68.68,71.64,70.19,78.49,70.76,73.76,77.3
"1100",5,1984,70.21,72.13,71.35,78.51,71.81,73.73,77.72
"1101",6,1984,71.6,71.07,73.5,73.89,72.11,69.35,74.81
"1102",7,1984,76.88,80.95,76.8,79.22,79.23,74.92,79.93
"1103",8,1984,70.79,71.17,70.71,72.67,71.61,69.57,73.37
"1104",9,1984,61.25,65,61.72,68.26,64.53,64.08,69.87
"1105",10,1984,61.43,62.8,62.42,68.32,64.94,64.66,69.01
"1106",11,1984,64.89,66.73,65.7,68.88,68.04,65.5,70.21
"1107",12,1984,59.27,68.32,59.47,73.16,63.78,69.86,72.72
"1108",13,1984,56.4,63.04,56.36,71.49,59.91,67.49,70.61
"1109",14,1984,62.62,64.69,62.93,70.82,63.74,68.02,69.29
"1110",15,1984,73.13,72.68,74.38,78.71,73.13,73.48,76.12
"1111",16,1984,79,78.6,79.58,75.9,80.26,70.68,77.63
"1112",17,1984,89.73,93.51,90.26,88.77,90.51,87.14,89.35
"1113",18,1984,92.69,93.57,92.38,89.64,93.43,88.69,90.16
"1114",19,1984,93.16,94.96,92.26,94.99,92.4,92.98,92.48
"1115",20,1984,85.3,91.32,85.58,91.12,87.44,92.38,88.62
"1116",21,1984,76.3,80.08,76.77,81.03,77.6,80.39,78.64
"1117",22,1984,77.48,79.84,78.55,82.97,77.83,81.13,80.08
"1118",23,1984,74.37,72.12,76.11,72.16,72.68,69.64,74.28
"1119",24,1984,76.55,78.45,77.72,73.81,78.24,72.96,75
"1120",25,1984,71.65,75.03,73.18,75.19,73.07,74.27,75.27
"1121",26,1984,71.16,71.5,72.28,73.37,71.14,71.52,73.25
"1122",27,1984,71.24,73.3,71.89,71.07,71.83,71.54,70.85
"1123",28,1984,67.67,67.43,68.4,68.77,67.33,66.79,68.67
"1124",29,1984,63.18,62.78,65.37,68.74,65.17,64.25,68.54
"1125",30,1984,61.95,65.54,62.72,70.23,64.32,66.55,69.86
"1126",31,1984,66.93,63.49,68.93,66.61,65.33,63.08,66.76
"1127",32,1984,81.72,81.5,83.48,84.91,83.31,82.13,82.17
"1128",33,1984,87.16,89.52,87.68,92.42,86.88,91.19,88.47
"1129",34,1984,79.02,78.12,80.33,85.16,78.64,81.12,82.37
"1130",35,1984,72.87,71.06,75.38,79.23,71.92,75.83,77.25
"1131",36,1984,71.29,73.74,72.8,80.88,72.05,77.84,78.56
"1132",37,1984,67.43,68.12,69.08,75.35,67.58,71.81,74.23
"1133",38,1984,69.14,66.14,71.62,73.03,67.62,69.06,73.56
"1134",39,1984,74.24,81.41,75.29,79.22,77.93,76.55,79.61
"1135",40,1984,69.12,74.9,71.42,80.74,71.89,78.36,78.1
"1136",41,1984,63.08,69.45,64.24,79.76,65.9,75.87,76.42
"1137",42,1984,64.06,67.42,64.15,76.18,66.72,72.07,73.92
"1138",43,1984,61.3,65.49,62.19,76.53,63.51,72.24,73.32
"1139",44,1984,62.34,66.06,62.86,77.5,64.31,72.61,75.04
"1140",45,1984,63.74,68.15,65.07,73.7,66.68,70.39,73.69
"1141",46,1984,63.52,69.1,64.02,73.03,67.31,70.5,73.25
"1142",47,1984,74.18,85.65,73.58,83.9,78.6,81.85,84.12
"1143",48,1984,79.7,87.5,80.77,86.95,84.17,83.9,86.31
"1144",49,1984,82.84,87.33,83.4,83.17,84.81,80.72,84.54
"1145",50,1984,81.01,86.05,81.6,83.8,83.78,81.39,83.66
"1146",51,1984,82.45,86.06,83.05,83.23,84.56,80.65,84.21
"1147",52,1984,77.16,80.58,78.82,79.49,80.15,77.21,79.41
"1148",53,1984,84.95,88.64,85.63,87.73,87.3,87.38,86.44
"1149",54,1984,86.16,90.14,86.3,89.29,89.11,89.06,87.34
"1150",55,1984,78.75,80.58,80.52,83.64,77.96,81.9,80.34
"1151",56,1984,68.29,68.52,70.98,73.28,67.89,70.24,73.12
"1152",57,1984,62.15,64.45,64.89,71.52,64.33,66.88,71.44
"1153",58,1984,59.18,61.42,62,69.33,61.17,66.07,67.51
"1154",59,1984,60.15,63.94,63.06,70.88,63.1,67.37,69.45
"1155",60,1984,64.15,65.22,68.91,71.57,65.66,67.96,71.23
"1156",61,1984,68.11,75.52,72.03,81.56,75.55,77.22,80.63
"1157",62,1984,67.08,69.85,70.75,75.76,70.36,71.47,75.09
"1158",63,1984,68.21,71.75,72.22,83.26,72.25,79.06,79.23
"1159",64,1984,64.93,70.21,68.45,78.57,69.44,75.46,75.36
"1160",65,1984,84.77,87.7,84.51,85.86,83.74,85.14,81.53
"1161",66,1984,79.01,82.67,80.16,86.8,79.4,85.81,83.29
"1162",67,1984,67.48,73.75,68.34,82.17,69.64,78.93,78.47
"1163",68,1984,64.9,69.94,65.32,76.61,66.89,74.26,74.83
"1164",69,1984,61.66,67.44,61.24,69.69,63.41,67.46,69.1
"1165",70,1984,56.74,63.93,55.76,67.96,59.08,65.29,67.27
"1166",71,1984,54.37,59.72,52.97,66.94,56.93,64.14,65.48
"1167",72,1984,53.6,57.73,51.52,63.99,54.51,59.49,63.4
"1168",73,1984,54.65,59.51,52.55,66.13,55.53,63.21,63.81
"1169",74,1984,51.81,59.41,50.42,68.22,53.99,64.61,64.56
"1170",75,1984,49.59,57.45,48.29,65.47,52.64,63.09,63.26
"1171",76,1984,49.78,57.34,48.25,65.07,52.56,62.7,63.44
"1172",77,1984,49.83,55.91,48.03,68.87,51.72,63.8,66.05
"1173",78,1984,49.43,56.91,47.72,69.71,51.26,64.44,68.22
"1174",79,1984,53.23,66.1,50.1,77.16,57.01,72.65,77.18
"1175",80,1984,62,71.13,59.21,80.28,65.4,74.58,79.52
"1176",81,1984,65.69,75.26,64.05,84.74,69.88,78.63,81.52
"1177",82,1984,60.25,68.54,59.86,80.83,63.06,75.63,77.23
"1178",83,1984,63.96,76.22,61.71,79.46,68.24,76.77,78.71
"1179",84,1984,58.09,71.36,57.86,77.2,63.78,74.7,77.01
"1180",85,1984,56.61,65.86,58.06,72.38,61.88,69.99,72.35
"1181",86,1984,49.26,60.02,49.2,68.32,54.8,65.11,68.56
"1182",87,1984,49.86,56.76,50.65,64.49,53.45,60.84,65.85
"1183",88,1984,65.02,63.18,69.29,68.57,67.15,65.04,69.52
"1184",89,1984,79.08,76.95,81.56,77.37,80.02,74.97,77.59
"1185",90,1984,76.68,78.09,78.67,78.18,76.66,75.33,78.02
"1186",91,1984,77.78,74.12,81.01,73.45,76.55,70.05,74.57
"1187",92,1984,76.25,71.34,81.09,74.28,77.97,72.1,77.73
"1188",93,1984,64.37,59.49,68.96,61.62,63.47,58.79,65.34
"1189",94,1984,57.99,57.18,62.1,62.66,58.79,60.86,63.97
"1190",95,1984,54.15,55.24,57.78,63.27,56.36,59.59,64.27
"1191",96,1984,52.42,54.34,55.46,60.84,54.27,56.93,61.67
"1192",97,1984,54.28,57.04,60.12,63.92,56.16,60.48,64.61
"1193",98,1984,69.06,68,73.41,75.03,70.46,69.91,75.76
"1194",99,1984,68.29,73.74,72.19,78.6,73.12,73.6,79.71
"1195",100,1984,68.44,64.76,74.27,69.18,69.91,64.99,71.12
"1196",101,1984,69.36,68.37,73.03,73.94,71.23,68.6,75.95
"1197",102,1984,79.01,83.71,77.57,83.65,79.08,79.56,80.69
"1198",103,1984,82.02,86.54,81.53,88.16,84.71,86.59,86.53
"1199",104,1984,86.07,88.19,86.34,87.46,86.63,85.59,87.38
"1200",105,1984,85.57,87.71,85.92,88.55,85.81,85.67,88.63
"1201",106,1984,80.88,76.77,82.81,76.72,79.52,74.26,77.76
"1202",107,1984,78.91,80.35,80.18,78.9,80.54,75.23,80.33
"1203",108,1984,70.55,72.54,73.45,75.49,71.98,72.41,76.09
"1204",109,1984,64.35,63.45,67.44,65.53,66.13,62.37,68.85
"1205",110,1984,62.08,63.43,64.3,66.94,63.03,63.45,68.5
"1206",111,1984,60.93,63.9,63.99,73.54,63.63,66.72,73.14
"1207",112,1984,60.9,62.43,63.03,70.56,63.22,65.66,71.66
"1208",113,1984,57.57,63.22,60.01,71.71,61.22,66.04,72.2
"1209",114,1984,60.95,63.57,64.83,72.39,62.88,66.74,73.12
"1210",115,1984,67.25,65.54,71.75,75.79,68.39,69.58,76.04
"1211",116,1984,87.54,90.58,88.41,89.87,89.31,88.48,87.3
"1212",117,1984,89.56,90.66,88.19,85.35,87.84,84.04,85.81
"1213",118,1984,85.76,86.79,86.41,87.8,86.33,86.25,86.84
"1214",119,1984,88.06,93.16,87.16,94.07,88.44,93.26,91.03
"1215",120,1984,92.02,95.34,91.51,94.35,93.39,93.76,93.2
"1216",121,1984,94.43,98.91,93.96,98.14,94.71,97.97,96.42
"1217",122,1984,83.31,83.78,84.27,86.97,82.68,84.76,85.69
"1218",123,1984,78.91,76.64,81.4,78.05,78.87,75.2,78.68
"1219",124,1984,76.3,75.91,78.09,80.1,77.5,76.82,78.73
"1220",125,1984,72.34,70.38,74.34,71.71,72.45,70.26,71.73
"1221",126,1984,70.48,70.8,72.44,73.42,71.47,71.61,72.32
"1222",127,1984,67.12,65.95,69.25,72.12,66.9,68.64,71.51
"1223",128,1984,67.09,67.57,68.96,71.83,68.4,69.46,73.01
"1224",129,1984,67.83,69.7,68.64,72.74,69.52,70.25,72.65
"1225",130,1984,72.92,73.17,73.53,78.7,72.66,74.38,78.72
"1226",131,1984,83.64,83.67,85.57,85.09,82.91,82.54,83.22
"1227",132,1984,91.97,94.84,92.48,91.72,94.5,90.49,90.66
"1228",133,1984,91.13,93.12,90.49,90.72,91.78,89.86,89.67
"1229",134,1984,85.77,92.98,84.77,91.91,89.33,91.04,90.42
"1230",135,1984,78.17,87.62,76.89,88.01,83,88.73,85.83
"1231",136,1984,74.14,78.26,74.93,82.35,77.61,80.4,82.04
"1232",137,1984,85.81,89.71,86.15,88.47,87.56,87.93,88.07
"1233",138,1984,92.2,92.98,90.45,90.52,91.38,87.98,91.31
"1234",139,1984,86.51,86.31,86.4,83.29,85.37,82.01,83.84
"1235",140,1984,82.17,81.55,82.84,80.09,82.58,77.31,80.61
"1236",141,1984,85.41,88.24,84.7,84.44,86.22,85.35,83.77
"1237",142,1984,76.41,73.08,78.58,76.74,75.32,74.42,76.54
"1238",143,1984,70.97,68.46,73.82,72.02,69.95,69.64,72.12
"1239",144,1984,84.53,81.69,86.46,77.91,83.6,76.73,80.08
"1240",145,1984,79.71,79.09,81.16,81.49,77.45,78.6,80.11
"1241",146,1984,83.72,80.86,84,79.79,83.41,76.62,80.65
"1242",147,1984,92.68,95.19,92.79,90.51,93.65,88.98,91.18
"1243",148,1984,92.37,92.85,91.8,91.18,91.11,91.28,88.33
"1244",149,1984,89.85,94.6,89.19,92.03,90.34,92.43,89.99
"1245",150,1984,83.02,83.91,84.42,89.25,83.25,86.51,87.36
"1246",151,1984,82.96,81.88,84.34,82.57,83.2,80.29,81.01
"1247",152,1984,89.53,93.06,88.76,92.94,89.57,91.14,91.38
"1248",153,1984,90.83,95.62,89.9,94.49,91.1,94.36,90.91
"1249",154,1984,89.77,93.73,90,92.79,89.88,91.02,90.5
"1250",155,1984,89.72,89.35,89.5,86.32,88.57,85,88.15
"1251",156,1984,91.62,95.87,90.96,91.36,91.65,90.73,90.99
"1252",157,1984,88.87,93.21,88.89,90.35,90,90.32,89.53
"1253",158,1984,87.21,89.75,87.97,87.9,88.24,88.55,87.4
"1254",159,1984,90.04,94.89,88.62,92.56,91.79,92.24,90.6
"1255",160,1984,91.86,95.45,91.61,93.48,93.51,93.15,93.21
"1256",161,1984,81.54,81.23,82.4,80.58,81.01,79.71,81.69
"1257",162,1984,83.25,84.13,84.05,81.03,82.78,80.37,80.73
"1258",163,1984,89.61,89.59,90.45,90.96,90.82,88.44,89.67
"1259",164,1984,88.67,86.34,89.64,87.82,87.39,85.92,86.96
"1260",165,1984,89.21,92.09,89.54,91.01,89.7,89.39,88.83
"1261",166,1984,89.06,88.55,89.33,89.95,88.85,89.76,87.47
"1262",167,1984,91.48,89.45,91.07,85.12,90.41,83.79,84.88
"1263",168,1984,89.32,92.91,89,93.64,89.33,92.15,90.66
"1264",169,1984,93.66,96.77,92.92,93.67,93.93,93.75,90.33
"1265",170,1984,90.06,89.4,90.72,89.84,89.21,89.68,87.73
"1266",171,1984,88.49,87.33,89.33,89.55,88.79,87.46,87.13
"1267",172,1984,79.78,74.65,82.1,78.56,76.65,77.33,76.51
"1268",173,1984,84.41,81.38,86.32,81.55,82.93,79.03,81.26
"1269",174,1984,89.75,94.78,89.81,92.68,90.83,91.43,90.53
"1270",175,1984,88.86,91.04,88.66,90.5,89.8,89.8,88.36
"1271",176,1984,87.57,86.87,88.13,86.07,88.26,84.34,86.32
"1272",177,1984,88.63,93.03,88.82,91.27,89.47,91.17,88.93
"1273",178,1984,87.42,88.12,88.01,87.67,87.93,85.3,88.14
"1274",179,1984,90.03,95.23,89.05,95.09,90.66,92.46,93.84
"1275",180,1984,92.63,95.49,91.67,93.91,93,93.01,92.14
"1276",181,1984,88.59,90.28,88.55,91.04,89,89.44,89.56
"1277",182,1984,88.55,90.36,89.24,90.7,89.57,88.02,89.78
"1278",183,1984,91.32,93.59,91.31,90.15,92.63,88.45,89.91
"1279",184,1984,86.99,88.85,86.18,90.68,86.68,89.35,88.1
"1280",185,1984,92.31,91.94,91.26,89.2,91.66,87.74,88.09
"1281",186,1984,88.94,92.19,88.19,91.53,90.37,91.86,87.74
"1282",187,1984,88.84,89.99,88.42,88.12,89.56,87.43,87.66
"1283",188,1984,89.02,91.57,89.02,89.29,90.02,87.68,88.31
"1284",189,1984,86.13,85.93,86.34,86.34,86.24,85.08,85.12
"1285",190,1984,88.54,93.05,87.82,89.31,90.09,88.49,89.1
"1286",191,1984,85.27,83.25,85.94,86.05,84.24,84.65,83.97
"1287",192,1984,80.82,75.3,81.24,74.35,78.41,73.02,75.2
"1288",193,1984,79.75,82.28,79.56,79.87,80.94,78.96,81.54
"1289",194,1984,78.95,77.84,80.01,77.67,78.51,75.92,79.76
"1290",195,1984,81.11,75.97,82.58,78.53,79.61,75.39,80.02
"1291",196,1984,82.16,74.67,85.48,78.23,79.28,74.85,78.74
"1292",197,1984,87.96,82.64,89.75,82.88,86.49,79.68,81.85
"1293",198,1984,89.91,91.55,89.22,87.24,90.88,87.13,87.14
"1294",199,1984,86.27,84.84,86.08,86.28,85.97,85.01,84.2
"1295",200,1984,86.78,92.69,86.84,92.36,87.64,93.62,87.38
"1296",201,1984,87.7,93.04,86.76,92.13,88.37,92.52,88.95
"1297",202,1984,87.19,91.87,86.18,90.3,87.25,92.58,86.03
"1298",203,1984,84.15,90.17,83.56,90.64,85.23,93.32,85.62
"1299",204,1984,87.37,90.12,87.3,88.6,88,90.38,85.55
"1300",205,1984,85.46,87.06,85.78,87.42,84.98,87.53,85.27
"1301",206,1984,88.03,93.75,87.66,91.2,88.86,90.17,89.96
"1302",207,1984,86.15,91.17,86.17,91.25,86.61,90.74,87.74
"1303",208,1984,85.6,86.69,85.95,89.02,83.51,92.33,83.75
"1304",209,1984,88.41,90.98,88.01,92.38,87.96,95.66,86.1
"1305",210,1984,88.59,92.44,89.21,95.09,90.05,95.88,92.09
"1306",211,1984,87.31,91.43,87.4,94.01,87.5,95.53,89.99
"1307",212,1984,83.9,84.65,83.87,89.03,79.15,92.45,81.59
"1308",213,1984,84.42,88.25,84.17,92.61,81.47,93.89,85.51
"1309",214,1984,87.53,93.21,86.75,93.72,87.64,93.65,90.53
"1310",215,1984,86.22,88.81,85.94,89.95,87.3,89.37,87.28
"1311",216,1984,87.13,87.73,86.71,85.53,87.59,82.78,87.25
"1312",217,1984,86.96,87.91,87.28,85.84,87.84,84.52,86.08
"1313",218,1984,86.75,89.86,86.65,89.12,86.99,89.41,84.91
"1314",219,1984,85.24,84.29,85.48,83.78,85.39,83.57,83.25
"1315",220,1984,86.29,87.39,86.71,85.85,86.19,86.17,84.82
"1316",221,1984,89.8,93.74,89.26,92.3,90.9,91.53,90.74
"1317",222,1984,91.05,94.97,89.98,92.71,91.23,93.87,89.69
"1318",223,1984,93.32,97.22,91.66,96.35,93.18,97.11,91.5
"1319",224,1984,90.93,96.23,90.5,95.76,92.55,97.09,92.08
"1320",225,1984,87.37,84.75,87.41,85.47,85.88,85.61,83.22
"1321",226,1984,90.42,93.78,89.11,91.98,91.33,91.03,90.92
"1322",227,1984,88.05,91.6,87.58,91.09,88.09,92.45,87.79
"1323",228,1984,85.66,89.35,85,92.18,85.76,93.48,86.7
"1324",229,1984,88.4,92.4,87.43,91.81,89.38,92.75,87.76
"1325",230,1984,88.21,92.98,86.98,91.99,88.64,92.73,88.33
"1326",231,1984,89.21,93.3,88.18,92.29,89.65,91.23,90.28
"1327",232,1984,88.39,94.68,87.89,92.49,90.5,92.22,90.6
"1328",233,1984,88.76,93.69,87.72,90.02,90.83,90.66,89.99
"1329",234,1984,86.7,87.62,86.23,87.72,86.7,87.15,86.98
"1330",235,1984,84.2,84.42,84.86,84.33,83.47,83.32,83.35
"1331",236,1984,83.39,83.63,84.61,85.95,82.12,83.54,83.01
"1332",237,1984,86.52,87.9,85.85,82.79,87.29,80.7,84.27
"1333",238,1984,86.52,84.49,86.78,82.47,86.03,80.66,83.23
"1334",239,1984,89.27,92.58,89.63,89.85,89.36,89.02,88.63
"1335",240,1984,88.08,91.53,87.7,91.57,87.26,94.35,86.58
"1336",241,1984,86.34,89.06,86.15,92,83.29,93.73,86.61
"1337",242,1984,88.66,93.8,88.46,95.9,87.28,97.45,90.78
"1338",243,1984,84.01,89.57,84.45,93.92,82.65,95.34,87.93
"1339",244,1984,83.05,88.96,83.08,92.71,80.26,94.87,85.24
"1340",245,1984,86.12,93.03,85.28,93.53,85,95.97,86.95
"1341",246,1984,89.86,95.33,88.53,95.97,90.79,96.29,91.5
"1342",247,1984,88.01,93.86,86.85,93.83,89.56,93.49,91.6
"1343",248,1984,86.35,89.41,86.49,86.23,88.4,87.25,85.56
"1344",249,1984,87.45,87.48,86.69,83.2,87.55,82.69,84.02
"1345",250,1984,89.14,93.16,89.17,91.1,90.97,91.07,88.85
"1346",251,1984,81.48,78.32,82.84,81.5,79.48,81.31,78.74
"1347",252,1984,82.99,85.12,83.31,83.72,83.66,82.81,82.54
"1348",253,1984,88.73,90.45,88.71,88.25,88.26,87.72,85.73
"1349",254,1984,86.43,86.4,86.7,88.37,85.54,88.89,85.5
"1350",255,1984,88.87,93.87,89.18,93.24,90.02,93.63,89.22
"1351",256,1984,88.46,88.12,88.21,87.9,87.77,88.17,84.67
"1352",257,1984,85.27,87.15,85.22,87.98,86.42,86.92,84.56
"1353",258,1984,86.15,88.32,85.16,87.28,87.01,86.86,84.73
"1354",259,1984,88.42,91.48,86.92,86.94,89.43,85.79,86.33
"1355",260,1984,86.81,91.48,85.69,88.65,89.05,87.86,87.71
"1356",261,1984,84.96,85.67,85.47,86.09,85.56,85.73,83.9
"1357",262,1984,89.46,94.36,88.88,92.14,89.64,93.07,88.14
"1358",263,1984,88.47,89.36,88.59,89.16,89.58,88.21,87.55
"1359",264,1984,89.05,93.3,88.29,91.88,90.32,91.43,90.17
"1360",265,1984,87.79,92.32,86.78,87.73,88.59,87.56,86.3
"1361",266,1984,85.48,84.34,85.57,83.17,84.54,82.21,81.66
"1362",267,1984,91.33,93.61,91.17,88.43,91.24,86.52,87.31
"1363",268,1984,89.68,88.6,89.57,87.24,89.15,86.62,85.84
"1364",269,1984,83.81,84.89,84.23,86.02,82.78,85.09,82.34
"1365",270,1984,83.08,82.22,83.47,83.58,81.92,81.23,81.99
"1366",271,1984,86.37,87.96,86.21,84.08,86.83,82.47,84.76
"1367",272,1984,84.94,87.06,84.16,82.58,86.1,81.86,82.41
"1368",273,1984,88.5,93.47,87.53,91.11,89.5,90.92,87.36
"1369",274,1984,89.64,93.85,88.77,94.41,90.07,96.5,88.63
"1370",275,1984,86.43,92.72,86.72,93.52,89.03,92.13,90.24
"1371",276,1984,81.73,80.97,83.44,84.36,80.96,81.84,81.52
"1372",277,1984,86.55,87.66,86.34,86.11,85.81,83.65,83.92
"1373",278,1984,85.78,85.71,85.28,84.99,86.07,85.86,80.56
"1374",279,1984,84.97,84.75,85.06,84.68,85.02,83.09,82.65
"1375",280,1984,87.07,90.48,86.25,88.25,88.3,86.25,87.89
"1376",281,1984,87.57,91,86.65,90.38,88.08,89.86,88.04
"1377",282,1984,90.84,92.73,89.61,91.55,89.76,90.82,88.51
"1378",283,1984,86.82,90.27,86.06,88.98,86.84,88.84,86.15
"1379",284,1984,84.16,84.39,83.93,86.14,83.6,85.02,83.03
"1380",285,1984,86.62,85.67,86.11,85.79,85.09,83.55,84.13
"1381",286,1984,90.56,93.97,89.78,92.59,90.73,91.81,89.21
"1382",287,1984,86.15,89.64,85.76,90.36,87.17,89.68,87.28
"1383",288,1984,88.07,90.28,87.03,88.54,89.04,87.11,87.33
"1384",289,1984,87.94,90.05,86.75,87.22,88.06,87.78,85.21
"1385",290,1984,87.17,86.73,87.61,86.79,87.32,84.74,85.05
"1386",291,1984,90.04,93.77,88.95,90.27,91.08,89.79,89.15
"1387",292,1984,90.07,92.13,89.74,87.14,90.07,86.29,86.16
"1388",293,1984,86.46,88.04,86.43,87.88,85.32,86.52,84.23
"1389",294,1984,85.76,87.94,86.02,89.12,85.93,88.13,84.12
"1390",295,1984,87.56,90.26,87.1,91.1,88.34,88.81,87.17
"1391",296,1984,82.84,84.18,83.64,83.08,83.09,81.04,82.12
"1392",297,1984,83.12,88.45,82.65,87.83,84.42,85.88,86.79
"1393",298,1984,85.24,89.7,84.67,87.64,86.87,86.09,87.14
"1394",299,1984,85.38,87.81,84.91,86.33,85.23,85.85,84.04
"1395",300,1984,83.72,83.8,83.56,79.32,83.63,77.99,81.98
"1396",301,1984,87.52,92.44,86.45,87.91,87.79,88.08,87.48
"1397",302,1984,84.91,89.38,84.74,86.47,85.97,86.21,86.26
"1398",303,1984,86.12,85.28,87.48,87.36,85.55,86.94,87.3
"1399",304,1984,83.65,88.05,84.64,90.51,84.61,89.49,88.85
"1400",305,1984,85.82,92.15,85.02,91.55,88.41,90.49,91.13
"1401",306,1984,89.4,93.52,88.82,89.12,91.2,88.82,89.39
"1402",307,1984,87.61,89.27,87.51,86.1,90.08,84.53,87.41
"1403",308,1984,88.37,92.23,87.37,90.22,89.57,89.83,89.49
"1404",309,1984,86.84,94.43,85.86,91.98,90.23,90.96,91.09
"1405",310,1984,88.68,93.12,87.78,91.21,90.56,91.32,91.56
"1406",311,1984,88.18,89.88,87.96,89.53,88.52,88.67,88.91
"1407",312,1984,89.94,93.96,89.12,93.66,89.87,92.73,92.26
"1408",313,1984,92.95,96.57,91.8,96.12,92.89,96.53,93.43
"1409",314,1984,83.55,86.19,83.63,89.55,83.63,88.81,87.19
"1410",315,1984,83.05,88.36,82.69,89.21,84.68,88.83,87.69
"1411",316,1984,85.5,90.75,85.13,91.65,87.01,91.12,90.42
"1412",317,1984,86.1,90.39,85.75,91.72,86.34,90.69,90.15
"1413",318,1984,86.51,88.88,86.74,85.19,86.92,84.72,85.85
"1414",319,1984,84.43,84.64,85.28,83.09,84.28,80.55,83.1
"1415",320,1984,86.91,89.06,86.74,88.25,87.14,87.14,86.06
"1416",321,1984,85.38,83.81,85.51,80.71,84.3,79.99,81.96
"1417",322,1984,86.89,89.42,86.08,85.25,87.14,83.79,85.59
"1418",323,1984,86.81,87.23,86.99,86,86.43,84.95,85.66
"1419",324,1984,89.7,94.25,89.68,92.23,90.85,90.9,90.47
"1420",325,1984,87.5,88.61,87.29,89.05,88.56,87.74,88.02
"1421",326,1984,86.45,87.81,85.72,84.27,86.37,82.76,85.23
"1422",327,1984,84.8,86.56,84.23,85.25,84.96,84.03,84.72
"1423",328,1984,82.38,83.16,82.77,84.57,82.4,83.24,83.58
"1424",329,1984,78.66,78.38,79.11,79.52,77.84,78.32,79.42
"1425",330,1984,85.65,84.28,86.35,79.41,85.34,78.89,81.7
"1426",331,1984,90.67,93.48,90.47,89.3,91.6,88.83,89.64
"1427",332,1984,89.18,92.47,88.84,92.15,90.14,91.44,90.51
"1428",333,1984,90.16,95.59,88.62,93.34,91.42,93.86,91.75
"1429",334,1984,89.42,93.54,87.88,92.08,90.67,89.41,91.56
"1430",335,1984,83.82,85.04,83.98,84.53,84.12,83.87,83.77
"1431",336,1984,82.47,78.48,83.03,73.63,80.42,73.2,75.78
"1432",337,1984,77.86,75.85,78.3,76.06,76.77,74.94,75.47
"1433",338,1984,72.53,68.07,74.38,68.11,69.29,67.74,68.59
"1434",339,1984,76.08,70.73,77.49,69.3,72.9,68.3,71.89
"1435",340,1984,78.53,75.82,79.67,74.34,77.51,73.5,75.67
"1436",341,1984,77.52,76.89,77.44,72.91,77.12,74.41,73.77
"1437",342,1984,75.79,76.04,76.88,72.53,76.04,73.5,73.95
"1438",343,1984,73.24,75.33,74.14,74.15,73.61,74.45,73.47
"1439",344,1984,74.09,72.44,74.71,72.55,73.18,71.63,73.21
"1440",345,1984,73.78,72.32,74.66,73.56,73.11,71.52,74.99
"1441",346,1984,76.97,74.07,77.85,75.03,75.38,72.07,76.4
"1442",347,1984,80.06,79.3,80.61,75.35,79.65,73.63,76.72
"1443",348,1984,79.98,77.62,80.21,77.92,78.92,76.33,77.29
"1444",349,1984,78.83,75.99,78.55,78.47,77.89,77.03,76.48
"1445",350,1984,73.22,70.42,73.3,73.21,72.77,70.23,73.17
"1446",351,1984,71.37,74.36,70.7,75.38,73.07,71.75,76.44
"1447",352,1984,68.19,75.35,68.08,82.02,70.62,80.61,79.34
"1448",353,1984,67.23,77.9,67.02,88.24,71.53,87.05,85.71
"1449",354,1984,68.19,72.29,68.53,81.66,69.47,78.38,79.83
"1450",355,1984,74.68,76.17,75.47,84.31,74.75,81.75,81.27
"1451",356,1984,75.65,82.31,75.61,88.63,77.84,87.42,84.58
"1452",357,1984,76.64,82.77,76.75,90,79.23,88.55,85.38
"1453",358,1984,83.74,86.55,83.83,89.38,85.92,86.88,89.14
"1454",359,1984,84.42,90.21,84.47,87.95,87.75,86.54,89.33
"1455",360,1984,78.99,82.51,79.03,86.57,80.14,84.98,82.91
"1456",361,1984,77.33,72.68,77.7,79.51,74.6,76.88,76.17
"1457",362,1984,75.89,76.19,75.01,85.23,76.44,83.27,80.3
"1458",363,1984,68.06,69.89,68.13,79.71,69.64,77.25,76.32
"1459",364,1984,67.85,68.52,67.34,75.15,69.1,72,73.93
"1460",365,1984,67.38,67.76,66.63,71.22,69.75,69,71.02
"1461",366,1984,60.17,61.07,59.62,66.6,62.57,64.61,66.6
"1462",1,1985,60.76,60.98,60.79,71.49,61.51,68.57,69.62
"1463",2,1985,63.89,66.1,63.84,76.37,65.35,72.77,74.43
"1464",3,1985,66.33,71.87,65.16,83.54,68.71,80.96,78.62
"1465",4,1985,65.56,75.47,63.78,85.29,70.63,82.46,82.5
"1466",5,1985,60.51,69.98,58.48,81.15,65.16,79.24,77.75
"1467",6,1985,58.78,67.14,56.96,78.7,62.68,76.18,76.24
"1468",7,1985,58.01,65.88,56.6,77.08,61.95,74.85,74.75
"1469",8,1985,59.06,65.17,58.34,76.98,61.93,73.91,74.42
"1470",9,1985,62.4,68.9,61.45,77.96,66.06,75.5,76.44
"1471",10,1985,61.17,69.59,60.11,80.39,64.11,78.33,76.78
"1472",11,1985,57.22,67.39,56.29,78.41,62.2,77.73,74.7
"1473",12,1985,51.49,60.95,50.61,73.55,55.92,71.16,70.67
"1474",13,1985,49.92,56.31,48.69,69.58,52.47,66.37,67.81
"1475",14,1985,49.75,56.49,49,68.3,52.55,66.47,65.59
"1476",15,1985,48.73,53.84,48.56,66.34,51.16,63.1,64.58
"1477",16,1985,51.16,52.82,51.66,61.46,52.54,58.89,61.6
"1478",17,1985,56.61,56.69,57.57,60.97,57.98,59.2,61.89
"1479",18,1985,56.21,59.65,56.04,70.47,59.34,67.3,69.68
"1480",19,1985,51.23,55.86,50.86,67.88,53.78,64.7,66.17
"1481",20,1985,47.41,50.98,47.25,63.52,48.92,60.65,61.01
"1482",21,1985,47.27,48.99,47.13,59.83,48.57,56.8,59.38
"1483",22,1985,52.24,53.46,52.66,64.2,52.8,61.25,63.2
"1484",23,1985,50.14,61.05,51.85,76.65,54.15,76.81,71.46
"1485",24,1985,52.39,58.4,51.18,65.4,55,62.94,64.17
"1486",25,1985,49.2,49.88,49.5,60.91,50.21,58.25,58.75
"1487",26,1985,46.66,49.61,47.43,63.13,47.41,61.23,59.94
"1488",27,1985,45.08,49.61,46.09,63.81,46.36,60.78,61.8
"1489",28,1985,47.73,52.53,47.81,64.73,50.07,61.29,63.02
"1490",29,1985,45.4,51.03,45.83,66.33,48.12,63.01,63.71
"1491",30,1985,48.04,51,48.39,64.16,50.26,60.52,62.93
"1492",31,1985,47.24,47.98,47.86,60.76,48.59,57.38,59.58
"1493",32,1985,42.38,41.7,44.03,50.54,43.27,49.11,49.96
"1494",33,1985,43.61,41.94,44.87,50.55,43.96,48.84,50.4
"1495",34,1985,47.56,46.45,47.47,50.78,48.91,48.94,51.5
"1496",35,1985,40.58,39.71,41.62,47.56,42.06,45.93,47.05
"1497",36,1985,40.28,39,41.8,46.22,40.05,43.78,45.04
"1498",37,1985,47.38,48.1,48.27,55.99,46.37,52.99,53.08
"1499",38,1985,47.59,50.81,48.42,66.27,48.26,63.58,61.17
"1500",39,1985,58.58,65.16,59.23,79.84,61.77,77.47,73.08
"1501",40,1985,64.37,70.21,64.64,79.78,68.21,76.29,75.58
"1502",41,1985,63.83,66.95,66.73,80.04,67.61,75.94,76.29
"1503",42,1985,49.24,54.18,50.16,72.54,50.69,69.28,67.53
"1504",43,1985,44.82,49.98,44.63,67.26,46.34,62.63,63.72
"1505",44,1985,43.4,47.62,44.13,66.04,45.13,60.89,62.49
"1506",45,1985,43.55,49.98,43.9,67.47,46.22,63.56,63.27
"1507",46,1985,45.13,50.57,45.73,68.73,47.19,63.72,64.86
"1508",47,1985,47.47,50.57,47.96,67.8,48.4,63.92,63.42
"1509",48,1985,46.33,51.79,46.64,69.49,47.89,65.97,63.84
"1510",49,1985,46.56,52.47,45.78,69.29,48.26,65.2,64.85
"1511",50,1985,50.06,54.08,48.79,69.08,50.98,64.51,64.77
"1512",51,1985,48.47,51.9,47.83,69.81,49.3,64.51,65.66
"1513",52,1985,46.94,51.11,46.06,67.76,47.05,63.46,63.42
"1514",53,1985,47.5,51.64,46.92,69.35,47.5,65.07,64.8
"1515",54,1985,46.1,50.57,45.85,66.58,46.88,62.35,63.79
"1516",55,1985,43.37,51.03,43.22,66.19,44.8,63.22,63.71
"1517",56,1985,44.07,52.24,44.19,72.65,46.07,68.41,66.84
"1518",57,1985,43.65,49.23,43.66,69.19,45.14,64.03,64.55
"1519",58,1985,48.8,52.24,49.01,69.09,48.11,64.72,64.45
"1520",59,1985,59.5,66.68,59.3,82.07,59.95,79.37,73.62
"1521",60,1985,68.05,74.88,66.21,84.99,69.18,84.19,77.82
"1522",61,1985,76.55,83.99,75.33,90.28,78.84,88.78,85.21
"1523",62,1985,64.66,70.97,65.55,83.04,66.04,81.17,77.69
"1524",63,1985,61.21,67.23,61.19,82.7,63.28,79.73,77.11
"1525",64,1985,69.19,80.06,66.86,90.37,73.5,87.25,86.25
"1526",65,1985,70.34,87.3,68.58,94.25,77.65,93.42,90.07
"1527",66,1985,69.13,80.02,66.75,89.51,72.32,88.5,84.2
"1528",67,1985,55.09,65.08,53.03,77.86,57.33,75.97,72.1
"1529",68,1985,46.7,50.28,44.55,63.52,46.83,58.18,62.46
"1530",69,1985,47.21,53.87,44.68,67.85,48.23,63.67,65.75
"1531",70,1985,49.53,58.59,46.85,73.45,51.47,69.76,70.96
"1532",71,1985,52.98,64.48,49.81,76.97,55.16,73.84,74.88
"1533",72,1985,52.83,68.73,49.18,83.84,56.5,80.79,81.27
"1534",73,1985,48.38,64.6,46.03,81.44,51.97,79.68,76.81
"1535",74,1985,45.37,58.92,42.82,74.29,49.73,70.87,70.74
"1536",75,1985,44.39,56.63,42.36,74.07,47.02,70.93,69.91
"1537",76,1985,48.59,60.71,46.39,77.88,50.42,75.11,73.2
"1538",77,1985,49.62,67.67,47.08,85.9,53.41,84.02,78.91
"1539",78,1985,57.4,70.33,55.77,80.8,62.07,77.85,78.91
"1540",79,1985,50.08,64.2,48.23,81.33,53.15,79.83,77.23
"1541",80,1985,42.04,53.73,39.57,69.45,44.7,67.62,67.17
"1542",81,1985,40.76,51.65,39.3,70.09,41.83,68.05,65.63
"1543",82,1985,42.5,54.54,40.18,70.31,44.74,68.26,66.92
"1544",83,1985,43.73,50.6,42.18,66.33,44.53,63.18,63.79
"1545",84,1985,48.75,55.36,47.94,69.27,50.26,67.04,65.01
"1546",85,1985,58.39,67.77,56.05,80.33,62.17,77.4,76.09
"1547",86,1985,81.37,89.68,79.17,90.94,84.72,89.74,88.13
"1548",87,1985,69.18,83.69,67.56,88.87,76.2,87.03,85.72
"1549",88,1985,72.67,90.3,69.85,95.28,81.39,95.01,91.37
"1550",89,1985,81.18,93.13,77.92,94.92,86.15,94.35,91.52
"1551",90,1985,73.41,82.75,73.23,91.51,78.7,93.59,84.51
"1552",91,1985,71.69,79.53,71.52,90.48,72.97,90.1,85.46
"1553",92,1985,77.75,84.05,78.28,88.69,81.64,86.17,87.75
"1554",93,1985,71.36,78.01,73.7,86.26,75.08,84.38,84.7
"1555",94,1985,70.61,81.33,72.42,84.9,74.96,84.2,84.6
"1556",95,1985,77.62,87.39,77.59,89.49,82.65,89.12,87.76
"1557",96,1985,67.99,78.99,69.11,86.86,73.78,85.05,84.37
"1558",97,1985,65.28,78.95,64.54,87.31,72.5,85.75,83.65
"1559",98,1985,57.55,68.81,55.87,77.33,63.36,75.27,75.57
"1560",99,1985,55.69,64.3,55.55,76.49,60.44,73.81,74.99
"1561",100,1985,64.52,74.39,64.44,82.85,70.83,81.09,80.42
"1562",101,1985,53.46,64.6,53.44,77.86,60.64,74.58,76.05
"1563",102,1985,43.86,54.05,42.91,65.85,50.81,63.11,65.1
"1564",103,1985,43.71,54.6,43.28,65.02,50.31,63.08,63.8
"1565",104,1985,48.26,59.11,46.69,71.3,53.02,69.07,68.91
"1566",105,1985,51.29,64.35,49.02,77.18,56.64,75.14,73.42
"1567",106,1985,48.84,64.49,46.04,77.88,54.37,76.81,74.16
"1568",107,1985,44.02,58.35,41.57,73.81,49.75,70.96,70.82
"1569",108,1985,42.73,57.93,41.38,74.1,49.03,70.9,70.22
"1570",109,1985,49.96,63.63,51.03,78.92,55.86,76.7,73.68
"1571",110,1985,70.05,74.17,70.95,83.78,69.97,82.58,79.61
"1572",111,1985,85.5,88.94,84.49,90.74,85.2,89.59,87.52
"1573",112,1985,86.5,92.71,85.77,94.22,86.56,93.43,90.5
"1574",113,1985,86.03,86.84,85.43,89.66,85.44,87.85,88.07
"1575",114,1985,90.68,96.3,90.1,96.12,91.96,95.88,94.55
"1576",115,1985,89.49,94.24,88.44,93.69,90.45,93.26,93.02
"1577",116,1985,91.22,92.15,90.75,92.22,91.19,90.77,92.5
"1578",117,1985,90.79,91.77,89.55,91.9,90.95,91.27,90.64
"1579",118,1985,87.46,89.28,87.39,90.77,87.07,90.44,89.73
"1580",119,1985,85.73,89.88,85.75,91.77,87.35,91.5,90.85
"1581",120,1985,85.9,92.34,85.3,90,88.14,90.1,88.78
"1582",121,1985,90.47,95.26,89.73,93.38,91.51,93.51,92.67
"1583",122,1985,85.96,89.36,85.9,90.05,86.98,88.69,89.69
"1584",123,1985,89.6,96.26,89.6,95.51,92.09,93.41,94.65
"1585",124,1985,86.68,91.13,87.31,91.58,88.35,90.7,90.68
"1586",125,1985,89.4,91.07,88.94,87.58,89.26,86.94,88.9
"1587",126,1985,91.59,95.07,91.42,91.52,91.77,91.95,91.15
"1588",127,1985,86.1,90.28,86.16,89.2,86.47,89.1,86.97
"1589",128,1985,88.18,90.47,88.27,90.28,89.23,90.27,87.33
"1590",129,1985,88.4,90.41,88.82,92.02,89.82,91.14,90.33
"1591",130,1985,87.98,89.66,88.13,89.84,89.23,87.42,88.51
"1592",131,1985,87.81,93.21,87.4,92.03,89.35,91.1,91.63
"1593",132,1985,89.77,93.69,89.49,90.22,90.13,90.34,90.91
"1594",133,1985,90.59,93.38,89.98,92.12,90.05,91.62,89.53
"1595",134,1985,86.66,90.25,86.26,90.29,87.51,89.82,87.38
"1596",135,1985,88.89,90.96,88.36,90.19,89.36,90.55,87.44
"1597",136,1985,93.57,97.89,92.53,96.5,94.64,97.02,95.08
"1598",137,1985,92.81,96.89,92.28,96.3,94.3,95.4,94.98
"1599",138,1985,91.23,93.71,89.91,90.39,91.89,88.93,89.53
"1600",139,1985,86.13,86.38,85.65,82.93,86.56,81.32,83.4
"1601",140,1985,81.09,79.76,82.23,76.74,80.3,75.93,78.47
"1602",141,1985,84.31,89.34,84.76,86.27,85.74,85.88,86.83
"1603",142,1985,82.13,83.71,83.09,85.72,83.2,85.28,84.02
"1604",143,1985,88.3,93.36,88.38,93.69,89.46,93.78,89.43
"1605",144,1985,89.68,92.29,89.05,91.81,88.97,91.87,87.51
"1606",145,1985,88.84,91.59,88.61,89.9,88.96,89.9,88.02
"1607",146,1985,89.23,91.47,88.76,90.08,90.03,89.37,89
"1608",147,1985,87.57,90.27,87.72,90.02,88.4,88.66,87.39
"1609",148,1985,90.94,93.38,89.94,93.39,90.83,92.93,90.15
"1610",149,1985,88.42,90.02,88.71,90.65,89.26,90.49,88.43
"1611",150,1985,90.8,92.16,90.36,90.23,90.71,91.36,88.2
"1612",151,1985,91.51,91.18,91.28,91.42,90.9,92.9,88.49
"1613",152,1985,92.9,94.13,92.64,94.27,93.22,94.89,92.43
"1614",153,1985,94.56,97.4,93.89,97.93,95.72,96.98,96.83
"1615",154,1985,90.77,92.66,91.18,95.35,90.51,95.43,92.27
"1616",155,1985,83.18,82.73,83.95,86.75,84.37,85.63,85.32
"1617",156,1985,84.79,83.3,85.9,87.35,84.49,88.64,86.33
"1618",157,1985,92.33,96.86,90.99,96.46,93.25,97.69,93.73
"1619",158,1985,93.11,98.68,92.49,97.61,95.14,98.21,95.38
"1620",159,1985,93.18,96.82,92.29,94.95,92.45,95.13,93.28
"1621",160,1985,89.09,93.77,90.35,95.7,91.24,96.22,94.27
"1622",161,1985,77.01,85.73,78.52,95.51,78.38,96.2,90.67
"1623",162,1985,72.74,79.73,73.4,88.56,73.42,89.71,84.15
"1624",163,1985,77.16,83.07,78.24,89.59,78.57,87.88,86.62
"1625",164,1985,82.72,86.53,82.58,89.14,83.72,88.04,86.5
"1626",165,1985,92.15,95.95,90.3,93.29,92.23,92.09,91.5
"1627",166,1985,88.54,92.45,87.78,91.13,87.97,91.05,87.01
"1628",167,1985,87.28,87.34,87.06,88.05,86.14,88.98,84.05
"1629",168,1985,91.35,93.36,91.25,92,91.65,91.41,90.18
"1630",169,1985,91.93,96.59,91.29,96.23,92.51,95.82,93.15
"1631",170,1985,88.06,88.75,88.03,90.35,87.73,91.67,86.77
"1632",171,1985,87.82,91.1,87.65,91.31,88.22,91.14,88.77
"1633",172,1985,91.66,96.5,91.56,96.52,93,96.86,92.86
"1634",173,1985,92.78,96.73,92.23,96.69,93.26,97.53,91.94
"1635",174,1985,90.16,95.58,90.13,96.5,91.99,97.78,92.45
"1636",175,1985,89.71,94.19,89.62,93.17,90.55,94.33,89.77
"1637",176,1985,88.59,92.98,88.02,91.07,89.85,90.22,90.75
"1638",177,1985,92.18,97.66,91.19,94.9,93.41,94.5,92.27
"1639",178,1985,89.42,95.2,89.55,95.77,90.3,97.5,91.66
"1640",179,1985,91.19,95.53,90.43,95.79,91.71,95.81,93.8
"1641",180,1985,88.38,93.1,88.36,92.39,89.81,92.06,90.64
"1642",181,1985,74.78,68.78,76.85,68.06,71.57,67.88,69.86
"1643",182,1985,77.13,68.75,79.08,65.03,75.35,65.04,69.3
"1644",183,1985,89.76,89.47,89.49,84.67,88.95,82.93,85.91
"1645",184,1985,90.81,93.77,90.22,89.33,90.66,89.43,88.68
"1646",185,1985,86.87,88.84,87.59,88.23,87.41,88.84,86.69
"1647",186,1985,83.58,82.44,84.79,86.23,83.11,86.39,81.99
"1648",187,1985,83.08,75.67,84.1,76.47,80.51,75.15,77.56
"1649",188,1985,90.7,90.99,91.08,84.27,92.24,83.04,87.45
"1650",189,1985,88.27,93.81,87.43,94.97,88.38,94.16,93.44
"1651",190,1985,86.64,93.37,86.11,95.51,87.61,95.4,91.5
"1652",191,1985,87.88,89,88.15,89.46,88.96,89.9,87.08
"1653",192,1985,90.68,92.33,90.58,90.65,90.52,90.51,88.33
"1654",193,1985,87.57,90.98,87.72,91.43,88.29,91.56,88.94
"1655",194,1985,90.66,95.72,90.56,92.2,92.75,91.97,91.24
"1656",195,1985,86.87,92.25,86.73,92.66,87.23,93.29,89.32
"1657",196,1985,84.21,89.07,83.92,92.41,82.03,95.07,85.84
"1658",197,1985,88.29,90.65,86.8,91.75,82.87,95.27,84.74
"1659",198,1985,87.48,94.98,86.17,94.64,87.04,96.14,90.37
"1660",199,1985,90.59,95.58,90.1,96.32,91.26,96.8,92.26
"1661",200,1985,88.19,91.47,87.99,92.15,88.44,91.28,89.26
"1662",201,1985,86.94,88.32,86.45,89.57,86.18,86.77,86.49
"1663",202,1985,88.54,92.53,87.81,93.03,87.88,94.04,88.95
"1664",203,1985,88.27,90.57,87.47,90.28,88.87,90.66,88.59
"1665",204,1985,90.27,94.86,89.32,92.56,91.32,92.53,92.36
"1666",205,1985,91.46,93.97,91.51,91.76,92.53,91.49,92.4
"1667",206,1985,91.85,96.6,89.9,92.44,93.72,92.6,92.85
"1668",207,1985,88.82,92.5,88.79,92.93,89.33,93.41,90.12
"1669",208,1985,80.67,79.31,81.93,81.16,80.2,78.54,80.27
"1670",209,1985,77.96,77.65,79.31,81.22,79.3,79.14,80.97
"1671",210,1985,87.95,87.84,88.88,87.1,88,86.22,84.54
"1672",211,1985,87.95,88.44,87.2,87.46,88.96,86.2,86.01
"1673",212,1985,88.82,90.26,87.41,85.86,89.42,85.22,86.18
"1674",213,1985,85.98,89.73,85.28,89.07,86.72,89.16,86.56
"1675",214,1985,85.59,88.13,86.03,88.5,87.01,89.85,84.25
"1676",215,1985,86.02,88.43,86.44,88.79,86.19,88.86,85.05
"1677",216,1985,84.72,90.32,84.53,89.95,85.53,91.85,86.21
"1678",217,1985,90.47,96.41,90.07,94.52,92.34,95.88,92.18
"1679",218,1985,90.17,94.85,89.33,94.25,90.37,94.97,91.27
"1680",219,1985,90.01,93.79,89.15,92.15,90.52,91.81,90.62
"1681",220,1985,87.68,91.12,87.48,90.73,88.81,89.33,90.47
"1682",221,1985,88.17,88.8,87.5,87.54,89.08,85.72,87.35
"1683",222,1985,90.95,92.9,91,92.6,91.44,94.68,88.33
"1684",223,1985,87.84,88.52,87.87,88.6,88.41,87.92,88.53
"1685",224,1985,87.78,89.48,87.75,89.03,88.65,88.95,88.39
"1686",225,1985,86.75,91.49,86.56,92.07,86.67,93.56,88.85
"1687",226,1985,87.59,95.02,86.61,94.79,88.63,95.65,90.96
"1688",227,1985,88.9,95.35,87.85,93.95,90.24,93.45,91.99
"1689",228,1985,84.21,88.57,84.15,89.36,85.47,89.42,86.59
"1690",229,1985,85.82,90.65,85.66,89.21,87.04,90.22,84.99
"1691",230,1985,90.8,94.77,89.81,91.56,91.39,92.31,87.32
"1692",231,1985,89.87,92.51,89.58,93.4,91.04,93.1,90.11
"1693",232,1985,88.77,95.74,89.24,94.39,91.48,94.16,91.18
"1694",233,1985,88.12,90.73,88.62,90.38,87.9,91.9,85.97
"1695",234,1985,86.9,89.15,86.5,85.96,86.38,86.7,82.98
"1696",235,1985,88.19,91.61,87.37,91.31,87.9,93.24,87.37
"1697",236,1985,86.64,92.27,85.77,92.63,88.62,94.22,88.6
"1698",237,1985,86.46,91.07,85.86,89.31,87.19,90.88,86.39
"1699",238,1985,84.78,85.73,85.43,87.1,85.09,86.61,84.67
"1700",239,1985,85.37,83.76,85.73,81.57,84.69,80.13,82.42
"1701",240,1985,85.82,89.39,85.34,86.57,86.37,87.28,82.82
"1702",241,1985,89.79,88.93,89.51,89.03,88.07,89.33,85.4
"1703",242,1985,89.87,91.62,89.02,88.12,91,85.47,89.15
"1704",243,1985,88.71,90.76,87.19,87.04,89.31,85.53,85.9
"1705",244,1985,83.93,85.59,83.85,84.26,84.69,84.91,82.14
"1706",245,1985,85.49,90.17,85.01,85.95,87.18,85.99,84.4
"1707",246,1985,88.55,92.76,88.61,88.92,90.01,89.96,84.85
"1708",247,1985,90.26,91.78,90.33,88.71,90.18,87.95,87.58
"1709",248,1985,89.74,93.22,89.27,90.84,91.73,89.38,90.77
"1710",249,1985,89.05,93.1,89.04,91.83,90.72,91.68,90.8
"1711",250,1985,87.5,90.2,87.27,88.72,87.43,89.04,86.94
"1712",251,1985,84.5,86.8,83.92,87.55,84.79,87.35,85.27
"1713",252,1985,85.73,90.21,84.9,88.34,86.47,86.62,88.64
"1714",253,1985,83.19,88.22,82.7,86.96,84.05,85.43,85.97
"1715",254,1985,81.68,83.68,82.49,82.47,81.85,80.93,82.3
"1716",255,1985,83,84.17,83.87,85.21,82.4,82.86,84.49
"1717",256,1985,87.95,93.56,87.61,92.8,88.58,93.27,89.25
"1718",257,1985,87.89,93.13,86.86,92.42,89.01,93.62,88.55
"1719",258,1985,87.27,88.56,87.16,89.46,87.08,91.16,85.53
"1720",259,1985,82.91,82.79,83.26,80.89,83.75,82.67,78.96
"1721",260,1985,81.5,82.44,81.59,80.28,81.25,80.86,79.14
"1722",261,1985,84.97,83.97,86.31,80.01,84.82,81.36,78.84
"1723",262,1985,89,91.27,89.22,86.49,89.79,86.97,84.24
"1724",263,1985,84.95,89.47,84.5,88.24,85.33,90.47,83.92
"1725",264,1985,83.46,85.32,83.37,83.75,83.9,84.36,80.64
"1726",265,1985,83.5,83.28,83.84,81.25,83.64,81.41,81.07
"1727",266,1985,85.09,86.88,84.91,81.08,84.6,81.58,83.01
"1728",267,1985,85.51,88.5,85.61,84.66,85.52,85.15,85.17
"1729",268,1985,88.11,90.33,87.56,86.92,87.43,88.17,85.17
"1730",269,1985,88.07,94.13,87.49,93,88.58,92.56,89.12
"1731",270,1985,88.22,90.64,87.97,88.44,87.77,89.52,86.16
"1732",271,1985,85.14,87.31,85.73,87.23,85.24,87.77,84.72
"1733",272,1985,84.51,83.38,85.25,84.83,83.57,83.52,82.17
"1734",273,1985,86.67,86.6,86.71,86.41,86.06,83.18,85.96
"1735",274,1985,87.96,91.23,87.85,88.43,87.76,86.89,89.36
"1736",275,1985,91.17,96.11,90.51,94.42,91.62,95.05,91.57
"1737",276,1985,88.48,94.29,88.08,94.97,89.77,95.14,91.28
"1738",277,1985,84.66,84.7,85.01,85.86,84.31,85.55,82.48
"1739",278,1985,81.93,80.65,83.46,77.06,81.77,77.02,78.93
"1740",279,1985,86.78,88.17,86.06,84.39,86.72,83.92,84.7
"1741",280,1985,88.37,94.72,87.5,94.13,89.89,93.7,91.46
"1742",281,1985,85.93,90,86.01,89.97,87.14,90.6,86.02
"1743",282,1985,89.9,95.71,88.73,92.2,92.47,91.34,92.22
"1744",283,1985,90.98,95.52,90.04,93.02,91.9,94.39,90.06
"1745",284,1985,85.77,88.2,85.49,90.5,85.45,91.87,83.71
"1746",285,1985,81.03,82.61,81.58,84.29,81.34,86.42,79.53
"1747",286,1985,86.12,87.68,87.33,84.9,85.78,87.24,81.64
"1748",287,1985,88.47,88.05,88.05,86.42,87.1,86.67,84
"1749",288,1985,84.11,85.09,85.16,86.88,84,85.25,84.68
"1750",289,1985,79.62,80.65,80.31,80.46,80.05,79.16,80.77
"1751",290,1985,80.16,78.67,80.55,77.26,79.36,76.1,78.08
"1752",291,1985,80.3,81.17,80.79,76.41,80.14,75.45,78.59
"1753",292,1985,82.71,85.22,83.26,82.34,83.82,80.32,84.54
"1754",293,1985,88.83,91.9,87.33,88.11,88.37,86.64,88.9
"1755",294,1985,89.37,92.69,89.16,89.87,89.84,89.23,89.94
"1756",295,1985,92.37,94.69,91.59,90.88,92.69,89.65,89.67
"1757",296,1985,92.06,93.82,91.65,92.59,90.79,92.42,89.8
"1758",297,1985,88.75,86.3,89.09,84.73,87.01,83.85,83.47
"1759",298,1985,89.01,92.67,88.85,88.83,89.71,87.31,89.78
"1760",299,1985,86.32,90.19,86,90.45,86.57,90,89.36
"1761",300,1985,86.4,89.1,86.1,84.39,85.93,83.28,85.29
"1762",301,1985,88.85,92.63,88.05,87.6,89.38,86.51,88.76
"1763",302,1985,88.79,94.07,87.79,88.1,90.96,87.59,88.89
"1764",303,1985,88.61,93.81,87.33,91.6,90.55,90.91,91.21
"1765",304,1985,89.5,95.79,88.18,94.36,91.6,94.79,92.57
"1766",305,1985,87.37,94.02,86.21,92.65,89.64,92.4,90.4
"1767",306,1985,85.98,88.03,85.5,87.88,86.04,87.61,85.52
"1768",307,1985,84.08,90.99,84.08,89.06,87.16,89.48,86.97
"1769",308,1985,85.85,89.11,85.79,86.14,87.4,85.53,86.24
"1770",309,1985,90.31,93.95,89.47,88.18,91.57,88.63,90.04
"1771",310,1985,89.87,94.39,89.11,85.87,91.28,86.53,87.46
"1772",311,1985,89.81,92.56,89.66,86.25,91.32,85.36,87.76
"1773",312,1985,84.45,83.88,85.35,82.09,84.52,80.48,83.49
"1774",313,1985,84.02,83.16,84.29,78.83,83.67,78.76,81.36
"1775",314,1985,84.82,86.65,84.06,79.6,85.16,78.97,83.68
"1776",315,1985,82.72,86.65,82.5,80.99,83.48,80.55,83.34
"1777",316,1985,83.78,91.89,83.08,87.83,85.34,88.11,88.19
"1778",317,1985,85.94,87.16,86.07,85.8,85.33,82.98,87.11
"1779",318,1985,89.18,94.27,88.22,90.72,89.06,90.11,90.16
"1780",319,1985,89.06,92.66,88.9,92.52,88.77,93.22,90.48
"1781",320,1985,88.15,93.15,87.88,93.97,88.66,93.52,92.18
"1782",321,1985,88.6,94.54,88.25,96.12,89.15,97.14,91.69
"1783",322,1985,89.93,95.39,89.22,95.64,90.05,97.05,90.45
"1784",323,1985,91.9,96.95,90.71,97.52,92.56,98,93.66
"1785",324,1985,88.53,91,87.6,90.18,89.73,87.71,89.5
"1786",325,1985,86.26,87.8,85.59,83.99,86.78,81.95,86.58
"1787",326,1985,86.1,89.29,85.59,86.83,87.17,85.6,87.84
"1788",327,1985,84.08,90.85,83.74,89.22,85.56,88.06,89.58
"1789",328,1985,81.76,87.27,81.53,87.69,83.27,87.21,87.48
"1790",329,1985,78.6,83.11,78.89,85,79.74,83.88,83.67
"1791",330,1985,78.98,81.81,80.1,82.38,80.07,80.86,82.52
"1792",331,1985,82.07,83.09,82.55,81.17,82.54,80.36,81.58
"1793",332,1985,84.99,86.67,85.48,83.66,86.07,80.36,84.51
"1794",333,1985,86.7,88.09,86.6,82.94,87.53,80.83,85.95
"1795",334,1985,86.8,92.57,86.48,88.92,88.73,88.11,89.54
"1796",335,1985,82.59,81.08,83.94,78.98,82.09,78.31,81.21
"1797",336,1985,84.42,89.2,84.07,82.74,85.92,81.94,85.7
"1798",337,1985,85.97,90.43,85.99,89.82,86.93,88.23,89.67
"1799",338,1985,89.02,93.6,88.58,90.06,89.44,89.35,90.2
"1800",339,1985,90.3,96.79,88.97,96.42,90.93,97.05,94.44
"1801",340,1985,87.82,90.81,87.28,90.34,87.67,90.68,86.99
"1802",341,1985,84.5,83.99,85,83.26,83.7,82.51,82.53
"1803",342,1985,87.31,90.51,86.82,87.89,86.96,87.69,85.88
"1804",343,1985,82.64,85.61,82.77,86.51,83.35,83.79,84.78
"1805",344,1985,74.61,77.49,75.09,79.46,75.81,78.28,78.53
"1806",345,1985,76.23,73.64,77.72,72.46,74.79,73.45,73.02
"1807",346,1985,82.75,87.57,82.24,86.14,83.67,86.43,85.08
"1808",347,1985,79.69,84.61,79.35,85.89,80.9,86.75,82.97
"1809",348,1985,72.86,73.45,73.39,74.16,73.38,74.22,72.92
"1810",349,1985,72.93,68.75,73.97,61.66,71.02,63.87,64.16
"1811",350,1985,74.71,75.34,74.16,72.42,74.7,72.28,73.42
"1812",351,1985,68.72,69,68.74,68.97,68.9,67.88,70.06
"1813",352,1985,68.32,59.81,70.38,56.81,61.98,59.52,57.22
"1814",353,1985,72.94,71.24,74.33,72.83,71.68,71.36,72.84
"1815",354,1985,73.27,74.18,72.92,75.24,73.44,73.51,74.65
"1816",355,1985,72.77,72.2,72.47,72.89,72.56,72.06,72.64
"1817",356,1985,74.08,78.43,73.37,76.78,75.72,76.09,77.7
"1818",357,1985,71.37,72.76,70.84,74.43,72.02,72.53,73.79
"1819",358,1985,67.44,67.66,67.95,72.28,67.67,69.8,70.97
"1820",359,1985,66.6,68.25,65.83,70.72,67.64,69.66,69.15
"1821",360,1985,68.38,65.95,67.92,63.69,67.9,63.34,64.6
"1822",361,1985,68.98,66.72,67.7,64.35,68.9,63.92,65.21
"1823",362,1985,65.14,64.39,63.9,63.12,66.55,63.08,64
"1824",363,1985,62.64,63.82,61.76,63.14,64.17,63.2,63.32
"1825",364,1985,63.19,66.78,62.3,69.33,65.44,67.76,69.21
"1826",365,1985,67.95,73.76,66.56,75.96,69.7,73.86,74.51
"1827",1,1986,68.59,71.59,67.29,75.23,69.83,72.97,73.88
"1828",2,1986,67.76,70.09,66.05,76.33,68.47,74.1,72.98
"1829",3,1986,70.28,75.73,68.28,82.02,72.23,79.42,78.94
"1830",4,1986,62.97,69,61.1,75.79,66.35,72.32,74.4
"1831",5,1986,60.13,61.91,58.65,63.73,62.03,62.27,64.88
"1832",6,1986,60.58,63.9,59.09,62.06,62.75,61.81,63.75
"1833",7,1986,63.33,65.89,62.34,71.86,64.18,70.37,69.42
"1834",8,1986,64.14,69.79,62.02,80.37,66.76,78.06,73.93
"1835",9,1986,59.73,66.01,58.04,78.6,62.87,74.04,74.55
"1836",10,1986,61.44,66.76,59.86,77.32,63.27,73.37,72.82
"1837",11,1986,57.74,63.38,57,76.09,60.24,71.55,71.54
"1838",12,1986,54.21,60.03,53.61,70.6,56.92,66.34,67.46
"1839",13,1986,60.91,61.42,61.03,70.4,61.16,66.71,68.22
"1840",14,1986,67.92,74.23,67.8,82.48,71.5,77.05,79.71
"1841",15,1986,58.64,65.09,57.57,75.46,62.43,70.93,73.82
"1842",16,1986,50.89,59.22,49.32,73.45,54.81,68.31,71.58
"1843",17,1986,50.39,57.55,48.58,70.42,53.7,65.34,68.49
"1844",18,1986,51.28,60.69,50.06,73.56,54.81,69.14,70.87
"1845",19,1986,52.59,60.08,51.37,74.47,55.65,69.72,71.05
"1846",20,1986,55.23,59.31,55.13,71.98,56.41,66.92,69.99
"1847",21,1986,58.94,64.76,58.77,76.65,59.75,73.04,73.25
"1848",22,1986,60.47,68.85,58.52,82.34,63.36,77.44,77.86
"1849",23,1986,59.43,70.5,58.27,85.52,63.33,80.66,79.83
"1850",24,1986,55.17,65.91,53.75,80.64,59.62,75.74,77.33
"1851",25,1986,52.61,62.99,51.66,77.56,56.4,72.7,75.08
"1852",26,1986,52.66,62.99,52.61,78.61,56.3,73.65,75.96
"1853",27,1986,59.39,64.75,59.89,78.23,61.53,72.68,77.21
"1854",28,1986,66.48,70.67,67.85,80.68,69.65,75.62,80.34
"1855",29,1986,61.06,65.11,61.68,77.17,63.27,73.35,75.71
"1856",30,1986,53.59,59.74,53.06,75.61,56.03,70.18,73.31
"1857",31,1986,52.28,59.01,51.37,70.92,54.26,67.3,70.09
"1858",32,1986,47.82,57.1,47.77,74.5,51.07,70.93,72.36
"1859",33,1986,46.65,55.48,46.83,73.98,49.87,69.28,70.51
"1860",34,1986,48.87,56.11,49.59,73.18,51.88,68.75,71.22
"1861",35,1986,50.06,58.61,50.15,75.33,52.51,71.65,74.28
"1862",36,1986,47.38,56.97,47.66,74.23,49.98,70.33,71.36
"1863",37,1986,44.95,55.24,44.98,72.42,47.98,67.49,70.85
"1864",38,1986,47.91,55.9,48.13,73.69,49.96,68.89,71.68
"1865",39,1986,53.27,59.18,53.68,75.08,53.53,71.83,69.94
"1866",40,1986,54.09,60.6,53.84,79.31,55.54,75.99,73.31
"1867",41,1986,51.89,56.5,51.54,70.21,53.49,65.84,68.69
"1868",42,1986,52.66,57.63,52.46,71.49,53.76,67.25,68.38
"1869",43,1986,53.57,57.54,53.35,72.7,53.98,67.32,69.59
"1870",44,1986,50.43,56.53,50.23,70.24,53.05,64.68,69.03
"1871",45,1986,50,55.18,50.91,66.81,53.68,62.48,66.96
"1872",46,1986,47.62,50.85,48.27,63.94,48.54,59.34,63.54
"1873",47,1986,44.09,48.62,43.52,63.88,45.82,57.76,62.69
"1874",48,1986,44.71,49.32,44.28,65.61,45.37,60.35,63.41
"1875",49,1986,52.03,53.92,52.01,70.21,51.48,64.53,68.06
"1876",50,1986,51.41,57.36,51.23,77.83,52.41,74.72,74.57
"1877",51,1986,45.51,54.28,45.81,73.33,48.3,69.01,71.73
"1878",52,1986,46.21,52.95,47.24,74.33,49.87,68.7,72.73
"1879",53,1986,59.03,68.74,62.11,84.6,66.51,81.13,80.87
"1880",54,1986,74.27,80.52,74.48,89.38,75.21,86.94,86.02
"1881",55,1986,71.91,80.58,73.57,86.74,78.29,82.03,86.21
"1882",56,1986,71.79,79.95,74.96,87.75,78.61,84.99,87.51
"1883",57,1986,85.92,87.78,86.7,91.03,86.44,90.03,89.48
"1884",58,1986,88.14,93.97,88.88,96.96,90.04,96.36,95.07
"1885",59,1986,82.41,88.14,83.34,88.29,83.89,86.66,88.14
"1886",60,1986,76.22,83.35,77.13,83.52,79.8,79.4,85.62
"1887",61,1986,74.02,83.08,74.42,85.38,77.11,84.29,86.79
"1888",62,1986,74.4,83.57,74.69,84.41,77.08,83.67,84.77
"1889",63,1986,67.91,72.67,69.69,78.86,68.73,77.3,78.07
"1890",64,1986,62.4,66.89,64.2,75.29,64.35,73.24,74.83
"1891",65,1986,60.26,62.37,62.22,68.41,61.07,67.22,69.71
"1892",66,1986,61.68,68.62,63.73,74.79,64.28,73.06,75.8
"1893",67,1986,61.66,71.7,63.66,81.59,65.78,80.19,80.89
"1894",68,1986,53.82,66.93,55.46,77.17,57.63,77.36,75.01
"1895",69,1986,54.24,59.87,55.09,67.19,55.76,65.03,68.37
"1896",70,1986,53.7,57.36,54.41,64.78,54.09,63.48,65.01
"1897",71,1986,60.19,70.44,59.44,76.71,63.91,76.07,74.44
"1898",72,1986,56.59,73.85,55.6,83.72,63.42,83.22,81.6
"1899",73,1986,58.02,70.7,58.21,80.43,64.6,79.42,80.42
"1900",74,1986,55.27,68.57,54.78,82.87,61.37,79.94,81.67
"1901",75,1986,61.91,72.74,59.22,81.3,64,78.76,80.28
"1902",76,1986,71.55,82.45,69.94,85.22,74.24,83.8,84.9
"1903",77,1986,72.11,79.95,69.71,80.54,73.64,79.69,79.38
"1904",78,1986,66.07,75.73,65.62,82.57,69.82,80.85,79.03
"1905",79,1986,62.65,73.74,62.87,82.57,70.09,80.28,80.2
"1906",80,1986,54.59,61.47,58.33,73.31,61.51,69.81,73.93
"1907",81,1986,59.06,65.02,63.47,70.93,66.32,68.15,73.49
"1908",82,1986,55.63,63.57,55.22,70.5,60.59,68.14,71.97
"1909",83,1986,49.11,61.33,47.07,74.57,53.94,71.29,73.2
"1910",84,1986,46.6,58.93,45.62,73.62,51.94,68.88,72.11
"1911",85,1986,57.33,65.54,57.79,74.25,61.58,70.32,73.61
"1912",86,1986,58.51,73.03,59.5,85.45,64.91,83.41,81.89
"1913",87,1986,64.91,82.04,66.26,90.82,73.17,88.64,88.1
"1914",88,1986,71.35,87.2,68.91,92.19,76.15,93.8,86.54
"1915",89,1986,74.45,81.37,76.69,90.57,79.04,91.24,86.2
"1916",90,1986,77.46,81.11,78.35,88.03,79.37,87.64,84.73
"1917",91,1986,83.98,87.04,83.73,88.31,83,86.18,86.07
"1918",92,1986,81.01,86.63,80.83,88.03,81.67,85.73,85.04
"1919",93,1986,72.97,77.28,74.63,81.92,76.02,79.65,79.59
"1920",94,1986,62.76,66.35,65.73,76.12,64.24,72.91,74.51
"1921",95,1986,65.12,67.49,67.97,74.47,66.5,71.36,75.32
"1922",96,1986,71.24,80.05,72.17,83.39,75.88,80.25,83.02
"1923",97,1986,85.33,93.27,83.81,95.77,87.9,96.02,92.74
"1924",98,1986,90.63,93.7,90.88,92.59,92.05,92.63,91.71
"1925",99,1986,82.13,84.15,83.85,87.59,84.1,87.42,85.26
"1926",100,1986,88.36,93.05,88.77,92.41,90.14,91.63,90.66
"1927",101,1986,89.65,93.62,88.82,93.04,91.67,92.21,90.77
"1928",102,1986,85.58,82.12,87.88,83.47,85.68,82.29,81.55
"1929",103,1986,88.61,87.81,89.19,89.69,88.25,89,86.66
"1930",104,1986,85.39,87.82,86.11,89.9,85.26,89.67,85.73
"1931",105,1986,83.4,82.63,85.57,87.86,85.15,86.95,84.27
"1932",106,1986,88.72,81.57,90.55,82.31,88.19,81.39,81.28
"1933",107,1986,92.05,92.57,92.49,90.47,91.07,90.76,87.69
"1934",108,1986,87.39,87.76,87.95,87.49,87.74,85.35,87.35
"1935",109,1986,81.44,76.82,84.02,78.69,80.8,75.4,78.77
"1936",110,1986,80.44,69.45,85.47,76.31,79.04,72.07,76.32
"1937",111,1986,84.44,84.5,85.81,87.17,84.68,84.88,84.26
"1938",112,1986,86.4,87.83,86.39,88.2,87.26,86.05,84.75
"1939",113,1986,82.18,79.2,85.07,83.03,83.71,80.66,81.01
"1940",114,1986,77.59,77,80.82,81.4,79.54,77.44,80.5
"1941",115,1986,75.7,76.84,79.21,79.69,78.87,74.61,80.03
"1942",116,1986,75.53,78.36,76.89,82.22,78.45,79,81.14
"1943",117,1986,81.15,86.35,81.84,90.09,82.2,89.73,84.77
"1944",118,1986,89.4,90.98,89.95,91.99,89.68,91.63,89.06
"1945",119,1986,87.91,89.61,89.21,92.41,90.21,91.6,91.64
"1946",120,1986,86.92,89.86,87.98,92.26,89.53,90.63,90.48
"1947",121,1986,91.44,96.17,90.39,96.56,91.83,97.17,92.31
"1948",122,1986,87.84,92.47,87.33,94.43,88.19,93.92,88.79
"1949",123,1986,87.25,88.11,87.84,89.32,86.67,88,87.37
"1950",124,1986,89.68,93.84,89.19,93.7,89.99,91.37,91.15
"1951",125,1986,90.11,91.45,89.68,91.06,89.26,89.75,89.23
"1952",126,1986,91.39,90.69,90.54,89.3,90.43,87.9,88.69
"1953",127,1986,87.08,87.26,87.84,90.17,86.91,89,87.35
"1954",128,1986,88.34,91.69,88.5,93.85,88.49,92.89,90.43
"1955",129,1986,90.53,96.17,89.73,96.33,90.72,97.09,92.41
"1956",130,1986,88.12,93.79,87.73,93.17,89.62,94.47,88.94
"1957",131,1986,88.16,94.04,87.98,94.93,88.99,97.02,89.66
"1958",132,1986,90.77,97.12,89.94,97.83,91.24,99.17,92.7
"1959",133,1986,87.88,92.25,87.88,93.35,88.58,93.65,89.88
"1960",134,1986,82.03,81.19,82.82,84.78,80.64,84.89,81.51
"1961",135,1986,88.1,92.01,87.42,87.99,88.97,86.79,87.61
"1962",136,1986,85.23,85.32,85.81,84.07,85.49,83.61,84.45
"1963",137,1986,87.83,90.44,88.23,89.77,88.24,90.27,87.08
"1964",138,1986,85.97,85.76,86.27,88.81,84.32,88.49,84.86
"1965",139,1986,89.88,93.92,89.76,93.71,90.77,93.03,91.22
"1966",140,1986,87.2,89.36,87.36,91.24,87.04,90.13,88.62
"1967",141,1986,91.72,93.95,91.37,93.03,92.07,92.79,91.56
"1968",142,1986,91.72,94.22,91.03,93.05,92.29,93.66,89.16
"1969",143,1986,90.27,90.21,89.95,91.06,90.87,87.67,89.38
"1970",144,1986,91.36,90.66,90.94,90.06,90.86,88.67,88.11
"1971",145,1986,85.95,86.9,86.29,89.04,85.67,86.7,86.91
"1972",146,1986,81.79,81.01,83.79,83.72,80.79,80.99,83.64
"1973",147,1986,87.5,88.02,88.81,90.85,87.74,87.56,90.35
"1974",148,1986,88.21,88.93,88.46,91.4,89.82,89.49,90.79
"1975",149,1986,88.45,87.04,89.31,89.4,87.15,88.92,87.73
"1976",150,1986,86,88.24,86.67,89.83,87.66,89.59,88.43
"1977",151,1986,86.54,87.91,86.51,87.61,86.75,85.14,87.38
"1978",152,1986,94.8,97.09,94.47,95.62,94.57,94.67,94.38
"1979",153,1986,86.63,91.65,86.91,93.95,87.41,96.56,89.58
"1980",154,1986,84.38,87.87,84.82,91.27,82.59,93.9,85.1
"1981",155,1986,83.96,87.37,83.8,90.27,83.22,90.06,87.47
"1982",156,1986,86.26,89.36,85.82,89.36,86.74,89.88,87.96
"1983",157,1986,88,93.86,87.3,93.95,90.22,93.46,91.43
"1984",158,1986,88.17,92.88,87.29,92.33,88.77,92.68,89.62
"1985",159,1986,87.59,90.82,87.19,90.13,89.02,90.82,89.25
"1986",160,1986,88.68,94.81,88.09,94.46,91.27,94.07,91.89
"1987",161,1986,91.15,95.56,90.64,93.26,91.33,94.13,90.32
"1988",162,1986,86.67,90.14,86.61,90.43,87.93,90.28,87.39
"1989",163,1986,78.16,75.75,79.32,77.28,77.45,76.14,77.18
"1990",164,1986,80.67,79.49,81.71,76.67,81.85,75.8,78.04
"1991",165,1986,82.04,73.31,83.86,79.76,79.89,75.91,78.86
"1992",166,1986,91.22,92.65,91.38,88.89,92.22,87.44,89.04
"1993",167,1986,90.36,94.4,90.08,91.76,90.46,93.65,90.03
"1994",168,1986,87.19,93.17,87.12,94.92,88.56,95.99,90.89
"1995",169,1986,91.25,92.99,91.1,91.82,92.17,91.01,91.48
"1996",170,1986,92.21,95.91,91.12,96.62,92.9,96.68,94.24
"1997",171,1986,93.49,98.03,93.31,98.26,94.59,98.07,96.52
"1998",172,1986,91.82,95.23,91.72,96.79,92.45,97.22,93.87
"1999",173,1986,90.53,94.07,89.49,93.88,91.48,92.72,92.23
"2000",174,1986,93.21,95.12,91.98,94.19,93.9,94.31,92.12
"2001",175,1986,92.75,95.58,92.09,95.91,92.72,95.73,93.89
"2002",176,1986,89.02,91.48,88.72,92.11,89.65,90.41,90.79
"2003",177,1986,90.13,94.14,90.23,93.37,90.05,94.5,89.91
"2004",178,1986,92.93,96.37,92.37,96.39,92.52,96.22,95.85
"2005",179,1986,94.82,97.81,93.74,95.97,95.09,96.9,93.55
"2006",180,1986,95.22,99.11,94.63,98.03,95.5,97.53,95.8
"2007",181,1986,86.38,88.29,87.22,92.66,87.84,91.48,91.36
"2008",182,1986,75.78,65.08,78.69,66.08,70.5,64.21,68.34
"2009",183,1986,90.68,90.62,92.3,91.08,92.45,89.99,90.74
"2010",184,1986,87.63,88.17,89.21,91.75,87.67,91.02,89.16
"2011",185,1986,90.13,94.15,89.52,95.29,91.03,95.32,93.65
"2012",186,1986,93.19,98.7,91.87,97.73,94.04,98.1,96.06
"2013",187,1986,91.68,96.24,90.7,95.17,92.75,95.09,92.7
"2014",188,1986,85.44,89.52,85.47,93.01,85.7,94.72,88.83
"2015",189,1986,80.19,89.25,80.33,94,80.71,94.42,88.4
"2016",190,1986,90.95,97.53,90.36,95.28,93.71,94.9,94.1
"2017",191,1986,93.38,98.21,92.46,97.71,94.34,98.01,96.1
"2018",192,1986,87.83,92.17,87.48,95.77,88.44,95.92,91.89
"2019",193,1986,88.88,91.13,88.8,89.65,89.57,89.54,89.71
"2020",194,1986,84.24,79.09,85.04,81.05,82.64,79.18,80.4
"2021",195,1986,86.84,83.06,88.63,88.19,85.38,87.06,84.41
"2022",196,1986,88.12,89.18,87.82,91.3,88.33,90.54,88.09
"2023",197,1986,89.35,90.11,88.52,88.62,90.08,88.3,86.99
"2024",198,1986,94.97,97.22,94.58,94.36,95.64,94.1,93.07
"2025",199,1986,92.34,94.78,91.09,92.69,91.69,93.58,90.55
"2026",200,1986,84.24,87.47,83.71,86.32,85.53,87.53,83.64
"2027",201,1986,83.7,79.91,84.54,83.42,81.66,81.57,81.84
"2028",202,1986,88.15,88.76,88.61,87.1,89.05,84.92,86.97
"2029",203,1986,92.89,97.5,92.37,93.7,93.85,94.54,91.77
"2030",204,1986,91.4,95.3,91.29,97.25,91.84,98.34,95.4
"2031",205,1986,82.3,83.53,82.62,87.34,79.44,90.13,82.89
"2032",206,1986,82.23,88.07,81.28,88.21,82.26,90.04,83.96
"2033",207,1986,86.33,91.61,84.57,90.17,87.62,90.13,87.71
"2034",208,1986,88.22,94.88,87.57,94.82,90.25,94.56,91.94
"2035",209,1986,85.08,89.17,85.21,88.32,85.98,89.85,85.24
"2036",210,1986,80.97,83.94,80.96,85.82,81.42,87.94,82.12
"2037",211,1986,84.23,85.25,83.96,84.65,85.52,84.59,83.31
"2038",212,1986,80.51,73.84,83.14,75.7,79.46,73.69,78.04
"2039",213,1986,88.16,89.37,88.33,84.29,87.96,82.99,84.27
"2040",214,1986,90.22,90.57,89.22,91.36,88.51,91.23,87.39
"2041",215,1986,85.16,84.01,85.36,86.04,84.14,86.18,83.91
"2042",216,1986,89.12,92.6,88.49,87.07,89.12,88.22,86.42
"2043",217,1986,88.63,94.28,88.06,92.94,89.5,93.31,89.13
"2044",218,1986,89.33,95.33,89.28,92.12,91.02,93.08,87.98
"2045",219,1986,87.74,92.22,87,91.91,89.12,91.78,87.77
"2046",220,1986,90.06,95.49,89.25,94.98,91.36,96.38,90.95
"2047",221,1986,87.32,91.41,86.8,92.57,87.34,93.53,88.27
"2048",222,1986,89.78,95.94,89.79,95.37,91.2,97.46,89.91
"2049",223,1986,89.96,94.5,89.46,92.75,91.27,91.5,89.81
"2050",224,1986,86.93,87.88,87,87.33,87.09,85.64,85.42
"2051",225,1986,88.77,91.33,88.56,90.53,88.97,90.53,86.94
"2052",226,1986,84.29,83.01,84.79,84.78,83.48,84.98,82.16
"2053",227,1986,84.65,80.49,84.87,74.7,85,73.16,78.67
"2054",228,1986,88.89,93.82,88.74,88.25,90.2,87.53,89.91
"2055",229,1986,87.25,88.7,87.01,88.12,87.19,88.4,85.24
"2056",230,1986,87.49,90.64,88.01,90.95,88.56,89.74,89.8
"2057",231,1986,83.54,81.82,83.35,82.71,83.43,82.56,81.95
"2058",232,1986,89.98,94.85,88.98,90.11,90.72,90.22,90.41
"2059",233,1986,89.52,95.07,88.57,92.13,89.62,94.88,88.53
"2060",234,1986,83.65,81.8,83.65,81.71,83.75,81.79,81.05
"2061",235,1986,83.57,84.83,83.61,80.86,84.1,80.64,82.56
"2062",236,1986,85.99,86.15,85.85,84.24,85.7,83.82,84.25
"2063",237,1986,84.39,85.97,85.11,83.85,85.75,82.93,84.43
"2064",238,1986,85.19,83.5,85.75,79.45,85.49,79.3,81.2
"2065",239,1986,85.15,80.14,84.95,77.24,84.63,76.75,78.66
"2066",240,1986,85.64,89.02,85.29,86.84,86.37,86.82,85.01
"2067",241,1986,88,92.58,87.08,91.41,88.71,94.68,87.15
"2068",242,1986,87.09,92.64,86.53,91.96,88.22,92.07,88.85
"2069",243,1986,88.09,88.91,87.46,87.29,88.53,86.74,85.87
"2070",244,1986,85.2,85.9,85.28,86.85,84.59,86.06,85.08
"2071",245,1986,85.53,86.08,85.12,85.32,85.01,83.12,84.66
"2072",246,1986,87.98,90.05,87.63,86.95,88.73,84.21,87.08
"2073",247,1986,89.28,86.47,89.23,85.4,89.23,83.86,83.66
"2074",248,1986,87.68,87.12,87.88,84.13,86.88,84.28,83.77
"2075",249,1986,87.94,90.39,87.33,87.59,87.67,88.27,84.49
"2076",250,1986,88.71,94.38,88.4,94.31,89.33,95.3,89.56
"2077",251,1986,87.05,91.85,87.12,91.55,86.74,94.07,85.93
"2078",252,1986,86.3,94.14,84.65,92.62,85.72,94.89,85.89
"2079",253,1986,91.24,97.33,90.51,96.1,92.23,98.31,92.75
"2080",254,1986,86.38,88.64,86.71,90.86,87.46,90.3,88.07
"2081",255,1986,89.04,95.32,88.73,95.24,91.7,94.86,92.02
"2082",256,1986,90.41,93.73,89.67,92.25,92.24,92.26,89.41
"2083",257,1986,87.48,84.76,87.97,87.34,86.35,86.58,81.56
"2084",258,1986,82.82,83.34,82.97,82.52,83.26,85.08,77.56
"2085",259,1986,82.41,80.14,83.21,80.78,81.57,83.05,75.87
"2086",260,1986,87.29,89.81,87.07,86.23,87.24,85.45,84.81
"2087",261,1986,88.33,91.49,87.76,89.89,88.99,89.14,87.91
"2088",262,1986,91.07,94.87,90.41,94.58,91.5,95.25,90.39
"2089",263,1986,91.25,96.56,90.39,96.62,92.87,97.32,92.34
"2090",264,1986,92.37,94.5,91.54,95.23,90.54,95.53,91.24
"2091",265,1986,87.89,92.26,88.1,92.28,89.16,92.62,89.52
"2092",266,1986,88.18,89.02,87.78,87.67,88.89,86.23,88.48
"2093",267,1986,86.44,90.13,85.51,88.14,86.64,87.63,87.35
"2094",268,1986,89.39,92.48,89.03,90,89.23,90.5,88.4
"2095",269,1986,87.58,88.28,86.95,84.45,87.87,85.07,83.02
"2096",270,1986,89.22,93.36,88.34,90.86,90.47,90.07,89.15
"2097",271,1986,88.49,90.63,87.95,89.88,89.23,88.15,89.42
"2098",272,1986,89.48,90.55,88.16,89.39,89.26,88.45,88.13
"2099",273,1986,88.94,92.39,88.17,89.74,88.85,90.01,87.22
"2100",274,1986,90.3,93.39,89.28,92.58,90.15,91.85,90.63
"2101",275,1986,91.45,95.21,90.4,94.86,91.55,94.87,92
"2102",276,1986,89.63,94.7,88.8,94.59,90.26,95.03,91.35
"2103",277,1986,91.58,95.63,91.41,93.13,92.12,94.71,89.12
"2104",278,1986,90.36,91.93,90.31,92.91,89.06,93.42,88.45
"2105",279,1986,82.36,83.66,83.69,88.5,81.02,86.53,86.3
"2106",280,1986,80.93,82.92,83.01,87.23,80.63,84.38,85.52
"2107",281,1986,83.63,79.81,84.82,80.59,82.13,78.67,81.48
"2108",282,1986,88.9,88.68,88.59,83.82,89.07,82.88,85.74
"2109",283,1986,83.34,83.03,84.22,83.53,82.5,81.63,83.59
"2110",284,1986,76.76,78.93,77.93,78.33,78.56,76.79,80.86
"2111",285,1986,85.41,90.18,85.54,89.29,86.13,88.73,89.8
"2112",286,1986,93.91,95.8,92.76,95.13,93.73,94.43,94.72
"2113",287,1986,91.28,96.58,89.56,96.28,92.72,96.4,95.26
"2114",288,1986,92.84,97.48,91.82,96.57,93.5,96.57,94.81
"2115",289,1986,86.56,91.67,85.9,92,87.79,93.94,89.88
"2116",290,1986,86.62,93.21,85.01,92.14,87.13,92.27,89.99
"2117",291,1986,82.29,82.95,82.49,86.69,81.43,85.93,83.44
"2118",292,1986,85.02,86.79,85.28,85.06,85.34,83.1,86.32
"2119",293,1986,85.45,88.71,85.6,88.12,86.39,87.14,87.01
"2120",294,1986,86.52,93.68,85.75,93.91,87.67,93.95,90.21
"2121",295,1986,85.22,89.84,85.07,89.4,86.77,90.51,86.1
"2122",296,1986,87.2,91.84,85.96,89.99,87.49,91.91,87.45
"2123",297,1986,87.85,91.79,87.01,90.85,87.11,91.13,88.63
"2124",298,1986,86.15,92.34,85.27,94.65,85.86,94.45,89.66
"2125",299,1986,92.41,96.68,91.87,97.52,93.72,98.11,94.41
"2126",300,1986,86.6,90.13,87.67,92.9,87.55,91.68,91.31
"2127",301,1986,86,88.58,86.57,90.41,86.27,87.19,88.87
"2128",302,1986,87.82,89.38,88.43,91.4,86.73,88.97,87.29
"2129",303,1986,84.46,83.24,84.55,84.81,83.93,83.63,82.24
"2130",304,1986,83.47,84.49,83.28,81.01,83.41,79.23,82.45
"2131",305,1986,79.82,82.56,81.07,80.16,79.72,79.64,81.15
"2132",306,1986,82.17,82.1,83.79,77.5,82.14,77.74,79.92
"2133",307,1986,83.29,88.09,83.18,84.72,83.99,83.98,85.74
"2134",308,1986,82.83,86.56,82.67,82.1,83.57,81.8,82.89
"2135",309,1986,82.43,86.07,82.6,82.29,83.46,80.87,84.04
"2136",310,1986,86.44,90.13,86.13,86.37,87.22,86.49,86
"2137",311,1986,86.84,92.62,86.87,92.19,86.62,92.5,87.42
"2138",312,1986,87.04,92.97,86.82,93.48,89.36,94.24,89.65
"2139",313,1986,84.05,85.21,83.89,82.53,84.41,82,84.79
"2140",314,1986,88.04,93.71,87.28,92.56,89.19,93.46,91.05
"2141",315,1986,88.41,93.29,87.74,93.14,88.72,92.76,90.89
"2142",316,1986,92.26,94.94,92.32,96.88,92.01,98.4,93.3
"2143",317,1986,89.21,92.33,88.56,95.88,86.19,96.55,91.3
"2144",318,1986,82.64,88.6,82.96,94.05,81.62,95.3,87.96
"2145",319,1986,84.04,91.83,83.26,93.99,86.5,93.28,89.89
"2146",320,1986,90.37,93.15,88.8,90.8,90.61,91.8,87.83
"2147",321,1986,88.63,90.13,87.95,88.48,87.71,87.07,86.28
"2148",322,1986,88.48,90.84,87.97,88.53,88.98,87.63,87.53
"2149",323,1986,90.75,94.21,90.1,92.18,92.33,91.3,91.75
"2150",324,1986,89.7,91.55,88.59,89.2,89.61,89.16,87.04
"2151",325,1986,84.54,83.33,84.46,80.85,83.18,81.07,80.91
"2152",326,1986,82.97,91.52,82.85,91.65,85.12,91.65,90.82
"2153",327,1986,79.66,83.96,80.13,85.83,80.75,85.84,84.18
"2154",328,1986,76.76,79.64,77.45,83.33,76.86,81.03,82.17
"2155",329,1986,79.99,91.03,78.77,93.38,84.12,91.51,91
"2156",330,1986,79.07,82.17,79.45,84.32,79.38,82.81,84.13
"2157",331,1986,84.16,83.34,85.36,86.5,82.39,84.92,85.7
"2158",332,1986,82.81,84.07,82.66,82.61,82.97,82.02,81.1
"2159",333,1986,79.65,83.47,80.39,86.15,81.31,84.35,84.82
"2160",334,1986,76.97,83.15,77.71,86.54,78.67,85.93,85.22
"2161",335,1986,76.74,82.68,76.68,85.41,78.57,84.32,84.3
"2162",336,1986,78.66,81.14,78.97,82.62,79.5,81.5,81.19
"2163",337,1986,80.65,78.19,80.26,73.34,79.59,73.47,73.34
"2164",338,1986,85.7,83.23,86.3,82.75,85.05,80.69,81.78
"2165",339,1986,89.69,93.87,89.42,93.38,91.34,93.4,90.72
"2166",340,1986,89.3,91.01,88.29,91.42,89.31,92.3,87.77
"2167",341,1986,88.7,90.88,88.31,91.77,89.13,93.12,87.6
"2168",342,1986,86.77,87.81,86.94,89.21,85.65,89.83,86.6
"2169",343,1986,81.1,85.25,81.92,87.95,82.62,87.03,85.47
"2170",344,1986,75.68,80.21,76.5,86.63,76.58,86.54,82.27
"2171",345,1986,76.16,79.87,77.21,89.16,75.11,88.95,82.77
"2172",346,1986,73.95,79.69,73.79,87.13,74.95,86.69,81.85
"2173",347,1986,72.7,72.39,73.24,75,71.72,74.18,73.62
"2174",348,1986,78.4,77.13,79.39,76.74,77.52,75.68,76.08
"2175",349,1986,72.6,73.1,74.01,77.1,71.69,76.06,75.06
"2176",350,1986,68.81,73.1,70.13,80.6,69.17,80.26,77.63
"2177",351,1986,72.28,75.07,73.27,79.72,72.91,78.9,78.56
"2178",352,1986,74.69,74.89,75.33,77.02,74.45,76.16,75.63
"2179",353,1986,78.23,74.03,79.6,80.6,74.35,79.49,76.98
"2180",354,1986,85.45,88.98,84.99,90.78,85.94,89.87,86.44
"2181",355,1986,78.89,78.08,79.42,83.04,77.29,81.88,79.84
"2182",356,1986,77.71,74.71,79.2,80.2,75.3,79.33,77.76
"2183",357,1986,78.05,76,79.66,82.15,75.32,80.83,79.32
"2184",358,1986,76.69,76.22,77.26,80.58,75.52,80.05,77.61
"2185",359,1986,69.65,71.04,70.02,74.3,70.48,74.51,72.14
"2186",360,1986,67.43,66.72,67.94,68.94,67.04,70,66.97
"2187",361,1986,70.99,70.08,72.14,77.05,69.61,75.1,74.78
"2188",362,1986,69.12,69.2,69.93,72.62,68.63,71.65,71.25
"2189",363,1986,68.42,70.59,67.92,77.44,69.75,75.23,74.91
"2190",364,1986,65.47,67.88,65.62,78.54,66.47,75.9,74.51
"2191",365,1986,62.62,67.46,62.32,78.18,64.31,75.08,75.33
"2192",1,1987,61.53,67.56,60.93,77.94,63.89,74.8,75.62
"2193",2,1987,61.16,67.58,60.83,77.37,64.06,74.65,74.79
"2194",3,1987,60.9,65.05,61.23,76.16,62.22,74.49,71.62
"2195",4,1987,61.54,66.12,60.6,76.84,63.4,74.72,72.96
"2196",5,1987,63.09,70.43,61.3,80.36,67.12,77.66,77.83
"2197",6,1987,65.53,70.24,65.16,79.75,69.14,76.61,77.44
"2198",7,1987,75.71,82.42,74.77,87.04,79.97,84.1,85.48
"2199",8,1987,86.07,89.1,87.84,92.54,88.21,91.59,91.93
"2200",9,1987,84.38,92.8,84.6,95.24,88.25,94.87,93.91
"2201",10,1987,78.06,83.61,78.69,85.69,79.44,85.24,82.63
"2202",11,1987,67.41,67.61,69.03,73.42,67.86,71.72,71.81
"2203",12,1987,65.72,65.93,67.8,72.88,65.97,70.77,72.17
"2204",13,1987,65.9,68.02,67.34,74.1,67.13,72.39,72.57
"2205",14,1987,65.45,70.24,65.98,76.73,67.86,74.81,74.18
"2206",15,1987,67.13,70.99,67.32,79.8,69.27,76.69,77.31
"2207",16,1987,68.85,74.59,69.22,87.12,71,84.66,81.99
"2208",17,1987,71.69,82.42,70.47,91.25,76.18,90.14,86.65
"2209",18,1987,68.25,77.7,67.61,87.98,72.2,86.82,82.26
"2210",19,1987,61.17,68.89,61.36,81.31,64.46,78.37,76.93
"2211",20,1987,57.61,62.92,57.03,71.92,60.39,69.21,69.86
"2212",21,1987,57.91,62.15,57.78,72.07,59.36,69.02,70.12
"2213",22,1987,56.16,63.1,56.37,74.61,59.35,70.96,72.83
"2214",23,1987,54.35,61.96,53.8,72.95,57.81,70.14,71.95
"2215",24,1987,53.14,63.55,52,71.67,57.65,70.66,71.42
"2216",25,1987,51.81,59.55,50.82,66.39,55.98,66.7,65.17
"2217",26,1987,49.51,57.16,48.76,69.77,52.92,67.42,66.85
"2218",27,1987,47.31,54.86,46.87,66.93,51.03,63.86,65.37
"2219",28,1987,49.85,56.82,49.09,65.92,52.42,64.85,63.85
"2220",29,1987,53.74,59.92,53.11,70.12,55.76,67.57,68.26
"2221",30,1987,54.07,67.53,52.9,82.29,59.61,80.53,77.28
"2222",31,1987,50.81,61.58,49.72,77.56,56.36,74.78,73.12
"2223",32,1987,49.41,59.63,48.86,72.21,53.02,69.98,68.52
"2224",33,1987,48.41,58.23,47.87,73.77,51.44,71.57,68.27
"2225",34,1987,54.73,60.94,55.22,77.67,56.38,75.71,70.72
"2226",35,1987,61.17,71.58,61.45,81.85,65.16,80.31,76.87
"2227",36,1987,52.72,56.98,52.55,69.23,55.08,66.31,67.01
"2228",37,1987,48.64,57.39,47.98,72.8,51.77,69.98,70.22
"2229",38,1987,50.97,57.13,51.55,72.82,52.75,69.92,68.65
"2230",39,1987,51.36,58.84,51.87,73.08,54.9,70.58,69.62
"2231",40,1987,56.64,67.03,57.05,77.04,61.58,75.29,73.81
"2232",41,1987,58.83,68.07,60.25,79.47,65.02,77.29,75.84
"2233",42,1987,65.63,74.71,70.06,86.26,74.99,83.45,85.61
"2234",43,1987,83.55,90.04,83.5,91.75,86.23,89.62,89.81
"2235",44,1987,77.64,83.17,79.51,87.71,81.75,85.46,86.72
"2236",45,1987,74.22,83.68,76.92,88.31,80.95,86.53,86.13
"2237",46,1987,71.46,79.15,74.45,85.85,77.91,82.91,82.24
"2238",47,1987,70.33,75.25,73.48,82.35,75.58,79.06,80.47
"2239",48,1987,70.32,72.3,73.34,80.69,74.12,78.27,78.34
"2240",49,1987,74.75,83.24,77,87.79,79.52,86.12,84.25
"2241",50,1987,65.85,80.26,68.47,86.99,74.47,85.81,84.27
"2242",51,1987,53.71,64.32,55.58,76.65,61.02,75.02,73.28
"2243",52,1987,46.62,55.04,49.39,66.23,54.37,63.36,65.8
"2244",53,1987,45.84,52.67,49.71,64.71,54.65,61.68,63.95
"2245",54,1987,48.77,54.58,54.9,65.89,57.12,62.3,64.63
"2246",55,1987,58.34,59.03,64.86,69.51,64.72,67.34,66.76
"2247",56,1987,75.63,81.41,77.73,81.8,82.73,80.05,81.16
"2248",57,1987,65.54,75.67,67.08,84.25,72.38,83.34,80.76
"2249",58,1987,52.16,61.23,54.47,74.71,59.01,70.56,71.82
"2250",59,1987,56.3,65.27,60.76,78.7,62.95,75.88,73.85
"2251",60,1987,56.88,62.18,61.58,74.83,62.84,71.47,71.51
"2252",61,1987,52.8,62.27,55.03,76.98,59.49,73.19,73.04
"2253",62,1987,48.13,56.39,50.26,70.98,54.73,66.99,69.33
"2254",63,1987,45.28,50.7,49.49,63.86,51.78,60.05,64.33
"2255",64,1987,36.77,46.77,37.12,60.73,42.54,57.81,59.96
"2256",65,1987,35.79,45.22,35.79,59.02,40.6,55.67,58.87
"2257",66,1987,37.49,45.91,37.74,58.76,42.33,55.39,57.61
"2258",67,1987,39.42,49.14,39.71,61.86,44.21,58.14,60.68
"2259",68,1987,38.65,48.65,38.68,63.23,43.87,59.56,62.14
"2260",69,1987,38.99,50.68,38.17,65.5,43.87,62.88,63.33
"2261",70,1987,41.39,51.46,40.02,64.74,46.01,61.38,63.98
"2262",71,1987,40.09,50.52,41.78,65.89,45.76,60.7,64.59
"2263",72,1987,61.16,62.7,66.16,72.05,65.96,67.88,71.52
"2264",73,1987,62.22,63.53,64.19,77.21,64.86,70.01,76.18
"2265",74,1987,71.48,68.21,76.56,80.45,73.5,72.99,78.06
"2266",75,1987,93.98,95.24,93.5,93.84,92.92,92.67,91.13
"2267",76,1987,85.18,84.69,86.12,86.16,85.98,85.47,84.01
"2268",77,1987,80.56,82.3,80.86,82.87,80.74,81.63,79.84
"2269",78,1987,83.33,88.67,82.73,90.29,84.43,87.58,86.63
"2270",79,1987,84.53,87.54,84.9,89.03,84.12,89.02,85.27
"2271",80,1987,84.08,85.33,85.09,88.38,85.01,86.87,84.36
"2272",81,1987,83.41,87.73,82.8,91.06,85.42,88.79,85.38
"2273",82,1987,84.98,88.94,84.86,90.73,85.98,91.43,85.64
"2274",83,1987,81.43,81.85,82.06,84.05,83.09,82.41,81.02
"2275",84,1987,81.06,76.46,82.52,75.34,78.95,73.19,75.62
"2276",85,1987,85.99,85.1,86.34,78.49,84.53,79.21,80.09
"2277",86,1987,82.14,82.45,82.47,78.8,82.53,78.07,79.95
"2278",87,1987,76,79.71,77.89,83.45,78.59,82.02,81.76
"2279",88,1987,74.7,79.95,74.55,83.9,77.72,81.53,82.25
"2280",89,1987,72.73,76.06,72.91,79.62,74.71,77.59,78.98
"2281",90,1987,69.63,74.52,69.45,78.58,71.65,76.47,78.2
"2282",91,1987,68.21,71.15,68.68,76.74,70.45,75.07,76.61
"2283",92,1987,67.4,70.01,67.97,76.86,69.31,73.76,73.79
"2284",93,1987,79.39,81.45,81.73,82.5,81.93,80.59,79.29
"2285",94,1987,84.57,84.52,85.02,84.92,85.36,83.06,82.31
"2286",95,1987,84.02,86.84,84.16,89.94,84.52,88.9,86.38
"2287",96,1987,81.22,84.34,81.4,87.05,82.69,84.62,83.83
"2288",97,1987,81.6,82.31,82.78,85.09,82.12,82.83,80.77
"2289",98,1987,83.81,80.75,85.51,83.27,85.74,80.38,79.45
"2290",99,1987,81.41,75.65,83.8,78.94,81.56,76.65,77
"2291",100,1987,88.27,84.29,89.68,82.17,89.64,79.46,82.39
"2292",101,1987,89.84,90.42,90.25,83.33,90.73,81.72,83.56
"2293",102,1987,77.06,72,79.66,71.22,75.89,69.36,70.99
"2294",103,1987,73.78,70.21,76.58,70.35,73.06,68.59,68.52
"2295",104,1987,64.5,59.07,68.18,62.41,62.66,60.23,61.68
"2296",105,1987,64.35,60.09,67.82,63.41,64.46,60.4,62.37
"2297",106,1987,70.08,64.55,73.19,69.1,67.76,65.66,67.39
"2298",107,1987,78.72,73.75,80.37,76.18,77.27,73.71,73.5
"2299",108,1987,90.26,92.7,89.64,93.26,89.36,92.79,89.29
"2300",109,1987,93.18,95.55,92.25,92.98,92,91.56,88.06
"2301",110,1987,91.04,92.76,90.22,92.19,89.86,92.29,88.44
"2302",111,1987,88.86,88.92,88.84,89.08,88.39,87.71,87.38
"2303",112,1987,87.37,89.31,88.05,89.78,87.95,86.99,86.55
"2304",113,1987,90.26,93.74,90.68,93.11,92.34,93.31,89.64
"2305",114,1987,91.82,96.1,90.49,94.28,91.15,95.44,89.02
"2306",115,1987,90.62,94.41,89.8,94.07,91.73,94.61,90.53
"2307",116,1987,83.87,86.56,84.85,85.57,86.11,82.62,87.02
"2308",117,1987,74.3,74.03,76.02,77.54,75.68,73.69,77.56
"2309",118,1987,73,70.92,76.1,76.88,72.45,73.06,76.66
"2310",119,1987,75.31,70.37,78.05,73.83,73.39,71.27,73.03
"2311",120,1987,89.64,86.74,89.87,80.06,88.4,78.73,80.64
"2312",121,1987,90.29,92.22,90.12,90.2,89.85,89.46,89.08
"2313",122,1987,84.49,83.92,86.05,84.95,85.22,82.43,83.93
"2314",123,1987,80.65,85.54,81.57,86.14,81.97,84.31,83.56
"2315",124,1987,80.1,76.96,81.15,79.27,78.92,75.33,77.89
"2316",125,1987,82.74,82.31,83.6,82.33,82.78,78.47,82.05
"2317",126,1987,83.31,83.88,85.31,84,84.54,79.98,85.18
"2318",127,1987,89.74,92.05,89.73,89.16,90.46,87.89,86.3
"2319",128,1987,86.03,85.48,86.2,85.82,85.49,83.99,84.26
"2320",129,1987,92.7,94.38,93.01,92.02,92.61,92.44,90.07
"2321",130,1987,92.93,94.55,92.31,91.49,92.47,91.94,89.39
"2322",131,1987,90.42,92.52,90.27,89.89,90.96,88.9,88.87
"2323",132,1987,89.14,94.58,88.41,94.68,89.71,94.98,91.25
"2324",133,1987,89.94,94.88,89.64,95.77,90.39,94.15,90.66
"2325",134,1987,92.19,95.86,91.86,96.06,92.03,96.43,92.46
"2326",135,1987,90.47,92.61,89.83,90.48,90.87,89.53,88.85
"2327",136,1987,91.32,93.3,91.14,90.95,91.61,88.49,89.6
"2328",137,1987,93.86,92.4,94,88.91,92.44,87.66,88.19
"2329",138,1987,86.37,86.01,87.42,89.66,84.71,87.96,85.51
"2330",139,1987,82.53,81.11,84.08,85.37,82.36,83.64,82.2
"2331",140,1987,88.49,87.11,87.88,88.58,87.51,87.24,87.32
"2332",141,1987,87.85,92.15,88.29,92.42,89.52,91.6,91.26
"2333",142,1987,88.33,89.5,89.16,91.47,89.13,92.4,89.34
"2334",143,1987,89.4,91.56,89.15,91.18,88.68,91.74,90.92
"2335",144,1987,92.03,95.14,91.75,95.78,90.59,97.18,92.11
"2336",145,1987,94.03,96.77,93.81,95.59,94.42,98.13,90.99
"2337",146,1987,87.18,89.92,87.22,91.11,85.93,93.77,86.7
"2338",147,1987,86.26,89.48,85.88,92.38,84.16,94.32,85.79
"2339",148,1987,83,84.61,83.41,88.54,80.47,89.84,83.46
"2340",149,1987,81.82,87.18,81.93,88.11,81.55,87.99,83.74
"2341",150,1987,82,89.65,81.61,90.87,82.35,92.6,84.69
"2342",151,1987,86.91,94.07,85.76,94.41,88.58,96.27,88.95
"2343",152,1987,91.15,93.83,90.71,93.54,91.49,93.55,91.25
"2344",153,1987,88.52,90.47,88.34,87.63,88.56,87.74,86.9
"2345",154,1987,86.69,90.91,86.61,90.2,87.78,91.45,86.71
"2346",155,1987,87.01,87.42,87.09,88.23,87.73,87.67,86.31
"2347",156,1987,86.67,82.26,87.4,84.8,86.2,82.08,85.74
"2348",157,1987,89.96,92.26,89.7,93.07,91.67,90.17,93.81
"2349",158,1987,87.37,88.13,88.2,89.34,87.16,87.68,87.69
"2350",159,1987,89.1,91.2,89.03,91.08,89,89.88,86.65
"2351",160,1987,93.4,98.55,92.83,96.23,95.37,96.8,94.21
"2352",161,1987,91.5,96.3,90.87,96.47,92.36,96.68,92.2
"2353",162,1987,89.69,92.95,89.73,92.57,91.48,90.47,91.07
"2354",163,1987,85.07,85.63,85.63,88.21,84.36,87,85.5
"2355",164,1987,84.18,82.19,84.68,84.84,81.41,83.83,82.05
"2356",165,1987,90.3,91.92,89.95,92.46,89.26,92.86,87.63
"2357",166,1987,89.64,88.72,89.5,88.79,88.86,89.02,85.84
"2358",167,1987,89.13,93.27,89.62,93.54,89.89,92.87,91.5
"2359",168,1987,85.88,91.41,85.73,92.56,86.62,93.74,88.77
"2360",169,1987,87.13,92.69,86.78,91.78,87.73,93.51,87.43
"2361",170,1987,84.62,88.78,84.67,88.98,82.59,92.88,83.32
"2362",171,1987,82.44,86.94,82.64,89.82,77.66,93.59,82.04
"2363",172,1987,82.61,87.46,83.54,92.08,78.88,94.36,84.39
"2364",173,1987,84.44,91.93,84.38,95.32,84.73,96.52,89.91
"2365",174,1987,89.65,96.59,88.92,97.13,91.43,96.86,94.26
"2366",175,1987,90.55,96.61,89.74,95.06,92.12,95.55,92.64
"2367",176,1987,90.6,95.1,91.15,94.41,92.16,95.8,91.32
"2368",177,1987,88.54,92.68,88.3,92.75,88.42,95.48,88.16
"2369",178,1987,83.82,87.35,83.76,90.34,82.27,92.92,84.77
"2370",179,1987,83.45,89.45,83.06,91.87,81.44,94.81,84.98
"2371",180,1987,85.1,92.07,85,93.93,86.8,95.76,89.2
"2372",181,1987,90.64,93.87,90.52,92.65,91.8,91.89,90.06
"2373",182,1987,89.75,92.51,89.11,92.66,90.63,90.79,91.03
"2374",183,1987,88.74,89.76,89.02,89.89,89.62,88.54,88.35
"2375",184,1987,93.56,97.68,93.54,94.91,95.94,94.98,93.77
"2376",185,1987,90.23,92.58,90.33,93.51,91.51,92.47,91.75
"2377",186,1987,93.11,95.16,92.63,95.49,92.16,96.5,92.47
"2378",187,1987,92.95,96.31,92.45,98.31,93.47,98.95,95.37
"2379",188,1987,85.1,85.59,85.75,86.64,84.98,87.62,85.09
"2380",189,1987,87.23,89.16,87.32,89.92,86.72,88.37,87.09
"2381",190,1987,89.25,90.02,90.02,88.56,88.6,87.21,86.53
"2382",191,1987,90.72,94.48,90.96,91.99,90.69,91.95,90.43
"2383",192,1987,88.59,91.95,88.59,90.44,89.19,90.75,87.66
"2384",193,1987,88.51,91.07,88.25,91.65,89.61,89.56,89.16
"2385",194,1987,87.48,82.87,87.96,84.33,86.34,82.69,83.75
"2386",195,1987,91.11,90.98,91.2,90.09,92.38,87.75,89.08
"2387",196,1987,90.18,94.85,89.13,94.7,90.59,94.64,92.67
"2388",197,1987,87.42,92.04,86.94,93.32,87.97,93.55,89.35
"2389",198,1987,88.19,89.39,88.39,90.34,87.79,89.97,87.85
"2390",199,1987,91.2,94.97,90.72,93.74,91.07,93.72,90.99
"2391",200,1987,90.73,95.97,89.81,93.65,91.03,94.97,89.27
"2392",201,1987,89.34,93.64,88.07,93.06,90.27,93.63,89.42
"2393",202,1987,84.84,87.77,85.53,90.21,85.6,90.45,85.53
"2394",203,1987,87.2,91.16,87.14,91.76,87.48,91.36,89.04
"2395",204,1987,89.81,95.02,88.82,93.43,90.91,92.33,92.94
"2396",205,1987,88.67,89.6,88.51,89.55,88.51,89.32,86.82
"2397",206,1987,83.33,81.98,85.02,85.22,83.46,83.99,83.32
"2398",207,1987,88.7,88.8,88.81,85.92,88.58,83.3,86.18
"2399",208,1987,85.62,86.42,86.41,84.13,86.51,82.63,83.93
"2400",209,1987,85.28,85.69,86.1,84.84,85.19,82.54,85.63
"2401",210,1987,89.24,93.04,88.47,89.77,89.47,89.08,89.77
"2402",211,1987,92,96.41,91.22,95.71,92.22,96.31,91.79
"2403",212,1987,91.81,92.51,91.61,91.54,91.28,92.81,88.93
"2404",213,1987,90.8,92.47,90.9,91.55,90.48,91.88,89.15
"2405",214,1987,88.46,90.55,88.1,90.67,89.1,89.94,92.58
"2406",215,1987,87.18,91.32,86.96,91.75,87.89,91.94,90.28
"2407",216,1987,86.79,89.13,86.94,87.32,87.18,87.55,85.98
"2408",217,1987,82.62,86.92,82.23,86.51,81.71,86.16,84.96
"2409",218,1987,87.07,89.72,86.53,88.78,86.67,87.28,87.77
"2410",219,1987,89.14,89.57,88.16,87.62,89.52,85.72,87.03
"2411",220,1987,87.36,90.05,86.6,88.41,87.99,88.74,87.6
"2412",221,1987,87.94,92.13,87.65,92.17,88.37,92.47,87.95
"2413",222,1987,87.28,86.92,87.63,83.96,86.17,84.47,84.07
"2414",223,1987,89.46,93,88.77,87.45,90.47,85.67,88.81
"2415",224,1987,89.27,92.1,88.75,91.52,90.07,90.2,89.99
"2416",225,1987,87.05,90.85,86.23,90.92,87.38,91.42,86.77
"2417",226,1987,83.9,83.85,83.77,82.51,84.38,85.96,78.97
"2418",227,1987,79.72,79.23,81.09,80.73,80.25,79.91,79.63
"2419",228,1987,81.08,82.88,82,82.63,82.56,82.18,82
"2420",229,1987,86.84,89.48,86.27,85.99,87.74,84.21,86.33
"2421",230,1987,86.23,89.3,85.79,89.77,86.15,90.64,85.27
"2422",231,1987,85.99,90.48,86.1,89.36,86.43,90.72,85.14
"2423",232,1987,89.41,89.44,89.54,86.23,88.08,85.84,84.86
"2424",233,1987,88.91,94.84,87.61,93.14,89.85,93.37,89.94
"2425",234,1987,89.19,93.71,87.94,92.22,88.95,93.22,88.55
"2426",235,1987,87.04,93.87,86.25,94.19,87.25,95.92,89.08
"2427",236,1987,87.34,92.87,86.69,93.46,86.74,95.98,88.36
"2428",237,1987,88.52,96.25,88.08,95.71,91.54,97.03,92.35
"2429",238,1987,86.91,88.31,87.62,90.35,86.58,91.2,86.94
"2430",239,1987,88.11,89.4,88.13,89.31,87.82,88.34,85.73
"2431",240,1987,86.69,87.37,86.65,87.51,85.82,86.4,84.93
"2432",241,1987,85.5,89.78,85.22,89.64,86.13,88.12,87.31
"2433",242,1987,87.01,91.75,85.98,88.29,88.04,87.59,86.79
"2434",243,1987,90.11,95.29,89.79,91.29,91.66,91.01,89.96
"2435",244,1987,85.22,87.91,85.74,87.12,87.02,87.31,85.37
"2436",245,1987,85.51,91.28,85.74,90.94,87.1,91.71,88.14
"2437",246,1987,86.32,90.69,86.87,88.73,88.13,88.37,87.5
"2438",247,1987,87.01,88.72,86.9,87.77,86.45,86.58,86.73
"2439",248,1987,85.57,89.9,85.67,88.54,86.32,88.07,87.37
"2440",249,1987,82.38,83.96,82.36,85.6,82.74,84.57,84.35
"2441",250,1987,84.7,89.87,84.46,91.56,85.54,89.84,87.21
"2442",251,1987,81.51,82.91,82.19,85.98,81.8,86.77,81.48
"2443",252,1987,84.31,86.09,85.03,85.98,85.12,86.24,83.89
"2444",253,1987,81.82,83.26,82.35,82.92,82.29,83.63,79.69
"2445",254,1987,81.49,81.85,82.66,80.67,81.67,79.21,80.82
"2446",255,1987,87.77,90.98,87.76,86.84,89.26,84.98,86.74
"2447",256,1987,86.23,88.01,84.44,87.09,85.01,86.15,85.24
"2448",257,1987,87.51,91.84,87.28,92.83,88.88,92.12,90.33
"2449",258,1987,85.87,92.48,85.67,93.86,87.54,94.78,89.96
"2450",259,1987,86.24,90.77,86.19,91.44,86.28,92.55,87.39
"2451",260,1987,83.16,84.08,83.14,83.6,82.87,85.4,79.87
"2452",261,1987,84.15,85.87,84.49,83.65,84.46,84.01,81.82
"2453",262,1987,85.28,89.2,84.71,86.41,85.15,86.71,84.79
"2454",263,1987,85.89,90.18,86.39,88.11,87.93,87.06,87.11
"2455",264,1987,84.44,84.85,85.03,82.31,85.31,81.67,82.3
"2456",265,1987,87.92,92.23,87.28,85.17,87.7,85.84,86.4
"2457",266,1987,90.76,96.1,89.84,90.58,94.08,89.07,90.35
"2458",267,1987,86.5,89.93,86.97,90.19,87.71,90.09,88.82
"2459",268,1987,86.99,91.06,87.48,92.06,87.8,92.49,87.79
"2460",269,1987,84.93,84.58,86.67,82.93,84.76,81.48,82.61
"2461",270,1987,83.53,85.23,84.36,81.86,85.26,79.81,82.27
"2462",271,1987,86.52,85.52,86.14,85.36,85.71,83.72,82.96
"2463",272,1987,85.44,86.29,84.96,86.79,85.62,85.48,84.16
"2464",273,1987,89.17,92.9,88.02,93.09,90.53,92.48,90.74
"2465",274,1987,88.46,93.95,87.27,93.38,90.14,93.25,91.98
"2466",275,1987,86.72,90.02,85.92,88.48,86.42,87.63,87.31
"2467",276,1987,91.71,94.67,91.09,91.93,91.78,90.32,90.11
"2468",277,1987,90.94,95.28,89.23,96.25,90.8,95.8,93.44
"2469",278,1987,89.26,95.37,87.82,96.44,90.62,96,93.55
"2470",279,1987,81.92,83.47,82.97,88.38,81.36,88.15,85.27
"2471",280,1987,88.62,92.93,88.43,91.67,89.97,90.96,88.17
"2472",281,1987,88.63,91.2,87.56,88.88,90.43,86.83,88.54
"2473",282,1987,85.06,88.94,85.74,88.37,86.82,86.65,85.92
"2474",283,1987,84.23,84.03,84.37,82.8,84.34,81.63,81.51
"2475",284,1987,81.66,84.49,82.12,82.51,82.76,81.05,82.09
"2476",285,1987,81.47,86.32,81.36,84.16,84.34,81.51,84.8
"2477",286,1987,83.76,89.07,83.9,84.91,86.07,84.07,84.58
"2478",287,1987,88.11,91.1,87.77,88,89,85.86,88.25
"2479",288,1987,92.49,94.75,91.93,91.99,94,91.54,90.42
"2480",289,1987,88.04,93.43,87.09,92.94,89.82,91.48,91.27
"2481",290,1987,90.16,95.24,89.1,95.97,90.6,96.37,93.33
"2482",291,1987,87.9,91.55,87.39,93.17,88.01,93.29,91.67
"2483",292,1987,88.97,92.34,87.78,91.48,88.99,90.68,88.92
"2484",293,1987,83.83,82.29,84.75,83.28,83.09,79.94,82.78
"2485",294,1987,79.7,76.41,81.54,78.36,78.25,75.72,78.73
"2486",295,1987,87.11,85.84,87.4,79.97,87.13,78.98,83.4
"2487",296,1987,86.85,91.24,86.78,87.82,87.92,85.71,88.84
"2488",297,1987,86.1,88.56,85.98,85.62,87.01,83.67,87.29
"2489",298,1987,82.1,88.17,81.52,86.7,84.2,84.87,86.68
"2490",299,1987,86.16,88.41,85.86,89.09,86.98,87.4,87.27
"2491",300,1987,88.9,93.44,88.34,93.66,88.7,94.57,90.23
"2492",301,1987,90.2,92.95,89.02,92.95,90.94,93.55,90.76
"2493",302,1987,91.37,93.22,90.64,91.44,91.63,88.77,91.61
"2494",303,1987,89.81,91.2,89.93,85.97,90.14,84.54,88.05
"2495",304,1987,85.11,84.82,84.98,79.58,85.34,78.87,82.7
"2496",305,1987,81.56,82.79,81.91,79.29,81.53,79.08,81.72
"2497",306,1987,81.6,85.5,82.2,83.53,83.89,83.16,84.24
"2498",307,1987,88.66,92.55,87.94,91,90.44,90.77,90.46
"2499",308,1987,87.01,92.27,86.4,91.89,88.67,91.7,89.34
"2500",309,1987,85.3,90.18,85.41,89.51,86.99,90.09,86.12
"2501",310,1987,87.19,91.23,86.85,91.61,88.22,91.64,87.74
"2502",311,1987,79.32,74.99,80.64,75,76.97,75.57,74.41
"2503",312,1987,79.99,75.02,82.12,75.45,79.18,74.5,77.63
"2504",313,1987,80.65,75.21,81.94,77.38,78.15,76.63,77.74
"2505",314,1987,79.8,74.82,81.32,74.14,77.96,73.65,75.54
"2506",315,1987,81.42,76.88,83.44,74.92,80.83,73.66,78.39
"2507",316,1987,82.97,82.69,83.79,79.81,83.24,79.08,80.1
"2508",317,1987,81.65,80.93,82,80.81,81.33,78.93,80.87
"2509",318,1987,79.44,79.82,80.39,78.19,79.59,77.66,79.18
"2510",319,1987,79.47,71.61,81.76,71.36,76.59,69.85,72.9
"2511",320,1987,82.75,78.16,83.63,75.87,80.81,74.42,77.55
"2512",321,1987,81.63,79.98,82.27,75.8,81.37,73.5,79.48
"2513",322,1987,85.51,89.07,85.25,85.56,86.92,84.64,87.14
"2514",323,1987,85.56,88.14,85.61,84.99,85.33,83.82,85.04
"2515",324,1987,84.84,86.2,84.88,81.86,84.34,81.3,82.87
"2516",325,1987,87.69,92.53,87.18,90.71,88.33,87.96,91.21
"2517",326,1987,87,89.81,86.21,87.36,87.3,86.05,88.49
"2518",327,1987,87.03,92.7,86.63,88.61,88.16,87.95,88.44
"2519",328,1987,84.17,83.41,85.22,87.44,83.43,85.14,84.62
"2520",329,1987,87.46,90.07,87.5,90.77,87.51,89.88,87.09
"2521",330,1987,87.74,91.04,87.55,92.03,87.67,91.24,90.38
"2522",331,1987,90.44,95.12,90.85,94.99,91.19,94.56,92.31
"2523",332,1987,89.81,93.41,89.01,92.85,90.48,91.93,91.82
"2524",333,1987,87.16,91.01,87.04,92.01,87.54,90.41,90.2
"2525",334,1987,89.69,92.79,89.19,91.77,91.21,89.9,90.59
"2526",335,1987,89.66,92.44,89.97,92.55,90.33,91.32,90.95
"2527",336,1987,83.84,82.21,85.31,83.15,82.34,81.33,83.06
"2528",337,1987,78.66,74.47,80.17,71.86,77.91,72.02,74.35
"2529",338,1987,79.43,78.38,80.2,70.18,79.49,71.92,74.78
"2530",339,1987,80.88,83.66,81.2,78.19,81.51,78.7,80.72
"2531",340,1987,85.52,88.52,85.81,85.39,85.68,85,85.84
"2532",341,1987,85.92,86.16,86.31,86.19,85.35,86.18,84.69
"2533",342,1987,84.84,82.51,85.89,82.93,84.86,82.21,81.51
"2534",343,1987,85.13,85.24,85.21,84.12,84.79,84.02,81.7
"2535",344,1987,86.33,84.88,86.75,84.4,85.63,82.65,83.93
"2536",345,1987,88.23,87.93,88.48,85.53,87.54,84.74,86.06
"2537",346,1987,85.32,83.43,85.8,82.21,84.65,80.6,82.89
"2538",347,1987,83.53,84.38,84.47,82.27,84.91,79.95,82.89
"2539",348,1987,82.59,76.47,84.01,75.76,80.93,74.64,76.45
"2540",349,1987,77.68,75.31,78.4,72.09,77.64,72.14,73.93
"2541",350,1987,71.79,73.89,73.19,72.22,72.9,73.73,72.9
"2542",351,1987,70.77,70.97,72.67,67.09,69.93,68.57,67.56
"2543",352,1987,73.97,70.17,76.42,68.01,71.31,67.47,69.04
"2544",353,1987,76.66,70.79,78.21,76.63,72.88,75.05,73.18
"2545",354,1987,76.53,73.97,77.38,80.78,75.41,78.14,76.61
"2546",355,1987,70.35,67.49,71.84,69.1,67.72,70.2,65.81
"2547",356,1987,68.84,66.37,70.8,71.77,67.48,70.27,68.36
"2548",357,1987,66.9,65.03,68.41,70.31,65.01,68.96,67.4
"2549",358,1987,68.75,68.65,70.14,75.74,68.27,73.35,71.85
"2550",359,1987,66.85,63.98,68.42,70.04,65.43,67.86,67.4
"2551",360,1987,67.7,60.45,69.55,64.29,64.2,62.71,62.85
"2552",361,1987,68.1,63.73,69.73,67.76,65.89,65.69,65.75
"2553",362,1987,66.76,62.34,68.1,70.44,64.59,67.01,67.5
"2554",363,1987,69.06,65.24,69.38,72.77,67.22,69.02,69.3
"2555",364,1987,67.1,66.11,68.66,73.04,67.39,69.44,71.11
"2556",365,1987,64.18,64.18,65.65,74.12,64.49,70.16,71.75
"2557",1,1988,62.94,61.13,63.59,67.83,63.73,64.63,66.46
"2558",2,1988,65.17,65.48,65.31,66.35,65.86,65.13,66.95
"2559",3,1988,63.59,61.99,63.63,62.78,64.11,61.62,62.83
"2560",4,1988,61.3,61.56,61.4,65.61,62.47,63.8,64.55
"2561",5,1988,60.23,60.28,60.4,69.72,60.77,66.05,67.29
"2562",6,1988,59.07,57.81,59.76,68.22,58.74,64.31,65.43
"2563",7,1988,58.42,58.28,58.97,68.44,58.47,64.25,65.56
"2564",8,1988,57.34,59.45,57.44,70.99,58.72,66.34,68.29
"2565",9,1988,54.99,57.76,54.32,70.68,57.13,65.82,68.39
"2566",10,1988,52.11,53.72,52.64,63.53,53.13,60.67,61.91
"2567",11,1988,52.94,52.8,53.5,61.81,53.2,58.44,60.07
"2568",12,1988,53.66,54.83,53.97,61.41,54.94,58.91,60.15
"2569",13,1988,50.08,52.07,49.74,53.57,52.41,53.16,54.06
"2570",14,1988,46.3,45.76,47.34,52.41,46.01,49.47,52.9
"2571",15,1988,51.43,46.76,53.3,53.38,49.55,50.22,53.77
"2572",16,1988,60.24,58.15,60.93,59.19,60.94,56.86,61.09
"2573",17,1988,62.61,68.64,62.4,72.92,66.81,70.68,73.97
"2574",18,1988,60.36,73.68,59.78,83.56,66.17,83.64,81.71
"2575",19,1988,56.68,64.76,56.31,73.63,60.22,71.53,73.16
"2576",20,1988,55.05,62.96,55.01,73.85,58.02,71.29,72
"2577",21,1988,56.25,59.34,56.45,69.77,58.01,66.47,68.81
"2578",22,1988,54.5,55.67,55.03,61.25,56.01,58.42,62.92
"2579",23,1988,51.01,51.67,52.21,61.08,51.77,57.43,61.62
"2580",24,1988,48.9,51.52,49.69,63.06,49.97,60.01,61.63
"2581",25,1988,48.25,50.33,48.94,58.93,48.74,56.69,57.92
"2582",26,1988,49.11,51.84,49.38,62.55,50.5,59.75,60.66
"2583",27,1988,51.7,50,52.38,60.82,51.77,56.82,60.21
"2584",28,1988,53.61,51.19,54.86,62.17,52.67,57.92,61.2
"2585",29,1988,54.05,55.74,54.91,70.11,54.84,63.95,69.1
"2586",30,1988,53.94,57.21,55.81,75.11,54.7,70.74,70.64
"2587",31,1988,56.96,61.19,58.57,76.69,57.68,73.85,71
"2588",32,1988,61.75,60.17,63.57,75.3,59.49,71.05,70.15
"2589",33,1988,57.66,59.72,58.65,73.32,58.65,68.81,71.12
"2590",34,1988,52.25,54.98,52.96,65.69,54.18,61.54,65.87
"2591",35,1988,50.98,53.62,51.69,67.98,52.7,62.07,68.24
"2592",36,1988,52.65,57.24,53.26,74.94,53.18,70.11,69.96
"2593",37,1988,56.9,64.77,56.43,76.29,58.11,73.41,70.76
"2594",38,1988,62.96,63.52,63.34,78.12,62.28,74.04,73.08
"2595",39,1988,80.68,88.04,80.07,92.53,82.96,90.79,88.39
"2596",40,1988,78.99,81.89,78.04,86.73,79.63,84.36,83.44
"2597",41,1988,68.18,68.96,68.75,78.69,68.82,74.08,76.83
"2598",42,1988,64.38,70.74,64.01,77.92,66.95,75.24,76.6
"2599",43,1988,65.56,70.59,64.9,80.22,67.45,75.98,79.13
"2600",44,1988,63.51,69.08,62.83,77.09,65.1,73.57,76.26
"2601",45,1988,60.67,69.16,58.63,78.53,63.54,75.1,75.87
"2602",46,1988,56.63,61.62,55.42,75.71,58.6,70.86,72.37
"2603",47,1988,53.47,58.79,51.82,72.77,55.23,68.22,69.5
"2604",48,1988,52.27,57.41,50.68,70.02,54.58,65.5,67.89
"2605",49,1988,52.52,58.04,50.2,68.83,54.95,64.44,67.21
"2606",50,1988,51.44,59.32,48.91,73.08,54.85,69.64,69.71
"2607",51,1988,49.54,58.29,46.69,71.16,53.55,67.05,68.84
"2608",52,1988,47.46,54.51,46.73,71.29,50.48,66.68,67.04
"2609",53,1988,49.55,56.22,48.53,70.44,51.6,65.69,67.14
"2610",54,1988,50.7,62.55,49.67,75.23,55.34,71.13,72.06
"2611",55,1988,49.6,59.57,48.25,72.73,54.38,67.93,70.04
"2612",56,1988,47.7,55.11,47.03,71.77,50.75,65.58,69.63
"2613",57,1988,47.56,56.11,47.23,73.1,50.52,66.54,72.24
"2614",58,1988,42.22,54.48,41.16,70.75,46.3,63.81,71.43
"2615",59,1988,43.82,55.08,42.8,74.03,48.11,67.61,72.79
"2616",60,1988,46.65,60.1,43.78,77.98,51.76,72.1,75.28
"2617",61,1988,49.06,59.01,46.76,77.15,52.05,71.92,73.36
"2618",62,1988,48.96,56.62,47.76,73.57,50.75,68.89,70.4
"2619",63,1988,47.48,56.9,45.92,71.17,51.2,66.7,68.21
"2620",64,1988,45.91,49.21,44.93,61.51,48.51,57.14,60.97
"2621",65,1988,46.85,46.59,47.69,57.99,46.9,53.77,57.68
"2622",66,1988,46.47,50.71,46.75,62.05,48.52,58.72,61.38
"2623",67,1988,42.76,47.83,42.12,58.03,44.89,55.2,57.72
"2624",68,1988,41.44,46.08,40.83,56.32,42.52,52.66,56.61
"2625",69,1988,42.38,45.82,42.19,58.24,43.99,53.23,58.69
"2626",70,1988,39.94,45.18,40.2,60.89,40.95,55.86,60.04
"2627",71,1988,37.35,44.31,38.34,63.61,39.24,57.86,61.14
"2628",72,1988,41.48,44.18,42.57,58.93,41.71,52.76,58.71
"2629",73,1988,44.26,46.91,45.57,59.54,45.02,54.1,60.24
"2630",74,1988,46.43,51.77,46.99,65.92,47.66,60.44,65.85
"2631",75,1988,50.54,57.77,49.66,68.8,52.85,64.76,68.02
"2632",76,1988,50.65,53.48,50.38,63.63,51.58,58.88,64.3
"2633",77,1988,51.53,56.5,52.01,69.86,53.84,63.29,69.29
"2634",78,1988,44.68,50.56,43.64,66.39,46.08,60.97,64
"2635",79,1988,40.47,43.95,40.45,56.46,41.81,51.36,54.06
"2636",80,1988,39.14,41.68,39.94,57.01,40.06,51.23,54.6
"2637",81,1988,40.34,44.88,41.05,60.39,42.47,54.62,58.39
"2638",82,1988,41.16,42.79,41.98,54.68,41.82,49.61,53.66
"2639",83,1988,39.27,39.55,39.94,52.18,39.52,46.64,51.18
"2640",84,1988,38.96,40.59,39.7,54.9,39.17,49.42,53.28
"2641",85,1988,43.18,43.67,44.07,57.53,42.88,52.07,55.74
"2642",86,1988,43.86,46.56,44.25,62.45,43.87,56.38,59.07
"2643",87,1988,44.5,48.44,44.97,66.44,45.06,60.34,63.14
"2644",88,1988,47.33,54.16,46.98,70.95,49.04,65.35,67.29
"2645",89,1988,57.49,66.31,59.2,76.42,60.99,71.73,72.95
"2646",90,1988,71.05,75.43,74.03,80.7,75.26,75.9,79.55
"2647",91,1988,85.82,91.46,86.84,90.5,88.27,89.37,90.54
"2648",92,1988,81.42,88.89,82.29,92.34,86.57,89.26,90.21
"2649",93,1988,72.66,80.04,74.16,88.51,77.48,84.21,85.2
"2650",94,1988,82.46,86.75,84.18,90.81,83.89,87.34,87.67
"2651",95,1988,84.88,92.77,85.44,96.73,89.5,96.73,94.66
"2652",96,1988,81.58,85.9,83.57,92.01,83.97,89.95,87.56
"2653",97,1988,92.71,94,92.93,93.74,94.27,92.06,91.9
"2654",98,1988,91.12,95.24,90.16,95.47,91.66,95.35,94.2
"2655",99,1988,87.77,92.24,88.02,93.38,90.1,93.15,91.01
"2656",100,1988,86.69,83.99,87.76,87.06,87.1,86.85,84.77
"2657",101,1988,90.84,90.66,90.69,89.69,90.31,87.12,88.36
"2658",102,1988,85.65,84.13,86.74,82.72,85.09,81.58,83.93
"2659",103,1988,85.61,86.95,86.03,81.41,84.49,80.76,82.84
"2660",104,1988,88.55,90.18,88.6,82.05,89.38,80.18,85.5
"2661",105,1988,81.31,75.27,82.85,71.24,80.03,68.34,75.71
"2662",106,1988,72.1,68.18,75.42,68.21,73.78,64.21,73.47
"2663",107,1988,74.56,74.01,76.01,72.52,76.83,70.8,75.23
"2664",108,1988,73.85,72.72,75.62,71.58,74.85,69.9,74.26
"2665",109,1988,70.19,73.74,71.69,71.27,73.06,70.06,74.6
"2666",110,1988,68.37,68.75,71.06,70.72,70.72,67.74,73.34
"2667",111,1988,64.17,63.15,67.07,64.05,67,61.12,67.99
"2668",112,1988,69.37,65.67,73.86,64.5,71.19,62.21,68.74
"2669",113,1988,79.74,75.98,80.25,75.01,79.3,71.47,78.7
"2670",114,1988,74.43,78.33,75.25,81.59,78.25,78.28,81.27
"2671",115,1988,68.54,75.31,69.82,81.62,72.36,78.98,79.05
"2672",116,1988,72.72,74.98,75.12,78.14,73.8,75.4,76.97
"2673",117,1988,67.54,69.7,69.96,78.9,70,74.21,76.67
"2674",118,1988,65.58,65.65,69.24,76.12,67.57,70.77,74.42
"2675",119,1988,78.86,79.61,82.96,86.58,80.98,82.79,83.6
"2676",120,1988,88.71,91,88.53,90.52,88.2,88.36,88.69
"2677",121,1988,88.79,91.71,87.73,93.91,86.76,95,89.18
"2678",122,1988,90.11,93.7,89.25,94.91,88.1,96.47,90.42
"2679",123,1988,87.98,92.88,87.42,94.78,87.59,94.73,91.02
"2680",124,1988,88.43,92.58,87.99,92.63,89.16,91.52,89.63
"2681",125,1988,90.51,91.68,90.39,91.49,89.36,90.72,88.09
"2682",126,1988,84.08,83.82,86.1,84.68,85.67,83.66,82.1
"2683",127,1988,85.77,83.32,87.25,82.87,86.84,78.26,82.83
"2684",128,1988,85.81,91.16,85.99,92.85,87.6,90.89,89.71
"2685",129,1988,86.53,92.17,85.27,91.75,86.23,91.05,87.79
"2686",130,1988,89.2,92.3,89,92.33,90.27,93.44,89.43
"2687",131,1988,91.18,95.55,90.3,95.35,91.52,96.02,92.4
"2688",132,1988,82.43,82.18,81.16,80.7,81.65,79.5,80.04
"2689",133,1988,81.04,76.35,82.71,78.46,78.79,75.72,76.88
"2690",134,1988,83.89,79.56,86.52,80.11,83.74,76.66,80.23
"2691",135,1988,87.37,87.46,87.46,89.02,88.84,86.32,87.1
"2692",136,1988,86.55,85.7,87.95,88.16,86.43,84.46,87.61
"2693",137,1988,88.1,90.92,88.18,91.92,89.05,90.09,89.28
"2694",138,1988,88.58,91.89,89.17,93.07,89.18,93.06,89.14
"2695",139,1988,88.1,92.55,87.96,93.3,88.73,91.88,89.17
"2696",140,1988,89.52,90.41,89.04,87.91,90.03,86.15,87.28
"2697",141,1988,87.71,90.37,87.43,89.43,87.92,88.8,88.19
"2698",142,1988,85.26,85.25,86.01,84.03,84.59,83.16,83.03
"2699",143,1988,82.78,81.54,84.31,80.19,81.87,78.41,79.63
"2700",144,1988,90.98,96.33,90.75,89.59,92.69,87.69,89.12
"2701",145,1988,91.01,93.34,90.26,94.17,90.28,94.82,91
"2702",146,1988,88.23,88.44,88.03,90.66,87.53,89.61,87.76
"2703",147,1988,80.97,78.4,82.36,82.18,79.65,79.72,80.23
"2704",148,1988,73.55,69.45,76.66,71.58,72.6,69.72,71.7
"2705",149,1988,71.21,67.11,75.28,68.65,70.43,66.39,70.76
"2706",150,1988,79.61,73.26,82.13,72.31,77.73,70.22,74.39
"2707",151,1988,83.77,84.64,84.36,83.71,83.39,81.17,83.43
"2708",152,1988,84.25,84.07,85.43,82.12,83.36,80.75,82.04
"2709",153,1988,89.93,94.91,89.93,94.2,90.81,94.57,91.73
"2710",154,1988,87.52,90.4,88.56,93.56,86.58,95.59,88.48
"2711",155,1988,86.49,92.85,86.26,94.61,84.3,96.59,89.04
"2712",156,1988,88.59,93.66,88.69,94.33,88.81,94.44,92.01
"2713",157,1988,88.64,92.32,88.42,93.51,88.49,94.11,89.43
"2714",158,1988,83.77,89.97,83.76,91.03,84.17,91.58,87.25
"2715",159,1988,83.03,84.13,83.78,81.63,82.06,80.58,82.23
"2716",160,1988,87.77,90.66,87.29,88.09,85.44,88.1,85.34
"2717",161,1988,89.22,94.27,88.97,93.7,89.26,94.23,89.12
"2718",162,1988,88.53,94.43,88.16,95.48,89.04,95.6,89.38
"2719",163,1988,91.92,96.13,90.68,94.25,90.64,95.52,90.02
"2720",164,1988,81.85,86.7,81.28,91.19,77.19,92.46,83.41
"2721",165,1988,85.76,90.02,85.5,91.29,84.65,90.04,86.89
"2722",166,1988,89.87,93.41,89.75,91.47,90.46,91.6,88.35
"2723",167,1988,92.41,95.84,90.48,95.08,92.05,95.82,92.8
"2724",168,1988,85.51,85.5,85.49,85.74,85.37,83.87,87.31
"2725",169,1988,84.66,83.84,84.8,82.05,83.65,79.5,83.34
"2726",170,1988,90.01,96.2,89.63,94.65,91.48,94.38,93.31
"2727",171,1988,89.44,91.83,89.63,91.17,90.1,90.94,88.72
"2728",172,1988,86.83,86.4,87.57,87.69,86,86.34,85.61
"2729",173,1988,81.13,84.17,81.92,83.49,82.75,82.07,83.23
"2730",174,1988,86.56,87.36,86.36,81.66,85.93,81.83,82.19
"2731",175,1988,90.68,94.4,89.11,92,90.91,91.54,90.66
"2732",176,1988,87.55,86.6,87.45,88.48,86.48,87.86,86.17
"2733",177,1988,90.55,95.77,89.9,94.36,92.27,93.99,91.1
"2734",178,1988,88.88,93.18,88.4,94.65,88.29,95.07,89.82
"2735",179,1988,85.91,89.23,86.05,89.3,87.5,90.18,87.53
"2736",180,1988,86.04,91.94,85.48,89.05,87.77,88.97,87.85
"2737",181,1988,90.47,94.41,89.46,93.94,90.16,93.33,90.73
"2738",182,1988,90.15,95.27,89.25,96.14,90.57,98.22,91.33
"2739",183,1988,87.18,93.3,86.6,93.59,87.15,95.77,88.81
"2740",184,1988,89.16,92.27,89.58,88.62,90.07,89.35,88.39
"2741",185,1988,90.18,93.49,89.58,90.91,91.08,90.75,90.31
"2742",186,1988,90.49,92.5,90.3,92.42,92.02,90.77,91.91
"2743",187,1988,85.97,78.73,87.89,76.74,86.64,74.6,80.93
"2744",188,1988,88.17,93.93,87.82,89.01,91.1,86.45,90.75
"2745",189,1988,84.84,86.37,84.47,85.96,85,82.87,86.21
"2746",190,1988,90.95,94.51,90.98,90.8,91.09,89.64,91.53
"2747",191,1988,87.29,90.86,86.89,91.54,87.67,92.67,88.12
"2748",192,1988,89.34,94.87,88.41,95.11,88.33,98.28,88.74
"2749",193,1988,86.79,90.51,86.91,92.94,85.33,96.06,87.98
"2750",194,1988,90.45,94.5,90.36,94.88,90.61,97.21,91.09
"2751",195,1988,89.54,95.71,88.79,97.61,89.18,98.94,94.49
"2752",196,1988,74.54,81.54,75.49,90.8,75,92.36,84.76
"2753",197,1988,77.76,80.77,79.2,89.05,77.44,87.6,85.56
"2754",198,1988,79.99,85.13,78.98,90.4,81.07,88.73,86.85
"2755",199,1988,82.75,86.15,82.81,88.1,84.24,84.99,85.95
"2756",200,1988,88.81,94.14,88.03,94.15,90.86,93.11,92.04
"2757",201,1988,89.56,94.17,89.28,92.97,91.32,92.77,91.26
"2758",202,1988,88.42,92.73,89.29,91.79,90.73,92.37,90.32
"2759",203,1988,89.97,92.59,89.5,91.17,90.41,90.64,90.62
"2760",204,1988,87.29,90.98,87.14,92.54,87.19,92.62,88.82
"2761",205,1988,90.72,92.57,91.09,91.93,92.66,90.42,92.4
"2762",206,1988,93.41,95.58,94.13,95.23,95.69,93,96.97
"2763",207,1988,87.88,91.31,87.79,91.44,88.94,90.5,90.3
"2764",208,1988,86.86,92.94,86.23,93.61,85.89,95.18,89.63
"2765",209,1988,86.51,90.34,87.54,93.77,84.8,94.89,88.11
"2766",210,1988,83.72,87.78,84.8,89.78,85.32,88.48,88.64
"2767",211,1988,84.16,89.33,84.31,90.4,85.14,91.35,87.18
"2768",212,1988,86.65,88.65,86.94,88.41,86.91,88.57,87.34
"2769",213,1988,86.28,88.95,86.31,84.86,87.72,83.41,86.72
"2770",214,1988,84.04,87.83,84.01,84.65,85.56,83.08,86.5
"2771",215,1988,88.67,94.78,88.32,93.85,89.84,95.48,90.65
"2772",216,1988,89.16,91.52,89.38,93.11,90.15,92.63,91.41
"2773",217,1988,88.28,93.28,87.88,93.12,91.13,93.71,89.88
"2774",218,1988,90.41,93.13,90.24,93.63,91.08,94.33,91.1
"2775",219,1988,87.31,90.7,86.36,92.02,83.91,95.62,83.83
"2776",220,1988,84.48,89.69,82.71,91.72,80.78,94,83.94
"2777",221,1988,85.98,90.17,84.84,92.08,85.77,91.16,88.95
"2778",222,1988,88.82,93.66,88.63,93.63,89.03,92.89,90.19
"2779",223,1988,89.52,94.62,88.52,93.18,88.82,97.27,86.3
"2780",224,1988,86.5,90.83,84.79,93.81,83.53,94.61,86.78
"2781",225,1988,83.86,90.67,83.71,93.35,85.44,92.47,89.46
"2782",226,1988,85.9,92.44,86.38,88.2,89.16,87.95,87.49
"2783",227,1988,85.32,89.32,84.99,90.15,86.03,89.54,87.06
"2784",228,1988,86.87,90.76,86.82,88.85,88.19,89.28,86.12
"2785",229,1988,87.66,89.66,88.26,87.92,88.51,88.97,86.64
"2786",230,1988,88.33,92.77,87.2,92.98,88.29,92.99,89.21
"2787",231,1988,87.19,93.07,87.04,93.06,87.8,92.76,89.13
"2788",232,1988,87.99,92.87,87.71,92.36,88.33,92.93,89.28
"2789",233,1988,89.03,91.65,88.57,90.6,88.01,90.92,88.74
"2790",234,1988,88.98,94.21,88.83,93.01,89.61,92.41,90.48
"2791",235,1988,89.18,93.87,88.49,94.02,89.21,94.61,90.03
"2792",236,1988,88.14,90.35,87.17,91.44,89,90.89,89.02
"2793",237,1988,85.05,89.03,85.69,90.09,87.02,90.11,86.98
"2794",238,1988,88.54,93.06,87.86,92.75,89.35,93.15,89.67
"2795",239,1988,90.01,92.94,89.81,93.73,89.73,93.96,90.65
"2796",240,1988,88.17,92.2,88.11,90.2,88.23,90.72,88.4
"2797",241,1988,89.9,92.2,89.65,87.64,89.53,88.84,86.89
"2798",242,1988,85.67,88.92,85.98,89.12,85.83,89.61,86.35
"2799",243,1988,87.25,89.15,87.2,89.62,87.79,89.16,87.74
"2800",244,1988,91.91,94.28,91.24,94.09,89.68,93.8,92.05
"2801",245,1988,87.11,88.19,87.09,90.03,85.37,89.61,88.45
"2802",246,1988,85.07,86.38,85.13,87.78,83.9,86.15,86.2
"2803",247,1988,87.69,91.45,87.99,92.06,89.79,91.08,89.37
"2804",248,1988,86.92,92.01,86.11,89.67,88.18,90.01,88.2
"2805",249,1988,86.25,86.71,86.78,86.43,85.91,86.65,84.94
"2806",250,1988,88.85,93.87,88.16,93.03,90.09,93.59,90.42
"2807",251,1988,89.99,94.24,89.69,93.87,90.63,93.96,90.31
"2808",252,1988,89.87,93.07,88.31,93.04,89.98,93.77,90.2
"2809",253,1988,85.99,89.04,85.6,87.2,86.88,86.45,86.74
"2810",254,1988,87.22,91.61,85.54,89.82,87.61,89.14,88.11
"2811",255,1988,86.6,91.13,87.05,91.08,87.36,91.15,89.42
"2812",256,1988,89.42,92.33,89.22,94.53,89.23,95.06,90.45
"2813",257,1988,89.61,88.84,89.7,87.48,88.73,88.13,84.58
"2814",258,1988,85.35,84.93,86.23,84.51,85.46,84.11,82.31
"2815",259,1988,82.08,83.81,82.03,78.89,82.53,78.36,80.71
"2816",260,1988,80.18,83.84,80.91,86.95,80.54,85.11,82.82
"2817",261,1988,89.4,90.16,89.37,88.7,89.49,87.89,88.11
"2818",262,1988,88.82,93.82,87.74,92.7,89.1,93.37,88.8
"2819",263,1988,88.32,92.91,87.97,93.92,89.03,93.76,90.11
"2820",264,1988,89.24,95.04,87.7,93.21,89.69,94.24,88.24
"2821",265,1988,85.75,86.66,85.95,85.16,86.92,84.91,84.71
"2822",266,1988,83.33,86.25,84.83,81.28,84.77,80.09,83.81
"2823",267,1988,85.86,91.42,85.94,86.13,86.44,85.9,87.52
"2824",268,1988,86.52,88.01,86.1,85.38,86.98,83.76,86.27
"2825",269,1988,84.22,87.72,84.7,87.16,85.94,87.22,85.86
"2826",270,1988,85.48,88.87,86.05,86.51,87.78,88.39,82.91
"2827",271,1988,83.07,85.78,83.95,83.48,84.23,85.09,81.18
"2828",272,1988,81.58,84.33,82.93,83.8,84.17,81.76,83.53
"2829",273,1988,87.22,90.71,87.96,84.35,89.66,83.55,86.84
"2830",274,1988,85.89,86.96,86.29,82.49,86.38,80.12,85.06
"2831",275,1988,79.54,75.83,80.99,73.58,77.2,73.23,76.02
"2832",276,1988,80.29,80.83,80.74,74.88,80.88,74.93,78.37
"2833",277,1988,87.5,92.87,87.23,87.23,87.89,87.26,87.22
"2834",278,1988,85.43,90.11,85.52,90.11,86.65,89.71,87.47
"2835",279,1988,83.24,86.88,82.23,87.56,84.29,89.05,84.36
"2836",280,1988,87.29,88.63,87.1,88.11,87.19,88.52,84
"2837",281,1988,91.01,94.62,89.73,95,91.33,95.6,89.74
"2838",282,1988,91.49,96.6,90.18,95.65,91.73,97.21,91.47
"2839",283,1988,86.64,92.2,86.19,93.86,88.6,93.65,88.98
"2840",284,1988,81.97,82.74,83.16,83.29,82.76,83.4,80.52
"2841",285,1988,80.39,79.81,82.44,81.41,80.83,79.35,81.07
"2842",286,1988,84.75,89.33,85.55,85.36,87.54,84.32,84.71
"2843",287,1988,84.36,90.58,83.53,87.29,86.92,86.71,87.52
"2844",288,1988,87.04,93.82,85.67,89.25,88.25,88.6,89.48
"2845",289,1988,87.52,90.29,87.14,89.64,88.64,88.66,88.59
"2846",290,1988,85.89,91.38,85.42,91.4,87.38,90.92,90.56
"2847",291,1988,87.85,96.17,86.96,96.02,90.68,96.37,95.3
"2848",292,1988,91.15,95.41,89.4,92.09,91.98,91.17,92.75
"2849",293,1988,87.97,93.26,87.84,92.85,88.5,93.01,91.14
"2850",294,1988,86.59,91.49,85.75,92.05,86.58,90.78,89.96
"2851",295,1988,88.55,93.75,87.2,90.31,90.71,89.17,89.1
"2852",296,1988,90.14,92.64,89.31,90.98,91.62,90.19,88.67
"2853",297,1988,85.71,87.32,85.52,84.05,87.02,84.89,82.59
"2854",298,1988,85.32,86.92,85.25,84.91,85.43,83.7,84.58
"2855",299,1988,83.64,82.27,83.81,80.43,84.18,79.23,82.68
"2856",300,1988,80.98,81.26,82.39,79.88,81.41,79.47,81.62
"2857",301,1988,82.07,81.65,82.67,80.41,81.89,79.6,82.05
"2858",302,1988,86.54,90.59,86.99,86.39,89.25,85.52,87.95
"2859",303,1988,85.68,88.64,85.67,85.4,87.18,84.55,87.28
"2860",304,1988,86.67,90.92,85.67,88.2,87.15,88.95,87.86
"2861",305,1988,85.47,88.36,84.95,86.91,86.65,85.4,86.35
"2862",306,1988,89.43,94.79,88.26,92.12,90.02,92.58,89.6
"2863",307,1988,91.41,94.28,90.8,92.05,92.09,90.78,90.22
"2864",308,1988,91.49,94.23,90.86,90.27,91.42,91.97,87.86
"2865",309,1988,89.86,95.1,89.36,94.07,91.39,93.62,91.93
"2866",310,1988,84.16,85.44,84.9,85.91,84.96,85.67,84.53
"2867",311,1988,86.99,93.78,86.09,92.28,89.29,89.83,92.34
"2868",312,1988,87.25,91.65,87.15,87.94,88.75,87,88.82
"2869",313,1988,89.49,93.74,88.9,90.48,89.38,89.37,90.49
"2870",314,1988,92.13,96.82,91.43,92.75,93.22,90.51,93.05
"2871",315,1988,89.91,93.68,89.24,94.33,90.48,92.69,91.28
"2872",316,1988,86.24,92.65,85.66,94.86,88.47,93.97,91.05
"2873",317,1988,84.18,84.34,85.31,88.21,83.28,87.25,84.55
"2874",318,1988,85.29,85.99,86.5,86.52,85.8,84.33,86.4
"2875",319,1988,89.63,93.64,88.9,91.73,90.45,89.13,91.8
"2876",320,1988,88.91,90.76,88.34,89.67,88.02,87.43,89.22
"2877",321,1988,90.41,94.72,89.66,92.63,90.41,92.38,92.47
"2878",322,1988,89.28,93.02,88.83,93.44,88.03,94.8,90.16
"2879",323,1988,87.78,93.15,86.97,92.06,87.29,92.29,89.81
"2880",324,1988,90.22,95.63,89.48,94.24,91.21,94.14,92.18
"2881",325,1988,86.44,95.29,85.53,94.57,87.92,94.64,91.19
"2882",326,1988,80.33,88.18,81.3,92.44,82.74,91.46,89.79
"2883",327,1988,82.49,85.48,83.24,85.24,83.2,86.06,84.8
"2884",328,1988,83.24,83.08,83.73,82.94,82.89,80.22,83.73
"2885",329,1988,84.43,88.07,84.46,85.55,85.48,81.99,86.41
"2886",330,1988,88.66,94.84,87.77,91.66,88.84,90.77,92.31
"2887",331,1988,90.5,92.9,89.83,89.54,90.88,88.65,90.35
"2888",332,1988,85.95,86.76,86.17,85.29,85.57,84.83,84.38
"2889",333,1988,82.42,79.69,83.38,77.6,81.1,77.17,79.03
"2890",334,1988,83.88,84.14,84.12,79.68,84.16,80.02,81.42
"2891",335,1988,77.78,78.03,78.43,73.47,78.18,73.72,76.28
"2892",336,1988,78.57,76.78,79.72,70.56,77.78,72.13,73.29
"2893",337,1988,79.95,78.68,80.87,73.56,80.07,74.66,76.44
"2894",338,1988,81.42,83.95,81.57,79.48,82.49,79.43,80.78
"2895",339,1988,82.05,83.75,82.33,80.87,81.52,81.29,81.1
"2896",340,1988,74.73,77.73,75.5,80.17,75.94,79.68,79.19
"2897",341,1988,71.78,74.85,71.84,75.43,72.85,74.86,76.16
"2898",342,1988,76.33,74,77.06,70.65,75.42,70.95,73.24
"2899",343,1988,86.85,86.75,87.64,86.57,85.01,84.78,85.78
"2900",344,1988,78.41,76.25,80.44,75.89,77.67,74.95,77.23
"2901",345,1988,72.69,73.37,74.05,77.67,73.07,75.98,77.22
"2902",346,1988,75.42,77.71,75.69,76.49,76.4,75.65,76.97
"2903",347,1988,80.5,78.61,80.56,78.53,79.89,77.88,78.55
"2904",348,1988,80.79,79.26,81.67,79.09,80.1,77.88,79.58
"2905",349,1988,80.04,79.34,80.36,76.26,80.71,76.37,77.64
"2906",350,1988,78.77,80.09,77.46,79.42,80.04,78.93,77.38
"2907",351,1988,72.16,69.39,72.56,69.31,71.57,70.16,68.74
"2908",352,1988,69.84,67.15,70.73,64.85,69.49,65.64,65.61
"2909",353,1988,68.7,68.42,69.4,70.03,69.07,68.82,70.24
"2910",354,1988,70.17,73.47,70.27,78.24,71.72,78.7,75.97
"2911",355,1988,71.88,70.11,72.22,70.3,71.07,68.62,69.53
"2912",356,1988,70.1,69.48,70.06,73,70.68,70.85,72.44
"2913",357,1988,72.06,73.3,72.46,74.98,72.27,72.78,75.76
"2914",358,1988,71.5,72.46,71.13,75.45,72.15,71.89,76.49
"2915",359,1988,74.85,82.04,73.72,86.61,77.35,84.61,84.1
"2916",360,1988,74.47,81.63,73.79,83,75.7,81.5,81.58
"2917",361,1988,73.98,78.02,73.13,77.56,74.04,75.51,76.71
"2918",362,1988,80.29,83.61,79.66,81.97,80.62,81.68,80.06
"2919",363,1988,83.3,86.16,82.59,87.19,83.87,85.66,83.73
"2920",364,1988,84.45,84.85,84.09,85.64,84.27,84.13,82.79
"2921",365,1988,88.47,89.64,87.64,92.77,88.92,90.94,89.12
"2922",366,1988,89.36,89.86,88.59,93.43,88.16,91.75,90.05
"2923",1,1989,88.67,93.44,87.58,95.26,89.52,93.88,91.94
"2924",2,1989,82.08,83.32,83.2,90.68,80.78,90.83,84.78
"2925",3,1989,83.14,83.43,83.42,87.34,81.66,84.87,84.28
"2926",4,1989,81.52,86.22,81.6,84.29,82.78,83.17,84.12
"2927",5,1989,85.11,89.68,85.21,88.45,86.63,87.84,87.37
"2928",6,1989,83.38,88.8,83.38,88.05,84.49,87.19,86.23
"2929",7,1989,74.12,76.76,74.57,77.12,75.63,77,75.77
"2930",8,1989,66.8,68.85,67.22,68.82,66.42,69.63,66.92
"2931",9,1989,65.13,64.02,65.55,64.08,64.86,64.5,62.72
"2932",10,1989,66.49,63.71,66.8,66.13,65.42,64.91,65.43
"2933",11,1989,72.23,71.66,72.78,72.04,71.12,71.3,71.04
"2934",12,1989,73.93,76.68,74.05,85.13,74.03,84.05,80.53
"2935",13,1989,71.34,71.96,71.93,82.03,70.8,78.6,77.98
"2936",14,1989,70.54,77.27,70.78,78.36,72.16,75.81,76.44
"2937",15,1989,72.02,78.68,70.76,80.4,74.58,78.27,78.06
"2938",16,1989,73.77,76.9,73.34,82.01,73.64,80.6,77.4
"2939",17,1989,67.77,76.01,67.2,86.42,68.92,84.24,79.49
"2940",18,1989,62.2,71.27,61.33,83.12,65.15,80.61,76.84
"2941",19,1989,62.98,69.69,62.89,82.12,65.42,78.97,76.77
"2942",20,1989,67.23,73.29,67.39,84.05,68.51,81.55,78.71
"2943",21,1989,78.95,84.26,79.38,90.68,79.24,91.3,84.67
"2944",22,1989,81.8,87.26,81.63,92.04,82.79,91.47,86.26
"2945",23,1989,74.25,76.01,74.74,84.11,74.97,82.06,79.49
"2946",24,1989,70.51,69.16,71.39,74.41,69.59,71.95,72.45
"2947",25,1989,67.62,66.39,68.48,71.38,67.54,68.89,70.56
"2948",26,1989,63.97,66.34,64.27,71.99,65.78,68.96,70.76
"2949",27,1989,61.22,63.58,61.7,69.37,62.31,67.54,68.77
"2950",28,1989,60.64,66.59,61.29,73.42,62.56,70.81,71.31
"2951",29,1989,59.83,64.59,60.33,75.23,62.21,72.46,72.35
"2952",30,1989,59.66,63.82,59.52,75.61,61.74,72.18,71.67
"2953",31,1989,63.05,66.5,62.77,76.01,62.78,74.1,71.75
"2954",32,1989,63.92,75.03,61.8,81.9,67.77,80.75,76.96
"2955",33,1989,56.88,70.47,55.23,80.83,63.22,77.65,78.46
"2956",34,1989,56.14,63.47,55.41,76.12,59.48,72.86,72.37
"2957",35,1989,53.78,63.86,53.38,76.3,57.04,73.03,72.25
"2958",36,1989,57.15,64.98,55.99,77.12,59.73,73.45,72.74
"2959",37,1989,62.19,68.96,61.82,82.18,63.57,79.2,75.52
"2960",38,1989,71.52,78.86,69.75,86.45,73.26,84.11,82.11
"2961",39,1989,56.25,64.33,54.93,74.5,59.77,72.28,71.54
"2962",40,1989,50.57,56.52,49.52,67.67,52.94,64.36,65.46
"2963",41,1989,51.84,52.7,50.04,58.85,51.95,57.07,57.91
"2964",42,1989,53.62,53.36,52.82,58.62,52.08,56.43,57.45
"2965",43,1989,54.68,59.41,54.26,67.89,55.09,65.24,65.08
"2966",44,1989,59.48,65.06,58.11,72.34,60.93,69.58,69.28
"2967",45,1989,51.2,59,50.4,69.95,53.36,67.8,66.53
"2968",46,1989,42.95,51.64,43.08,62.61,44.71,61.99,60.15
"2969",47,1989,42.66,51.78,43.01,66.05,43.74,62.84,63.03
"2970",48,1989,45.16,51.63,44.43,66.76,46.92,61.92,64.01
"2971",49,1989,49.45,52.44,49.75,66.77,49.39,61.54,64.06
"2972",50,1989,71.2,69.73,71.25,73.7,68.84,70.79,71.5
"2973",51,1989,85.68,87.79,85.13,89.86,84.83,88.84,86.96
"2974",52,1989,81.07,86.12,80.91,89.23,81.47,89.92,85.68
"2975",53,1989,66.91,66.22,68.61,73.57,65.14,70.76,72.12
"2976",54,1989,64.01,66.2,64.24,73.63,63.46,71.21,70.59
"2977",55,1989,61.36,64.76,61.34,72.91,60.91,70.03,70.71
"2978",56,1989,69.83,70.88,69.55,76.03,69.47,72.5,74.18
"2979",57,1989,85.58,90.58,85.92,90.94,88.98,86.67,88.97
"2980",58,1989,82.09,85.08,83.2,88.82,83.08,86.28,84.36
"2981",59,1989,71.84,74.73,73.93,84.56,74.18,81.74,78.69
"2982",60,1989,63.09,64.82,65.94,74.68,65.18,71.81,71.9
"2983",61,1989,61.04,63.65,63.23,74.53,63.95,70.07,72.17
"2984",62,1989,61.69,66,62.67,76.57,63.5,72.86,72.85
"2985",63,1989,62.6,64.56,63.25,75.43,62.68,70.72,72.16
"2986",64,1989,70.17,75.12,69.78,81.37,72.4,77.6,77.57
"2987",65,1989,70.69,82.2,69.19,83.72,75.96,80.22,81.01
"2988",66,1989,63.48,74.74,61.99,82.17,68.2,79.49,79.13
"2989",67,1989,58.11,70.5,56.5,83.28,63.34,79.58,79.7
"2990",68,1989,57.09,64.91,55.14,75.75,59.29,71.75,73.55
"2991",69,1989,57.42,68.46,54.76,78.18,60.05,74.85,75.16
"2992",70,1989,56.45,67.79,53.99,78.73,60.08,75.66,75.26
"2993",71,1989,52.65,64.34,51.32,75.61,56.81,72.54,74.42
"2994",72,1989,55.23,68.06,51.9,77.65,58.94,74.88,76.17
"2995",73,1989,64.18,83.17,59.67,89.59,71.38,87.87,86.69
"2996",74,1989,53.27,69.46,50.2,78.95,59.85,75.73,76.48
"2997",75,1989,50.19,62.66,46.87,72.05,54.4,68.98,71.43
"2998",76,1989,50.6,62.5,47.83,75.64,53.59,72.55,74.21
"2999",77,1989,49.14,65.91,46.53,82.13,55.02,78.34,78.88
"3000",78,1989,51.72,67.3,48.81,80.97,58.07,77.03,78.86
"3001",79,1989,65.82,74.58,64.5,82.46,67.14,80.77,80.21
"3002",80,1989,72.31,84.12,71.89,88.4,76.41,85.83,87.81
"3003",81,1989,70.94,75.43,75.77,85.51,74.53,82.66,85.54
"3004",82,1989,75.33,80.01,78.7,84.07,78.49,81.41,84.79
"3005",83,1989,72.89,82.29,75.38,84.65,78.08,82.09,84.65
"3006",84,1989,59.05,71.07,61.64,78.46,64.71,77.28,76.33
"3007",85,1989,57.41,63.6,60.33,74.68,60.62,71.45,74.7
"3008",86,1989,56.13,62.51,58.28,73.32,58.36,70.47,73.27
"3009",87,1989,55.51,66.53,56.77,77.15,59.09,75.09,74.94
"3010",88,1989,58.59,68.62,58.83,80.23,61.81,77.32,79.07
"3011",89,1989,61.14,74,62.18,86.48,66.27,84.96,83.27
"3012",90,1989,71.92,79.35,73.7,86.96,75.76,85.22,86.07
"3013",91,1989,73.55,77.62,78.51,83.63,73.93,82.19,82.23
"3014",92,1989,78.02,83.06,80.53,84.71,79.63,83.12,84.35
"3015",93,1989,78.53,80.57,80.67,82.96,79.73,80.98,81.47
"3016",94,1989,85.01,91.5,85.91,90.69,88.7,89.44,90.66
"3017",95,1989,82.37,87.23,82.87,91.42,83.79,91.31,87.65
"3018",96,1989,74.91,81.11,77.5,85.59,79.06,84.18,83.64
"3019",97,1989,78.67,76.52,83.57,80.31,79.89,78.17,79.82
"3020",98,1989,78.52,77.24,82.07,80.72,79.71,78.07,79.85
"3021",99,1989,69.72,74.29,72.65,78.23,73.16,76.63,77.5
"3022",100,1989,58.98,63.77,61.61,74.48,61.92,71.69,72.35
"3023",101,1989,57.1,60.62,59.5,69.92,60.32,67.01,68
"3024",102,1989,59.5,61.79,62.09,71.95,60.88,69.14,70.13
"3025",103,1989,65.44,75.06,67.6,81.66,69.4,79.34,80.6
"3026",104,1989,74.19,86.09,75.67,86.98,79.04,85.32,86.24
"3027",105,1989,67.68,79.44,69.39,85.44,73.59,82.91,83.51
"3028",106,1989,63.92,69.2,67.36,77.65,67.8,73.91,77.51
"3029",107,1989,58.9,70.22,61.51,77.42,64.76,74.76,77.04
"3030",108,1989,51.16,56.95,52.39,64.24,55.35,61.76,65.75
"3031",109,1989,48.47,53.64,49.39,59.42,52.16,58.42,61.29
"3032",110,1989,61.98,59.14,67.07,67.48,64.36,63.08,68.15
"3033",111,1989,84.82,83.45,85.43,84.1,81.12,79.34,83.49
"3034",112,1989,91.81,96.72,90.93,96.8,92.17,97.22,93.71
"3035",113,1989,87.15,91.96,87.68,93.94,87.92,93.82,90.75
"3036",114,1989,85.06,84.18,86.14,84.13,85.33,82.18,83.89
"3037",115,1989,83.3,84.23,84.36,83.24,83.42,79.43,84.41
"3038",116,1989,82.81,87.07,83.31,85.6,83.89,83.56,86.18
"3039",117,1989,82.87,84.3,84.51,86.33,84.04,83.34,85.96
"3040",118,1989,84.13,87.43,85.67,87,86.44,87.01,86.19
"3041",119,1989,80.66,86.11,81.13,87.18,83.36,85.46,85.82
"3042",120,1989,77.18,77.28,79.21,81.59,77.99,80.88,79.53
"3043",121,1989,72.28,72.78,74.83,78.14,73.31,75.91,77.12
"3044",122,1989,75.58,81.72,77.3,82.96,79.46,80.79,82.84
"3045",123,1989,81.48,86.22,81.69,86.3,84.55,84.45,86.6
"3046",124,1989,83.06,89.48,83.13,88.69,85.64,86.94,88.76
"3047",125,1989,85.34,90.08,84.6,89.18,86.61,88.51,88.85
"3048",126,1989,90.54,93.7,90.22,95.41,91.33,94.12,93.96
"3049",127,1989,92.37,93.65,92.78,92.46,93.08,93.49,90.48
"3050",128,1989,93.48,96.33,91.88,96.26,91.97,97.13,93.09
"3051",129,1989,82.62,89.18,81.89,92.5,80.84,93.7,87.33
"3052",130,1989,86.73,91.59,86.75,93.6,86.51,93.78,88.95
"3053",131,1989,88.69,95.33,87.82,94.68,89.99,96.48,89.94
"3054",132,1989,90.38,95.68,89.32,95.45,90.97,96.59,90.45
"3055",133,1989,89.91,96.01,89.06,95.96,90.64,96.89,92.62
"3056",134,1989,89.09,94.62,88.9,92.31,89.57,94.81,89.57
"3057",135,1989,88.91,91.86,88.47,91.98,89.77,92.64,88.2
"3058",136,1989,85.07,83.53,85.85,84.23,84.07,82.14,83.35
"3059",137,1989,86.54,88.75,87.48,86.93,87.72,85.69,87.04
"3060",138,1989,88.63,93.57,88.55,93.81,90.03,93.53,89.98
"3061",139,1989,81.86,76.05,84.55,81.94,80.87,80.24,80.14
"3062",140,1989,89.17,90.84,90.23,87.95,91.52,84.76,89.37
"3063",141,1989,91.29,94.98,91.43,94.58,92.25,94.53,92.82
"3064",142,1989,94.26,98.51,92.91,97.43,94.13,99.07,94.25
"3065",143,1989,93.83,99.21,93.57,99.29,96.32,99.32,98.11
"3066",144,1989,91.3,96.51,90.92,95.87,95.22,96,93.43
"3067",145,1989,87.42,89.92,88.31,92.64,89.01,91.48,90.59
"3068",146,1989,94.38,98.52,93.15,96.81,96.04,96.04,95.56
"3069",147,1989,90.27,93.37,89.73,94.15,92.05,93.16,92.33
"3070",148,1989,88.26,92.59,88.03,95.45,89.74,96.19,92.66
"3071",149,1989,88.88,90.94,88.55,92.99,89.8,92.93,91.58
"3072",150,1989,88.37,92.41,87.83,89.59,88.76,88.72,89.08
"3073",151,1989,87.43,91.1,87.42,89.07,88.27,88.55,87.56
"3074",152,1989,89.18,93.13,89.43,90.48,90.84,90.89,88.46
"3075",153,1989,91.33,95.39,90.54,94.69,91.81,94.38,92.24
"3076",154,1989,91.85,95.95,91.75,94.39,92.45,95,91.19
"3077",155,1989,89.36,92.36,91.26,93.42,91.75,93.19,92.43
"3078",156,1989,94.17,97.92,93.71,94.51,94.94,93.68,93.96
"3079",157,1989,91.54,91.64,91.21,92.04,90.07,91.98,88.81
"3080",158,1989,87.68,90.34,87.49,91.01,88.96,88.95,90.8
"3081",159,1989,87.25,87.58,86.98,89.27,87.37,88.43,87.14
"3082",160,1989,84.19,87.71,84.55,89.81,85.15,88.62,87.54
"3083",161,1989,89.37,92.51,89.01,92.01,89.6,90.58,90.58
"3084",162,1989,94.1,96.64,92.68,95.17,93.16,94.87,92.13
"3085",163,1989,93.07,97.41,93,96.76,94.14,97.59,92.59
"3086",164,1989,93.54,97.18,93.17,96.24,94.26,97.17,93.5
"3087",165,1989,94.03,94.96,94.06,94.33,93.68,94.6,93.05
"3088",166,1989,83.39,82.63,84.98,87.25,82.77,85.46,83.77
"3089",167,1989,79.21,74.06,81.05,75.44,77.58,74.15,75.54
"3090",168,1989,84.33,83.2,85.77,81.44,85.3,80.98,81.82
"3091",169,1989,92.17,92.55,92.52,89.82,91,88.63,88.2
"3092",170,1989,92.34,95.13,91.53,95.48,94.14,94.64,95.8
"3093",171,1989,87.73,87.28,88.24,85.09,87.49,84.66,86.84
"3094",172,1989,95.12,98.81,94.46,96.89,95.57,96.73,95.72
"3095",173,1989,91.24,93.45,90.64,91.83,90.82,92.28,90.92
"3096",174,1989,90.36,95.63,90.45,95.37,92.42,94.93,94.58
"3097",175,1989,88.49,87.2,88.91,88.14,89.23,86.17,87.7
"3098",176,1989,89.8,94.59,90,94.77,91.4,94.87,91.32
"3099",177,1989,89.35,93.67,88.67,90.23,91.26,92.98,88.23
"3100",178,1989,82.49,76.55,84.03,78.55,80.88,77.53,78.85
"3101",179,1989,79.09,73.05,81.28,75.11,76.92,73.37,76.53
"3102",180,1989,77.74,71.89,79.91,72.49,74.94,71.82,73.92
"3103",181,1989,88.67,89,88.79,85.5,88.75,85.66,85.73
"3104",182,1989,84.99,82.29,85.7,83.68,84.66,82.89,82.53
"3105",183,1989,89.9,91.66,90.94,89.08,90.51,90.71,86.39
"3106",184,1989,90.69,90.68,91.02,88.34,90.16,87.66,86.79
"3107",185,1989,87.71,89.97,88.29,87.89,88.42,85.87,88.6
"3108",186,1989,93.32,97.05,92.44,95.38,93.62,94.27,94.28
"3109",187,1989,91.52,98.24,90.37,97.89,92.95,98.76,94.98
"3110",188,1989,89.15,93.83,88.82,95.22,89.45,96.58,91.66
"3111",189,1989,77.59,79.12,78.53,88.88,75.97,90.33,83.59
"3112",190,1989,73.26,76.38,73.53,87.06,71.83,87.89,82.21
"3113",191,1989,73.46,78.03,74.65,85.83,72.44,86.89,80.91
"3114",192,1989,77.42,78.19,78.51,83.19,77.87,83.35,80.18
"3115",193,1989,81.02,80.79,81.6,86.12,79.22,85.68,82.33
"3116",194,1989,84.34,90.44,84.26,93.44,84.08,95.15,87.07
"3117",195,1989,89.5,94.02,89.31,93.5,90.73,92.74,91.04
"3118",196,1989,93.23,96.29,91.61,93.89,90.99,94,91.48
"3119",197,1989,90.38,94.52,89.42,95.99,88.37,98.12,91.57
"3120",198,1989,86.45,89.36,86.31,93.86,83.24,95.59,87.61
"3121",199,1989,84.95,88.71,85.42,91.91,82.63,92.69,86.76
"3122",200,1989,84.4,92.03,84.57,94.99,85.09,95.36,90.66
"3123",201,1989,92.74,97.28,92.25,96.16,94.71,95.67,95.25
"3124",202,1989,91.49,96.23,91.05,95.27,92.38,93.7,92.29
"3125",203,1989,91.26,96.67,91.89,95.43,92.56,95.74,92.08
"3126",204,1989,91.67,94.42,91.14,93.91,91.51,94.62,90.77
"3127",205,1989,89.03,92.99,88.37,89.11,90.43,87.34,90.06
"3128",206,1989,90.48,93.38,89.7,90.59,91.66,88.98,90.92
"3129",207,1989,87.45,89.92,87.31,91,87.78,88.81,87.74
"3130",208,1989,82.01,80.68,81.87,81.85,81.21,82.56,79.97
"3131",209,1989,83.83,83.16,84.07,77.94,83.83,77.47,80.78
"3132",210,1989,84.02,80.47,84.55,78.84,83.35,77.29,80.16
"3133",211,1989,78.21,73.68,79.67,74.91,76.03,73.9,75.49
"3134",212,1989,77.01,74.91,78.96,78.03,76.68,76.73,78.46
"3135",213,1989,83,82.11,84.42,84.9,82.75,83.25,82.86
"3136",214,1989,85.54,86.65,85.47,83.69,85.79,85.37,81.46
"3137",215,1989,84.67,85.37,85.16,82.94,84.59,84.53,80.31
"3138",216,1989,87.09,90.38,86.73,88.5,85.54,88.49,85.28
"3139",217,1989,86.88,89.9,87.13,87.85,87.99,87.85,85.96
"3140",218,1989,88.73,93.54,88.48,92.19,89.61,92.64,87.95
"3141",219,1989,84.07,91.11,82.6,91.33,85.98,90.94,88.23
"3142",220,1989,84.72,88.16,84.89,87.85,87.99,87.13,87.72
"3143",221,1989,90.77,95.35,90.42,93.27,91.7,93.79,90.65
"3144",222,1989,88.76,93.6,88.79,94.87,89.13,95.41,90.18
"3145",223,1989,86.75,87.17,86.92,87.08,86.3,87.15,83.95
"3146",224,1989,88.76,93.3,88.29,91.82,88.86,93.7,87.88
"3147",225,1989,84.93,93.03,84.35,95.18,87.08,95.38,90.74
"3148",226,1989,87.68,93.42,86.94,93.13,89.21,93.19,91.15
"3149",227,1989,90.75,92.35,90.19,90.13,90.64,90.29,88.75
"3150",228,1989,89.18,94.67,88.83,94.25,90.41,94.5,90.65
"3151",229,1989,84.95,90.54,84.37,88.71,86.58,89.41,86.75
"3152",230,1989,85.06,88.63,84.94,86.6,87.39,87.96,84.83
"3153",231,1989,87.48,86.59,88.05,89.25,87.68,87.06,87.53
"3154",232,1989,89.03,88.74,89.21,87.2,88.24,86.98,86.99
"3155",233,1989,88.37,91.77,87.32,85.25,89.95,85.53,86.72
"3156",234,1989,88.31,93.02,87.54,89.86,89.86,88.49,89.79
"3157",235,1989,86.47,89.91,86.44,87.5,87.5,89.21,85.02
"3158",236,1989,85.18,90.44,85.37,89.25,87.06,90.29,85.73
"3159",237,1989,84.25,87.85,84.75,85.51,85.58,86.08,82.99
"3160",238,1989,86.48,87.84,86.83,84.96,86.93,84.08,84.12
"3161",239,1989,84.86,87.44,85.03,85.88,85.49,85.22,84.07
"3162",240,1989,84.05,87.14,84.64,89.41,85.26,89.9,85.62
"3163",241,1989,84.35,88.77,85.06,88.29,86.15,89.03,85.87
"3164",242,1989,87.03,92.96,87.03,92.71,88.51,92.73,91.24
"3165",243,1989,85.66,87,86.13,86.83,87.83,85.16,86.06
"3166",244,1989,84.44,88.89,84.4,85.9,85.97,86.58,84.51
"3167",245,1989,84.53,87.71,84.98,85.6,85.66,85.12,83.77
"3168",246,1989,83.75,88.22,84.15,87.74,84.24,87.19,85.64
"3169",247,1989,82.14,84.54,82.32,83.99,83.02,83.1,85.52
"3170",248,1989,85.87,89.47,85.59,86.51,85.94,86.07,87.53
"3171",249,1989,87.03,91.88,86.46,87.65,88.13,86.62,88.56
"3172",250,1989,84.51,87.32,84.79,86.59,84.88,85.85,84.53
"3173",251,1989,87.03,87.66,87.11,83.55,86.89,85.69,82.35
"3174",252,1989,86.37,89.98,86.03,86.38,88.28,85.72,85.83
"3175",253,1989,88.48,90.26,87.91,88.3,88.91,87.96,85.65
"3176",254,1989,84.69,88.82,84.34,87.14,86.58,86.36,84.95
"3177",255,1989,81.46,83.75,81.86,86.61,82.48,87.33,82.84
"3178",256,1989,83.79,88.24,83.68,86.81,84.03,86.56,83.96
"3179",257,1989,81.94,82.62,81.99,84.32,82.51,84.65,80.86
"3180",258,1989,84.12,84.69,84.84,83.78,83.6,86.99,79.22
"3181",259,1989,89.21,91.85,89.09,87.9,88.78,89.23,83.63
"3182",260,1989,83.16,89.34,83.19,91.52,83.07,91.81,85.4
"3183",261,1989,80.71,88.06,80.35,88.56,79.08,90.61,82.8
"3184",262,1989,82.52,86.71,82.47,88.47,83.3,89.07,84.16
"3185",263,1989,86.4,89.11,86.56,90.34,86.71,89.7,87.4
"3186",264,1989,85.55,89.92,85.67,88.56,86.42,86.52,87.42
"3187",265,1989,85.82,89.84,85.77,88.02,87.26,86.88,86.36
"3188",266,1989,82.94,84.92,83.2,85.17,82.72,87.47,79.54
"3189",267,1989,84.52,85.59,86.06,86.04,83.69,87.87,80.9
"3190",268,1989,83.35,82.55,84.56,78.32,85.63,77.97,79.84
"3191",269,1989,88.16,92.33,88.63,91.69,88.79,90.52,87.8
"3192",270,1989,86.98,92.94,86.19,92.86,88.26,94.26,89.77
"3193",271,1989,86.8,88.9,87.03,90.57,87.8,89.99,88.92
"3194",272,1989,86.45,91.86,86.6,92.22,87.69,91.78,89.22
"3195",273,1989,86.55,88.2,86.27,86.17,86.9,86.94,84.11
"3196",274,1989,87.44,92.38,86.96,90.18,88.43,91.37,87.53
"3197",275,1989,86.92,90.66,86.02,91.25,86.78,91.36,87.69
"3198",276,1989,87.47,91.88,86.15,89.51,89,89.58,86.29
"3199",277,1989,87.15,88.49,87.54,88.41,88.2,86.3,86.42
"3200",278,1989,89.51,92.94,89.42,90.76,90.24,90.42,87.21
"3201",279,1989,87.21,88.5,87.65,87.38,88.77,87.2,84.63
"3202",280,1989,88.17,92.37,87.51,85.45,90.19,84.37,86.82
"3203",281,1989,87.09,85.62,86.51,82.5,86.93,80.88,83.96
"3204",282,1989,88.97,91.57,87.8,88.26,89.71,85.66,88.55
"3205",283,1989,89.51,94.46,88.62,90.99,91.51,89.65,90.18
"3206",284,1989,89.31,92.82,88.6,88.98,89.62,87.88,88.27
"3207",285,1989,88.97,94.16,88.2,88.97,89.47,87.73,89.12
"3208",286,1989,85.67,88.55,85.25,86.62,87.13,85,85.69
"3209",287,1989,79.68,83.76,80.25,83.29,83.83,81.7,83.52
"3210",288,1989,81.55,80.65,84.07,82.87,83.09,79.85,83.09
"3211",289,1989,88.29,86.07,88.64,86.06,88.55,82.64,84.91
"3212",290,1989,92.66,93.81,91.58,92.66,91.84,92.12,89.14
"3213",291,1989,90.32,94.49,89.7,92.98,91.13,93.05,88.67
"3214",292,1989,89.34,91.7,88.9,89.41,90.23,90.23,86.96
"3215",293,1989,82.45,82.37,83.27,81.52,83.53,79.98,81.42
"3216",294,1989,78.27,79.36,78.19,78.21,79.4,76.43,78.35
"3217",295,1989,79.34,77.06,80.49,73.25,78.62,72.64,75.03
"3218",296,1989,83.43,84.85,84.76,78.84,84.31,76.77,80.93
"3219",297,1989,84.33,89.36,84.63,85.19,85.76,83.9,86.57
"3220",298,1989,85.86,87.85,85.69,83.19,86.75,80.85,84.76
"3221",299,1989,85.14,87.55,85.15,82.5,85,80.76,83.43
"3222",300,1989,90.02,91.6,89.44,86.21,90.72,84.87,86.74
"3223",301,1989,93.86,96.36,92.74,95.27,94.58,95.2,92.05
"3224",302,1989,87.76,91.84,86.74,92.96,87.91,91.88,90.27
"3225",303,1989,87.52,91.27,87.47,91.01,87.81,91.41,88.06
"3226",304,1989,91.09,94.06,90.21,92.87,90.87,93.24,89.56
"3227",305,1989,86.72,90.08,86.53,89.81,87.7,89.97,86.4
"3228",306,1989,86.91,91.85,87.17,89.47,88.41,88.57,87.32
"3229",307,1989,86.33,88.17,86.11,83.65,87.54,82.99,84.11
"3230",308,1989,83.78,86.14,83.33,81.57,84.97,80.75,82.45
"3231",309,1989,84.32,86.33,84.44,83.27,85.1,82.3,83.35
"3232",310,1989,82.44,85.85,83.16,80.44,83.33,82.09,80.5
"3233",311,1989,82.21,82.82,82.8,79.62,81.56,79.02,80.05
"3234",312,1989,78.29,81.62,79.31,82.7,79.93,81.42,82.79
"3235",313,1989,76.58,81.17,78.04,83.27,78.99,81.21,84.04
"3236",314,1989,78.54,81.69,79.43,80.38,79.28,79.93,81.85
"3237",315,1989,83.59,85.11,84.14,81.58,84.3,79.77,83.39
"3238",316,1989,80.8,79.29,82.37,78.15,80.47,77.1,80.23
"3239",317,1989,79.32,82.37,80.11,81.16,79.74,79.81,81.62
"3240",318,1989,81.34,86.46,81.73,84.39,82.3,81.8,85.25
"3241",319,1989,86.11,87.89,86.42,81.68,85.82,80.19,83.58
"3242",320,1989,89.47,93.38,89.71,91.25,90,91.15,90.02
"3243",321,1989,89.58,94.88,88.9,93.31,90.46,93.3,91.43
"3244",322,1989,91.46,96.65,90.76,96.2,93.02,95.06,94.72
"3245",323,1989,87.83,90.81,87.08,88.14,89.03,87.14,88.44
"3246",324,1989,86.25,86.2,86.45,86.21,86.41,84.59,84.96
"3247",325,1989,88.2,90.48,88.01,88.8,88.13,86.07,87.6
"3248",326,1989,90.58,93.9,90.02,91.5,90.49,90.51,89.04
"3249",327,1989,87.7,87.54,88.51,89.37,87.62,88.62,86.97
"3250",328,1989,92.4,96.84,91.77,94.1,93.07,93.49,92.4
"3251",329,1989,86.69,90.03,85.79,93.91,87.06,94.86,89.26
"3252",330,1989,85.58,90.33,85.1,90.41,85.71,91.01,86.02
"3253",331,1989,83.26,86.27,83.35,86.8,83.71,85.88,85.01
"3254",332,1989,86.78,91.84,86.61,89.88,88.26,88.16,88.99
"3255",333,1989,85.66,89.37,85.53,88.43,85.88,87.71,86.24
"3256",334,1989,89.07,92.89,88.55,91.18,90.04,90.09,89.76
"3257",335,1989,86.67,89.39,86.76,88.14,87.4,86.84,88.33
"3258",336,1989,87.4,92.83,86.66,89.7,88.32,89.78,89.2
"3259",337,1989,85.1,90.59,84.53,89.41,86.67,89.73,88.07
"3260",338,1989,82.91,91.05,81.36,90.98,85.54,90.42,88.37
"3261",339,1989,79.01,90,78.24,89.61,82.29,88.81,87.43
"3262",340,1989,75.05,81.12,75.49,80.55,76.74,80.33,80.49
"3263",341,1989,74.63,69.06,77.17,70,70.65,70.65,70.08
"3264",342,1989,78.4,73.62,79.23,76.24,75.77,75.02,74.88
"3265",343,1989,78.51,78.55,78.67,79.63,79.04,77.58,80
"3266",344,1989,74.52,78.11,74.51,78.48,75.76,78.06,78.09
"3267",345,1989,73.09,78.21,73.56,78.43,74.89,79.52,77.09
"3268",346,1989,69.96,74.08,70.1,75.28,71.33,76.08,73.51
"3269",347,1989,68.12,69.81,68.85,65.95,67.79,67.97,66.34
"3270",348,1989,70.36,71.15,70.81,69.74,70.58,70.73,71.13
"3271",349,1989,68.33,67.62,68.68,61.49,68.57,63.04,64.16
"3272",350,1989,74.13,65.56,74.14,51.75,72.08,53.78,56.11
"3273",351,1989,70.72,72.92,70.91,74.23,72.23,73.05,73.69
"3274",352,1989,65.15,58.88,66.04,55.51,62.3,57.51,56.52
"3275",353,1989,66.68,63.01,67.64,63.89,66.02,63.66,64.67
"3276",354,1989,64.91,66.17,65.24,71.03,65.99,69.04,70.23
"3277",355,1989,60.17,64.15,60.22,68.88,62.15,66.59,67.93
"3278",356,1989,59.39,56.27,60.56,57.8,57.42,57.75,57.88
"3279",357,1989,62.97,58.22,64.4,61.89,60.02,59.32,61.95
"3280",358,1989,63.58,62.29,63.72,65.84,63.7,63.08,65.89
"3281",359,1989,64.34,61.98,64.89,62.71,63.99,61.4,64.86
"3282",360,1989,61.72,72.94,60.27,78.62,65.89,78.12,76.55
"3283",361,1989,58.56,66.11,57.59,73.47,61.59,72.29,70.23
"3284",362,1989,60.59,59.82,60.33,62.55,59.64,61.56,61.79
"3285",363,1989,60.75,64.36,60.84,68.87,61.92,67.68,67.89
"3286",364,1989,62.31,67.49,62.23,72.34,64.03,71.25,70.31
"3287",365,1989,61.98,66.45,61.36,67.43,64.29,67.09,68.59
"3288",1,1990,64.1,64.97,63.97,67.07,64.34,65.07,68.32
"3289",2,1990,66.02,67.65,65.56,69.12,66.98,66.62,69.65
"3290",3,1990,67.02,69.48,65.95,71.9,68.68,68.65,70.89
"3291",4,1990,66.01,68.8,65.1,73.71,66.77,70.5,71.19
"3292",5,1990,71.7,81.3,68.2,81.04,75.28,78.98,78.06
"3293",6,1990,61.67,68.91,60.42,77.58,65.21,73.01,74.9
"3294",7,1990,54.22,63.6,53.64,73.15,57.77,68.3,72.55
"3295",8,1990,52.68,58.04,52.38,68.19,55.2,63.9,66.15
"3296",9,1990,52.8,54.08,52.6,61.45,53.67,57.44,60.8
"3297",10,1990,55.44,55.53,54.9,60.2,55.51,57.05,59.3
"3298",11,1990,54.49,57.83,54.26,66.29,56.18,62.08,64.53
"3299",12,1990,54.35,56.97,55.03,66.98,55.36,62.19,65.1
"3300",13,1990,60.78,67.08,60.03,74.9,63.33,70.83,71.76
"3301",14,1990,72.89,78.21,71.97,83.21,76.61,78.91,80.28
"3302",15,1990,60.36,63.66,60.1,72.36,62.37,67.77,71.08
"3303",16,1990,59.11,63.45,58.92,73.25,61.11,67.44,71.76
"3304",17,1990,59.19,64.96,58.43,75.29,60.83,71.64,72.23
"3305",18,1990,57.55,63.04,57.07,76.53,59.47,71,72.8
"3306",19,1990,58.88,63.24,58.55,76.59,59.75,72.29,72
"3307",20,1990,67.22,74.52,65.94,86.29,70.23,81.44,82.19
"3308",21,1990,86.6,92.91,87.33,93.78,88.7,93.08,89.37
"3309",22,1990,88.99,96.7,88.62,98.12,91.97,98.55,95.98
"3310",23,1990,77.62,86.79,78.32,92.85,79.54,92.25,86.47
"3311",24,1990,77.73,84.48,78.38,89.89,78.76,88.93,84.65
"3312",25,1990,73.05,79.91,73.61,87.44,74.59,86.62,82.47
"3313",26,1990,79.32,84.45,79.48,90.54,79.64,89.32,85.87
"3314",27,1990,77.92,81.82,78.61,89.13,78.79,87.25,84.46
"3315",28,1990,75.38,85.14,74.07,89.78,79.15,88.64,86.2
"3316",29,1990,70.23,78.24,69.91,85.88,72.79,84.45,81.96
"3317",30,1990,66.42,73.75,67.14,83.62,67.93,81.53,79.14
"3318",31,1990,67.35,73.45,68.06,83.52,67.99,81.85,78.52
"3319",32,1990,71.27,78.11,71.22,85.25,71.65,85.38,80.56
"3320",33,1990,75.56,83.52,74.31,90.28,77.35,89.76,84.88
"3321",34,1990,76.83,90.1,75.5,92.81,82.22,91.6,90.17
"3322",35,1990,81.36,94.96,79.76,97.69,86.3,97.11,95.22
"3323",36,1990,85.18,96.77,85.12,97.81,91.45,97.88,94.16
"3324",37,1990,83.5,90.69,83.03,92.63,85.1,91.85,90.51
"3325",38,1990,78.26,89.14,78.54,90.35,83.69,88.34,89
"3326",39,1990,71.7,83.57,72.23,91.63,77.35,91,89.6
"3327",40,1990,67.19,74.41,67.81,81.56,68.96,79.63,79.79
"3328",41,1990,66.33,73.01,66.33,79.29,68.86,77.63,77.62
"3329",42,1990,65.72,73.1,65.12,78.96,67.97,77.4,77.32
"3330",43,1990,64.96,70.85,64.31,73.48,66.32,73.12,71.97
"3331",44,1990,60.55,68.86,59.86,74.43,63.3,72.4,73.6
"3332",45,1990,57.82,68.41,57.37,76.47,61.63,74.07,74.98
"3333",46,1990,55.47,65.8,55.39,75.67,58.91,73.97,74.63
"3334",47,1990,55.02,67.85,54.16,77.08,60.67,75.78,76.83
"3335",48,1990,53.56,65.99,52.53,76.21,58.32,73.36,74.49
"3336",49,1990,55.49,65.38,53.98,75.94,58.94,73.09,73.97
"3337",50,1990,57.87,70.66,55.98,80.95,62.37,78.32,78.42
"3338",51,1990,58.3,69.44,56.42,80.16,61.35,77.25,76.96
"3339",52,1990,60.04,72.58,57.75,78.5,63.69,75.92,76.96
"3340",53,1990,62.73,76.3,59.88,81.27,66.56,79.94,79.4
"3341",54,1990,59.85,73.36,58.63,84.73,64.03,82.22,81.75
"3342",55,1990,53.69,68.14,52.55,80.92,57.89,79.54,77.65
"3343",56,1990,46.4,60,45.31,70.4,50.43,69.69,67.36
"3344",57,1990,41.7,55.99,40.67,67.51,44.66,65.67,65.35
"3345",58,1990,46.23,56.53,46.03,67.88,48.25,65.21,66.16
"3346",59,1990,49.45,58.83,50.19,71.33,52.06,67.53,70.51
"3347",60,1990,51.24,62.3,51.62,73.9,54.13,71.09,71.8
"3348",61,1990,53.27,67.48,52.92,80.17,57.52,76.02,78.3
"3349",62,1990,55.65,70.63,55.03,79.98,61.21,77.29,78.34
"3350",63,1990,64.97,73.88,65.81,81.21,68.21,78.5,80.17
"3351",64,1990,77.78,84.07,77.77,87.5,79.03,86.15,85.58
"3352",65,1990,69.47,78.73,69.64,84.35,71.06,84.08,81.47
"3353",66,1990,58.5,68.14,59.56,82.35,62.8,79.16,78.31
"3354",67,1990,62.12,66.98,64.36,78.76,63.86,76.2,75.16
"3355",68,1990,70.7,78.81,72.7,88.54,74.33,87.86,83.39
"3356",69,1990,85.92,93.99,86.71,96.97,89.75,96.02,94.83
"3357",70,1990,83.06,92.67,82.77,94.09,86.64,94.47,90.25
"3358",71,1990,84.83,92.53,84.59,93.97,86.68,94.07,89.81
"3359",72,1990,76.47,84.12,78.59,90.59,77.06,91.14,84.85
"3360",73,1990,76.81,82.47,79.87,88.87,78.51,88.94,84.8
"3361",74,1990,79.42,84.03,80.31,89.03,80.66,89,84.22
"3362",75,1990,79.56,84.14,81.24,91.08,78.81,91.89,84.98
"3363",76,1990,74.82,78.05,76,87.55,74.74,88.31,82.54
"3364",77,1990,68.61,76.76,70.22,87.52,70.89,85.6,82.63
"3365",78,1990,66.06,75.17,67.22,87.12,69.51,84.02,82.21
"3366",79,1990,61.96,67.41,63.17,76.82,62.9,74.34,74.48
"3367",80,1990,65.1,73.66,66.22,84.73,67.35,82.76,80.73
"3368",81,1990,82.49,88.51,82.12,90.45,83.7,89.83,87.25
"3369",82,1990,77.07,84.76,79.18,89.79,80.55,88.52,87.41
"3370",83,1990,70.48,80.5,72.42,87.95,75.61,87.42,85.42
"3371",84,1990,73.83,84.74,74.29,91.01,77.87,91.08,87.18
"3372",85,1990,73.76,90.19,74.08,94.6,77.65,95.02,89.12
"3373",86,1990,69.45,81.68,70.16,87.25,72.49,87.49,83.69
"3374",87,1990,61.32,72.58,61.79,80.78,65.4,78.44,79.35
"3375",88,1990,59.08,71.15,60.3,81.88,62.97,81.04,79.2
"3376",89,1990,61.74,69.08,62.3,77.81,64.72,75.49,76.06
"3377",90,1990,63.51,73.42,62.74,81.35,66.44,78.97,79.42
"3378",91,1990,67.92,75.93,68.61,81.07,71.23,78.8,81.01
"3379",92,1990,84.05,91.63,83.99,91.15,86.28,91.47,89.18
"3380",93,1990,83.11,84.48,83.1,85.89,82.66,84.93,84.64
"3381",94,1990,84.96,88.47,85.48,90.13,85.79,88.38,87.4
"3382",95,1990,87.09,91.59,86.9,90.03,88.01,90.71,88.32
"3383",96,1990,87.5,91.55,87.45,88.95,89.13,90.26,86.25
"3384",97,1990,78.67,76.13,82.92,82.38,79.23,79.58,79.84
"3385",98,1990,77.76,74.03,80.88,73.91,78.86,71.29,75.15
"3386",99,1990,71.19,75.1,72.23,75.83,74.22,73.93,75.99
"3387",100,1990,67.77,71.98,69.13,78.72,70.29,76.11,76.12
"3388",101,1990,66.19,71.32,68.89,80.65,69.31,77.18,77.87
"3389",102,1990,66.53,68.94,69.44,79.67,68.06,76.06,76.96
"3390",103,1990,79.88,83.14,81.97,87.8,80.29,85.6,84.48
"3391",104,1990,89.55,94.64,89.7,94.33,90.07,95.01,91.82
"3392",105,1990,88.09,90.61,87.94,89.47,87.67,90.82,87.31
"3393",106,1990,83.03,84.78,84.69,85.26,84.45,83.76,85.08
"3394",107,1990,85.05,89.17,85.64,87.21,87.03,86.43,87.29
"3395",108,1990,80.17,88.28,81.08,86.83,84.39,86.02,87.39
"3396",109,1990,75.08,77.94,78.16,81.89,77.06,79.86,81.4
"3397",110,1990,82.09,83.15,85.64,89.39,83.62,86.49,86.2
"3398",111,1990,92.29,91.22,92.48,91.36,91.05,88.28,91.78
"3399",112,1990,93.68,97.18,92.68,97.81,93.72,97.32,95.69
"3400",113,1990,92.56,98.9,90.84,98.51,94.46,97.5,97.33
"3401",114,1990,91.84,96.78,91,95.69,92.66,96.08,93.66
"3402",115,1990,90.24,94.3,90.32,93.64,91.48,93.19,91.68
"3403",116,1990,88.75,92.75,88.89,92.99,89.96,93.78,91.12
"3404",117,1990,84.45,84.23,85.47,87.25,83.62,86.61,84.98
"3405",118,1990,91.65,98.43,91.07,96.75,92.43,96.63,93.57
"3406",119,1990,89.39,92.63,89.15,90.62,89.42,91.32,89.01
"3407",120,1990,91.36,96.57,90.98,94.85,92.88,93.17,94.09
"3408",121,1990,89.69,93.65,89.28,93.18,90.62,93.56,92.36
"3409",122,1990,94.96,97.97,93.37,97.46,95.55,97.56,96.08
"3410",123,1990,90.58,91.27,89.76,89.19,90.4,88.25,88.71
"3411",124,1990,87.98,87.19,88.12,85.93,86.76,84.99,85.86
"3412",125,1990,89.82,92.82,89.14,89.11,90.11,86.84,89.53
"3413",126,1990,88.37,89.62,88.32,88.6,87.81,87.6,87.17
"3414",127,1990,88.62,89.28,88.43,88.92,88.34,88.69,86.51
"3415",128,1990,92.02,92.39,91.67,92.01,92.6,93.47,90.56
"3416",129,1990,86.78,84,87.62,85.44,86.25,84.7,85
"3417",130,1990,86.26,85.51,86.41,81.34,86.02,79.99,83.33
"3418",131,1990,81.6,81.4,82.05,82.18,80.86,80.61,82.45
"3419",132,1990,89.2,88.17,90.23,87.62,89.57,86.32,87.74
"3420",133,1990,88.97,91.28,89.74,92.58,89.38,93.05,89.87
"3421",134,1990,84.64,85.93,85.05,88.81,84.1,87.69,85.54
"3422",135,1990,86.39,83.65,87.53,85.07,85.28,83.06,84.1
"3423",136,1990,92.51,95.48,91.34,92.36,93.38,91.66,90.07
"3424",137,1990,87.81,90.12,88.08,90.76,87.8,92.02,87.21
"3425",138,1990,92.72,93.48,92.71,91.37,93.03,92.4,89.72
"3426",139,1990,92.51,96.69,90.64,96.22,91.53,96.94,93.26
"3427",140,1990,91.76,97.78,90.79,97.75,93.09,98.49,94.9
"3428",141,1990,92.06,96.52,90.62,96.42,91.88,96.82,94.64
"3429",142,1990,93.23,99.32,91.36,98.99,93.94,99.29,96.39
"3430",143,1990,90.54,94.53,89.3,96.13,90.45,97.13,93.31
"3431",144,1990,90.49,96.18,88.07,97.23,91.02,97.2,94.13
"3432",145,1990,89.62,96.04,87.14,96.49,90.2,97.65,92.32
"3433",146,1990,85.76,91.67,84.96,94.06,88.01,93.47,90.98
"3434",147,1990,89.81,95.43,88.08,96.63,90.68,97.33,92.43
"3435",148,1990,91.2,91.16,90.63,89.94,90.33,91.25,86.23
"3436",149,1990,88.16,88.66,88.3,89.23,87.43,89.32,86.7
"3437",150,1990,81.86,79.71,83.38,81.19,80.89,78.46,81.77
"3438",151,1990,81.62,80.29,83.35,82.29,80.72,80.95,81.81
"3439",152,1990,85.45,82.85,86.45,83.9,85.08,82.28,83.43
"3440",153,1990,82.57,78.51,83.96,83.84,82.29,80.88,82.06
"3441",154,1990,77.74,71.05,80.36,72.01,75.63,70.27,73.99
"3442",155,1990,82.88,76.64,85.65,76.38,81.59,73.88,79.44
"3443",156,1990,89.66,90.32,89.96,90.1,90.06,87.42,89.31
"3444",157,1990,86.43,87.58,86.07,89.34,86.05,88.26,86.75
"3445",158,1990,88.42,94.63,87.47,92.22,89.34,92.65,88.68
"3446",159,1990,91.17,92.73,90.81,91.15,90.37,91.67,89.09
"3447",160,1990,92.63,94.83,91.43,92.22,92.72,92.81,90.74
"3448",161,1990,92.34,96.22,91.73,95.36,93.65,94.85,93.3
"3449",162,1990,92.73,96.12,92.1,96.38,93.8,96.88,93.64
"3450",163,1990,91.6,95.63,90.41,95.21,92.45,96.66,92.29
"3451",164,1990,91.54,95.73,89.94,95.99,92.43,96.55,92.94
"3452",165,1990,90.62,94.48,89.67,94.09,92.42,94.44,91.33
"3453",166,1990,91.09,93.64,90.13,94.34,90.52,92.95,91.6
"3454",167,1990,91.3,96.85,89.72,95.32,90.92,98.14,90.87
"3455",168,1990,85.04,87.71,85.41,91.67,83.6,93.65,85.86
"3456",169,1990,86.33,92.69,85.69,93.46,86.74,95.12,88.58
"3457",170,1990,86.74,92.21,86.65,94.07,88.67,94.08,90.08
"3458",171,1990,91.12,95.95,90.1,95.44,91.01,96.69,91.2
"3459",172,1990,89.24,94.7,88.71,95.66,89.81,97.42,91.21
"3460",173,1990,87.57,94.88,87.1,96.49,89.34,96.71,92.13
"3461",174,1990,89.48,93.43,88.86,91.5,91.35,90.79,89.69
"3462",175,1990,91.4,89.34,91.01,88.64,90.01,87.04,87.62
"3463",176,1990,86.09,82.35,86.83,84.49,83.65,86.33,81.38
"3464",177,1990,88.88,92.07,88.84,91.59,88.96,90.5,89.58
"3465",178,1990,92.05,95.28,91.18,93.73,91.94,93.79,92.19
"3466",179,1990,91.28,96.78,89.98,96.72,91.99,97.8,93.17
"3467",180,1990,90.22,94.11,89.34,93.77,91.49,92.99,91.77
"3468",181,1990,86.2,88.56,85.52,90.31,86.79,88.86,88.6
"3469",182,1990,85.99,90,85.42,89.16,87.08,88.81,88.03
"3470",183,1990,88.34,94.73,88.42,94.74,90.69,95.2,91.75
"3471",184,1990,84.37,83.78,85.18,84.32,84.97,83.57,82.86
"3472",185,1990,90.85,90.04,90.35,87.83,89.82,86.64,87.58
"3473",186,1990,90.31,95.54,89.56,96.64,91.07,97.48,92.44
"3474",187,1990,93.31,97.73,92.18,96.72,94.87,97.57,93.29
"3475",188,1990,84.57,84.75,84.4,84.96,84.41,83.94,84.62
"3476",189,1990,83.95,79.31,84.27,79.58,82.54,77.68,79.79
"3477",190,1990,80.44,71.45,81.62,72.96,77.47,70.07,73.77
"3478",191,1990,79.42,75.53,80.51,75.82,77.57,75.34,76.33
"3479",192,1990,87.22,87.23,87.49,86.78,86.67,85.42,85.12
"3480",193,1990,90.6,93.71,90.72,92.96,91.14,93.25,90.67
"3481",194,1990,92.9,94.39,92.03,90.98,92.63,90.63,90.33
"3482",195,1990,95.2,99.45,93.89,96.79,95.33,97.55,95.8
"3483",196,1990,88.03,92.67,87.15,93.49,90.01,93.55,91.3
"3484",197,1990,87.33,91.7,86.95,92.37,88.36,92.07,88.4
"3485",198,1990,87.44,88.7,87.37,88.47,88.01,85.27,88.85
"3486",199,1990,84.41,83.65,84.71,83.76,84.68,81.66,84.48
"3487",200,1990,84.96,89.03,84.83,90.62,85.75,90.12,87.05
"3488",201,1990,83.4,78.19,84.23,78.69,80.12,78.18,79.14
"3489",202,1990,86.74,89.52,85.92,85.3,86.93,84.05,86.41
"3490",203,1990,88.74,94.14,88.35,90.33,89.48,91.36,89.06
"3491",204,1990,86.92,90.99,86.26,88.97,86.67,92.95,85.32
"3492",205,1990,84.12,90.76,83.75,90.05,82.77,92.44,84.45
"3493",206,1990,86.12,91.43,84.93,89.04,83.66,91.72,84.03
"3494",207,1990,81.95,87.37,80.81,90.15,78.49,93.62,83.7
"3495",208,1990,81.71,88.73,82.25,92.72,80.55,94.65,84.68
"3496",209,1990,90.42,94.21,90.59,95.11,87.71,97.44,88.3
"3497",210,1990,84.51,87.84,84.92,91.68,83.13,95.19,84.56
"3498",211,1990,89.91,94.73,89.62,94.25,89.8,96.14,89.99
"3499",212,1990,81.72,83.96,82.06,89.52,77.55,91.33,84.01
"3500",213,1990,77.19,82.8,77.51,88.73,75.87,90.38,83.08
"3501",214,1990,75.53,82.23,75,85.79,74.48,87.17,82.51
"3502",215,1990,83.25,87.11,83.84,93.01,81.92,95.4,85.89
"3503",216,1990,85.29,92.93,85.19,95.02,88.04,96.11,90.26
"3504",217,1990,82.66,83.87,84.09,86.48,83.08,86.54,84.75
"3505",218,1990,86.21,91.46,86.8,90.56,87.99,91.45,86.85
"3506",219,1990,91.06,94.37,90.28,94.11,91.7,94.92,90.95
"3507",220,1990,91.9,96.36,91,96.37,91.85,96.76,92.62
"3508",221,1990,88.77,94.3,88.5,95.04,90.65,94.39,91.68
"3509",222,1990,91.26,95.82,90.94,96.07,92.12,97.26,91.07
"3510",223,1990,87.78,93.01,86.8,93.25,86.21,95.69,86.8
"3511",224,1990,86.93,94.68,86.93,95.8,88.99,96.95,89.89
"3512",225,1990,88.84,95.71,87.39,95.94,88.76,97.66,88.99
"3513",226,1990,86.52,93.45,86.18,94.72,88.72,94.77,91.36
"3514",227,1990,89.55,92.81,89.93,89.38,91.12,88.81,89.16
"3515",228,1990,85.91,90.1,85.58,91.75,85.98,91.73,87.66
"3516",229,1990,83.22,82.19,84.43,84.83,81.51,84.52,81.24
"3517",230,1990,86.1,88.35,86.09,89.99,85.55,89.81,85.55
"3518",231,1990,84.28,83.5,85.02,83.64,82.57,85.65,80.12
"3519",232,1990,88.52,89.85,87.93,88.47,87.6,88.06,85.74
"3520",233,1990,88.87,90.82,88.64,88.6,88.15,91.09,83.96
"3521",234,1990,87.38,89.5,87.36,87.3,87.46,90.02,82.39
"3522",235,1990,87.97,92.51,85.94,89.26,87.53,90.41,83.64
"3523",236,1990,87.42,92.75,85.68,91.9,88.08,93.91,86.17
"3524",237,1990,84.77,91.11,84.05,92.43,85.82,93.19,88.82
"3525",238,1990,81.57,85.36,81.9,86.08,83.21,85.6,85.49
"3526",239,1990,84.74,88.14,84.72,87.65,84.81,86.25,86.49
"3527",240,1990,87.42,91.56,87.13,92.61,87.48,93.38,89.1
"3528",241,1990,87.05,91.33,86.82,90.59,87.61,91.29,87.84
"3529",242,1990,86.16,88.06,86.62,85.32,86.43,86.55,84.12
"3530",243,1990,82.73,85.76,83.14,82.31,84.12,82.16,83.36
"3531",244,1990,82.37,83.76,82.81,76.67,82.48,77.22,80.08
"3532",245,1990,89.9,93.31,89.4,88.47,90.85,87.57,88.21
"3533",246,1990,86.11,88.07,86.06,86.62,86.13,87.86,81.89
"3534",247,1990,86.6,90.72,86.25,86.86,87.49,87.84,84.29
"3535",248,1990,88.38,89.68,88.2,84.19,87.28,85.94,82.68
"3536",249,1990,84.67,86.63,84.37,84.02,84.84,84.43,84.18
"3537",250,1990,86.04,90.87,84.66,87.88,86.98,88.6,86.18
"3538",251,1990,85.43,87.11,84.94,84,84.76,84.93,82.03
"3539",252,1990,90.62,93.2,89.85,86.5,91,86.62,87.4
"3540",253,1990,88.67,91.04,88.43,86.33,88.71,88.88,85.85
"3541",254,1990,86,88.25,86.33,87.21,85.34,87.45,84.88
"3542",255,1990,84.11,87.41,84.61,85.13,86.16,84.72,84.74
"3543",256,1990,84.85,88.01,84.71,83.68,86.2,83.89,81.63
"3544",257,1990,88,93.26,88.49,91.36,89.83,92.02,87.37
"3545",258,1990,87.53,93.13,86.39,91.27,87.25,95.12,86
"3546",259,1990,78.19,82.79,78.29,86.76,76.67,89.18,81.32
"3547",260,1990,79.27,80.96,79.91,83.65,78.51,83.62,80.66
"3548",261,1990,80.69,84.37,81.09,84.97,82.3,84.58,82.31
"3549",262,1990,84.22,89.23,84.55,89.17,85.81,88.34,86.49
"3550",263,1990,87.74,90.44,87.71,90.02,88.43,90.08,86.95
"3551",264,1990,83.7,83.77,83.89,84.99,83.56,83.82,82.01
"3552",265,1990,85.52,90.04,85.52,87.5,85.44,87.47,86.22
"3553",266,1990,86.87,93.48,86.57,90.25,88.24,90.7,87.67
"3554",267,1990,88.78,90.83,88.43,88.09,89.84,88.79,85.79
"3555",268,1990,88.19,91.49,88.35,89.64,87.85,91.63,85.11
"3556",269,1990,82.61,86.85,83.34,88.8,83.13,90.15,84.51
"3557",270,1990,86,92.8,85.87,92.23,87.7,91.99,87.58
"3558",271,1990,90.65,93.52,90.19,91.34,91.08,90.86,89.06
"3559",272,1990,87.36,89.42,87.64,88.95,87.36,89,86.87
"3560",273,1990,84.09,83.63,83.83,82.33,84.9,80.99,82.58
"3561",274,1990,84.27,84.44,85.51,82.63,85.76,82.09,82.8
"3562",275,1990,86.4,90.57,86.8,85.05,86.9,84.91,84.84
"3563",276,1990,87.45,93.95,85.26,87.38,88.7,88.11,87.09
"3564",277,1990,87.37,89.16,86.32,85.67,87.72,84.28,85.09
"3565",278,1990,83.06,87.1,82.96,89.91,84.65,87.83,86.48
"3566",279,1990,85.09,87.74,84.33,89.32,85.13,90.34,85.69
"3567",280,1990,85.78,88.75,86.06,90.66,86.24,92.07,86.39
"3568",281,1990,88.11,91.34,87.76,90.54,88.55,90.24,87.68
"3569",282,1990,87.87,92.9,87.09,93.4,88.02,93.15,89.3
"3570",283,1990,85.35,88.57,85.01,86.51,86.26,86.88,84.67
"3571",284,1990,86.37,90.53,85.91,90.63,86.7,89.03,86.85
"3572",285,1990,86.24,90.36,85.74,91.81,86.5,91.49,88.05
"3573",286,1990,83.49,86.71,83.64,88.74,83.19,87.26,85.8
"3574",287,1990,85.58,89.37,85.33,86.81,87.21,88.54,84.58
"3575",288,1990,81.73,82.85,82.6,82.01,82.56,82.03,79.85
"3576",289,1990,83.37,85.11,83.61,83.58,83.91,81.37,84.15
"3577",290,1990,85.28,83.28,85.81,79.6,85.16,78.7,82.24
"3578",291,1990,85.85,91.43,85.25,85.71,88.13,85.65,85.18
"3579",292,1990,86.35,91.42,85.52,88.59,87.64,88.47,85.19
"3580",293,1990,89.31,89.84,89.18,87.54,88.36,87.27,84.71
"3581",294,1990,89.66,92.83,89.12,91.72,89.69,92.72,88.45
"3582",295,1990,89.59,93.91,89.01,93.87,90.21,93.66,90.26
"3583",296,1990,89.41,92.94,88.75,93.13,89.64,92.35,91.64
"3584",297,1990,87.74,90.44,87.39,89.42,87.8,90,88.09
"3585",298,1990,88.36,91.27,88.03,91.08,88.5,89.33,89.56
"3586",299,1990,88.43,90.54,88.89,92.81,87.97,92.47,90.33
"3587",300,1990,83.77,86.34,83.87,90.76,83.64,90.09,86.97
"3588",301,1990,87.66,89.56,87.21,90.67,87.61,91.89,86.83
"3589",302,1990,84.79,88.3,84.98,88.62,85,88.72,85.81
"3590",303,1990,85.78,88.45,85.79,88.92,85.92,86.95,87.78
"3591",304,1990,88.07,92.71,87.01,88.57,88.86,87.89,89.86
"3592",305,1990,90.79,96.37,89.32,89.39,92.86,90.27,90.41
"3593",306,1990,86.69,92.1,85.4,89.79,88.2,88.93,88.35
"3594",307,1990,85.52,85.92,85.16,87.21,85.11,87.02,83.43
"3595",308,1990,85.6,84.35,85.42,83.24,85.33,82.07,81.85
"3596",309,1990,87.73,90.56,88.02,86.91,88.47,86.44,85.8
"3597",310,1990,89.96,92.83,89.6,90.4,89.28,89.93,87.36
"3598",311,1990,88.72,87.89,88.84,87.23,88.12,87.82,84.93
"3599",312,1990,89.72,94.07,88.47,93.28,89.41,94.26,88.98
"3600",313,1990,87.45,91.84,87.12,92.19,88.06,92.77,87.73
"3601",314,1990,87.09,92.32,86.16,90.91,88.36,91.6,85.36
"3602",315,1990,89.25,91.39,88.3,88.86,89.84,91.49,84.37
"3603",316,1990,88.74,91.23,88.11,89.76,88.67,88.72,85.99
"3604",317,1990,85.92,88.4,85.64,88.67,85.83,87.58,84.67
"3605",318,1990,84.99,84.47,85.71,86.57,84.44,85.75,82.65
"3606",319,1990,86.91,89.74,86.67,91.81,87.89,92,87.14
"3607",320,1990,85.4,86.2,84.84,88.63,86.83,88.23,84.19
"3608",321,1990,86.85,91.06,86.08,90.72,87.51,88.92,88.82
"3609",322,1990,89.83,93.66,89.02,93.85,89.67,95.52,90.68
"3610",323,1990,92.39,97.59,90.88,97.81,92.93,97.6,95.25
"3611",324,1990,83.99,86.07,85.92,92.38,84.6,91.09,89.86
"3612",325,1990,81.72,78.45,83.62,82.46,79.84,79.79,82.25
"3613",326,1990,84.13,84.63,84.2,84.08,84.56,81.23,85.89
"3614",327,1990,87.09,87.95,86.38,83.43,87.52,80.51,86.22
"3615",328,1990,85.23,86.79,84.83,80.62,85.61,78.5,83.14
"3616",329,1990,84.77,82.75,85.71,78.93,83.84,77.03,80.48
"3617",330,1990,89.64,92.48,89.64,91.35,90.21,90.35,90.64
"3618",331,1990,85.35,85,85.68,85.25,84.93,83.78,84.01
"3619",332,1990,86.14,86.67,86.36,87.78,84.93,86.55,83.72
"3620",333,1990,86.14,86.13,86.64,86.96,85.33,85.56,84.23
"3621",334,1990,86.36,89.62,86.67,85.73,86.51,83.8,85.81
"3622",335,1990,87.16,89.44,87.42,84.72,87.63,83.69,86.12
"3623",336,1990,89.32,92.81,89.17,89.41,90.16,88.08,89.9
"3624",337,1990,92.32,96.16,91.43,93.17,93.46,91.13,93.84
"3625",338,1990,88.92,90.68,88.36,88.26,88.9,85.83,87.89
"3626",339,1990,88.65,95.88,88.23,95.26,90.71,94.17,94.28
"3627",340,1990,87.19,91.15,86.46,90.8,86.06,91.62,88
"3628",341,1990,84.45,86.68,84.44,86.49,83.25,85.49,84.57
"3629",342,1990,79.49,84.7,78.59,85.17,82.27,83.96,84.6
"3630",343,1990,78.31,85.47,77.9,87.9,81.01,86.92,86
"3631",344,1990,73.65,83.59,73.53,88.48,76.9,87.6,86.77
"3632",345,1990,72.13,80.51,72.48,83.37,74.98,83.73,81.19
"3633",346,1990,78.23,77.16,79.06,72.8,77.98,74.48,73.46
"3634",347,1990,83.08,80.71,84.09,78.74,82.01,78.38,80
"3635",348,1990,85.68,82.29,85.63,85.44,83.02,85.03,82.19
"3636",349,1990,81.52,78.03,82.46,80.6,79.65,79.52,78.64
"3637",350,1990,86.18,85.86,86.53,87.63,84.79,87.88,83.79
"3638",351,1990,86.67,87.24,86.47,89.82,85.68,89.34,86.94
"3639",352,1990,83.01,83.16,83.72,85.54,82.62,83.58,84.41
"3640",353,1990,82.18,88.84,81.95,91.05,84.25,89.89,87.77
"3641",354,1990,82.37,85.63,82.56,88.4,82.58,88.45,85.04
"3642",355,1990,78.11,83.91,78.18,86.18,79.88,85.51,83.31
"3643",356,1990,74.34,78.67,74.73,80.57,75.66,81.18,78.22
"3644",357,1990,71.39,76.78,71.96,81.01,72.9,78.52,79.24
"3645",358,1990,72.16,76.35,72.5,79.91,73.83,77.19,78.51
"3646",359,1990,73.08,73.77,74.15,80.15,73.38,76.06,78.65
"3647",360,1990,82.26,80.84,83.59,82.8,83.31,80.42,81.8
"3648",361,1990,84.82,84.2,84.7,84.89,83.79,83.22,83.2
"3649",362,1990,81.94,81.32,81.84,79.23,81.95,77.92,78.98
"3650",363,1990,80.26,79.27,81.06,77.42,79.52,76.05,77.18
"3651",364,1990,83.71,85.83,83.82,82.19,84.7,80.97,81.59
"3652",365,1990,83.85,88.09,83.91,86.02,85.8,84.04,84.95
"3653",1,1991,79.15,80.63,79.94,80.79,80.38,78.7,81.15
"3654",2,1991,74.61,77.35,75.69,81.4,74.95,79.76,79.54
"3655",3,1991,77.97,83.21,78.23,83.96,79.22,82.91,81.5
"3656",4,1991,73.86,74.36,74.43,78.5,72.88,76.59,76.19
"3657",5,1991,75.26,79.24,74.74,84.22,74.55,83.01,80.08
"3658",6,1991,76.25,81.41,75.57,87.84,77.61,85.47,84.03
"3659",7,1991,70.64,74.11,70.98,80.18,70.95,78.13,76.73
"3660",8,1991,69.65,72.99,69.72,78.23,69.96,76.17,75.38
"3661",9,1991,70.95,77.93,69.38,83.13,71.83,82.04,79.07
"3662",10,1991,68.19,73.75,67.57,80.07,69.74,78.38,77.26
"3663",11,1991,65.17,68.42,65.38,78.11,66.22,75.26,75.88
"3664",12,1991,63.7,68.84,63.39,77.15,66.3,75.5,74.44
"3665",13,1991,63.1,65.67,62.63,74.47,64.53,71.99,72.42
"3666",14,1991,65.2,70.14,63.47,72.64,67.56,71.55,70.79
"3667",15,1991,60,67.42,58.61,76.12,63.67,74.62,71.91
"3668",16,1991,57.34,63.76,56.2,75.31,60.27,73.44,70.65
"3669",17,1991,57.15,64.39,56.62,77.21,59.92,73.78,73.39
"3670",18,1991,58.21,61.56,58.34,72.81,60.04,69.78,70.02
"3671",19,1991,54.33,59.08,53.96,69.43,56.78,66.54,67.08
"3672",20,1991,53.7,57.93,52.59,66.04,56.4,63.66,63.76
"3673",21,1991,52.33,57.14,51.9,65.65,54.8,63.13,63.69
"3674",22,1991,52.71,58.46,52.29,65.06,55.04,62.21,64.87
"3675",23,1991,53.12,57.63,52.71,66.67,55.67,63.92,64.81
"3676",24,1991,52.29,54.75,51.52,65.66,53.18,62.71,62.06
"3677",25,1991,54.6,55.58,54.4,65.81,54.89,63.53,61.43
"3678",26,1991,55.05,55.91,55.05,67.7,55.54,65.36,63.05
"3679",27,1991,53.91,55.77,53.49,70.18,54.58,65.58,65.77
"3680",28,1991,52.14,56.24,51.45,71.82,53.32,67.78,67.35
"3681",29,1991,52.42,52.2,52.3,60.68,51.87,58.04,58.15
"3682",30,1991,51.55,50.56,51.66,60.43,51.72,55.77,58.03
"3683",31,1991,53.29,52.85,52.8,64.09,53.43,59.5,61.42
"3684",32,1991,48.95,51.12,49.28,59.27,50.05,56.62,58.2
"3685",33,1991,49.59,46.98,51.12,52.46,48.52,50.28,52.89
"3686",34,1991,51.94,51.74,52.29,57.56,52.33,54.66,57.96
"3687",35,1991,48.32,54.05,49.2,66.87,50.07,62.98,65.29
"3688",36,1991,47.91,53.96,48.11,66.98,50.08,62.51,66.02
"3689",37,1991,52.42,55.11,52.56,66.53,52.86,61.41,65.25
"3690",38,1991,57.46,60.84,57.21,73.26,59.1,67.24,71.4
"3691",39,1991,60.85,68.27,60.23,83.51,63.25,77.92,78.83
"3692",40,1991,61.62,67.38,61.13,80.05,64.29,75.09,76.3
"3693",41,1991,57.47,62.22,56.37,74.25,59.28,70.19,71.42
"3694",42,1991,56.92,61.87,57.17,76.2,58.81,73.36,71.55
"3695",43,1991,64.33,72.5,66.34,82.7,69.21,79.96,79.39
"3696",44,1991,63.75,65.42,66.38,73.42,67.42,69.71,73.09
"3697",45,1991,56.43,62.36,57.7,77.49,60.44,72.81,73.63
"3698",46,1991,52.01,58.71,53.71,75.14,56.62,70.38,70.98
"3699",47,1991,57.07,59.53,60.63,75.03,60.64,68.92,71.64
"3700",48,1991,66.29,75.31,67.09,84.18,73,80.84,81.31
"3701",49,1991,54.47,62.19,53.97,74.26,59.41,69.07,72.59
"3702",50,1991,49.52,56.44,49.61,69.28,52.42,65.36,66.98
"3703",51,1991,50.96,59.68,50.19,76.04,54.01,71.82,71.65
"3704",52,1991,51.79,63.61,50.63,81.58,54.44,78.54,75.75
"3705",53,1991,54.06,62.52,53.27,78.84,57.53,77.4,71.52
"3706",54,1991,72.86,78.17,73.19,87.17,71.63,87.84,79.94
"3707",55,1991,85.2,89.93,85.14,90.11,84.99,92.31,83.97
"3708",56,1991,88.11,94.32,88.26,95.58,90.86,95.3,93.09
"3709",57,1991,84.14,87.92,84.74,90.69,85.94,89.54,87.05
"3710",58,1991,80.87,82.58,81.63,85.46,80.78,84.28,82.18
"3711",59,1991,77.87,83.91,78.39,86.78,80.65,85.29,84.95
"3712",60,1991,64.54,64,66.05,71.3,63.87,68.9,69.75
"3713",61,1991,65.62,67.03,66.23,75.06,66.15,71.3,73.38
"3714",62,1991,63.7,69.09,64.16,77.69,65.52,74.98,76.1
"3715",63,1991,62.45,71.32,62.99,83.05,65.76,80.09,80.45
"3716",64,1991,63.21,69.25,64.38,81.46,64.77,77.48,79.34
"3717",65,1991,82.44,81.43,83.08,87.33,80.89,81.79,86.55
"3718",66,1991,89.81,91.37,90.96,90.54,89.77,87.51,89.47
"3719",67,1991,75.68,88.16,76.82,93.85,80.24,92.07,90.76
"3720",68,1991,75.6,80.22,76.43,88.47,76.47,87.02,84.27
"3721",69,1991,87.38,89,87.86,92.14,86.53,92.02,87.55
"3722",70,1991,91.31,93.89,91.2,94.61,91.73,93.8,92.51
"3723",71,1991,92.08,96.2,90.6,96.2,92.57,96.4,95.18
"3724",72,1991,89.46,93.12,88.76,92.32,89.25,92.39,89.85
"3725",73,1991,82.04,83.05,82.6,86.58,81.92,85.22,83.94
"3726",74,1991,73.1,70.43,74.7,72.56,71.93,70.89,73.07
"3727",75,1991,68.04,68.76,70.49,75.08,69.07,73.11,75.5
"3728",76,1991,70.8,66.84,73.15,67.01,71.12,66.11,69.34
"3729",77,1991,69.03,70.69,70.8,70.71,70.78,71.58,71.99
"3730",78,1991,66.53,69.93,67.52,72.65,68.08,73.35,72.27
"3731",79,1991,63.22,65.55,64.85,67.22,63.97,67.42,67.23
"3732",80,1991,65.21,63.11,66.29,64.16,65.15,63.71,64.94
"3733",81,1991,68.52,75.52,68.13,78.08,71.77,77.52,75.52
"3734",82,1991,60.41,64.05,61.06,71.01,61.2,69.28,69.62
"3735",83,1991,55.43,59.18,55.34,65.06,57.9,63.62,65.56
"3736",84,1991,57.93,64.29,56.72,74.2,61.06,71.69,72.56
"3737",85,1991,59.04,65.79,57.21,75.43,60.8,72.81,73.12
"3738",86,1991,65.48,77.04,63.18,87.33,67.96,83.44,82.88
"3739",87,1991,88.66,94.64,88.24,95.8,91.1,95.6,94.29
"3740",88,1991,77.82,82.99,78.52,86.49,83.04,84.41,86.81
"3741",89,1991,68.19,70.99,70.18,80.07,71.22,76.96,78.23
"3742",90,1991,61.64,67.58,63.08,78.25,64.47,75.36,75.41
"3743",91,1991,58.48,63.15,59.78,71.89,62.39,68.8,72.62
"3744",92,1991,57.62,64.33,58.87,75.61,62.34,71.92,75.83
"3745",93,1991,62.15,66.04,63.87,78.4,64.46,74.83,77.86
"3746",94,1991,79.18,77.89,80.47,83.52,79.94,80.95,81.7
"3747",95,1991,89.31,89.67,90.01,89.69,89.77,89.16,86.51
"3748",96,1991,93.04,96.76,93.01,94.9,93.43,94.4,93.86
"3749",97,1991,89.31,95.28,88.56,96.41,90.14,95.64,94.39
"3750",98,1991,87.84,91.68,88.24,91.99,87.96,92.47,88.61
"3751",99,1991,89.83,96.59,89.71,97.36,92.82,96.61,95.48
"3752",100,1991,91.71,96.5,91.36,97.75,92.25,98.14,93.51
"3753",101,1991,87.79,94.21,87.62,95.38,89.32,94.75,93.46
"3754",102,1991,85.39,87.22,85.76,89.18,85.22,87.9,87.11
"3755",103,1991,86.7,89.41,87.49,93.23,89.24,90.88,92.68
"3756",104,1991,84.03,83.51,84.87,88.39,84.54,83.98,89.03
"3757",105,1991,85.3,86.93,84.94,88.13,85.11,85.85,88.28
"3758",106,1991,88.03,87.44,88.93,91.04,87.14,88.57,88.85
"3759",107,1991,80.68,77.94,82.25,84.36,79.01,81.65,82.31
"3760",108,1991,83.35,86.9,84.7,87.39,84.8,84.01,88.57
"3761",109,1991,87.44,90.7,88.06,91.72,88.89,90.7,90.32
"3762",110,1991,91.91,94.89,91.21,95.05,91.55,95.53,91.11
"3763",111,1991,94.02,96.7,93.39,94.44,93.63,96.41,90.95
"3764",112,1991,92.82,97.18,92.21,97.03,92.24,98.83,92.31
"3765",113,1991,92.7,97.35,91.1,97.63,93.6,97.84,94.46
"3766",114,1991,89.41,91.29,89.32,87.46,90.91,86.66,88.18
"3767",115,1991,84.87,82.29,85.88,78.71,84.57,76.8,81.3
"3768",116,1991,84.4,85.54,85.77,82.96,85.91,81.51,84.08
"3769",117,1991,82.34,84.05,83.92,88.36,83.79,86.68,86.23
"3770",118,1991,87.05,87.61,86.68,88.56,87.07,87.23,86.36
"3771",119,1991,87.18,87.63,87.56,90.06,86.36,88.75,87.86
"3772",120,1991,87.97,92.14,88.06,93.13,89.96,91.14,92.3
"3773",121,1991,90.89,94.34,90.29,94.1,91.76,93.1,92.79
"3774",122,1991,88.36,91.03,89.28,93.56,88.32,94.26,88.99
"3775",123,1991,75.58,75.3,78.6,82.24,75.75,79.93,80.96
"3776",124,1991,73.92,72.58,78.46,81.03,74.7,77.25,80.3
"3777",125,1991,86.02,91.95,87.95,93.84,89.38,92.89,90.98
"3778",126,1991,84.9,86.59,86.11,90.48,85.42,90.7,86.35
"3779",127,1991,90.14,92.62,90.69,92.54,90.69,91.22,91.91
"3780",128,1991,88.54,87.16,89.46,85.14,88.27,84.24,86.33
"3781",129,1991,93.95,97.05,93.88,94.85,95.1,93.83,94.48
"3782",130,1991,91.66,96.65,91.33,97.21,92.14,98.36,93.43
"3783",131,1991,91.74,96.42,90.97,96.87,92.02,98.01,94.29
"3784",132,1991,94.49,96.95,94.18,94.91,95.39,95.52,93.73
"3785",133,1991,88.47,89.19,88.6,90.33,88.7,88.51,88.83
"3786",134,1991,82.68,84.51,83.51,86.94,84.7,84.55,86.1
"3787",135,1991,90.7,92.82,90.46,87.48,91.51,86.89,87.61
"3788",136,1991,91.66,96.01,90.74,93.85,93.48,93.41,90.55
"3789",137,1991,90.52,95.67,90.1,95.06,92.99,93.81,93.52
"3790",138,1991,86.85,89.2,86.81,86.89,87.96,84.64,89.03
"3791",139,1991,84.5,87.81,85.1,84.82,85.72,83.11,86.1
"3792",140,1991,84.7,88.78,85.57,87.24,85.91,85.02,87.45
"3793",141,1991,89.21,91.77,89.04,89.04,91.35,86.32,91.48
"3794",142,1991,90.02,90.25,90.15,84.71,90.61,82.69,87.37
"3795",143,1991,86.69,87.53,86.7,87.67,88.13,84.3,88.8
"3796",144,1991,88.09,87.14,89.13,87.68,88.05,84.89,87.03
"3797",145,1991,89.83,91.63,89.45,90.53,91.19,88.88,90.9
"3798",146,1991,85.7,85.92,86.6,86.24,85.84,84.36,85.63
"3799",147,1991,83.48,88.49,83.86,90.08,84.24,90.27,86.29
"3800",148,1991,84.27,85.26,85,88.1,84.12,87.17,84.46
"3801",149,1991,87.82,88.82,88.64,90.48,88.02,90.46,86.39
"3802",150,1991,89.23,94.06,89.17,94.77,89.56,94.74,91.49
"3803",151,1991,93.89,95.99,93.64,93.88,94.52,94.37,92.02
"3804",152,1991,88.49,92.53,88.31,92.6,90.1,91.6,91.35
"3805",153,1991,84.66,89.23,85.27,91.31,86.76,88.62,90.48
"3806",154,1991,82.87,84.08,83.62,83.69,83.96,81.52,84.71
"3807",155,1991,79.11,76.71,81.05,80.71,79.07,78.49,81.03
"3808",156,1991,82.7,82.69,84.05,87.59,82.29,85.76,84.37
"3809",157,1991,88.4,92.2,88.12,91.04,89.92,89.67,90.31
"3810",158,1991,82.24,81.76,84.5,85.96,81.88,83.99,84.11
"3811",159,1991,87.46,88.96,89.25,91.15,88.17,90.25,87.79
"3812",160,1991,89.76,92.1,89.61,92.98,89.48,91.48,89.17
"3813",161,1991,91.51,93.69,91.49,95.31,91.6,96.16,92.66
"3814",162,1991,81.06,84.04,81.87,90.76,81.84,92.53,86.89
"3815",163,1991,89.13,91.75,88.98,95.93,89.47,97.08,92.6
"3816",164,1991,89.48,94.25,88.44,95.79,88.48,97.46,90.2
"3817",165,1991,89.76,92.92,90.55,93.62,92.07,91.97,93.39
"3818",166,1991,92.43,96,92.11,93.25,94.12,91.69,94.02
"3819",167,1991,92.5,98.44,92.01,97.47,94.85,96.71,96.64
"3820",168,1991,96.03,99.07,95.08,97.38,96.46,98.14,95.24
"3821",169,1991,90.97,94.76,90.51,96.49,90.38,95.66,92.48
"3822",170,1991,89.4,93.52,88.99,94.4,90.62,94.28,91.62
"3823",171,1991,84.95,85.88,85.41,89.82,85.63,89.2,86.7
"3824",172,1991,80.22,75.47,81.7,83.29,79.47,80.75,81.2
"3825",173,1991,83.83,82.79,85.96,84.65,82.71,82.81,83.84
"3826",174,1991,87.81,86.61,89.01,85.53,87.35,82.11,86.17
"3827",175,1991,95.75,97.54,95.95,94.3,96.31,93.08,94.06
"3828",176,1991,95.5,96.32,95.44,93.63,94.76,94.62,91.54
"3829",177,1991,86.66,82.09,88.01,82.89,86.42,80.32,84.74
"3830",178,1991,92.25,93.97,91.98,89.89,92.53,87.95,90.92
"3831",179,1991,94.56,97.81,94.24,96.28,94.74,96.49,95.36
"3832",180,1991,93.36,97.31,92.8,96.71,93.54,97.1,93.38
"3833",181,1991,88.12,88.75,88.67,90.86,86.82,93.25,86.17
"3834",182,1991,88.61,92.18,89.35,94.36,87.16,96.28,88.71
"3835",183,1991,92.83,95.54,92.23,96.53,92.06,95.87,93.88
"3836",184,1991,94.3,97.29,93.35,96.59,94.47,96.72,96.54
"3837",185,1991,94.67,98.19,94.14,97.99,96.45,97.81,97.38
"3838",186,1991,88.5,92.64,88.79,93.69,91.36,92.38,92.29
"3839",187,1991,91.8,95.13,92.1,89.02,92.89,90.18,91.27
"3840",188,1991,92.43,99.12,90.99,96.96,93.17,96.67,95.95
"3841",189,1991,90.39,94.86,89.69,94.67,91.09,95.65,91.75
"3842",190,1991,92.77,95.05,91.66,93.29,91.82,93.85,91.25
"3843",191,1991,89.75,93.27,89.74,93.22,91.51,91.85,91.56
"3844",192,1991,87.77,87.66,87.67,87.29,87.74,87.64,85.66
"3845",193,1991,81.75,73.91,84.18,75.54,80.07,73.76,77.71
"3846",194,1991,88.54,90.81,89.02,82.35,90.39,83.12,85.97
"3847",195,1991,90.92,96.52,90.15,94.55,92.78,93.98,93.41
"3848",196,1991,90.88,94.06,89.92,94.81,90.71,96.81,90.92
"3849",197,1991,86.07,89.67,85.76,92.33,85.11,94.21,87.59
"3850",198,1991,89.48,96.41,89.02,96.72,90.17,97.06,93.24
"3851",199,1991,93.34,96.51,93.06,95.56,93.54,94.61,94.16
"3852",200,1991,89.44,94.16,88.21,93.21,89.1,93.06,89.9
"3853",201,1991,88.46,91.21,88.09,89.97,90.2,89.34,88.64
"3854",202,1991,91.69,92.68,91.46,90.64,92.59,90.29,88.8
"3855",203,1991,88.37,90,88.63,92.09,88.07,91.54,89.34
"3856",204,1991,89.06,89.27,89.36,88.45,88.4,88.23,88.62
"3857",205,1991,91.56,95.31,90.06,94.99,90.87,96.34,92.05
"3858",206,1991,88.11,91.22,87.42,94.03,86.75,94.5,89.91
"3859",207,1991,82.65,78.84,84.93,83.72,82.72,81.04,83.25
"3860",208,1991,81.13,75.89,83.31,76.38,80.08,75.36,78.47
"3861",209,1991,87.96,87.35,88.44,85.76,87.8,82.24,86.77
"3862",210,1991,90.23,92.7,88.96,92.04,89.95,90.65,89.25
"3863",211,1991,90.72,93.69,90.05,90.15,91.29,88.01,90.06
"3864",212,1991,92.53,95.85,91.7,95.08,92.9,93.93,93.64
"3865",213,1991,90.12,95.87,89.02,94.84,90.36,96.08,90.95
"3866",214,1991,90.19,93.39,89.89,91.48,89.67,92.4,87.87
"3867",215,1991,92.01,94.49,91.34,92.64,91.5,93.63,90.94
"3868",216,1991,85.22,89.26,85.39,93.62,84.63,94.64,88.29
"3869",217,1991,86.21,93.52,86.4,94.92,89.36,95.05,92.89
"3870",218,1991,91.37,91.66,91.44,91.61,92.53,90.55,92.44
"3871",219,1991,90.71,91.43,90.66,93.6,90.31,93.23,91.71
"3872",220,1991,89.5,87.67,89.64,88.95,88.52,88.05,87.82
"3873",221,1991,87.74,85.32,87.46,84.98,86.98,82.66,85.38
"3874",222,1991,85.06,88.87,85.64,88.2,86.35,87.91,86.02
"3875",223,1991,90.02,94.93,89.17,92.81,90.58,93.59,89.85
"3876",224,1991,87.6,89.42,87.92,88.95,86.95,90.56,84.93
"3877",225,1991,87.43,90.44,87.06,92.86,87.51,95.66,86.42
"3878",226,1991,86.93,90.39,87.13,91.81,85.17,94.67,84.36
"3879",227,1991,82.08,84.67,83.08,88.25,80.05,91.23,81.21
"3880",228,1991,83.68,87.49,84.41,89.21,82.54,89.77,83.99
"3881",229,1991,90.29,95.24,89.64,93.26,90.81,93.69,89.47
"3882",230,1991,85.43,89.55,84.43,91.57,82.75,94.44,84.12
"3883",231,1991,84.75,89.94,84.81,91.82,79.39,95.2,82.74
"3884",232,1991,88.15,91.15,89.2,94.77,87.76,95.78,89.73
"3885",233,1991,83.9,87.01,84.63,92.75,84.15,93.24,87.59
"3886",234,1991,82.84,87.02,83.33,90.91,83.92,92.48,84.48
"3887",235,1991,85.98,92.35,84.94,93.6,87.71,93.76,87.54
"3888",236,1991,87.27,91.03,86.49,90.09,89.2,90.61,86.67
"3889",237,1991,88.09,91.8,88.24,88.86,88.79,88.53,88.47
"3890",238,1991,81.58,80.16,82.22,79.61,82.25,78.93,80.47
"3891",239,1991,86.11,87.47,86.08,84.57,86.06,83.32,85.3
"3892",240,1991,91.85,95.71,91.04,94.46,91.9,96.7,88.01
"3893",241,1991,89.55,94.94,89.26,94.38,91.56,96.73,89.66
"3894",242,1991,89.33,93.76,89.23,93.87,90.57,94.09,89.86
"3895",243,1991,88.89,92.98,88.51,91.41,89.05,90.84,88.79
"3896",244,1991,90.92,96.58,90.18,93.43,91.86,95.13,89.25
"3897",245,1991,86.82,88.83,87.82,90.03,86.97,89.85,87.3
"3898",246,1991,82.46,82.4,83.72,85.15,82.23,84.87,83.51
"3899",247,1991,87.81,91.74,87.31,90.94,89.04,90.57,88.69
"3900",248,1991,88.97,94.41,86.79,93.54,90.12,93.25,89.34
"3901",249,1991,89.03,91.5,88.28,89.52,89.88,89.37,86.53
"3902",250,1991,88.33,89.58,88.21,88.04,88.5,88.75,85
"3903",251,1991,85.43,86.75,84.73,86.52,85.91,86.06,84.43
"3904",252,1991,90.54,94.82,89.13,93.77,90.22,94.21,89.77
"3905",253,1991,89.93,93.31,89.73,92.19,89.59,95.22,86.47
"3906",254,1991,86.18,92.21,85.84,92.67,85.83,95.3,84.67
"3907",255,1991,86.07,89.05,85.67,85.38,85.74,88.52,80.49
"3908",256,1991,87.72,89.56,87.65,85.96,88.14,85.36,85.15
"3909",257,1991,86.79,84.1,87.26,82.3,85.23,81.47,83.51
"3910",258,1991,90.63,96.18,89.8,92.84,91.22,91.6,91.85
"3911",259,1991,91.48,96.13,90.03,94.67,92.3,95.18,92.34
"3912",260,1991,84.15,87.72,84.57,89.36,85.07,90.37,85.78
"3913",261,1991,85.41,88.18,84.99,83.97,85.62,83.1,84.24
"3914",262,1991,87.58,90.67,86.9,89.01,87.43,88.07,87.63
"3915",263,1991,92.08,95.33,91.62,94.24,92.3,92.37,93.35
"3916",264,1991,89.8,94.99,89.15,93.35,90.31,93.9,90.47
"3917",265,1991,89.46,94.67,88.34,91.91,90.87,91.58,89.43
"3918",266,1991,90.48,91.87,89.39,90.03,90.12,88.76,88.14
"3919",267,1991,90.51,95.59,89.17,94.94,91.2,95.67,90.76
"3920",268,1991,87.61,90.23,87.41,90.51,88.84,91.85,87.22
"3921",269,1991,88.49,93.38,87.73,91.43,90.44,91.37,88.65
"3922",270,1991,89.38,92.83,88.69,90.2,90.31,89.86,87.87
"3923",271,1991,86.35,87.5,85.84,88.13,86.06,87.56,84.72
"3924",272,1991,85.24,85.77,84.14,84.23,85.81,82.64,84.48
"3925",273,1991,82.9,82.99,83,75.97,83.36,76.86,78.64
"3926",274,1991,84.57,88.78,85.34,84.99,84.79,84.49,84.28
"3927",275,1991,83.9,86.6,83.63,86.45,84.94,84.92,84.2
"3928",276,1991,83.37,83.65,83.25,81.92,83.22,79.38,81.4
"3929",277,1991,78.89,78.35,79.91,78.85,79.36,77.33,78.95
"3930",278,1991,79.78,83.03,79.99,76.63,81.23,77.26,78.84
"3931",279,1991,83.24,84.67,83.75,81.47,83.77,81.5,82.95
"3932",280,1991,85.77,92.88,84.85,90.83,88.87,89.7,90.61
"3933",281,1991,89.97,94.66,89.64,92.55,91.85,91.64,90.55
"3934",282,1991,92.12,96.04,91.38,96.24,91.36,97.44,92.3
"3935",283,1991,86.02,88.16,86.62,91.34,86.18,91.64,87.8
"3936",284,1991,82.3,85.36,82.68,87.36,82.75,85.32,83.91
"3937",285,1991,88.58,90.5,88.8,90.31,89.29,88.73,87.53
"3938",286,1991,84.26,86.14,84.19,87.18,84.84,87.88,84.8
"3939",287,1991,84.37,86.98,84.11,89.32,85.47,88.76,87.05
"3940",288,1991,84.58,89.99,83.62,89.93,85.67,88.4,89.52
"3941",289,1991,89.28,92.99,89.02,91.53,90.72,90.1,90.98
"3942",290,1991,90.69,94.46,90.16,93.6,90.8,93.88,89.74
"3943",291,1991,92.1,94.48,92.11,93.87,91.88,94.6,90.1
"3944",292,1991,86.58,84.39,88.36,86.33,85.65,88.88,82.25
"3945",293,1991,83.03,83.67,84.14,83.82,83.42,84.09,81.72
"3946",294,1991,83.7,81.1,85.62,81.53,82.43,82.39,78.56
"3947",295,1991,88.7,90.06,89.07,86.12,89.32,85.41,85.91
"3948",296,1991,84.68,87.88,84.56,86.59,85.5,85.26,86.13
"3949",297,1991,82.78,81.8,83.33,82.3,82.23,81,80.84
"3950",298,1991,85.58,85.63,85.78,86.23,84.57,84.21,84.2
"3951",299,1991,89.27,93.38,88.87,91.5,90.18,90.63,88.82
"3952",300,1991,90.43,93.81,90.32,93.64,90.94,93.17,91
"3953",301,1991,87.87,91.77,87.48,92.57,89.12,92.96,89.3
"3954",302,1991,84.96,86.01,85.33,87.98,85.78,87.72,86.39
"3955",303,1991,87.53,90.95,87.59,91.93,88.18,91.41,88.49
"3956",304,1991,90.35,91.93,89.6,91.01,89.98,90.71,88.13
"3957",305,1991,83.74,85.77,84.28,88.05,83.76,87.09,84.73
"3958",306,1991,81.71,77.9,82.76,79.94,80.27,77.61,80.8
"3959",307,1991,84.98,88.58,84.78,82.4,86.24,82.6,84.8
"3960",308,1991,85.01,89.24,84.98,85.73,86.35,85.26,86.87
"3961",309,1991,87.13,89.93,86.54,85.46,87.75,83.08,87.36
"3962",310,1991,85.64,87.54,85.3,85,85.29,83.44,86.12
"3963",311,1991,89.75,95.71,88.91,94.88,91.32,94.42,93.07
"3964",312,1991,89.06,92.82,87.7,93.06,89.78,92.92,90.23
"3965",313,1991,88.21,90.3,87.67,92.28,87.99,91.51,89.13
"3966",314,1991,86.15,87.9,85.37,88.61,85.58,85.25,88.07
"3967",315,1991,83.17,82.79,83.3,80.22,82.65,78.82,82.53
"3968",316,1991,83.43,85.02,83.69,79.64,83.85,80.47,82.09
"3969",317,1991,80.97,86.2,80.9,84.11,82.55,84.45,83.53
"3970",318,1991,79.92,84.23,79.67,83.02,81.14,81.81,83.1
"3971",319,1991,81.4,80.46,82.31,80.74,80.23,79.87,81.3
"3972",320,1991,83.35,83.28,83.82,83.51,82.57,81.93,84.78
"3973",321,1991,84.22,89.6,84.39,88.01,84.92,87.29,88.82
"3974",322,1991,83.53,88.84,83.15,87.68,84.64,87.18,87.41
"3975",323,1991,84.62,86.33,84.98,84,84.87,82.01,84.58
"3976",324,1991,86.62,89.89,86.69,86.26,87.54,83.36,87.16
"3977",325,1991,88.3,94.11,88.47,91.3,90.74,91.06,91.8
"3978",326,1991,91.64,95.3,90.72,92.43,92.35,91.99,91.83
"3979",327,1991,87.34,91.29,86.24,91.95,87.95,91.82,89.52
"3980",328,1991,85.24,90.16,84.78,89.84,86.06,90.86,86.75
"3981",329,1991,86.51,89.33,86.04,87.99,85.89,86.96,86.12
"3982",330,1991,91.96,93.81,91.3,92.87,91.79,92.3,91.02
"3983",331,1991,93.05,96.35,92.53,94.83,93.44,95.22,91.3
"3984",332,1991,87.09,91.96,87.45,93.71,88.23,93.39,90.56
"3985",333,1991,83.65,85.27,84.82,87.78,84.91,85.63,87.22
"3986",334,1991,84.3,83.72,84.68,82.74,83.27,81.57,83.43
"3987",335,1991,87.87,90.51,87.27,87.77,87.9,86.78,86.84
"3988",336,1991,87.72,89.4,87.14,89.77,86.88,89.53,86.92
"3989",337,1991,80.76,85.14,80.58,86.74,81.94,86.48,84.01
"3990",338,1991,75.36,78.26,75.33,79.63,75.93,79.58,77.52
"3991",339,1991,75.77,78.04,76.43,80.33,76.08,78.71,79.48
"3992",340,1991,75.55,74.44,77.13,76.56,72.81,76.47,75.25
"3993",341,1991,80.52,80.11,80.93,80.09,78.29,79.82,78.58
"3994",342,1991,82.89,81.92,82.11,83.31,81.08,81.9,81.24
"3995",343,1991,78.93,81.27,78.54,82.12,79.96,80.14,82.32
"3996",344,1991,74.14,76.72,74.94,77.09,74.63,76.24,77.4
"3997",345,1991,75.11,77.31,75.21,73.68,75.34,73.96,75.27
"3998",346,1991,74.19,75.84,75.01,75.33,74.41,74.34,76.02
"3999",347,1991,73.08,77.5,74.14,79.87,74.12,78.27,78.55
"4000",348,1991,73.29,79.74,73.82,81.55,74.37,81.12,79.17
"4001",349,1991,71.43,75.35,72.27,82.91,72.37,81.12,80.68
"4002",350,1991,72.48,75.24,72.67,82.51,73.61,79.57,81.76
"4003",351,1991,75.42,74.77,76,80.5,74.92,77.23,81.15
"4004",352,1991,80.68,83.38,80.2,82.04,81.76,79.98,82.81
"4005",353,1991,74.05,85.05,72.76,83.32,78.5,81.15,83.98
"4006",354,1991,70.82,83.41,69.7,83.62,74.35,83.03,81.63
"4007",355,1991,65.58,75.58,64.55,77.39,68.88,76.54,75.57
"4008",356,1991,66.81,68.04,66.28,72.65,67.57,69.4,73.09
"4009",357,1991,68.5,70.81,68.19,74.91,69.77,71.87,75.03
"4010",358,1991,70.98,71.56,70.52,76.63,71.19,73.83,76.78
"4011",359,1991,74.51,76.27,74.54,77.87,75.07,75.72,77.09
"4012",360,1991,77.53,80.96,77.4,80.79,78.09,80.29,78.56
"4013",361,1991,78.07,81.4,77.31,84.85,78.85,83.33,81.15
"4014",362,1991,74.46,75.99,72.87,79.78,75.19,76.87,77.72
"4015",363,1991,69.62,73.96,68.74,75.18,71.82,73.33,74.95
"4016",364,1991,70.03,70.41,69.75,74.2,70.61,71.25,73.68
"4017",365,1991,69.18,70.44,69.49,75.59,68.48,72.84,73.2
"4018",1,1992,69.84,69.21,70.19,76.4,68.08,73.2,73.67
"4019",2,1992,76.17,81.05,75.18,83.53,78.05,81.32,80.26
"4020",3,1992,74.91,77.05,74.32,81.98,74.72,79.11,78.53
"4021",4,1992,74.84,81.34,74.85,86.53,77.12,85.24,81.39
"4022",5,1992,85.56,89.22,85.67,90.67,85.97,89.86,86.96
"4023",6,1992,91.13,95.31,90.05,94.66,93.22,95.65,91.81
"4024",7,1992,83.23,85.37,82.98,83.22,83.99,82.71,82.61
"4025",8,1992,73.31,75.21,74.21,73.57,74.83,73.05,75.23
"4026",9,1992,68.25,70.06,69.15,65.39,68.79,67.03,67.1
"4027",10,1992,64.12,62.02,65.89,66,62.15,65.5,64.12
"4028",11,1992,64.88,65.97,66.05,74.84,64.4,71.37,71.28
"4029",12,1992,63.48,65.62,64.42,72.29,63.32,69.12,69.86
"4030",13,1992,66.09,63.73,66.41,63.45,64.75,63.36,63.56
"4031",14,1992,66.02,63.89,66.3,63.65,65.84,63.83,63.92
"4032",15,1992,62.28,65.13,62.47,71.19,62.95,69.39,68.15
"4033",16,1992,63.62,64.95,63.44,68.34,63.75,67.39,66.4
"4034",17,1992,63.76,64.84,63.48,74.36,63.02,72.17,70.18
"4035",18,1992,58.39,65.36,57.24,77.7,60.4,76.28,71.3
"4036",19,1992,59.54,62.5,58.2,73.02,60.53,70.36,68.44
"4037",20,1992,59.03,61.3,58.48,72.98,58.78,69.71,68.34
"4038",21,1992,57.97,61.44,57.06,75.62,58.48,71.45,70.39
"4039",22,1992,59.62,62.87,58.9,74.38,59.8,70.22,71.02
"4040",23,1992,60.85,67.58,59.29,76.72,62.46,73.82,73.19
"4041",24,1992,59.38,64.89,57.67,75.49,60.94,71.85,72.5
"4042",25,1992,58.17,69.09,56.54,79.5,61.14,77.63,76.33
"4043",26,1992,54.3,61.87,53.22,73.08,57.19,71.17,69.54
"4044",27,1992,52.78,56.43,51.5,63.34,54.23,59.99,62.01
"4045",28,1992,55.26,54.3,54.35,60.59,54.83,58.54,59.59
"4046",29,1992,59.49,62.97,59.08,65.05,60.48,63.06,64.84
"4047",30,1992,58.07,63.89,56.83,71.87,60.61,68.84,70.34
"4048",31,1992,52.73,63.52,52.03,79.7,56.67,74.95,76.21
"4049",32,1992,47.61,59.78,46.47,75.08,52.32,70.62,72.62
"4050",33,1992,46.95,57.36,44.88,71.25,50.25,67.39,68.67
"4051",34,1992,46.75,55.42,45.39,70.28,49.13,65.83,66.79
"4052",35,1992,47.15,55.04,46.41,69.07,48.63,64.01,66.12
"4053",36,1992,49.97,56.12,49.52,69.48,51.14,65.19,66.61
"4054",37,1992,54.54,58,54.53,71.03,54.49,66.73,68.29
"4055",38,1992,73.16,70.41,72.98,76.3,70.99,73.45,74.68
"4056",39,1992,76.37,77.39,77.27,84.04,77.53,84.48,79.12
"4057",40,1992,62.87,65.28,63.66,75.22,63.98,72.09,71.46
"4058",41,1992,53.1,56.82,52.27,62.49,56.14,61.73,62.13
"4059",42,1992,52.19,51.22,52.82,61.75,52.4,58.48,60.29
"4060",43,1992,54.01,56.63,53.44,67.86,55.09,64.98,65.65
"4061",44,1992,55,66.13,54.48,79.9,58.23,78.27,75.03
"4062",45,1992,52.93,59.91,51.88,71.59,55.32,69.03,67.7
"4063",46,1992,47.82,50.2,46.34,60.41,48.74,56.92,58.81
"4064",47,1992,49.08,47.4,48.59,55.91,47.78,53.11,54.8
"4065",48,1992,53.07,54.28,52.01,64.63,53.43,61.15,61.75
"4066",49,1992,50.62,58.94,48.31,72.54,53.74,68.29,68.77
"4067",50,1992,46.62,54.33,45.35,70.76,50,65.63,67.38
"4068",51,1992,49.91,53.91,49.63,71.2,50,66.69,65.68
"4069",52,1992,52.45,59.45,51.6,75.55,53.52,72.02,69.82
"4070",53,1992,51.22,59.96,49.77,76.2,53.16,73.45,70.6
"4071",54,1992,55.01,70.03,52.75,84.48,57.72,82.2,77.58
"4072",55,1992,54.3,67.55,52.2,80.87,57.99,79.41,73.97
"4073",56,1992,54.55,68.45,53.65,85.14,58.1,83.84,76.25
"4074",57,1992,52.31,60.92,51.88,77.74,54,74.59,72.26
"4075",58,1992,48.42,56.01,47.98,68.91,49.55,66.73,65.52
"4076",59,1992,48.56,56.26,48.8,70.88,49.94,67.64,67.41
"4077",60,1992,58.47,69.37,59.38,81.79,61.9,78.61,77.08
"4078",61,1992,72.57,79.65,73.54,90.06,73.72,87.32,86.77
"4079",62,1992,67.67,76.22,66.71,84.06,69.5,82.99,79.1
"4080",63,1992,56.98,69.98,56.04,82.05,59.87,81.61,76.28
"4081",64,1992,52.72,64.05,52.02,79.27,56.89,77.04,74.6
"4082",65,1992,51.4,63.6,49.6,79.44,53.97,77.42,74.09
"4083",66,1992,52.5,61.26,53.25,78.87,54.42,74.9,74.13
"4084",67,1992,67.94,70.74,70.53,81.37,67.69,78.8,77.04
"4085",68,1992,79.67,85.16,81.99,87.81,82.52,87.04,86.77
"4086",69,1992,72.79,75.36,76.03,84.97,73.32,83.31,81.43
"4087",70,1992,68.21,73.18,70.51,79.39,70.6,78,77.58
"4088",71,1992,68.08,67.44,71.85,78.36,68.45,75.96,75.43
"4089",72,1992,79.58,81.18,81.63,86.92,81.2,85.9,82.97
"4090",73,1992,67.6,72.48,71.07,82.23,71.09,80.27,78.98
"4091",74,1992,70.91,70.72,74.62,80.8,73.3,76.9,79.03
"4092",75,1992,74.93,76.32,77.83,83.01,79.66,80.27,82
"4093",76,1992,69.25,72.24,70.51,75.73,74.19,73.07,76.55
"4094",77,1992,55.3,59.46,57.47,69.9,61.66,65.98,70.93
"4095",78,1992,49.76,54.97,51.24,66.75,55.65,63.62,65.29
"4096",79,1992,51.68,55.19,52.51,67.36,55.01,63.91,66.21
"4097",80,1992,52.22,53.29,52.72,67.54,53.45,63.58,67.01
"4098",81,1992,46.93,53.01,47.85,62.9,50.77,61.06,62.43
"4099",82,1992,39.02,46.96,38.41,61.42,43.46,59.71,59.28
"4100",83,1992,37.36,45.27,36.49,58.63,39.82,57.43,56.06
"4101",84,1992,40.54,44.65,40.48,56.46,43.2,53.12,55.67
"4102",85,1992,41.27,43.05,41.39,49.9,42.43,48.34,51.88
"4103",86,1992,39.23,43.84,38.75,48.62,41.38,46.43,50.02
"4104",87,1992,40.04,46.46,38.74,57.76,41.57,55.16,57.29
"4105",88,1992,38.42,46.27,37.31,63.53,40.71,57.5,61.93
"4106",89,1992,37.82,43.73,37.33,59.93,39.61,54.72,57.95
"4107",90,1992,46.06,52.02,46.51,65.61,48.31,60.78,63.19
"4108",91,1992,58.28,65.7,60.6,75.86,61.44,71.38,75.15
"4109",92,1992,66.64,74.8,69.53,84.38,72.3,79.83,84.94
"4110",93,1992,79.09,81.64,78.24,84.21,82.86,81.35,86.23
"4111",94,1992,73.17,72.38,73.01,78.35,74.24,75.9,79.15
"4112",95,1992,72.02,71.99,73.81,78.75,75.28,76.95,80.41
"4113",96,1992,76.01,73.61,77.72,75.32,76.69,73.84,76.72
"4114",97,1992,79.71,77.04,81.72,76.83,81.16,75.5,78.98
"4115",98,1992,81.32,82.21,82.14,81.6,84.05,81.37,81.68
"4116",99,1992,76.56,75.88,80.94,78.22,77.19,77.83,77.76
"4117",100,1992,82.81,81.86,85.68,82.81,84.02,81.41,82.91
"4118",101,1992,79.84,77.67,82.55,83.11,81.06,79.74,81.22
"4119",102,1992,72.22,75.28,75.39,81.34,74.84,79.11,80.3
"4120",103,1992,63.63,62.22,67.37,69.26,66.68,65.61,70.86
"4121",104,1992,61.93,59.32,66.67,67.2,63.91,62.89,68.83
"4122",105,1992,60.79,61.02,64.42,69.83,64.01,65.5,70.45
"4123",106,1992,64.46,66.2,68.59,78.07,68.74,72.25,78.63
"4124",107,1992,81.88,82.53,84.63,88.34,82.48,84.53,85.27
"4125",108,1992,87.32,86.5,86.96,90.8,86.3,89.88,88.92
"4126",109,1992,86.21,91.56,86.2,91.62,88.38,89.86,90.6
"4127",110,1992,85.06,88.34,85.11,85.83,86.25,85.14,85.76
"4128",111,1992,81.91,81.21,82.83,82.67,81.48,79.79,82.86
"4129",112,1992,80.95,85.13,81.54,87.65,81.05,85.48,85.38
"4130",113,1992,83.23,87.66,83.99,89.62,84.66,88.54,85.98
"4131",114,1992,89.79,91.44,89.37,89.9,89.48,90.78,85.49
"4132",115,1992,91.37,93.47,91.33,92.32,91.27,93.65,87.82
"4133",116,1992,90.85,94.78,91.07,93.36,91.7,92.57,89.55
"4134",117,1992,93.44,96.19,92.65,93.57,94.72,93.45,91.6
"4135",118,1992,95.12,98.74,94.55,98,95.26,98.53,95.55
"4136",119,1992,92.82,95.65,92.37,95.81,92.53,96.42,91.8
"4137",120,1992,85.08,86.04,85.64,86.82,85.08,86.46,84.36
"4138",121,1992,72.92,71.92,74.75,76.42,72.03,73.65,76.95
"4139",122,1992,70.18,69.63,71.89,74.72,71.68,71.96,74.26
"4140",123,1992,72.06,72.55,75.12,77.56,72.71,75.13,76.4
"4141",124,1992,84.27,82.16,86.55,81.82,84.81,78.85,84.1
"4142",125,1992,85.61,87.81,86.09,86.15,86.88,84.71,87.5
"4143",126,1992,87.18,90.7,86.99,87.34,88.01,86.59,87.09
"4144",127,1992,87.72,88.41,87.95,87.57,87.66,86.48,85.26
"4145",128,1992,84.6,82.2,85.7,84.43,85.02,81.81,82.98
"4146",129,1992,84.22,85.96,85.02,82.93,85.21,81.97,83.05
"4147",130,1992,88.5,92.34,88.87,88.24,88.57,87.5,89.35
"4148",131,1992,90.73,92.39,90.44,91.39,90.31,90.88,88.84
"4149",132,1992,88.74,91.09,88.64,90.37,89.59,90.75,88.61
"4150",133,1992,86.63,92.14,86.43,94.24,88.77,94.02,90.69
"4151",134,1992,88,93.81,87.71,94.85,91.15,95.53,90.65
"4152",135,1992,90.69,95.05,91.18,95.68,91.27,96.5,90.16
"4153",136,1992,92.03,98,91.66,98.98,93.67,99.53,96.67
"4154",137,1992,89.2,90.5,88.91,90.52,86.52,90.05,88.04
"4155",138,1992,90.75,93.64,90.27,93.46,90.85,93.3,90.56
"4156",139,1992,90.63,95.33,88.9,94.28,91.71,93.93,91.26
"4157",140,1992,85.48,87.18,85.13,88.81,84.5,89.54,84.32
"4158",141,1992,90.55,95,90.03,96.34,90.92,96.91,92.11
"4159",142,1992,90.59,96.12,89.57,96,91.71,96.12,92.2
"4160",143,1992,92.21,96.51,90.86,94.52,91.65,96.67,91.32
"4161",144,1992,88,92.35,87.43,94.65,88.03,94.77,90.39
"4162",145,1992,85.88,90.21,85.58,93.43,86.52,92.34,88.49
"4163",146,1992,83.28,87.94,83.81,88.64,84.98,89.79,84.48
"4164",147,1992,86.18,87.7,86.71,88.86,86.94,87.76,86.44
"4165",148,1992,90.52,89.87,91.17,88.09,89.93,87.06,86.45
"4166",149,1992,86.08,87.77,86.43,86.2,87.61,84.1,86.95
"4167",150,1992,84.67,84.12,85.2,82.02,83.41,80.94,82.13
"4168",151,1992,79.88,81.09,78.96,79.02,79.89,78.19,79.96
"4169",152,1992,83.19,79.21,84.22,78.42,80.65,77.5,78.73
"4170",153,1992,89.21,94.04,89.39,95.65,89.81,94.06,92.84
"4171",154,1992,89.26,94.74,88.37,94.79,90.38,93.98,91.71
"4172",155,1992,88.08,92.13,87.67,94.4,88.08,95.07,89.74
"4173",156,1992,89.22,94.22,88.34,95.27,89.29,95.4,91.3
"4174",157,1992,82.5,82.38,83.4,83.64,82.03,82.7,81.3
"4175",158,1992,82.22,80.77,82.58,81.23,80.82,79.5,81.19
"4176",159,1992,85.75,86.13,86.13,83.79,85.94,83.1,83.06
"4177",160,1992,88.58,92.2,88.72,89.89,88.45,87.32,88.33
"4178",161,1992,87.51,93.07,87.35,93.86,88.15,93.21,90.91
"4179",162,1992,89.53,92.94,88.98,92.23,89.89,92.67,88.62
"4180",163,1992,91.19,94.11,91.16,93.53,91.63,94.84,89.07
"4181",164,1992,92.21,96.74,92.1,97.04,94.04,98.68,92.59
"4182",165,1992,88.23,94.06,88.03,95.91,89.39,96.83,91.65
"4183",166,1992,89.36,92.93,88.61,91.72,89.51,92.11,87.46
"4184",167,1992,91.51,94.21,90.85,91.6,90.89,93.63,87.61
"4185",168,1992,90.06,95.14,89.55,94.15,90.21,96.02,89.01
"4186",169,1992,91.42,96.2,91.08,95.15,92.01,96.17,92.58
"4187",170,1992,92.36,96.97,91.44,96.05,93.02,95.61,94.22
"4188",171,1992,93.67,97.54,92.71,97.7,93.98,98.15,95.8
"4189",172,1992,94.51,99.18,93.25,98.79,94.76,99.34,96.97
"4190",173,1992,92.17,96.82,91.28,96.49,93.32,98.78,92.61
"4191",174,1992,84.04,86.52,84.87,87.94,84.1,88.4,84.32
"4192",175,1992,87.21,90.56,87.38,88.88,87.62,90.28,85.01
"4193",176,1992,91.03,95.45,90.79,93.11,91.63,95.34,89.03
"4194",177,1992,88.98,94.61,89.06,95.11,89.14,95.98,91
"4195",178,1992,86.57,86.74,86.53,87.8,85.63,87.03,85.09
"4196",179,1992,89.59,95.11,89.59,93.74,90.94,93.84,91.41
"4197",180,1992,90.4,95.5,90.14,92.96,91.21,94.45,88.9
"4198",181,1992,87.93,90,87.8,90.99,88.91,91.18,87.09
"4199",182,1992,87.54,87.89,87.38,89.88,86.04,89.93,85.45
"4200",183,1992,83.19,82.56,83.41,86.26,82.36,85.9,82
"4201",184,1992,90.2,87.24,90.34,87.15,90.05,85.72,87.38
"4202",185,1992,93.71,96.65,93.08,94.96,93.19,96.25,91.59
"4203",186,1992,91.28,96.55,90.93,97.06,91.81,98.62,92.69
"4204",187,1992,87.58,88.26,88.34,87.46,87.49,89.01,84.88
"4205",188,1992,92.5,96.18,91.78,93.83,93.8,93.77,91.58
"4206",189,1992,90.1,96.67,89.76,96.98,91.65,98.41,92.4
"4207",190,1992,92.31,96.84,91.3,95.09,93.89,95.8,92.14
"4208",191,1992,86.73,90.97,85.05,94.81,85.13,95.99,88.72
"4209",192,1992,90.29,95.13,90.38,95.87,90.74,95.07,93.21
"4210",193,1992,87.55,92.65,85.65,92.31,86.66,93.07,89.29
"4211",194,1992,89.18,90.99,89.1,89.39,90.15,88.74,89.87
"4212",195,1992,91.08,94.92,90.37,91.98,92.39,89.49,93.31
"4213",196,1992,89.67,92.96,89.78,91.83,90.07,92.9,89.47
"4214",197,1992,84.73,84.45,85.76,87.41,84.44,85.63,86.24
"4215",198,1992,85.17,88.52,85.56,87.37,85.7,86.87,85.46
"4216",199,1992,86.43,85.54,87.08,86.04,85.37,86.18,81.93
"4217",200,1992,93.96,94.42,94.19,89.72,93.72,89.51,89.44
"4218",201,1992,89.67,90.59,89.04,90.63,89.42,92.55,85.63
"4219",202,1992,87.79,90.9,87.48,91.84,86.81,95.29,85.79
"4220",203,1992,87.41,92.81,87.37,95.16,83.86,97.73,87.81
"4221",204,1992,93.49,97.5,92.55,96.61,92.37,96.57,94.45
"4222",205,1992,87.34,91.42,87.81,93.72,87.05,96.43,90.66
"4223",206,1992,80.87,83.68,82.91,86.51,79.3,88.22,80.62
"4224",207,1992,87.34,91.55,88.24,93.2,85.59,94.12,88.3
"4225",208,1992,82.05,86,82.13,92.01,80.89,93.43,86.46
"4226",209,1992,83.33,87.6,83.58,91.75,85.14,90.84,87.99
"4227",210,1992,88.36,93.81,88.18,91.95,90.36,91.02,92.27
"4228",211,1992,92.15,97.16,91.75,93.11,94.16,93.33,92.4
"4229",212,1992,91.09,94.75,90.12,94.36,92.66,93.06,93.63
"4230",213,1992,91.69,93.18,91.02,90.5,91.53,89.11,89.28
"4231",214,1992,88.75,92.97,88.44,91.01,88.12,92.04,87.98
"4232",215,1992,91.17,95.67,90.44,94.86,90.75,95.06,91.28
"4233",216,1992,85.92,86.93,86.09,88.94,85.54,88.98,85.71
"4234",217,1992,88.77,93.41,88.04,93.44,88.05,94.21,88.78
"4235",218,1992,90.62,94.71,90.43,93.48,89.83,96.4,88.55
"4236",219,1992,87.39,93.39,86.63,92.3,87.74,96.44,85.79
"4237",220,1992,87.97,94.19,87.59,94.51,87.17,96.65,87.24
"4238",221,1992,88.79,93.72,88.21,93.38,90.19,92.95,90.04
"4239",222,1992,90.63,94.62,90.04,91.31,90.88,90.35,90.01
"4240",223,1992,89.86,93.14,89.42,94.76,89.47,94.58,92.17
"4241",224,1992,92.59,95.96,91.9,95.04,92.47,95.4,92.73
"4242",225,1992,90.23,94.1,90.17,94.8,91.44,93.96,90.9
"4243",226,1992,91.24,94.33,91.42,94.44,90.53,94.96,90.05
"4244",227,1992,90.47,94.32,90.03,92.64,91.02,93.46,89.14
"4245",228,1992,83.84,83.91,84.93,86.4,84.57,84.18,85.75
"4246",229,1992,89.05,89.54,89.44,82.69,90.24,81.01,86.1
"4247",230,1992,91.27,94.71,89.69,90.18,92.27,87.66,91.29
"4248",231,1992,83.53,85.83,83.95,84.83,85.28,84.73,84.4
"4249",232,1992,85.94,90.11,85.69,87.67,88.1,86.95,87.22
"4250",233,1992,89.85,91.93,89.75,90.54,90.37,89.81,86.96
"4251",234,1992,83.8,81.02,84.68,82.27,83.05,82.16,80.81
"4252",235,1992,87.79,81.83,89.07,82.42,87.23,80.08,83.9
"4253",236,1992,91.31,95.85,91.1,92.73,91.31,92.34,90.96
"4254",237,1992,88.65,91.27,88.85,91.94,88.43,93.78,86.23
"4255",238,1992,87.04,91.78,86.15,90.87,87.02,92.42,85.7
"4256",239,1992,87.52,90.8,86.7,86.73,88.11,89.12,84.85
"4257",240,1992,90.82,93.29,89.77,87.01,91.21,89.04,86.46
"4258",241,1992,88.89,92.2,87.72,89.93,89.51,88.46,88.09
"4259",242,1992,85.69,88.84,84.92,89.69,86.01,90.13,86.28
"4260",243,1992,90.08,92.2,89.27,91.01,90.06,91.01,87.35
"4261",244,1992,91.02,90.91,89.64,89.53,91.3,89.17,87.01
"4262",245,1992,87.2,84.96,87.18,86.58,85.38,86.75,83.31
"4263",246,1992,80.99,73.83,82.44,73.6,78.72,72.66,75.67
"4264",247,1992,89.84,92.92,90.5,84.93,90.58,84.94,86.83
"4265",248,1992,89.5,91.34,89.51,89.89,89.08,90.91,87.12
"4266",249,1992,92.47,96.64,92.12,91.61,92.28,93.34,89.09
"4267",250,1992,89.96,94.76,88.95,92.51,90.24,93.48,89.37
"4268",251,1992,90.44,94.11,89.43,91.7,90.49,93.59,88.28
"4269",252,1992,90.07,93.55,90.1,92.66,91.17,93.95,88.73
"4270",253,1992,88.35,88.61,89.1,86.7,89.34,85.84,84.55
"4271",254,1992,89.98,92.05,88.9,86.74,90.74,87.11,85.66
"4272",255,1992,82.15,78.93,83.44,80.73,80.19,82.14,77.3
"4273",256,1992,83.14,78.12,83.14,74.3,81.59,72.76,76.12
"4274",257,1992,85.29,84.72,85.56,80.36,85.56,79.43,81.03
"4275",258,1992,87.71,86,87.49,84.03,87.16,81.93,84.12
"4276",259,1992,89.09,91.76,87.96,90.08,89.62,88.86,87.78
"4277",260,1992,86.82,85.79,87.2,85.62,85.23,85.63,81.12
"4278",261,1992,91.72,92.96,91.33,88.6,90.78,86.48,86.89
"4279",262,1992,87.16,89.95,85.91,86.55,88.46,85.39,84.83
"4280",263,1992,85.64,86.99,84.79,85.22,86.93,87.15,82.75
"4281",264,1992,86.7,88.08,87.29,84.57,87.6,85.46,82
"4282",265,1992,89.13,92.5,88.79,88.62,89.4,88.88,85.62
"4283",266,1992,86.97,92.21,86.4,91.81,88.18,90.75,90.08
"4284",267,1992,83.77,87.63,83.94,86.42,85.63,85.82,85.67
"4285",268,1992,86.88,90.64,86.06,91.46,86.81,91.66,89.41
"4286",269,1992,90.09,91.59,88.8,89.79,89.35,89.6,86.71
"4287",270,1992,88.87,90.06,87.86,86.07,88.85,84.26,85.59
"4288",271,1992,89.27,91.97,88.86,88.14,90.55,86.08,86.14
"4289",272,1992,89.39,94.18,88.68,92.18,89.07,93.88,86.49
"4290",273,1992,86.26,92.04,86.28,92.43,87.66,94.05,86.87
"4291",274,1992,86.51,90.96,85.9,89.25,87.52,89.87,87.33
"4292",275,1992,86.96,89.06,86.11,88.27,88.04,87.76,86.77
"4293",276,1992,89.77,90.08,88.89,87.98,89.17,87.56,84.89
"4294",277,1992,86.72,84.01,86.9,84.56,85.71,83.96,81.49
"4295",278,1992,83.54,78.54,84.31,75.29,81.57,74.54,76.15
"4296",279,1992,84.6,85.03,85.08,79.85,84.31,79.39,82.02
"4297",280,1992,89.03,94.38,88.4,87.98,89.92,88.22,88.39
"4298",281,1992,84.58,87.91,85.09,84.73,85.45,83.12,84.75
"4299",282,1992,88.45,91.89,87.77,89.82,88.33,87.79,89.36
"4300",283,1992,89.55,93,88.41,90.4,90.26,91.04,86.71
"4301",284,1992,89,90.8,88.76,90.08,88.42,90.99,85.43
"4302",285,1992,84.85,84.26,85.19,83.86,84.69,80.69,82.01
"4303",286,1992,78.63,75.61,80.57,79.1,78.18,76.1,79.51
"4304",287,1992,80.13,76.12,82.41,75.71,79.93,73.61,77.78
"4305",288,1992,86.82,83.51,87.21,81.92,86.63,80.96,78.95
"4306",289,1992,89.06,86.6,88.94,83.91,88.4,82.98,83.3
"4307",290,1992,82.75,80.87,83.65,82.5,80.55,80.03,80.74
"4308",291,1992,87.35,88.35,86.57,86.26,86.52,85.32,82.9
"4309",292,1992,85.06,87.12,85.1,87.92,83.57,87,84.28
"4310",293,1992,89.24,91.37,89.16,91.38,88.69,90.62,86.94
"4311",294,1992,88.2,90.6,87.42,90.34,89.12,88.02,86.95
"4312",295,1992,86.39,84.73,86.28,83.84,84.26,83.82,80.22
"4313",296,1992,84.19,84.83,84.28,84.01,83.66,81.88,81.7
"4314",297,1992,88.67,89,87.59,85.8,88.9,83.53,84.91
"4315",298,1992,89.96,91.74,88.98,91.51,88.82,90.24,86.24
"4316",299,1992,87.74,89.48,87.27,89.17,87.2,90.79,84.45
"4317",300,1992,83.41,80.56,85.22,80.7,81.86,79.66,78.34
"4318",301,1992,84.4,80.96,84.19,77.26,84.22,74.38,79.09
"4319",302,1992,83.17,81.27,83.6,80.92,82.9,78.75,80.11
"4320",303,1992,77.45,76.65,77.54,79.3,77.02,77.06,77.54
"4321",304,1992,77.8,75.63,78.48,74.13,77.07,73.77,73.3
"4322",305,1992,78.28,75.14,79.91,75.62,76.87,73.1,75.74
"4323",306,1992,76.8,73.35,78.39,71.65,74.73,69.61,73.3
"4324",307,1992,79.52,72.62,80.61,70.93,78.32,69.48,72.52
"4325",308,1992,79.16,70.28,80.58,66.95,74.02,65.39,68.82
"4326",309,1992,79.9,78.7,80.05,76.84,78.8,74.67,75.62
"4327",310,1992,81.03,78.59,81.47,78.05,79.78,74.86,77.53
"4328",311,1992,89.23,93.29,89.3,87.51,89.95,84.22,89.15
"4329",312,1992,88.87,91.28,89.25,88.71,89.38,87.18,90.06
"4330",313,1992,86.27,86.56,86.26,85.81,86.18,85.68,86.71
"4331",314,1992,83.82,84.93,83.75,80.26,83.74,80.7,81.39
"4332",315,1992,84.67,87.14,85.01,83.13,85.73,81.88,83.05
"4333",316,1992,88.42,91.55,87.47,90.18,89.61,88.84,86.59
"4334",317,1992,87.26,90.78,86.23,92.28,87.34,92.84,86.11
"4335",318,1992,85.65,87.99,85.85,91.5,85.56,91.23,87.87
"4336",319,1992,88.61,92.58,87.98,93.06,88.95,93.33,89.8
"4337",320,1992,86.65,88.35,86.96,89.47,85.53,87.98,86.57
"4338",321,1992,87.07,87.04,87.08,88.53,86.59,87.79,86.92
"4339",322,1992,90.25,94.03,89.67,90.08,91.38,90.71,90.44
"4340",323,1992,90.46,94.78,89.64,91.14,90.76,90.96,91.57
"4341",324,1992,90.14,96.48,89.36,93.9,92.44,93.84,93.96
"4342",325,1992,86.92,92.68,85.61,91.08,87.33,90.15,88.93
"4343",326,1992,84.9,87.12,84.68,87.17,85.58,85.91,85.31
"4344",327,1992,86.56,87.06,86.74,86.52,86.79,84.27,86.01
"4345",328,1992,87.14,88.54,87.32,83.38,87.24,83.31,85.09
"4346",329,1992,86.93,87.3,86.09,82.01,86.94,81.31,83.1
"4347",330,1992,87.37,88.99,87.46,85.82,87.86,84.5,86.53
"4348",331,1992,89.28,94.67,88.62,88.6,91.13,87.68,90.07
"4349",332,1992,92.59,96.62,92.49,94.58,94.4,93.72,94.13
"4350",333,1992,89.71,92.66,89.69,91.85,91.43,90.45,91.76
"4351",334,1992,89.62,95.54,89.04,93.83,90.84,92,93.64
"4352",335,1992,86.67,92.57,85.58,90.04,88.14,90.08,89.62
"4353",336,1992,86.23,89.74,85.22,83.86,86.59,83.44,84.1
"4354",337,1992,84.5,87.66,84.24,84.71,84.69,84.11,83.75
"4355",338,1992,82.64,86.87,83.38,87.51,82.76,85.7,86.69
"4356",339,1992,78.3,78,79.68,81.98,76.81,79.96,81
"4357",340,1992,84.45,85.61,85.01,88.76,84.4,86.89,85.69
"4358",341,1992,79.02,74.61,80.48,79.41,76.58,77.19,77.85
"4359",342,1992,78.12,78.94,78.71,80.25,78.39,79.32,79.9
"4360",343,1992,77.41,75.43,79.34,76.14,75.18,75.9,75.59
"4361",344,1992,80.02,78.35,80.98,80.24,78.17,79.43,79.5
"4362",345,1992,77.69,78.94,78.97,78.81,77.15,78.43,78.68
"4363",346,1992,78.36,79.09,78.7,79.22,77.66,78.05,79.45
"4364",347,1992,75.61,79.55,75.41,80.4,76.12,79.95,78.82
"4365",348,1992,75.58,78.63,75.62,80.78,75.18,78.96,79.78
"4366",349,1992,75.49,79.89,75.68,82.2,76.6,79.91,81.63
"4367",350,1992,75.94,77.45,76.66,81.59,75.96,79.81,80.57
"4368",351,1992,79.87,82.25,79.43,82.94,80.93,81.42,83.15
"4369",352,1992,81.73,91.72,81.12,89.97,86.36,89.82,90.3
"4370",353,1992,73.84,83.51,73.87,87.05,78.22,86.84,85.53
"4371",354,1992,66.85,74.51,67.73,80.34,69.16,79.87,78.31
"4372",355,1992,64.93,69.68,64.85,72.41,67.54,71.92,71.87
"4373",356,1992,69.54,71.05,70.84,70.69,69.47,71.02,70.92
"4374",357,1992,75.76,75.81,77.94,76.13,77.04,75.15,77.39
"4375",358,1992,78.05,83.18,78.49,83.83,80.15,84.48,82.53
"4376",359,1992,77.51,80.64,77.62,84.55,77.21,84.04,81.39
"4377",360,1992,76.68,77.36,76.83,81.26,75.35,80.47,78.79
"4378",361,1992,78.2,80.57,77.87,85.28,77.04,83.66,82
"4379",362,1992,75.45,77.05,75.83,80.77,74.77,78.56,79.46
"4380",363,1992,74.58,80.72,73.77,82.79,76,81.16,80.86
"4381",364,1992,68.54,72.63,67.96,78.4,70.05,76.75,75.96
"4382",365,1992,62.9,66.43,63.55,74.99,63.92,72.34,73.62
"4383",366,1992,65.01,67.23,65.59,76.35,64.11,74.36,73.85
"4384",1,1993,71.09,76.18,71.4,84.96,70.84,84.64,79.29
"4385",2,1993,69.47,71.53,69.33,78.53,68.95,76.72,76.73
"4386",3,1993,78.82,79.79,78.73,81.94,78.64,80.87,81.49
"4387",4,1993,79.47,84.77,79.6,87.93,80.39,87.02,85.44
"4388",5,1993,75.09,81.01,76.18,86.55,77.1,84.15,83.78
"4389",6,1993,71.03,82.43,69.94,84.97,75.07,84.35,82.49
"4390",7,1993,65.69,75.86,65.12,83.24,69.91,83.15,79.13
"4391",8,1993,61.64,71.53,61.6,83.08,65.61,81.73,79.75
"4392",9,1993,61.37,71.54,61.44,80.75,64.63,79.94,78.14
"4393",10,1993,63.65,73.46,62.75,82.99,66.73,81.95,79.09
"4394",11,1993,66.71,74.36,65.38,81.24,69.66,80.19,77.49
"4395",12,1993,64.87,70.66,63.69,79.07,67.77,76.99,75.92
"4396",13,1993,59.35,62.59,58.61,71.07,61.07,68.87,69.31
"4397",14,1993,58.45,62.08,57.66,69.24,59.26,68.12,68.09
"4398",15,1993,60.23,66,59.64,76.45,62.63,73.83,74.09
"4399",16,1993,63.29,68.81,63.63,81.19,65.21,79.19,76.98
"4400",17,1993,67.01,72.35,68.45,84.39,68.68,82.04,78.88
"4401",18,1993,77.24,83.31,75.83,88.42,79.19,86.82,84.18
"4402",19,1993,65.41,74.22,64.49,78.31,69.13,77.17,76.73
"4403",20,1993,61.04,63.55,60.38,66.42,62.16,66.37,67.06
"4404",21,1993,62.78,65.82,62.88,70.72,62.42,69.91,69.92
"4405",22,1993,62.82,68.56,62.2,74.87,64.35,74.31,72.55
"4406",23,1993,58.03,67.92,56.91,81.12,61.49,78.25,76.69
"4407",24,1993,55.64,62.45,54.63,73.99,57.7,70.91,70.55
"4408",25,1993,61.07,65.77,60.26,77.6,61.22,74.88,73.12
"4409",26,1993,66.43,69.46,67.04,81.83,64.41,81.11,76.4
"4410",27,1993,66.5,75.62,66.16,86.92,67.42,87.24,81.22
"4411",28,1993,79.8,85.72,80.16,90.32,81.29,89.62,85.75
"4412",29,1993,77.65,81.11,78.39,87.24,78.4,86.42,82.31
"4413",30,1993,66.66,67.75,68.55,76.31,67.29,74.34,74.81
"4414",31,1993,64.65,67.33,65.24,73.39,65.88,71.57,73.48
"4415",32,1993,64.4,66.79,64.83,75.74,66.46,72.87,75.39
"4416",33,1993,66.31,70.23,68.63,85.04,69.05,79.64,83.07
"4417",34,1993,78.74,81.32,79.84,85.14,81.28,82.73,84.16
"4418",35,1993,77.76,87.45,78.16,86.61,82.55,84.13,85.7
"4419",36,1993,69.42,75.19,69.55,78.46,72.9,76.87,76.95
"4420",37,1993,65.01,73.13,64.11,81.86,70.11,79.05,78.61
"4421",38,1993,56.52,64.6,56.09,78.31,60.9,74,74.59
"4422",39,1993,53.22,57.96,53.25,71.46,55.76,68.26,68.32
"4423",40,1993,52.66,58.06,52.6,71.86,55.11,67.92,68.62
"4424",41,1993,50.43,54.97,48.93,64.11,53.36,61.98,63.51
"4425",42,1993,50.17,54.48,48.89,64.21,53.24,61.96,64.7
"4426",43,1993,53.61,59.7,52.44,69.78,56.48,67.44,69.13
"4427",44,1993,53.91,60.14,52.82,71.02,56.39,67.99,70.07
"4428",45,1993,51.22,59.05,49.81,69.58,54.42,67.66,68.59
"4429",46,1993,49.95,58.05,48.37,65.66,52.59,64.43,65.43
"4430",47,1993,50.35,56.39,49.4,64.1,52.95,61.64,64.51
"4431",48,1993,49.65,58.49,48.8,66.74,53.24,64.31,66.45
"4432",49,1993,48.29,57.88,47.8,71.38,51.63,68.77,69.08
"4433",50,1993,43.82,54.33,43.89,70.59,47.06,65.81,68.25
"4434",51,1993,44.19,52.7,44.14,68.58,46.87,64.15,66.85
"4435",52,1993,46.58,54.45,46.45,71.35,48.03,65.68,68.79
"4436",53,1993,56.26,63.3,56.66,82.32,58.21,77.93,76.82
"4437",54,1993,64.59,67,66.08,80.67,64.06,77.34,76.44
"4438",55,1993,60.97,64.88,61.99,75.54,61.51,72.16,74.35
"4439",56,1993,65.5,81.64,63.25,85.76,72.15,85.7,83.43
"4440",57,1993,56.37,69.06,55.64,77.31,60.99,76.62,75.24
"4441",58,1993,52.97,61.35,52.3,70.59,57.82,67.53,70.53
"4442",59,1993,49.62,59.22,48.86,67.06,54.94,64.56,67.85
"4443",60,1993,50.07,58.68,49.02,68.47,54.8,66.01,69.43
"4444",61,1993,46.79,53.15,48.32,60.72,50.56,59.41,62.88
"4445",62,1993,50.8,57.63,51.55,67.65,54.66,63.39,67.88
"4446",63,1993,52.61,58.23,54.75,67.71,56.53,63.09,69.26
"4447",64,1993,61.92,64.4,63.58,72.42,63.04,66.76,73.41
"4448",65,1993,62.35,70.78,63.33,77.9,69.42,74.09,78.56
"4449",66,1993,57.64,65.71,59.65,74.58,63.99,71.27,74.28
"4450",67,1993,54.76,62.59,55.03,72.35,60,68.79,71.64
"4451",68,1993,67.76,75.45,69.92,84.9,72.91,81.52,82.16
"4452",69,1993,79.96,84.79,81.46,89.38,80.3,88.72,84.39
"4453",70,1993,83.7,85.73,83.79,88.66,84.51,88.49,83.95
"4454",71,1993,81.58,84.29,83.72,86.94,82.88,87.85,82.56
"4455",72,1993,80.86,80.77,82.82,83.99,81.53,83.52,80.75
"4456",73,1993,82.16,84.81,84.97,88.24,84.52,87.35,85.17
"4457",74,1993,78.58,76.6,81.7,77.19,79.24,76.48,76.79
"4458",75,1993,70.82,71.07,73.98,74.74,72.49,71.71,74.64
"4459",76,1993,63.75,64.57,66.58,76.56,64.55,72.88,74.44
"4460",77,1993,61.46,65.6,63.94,79.58,63.27,75.73,76.69
"4461",78,1993,64.07,65.91,66.45,75.87,64.88,72.74,74.22
"4462",79,1993,80.85,85.38,83.2,88.85,82.31,87.11,87.96
"4463",80,1993,88.01,90.82,88.97,91.59,88.63,89.76,89.42
"4464",81,1993,86.93,89.53,86.39,89.94,87.35,87.56,88.68
"4465",82,1993,86.15,90.78,86.15,91.4,88,91.15,88.48
"4466",83,1993,78.33,80.22,80.25,85.13,81.23,82.56,82.98
"4467",84,1993,84.83,88.07,85.95,88.36,87.24,85.76,88
"4468",85,1993,84.39,87.08,85.89,85.55,86.55,84.37,86.13
"4469",86,1993,82.07,83.98,83.06,85.66,84.53,82.01,84.72
"4470",87,1993,79.57,79.72,81.38,80.59,81.27,78.2,80.95
"4471",88,1993,74.83,77.97,77,82.05,75.85,79.67,80.78
"4472",89,1993,70.69,74.4,73.11,82.34,73.15,78.34,79.75
"4473",90,1993,69.18,71.11,71.38,78.9,70.97,74.76,77.48
"4474",91,1993,77.51,77.52,80.34,80.58,77.22,78.9,79.19
"4475",92,1993,82.89,84.47,85.07,89.25,84.53,86.56,85.72
"4476",93,1993,75.61,81.52,77.95,85.31,79.33,82.64,83.47
"4477",94,1993,69.79,73.4,72.31,80.59,72.35,78.05,79.2
"4478",95,1993,66.39,71.36,68.82,82.08,69.67,78.69,79.86
"4479",96,1993,66.95,73.32,69.5,83.42,71.51,79.22,80.89
"4480",97,1993,73.56,72.2,78.69,81.46,74.49,76.88,78.75
"4481",98,1993,87.57,90.27,88.92,91.31,88.84,89.79,90.21
"4482",99,1993,86.85,90.62,86.86,90.51,89.19,89.82,88.86
"4483",100,1993,85.78,89.7,86.56,90.14,87.39,89.12,90.02
"4484",101,1993,88.01,91.56,87.21,92.01,86.97,91.53,88.2
"4485",102,1993,90.79,94.9,89.26,95.02,90.44,95.6,91.46
"4486",103,1993,88.91,90.61,88.65,91.21,89.35,90.39,87.28
"4487",104,1993,91.05,94.08,90.31,93.99,90.73,93.49,91.27
"4488",105,1993,91.63,96.75,90.65,98.26,92.86,98.42,96.71
"4489",106,1993,76.2,80.75,77.48,86.4,78.32,84,84.03
"4490",107,1993,76.06,75.52,78.5,81.64,76.9,78.12,82.06
"4491",108,1993,88.78,92.89,89.07,94.28,90.21,93.89,93.01
"4492",109,1993,85.88,90.18,86.37,92.63,86.31,92.29,89.68
"4493",110,1993,86.11,87.17,86.88,89.93,85.42,89.18,86.14
"4494",111,1993,87.89,86.63,89.1,89.12,88.18,87.82,86.27
"4495",112,1993,89.62,90.36,90.03,87.64,89.58,86.41,86.65
"4496",113,1993,89.33,93.76,89.42,94.03,91.13,92.45,92.75
"4497",114,1993,87.97,91.77,87.94,92.31,88.43,91.79,90.42
"4498",115,1993,85.61,81.5,86.51,83.14,84.74,80.09,82.85
"4499",116,1993,80.7,84.8,81.33,89,83.07,86.59,87.13
"4500",117,1993,79.92,82.18,81.59,86.09,80.84,83.35,83.99
"4501",118,1993,87.25,87.45,88.89,88.36,87.15,83.95,88.05
"4502",119,1993,91.63,94.68,90.76,94.49,91.31,94.22,91.79
"4503",120,1993,87.89,92.94,87.09,94.81,88.97,93.25,92.99
"4504",121,1993,87.72,95.88,86.15,97.3,90.46,97.65,95
"4505",122,1993,89.72,95.58,87.75,94.57,90.99,94.98,92.58
"4506",123,1993,93.56,97.83,92.19,97.18,94.87,97.01,95.81
"4507",124,1993,85.8,88.4,85.14,88.72,86.73,86.41,89.23
"4508",125,1993,86.13,91.68,85.33,89.55,86.81,87.54,89.07
"4509",126,1993,84.95,87.12,85.85,88.91,84.8,86.96,87.38
"4510",127,1993,90.91,95.23,90.78,95.89,91.51,96.7,91.77
"4511",128,1993,86.72,91.88,87.16,93.34,88.39,94.21,89.52
"4512",129,1993,93.39,94.54,93.06,92.92,92.44,93.54,90.17
"4513",130,1993,92.78,95.58,91.36,95.74,90.4,95.94,92
"4514",131,1993,87.51,91.14,86.83,90.74,87.53,91.35,88.63
"4515",132,1993,87.07,91.89,85.94,90.46,87.46,89.59,88.45
"4516",133,1993,85.51,86.04,85.26,86.82,85.58,84.42,86.59
"4517",134,1993,90.63,94.23,90.13,94.03,90.09,93.79,92.22
"4518",135,1993,90.59,93.24,90.19,90.57,89.93,91.86,88.27
"4519",136,1993,91.93,93.83,91.79,91.86,92.4,92.13,90.33
"4520",137,1993,88.71,91.65,88.49,90.85,87.87,91.66,87.3
"4521",138,1993,86.97,89.39,87.07,92.49,84.52,94.91,86.66
"4522",139,1993,87.77,94.77,87.34,97.43,91.28,98.76,93.95
"4523",140,1993,85.2,88.66,86.41,92.33,88.06,89.79,90.15
"4524",141,1993,90.38,93.3,90.78,92.37,91.73,90.45,91.26
"4525",142,1993,89.57,93.13,88.96,93.26,90.83,92.89,91.14
"4526",143,1993,86.65,90.12,86.55,91.68,88.35,90.32,89.99
"4527",144,1993,88.97,89.4,88.25,87.92,89.37,87.08,87.91
"4528",145,1993,90.69,93.49,90.35,92.78,90.88,90.93,91.26
"4529",146,1993,88.82,91.75,87.86,90.1,88.45,89.11,89.84
"4530",147,1993,92.87,96.08,92.54,94.19,93.66,93.69,93.86
"4531",148,1993,86.17,89.6,86.8,92.33,86.73,91.39,90.05
"4532",149,1993,90.34,96.4,89.4,95.97,90.42,97.16,91.47
"4533",150,1993,86.74,92.32,86.58,92.8,88.57,91.48,89.71
"4534",151,1993,87.29,91,86.32,89.48,88.17,89.64,86.18
"4535",152,1993,88.84,93.84,88.3,89.83,89.23,91.99,85.32
"4536",153,1993,85.58,91.35,85.64,91.18,86.2,93.49,85.13
"4537",154,1993,85.99,92.5,85.88,91.73,87.81,93.67,87.11
"4538",155,1993,89.88,93.01,89.84,89.13,91.55,89.3,88.83
"4539",156,1993,88,91.11,87.42,90.71,89.47,90.14,88.83
"4540",157,1993,88.77,88.78,89.16,87.92,88.77,86.27,86.45
"4541",158,1993,84.41,78.68,86.21,81.84,83.65,78.41,81.49
"4542",159,1993,84.57,84.23,86.1,83.95,84.75,83.02,83.16
"4543",160,1993,88.93,89.62,88.98,92.26,88.36,92.79,88.85
"4544",161,1993,92.84,94.6,92.48,94.82,92.27,96.28,90.78
"4545",162,1993,93.63,96.97,92.34,96.68,92.49,98.04,93.95
"4546",163,1993,87.24,91.03,87.18,93.59,86.18,96.54,88.09
"4547",164,1993,93.51,97.47,92.32,98.26,92.46,98.94,95.55
"4548",165,1993,88.57,92.66,87.29,94.78,86.63,94.59,90.39
"4549",166,1993,90.36,96.53,87.88,97.42,90.36,98.03,93.95
"4550",167,1993,88.95,95.88,87.74,94.27,91.11,94.3,90.76
"4551",168,1993,89.39,92.6,88.81,92.87,89.07,93.39,88.68
"4552",169,1993,89.74,93.73,89.45,94.67,90.2,95.86,90.63
"4553",170,1993,90.71,95.01,90.46,93.51,90.55,94.75,89.82
"4554",171,1993,91.96,96.47,90.78,95.11,90.28,98.08,88.84
"4555",172,1993,93.67,96.62,93.15,96.64,92.37,98.31,93.94
"4556",173,1993,89.28,94.72,88.82,96.71,90.28,97.54,93.23
"4557",174,1993,87.11,94.26,86.66,95.2,89.79,95.11,92
"4558",175,1993,86.51,87.67,86.39,89.44,86.21,88.38,85.87
"4559",176,1993,92.96,96.84,92.85,96.3,95.53,96.05,94.62
"4560",177,1993,95.41,99.5,94.04,99.18,95.84,99.34,97.93
"4561",178,1993,91.85,94.43,91.69,94.41,91.69,94.73,91.12
"4562",179,1993,84.18,81.31,85.21,81.83,81.18,80.54,80.33
"4563",180,1993,86.14,85.19,88.27,82.36,84.24,80.9,83.38
"4564",181,1993,91.95,91.04,92.01,88.91,90.38,87.03,88.22
"4565",182,1993,89.96,93.76,89.2,94.29,90.49,93.78,91.33
"4566",183,1993,81.98,78.57,84.22,83.2,78.45,82.32,79.56
"4567",184,1993,76.39,73.56,79.45,77.52,74.51,75.36,77.42
"4568",185,1993,80.94,78.51,82.71,83.06,77.73,81.34,80.95
"4569",186,1993,89.76,89.43,90.28,88.86,88.69,89.34,85.21
"4570",187,1993,87.67,87.27,87.67,86.75,86.97,86.57,84.14
"4571",188,1993,82.37,79.37,83.49,78.13,82.75,76.69,80.08
"4572",189,1993,85.69,88.11,86.15,83.93,86.64,82.77,85.87
"4573",190,1993,93.47,95.68,92.3,90.94,92.32,90.59,92.15
"4574",191,1993,91.4,96.28,91.11,97.07,93.22,96.15,95.37
"4575",192,1993,93.06,96.34,92.6,94.8,92.92,96.04,91.69
"4576",193,1993,91.38,93.89,90.08,90.83,91.47,93.02,87.7
"4577",194,1993,89.05,91.35,88.74,91.37,89.59,91.03,89.63
"4578",195,1993,93.05,95.87,93.23,94.52,94.97,94.13,93.42
"4579",196,1993,93.54,97.98,92.64,96.82,93.81,97.67,94.1
"4580",197,1993,82.18,86.75,82.22,90.26,81.01,91.59,86.5
"4581",198,1993,81.73,82.79,82.99,88.1,81,88.93,83.6
"4582",199,1993,80.63,82.26,82.11,86.31,81.45,83.99,84.14
"4583",200,1993,88.17,92.33,89.47,92.48,89.55,90.73,91.69
"4584",201,1993,88.55,93.38,88.65,94.11,90.09,93.33,91.76
"4585",202,1993,86.21,84.23,87.41,88.66,85.85,88.02,85
"4586",203,1993,86,85.56,87.04,88.15,87.68,85.99,87.78
"4587",204,1993,90.61,97.34,89.61,96.49,91.04,97.11,93.36
"4588",205,1993,91.28,96.49,90.32,96.86,90.64,97.99,93.37
"4589",206,1993,90.12,90.74,90.98,92.04,88.97,92.12,88.82
"4590",207,1993,86.23,85.55,86.8,85.98,86.19,85.02,84.82
"4591",208,1993,80.84,80.67,82.31,82.77,81.11,82.6,80.89
"4592",209,1993,82.77,85.42,82.82,85.12,83.3,84.62,83.58
"4593",210,1993,87.79,86.24,88.96,85,86,85.85,83.38
"4594",211,1993,92.61,93.6,92.25,89.45,90.96,88.75,89.8
"4595",212,1993,89.97,93.34,89.92,91.9,90.88,92.58,89.38
"4596",213,1993,87.48,90.75,87.85,90.98,88.52,92.68,87
"4597",214,1993,85.26,91.07,84.92,92.16,84.88,94.34,86.71
"4598",215,1993,84.13,91.2,84.09,92.61,82.56,93.63,86.76
"4599",216,1993,83.62,85.02,83.75,88.58,79.67,91.17,83.56
"4600",217,1993,79.87,83.44,79.88,88.12,76.02,91.52,80.74
"4601",218,1993,81.45,86.07,81.29,86.44,81.06,89.28,79.81
"4602",219,1993,80.67,83.88,81.17,85.98,82.54,84.76,84.28
"4603",220,1993,90.12,92.4,89.51,87.49,89.84,88.34,87
"4604",221,1993,86.96,94.33,87.54,97.94,90.9,98.23,95.85
"4605",222,1993,90.68,93.84,89.27,93.28,90.64,94.45,89.11
"4606",223,1993,86.79,89.73,86.51,90.45,86.79,91.22,86.44
"4607",224,1993,90.51,93.11,90.33,90.66,90.81,91.77,90.16
"4608",225,1993,88.62,93.44,87.58,90.82,87.79,91.88,86.29
"4609",226,1993,86.37,93.29,86.28,93.17,89.51,93.44,89.69
"4610",227,1993,88.58,92.64,87.63,90.71,90.47,91.24,89.32
"4611",228,1993,88.58,94.55,87.67,92.68,89.84,92.44,90.54
"4612",229,1993,89.74,93.87,89.75,92.47,91.79,92.31,89.77
"4613",230,1993,86.98,91.08,86.04,90.38,88.14,91.2,86.96
"4614",231,1993,86.64,86.29,86.46,81.7,87.74,83.23,80.87
"4615",232,1993,85.74,82.42,86.05,80.29,85.41,79.09,82.85
"4616",233,1993,87.77,92.88,87.33,91.74,88.87,92.23,87.86
"4617",234,1993,85.22,86.76,85.15,87.18,86.18,88.88,86.1
"4618",235,1993,87.36,88.19,87.53,86.83,89.12,87.18,85.28
"4619",236,1993,89.97,94.23,89.47,91.39,91.41,92.62,87.23
"4620",237,1993,88.75,88.94,88.8,86.84,88.82,85.79,84.36
"4621",238,1993,88.2,87.64,87.94,85.59,88.62,82.82,85.66
"4622",239,1993,88.74,87.2,88.43,84.96,87.71,85.69,83.41
"4623",240,1993,87.37,89.84,86.41,88.85,87.79,89.24,85.02
"4624",241,1993,82.44,84.24,83.1,84.12,84.05,84.04,81.91
"4625",242,1993,79.83,82.53,80.77,81.67,81.02,82.89,79.62
"4626",243,1993,83.8,87.88,83.35,83.16,86.59,83.33,82.56
"4627",244,1993,86.11,85.48,86.26,84.09,86.27,83.77,83.14
"4628",245,1993,85.79,86.06,86.54,86.64,85.16,88.22,82.12
"4629",246,1993,90.78,93.16,90.44,90.1,89.95,92.35,87.62
"4630",247,1993,86.7,91.16,86.06,90.56,87.09,91.65,87.72
"4631",248,1993,87.83,91.53,87.13,92.18,88.45,91.62,88.63
"4632",249,1993,88.34,92.56,87.67,91.88,89.21,91.59,88.21
"4633",250,1993,81.45,79.07,82.11,80,80.32,79.69,78.24
"4634",251,1993,79.57,73.19,81.15,72.79,76.93,71.58,74.03
"4635",252,1993,85.36,84.89,86.36,84.9,84.69,84.35,83.15
"4636",253,1993,84.78,89.1,85.41,87.18,87.28,85.07,86.64
"4637",254,1993,87.34,93.91,87.04,89.22,89.37,89.02,87.49
"4638",255,1993,90.72,92.42,89.32,87.88,91.68,87.16,88.99
"4639",256,1993,91.42,96.84,90.77,96.67,92.19,96.41,94.07
"4640",257,1993,90.22,94.94,89.13,94.19,89.37,96.95,89.75
"4641",258,1993,89.32,94.73,88.68,94.67,91.42,95.78,91.21
"4642",259,1993,88.99,90.93,88.99,89.66,90.04,88.2,89.06
"4643",260,1993,91.49,93.78,90.89,89.35,92.26,88.63,90.01
"4644",261,1993,86.89,92.07,85.81,90.78,88.4,91.78,87.49
"4645",262,1993,82.12,83.57,81.76,82.92,82.36,83.98,79.79
"4646",263,1993,84.57,87.24,83.43,84.22,85.06,82.27,84.21
"4647",264,1993,84.53,83.04,83.99,80.14,84.94,79.57,80.95
"4648",265,1993,83.05,79.89,83.56,80.78,80.67,79.97,79.93
"4649",266,1993,85.94,87.33,85.43,86.2,85.57,83.93,85.26
"4650",267,1993,86.78,88.01,86.62,88.08,86.26,86.2,84.56
"4651",268,1993,81.03,77.03,82.27,76.01,78.86,74.48,76.16
"4652",269,1993,77.97,72.78,81.51,78.97,77.21,75.86,79.46
"4653",270,1993,86.91,85.76,87.32,86.7,87.76,84.83,84.76
"4654",271,1993,83.81,85.86,84.75,89.43,84.44,88.83,86.64
"4655",272,1993,88.2,89.82,88.02,91,88.3,90.17,86.68
"4656",273,1993,78.43,74.97,81.37,82.02,75.62,81.19,78.69
"4657",274,1993,81.98,75.87,83.21,77.82,80.23,76.52,77.23
"4658",275,1993,87.05,85.26,86.53,82.39,86.84,79.88,82.71
"4659",276,1993,89.09,89.71,89.08,83.09,89.61,82.4,84.58
"4660",277,1993,84.16,86.04,84.25,86.34,84.75,85.16,84.29
"4661",278,1993,82.46,83.28,83.29,85.22,81.94,84.67,81.37
"4662",279,1993,85.28,89.36,85.72,88.44,85.18,86.9,85.32
"4663",280,1993,93.62,96.14,93,92.19,94.11,89.78,90.23
"4664",281,1993,86.32,90.45,85.82,93.03,87.65,93.83,90.11
"4665",282,1993,85.7,91.81,84.86,93.94,86.21,94.22,88.78
"4666",283,1993,85.9,88.64,85.75,88.6,87.88,89.23,86.29
"4667",284,1993,83.87,87.11,84.12,88.09,85.65,87.5,85.23
"4668",285,1993,84.55,84.12,85.25,84.88,84.39,85.45,80.9
"4669",286,1993,84.88,85.67,85.61,87.96,84.63,88.67,82.96
"4670",287,1993,85.78,89.51,86.04,84.24,87.02,84.56,83.45
"4671",288,1993,86.72,90.22,86.36,85.64,88.18,84.16,85.66
"4672",289,1993,78.86,74.75,81.38,75.63,76.55,74.08,75.78
"4673",290,1993,80.52,82.27,80.68,78.32,80.81,77.27,79.74
"4674",291,1993,82.73,86.05,82.14,83.44,83.17,81.16,84.09
"4675",292,1993,84.31,83.52,84.24,81.54,83.46,79.41,82.18
"4676",293,1993,82.83,80.68,84.13,83.31,81.87,80.63,81.96
"4677",294,1993,85.33,83.93,85.35,87.64,85.03,85.86,84.35
"4678",295,1993,87.47,88.37,87.63,87.16,88.06,85.16,86.15
"4679",296,1993,85.91,82.84,86.65,83.64,84.77,81.46,81.43
"4680",297,1993,85.79,83.63,87.08,83.34,86.45,80.47,82.68
"4681",298,1993,86.4,86,87.04,86.15,86.66,83.91,83.99
"4682",299,1993,87.76,85.42,89.59,85.09,89.73,84.65,83.45
"4683",300,1993,89.42,89.78,89.57,87.02,90.77,84.84,86.83
"4684",301,1993,87.97,87.2,88.4,84.83,88.43,81.41,86.27
"4685",302,1993,88.55,89.54,88.55,87.82,88.72,84.5,87.33
"4686",303,1993,84.92,86.02,85.02,86.22,84.73,84.51,85.63
"4687",304,1993,88.17,89.99,88.41,87.96,88.42,84.82,87.33
"4688",305,1993,89.1,90.26,88.51,87.73,89.6,84.94,87.75
"4689",306,1993,87.99,86.93,88.05,87.67,86.98,85.58,85.43
"4690",307,1993,88.26,91.11,88.12,91.4,87.71,90.6,87.73
"4691",308,1993,89.35,92.53,89.57,93.46,89.2,91.91,90.81
"4692",309,1993,90.53,88.87,90.06,85.64,88.99,83.3,85.05
"4693",310,1993,83.61,84.72,82.99,80.24,85.55,77.03,81.91
"4694",311,1993,80.34,81.28,79.9,74.32,81.85,74.41,76.07
"4695",312,1993,88.26,89.47,88.01,86.35,88.74,84.6,87
"4696",313,1993,85.96,86.3,86.41,86.76,85.59,83.83,84.63
"4697",314,1993,87.05,91.39,87.01,88.16,88.96,86.3,87.82
"4698",315,1993,89.61,90.38,89.66,87.2,89.7,85.56,87.09
"4699",316,1993,89.68,91.13,89.17,87.41,90.79,84.73,88.25
"4700",317,1993,86.76,88.77,86.55,88.04,86.65,87.54,84.76
"4701",318,1993,88.68,91.07,88.36,93.13,89.5,91.19,90.24
"4702",319,1993,84.13,84.91,84.68,84.42,84.99,82.96,83.69
"4703",320,1993,75.85,77.82,76.95,78.3,75.59,76.89,78.14
"4704",321,1993,79.49,76.38,81.45,80.06,77.37,77.32,79.67
"4705",322,1993,87.64,89.38,87.88,85.49,87.2,83,87.24
"4706",323,1993,89.79,92.52,89.13,91.55,88.6,88.88,90.55
"4707",324,1993,91.89,95.14,90.79,91.46,91.92,89.8,90.91
"4708",325,1993,89.15,91.15,88.46,91.37,88.56,91.03,89.64
"4709",326,1993,84.9,87.9,85.18,86.57,85.26,85.91,85.95
"4710",327,1993,85.47,91.13,84.99,88.81,86.73,87.13,89.2
"4711",328,1993,85.08,92.08,84.16,94.94,87.56,94.45,93.82
"4712",329,1993,82.81,92.94,82.95,95.44,85.52,95.71,92.83
"4713",330,1993,85.84,89.05,86.4,89.56,86.72,88.69,88.18
"4714",331,1993,87.73,87.97,87.89,85.89,87.27,84.93,85.1
"4715",332,1993,87.28,86.66,87.33,86.21,86.32,85.08,84.96
"4716",333,1993,83.79,83.03,83.27,80.95,84.07,78.86,82.29
"4717",334,1993,80.45,81.85,80.65,78.64,82.03,76.51,82.05
"4718",335,1993,77.39,81.92,77.94,83.48,78.6,83.69,82.6
"4719",336,1993,77.67,83.96,78.39,86.91,78.55,85.37,84.54
"4720",337,1993,81.11,82.36,82.14,86.74,80.95,84.39,85.04
"4721",338,1993,84.55,85.69,85.5,88.87,83.19,87.95,84.99
"4722",339,1993,88.37,90.66,88.11,89.13,88.3,87.41,87.92
"4723",340,1993,83.71,82,84.16,82.19,81.73,81.13,80.82
"4724",341,1993,87.54,88.97,87.15,87.23,87.28,86.56,86.69
"4725",342,1993,87.71,89.01,87.95,91.78,86.26,90.68,87.76
"4726",343,1993,86.09,86.85,86.68,89.02,84.19,89.7,85.64
"4727",344,1993,88.71,90.09,88.41,90.26,88.64,90.77,87.07
"4728",345,1993,88.88,89.99,88.28,90.34,88.53,90.63,86.69
"4729",346,1993,85.43,84.55,86.2,86.26,84.59,84.66,84.34
"4730",347,1993,78.92,76.22,80.32,76.69,76.89,75.48,77.73
"4731",348,1993,72.79,71.9,74.47,70.74,72.01,70.41,72.69
"4732",349,1993,74.19,73.26,75.03,72.01,73.92,71.44,74.42
"4733",350,1993,73.18,73.59,74.81,74.89,73,73.32,75.74
"4734",351,1993,75.02,73.83,76.54,70.35,74.47,70.58,72.68
"4735",352,1993,77.48,74.06,78.89,67,77.38,67.23,72.01
"4736",353,1993,80.99,80.19,81.83,75.29,80.88,74.34,78.32
"4737",354,1993,74.11,74.45,75.03,75.26,73.31,73.11,74.61
"4738",355,1993,69.87,67.3,71.43,71.6,68.77,68.36,70.61
"4739",356,1993,70.73,69.08,72.17,71.42,69.91,69.13,70.94
"4740",357,1993,70.29,66.29,71.89,68.47,68.87,67.88,69.18
"4741",358,1993,70.44,67.12,70.93,65.92,69.44,66.11,67.01
"4742",359,1993,66.84,63.07,68.12,60.75,66.23,61.78,62.1
"4743",360,1993,63.46,61.59,64.54,60.01,63.13,60.06,61.59
"4744",361,1993,64.3,60.35,64.38,55.74,62.95,55.26,59.05
"4745",362,1993,64.25,60.97,64.61,60.99,63.19,59.04,61.99
"4746",363,1993,59.14,58.56,59.05,62.22,59.8,61.3,61.91
"4747",364,1993,57.61,57.33,58.05,61.31,58.01,60.11,61.37
"4748",365,1993,56.43,55.83,57.58,59.25,56.83,56.85,59.89
"4749",1,1994,56.53,55.85,56.86,61.03,57.01,57.52,61.2
"4750",2,1994,58.58,60.37,58.82,66.23,59.52,62.14,65.89
"4751",3,1994,60.49,63.52,60.36,68.76,62.21,64.59,70.38
"4752",4,1994,60.73,62.82,59.89,70.43,62.33,66.24,70.94
"4753",5,1994,63.17,66.48,61.83,75.44,64.99,71.47,74.88
"4754",6,1994,56.84,65.4,56.04,76.75,60.28,73.5,74.62
"4755",7,1994,55.6,56.37,55.12,64.68,57.02,60.25,65.53
"4756",8,1994,56.97,59.03,56.64,66.36,58.19,62.68,66.22
"4757",9,1994,60.95,67.57,59.66,75.02,63.66,71.45,74.21
"4758",10,1994,57.49,61.33,57.13,72.75,59.05,68.32,71.09
"4759",11,1994,58.25,61.42,57.78,74.43,60.29,68.89,72.76
"4760",12,1994,57.64,60.99,57.69,74.72,59.23,69.47,72.36
"4761",13,1994,64.07,71.38,64.27,84.43,66.21,81.94,78.24
"4762",14,1994,65.21,70.83,65.62,83.93,69.43,81.29,79.39
"4763",15,1994,66.63,71.29,65.2,79.99,68.35,76.16,78.24
"4764",16,1994,60.03,62.12,59.54,72.26,62.2,68.26,71.45
"4765",17,1994,50.07,52.68,49.22,58.99,52.43,55.6,59.11
"4766",18,1994,47.15,45.98,47.2,53.32,47.42,51.22,53.39
"4767",19,1994,49.52,49.47,48.79,55.71,50.94,53.09,56.42
"4768",20,1994,45.24,46.81,45.16,53.02,46.94,49.65,54.17
"4769",21,1994,45.36,48.81,45.75,61.34,47.35,56.24,60.7
"4770",22,1994,47.36,50.29,47.4,62.98,49.12,57.67,61.34
"4771",23,1994,47.44,52.13,47.65,65.42,50.4,60.19,63.93
"4772",24,1994,49.21,51.93,49.55,66.58,50.76,61.26,64.01
"4773",25,1994,50.77,54.64,50.48,68.29,52.86,63.37,65.6
"4774",26,1994,52.94,54.73,52.98,69.48,53.85,63.66,66.32
"4775",27,1994,53.6,57.11,53.56,72.06,54.54,66.62,68.8
"4776",28,1994,50.99,56.71,50.84,72.8,53.26,67.05,70.59
"4777",29,1994,48.48,51.95,47.96,65.52,50.38,59.96,64.57
"4778",30,1994,49.73,52.8,49.85,66.41,52.23,60.25,65.08
"4779",31,1994,49.7,53.33,49.39,67.25,52.86,61.01,66.91
"4780",32,1994,49.31,49,49.63,62.8,49.23,56.15,62.3
"4781",33,1994,49.21,57.93,48.92,73.43,51.05,70.1,68.21
"4782",34,1994,51.97,59.01,50.73,72.58,53.36,71.23,67.98
"4783",35,1994,51.43,60.18,51.7,74.63,53.59,71.27,71.72
"4784",36,1994,56.27,63.34,57.24,79.3,59.48,77.5,75.91
"4785",37,1994,51.17,53.91,51.35,67.8,52.76,63.44,66.56
"4786",38,1994,46.03,48.17,46.19,61.27,46.25,57.18,60.07
"4787",39,1994,48.31,52.89,48.09,70,49.76,65.59,65.75
"4788",40,1994,43.81,50.68,43.61,68.71,46.86,63.9,64.94
"4789",41,1994,46.63,49.24,46.88,63.82,47.64,59.72,61.15
"4790",42,1994,47.39,51.24,47.38,69.08,49.96,63.83,65.01
"4791",43,1994,41.83,48.87,40.91,62.95,45.62,57.85,61.17
"4792",44,1994,39.22,41.43,39.8,56.45,40.09,51.78,55.7
"4793",45,1994,43.8,45.48,44.34,61.28,43.34,56.89,59.35
"4794",46,1994,47.41,52.82,47.09,71.8,48.14,67.43,67.13
"4795",47,1994,46.7,55.42,45.49,73.74,49.16,70.05,68.58
"4796",48,1994,46.69,52.72,45.83,69.28,47.87,65.79,65.86
"4797",49,1994,47.78,56.05,47.71,74.08,50.58,69.78,69.25
"4798",50,1994,59.39,69.87,59.74,82.06,62.71,79.87,75.74
"4799",51,1994,66.58,72.77,71.86,84.72,69.62,81.59,82.15
"4800",52,1994,56.96,69.54,58.64,79.21,62.14,76.61,77.94
"4801",53,1994,59.28,74.23,61.06,84.35,68,79.73,82.96
"4802",54,1994,55.22,73.3,55.87,86.29,63.59,83.85,81.1
"4803",55,1994,51.75,65.7,51.02,79.67,58.05,77.84,75.38
"4804",56,1994,49.98,66.6,49.46,83.89,57.03,79.84,79.09
"4805",57,1994,60.42,75.52,57.43,78.99,65.63,76.14,77.4
"4806",58,1994,62.61,70.3,64.69,78.55,70.07,73.58,78.06
"4807",59,1994,58.36,62.03,62.38,78.39,63.14,71.65,74.87
"4808",60,1994,48.94,56.81,49.17,70.76,52.15,66.41,68.84
"4809",61,1994,44.93,51.94,45.44,65,48.54,60.76,64.55
"4810",62,1994,43.16,50.16,45.09,62.65,47.77,58.36,63.12
"4811",63,1994,48.16,54.36,49.57,63.22,53.07,60.5,65.06
"4812",64,1994,46.87,61.76,50.53,75.65,57.01,73.28,74.34
"4813",65,1994,45.43,56.6,47.1,67.73,53.92,63.59,68.69
"4814",66,1994,40.52,50.69,39.53,61.76,46.2,57.54,62.67
"4815",67,1994,42.48,49.64,41.52,63.45,44.62,58.23,63.23
"4816",68,1994,42.15,51.97,42.66,69.19,46.39,63.09,66.91
"4817",69,1994,46.29,53.17,48.58,69.83,49.99,64.01,66.36
"4818",70,1994,60.42,62.4,64.05,76.79,61,71.35,72.87
"4819",71,1994,77.31,81.49,80.05,84.42,79.55,83.07,84.36
"4820",72,1994,78.05,87.09,80.16,91.17,81.96,91.31,88
"4821",73,1994,74.09,76.34,78.73,83.22,75.19,79.03,81.58
"4822",74,1994,66.67,64.33,72.49,72.79,68.1,68.72,73.82
"4823",75,1994,69.27,73.71,73.44,81.89,73.91,78.68,80.15
"4824",76,1994,80.25,80.88,81.74,84.69,80.61,82.05,83.15
"4825",77,1994,78.83,80.19,81.18,85.38,79.31,83.87,81.51
"4826",78,1994,68.95,71,73.5,80.44,70.79,77.6,77.13
"4827",79,1994,68.35,75.69,72.47,83.08,71.36,80.8,79.39
"4828",80,1994,70.96,70.18,76.09,78.25,71.95,75.97,74.88
"4829",81,1994,71.96,72.66,75.31,79.73,72.04,78.98,74.53
"4830",82,1994,78.92,81.44,80.92,87.78,80.91,86.63,83.25
"4831",83,1994,73.62,81.18,76.08,86.95,77.84,84.45,84.82
"4832",84,1994,65.12,69.14,67.66,79.59,66.45,76.1,76.81
"4833",85,1994,66.77,71.46,71.46,83.89,67.98,82.19,78.16
"4834",86,1994,88.25,92.77,90.22,96.31,89.68,96.35,92.32
"4835",87,1994,89.04,93.57,90.79,94.43,91.32,93.63,92.81
"4836",88,1994,76.7,78.35,80.38,85.67,79.39,82.22,84.58
"4837",89,1994,74.6,80.16,78.57,87.43,77.55,83.68,83.96
"4838",90,1994,70.01,76.34,73.79,89.22,71.86,88.53,84.01
"4839",91,1994,78.35,83.89,79.7,89.41,81.49,88.94,87.38
"4840",92,1994,85.03,89.51,86.35,91.58,87.51,90.43,89.64
"4841",93,1994,88.74,91.38,89.05,91.3,89.81,90.77,89.05
"4842",94,1994,85.47,90.31,85.77,88.08,87.44,87.41,87.28
"4843",95,1994,80.98,87.61,81.55,88.91,83.59,86.87,87.97
"4844",96,1994,74.13,73.32,77.1,79.49,75.04,75.4,78.85
"4845",97,1994,75.27,72.96,80.32,75.89,77.1,73.46,77.31
"4846",98,1994,75.08,75.72,78.67,81.72,76.19,78.21,81.78
"4847",99,1994,74.81,73.83,78.85,77.14,76.25,74.5,78.23
"4848",100,1994,72.21,74.73,75.66,77.84,75.4,75.59,78.74
"4849",101,1994,64.86,69.48,68.81,77.36,68,75.59,75.32
"4850",102,1994,72.09,78.03,75.79,85.32,76.69,82.9,81.91
"4851",103,1994,68.48,74.25,72.61,86.23,71.01,82.6,81.57
"4852",104,1994,65.01,74.35,68.08,85.68,68.78,81.84,81.24
"4853",105,1994,65.59,71.68,68.21,82.27,68.63,78.55,78.29
"4854",106,1994,69.51,76.01,72.6,85.12,72.65,83.18,80.65
"4855",107,1994,68.68,73.99,71.98,84.55,72.87,83.12,79.5
"4856",108,1994,77.59,84.24,78.06,88.87,79.57,87.52,83.71
"4857",109,1994,70.67,74.85,72.95,81.07,74.97,77.61,77.99
"4858",110,1994,78.01,79.13,80.75,84,80.24,81.87,80.35
"4859",111,1994,82.17,83.09,84.61,87.73,81.54,86.82,82.8
"4860",112,1994,84.13,78.93,87.56,83.82,84.91,81.15,81.38
"4861",113,1994,82.88,82.83,85.74,88.88,86.24,86.19,84.04
"4862",114,1994,85.86,86.71,88.52,91.55,88.79,89.66,87.42
"4863",115,1994,90.07,92.95,90.37,92,90.7,90.43,87.97
"4864",116,1994,86.64,88.49,88.08,91.72,87.53,90.56,90.15
"4865",117,1994,91.29,93.72,90.73,93.77,90.47,91.63,91.59
"4866",118,1994,93.21,92.76,92.72,92.51,91.64,90.64,90.69
"4867",119,1994,90.16,96.83,87.52,96.67,91.99,97.54,93.5
"4868",120,1994,82.26,84.93,83.32,89.09,81.32,90.01,84.26
"4869",121,1994,90.85,92.87,90.72,92.75,89.37,92.38,88.52
"4870",122,1994,82.7,86.73,83.15,91.42,82.14,91.29,85.98
"4871",123,1994,82.43,78.63,84.32,82.91,80.33,81.34,80.29
"4872",124,1994,87.3,90.05,88.1,90.14,88.54,88.78,88.17
"4873",125,1994,89.93,91.16,89.79,90.65,92.08,87.56,88.89
"4874",126,1994,93.48,95.96,93.7,96.19,94.86,95.07,95.16
"4875",127,1994,89.16,86.87,89.95,87.1,88.01,87.11,85.46
"4876",128,1994,92.94,92.48,92.98,90.33,93.54,88.48,89.33
"4877",129,1994,88.5,88.44,89.52,88.98,88.75,88.85,86.56
"4878",130,1994,92.41,96.38,91.56,96.28,92.5,95.7,93.04
"4879",131,1994,92.66,97.05,91.97,97.32,93.78,96.85,94.39
"4880",132,1994,88.45,95.38,87.28,95.37,90.83,95.13,92.25
"4881",133,1994,90.97,96.13,90.79,96.19,93.14,96.34,94.07
"4882",134,1994,88.99,90.29,91.1,93.48,90.2,90.69,92.23
"4883",135,1994,87.68,88.45,88.13,91.08,87.39,89.34,89.13
"4884",136,1994,89.59,94.03,88.86,93.24,89.78,90.51,90.17
"4885",137,1994,91.11,96.61,90.38,94.56,92.55,93.83,92.02
"4886",138,1994,86.29,90.77,85.96,92.41,88.5,90.94,90.12
"4887",139,1994,86.77,87.79,86.46,87.92,84.55,87.32,85.92
"4888",140,1994,85.03,85.92,85.17,85.41,83.06,84.84,83.56
"4889",141,1994,83.35,80.36,84.8,80.82,82.43,79.46,80.16
"4890",142,1994,90.94,94.32,90.04,91.51,92.65,90.13,90.21
"4891",143,1994,86.63,86.01,87.2,87.45,85.67,88.15,84.02
"4892",144,1994,80.92,73.4,83.49,77.92,78.47,74.92,78.65
"4893",145,1994,87.65,85.58,89.06,87.01,85.49,85.89,84.15
"4894",146,1994,92.81,93.07,92.55,93.92,92.12,94.9,91.34
"4895",147,1994,91.2,93.26,91.8,92.42,91.48,91.63,92.02
"4896",148,1994,87.59,89.12,87.09,90.68,88.21,87.66,89.22
"4897",149,1994,88.57,87.95,88.53,88.9,88.61,87.8,87.03
"4898",150,1994,87.46,90.51,87.92,92.62,87.87,93.27,87.87
"4899",151,1994,88.77,87.42,89.41,88.21,88.65,87.23,85.28
"4900",152,1994,92.79,94.59,91.68,94.57,93.43,95.72,92.23
"4901",153,1994,93.43,96.75,92.6,96.56,93.15,96.7,95.31
"4902",154,1994,90.79,93.99,90.29,94.46,92.13,92.59,92.48
"4903",155,1994,88.81,86.25,89.79,86.21,90.6,82.4,88.64
"4904",156,1994,95.58,97.29,94.32,93.65,95.53,92.04,93.99
"4905",157,1994,91.78,95.51,90.09,92.35,93.99,92.65,90.77
"4906",158,1994,84.65,81.2,84.62,83.62,83.78,81.63,81.46
"4907",159,1994,83.32,84.12,84.5,87.53,84.29,84.92,84.95
"4908",160,1994,88.61,92.27,88.03,91.33,88.41,92.31,87.13
"4909",161,1994,86.67,88.26,86.04,89.5,85.85,89.41,86.37
"4910",162,1994,89.11,96.42,87.76,95.61,89.62,97.29,91.66
"4911",163,1994,89.32,95.25,88.32,94.48,90.16,95.6,91.81
"4912",164,1994,91.13,94.56,90.39,93.48,92.21,92.58,92.66
"4913",165,1994,93.64,98.31,92.47,96.42,95.17,96.2,94.72
"4914",166,1994,89.02,91.64,89.31,93.82,88.52,93.63,89.36
"4915",167,1994,88.95,93.99,88.87,93.89,90.1,93.7,90.47
"4916",168,1994,87.51,86.39,87.35,86.33,86,88.28,83.81
"4917",169,1994,91.65,93.3,91.74,91.51,91.44,91.13,90.01
"4918",170,1994,93.76,97.5,93.3,95.38,94.5,95.39,92.68
"4919",171,1994,86.13,83.04,87.29,86.2,84.53,84.61,84.24
"4920",172,1994,86.44,81.22,87.11,84.53,84.37,82.66,82.24
"4921",173,1994,85.72,81.26,85.73,80.83,85.53,78.07,81.32
"4922",174,1994,74.18,65.84,77.55,65.61,70.58,65.11,64.59
"4923",175,1994,73.13,65.57,75.55,61.41,71.84,61.78,63.54
"4924",176,1994,84.76,86.1,85.16,79.12,85.14,79.32,80.32
"4925",177,1994,85.16,83.36,86.23,86.11,83.52,86.1,82.25
"4926",178,1994,92.19,92.76,92.26,91.58,93.32,91.65,91.11
"4927",179,1994,92.7,94.82,92.52,94.96,94.57,93.16,96.17
"4928",180,1994,86.35,94.43,84.89,96.5,87.83,96.64,93.7
"4929",181,1994,86.5,93.26,85.82,94.42,87.65,93.23,90.78
"4930",182,1994,88.26,91.56,87.24,88.84,89.91,87.4,88.21
"4931",183,1994,92.07,96.56,90.86,96.01,92.7,96.11,92.48
"4932",184,1994,90.4,91.73,90.2,90.62,90.64,90.39,88.38
"4933",185,1994,93.21,97.16,92.5,95.08,93.66,95.65,93.27
"4934",186,1994,93.69,97.12,93.6,95.92,94.25,96.08,94.76
"4935",187,1994,89.02,90.37,89.13,87.65,87.86,85.89,89.35
"4936",188,1994,90.72,89.13,90.69,82.77,89.65,82.89,83.18
"4937",189,1994,87.75,88.33,87.97,90.18,85.45,90.95,86.35
"4938",190,1994,92.27,95.46,92,94.37,92.58,95.2,91.39
"4939",191,1994,93.87,96.76,93.96,95.98,94.07,97.79,91.79
"4940",192,1994,92.6,98.48,92.6,98.95,94.92,99.67,96.82
"4941",193,1994,88.72,96.01,89.11,98.06,91.07,98.85,96.49
"4942",194,1994,83.35,85.84,82.97,90.93,82.35,91.1,87.66
"4943",195,1994,86.08,87.13,85.88,93.22,85.45,92.4,91.17
"4944",196,1994,82.04,85.57,82.26,92.24,84.16,90.28,89.37
"4945",197,1994,86.19,91.7,85.85,93.9,87.03,93.39,90.75
"4946",198,1994,89.89,92.21,90.7,94,89.8,92.84,90.73
"4947",199,1994,89.66,89.54,89.52,90.43,88.99,90,87.66
"4948",200,1994,86.66,88.37,86.73,88.82,86.5,87.31,87.15
"4949",201,1994,88.25,87.27,87.53,86.22,87.81,84.5,85.23
"4950",202,1994,85.52,84.42,86.15,86.93,84.12,84.99,84.97
"4951",203,1994,86.98,85.85,86.75,82.77,85.88,82.12,83.12
"4952",204,1994,89.08,88.91,88.78,89.92,88.93,89.54,87.06
"4953",205,1994,87.74,88.6,88.24,88.93,88.41,89.06,86.14
"4954",206,1994,86.42,88.05,86.58,86.79,86.64,87.59,85.8
"4955",207,1994,82.91,78.62,85.38,81.07,82.24,78.27,82.27
"4956",208,1994,89.47,92.75,89.6,89.61,90.72,87.97,90.18
"4957",209,1994,89.14,94.31,87.76,92.75,90.22,93.91,89.5
"4958",210,1994,88.36,90.43,88.67,90.09,89.13,91.13,87.35
"4959",211,1994,90.45,93.13,90.56,92.04,89.85,92.67,89.93
"4960",212,1994,89.71,95.39,89.04,94.15,90.52,95.74,91
"4961",213,1994,89.32,94.03,88.82,92.61,90.57,94.51,89.15
"4962",214,1994,87.02,93.6,86.75,92.2,88.76,93.41,89.97
"4963",215,1994,88.71,93.53,88.61,92.73,90.62,92.04,90.49
"4964",216,1994,90.28,93.66,90.26,91.59,92.02,92.16,89.14
"4965",217,1994,87.64,92.08,87,92.11,88.69,93.33,89.16
"4966",218,1994,92.97,97.43,92.38,95.66,94.3,96.32,93.6
"4967",219,1994,89.36,95.93,88.19,96.43,90.13,96.84,92.71
"4968",220,1994,82.43,82.47,82.99,83.24,81.4,82.61,81.93
"4969",221,1994,83.74,87.1,83.98,82.63,83.84,82.01,83.71
"4970",222,1994,88.27,91.08,88.26,85.54,88.59,85.08,86.71
"4971",223,1994,89.43,90.02,89.41,89.71,89.99,90.04,88.41
"4972",224,1994,89.79,95.96,89.11,95.64,91.22,97.73,90.69
"4973",225,1994,87.86,91.69,86.92,88.69,87.8,89.44,87.91
"4974",226,1994,88.8,90.06,89.12,87.29,89.49,84.61,89.74
"4975",227,1994,88.25,91.48,87.91,92.59,88.55,92.46,89.4
"4976",228,1994,89.62,91.22,90.21,92.62,89.99,91.49,89.95
"4977",229,1994,90.05,93.94,91.01,94.56,91.43,93.78,92.29
"4978",230,1994,87.76,91.93,88.33,90.74,87.73,91.01,88.07
"4979",231,1994,91.32,96.96,89.68,96.42,91,98.15,92.03
"4980",232,1994,88.32,95.5,87.77,96.5,90.6,97.84,91.05
"4981",233,1994,89.55,92.17,89.81,93.01,90.56,92.21,89.42
"4982",234,1994,88.96,89.51,89.31,85.76,89.22,87.49,85.77
"4983",235,1994,91.94,94.65,90.23,90,89.92,89.84,89.38
"4984",236,1994,92.15,95.82,91.07,93.27,90.5,93.54,90.53
"4985",237,1994,90.74,97.78,88.99,96.68,91.26,98.73,91.28
"4986",238,1994,81.86,82.55,82.1,84.09,81.84,84.71,82.07
"4987",239,1994,84.94,85.91,85.8,85.92,85.16,84.97,83.41
"4988",240,1994,87.73,88.55,87.06,87.54,86.34,87.75,84.35
"4989",241,1994,86.19,91.8,86.2,91.78,88.14,92.36,87.76
"4990",242,1994,86.4,88.27,85.75,86.62,87,85.44,86
"4991",243,1994,86.01,83.63,87.57,86.32,84.12,83.35,85.43
"4992",244,1994,85.65,84.05,86.04,82.98,85.59,79.96,84.14
"4993",245,1994,90.53,93.08,89.77,90.54,91.55,90.05,89.56
"4994",246,1994,89.37,94.23,88.57,92.78,89.81,93.41,88.98
"4995",247,1994,92.15,95.02,91.58,92.38,92.78,92.3,89.02
"4996",248,1994,88.15,94.98,87.36,93.35,89.84,94.75,87.31
"4997",249,1994,85.5,90.56,85.69,90.15,86.75,91.26,86.55
"4998",250,1994,84.42,87.51,84.43,87.12,85.12,87.07,85.2
"4999",251,1994,87.44,87.97,87.83,86.85,88.07,86.54,85.4
"5000",252,1994,91,95.69,89.94,93.87,91.37,93.58,89.36
"5001",253,1994,89.11,92.44,89.02,93.11,88.21,94.31,87.57
"5002",254,1994,87.71,93.33,86.83,94.49,85.46,96.72,87.03
"5003",255,1994,85.84,91.41,85.64,92.56,86.91,94.65,86.13
"5004",256,1994,85.14,89.84,85.1,86.76,86.43,88.84,82.78
"5005",257,1994,85.53,89.15,85.25,88.22,86.58,87.96,85.62
"5006",258,1994,81.98,80.63,83.88,80.56,81.91,80.31,80.88
"5007",259,1994,88.07,91.32,88.03,89.7,88.64,90.51,85.47
"5008",260,1994,89.5,93.86,89.21,93.68,90.27,94.02,88.59
"5009",261,1994,89.06,92.47,88.33,90.03,90.04,90.22,86.4
"5010",262,1994,88.44,91.58,87.98,89.1,89.08,90.53,84.11
"5011",263,1994,85.72,90.8,85.28,88.56,87.04,91.53,84.02
"5012",264,1994,83.94,85.2,83.98,85.89,83.95,85.66,83.65
"5013",265,1994,88.38,91,88.23,91.51,88.54,90.14,89.35
"5014",266,1994,91.25,95.83,91.12,95.06,92.74,94.93,92.94
"5015",267,1994,89.6,90.64,89.73,92.16,87.82,92.43,88.62
"5016",268,1994,92.65,91.32,91.95,91.78,89.63,90.56,89.73
"5017",269,1994,89.77,90.3,89.58,91.58,87.96,89.33,89.45
"5018",270,1994,88.95,92.5,89.32,91.13,88.92,90.73,87.84
"5019",271,1994,91.19,89.88,91.26,90.76,88.36,90.04,88.58
"5020",272,1994,89.7,88.89,88.9,86.09,88.81,85.59,85.37
"5021",273,1994,83.98,85.12,84.65,81.02,84.52,80.57,82.81
"5022",274,1994,81.23,82.44,81.6,73.68,82.9,73.19,78.5
"5023",275,1994,85.01,85.44,85.38,84.17,85.28,82.28,83.9
"5024",276,1994,86.7,86.41,87.13,86.29,86.48,84.71,84.73
"5025",277,1994,87.41,86.4,88,86.3,86.44,85.11,84.22
"5026",278,1994,90.05,92.51,90.17,90.65,90.92,91.1,87.76
"5027",279,1994,83.2,86.31,83.61,86.62,85.62,85.49,85.44
"5028",280,1994,87.95,93.68,87.61,91.74,91.24,90.58,89.88
"5029",281,1994,86.74,89.01,86.41,87.47,87.49,85.79,86.66
"5030",282,1994,87.5,90.24,87.79,91.27,88.78,88.38,91.11
"5031",283,1994,86.01,93.42,84.39,92.47,88.14,89.99,92.37
"5032",284,1994,88.85,88.53,88.99,87.44,87.81,84.92,89.26
"5033",285,1994,87.65,91.53,87.52,88.44,87.73,87.14,89.32
"5034",286,1994,88.91,92.93,88.19,89.42,90.67,88,90.82
"5035",287,1994,91.41,96.4,90.1,95.37,91.68,95.21,92.55
"5036",288,1994,86.21,85.82,86.11,84.9,85.99,87.54,81.59
"5037",289,1994,82.19,84.91,82.33,85.76,83.52,88.65,82.79
"5038",290,1994,83.42,85.88,83.64,82.95,84.28,82.51,83.82
"5039",291,1994,85.59,89.11,85.54,87.28,86.29,87.01,86.95
"5040",292,1994,88.67,84.34,88.7,83.83,86.16,80.72,83.37
"5041",293,1994,82.68,77.84,84.39,77.93,81.01,75.1,78.79
"5042",294,1994,86.2,82.65,87.11,81.68,84.95,78.34,84.26
"5043",295,1994,90.45,92.7,89.91,90.56,91.05,87.09,90.32
"5044",296,1994,91.2,93.44,90.49,92.09,91.81,92.62,90.94
"5045",297,1994,88.45,91.31,88.37,91,88.37,91.32,88.39
"5046",298,1994,84.29,87.88,83.62,85.29,84.85,85.04,83.1
"5047",299,1994,83.13,87.84,82.96,84.18,84.32,83.05,84.99
"5048",300,1994,85.26,86.78,85.37,81.28,85.94,80.92,84.27
"5049",301,1994,85.4,87.98,85.77,84.04,84.87,83.94,85.93
"5050",302,1994,83.25,85.58,83.51,81.38,83.59,81.69,83.75
"5051",303,1994,85.55,89.68,85.47,86.07,87.13,85.5,86.6
"5052",304,1994,89.61,92.89,89.06,89.11,89.94,88.29,88.51
"5053",305,1994,91.77,94.73,92.03,94.41,92.95,94.24,91.71
"5054",306,1994,89.91,95.32,89.52,94.33,91.23,95.43,90.58
"5055",307,1994,85.52,88.95,84.79,87.03,86.53,84.55,85.72
"5056",308,1994,83.61,83.8,83.75,85.28,84.41,81.86,86.22
"5057",309,1994,80.63,82.55,81.17,88.57,81.88,86.71,85.84
"5058",310,1994,82.88,82.56,84.12,89.26,80.05,89.19,83.85
"5059",311,1994,86.27,83.19,87.07,83.9,85.45,81.47,82.47
"5060",312,1994,89.18,93.77,89.46,90.87,90.09,90.61,89
"5061",313,1994,88.66,94.5,87.65,92.27,89.23,91.23,89.65
"5062",314,1994,86.25,89.58,85.63,91.97,86.44,90.86,89.31
"5063",315,1994,84.83,87.87,84.75,90.47,85.79,91.74,86.99
"5064",316,1994,84.16,86.21,84.58,86.95,84.79,87.79,84.07
"5065",317,1994,83.58,88.66,84.12,90.09,86.14,89.56,86.69
"5066",318,1994,83.05,87.38,83.53,89.28,84.72,91.06,85.58
"5067",319,1994,80.88,80.43,81.89,81.05,80.02,81.06,78.55
"5068",320,1994,79.3,75.24,80.43,70.34,77.99,70.3,74.22
"5069",321,1994,78.28,78.69,78.84,72.42,78.15,72.81,75.79
"5070",322,1994,77.22,76.8,78.53,72.36,76.36,72.67,74.48
"5071",323,1994,74.22,73.55,75.24,69.38,73.98,69.93,71.58
"5072",324,1994,75,71.06,76.8,65.36,73.56,66.91,69.22
"5073",325,1994,83.58,85.9,83.26,78.61,83.4,79.68,80.25
"5074",326,1994,85.2,80.64,86.07,81.43,82.19,79.28,80.27
"5075",327,1994,87.14,82.9,89.06,83.21,85.47,80.21,82.51
"5076",328,1994,86.89,91.74,87.2,91.12,87.65,91.17,88.93
"5077",329,1994,88.89,91.28,87.9,89.71,87.36,88.39,87.83
"5078",330,1994,89.38,90.62,89.05,84.5,89.77,82.68,86.86
"5079",331,1994,87.88,92.05,87.36,86.43,89.09,84.54,86.41
"5080",332,1994,73.92,73.76,74.99,72.73,73.05,72.41,71.41
"5081",333,1994,73.4,72.54,74.67,71.43,72.94,70.75,72.48
"5082",334,1994,72.82,70.42,74.74,71.53,71.5,70.46,71.45
"5083",335,1994,74.05,72.73,75.45,71.14,73.24,69.25,72.47
"5084",336,1994,77.39,75.46,79.38,74.86,76.44,71.73,76.48
"5085",337,1994,81.43,78.68,82.86,81.32,78.5,78.02,79.68
"5086",338,1994,81.83,75.29,82.68,76.62,78.11,74.18,75.69
"5087",339,1994,82.39,81.58,82.25,78.76,81.85,75.85,78.18
"5088",340,1994,78.22,75.39,78.87,71.34,77.52,69.14,73.08
"5089",341,1994,81.8,78.88,82.18,77.23,80.25,74.54,76.74
"5090",342,1994,85.48,81.45,87.22,83.71,83.73,81.62,80.48
"5091",343,1994,88.39,84.1,89.11,87.08,85.5,86.04,82.85
"5092",344,1994,82.99,82.28,83.95,85.98,81.32,83.42,81.44
"5093",345,1994,79.53,74.13,80.29,76.9,76.38,74.26,74.18
"5094",346,1994,77.75,74.8,79.15,74.58,76.55,72.22,73.95
"5095",347,1994,81.08,80.67,82.45,80.61,80.16,78.18,79.33
"5096",348,1994,81.2,79.21,82.68,78.99,80.47,76.83,79.09
"5097",349,1994,77.33,79.31,78.49,80.51,78.38,77.91,79.81
"5098",350,1994,75.28,76.25,76.2,77.48,75.85,74.72,76.24
"5099",351,1994,76.2,74.55,77.76,78.69,75.97,75.66,76.1
"5100",352,1994,79.36,74.56,81.08,79.66,77.22,75.96,77.01
"5101",353,1994,80.31,74.79,81.56,80.37,77.72,76.74,77.27
"5102",354,1994,81.07,78.76,83.28,81.26,79.78,77.08,80.6
"5103",355,1994,80.14,78.34,81.48,79.55,79.74,76.01,79.72
"5104",356,1994,76.57,75.91,77.94,77.37,76.99,76.04,76.4
"5105",357,1994,71.8,75.05,73.37,78.52,72.8,76.59,77.49
"5106",358,1994,70.35,70.48,71.83,74.79,70.98,71.55,75.46
"5107",359,1994,67.46,65.34,69.7,69.16,66.95,66.2,69.41
"5108",360,1994,68.28,65.69,70.47,71.35,68.41,66.51,71.12
"5109",361,1994,66.71,66.85,68.4,76.1,68.61,70.46,75.72
"5110",362,1994,62.8,68.61,63.13,77.14,66.04,71.87,76.1
"5111",363,1994,60.24,67.04,60.73,77.01,62.73,72.54,74.99
"5112",364,1994,59.51,63.13,60.74,73.06,61.56,67.79,71.33
"5113",365,1994,60.96,62.54,62.39,72.42,62.61,66.55,71.09
"5114",1,1995,63.72,64.6,63.93,72.63,65.06,68.1,70.98
"5115",2,1995,60.97,62.4,61.46,67.86,62.74,64.92,67.27
"5116",3,1995,55.73,54.77,56.71,61.24,56.04,57.93,61.02
"5117",4,1995,55.89,53.51,57.52,61.44,54.92,57.32,61.53
"5118",5,1995,55.02,53.75,56.39,61.47,55.06,57.78,61.5
"5119",6,1995,53.63,52.57,54.29,59.71,53.86,55.06,60.16
"5120",7,1995,50.72,47.3,52.36,53.71,48.74,50.7,54.2
"5121",8,1995,51.96,51.44,53.44,55.25,52.25,53.3,57
"5122",9,1995,53.69,56.47,54.9,61.74,55.03,59.84,62.27
"5123",10,1995,52.73,59.21,54.02,68.4,56.07,64.2,67.95
"5124",11,1995,49.77,53.74,51.64,66.3,51.18,61.73,65.81
"5125",12,1995,52.89,52.9,54.28,63.91,53.39,58.03,63.59
"5126",13,1995,54.76,54.22,56.89,64.91,54.62,59.13,63.52
"5127",14,1995,59.95,58.67,60.93,67.9,59.43,62.57,65.87
"5128",15,1995,60.93,61.38,61.87,70.85,61.26,65.53,68.08
"5129",16,1995,59.52,63.11,60.46,72.54,61.52,66.08,71.97
"5130",17,1995,58.01,61.58,58.5,73.43,60.95,66.37,72.88
"5131",18,1995,56.78,60.34,59.19,71.57,60.21,66.51,68.38
"5132",19,1995,65.46,63.37,68.57,76.39,68.88,69.83,74.07
"5133",20,1995,77.35,77.02,79.82,87.54,82.33,83.65,83.58
"5134",21,1995,78.85,81.97,80.87,86.9,81.47,86.11,81.7
"5135",22,1995,65.31,63.72,69.54,74.59,66.55,69.9,71.68
"5136",23,1995,59.94,59.21,63.03,68.34,62.07,64.1,66.96
"5137",24,1995,60.36,60.21,63.5,68.38,61.41,65.37,65.52
"5138",25,1995,55.98,58.72,58.12,68.04,57.84,64.91,65.19
"5139",26,1995,53.47,54.4,55.64,65.03,54.31,61.83,62.45
"5140",27,1995,53.92,54.86,55.83,64.72,55.55,60.81,62.61
"5141",28,1995,50.02,51.79,52.24,64.13,51.21,59.68,61.49
"5142",29,1995,51.98,51.76,53.92,63.51,52.62,59.21,61.18
"5143",30,1995,49.76,52.82,50.58,64.61,52.17,60.68,62.1
"5144",31,1995,47.92,49.31,49.82,63.72,49.09,59.36,61.04
"5145",32,1995,47.64,49.69,49.76,62.66,48.68,58.31,60.25
"5146",33,1995,48.16,49.52,49.89,61.76,48.93,57.94,60.45
"5147",34,1995,47.81,50.16,49.42,60.54,49.07,57.41,59.01
"5148",35,1995,43.79,48.9,45.3,59.9,46.42,56.23,58.04
"5149",36,1995,42.91,48.43,43.95,59.14,45.19,55.82,57.86
"5150",37,1995,44.67,47.55,46.19,55.01,46.35,51.75,55.89
"5151",38,1995,46.9,46.39,49.72,56.47,46.98,53.14,55.76
"5152",39,1995,45.59,46.19,48.25,58.54,46.25,54.56,55.99
"5153",40,1995,46.86,47.54,49.79,59.49,47.63,55.51,57.29
"5154",41,1995,44.16,45.32,46.2,54.94,44.96,51.67,54.45
"5155",42,1995,43.09,42.74,45.51,54.6,42.83,51.01,52.65
"5156",43,1995,43.97,43.36,45.89,55.22,43.99,52.19,53.32
"5157",44,1995,41.91,43.82,43.54,54.01,42.82,50.83,52.46
"5158",45,1995,41.68,41.6,43.16,48.03,41.84,46.38,48.1
"5159",46,1995,41.55,38.68,43.65,44.49,40.72,43.27,44.85
"5160",47,1995,43.95,40.34,46.56,49.47,43.15,46.16,49.27
"5161",48,1995,42.87,40.25,45.32,49.63,42.69,45.99,50.26
"5162",49,1995,41.86,39.48,43.88,43.41,41.82,40.41,46.04
"5163",50,1995,43.38,39.26,45.28,44.86,42.33,40.43,47.51
"5164",51,1995,45.5,43.25,47.96,51.35,44.42,47.37,51.8
"5165",52,1995,48.18,48.47,50.27,61.49,46.99,56.21,62.1
"5166",53,1995,52.01,54.99,51.99,69.42,51.46,63.55,69.04
"5167",54,1995,54.68,65.64,52.86,75.57,58.27,70.35,74.5
"5168",55,1995,49.29,56.39,48.9,71.82,50.93,65.04,71.17
"5169",56,1995,47.87,54.21,48.51,68.96,49.58,62.28,68.43
"5170",57,1995,50.14,54.58,50.13,67.82,50.98,60.44,67.1
"5171",58,1995,48.39,55.05,48.63,69.71,50.12,61.95,69.03
"5172",59,1995,50.61,58.92,50.29,73.87,53.54,66.13,73.18
"5173",60,1995,53.56,58.98,54.05,73.76,54.81,66.89,72.09
"5174",61,1995,50.98,55.9,52.57,70.49,52.69,64.04,68.82
"5175",62,1995,56.72,59.64,60.2,72.89,57.06,66.61,70.34
"5176",63,1995,64.81,70.57,65.63,80.01,68.02,74.04,77.1
"5177",64,1995,51.94,57,53.35,73.69,54.62,66.71,71.63
"5178",65,1995,46.55,51.53,47.08,67.77,48.48,59.93,66.55
"5179",66,1995,45.2,49.43,45.14,65.27,47.44,57.34,64.66
"5180",67,1995,46.64,51.19,47.04,67.13,48.97,59.5,66.11
"5181",68,1995,48.68,53.45,48.75,69.78,50.12,62.68,68.34
"5182",69,1995,48.77,54.69,49.38,74.56,49.89,66.86,71.49
"5183",70,1995,52.09,59.27,53.66,76.12,53.85,69.32,74.17
"5184",71,1995,76.89,82.62,77.78,84.94,84.79,78.63,87.71
"5185",72,1995,77.04,82.87,77.56,86.64,80.45,83.79,86.9
"5186",73,1995,62.74,68.26,64.38,78.63,66.89,75.14,77.9
"5187",74,1995,54.17,58.42,55.42,72.41,57.93,67.63,72.62
"5188",75,1995,49.12,55.31,49.78,73.9,52.04,66.77,72.68
"5189",76,1995,49.08,53.41,49.93,69.73,51.64,62.66,71.91
"5190",77,1995,51.71,54.28,52.1,66.02,54.41,59.06,70.74
"5191",78,1995,61.72,58.66,63.48,71.28,62.37,62.61,73.38
"5192",79,1995,77.49,73.69,77.73,81.56,78.39,74.89,81.82
"5193",80,1995,79.25,82.54,80.03,85.61,79.8,83.02,85.05
"5194",81,1995,84.4,92.64,84.66,92.65,87.15,93.1,90.13
"5195",82,1995,79.4,85.78,80.45,88.66,81.15,88.33,86.16
"5196",83,1995,79.27,84.16,78.91,85.6,81.93,83.52,86.14
"5197",84,1995,71.96,78.16,71.64,78.06,76,74.72,79.77
"5198",85,1995,73.46,78.05,73.7,82.91,78.63,78.9,81.13
"5199",86,1995,60.66,63.81,61.97,73.63,64.96,69.32,73.89
"5200",87,1995,54.79,58.26,53.74,65.42,58,62.14,67.82
"5201",88,1995,55.91,58.77,54.16,63.25,59.34,60.33,65.71
"5202",89,1995,54.2,62.79,51.52,70.6,58.71,67.66,70.38
"5203",90,1995,48.31,56.08,46.46,70.19,52.47,65.38,67.8
"5204",91,1995,47.44,51.98,45.99,63.71,50.47,59.28,63.76
"5205",92,1995,43.07,50.6,41.12,61.83,47.48,57.73,62.92
"5206",93,1995,43.32,49.08,45.19,59.22,49.35,53.92,60.8
"5207",94,1995,42.16,48.46,43.51,60.42,48.09,54.47,61.94
"5208",95,1995,42.39,51.09,41.2,63.49,47.66,57.71,63.76
"5209",96,1995,44.21,53.1,44.3,66.61,48.86,61.81,65.57
"5210",97,1995,47.88,53.65,49.86,65.83,54.2,61.06,65.37
"5211",98,1995,46.52,54.36,46.46,69.42,52.18,62.49,69.08
"5212",99,1995,42.44,49,42.1,61.7,46.93,56.07,62.89
"5213",100,1995,45.07,49.98,46.36,61.7,49.26,55.8,61.71
"5214",101,1995,48.94,52.22,51.01,64.65,52.23,57.67,65.01
"5215",102,1995,55.8,58.22,55.24,68.35,58.35,61.89,69.74
"5216",103,1995,82.84,86.39,82.69,84.44,86.72,80.93,88.65
"5217",104,1995,91.22,96.88,91.49,97.31,94.55,96.91,97.22
"5218",105,1995,87.28,92.71,87.03,96.27,89.96,95.12,94.49
"5219",106,1995,90.89,96.46,90.1,97.92,92.65,98.09,96.02
"5220",107,1995,91.83,91.8,91.15,93.48,91.44,91.6,91.14
"5221",108,1995,79.24,78.48,80.97,81.32,79.87,77.78,82.96
"5222",109,1995,81.17,78.13,82.82,77.87,82,74.29,81.89
"5223",110,1995,83.36,91.44,82.45,88.6,88.25,86.2,90.18
"5224",111,1995,80.98,81.41,81.98,83.36,82.17,81.21,83.54
"5225",112,1995,86.93,88.4,87.55,90.62,87.5,89.86,88.51
"5226",113,1995,89.72,92.24,90.55,94.07,90.24,94.96,91.29
"5227",114,1995,88.17,93.92,88.14,96.36,89.55,97,93.57
"5228",115,1995,91.5,96.9,91.28,97.31,91.97,98.7,92.96
"5229",116,1995,89.67,93.08,89.28,94.48,90.23,92.08,93.44
"5230",117,1995,82.34,85.33,82.14,88.84,81.87,87.26,86.03
"5231",118,1995,80.02,79.06,81.42,80.21,80.35,77.14,80.28
"5232",119,1995,84.97,85.42,86.42,88.81,86.37,85.02,87.68
"5233",120,1995,87.23,84.66,87.77,83.87,87.36,80.68,85.01
"5234",121,1995,84.74,85.92,85.13,86.89,84.58,83.43,86.12
"5235",122,1995,83.72,85.35,84.23,86.66,85.05,84.65,85.36
"5236",123,1995,88.4,87.63,88.7,84.2,88.85,82.7,83.88
"5237",124,1995,90.87,86.15,91.5,82.35,89.87,81.91,82.41
"5238",125,1995,81.4,76.71,83.64,77.14,80.61,74.81,78.63
"5239",126,1995,74.58,70.34,77.34,73.09,74.63,69.49,74.97
"5240",127,1995,68.8,68.44,70.76,71.94,69.08,69.57,73.94
"5241",128,1995,67.98,64.91,70.55,69.82,68.19,66.29,72.07
"5242",129,1995,78.99,71.53,81.81,72.81,78.17,68.78,74.64
"5243",130,1995,85.07,86.51,85.42,88.19,86.03,86.24,85.73
"5244",131,1995,86.76,89.7,86.84,90.25,87.43,89.7,86.35
"5245",132,1995,78.78,76.82,80.83,81.54,77.71,78.57,79.65
"5246",133,1995,84.35,81.22,86.34,83.38,84.64,78.84,82.54
"5247",134,1995,83.09,83.56,84.14,83.98,84.65,80.77,82.86
"5248",135,1995,84.96,82.69,85.69,84.09,85.6,81.37,82.07
"5249",136,1995,90.63,92.95,89.72,93.88,91.32,93.15,90.14
"5250",137,1995,86.56,84.35,88.19,86.46,86.68,85.11,84.56
"5251",138,1995,88.25,87.25,88.91,85.81,89.21,82.65,86.52
"5252",139,1995,88.99,84.59,90.85,82.43,89.4,80.41,86.08
"5253",140,1995,85.16,83.93,86.29,83.71,85.75,80.8,86.36
"5254",141,1995,79.65,77.5,81.89,78.18,79.42,76.06,79.42
"5255",142,1995,84.07,80.06,86.06,77.96,81.87,74.42,80.12
"5256",143,1995,85.51,79.46,87.33,77.94,83.76,74.12,80.73
"5257",144,1995,88.04,83.07,88.43,79.91,88.6,76.95,81.71
"5258",145,1995,89.64,87.89,90.68,90.08,89.35,86.5,88.95
"5259",146,1995,87.11,90.32,87.61,92.67,87.44,91.06,90.52
"5260",147,1995,87.32,90.12,87.31,92,87.4,91.5,90.56
"5261",148,1995,88.7,93.29,87.91,93.65,88.79,92.36,91.06
"5262",149,1995,94.34,96.18,93.56,96.34,91.18,97.61,92.74
"5263",150,1995,91.49,95.4,91.49,96.12,90.03,97.02,90.92
"5264",151,1995,89.01,94.67,89,96.12,86.52,97.85,89.1
"5265",152,1995,87.33,91.39,87.46,93.69,87.81,93.26,90.88
"5266",153,1995,89.87,95.5,89.67,95.06,91.14,95.21,91.33
"5267",154,1995,92.55,96.73,91.67,94.3,93.58,94.97,92.47
"5268",155,1995,93.82,93.93,92.86,93.2,92.31,92.71,92.29
"5269",156,1995,90.73,94.49,91.17,96.69,92.93,96.46,95.32
"5270",157,1995,93.13,96.26,92.72,97.14,94,97.18,95.24
"5271",158,1995,87.84,88.25,87.49,89.6,87.98,87.98,88.31
"5272",159,1995,91.26,94.29,89.89,91.73,92.39,90.45,91.47
"5273",160,1995,93.27,97.31,91.72,94.73,93.67,94.06,94.17
"5274",161,1995,89.03,90.13,87.61,90.07,86.84,91.06,87.75
"5275",162,1995,86.43,90.17,86.19,91.77,87.8,91.45,88.56
"5276",163,1995,88.18,87.78,88.2,89.11,88.08,88.27,87.48
"5277",164,1995,91.24,95.39,90.67,96.33,92.37,97.08,94
"5278",165,1995,95.41,98.51,94.16,95.9,95.91,96.97,94.92
"5279",166,1995,85.22,85.81,85,86.32,85.69,85.59,86.68
"5280",167,1995,84.21,86.17,84.67,84.13,85.05,81.79,86.23
"5281",168,1995,85.78,89.52,85.87,91.11,86.39,89.43,90.33
"5282",169,1995,90.09,94.98,88.98,94.23,89.66,93.28,92.55
"5283",170,1995,92.84,95.76,91.61,95.08,91.16,95.11,92.27
"5284",171,1995,91.98,95.74,91.25,95.23,92.4,96.28,92.22
"5285",172,1995,90.73,95.14,90.21,94.65,92.22,95.69,91.91
"5286",173,1995,91.98,95.25,91.9,96.73,93.25,96.39,95.97
"5287",174,1995,93.85,97.74,92.38,96.98,94.82,97.22,95.82
"5288",175,1995,84.46,87.61,84.67,88.73,85.92,88.13,87.8
"5289",176,1995,74.9,68.3,78.26,70.55,73.19,68.94,73.14
"5290",177,1995,80.71,69.72,84.49,73.31,79.25,68.98,76.78
"5291",178,1995,87.86,83.54,87.69,80.97,87.91,76.91,84
"5292",179,1995,89.61,92.57,88.65,90.36,89.76,89.06,90.92
"5293",180,1995,92.29,95.09,91.73,93.31,93.37,93.67,92.92
"5294",181,1995,91.48,92.38,92.07,93.96,91.48,93.43,91.21
"5295",182,1995,89.39,92.9,88.71,93.64,88.94,95.07,90.55
"5296",183,1995,85.53,87.93,85.35,86.14,87.31,86.33,86.31
"5297",184,1995,89.91,90.49,88.94,90.06,89.74,89.22,88.75
"5298",185,1995,88.05,92.18,87.72,90.55,88.52,90.85,87.42
"5299",186,1995,90.14,93.66,89.91,92.37,89.98,93.83,89.68
"5300",187,1995,87.22,88.79,86.83,85.65,87.23,86.54,84.33
"5301",188,1995,90.05,92.24,89.69,89.5,90.04,89.38,86.75
"5302",189,1995,88.32,88.52,88.14,87.29,87.84,88.24,85.25
"5303",190,1995,88.98,91.23,88.66,88.18,89.69,87.36,87.74
"5304",191,1995,87.65,93.26,87.78,93.07,89.1,93.16,89.53
"5305",192,1995,81.66,82.9,82.78,85.11,83.03,85.92,82.57
"5306",193,1995,83.39,83.89,85.25,86.2,84.87,84.75,85.76
"5307",194,1995,86.75,87.01,87.05,87.71,86.98,85.88,86.52
"5308",195,1995,87.69,90.19,88.13,88.49,89.07,86.65,88.01
"5309",196,1995,86.77,90.54,86.52,89.77,86.95,88.86,89.28
"5310",197,1995,90.72,93.95,89.65,92.63,90.28,91.43,90.83
"5311",198,1995,91.01,91.38,91.68,92.6,90.8,90.89,90.16
"5312",199,1995,91.47,95.13,91.32,93.09,93.27,92,92.08
"5313",200,1995,84.99,88.15,85.22,87.78,87.15,87.95,87.84
"5314",201,1995,88.26,91.36,88.8,85.45,89.33,86.1,88.23
"5315",202,1995,92.82,97.53,91.49,95.61,93.27,96.54,92.73
"5316",203,1995,89.36,94.08,90.17,94.33,89.27,94.95,89.77
"5317",204,1995,85.41,91.18,85.8,90.17,86.38,92.06,88.81
"5318",205,1995,85.24,86.86,85.96,86.8,85.5,84.77,87.9
"5319",206,1995,86.33,85.32,86.5,86.27,86.3,82.48,85.99
"5320",207,1995,86.68,88.1,86.68,85.75,88.32,82.63,87.97
"5321",208,1995,84.17,88.46,84.92,85.37,86,84.24,87.35
"5322",209,1995,87.97,92.37,87.85,88.39,88.63,89.04,88.72
"5323",210,1995,88.54,94.01,88.6,92.93,89.09,93.85,91
"5324",211,1995,90.2,95.92,89.64,94.68,90.97,95.13,91.48
"5325",212,1995,88.37,91,88.39,92.66,88.62,92.64,90.01
"5326",213,1995,85.86,90.81,85.32,93.31,86.38,94.36,90.03
"5327",214,1995,83.71,85.06,83.27,89.47,84.27,88.57,87.25
"5328",215,1995,82.94,86.24,83.21,86.56,84.1,84.84,87.31
"5329",216,1995,85.96,87.88,86.02,87.07,86.49,86.51,87.68
"5330",217,1995,90.01,92.85,89.61,93.34,91.12,94.74,91.16
"5331",218,1995,85.65,89.72,85.26,92.15,86.33,93.3,87.25
"5332",219,1995,85.1,90.59,84.47,89.82,85.13,90.52,85.42
"5333",220,1995,84.34,90.97,84.46,89.73,85.67,91.03,86.54
"5334",221,1995,85.96,93.29,84.68,92.69,87.42,94.07,87.68
"5335",222,1995,85.48,90.98,84.58,91.88,87.29,91.32,90.09
"5336",223,1995,89.21,93.49,89.29,93.63,90.4,92.59,93.03
"5337",224,1995,85.1,84.94,85.83,83.85,85.5,83.19,85.33
"5338",225,1995,87.18,91.97,87.23,90.68,87.41,89.68,89.39
"5339",226,1995,87.6,88.82,87.06,87,86.84,87.75,84.89
"5340",227,1995,87.11,85.88,87,84.84,86.09,84.39,83.67
"5341",228,1995,83.21,86.85,82.81,87.05,84.01,85.35,85.9
"5342",229,1995,90.65,94.7,89.34,88.58,89.54,87.44,88.64
"5343",230,1995,89.41,94.27,89.38,94.27,89.53,94.21,91.4
"5344",231,1995,81.42,85.89,81.95,90.8,80.34,92.72,83.52
"5345",232,1995,84.5,91.91,82.8,93.63,84.59,93.33,88.05
"5346",233,1995,83.4,90.4,82.27,91.75,83.84,90.64,87.47
"5347",234,1995,84.99,89.24,84.02,88.34,86.87,88.1,87.04
"5348",235,1995,86.07,88.63,86.01,89.15,86.94,88.68,87.44
"5349",236,1995,88.02,89.92,88.35,92.26,89.02,92.94,89.54
"5350",237,1995,85.91,91.34,85.3,93.3,86.81,94.54,89.28
"5351",238,1995,87.97,91.87,87.16,93.11,87.46,93.62,89.13
"5352",239,1995,87.97,93.87,86.76,95.27,87.87,96.04,89.29
"5353",240,1995,88.55,93.08,86.63,94.45,87.23,94.68,88.3
"5354",241,1995,89.45,91.89,88.62,93.67,90.16,93.3,89.38
"5355",242,1995,85.8,87.95,86.12,87.6,85.81,88.46,83.78
"5356",243,1995,86.96,90.53,87,88.44,86.79,90.3,83.21
"5357",244,1995,84.62,91.67,83.87,89.9,85.06,91.47,83.58
"5358",245,1995,82.99,89.39,82.59,90.55,84.16,91.1,84.06
"5359",246,1995,87.37,91.63,86.86,88.96,86.46,90.51,83.35
"5360",247,1995,85.75,90.95,85.7,90.32,86.52,93.17,85.34
"5361",248,1995,82.29,89.12,81.64,91.97,82.67,92.53,84.43
"5362",249,1995,83,89.3,82.26,91.79,83.3,92.63,85.95
"5363",250,1995,84.19,88.81,83.64,92.67,84.73,91.98,88.58
"5364",251,1995,87.37,92.02,87.49,91.42,88.66,91.87,88.97
"5365",252,1995,84.38,84.55,84.82,83.05,84.29,83.5,82.22
"5366",253,1995,83.93,88.89,83.64,86.28,85.27,83.97,86.11
"5367",254,1995,86.75,87.76,86.13,85.16,86.55,84.46,84.54
"5368",255,1995,83.73,88.06,83.9,88.78,85.34,89.03,85.86
"5369",256,1995,80.92,82.15,81.95,84.25,82.35,82.58,83.91
"5370",257,1995,86.54,90.5,85.53,85.83,88.05,84.02,86.81
"5371",258,1995,87.69,92.06,86.65,86.63,88.23,85.42,86.57
"5372",259,1995,85.82,91.15,85.75,91.79,86.54,92.16,88.28
"5373",260,1995,85.96,90.93,85.85,93.32,87.31,92.29,90.37
"5374",261,1995,83.75,85.04,84.31,86.71,84.25,85.66,84.54
"5375",262,1995,82.94,84.48,83.14,82.42,84.07,81.46,81.49
"5376",263,1995,86.35,88.54,86.51,87.45,87.04,87.24,84.88
"5377",264,1995,87.57,90.09,88.64,90.91,88.45,90.26,87.15
"5378",265,1995,87.71,92.7,86.35,94.1,88.1,94.3,89.9
"5379",266,1995,86.13,88.88,85.8,93.24,86.91,92.35,89.14
"5380",267,1995,85.91,90.78,85.78,91.92,85.83,92.59,87.4
"5381",268,1995,87.62,92.8,87.01,93.99,89.06,95.01,90.78
"5382",269,1995,83.26,85.26,83.89,86.32,83.67,87.32,83.82
"5383",270,1995,79.98,82.11,80.96,82.34,80.56,82.14,80.52
"5384",271,1995,81.43,83.9,82.06,79.64,82.19,78.44,82.55
"5385",272,1995,82.33,85.03,83.56,81.23,83.53,80.89,83.47
"5386",273,1995,86.66,90.04,86.72,86.74,87.39,87.53,86.57
"5387",274,1995,89.43,94.13,88.13,91.4,89.25,93.81,86.2
"5388",275,1995,86.25,91.01,85.2,92.7,85.73,94.92,86.8
"5389",276,1995,85.53,89.19,85.2,91.4,86.31,91.61,88.18
"5390",277,1995,84.54,87.88,84.45,88.14,84.12,88.14,86.09
"5391",278,1995,84.94,87.74,84.7,89.44,85.41,90.03,85.1
"5392",279,1995,85.05,84.43,85.33,89.03,85.02,89.68,84.83
"5393",280,1995,80.02,78.28,81.74,82.11,79.68,80.64,79.24
"5394",281,1995,84.43,84.2,84.73,78.89,83.78,78.96,80.28
"5395",282,1995,84.5,85.13,84.34,80.42,85.26,81.48,82.96
"5396",283,1995,83.91,86.35,84.16,79.83,86.41,80.35,83.3
"5397",284,1995,93.89,96.56,92.91,90.13,94.7,87.69,92.53
"5398",285,1995,91.27,88.53,90.95,87.19,89.27,86.62,87.37
"5399",286,1995,84.71,89.04,84.32,85.36,86.32,82.52,85.63
"5400",287,1995,87.46,90.06,86.15,84.84,88.55,83.47,85.07
"5401",288,1995,87.06,84.86,87.19,84.98,86.76,83.42,83.42
"5402",289,1995,87.27,89.21,87.36,87.96,86.44,89.4,83.06
"5403",290,1995,88.61,90.34,88.04,91.26,89.56,91.18,87.62
"5404",291,1995,82.87,79.96,83.87,85.7,81.15,86.1,80.67
"5405",292,1995,83.29,82.76,84.48,88.12,83.29,87.43,83.96
"5406",293,1995,83.08,84.06,83.41,87.28,82.53,84.3,84.97
"5407",294,1995,80.21,79.96,81.61,86.87,80.13,86.15,82.78
"5408",295,1995,82.11,86.53,82.09,89.09,83.26,86.15,85.73
"5409",296,1995,82.78,83.6,83.71,80.71,83.96,79.48,82.65
"5410",297,1995,85.46,90.49,85.71,86.78,86.75,85.32,87.07
"5411",298,1995,85.66,89.93,85.98,90.39,87.58,90.4,86.73
"5412",299,1995,86.32,91.98,85.85,93.21,89.28,93.62,89.26
"5413",300,1995,86.35,88.99,86.89,92.39,87.5,91.71,88.66
"5414",301,1995,81.42,85.64,82.05,90.29,83.11,89.55,85.08
"5415",302,1995,81.71,81.45,82.44,83.18,80.73,81.57,80.87
"5416",303,1995,85.54,84.37,85.23,80.28,85.05,79.06,82.07
"5417",304,1995,85.18,88.69,85.18,84.27,86.61,82.41,85.3
"5418",305,1995,86.71,90.88,86.71,86.57,87.95,85.08,87.37
"5419",306,1995,84.02,87.61,84.33,86.22,85.15,83.76,87.27
"5420",307,1995,85.7,89.52,84.67,85.61,86.35,83.36,86.5
"5421",308,1995,87,91.32,86.55,85.81,87.35,83.88,85.62
"5422",309,1995,87.07,89.2,86.5,83.34,88.05,81.2,84.37
"5423",310,1995,87.95,88.45,87.8,86.17,88.51,83.81,84.81
"5424",311,1995,88.36,86.85,88,85.82,88.57,83.65,84.76
"5425",312,1995,89.41,91.78,88.6,85.93,89.95,84.77,85.94
"5426",313,1995,89.56,92.49,88.3,84.47,90.63,83.43,85.37
"5427",314,1995,80.89,77.51,81.18,73.12,79.99,72.97,74.58
"5428",315,1995,73.5,69.74,74.68,62.93,73.58,63.28,66.36
"5429",316,1995,75.49,73.94,76.35,66.31,76.29,67.07,69.2
"5430",317,1995,78.7,80.52,78.81,74.57,80.26,73.47,78.29
"5431",318,1995,85.09,90.14,84.55,89.77,86.24,87.94,89.23
"5432",319,1995,83.77,85.66,83.82,84.25,84.65,83.25,82.74
"5433",320,1995,81.27,83.88,80.99,85.37,81.16,83.92,82.28
"5434",321,1995,78.56,75.09,79.91,78.66,76.05,76.65,77.38
"5435",322,1995,76.32,77.54,76.97,78.08,76.53,75.52,78.38
"5436",323,1995,75.84,78.78,76.07,76.85,77.41,75.01,77.71
"5437",324,1995,78.63,77.49,79.96,75.55,78.72,74,76.89
"5438",325,1995,86.65,89.5,87.26,85.72,88.42,84.05,87.6
"5439",326,1995,84.17,84.14,85.02,80.55,83.93,78.8,81.94
"5440",327,1995,81.61,82.91,81.73,76.58,82.25,75.54,77.79
"5441",328,1995,76.16,75.15,75.96,73.09,76.88,71.69,72.97
"5442",329,1995,71.38,72.96,71.65,69.03,72.42,68.39,70.34
"5443",330,1995,68.72,72.18,69.23,66.25,70.43,66.53,68.36
"5444",331,1995,70.25,78.84,69.19,74.99,74.18,74.68,75.43
"5445",332,1995,70.39,74.94,69.5,71.89,72.97,71.21,71.94
"5446",333,1995,67.9,64.79,68.81,59.93,67.39,59.64,62.84
"5447",334,1995,66.92,66.44,67.59,63.07,68.02,61.2,65.5
"5448",335,1995,68.9,71.49,68.68,72.24,70.18,69.07,72.91
"5449",336,1995,73.52,74.51,73.8,75.4,73.76,72.48,75.72
"5450",337,1995,77.33,79.19,77.19,79.22,77.1,76.21,78.61
"5451",338,1995,76.39,78.97,76.43,77.93,77.13,75.03,79.41
"5452",339,1995,74.88,78.33,74.24,73.67,76.41,71.44,75.98
"5453",340,1995,68.21,73.42,68.18,76.35,71.14,72.67,76.89
"5454",341,1995,65.46,70.39,65.31,74.76,68.77,71.67,75.05
"5455",342,1995,61.51,63.56,62.03,66.38,62.72,63.25,67.5
"5456",343,1995,58.99,62.34,59.83,68.01,60.72,63.7,68.14
"5457",344,1995,61.63,63.61,61.76,67.99,63.65,61.85,68.82
"5458",345,1995,61.44,65.78,60.63,68.57,64.61,63.59,69.1
"5459",346,1995,61.05,61.54,61.04,66.06,61.87,62.71,66.24
"5460",347,1995,59.28,63.09,59.35,63.4,61.3,59.63,64.96
"5461",348,1995,60.72,65.52,60.17,66.83,64.11,62.63,68.66
"5462",349,1995,56.87,64,56.56,72.38,61.47,66.73,73.12
"5463",350,1995,54.95,62.09,54.65,71.09,59.13,66.49,69.59
"5464",351,1995,56.15,61.32,55.91,70.82,59.82,65.3,68.85
"5465",352,1995,60.45,61.45,61.46,71.5,61.94,65.66,69.01
"5466",353,1995,75.07,73.32,77.25,81.43,75.36,74.57,79.71
"5467",354,1995,85.47,85.47,85.79,88.95,86.38,85.11,89.79
"5468",355,1995,80.24,81.66,80.42,83.02,82.31,79.47,84.05
"5469",356,1995,82.84,83.75,83.99,82.99,84.43,79.77,83.32
"5470",357,1995,83.05,81.82,83.9,81.77,82.96,79.95,80.05
"5471",358,1995,82.31,84.1,83.27,85.59,83.68,82.91,83.11
"5472",359,1995,80.85,78.66,82.54,76.81,81.58,74.18,77.98
"5473",360,1995,77.83,71.54,80.31,71.4,77.41,68.09,72.33
"5474",361,1995,71.11,69.18,72.98,69.52,72.91,66.48,70.25
"5475",362,1995,67.41,67.12,70.26,70.15,68.84,66.12,69.14
"5476",363,1995,66.04,64.62,68.31,70.81,66.6,66.63,69.44
"5477",364,1995,65.42,69.2,66.38,73.41,67.88,71.04,72.43
"5478",365,1995,65.19,63.43,65.16,63.13,66.76,61.38,63.61
"5479",1,1996,60.12,56.34,61.98,58.69,60.99,55.65,60.02
"5480",2,1996,67.77,62.04,69.1,63.31,67.91,60.02,63.7
"5481",3,1996,64.29,63.74,65.48,68.32,65.81,64.39,67.93
"5482",4,1996,69.37,65.47,71.23,66.28,70.45,62.88,66.82
"5483",5,1996,66.28,63.31,68.01,66.91,66.69,64.74,65.35
"5484",6,1996,58.78,56.29,60.3,60.55,60.7,57.53,60.01
"5485",7,1996,54.35,51.24,57.27,56.44,54.47,51.84,56.2
"5486",8,1996,53.68,50.75,56.37,56.09,55.28,50.64,57.27
"5487",9,1996,51.77,50.02,54.93,51,53.62,48.42,53.11
"5488",10,1996,55.19,54.3,57.75,56.8,56.23,52.92,58.41
"5489",11,1996,56.97,56.63,59.51,66.47,58.3,61.66,65.44
"5490",12,1996,57.52,57.36,59.28,70.36,59.24,63.24,68.92
"5491",13,1996,53.96,52.53,55.13,61.74,55.89,56.23,62.84
"5492",14,1996,53.26,55.53,54.21,64.32,57.07,57.95,65.2
"5493",15,1996,51.57,55.37,52.85,66.56,54.74,60.16,67.14
"5494",16,1996,49.55,52.25,51.69,66.26,52.98,59.03,66.39
"5495",17,1996,51.74,54.03,53.33,65.72,53.79,59.01,65.53
"5496",18,1996,52.33,56.2,52.89,64.48,55.21,60.64,64.09
"5497",19,1996,49.58,53.21,50.49,66.07,51.91,60.83,65.02
"5498",20,1996,48.29,48.92,49.44,59.11,49.23,54.27,58.84
"5499",21,1996,51.24,51.38,52.17,58.56,51.76,53.66,58.8
"5500",22,1996,52.07,53.37,53.39,60.74,54.14,55.51,61.77
"5501",23,1996,46.69,49.96,48.08,63.98,49.43,57.76,63.83
"5502",24,1996,43.74,50.52,44.28,65.05,47.26,58.09,64.1
"5503",25,1996,41.24,49.52,41.46,61.86,46.43,55.89,61.83
"5504",26,1996,41,46.11,42.06,57.97,43.63,51.87,57.99
"5505",27,1996,41.96,43.86,42.71,56.03,44.49,50.16,56.11
"5506",28,1996,40.64,45.51,42.45,55.65,43.88,50.29,56.08
"5507",29,1996,38.2,43.87,40.23,57.38,40.44,50.46,56.6
"5508",30,1996,39.96,41.89,42.17,56.17,41.15,49.12,55.68
"5509",31,1996,46.25,45.74,48.15,59.12,46.31,52.37,58.25
"5510",32,1996,50.67,51.56,52.84,66.23,52.55,60.36,63.85
"5511",33,1996,68.57,72.38,67.17,78.44,72.11,73.53,77.73
"5512",34,1996,68.02,75.39,68.53,81.01,74.76,75.39,80.94
"5513",35,1996,65.33,77.1,64.18,81.16,71.74,77.42,79.87
"5514",36,1996,62.57,68.35,61.97,73.11,67.64,69.29,72.9
"5515",37,1996,50.9,54.54,50.92,64.58,53.48,59.26,64.76
"5516",38,1996,51.98,52.42,52.19,63.22,52.71,57.13,63.64
"5517",39,1996,55.25,56.78,55.44,66.01,57.14,60.38,66.08
"5518",40,1996,76.36,79.03,76.58,81.34,79.79,76.51,80.98
"5519",41,1996,86.03,89.23,85.88,89.82,88.21,85.75,88.86
"5520",42,1996,81.95,81.57,82.8,85.71,81.58,82.09,81.39
"5521",43,1996,78.1,81.7,79.81,83.84,80.68,81.23,80.86
"5522",44,1996,75.6,72.64,78.98,76.1,77.84,72.39,76.24
"5523",45,1996,73.67,74.26,76.35,75.41,75.5,72.55,75.56
"5524",46,1996,66.64,65.47,71.16,73.74,68.35,69.71,72.77
"5525",47,1996,70.05,67.18,74.6,75.8,70.21,69.76,73.62
"5526",48,1996,69.87,67.54,73.16,75.41,71.16,69.36,73.11
"5527",49,1996,71.26,69.36,73.27,75.32,73.4,69.36,76.39
"5528",50,1996,71.62,73.64,72.62,79.75,74.49,73.85,79.27
"5529",51,1996,61.6,65.3,62.11,70.04,65.25,66.74,69.61
"5530",52,1996,54.12,58.66,55.07,65.2,57.66,59.22,65.67
"5531",53,1996,55.49,57.38,56.53,60.04,58.04,55.25,61.52
"5532",54,1996,55.08,57.93,56.06,63.43,57.55,58.96,62.82
"5533",55,1996,55.13,56.83,55.58,67.94,56.18,61.56,65.38
"5534",56,1996,61.68,69.61,61.81,80.31,66.59,75.5,75.21
"5535",57,1996,53.96,61.38,55.93,74.74,58.97,70.43,70.11
"5536",58,1996,50.14,57.16,51.44,72.36,55.95,66.28,68.88
"5537",59,1996,51.76,58.88,51.15,71.33,56.83,65.27,68.59
"5538",60,1996,48.48,56.5,48.42,73.03,52.92,66.53,69.18
"5539",61,1996,48.83,56.08,48.2,71.77,52.38,65.44,67.59
"5540",62,1996,48.95,55.05,49.49,72.01,52.12,65.1,67.38
"5541",63,1996,51.2,56.14,51.17,69.9,55.04,63.64,68.46
"5542",64,1996,52.04,55.83,51.75,68.77,53.56,62.23,67.46
"5543",65,1996,49.47,56.42,48.86,72.45,52.33,66.23,69.28
"5544",66,1996,44.06,51.66,43.44,69.08,46.93,62.58,65.97
"5545",67,1996,41.31,46.89,41.02,63.78,43.6,57.42,60.43
"5546",68,1996,45.95,51.4,45.12,71.68,47.75,66,65.99
"5547",69,1996,50.85,54.54,50.12,70.94,52.25,65.08,68.29
"5548",70,1996,54.81,66.55,57.33,81.83,60.45,76.17,77.89
"5549",71,1996,67.99,71.66,70.73,80.91,68.19,74.15,79.08
"5550",72,1996,60.12,67.66,60.25,71.61,63.98,67.17,73.76
"5551",73,1996,44.13,51.96,45.47,67.35,46.44,60.98,67.37
"5552",74,1996,41.49,46.29,42.93,61.54,42.78,55.12,62.44
"5553",75,1996,40.58,49.14,41.17,62.71,44.81,55.51,63.11
"5554",76,1996,41.81,50.17,42.47,64.77,44.9,58.15,64.38
"5555",77,1996,41.75,48.54,42.24,62.08,44.61,55.62,62.22
"5556",78,1996,42.43,51.22,42.64,64.87,45.07,59.04,64.11
"5557",79,1996,41.43,46.75,41.58,59.89,43.54,54.36,58.78
"5558",80,1996,37.5,43.76,39.1,57.92,40.48,51.87,56.72
"5559",81,1996,38.05,43.89,39.19,56.02,41.58,49.42,56.11
"5560",82,1996,37.3,41.01,38.72,55.41,41.23,47.71,56.91
"5561",83,1996,36.09,42.25,37.7,55.37,39.94,48.32,55.76
"5562",84,1996,37.55,42.47,40.23,57.12,41.57,49.43,56.84
"5563",85,1996,56.5,60.34,56.59,64.9,60.04,58.72,63.77
"5564",86,1996,59.04,59.94,61.47,71.32,60.06,64.37,70.47
"5565",87,1996,47.46,53.11,47.4,63.45,49.17,56.57,61.82
"5566",88,1996,45.8,47.71,45.96,62.3,45.42,54.89,59.87
"5567",89,1996,51.78,52.11,52.34,63.9,52.15,56.76,62.53
"5568",90,1996,54.5,58.5,56.54,69.03,55.76,62.66,67.44
"5569",91,1996,53.42,56.64,55.99,68.12,55.49,61.13,66.34
"5570",92,1996,63.74,61.18,66.02,72.86,64.63,64.58,70.28
"5571",93,1996,59.59,59.07,62.91,71.82,61.78,65.85,69.76
"5572",94,1996,56.77,54.31,62.14,68.31,59.88,60.79,67.07
"5573",95,1996,61.54,60.32,64.49,72.23,64.27,65.09,71.21
"5574",96,1996,64.69,61.4,68.97,72.87,69.74,66.69,70.89
"5575",97,1996,69.19,65.11,74.13,76.4,72.06,68.74,75.69
"5576",98,1996,73.61,72.78,75.8,79.29,74.76,73.89,77.29
"5577",99,1996,68.31,66.41,70.43,70.14,69.7,64.05,69.14
"5578",100,1996,63.05,57.32,67.43,68.1,65.02,61.11,67.61
"5579",101,1996,60.5,52.81,65.12,65.79,60.34,58.18,65.4
"5580",102,1996,54.96,50.39,58.69,66.11,54.18,56.6,65.14
"5581",103,1996,55.98,51.63,60.42,63.54,58.06,55.63,65.14
"5582",104,1996,47.3,56.61,49.29,70.55,52.78,64.05,69.37
"5583",105,1996,42.17,46,42.26,60.12,44.34,53.1,60
"5584",106,1996,37.3,40.29,37.87,52.21,37.91,46.08,51.85
"5585",107,1996,36.2,38.78,35.95,50.67,36.79,43.83,50.45
"5586",108,1996,34.99,37.42,35.24,47.4,35.36,40.76,48.21
"5587",109,1996,36.17,37.23,36.52,48.38,36.31,41.29,48.88
"5588",110,1996,41.15,37.81,45.72,50.69,41.53,41.29,52.45
"5589",111,1996,61.22,53.31,61.99,62.34,58.07,51.81,67.36
"5590",112,1996,67.91,58.19,69.29,70.11,64.44,59.63,73.35
"5591",113,1996,67.14,77.1,66.6,87.32,75.98,82.13,88.54
"5592",114,1996,66.24,66.69,68.87,80.56,68.52,73.47,78.87
"5593",115,1996,80.18,85.29,82.34,91.15,83.41,88.55,88.73
"5594",116,1996,77.51,83.94,77.64,87.23,79.41,86.87,85.3
"5595",117,1996,83.58,84.89,83.38,86.26,85.44,84.36,84.17
"5596",118,1996,83.83,87.75,84.23,88.99,85.81,87.98,86.02
"5597",119,1996,90.66,92.59,91.26,91.06,93.22,91.24,88.68
"5598",120,1996,88.94,94.23,88.24,93.93,90.33,92.99,90.82
"5599",121,1996,88.38,92.72,89.28,95.43,91.23,94.78,94.73
"5600",122,1996,93.84,94.22,92.94,94,91.65,92.83,91.96
"5601",123,1996,88.85,90.2,89,92.17,89.47,90.12,90.65
"5602",124,1996,92.79,95.75,92.07,97.29,92.51,97.68,94.79
"5603",125,1996,88.94,92.94,88.25,95.08,89.66,92.97,93.72
"5604",126,1996,90.89,96.63,90.47,98,91.79,97.89,96.63
"5605",127,1996,94.33,98.97,93.08,99.08,95.18,98.05,98.51
"5606",128,1996,91.7,97.13,90.53,97.33,92.42,96.38,95.35
"5607",129,1996,93.97,98.59,93.59,98.3,94.27,98.06,95.86
"5608",130,1996,83.72,88.18,84.07,90.92,84.65,90.42,87.61
"5609",131,1996,81.13,85.02,82.44,90.01,82.37,88.34,87.23
"5610",132,1996,78.1,78.96,79.2,83.59,79.68,80.94,81.91
"5611",133,1996,76.91,79.88,78.64,87,80.14,84.63,86.74
"5612",134,1996,75.39,76.3,76.83,81.79,76.31,79.53,81.5
"5613",135,1996,76.34,74.69,78.1,75.36,75.84,74.34,75.86
"5614",136,1996,88.23,94.36,89.26,91.26,91.39,91.14,92.19
"5615",137,1996,86.63,82.16,88.02,82.14,86.14,80.31,84.17
"5616",138,1996,88.51,89.03,88.15,89.46,88.34,87.08,88.81
"5617",139,1996,87.97,88.36,86.99,85.88,88.24,84.62,85.68
"5618",140,1996,87.72,87.58,88.48,87.88,88.26,87.33,86.48
"5619",141,1996,87.47,91.72,87.59,88.83,89.25,89.5,89.26
"5620",142,1996,81.26,81.96,82.29,81.25,81.61,80.94,82.12
"5621",143,1996,85.1,86.7,85.39,87.33,83.11,86.91,86.35
"5622",144,1996,86.24,89.71,86.16,91.29,86.55,90.77,87.99
"5623",145,1996,92.47,95.3,91.87,93.9,93.04,92.41,92.35
"5624",146,1996,88.47,90.64,87.66,90.94,88.88,90.76,88.8
"5625",147,1996,82.23,81.39,82.63,84.81,82.42,83.26,82.94
"5626",148,1996,91.1,92.68,90.94,88.71,90.54,87.97,88.42
"5627",149,1996,80.72,83.77,83.14,86.36,83.44,84.78,86.58
"5628",150,1996,87.83,87.04,89.2,86.66,87.72,84.9,86.43
"5629",151,1996,88.03,91.04,87.09,88.7,89.24,86.92,89.28
"5630",152,1996,82.89,80.34,84.39,80.68,82.22,78.85,81.78
"5631",153,1996,86.52,89.52,87.08,84.35,87.86,83.03,88.1
"5632",154,1996,89.24,94.82,88.63,91.07,89.53,91.85,91.31
"5633",155,1996,93.59,94.87,93.4,92.43,93.54,92.39,92.65
"5634",156,1996,89.68,93.59,89.7,94.92,89.06,96.2,91.07
"5635",157,1996,93.04,95.56,93.2,96.54,92.63,97.96,93.19
"5636",158,1996,88.27,87.64,88.88,91.41,83.83,93.89,86.33
"5637",159,1996,81.34,82.6,82.92,91.21,79.15,93.83,85
"5638",160,1996,85.81,92.62,85.41,94.75,85.12,96.51,88.8
"5639",161,1996,88.42,91.3,87.96,92.64,88.13,92.31,89.07
"5640",162,1996,92.19,96.7,91.1,96.24,92.98,96.03,93.41
"5641",163,1996,89.24,92.53,88.68,93.37,89.74,93.56,90.69
"5642",164,1996,91.25,95.88,89.77,96.57,92.16,98.1,92.22
"5643",165,1996,89.07,95.11,88.65,95.44,90.73,96.77,92.32
"5644",166,1996,86.1,90.81,85.7,89.9,86.61,89.39,88.16
"5645",167,1996,86.86,88.14,86.18,87.44,87.81,85.98,87.23
"5646",168,1996,84.89,86.94,84.7,86.95,86,85.38,85.78
"5647",169,1996,92.92,92.51,92.36,88.28,92.5,87.07,88.66
"5648",170,1996,92.98,97.65,92.14,91.08,94.05,92.34,90.88
"5649",171,1996,89.8,94.33,89.29,94.81,91.38,93.61,93.39
"5650",172,1996,87.24,92.59,87.04,93.44,89.14,92.22,91.88
"5651",173,1996,89.25,94.17,88.44,93.31,89.13,92.77,91.26
"5652",174,1996,87.57,89.72,87.88,92.51,86.99,92.19,89.51
"5653",175,1996,90.5,95.63,89.95,95.25,91.41,95.27,93.11
"5654",176,1996,94.07,97.04,93.5,95.01,95.33,95.55,93.33
"5655",177,1996,89.75,92.05,90.5,92.56,89.89,92.33,91.39
"5656",178,1996,86.03,83.9,87.8,84.78,85.54,81.91,84.78
"5657",179,1996,84.37,84.11,85.04,83.05,84.34,79.95,84.19
"5658",180,1996,83.07,78.79,83.16,78.4,81.15,76.1,79.24
"5659",181,1996,88.45,92.84,88.16,85.64,89.83,83.1,88.91
"5660",182,1996,94.27,97.74,93.24,96.97,95.21,96.59,96.48
"5661",183,1996,85.32,84.59,86.57,91.35,82.1,91.93,86.07
"5662",184,1996,87.37,92.49,86.22,94.84,86.55,94.14,91.63
"5663",185,1996,85.33,89.78,85.19,91.86,87.13,90,91.5
"5664",186,1996,90.49,95.97,90,94.51,93.01,94.62,92.65
"5665",187,1996,89.41,93.08,89.18,90.5,90.44,89.75,90.11
"5666",188,1996,85.97,84.7,86.28,79.78,86.87,79.58,83.76
"5667",189,1996,82.78,83.35,83.62,80.92,84.3,79.52,82.88
"5668",190,1996,83.13,85.03,84.11,83.18,84.15,81.86,86.4
"5669",191,1996,85.21,89.03,86.16,87.03,86.03,86.6,87.34
"5670",192,1996,88.67,93.96,88.01,94.36,89.51,92.95,90.39
"5671",193,1996,87.18,91.61,87.65,92.32,87.78,94.45,87.8
"5672",194,1996,83.95,89.92,84.34,92.79,82.12,95.85,85.39
"5673",195,1996,90.34,94.04,89.23,95.48,86.62,97.61,89.96
"5674",196,1996,87.18,91.59,86.59,94.26,83.55,96.25,87.55
"5675",197,1996,87.96,92.99,87.13,93.81,86.95,96.13,88.1
"5676",198,1996,90.45,96.08,90.54,97.06,90.03,98.77,90.82
"5677",199,1996,85.66,88.47,85.7,92.59,84.6,93.96,86.78
"5678",200,1996,89.82,94.2,89.25,94.25,87.98,96.54,88.99
"5679",201,1996,91.21,95.7,90.66,95.01,91.25,94.87,93.09
"5680",202,1996,92.98,97.51,92.01,96.17,94.53,95.27,96
"5681",203,1996,92.37,96.48,91.08,95.48,93.34,95.9,95.01
"5682",204,1996,94.54,98.37,93.59,97.19,94.41,98.28,94.66
"5683",205,1996,87.69,93.57,86.89,95.69,88.04,97.19,91.55
"5684",206,1996,84.63,87.3,84.9,90.35,85.67,89.2,90.21
"5685",207,1996,87.7,89.33,87.4,87.29,86.61,85.98,87.27
"5686",208,1996,92.98,95.59,91.77,95.09,93.46,96.54,93.76
"5687",209,1996,87.49,90.58,87.86,95.51,87.76,97.06,90.65
"5688",210,1996,91.46,94.87,91.2,94.37,91.91,95.14,92.73
"5689",211,1996,89.74,95.24,89.26,92.7,91.71,92.45,90.42
"5690",212,1996,82.12,76.37,84.06,78.29,82.03,76.87,78.92
"5691",213,1996,83.99,85.92,85.37,85.63,84.9,83.16,85.76
"5692",214,1996,84.27,87.03,84.21,88.39,85.74,88.36,86.77
"5693",215,1996,86.06,90.6,85.77,91.67,87.72,92.1,89.27
"5694",216,1996,90.34,92.98,89.67,93.42,89.81,93.08,91.11
"5695",217,1996,90.19,95.28,89.74,95.66,90.85,97.05,91.44
"5696",218,1996,86.36,91.98,85.79,91.95,88.46,93.08,89.36
"5697",219,1996,87.25,90.64,86.46,89.63,87.92,89.91,87.37
"5698",220,1996,86.15,88.6,86.23,88.32,88.73,89.95,85.61
"5699",221,1996,86.01,87.71,86.46,84.72,86.51,87.53,82.1
"5700",222,1996,88.13,88.98,88.82,85.19,87.93,83.82,86.86
"5701",223,1996,88.26,93.54,88.67,89.92,88.5,89.11,89.39
"5702",224,1996,87.58,88.7,87.09,85.3,87.01,85.87,83.2
"5703",225,1996,85.2,89.4,84.99,88.35,86.74,88.45,85.66
"5704",226,1996,79.74,82.69,80.66,84.05,81.41,85.62,80.5
"5705",227,1996,83.22,82.38,84.65,81.03,83.26,81.65,79.88
"5706",228,1996,87.48,92.79,87.67,92.41,87.51,93.23,87.37
"5707",229,1996,88.08,92.6,88.31,92.68,89.38,95.63,86.65
"5708",230,1996,86.5,91.04,85.79,92.6,86.3,94.35,87.82
"5709",231,1996,85.76,90.13,84.68,89.78,85.58,91.83,86.31
"5710",232,1996,85.98,87.92,86.1,86.93,86.9,87.15,86.27
"5711",233,1996,84.44,88.71,84.99,88.72,85.3,89.24,85.7
"5712",234,1996,84.68,84.33,84.88,84.54,84.14,85.44,81.63
"5713",235,1996,86.14,88.34,85.94,87.95,86.84,86.48,85.77
"5714",236,1996,83.82,82.73,83.72,82.26,84.58,81.02,82.07
"5715",237,1996,86.71,88.81,85.7,87.84,88.06,86.3,86.67
"5716",238,1996,86.72,88.28,85.63,85.48,87.28,84.88,86.27
"5717",239,1996,82.22,80.05,82.34,79.79,81.96,78.25,81.6
"5718",240,1996,85.03,86.65,85.94,84.34,87.27,82.2,85.12
"5719",241,1996,89.37,91.69,89.41,87.07,89.01,86.34,86.24
"5720",242,1996,89.32,91.95,88.97,89.46,89.47,89.31,87.39
"5721",243,1996,86.27,92.04,85.64,92.86,87.15,92.56,90.2
"5722",244,1996,87.6,93.74,87.22,92.67,88.21,93.98,88.73
"5723",245,1996,86.92,92.02,86.15,90.36,87.55,90.96,86.01
"5724",246,1996,90.35,94.78,89.1,91.49,90.07,92.2,88.51
"5725",247,1996,85.01,88.02,84.71,88.6,85.3,88.28,85.87
"5726",248,1996,83.5,84.22,82.85,83.59,82.72,84.98,80.21
"5727",249,1996,85.64,82.45,85.84,78.85,86.26,76.61,81.21
"5728",250,1996,86.68,89.11,86.57,85.81,85.97,84.38,83.98
"5729",251,1996,86.75,90.91,86.75,88.04,87.7,87.64,84.71
"5730",252,1996,84.8,85.41,85,84.07,86.18,83.92,82.74
"5731",253,1996,85.49,88.94,85.69,85.92,86.75,85.45,85.34
"5732",254,1996,86.77,90.9,86.88,91.33,88.35,91.3,87.89
"5733",255,1996,91.26,95.03,90.44,93.36,90.34,94.11,87.25
"5734",256,1996,83.24,88.41,83.3,89.75,82.42,91.86,82.61
"5735",257,1996,85.94,92.62,84.2,92.88,85.76,92.57,86.75
"5736",258,1996,90.09,94.89,89.13,95.64,90.65,96.36,90.81
"5737",259,1996,90.88,95.85,89.48,94.41,90.29,96.08,88.67
"5738",260,1996,88.66,93.89,87.44,92.39,88.25,93.64,85.64
"5739",261,1996,87.87,90.68,87.88,88.7,88.01,89.03,86.56
"5740",262,1996,88.9,91.37,87.81,89.15,89.1,89.23,86.74
"5741",263,1996,85.58,84.98,85.21,82.61,85.77,80.83,83.96
"5742",264,1996,90.76,92.87,90.12,90.2,91.91,89.68,89.54
"5743",265,1996,90.92,91.93,90.9,91.99,91.12,90.23,88.33
"5744",266,1996,83.41,84.16,84.56,83.45,84.26,83.12,81.46
"5745",267,1996,84.3,90.18,84.55,85.96,85.75,85.74,85.41
"5746",268,1996,91.53,95.52,90.38,93.88,91.66,93.82,90.47
"5747",269,1996,85.77,85.91,85.47,87.9,84.39,88.87,82.95
"5748",270,1996,87.99,93.02,86.86,91.9,88.57,93.28,86.96
"5749",271,1996,88.1,91.98,86.86,89.78,88.52,91.47,86.03
"5750",272,1996,87.21,92,86.59,92.3,88.11,93.16,89.36
"5751",273,1996,86.67,90.67,85.79,92.36,87.32,91.12,89.69
"5752",274,1996,89.14,91.56,89.1,90.68,88.9,91.33,88.02
"5753",275,1996,88.15,94.42,87.59,92.88,89.4,93.71,89.82
"5754",276,1996,82.9,86.45,82.65,83.24,84.55,82.41,84.4
"5755",277,1996,82.71,85.45,82.47,83.42,82.91,82.42,82.8
"5756",278,1996,86.12,89.07,86.32,87.69,86.76,86.21,85.26
"5757",279,1996,86.81,86.68,86.4,83.55,86.06,81.39,82.97
"5758",280,1996,84.79,83.03,86.01,85.53,82.57,86.24,81.21
"5759",281,1996,85.04,84.58,86.16,84.03,85.06,82.5,81.6
"5760",282,1996,85.3,88.35,85.26,87.35,85.88,85.21,86.02
"5761",283,1996,86.56,92.1,86.09,87.62,88.07,87.99,87.61
"5762",284,1996,82.96,85.84,82.61,85.49,83.78,83.92,85.8
"5763",285,1996,82.37,86.42,82.12,86.78,83.55,84.7,85.74
"5764",286,1996,84.31,86.33,84.47,86.51,84.26,86.38,85.7
"5765",287,1996,84.49,88.14,83.83,87.55,85.97,86.75,88.21
"5766",288,1996,88.77,88.9,89.01,86.51,88.46,84.4,88.94
"5767",289,1996,90.78,93.32,90.06,91.42,89.94,89.92,91.19
"5768",290,1996,87.13,92.42,86.83,92.14,87.67,92.69,89.37
"5769",291,1996,84.76,85.09,85.06,83.05,85.36,82.07,84.27
"5770",292,1996,82.9,83.29,83.81,81.83,83.24,79.41,83.96
"5771",293,1996,85,87.32,85.58,84.3,85.24,83.19,85.19
"5772",294,1996,86.32,88.85,86.03,86.39,87.53,85.33,87.1
"5773",295,1996,83.19,83.16,83.87,83.66,83.07,82.06,84.78
"5774",296,1996,85.22,88.46,85.16,85.57,85.62,83.95,86.96
"5775",297,1996,83.15,83.99,83.1,81.77,82.91,81.59,81.46
"5776",298,1996,84.53,89.32,84.46,88.03,85.25,86.9,86.49
"5777",299,1996,81.94,84.18,81.61,81.16,83.27,80.09,82.2
"5778",300,1996,81.26,79.93,82.24,77.4,80.96,76.65,79.59
"5779",301,1996,84.38,83.68,84.78,80.79,84.51,78.21,83.17
"5780",302,1996,87.12,91.58,86.57,90.22,88.13,87.84,88.74
"5781",303,1996,85.28,88.92,84.92,91.47,85.41,91.06,87.84
"5782",304,1996,86.47,90.33,85.3,91.65,87.15,91.49,86.67
"5783",305,1996,84.94,86.12,85.01,88.07,85.55,87.58,85.28
"5784",306,1996,91.59,91.91,91.55,89,91.25,87.29,88.71
"5785",307,1996,85.71,92.48,85.94,93.79,87.75,93.04,90.12
"5786",308,1996,82.3,83.71,82.4,87.32,82.8,87.49,82.93
"5787",309,1996,78.86,78.41,79.34,82.42,78.42,82.21,79.07
"5788",310,1996,77.95,76.1,78.99,80.98,75.49,79.72,78.13
"5789",311,1996,86,84.85,86.32,85.55,85.21,85.03,82.61
"5790",312,1996,84.36,83.85,84.64,87.65,83.62,86.66,84.21
"5791",313,1996,86.8,85.85,87.33,88.38,85.45,87.36,85.3
"5792",314,1996,89.09,92.73,88.19,91.31,88.96,89.8,90.44
"5793",315,1996,89.3,91.93,88.14,91.4,89.81,90.46,89.85
"5794",316,1996,90.4,93.78,90.07,93.91,90.83,93.04,90.76
"5795",317,1996,89.34,95.12,88.79,94.28,90.4,93.99,91.18
"5796",318,1996,88.56,88.06,87.87,88.92,88.5,87.71,86.77
"5797",319,1996,87.72,90.75,86.95,88.25,89.1,86.28,88.68
"5798",320,1996,84.36,87.9,84.77,85.37,84.72,84.39,85.28
"5799",321,1996,84.59,90.22,84.06,90.4,86.13,89.72,88.83
"5800",322,1996,82.14,85.78,83.13,87.78,83.54,85.65,87.27
"5801",323,1996,78.96,86.82,80.18,88.59,82.94,87.43,87.7
"5802",324,1996,74.3,82.44,75.58,88.02,77.24,86.56,86.51
"5803",325,1996,79.46,82.36,80.65,83.3,79.74,82.24,84.16
"5804",326,1996,87.05,89.74,87.52,85.56,88.59,84.48,88.14
"5805",327,1996,91.58,94.77,90.65,88.61,92.83,89.19,90.03
"5806",328,1996,86.36,87.86,86.64,83.23,86.77,84.06,84.49
"5807",329,1996,85.46,88.58,85.78,83.14,86.03,82.37,83.4
"5808",330,1996,85.83,81.59,85.94,80.83,84.03,79.1,80.74
"5809",331,1996,81.27,80.38,82.18,78.18,81.37,77.21,79.93
"5810",332,1996,84.85,87.93,85.04,82.07,86.74,81.65,84.96
"5811",333,1996,85.69,87.27,85.64,84.1,85.82,84.1,85.23
"5812",334,1996,88.43,93.73,87.48,89.63,88.98,88.81,90.25
"5813",335,1996,87.66,89.41,86.63,86.22,87.83,86.56,85.31
"5814",336,1996,88.33,92.74,86.97,87.72,89.29,87.34,87.81
"5815",337,1996,86.2,90,85.73,85.69,87.56,85.1,86.34
"5816",338,1996,85.17,88.31,84.79,86.55,85.88,85.63,86.53
"5817",339,1996,86.4,92.09,85.82,90.85,87.39,90.76,89.62
"5818",340,1996,87.28,92.4,86.72,91.93,88.93,91.5,90.92
"5819",341,1996,86.84,88.01,86.73,84.6,87.24,83.87,85.49
"5820",342,1996,85.14,84.68,85.45,79.89,84.72,79.37,81.61
"5821",343,1996,82.36,76.78,84.12,77.84,80.37,75.71,79.29
"5822",344,1996,87.51,87.9,87.13,83.06,87.21,80.73,84.96
"5823",345,1996,83.16,81.63,84.02,76.42,81.97,75.37,77.79
"5824",346,1996,80.8,80.89,82.47,80.56,81.19,78.16,82.08
"5825",347,1996,81.94,79.41,83.6,79.58,81.63,77.82,80.7
"5826",348,1996,82.8,81.31,83.62,83.62,82.23,81.29,81.83
"5827",349,1996,84.27,83.86,84.72,85.8,83.9,84.24,83.81
"5828",350,1996,89.79,94.19,88.43,92.87,89.96,93.76,88.02
"5829",351,1996,86.93,93.59,86.18,91.98,87.5,94.16,85.59
"5830",352,1996,85.29,89.73,85.59,89.78,87.01,91.2,85.9
"5831",353,1996,85.12,87.43,85.71,87.82,86.19,88.45,84.4
"5832",354,1996,83.1,84.3,84.23,83.95,82.99,84.23,80.07
"5833",355,1996,80.56,79.26,81.27,78.08,80.14,76.22,78.88
"5834",356,1996,82.25,79.82,82.84,76.8,81.76,75.51,78.47
"5835",357,1996,80.65,80.99,81.31,80.87,81.2,78.9,80.63
"5836",358,1996,76.9,78.29,77.34,82.1,77,79.81,80.12
"5837",359,1996,75.34,74.56,76.2,80.41,74.39,78.12,77.97
"5838",360,1996,78.33,76.02,79.21,77.55,75.88,76.69,76
"5839",361,1996,73.81,72.92,74.71,75.87,72.4,75,73.82
"5840",362,1996,71.53,68.64,72.67,69.43,70.02,69.79,68.3
"5841",363,1996,71.72,71.91,72.67,72.36,71.42,72.2,71.43
"5842",364,1996,69.99,68.61,71.41,72.74,68.29,71.27,71.08
"5843",365,1996,69.06,67.09,70.48,68.84,67.86,66.89,69.84
"5844",366,1996,68.31,66.47,69.72,69.43,67.41,67.12,68.77
"5845",1,1997,68.95,68.4,70.12,71.06,68.6,68.44,71.32
"5846",2,1997,67.52,67.74,68.59,72.68,68.01,70.65,71.67
"5847",3,1997,64.86,66.46,66.69,76.23,65.88,72.52,74
"5848",4,1997,64.08,65.78,65.43,74.75,64.86,71.19,73.47
"5849",5,1997,67.33,66.87,68.07,69.29,67.71,67.08,70.04
"5850",6,1997,67.34,68.21,68.18,70.26,68.03,67.52,71.46
"5851",7,1997,67.62,70.91,67.87,76.12,69.29,72.99,75.57
"5852",8,1997,67.59,71.32,67.74,77.66,69.75,74.52,76.77
"5853",9,1997,68.52,76.28,68.49,83.49,71.5,79.88,81.49
"5854",10,1997,70.15,75.66,70.62,84.13,71.77,80.64,81.35
"5855",11,1997,67.59,69.65,68.49,75.87,68.68,71.61,76.75
"5856",12,1997,70.11,74.63,70.18,78.34,72.56,75.47,76.67
"5857",13,1997,68.56,72.72,68.44,75,70.26,72.29,73.98
"5858",14,1997,69.95,72.29,70.05,73.02,71.13,70.59,73.68
"5859",15,1997,67.22,70.45,66.95,68.6,69.79,66.41,70.52
"5860",16,1997,63.59,66.09,62.87,69.85,66.26,66.23,71.42
"5861",17,1997,61.54,67.57,61.12,70.44,64.67,67.45,71.49
"5862",18,1997,59.7,62.2,60,66.72,61.72,64.61,67.89
"5863",19,1997,54.02,57.16,55.84,65.21,55.72,62.5,64.47
"5864",20,1997,58.06,56.3,59.06,54.49,56.89,52.47,57.13
"5865",21,1997,54.33,54.84,56.07,58.13,55.07,54.86,59.56
"5866",22,1997,52.35,53.53,53.96,58.78,52.76,55.44,59.87
"5867",23,1997,50.96,54.07,53.08,66.74,52.28,61,65.82
"5868",24,1997,55.54,58.64,56.62,68.54,56.02,63.51,67.6
"5869",25,1997,55.59,57.39,57.4,68.95,57.16,63.55,68.96
"5870",26,1997,58.24,57.58,59.51,66.15,58.42,61.39,66.75
"5871",27,1997,56.72,59.09,57.35,65.62,57.6,60.77,66.56
"5872",28,1997,57.91,57.12,58.89,61.65,57.85,58.19,62.89
"5873",29,1997,51.91,54.97,53.16,59.93,53.67,57.62,60.88
"5874",30,1997,55.49,57.95,55.85,63.3,55.98,59.83,63.33
"5875",31,1997,59.47,65.56,58.97,71.47,61.79,69.84,70.57
"5876",32,1997,59.21,64.76,59.31,72.39,60.73,69.76,70.1
"5877",33,1997,57.67,61.65,57.99,70.34,59.11,65.47,68.81
"5878",34,1997,59.44,62.09,59.7,69.56,59.86,65.83,67.84
"5879",35,1997,60.81,56.64,62.31,67.64,58.57,62.19,65.83
"5880",36,1997,68.61,70.69,66.83,72.77,70.64,67.69,72.74
"5881",37,1997,65.53,67.84,63.7,73.64,67.16,68.07,73.07
"5882",38,1997,66.75,71.41,66.4,79.88,69.91,74.39,77.64
"5883",39,1997,86.47,87.98,86.81,91.47,87.27,89.99,88.01
"5884",40,1997,85.6,89.92,85.59,92.13,86.94,91.04,89.75
"5885",41,1997,85.96,88.8,85.62,90.64,86.86,89.7,88.62
"5886",42,1997,83.7,82.36,84.54,86.91,83.69,85.44,83.62
"5887",43,1997,88.71,92.27,87.85,93.24,90.02,91.29,90.71
"5888",44,1997,88.45,91.17,88.41,90.53,89,89.72,88.49
"5889",45,1997,85.79,89.78,86.53,92.04,86.82,91.62,89.73
"5890",46,1997,78.49,80.43,78.9,85.95,79.87,85.14,81.55
"5891",47,1997,72.16,74.8,73.45,83.09,72.52,81.25,79.82
"5892",48,1997,70.53,70.51,72.31,79.82,69.82,77.21,76.46
"5893",49,1997,66.91,69.42,68.47,81.62,67.04,78.45,77.39
"5894",50,1997,64.27,65.74,66.01,70.67,63.53,68.95,68.38
"5895",51,1997,68.09,65.59,69.8,74.05,65.98,70.67,71.73
"5896",52,1997,68.96,71.23,70.16,81.14,68.09,79.48,75.8
"5897",53,1997,72.25,78.66,72.06,89.26,72.34,87.48,82.58
"5898",54,1997,76.77,83.17,76.1,92.2,78.32,90.55,86.56
"5899",55,1997,74.56,75.8,75.06,85.69,74.35,84.34,79.57
"5900",56,1997,74.62,78.54,74.62,88.44,74.61,87.39,81.12
"5901",57,1997,73.6,84.34,74.36,93.02,76.75,93.76,85.03
"5902",58,1997,70.35,73.92,70.55,82.66,72.4,80.03,78.17
"5903",59,1997,60.7,64.81,60.63,72.55,61.69,70.6,68.96
"5904",60,1997,59.83,63.3,59.7,72.26,60.53,70.05,69.21
"5905",61,1997,53.39,56.57,53.54,62.66,54.91,62.52,61.57
"5906",62,1997,52.66,55.13,52.9,59.32,53.38,59.31,58.11
"5907",63,1997,52.17,53.53,51.65,58.82,52.82,57.5,58.14
"5908",64,1997,51.72,48.33,52.17,54.16,49.36,53.13,53.65
"5909",65,1997,58.81,56.08,58.59,61.21,57.85,58.04,60.93
"5910",66,1997,59.54,63.59,58.95,73.03,60.24,69.83,69.89
"5911",67,1997,56.89,60.18,56.22,72.65,57.28,69.26,68.24
"5912",68,1997,54.08,60.16,53.29,76.9,56.07,71.9,71.13
"5913",69,1997,57.61,62.77,56.06,77.83,60.09,72.5,73.62
"5914",70,1997,58.01,62.26,57.58,77.66,58.64,74.97,71.87
"5915",71,1997,58.99,66.27,58.78,82.27,61.13,80.13,76.16
"5916",72,1997,68.94,73.25,72.92,86.97,71.27,85.58,82.63
"5917",73,1997,79.17,88.89,78.09,93.11,82.31,93.51,89.45
"5918",74,1997,66.84,72.01,66.92,81.8,68.17,80.01,78.34
"5919",75,1997,68.14,81.87,68.02,89.67,72.86,87.18,85.73
"5920",76,1997,67.06,81.8,65.36,88.58,71.67,87.42,84.29
"5921",77,1997,59.38,71.35,57.84,81.88,62.54,81.62,76.65
"5922",78,1997,56.64,68.86,55.14,80.29,59.9,78.57,76.85
"5923",79,1997,53.75,64.22,52.8,78.87,57.1,77.16,75.51
"5924",80,1997,51.29,62.44,50.42,79.32,54.52,76.57,74.9
"5925",81,1997,50.76,60.08,49.77,76.05,54.01,71.89,72.25
"5926",82,1997,46.79,59.17,46.02,75.74,50.82,72.3,72.88
"5927",83,1997,47.56,53.7,48.13,66.68,49.78,63.82,65.86
"5928",84,1997,47.65,52.82,47.84,63.2,48.64,60.39,62.53
"5929",85,1997,46.87,54.02,46.88,62.62,47.9,61.82,61.18
"5930",86,1997,44.04,52.84,44.05,67.18,45.92,64.8,64.27
"5931",87,1997,41.62,50.5,42.1,69.69,43.44,65.69,67.08
"5932",88,1997,45.84,52.07,46.45,67.61,47.84,62.88,66.82
"5933",89,1997,45.77,52.21,46.09,68.29,48.88,63.16,68.33
"5934",90,1997,45.8,55.18,46.03,69.81,51.07,64.92,67.92
"5935",91,1997,48.45,56.8,48.82,71.6,52.22,66.65,70.86
"5936",92,1997,46.56,55.51,45.64,72.1,49.21,66.51,69.46
"5937",93,1997,45,53.46,44.42,70.9,47.97,65.14,68.52
"5938",94,1997,46.61,52.88,47.83,68.9,48.63,64.33,64.84
"5939",95,1997,55.53,57.75,58.67,71.83,57.7,65.37,68.79
"5940",96,1997,75.19,74.71,78.47,84.12,77.74,79.33,82.69
"5941",97,1997,89,92.47,88.09,93.44,90.11,92.5,91.06
"5942",98,1997,85.62,86.13,86.78,89.99,86.52,89.09,89.64
"5943",99,1997,88.19,93.29,87.59,94.53,89.63,94.36,92.91
"5944",100,1997,89.46,96.28,89.47,97.36,92.44,97.08,94.81
"5945",101,1997,87.85,96.21,86.79,96.81,90.73,95.29,94.69
"5946",102,1997,85.15,89.67,85.74,92.41,87.29,90.49,89.65
"5947",103,1997,80.64,85.53,82.41,91.66,83.87,89.18,88.77
"5948",104,1997,75.06,77.87,77.32,84.69,77.02,82.07,82.44
"5949",105,1997,70.32,71.14,72.35,77.67,71.52,74.98,78
"5950",106,1997,68.83,71.47,70.05,75.15,71.2,73.22,75.83
"5951",107,1997,67.54,70.48,69.75,78.66,70.17,77.53,74.96
"5952",108,1997,81.18,73.48,83.96,77.35,81.73,74.59,76.98
"5953",109,1997,89.88,92.25,90.73,90.04,91.58,88.73,89.68
"5954",110,1997,89.32,92.43,89.57,92.73,90.5,91.99,90.92
"5955",111,1997,90.98,94.57,90.62,93.96,92.42,93.55,92.17
"5956",112,1997,85.57,82.55,86.1,85.46,86.03,82.38,84.99
"5957",113,1997,82.63,85,83.1,83.8,83.03,80.86,85.05
"5958",114,1997,82.2,81.24,82.73,80.19,81.54,76.32,82.97
"5959",115,1997,80.2,81.88,82.23,84.13,81.72,80.91,84.55
"5960",116,1997,86.37,88.09,86.28,87.35,87.56,85.5,87.84
"5961",117,1997,82.55,82.97,83.72,83.77,82.98,81.46,84.48
"5962",118,1997,75.64,76.1,77.39,77.03,77.01,75.58,77.97
"5963",119,1997,73.79,74.84,75.2,71.13,75.31,72.24,73.05
"5964",120,1997,76.81,72.3,81.45,75.78,77.91,73.02,75.49
"5965",121,1997,87.36,89.7,88.59,88.52,88.95,85.5,87.67
"5966",122,1997,84.4,81.03,87.09,85.36,85.51,82.58,83.01
"5967",123,1997,90.06,93.86,90.29,92.28,92.43,91.57,90.13
"5968",124,1997,87.94,87.86,89.6,89.83,88.42,89.03,87.67
"5969",125,1997,88.16,86.18,87.88,86.83,85.9,83.55,85.67
"5970",126,1997,87.41,88.17,87.27,89.92,87.41,85.94,88.46
"5971",127,1997,88.06,93.6,87.94,95.06,89.35,93.11,92.78
"5972",128,1997,88.07,90.14,88.03,90.42,89.8,87.6,90.1
"5973",129,1997,88.98,94.9,88.22,96.92,90.8,97.25,92.71
"5974",130,1997,90.06,95.05,89.68,95.91,90.75,95.55,91.01
"5975",131,1997,91.25,95.34,90.59,94.31,91.54,93.72,92.33
"5976",132,1997,89.04,94.11,88.75,95.3,90.22,93.65,92.66
"5977",133,1997,76.11,74,78.48,81,75.9,77.41,80.21
"5978",134,1997,81.38,80.04,83.3,82.05,81.02,79.29,80.64
"5979",135,1997,87,87.01,86.97,86.5,86.69,85.68,85.8
"5980",136,1997,89.2,88.07,88.76,87.04,87.4,86,85.74
"5981",137,1997,83.12,82.88,83.98,86.79,82.79,85.18,83.61
"5982",138,1997,77.96,74.46,80.86,79.93,76.82,77.43,78.37
"5983",139,1997,83.93,85.73,84.61,87.33,85.17,85.32,85.33
"5984",140,1997,91.02,91.36,90.6,91.22,90.62,91,88.89
"5985",141,1997,92.28,95.03,92.32,94.64,92.87,94.8,92.71
"5986",142,1997,90.65,93.28,90.43,93.33,91.87,91.93,92.19
"5987",143,1997,94.7,97.06,93.26,94.72,93.83,94.8,92.75
"5988",144,1997,92.81,95.21,91.89,93.22,92.04,92.45,92.38
"5989",145,1997,89.3,94.96,88.98,95.37,89.66,96.1,92.47
"5990",146,1997,92.44,96.39,92.42,97.62,91.66,98.47,92.75
"5991",147,1997,88.51,93.65,88.44,96.9,88.62,98.28,93.33
"5992",148,1997,87.29,90.75,86.63,94.13,85.19,93.18,89.17
"5993",149,1997,90.2,96.15,89.19,96.35,91.5,97.32,91.74
"5994",150,1997,88.99,90.34,88.66,91.75,89.59,89.54,90.25
"5995",151,1997,94.37,97.08,93.7,94.22,94.36,93.53,93.51
"5996",152,1997,90.78,90.37,90.44,90.52,88.09,90.55,88.6
"5997",153,1997,89.94,92.58,90.23,93.32,90.33,91.74,91.56
"5998",154,1997,84.25,86.21,84.08,89.59,84.83,88.96,87.85
"5999",155,1997,88.38,93,87.36,92.87,89.38,93.14,91.76
"6000",156,1997,86.2,87.66,86.23,90.12,86.02,89.27,87.91
"6001",157,1997,87.02,85.18,87.32,86.27,86.77,83.92,85.27
"6002",158,1997,85.76,84.89,86.26,87.17,84.43,87.3,84.36
"6003",159,1997,88.47,90.12,87.98,83.96,88.95,82.94,86.82
"6004",160,1997,94.68,98,94.09,90.21,95.34,89.75,91.63
"6005",161,1997,85.51,87.86,85.37,87.18,84.62,88.75,84.41
"6006",162,1997,83.48,82.62,85.05,85.84,82.95,84.01,83.12
"6007",163,1997,88.41,93.41,87.33,92.33,89.72,90.6,89.41
"6008",164,1997,89.45,91.57,89.05,89.55,89.53,91.19,85.44
"6009",165,1997,85.67,85.36,85.99,85.89,85.54,86.53,83.04
"6010",166,1997,85.94,85.95,86.14,87.2,85.65,85.71,85.22
"6011",167,1997,77.71,70.25,80.08,74.18,74.46,71.91,74.45
"6012",168,1997,73.81,67.09,77.06,70.67,72.3,68.29,71.28
"6013",169,1997,79.87,77.01,81.84,80.66,78.31,78.8,79.65
"6014",170,1997,84.01,85.7,84.39,89,82.71,87.29,86.46
"6015",171,1997,88.22,93.32,87.43,94.57,88.54,92.94,91.51
"6016",172,1997,90.46,91.88,88.71,91.36,89.42,91.74,87.88
"6017",173,1997,85.64,83.76,86.6,86.97,83.09,86.64,84.76
"6018",174,1997,91.14,92.47,91,90.71,90.9,88.86,89.45
"6019",175,1997,89.59,94.76,89.33,93.15,90.61,93.85,91.52
"6020",176,1997,92.03,95.9,91.45,93.9,92.95,93.79,91.57
"6021",177,1997,93.24,95.08,92.6,93.35,93.84,94.76,90.04
"6022",178,1997,87.95,89.54,88.01,90.26,88.63,90.63,88.15
"6023",179,1997,86.15,89.98,86.14,91.84,87.74,92.07,88.14
"6024",180,1997,88.95,91.53,88.66,92.02,89.63,90.55,89.21
"6025",181,1997,89.19,92.44,88.53,89.38,89.77,90.04,87.68
"6026",182,1997,89.39,93.81,88.79,92.19,89.87,92.95,88.02
"6027",183,1997,85.54,87.72,85.49,87.34,85.77,87.94,84.71
"6028",184,1997,88.45,91.86,88.41,90.5,89.5,90.1,87.63
"6029",185,1997,85.68,87.67,86.06,89.35,86.56,89.73,86.9
"6030",186,1997,86.96,88.09,87.52,86.95,86.85,85.6,86.35
"6031",187,1997,93.39,97.37,92.38,95.15,92.31,94.24,92.27
"6032",188,1997,92.3,96.92,92.88,97.16,93.86,96.66,94.8
"6033",189,1997,88.27,92.48,87.61,93.11,90.38,92.95,90.89
"6034",190,1997,88.94,94.44,88.07,93.9,90.14,92.87,91.08
"6035",191,1997,90.62,94.07,90.01,96.5,91.14,95.28,94.8
"6036",192,1997,93.03,96.82,91.31,94.98,92.44,95.59,93.87
"6037",193,1997,87.46,90.78,87.34,93.91,85.79,95.73,89.86
"6038",194,1997,83.37,85.65,84.62,89.27,81.63,91.84,82.33
"6039",195,1997,89.75,95.03,89.44,95.73,91.35,96.55,94.11
"6040",196,1997,90.48,94.84,89.63,96.85,90.68,97.58,92.79
"6041",197,1997,86.8,91.46,86.38,93.01,88.5,91.73,91.45
"6042",198,1997,84.54,86.77,85.41,87.06,85.06,85.73,86.09
"6043",199,1997,87.67,93.55,87.26,93.81,88.82,92.71,90.06
"6044",200,1997,86.33,90.02,86.66,91.1,86.93,92.84,85.96
"6045",201,1997,85.5,90.01,85.63,91.51,86.88,91.25,88.33
"6046",202,1997,90.68,93.31,89.07,93.63,87.55,94.22,88.21
"6047",203,1997,87.12,92.21,86.43,95.2,86.85,96.16,88.55
"6048",204,1997,87.49,94.86,87.17,95.34,89.91,96.7,90.82
"6049",205,1997,88,92.59,87.33,93.43,88.52,95.3,87.82
"6050",206,1997,88.76,93.78,87.98,95.44,88.96,96.89,90.56
"6051",207,1997,83.26,87.24,82.99,91.74,81.85,93.62,84.04
"6052",208,1997,86.36,95.1,85.67,95.65,86.65,96.45,88.99
"6053",209,1997,89.5,94,89.4,93.95,89.09,94.91,89.63
"6054",210,1997,84.92,87.51,84.74,87.26,86.64,86.24,86.97
"6055",211,1997,80.78,84.28,81.05,84.8,83.34,82.51,84.66
"6056",212,1997,85.81,86.53,85.57,86.83,84.79,87.54,83.1
"6057",213,1997,86.13,90,85.73,90.67,86.29,91.18,86.73
"6058",214,1997,86.67,90.41,86.55,90.6,87.07,90.67,86.89
"6059",215,1997,84.27,88.01,84.18,89.6,84.49,90.08,85.76
"6060",216,1997,84.6,88.87,84.52,89,85.96,89.03,85.5
"6061",217,1997,88.92,91.63,88.17,89.2,89.22,90.44,85.55
"6062",218,1997,90.15,95.1,89.05,95.42,90.32,95.58,91.94
"6063",219,1997,86.36,92.11,86.1,94.23,86.96,95.58,89.68
"6064",220,1997,85.2,91.62,84.42,90.67,85.11,93.94,84.12
"6065",221,1997,81.3,84.21,81.26,87.81,78.39,89.13,79.86
"6066",222,1997,78.54,83.79,79.48,90.31,75.77,92.1,83.07
"6067",223,1997,76.7,82.22,77.69,87.73,75.19,87.26,82.72
"6068",224,1997,78.5,85.17,77.97,87.75,77.84,87.06,84.7
"6069",225,1997,86.97,94.83,86.2,95.47,86.77,96.58,89.56
"6070",226,1997,87.06,94.92,86.87,96.06,88.94,96.66,91.59
"6071",227,1997,87.47,87.8,87.6,85.95,87.02,86.64,84.49
"6072",228,1997,86.35,88.23,86.18,87.02,86.64,85.29,86.17
"6073",229,1997,85.14,82.7,85.96,83.35,85.37,80.94,83.54
"6074",230,1997,87.99,86.85,87.86,85.5,87.88,83.94,85.34
"6075",231,1997,89.07,92.51,89.01,90.4,89.81,90.65,88.09
"6076",232,1997,85.2,87.62,85.32,86.51,85.53,88.28,83.28
"6077",233,1997,86.36,86.51,86.53,84.42,86.28,85.14,82.77
"6078",234,1997,90.19,94.28,89.56,91.27,89.81,89.99,88.5
"6079",235,1997,86.75,89.56,86.34,88.94,85.84,89.59,85.02
"6080",236,1997,86.81,88.69,87.68,88.29,87.47,88.18,86.25
"6081",237,1997,86.62,89.4,87.55,89.48,87.21,87.95,86.75
"6082",238,1997,89.04,92.76,89.41,94.47,89.34,94.37,90.04
"6083",239,1997,89.02,91.46,89.16,91.58,84.45,95.78,82.95
"6084",240,1997,88.76,91.01,87.51,90.53,85.43,94.01,83.62
"6085",241,1997,83.61,88.2,83.56,87.56,85.02,87.78,83.71
"6086",242,1997,81.2,84.03,82.37,83.7,82.37,83.07,81.9
"6087",243,1997,80.93,83.44,81.57,83.12,81.94,81.98,82.73
"6088",244,1997,85.39,87.52,86.52,86.75,85.43,86.32,82.44
"6089",245,1997,87.53,88.71,88.3,89.77,87.58,89.11,85.28
"6090",246,1997,83.74,87.16,84.1,82.5,85.49,81.78,82.72
"6091",247,1997,83.4,87.54,83.24,82.41,84.43,80.31,83.43
"6092",248,1997,86.58,90.6,86.33,86.7,87.02,85.92,87.37
"6093",249,1997,87.04,92.89,86.69,91.95,88.07,90.93,89.12
"6094",250,1997,83.97,86.68,83.83,89.6,85.48,89.2,85.29
"6095",251,1997,85.67,89.25,85.47,92.14,86.88,92.24,89.21
"6096",252,1997,85.66,87.25,85.36,85.9,85.69,85.69,83.84
"6097",253,1997,87.24,89.02,86.84,89,87.27,88.13,86.24
"6098",254,1997,86.19,89.17,86.47,88.82,86.7,88.19,85.95
"6099",255,1997,88.65,90.67,88.14,89.27,87.85,88.66,86.44
"6100",256,1997,80.73,80.51,82.16,83.36,80.65,84.04,80.22
"6101",257,1997,77.74,76.79,80.44,78.61,77.48,77.54,76.75
"6102",258,1997,87.05,86.44,87.85,84.8,84.85,86.33,80.29
"6103",259,1997,84.8,87.19,85.33,85.62,85.43,87.84,80.41
"6104",260,1997,84.63,85.52,84.96,84.87,84.73,85.89,80.4
"6105",261,1997,87.01,90.37,87.12,88.88,86.96,89.39,85.72
"6106",262,1997,83.96,87.21,84.3,87.41,85.15,86.78,85.57
"6107",263,1997,81.58,85.03,82.03,82.16,82.69,79.95,82.97
"6108",264,1997,85.07,85.72,84.88,83.33,84.22,81.17,82.98
"6109",265,1997,84.5,87.13,84.57,88.42,84.68,86.22,84.74
"6110",266,1997,87.29,88.72,87.98,92.2,86.76,90.9,89.21
"6111",267,1997,83.49,81.18,84.64,86.63,81.61,84.71,83.64
"6112",268,1997,83.7,81.53,84.18,87.27,81.2,84.53,83.26
"6113",269,1997,87.1,87.72,86.77,88.87,85.76,88.81,83.69
"6114",270,1997,84.91,79.95,86.26,81.06,81.93,80.96,77.3
"6115",271,1997,90.04,91.2,90.08,87.33,89.64,85.3,83.28
"6116",272,1997,87.77,89.85,88.27,89.4,88.16,87.95,85.34
"6117",273,1997,84.53,86.02,84.58,83.83,84.53,81.24,83.25
"6118",274,1997,84.65,90.19,84.33,88.39,86.77,86.01,88.51
"6119",275,1997,89.32,94.86,88.48,95.15,90.2,95.4,91.12
"6120",276,1997,86.3,93.25,85.4,96.08,88.64,96.76,90.83
"6121",277,1997,82.25,81.74,83.57,86.79,81.37,87.42,82.42
"6122",278,1997,78.74,76.86,80.56,79.5,77.9,79.17,76.34
"6123",279,1997,74.77,73.16,78,78.06,75.46,77.74,74.99
"6124",280,1997,82.38,79.7,84.57,80.37,84.74,79.38,78.05
"6125",281,1997,84.8,85.23,85.42,84.57,86.04,84.36,81.56
"6126",282,1997,83.54,80.33,84.65,82.7,81.9,81.68,79.55
"6127",283,1997,84.95,83.83,85.41,83.25,84.48,80.69,82.35
"6128",284,1997,84.05,84.33,83.17,88.12,82.88,86.09,84.42
"6129",285,1997,85.56,88.26,85.02,90.12,84.18,90.18,86.48
"6130",286,1997,83.59,85.44,83.8,88.89,83.38,89.29,85.12
"6131",287,1997,86.5,88.99,86.71,90.47,86.43,88.6,89.32
"6132",288,1997,84.56,87.19,84.32,88.8,85.16,85.82,88.28
"6133",289,1997,85.28,87.96,83.78,88.51,84.59,88.32,87
"6134",290,1997,81.7,79.99,82.42,74.05,81.45,73.66,78.27
"6135",291,1997,79.57,78.6,80.55,74.48,79.41,74.24,77.8
"6136",292,1997,79.25,79.05,79.97,73.89,79.09,74,78.33
"6137",293,1997,82.17,82.16,82.39,74.57,81.69,75.14,78.05
"6138",294,1997,86.79,89.81,86.36,81.71,88.11,80.39,84.29
"6139",295,1997,89.61,92.17,88.71,86.65,91,85.28,87.17
"6140",296,1997,85.84,87.9,86.29,82.39,87.15,80.42,84.88
"6141",297,1997,83.02,81.41,83.97,79.14,82.41,77.45,79.97
"6142",298,1997,81.33,77.58,82.04,75.99,80.27,74.52,76.57
"6143",299,1997,81.56,78.03,82.05,77.96,81.37,75.59,76.85
"6144",300,1997,83.62,78.48,83.74,77.5,82.28,75.42,77.21
"6145",301,1997,85.61,88.79,85.27,84.04,86.12,81.77,83.62
"6146",302,1997,81.97,76.55,82.98,74.98,79.68,72.18,75.11
"6147",303,1997,80.16,77.59,80.36,75.55,79.62,72.26,75.01
"6148",304,1997,81.69,84.72,81.9,84.21,83.42,80.56,82.44
"6149",305,1997,84.21,88.58,84.75,89.73,85.63,88.21,85.16
"6150",306,1997,81.15,83.08,82.47,87.42,82.28,85.42,82.77
"6151",307,1997,80.04,79.17,80.98,84.66,79.17,80.88,81.63
"6152",308,1997,78.98,79.95,81.11,84.85,80.08,81.42,82.67
"6153",309,1997,80.16,79.89,82.57,84.78,81.6,81.47,80.9
"6154",310,1997,82.77,85.98,83.54,88.99,82.18,87.98,84.85
"6155",311,1997,90.4,93.61,90.26,93.77,89.99,94.34,89.01
"6156",312,1997,89.65,95.54,88.54,96.93,88.25,97.18,92.22
"6157",313,1997,88.19,88.22,86.94,92.25,85.92,90.34,88.96
"6158",314,1997,84.76,86.32,84.72,89.83,85.78,87.93,86.07
"6159",315,1997,79.22,73.58,81.8,74.5,75.68,74.09,74.82
"6160",316,1997,77.49,73.57,79.58,67.38,76.45,68.68,69.68
"6161",317,1997,76.32,75.34,77.34,69.28,76.3,70.07,71.17
"6162",318,1997,75.93,73.52,76.75,70.83,75.11,72.26,71.69
"6163",319,1997,77.73,80.52,78.07,73.83,78.52,73.69,75.78
"6164",320,1997,81.13,79.88,82.53,75.92,81.66,73.6,77.4
"6165",321,1997,79.9,78.24,81.06,78.58,79.27,75.84,78.07
"6166",322,1997,88.94,92.6,87.98,88.52,89.1,86.69,88.34
"6167",323,1997,86.83,91.56,85.66,88.39,88.22,86.96,87.62
"6168",324,1997,83.76,82.92,84.27,82.88,83.34,80.5,82.24
"6169",325,1997,83.69,83.86,83.6,83.54,83.16,81.54,81.8
"6170",326,1997,76.91,75.98,77.78,76.56,75.68,75.9,74.31
"6171",327,1997,78.33,79.08,79.41,79.83,78.34,78.76,77.76
"6172",328,1997,82.71,80.16,83.62,80.38,81.34,78.6,79.37
"6173",329,1997,81.33,81.14,81.66,75.93,81.35,75.95,77.31
"6174",330,1997,76.02,74.27,77.3,71.72,76.12,70.77,72.86
"6175",331,1997,74.43,73.73,75.71,68.68,74.16,68.07,70.02
"6176",332,1997,75.1,73.02,75.65,71.42,73.62,69.5,71.49
"6177",333,1997,75.42,75.12,76.79,75.39,76.16,72.81,75.17
"6178",334,1997,78.84,74.82,80.17,77.36,77.71,73.81,75.85
"6179",335,1997,77.56,83.26,77.62,84.22,78.62,81.03,81.2
"6180",336,1997,71.19,74.34,71.38,73.37,72.76,72.35,73.22
"6181",337,1997,64.31,65.6,64.7,62.07,65.97,61.2,61.13
"6182",338,1997,72.51,74.23,72.84,69.74,72.45,67.82,67.16
"6183",339,1997,67.86,63.96,70.01,69.2,64.57,65.75,66.67
"6184",340,1997,72.12,72.74,72.5,78.33,70.88,74.55,74.71
"6185",341,1997,81.44,80.36,82.65,86.85,79.18,84.41,80.43
"6186",342,1997,78.26,77.34,80.3,83.49,76.45,83.07,77.76
"6187",343,1997,77.82,79.52,78.02,83.03,77.85,80.79,79.05
"6188",344,1997,74.69,75.87,74.67,78.36,75.65,76.99,75.36
"6189",345,1997,67.26,69.07,68.56,74.72,68.59,72.46,70.78
"6190",346,1997,63.06,64.61,65.01,71.92,63.08,69.58,66.71
"6191",347,1997,62.98,63.7,64.38,69.76,62.64,68.08,65.66
"6192",348,1997,64.91,65.35,66.18,72.13,65.53,68.75,68.53
"6193",349,1997,61.81,64.5,62.82,69.62,63.81,66.69,67.36
"6194",350,1997,62.3,60.82,63.26,66.42,61.87,63.64,64.09
"6195",351,1997,63.87,65.86,64.53,70.01,65.5,67.1,67.94
"6196",352,1997,61.64,66.03,62.48,75.75,63.33,71.95,71.95
"6197",353,1997,58.29,62.88,58.89,71.03,59.97,67.71,67.59
"6198",354,1997,56.34,60.03,57.07,68.22,58.22,64,66.04
"6199",355,1997,55.12,58.37,55.94,64.79,56.5,61.66,62.36
"6200",356,1997,57.78,59.28,58.58,70.55,58.79,66.91,65.86
"6201",357,1997,60.79,64.74,61.46,75.15,61.92,71.65,70.19
"6202",358,1997,67.25,71.76,68.37,83.97,69.83,79.76,78.54
"6203",359,1997,67.95,65.82,67.57,72.16,67.7,69.9,68.72
"6204",360,1997,63.76,62.89,64.59,69.2,64.42,67.12,65.94
"6205",361,1997,59.97,63.61,60.91,71.75,61.4,69.03,68.71
"6206",362,1997,60.05,63.23,60.76,75.8,62.05,71,71.96
"6207",363,1997,60.83,63.41,61.89,74.39,61.58,71.36,69.55
"6208",364,1997,58.46,61.03,58.68,74.28,59.93,69.29,70.3
"6209",365,1997,53.88,56.3,54.14,66.77,55.42,62.81,64.3
"6210",1,1998,54.19,56.61,55.68,64.49,55.32,61.33,63.04
"6211",2,1998,54.43,52.18,55.34,59.62,53.55,56.33,57.78
"6212",3,1998,52.28,50.47,54.47,61.34,50.97,57.51,57.13
"6213",4,1998,56.04,55.61,58.28,70.14,54.69,66.41,63.73
"6214",5,1998,58.54,61.4,59.9,76.7,59.7,72.07,70.53
"6215",6,1998,59.99,63.41,59.83,75.61,60.82,71.53,71.21
"6216",7,1998,59.86,66.82,59.27,78.65,62.22,73.76,76.84
"6217",8,1998,59.37,67.53,59.24,77.53,62.51,73.6,77.9
"6218",9,1998,63.7,71.67,63.11,85.55,65.51,81.94,80.39
"6219",10,1998,70.13,77.32,69.03,88.94,71.86,88.07,83.1
"6220",11,1998,64.51,72.51,64.14,84.66,64.89,82.59,77.87
"6221",12,1998,58.79,72.76,57.61,85.99,63.47,83.86,80.13
"6222",13,1998,57.67,67.24,57.3,79.28,60.73,76.38,75.49
"6223",14,1998,52.05,58.28,52.39,70.05,52.97,67.34,68.04
"6224",15,1998,51.5,55.48,52.93,68.38,51.72,65.31,66.42
"6225",16,1998,49.75,54.86,51.34,70.85,50.7,67.2,66.91
"6226",17,1998,48.62,55.16,49.23,70.03,50.34,66.51,66.79
"6227",18,1998,48.22,54.75,48.93,68.75,49.99,65.05,66.74
"6228",19,1998,48.48,54.13,49.21,69.11,49.98,65.21,66.24
"6229",20,1998,49.02,55.31,49.85,69.8,51.47,66.42,66.44
"6230",21,1998,50.39,54.99,51.21,70.55,51.52,65.66,67.22
"6231",22,1998,52.1,58.74,52,72.56,54.49,68.86,69.76
"6232",23,1998,50.43,57.45,49.78,74.43,51.88,70.25,70.1
"6233",24,1998,48.07,52.45,48.75,70.38,48.99,65.89,65.56
"6234",25,1998,44.48,48.89,45.99,67.93,45.21,63.44,63.84
"6235",26,1998,41.1,47.06,41.51,64.27,42.86,59.43,60.35
"6236",27,1998,41.33,45.17,42.53,63.38,41.87,58.23,58.84
"6237",28,1998,43.54,46.42,45.73,63.62,43.51,59.77,59.5
"6238",29,1998,48.29,51.64,50.8,65.98,50.04,62.19,62.15
"6239",30,1998,57.11,57.79,61.37,72.54,58.14,67.59,68.24
"6240",31,1998,66.33,66.59,69.82,82.06,69.34,75.25,77.03
"6241",32,1998,67.82,69.53,71.05,82.21,70.53,78.39,77.81
"6242",33,1998,70.13,76.06,72.1,84.14,71.59,82.67,77.79
"6243",34,1998,63.11,66.05,66.55,77.63,65.53,74.87,73.69
"6244",35,1998,64.06,68.89,66.03,81.01,66.95,77.05,76.36
"6245",36,1998,66.96,74.16,68.39,82.44,70.48,79.74,78.89
"6246",37,1998,69.62,77.16,70.5,80.88,72.79,78.83,77.4
"6247",38,1998,70.17,74.22,71.96,79.65,73.41,76.3,77.5
"6248",39,1998,76.09,79.47,78.54,85.52,78.24,81.88,83.78
"6249",40,1998,80.81,82.11,82.75,79.12,83.33,75.58,81.2
"6250",41,1998,71.59,81.46,70.82,81.74,77.31,78.02,82.21
"6251",42,1998,63.98,74.01,64.13,80.08,68.89,77.16,79.06
"6252",43,1998,68.18,72,71.27,81.09,72.76,78.42,78.1
"6253",44,1998,83.16,84.93,84.36,89.89,84.91,88.09,86.7
"6254",45,1998,80.67,86.35,81.83,91.53,82.61,90.83,88.63
"6255",46,1998,78.19,79.02,79.64,83.19,80.33,80.52,83.35
"6256",47,1998,79.57,80.69,81.37,86.33,81.43,86.38,82.74
"6257",48,1998,72.54,73.3,74.91,81.73,73.59,81.99,77.14
"6258",49,1998,62.2,62.32,64.94,72.79,63.41,70.19,70.26
"6259",50,1998,57.25,53.54,59.54,61.63,57.46,59.43,62.2
"6260",51,1998,51.83,48.4,54.45,58.48,50.51,55.54,58.08
"6261",52,1998,49.27,47.08,51,57.22,49.99,53.99,56.84
"6262",53,1998,48.51,46.58,51.17,61.27,47.81,56.9,59.02
"6263",54,1998,48.42,48.12,50.89,64.29,48.2,60.88,59.98
"6264",55,1998,48.15,50.54,50.35,67.13,48.98,62.81,63.56
"6265",56,1998,48.76,55.03,50.38,70.87,52.17,65.3,67.44
"6266",57,1998,46.73,51.78,47.46,66.29,48.55,62.01,63.58
"6267",58,1998,46.81,51.15,47.52,67.57,48.34,63.39,63.2
"6268",59,1998,47.57,50.23,48.92,66.06,49.28,60.93,63.25
"6269",60,1998,47.79,49.23,50.21,62.41,49.2,56.77,61.94
"6270",61,1998,49.66,48.94,54.58,64.35,50.94,57.95,63.35
"6271",62,1998,54.34,53.79,57.58,68.41,54.86,62.63,65.29
"6272",63,1998,59.07,62.1,61.16,75.24,60.6,71.03,70
"6273",64,1998,69.44,72.78,71.6,82.07,71.74,78.47,76.53
"6274",65,1998,84.26,87.94,85.96,92.01,87.98,89.09,89.87
"6275",66,1998,73,76.5,77.38,84.7,77.52,83.6,80.4
"6276",67,1998,64.83,70.18,70.46,83.42,72.12,80.73,76.93
"6277",68,1998,53.61,60.88,56.55,75.87,59.45,72.49,72.02
"6278",69,1998,50.3,54.59,53.66,69.31,55.04,65.05,67.86
"6279",70,1998,51.29,53.14,53.52,65.73,55.03,61.04,64.77
"6280",71,1998,48.1,58.13,49.02,72.08,53.67,68.41,68.34
"6281",72,1998,42.64,50,44.31,66.54,48.34,61,64.31
"6282",73,1998,45.45,48.08,47.99,63.43,48.21,57.7,60.01
"6283",74,1998,49.4,55.17,48.85,67.23,52.94,62.45,63.6
"6284",75,1998,45.83,54.96,45.06,70.98,50.19,64.34,68.27
"6285",76,1998,43.19,53.93,42.37,70.81,48.82,65.99,66.13
"6286",77,1998,43.95,51.5,43.56,67.06,48.17,62.3,62.52
"6287",78,1998,49.11,53.62,51.64,70.16,51.67,65.18,65.24
"6288",79,1998,55.22,60,57.7,77.11,58.71,71.41,72.16
"6289",80,1998,65.05,66.28,68.27,78.75,66.19,74.67,75.46
"6290",81,1998,71.5,76.71,74.57,88.21,77.13,84.98,84.86
"6291",82,1998,66.44,74.38,68.51,82.46,72.46,79.39,77.33
"6292",83,1998,61.24,63.09,64.01,74.12,63.57,69.59,71.07
"6293",84,1998,59.08,61.81,62.76,76.82,61.76,71.88,73.16
"6294",85,1998,72.41,77.45,76.63,87.97,76.65,85.63,82.46
"6295",86,1998,63.27,71.17,67.09,86.18,68.39,83.96,80.52
"6296",87,1998,60.74,78.82,60.67,88.8,66.41,86.66,82.5
"6297",88,1998,64.4,81.92,64.29,91.1,67.64,89.81,83.72
"6298",89,1998,80.62,87.16,81.47,93.81,82.27,91.84,89.13
"6299",90,1998,88.45,95.06,87.47,97.22,90.36,96.74,96.23
"6300",91,1998,86.47,94.04,85.99,95.81,90.15,95.38,95.24
"6301",92,1998,85.42,89.64,85.74,95.49,88.01,95.75,91.46
"6302",93,1998,89.47,93.48,89.31,95.83,90.37,95.92,92.3
"6303",94,1998,87.23,91.19,87.42,92.28,89.31,92.41,90.06
"6304",95,1998,86.74,91.13,86.28,93.83,88.38,92.5,93.05
"6305",96,1998,86.43,92.37,85.96,94.44,88.33,94.25,91.33
"6306",97,1998,83.79,85.22,84.76,89.12,84.61,87.81,87.18
"6307",98,1998,82.51,86.58,84.54,88.08,84.5,86.17,85.25
"6308",99,1998,81.84,82.47,83.92,82.8,82.77,81.93,82.77
"6309",100,1998,81.92,78.97,84.71,79.25,83.1,75.65,81.94
"6310",101,1998,77.79,72.81,80.88,75.73,77.1,71.5,77.39
"6311",102,1998,76.87,72.83,80.49,76.11,78.25,71.42,78.42
"6312",103,1998,88.18,78.6,89.96,82.94,86.93,79.13,83.68
"6313",104,1998,88.22,90.01,88.85,92.63,88.53,91.22,90.23
"6314",105,1998,85.33,90.13,85.69,92.17,85.68,89.86,89.33
"6315",106,1998,82.73,87.87,83.68,91.75,83.77,90.92,87.97
"6316",107,1998,79.33,87.27,80.43,92.7,83.39,90.38,90.61
"6317",108,1998,82.85,87.34,83.64,90.57,84.8,88.41,88.86
"6318",109,1998,90.85,96.15,91.58,97.19,92.2,97.48,94.19
"6319",110,1998,92.81,97.9,92.24,98.61,93.9,98.2,96.94
"6320",111,1998,87.63,89.14,88.01,92.05,88.57,91.04,91.14
"6321",112,1998,79.48,80.21,81.29,84.39,80.38,82.13,82.27
"6322",113,1998,80.04,75.08,83.06,78.09,78.96,75.62,78.03
"6323",114,1998,90.61,90.83,90.79,89.6,90.49,89.4,88.47
"6324",115,1998,86.34,87.25,86.7,91.65,85.79,90.58,88.69
"6325",116,1998,89.81,93.67,88.81,92.73,90.26,91.72,90.88
"6326",117,1998,84.14,86.19,84.59,86.99,84.03,88.06,84.89
"6327",118,1998,81.8,81.66,82.99,83.97,81.9,80.74,83.16
"6328",119,1998,78.37,78.75,80.5,84.15,80.04,81.69,83.61
"6329",120,1998,87.81,90.38,87.74,93.46,88.98,90.49,91.1
"6330",121,1998,92.47,89.08,93.51,88.47,92.33,85.52,89.5
"6331",122,1998,93.29,93.39,93.39,93.71,92.42,92.76,92.81
"6332",123,1998,87.15,90.56,87.09,91.26,86.09,91.02,89.01
"6333",124,1998,90.13,94.54,89.82,95.21,91.85,94.02,94.37
"6334",125,1998,86.26,90.86,86.43,92.45,88.41,92.62,89.53
"6335",126,1998,89.03,91.9,88.85,92.98,90.97,91.77,90.93
"6336",127,1998,91.6,94.44,90.54,95.47,91.64,93.65,93.58
"6337",128,1998,85.07,89.41,85.48,92.39,85.43,91.56,89.83
"6338",129,1998,88.33,94.17,87.61,95.38,87.4,96.67,92.03
"6339",130,1998,86.38,92.13,86.47,93.36,87.36,93.93,90.17
"6340",131,1998,87.81,92.28,88.19,93.1,88.66,93.43,89.98
"6341",132,1998,89.59,94.94,88.8,94.02,92,94.22,92.49
"6342",133,1998,85.2,90.58,84.8,89.49,86.5,88.58,87.72
"6343",134,1998,82.66,82.89,83.74,83.95,83.05,83.17,83.3
"6344",135,1998,87.8,87.58,88.1,88.59,87.45,87.37,87.16
"6345",136,1998,89.95,94.2,89.43,95.15,89.6,95.68,90.87
"6346",137,1998,90.58,95.58,90.32,95.92,91.56,97.3,92.45
"6347",138,1998,88.72,90.42,90.03,94.23,90.05,94.39,92.37
"6348",139,1998,78.86,82.22,80.25,92.36,77.24,92.93,86.66
"6349",140,1998,76.03,81.63,75.77,89.58,74.61,90.28,83.64
"6350",141,1998,75.93,79.36,76.46,87.39,74.9,88.11,81.77
"6351",142,1998,77.13,77.93,77.91,86.95,74.35,86.29,82.17
"6352",143,1998,84.8,88.91,85.22,94.86,82.69,94.56,90.01
"6353",144,1998,86.79,93.62,86.01,95.97,86.9,95.8,92.49
"6354",145,1998,91.3,92.27,91.2,93.09,88.42,92.01,90.52
"6355",146,1998,92.17,95.25,91.51,94.16,92.62,92.7,92.94
"6356",147,1998,87.03,87.93,88.07,89.36,87.82,87.6,89.6
"6357",148,1998,91.54,94.02,91.22,89.54,93.13,88.26,89.45
"6358",149,1998,91.12,93.64,90.17,91.79,90.98,92.63,89.09
"6359",150,1998,86.71,91.56,86.86,92.29,88.35,91.55,89.58
"6360",151,1998,90.04,94.49,89.75,91.53,91.77,92.09,90.89
"6361",152,1998,91.62,97.62,90.07,94.61,92.33,95.65,92.1
"6362",153,1998,88.52,93.62,88.01,93.38,89.24,95.18,89.86
"6363",154,1998,89.84,93.85,89.17,93.12,88.87,96.04,87.91
"6364",155,1998,85.67,89.83,85.47,92.21,84.45,94.96,85.49
"6365",156,1998,85.16,89.19,85.1,92.88,82.83,94.68,85.86
"6366",157,1998,86.14,93.43,85.11,94.26,86.1,94.98,90.26
"6367",158,1998,89.89,95.61,89.1,96.61,90.68,96.69,94.69
"6368",159,1998,92.38,97.4,91.58,96.97,93.69,97.41,95.51
"6369",160,1998,86.46,88.31,86.77,91.28,86.59,91.14,88.63
"6370",161,1998,77.72,72.14,79.93,73.75,75.02,72.26,74.08
"6371",162,1998,83.65,80.83,84.66,77.55,83.29,75.75,78.68
"6372",163,1998,90.68,93.18,89.99,91.95,90.77,90.94,90.12
"6373",164,1998,86.21,90.09,86.29,91.02,86.93,92.56,86.96
"6374",165,1998,89.73,94.88,89.41,95.08,90.44,96.77,90.95
"6375",166,1998,93.33,95.96,93.51,96.17,92,98.17,92.73
"6376",167,1998,89.63,92.7,90.13,95.56,89.38,97.26,91.2
"6377",168,1998,87.54,92.08,87.37,91.31,88.16,91.26,90.47
"6378",169,1998,86.6,91.87,86.13,91.42,88.86,90.55,88.79
"6379",170,1998,87.07,88.57,87.36,88.64,86.92,87.95,87.07
"6380",171,1998,92.75,93.26,92.12,89.67,91.03,87.69,89.27
"6381",172,1998,91.11,95.61,90.25,95.17,91.55,97.02,91.96
"6382",173,1998,89.95,96.6,89.52,94.97,92.36,97.23,91.63
"6383",174,1998,90.06,88.05,90.99,88.97,90.68,87.94,89.13
"6384",175,1998,88.73,83.52,89.7,85.8,88.34,83.12,85.97
"6385",176,1998,88.38,86.72,89.69,89.16,89.35,86.1,88.15
"6386",177,1998,90.54,93.68,89.69,93.65,90.43,93.07,91.98
"6387",178,1998,90.77,94.65,89.95,96.36,91.22,96.66,92.98
"6388",179,1998,90.47,95.48,90.52,97.43,90.64,97.9,94.67
"6389",180,1998,82.66,87.09,82.58,90.98,83.19,92.39,86.96
"6390",181,1998,83,87.16,82.76,88.92,86.34,88.78,85.95
"6391",182,1998,87.77,91.79,87.48,91.97,88.27,90.98,89.76
"6392",183,1998,85.21,89.5,85.06,90.97,87.28,89.41,88.96
"6393",184,1998,89.51,90.03,89.52,86.71,89.54,84.26,89.73
"6394",185,1998,88.55,94.6,87.33,91.63,88.08,93.74,88.43
"6395",186,1998,92.15,96.37,91.2,97.15,92.14,98.09,93.93
"6396",187,1998,87.89,93.06,87.06,95.12,88.78,94.63,91.98
"6397",188,1998,87.75,92.79,87.52,92.34,88.15,92.84,89.38
"6398",189,1998,87.2,89.52,86.41,88.46,88.05,86.97,88.61
"6399",190,1998,88.36,84.72,88.37,85.53,87.19,83.25,84.19
"6400",191,1998,92.02,94.84,91.73,92.84,90.98,93.25,90.74
"6401",192,1998,91.18,94.89,92.5,94.4,91.75,95.82,90.58
"6402",193,1998,88.4,90.82,87.97,92.39,88.23,93.52,88.46
"6403",194,1998,83.16,89.89,83.39,91.53,82.72,92.57,85.34
"6404",195,1998,86.85,91.95,86.71,92.89,88.32,92.62,90.64
"6405",196,1998,84.32,85.8,84.6,89.06,85.3,86.84,87.07
"6406",197,1998,86.47,89.6,86.44,88.99,86.54,88.45,86.19
"6407",198,1998,90.46,95.42,89.67,94.53,91.47,94.69,92.16
"6408",199,1998,81.28,81.39,83.49,86.24,82.34,84.58,85.9
"6409",200,1998,84.99,84.93,86.68,86.07,84.93,84.17,84.43
"6410",201,1998,82.76,83.3,83.87,83.32,83.07,82.74,83.61
"6411",202,1998,83.56,87.16,84.55,85.5,85.38,87,84.35
"6412",203,1998,85.82,87.34,86.91,89.06,86.4,89.33,86.13
"6413",204,1998,87.22,91.11,86.26,92.39,87.88,91.62,88.47
"6414",205,1998,85.72,91.83,85.56,92.29,87.7,92.71,90.77
"6415",206,1998,84.21,83.07,85.37,84.96,85.11,83.97,84.64
"6416",207,1998,88.45,90.59,90.06,85.82,89.24,83.84,87.76
"6417",208,1998,85.35,88.75,85.94,87.79,86.63,86.75,87.38
"6418",209,1998,86.45,90.13,86.43,93.94,87.21,94.01,90.16
"6419",210,1998,87.2,92.57,87.3,94.08,88.99,93.51,91.74
"6420",211,1998,88.72,91.31,89.15,92.49,90.78,90.4,90.94
"6421",212,1998,84.03,90.42,84.25,94.1,84.32,93.8,88.4
"6422",213,1998,83.69,85.42,84.13,88.97,83.82,87.67,86.15
"6423",214,1998,85.3,81.42,86.66,85.84,83.9,83.58,84.57
"6424",215,1998,84.83,87.57,85.47,86.5,85.51,86.35,84.94
"6425",216,1998,85.25,85.88,85.33,83.96,85.82,82.54,84
"6426",217,1998,84.18,80.61,84.64,80.07,84.16,77.99,81.31
"6427",218,1998,87.2,86.13,87.53,81.56,87.93,79.94,83.06
"6428",219,1998,90.25,91.28,90.39,86.53,89.29,85.86,87.03
"6429",220,1998,86.39,82.08,86.84,81.47,84.77,79.62,81.67
"6430",221,1998,82.19,73.93,83.78,72.98,80.8,71.18,76.17
"6431",222,1998,88.03,89.88,88.18,83.33,89.24,83.35,85.6
"6432",223,1998,84.45,88.14,84.55,86.53,85.28,84.62,85.48
"6433",224,1998,85.56,87.9,85.99,84.55,86.02,86.87,82.11
"6434",225,1998,88.13,88.81,87.56,81.66,88.56,81.3,83.57
"6435",226,1998,86.43,85.8,87.11,79.89,88.49,76.64,83.86
"6436",227,1998,88.87,90.67,88.23,86.22,90.13,83.52,87.59
"6437",228,1998,87.17,87.86,87.73,86.91,87.11,84.77,86.52
"6438",229,1998,85.03,84.85,86.06,87.21,84.19,86.01,84.14
"6439",230,1998,78.62,78.96,82.1,81.52,79.82,80.04,80.55
"6440",231,1998,81.03,85.24,81.35,85.92,81.9,83.4,85.84
"6441",232,1998,84.51,86.67,84.25,86.33,85.92,84.34,85.6
"6442",233,1998,83.91,85.14,84.54,86.93,84.69,84.32,84.95
"6443",234,1998,86.47,90.53,86.65,92.06,87.7,91.07,87.76
"6444",235,1998,85.87,88.86,86.59,89.73,87.99,89.24,86.52
"6445",236,1998,82.46,86.01,82.71,86.06,83.51,86.16,83.77
"6446",237,1998,87.65,92.09,87.1,92.43,88.59,92.05,88.33
"6447",238,1998,88.78,91.94,88.82,92.18,88.39,92.83,88.19
"6448",239,1998,86.46,89.79,87.01,89.93,86.23,89.2,86.88
"6449",240,1998,84.35,87.15,85.19,86.25,84.84,85.07,82.93
"6450",241,1998,85.83,90.83,85.64,88.53,85.67,87.56,85.83
"6451",242,1998,91.02,94.33,90.92,93.14,90.48,91.43,90.66
"6452",243,1998,82.96,87.96,82.8,89.79,80.13,91.51,81.49
"6453",244,1998,80.32,86.44,80.61,89.74,78.66,89.93,83.48
"6454",245,1998,85.56,92.79,85.62,95.01,86.7,95.52,89.86
"6455",246,1998,84.44,89.43,82.98,91.02,84.86,90.45,86.86
"6456",247,1998,80.05,78.33,80.64,78.68,79.02,79.48,75.76
"6457",248,1998,78.91,75.48,80.44,75.61,78.73,74.54,76.39
"6458",249,1998,85.02,84.33,85.54,80.33,84.44,79.99,79.3
"6459",250,1998,81.37,84.59,81.25,83.32,82.98,81.62,83.55
"6460",251,1998,87.64,89.8,87.21,84.23,87.57,84.15,85.68
"6461",252,1998,84.97,88.91,84.68,84.1,86.04,84.37,83.67
"6462",253,1998,84.67,85.8,85.1,83.27,85.35,84.84,81.15
"6463",254,1998,89.69,91.96,89.53,85.22,89.07,85.82,84.55
"6464",255,1998,84.87,90.09,84.7,88.61,86.75,87.25,90.01
"6465",256,1998,88.33,91.94,87.41,89.33,88.51,87.71,89.33
"6466",257,1998,89.51,90.22,89.3,89.31,89.61,88.95,87.26
"6467",258,1998,85.67,88.5,85.03,89.39,86.62,87.97,85.95
"6468",259,1998,86.13,89.35,86.53,89.13,85.93,89.14,85.78
"6469",260,1998,85.62,87.1,85.57,87.78,85.49,87.98,85.72
"6470",261,1998,84.83,88.2,84.46,89.44,84.73,89.52,85.86
"6471",262,1998,84.61,88.94,84.9,89.04,85.1,88.43,87.55
"6472",263,1998,88.44,94.15,88.34,90.04,90.08,89.57,88.96
"6473",264,1998,90.1,93.79,89.74,91.89,91.21,91.58,88.98
"6474",265,1998,85.54,89.21,85.73,89.62,84.45,91.65,85.53
"6475",266,1998,82.93,87.7,82.59,91.62,81.69,94.09,85.41
"6476",267,1998,86.14,94.04,85.08,95.1,87.99,95.81,89.28
"6477",268,1998,88.4,90.66,89.25,90.54,89.72,88.8,88.14
"6478",269,1998,89.54,89.91,90.15,88.84,89.58,86.46,89.02
"6479",270,1998,82.7,82.05,83.44,84.67,81.56,81.75,83.62
"6480",271,1998,81.68,82.77,82.1,84.05,81.85,80.85,81.98
"6481",272,1998,82.57,82.85,83.15,82.82,82.58,81.2,81.8
"6482",273,1998,77.61,74,78.62,73.86,75.33,74.01,73.19
"6483",274,1998,88.48,90.72,89.52,89.34,88.1,88.62,86.5
"6484",275,1998,89.74,94.39,89.12,93.23,90.42,93.38,90.09
"6485",276,1998,86.26,87.81,86.13,89.9,85.61,89.43,86.19
"6486",277,1998,85.33,87.89,84.89,86.63,85.84,85.33,85.8
"6487",278,1998,86.26,85.64,86.27,86.6,85.44,84.98,84.12
"6488",279,1998,85.64,83.71,86.02,86.72,84.51,84.82,84.59
"6489",280,1998,91.72,95.24,91.27,93.59,92.53,93.03,91.89
"6490",281,1998,88.73,94.55,87.42,95.01,89.39,95.18,90.58
"6491",282,1998,89.51,94.29,88.13,93.03,89.8,94.56,88.08
"6492",283,1998,85.46,87.42,85.42,86.66,85.74,88.55,83.55
"6493",284,1998,81.82,82.94,82.06,82.03,82.42,84.67,77.69
"6494",285,1998,79.04,76.67,80.24,78.65,78.76,77.02,77.83
"6495",286,1998,84.85,87.31,85.87,82.16,86.16,80.1,85.1
"6496",287,1998,89.32,94.57,88.16,88.46,90.7,87.86,89.61
"6497",288,1998,87.82,90.72,86.93,88.65,88.72,86.05,87.15
"6498",289,1998,84.73,80.63,85.5,82.5,84.2,79.97,81.63
"6499",290,1998,81.51,80.71,82.39,80.29,81.86,78.62,79.87
"6500",291,1998,80.03,78.46,81.41,80.4,79.28,77.38,79.94
"6501",292,1998,86.61,90.44,86.9,86.18,88.41,85.61,86.94
"6502",293,1998,87.36,90.43,87.52,90.98,87.25,90.06,87.63
"6503",294,1998,88.69,93.07,87.56,93.82,88.51,94.75,89.08
"6504",295,1998,83.04,86.53,82.79,89.09,82.65,90.51,84.45
"6505",296,1998,81.93,82.72,83.52,86.88,81.36,87.37,83.35
"6506",297,1998,86.42,85.65,86.78,85.13,85.93,86.71,81.82
"6507",298,1998,81.33,82.42,82.26,80.47,82.15,78.36,81.28
"6508",299,1998,80.47,80.55,82.35,75.33,80.79,75.61,78.17
"6509",300,1998,82.55,85.63,82.52,81.05,83.65,80.55,84.33
"6510",301,1998,83.84,88.75,83.69,86.91,85.71,85.23,86.67
"6511",302,1998,86.21,89.7,86.49,89.21,86.67,86.96,86.14
"6512",303,1998,88.56,93.19,88.38,93.91,90.28,93.99,91.35
"6513",304,1998,84.61,86.39,84.88,88.12,85.76,87.96,85.62
"6514",305,1998,82.89,84.46,83.03,85.79,83.25,85.8,82.03
"6515",306,1998,83.74,83.8,84.21,81.8,83.43,80.78,82.24
"6516",307,1998,88.64,88.56,88.38,84.56,89.11,83.07,85.3
"6517",308,1998,87.07,86.2,87.67,86.04,86.85,83.5,85.14
"6518",309,1998,81.48,78.8,82.07,80.62,80.08,78.71,79.41
"6519",310,1998,85.46,84.23,85.78,81.54,84.59,79.97,82.75
"6520",311,1998,87.8,86.68,87.93,84.41,87.53,81.19,84.85
"6521",312,1998,85.98,83.56,86.2,80.85,84.55,79.59,82.19
"6522",313,1998,82.63,84.91,81.83,78.94,84.28,78.04,80.97
"6523",314,1998,78.58,76.96,79.36,76.96,77.67,75.74,76.25
"6524",315,1998,81.77,79.57,82.13,77.91,81.2,76.26,77.78
"6525",316,1998,77.55,79.65,78.55,76.61,77.89,76.2,77.19
"6526",317,1998,76.72,76.08,78.32,75.24,76.02,73.33,76.63
"6527",318,1998,86.12,86.6,85.95,89.01,85.65,84.84,86.37
"6528",319,1998,87.05,86.74,87.15,88.06,85.68,86.48,83.52
"6529",320,1998,87.28,84.97,87.21,83.26,87.46,80.51,82.6
"6530",321,1998,86.9,84.94,86.95,82.26,86.68,79.83,81.99
"6531",322,1998,88.03,93.06,87.58,90.71,88.58,88.8,88.66
"6532",323,1998,86.66,89.23,86.43,89.19,87.32,86.99,87.6
"6533",324,1998,85.68,91.79,84.99,90.01,86.69,88.36,88.79
"6534",325,1998,86.68,91.68,86.13,91.83,88.04,89.42,88.84
"6535",326,1998,84.06,87.49,84.58,90.99,85.07,90.32,87.07
"6536",327,1998,81.3,84.72,82.25,86.99,81.08,86.97,84.97
"6537",328,1998,76.56,79.41,77.83,82.99,77.05,81.29,81.83
"6538",329,1998,74.76,78.32,76.07,84.32,75.63,82.22,81.63
"6539",330,1998,74.09,79.28,75.16,86.22,75.36,84.25,83.64
"6540",331,1998,76.63,77.29,77.99,80.21,76.63,77.63,80.04
"6541",332,1998,78.17,82.39,79.35,84.61,79.21,83.19,84.04
"6542",333,1998,87.28,91.6,86.33,88,88.39,87.86,87.38
"6543",334,1998,87.6,93.91,86.48,87.87,89.24,86.58,88.32
"6544",335,1998,84.13,86.04,84.35,84.17,84.83,82.48,85.41
"6545",336,1998,80.35,87.42,80.57,87.86,83.41,86.88,86.58
"6546",337,1998,80.6,90.12,79.13,91.06,84.88,89.82,89.19
"6547",338,1998,83.95,90.01,82.44,88.85,86.19,88.6,87.56
"6548",339,1998,87.87,90.04,86.84,84.71,87.7,85.04,84.54
"6549",340,1998,86.64,88.38,86.26,85.32,87.07,84.05,85.63
"6550",341,1998,86.32,88.48,86.15,85.41,86.27,83.87,85.45
"6551",342,1998,87.53,93.53,86.19,90.9,88.49,88.76,89.17
"6552",343,1998,84.16,86.83,84.11,85.44,84.08,83.74,83.25
"6553",344,1998,82.22,84.29,82.19,82.08,82.29,80.57,82.22
"6554",345,1998,83.98,90.37,83.32,87.13,85.61,86.12,87.09
"6555",346,1998,81.82,86.32,82.09,86.55,83.43,85.87,84.74
"6556",347,1998,82.48,83.81,84.05,89.02,82.71,86.61,85.72
"6557",348,1998,86.84,88.88,87.4,88.98,87.82,87.34,86.37
"6558",349,1998,83.67,85.08,84.58,88.41,83.79,86.97,85.11
"6559",350,1998,84.4,84.88,85.13,84.37,84.87,82.97,83.05
"6560",351,1998,75.96,71.69,78.38,75.22,72.74,73.04,75.02
"6561",352,1998,74.72,72.03,76.84,67.87,73.96,67.95,71.16
"6562",353,1998,79.93,84.34,79.77,76.55,81.61,77.22,78.08
"6563",354,1998,75.91,77.42,77.05,77.1,76.22,76.18,76.89
"6564",355,1998,71.11,75.46,71.97,72.89,73.11,73.17,73.67
"6565",356,1998,70.66,75.11,71.24,78.29,73.01,77.32,76.71
"6566",357,1998,70.34,73.8,71.55,77.07,71.95,75.02,76.68
"6567",358,1998,75.1,71.3,77.58,71.38,73.72,69.96,72.56
"6568",359,1998,77.27,76.15,79.26,76.81,76.94,74.23,77.04
"6569",360,1998,76.65,76.41,76.85,77.55,76.64,74.22,78.14
"6570",361,1998,79.1,76.76,80.45,82.22,78.32,77.85,80.91
"6571",362,1998,81.22,80.02,82.47,80.58,81.94,77.29,80.2
"6572",363,1998,80.57,82.45,81.18,81.39,81.11,78.39,81.66
"6573",364,1998,81.54,88.62,81.25,84.1,84.63,83.57,84.18
"6574",365,1998,79.49,85.69,80.47,87.83,82.64,86.05,86.19
"6575",1,1999,84.33,87.74,84.2,87.11,85.29,85.69,85.1
"6576",2,1999,83.72,88.62,82.21,87.44,84.51,87,85.32
"6577",3,1999,73.83,80.32,73.77,83.81,75.69,83.4,81.01
"6578",4,1999,71.05,71.76,71.48,73.08,71.73,71.91,72.01
"6579",5,1999,70.47,69.24,70.77,64.95,70.2,65.83,66.58
"6580",6,1999,66.95,69.23,66.83,70.08,67.99,68.65,69.91
"6581",7,1999,65.27,64.38,65.59,60.87,64.95,60.82,62.4
"6582",8,1999,66.5,64.83,67.02,61.69,67.08,60.95,63.95
"6583",9,1999,66.61,64.66,67.19,63.59,66.13,61.33,65.27
"6584",10,1999,67.79,71.35,67.65,73.82,69.47,71.7,73.04
"6585",11,1999,68.5,73.44,68.29,78.11,72.08,74.67,78.39
"6586",12,1999,73.59,87.35,72.13,94.05,79.27,93.69,90.7
"6587",13,1999,71.49,84.66,70.9,91.95,77.21,92.68,88.45
"6588",14,1999,61.22,72.44,60.77,80.87,65.99,79.83,76.78
"6589",15,1999,59.47,68.24,58.78,78.38,64.45,75.6,76.29
"6590",16,1999,58.94,67.09,58.73,75,63.45,72.71,74.09
"6591",17,1999,62.47,66.09,62.15,70.12,64.62,68.42,70.16
"6592",18,1999,67.02,73.35,65.67,75.12,70.97,74.43,74.2
"6593",19,1999,65.39,73.91,64.86,80.4,69.19,78.78,77.75
"6594",20,1999,62.87,69.41,61.76,75.89,66.53,72.89,74.99
"6595",21,1999,65.53,68.33,66.17,79.04,67.52,74.9,76.19
"6596",22,1999,77.65,80.77,78.09,87.27,79.2,85.83,84.03
"6597",23,1999,82.89,87.43,82.71,91.16,83.41,90.03,86.58
"6598",24,1999,79.19,83.4,80.82,89.85,81.04,88.64,85.68
"6599",25,1999,80.27,88.52,80.7,92.46,82.42,90.66,89.2
"6600",26,1999,77.57,85.53,76.87,88.75,79.66,87.92,85.84
"6601",27,1999,75.3,84.4,74.9,90.5,77.95,89.63,87.1
"6602",28,1999,68,77.67,69.28,85.7,69.88,85.73,80.49
"6603",29,1999,65.15,71.75,65.74,80.26,66.4,79.11,75.29
"6604",30,1999,67.39,74.61,67.24,83.93,68.63,82.49,77.81
"6605",31,1999,68.01,80.16,66.12,87.32,72.06,86.39,82.03
"6606",32,1999,68.86,79.86,67.37,82.27,72.75,82.04,79.29
"6607",33,1999,64.29,78.77,62.87,85.12,69.13,83.65,81.01
"6608",34,1999,61.73,72.77,60.67,81.51,65.3,80.07,77.74
"6609",35,1999,58.25,67.13,57.69,75.86,61.21,73.68,73.57
"6610",36,1999,57.9,63.75,57.4,69.89,59.71,68.16,68.79
"6611",37,1999,58.02,69.32,56.84,73.14,61.53,72.4,71.16
"6612",38,1999,56.93,68.65,55.53,77.2,61.02,75.09,73.57
"6613",39,1999,54.74,64.66,53.96,77.61,57.33,75.09,72.61
"6614",40,1999,58.03,70.8,56.75,81.73,62.59,80.8,75.87
"6615",41,1999,69.83,83.35,69.63,91.15,75.77,89.75,85.66
"6616",42,1999,68.7,79.45,69.52,89.17,72.9,87.42,83.03
"6617",43,1999,69.93,79.1,69.2,86.41,74.84,85.17,81.5
"6618",44,1999,76.8,87.81,74.69,91.62,79.94,90.2,86.83
"6619",45,1999,67.26,73.97,67.14,83.95,69.32,83.3,78.87
"6620",46,1999,64.01,74.34,63.58,81.05,68.59,78.52,79.8
"6621",47,1999,68.66,82.56,69.22,90.02,76.12,86.15,87.76
"6622",48,1999,64,75.88,63.37,84.18,70.11,80.13,82.77
"6623",49,1999,58.19,70.52,56.87,78.66,64.05,75.13,78.66
"6624",50,1999,73.98,87.25,72.67,90.52,79.52,87.43,89.95
"6625",51,1999,84.46,91.16,83.72,90.39,86.78,88.22,90.19
"6626",52,1999,85.64,92.7,84.91,89.8,87.41,88.77,88.5
"6627",53,1999,90.68,94.83,89.67,91.76,92.64,90.32,92.25
"6628",54,1999,90.99,93.05,89.96,87.81,90.92,86.73,88.05
"6629",55,1999,82.23,86.73,82.41,84.69,84.32,83.07,84.95
"6630",56,1999,70.63,75.79,72.68,81.58,72.3,79.27,78.64
"6631",57,1999,70,72.93,71.96,78.62,72.24,76.3,77.6
"6632",58,1999,67.28,72.63,68.42,78.65,69.94,76.11,77.56
"6633",59,1999,66.74,75.62,67.74,81.51,70.93,79.79,80.26
"6634",60,1999,63.43,71,64.88,80.49,67.15,79.54,78.87
"6635",61,1999,58.25,66.88,59.37,74.81,63.63,73.42,74.79
"6636",62,1999,56.66,58.82,58.06,62.95,58.9,61.4,63.96
"6637",63,1999,67.34,66.32,69.41,67.16,69.27,63.59,69.2
"6638",64,1999,66.08,65.32,66.61,69.52,67.28,66.7,70.18
"6639",65,1999,55.09,62.23,54.31,64.43,59.29,63.67,65.55
"6640",66,1999,52.68,58.57,51.91,66.17,58.99,63.14,66.63
"6641",67,1999,52.84,59.03,52.34,67.72,57.21,64.56,67.33
"6642",68,1999,53.95,61.82,53.1,72.98,59.06,68.93,71.41
"6643",69,1999,56.98,63.67,55.41,74.04,60.97,69.86,72.28
"6644",70,1999,61.39,68.65,60.9,78.64,66.15,76.31,74.79
"6645",71,1999,72.58,78.83,73.62,88.19,75.85,88.6,82.78
"6646",72,1999,83.63,86.05,84.65,90.81,86.16,90.2,88.58
"6647",73,1999,86.15,89.91,85.65,88.08,89,87.46,86.12
"6648",74,1999,83.34,84.18,83.91,88.22,84.13,87.26,83.91
"6649",75,1999,72.54,69.82,75.17,74.13,72.96,70.85,74.63
"6650",76,1999,68.32,70.26,70.03,76.53,70.98,71.71,77.49
"6651",77,1999,65.4,68.13,66.68,78.72,68.01,75.05,77.59
"6652",78,1999,62.13,68.15,62.78,77.54,65.49,74.67,75.96
"6653",79,1999,62.03,66.48,62.04,75.99,64.76,72.68,75.61
"6654",80,1999,67.45,77.19,66.2,85.05,70.86,84.77,81.91
"6655",81,1999,66.43,78.89,65.44,86.04,71.36,85.65,80.9
"6656",82,1999,68.98,72.38,69.76,78.78,71.63,75.84,77.1
"6657",83,1999,70.07,72.87,72.18,82.05,73.61,78.53,78.65
"6658",84,1999,59.52,64.08,61.17,71.57,64.92,68.58,69.93
"6659",85,1999,56.85,61.19,59.53,68.23,63.02,66.79,65.72
"6660",86,1999,68.67,69.2,71.91,76.85,71.27,73.51,73.67
"6661",87,1999,88.15,90.38,88.05,91.45,90.08,89.8,89.71
"6662",88,1999,73.2,73.05,75.56,78.3,74.61,76.22,76.4
"6663",89,1999,63.49,66.96,65.46,72.27,67.39,68.08,72.37
"6664",90,1999,62.37,64.01,64.04,72.93,65.13,68.93,72.24
"6665",91,1999,73.16,72.08,75.04,77.9,74.88,74.79,76.24
"6666",92,1999,89.99,94.57,90.13,93.52,90.78,93.31,90.12
"6667",93,1999,87.43,93.11,87.76,97.06,88.14,98.25,92.08
"6668",94,1999,88.73,95.75,87.7,96.68,90.67,97.16,93.22
"6669",95,1999,90.7,96.39,90.4,95.78,92.63,95.78,94.56
"6670",96,1999,87.41,93.49,87.18,96.18,88.41,95.65,93.24
"6671",97,1999,89.48,96.38,88.72,96.13,90.56,95.61,95.06
"6672",98,1999,93.88,97.78,93.04,98.85,94.28,98.93,97.32
"6673",99,1999,90.56,96.83,90.02,97.93,91.64,97.9,96.26
"6674",100,1999,90.64,95.9,91.21,98.02,92.57,97.58,96.69
"6675",101,1999,84.36,90.46,85.48,93.49,86.88,93.14,91.99
"6676",102,1999,83.97,91.35,83.56,90.75,86.53,88.18,91
"6677",103,1999,85.69,89.72,86.02,89.1,87.34,86.83,88.71
"6678",104,1999,87.88,92.79,87.4,91.28,89.59,90.07,88.98
"6679",105,1999,86.01,86.56,86.68,86,87.05,84.64,84.31
"6680",106,1999,82.44,82.61,82.91,84.35,81.82,82.85,82.04
"6681",107,1999,70.52,64.57,73.64,67.29,67.73,65.63,66.33
"6682",108,1999,70.4,66.09,72.74,68.49,68.36,68,68.33
"6683",109,1999,75.64,76.42,78.42,80.29,77.59,77.47,80.57
"6684",110,1999,85.22,85.83,85.64,86.45,86.48,83.76,87.28
"6685",111,1999,91.84,97.96,90.84,97.28,94.38,96.39,95.38
"6686",112,1999,89.45,95.3,89.21,95.29,91.22,94.61,91.93
"6687",113,1999,90.79,95.22,90.57,94.15,92.28,93.23,91.82
"6688",114,1999,90.11,91.83,90.29,91.55,90.86,91.19,89.65
"6689",115,1999,88.3,90.19,87.61,91.12,88.94,90.86,89.32
"6690",116,1999,87.49,92.34,87.92,91.51,88.74,91.26,90.84
"6691",117,1999,81.64,81.07,82.29,84.96,81.9,82.97,84.77
"6692",118,1999,82.89,84.45,83.81,82.84,84.37,80.52,83.43
"6693",119,1999,81.09,80.08,83.56,83.38,81.7,81.38,82.52
"6694",120,1999,79.8,81.83,82.17,85.44,82.39,83.18,84.95
"6695",121,1999,82.6,82.5,85.02,85.14,83.59,84.28,84.36
"6696",122,1999,84.34,81.47,85.85,81.77,83.92,80.02,82.09
"6697",123,1999,86.9,87.15,87.86,84.24,86.88,84,86.55
"6698",124,1999,82.76,84.51,83.58,85.34,83.96,84.6,87.09
"6699",125,1999,79.63,77.72,81.04,77.66,79.05,75.23,79.32
"6700",126,1999,82.76,81.4,84.55,79.61,82.62,77.52,81.84
"6701",127,1999,87.41,87.79,87.82,84.97,87.52,84.32,84.32
"6702",128,1999,86.66,85.54,87.66,84.61,86.39,82.31,84.15
"6703",129,1999,89.4,93.85,89.04,93.76,91.51,92.07,91.91
"6704",130,1999,86.53,90.4,85.54,93.47,87.76,94.01,90.35
"6705",131,1999,87.53,93.07,86.08,93.43,88.29,91.75,91.56
"6706",132,1999,88.96,88.86,88.83,91.01,88.45,89.35,89.6
"6707",133,1999,92.68,92.84,91.99,93.23,91.43,92.6,91.08
"6708",134,1999,91.1,94.09,90.39,91,90.34,91.64,89.99
"6709",135,1999,87.48,92.45,86.84,91.58,89.13,90.58,89
"6710",136,1999,81.78,79.23,84.28,82.1,81.57,81.35,80.72
"6711",137,1999,77.23,72.27,80.53,75.45,76.22,72.72,75.97
"6712",138,1999,70.26,67.75,73.55,71.69,70.98,69.87,72.04
"6713",139,1999,77.77,75.34,80.31,77.05,78.62,75.51,75.39
"6714",140,1999,89.31,87.93,88.3,87.55,88.47,86.43,86.49
"6715",141,1999,91.49,95.53,91.04,96.75,92.54,97.33,93.64
"6716",142,1999,84.05,90.33,84.83,93.04,87.69,89.53,92.17
"6717",143,1999,81.37,79.3,82.91,80.37,81.88,78.55,81.79
"6718",144,1999,77.24,74.99,79.52,78.01,76.34,76.54,77.11
"6719",145,1999,76.25,75.21,79.11,77.94,76.39,76.37,77.8
"6720",146,1999,75.17,69.28,78.01,66.98,74.49,66.58,70.47
"6721",147,1999,74.94,70.46,77.31,63.94,74.61,65.22,67.59
"6722",148,1999,85.36,82.9,86.35,78.23,86.56,77.7,81.22
"6723",149,1999,90.28,87.86,90.52,87.51,90.28,84.82,87.31
"6724",150,1999,88.97,91.27,89.11,92.57,89.11,93.49,89.27
"6725",151,1999,87.39,90.81,87.08,91.57,88.39,92.85,87.86
"6726",152,1999,84.2,88.21,84.88,91.36,86.42,89.96,89.81
"6727",153,1999,81.78,78.77,84.11,79.89,80.67,79.81,78.94
"6728",154,1999,86.4,82.43,88.82,80.42,86.15,79.48,81.47
"6729",155,1999,84.01,79.04,85.59,77.95,84.62,74.75,83.05
"6730",156,1999,84.72,85.2,85.55,85.28,85.71,81.72,85.7
"6731",157,1999,83.82,81.72,85.51,81.7,83.99,78.79,79.9
"6732",158,1999,87.03,90.81,86.18,86.28,89.33,84.63,86.89
"6733",159,1999,85.72,89.29,85.36,88.06,85.6,86.93,86.56
"6734",160,1999,88.27,93.39,87.27,91.5,88.72,90.36,88.24
"6735",161,1999,87,91.92,86.48,91.38,88.77,90.77,89.3
"6736",162,1999,85.83,89.03,86.55,92.87,86.91,91.8,89.93
"6737",163,1999,87.25,92.14,87.48,90.66,88.2,90.6,89.01
"6738",164,1999,90.81,92.78,90.56,88.93,89.61,90.38,87.78
"6739",165,1999,87.19,92.88,87.32,94.35,88.05,95.56,91.05
"6740",166,1999,87.59,88.97,87.2,87.28,87.68,85.64,88.01
"6741",167,1999,86.54,93.1,86.1,92.53,88.22,91.46,91.54
"6742",168,1999,83.32,86.9,83.86,89.36,84.88,87.03,88.04
"6743",169,1999,91.69,95.56,91.3,94.49,92.19,93.43,92.76
"6744",170,1999,86.27,90.87,86.5,93.05,86.96,93.17,89.52
"6745",171,1999,80.5,78.85,83.78,83.81,80.5,81.7,82.68
"6746",172,1999,89.19,90.29,89.34,88.57,89.25,86.55,89.22
"6747",173,1999,89.16,86.48,89.61,87.29,89.36,85.32,87.77
"6748",174,1999,87.06,86.44,86.75,84.83,88.01,83.37,85.44
"6749",175,1999,90.7,91.24,90.21,86.43,91.98,85.04,87.95
"6750",176,1999,92.76,91.53,92.09,90.24,92.54,88.37,88.87
"6751",177,1999,90,89.45,90,91.09,90.48,89.63,90.06
"6752",178,1999,88.64,91.92,88.02,91.79,88.09,89.96,90.06
"6753",179,1999,88.11,91.83,87.48,92.53,89.03,92.11,89.77
"6754",180,1999,89.8,93.41,88.84,93.05,89.62,92.19,90.62
"6755",181,1999,83.7,86.69,83.86,88.86,83.29,88.31,85.33
"6756",182,1999,83.92,81.33,85.04,81.65,83.26,79.63,82.1
"6757",183,1999,83.84,79.02,85.52,77.35,83.82,76.11,80.92
"6758",184,1999,88.25,88.21,88.44,82.48,88.29,81.44,84.75
"6759",185,1999,83.02,78.68,84.39,79.81,81.34,77.11,79.92
"6760",186,1999,80.77,82.43,82.32,78.18,82.83,76.52,79.78
"6761",187,1999,89.05,93.7,89.85,91.57,90.81,89.95,89.04
"6762",188,1999,88.22,90.13,88.21,91.19,87.1,93.56,87.04
"6763",189,1999,82.8,87.19,84.24,89.47,81.75,92.35,85.2
"6764",190,1999,80.84,82.72,81.58,87.88,79.16,90.03,81.94
"6765",191,1999,85.9,90.67,85.74,92.34,85.3,95.2,85.16
"6766",192,1999,83.39,90.19,84.12,91.08,86.98,90.69,88.77
"6767",193,1999,87.09,93.35,86.2,92.83,88.5,92.09,88.96
"6768",194,1999,89.65,92.8,89.72,94.45,90.81,95.38,90.35
"6769",195,1999,85.14,91.86,84.74,92.9,85.55,95.11,89.07
"6770",196,1999,82.4,81.71,83.55,80.53,83.11,80.54,80.52
"6771",197,1999,83.43,80.16,85.18,79.47,84.26,76.41,82.33
"6772",198,1999,85.37,89.14,85.9,87.66,85.67,86.79,86.14
"6773",199,1999,86.35,89.34,86.94,90.24,86.26,89.48,87.18
"6774",200,1999,85.08,88.46,85.8,89.67,85.9,88.78,87.82
"6775",201,1999,83.18,81.3,84.68,84.22,84.83,82.63,85.2
"6776",202,1999,85.09,82.79,85.68,81.89,83,80.64,82.96
"6777",203,1999,86.14,91.49,86.34,91.35,88.34,92.47,89.53
"6778",204,1999,85.04,88.75,85.63,88.49,86.85,88.76,87.65
"6779",205,1999,90.94,95.3,90.37,92.99,92.87,92.99,91.46
"6780",206,1999,87.95,90.26,88.63,89.44,88.56,89.08,87.28
"6781",207,1999,88.5,93.08,88.39,95.12,90.72,95.43,92.54
"6782",208,1999,90.19,96.04,89.65,95.74,92.51,96.71,93.3
"6783",209,1999,85.84,89.01,85.25,92.09,85.49,91.57,87.87
"6784",210,1999,88.27,92.91,87.67,92.18,89.82,91.34,90.04
"6785",211,1999,86.39,89.45,87.57,90.39,87.83,89.63,88.67
"6786",212,1999,91.57,94.11,92.07,91.82,91.85,94.09,88.07
"6787",213,1999,94.57,98.04,93.43,97.21,91.7,99.05,90.57
"6788",214,1999,87.58,88.53,88.12,92.48,85.15,92.02,87.18
"6789",215,1999,82.79,85.41,82.78,89.91,80.57,92.56,83.66
"6790",216,1999,78.09,83.45,79.65,89.75,75.42,90.52,82.44
"6791",217,1999,83.61,84.36,84.5,88.13,82.66,86.22,84.89
"6792",218,1999,87.11,90.38,87.1,89.27,87.89,87.9,89.84
"6793",219,1999,82.71,82.91,83.59,83.07,83.91,81.48,84.64
"6794",220,1999,91.27,94.97,91.06,92.1,92.53,92.52,90.78
"6795",221,1999,82.51,86.58,82.12,89.41,83.29,89.44,86.03
"6796",222,1999,91.3,94.12,91.51,93.56,92.49,91.52,92.26
"6797",223,1999,84.7,87.58,84.94,90.76,85.65,90.43,88.13
"6798",224,1999,82.42,84.5,83.3,84.84,84.98,84.33,83.55
"6799",225,1999,89.48,94.25,88.83,88.98,90.66,89,86.86
"6800",226,1999,89.59,93.24,88.97,90.52,89.78,91.32,88.49
"6801",227,1999,89.66,94.58,89.65,92.86,89.86,95.32,87.36
"6802",228,1999,86.42,91.93,86.25,92.48,84.65,94.84,87.31
"6803",229,1999,76.48,81.26,76.38,86.41,73.93,89.36,81.81
"6804",230,1999,73.84,76.98,74.64,84.22,72.75,86.62,79.75
"6805",231,1999,79.86,81.97,79.68,83.65,77.96,84.28,79.7
"6806",232,1999,86.24,88.63,85.89,90.63,86.49,89.64,86.83
"6807",233,1999,88,93.42,86.6,94.55,87.34,94.28,89.98
"6808",234,1999,87.26,91.89,86.88,92.75,88.63,92.58,90.48
"6809",235,1999,87.46,90.02,87.68,88.79,87.49,87.88,87.88
"6810",236,1999,85.14,88.45,84.8,90.19,85.11,88.82,88.84
"6811",237,1999,89.18,93.56,88.02,92.27,89.81,91.98,90.16
"6812",238,1999,89.12,93.61,88.21,92.14,88.77,92.76,87.32
"6813",239,1999,89.34,91.27,88.61,93.62,89.79,93.24,89.91
"6814",240,1999,88.4,92.29,87.45,94.89,89.44,95.01,91.58
"6815",241,1999,85.7,91.36,85.15,91.87,88.09,92.41,87.97
"6816",242,1999,89.92,92.63,89.54,90.31,90.78,91.99,87.23
"6817",243,1999,82.57,82.77,83.92,84.69,81.73,85.82,83.18
"6818",244,1999,85.66,84.67,86.6,86.22,85.8,85.77,84.84
"6819",245,1999,89.4,92.9,89.57,92.44,90.01,91.47,89.18
"6820",246,1999,84.56,89.08,84.28,91.46,85.6,91.41,87.84
"6821",247,1999,82.38,84.68,82.21,86.64,81.98,87.5,83.3
"6822",248,1999,88.79,91.06,88.94,85.82,88.55,86.38,85.5
"6823",249,1999,86.53,87.08,86.58,84.17,85.68,83.97,84.78
"6824",250,1999,84.36,84.86,84.9,84.67,83.88,82.98,84.17
"6825",251,1999,86.22,88.19,86.45,86.7,86.66,86.65,84.57
"6826",252,1999,85.54,89.84,84.58,84.56,87.22,82.95,86.47
"6827",253,1999,87.8,90.97,86.85,85.66,87.35,85.09,87.1
"6828",254,1999,87.12,87.03,87.69,84.62,86.59,83.25,84.79
"6829",255,1999,87.33,92.26,86.97,90.71,88.34,90.08,88.96
"6830",256,1999,84.27,89.16,83.71,90.29,84.69,90.08,88.11
"6831",257,1999,85.64,90.99,85.31,90.32,87.7,88.4,89.86
"6832",258,1999,85.99,88.35,84.32,85.24,87.81,81.91,86.54
"6833",259,1999,82.74,82.2,83.08,81.59,83.18,79.29,82.24
"6834",260,1999,89.01,91.71,88.44,89.11,89.77,86.84,87.11
"6835",261,1999,84.9,89.73,84.56,89.63,84.82,91.37,84.66
"6836",262,1999,85.78,89.97,85.62,89.54,86.35,88.69,86.75
"6837",263,1999,85.89,88.94,85.74,86.23,86.61,86.47,83.97
"6838",264,1999,88.6,92.3,88.12,87.79,89.51,87.94,86.1
"6839",265,1999,87.61,89.87,87.72,89.94,88.48,88.17,86.75
"6840",266,1999,85.98,87.53,86.53,87.26,87.41,85.56,86.44
"6841",267,1999,82.79,87.3,82.89,85.93,83.99,84.91,86.36
"6842",268,1999,81.45,83.41,81.4,79.55,82.35,78.64,81.7
"6843",269,1999,82.55,80.66,83.71,76.56,82.2,75.42,79.87
"6844",270,1999,89.96,93.38,89.78,84.52,90.75,84.08,86.93
"6845",271,1999,91.47,95.4,90.63,93.9,93.09,92.8,91.53
"6846",272,1999,88.6,90.62,88.68,90.18,88.77,91.38,87.28
"6847",273,1999,86.58,87.02,86.58,87.39,87.95,87.26,85.23
"6848",274,1999,85.97,87.52,86.63,88.76,85.15,87.86,85.84
"6849",275,1999,86.81,91.14,86.64,91.32,86.87,89.41,88.37
"6850",276,1999,86.56,84.07,86.46,83.83,85.3,82.2,82.41
"6851",277,1999,91.44,92.97,90.06,90.07,92.45,87.97,89.76
"6852",278,1999,88.09,92.25,88.41,93.88,88.51,95.57,90.3
"6853",279,1999,85.3,89.72,84.84,91.72,84.74,91.6,88.92
"6854",280,1999,86.58,91.53,85.56,93.55,86.65,93.56,90.26
"6855",281,1999,90.07,95.07,88.63,94.09,90.93,94.96,91.07
"6856",282,1999,90.08,92.44,89.2,90.06,91.09,90.69,90.36
"6857",283,1999,86.9,92.12,86.26,92.45,87.48,91.15,90.46
"6858",284,1999,86.82,89.83,87.13,91.18,87.44,89.06,88.8
"6859",285,1999,91.17,91.44,91.24,91.1,91.07,90.96,88.37
"6860",286,1999,87.07,88.78,87.82,88.5,87.9,87.86,85.71
"6861",287,1999,86.83,89.33,88.09,90.53,87.31,90.19,86.59
"6862",288,1999,86.57,88.73,87.01,88.55,86.97,88.62,85.62
"6863",289,1999,85.76,87.42,86.06,88.73,85.66,87.53,85.85
"6864",290,1999,82.51,86.32,82.76,83.94,83.58,82.45,83.36
"6865",291,1999,83.45,85.6,83.56,83.3,82.89,81.18,83.45
"6866",292,1999,82.56,86.06,83.32,83.31,82.9,81.13,84.49
"6867",293,1999,85.73,89.2,85.26,86.6,84.93,85.17,85.16
"6868",294,1999,85.43,88.15,86.14,91.33,85.82,90.6,87.84
"6869",295,1999,85.31,90.94,84.89,90.6,85.75,89.58,89.23
"6870",296,1999,87.33,93.28,87.12,90.48,89.11,90.04,90.81
"6871",297,1999,89.4,93.63,88.75,92.06,89.24,91.18,90.3
"6872",298,1999,86.78,91.72,85.95,92.03,87.79,91.45,88.44
"6873",299,1999,82.24,84.69,82.21,85.28,83.09,83.86,83.91
"6874",300,1999,77.81,76.57,78.89,74.89,76.7,74.56,76.81
"6875",301,1999,82.52,88.74,82.61,79.66,84.58,78.61,83.12
"6876",302,1999,83.41,87.53,82.67,81.09,84.05,80.47,82.64
"6877",303,1999,87.08,89.78,86.61,85.52,87.34,85.29,85.22
"6878",304,1999,84.67,85.1,85.52,81.43,84.35,80.16,84.26
"6879",305,1999,85.07,87.58,85.32,82.48,84.93,83.89,84.67
"6880",306,1999,85.24,92.16,84.92,90.51,86.69,91.03,89.52
"6881",307,1999,86.58,90.74,86.04,89.25,87.36,88.76,89.62
"6882",308,1999,86.36,88.77,86.04,86,85.97,85.9,84.37
"6883",309,1999,78.23,75.71,79.31,71.89,76.02,72.66,72.95
"6884",310,1999,82.51,83.38,82.96,77.05,82.3,77.09,78.93
"6885",311,1999,84.3,86.86,84.11,86.75,84.57,84.43,85.86
"6886",312,1999,83.61,86.07,83.55,86.06,83.66,84.25,84.1
"6887",313,1999,82.38,83.32,82.67,82.36,82.28,80.1,82.61
"6888",314,1999,84.27,87.47,84.18,87.1,84.87,85.48,86.47
"6889",315,1999,88.26,90.79,88.23,88.53,89.16,85.94,88.52
"6890",316,1999,86.7,92.91,85.83,92.99,87.18,93.64,89.28
"6891",317,1999,83.41,88.01,82.78,91.15,84.83,91.36,87.98
"6892",318,1999,83.31,86.1,83.19,88.43,84.42,88.79,86.2
"6893",319,1999,86.39,90.73,85.04,90.13,87.41,89.23,88.23
"6894",320,1999,86.42,88.92,85.66,87.64,87.49,86.9,86.31
"6895",321,1999,89.71,91.98,89.57,88.98,91.19,88.42,89.73
"6896",322,1999,90.56,94.51,90.11,93.67,91.37,93.29,93.01
"6897",323,1999,88.12,91.63,88.1,90.17,89.15,90.29,88.92
"6898",324,1999,84.01,86.11,83.74,86.31,86.02,85.07,86.17
"6899",325,1999,82.16,87.28,80.94,87.82,84.59,86.02,86.13
"6900",326,1999,81.99,90.12,81.76,89.45,84.57,88.33,87.98
"6901",327,1999,86.58,90.17,86.13,88.85,87.83,88.94,89.48
"6902",328,1999,84.08,87.39,83.77,86.62,84.79,85.73,87.85
"6903",329,1999,81.88,88.42,81.51,88.86,83,87.76,87.65
"6904",330,1999,81.89,88.27,80.48,87.37,82.74,86.56,86.27
"6905",331,1999,76.24,79.58,76.62,76.92,76.45,77.15,77.66
"6906",332,1999,77.38,74.47,78.84,74.06,76.12,73.52,76.4
"6907",333,1999,81.1,79.49,81.81,75.54,80.76,74.71,78.68
"6908",334,1999,84.23,90.32,83.27,85.96,85.73,86.51,85.95
"6909",335,1999,82.04,83.75,82.14,85.53,82.33,83.93,83.72
"6910",336,1999,86.27,90.14,85.24,91.54,87.78,90.39,90.04
"6911",337,1999,87.56,92.34,86.34,87.95,89.17,87.34,87
"6912",338,1999,86.32,88.06,85.83,85.59,86.6,84.19,85.54
"6913",339,1999,83.4,83.18,84.06,83.27,82.69,81.26,83.21
"6914",340,1999,78.78,80.97,79.2,81.76,80.83,80,82.57
"6915",341,1999,75.44,78.91,75.46,77.81,76.44,78.04,77.52
"6916",342,1999,76.43,77.37,76.71,75.12,76.42,73.9,77.02
"6917",343,1999,86.15,88.37,86.35,80.79,86.3,82.42,83.57
"6918",344,1999,87.71,91.22,86.95,88.66,88.64,86.69,88.42
"6919",345,1999,88.21,94.1,87.9,93.01,88.9,92.09,90.67
"6920",346,1999,89.06,93.51,88.01,92.51,90.02,91.7,90.92
"6921",347,1999,86.43,89.35,86.17,89.91,86.3,88.31,87.92
"6922",348,1999,83.99,85.12,83.92,82.55,83.45,81.59,81.77
"6923",349,1999,84.02,84.07,84.05,81.41,84.13,79.64,81.69
"6924",350,1999,84.64,85.29,84.29,85.78,85.68,81.73,84.75
"6925",351,1999,79.31,76.21,80.1,77.44,77.2,75.66,77.19
"6926",352,1999,75.85,72.14,77.15,72.7,73.87,71.35,73.26
"6927",353,1999,76.39,75.57,76.85,75.42,76.13,74.19,76.08
"6928",354,1999,75.41,79.06,75.38,80.96,77.07,78.8,80.48
"6929",355,1999,73.58,71.09,73.71,67.08,73.26,66.92,68.63
"6930",356,1999,70.52,72.64,71.68,68.67,71.51,69.82,70.89
"6931",357,1999,69.59,71.85,70.68,70.18,70.09,70.48,70.77
"6932",358,1999,71.4,74.06,71.36,67.61,72.62,70.43,68.63
"6933",359,1999,70.13,73.57,70.16,77.25,72.27,75.74,76.76
"6934",360,1999,63.53,72.4,62.59,78.41,66.62,75.12,77.96
"6935",361,1999,64.54,72.57,63.75,77.19,67.64,72.91,78.61
"6936",362,1999,65.86,69.57,65.85,71.33,67.85,68.81,73.08
"6937",363,1999,70.04,69.15,70.67,67.17,70.22,65.35,69.97
"6938",364,1999,72.56,72.83,72.3,69.46,73.98,66.69,72.73
"6939",365,1999,65.96,70.66,65.76,72.38,69.38,70.86,73.39
"6940",1,2000,67.14,69.39,65.98,65.61,68.38,66.23,66.55
"6941",2,2000,63.86,68.78,63.37,70.26,67.37,69.09,69.77
"6942",3,2000,66.25,72.05,66.08,72.22,68.17,72.79,71.98
"6943",4,2000,67.14,80.52,65.96,85.32,70.99,86.31,80.97
"6944",5,2000,63.73,71.19,62.89,76.56,65.79,76.63,73.5
"6945",6,2000,59.73,67.59,59.42,75.09,62.48,72.07,73.97
"6946",7,2000,63.74,69.11,63.65,77.13,65.98,73.48,75.85
"6947",8,2000,62.95,70.63,62.96,78.34,65.71,77.66,76.37
"6948",9,2000,59.4,70.69,59.66,77.67,62.78,76.93,75.08
"6949",10,2000,58.78,61.92,58.46,65.26,60.62,63.81,65.06
"6950",11,2000,57.91,57.21,57.98,58.02,57.83,57.44,58.66
"6951",12,2000,58.18,58.47,57.75,59.67,58.55,58.07,60.99
"6952",13,2000,52.45,57.16,52.27,62.06,55.02,60.64,61.98
"6953",14,2000,49.85,54.59,50.23,60.68,51.69,59.87,60.04
"6954",15,2000,47.59,53.86,47.47,60.2,49.98,59.19,59.21
"6955",16,2000,49.91,59.9,48.87,67.3,52.51,65.12,63.51
"6956",17,2000,51.67,59.39,50.93,71.4,54.51,67.24,67.49
"6957",18,2000,54.93,59.82,54.48,68.65,55.67,65.83,65.58
"6958",19,2000,60.52,66.56,59.94,77.22,62.48,74.43,73.11
"6959",20,2000,68.73,76.28,69.26,85.57,71.75,83.29,81.38
"6960",21,2000,69.49,75.96,69.85,82.92,72.94,81.88,78.72
"6961",22,2000,62.69,64.7,62.12,74.11,63.56,71.4,69.96
"6962",23,2000,54.32,57.55,54.08,68.3,55.75,65.04,65.44
"6963",24,2000,52.83,56.99,53.38,65.35,54.77,62.03,64.69
"6964",25,2000,54.83,56.5,55.19,67.83,55.53,64.59,66.78
"6965",26,2000,53.8,57.62,53.62,69.18,55.63,65.63,68.24
"6966",27,2000,53.79,60.49,52.65,70.7,56.37,67.7,68.3
"6967",28,2000,53.92,59.95,53.88,72.06,56.89,69.46,69.82
"6968",29,2000,51.13,54.36,51.27,64.9,52.81,62.67,62.35
"6969",30,2000,49.83,53.41,50,67.57,51.33,63.41,64.99
"6970",31,2000,52.76,55.09,54.05,68.7,54.79,63.38,66.33
"6971",32,2000,62.07,65.7,64.51,78.59,69.99,73.49,75.84
"6972",33,2000,66.33,73.98,70.54,85.14,70.46,82.74,80.44
"6973",34,2000,62.84,63.84,64.71,73.28,66.06,69.65,71.42
"6974",35,2000,55.6,57.47,57.74,68.91,57.77,65.5,66.79
"6975",36,2000,49.34,51.3,50.04,61.84,51.14,58.83,60.25
"6976",37,2000,48.1,46.29,49.25,53.22,48.77,49.59,53
"6977",38,2000,48.98,44.91,50.51,55.72,47.58,51.34,53.73
"6978",39,2000,45.41,48.92,46.34,64.22,46.98,60.08,59.85
"6979",40,2000,42.29,46.39,43.39,59.87,43.71,56.26,57.57
"6980",41,2000,43.51,46.26,43.51,55.72,44.18,53.05,54.75
"6981",42,2000,44.15,47.21,44.57,60.67,45.62,56.5,58.26
"6982",43,2000,42.34,42.52,43.68,53.13,42.24,50.65,52.77
"6983",44,2000,44.15,41.88,46.11,47.32,43.31,46.31,48.29
"6984",45,2000,43.66,42.19,44.74,48.77,43.93,45.62,49.31
"6985",46,2000,40.84,36.7,42.69,47.11,39.53,42.46,47.75
"6986",47,2000,44.86,40.48,46.47,48.75,43.04,45.68,50.76
"6987",48,2000,49.55,50.58,50.06,52.58,50.3,50.01,54.91
"6988",49,2000,51.9,58.55,52.28,70.91,53.93,67.37,67.93
"6989",50,2000,48.21,50.95,48.66,63.52,49.9,58.6,62.42
"6990",51,2000,50.12,51.77,51.01,62.6,50.08,58.6,60.75
"6991",52,2000,52.28,54.19,53.18,64.77,53.2,60.16,64.37
"6992",53,2000,54.94,60.31,55.77,69.03,55.79,64.59,68.09
"6993",54,2000,61.43,73.01,61.59,82.94,64.52,78.57,77.92
"6994",55,2000,61.6,71.18,62.79,82.17,66.96,78.42,78.17
"6995",56,2000,58.19,67.85,57.35,81.83,60.82,79.23,76.61
"6996",57,2000,53.83,65.56,53.69,81.44,57.49,77.38,76.47
"6997",58,2000,52.32,62.3,51.88,78.27,55.64,73.21,75.56
"6998",59,2000,55.72,66.42,54.08,78.92,57.55,75.84,75.55
"6999",60,2000,54.79,73.28,53.12,88.77,59.82,84.93,82.75
"7000",61,2000,54.51,67.59,52.87,82.05,58.64,78.52,76.03
"7001",62,2000,54.17,70.68,53.26,86.6,59.38,83.16,81.06
"7002",63,2000,54.3,67.32,53.49,82.02,58.14,78.53,76.12
"7003",64,2000,50.19,56.16,50.43,69.65,51.6,65.49,67.26
"7004",65,2000,48.4,52.65,48.2,66.56,48.88,62.31,64.05
"7005",66,2000,45.36,48.93,45.14,65.45,44.94,61.06,62.82
"7006",67,2000,46.7,52.47,46.2,66.01,47.55,61.71,64.89
"7007",68,2000,46.19,56.01,44.98,68.63,49.52,64.89,68.1
"7008",69,2000,41.01,49.77,40.38,61.07,44.49,58.28,60.74
"7009",70,2000,39.17,44.09,40.01,52.47,39.71,50.65,53.38
"7010",71,2000,42.07,45.76,42.76,57.93,41.83,53.27,56.27
"7011",72,2000,47.93,50.83,48.7,67.88,47.16,63.51,63.31
"7012",73,2000,46.45,53.33,45.12,69.41,48.55,62.97,65.8
"7013",74,2000,43.33,50.02,42.25,64.25,46.28,58.58,62.03
"7014",75,2000,42.49,46.04,42.5,61.82,43.05,56.55,57.79
"7015",76,2000,42.23,45.14,42.84,62.54,42.24,57.11,57.71
"7016",77,2000,43.11,47.73,43.17,62.9,43.77,58.23,59.48
"7017",78,2000,39.49,45.85,40.07,60.86,41.09,58.02,57.51
"7018",79,2000,40.33,44.27,40.8,57.2,40.8,52.99,55.95
"7019",80,2000,41.16,42.75,41.65,55.12,41.36,49.98,54.19
"7020",81,2000,42.55,46.3,42.61,59.21,43.72,53.38,58.01
"7021",82,2000,42.96,46.17,44.27,60.53,43.56,55.22,59.62
"7022",83,2000,60.62,57.8,65.56,72.48,60.6,63.4,71.01
"7023",84,2000,78.21,75.17,81.2,83.4,79.64,76.36,85.14
"7024",85,2000,91.68,93.08,92.27,94.73,94.09,92.88,94.56
"7025",86,2000,87.34,92.83,87.9,95.04,87.64,94.93,91.87
"7026",87,2000,82.01,90.52,82.38,93.04,82.43,92.89,88.89
"7027",88,2000,77.54,81.81,78.54,86.99,79.11,84.38,85.36
"7028",89,2000,70.67,76.96,72.14,81.88,73.47,78.73,80.48
"7029",90,2000,67.69,68.47,70.66,75.27,69.05,72.57,74.88
"7030",91,2000,63.28,65.74,65.11,70.39,65.63,67.94,72.3
"7031",92,2000,64,69.53,65.69,69.94,67.43,68.73,71.87
"7032",93,2000,64.49,66.89,66.59,74.38,67.92,71.2,73.65
"7033",94,2000,67.77,67.86,72.02,77.01,70.02,72.62,75.31
"7034",95,2000,77.88,81.51,78.96,81.05,79.96,78.3,81.84
"7035",96,2000,83.3,85.81,85.14,87.16,86.13,84.64,87.78
"7036",97,2000,88.22,90.9,88.38,88.69,89.04,87.72,87.29
"7037",98,2000,90.7,93.18,90.96,94.48,91.3,94.12,93.61
"7038",99,2000,79.89,78.5,81.83,78.8,79.3,78.95,78.02
"7039",100,2000,73.54,72.77,75.4,73.3,75.18,71.77,75.25
"7040",101,2000,71.36,72.88,73.12,75.26,73.87,72.03,77.08
"7041",102,2000,76.84,77.9,79.72,81.89,78.01,79.79,81.08
"7042",103,2000,77.63,84.75,79.03,86.57,81.83,84.76,87.18
"7043",104,2000,77.37,85.38,78.19,85.88,83.06,84.88,86.2
"7044",105,2000,74.91,81.38,75.46,87.49,80.46,84.32,85.18
"7045",106,2000,73.15,79.66,73.41,86.18,77.46,83.08,82.25
"7046",107,2000,78.92,83.95,78.94,86.81,79.92,86.64,84.22
"7047",108,2000,75.01,78.68,76.45,83.59,74.13,83.82,80.01
"7048",109,2000,77.68,80.62,78.78,85.05,78.28,83.61,82.29
"7049",110,2000,69.31,69.81,71.11,78.25,68.74,74.31,76.72
"7050",111,2000,70.05,75.1,71.79,80.15,72.62,77.13,78.32
"7051",112,2000,78.53,76.55,80.43,81.79,81.28,77.44,80.68
"7052",113,2000,87.51,84.55,87.3,85.86,87.87,81.27,85.29
"7053",114,2000,87.9,91.2,87.55,89.66,89.19,87.34,88.72
"7054",115,2000,86.58,87.18,87.56,86.65,88.03,84.99,86.3
"7055",116,2000,80.15,76.43,81.95,79.77,80.25,76.41,78.72
"7056",117,2000,71.97,69.96,74,73.27,72.25,70.35,73.6
"7057",118,2000,65.92,60.65,69.96,67.66,65.28,63.45,68.62
"7058",119,2000,63.8,64.45,67.71,74.92,65.62,70.46,72.64
"7059",120,2000,71.21,69.69,75.79,78.82,74.31,74.31,76.22
"7060",121,2000,73.01,71.07,77.54,78.14,76.78,74.67,76.32
"7061",122,2000,74.59,73.85,79.69,83.53,76.37,78.42,79.87
"7062",123,2000,74.28,77.39,77.04,85.32,75.62,82.57,80.96
"7063",124,2000,71.28,73.79,73.77,79.53,72.85,77.63,75.59
"7064",125,2000,82.94,83.67,85.53,85.5,83.61,84.72,81.86
"7065",126,2000,83.4,79.56,85.09,84.65,81.6,82.05,81.88
"7066",127,2000,82.99,80.64,84.67,85.53,81.48,83.03,82.54
"7067",128,2000,79.27,74.61,81.35,78.39,78.41,76.23,77.21
"7068",129,2000,80.87,82.71,82.15,84.81,81.07,82.24,81.67
"7069",130,2000,89.44,92.07,88.66,90.27,88.68,88.22,86.12
"7070",131,2000,90.47,96.63,89.72,96.31,91.88,94.56,94.14
"7071",132,2000,90.07,93.38,90.09,91.51,90.64,90.11,90.5
"7072",133,2000,94.11,97.98,92.42,95.75,94.84,95.94,94.4
"7073",134,2000,91.15,93.05,90.11,92.69,90.76,93.59,89.4
"7074",135,2000,89.28,91.57,89.46,92.97,89.97,92.25,90.15
"7075",136,2000,91.8,93.33,91.14,91.43,91.46,90.34,89.51
"7076",137,2000,90,93.63,89.66,92.9,90.14,92.98,90.5
"7077",138,2000,80.81,78.07,82.24,80.17,79.79,78.16,78.63
"7078",139,2000,79.56,80.13,81.77,81.17,80.97,78.58,81.27
"7079",140,2000,82.42,83.02,84.21,81.5,83.18,78.69,83.15
"7080",141,2000,89.62,90.25,90.11,84.67,90.38,82.17,87.28
"7081",142,2000,90.93,94.2,90.98,93.69,91.75,92.18,93.08
"7082",143,2000,92.67,95.57,92.49,93.77,93.77,92.23,92.65
"7083",144,2000,90.81,94.04,90.78,94.49,91.69,95.4,90.63
"7084",145,2000,88.29,92.14,88.59,94.11,89.26,95,90.79
"7085",146,2000,92.64,97.03,91.42,97.59,92.32,97.37,96.11
"7086",147,2000,90.39,95.54,89.36,95.42,92.1,93.96,94.14
"7087",148,2000,88.09,89.66,87.65,90.39,88.14,89.66,88.47
"7088",149,2000,89.94,93.65,90.15,93.03,91.29,91.83,92.12
"7089",150,2000,88.28,91.14,88.24,91.2,88.02,89.98,88.56
"7090",151,2000,86.85,90.04,86.55,90.98,87.07,89.73,89.72
"7091",152,2000,94.12,98.3,93.34,96.4,94.84,95.99,95.42
"7092",153,2000,95.61,98.03,94.92,95.97,95.21,97.44,93.62
"7093",154,2000,82.35,77.68,83.59,78.2,79.47,77.59,76.84
"7094",155,2000,88.32,91.05,88.49,85.33,88.2,83.27,87.28
"7095",156,2000,92.19,96.36,91.37,94.53,92.05,94.62,93.04
"7096",157,2000,90.43,92.79,91.13,92.54,93.57,92,90.99
"7097",158,2000,86.06,84.19,86.81,84.96,86.62,81.92,85.74
"7098",159,2000,90.88,92.83,90.56,88.99,92.59,87.01,90.9
"7099",160,2000,88.46,95.5,87.39,95.4,90.29,95.22,92.98
"7100",161,2000,90.77,94.28,89.78,94.83,91.74,94.21,92.02
"7101",162,2000,93.24,96.31,92.21,96.37,92.85,97.06,93.45
"7102",163,2000,92.07,97.28,91.29,94.64,93.41,95.59,91.86
"7103",164,2000,88.89,88.97,88.64,88.85,87.77,88.87,87.55
"7104",165,2000,91.56,95.95,91.26,93.7,92.92,91.81,92.21
"7105",166,2000,93.61,96.56,92.53,94.45,93.43,93.76,92.87
"7106",167,2000,85.24,82.31,86.64,86.51,82.63,85.62,84.36
"7107",168,2000,86.44,90.27,87.23,90.29,89.18,88.02,89.42
"7108",169,2000,88.69,91.31,88.2,91.32,90.02,90.1,89.74
"7109",170,2000,91.87,89.6,91.71,87.22,91.35,84.95,87.3
"7110",171,2000,91.46,93.27,91.94,92.05,92.68,89.17,92.39
"7111",172,2000,89.79,88.84,89.5,90.46,89.8,88.16,88.85
"7112",173,2000,86.66,86.9,87.21,89.53,85.68,88.81,86.19
"7113",174,2000,91.25,89.88,91.15,88.63,90.18,89.51,87.68
"7114",175,2000,93.35,96.39,93.15,96.65,94.43,95.77,96.37
"7115",176,2000,92.47,95.59,91.68,95.87,93.65,94.76,94.22
"7116",177,2000,85.04,87.23,85.86,89.9,84.71,89.54,87.08
"7117",178,2000,83.31,86.99,84.87,88.63,84.66,87.08,86.47
"7118",179,2000,86.43,85.75,87.69,87.54,85.49,86.69,86.14
"7119",180,2000,88.12,85.27,88.99,85.85,87.83,84.13,85.59
"7120",181,2000,91.13,94.17,91.5,94.84,91.49,93.91,93.09
"7121",182,2000,81.34,77.97,83.06,84.77,79.33,83.64,80.76
"7122",183,2000,74.15,74.38,75.89,80.21,75.47,77.38,79.35
"7123",184,2000,81.9,81.19,83.19,84.5,80.36,83.25,82.12
"7124",185,2000,84.24,78.65,84.97,82.2,82.96,79.49,82.23
"7125",186,2000,91.65,96.22,91.2,92.08,93.17,91.41,91.9
"7126",187,2000,88.36,91.44,87.87,93.19,89.64,93.75,90.24
"7127",188,2000,91.02,93.87,90.79,96.32,90.84,97.28,92.36
"7128",189,2000,84.76,86.29,84.85,90.1,85.79,88.17,88.34
"7129",190,2000,77.82,75.26,79.08,79.89,76.43,77.82,78.62
"7130",191,2000,74.19,70.57,76.43,72.77,72.87,72.18,73.18
"7131",192,2000,75.98,68.25,78.39,72.63,72.14,71.29,72.43
"7132",193,2000,74.01,71.12,76.38,76.08,72.82,74.25,75.23
"7133",194,2000,83.12,81.59,85.51,82.5,83.45,81.36,81.56
"7134",195,2000,93.07,96.66,93.14,94.06,92.31,92.9,94.25
"7135",196,2000,94.96,98.25,94.01,96.7,94.24,97.68,94.86
"7136",197,2000,82.41,84.93,83.21,89.99,80.46,91.78,85.46
"7137",198,2000,84.89,89.53,86.18,91.25,86.14,90.39,90.39
"7138",199,2000,86.08,88.11,85.45,87.51,86.1,86.59,87.45
"7139",200,2000,85,86.24,85.2,88.83,85.26,87.02,88.98
"7140",201,2000,84.83,91.62,84.25,87.66,89.01,87.05,88.7
"7141",202,2000,89.52,92.29,89.41,87.24,90.65,85.53,88.83
"7142",203,2000,92.26,94.08,90.89,90.22,92.71,88.8,92.71
"7143",204,2000,85.79,84.83,85.81,87.54,85.71,85.44,86.63
"7144",205,2000,81.9,79.59,83.18,80.54,82.13,79.65,80.25
"7145",206,2000,88.14,90.34,88.14,85.52,88.75,84.95,85.86
"7146",207,2000,91.64,93.77,91.38,89.94,93.13,89.64,90.79
"7147",208,2000,87.91,89.58,88.8,93.41,88.22,95.71,89.36
"7148",209,2000,86.19,90.63,85.8,93.26,85.61,95.39,87.93
"7149",210,2000,83.27,88.93,83.69,91.71,80.45,93.95,85.55
"7150",211,2000,81.87,84.7,83.54,90.34,78.51,92.9,83.87
"7151",212,2000,79.44,84.69,80.99,89.85,78.48,88.32,83.78
"7152",213,2000,81.33,84.25,81.36,83.75,82.06,82.93,83.33
"7153",214,2000,86.86,87.64,86.49,81.35,87.78,80.63,84.02
"7154",215,2000,86.13,86.18,86.24,83.46,86.02,81.98,83.92
"7155",216,2000,85.77,89.45,86.1,88.51,87.34,87.39,88.63
"7156",217,2000,88.25,91.77,88.16,90.58,87.78,90.97,88.56
"7157",218,2000,88.07,92.89,87.95,91.99,87.12,94.34,86.08
"7158",219,2000,85.58,86,85.03,85.14,84.01,85.75,83.85
"7159",220,2000,90.01,94.61,89.84,89.96,91.1,89.88,90.9
"7160",221,2000,90.05,91.1,90.47,88.81,89.68,90.52,85.98
"7161",222,2000,86.3,86.75,86.42,84.37,87.21,84.77,82.51
"7162",223,2000,86.22,82.69,86.56,82.04,85.24,81.59,82.19
"7163",224,2000,86.74,87.31,86.71,83.76,84.86,84.74,82.19
"7164",225,2000,90.32,93.28,89.68,88.37,90.86,89.3,87.52
"7165",226,2000,88.89,91.46,88.76,88.49,89.89,89.16,87.45
"7166",227,2000,82.28,79.62,83.59,83.72,81.62,82.43,83.58
"7167",228,2000,86.84,88.3,87.78,89.12,87.64,86.04,87.36
"7168",229,2000,90.07,93.79,89.13,93.25,91.24,91.63,89.96
"7169",230,2000,88.29,92.19,88.27,89.83,88.72,90.15,87.91
"7170",231,2000,86.38,92.31,85.84,90.45,87.35,91.07,87.55
"7171",232,2000,87.94,90.35,86.74,88.14,87.24,89.25,85.55
"7172",233,2000,86.37,89.08,85.2,88.04,86.8,87.07,86.14
"7173",234,2000,85.21,86.1,85.63,85.13,84.88,84.08,83.49
"7174",235,2000,86.03,89.82,85.86,88.85,86.95,87.53,86.43
"7175",236,2000,87.66,93.84,87.11,93.76,88.96,94.4,89.76
"7176",237,2000,89.05,89.43,89.59,90.34,87.55,90.55,86.93
"7177",238,2000,89.72,92.46,89.35,89.96,90.45,88.36,88.79
"7178",239,2000,88.64,89.99,87.84,85.98,89.18,87.63,82.96
"7179",240,2000,88.27,88.67,87.84,83.89,88.97,83.93,83.18
"7180",241,2000,87.45,89.7,86.89,87.68,88.25,86.95,86.79
"7181",242,2000,82.81,82.47,83.27,85.88,82.55,84.42,82.72
"7182",243,2000,81.83,80.93,82.4,82.05,82.19,79.44,81
"7183",244,2000,88.74,91.81,88.82,89.81,90.98,86.74,89.44
"7184",245,2000,91.17,94.83,90.61,93.06,91.34,92.94,89.33
"7185",246,2000,90.43,93.65,90.39,92.76,91.78,91.93,90.02
"7186",247,2000,85.2,85.2,85.05,86.68,84.36,84.88,84.28
"7187",248,2000,88.74,93.07,87.84,91.88,89.26,91.48,88.8
"7188",249,2000,90.14,92.07,89.9,88.85,89.97,88.91,88.69
"7189",250,2000,88.87,92.74,88.58,87.59,89.63,87.55,89.64
"7190",251,2000,83.02,84.04,83.14,82.02,83.45,78.76,84.88
"7191",252,2000,83.84,84.84,84.73,82.76,85.04,80.18,83.98
"7192",253,2000,84.57,87.94,84.1,87.7,85.43,84.55,86.41
"7193",254,2000,85.81,86.9,85.77,85.12,86.44,82.96,85.47
"7194",255,2000,86.95,90.78,86.35,87.79,87.36,87.84,86.06
"7195",256,2000,83.41,83.12,83.92,84.57,83.13,84.82,81.4
"7196",257,2000,80.55,78.33,81.39,79.59,79.87,77.6,78.69
"7197",258,2000,81.97,81.98,82.73,79.87,81.46,78.35,80.82
"7198",259,2000,89.14,92.99,89.12,89.51,89.83,87.77,89.41
"7199",260,2000,88.21,91.76,86.59,90.61,88.73,90.23,86.99
"7200",261,2000,89.84,93.6,88.66,89.58,90.96,89.42,86.97
"7201",262,2000,85.38,91.52,84.7,92.11,85.58,92.71,87.4
"7202",263,2000,83.82,86.48,84.03,88.2,84.31,87.99,85.73
"7203",264,2000,83.51,87.84,83.55,86.67,84.4,86.38,83.66
"7204",265,2000,87.09,89.21,87.56,87.98,87.69,86.4,86.54
"7205",266,2000,86.47,92.66,86.2,92.06,88.76,92.61,88.73
"7206",267,2000,90.33,95.38,89.03,93.18,91.01,92.01,90.1
"7207",268,2000,89.39,92.15,88.22,93.63,90.48,93.13,91.11
"7208",269,2000,84.39,87.49,84.02,88.36,86.69,88.94,85.38
"7209",270,2000,83.27,83.07,84.64,83.71,82.9,84.18,81.86
"7210",271,2000,88.4,93.2,88.57,89.34,89.65,89.95,88.93
"7211",272,2000,87.68,92.28,86.31,90.61,87.49,91.04,88.33
"7212",273,2000,86.41,93.8,84.97,95.13,88.26,96.11,90.46
"7213",274,2000,87.25,92.14,86.56,93.37,89.58,92.87,90.94
"7214",275,2000,85.79,84.83,86.11,83.24,86.2,81.97,83.45
"7215",276,2000,88.63,92.6,88.71,89.75,88.92,88.82,88.62
"7216",277,2000,93.4,97.34,92.28,94.76,93.57,94.99,91.99
"7217",278,2000,82.71,82.8,83.01,83.91,82.47,84.39,80.7
"7218",279,2000,79.86,78.25,81.09,76.4,79.03,75.97,76.9
"7219",280,2000,81.49,81.78,82.09,78,82.63,76.95,80.21
"7220",281,2000,85.21,89.93,85.07,86.42,86.37,84.64,86.73
"7221",282,2000,87.52,92.54,86.67,90.87,88.12,90.44,88.43
"7222",283,2000,88.36,91.95,88.42,93.53,89.67,92.13,91.04
"7223",284,2000,87.22,90.21,86.44,88.71,87.59,89.88,85.2
"7224",285,2000,82.16,83.15,82.99,82.83,82.29,83.72,79.63
"7225",286,2000,86.82,86.61,86.9,84.25,86.88,82.97,83.97
"7226",287,2000,88.23,88.14,87.46,87.15,88.46,85.63,85.08
"7227",288,2000,86.78,88.01,85.95,87.76,87.22,85.56,85.39
"7228",289,2000,88.38,92.09,88.43,91.11,88.8,91.66,86.82
"7229",290,2000,88.83,91.33,88.7,91.95,88.6,91.52,87.74
"7230",291,2000,87.68,91.75,87.06,94.17,87.13,95.46,88.93
"7231",292,2000,89.94,94.8,88.21,96.16,89.81,97.58,90.46
"7232",293,2000,87.56,90.12,86.9,91.47,89.05,91.6,87.25
"7233",294,2000,84.23,86.27,84.23,86.87,84.85,85.36,84.39
"7234",295,2000,88.23,88.16,88.12,87.7,88.81,85.25,88.18
"7235",296,2000,82.24,84.35,82.33,82.15,84.25,79.14,84.35
"7236",297,2000,80.78,85.4,81.61,83.16,82.47,81.62,83.72
"7237",298,2000,85.18,86.43,85.62,85.73,85.7,83.27,84.98
"7238",299,2000,84.7,84.15,86.16,89.24,82.54,88.27,85.74
"7239",300,2000,80.83,80.32,82.94,85.47,79.15,81.91,82.6
"7240",301,2000,85.5,81.69,86.55,81.34,85.87,78.31,81.96
"7241",302,2000,84.96,88.42,84.54,84.53,86.71,82.87,84.74
"7242",303,2000,85.81,90.84,85.35,86.97,87.54,85.96,86.19
"7243",304,2000,87.23,92.62,86.77,87.65,89.57,87.06,87.72
"7244",305,2000,86.91,90.68,86.38,85.65,88.31,84.16,86.86
"7245",306,2000,85.22,86.32,85.63,81.97,86.42,80.14,84.92
"7246",307,2000,82.13,82.9,82.56,79.35,82.09,77.05,82.12
"7247",308,2000,83.53,83.64,84.28,81.78,83.37,80.74,83.25
"7248",309,2000,84.07,90.24,84.53,91.45,86.64,90.84,90.03
"7249",310,2000,84.65,88.05,84.59,87.92,86.86,86.28,87.03
"7250",311,2000,79.47,82.59,80.05,82.03,79.85,83.11,81.8
"7251",312,2000,80.76,82.73,80.45,82,81.66,82.61,81.8
"7252",313,2000,79.16,77.24,79.91,71.17,78.49,71.29,75.89
"7253",314,2000,77.67,78.46,78.33,72.93,77.68,74.02,76.87
"7254",315,2000,79.67,84.16,80.22,84.95,81.39,84.76,84.88
"7255",316,2000,84.82,89.9,84.05,89.09,88.5,88.26,89.89
"7256",317,2000,80.27,84.51,80.92,86.86,82.16,85.88,86.53
"7257",318,2000,75.69,81.54,75.6,86.24,77.4,84.75,84.7
"7258",319,2000,71.04,78.01,71.45,80.8,73.01,80.59,79.44
"7259",320,2000,72.21,74.9,73.7,73.65,72.02,73.98,75.79
"7260",321,2000,84.95,87.43,84.26,82.28,85.79,80.71,84.05
"7261",322,2000,90.68,95.35,90.57,91.39,91.16,89.81,91.33
"7262",323,2000,91.86,95.48,91.23,95.53,93.19,95.16,95.03
"7263",324,2000,86.36,87.65,86.33,86.97,87.38,86.41,86.75
"7264",325,2000,76.53,77.03,77.54,77.94,76.46,78.06,76.81
"7265",326,2000,74.85,70.96,76.27,66.7,73.14,69.31,69.7
"7266",327,2000,78.93,73.61,80.42,65.4,77.79,67.38,70.28
"7267",328,2000,80.56,80.06,81.7,77.82,80.29,77,79.06
"7268",329,2000,83.84,84.88,84.42,87.88,83.82,86.16,85.18
"7269",330,2000,82.18,78.74,83.06,83.38,80.85,80.54,81.46
"7270",331,2000,81.61,83.19,82.24,79.66,82.04,78.57,80.95
"7271",332,2000,83.51,84.04,83.52,80.56,84.65,79,82.82
"7272",333,2000,88.48,90.91,87.86,88.04,88.89,86.63,87.84
"7273",334,2000,86.52,87.1,86.39,89.13,86.1,87.61,86.08
"7274",335,2000,84.54,81.47,85.54,83.92,82.65,83.74,82.03
"7275",336,2000,84.45,84.84,84.79,86.13,83.87,87.18,82.61
"7276",337,2000,85.89,89.01,85.43,89.75,86.46,90.82,86.24
"7277",338,2000,86.21,86.24,86.33,89.41,85.34,88.73,85.13
"7278",339,2000,80.38,79.46,81.44,83.81,79.53,82.52,81.2
"7279",340,2000,74.4,74.54,75.94,79.24,74.52,77.16,78.33
"7280",341,2000,78.22,76.56,79.99,78.94,77.43,77.06,78.65
"7281",342,2000,83.8,83.2,84.67,86.56,83.58,84.44,84.81
"7282",343,2000,78.95,77.89,80.15,81.72,78.46,80.21,80.07
"7283",344,2000,77.46,78.73,78.66,83.16,77.63,82.53,80.15
"7284",345,2000,75.2,75.6,77.31,82.45,74.36,80.72,80.07
"7285",346,2000,74.61,74.55,76.27,81.4,74.7,79.41,78.41
"7286",347,2000,70.61,72.19,72.47,79.09,70.98,77,77.14
"7287",348,2000,66.78,64.64,67.3,60.69,66.56,61.93,61.37
"7288",349,2000,67.95,66.33,69.03,65.17,67.76,64.83,64.75
"7289",350,2000,66.23,68.77,66.3,71.32,68.02,70.11,70.37
"7290",351,2000,62.82,64.03,63.81,70.27,64.2,69.6,66.96
"7291",352,2000,64.86,64.84,65.76,66.63,65.22,65.06,66.55
"7292",353,2000,64.47,67.99,64.61,75.15,66.26,72.35,72.71
"7293",354,2000,63.74,64.41,64.53,75.35,65.22,70.62,73.91
"7294",355,2000,60.9,60.41,62.56,68.86,62.35,63.68,70.7
"7295",356,2000,64.93,62.77,67.01,72.35,63.5,68.45,71.84
"7296",357,2000,73.87,72.94,73.74,78.31,72.91,77.02,75.21
"7297",358,2000,78.57,81.26,79.01,86.25,77.17,86.7,81.51
"7298",359,2000,79.9,77.74,81.88,85.59,78.83,83.53,82.75
"7299",360,2000,83.13,85.13,83.85,88.67,85.57,87,86.46
"7300",361,2000,83.86,85.07,85.46,89.72,83.82,89.17,85.67
"7301",362,2000,90.49,93.81,90.81,95.57,91.54,94.52,92.82
"7302",363,2000,84.68,89.96,84.85,92.09,84.48,92.23,88.33
"7303",364,2000,87,92.23,87.51,94.64,88.13,93.82,90.75
"7304",365,2000,88.69,92.98,88.26,93.44,89.52,95.06,88.83
"7305",366,2000,82.43,82.64,83.55,85.65,82.09,85.28,81.68
"7306",1,2001,74.33,71.57,76.59,75.21,72.61,73.45,73.25
"7307",2,2001,68.31,65.69,70.38,70.07,67.06,68.13,68.6
"7308",3,2001,66.95,63.86,69.72,67.39,65.16,66.86,65.98
"7309",4,2001,65.1,64.84,67.51,63.24,65.91,63.59,64.66
"7310",5,2001,64.81,66.51,66.77,65.41,66.38,64.73,65.44
"7311",6,2001,68.16,65.07,71.07,66.41,67.43,65.03,66.6
"7312",7,2001,71.39,71.29,72.57,70.74,72.01,70.15,70.65
"7313",8,2001,69.27,70.54,69.67,73.38,69.52,72.42,71.92
"7314",9,2001,64.91,64.77,65.92,67.39,66.06,66.57,67.29
"7315",10,2001,61.86,60.16,63.22,61.8,61.29,61.97,61.24
"7316",11,2001,62,61.99,62.74,66.02,63,63.48,65.61
"7317",12,2001,61.69,61.12,62.47,69.61,63.01,65.86,68.2
"7318",13,2001,60.7,61.05,62.14,68.5,62.06,66.04,66.83
"7319",14,2001,59,62.02,61.03,70.28,61.56,66.54,68.25
"7320",15,2001,62.36,63.11,64.38,70.02,64.54,66.63,68.25
"7321",16,2001,64.62,67.04,66.53,74.82,66.8,71.76,72.3
"7322",17,2001,61.72,65.48,62.11,77.19,63.68,72.45,74.95
"7323",18,2001,60.65,62.46,60.78,72.02,61.71,67.92,70
"7324",19,2001,60,62.78,60.03,75.04,60.74,72.77,70.8
"7325",20,2001,58.78,60.85,59.22,72.32,59.36,68.61,69.05
"7326",21,2001,56.55,59.5,55.94,70.18,58.52,66.28,67.94
"7327",22,2001,56.25,60.14,55.99,71.86,57.9,68.25,69.4
"7328",23,2001,53.83,56.18,54.98,69.01,55.5,64.82,66.85
"7329",24,2001,54.55,54.79,55.97,66.06,55.25,61.92,64.47
"7330",25,2001,56.88,60.87,57.74,69.34,58.64,67.01,66.66
"7331",26,2001,55.13,52.55,55.67,58.38,55.14,54.71,58.52
"7332",27,2001,52.46,54.67,53.04,63.29,55.16,59.59,61.7
"7333",28,2001,50.5,50.88,51.49,61.43,50.82,58.2,58.88
"7334",29,2001,50.78,48.71,52.35,56.52,50.89,53.28,56.27
"7335",30,2001,47.38,48.62,47.78,58.19,48.41,55.15,56.49
"7336",31,2001,45.04,47.41,45.67,58.09,46.34,54.92,56.19
"7337",32,2001,45.37,41.93,46.57,46.66,44.79,43.5,47.97
"7338",33,2001,46.98,42.65,47.89,47.28,46.51,44.38,47.78
"7339",34,2001,44.89,43.66,45.54,51.26,44.97,48.68,50.05
"7340",35,2001,44.09,42.12,45.29,51.25,43.61,47.41,50.8
"7341",36,2001,50.52,48.01,52.93,59.15,50.35,53.66,58.47
"7342",37,2001,59.47,55.82,62.79,69.98,59.05,65.59,66.02
"7343",38,2001,61,62.33,64.06,75.47,62.99,72.02,70.96
"7344",39,2001,61.28,59.4,63.08,72.46,61.78,68.17,67.66
"7345",40,2001,53.03,51.83,54.6,65.98,53.8,60.45,63.57
"7346",41,2001,45.53,42.55,46.74,53.9,45.61,49.17,52.01
"7347",42,2001,46.14,45.26,46.7,57.13,46.57,52.54,55.04
"7348",43,2001,49.82,49.5,50.98,63.28,49.68,58.51,60.14
"7349",44,2001,48.19,49.83,48.82,64.93,48.89,59.23,61.79
"7350",45,2001,43.44,47.88,44.09,62.91,45.35,57.82,59.67
"7351",46,2001,45.29,49.23,44.87,60.61,47.05,55.67,59.19
"7352",47,2001,48.03,47.67,49.02,61.78,47.8,57.02,58.85
"7353",48,2001,46.12,47.1,47.73,64.49,46.04,59.36,60.41
"7354",49,2001,44.94,46.82,46.06,63.81,45.08,58.59,60.35
"7355",50,2001,45.53,47.25,46.57,62.04,45.54,56.53,59.94
"7356",51,2001,45.89,49.48,46.61,65.04,47.09,58.28,62.92
"7357",52,2001,42.42,45.7,43.98,64.9,44.03,59.03,62.09
"7358",53,2001,41.78,43.31,43.14,62.01,42.55,55.81,59.42
"7359",54,2001,42.93,46.5,43.86,61.91,44.79,56.18,59.83
"7360",55,2001,45.84,46.86,46.3,60.06,46.52,54.09,58.31
"7361",56,2001,45.06,45.71,46.2,60.28,45.24,54.91,57.77
"7362",57,2001,47.11,51.37,47.86,67.19,48.28,61.75,65.06
"7363",58,2001,41.43,46.23,42.45,64.89,44.19,57.46,64.25
"7364",59,2001,39.4,44.09,40.73,62.79,42.32,55.93,62.87
"7365",60,2001,42.19,44.86,43.16,61.58,44.67,54.91,61.6
"7366",61,2001,42.51,45.51,43.34,63.47,44.36,56.98,62.95
"7367",62,2001,46.14,47.55,47.01,64.37,46.54,58.02,62.46
"7368",63,2001,57.57,52.97,60.38,65.72,56.04,59.47,64.72
"7369",64,2001,61.87,61.59,64.3,73.48,65.19,67.03,72.77
"7370",65,2001,61.45,59.28,65.07,69.64,63.47,63.82,70.74
"7371",66,2001,61.81,56.83,66.86,70.07,63.8,63.34,70.08
"7372",67,2001,57.39,53.99,64.3,66.83,60.67,61.19,65.91
"7373",68,2001,53.15,49.94,59.16,61.91,56.25,54.65,63.15
"7374",69,2001,43.37,44.06,48.37,59.19,46.83,51.56,59.31
"7375",70,2001,36.75,37.53,39.33,49.92,38.9,43.62,52.11
"7376",71,2001,38.45,38.03,40.82,49.38,39.18,43.06,51.02
"7377",72,2001,40.96,41.36,43.09,58.2,41.29,51.5,56.19
"7378",73,2001,42.3,44.85,43.86,59.87,42.98,53.69,58.57
"7379",74,2001,43.15,47.37,44.04,63.48,44.13,57.88,61.2
"7380",75,2001,44.21,48.35,44.62,64.07,45.51,58.31,61.98
"7381",76,2001,44.7,46.77,45.98,61.56,44.92,55.61,59.68
"7382",77,2001,47.43,49.08,51.39,66.15,49.2,59.78,64.25
"7383",78,2001,50.79,51.54,56.5,68.04,54.66,60.26,69.29
"7384",79,2001,53.97,60.2,57.02,79.69,56.42,73.05,75.5
"7385",80,2001,66.76,78.13,70.5,87.8,70.41,85.6,82.56
"7386",81,2001,75,83.28,76.88,87.54,77.08,85.53,84.61
"7387",82,2001,77.61,76.04,79.84,78.7,75.62,75.98,77.81
"7388",83,2001,75.71,73.45,78,79.8,75.23,75.9,76.46
"7389",84,2001,61.11,57,64.32,67.18,60.32,62.38,66.8
"7390",85,2001,55.04,51.61,59.27,62.18,55.49,56.62,62.81
"7391",86,2001,57.74,50.81,63.45,60.76,57.98,54.47,62.82
"7392",87,2001,62.7,56.23,67.63,63.62,63.86,57.43,66.09
"7393",88,2001,62.45,59.29,67.64,71.95,63.39,67.14,70.16
"7394",89,2001,61.09,58.43,66.55,71.54,64.04,66.33,69.62
"7395",90,2001,60.2,57.13,64.86,67.55,62.49,62.57,66.37
"7396",91,2001,57.69,53.02,62.29,63.62,59.55,58.27,65.8
"7397",92,2001,48.21,48.4,52.06,58.92,51.89,53.46,60.5
"7398",93,2001,43.07,48.67,43.43,57.58,47.97,52.42,58.38
"7399",94,2001,48.98,48.52,54.44,61.1,53.57,54.58,59.38
"7400",95,2001,68.86,65.84,72.48,75.17,71.78,66.98,77.57
"7401",96,2001,67.21,69.71,68.74,78.7,66.54,74.72,74.47
"7402",97,2001,57.18,56.28,59.37,70.66,56.43,65.35,67.91
"7403",98,2001,54.8,53.17,56.87,67.04,55.26,61.32,66.31
"7404",99,2001,59.86,57.7,65.58,68.72,60.05,63.33,68.33
"7405",100,2001,68.37,62.26,73.98,76.22,67.45,69.84,73.7
"7406",101,2001,62.47,61.74,67.47,75.53,65.87,69.9,73.02
"7407",102,2001,71.39,76.03,73.6,84.84,76.97,81.03,79.47
"7408",103,2001,66.44,71.68,67.91,82.83,70.4,78.9,78.99
"7409",104,2001,62.4,64.66,65.99,77.83,65.63,72.56,76.09
"7410",105,2001,68.41,66.07,75.09,80.59,71.63,75.41,75.79
"7411",106,2001,76.05,72.78,81.53,82.54,81.02,77.69,80.52
"7412",107,2001,81.19,77.28,85.01,82.46,83.76,78.79,80.04
"7413",108,2001,75.51,70.21,80.26,78.12,78.35,73.44,76.66
"7414",109,2001,75.5,70.67,80.29,80.84,76.36,75.48,78.79
"7415",110,2001,66.62,63.21,70.9,72.28,67.52,67.56,71.68
"7416",111,2001,55.65,53.08,59.46,62.5,58.54,57.31,63.72
"7417",112,2001,53.62,53.02,57.43,63.49,56.21,58.68,63.17
"7418",113,2001,52.66,55.26,55.84,70.02,54.69,65.4,67
"7419",114,2001,55.4,57.06,57.57,69.56,57.11,64.47,67.31
"7420",115,2001,61.15,57.89,65.93,74.06,59.3,69.57,69.68
"7421",116,2001,82.62,77.9,83.97,85.5,78.59,82,79.41
"7422",117,2001,90.43,95.76,90.08,96.14,91.38,96.63,91.61
"7423",118,2001,88.83,93.36,87.87,92.2,90.71,90.2,90.18
"7424",119,2001,86.11,86.24,86.37,87.46,85.49,85.38,83.92
"7425",120,2001,85.17,85.69,85.53,84.95,85.09,82.72,83.03
"7426",121,2001,90.27,89.51,90.54,89.78,92.05,87.37,89.19
"7427",122,2001,87.72,90.05,87.19,89.56,88.54,87.97,87.36
"7428",123,2001,90.18,95.08,89.1,93.61,91.42,91.23,92.56
"7429",124,2001,87.32,87.84,88.26,89.26,87.79,86.67,86.66
"7430",125,2001,84.87,88.12,85.52,92.8,85.28,91.31,87.89
"7431",126,2001,85.26,92.59,84.65,95.42,87.4,95.19,91.47
"7432",127,2001,86.98,92.69,87.55,93.52,88.52,94.51,89.24
"7433",128,2001,89.39,94.1,90.19,94.29,89.78,95.27,90.03
"7434",129,2001,90.76,89.3,91.13,90.59,89.7,90.28,87.85
"7435",130,2001,83.54,81.8,84.66,79.86,83.32,78.38,80.62
"7436",131,2001,81.65,82.62,82.63,77.1,83.5,75.68,79.26
"7437",132,2001,81.4,84.86,81.98,84.9,83.82,83.18,82.74
"7438",133,2001,84.79,84.14,86.04,86.43,86.42,84.17,82.5
"7439",134,2001,88.88,85.59,89.13,86.42,87.61,83.79,84.29
"7440",135,2001,91.83,90.79,92.01,89.07,90.83,86.19,88.14
"7441",136,2001,86.74,87.95,85.81,87.92,86.25,85.71,85.68
"7442",137,2001,86.85,91.43,86.16,92.18,87.63,90.46,88.53
"7443",138,2001,88.34,88.27,88.74,89.41,89.29,88.7,85.86
"7444",139,2001,90.59,92.09,90.7,91.75,90.12,90.39,87.63
"7445",140,2001,88.47,89.18,89.17,91.54,88.37,90.85,88.15
"7446",141,2001,83.07,83.38,84.81,90.18,85.07,87.01,86.94
"7447",142,2001,80.79,76.94,83.54,81.66,79.14,79.66,78.19
"7448",143,2001,78.31,74.53,79.67,74.08,77.61,71.85,75.3
"7449",144,2001,79.37,76.61,80.8,78,79.55,75.03,78.45
"7450",145,2001,86.96,81.47,87.63,81.8,85.25,79.81,81.08
"7451",146,2001,81.94,78.46,83.78,81.45,81.2,78.2,80.3
"7452",147,2001,80.49,79.34,81.95,81.39,81.08,79.84,79.58
"7453",148,2001,90.02,91.15,90.22,89.54,90.9,88.84,88.06
"7454",149,2001,89.5,90.07,89.63,89.91,90.26,91.02,85.57
"7455",150,2001,91.26,93.24,91.28,92.16,91.89,90.51,90.03
"7456",151,2001,90.72,90.35,90.99,90.23,89.15,90.94,84.51
"7457",152,2001,93.69,89.66,93.11,89.21,89.78,87.6,86.65
"7458",153,2001,91.54,93.18,90.92,92.03,90.95,90.14,89.21
"7459",154,2001,86.91,90.01,87.32,91.29,88.12,90.91,87.08
"7460",155,2001,89.08,93.76,87.84,92.58,89.75,91.38,88.1
"7461",156,2001,89.39,83.75,89.51,83.91,86.18,82.64,81.97
"7462",157,2001,94.21,93.03,93.31,88.14,94.91,86.4,88.73
"7463",158,2001,91.12,94.26,90.76,93.48,91.16,92.88,89.33
"7464",159,2001,84.55,83.97,85.78,88.14,84.74,85.87,85.25
"7465",160,2001,86.64,90.67,87.45,89.16,89.09,87.28,85.8
"7466",161,2001,87.75,89.01,87.81,86.07,88.34,86.52,86
"7467",162,2001,91.07,94.91,90.23,92.49,91.26,93.68,89.49
"7468",163,2001,87.5,86.35,87.91,88.21,88.24,87.16,88.42
"7469",164,2001,88.75,89.48,89.32,87.41,88.64,86.98,85.47
"7470",165,2001,87.99,91.29,88.12,92.57,88.34,91.54,88.42
"7471",166,2001,83.71,81.72,85.08,85.82,83.47,83.33,82.4
"7472",167,2001,80.29,79.4,81.25,76.04,80.17,74.9,76.85
"7473",168,2001,89.95,91.25,90.62,85.28,91.43,84.26,86.33
"7474",169,2001,86.49,87.77,86.58,87,87.18,84.65,85.74
"7475",170,2001,86.32,84.92,87.75,85.98,87.33,82.38,86.69
"7476",171,2001,91.18,90.55,91.52,87.69,91.99,82.7,88.14
"7477",172,2001,87.44,90.29,88.19,92.96,87.33,93.64,89.64
"7478",173,2001,82.45,83.01,83.1,90.62,81.3,92,85.89
"7479",174,2001,81.65,85,82.91,90.26,81.98,91.72,84.78
"7480",175,2001,84.07,86.33,84.24,90.02,81.19,92.39,84.28
"7481",176,2001,86.47,90.81,86.51,93.73,86.38,93.25,90.31
"7482",177,2001,85.6,93.62,84.19,94.94,87.38,94.2,91.46
"7483",178,2001,88.52,90.84,87.78,92.88,87.48,91.74,89.15
"7484",179,2001,90.97,93.09,90.47,93.4,89.86,92,91.25
"7485",180,2001,89.1,95.73,88.16,96.34,90.69,97.23,92.54
"7486",181,2001,90.34,96.36,89.48,96.89,91.98,96.83,94.42
"7487",182,2001,84.99,90.6,85.07,91.56,87.43,91.08,88.75
"7488",183,2001,79.31,77.14,82.44,82.75,80.37,81.03,82.04
"7489",184,2001,81.64,80.2,84.1,84.46,81.32,83.89,80.76
"7490",185,2001,83.21,81.99,83.76,80.98,83.91,79.66,80.99
"7491",186,2001,85.51,84.93,86.69,87.45,84.74,86.3,85.75
"7492",187,2001,91.78,94.94,91.36,94.91,90.24,95.03,91.64
"7493",188,2001,87.29,90.71,86.77,89.52,87.11,90.2,86.42
"7494",189,2001,90.48,93.85,90.66,93.19,90.71,92.17,91.12
"7495",190,2001,89.35,92.69,89.25,92.43,90.12,93.01,89.32
"7496",191,2001,87.53,91.14,87.14,91.43,88.33,91.24,87.77
"7497",192,2001,89.4,91.8,88.4,89.75,90.34,88.73,88.79
"7498",193,2001,88.56,91.92,87.68,89.28,89.05,88.19,87.74
"7499",194,2001,85.54,84.7,85.74,85.88,85.46,84.04,84.92
"7500",195,2001,84.86,84.04,85.2,84.3,85.08,82.01,83.66
"7501",196,2001,89.06,93.94,88.23,92.39,89.51,93.07,89.2
"7502",197,2001,87.82,87.35,87.75,87.16,86.31,86.99,86.47
"7503",198,2001,90.09,94.16,88.94,90.59,90.73,90.25,89.16
"7504",199,2001,84.12,80.01,85.59,85.97,80.82,84.49,81.69
"7505",200,2001,82.57,74.28,85.67,82.84,78.83,79.92,79.78
"7506",201,2001,86.42,80.54,88.36,85.45,84.25,84.6,82.47
"7507",202,2001,86.9,82.87,87.67,85.11,85.29,83.16,83.71
"7508",203,2001,84.82,79.05,87,79.07,84.83,77.73,80.17
"7509",204,2001,88.55,92.67,88.18,90.29,88.64,90.41,86.18
"7510",205,2001,86.51,90.62,86.34,90.72,87.45,91.62,87.11
"7511",206,2001,85.66,86.59,86.29,85.79,85.34,86.38,82.83
"7512",207,2001,89.71,93.15,90.21,90.2,89.76,91.75,87.78
"7513",208,2001,87.22,89.81,87.16,87.03,85.54,88.18,84.35
"7514",209,2001,86.58,90.39,86.21,89.5,85.79,88.92,87.03
"7515",210,2001,85,87.49,85.23,85.69,85.14,85.42,84.43
"7516",211,2001,85.11,90.6,84.29,89.22,84.1,91.55,84.64
"7517",212,2001,85.92,92.75,84.71,93.71,84.69,96.29,87.09
"7518",213,2001,89.3,94.5,88.81,94.69,91.29,94.53,91.26
"7519",214,2001,88.14,94.12,87.2,94.28,88.65,95.69,88.5
"7520",215,2001,84.93,93.29,84.55,94.06,83.88,94.28,86.27
"7521",216,2001,89.48,95.31,88.24,95.53,88.3,96.45,89.99
"7522",217,2001,88.52,95.31,86.92,94.82,89.23,95.36,91.39
"7523",218,2001,83.92,87.31,83.72,88.35,85.64,87.73,85.95
"7524",219,2001,87.99,94.05,86.74,92.87,88.04,92.27,88.33
"7525",220,2001,93.27,96,91.92,94.94,91.07,97.17,90.67
"7526",221,2001,85.1,85.81,85.65,89.74,83.39,92.52,82.88
"7527",222,2001,87.51,92.12,87.13,93.58,88.18,94.33,87.65
"7528",223,2001,83.22,89.36,82.91,94.15,82.36,94.96,85.5
"7529",224,2001,81.68,87.35,81.99,90.77,80.9,89.46,84.69
"7530",225,2001,85.35,89.95,84.85,90.83,85.71,90.91,87.54
"7531",226,2001,83.54,84.19,84.19,85.31,85.42,82.97,85.3
"7532",227,2001,85.96,85.98,85.57,86.22,86.27,82.9,85.75
"7533",228,2001,85.09,88.9,84.7,91.06,87.12,90.67,87.04
"7534",229,2001,87.43,91.5,86.79,88.47,87.29,88.69,86.1
"7535",230,2001,87.48,90.85,87.86,90.86,88.57,93.06,85.81
"7536",231,2001,88.78,95.5,88.14,95.91,90.29,96.64,91.34
"7537",232,2001,90.88,94.73,90.24,94.77,89.12,96.97,88.94
"7538",233,2001,88.35,89.4,87.68,89.42,84.78,93.75,82.49
"7539",234,2001,85.1,87.4,84.87,88.54,82.49,93.1,79.73
"7540",235,2001,84.59,90.56,83.83,90.71,85.87,92.72,84.45
"7541",236,2001,85.46,89.08,85.67,87.08,86.58,88.26,83.72
"7542",237,2001,85.07,89.21,84.79,89.59,86.71,89.42,86.74
"7543",238,2001,85.97,88.52,86.06,87.93,86.74,88.18,85.39
"7544",239,2001,82.25,81.29,83.01,83.56,82.93,82.08,82.19
"7545",240,2001,85.51,88.59,85.73,89.46,85.77,89.81,84.51
"7546",241,2001,84.98,89.17,84.73,87.83,85.98,89.78,82.65
"7547",242,2001,84.55,85.96,83.86,84.4,84.14,87.57,79.84
"7548",243,2001,85.79,83.21,86.48,81.96,84.52,82.06,78.83
"7549",244,2001,84.35,88.78,84.55,87.28,85.68,86.92,83.92
"7550",245,2001,87.43,92.8,86.6,91.67,87.5,91.26,88.61
"7551",246,2001,86.49,91.06,85.96,91.12,87.51,91.08,86.83
"7552",247,2001,83.9,83.5,84.27,87.14,83.72,86.32,83.01
"7553",248,2001,91.56,94.36,91.44,91.64,91.11,92.85,87.27
"7554",249,2001,88.41,91.82,87.72,91.11,89.11,92.23,86.56
"7555",250,2001,84.39,86.08,84.33,85.93,85.22,85.01,84.28
"7556",251,2001,82.06,83.36,82.7,82.27,83.42,80.01,83.35
"7557",252,2001,77.21,76.19,79.27,75.45,76.94,73.61,77.93
"7558",253,2001,78.02,75.93,79.49,68.64,78.45,68.71,71.9
"7559",254,2001,86.15,91.21,85.99,84.82,88.58,84.51,85.93
"7560",255,2001,91.06,94.48,89.91,88.95,90.91,87.39,91.22
"7561",256,2001,91.8,93.4,89.79,90.54,90.51,89.15,91.51
"7562",257,2001,87.85,94.33,87.54,94,90.09,92.7,91.78
"7563",258,2001,83.79,85.64,83.39,84.2,83.59,87.29,80.4
"7564",259,2001,80.86,77.12,82.33,75.74,79.18,75.82,75.46
"7565",260,2001,83.51,84.57,83.98,80.72,84.81,79.47,82.3
"7566",261,2001,87.4,94.24,86.46,94.02,88.38,94,90.15
"7567",262,2001,88.25,92.45,87.22,92.35,90.05,92.91,88.8
"7568",263,2001,88.73,91.72,88.53,88.14,89.2,86.35,87.87
"7569",264,2001,85.12,86.42,84.99,86.8,85.23,84.71,85.65
"7570",265,2001,87.18,89.72,86.58,89.95,87.28,88.68,87.59
"7571",266,2001,90.44,92.97,89.32,92.27,90.43,91.51,89.47
"7572",267,2001,86.24,83.53,86.53,83.41,84.63,82.54,81.46
"7573",268,2001,82.04,81,82.36,79.26,81.59,77.69,79.47
"7574",269,2001,81.07,78.59,81.59,77.79,79.56,76.48,78.44
"7575",270,2001,84.33,88.45,84.25,86.89,85.37,86.88,86.24
"7576",271,2001,86.53,90.77,86.49,89.11,87.7,90.03,86.58
"7577",272,2001,88.19,88.69,87.96,86.66,88.19,89.62,81.63
"7578",273,2001,83.87,84.73,84.79,84.41,84.47,83.56,82.76
"7579",274,2001,83.18,85.45,83.56,83.58,83.98,80.06,85.01
"7580",275,2001,86.65,89.28,87.44,86.54,86.88,85.51,84.99
"7581",276,2001,85.85,89.01,85.23,85.92,86.65,85.93,83.45
"7582",277,2001,82.18,82.92,82.47,87.17,81.99,86.31,82.54
"7583",278,2001,79.84,77.57,81.63,82.16,78.32,80.79,78.76
"7584",279,2001,85.39,89.58,85.48,90.82,85.9,90,86.53
"7585",280,2001,84.19,86.82,84.05,89.45,83.68,88.98,85.09
"7586",281,2001,82.42,83.54,83.09,83.33,81.98,83.38,79.38
"7587",282,2001,86.1,89.81,84.99,88.16,85.16,88.96,82.78
"7588",283,2001,82.52,86.4,82.87,90.04,83.91,90.61,84.13
"7589",284,2001,84.75,85.52,84.69,86.01,84.32,85.65,82.26
"7590",285,2001,85.91,87.12,85.75,85.4,86.28,84.53,83.73
"7591",286,2001,89.02,93.39,88.82,93.35,89.72,93.13,89.95
"7592",287,2001,85.05,90.38,85.1,92.31,86.48,90.81,88.58
"7593",288,2001,87.16,91.8,86.65,92.54,88.15,90.66,89.6
"7594",289,2001,87.95,91.7,86.81,90.65,88.18,90.29,86.39
"7595",290,2001,84.61,84.98,85.06,86.59,83.31,84.93,83.9
"7596",291,2001,83.84,88.62,84.18,89.18,85.56,86.56,89.55
"7597",292,2001,81.9,82.87,83.2,85.89,82.51,81.97,86.2
"7598",293,2001,84.84,88.5,84.83,88.26,86.07,85.63,87.08
"7599",294,2001,80.44,79.37,81.35,80.3,79.33,79.29,80.18
"7600",295,2001,79.51,80.04,79.71,80.56,79.04,77.85,80.79
"7601",296,2001,81.7,83.63,81.92,79.85,82.62,78.03,82.11
"7602",297,2001,86.57,92.03,86.68,88.73,88.34,88.26,87.6
"7603",298,2001,86.18,91.12,85.28,91.48,87.22,91.43,88.64
"7604",299,2001,85.67,86.61,85.15,87.2,84.86,86.3,85.04
"7605",300,2001,84.96,87.15,84.57,87.17,86.12,87.65,86.12
"7606",301,2001,85.41,91.22,84.37,89.5,87.2,88.81,88.24
"7607",302,2001,84.35,89.26,83.86,89.89,85.76,88.44,89.15
"7608",303,2001,84.84,92.59,84.14,92.43,86.74,91.84,91.87
"7609",304,2001,89.27,94.38,88.51,90.18,90.04,90.63,90.55
"7610",305,2001,88.9,92.5,88.2,89.2,89.41,90.23,89.97
"7611",306,2001,88.31,94.17,86.55,93.08,90.25,92.15,92.48
"7612",307,2001,85.06,88.87,84.63,88.46,86.56,88.78,87.98
"7613",308,2001,82.53,85.44,82.61,84.57,83.94,84.23,84.86
"7614",309,2001,84.04,84.42,84.78,86.85,83.74,85.29,85
"7615",310,2001,84.46,87.89,85.09,87.25,85.02,88.78,83.07
"7616",311,2001,85.45,87.33,85.99,86.49,86.51,84.8,85.98
"7617",312,2001,89.6,89.52,89.45,84.18,90.41,84.15,85.45
"7618",313,2001,91.02,92.43,90.7,90.84,91.82,89.81,90.35
"7619",314,2001,88.69,89.65,88.26,87.9,88.64,86.92,87.51
"7620",315,2001,83.81,83.89,85.1,85.68,83.81,84.15,83.29
"7621",316,2001,82.25,81.67,83.29,82.78,82.54,80.85,82.61
"7622",317,2001,82.02,80.56,83.51,81.38,82.61,79.57,82.74
"7623",318,2001,83.51,80.11,84.08,79.33,82.46,78.02,80.11
"7624",319,2001,81.37,78.9,81.97,77.24,80.97,75.56,79.32
"7625",320,2001,79.88,75.85,80.89,75.68,78.65,73.3,77.51
"7626",321,2001,83.71,82.08,84.37,80.46,82.82,78.77,81.82
"7627",322,2001,84.3,85.81,84.15,84.72,84.03,83.34,83.89
"7628",323,2001,85.37,87.36,84.94,85.61,86.06,84.17,84.96
"7629",324,2001,83.12,81.85,84.24,84.3,83.34,82.1,83.16
"7630",325,2001,82.4,83.13,83.59,84.46,84,81.68,83.53
"7631",326,2001,81.34,79.64,83.61,79.91,82.65,77.83,80.6
"7632",327,2001,81.08,76.01,82.86,74.17,81.36,72.55,76.42
"7633",328,2001,81.28,77.6,81.77,72.36,80.82,71.78,75.6
"7634",329,2001,83.12,87.7,82.99,81.42,84.17,80.44,83.24
"7635",330,2001,83.02,85.08,83.18,80.53,82.86,80.17,81.43
"7636",331,2001,87.51,94.35,86.61,90.32,89.41,89.27,89.44
"7637",332,2001,86.49,92.34,85.68,90.13,88.4,88.75,89.31
"7638",333,2001,81.49,85.58,82.45,87.2,82.64,86.77,85.67
"7639",334,2001,77.51,81.81,78.31,84.98,78.94,83.21,83.86
"7640",335,2001,75.9,78.98,76.66,82.48,77.01,80.79,81.15
"7641",336,2001,72.73,71.71,74.54,69.28,71.61,69.01,70.44
"7642",337,2001,74.69,69.4,76.55,62.53,72.77,63.2,65.87
"7643",338,2001,78.66,74.61,79.74,69.09,77.34,67.07,73.01
"7644",339,2001,77.92,76.43,79.4,73.89,78.41,71.78,76.49
"7645",340,2001,84.73,90.98,84.56,88.26,86.19,85.19,89.26
"7646",341,2001,89.61,93.65,89.53,88.82,90.32,86.89,89.57
"7647",342,2001,89.32,95.36,88.26,93.49,90.83,91.99,92.11
"7648",343,2001,89.29,91.36,89.03,89.39,88.94,88.51,88.43
"7649",344,2001,88.55,91.69,88.21,89.05,89.47,88.2,88.69
"7650",345,2001,88.04,90.83,87.46,90.39,88.2,88.1,88.78
"7651",346,2001,85.83,84.24,86.22,83.36,84.43,81.53,83
"7652",347,2001,83.69,88.09,83.3,84.09,85.79,81.92,85.38
"7653",348,2001,83.74,86.67,83.4,83.78,84.56,80.44,84.86
"7654",349,2001,87.6,90.73,87,89.92,88.76,87.3,90.25
"7655",350,2001,90.03,92.22,89.35,92.72,90.53,91.45,90.7
"7656",351,2001,89.18,94.43,88.77,96.4,89.51,96.51,93.14
"7657",352,2001,88.65,91.38,87.78,90.96,88.53,91.89,88.5
"7658",353,2001,89.63,91.3,88.93,89.95,89.1,88.53,88.81
"7659",354,2001,88.69,90.25,88.14,90.39,88.6,89.34,87.98
"7660",355,2001,86.54,85.78,86.66,88.67,85.37,86.91,86.1
"7661",356,2001,85.9,84.4,86.34,84.64,84.35,81.84,83.78
"7662",357,2001,81.81,79.89,82.35,79.31,80.25,77.69,78.87
"7663",358,2001,78.32,75.57,79.91,76.81,77.21,74.61,77.41
"7664",359,2001,87.95,86.55,89.29,86.41,86.93,83.3,86.39
"7665",360,2001,90.09,93.94,89.59,92.67,90.05,93.01,90.81
"7666",361,2001,89.5,94.37,88.47,92.35,90.21,92.21,90.35
"7667",362,2001,85.92,86.31,86.24,86.48,85.4,85.59,85.12
"7668",363,2001,81.71,80.07,82.72,82.15,81.04,80.77,80.37
"7669",364,2001,75.63,75,77.69,77.73,75.8,75.08,77.61
"7670",365,2001,72.99,71.87,74.92,72.86,72.59,72.26,72.36
"7671",1,2002,70.59,71.38,72.39,69.18,70.26,70.03,69.17
"7672",2,2002,72.73,68.34,74.24,62.33,71.01,64.75,64.22
"7673",3,2002,69.82,68.42,72.01,68.83,68.91,68,68.23
"7674",4,2002,72.2,66.88,74.25,60.12,70.59,61.5,62.47
"7675",5,2002,75.27,73.54,76.35,58.06,75.83,60.58,63.01
"7676",6,2002,76.32,79.57,75.86,74.34,77.98,75.43,74.93
"7677",7,2002,71.38,76.21,71.57,79.29,74.07,78.28,78.2
"7678",8,2002,66.58,69.92,67.42,69.28,69.14,69.71,69.15
"7679",9,2002,65.06,64.99,66.04,64.55,65.43,64.46,64.53
"7680",10,2002,66.38,67.22,67.74,61.79,67.4,63.16,63.67
"7681",11,2002,64.85,67.46,66.2,66.44,67.21,64.92,68.47
"7682",12,2002,64.99,62.37,66.26,63.12,65.18,61.62,64.57
"7683",13,2002,68.24,63.39,70.28,66.45,66.52,64.42,66.28
"7684",14,2002,73.18,73.31,73.63,74.78,71.78,73.42,71.78
"7685",15,2002,72.95,72.57,72.61,73.41,72.68,72.1,72.48
"7686",16,2002,71.12,78.29,69.48,75.49,74.9,74.6,76.4
"7687",17,2002,62.99,65.32,63.36,67.96,65.06,65.9,67.87
"7688",18,2002,59.35,57.1,60.13,58.08,58.89,56.97,60.04
"7689",19,2002,64.74,61.89,65.39,58.79,64.01,58.71,60.85
"7690",20,2002,68.28,73.14,67.7,76.41,71.9,74.95,74.48
"7691",21,2002,61.55,65.37,61.19,73.02,63.99,69.13,70.65
"7692",22,2002,60.97,60.82,61.17,69.22,60.13,65.15,66.73
"7693",23,2002,79.21,81.98,77.41,85.61,79.59,84.54,82.48
"7694",24,2002,77.71,83.1,75.81,86.71,77.32,86.31,80.66
"7695",25,2002,63.11,68.14,62.77,77.93,64.97,75.82,73.08
"7696",26,2002,57.08,62.44,55.8,70.76,58.25,69.67,66.18
"7697",27,2002,58.13,59.36,57.39,66.19,58.82,64.39,61.54
"7698",28,2002,61.53,61.94,61.04,73.9,60.28,71.27,68.4
"7699",29,2002,64.38,67.25,64.21,79.62,64.23,76.92,73.12
"7700",30,2002,70.5,78.71,68.23,88.31,71.33,87.42,81.54
"7701",31,2002,70.32,76.72,68.76,86.3,72.13,85.89,79.57
"7702",32,2002,65.33,70.29,63.76,79.92,66.55,78.35,74.64
"7703",33,2002,63.94,72.08,62,83.2,65.88,81.5,77.51
"7704",34,2002,64.66,73.03,63.73,84.28,67.15,81.66,79.85
"7705",35,2002,62.87,70.02,61.45,77.07,64.45,75.12,75.63
"7706",36,2002,62.65,70.71,61.17,81.77,64.39,80.44,77.13
"7707",37,2002,59.28,68.51,58.02,81.63,63,78.83,77.75
"7708",38,2002,57.33,66.25,56.44,75.41,59.04,73.8,72.01
"7709",39,2002,56.74,58.9,56.73,68.19,57.22,65.22,67.19
"7710",40,2002,58.13,62.78,57.59,71.07,58.51,68.27,68.09
"7711",41,2002,55.53,61.03,54.63,72.4,57.15,68.41,69.74
"7712",42,2002,50.77,56.7,50.69,69.63,52.06,66.35,66.26
"7713",43,2002,48.97,51.54,49.09,61.27,48.59,59.32,59.91
"7714",44,2002,44.78,44.98,45.38,52.37,43.51,52.23,51.78
"7715",45,2002,46.29,45.74,47.14,55.41,45.09,53.65,54.77
"7716",46,2002,48.35,49.71,48.48,61.16,47.28,58.64,59.05
"7717",47,2002,49.14,50.55,50.23,63.22,49.43,60.47,60.46
"7718",48,2002,52.58,55.82,53.58,68.52,53.31,65.77,64.66
"7719",49,2002,54.23,61.21,54.74,75.04,55.81,73.22,69.56
"7720",50,2002,51.73,57.26,52.24,73.09,53.01,68.69,68.95
"7721",51,2002,48.85,53.25,49.47,68.91,49.57,65.87,65.89
"7722",52,2002,45.73,47.86,46.86,60.48,46.19,57.19,58.16
"7723",53,2002,46.3,44.93,48.72,58.96,44.91,55.54,56.64
"7724",54,2002,46.96,47.55,48.46,63.67,47.17,60.15,60.28
"7725",55,2002,46.77,47.61,48.22,61.25,45.45,59.27,58.51
"7726",56,2002,47.18,46.86,49.08,60.17,46.13,57.21,58.03
"7727",57,2002,48.91,48.62,51.74,61.45,49.78,57.9,59.87
"7728",58,2002,50.76,54.28,52.06,64.02,53.16,60.62,63.2
"7729",59,2002,47.11,50.44,48.61,64.1,48.04,61.68,62.02
"7730",60,2002,48.21,49.63,49.77,58.65,48.43,56.42,58.11
"7731",61,2002,52.55,51.26,54.15,62.34,52.59,59.88,59.63
"7732",62,2002,50.74,50.07,52.21,61.93,51.13,60.2,59.68
"7733",63,2002,47.02,48.14,48.5,58.12,48.6,55.37,58.96
"7734",64,2002,41.25,41.63,43.11,49.43,41.28,47.24,50.53
"7735",65,2002,40.44,41.91,42.37,52.3,40.72,49.18,52.48
"7736",66,2002,40.03,40.35,42.07,50.14,40.01,46.95,50.65
"7737",67,2002,40.7,42.44,41.75,53.38,41.15,49.81,52.96
"7738",68,2002,41.07,40.83,43.03,56.28,41.06,50.63,54.47
"7739",69,2002,44.49,38.85,47.51,51.01,41.56,47.89,48.64
"7740",70,2002,54.4,56.32,55.11,66.65,55.26,63.6,62.97
"7741",71,2002,72.18,80.02,70.66,86.04,74.26,83.34,81.1
"7742",72,2002,67.76,71.87,70.49,79.29,69.18,76.53,76.52
"7743",73,2002,65.4,64.45,69.27,76.59,66.45,71.59,74.54
"7744",74,2002,77.24,83.31,78.34,86.99,80.33,85.3,83.14
"7745",75,2002,89.25,89.28,88.22,92.47,86.64,89.28,88.76
"7746",76,2002,78.86,76.2,80.38,85.62,76.27,82.35,81.5
"7747",77,2002,73.74,79.55,74.68,87.95,75.58,85.49,83.26
"7748",78,2002,67.98,71.31,69.82,84.74,68.38,81.97,78.53
"7749",79,2002,71.31,73.39,73.04,84.53,70.43,80.94,79.17
"7750",80,2002,73.16,74.39,74.9,84.91,72.04,81.26,80.43
"7751",81,2002,90.46,96.6,90.59,95.6,92.25,95.03,93.93
"7752",82,2002,79.73,82.06,80.73,85.86,79.16,84.27,83.72
"7753",83,2002,69.66,72.05,71.47,78.36,70.63,75.73,76.59
"7754",84,2002,66.21,67.85,68.34,77.68,67.37,74.07,75.18
"7755",85,2002,63.4,66.86,65.79,78.69,65.3,74.57,75.85
"7756",86,2002,58.74,62.61,62.27,76.32,62.28,71.58,73.81
"7757",87,2002,65.18,64.32,70.65,75.36,67.48,70.96,73.5
"7758",88,2002,83.08,83.64,84.81,85.44,84.63,82.05,84.26
"7759",89,2002,87.65,88.41,88.23,86.13,88.65,82.98,87.14
"7760",90,2002,84.52,84.49,84.88,87.58,85.04,84.47,84.46
"7761",91,2002,83.51,83.11,84.39,87.36,83.53,86.11,84.15
"7762",92,2002,87.04,90.59,87.66,92.66,90.14,91.67,90.72
"7763",93,2002,83.94,85.81,84.42,88.46,85.31,85.59,86.56
"7764",94,2002,84.7,83.47,86.11,82.35,86.25,79.86,81.4
"7765",95,2002,84.43,82.6,85.55,84.23,84.24,80.53,83.35
"7766",96,2002,83.64,84.2,84.65,85.31,84.06,81.03,83.71
"7767",97,2002,85.35,89.61,85.25,91.01,86.92,87.8,89.53
"7768",98,2002,81.9,88.98,82.43,89.83,85.18,87.9,89.41
"7769",99,2002,69.63,76.53,70.46,80.43,71.96,78.35,80.08
"7770",100,2002,71.85,74.61,74.18,80.3,72.65,78.15,81.19
"7771",101,2002,73.22,80.18,74.98,85.04,76.66,81.83,84.4
"7772",102,2002,65.27,70.95,67.85,78.96,68.57,75.08,79.27
"7773",103,2002,62.33,67.3,64.11,78.75,65.49,73.75,77.35
"7774",104,2002,63.53,66.32,66.11,75.68,66.96,71.29,74.67
"7775",105,2002,78.9,83.64,80.43,88.15,79.98,85.21,85.98
"7776",106,2002,83.51,84.29,84.39,84.78,84.86,81.99,84.41
"7777",107,2002,88.43,92.3,88.23,91.72,89.64,90.55,90.64
"7778",108,2002,89.83,91.24,89.64,92.52,89.35,91.58,89.87
"7779",109,2002,84.97,83.95,84.94,86.95,82.85,87.32,82.83
"7780",110,2002,86.93,86.52,87.9,90.37,84.83,90.28,86.39
"7781",111,2002,87.86,87.55,87.9,89.08,86.39,88.87,86.44
"7782",112,2002,86.01,86.7,87.23,88.7,85.58,87.03,85.46
"7783",113,2002,89.41,91.99,89.02,90.76,90.44,89.35,89.61
"7784",114,2002,89.73,92.65,91.13,94.37,90.03,93.47,92.5
"7785",115,2002,85.05,88.44,85.19,91.19,86.17,90.22,89.1
"7786",116,2002,83.88,84.6,85.2,83.02,84.08,79.95,83.1
"7787",117,2002,84.01,87.97,84.64,85.52,84.5,84.47,85.31
"7788",118,2002,80.87,84.65,82.2,83.24,82.38,81.19,82.97
"7789",119,2002,81.08,80.97,83.35,81.02,80.93,78.5,81.61
"7790",120,2002,85.29,84.57,86.1,83.7,84.28,81.61,82.4
"7791",121,2002,88.7,91.93,88.51,90,89.47,89.28,87.71
"7792",122,2002,92.65,96.03,91.63,94.8,93.94,94.41,92.15
"7793",123,2002,87.29,90.94,86.47,91.75,88.2,90.99,89.03
"7794",124,2002,83.34,78.31,84.19,78.16,82.37,76.72,78.06
"7795",125,2002,85.95,88.98,86.27,86.32,86.58,85.71,85.01
"7796",126,2002,86.41,86.06,86.76,84.76,86.27,84.6,83.21
"7797",127,2002,89.76,88.74,89.84,88.35,89.64,86.92,87.52
"7798",128,2002,88.92,92.95,88.67,94.16,88.88,94,89.47
"7799",129,2002,89.79,91.99,89.55,95.64,89.07,94.13,92.4
"7800",130,2002,93.37,97.33,93.01,97.51,94.36,98.33,95.04
"7801",131,2002,91.11,96.45,90.35,96.64,93.1,96.91,93.27
"7802",132,2002,84.56,83.5,86,86.97,82.94,85.86,83.49
"7803",133,2002,90.89,95.86,90.83,94.92,92.31,94.32,92.18
"7804",134,2002,90.61,92.27,90.2,91.55,90.8,92.76,88.23
"7805",135,2002,88.11,89.58,88.16,91.53,88.27,92.5,88.33
"7806",136,2002,84.5,79.91,86.23,83.11,82.5,81.58,81.67
"7807",137,2002,87.27,86.75,87.13,86.59,88.07,84.3,87.21
"7808",138,2002,87.65,88.66,87.93,91.24,88.43,89.91,88.66
"7809",139,2002,81.55,76.45,82.73,81.4,79.1,80.25,78.53
"7810",140,2002,84.57,81.5,84.85,80.82,83.54,79.05,80.3
"7811",141,2002,87.44,85.38,87.72,85.94,86.14,84.92,84.29
"7812",142,2002,90.84,90.36,90.29,91.15,90.42,91.72,87.87
"7813",143,2002,94.39,96.37,94.15,93.35,95.11,93.28,92.97
"7814",144,2002,86.14,88.88,85.92,89.56,86.93,90.21,86.64
"7815",145,2002,86.46,91.97,85.69,94.67,86.38,95.31,90.92
"7816",146,2002,86.25,86.73,86.12,90.73,85.7,90.06,88.66
"7817",147,2002,84.32,89,84.55,88.97,85.23,86.05,89
"7818",148,2002,85.82,90.81,86.03,90.69,86.04,89.42,89.49
"7819",149,2002,84.42,86.23,85.51,84.55,85.45,82.98,86.13
"7820",150,2002,88.53,92.38,87.95,89.51,88.5,87.97,89.57
"7821",151,2002,90.71,93.83,91.15,92.72,91.39,93.29,91.25
"7822",152,2002,88.9,87.5,89.52,88.9,88.5,87.76,87
"7823",153,2002,87.6,91.08,88.5,92.75,88.06,92.11,89.56
"7824",154,2002,87.05,88.39,86.89,90.89,87.72,88.62,89.22
"7825",155,2002,87.69,91.7,88.08,92.88,88.88,92.32,89.39
"7826",156,2002,91.38,93.53,91.24,93.49,92.14,92.05,91.97
"7827",157,2002,87.39,91.4,86.76,91.46,88.34,89.71,89.49
"7828",158,2002,87.53,87.83,87.7,90.21,86.58,89.21,86.83
"7829",159,2002,88.88,91.71,88.66,91.41,88.72,90.32,88.29
"7830",160,2002,88.61,92.8,87.48,92.22,87.97,91.78,88.96
"7831",161,2002,85.34,86.37,84.97,88.54,85.35,88.58,84.96
"7832",162,2002,88.87,93.53,87.97,94.88,88.84,95.54,90.45
"7833",163,2002,86.58,90.1,86.26,92.05,87.47,91.12,89.36
"7834",164,2002,88.63,86.77,88.71,83.98,88.51,81.86,84.72
"7835",165,2002,91.29,91.4,90.19,89.72,91.33,86.39,88.49
"7836",166,2002,89.27,92.27,89.28,90.52,89.6,91.39,88.63
"7837",167,2002,87.86,92.58,88,93.85,88.37,95.96,89.55
"7838",168,2002,89.19,94.2,89.25,95.87,89.9,97.46,91.2
"7839",169,2002,85.19,89.56,85.9,93.58,83.85,95.71,86.29
"7840",170,2002,93.12,96.1,92.01,96.07,91.87,97.35,92.82
"7841",171,2002,91.17,94.59,89.33,95.91,91.42,95.28,94.19
"7842",172,2002,91.14,93.2,90.59,94.37,90.89,95.12,90.17
"7843",173,2002,85.39,88.84,86.46,94.38,84.16,96.84,88.99
"7844",174,2002,89.06,95.37,87.8,96.73,87.31,98.97,89.66
"7845",175,2002,81.09,90.84,81.13,95.84,80.67,96.84,87.71
"7846",176,2002,91.32,98.94,90.7,98.92,94.31,99.44,95.41
"7847",177,2002,89.58,93.55,88.39,95.71,91.18,95.55,93.57
"7848",178,2002,87.61,94.85,84.71,96.35,87.43,96.65,93.11
"7849",179,2002,89.69,94.35,88.28,95.59,90.72,93.9,94.58
"7850",180,2002,93.06,97.32,91.71,96.86,93.83,96.1,96.14
"7851",181,2002,91.12,95.91,90.84,95.06,93.3,94.06,94.12
"7852",182,2002,89.54,94.33,89.62,94.11,91.36,94.78,89.78
"7853",183,2002,87.76,89.3,87.28,88.19,87.74,88.14,85.77
"7854",184,2002,87.95,89.44,87.88,88.69,87.97,89.3,87.43
"7855",185,2002,91.18,93.91,90.6,92.3,91.45,93.18,89.89
"7856",186,2002,87.59,86.09,87.86,87.58,87.72,87.25,85.34
"7857",187,2002,85.07,79.07,87.5,83.96,84.89,80.25,85.1
"7858",188,2002,89.38,90.41,89.93,90.72,89.13,88.18,89.19
"7859",189,2002,87.22,90.41,86.13,90.85,87.78,89.66,87.49
"7860",190,2002,88.48,93.03,87.45,91.33,89,90.01,90.12
"7861",191,2002,88.48,92.61,87.71,92.36,89.36,91.5,89.83
"7862",192,2002,90.58,94.54,90.16,94.32,91.57,94.28,90.05
"7863",193,2002,88.11,93.92,87.93,95.07,88.73,95.76,90.96
"7864",194,2002,89.44,93.94,89.76,93.56,90.93,94.34,91.01
"7865",195,2002,88.52,91.16,88.4,92.11,89.21,90.16,90.45
"7866",196,2002,91.57,95.55,91.26,94.53,91.96,95.13,92.2
"7867",197,2002,87.62,84.14,87.81,87.41,87.76,86.42,86.6
"7868",198,2002,93.71,95.36,93.16,94.61,94.1,94.4,92.83
"7869",199,2002,88.96,92,87.98,93.43,90.17,92.47,90.97
"7870",200,2002,87.28,88.15,87.34,87.72,87.33,87.63,85.74
"7871",201,2002,86.03,84.67,86.52,84.33,86.13,82.45,85.64
"7872",202,2002,83.02,78.49,83.9,79.23,82.94,75.72,82.25
"7873",203,2002,77.67,79.62,77.27,74.59,79.38,74.3,77.81
"7874",204,2002,77.22,75.61,79.57,78.92,76.01,77.07,78.78
"7875",205,2002,85.83,83.1,86.88,81.21,86.36,80.38,82.75
"7876",206,2002,92.94,95.57,93.2,92.69,93.64,91.43,92.81
"7877",207,2002,85,86.21,85.61,88.25,84.91,89.27,84.66
"7878",208,2002,84.65,84.44,86.15,85.15,84.07,84.29,84.67
"7879",209,2002,86.3,91.88,86.71,91.85,87.78,91.95,88.4
"7880",210,2002,86,90.6,85.62,92.41,86.7,94.01,87.19
"7881",211,2002,83.86,83.02,84.45,80.77,83.2,81.19,79.05
"7882",212,2002,88.22,84.7,88.18,81.83,86.59,79.92,82.28
"7883",213,2002,86.92,84.69,87.85,82.28,86.85,79.47,82.84
"7884",214,2002,86.88,90.64,86.98,90.25,89.06,88.39,88.92
"7885",215,2002,87.9,91,88.64,92.96,89.62,91.92,89.72
"7886",216,2002,86.14,92.24,85.7,94.07,87.08,94.22,89.57
"7887",217,2002,83.82,88.94,83.53,89.84,85.15,90.01,87.22
"7888",218,2002,83.31,88.01,82.5,87.4,85.29,87.71,85.81
"7889",219,2002,87.82,92.53,87.39,92.14,87.94,92.27,88.07
"7890",220,2002,88.82,94.66,88.54,94.44,89.99,94.62,90.38
"7891",221,2002,91.95,97.25,91.7,96.12,92.86,97.16,92.57
"7892",222,2002,86.85,89.92,87.1,91.67,87.67,90.94,88.08
"7893",223,2002,83.09,87.33,83.17,90,83.07,92.28,84.23
"7894",224,2002,87.94,92.87,86.81,92.05,88.74,92.5,88.37
"7895",225,2002,89.29,93.77,87.83,91.43,90.66,90.01,89.49
"7896",226,2002,87.94,91.79,86.86,92.44,88.6,90.43,89.4
"7897",227,2002,87.73,94.68,87.26,95.95,88.84,95.53,92.81
"7898",228,2002,88.24,93.3,87.65,94.26,87.59,94.82,88.97
"7899",229,2002,80.93,81.41,81.39,82.1,81.21,83.81,79.25
"7900",230,2002,81.63,80.32,82.6,81.99,81.66,80.42,81.58
"7901",231,2002,88,91.7,87.25,88.64,88.65,87.63,87.65
"7902",232,2002,89.9,91.95,89.67,91.43,89.6,89.61,88.68
"7903",233,2002,86.21,87.88,86.3,87.28,86.52,88.78,83.92
"7904",234,2002,85.1,86.45,86.02,88.67,85,88.31,85.58
"7905",235,2002,87.99,92.57,88.26,91.35,89.11,92.83,87.76
"7906",236,2002,84.38,89.31,84.93,92.07,86.09,91.31,88.54
"7907",237,2002,84.94,86.4,85.52,87.53,86.35,86.12,86.46
"7908",238,2002,88.89,94.1,88.64,93.8,88.7,93.4,90.22
"7909",239,2002,85.74,89.9,85.17,91.24,85.85,92.09,87.54
"7910",240,2002,81.11,82.42,81.86,85.74,80.65,84.56,83.38
"7911",241,2002,82.78,83.92,82.84,83.96,82.14,82.39,83.8
"7912",242,2002,88.43,91.6,88.78,88.38,90.13,86.35,89.16
"7913",243,2002,87.5,88.33,87.27,86.2,88.24,83.17,86
"7914",244,2002,88.84,91.26,88.37,88.11,89.67,85.81,88.1
"7915",245,2002,89.52,93.75,88.3,92.5,89.32,91.71,90.16
"7916",246,2002,86.72,92.84,86.25,93.91,86.74,94.87,88.14
"7917",247,2002,85.17,91.49,84.98,89.78,87.03,91.43,85.16
"7918",248,2002,85.15,87.64,85.84,86.67,87.11,86.01,84.31
"7919",249,2002,84.04,86.25,84.72,86.49,85.04,84.52,84.63
"7920",250,2002,82.89,87.09,83.42,86.93,83.98,87.69,82.22
"7921",251,2002,82.37,84.44,84.17,83.16,83.08,86.07,79.46
"7922",252,2002,86.6,88.41,87.25,86.9,88.11,87.6,84.96
"7923",253,2002,87.43,92.75,87.2,92,88.08,91.21,88.14
"7924",254,2002,90,93.22,89.42,92.78,90.58,91.21,89.78
"7925",255,2002,87.13,90.2,86.74,90.22,87.84,90.11,87.9
"7926",256,2002,85.3,87.5,84.76,87.58,85.73,88.93,84.7
"7927",257,2002,83.06,82.72,83.17,83.54,82.97,83.01,81.51
"7928",258,2002,84.33,85.82,83.56,82.59,85.93,81.82,82.54
"7929",259,2002,87.13,91.24,86.66,87.67,87.77,89.27,83.54
"7930",260,2002,85.4,88.27,84.86,88.79,85.76,89.98,85.37
"7931",261,2002,90.63,93.82,89.85,90.12,90.13,90.67,88.81
"7932",262,2002,90.43,95.32,89.27,94.13,90.28,93.84,90.22
"7933",263,2002,84.98,85.78,85.06,86.08,84.4,87.55,81.17
"7934",264,2002,78.57,78.43,80.26,78.35,78.52,80.47,73.27
"7935",265,2002,78.36,77.22,80.39,77.15,78.06,79.25,72.86
"7936",266,2002,80.65,82.54,80.89,82,81.68,81.76,79.96
"7937",267,2002,80.25,81.03,80.53,79.39,81.31,78,80.47
"7938",268,2002,89.68,92.71,87.98,86.92,88.87,85.98,86.38
"7939",269,2002,86.75,91.9,85.64,92.61,86.7,93.01,88.65
"7940",270,2002,84.75,90.81,83.71,94.22,84.1,94.79,88.07
"7941",271,2002,85.98,90.93,85.69,91.6,87.75,92.73,87.42
"7942",272,2002,87.36,90.23,87.26,87.79,89.43,89.57,84.01
"7943",273,2002,82.91,84.96,83.07,82.74,84.1,83.41,79.37
"7944",274,2002,79.61,81.67,79.72,81.48,79.93,82.67,78.49
"7945",275,2002,80.79,80.22,81.58,81.32,80.8,80.77,78.22
"7946",276,2002,83.26,84.87,83.55,84,82.94,84.03,80.23
"7947",277,2002,82.3,84.82,82.51,86.1,83.43,86.81,81.71
"7948",278,2002,80.68,80.06,81.7,79.82,80.43,79.7,78.05
"7949",279,2002,89.05,93.28,88.64,89.82,89.36,88.01,88.37
"7950",280,2002,85.92,90,84.94,90.14,87.04,89.08,86.72
"7951",281,2002,83.7,87.88,83.78,91.09,84.82,91.66,85.35
"7952",282,2002,82.39,82.85,82.88,86.26,83.11,84.21,82.47
"7953",283,2002,85.43,84.44,86.31,86.3,84.67,85.09,83.35
"7954",284,2002,87.62,87.69,88.06,88.21,86.86,87.56,84.2
"7955",285,2002,84.78,83.23,85.13,86.05,84.17,87.75,81.11
"7956",286,2002,80.71,78.85,82.37,79.72,80.23,81.28,75.63
"7957",287,2002,79.77,78.18,81.59,76.24,79.89,74.78,76.95
"7958",288,2002,83.78,87.14,85.07,82.51,84.43,80.48,84.44
"7959",289,2002,84.36,88.13,84.73,87.51,85.56,86.9,85.61
"7960",290,2002,83.6,85.6,84.04,87.47,83.47,88.39,82.86
"7961",291,2002,79.88,79.74,81.86,83.18,79.89,80.97,80.03
"7962",292,2002,80.34,78.59,81.33,78.02,79.96,75.95,76.4
"7963",293,2002,82.08,86.11,82.49,84.92,83.07,82.51,83.15
"7964",294,2002,85.74,84.31,85.62,82.24,85.84,80.56,81.63
"7965",295,2002,88.48,86.38,88.67,86.04,88.48,84.07,83.68
"7966",296,2002,88.99,90.36,88.66,89.75,88.63,87.73,86.97
"7967",297,2002,88.07,91.05,87.05,91.6,87.81,90.46,89.11
"7968",298,2002,82.92,84.1,83.8,86.88,83.16,85.24,83.96
"7969",299,2002,82.1,86.97,81.6,85.84,82.96,83.81,84.84
"7970",300,2002,86.08,89.51,85.47,85.12,86.74,83.67,86.57
"7971",301,2002,88.22,92.91,87.93,92.27,89.59,91.59,88.09
"7972",302,2002,85.76,87.27,86.59,90.28,86.36,88.91,87.91
"7973",303,2002,84.44,83.07,84.85,79.55,84.23,78.7,82.17
"7974",304,2002,81.2,85.3,81.45,82.31,83.11,82.55,82.63
"7975",305,2002,80.12,80.98,81.93,81.96,81.5,78.22,83.44
"7976",306,2002,81.33,81.25,82,81.05,81.9,78.15,81.09
"7977",307,2002,82.62,78.5,83.54,76.52,82.06,74.03,77.85
"7978",308,2002,81.44,82.44,81.59,76.83,81.96,77.03,79.16
"7979",309,2002,79.57,81.25,80.52,77.48,79.84,76.86,79.26
"7980",310,2002,84.07,88.71,84.73,84.22,85.31,83.52,84.52
"7981",311,2002,88.49,89.87,88.9,87.3,88.93,85.01,87.42
"7982",312,2002,86.8,91.21,86.69,91.93,88.15,88.83,91.36
"7983",313,2002,84.17,84.77,84.73,81.42,83.82,79.22,82.88
"7984",314,2002,83.24,87.82,83.34,81.69,84.93,81.68,81.95
"7985",315,2002,81.38,79.69,82.05,78.69,81.25,76.78,78.53
"7986",316,2002,81.56,77.65,82.69,77.03,81.6,75.3,76.78
"7987",317,2002,84.78,86.31,85.3,84.2,85.86,80.54,85.34
"7988",318,2002,91.67,93.01,91.26,89.57,91.96,86.13,90.6
"7989",319,2002,88.72,93.2,87.28,92.48,90.04,90.94,89.31
"7990",320,2002,83.89,85.32,84.23,88.7,83.97,87.23,83.81
"7991",321,2002,84.13,81.67,84.42,84.02,82.72,81.36,81.56
"7992",322,2002,82.08,83,82.34,78.28,82.11,76.3,79.81
"7993",323,2002,83.83,85.11,84.63,81.01,83.79,77.98,81.29
"7994",324,2002,81.77,82.64,82.63,79.98,82.64,77.18,79.72
"7995",325,2002,84.14,87.11,84.72,87.74,83.97,86.29,82.97
"7996",326,2002,86.85,87.9,87.31,84.86,85.5,86.34,80.17
"7997",327,2002,84.5,81.94,85.91,81.25,84.7,79.41,79.6
"7998",328,2002,85.13,85.35,86.02,81.16,85.18,80.24,82.46
"7999",329,2002,84.76,87.24,85.28,83.17,87.37,81.42,84.46
"8000",330,2002,85.21,83.77,85.52,83.84,85.47,81.47,82.96
"8001",331,2002,84.73,86.68,85.03,86.6,84.48,84.89,83.23
"8002",332,2002,82.82,82.7,83.67,86.69,81.25,83.55,83.6
"8003",333,2002,82.06,78.77,82.75,80.02,80.86,77.24,78.7
"8004",334,2002,83.32,79.01,83.52,78.83,81.35,76.76,77.26
"8005",335,2002,84.58,84.48,84.29,83.08,84.8,82.88,80.53
"8006",336,2002,79.53,76.03,80.69,80.53,77.37,79.78,76.38
"8007",337,2002,74.58,70.03,76.36,74.93,71.5,73.13,71.17
"8008",338,2002,74.19,70.82,76.35,74.83,72.12,72.11,72.05
"8009",339,2002,70.66,67.88,72.95,74.55,68.56,70.51,72.09
"8010",340,2002,73.68,69.32,76.44,72.74,69.78,71.17,69.87
"8011",341,2002,81.15,80.07,80.79,80.35,79.88,78.7,78.95
"8012",342,2002,78.14,80.46,77.71,82.91,78.99,79.85,81.8
"8013",343,2002,70.11,69.61,71.03,73.11,70.74,70.02,71.61
"8014",344,2002,68.86,63.63,70.03,64.34,66.16,62.85,62.91
"8015",345,2002,72.79,69.31,73.86,72.21,70.63,69.87,69.36
"8016",346,2002,69.82,67.37,71.74,74.08,68.11,70.03,71.29
"8017",347,2002,70.17,68.65,71.74,75.27,69.63,70.87,72.88
"8018",348,2002,71.56,71.66,72.43,78.04,71.75,73.61,76.69
"8019",349,2002,72.19,75.33,72.25,81.64,73.26,75.86,83.01
"8020",350,2002,72.6,73.03,72.69,78.39,72.79,73.74,79.07
"8021",351,2002,76.09,71.9,77.4,77.77,74.99,72.43,77.77
"8022",352,2002,88.12,90.84,89.56,91.29,90.32,87.64,89.98
"8023",353,2002,82.1,80.9,84.11,81.26,81.53,77.17,82.35
"8024",354,2002,78.18,78.24,78.97,78.35,79.55,74.76,79.1
"8025",355,2002,74.46,73.28,76.33,74.16,75.51,70.2,75.86
"8026",356,2002,75.94,75.08,77.83,75.38,77.1,71.71,74.86
"8027",357,2002,76.63,78.59,77.63,78.83,77.56,76.94,76.44
"8028",358,2002,68.77,68.43,70.83,77.64,69.39,74.33,73.06
"8029",359,2002,66.56,68.36,68.61,77.13,68.42,72.82,73.34
"8030",360,2002,66.82,67.63,68.21,77.63,68.58,72.32,74.62
"8031",361,2002,63.93,62.93,65.64,71.29,64.45,66.9,68.99
"8032",362,2002,63.63,62.66,64.71,68.71,64.35,65.47,67.26
"8033",363,2002,59.86,56.16,61.01,59.4,60.42,56.54,59.45
"8034",364,2002,55.33,51.8,57.26,58.71,55.45,55.43,57.06
"8035",365,2002,55.61,55.91,57.45,68.2,56.95,62.98,64.17
"8036",1,2003,57.37,58.72,59.16,72.21,59.02,66.9,67.4
"8037",2,2003,61.75,64.76,61.97,75.9,63.73,72.13,70.86
"8038",3,2003,61,66.25,60.96,77.75,64.39,73.37,72.04
"8039",4,2003,59.64,61.82,60.13,71.18,61.76,66.57,67.11
"8040",5,2003,61.9,63.65,61.6,70.62,64,66.98,67.8
"8041",6,2003,59.38,62.1,59.51,70.54,61.34,66.79,67.57
"8042",7,2003,58.41,61.98,59.6,72.11,61.82,68.48,67
"8043",8,2003,57.7,58.71,59.27,69.68,61.08,65.3,64.41
"8044",9,2003,63.08,64.42,63.41,71.26,65.65,66.97,68.73
"8045",10,2003,58.65,60.77,58.85,67.38,60.61,64.51,64.83
"8046",11,2003,52.3,58.87,53.68,70.94,56.93,66.49,66.72
"8047",12,2003,54.7,58.76,55.43,71.96,57.39,68.16,66.38
"8048",13,2003,54.82,59.49,55.31,72.62,57.2,68.33,67.59
"8049",14,2003,52.73,55.4,53.38,68.91,54.61,64.34,65.07
"8050",15,2003,50.06,53.4,51.12,65.35,52.18,60.96,61.47
"8051",16,2003,48.91,52.86,50.24,64.03,50.82,59.9,60.91
"8052",17,2003,48.21,51.3,50.12,64.96,49.58,59.4,61.71
"8053",18,2003,49.14,51.66,50.94,65.14,50.38,59.93,61.79
"8054",19,2003,50.45,51.95,51.56,63.12,51.39,57.61,61.15
"8055",20,2003,49.58,54.56,50.64,65.5,51.19,62.94,61.64
"8056",21,2003,51.1,52.87,51.78,65.75,52.33,61.36,62.91
"8057",22,2003,49.23,48.69,50.32,57.37,49.97,54.78,56.03
"8058",23,2003,46.16,42.19,48.62,48.35,44.87,45.36,48.68
"8059",24,2003,47.87,43.13,51.01,51.38,46.31,47.03,50.06
"8060",25,2003,50.52,47.58,52.7,55.1,51.27,50.01,55.27
"8061",26,2003,54.76,55.14,56.62,66.22,56.35,60.04,64.56
"8062",27,2003,55.08,57.13,55.39,66.57,56.86,60.59,66.34
"8063",28,2003,52.38,53.55,53.08,61.83,53.47,57.24,61.37
"8064",29,2003,49.23,50.77,49.81,63.15,50.02,57.14,60.59
"8065",30,2003,49.77,48.77,51.68,63.77,50.19,57.23,60.4
"8066",31,2003,47.77,49.64,49.52,63.75,48.84,58.17,60.97
"8067",32,2003,46.69,48.09,48.9,60.08,48.22,55.01,60.06
"8068",33,2003,45.44,46.46,47.52,57.49,46.88,52.16,56.36
"8069",34,2003,47.28,47.75,49.26,59.17,48.68,52.95,58.15
"8070",35,2003,51.46,50.96,53.65,63.25,52.38,58.09,60.77
"8071",36,2003,49.79,53.39,52.28,69.97,52.64,63.58,65.68
"8072",37,2003,50.64,52.94,52.27,68.76,52.95,62.69,64.84
"8073",38,2003,51.94,54.19,53.14,71.24,52.57,66.74,65.79
"8074",39,2003,55.29,54.73,57.28,71.39,54.83,66.25,66.97
"8075",40,2003,57.26,68.1,57.32,80.59,60.08,75.54,75.14
"8076",41,2003,59.74,66.39,60.31,78.26,61.58,73.46,74.81
"8077",42,2003,54.39,61.62,54.69,78.31,55.54,73.4,73.91
"8078",43,2003,47.95,53.94,48.24,71.52,49.49,65.69,68.74
"8079",44,2003,45.11,49.5,46.18,65.35,45.53,59.96,62.9
"8080",45,2003,44.68,48.09,45.79,63.84,44.2,58.49,60.91
"8081",46,2003,43.42,48.34,44.06,61.62,44.5,57.59,59.36
"8082",47,2003,42.83,46.9,43.26,58.8,44.05,54.25,57.9
"8083",48,2003,45.58,44.56,46.61,58.17,44.94,51.41,56.85
"8084",49,2003,52.06,52.16,52.94,63.03,50.91,58.23,58.82
"8085",50,2003,49.81,52.46,50.09,65.06,50.13,60.16,62.65
"8086",51,2003,45.87,51.3,46.59,66.63,47.87,60.94,64.51
"8087",52,2003,47.47,50.4,49.48,68.1,48.59,61.27,66.51
"8088",53,2003,54.94,55.84,56.76,68.88,54.69,63.85,65.61
"8089",54,2003,66.17,67.95,68.13,79.8,67.81,76.09,73.73
"8090",55,2003,62.94,71.26,65.69,84.99,65.95,82.52,77.17
"8091",56,2003,53.41,62.8,55.17,80.2,57.76,74.69,76.41
"8092",57,2003,47.99,55.55,49.7,73.32,51.98,67.11,70.68
"8093",58,2003,47.89,50.92,49.54,64.39,50.52,59.03,62.72
"8094",59,2003,48.18,47.66,49.65,58.56,47.87,54.6,57.34
"8095",60,2003,51.66,50.43,53.67,61.43,51.08,55.93,60.09
"8096",61,2003,53.26,54.68,55.27,70.79,54.26,64.11,67.56
"8097",62,2003,48.14,52.19,49.15,68.61,50.31,62.73,65.82
"8098",63,2003,43.03,47.84,44.64,65.47,44.88,60.41,61.43
"8099",64,2003,41.38,43.87,42.33,59.27,41.94,55.16,55.46
"8100",65,2003,39.15,39.48,40.56,54.3,39.01,49.3,51.1
"8101",66,2003,40.34,39.97,42.59,55.92,39.74,50.74,52.89
"8102",67,2003,41.6,42.25,44.03,59.54,42.77,52.89,57.01
"8103",68,2003,40.47,43.5,42.33,61.55,42.78,54.59,59.34
"8104",69,2003,39.07,41.12,41.31,60.02,41.55,52.95,58.47
"8105",70,2003,43.56,41.42,47.52,58.03,44.24,50.88,56.43
"8106",71,2003,49.23,49.91,51.36,67.25,48.96,60.75,63.8
"8107",72,2003,53.2,59.05,54.02,75.77,54.53,70.92,71.17
"8108",73,2003,47.2,52.71,48.13,74.39,48.72,66.99,71.3
"8109",74,2003,46.97,49.44,49.01,69.33,47.9,62.85,68.03
"8110",75,2003,55.92,60.92,58.39,78.9,58.17,72.95,76.7
"8111",76,2003,64.75,71.75,66.38,79.97,68.01,76.13,79.82
"8112",77,2003,70.34,66.67,73.31,76.82,72.21,69.23,79.09
"8113",78,2003,78.17,81.64,78.46,83.73,82.51,80.1,85.84
"8114",79,2003,66.98,75.12,68.34,80.54,69.78,78.82,80.29
"8115",80,2003,65.09,64.31,68.67,70.53,67.33,65.06,74.61
"8116",81,2003,62.43,64.68,63.62,69.86,66.47,65.78,74.19
"8117",82,2003,59.56,65.68,59.24,72.59,65.71,67.48,76.22
"8118",83,2003,58.68,63.13,61.38,74.82,63.58,69.02,76.48
"8119",84,2003,61.13,62.03,62.77,70.58,62.6,64.47,74.83
"8120",85,2003,64.22,62.51,68.27,67.76,67.7,61.63,74.32
"8121",86,2003,65.13,65.12,69.04,70.4,69.6,64.84,75.73
"8122",87,2003,61.11,65.7,63.48,74.29,64.75,69.04,75.66
"8123",88,2003,65.19,61.2,70.46,69.13,67.7,64.19,70.16
"8124",89,2003,71.97,68.31,75.37,73.19,73.8,66.93,74.91
"8125",90,2003,71.62,72.12,73.46,72.47,72.04,68.16,76.26
"8126",91,2003,64.89,75.97,65.53,78.55,70.18,76.24,79.46
"8127",92,2003,62.15,65.87,63.67,71.58,66.43,66.67,71.99
"8128",93,2003,60.36,62.89,63.16,73.84,63.98,68.59,72.02
"8129",94,2003,67.36,66.39,68.59,75.33,66.74,69.86,74.42
"8130",95,2003,61.66,62.13,65.08,72.63,60.8,66.89,71.63
"8131",96,2003,64.85,66.55,68.53,76.46,66.89,70.78,73.62
"8132",97,2003,71.6,71.45,75.55,77.99,75.07,71.85,76.87
"8133",98,2003,66.04,67.01,69.13,74.35,67.95,68.54,72.47
"8134",99,2003,56.15,60.91,59.64,73.52,60.47,66.58,71.21
"8135",100,2003,58.99,64.84,63.33,79.59,65.18,71.92,79.12
"8136",101,2003,72.91,70.14,75.99,76.87,75.03,71.45,76.15
"8137",102,2003,87.57,88.29,87.96,88.96,86.75,86.09,86.04
"8138",103,2003,89.01,93.35,89.19,94.46,88.71,94.51,90.16
"8139",104,2003,82.54,89.53,81.8,91.84,82.64,91.84,86.63
"8140",105,2003,86.25,92.37,84.44,94.12,86.28,93.9,90.04
"8141",106,2003,82.58,87.41,82.76,91.99,83.8,91.3,87.62
"8142",107,2003,83.7,87.19,83.81,91.56,83.68,91.61,87.47
"8143",108,2003,79.73,77.27,81.66,84.74,78.39,81.48,81.1
"8144",109,2003,81.19,80.24,82.75,85.18,78.98,83.63,80.91
"8145",110,2003,79.11,73.43,81.51,77.62,77.87,73.84,77.01
"8146",111,2003,83.86,87.55,85.56,89.39,86.67,85.92,88.5
"8147",112,2003,84.84,81.68,86.99,84.51,84.74,78.96,84.71
"8148",113,2003,84.89,85.29,85.59,88.3,84.53,85.88,84.86
"8149",114,2003,85.23,89.63,86.09,92.18,86.27,90.71,88.78
"8150",115,2003,86.93,89.88,87.47,91.9,85.91,92.81,88.53
"8151",116,2003,87.77,84.09,89.4,86.87,86.56,84.89,83.5
"8152",117,2003,89.26,93.48,89.55,94.8,90.96,93.52,93.12
"8153",118,2003,83.15,79.53,84.56,80.59,81.42,79.48,78.9
"8154",119,2003,86.56,86.42,87.35,87.44,85.13,85.96,85.75
"8155",120,2003,84.51,82.15,86.3,83.67,83.97,82.95,81.86
"8156",121,2003,83.66,81.4,85.02,82.33,82.92,80.33,80.55
"8157",122,2003,79.91,76.66,82.45,79.37,80.11,76.3,79.33
"8158",123,2003,87.31,87.6,88.29,87.79,87.46,87.03,85.51
"8159",124,2003,87.46,92.04,87.38,92.69,88.49,90.47,89.88
"8160",125,2003,78.16,76.44,80.28,79.18,77.19,76.43,77.21
"8161",126,2003,73.69,71.05,76.22,76.58,73.87,73.86,75.92
"8162",127,2003,83.56,80.6,85.59,84.28,83.61,81.69,82.1
"8163",128,2003,90.02,90.74,89.78,90.5,89.66,86.4,88.43
"8164",129,2003,87.38,87.63,88.62,90.31,88.84,88.63,89.89
"8165",130,2003,89.93,90.86,89.31,91.65,88.98,89.88,88.67
"8166",131,2003,86.12,85.26,86,89.18,85.43,86.63,86.34
"8167",132,2003,92.25,93.46,91.9,93.37,91.46,92.7,91.27
"8168",133,2003,90.51,92.31,90.11,91.35,89.48,92.11,89.77
"8169",134,2003,87.48,89.75,86.72,90.88,89.68,89.12,89.69
"8170",135,2003,90.62,93.79,89.58,93.67,90.72,91.95,90.46
"8171",136,2003,90.61,93.24,90.34,92.59,90.32,92.31,90.95
"8172",137,2003,89.63,90.33,90.23,90.94,89.42,89.43,90.79
"8173",138,2003,90.2,92.57,91.23,91.71,91.68,88.42,93.07
"8174",139,2003,91.38,91.04,91.52,90.99,91.45,88.89,89.74
"8175",140,2003,88.86,91.22,89.44,93.14,89.28,92.8,91.55
"8176",141,2003,83.47,86.21,83.63,88.81,85.42,88.99,87.29
"8177",142,2003,86.55,90.53,86.47,92.65,87.66,93.62,89.13
"8178",143,2003,89.1,90.32,88.82,90.05,88.88,90.13,87.52
"8179",144,2003,89.61,92.19,88.8,92.04,90.02,91.54,89.17
"8180",145,2003,85.77,87.52,86.29,90.41,86.96,88.86,87.68
"8181",146,2003,80.96,78.03,82.35,80.98,80.63,78.66,80.28
"8182",147,2003,77.45,71.71,79.92,73.16,75.5,71.28,74.3
"8183",148,2003,85.85,85.73,86.98,84.63,86.14,82,83.68
"8184",149,2003,89.91,95.51,89.79,94.25,90.63,92.74,91.68
"8185",150,2003,87.6,92.22,87.34,93.54,89.5,94.09,91.08
"8186",151,2003,91.4,95.56,90.91,94.97,91.77,94.79,92.47
"8187",152,2003,90.52,94.32,89.47,92.8,89.98,93.28,90.17
"8188",153,2003,88.46,94,87.81,93.52,90.36,93.09,90.6
"8189",154,2003,88.37,92.28,88.43,93.21,89.05,92.66,89.85
"8190",155,2003,86.14,88.74,86.37,91.87,86.96,90.66,88.67
"8191",156,2003,84.68,86.46,85.85,90.54,84.13,91.68,85.5
"8192",157,2003,89.54,90.75,88.78,89.83,89.56,89.16,87.32
"8193",158,2003,94.13,95.13,93.91,92.8,94.56,91.47,91.71
"8194",159,2003,86.78,86.92,87.27,87.87,86.8,87.86,85.95
"8195",160,2003,85.42,90.44,85.55,91.27,86.75,90.97,88.18
"8196",161,2003,87.93,91.04,87.43,91.93,88.91,92.74,89.28
"8197",162,2003,85.43,84.7,85.9,88.63,85.54,87.15,86.24
"8198",163,2003,90.47,92.79,89.87,89.57,91.34,88.8,89.83
"8199",164,2003,88.24,93.26,87.86,94.71,89.8,95.06,91.58
"8200",165,2003,85.58,88.82,86.07,88.79,87.08,87.52,88.06
"8201",166,2003,89.05,90.68,88.82,88.66,87.87,89.55,87.44
"8202",167,2003,87.09,90.13,87.75,91.2,88.37,91.36,88.98
"8203",168,2003,89.03,93.33,88.64,94.33,90.15,93.83,92.17
"8204",169,2003,90.14,94.23,88.99,94.18,91.09,92.67,91.33
"8205",170,2003,91.23,95.62,90.15,94.08,92.37,92.77,91.52
"8206",171,2003,88.17,90.54,87.66,91.36,88.4,89.13,88.65
"8207",172,2003,90.83,96.24,90.44,94.25,92.64,94.34,91.33
"8208",173,2003,94.84,95.77,93.82,91.55,94.82,93.13,91.05
"8209",174,2003,87.69,90.2,87.02,89.9,87.55,89.64,87.01
"8210",175,2003,82.88,83.35,84.12,85.39,82.17,86.71,81.67
"8211",176,2003,87.12,90.24,87.32,89.98,87.76,91.36,87.2
"8212",177,2003,88.79,93.78,88.38,92.45,89.83,92.91,88.44
"8213",178,2003,84.67,80.84,86.09,81.73,83.77,81.7,81.73
"8214",179,2003,84.35,85.71,85.58,86.8,84.62,84.35,85.55
"8215",180,2003,88.68,90.82,88.5,91.63,89.48,89.75,88.59
"8216",181,2003,90.07,88.71,89.78,86.74,88.69,85.51,85.12
"8217",182,2003,95.25,97.66,94.96,95.56,96.43,95.09,95.26
"8218",183,2003,89.35,88.34,89.12,89.25,88.13,88.47,88.32
"8219",184,2003,86.52,87.85,86.43,89.6,85.17,88.37,87.11
"8220",185,2003,90.07,95.55,90.27,97.04,90.93,97.79,92.7
"8221",186,2003,86.59,87.34,87.21,89.01,86.16,88.47,86.91
"8222",187,2003,81.74,77.99,83.19,78.42,81.33,77.42,79.09
"8223",188,2003,79.63,75.54,81.34,76.93,79,74.43,78.66
"8224",189,2003,85.92,87.83,86.56,83.62,87.58,82.47,86.21
"8225",190,2003,85.62,91.05,86.19,90.88,87.68,90.43,88.21
"8226",191,2003,86.07,89.25,86.58,85.47,87.85,84.76,85.58
"8227",192,2003,91.13,95.3,91.07,93.5,91.6,93.58,91.78
"8228",193,2003,91.32,93.46,92.03,94.54,88.92,97.13,89.25
"8229",194,2003,88.3,89.69,88.98,92.66,84.64,95.85,85.43
"8230",195,2003,83.95,89.12,84.49,93.21,84.23,95.34,87.89
"8231",196,2003,86.62,92.22,86.59,93.11,88.62,93.66,90.11
"8232",197,2003,84.8,91.35,84.68,94.37,84.78,95.59,88.93
"8233",198,2003,85.76,91.86,85.68,95.28,86.93,96.07,91.43
"8234",199,2003,81.67,83.92,83.16,89.28,79.86,88.78,83.63
"8235",200,2003,84.43,91.26,84.09,90.74,83.57,90.73,84.5
"8236",201,2003,89.95,96.23,88.73,97.27,90.47,97.53,92.99
"8237",202,2003,88.4,94.32,87.36,95.6,90.04,95.52,92.62
"8238",203,2003,88.44,94.89,87.86,95.68,88.96,95.69,90.88
"8239",204,2003,88.34,94.75,87.98,95.84,89.11,96.49,91.4
"8240",205,2003,87.66,92.09,88.03,91.53,89.86,91.4,89.93
"8241",206,2003,90.57,97.01,89.4,97.04,92.47,97.96,94.12
"8242",207,2003,90.93,96.23,90.4,96.32,92.2,97.21,92.82
"8243",208,2003,86.27,89.88,86.54,94,85.69,93.97,89.41
"8244",209,2003,79.34,83.75,79.67,88.44,79.12,85.46,85.61
"8245",210,2003,83.68,89.74,83.88,91.01,85.95,90.24,89.43
"8246",211,2003,91.88,98.17,90.72,96.54,91.39,97.08,91.96
"8247",212,2003,87.49,92.81,87.33,95.32,88.19,96.38,89.64
"8248",213,2003,87.88,93.85,88.84,96.36,89.68,96.98,92.82
"8249",214,2003,82.08,88.59,81.71,91.42,83.92,90.5,88.68
"8250",215,2003,87.65,91.18,86.78,89.96,88.88,87.67,89.6
"8251",216,2003,89.09,92.73,87.93,92.34,89.26,90.9,89.1
"8252",217,2003,84.46,86.96,84.41,88.85,85.09,89.21,85.94
"8253",218,2003,81.03,81.18,81.84,84.49,80.66,85.29,80.65
"8254",219,2003,84.68,83.15,84.84,82.76,85,81.21,83.05
"8255",220,2003,86.8,87.92,87.38,85.91,87.42,83.26,86.92
"8256",221,2003,90.29,95.25,89.64,93.18,90.83,91.83,90.3
"8257",222,2003,90.8,94.06,90.54,93.78,89.95,94.72,88.57
"8258",223,2003,86.75,91.97,86.23,93.01,86.72,95,88.13
"8259",224,2003,88.46,94.81,87.83,94.21,88.61,95.05,89.29
"8260",225,2003,90.5,95.69,90.04,96.52,91.99,96.57,92.97
"8261",226,2003,87.59,92.52,86.72,95.05,87.4,96.03,90.62
"8262",227,2003,86.89,92.92,86.1,93.35,87.79,93.56,88.6
"8263",228,2003,84.5,85.83,85.74,85.89,84.87,88.07,82.42
"8264",229,2003,89.29,93.07,89.19,91.07,90.84,91.28,88.44
"8265",230,2003,88.88,94.6,88.23,94.3,90.44,95.7,90.67
"8266",231,2003,87.34,92.95,86.97,91.87,88.72,92.2,90.07
"8267",232,2003,84.59,87.7,84.59,89.34,85.93,87.27,88.15
"8268",233,2003,83.98,89.81,83.94,89.44,86.08,88.36,86.86
"8269",234,2003,82.97,88.04,82.72,87.09,84.6,88.29,84.2
"8270",235,2003,84.54,90.67,84.48,91.39,86.18,92.74,86.48
"8271",236,2003,85.87,87.46,86.32,88.16,86.67,86.57,85.45
"8272",237,2003,85.76,90.66,86.33,88.11,86.36,89.66,84.72
"8273",238,2003,86.24,90.82,85.84,91.61,87.91,93.38,88.06
"8274",239,2003,86.93,93.6,86.41,93.82,87.63,95.18,87.75
"8275",240,2003,87.88,94.29,87.53,94.94,87.88,96.56,88.63
"8276",241,2003,86.92,87.17,87.54,90.37,83.94,92.13,85.16
"8277",242,2003,82.85,82.71,84.52,88.78,76.69,92.49,80.47
"8278",243,2003,83.54,87.81,84.2,90.95,79.88,92.66,83.14
"8279",244,2003,81.13,88.32,80.98,89.71,80.54,90.71,83.97
"8280",245,2003,84.67,90.04,83.79,90.14,85.55,89.43,85.07
"8281",246,2003,81.55,86,81.43,86.7,81.49,87.17,81.17
"8282",247,2003,85.51,89.86,85.17,90.47,86.63,90.19,86.6
"8283",248,2003,85.89,90.58,85.17,90.79,88.02,91.02,87.32
"8284",249,2003,83.21,84.23,83.65,85.43,83.69,84.29,84.45
"8285",250,2003,82.66,85.12,82.79,81.16,84.06,80.87,82.64
"8286",251,2003,89.53,92.74,88.81,88.06,90.82,86.37,88.53
"8287",252,2003,89.02,93.74,87.61,93.4,88.82,92.41,90.28
"8288",253,2003,86.66,82.58,87.43,87.71,84.03,88.33,82.47
"8289",254,2003,90.02,94.25,89.52,94.42,91.47,95.48,91.2
"8290",255,2003,86.22,89.48,86.14,88.61,86.01,91.95,84.65
"8291",256,2003,86.04,93.19,85.7,92.24,85.03,94.46,87.01
"8292",257,2003,81.84,86.67,82.63,89.56,78.61,91.63,82.04
"8293",258,2003,81.75,84.62,81.59,89.13,80.23,89.56,81.94
"8294",259,2003,83.11,88.27,82.88,91.12,84.14,91.57,85.65
"8295",260,2003,83.71,85.96,83.83,87.54,84.23,87.63,83.32
"8296",261,2003,88,92.12,87.75,93.38,88.58,92.86,89.5
"8297",262,2003,85.6,89.21,85.37,92.39,86.33,90.82,89.32
"8298",263,2003,88.28,93.06,87.3,93.42,89.71,93.14,89.92
"8299",264,2003,84.92,89.98,84.9,92.54,87.04,92.17,89.31
"8300",265,2003,84.32,87.86,85.29,88.54,85.59,87.49,87.05
"8301",266,2003,86,90.89,85.73,87.26,86.42,86.18,85.17
"8302",267,2003,86.95,88.74,87.16,85.07,86.87,83.4,84.69
"8303",268,2003,82.31,83.02,82.55,83.16,82.49,81.27,81.01
"8304",269,2003,83,86.82,82.73,82.34,83.42,81.3,82.8
"8305",270,2003,85.97,90.86,86.66,87.1,87.26,88.02,86.97
"8306",271,2003,90.35,92.71,90.03,89.22,90.45,88.45,89.66
"8307",272,2003,89.95,92.29,89.3,91.33,91,89.49,89.13
"8308",273,2003,87.5,91.32,87.49,90.91,88.26,91.2,86.55
"8309",274,2003,87.11,88.53,87.29,86.96,87.86,85.71,85.06
"8310",275,2003,86,87.05,85.93,87.26,85.31,84.59,85.12
"8311",276,2003,85.32,85.52,85.31,87.39,86.43,84.48,85.74
"8312",277,2003,84.46,87.61,85.12,87.11,86.63,85.34,85.98
"8313",278,2003,84.65,88.14,84.4,88.81,85.92,87.11,87.35
"8314",279,2003,85.35,89.9,84.82,89.11,87.08,88.45,85.91
"8315",280,2003,85.65,88.59,85.6,89.56,86.32,87.96,86.82
"8316",281,2003,85.77,87.66,84.69,87.16,85.97,84.36,85.55
"8317",282,2003,82.29,81.62,82.44,82.51,81.81,78.81,83.81
"8318",283,2003,85.88,86.54,86.16,83.61,84.68,80.82,85.04
"8319",284,2003,88.21,89.78,88.01,86.73,88.99,84.98,87.64
"8320",285,2003,87.64,94.29,86.62,93.82,89.29,92.38,89.86
"8321",286,2003,90.27,94.04,89.87,95.3,90.33,94.93,89.76
"8322",287,2003,86.82,93.05,85.96,94.82,86.83,95.4,89.64
"8323",288,2003,87.41,96.1,86.22,96.65,90.63,97.33,92.72
"8324",289,2003,87.85,90.64,87.58,90.1,89.56,90.12,90.58
"8325",290,2003,85.56,87.65,85.62,88.47,86.6,86.97,89.4
"8326",291,2003,84.1,88.57,83.75,91.11,85.06,88.15,90.05
"8327",292,2003,82.45,84.99,83.22,89.25,83.28,86.97,86.11
"8328",293,2003,88.88,90.14,89.15,89.09,88.82,87.93,86.7
"8329",294,2003,86.97,90.95,86.76,89.51,86.8,89.68,86.04
"8330",295,2003,81.55,81.88,82.35,83.13,81.43,82.18,82.37
"8331",296,2003,84.1,86.08,83.92,84.98,84.42,84.43,83.18
"8332",297,2003,83.94,84.14,84.69,84.48,83.26,84.62,81.81
"8333",298,2003,86.73,86.28,86.62,83.86,85.59,83.08,83.58
"8334",299,2003,80.48,82.5,81.38,78.34,83.13,77.64,81.21
"8335",300,2003,81.72,85.67,81.76,82.06,82.9,82.47,84.36
"8336",301,2003,84.2,86.44,83.54,83.11,84.2,81.8,84.8
"8337",302,2003,90.27,93.72,90.04,92.14,91.44,89.65,93.47
"8338",303,2003,87.61,91.22,88.74,92.96,89.11,91.37,92.52
"8339",304,2003,86.76,90.98,86.89,92.23,89.46,89.52,92.23
"8340",305,2003,85.76,87.29,85.13,87.35,86.42,84.86,86.8
"8341",306,2003,84.11,82.63,84.25,79.67,83.98,77.27,82.29
"8342",307,2003,89.69,92.35,90.36,91.75,91,89.85,92.62
"8343",308,2003,89.41,93.07,89.5,89.19,90.08,88.75,90.99
"8344",309,2003,85.54,88.78,85.63,87.72,87.09,87.67,88.42
"8345",310,2003,86.01,87.59,85.41,85.99,85.02,86.96,84.92
"8346",311,2003,87.67,90.96,87.47,90.24,87.81,90.79,87.06
"8347",312,2003,85.04,85.36,85.54,87.34,84.32,86.41,85.46
"8348",313,2003,82.59,82.3,82.81,82.29,82.74,80.47,83.61
"8349",314,2003,86.79,89.57,86.75,86.61,87.45,85.68,87.66
"8350",315,2003,88.1,92.53,87.69,92.99,88.65,92.5,90.7
"8351",316,2003,87.02,89.94,86.3,91.67,87.34,91.22,88.33
"8352",317,2003,84.67,89.38,84.37,91.95,84.95,91.63,87.74
"8353",318,2003,85.31,87.23,85.28,87.53,85.94,86.73,85.52
"8354",319,2003,86.7,88.66,86.66,86.65,87.25,85.57,87.3
"8355",320,2003,85.61,87.19,85.04,84.36,86.21,83.97,85.02
"8356",321,2003,82.09,79.25,82.76,77.31,80.47,76.81,78.74
"8357",322,2003,81.06,83.13,81.64,79.94,82.14,78.26,81.92
"8358",323,2003,78.23,80.79,79.06,79.22,79.12,79.1,80.36
"8359",324,2003,81.13,86.26,81.87,84.76,82.36,84.95,84.7
"8360",325,2003,81.98,83.65,82.66,83.96,82.66,82.63,84.23
"8361",326,2003,86.86,91.16,86.68,90.79,88.05,90.46,88.82
"8362",327,2003,85.29,88.24,85.5,85.53,86.46,85.5,86.5
"8363",328,2003,84.84,86.5,86.23,85.25,85.23,83.2,86.35
"8364",329,2003,81.25,81.58,82.01,80.16,81.26,78.37,81.42
"8365",330,2003,82.26,83.6,82.59,78.23,82.76,77.76,79.31
"8366",331,2003,82.35,81.65,82.44,79.45,82.38,78.65,79.54
"8367",332,2003,85.76,85.09,86.5,82.82,85.06,82.19,83.13
"8368",333,2003,88.16,90.05,87.87,88.66,88.11,86.9,87.9
"8369",334,2003,85.44,90,85.12,89.55,85.82,89.41,87.06
"8370",335,2003,86.67,90.88,85.43,89.46,86.86,88.58,87.82
"8371",336,2003,89.05,92.74,87.78,89.25,89.54,88.43,89.11
"8372",337,2003,88.09,88.96,87.34,87.99,88.38,86.17,87.5
"8373",338,2003,86.29,87.46,85.27,87.68,86.7,87.49,86.32
"8374",339,2003,86.8,90.98,86.36,89.58,87.84,87.9,89.07
"8375",340,2003,88.21,92.29,87.74,89.25,89.38,88.88,88.33
"8376",341,2003,88.23,91.17,87.68,88.49,88.24,87.85,86.84
"8377",342,2003,84.85,85.23,85.25,84.35,84.02,83.76,83.04
"8378",343,2003,84.37,85.14,84.74,84.3,84.02,82.77,83.71
"8379",344,2003,82.06,81.71,81.95,82.31,81.32,81.67,82.62
"8380",345,2003,80.49,80.08,80.85,81.72,79.82,80.7,81.75
"8381",346,2003,81.99,81.5,83.14,79.69,81.24,79.34,79.98
"8382",347,2003,82.98,81.66,83.64,76.53,81.49,76.68,78.54
"8383",348,2003,78.64,78.36,79.34,78.54,77.15,76.17,78.63
"8384",349,2003,75.08,71.95,75.83,70.34,72.59,69.27,71.79
"8385",350,2003,77.65,72.84,79.53,71.45,74.81,70.6,72.11
"8386",351,2003,75.53,73.2,76.72,78.27,72.61,76.94,75.05
"8387",352,2003,79.14,74.42,80.35,76,76.49,73.88,74.7
"8388",353,2003,87.16,88.34,87.09,86.83,87.83,85.07,86.76
"8389",354,2003,84.57,85.24,86.81,90.11,85.33,87.69,87.8
"8390",355,2003,86.17,84.81,87.1,89.22,84.25,86.41,85.09
"8391",356,2003,80.27,82.2,80.93,87.46,80.5,84.72,84.24
"8392",357,2003,77.64,78.56,77.51,81.83,77.4,80.42,79.51
"8393",358,2003,73.87,72.44,75.52,78.78,72.5,76.26,76.3
"8394",359,2003,77.24,76.3,79.1,82.04,76.9,78.95,79.69
"8395",360,2003,81.85,80.71,82.88,82.21,81.05,80.11,82.43
"8396",361,2003,83.72,89.52,83.22,88.7,84.38,88.61,86.49
"8397",362,2003,76.15,82.16,76.94,82.46,78.45,80.1,82.38
"8398",363,2003,68.83,74.57,69.75,79.07,71.89,75.21,79.59
"8399",364,2003,63.67,72.33,64.97,79.36,66.68,76.48,77.84
"8400",365,2003,61.78,69.76,62.74,79.01,65.49,76.32,77.07
"8401",1,2004,67.32,68.59,67.98,77.61,66.54,76.7,73.24
"8402",2,2004,71.89,75.75,72.01,85.3,71.86,85.63,78.25
"8403",3,2004,69.99,73.21,70.33,80.4,70.99,78.04,76.86
"8404",4,2004,66.01,69.34,66.98,79,68.1,75.46,76.05
"8405",5,2004,61.65,61.3,62.51,71,61.11,68.26,68.37
"8406",6,2004,67.91,70.44,67.39,79.57,69.87,76.6,75.8
"8407",7,2004,68.22,75.31,67.89,83.55,70.9,82.2,79.06
"8408",8,2004,64.95,69.89,66.44,81.67,68.29,77.17,78.99
"8409",9,2004,64.02,65.14,64.21,73.4,65.15,70.16,71.94
"8410",10,2004,65.71,67.75,65.43,74.72,66.23,71.79,72.97
"8411",11,2004,64.54,68.5,64.2,75.78,66.78,72.75,74.53
"8412",12,2004,64.06,70.17,64.14,77.08,66.59,75.62,74.74
"8413",13,2004,61.4,72.67,60.83,82.24,66.33,80.28,80.15
"8414",14,2004,52.36,62.03,52.88,77.42,56.69,73.83,74.95
"8415",15,2004,53.99,60.3,54.64,73.34,56.3,70.33,70.13
"8416",16,2004,59.56,64.26,60.01,71.56,61.55,69.46,69.16
"8417",17,2004,60.12,64.78,60.67,71.73,63.04,69.06,71.88
"8418",18,2004,58.25,63.9,58.63,72.22,61.43,69.42,71.56
"8419",19,2004,57.72,63.69,57.73,71.53,60.76,69.12,70.38
"8420",20,2004,54.68,60.33,55.35,71.68,57.97,68.39,69.8
"8421",21,2004,50.56,57.93,51.55,71.76,53.91,67.67,70.5
"8422",22,2004,50.64,56.4,52.23,67.24,53.34,65.34,65.83
"8423",23,2004,48.78,53.3,50.11,63.32,50.54,60.61,61.97
"8424",24,2004,50.3,54.19,52.26,64.38,52.69,62.14,62.69
"8425",25,2004,51.26,54.41,52.37,64.73,52.73,61.97,64.18
"8426",26,2004,50.62,50.81,51.85,61.09,50.85,59.22,59.6
"8427",27,2004,52.25,49.35,53.24,56.9,51.04,55.99,56.23
"8428",28,2004,54.06,53.97,55.5,62.78,54.58,60.47,61.86
"8429",29,2004,51,52.9,51.76,60.99,52.17,58.92,60.44
"8430",30,2004,46.97,49.44,48.48,61.37,48.33,57.88,58.89
"8431",31,2004,48.96,47.42,51.1,58.46,48.63,55.45,56.75
"8432",32,2004,48.54,47.19,51.1,57.24,48.28,54.24,55.7
"8433",33,2004,49.79,46.82,52.57,58.48,48.46,55.1,56.97
"8434",34,2004,56.73,57.37,56.33,64.52,56.89,62.04,64.14
"8435",35,2004,48.08,48.78,48.84,58.22,49.61,55.31,57.5
"8436",36,2004,50.42,46.98,52.85,52.6,47.78,49.89,52.11
"8437",37,2004,51.58,50.52,52.63,58.73,52.12,55.02,58.56
"8438",38,2004,49.99,48.65,51.03,59.28,49.65,55.17,58.57
"8439",39,2004,47.7,46.54,48.82,56.09,47.76,52.53,55.59
"8440",40,2004,43.3,42.93,43.02,48,44.42,44.2,49.63
"8441",41,2004,48.13,50.66,46.98,55.83,50.05,51.66,56.11
"8442",42,2004,50.99,50.92,51.79,61.81,50.89,57.19,60.58
"8443",43,2004,49.42,47.3,51.56,61.87,48.31,56.81,60.22
"8444",44,2004,51.98,48.33,54.29,60.36,50.03,56.36,58.78
"8445",45,2004,51.18,50.84,52.74,63.73,50.85,59.8,61.63
"8446",46,2004,48.74,50.81,49.41,60.77,49.68,57.19,60.1
"8447",47,2004,46.7,45.83,47.49,51.78,46.79,48.93,52.72
"8448",48,2004,45.37,39.73,47.32,46.61,43.66,43.34,48.8
"8449",49,2004,47.21,42.49,48.6,51.51,45.52,45.97,53.14
"8450",50,2004,50,50.02,50.43,59.06,50.23,54.62,59.52
"8451",51,2004,51.26,58.11,52.24,72.46,53.72,67.75,70.93
"8452",52,2004,56.76,66.42,55.85,80.78,59.39,77.34,78.87
"8453",53,2004,56.63,66.28,55.52,81.11,59.01,76.13,79.15
"8454",54,2004,56.69,62.02,58.21,78.46,59.69,72.22,76.13
"8455",55,2004,59.92,62.33,62.25,74.81,62.61,68.11,77.24
"8456",56,2004,61.78,65.65,65.24,82.36,68.86,74.47,84.05
"8457",57,2004,55.25,60.27,56.73,73.88,61.83,67.85,76.19
"8458",58,2004,52.34,57.14,54.72,71.6,58.9,65.6,72.5
"8459",59,2004,59.62,58.09,62.86,71.17,64.58,64.7,73.03
"8460",60,2004,75.62,71.29,77.65,77.53,77.24,71.41,79.54
"8461",61,2004,72.11,82.53,71.85,87.15,76.88,84.27,84.99
"8462",62,2004,63.69,73.87,63.82,84.05,67.63,81.33,80.51
"8463",63,2004,58.24,60.55,59.43,73.66,59.74,69.83,71.02
"8464",64,2004,53.96,54.8,55.26,66.6,56.23,60.83,66.64
"8465",65,2004,54.75,55.22,54.35,63.94,57.08,58.76,65.5
"8466",66,2004,54.59,54.9,54.62,65.55,56.3,59.82,66.28
"8467",67,2004,49.99,49.61,50.75,61.09,50.4,55.34,61.67
"8468",68,2004,50.6,48.86,51.36,61.91,50.88,56.16,62.05
"8469",69,2004,52.57,51.26,55.71,65.99,54.43,60.2,64.68
"8470",70,2004,67.62,68.66,69.37,79.22,71.57,73.89,75.45
"8471",71,2004,73.9,76.06,76.08,83.35,75.75,80.65,81.38
"8472",72,2004,64.64,67.67,67.95,72.55,69.27,69.68,72.56
"8473",73,2004,54.26,60.59,55.22,69.91,59.08,66.41,68.81
"8474",74,2004,51.54,54.91,53.78,68,54.34,63.51,65.87
"8475",75,2004,52.27,58.23,53.37,73.92,56.03,68.98,70.95
"8476",76,2004,47.97,51.4,48.71,66.16,50.26,61.15,64.44
"8477",77,2004,51.17,53.63,52.31,64.39,52.97,60,63.38
"8478",78,2004,51.84,57.44,52.29,68.75,54.25,65.28,66.48
"8479",79,2004,45.65,50.32,45.29,64.57,47.98,59.42,63.33
"8480",80,2004,42.27,46.61,42.04,60.48,43.55,55.16,59.23
"8481",81,2004,46.08,47.32,46.2,61.72,46.82,55.36,60.28
"8482",82,2004,50.94,55.03,51.37,71.98,53.51,65.59,68.93
"8483",83,2004,54.88,60.92,57.81,77.33,58.31,71.56,73.97
"8484",84,2004,62.87,64.4,66.5,80.55,63.34,75.35,76.45
"8485",85,2004,62.59,63.85,66.06,80.53,63.22,73.19,77.16
"8486",86,2004,55.37,64.28,56.39,80.29,58.58,73.16,78.08
"8487",87,2004,52.05,60.23,52.88,77.69,55.29,70.68,76.42
"8488",88,2004,52.35,60.73,53.64,81.21,57.54,76.26,79.15
"8489",89,2004,56.94,64.69,60.55,80.44,60.84,77.85,78.7
"8490",90,2004,61.15,67.15,64.39,83.02,67.1,77.93,82.41
"8491",91,2004,61.81,64,66.33,79.29,65.28,73.36,77.87
"8492",92,2004,66.75,67.32,71.15,80.53,66.72,74.77,76.4
"8493",93,2004,81.14,86.75,80.24,91.02,81.07,89.28,85.54
"8494",94,2004,86.87,90.79,86.75,93.59,84.76,94.29,90.41
"8495",95,2004,81.62,82.81,82.53,86.41,78.59,86.01,82.66
"8496",96,2004,81.96,80.13,83.57,82.4,80.59,82.42,79.72
"8497",97,2004,78.55,72.79,81.08,75.23,76.56,72.95,75.88
"8498",98,2004,77.57,73.17,80.04,75.44,74.69,72.79,75.58
"8499",99,2004,75.9,70.16,79.05,75.86,72.09,73.34,74.36
"8500",100,2004,79.52,74,81.82,77.72,77.93,73.92,76.43
"8501",101,2004,79.57,73.11,82.41,74.98,77.64,71.46,75.49
"8502",102,2004,85.22,80.76,87,79.4,81.7,77.98,80.12
"8503",103,2004,82.82,87.58,83.79,89.92,81.93,89.57,87.88
"8504",104,2004,83.58,86.43,83.16,88.05,83.54,86,88.11
"8505",105,2004,80.8,82.93,81.86,86.2,80.99,85.21,84.4
"8506",106,2004,81.48,82.43,82.12,84.54,80.32,82.78,84.08
"8507",107,2004,74.99,75.69,76.73,83.36,73.77,81.15,83
"8508",108,2004,74.94,74.46,78.15,78.7,74.68,76.43,79.2
"8509",109,2004,85.95,91.37,86.54,88.79,87.41,88.34,86.88
"8510",110,2004,84.1,86.67,85.47,89.14,83.32,89.17,85.31
"8511",111,2004,90.3,92.17,90.29,94.36,90.22,93.75,91.13
"8512",112,2004,86.12,82.11,88.11,86.99,84.54,86.84,85.5
"8513",113,2004,86.53,82.95,87.87,85.92,86.04,83.39,86.13
"8514",114,2004,90.82,94.7,90.74,94.24,91.22,92.8,93.52
"8515",115,2004,89.19,91.05,88.76,86.1,90.12,83.99,89.62
"8516",116,2004,88.62,93.91,87.9,93.11,88.4,93.16,90.45
"8517",117,2004,85.67,91.01,85.14,90.54,86.49,89.43,89.3
"8518",118,2004,87.87,91.83,87.56,89.52,88.5,88.52,88.81
"8519",119,2004,88.32,90.37,87.38,88.81,89.2,88.47,89.39
"8520",120,2004,88.32,89.43,88.05,87.19,87.93,86.26,86.52
"8521",121,2004,90.78,94.77,90.18,93.12,91.65,92.51,91.89
"8522",122,2004,91.27,97.1,90.59,96.68,92.68,96.13,93.51
"8523",123,2004,91.85,95.67,90.92,95.43,91.12,95.86,91.46
"8524",124,2004,91.86,96.23,90.47,97,93.22,95.63,95.34
"8525",125,2004,92.62,98.19,91.49,96.71,92.66,97.67,93.02
"8526",126,2004,91.43,97.47,91.21,96.35,92.92,96.95,93.19
"8527",127,2004,86.34,90.83,86.57,93.34,87.94,92.74,91.1
"8528",128,2004,90,93.12,90.92,92.92,91.95,91.7,90.85
"8529",129,2004,88.3,94.09,88.8,93.75,90.05,94.54,91.6
"8530",130,2004,91.45,96.71,90.89,96.39,92.02,97.58,93.3
"8531",131,2004,83.94,91.21,83.59,92.86,84.79,92.3,90.78
"8532",132,2004,89.49,96.13,87.62,95,89.94,94.83,91.89
"8533",133,2004,89.12,91.15,88.91,92.28,89.91,90.92,90.44
"8534",134,2004,92.39,93.6,91.8,92.63,91.5,91.81,90.02
"8535",135,2004,85.51,94.07,86.06,95.5,86.52,96.2,89.58
"8536",136,2004,85.23,88.39,85.84,91.74,85.44,92.01,87.42
"8537",137,2004,86.66,85.38,87.68,88.81,85.16,88.78,85.69
"8538",138,2004,94.16,94.86,93.92,93.17,94.06,91.26,93.03
"8539",139,2004,93.24,97.69,92.58,95.79,93.8,96.51,94.47
"8540",140,2004,91.63,94.56,91.81,95.78,91.97,96.55,92.09
"8541",141,2004,87.36,94.01,87.02,94.98,85.5,96.67,90.13
"8542",142,2004,87.34,90.53,86.69,87.97,87.41,87.21,87.85
"8543",143,2004,89.69,92.06,89.01,91.52,88.89,91.56,91.72
"8544",144,2004,86.51,90.57,86.71,92.65,86.57,92.09,90.09
"8545",145,2004,87.73,90.51,87.97,89.65,87.51,88.53,89.33
"8546",146,2004,89.66,93.74,90.32,90.15,90.1,91.12,87.92
"8547",147,2004,86.63,88.2,87,87.46,85.58,89.69,84.31
"8548",148,2004,90.76,93.9,90.34,91.37,90.16,92.26,89.48
"8549",149,2004,91.46,94.77,90.41,89.68,92.92,91.31,89.29
"8550",150,2004,91.4,95.12,90.83,92.68,91.9,94.17,91.55
"8551",151,2004,90.41,95.74,89.65,95.38,91.25,94.98,92.53
"8552",152,2004,90.53,96.04,89.72,96.44,91.09,96.55,93.05
"8553",153,2004,91.09,93.88,89.82,93.89,89.77,94.86,90.36
"8554",154,2004,89.49,89.92,89.49,92.22,88.52,90.73,89.95
"8555",155,2004,90.99,93.44,90.11,91.56,91.35,90.85,89.66
"8556",156,2004,89.51,89.93,89.2,91.49,90.69,91.17,90.24
"8557",157,2004,92.55,95.01,92.16,94.73,93.57,93.93,93.58
"8558",158,2004,94.29,97.9,93.85,97.43,95.64,98.01,95.96
"8559",159,2004,86.53,86.64,87.23,90.96,85.73,90.3,88.18
"8560",160,2004,90.74,91.7,90.1,90.19,89.86,91.73,88.01
"8561",161,2004,92.75,92.56,92.67,92.19,91,91.98,89.56
"8562",162,2004,85.7,88.24,85.3,86.23,86.66,88.08,82.44
"8563",163,2004,84.47,86.73,84.85,86.29,84.87,88.6,82.87
"8564",164,2004,93.54,96.29,92.69,92.81,92.11,94.7,88.64
"8565",165,2004,89.8,92.83,90.09,94.15,89.7,95.92,88.65
"8566",166,2004,90.75,96.36,89.4,97.06,89.94,98.47,90.78
"8567",167,2004,88.09,92.74,87.73,94.4,90.81,92.86,92.98
"8568",168,2004,88.96,94.12,89.13,95.46,90.18,95.45,91.95
"8569",169,2004,86.55,91.13,86.19,93.9,84.86,94.57,87.53
"8570",170,2004,90.05,96.4,89.12,96.76,90.78,97.78,92.34
"8571",171,2004,88.84,93.53,88.63,94.72,89.16,95.31,89.86
"8572",172,2004,90.18,96.14,89.59,97.65,91.21,98.3,93.48
"8573",173,2004,87.51,94.01,86.23,94.85,88.91,95.04,91.78
"8574",174,2004,84.62,88.78,84.14,87.24,85.96,89.02,83.77
"8575",175,2004,89.33,92.29,89.37,90.11,89.48,91.59,87.68
"8576",176,2004,87.98,90.79,89.05,90.81,89.15,90.39,88.08
"8577",177,2004,79.52,71.08,81.53,71.76,75.69,71.15,72.76
"8578",178,2004,78.15,73.16,80.11,76.39,75.18,74.86,76.41
"8579",179,2004,90.9,91.38,90.57,86.65,90.03,87.19,85.95
"8580",180,2004,93.3,96.44,93.17,93.66,94.02,94.38,92.21
"8581",181,2004,89.83,92.96,89.81,94.69,91.47,94.2,92.9
"8582",182,2004,85.2,80.24,86.26,85.66,83.2,83.57,83.04
"8583",183,2004,89.31,88.43,89.58,85.61,89.59,83.67,87
"8584",184,2004,84.02,82.89,85.09,81.59,84.59,78.89,83.83
"8585",185,2004,88.16,91.11,88.3,88.2,88.12,86.61,88.3
"8586",186,2004,91.42,96.02,90.56,92.33,91.47,92.09,90.74
"8587",187,2004,89.31,94.74,89.29,93.71,90.25,94.23,90.52
"8588",188,2004,89.39,91.12,89.53,91.13,88.77,91.82,88.56
"8589",189,2004,87.15,90.6,87.16,90.6,87.35,91.21,87.64
"8590",190,2004,85.38,86.92,85.21,85.41,85.7,84.44,85.19
"8591",191,2004,87.62,92.26,86.98,90.12,88.22,88.34,88.51
"8592",192,2004,85.88,83.01,86.4,86.22,86.55,82.44,84.5
"8593",193,2004,84.7,83.66,86.56,87.5,83.76,86.41,84.27
"8594",194,2004,87.74,88.67,88.19,87.72,87.6,87.92,83.81
"8595",195,2004,83.1,79.94,84.63,83.61,82.58,82.06,82.59
"8596",196,2004,83.48,78.53,84.84,79.63,82.74,77.66,80.76
"8597",197,2004,85.78,86.14,86.1,84.85,85.89,82.8,83.87
"8598",198,2004,88.11,91.5,88.37,89.58,88.77,90.26,87.17
"8599",199,2004,88.17,92.27,88.26,91.25,89.46,94.29,88.25
"8600",200,2004,83.55,84.71,84.27,87.92,83.53,89.2,84.7
"8601",201,2004,91.88,96.17,90.25,95.82,92.49,96.1,92.32
"8602",202,2004,90.69,95.64,90.41,92.95,91.37,94.03,89.92
"8603",203,2004,87.54,90.6,87.06,90.02,87.16,93.82,86.01
"8604",204,2004,85.34,91.86,85.07,93.11,87.86,94.82,90.03
"8605",205,2004,85.08,87.45,85.04,86.44,87.08,85.68,86.02
"8606",206,2004,86.78,88.58,87.23,84.68,88.6,84.18,86.29
"8607",207,2004,87.23,89.93,87.37,90.25,88.02,91.26,87.87
"8608",208,2004,90.91,94.54,90.24,91.8,91.39,92.68,90.73
"8609",209,2004,89.97,93.7,89.34,90.93,90.6,92.13,89.71
"8610",210,2004,88.12,93.35,88.89,93.76,88.95,96.15,89.24
"8611",211,2004,90.54,94.25,89.58,94.13,90.92,94.29,91.2
"8612",212,2004,89.56,95.77,88.19,94.17,89.98,95.2,89.23
"8613",213,2004,88.89,92.68,88.27,93.75,88.53,95.96,88.72
"8614",214,2004,84.62,89.41,85.45,91.35,85.79,91.31,88.2
"8615",215,2004,87.19,90.35,87.78,92.91,87.83,92.69,89.93
"8616",216,2004,86.61,89.81,87.14,91.37,88.69,89.52,88.9
"8617",217,2004,88.31,92.31,87.77,90.29,88.41,87.68,89.9
"8618",218,2004,83.17,86.58,83.11,86.59,83.82,88.38,82.55
"8619",219,2004,88.33,94.56,88.25,94.27,88.74,95.34,89.81
"8620",220,2004,85.97,89.82,85.57,92.54,84.13,94.88,85.59
"8621",221,2004,82.42,86.79,83.24,88.68,79.18,92.49,79.49
"8622",222,2004,82.89,87.37,83.21,87.73,81.19,90.18,80.61
"8623",223,2004,80.7,83.28,81.93,87.45,78.96,89.34,82.34
"8624",224,2004,80.46,82.97,81.63,88.79,79.32,91.65,81.13
"8625",225,2004,83.96,90.29,83.89,90.76,84.57,93.94,84.6
"8626",226,2004,86.2,92.73,84.21,92.52,87.06,92.11,87.09
"8627",227,2004,88.7,95.5,87.45,93.19,90.42,96.49,87.56
"8628",228,2004,86.83,88.58,86.88,85.91,87.51,87.1,83.76
"8629",229,2004,87.86,87.38,88,87.15,86.58,86.46,85.72
"8630",230,2004,87.29,91.2,86.95,92.89,88.52,91.18,89.39
"8631",231,2004,90.07,94.98,89.23,91.95,91.02,92.84,90.33
"8632",232,2004,87.67,91.54,86.47,92.1,87.96,92.68,87.92
"8633",233,2004,90.74,93.88,89.99,91.77,90.84,91.24,89.5
"8634",234,2004,93.22,96.64,91.89,91.88,92.63,93.17,90.41
"8635",235,2004,87.37,91.67,86.82,90.1,86.94,91.65,84.99
"8636",236,2004,82.87,86.07,82.54,88.38,83.44,88.98,84.36
"8637",237,2004,83.55,84.47,83.37,88.46,83.73,88.68,84.2
"8638",238,2004,86.83,87.55,86.8,89.18,87.91,88.32,86.69
"8639",239,2004,84.87,84.68,85.29,82.84,85.18,83.35,82.36
"8640",240,2004,85.46,89.56,85.03,86.62,87.48,84.98,87.86
"8641",241,2004,87.49,91.72,87.48,88.81,89.11,88.36,87.96
"8642",242,2004,83.6,88.11,83.29,91.11,84.84,90.37,87.39
"8643",243,2004,84.9,89.54,84.44,90.97,86.5,89.86,87.87
"8644",244,2004,85.97,91.05,85.39,89.34,85.97,90.8,86.04
"8645",245,2004,84.72,88.1,84.73,89.44,86.4,89.67,85.33
"8646",246,2004,83.87,84.96,83.69,86.58,83.45,86.61,83.11
"8647",247,2004,86.37,89.34,85.97,88.64,86.63,89.41,85.07
"8648",248,2004,88.15,94.08,87.44,94.71,87.67,95.08,88.78
"8649",249,2004,91.85,95.81,91.44,96.3,92.66,97.32,91.21
"8650",250,2004,83.29,84.74,83.74,84.16,84.62,83.73,80.89
"8651",251,2004,79.12,80.65,79.07,75.79,80.24,75.06,78.74
"8652",252,2004,82.43,82.98,82.94,77.79,82.2,76.51,81.62
"8653",253,2004,87.05,93.47,85.72,90.36,86.26,90.58,87.08
"8654",254,2004,90.12,93.75,89.34,94.66,90.22,96.02,88.94
"8655",255,2004,84.25,89.78,84.31,92.57,84.75,93.25,86.79
"8656",256,2004,86.39,93.51,85.29,94.15,87.26,95.44,88.43
"8657",257,2004,80.92,87.51,80.98,90.97,78.85,92.83,82.55
"8658",258,2004,79.39,83.57,80.06,86.74,77.87,86.92,81.15
"8659",259,2004,82.23,89.4,81.88,90.9,81.38,90.45,85.67
"8660",260,2004,86.35,89.53,85.84,89.7,85.82,89.82,84.72
"8661",261,2004,84.46,89.87,83.92,88.86,84.35,90.64,83.44
"8662",262,2004,85.79,90.54,85.16,89.02,85.81,91.36,85.25
"8663",263,2004,85.64,86.96,86.01,88.42,85.47,86.7,86.41
"8664",264,2004,85.41,87.81,84.57,86.66,86.17,86.03,85.66
"8665",265,2004,86.02,88.97,85.97,86.59,86.16,86.21,84.94
"8666",266,2004,83.6,87.57,83.64,87.47,84.27,87.41,84.52
"8667",267,2004,83.32,88.12,82.98,87.65,84.05,87.77,83.82
"8668",268,2004,84.86,88.68,84.37,90.51,86.06,89.86,86.26
"8669",269,2004,88.82,90.54,88.58,89.84,88.66,90.86,86.35
"8670",270,2004,83.83,87.95,84.83,90.81,84.08,89.59,85.42
"8671",271,2004,86.49,92.07,86.07,93.49,88.65,93.27,88.6
"8672",272,2004,87.34,87.99,87.35,87.39,88.83,85.71,85.8
"8673",273,2004,85.85,87.9,85.34,87.2,86.39,84.85,86.66
"8674",274,2004,83.94,86.53,83.89,89.13,83.54,89.26,83.61
"8675",275,2004,85.44,87.6,86.56,88.92,86.6,86.81,86.48
"8676",276,2004,82.65,82.25,84.04,79.94,83.78,79.55,80.51
"8677",277,2004,84,86.29,83.84,82.48,83.93,80.01,83.81
"8678",278,2004,89.64,94.65,89.27,92.83,89.67,92.8,91
"8679",279,2004,87.85,94.21,86.94,95.84,88.89,95.91,91.48
"8680",280,2004,87.56,92.04,86.42,94.26,87.86,93.37,89.86
"8681",281,2004,86.48,88.91,86.91,92.95,87.09,90.93,90.33
"8682",282,2004,81.58,82.36,82.62,88.25,81.62,85.85,85.96
"8683",283,2004,83.38,84.61,83.38,88.1,83.8,87.18,84.5
"8684",284,2004,82,87.73,81.81,89.15,84.49,88.1,84.76
"8685",285,2004,82.05,83.38,82.84,83.83,83.36,83.4,80.86
"8686",286,2004,81.25,82.84,81.73,84.24,82.46,83.53,83.03
"8687",287,2004,82.07,84.4,82.39,83.01,83.02,80.65,82.59
"8688",288,2004,81.82,83.66,82.07,81.72,82.25,80.38,82.17
"8689",289,2004,81.79,78.88,82.51,78.87,80.53,77.87,79.11
"8690",290,2004,85.09,87.68,84.69,84.55,85.78,84.29,84.41
"8691",291,2004,82.11,81.59,83.36,78.93,82.11,77.74,80.68
"8692",292,2004,84,87.86,84.92,84.09,85.89,82.31,84.27
"8693",293,2004,84.42,86.81,84.42,80.91,84.32,80.29,82.52
"8694",294,2004,87.51,91.62,87.08,86.48,88.5,86.08,87.44
"8695",295,2004,87.29,91.6,87.47,92.9,89.37,91.75,89.43
"8696",296,2004,86.77,91.2,86.55,92.81,86.85,93.13,89.1
"8697",297,2004,82.46,84.22,83.15,89.7,82.16,89.54,85.51
"8698",298,2004,82.55,81.68,83.7,80.09,82.52,78.9,82.24
"8699",299,2004,85.03,88.59,85.13,84.74,86.27,84.19,85.96
"8700",300,2004,83.72,86.22,83.9,80.28,84.67,80.88,82.05
"8701",301,2004,85.68,86.78,85.63,80.72,85.91,80.43,82.68
"8702",302,2004,86.64,88,86.53,85.14,86.5,83.63,83.83
"8703",303,2004,88.64,94.96,88.77,95.55,90.73,95.38,92.62
"8704",304,2004,84.58,92.8,85.19,93.58,88.15,92.99,91.65
"8705",305,2004,82.9,87.01,82.64,89.84,84.08,89.6,86.31
"8706",306,2004,85.42,88.44,85.21,89.59,85.65,88.67,86.14
"8707",307,2004,87.43,89.22,87.55,88.16,87.72,89.53,84.32
"8708",308,2004,83.83,87.11,83.4,87.88,84.71,87.36,84.72
"8709",309,2004,82.95,83.2,83.72,82.62,82.39,80.77,82.04
"8710",310,2004,84.22,87.59,84.22,84.5,84.51,82.72,84.08
"8711",311,2004,86.51,88.75,86.72,89.78,86.29,87.47,86.92
"8712",312,2004,90.76,94.21,89.91,93.39,90.75,93.21,90.25
"8713",313,2004,85.42,90.67,85.11,91.66,86.68,90.85,88.79
"8714",314,2004,85.68,87.22,85.67,89.27,86.11,89.49,86.19
"8715",315,2004,86.58,89.78,85.41,91.23,86.72,90.65,89.49
"8716",316,2004,84.87,89.6,85.06,89.11,87.1,88.61,87.83
"8717",317,2004,84.23,88.04,85.29,88.86,87.03,87.17,89.34
"8718",318,2004,83.23,85.53,83.97,87.31,84.09,85,87.72
"8719",319,2004,87.04,89.96,87.19,86.92,87.93,85.4,88.75
"8720",320,2004,86.78,91.85,85.71,88.24,87.76,88.17,89.82
"8721",321,2004,83.92,92.14,82.16,87.6,86.13,86.55,88.93
"8722",322,2004,83.36,87.1,82.6,82.86,84,81.12,83.52
"8723",323,2004,86.14,92.65,85.13,87.76,86.88,86.28,88.26
"8724",324,2004,84.78,87.5,84.45,87.31,85.74,85.28,86.12
"8725",325,2004,84.86,86.31,85.26,83.89,86.26,83.22,84.33
"8726",326,2004,89.12,91.4,88.41,88.53,89.42,87.01,88.2
"8727",327,2004,84.65,81.97,84.88,80.8,83.69,80.59,80.57
"8728",328,2004,83.22,85.04,83.97,85.49,82.81,83.76,84.55
"8729",329,2004,87.18,88.85,86.93,85.82,87.88,84.61,86.17
"8730",330,2004,87.29,89.64,86.9,86.53,87.54,83.98,86.88
"8731",331,2004,90.51,94.75,90.5,89.71,91.37,87.24,90.25
"8732",332,2004,86.32,87.46,86.23,82.97,85.83,81.35,84.63
"8733",333,2004,80.45,80.54,82.31,77.75,81.78,78.3,79.3
"8734",334,2004,81.01,81.8,81.43,78.3,80.76,78.46,79.21
"8735",335,2004,82.63,87.01,82.95,85.36,84.01,84.42,85.05
"8736",336,2004,80.71,83.49,81.54,84.53,82.33,82.05,84.49
"8737",337,2004,81.34,80.24,82.82,84,82.14,80.69,82.97
"8738",338,2004,82.47,83.71,83.38,82.67,82.98,79.73,82.32
"8739",339,2004,82.61,80.34,83.6,84.54,80.68,82.34,81.8
"8740",340,2004,80.2,75.21,82.46,79.75,76.96,76.91,77.78
"8741",341,2004,85.7,88.83,85.92,85.12,86.22,82.58,84.54
"8742",342,2004,86.42,89.45,86.09,86.48,86.5,84.54,85.5
"8743",343,2004,81.96,84.01,82.21,84.3,82.21,83.38,82.34
"8744",344,2004,76.1,77.05,76.82,73.44,76.5,72.34,74.28
"8745",345,2004,76.13,74.61,77.29,64.5,75.65,66.08,66.42
"8746",346,2004,82.87,78.47,83.77,78.29,82.29,75.38,79.31
"8747",347,2004,84.21,84.57,84.85,86.5,84.64,82.48,85.74
"8748",348,2004,88.7,94.16,87.86,88.69,90.06,87.03,89.26
"8749",349,2004,85.07,87.45,85.22,83.64,85.6,81.36,83.82
"8750",350,2004,81.83,81.76,83.11,79.77,81.75,77.76,81
"8751",351,2004,83.1,83.44,83.82,78.76,83.41,76.94,80.59
"8752",352,2004,77.28,80.29,77.72,75.62,78.11,75.04,77.55
"8753",353,2004,75.29,74.77,76.67,71.05,74.25,69.26,73.83
"8754",354,2004,77.34,77.94,77.82,70,78.48,69.51,72.97
"8755",355,2004,81.7,79.61,82.95,76.88,81.27,74.36,78.33
"8756",356,2004,82.73,84.08,82.8,77.07,84.41,75.7,79.6
"8757",357,2004,78.88,82.39,79.02,78.06,79.97,78.11,78.82
"8758",358,2004,77.19,80.2,77.61,76.02,78.53,75.28,77.25
"8759",359,2004,72.53,75.22,73.55,73.19,73.43,72.83,73.19
"8760",360,2004,70.23,73.98,70.98,75.21,72.03,73.12,75.02
"8761",361,2004,65.06,69.64,66.51,73.69,68.07,70.35,74.62
"8762",362,2004,66.78,70.02,67.94,72.58,69.55,69.45,74.43
"8763",363,2004,70.8,72.56,71.81,74,72.9,70.46,75.86
"8764",364,2004,67.52,69.79,68.21,71.68,69.25,68.09,73.3
"8765",365,2004,64.88,64.78,66.01,67.57,65.19,64.11,68.38
"8766",366,2004,65.68,65.68,66.55,67.85,65.52,64.16,68.84
"8767",1,2005,73.96,74.91,75.39,80.12,75.51,75.63,78.25
"8768",2,2005,74.75,74.31,77.01,73.07,75.53,69.36,74.56
"8769",3,2005,71.74,80.37,72.37,78.74,76.52,74.61,79.08
"8770",4,2005,69.27,71.95,70.92,77.48,70.77,72.93,76.01
"8771",5,2005,69.04,77.07,70.26,85.54,71.82,83.43,80.69
"8772",6,2005,69.65,78.74,69.58,88.82,73.21,89.5,80.86
"8773",7,2005,64.28,68.43,64.59,78.91,65.47,77.38,73.2
"8774",8,2005,80.85,84.22,80.94,88.45,80.71,86.72,84.25
"8775",9,2005,83.24,85.16,84.78,90.22,82.48,89.28,86.42
"8776",10,2005,75.24,77.46,77.5,85.52,74.48,84.55,79.94
"8777",11,2005,74.02,73.24,75.57,81.61,72.8,78.46,77.59
"8778",12,2005,75.76,78.91,76.93,83.54,75.72,80.98,80.18
"8779",13,2005,79.2,84.39,79.4,85.41,80.1,84.37,82.57
"8780",14,2005,78.69,80.7,79.5,82.02,79.48,80.28,81.12
"8781",15,2005,78.41,89.46,78.13,90.4,81.95,90.88,88.48
"8782",16,2005,74.04,87.3,72.16,86.82,77.99,88.67,84.27
"8783",17,2005,65.12,76.04,65.53,80.96,67.76,80.93,77.52
"8784",18,2005,59.1,68.58,58.29,75.13,62.96,72.44,75.39
"8785",19,2005,53.5,64.38,52,69.52,60.34,66.45,72.31
"8786",20,2005,55.84,63.57,56.34,65.45,59.88,64.13,67.4
"8787",21,2005,54.56,61.29,53.92,64.36,58.23,63.5,65.01
"8788",22,2005,56.71,61.35,57.44,67.91,58.76,66.39,66.94
"8789",23,2005,61.87,64.28,62.27,64.26,63.72,64.04,65.65
"8790",24,2005,70.1,76.51,69.48,73.43,73.01,73.68,73.64
"8791",25,2005,65.42,76.77,63.56,76.14,69.85,75.98,75.51
"8792",26,2005,57.3,65.78,57.01,75.31,60.23,72.94,72.6
"8793",27,2005,55.47,59.37,54.9,68.19,57.34,65.9,65.78
"8794",28,2005,58.42,59.28,59.37,70.41,58.22,67.77,66.74
"8795",29,2005,58.97,63,59.84,73.27,60,70.74,69.66
"8796",30,2005,54.77,61.2,54.92,71.2,57.29,68.48,69.2
"8797",31,2005,54.4,59.02,54.86,69.65,56.47,65.48,68.14
"8798",32,2005,53.44,58.24,53.49,69.12,56.01,64.98,68.22
"8799",33,2005,50.17,55.93,51.45,66.39,52.15,63.62,65.49
"8800",34,2005,52.96,57.81,53.53,68.06,56,64.26,67.21
"8801",35,2005,57.81,60.61,60.75,73.94,58.62,69.84,70.06
"8802",36,2005,68.78,69.5,70.19,79.73,70.67,74.49,77.01
"8803",37,2005,76.18,73.49,77.86,82.1,77.25,76.89,80.15
"8804",38,2005,73.42,72.25,77.41,81.19,76.07,76.59,79.97
"8805",39,2005,76.15,79.08,77.62,86.12,78.17,82.7,83.65
"8806",40,2005,81.62,90.98,81.22,90.61,83.08,89.27,87.29
"8807",41,2005,90.46,93.7,89.78,94.59,90.09,93.11,91.26
"8808",42,2005,88.6,94.66,88.05,93.46,90.55,93.15,93.04
"8809",43,2005,83.83,88.08,84.01,85.63,85.52,86.26,85.7
"8810",44,2005,73.96,81.76,75.42,82.98,77.72,82.83,82.35
"8811",45,2005,67.84,66.95,69.63,69.47,68.82,67.2,71.6
"8812",46,2005,62.94,59.41,65.85,58.72,62,56.35,63.25
"8813",47,2005,62.96,60.31,64.49,61.74,63.76,59.2,66.11
"8814",48,2005,60.87,64.12,61.76,71.37,64.14,68.11,72.73
"8815",49,2005,59.98,63.98,60.07,71.88,63.65,67.7,72.63
"8816",50,2005,59.62,63.04,59.65,73.3,62.11,69.11,72.61
"8817",51,2005,55.33,60.87,54.8,68.92,58.98,65.62,69.5
"8818",52,2005,54.95,56.84,54.48,60.13,58.31,57.99,62.58
"8819",53,2005,52.08,54.83,51.54,61.47,55.01,57.83,63.36
"8820",54,2005,48.6,52.87,48.03,61.6,53.45,57.19,63.08
"8821",55,2005,47.78,50.17,46.87,59.72,49.94,55.56,59.82
"8822",56,2005,50.44,51.1,51.57,62.79,52.49,58.04,61.77
"8823",57,2005,57.65,57.99,58.11,68.1,59.9,62.27,67.48
"8824",58,2005,60.82,66.1,60.34,74.77,64.53,70.35,74.23
"8825",59,2005,53.42,58.64,53.82,68.33,57,64.25,68.72
"8826",60,2005,50.76,54.32,51.29,66.28,53.52,60.53,65.51
"8827",61,2005,57.17,62.15,56.75,71.56,59.22,67.07,69.35
"8828",62,2005,66.76,71.63,67.93,78.31,68.69,75.25,76.6
"8829",63,2005,64.85,67.42,66.82,78.27,67.94,72.99,77.5
"8830",64,2005,58.13,57.53,61.75,65.41,61.66,60.89,67.69
"8831",65,2005,57.69,57.53,60.56,61.04,60.09,56.16,64.1
"8832",66,2005,55.67,57.92,58.42,59.81,61.34,55.61,64
"8833",67,2005,47.78,52.55,50.04,60.31,54.09,55.37,63.01
"8834",68,2005,41.62,44.6,42.48,54.8,43.71,51.09,56.43
"8835",69,2005,39.96,41.58,39.99,49.08,41.96,46.18,51.17
"8836",70,2005,34.84,39.15,34.73,45.61,38.77,41.25,48.89
"8837",71,2005,36.56,37.24,38.57,44.25,38.17,40.55,46.44
"8838",72,2005,42.3,43.13,43.73,49.49,44.18,44.99,51.02
"8839",73,2005,40.82,41.77,41.15,51.62,42.39,46.92,52.59
"8840",74,2005,37,37.89,38.67,45.65,38.58,41.6,47.42
"8841",75,2005,40.42,40.29,43.19,49.54,41.91,44.69,50.5
"8842",76,2005,46.25,44.4,50.14,51.82,48.13,47.23,54.14
"8843",77,2005,50.78,47.59,55.82,55.35,53.37,50.71,57.77
"8844",78,2005,52.43,48.63,56.17,55.32,55.15,51.02,57.56
"8845",79,2005,56.87,54.69,61.08,60.56,59.08,55.76,63.12
"8846",80,2005,48.16,55.06,48.39,62.78,53.19,58.13,64.88
"8847",81,2005,42.68,46.5,44.72,57.41,45.7,52.97,56.91
"8848",82,2005,48.69,49.07,51.1,58.36,49.72,53.59,58.3
"8849",83,2005,70.13,71.82,73.88,76.22,73.26,71.39,76.5
"8850",84,2005,63.97,63.84,70.06,68.38,67.74,65.26,68
"8851",85,2005,64.5,63.5,70.84,70.77,67.16,66.14,71.73
"8852",86,2005,58.14,52.21,66.25,61.52,59.06,56.09,63.24
"8853",87,2005,50.8,50.31,56.53,59.39,53.47,54.19,60.22
"8854",88,2005,48.09,49.21,54.05,60.99,51.4,55.63,61.97
"8855",89,2005,53.2,52.64,58.59,59.93,55.38,55.78,62.16
"8856",90,2005,51.39,57.36,55.17,66.34,56.12,62.13,67.26
"8857",91,2005,56.51,56.21,63.59,69.71,57.91,64.02,67.99
"8858",92,2005,71.29,70.43,75.9,77.15,76.19,71.51,75.75
"8859",93,2005,80.16,86.92,81.68,88.98,84.85,86.48,85.52
"8860",94,2005,82.4,88.02,83.85,88.17,85.35,87.03,85.09
"8861",95,2005,78.92,73.89,82.77,80.42,78.89,76.47,77.66
"8862",96,2005,86.22,89.06,86.94,91.09,87.73,90.84,89.53
"8863",97,2005,77.08,78.55,80.13,81.01,80.25,78.46,79.65
"8864",98,2005,75.85,78.11,78.55,81.45,78.04,78.5,78.31
"8865",99,2005,86.62,93.72,87.83,94.31,89.66,93.92,91.47
"8866",100,2005,84.46,83.74,85.77,87.06,85.16,85.56,85.48
"8867",101,2005,83.16,88.53,84.13,90.54,85.89,89.39,87.59
"8868",102,2005,85.45,87.03,86.18,89.66,86.41,88.7,87.52
"8869",103,2005,89.72,95.74,88.73,96.18,91.66,96.78,92.52
"8870",104,2005,88.86,93.18,88.35,94.92,90.4,94.56,90.89
"8871",105,2005,88.95,96.39,88.51,97.8,91.15,97.61,94.92
"8872",106,2005,84.71,88.25,85.03,89.82,85.07,87.81,87.22
"8873",107,2005,86.23,88.56,87.17,89.2,87.53,88.9,86.73
"8874",108,2005,85.56,90.74,85.9,88.77,87.06,88.15,86.16
"8875",109,2005,84.68,86.39,85.05,88.04,85.18,85.4,86.6
"8876",110,2005,89.06,91.81,88.77,95.89,88.22,95.95,92.76
"8877",111,2005,85.44,89.15,85.35,92.69,84.38,92.23,89.88
"8878",112,2005,86.69,92.83,86.1,94.56,88.35,93.44,92.25
"8879",113,2005,87.75,96.15,86.85,96.77,89.52,97.8,93.81
"8880",114,2005,83.83,88.35,83.84,89.87,84.5,89.86,88.82
"8881",115,2005,88.33,93.77,87.2,89.84,89.79,87.58,89.59
"8882",116,2005,80.83,82.7,82.32,81.36,82.75,79.98,82.34
"8883",117,2005,79.77,80.66,81.62,80.82,81.5,79.4,81.7
"8884",118,2005,78.71,79.7,80.15,79.68,78.96,78.88,82.52
"8885",119,2005,81.93,87.92,81.27,86.32,83.07,85.15,86.73
"8886",120,2005,86.68,87.83,86.68,86.54,87.35,84.84,86.28
"8887",121,2005,85.76,90.3,85.75,92.02,87.18,94.84,89.53
"8888",122,2005,88.07,93.71,87.45,95.92,88.08,96.48,91.84
"8889",123,2005,87.09,93.83,86.56,95.12,88.26,94.06,92.83
"8890",124,2005,89.04,96.64,87.84,97.07,90.75,96.62,94.74
"8891",125,2005,86.12,87.59,86.7,87.93,85.79,87.85,85.97
"8892",126,2005,88.91,90.84,88.81,89.64,89.87,90.08,88.31
"8893",127,2005,83.36,82.46,84.04,84.57,82.68,84.66,82.14
"8894",128,2005,82.26,84.07,83.18,87.64,82.82,87.25,85.68
"8895",129,2005,88.49,92.39,88.82,91.62,89.59,90.66,89.78
"8896",130,2005,89.14,94.32,88.64,94.57,90.43,94.41,91.62
"8897",131,2005,88.42,93.04,87.85,95.56,88.77,96.71,89.67
"8898",132,2005,89.15,95.22,88.06,95.68,89.2,97.04,90.54
"8899",133,2005,90.74,94.16,90.53,93.61,91.23,93.56,90.16
"8900",134,2005,88.08,94.3,87.77,94.35,89.45,93.57,91.38
"8901",135,2005,84.58,89.49,83.71,90.7,86.49,90.34,88.49
"8902",136,2005,86.46,90.17,86.42,91.18,87.49,90.15,88.7
"8903",137,2005,90.87,96.59,90.47,96.17,92.24,97.13,92.08
"8904",138,2005,85.11,85.79,85.67,88.69,86.87,87.59,87.47
"8905",139,2005,86.03,89.78,85.32,91.72,87.78,89.81,90.07
"8906",140,2005,85.24,88.42,85.26,87.53,86.36,86.83,86.91
"8907",141,2005,85.38,92.44,82.84,90.61,87.32,89.56,89.76
"8908",142,2005,84.26,86.93,84.36,81.72,87.3,79.38,86.38
"8909",143,2005,86.34,87.18,86.91,83.66,87.36,82.05,85.42
"8910",144,2005,84.61,90.05,85.11,84.32,86.02,83.67,86.24
"8911",145,2005,81.66,82.98,82.58,79.17,81.78,78.97,80.7
"8912",146,2005,84.26,86.36,84.87,81.77,84.93,81.76,82.78
"8913",147,2005,88.52,91.86,89.03,87.46,89.2,88.72,86.71
"8914",148,2005,87.23,89.76,86.91,87.53,86.94,88.55,85.24
"8915",149,2005,82.65,83.53,82.54,84.75,82.1,84.79,83.13
"8916",150,2005,87.61,90.96,87.28,90.18,88.65,89.35,88.24
"8917",151,2005,92.34,96.58,92.21,96.9,94.02,96.91,94.43
"8918",152,2005,89.05,93.54,88.6,95.7,89.39,96.42,91.35
"8919",153,2005,86.9,89.76,86.68,89.54,88.09,87.56,89.57
"8920",154,2005,88.48,91.12,88.26,89.7,90.15,87.04,90.69
"8921",155,2005,87.31,93.02,86.45,93.9,90.22,93.99,91.13
"8922",156,2005,86.58,92.15,86.33,94.24,88.5,94.43,88.97
"8923",157,2005,83.92,88.58,84.48,93.73,82.13,95.68,86.2
"8924",158,2005,86.48,93.36,85.88,95.61,83.29,97.59,88.5
"8925",159,2005,84.79,89.76,83.15,93,84.75,92.56,88.37
"8926",160,2005,88.3,93.98,86.87,93.62,89.37,95.65,88.3
"8927",161,2005,86.18,91.66,86.44,93.41,86.5,93.93,88.06
"8928",162,2005,84.88,89.74,84.93,91.15,84.25,92.03,86.38
"8929",163,2005,86.01,91.15,85.13,90.76,87.56,92.3,86.98
"8930",164,2005,84.69,89.79,84.26,90.14,85.44,91.44,85.58
"8931",165,2005,83.76,87.43,84.23,88.73,85.65,91.01,83.75
"8932",166,2005,88.8,93.62,87.73,91.68,89.31,93.98,86.99
"8933",167,2005,86.85,90.81,86.9,92.46,86.53,93.43,86.95
"8934",168,2005,84.39,92.32,83.92,92.95,85.61,93.87,86.65
"8935",169,2005,85.37,87.39,85.99,88.98,87.46,87.89,86.75
"8936",170,2005,88.05,90.14,86.94,87.61,88.68,86.71,86.47
"8937",171,2005,92.08,91.97,91.89,88.81,91.46,87.99,88.91
"8938",172,2005,89.73,90.98,89.46,92.06,88.61,91.03,88.7
"8939",173,2005,87.35,92.82,86.45,92.83,86.32,95.99,85.83
"8940",174,2005,86.38,90.59,85.53,89.34,85.55,91.66,83.82
"8941",175,2005,86.86,91.8,86.4,92.69,86.3,95.83,87.17
"8942",176,2005,84.46,88.42,84.36,91.24,81.84,94.93,83.83
"8943",177,2005,89.01,94.29,88.45,94.11,90.3,94.2,91.9
"8944",178,2005,83.53,81.22,84.92,83.57,82.67,81.57,82.33
"8945",179,2005,82.81,80.12,83.72,80.96,81.51,79.19,79.64
"8946",180,2005,86.24,86.04,86.68,85.64,85.83,84.49,82.87
"8947",181,2005,94.14,96.32,93.62,91.92,94.37,91.93,88.82
"8948",182,2005,89.64,90.66,89.06,88.3,89.6,88.98,85.92
"8949",183,2005,83.63,84,84.02,84.86,84.34,84.6,84.51
"8950",184,2005,80.53,82.01,81.18,81.04,82.24,79.32,83.06
"8951",185,2005,77.9,78.28,79.85,78.97,79.73,78.45,79.99
"8952",186,2005,81.81,83.45,82.75,84.75,83.8,82.91,83.51
"8953",187,2005,90.41,93.01,90.32,94.1,89.92,95.91,88.05
"8954",188,2005,89,94.81,88.48,93.49,86.4,96.23,85.1
"8955",189,2005,84.63,87.47,84.73,89.53,82.43,91.24,84.3
"8956",190,2005,81.17,83.07,82.68,88.53,78.71,91.78,82.68
"8957",191,2005,76,77.74,76.75,83.97,73.2,89.76,78.36
"8958",192,2005,80.35,80.56,82.78,87.69,79.22,90.26,81.9
"8959",193,2005,77.93,78.99,79.63,88.86,77.24,89.79,83.3
"8960",194,2005,74.83,78.29,75.99,86.69,74.57,84.82,82.03
"8961",195,2005,79.06,78.21,79.93,85.1,77.78,82.4,82.02
"8962",196,2005,82.93,88.43,82.5,90.95,83.16,88.93,86.62
"8963",197,2005,83.3,88.63,82.78,89.53,84.52,89.95,86.23
"8964",198,2005,85.24,85.9,85.67,84.54,86.82,82.96,85.22
"8965",199,2005,85.95,92.35,86.08,91.92,87.64,91.15,89.03
"8966",200,2005,92.23,97.58,90.65,97.26,94.35,97.64,95.47
"8967",201,2005,91.02,94.83,89.66,95.21,90.14,97.5,90.17
"8968",202,2005,89,93.67,87.7,94.02,90.57,92.43,91.4
"8969",203,2005,87.32,92.68,86.97,93.89,88.7,93.17,89.53
"8970",204,2005,87.87,89.85,87.56,89.48,89.14,89.83,86.54
"8971",205,2005,91.31,95.05,91.9,96.38,92.79,96.15,94.78
"8972",206,2005,86.44,88.78,86.36,92.95,86.67,93.43,88.82
"8973",207,2005,86.61,92.28,85.99,93.15,85.06,94.54,86.34
"8974",208,2005,85.74,91.82,85.41,93.89,84.38,95.99,85.64
"8975",209,2005,88.62,94.25,87.24,95.04,88.42,95.2,88.88
"8976",210,2005,86.6,91.01,86.41,94.08,89.05,92.13,89.74
"8977",211,2005,86.63,92.69,85.92,94.78,88.29,94.28,88.63
"8978",212,2005,85.77,89.03,85.48,89.36,86.17,89.98,84.77
"8979",213,2005,87.93,91.85,87.32,92.06,89.13,92.57,88.84
"8980",214,2005,86.95,91.27,86.56,89.32,87.86,91.35,85.13
"8981",215,2005,88.69,93.8,88.18,93.99,89.19,94.76,89.17
"8982",216,2005,87.1,89.03,86.69,91.49,87.17,89.49,89.29
"8983",217,2005,94.35,95.92,93.78,96.04,94.5,95.83,93.34
"8984",218,2005,89.26,89.99,88.83,91.08,87.35,90.03,87.45
"8985",219,2005,90.86,91.78,90.81,89.65,90.74,89.61,87.87
"8986",220,2005,88.43,91.97,88.24,93.33,89.5,92.56,89.78
"8987",221,2005,82.64,86.43,82.62,88.01,80.05,90.39,81.88
"8988",222,2005,87.25,88.54,87,86.6,84.44,87.97,82.01
"8989",223,2005,84.08,88.91,83.68,92.02,82.42,94.51,84.67
"8990",224,2005,79.89,86.38,80.7,90.52,79.45,91.36,84.41
"8991",225,2005,79.81,89.94,80.46,93.86,82.43,93.1,88.32
"8992",226,2005,84.83,90.21,83.19,92.63,86.95,91.78,89.88
"8993",227,2005,88.83,95.52,87.87,96.05,91.66,95.39,93.52
"8994",228,2005,89.44,95.46,89.26,95.71,90.89,96.89,91.07
"8995",229,2005,85.36,92.3,84.94,94.61,85.47,95.92,87.14
"8996",230,2005,88.91,91.06,88.41,90.31,90.14,90.16,87.67
"8997",231,2005,94.18,97.2,93.13,95.64,94.16,94.96,93.56
"8998",232,2005,88.85,92.15,88.14,91.66,87.69,93.11,86.44
"8999",233,2005,84.09,88.74,83.14,89.94,85.24,90.52,85.47
"9000",234,2005,84.6,85.77,84.76,86.19,85.73,84.63,85.94
"9001",235,2005,83.62,87.48,83.15,82.34,84.08,82.16,84.42
"9002",236,2005,86.01,90.5,85.32,87.34,85.83,88.21,86.2
"9003",237,2005,85.24,87.46,85.57,88.7,85.39,87.92,84.16
"9004",238,2005,84.27,87.61,84.33,87.57,85.32,87.2,84.58
"9005",239,2005,84.97,88.39,84.35,85.44,83.53,86.03,83.5
"9006",240,2005,84.53,88.79,84.94,87.9,85.71,88.17,84.62
"9007",241,2005,81.92,82.53,81.99,81.88,82.38,83.39,78.81
"9008",242,2005,81.64,85.34,81.62,83.28,82.23,82.5,83.56
"9009",243,2005,80.08,79.05,80.28,77.93,79.61,77.3,78.7
"9010",244,2005,82.23,81.83,82.56,79.95,82.36,78.8,79.47
"9011",245,2005,84.76,88.63,84.76,85.92,85.46,87.92,82.21
"9012",246,2005,87.96,88.52,87.37,85.15,87.14,87.1,81.85
"9013",247,2005,88.41,92.74,87.87,93.15,88.63,91.84,90.29
"9014",248,2005,81.48,82.77,82.29,83.3,82.67,83.04,83.06
"9015",249,2005,85.15,88.16,85.6,88.39,86.14,87.73,85.14
"9016",250,2005,85.78,85.85,86.15,89.66,84.54,87.77,86.6
"9017",251,2005,81.99,82.29,83.25,87.2,81.72,86.85,82.82
"9018",252,2005,84.79,87.18,86,90.25,86.58,90.75,85.91
"9019",253,2005,84.07,84.61,84.66,84.22,85.35,84.59,81.31
"9020",254,2005,86.23,81.53,86.82,83.32,84.37,83.21,80.79
"9021",255,2005,86.56,85.37,87.42,87.19,84.54,86.15,82.82
"9022",256,2005,86.29,85.82,86.8,88.4,85.33,88.01,82.73
"9023",257,2005,86.49,87.81,86.61,87.81,88.45,84.9,86.87
"9024",258,2005,87.24,92.01,87.06,92.5,88.78,93.87,87.86
"9025",259,2005,86.66,90.62,86.68,91.49,84.84,93.47,85.66
"9026",260,2005,82.2,87.3,82.04,89.64,81.27,90.99,82.7
"9027",261,2005,83.65,89.56,82.09,91.37,83.47,92.77,84.48
"9028",262,2005,82.47,85.21,82.28,88.33,80.88,89.12,81.12
"9029",263,2005,80.89,82.41,81.54,88.24,80.84,87.09,81.92
"9030",264,2005,83.65,84.07,84.48,88.18,83.97,87.31,83.82
"9031",265,2005,86.98,88.68,87.3,89.16,88.15,86.79,86.8
"9032",266,2005,85.79,86.42,86.57,84.77,85.81,83.69,81.83
"9033",267,2005,85.43,85.89,85.01,83.05,85.34,81.13,81.25
"9034",268,2005,81.65,78.69,81.7,72.93,81.61,71.89,75.41
"9035",269,2005,78.17,79.74,78.69,75.21,79.07,74.59,77.38
"9036",270,2005,84.6,85.82,85.31,85.27,84.2,83.94,82.72
"9037",271,2005,85.16,86.96,84.4,87.46,83.94,87.29,83.87
"9038",272,2005,86.12,87.78,85.89,90.74,85.28,90.23,87.32
"9039",273,2005,82.41,85.83,82.07,88.12,83.57,88.14,84.15
"9040",274,2005,79.69,82.14,80.2,87.55,81.05,88.59,82.83
"9041",275,2005,78.94,80.22,79.61,81.18,79.92,81.67,78.72
"9042",276,2005,80.18,80.65,80.8,82.28,80.67,80.89,80.57
"9043",277,2005,82.08,80.87,82.41,81.03,82.08,78.83,79.17
"9044",278,2005,79.3,80.5,79.69,83.4,80.03,78.37,81.61
"9045",279,2005,79.21,79.28,80.46,80.1,79.51,77.81,78.82
"9046",280,2005,84.17,87.03,84.25,85.13,84.56,84.82,81.94
"9047",281,2005,84.98,86.62,84.77,86.42,84.98,86.65,81.68
"9048",282,2005,87.38,88.94,86.98,89,86.53,89.96,84.88
"9049",283,2005,86.66,87.24,86.32,88.61,85.41,87.4,86.66
"9050",284,2005,85.03,88,84.67,90.58,84.63,89.64,86.47
"9051",285,2005,84.8,86.92,84.59,90.31,83.72,91.85,86.08
"9052",286,2005,84.33,87.75,83.51,89.13,85.45,88.03,86.35
"9053",287,2005,83.62,86.49,83.55,84.89,84.67,83.72,84.58
"9054",288,2005,86.37,86.4,86.34,82.93,86.96,80.76,85.12
"9055",289,2005,88.23,90.81,87.81,89.46,87.88,86.59,86.55
"9056",290,2005,82.45,83.93,82.29,86.78,81.13,86.97,81
"9057",291,2005,80.32,79.17,81.4,81.92,79.44,81.84,77.44
"9058",292,2005,84.69,86.22,85.34,87.04,86.33,86.4,83.24
"9059",293,2005,82.28,83.81,82.85,84.39,82.77,84.42,81.16
"9060",294,2005,80.48,80.37,81.94,80.49,80.84,79.85,78.53
"9061",295,2005,83.43,84.91,82.96,84.2,84.6,84.07,81.99
"9062",296,2005,83.18,83.41,83.45,86.13,83.3,84.26,82.32
"9063",297,2005,81.83,83.62,82.93,83.23,82.31,81.92,82.6
"9064",298,2005,83.75,86.24,84.84,81.58,84.35,79.49,83.99
"9065",299,2005,84.28,81.67,84.48,83.1,83.15,80.46,80.4
"9066",300,2005,81.82,81.01,82.51,83.4,80.63,81.09,79
"9067",301,2005,85.98,86.49,85.91,86.09,85.67,84.14,85.08
"9068",302,2005,83.61,86.86,84.46,85.4,83.89,84.54,85.14
"9069",303,2005,83.1,82.1,83.06,78.96,81.49,77.23,79.68
"9070",304,2005,82.56,81.03,83.44,82.11,81.45,80.35,81.01
"9071",305,2005,87.42,86.74,87.05,85.46,87.36,84.96,84.7
"9072",306,2005,88.29,90.56,87.96,86.88,88.55,86.15,86.04
"9073",307,2005,85.88,85.86,86.32,88.56,84.85,88.22,84.51
"9074",308,2005,84.63,85.31,85.48,85.68,84.61,84.2,84.44
"9075",309,2005,85.31,87.31,85.5,83.87,85.51,81.85,84.76
"9076",310,2005,87.2,91.33,86.55,86.24,88.44,85.85,87.09
"9077",311,2005,85.86,88.49,85.54,88.88,86.8,87.03,87.27
"9078",312,2005,86.67,90.11,86.34,89.46,88.03,88.11,86.78
"9079",313,2005,92.6,95.4,92.37,94.36,92.68,93.37,92.44
"9080",314,2005,85.79,89.72,86.06,92.19,86.23,92.58,89.17
"9081",315,2005,85.35,90.56,85.49,92.7,86.28,93.1,90.09
"9082",316,2005,84.53,84.52,84.75,87.38,82.66,87.38,84.77
"9083",317,2005,89.17,96.86,88.16,95.66,91.3,95.37,94.14
"9084",318,2005,88.95,90.44,88.92,90.74,89.26,88.7,90.38
"9085",319,2005,87.47,93.72,86.47,95.75,88.72,95.32,92.14
"9086",320,2005,88.72,92.24,87.82,90.92,88.12,90.75,88.39
"9087",321,2005,85.38,87.62,85.4,88.72,84.64,88.44,86.67
"9088",322,2005,84.88,89.65,85.05,90.49,86.63,90.25,89.12
"9089",323,2005,85.15,88.9,85.27,89.97,86.45,88.99,89.96
"9090",324,2005,86.18,89.04,85.58,87.94,86.85,87.87,87.5
"9091",325,2005,88.2,92.55,87.69,89.04,89.56,88.26,89.28
"9092",326,2005,88.09,90.21,88.4,88.05,88.87,87.2,88.49
"9093",327,2005,84.96,90.19,84.58,88.45,86.2,87.63,89.18
"9094",328,2005,84.45,90.14,84.26,88.94,85.45,88.83,88.63
"9095",329,2005,78.22,81.39,79.18,81.09,79.08,81.29,81.8
"9096",330,2005,75.49,77.6,76.19,75.1,76.97,75.52,76.4
"9097",331,2005,73.25,75.88,74.94,72.14,74.4,74.65,73.74
"9098",332,2005,72.24,75.02,73.91,71.84,72.81,73.93,72.18
"9099",333,2005,74.16,78.66,75.31,78.77,74.9,78.1,78.82
"9100",334,2005,76.02,81.08,76.11,82.85,78.1,82.37,82.35
"9101",335,2005,75.61,80.58,75.57,83.3,77.15,82.51,82.13
"9102",336,2005,75.41,78.13,76.01,80.42,76.14,79.07,79.43
"9103",337,2005,76.21,77.99,77.1,80,76.99,78.28,79.14
"9104",338,2005,76.55,76.19,76.96,74.51,76.04,73.59,75.82
"9105",339,2005,80.86,84.8,79.74,81.57,81.64,80.55,81.11
"9106",340,2005,79.66,81.95,79.05,79.27,81.41,77.68,80.42
"9107",341,2005,74.44,77.46,74.46,76.45,76.51,76.55,77.12
"9108",342,2005,73.07,71.6,73.36,70.31,72.66,68.98,71.04
"9109",343,2005,75.39,71.73,74.78,70.24,74.82,69.13,70.4
"9110",344,2005,78.85,77.46,78.48,84.07,78.36,81.89,80.42
"9111",345,2005,84.45,87.53,85.02,90.25,85.12,89.9,86.79
"9112",346,2005,83.73,85.25,84.03,86.81,83.13,85.68,84.81
"9113",347,2005,83.12,81.46,82.88,81.83,83.28,79.67,82.32
"9114",348,2005,73.39,75.39,73.77,75.06,75.88,74.99,75.01
"9115",349,2005,73.08,71.87,74.68,70.25,74.07,69.27,71.38
"9116",350,2005,71.96,72.97,72.83,73.66,73.21,70.99,73.46
"9117",351,2005,70.26,66.9,71.77,68.76,70.28,66.37,69.59
"9118",352,2005,71.46,74.88,71.92,71.82,73.92,70.67,72.74
"9119",353,2005,63.95,70.27,63.74,70.51,68.63,68.85,72.12
"9120",354,2005,61.99,64.24,62.23,65.5,64.5,62.83,68.16
"9121",355,2005,64.06,63.86,65.54,69.26,65.79,65.91,69.29
"9122",356,2005,68.01,68.96,68.85,74.51,71.41,70.6,75.27
"9123",357,2005,64.32,65.76,65.93,74.13,68.77,69.49,74.1
"9124",358,2005,59.96,60.5,61.16,66.67,62.98,63.05,66.77
"9125",359,2005,64.84,58.36,66.37,63.46,62.91,60.29,63.72
"9126",360,2005,66.17,70.57,65.5,73.22,69.84,69.93,74.37
"9127",361,2005,64.7,65.74,63.2,60.5,67.57,61.07,62.51
"9128",362,2005,60.67,64.55,61.34,64.08,64.76,64.31,65.59
"9129",363,2005,52.95,60,52.84,60.87,57.09,60.27,61.84
"9130",364,2005,51.45,56.68,51.73,63.37,54.91,61.27,62.75
"9131",365,2005,52.52,55.4,52.64,59.8,55.08,58.2,60.55
"9132",1,2006,53.34,54.1,53.61,58.03,54.85,56.83,59.15
"9133",2,2006,53.86,53.3,54.33,54.32,55.55,52.56,57
"9134",3,2006,68.5,66.6,67.59,60.33,69.66,57.79,64.16
"9135",4,2006,78.77,76.44,78.49,74.68,78.61,72.4,76.72
"9136",5,2006,77.01,83.87,76.83,84.69,80.32,85.33,82.96
"9137",6,2006,71.59,75.31,71.73,74.68,74.09,73.36,74.58
"9138",7,2006,69.62,72.01,68.72,72.82,73.19,68.47,75.18
"9139",8,2006,68.82,74.96,67.54,79.25,73.86,75.35,78.82
"9140",9,2006,57.9,61,58.31,71.51,61.27,66.97,69.94
"9141",10,2006,59.12,60.87,58.73,69.24,61.44,64.87,67.99
"9142",11,2006,58.99,61.71,58.51,69.41,61.39,65.71,68.42
"9143",12,2006,56.62,60.07,55.66,69.02,59.62,64.43,67.91
"9144",13,2006,57.6,62.93,55.96,70.12,61.16,65.7,69.1
"9145",14,2006,58.43,60.51,58.01,70.16,60.49,65.28,67.51
"9146",15,2006,60.51,63.88,60.48,71.5,64.64,66.72,70.71
"9147",16,2006,69.98,75.84,69.3,73.84,73.19,71.92,75.1
"9148",17,2006,65.58,71.86,65.51,76.28,69.9,74.37,74.77
"9149",18,2006,56.07,60.29,56.43,64.95,60.17,62.2,65.4
"9150",19,2006,49.2,52.89,49.54,56.91,53.22,54.78,58.92
"9151",20,2006,43.9,52.7,43.45,60.53,48.09,58.27,60.27
"9152",21,2006,49.45,50.69,49.26,58.63,50.14,53.85,58.54
"9153",22,2006,54.44,53.74,55.1,66,53.85,60.73,64.26
"9154",23,2006,68.26,72.85,69.18,85.05,69.96,81.88,78.7
"9155",24,2006,74.11,81.63,75.06,89,77.9,87.89,86.05
"9156",25,2006,79.96,87.59,79.98,90.02,82.91,88.04,87.09
"9157",26,2006,83.73,89.61,83.52,92.27,85.08,93.47,87.61
"9158",27,2006,85.22,89.84,85.26,91.5,86.1,92.73,86.55
"9159",28,2006,85.41,91.36,86.26,94.63,85.3,95.59,88.98
"9160",29,2006,86.29,92.3,85.77,95.19,86.93,94.64,90.19
"9161",30,2006,76.88,81.84,77.91,88.51,77.53,87.17,84.39
"9162",31,2006,68.8,72.67,70.7,80.07,70.64,78.69,76.45
"9163",32,2006,67.49,69.59,68.89,82.68,68.93,80.36,77.62
"9164",33,2006,68.21,68.11,70.08,79.89,68.35,77.44,75.88
"9165",34,2006,71,73.47,72.11,85.01,71.51,82.72,79.77
"9166",35,2006,72.57,76.87,73.64,85.52,73.22,83.39,82.35
"9167",36,2006,61.05,68.3,62.04,76.03,65.28,75.7,74.25
"9168",37,2006,57.63,59.8,58.93,69.89,59.78,68,67.89
"9169",38,2006,57.32,57.26,58.14,65.16,58.07,63.23,63.76
"9170",39,2006,55.46,55.56,56.25,63.61,55.74,62.09,61.69
"9171",40,2006,54.72,54.97,55.06,63.55,55.77,61.43,62.29
"9172",41,2006,53.41,55.58,53.99,65.23,55.27,63.23,62.82
"9173",42,2006,55.64,60.09,55.48,72.66,57.08,70.17,68.67
"9174",43,2006,59.09,66.32,58.37,79.21,63.61,76.33,75.73
"9175",44,2006,54.36,59.21,54.15,69.47,57.23,67.92,67.36
"9176",45,2006,48.42,50.28,47.37,59.95,49.8,57.56,58.39
"9177",46,2006,46.13,46.55,46.01,53.37,46.47,51.32,52.35
"9178",47,2006,46.95,46.88,46.56,61.1,48.32,55.48,59.76
"9179",48,2006,48.64,49.81,48.89,64.46,49.83,59.72,62.21
"9180",49,2006,52.89,61.08,51.39,73.6,56.01,71.22,70.45
"9181",50,2006,49.82,60.61,48.04,77.27,54.4,74.46,73.42
"9182",51,2006,42.13,51.59,41.76,69.06,47.11,66.89,66.48
"9183",52,2006,45.82,50.51,45.1,56.74,49.2,55.25,58.34
"9184",53,2006,50.04,51.11,50.24,61.09,51.2,56.61,59.6
"9185",54,2006,55.78,65.51,54.41,78.14,58.78,76.22,71.71
"9186",55,2006,49.2,57.13,48.65,71.59,52.67,69.84,66.48
"9187",56,2006,41.84,46.53,41.28,59.74,45.03,56.14,57.33
"9188",57,2006,46.09,49.95,46.31,62,46.92,58.04,59.39
"9189",58,2006,49.96,56.3,49.84,74.63,52.53,70.24,69.63
"9190",59,2006,48.43,59.07,47.72,76.21,52.49,72.36,71.18
"9191",60,2006,48.45,56.01,48.84,75.03,50.99,71.46,69.65
"9192",61,2006,49.86,55.72,51.77,74.23,51.97,69.49,70.02
"9193",62,2006,51.61,56.15,53.71,73.99,53.59,68.99,69.58
"9194",63,2006,55.59,58.62,58.15,74.52,57.98,68.31,71.81
"9195",64,2006,60.63,66.94,64.61,81.11,63.14,76.13,76.54
"9196",65,2006,68.29,70.54,72.02,86.69,68.6,82.53,80.44
"9197",66,2006,68.11,75.51,71.65,87.99,70.6,85.65,82.79
"9198",67,2006,68.56,76.04,69.73,87.21,70.62,83.96,83.18
"9199",68,2006,74.87,90.13,74.53,94.99,79.5,94.03,89.79
"9200",69,2006,61.22,71.55,61.5,80.83,63.16,78.06,75.72
"9201",70,2006,54.69,60.2,55.84,74.65,55.99,70.71,71.64
"9202",71,2006,53.53,60.53,54.46,71.2,56.08,67.43,70.08
"9203",72,2006,47.79,53.28,49.23,67.77,49.74,63.08,65.97
"9204",73,2006,47.97,51.63,48.79,64.91,49.5,59.55,64.31
"9205",74,2006,51.76,55.51,52.85,65.98,52.14,61.5,64.65
"9206",75,2006,62.18,70.29,61.1,77.98,66.5,72.98,77.11
"9207",76,2006,57.18,66.76,54.74,81.05,59.58,77.26,76.39
"9208",77,2006,51.9,58.92,50.29,74.9,53.37,70.26,72.04
"9209",78,2006,48.17,56.4,47.38,72.14,50.08,66.87,69.71
"9210",79,2006,58.19,65.42,57.63,75.17,59.7,70.93,73.02
"9211",80,2006,75.11,81.1,76.85,87.39,76.05,85.7,81.86
"9212",81,2006,72.86,80.86,75.04,90.71,75.17,89.69,85.54
"9213",82,2006,77.04,82.05,78.79,87.82,78.96,87,84.77
"9214",83,2006,74.76,79.76,77.67,87.09,75.19,84.87,83.72
"9215",84,2006,74.74,81.4,76.39,86.89,75.66,83.88,84.01
"9216",85,2006,73.31,74.53,75.72,80.27,71.88,78.9,75.8
"9217",86,2006,83.66,84.08,83.68,82.76,80.49,80.86,78.19
"9218",87,2006,77.94,77.7,80.05,84.68,77.82,80.01,82.25
"9219",88,2006,67.08,63.73,71.21,73.41,65.81,69.26,71.52
"9220",89,2006,57.88,55.83,61.6,65.68,56.71,61.8,65.16
"9221",90,2006,58.83,56.82,62.51,65.97,58.59,61.28,65.84
"9222",91,2006,59.54,59.54,62.96,69.77,60.12,65.09,69.35
"9223",92,2006,62.93,64.5,67.79,79.93,63.35,73.26,76.45
"9224",93,2006,65.26,70.52,69.98,84.12,66.46,78.94,80.46
"9225",94,2006,63.94,72.59,66.79,83.83,64.99,82.11,77.66
"9226",95,2006,59.19,66.83,62.14,81.72,59.53,81.36,75.75
"9227",96,2006,59.75,66.94,61.8,80.72,59.98,79.33,75.37
"9228",97,2006,69.15,75.44,71.41,87.13,74.38,84.54,83.55
"9229",98,2006,65.19,73.08,67.07,81.32,69.1,78.9,79.24
"9230",99,2006,54.54,60.75,57.93,73.01,58.15,69.25,70.94
"9231",100,2006,50.44,57.32,52.69,69.27,55.44,63.39,69.28
"9232",101,2006,48.61,55.58,50.15,69.48,52.25,63.16,69.14
"9233",102,2006,49.95,55.86,52.84,73.51,52.37,67.94,70.37
"9234",103,2006,54.44,57.77,58.55,74.37,55.86,70.07,69.32
"9235",104,2006,70.47,68.8,74.33,82.29,69.56,80.36,78.94
"9236",105,2006,84.5,89.33,83.63,90.55,86.54,89.02,90.17
"9237",106,2006,79.19,82.69,79.66,85.29,78.48,82.89,83.5
"9238",107,2006,88.67,92.9,88.1,91.17,88.93,89.58,87.79
"9239",108,2006,86.8,92.07,85.7,91.28,85.88,93.4,86.86
"9240",109,2006,85.02,91.71,83.69,92.32,85.91,92.12,89.73
"9241",110,2006,83.93,89.36,83.7,89.96,85.44,88.36,87.6
"9242",111,2006,82.23,81.34,83.36,82.53,81.46,81.46,81.1
"9243",112,2006,79.91,74.88,82.62,75.46,78.76,72.66,74.14
"9244",113,2006,77.96,76.28,80.64,81.24,78.91,78.19,78.77
"9245",114,2006,78.34,77.15,80.49,81.02,78.16,78.68,77.7
"9246",115,2006,75.59,71.73,80.02,75.32,75.46,71.83,73.82
"9247",116,2006,86.04,82.7,87.92,84.84,85.45,82.25,83.48
"9248",117,2006,86.57,91.39,87.59,92.95,88.88,91.14,90.64
"9249",118,2006,88.61,93.79,86.54,93.62,87.19,93.97,88.98
"9250",119,2006,88.65,90.44,88.11,91.72,89.47,89.86,90.35
"9251",120,2006,85.43,88.11,85.49,90.52,87.22,88.58,89.58
"9252",121,2006,83.81,83.67,85.35,86.78,84.65,84.01,85.98
"9253",122,2006,88.77,94.99,88.65,97.25,90.94,96.86,95.06
"9254",123,2006,88.97,94.47,88.48,94.51,88.41,93.24,93.22
"9255",124,2006,88.88,93.8,87.64,93.4,88.94,93.82,91.09
"9256",125,2006,83.28,89.67,81.99,93.05,81.44,94.11,88.07
"9257",126,2006,85.99,92.25,85.32,94.31,84.46,94.73,88.47
"9258",127,2006,90.1,94.6,89.72,95.48,89.81,96.75,90.47
"9259",128,2006,92.11,95.88,91.57,96.96,93.76,96.82,94.12
"9260",129,2006,91.59,97.34,90.95,98.12,93.1,98.47,96
"9261",130,2006,85.18,90.68,85.31,94.63,84.85,95.84,89.27
"9262",131,2006,82.74,84.18,83.82,88.9,81.7,91.4,84.8
"9263",132,2006,77.22,80.22,77.68,88.9,74.29,90.84,82.78
"9264",133,2006,79.75,82.07,80.15,87.86,76.27,89.59,81.16
"9265",134,2006,83.43,89.94,82.85,91.7,79.72,93.87,82.93
"9266",135,2006,86.84,93.8,85.55,95.22,87.36,97.26,88.76
"9267",136,2006,85.16,91.73,84.52,94.4,83.43,95.62,88.76
"9268",137,2006,81.05,85.66,80.77,91.8,80.69,92.46,86.32
"9269",138,2006,83.41,87.82,82.66,91.4,83.16,91.16,87.65
"9270",139,2006,87.74,91.37,87.14,90.59,88.1,91.52,87.99
"9271",140,2006,81.89,83,82.36,83.69,83.35,82.75,83.77
"9272",141,2006,72.46,69.93,73.93,70.62,70.78,70.59,70.53
"9273",142,2006,70.79,65.79,73.52,69.85,67.9,69.1,68.56
"9274",143,2006,79.2,76.4,81.29,79.23,76.37,79.24,75.07
"9275",144,2006,86.98,86.16,88.19,85.54,87.17,83.89,85.98
"9276",145,2006,86.17,89.42,86.23,91.23,86.62,89.96,89.23
"9277",146,2006,86.11,89.97,85.55,91.53,86.67,91.07,87.39
"9278",147,2006,87.55,92.18,87.41,93.14,88.13,93.05,89.65
"9279",148,2006,88.14,89.31,88.78,90.58,88.59,88.35,89.08
"9280",149,2006,87.6,93.46,87.39,93.47,88.1,92.72,90.49
"9281",150,2006,84.34,85.57,84.86,86.37,86.05,83.58,87.66
"9282",151,2006,87.3,93.14,86.68,93.07,88.37,93.34,90.61
"9283",152,2006,89.86,94.58,89.36,95.33,90.55,96.08,92.18
"9284",153,2006,86.33,90.62,86.21,93.84,87.14,92.95,89.73
"9285",154,2006,90.06,96.38,88.72,93.69,90.64,93.51,92.14
"9286",155,2006,84.19,87.6,84.62,89.89,84.57,89.99,87.76
"9287",156,2006,87.53,90.63,87.26,90.75,87.86,88.83,88.35
"9288",157,2006,89.93,94.58,88.87,92.11,90.77,92.67,91.14
"9289",158,2006,85.56,87.45,85.05,89.39,85.62,87.86,87.34
"9290",159,2006,88.1,92,87.96,88.61,90.3,86.73,89.36
"9291",160,2006,89.9,89.12,89.8,86.49,90.05,83.62,88.4
"9292",161,2006,89.11,91.88,87.84,92.12,90.25,89.96,90.36
"9293",162,2006,86.38,88.18,86.29,88.84,86.86,88.03,86.62
"9294",163,2006,85.72,84.43,87.07,83.8,85.56,82.1,84.01
"9295",164,2006,88.55,91.08,88.03,90.17,88.25,87.75,88.94
"9296",165,2006,91.61,96.2,90.47,96.5,91.22,95.95,93.06
"9297",166,2006,88.22,89.3,87.49,92.76,88.44,91.41,91.63
"9298",167,2006,81.98,79.05,82.89,79.39,81.54,78.09,81.7
"9299",168,2006,84.91,88.95,85.02,89.6,85.34,88.53,85.61
"9300",169,2006,84.14,87.68,85,91.92,82.34,93.85,85.38
"9301",170,2006,84.58,88.03,84.84,91.88,84.65,90.84,88.44
"9302",171,2006,86.17,91.98,86.33,91.97,87.43,91.77,89.13
"9303",172,2006,89.48,95.77,88.96,96.93,90.08,97.66,91.46
"9304",173,2006,88.96,92.22,88.17,92.95,89.72,92.45,90.14
"9305",174,2006,86.26,90.82,86.24,91.55,87.9,91.02,88.16
"9306",175,2006,86.48,92.71,86.2,92.4,86.32,94.44,87.14
"9307",176,2006,87.3,93.81,86.62,93.76,87.62,94.45,90.2
"9308",177,2006,86.02,88.05,85.71,92.31,85.71,92.06,88.44
"9309",178,2006,89.99,94.18,89.03,95.08,89.41,95.88,91.2
"9310",179,2006,92.34,97.54,91.17,97.47,92.57,98.21,93.8
"9311",180,2006,86.91,89.24,87.23,91.8,85.47,94.93,85.9
"9312",181,2006,83.27,88.62,83.44,91.39,83.63,94.52,84.47
"9313",182,2006,86.61,94.42,86.55,94.76,88.87,96.1,89.25
"9314",183,2006,87.31,93.55,86.69,93.38,88.93,94.43,89.5
"9315",184,2006,90.7,94.58,90.39,92.76,90.78,95.58,88.71
"9316",185,2006,86.65,86.31,88.06,91.26,84.34,92.52,88.03
"9317",186,2006,89.15,92.21,89.32,95.01,87.49,97.57,89.37
"9318",187,2006,90.92,93.2,90.39,94.95,89.22,93.36,93.19
"9319",188,2006,88.24,96.65,86.35,96.28,87.18,97.44,91.16
"9320",189,2006,83.81,90.8,84.39,95.24,85.15,94.78,90.87
"9321",190,2006,83.39,84.79,84.65,86.49,83.35,85.83,84.77
"9322",191,2006,89.06,88.17,89.46,84.63,87.03,85.9,83.05
"9323",192,2006,90.74,94.81,89.3,95.1,90.68,93.74,92.76
"9324",193,2006,88.5,92.4,87.92,93.93,88,94.55,89.83
"9325",194,2006,87.19,93.29,85.63,94.28,87.12,95.15,88.95
"9326",195,2006,91.68,93.78,91.04,94.03,92.22,93.68,92.22
"9327",196,2006,89.51,92.54,89.36,93.98,91.16,93.29,92.15
"9328",197,2006,90.17,94.03,89.84,96.78,91.17,97.4,93.2
"9329",198,2006,87.68,88.27,88.1,91.64,87.08,93.37,89.04
"9330",199,2006,84.39,84.57,85,90.22,81.46,91.03,85.77
"9331",200,2006,82.93,85.47,83.8,91.98,81.95,93.03,88.6
"9332",201,2006,80.83,89.63,81.06,91.02,84.11,89.9,90.7
"9333",202,2006,77.74,85.18,77.46,88.85,82.35,85.33,87.68
"9334",203,2006,84.52,88.92,83.51,88.88,85.85,87.05,86.71
"9335",204,2006,87.29,88.24,86.89,88.31,88.78,86.49,86.82
"9336",205,2006,81.59,71.61,84.16,75.21,78.57,72.62,76.69
"9337",206,2006,88.28,81.08,90.18,80.61,87.22,76.31,84.14
"9338",207,2006,82.31,80.41,83.17,80.49,81.15,78.03,81.19
"9339",208,2006,84.41,82.75,84.81,82.8,83.96,80.85,83.43
"9340",209,2006,89.39,94.23,88.56,89.26,88.94,87.59,90.25
"9341",210,2006,87.74,90.6,86.5,89.7,86.23,89.6,88.47
"9342",211,2006,81.16,83.85,80.39,85.89,81.41,86.89,81.39
"9343",212,2006,83.31,88.52,83.35,89.66,84.46,91,85.1
"9344",213,2006,85.33,90.38,85.3,91.75,85.79,92.3,86.69
"9345",214,2006,83.95,89.21,83.83,89.36,82.79,93.28,82.12
"9346",215,2006,84.84,89.24,84.69,89.57,84.55,90.5,84.03
"9347",216,2006,86.37,93.11,85.9,91.76,88.71,94.57,87.32
"9348",217,2006,82.29,87.03,82.36,87.78,83.8,88.86,84.36
"9349",218,2006,82.92,86.8,83.36,89.32,83.34,89.82,86.32
"9350",219,2006,83.85,86.88,84.59,88.79,84.58,88.07,86.97
"9351",220,2006,82.76,85.59,83.15,87.31,83.81,86.61,85.64
"9352",221,2006,85.86,88.68,86.41,86.6,87.17,85.26,85.29
"9353",222,2006,85.53,89.37,85.12,88.97,86.26,89.13,85.63
"9354",223,2006,90.64,96.65,89.92,93.49,91.89,93.81,90.05
"9355",224,2006,88.06,94.66,88.83,93.74,90.25,94.78,90.03
"9356",225,2006,83.37,84.72,84.2,87.13,84.43,86.97,85.1
"9357",226,2006,82.36,84.61,83.19,84.21,82.43,82.96,83.05
"9358",227,2006,85.26,88.8,85.44,89.47,86.36,89.5,86.81
"9359",228,2006,89.3,93.59,88.59,92.51,89.73,91.2,89.78
"9360",229,2006,87.38,93.25,86.21,94.72,87.97,94.57,90.11
"9361",230,2006,88.93,93.4,88.27,95.13,88.33,97.08,90.78
"9362",231,2006,90.23,93.98,89.04,95.09,89.35,96.87,90.38
"9363",232,2006,87.24,93.49,86.91,94.13,87.99,94,89.5
"9364",233,2006,89.95,94.79,89.18,93.39,90.98,93.61,89.35
"9365",234,2006,84.91,85.78,84.47,85.1,85.85,86.24,83.72
"9366",235,2006,83.99,88.37,83.55,87.65,84.94,87.77,85.34
"9367",236,2006,89.65,92.42,89.17,93.12,88.3,94.92,88.63
"9368",237,2006,86.14,92.02,85.14,95.05,86.76,95.85,90.28
"9369",238,2006,86.39,92.6,84.83,94.88,86.77,95.79,89.51
"9370",239,2006,82.84,87.34,82.71,88.12,84.43,89.57,84.78
"9371",240,2006,86.12,88.13,86.2,83.91,87.75,83.93,84.42
"9372",241,2006,89.3,93.41,88.93,91.67,90.62,91.32,90.34
"9373",242,2006,88.45,91.99,87.65,92.54,89.61,93.63,88.05
"9374",243,2006,81.9,82.99,82.58,86.11,83.49,85.45,84.27
"9375",244,2006,82.36,86.88,81.89,86.86,84.03,86.96,83.96
"9376",245,2006,79.77,79.81,80.6,80.97,79.92,81.26,78.65
"9377",246,2006,79.99,82.4,80.47,79.18,81.07,77.5,81.66
"9378",247,2006,83.69,85.16,84.78,80.46,83.63,80.59,82.89
"9379",248,2006,85.05,86.66,85.2,85.13,85.57,85.39,83.98
"9380",249,2006,84.16,89.23,83.13,90.95,82.25,94.78,83.93
"9381",250,2006,81.09,90.67,80.61,94.18,79.58,96.15,85.37
"9382",251,2006,86.95,93.44,84.88,93.61,86.42,93.93,88.5
"9383",252,2006,82.09,88.46,81.22,87.85,83.42,90.27,84.46
"9384",253,2006,79.07,80.75,79.83,81.93,80.62,82.95,79.21
"9385",254,2006,85.15,87.86,85.83,86.61,85.76,86.97,84.86
"9386",255,2006,88.06,88.82,88.86,85.83,87.07,86.27,85.03
"9387",256,2006,87.61,94.22,87.43,94.74,88.13,95.02,90.71
"9388",257,2006,81.74,80.84,82.41,86.41,80.04,85.84,83.13
"9389",258,2006,81.12,82.23,81.31,84.76,81.87,84.08,82.19
"9390",259,2006,83.6,85.57,83.7,84.14,84.53,82.59,84.38
"9391",260,2006,88.42,88.29,87.98,88.95,87.64,87.91,86.42
"9392",261,2006,87.01,87.49,87.49,89,85.1,89.98,85.11
"9393",262,2006,87.18,91.29,87.28,93.49,87.49,93.32,90.39
"9394",263,2006,83.48,86.5,84.32,85.81,83.97,86.45,82.43
"9395",264,2006,78.96,78.77,80.38,79.5,78.47,79.7,76.44
"9396",265,2006,79.65,78.86,80.8,78.56,79.44,76.93,80.05
"9397",266,2006,80.83,79.78,82.08,75.82,80.39,75.63,78.12
"9398",267,2006,84.06,87.69,84.6,85.3,85.22,83.15,83.87
"9399",268,2006,85.19,85.54,85.9,87.17,84.4,86.34,83.15
"9400",269,2006,85.31,88.95,85.15,88.67,86.02,89.74,84.66
"9401",270,2006,81.33,82.52,81.81,83.13,81.57,83.02,80.54
"9402",271,2006,81.01,80.91,81.53,81.67,80.49,80.68,80.16
"9403",272,2006,85.75,88.1,85.97,86.73,87.08,86.29,84.3
"9404",273,2006,84.21,86.76,84.48,87.99,85.33,87.19,85.68
"9405",274,2006,86.8,91.11,85.49,90.82,86.86,89.57,87.17
"9406",275,2006,86.56,87.04,86.58,88.94,85.48,85.63,86.49
"9407",276,2006,89.36,92.17,89.28,92.67,88.14,92.43,88.71
"9408",277,2006,83.52,81.1,85.25,86.71,80.43,85.21,82.51
"9409",278,2006,79.66,80.65,80.74,84.96,79.34,84.36,81.03
"9410",279,2006,78.85,76.51,80.95,80.76,77.47,80.9,77.26
"9411",280,2006,80.6,84.65,81.09,84.71,80.54,86.97,78.51
"9412",281,2006,82.1,83.52,83.42,85.18,84.58,83.58,82.71
"9413",282,2006,86.97,88.83,87.72,88.6,87.93,86.98,86.31
"9414",283,2006,84,84.07,84.53,85.88,83.31,85.5,83.78
"9415",284,2006,85.7,87.46,85.66,88.89,85.26,88.51,84.4
"9416",285,2006,84.88,85.41,85.65,85.13,84.51,82.76,83.5
"9417",286,2006,85.32,86.84,84.87,84.93,85.8,83.07,85.64
"9418",287,2006,86.13,88.81,85.98,81.42,87.42,80.65,83.36
"9419",288,2006,85.48,89.81,84.59,85.49,86.02,83.43,87.17
"9420",289,2006,82.93,82.11,83.65,79.6,83.2,78.06,81.96
"9421",290,2006,86.53,88.73,86.51,89.1,86.13,90.14,88.15
"9422",291,2006,82.16,79.41,83.46,81.15,81.57,79.93,81.98
"9423",292,2006,83.37,84.93,83.39,86.29,83.2,82.07,85.8
"9424",293,2006,92.55,96.64,92.27,95.29,92.21,95.1,93.42
"9425",294,2006,85.51,87.88,85.43,88.8,84.61,86.8,87.46
"9426",295,2006,84.09,87.18,83.33,87.17,82.8,85.59,86.09
"9427",296,2006,89.08,90.76,89.04,88.39,89.31,87.7,88.77
"9428",297,2006,85.78,87.15,85.84,84.53,85.87,83.34,84.77
"9429",298,2006,82.19,82.65,82.51,80.35,82.8,79.45,82.02
"9430",299,2006,83.69,86.53,83.1,83.13,85.49,82.67,83.78
"9431",300,2006,87.55,88.59,87.43,83.03,87.77,83.2,85.01
"9432",301,2006,82.89,82.31,83.5,82.78,82.76,80.71,83.2
"9433",302,2006,84.19,83.53,84.35,84.65,83.41,83.08,84.04
"9434",303,2006,81.86,82.66,81.42,78.85,81.65,78.69,80.07
"9435",304,2006,82.82,85.87,81.91,79.09,83.95,79.57,82.49
"9436",305,2006,77.48,78.93,77.47,73.48,79.34,74.65,75.81
"9437",306,2006,75.56,73.59,76.1,66.39,75.39,67.66,69.14
"9438",307,2006,78.21,78.94,77.1,70.2,80.23,70.38,73.4
"9439",308,2006,77.2,76.37,77.96,71.27,78.78,70.61,74.24
"9440",309,2006,74.77,73.66,75.3,74.13,74.39,71.71,75.05
"9441",310,2006,76.67,73.47,76.63,76.17,75.34,72.91,77.09
"9442",311,2006,78.61,79.58,78.16,79.9,79.28,77.96,79.64
"9443",312,2006,79.43,80.97,79.73,83.75,79.82,81.17,83.02
"9444",313,2006,86.02,83.89,86.68,82.17,86.91,79.48,83.25
"9445",314,2006,87.98,92.42,87.37,87.47,89.49,85.62,87.44
"9446",315,2006,84.29,80.91,85.02,80.17,83.1,77.9,80.52
"9447",316,2006,86.84,90.09,87.08,86.08,88.65,83.85,86.64
"9448",317,2006,92.26,94.16,92.19,86.89,91.11,85.03,89.61
"9449",318,2006,87.85,93.88,87.55,92.57,88.84,91.05,92.02
"9450",319,2006,90.08,94.2,90.15,94.9,91.63,94.47,94.23
"9451",320,2006,87.1,91.52,86.98,90.76,88.25,89.58,90.05
"9452",321,2006,86.97,92.05,87.49,88,88.09,85.52,89.55
"9453",322,2006,85.54,89.74,85.23,88.41,85.56,87.03,86.22
"9454",323,2006,86.4,88.75,85.67,88.3,86.63,87.38,85.48
"9455",324,2006,88.73,88.6,88.59,90.73,88.27,88.69,88.46
"9456",325,2006,85.74,88.97,85.43,91.53,87.21,91.52,88.73
"9457",326,2006,84.07,83.92,84.38,84.58,84.52,82.6,84.56
"9458",327,2006,82.34,81.03,82.88,80.61,82.4,78.63,81.34
"9459",328,2006,81.97,82.14,82.43,82.32,81.95,79.01,83.56
"9460",329,2006,82.7,84.88,82.84,83.99,83.91,81.67,83.92
"9461",330,2006,83.31,81.82,84.35,83.74,81.78,81.46,82.1
"9462",331,2006,82.75,83.21,83.57,83.98,82.89,81.71,83.66
"9463",332,2006,83.27,82.79,83.63,83.29,83.59,81.09,82.43
"9464",333,2006,85.59,85.2,85.18,84.86,84.92,85.15,82.98
"9465",334,2006,79.4,79.25,80.54,83.29,77.09,82.43,80.12
"9466",335,2006,78.37,76.4,80,77.32,76.16,76.54,77.22
"9467",336,2006,78.84,80.41,80.47,79.54,79.83,76.93,81.25
"9468",337,2006,80.07,80.75,80.67,78.32,80.8,77.12,79.71
"9469",338,2006,77.93,87.43,77.92,85.9,80.08,85.81,84.43
"9470",339,2006,80.23,85.47,80.82,89.45,79.79,88.06,86.11
"9471",340,2006,81.72,83.51,82.12,87.39,80.78,86.66,83.48
"9472",341,2006,84.81,85.26,84.88,88.64,83.27,88.15,85.73
"9473",342,2006,75.33,72.65,76.9,71.39,72.49,71.69,71.73
"9474",343,2006,79.51,78.4,79.98,73.03,78.85,72.89,75.12
"9475",344,2006,80.57,79.06,81.46,77.26,79.44,76.52,77.35
"9476",345,2006,82.99,84.56,83.09,83.72,83.74,83.35,81.97
"9477",346,2006,82.24,80.69,83.3,84.67,81.16,82.71,81.94
"9478",347,2006,76.8,74.63,77.96,77.95,75.63,75.29,77.2
"9479",348,2006,73.24,76.43,73.99,78.96,73.63,76.57,78.64
"9480",349,2006,72.87,72.92,73.87,79.54,72.28,76.84,77.23
"9481",350,2006,73.37,72.66,74.65,75.05,72.46,73.85,74.5
"9482",351,2006,72.91,72.3,74.11,73.39,72.58,71.67,73.15
"9483",352,2006,73.27,71.84,74.15,72.21,72.16,70.75,71.72
"9484",353,2006,70.92,69.89,71.89,74.15,69.75,72,72.59
"9485",354,2006,70.44,68.52,71.84,74.75,68.18,72.48,73.12
"9486",355,2006,69.49,68.62,70.95,74.33,67.53,71.99,72.95
"9487",356,2006,82.12,84.45,82.91,84.96,81.92,85.23,82.33
"9488",357,2006,84.28,82.29,86.69,87.7,81.05,87.87,82.7
"9489",358,2006,77.66,74.95,79.02,83.72,74.57,80.93,79.02
"9490",359,2006,74.15,71.23,75.82,77.08,71.16,75.09,74.63
"9491",360,2006,69.11,66.24,71.33,74.53,66.54,71.11,72.4
"9492",361,2006,72.09,69.45,74.13,77.77,70.33,74.69,75.79
"9493",362,2006,70.09,72.16,71.13,81.79,69.58,79.01,77.86
"9494",363,2006,70.17,73.71,70.75,83.26,70.19,81.18,78.42
"9495",364,2006,67.19,67.37,69.25,78.02,66.15,75.62,73.88
"9496",365,2006,63.29,63.3,64.76,74.84,61.92,72.38,71.43
"9497",1,2007,67.89,64.87,69.31,76.05,65.57,72.84,72.07
"9498",2,2007,65.06,63.12,65.88,70.63,63.65,67.75,68.04
"9499",3,2007,64.41,64.13,64.24,72.97,63.5,70.42,68.97
"9500",4,2007,60.6,59.83,61.89,71.98,59.32,68.35,68.03
"9501",5,2007,59.92,61.64,60.25,75.11,60.54,71.43,70.94
"9502",6,2007,58.12,60.33,59.21,72.67,58.14,69.03,69.22
"9503",7,2007,56.88,58.86,57.04,71.13,57.12,66.99,67.78
"9504",8,2007,55.26,56.93,56.55,71.17,55.85,66.57,66.95
"9505",9,2007,57.35,59.93,57.82,74.84,57.29,71.65,70.18
"9506",10,2007,59.44,61.81,60.25,78.09,58.63,74.06,73.59
"9507",11,2007,66.85,72,66.76,83.34,67.74,81.25,78.24
"9508",12,2007,71.4,78.47,70.74,88.22,72.57,87.16,82.83
"9509",13,2007,65.51,71.76,64.97,83.33,67.26,80.69,77.47
"9510",14,2007,63.15,66.66,63.25,79.39,63.58,76.53,74.47
"9511",15,2007,59.95,67.82,59.8,81.56,62.25,78.68,76.6
"9512",16,2007,59.67,65.39,59.67,80.64,60.68,77.55,74.41
"9513",17,2007,61.49,68.81,61.39,83.72,63.09,80.64,77.69
"9514",18,2007,62.65,70.56,62.42,82.54,63.94,80.71,77.8
"9515",19,2007,60.42,69.81,60.54,81.51,63.1,79.42,76.69
"9516",20,2007,61.98,67.46,61.68,77.97,64.01,75.96,73.95
"9517",21,2007,58.11,66.31,58.3,80.93,60.16,79.24,74.77
"9518",22,2007,58.38,66.56,58.28,80.86,60.47,77.94,75.41
"9519",23,2007,57.59,63.86,57.28,77.69,59.48,74.8,74.33
"9520",24,2007,52.9,58.38,53.03,70.62,54.65,69.17,67.2
"9521",25,2007,47.44,52.93,47.27,68.42,47.94,65.57,64.73
"9522",26,2007,47.66,53.26,47.05,68.8,48.91,65.64,66.47
"9523",27,2007,46.86,55.74,46.31,71.49,49.34,67.4,68.8
"9524",28,2007,48.81,55.59,48.23,70.47,50.98,68.4,66.28
"9525",29,2007,45.37,52.63,45.06,68.55,48.17,65.7,64.13
"9526",30,2007,45.31,51.53,44.96,66.16,47.18,63.03,62.71
"9527",31,2007,41.64,46.87,41.24,60.35,43.66,57.16,58.17
"9528",32,2007,38.89,38.9,40.28,46.48,38.66,46.72,46.84
"9529",33,2007,36.97,39.84,37.94,52.7,37.5,51.73,48.57
"9530",34,2007,36.92,40.04,37.38,51.75,37.46,51.35,48.12
"9531",35,2007,40.1,42.52,40.6,56.51,39.55,55.24,52.07
"9532",36,2007,41.05,44.12,41.35,58.52,41.15,56.68,53.98
"9533",37,2007,40.16,44.75,39.9,59.06,41.48,57.4,55.07
"9534",38,2007,39.28,43.49,39.44,55.82,40.43,53.72,53.01
"9535",39,2007,40.28,40.04,40.62,51.72,40.01,48.61,50.53
"9536",40,2007,40.29,42.77,40.28,55.4,41.31,53.2,52.76
"9537",41,2007,39.53,43.82,39.66,55.1,40.99,52.74,54.55
"9538",42,2007,40.09,40.13,40.86,48.76,39.83,47.1,50.13
"9539",43,2007,42.31,44.06,43.82,57.57,42.95,53.59,56.88
"9540",44,2007,43.79,48.11,44.28,63.25,44.89,59.94,61.98
"9541",45,2007,45.84,51.08,45.7,62.93,47.48,60.74,61.58
"9542",46,2007,43.83,48.63,43.45,59.44,44.77,56.21,59.28
"9543",47,2007,40.64,44.53,40.44,52.75,42.16,51.36,52.85
"9544",48,2007,38.73,41.87,39.39,54.87,39.03,52.33,53.09
"9545",49,2007,42.87,41.01,44.2,51.27,41.74,48.36,51.08
"9546",50,2007,37.39,41.87,37.99,52.43,39.76,51.29,51.96
"9547",51,2007,36.7,39.84,37.73,50.24,36.81,49.01,49.73
"9548",52,2007,42.98,41.26,44.06,46.7,43.27,45.23,47.8
"9549",53,2007,35.86,37.32,36.54,44.96,36.52,43.23,46.61
"9550",54,2007,33.7,33.22,34.59,41.4,33.71,38.9,42.42
"9551",55,2007,36.74,37.13,39.28,48.25,35.84,46.93,46.13
"9552",56,2007,61.93,58.27,63.91,64.26,58.81,61.61,63.56
"9553",57,2007,60.35,57.57,63.55,67.16,61.73,63.76,69.2
"9554",58,2007,47.98,42.57,51.24,55.4,46.8,50.63,56.76
"9555",59,2007,42.76,37.89,44.91,49.71,41.03,45.66,51.33
"9556",60,2007,40.25,36.93,41.82,48.41,39.08,44.45,50.36
"9557",61,2007,40.87,37.12,42.6,48.92,39.28,45.74,49.27
"9558",62,2007,46.95,46.84,48.18,53.89,45.71,51.24,54.1
"9559",63,2007,46.71,47.55,48.64,61.39,46.96,56.55,61.78
"9560",64,2007,41.21,44.53,42.32,60.8,42.9,55.19,60.79
"9561",65,2007,47.39,49.76,47.69,60.13,49.39,54.91,60.92
"9562",66,2007,48.42,49.08,53.2,65.96,49.41,59.83,64.8
"9563",67,2007,52.11,49.54,59.83,63.47,55.61,56.88,64.12
"9564",68,2007,61.36,57.52,67.79,69.47,61.4,63.78,67.83
"9565",69,2007,52.97,54.2,58.51,69.44,52.57,64.71,67.59
"9566",70,2007,42.23,42.52,47.2,57.37,42.73,51.91,56.82
"9567",71,2007,37.52,38.25,42.1,52.32,39.68,46.09,54.01
"9568",72,2007,40.06,41.07,43.15,53.21,41.65,47.76,54.79
"9569",73,2007,44.37,48.89,46.05,59.5,46.67,54.27,60.5
"9570",74,2007,43.76,50.42,46.13,65.07,45.71,60.16,64.69
"9571",75,2007,41.38,46.06,44.2,61.56,44.25,55.2,61.54
"9572",76,2007,52.76,48.2,57.96,59.05,53.16,52.83,58.78
"9573",77,2007,44.71,46.38,47.01,60.76,47.43,54.11,61.15
"9574",78,2007,44.9,44.64,50.25,60.1,49.86,51.99,61.36
"9575",79,2007,47.65,45.69,54.13,61.05,51.57,53.4,61.78
"9576",80,2007,51.5,47.81,55.51,62.85,53.62,54.79,62.76
"9577",81,2007,45.91,44.48,49.78,62.47,48,54.35,62.23
"9578",82,2007,40.94,47.76,41.64,68.13,43.12,61.93,64.84
"9579",83,2007,45.36,49.35,50.03,70.86,49.63,66.13,65.67
"9580",84,2007,74.35,79.22,77.31,89.92,75.97,89.22,84.97
"9581",85,2007,83.21,86.15,82.38,92.69,80.62,92.74,85.51
"9582",86,2007,81.09,83.32,83.22,91.74,81.27,90.48,86.69
"9583",87,2007,76.79,75.25,79.24,84.53,76.02,82.65,79.79
"9584",88,2007,86.97,90,87.95,90.7,87.11,89.87,87.27
"9585",89,2007,83.52,83.94,84.68,84.38,81.94,82.84,83.66
"9586",90,2007,90.12,97.18,88.19,96.26,89.01,96.66,91.4
"9587",91,2007,85.58,85.51,86.73,85.35,84.34,86.88,82.64
"9588",92,2007,88.91,91.45,89.46,91.66,88.75,90.49,88.77
"9589",93,2007,85.99,86.99,87.33,88.47,86.19,86.86,86.59
"9590",94,2007,80.54,79.31,82.86,85.46,80,82.2,82.94
"9591",95,2007,83.08,81.91,84.77,84.42,81.95,81.72,81.91
"9592",96,2007,89.27,92.06,89.74,93.29,90.54,91.33,91.78
"9593",97,2007,89.98,93.13,89.71,93.52,89.97,92.15,92.33
"9594",98,2007,83.92,85.3,84.32,87.59,84.46,85.13,86.31
"9595",99,2007,83.75,81.86,85.23,77.69,85.24,76.74,80.42
"9596",100,2007,77.3,72.13,80.21,71.83,76.39,70.56,74.65
"9597",101,2007,69.79,65.71,73.27,67.01,69.2,65.81,69.53
"9598",102,2007,70.47,66.94,73.83,72.35,69.14,70.02,71.43
"9599",103,2007,73.48,69.13,76.93,71.79,72.19,69.1,72.46
"9600",104,2007,82.83,76.42,85.56,75.32,80.3,73.36,76.82
"9601",105,2007,81.44,75.33,82.97,74.65,78.24,73.71,76.18
"9602",106,2007,80.1,78.95,82.51,83.64,80.54,81.81,81.25
"9603",107,2007,82.55,84.28,83.48,87.24,83.77,83.68,85.49
"9604",108,2007,86.62,91.76,87.17,94.14,91.04,93.76,91.07
"9605",109,2007,88.48,91.89,89.14,90.48,91.34,89.63,90.01
"9606",110,2007,86.23,90.2,85.93,92.94,87.66,91.45,91.04
"9607",111,2007,81.49,82.53,82.26,84.95,81.47,81.92,83.59
"9608",112,2007,84.22,88.55,83.91,88.89,85.34,86.17,87.1
"9609",113,2007,84.55,86.36,84.69,85.48,84.54,82.51,86.16
"9610",114,2007,86.21,85.65,86.75,83.79,86.75,81.3,81.87
"9611",115,2007,81.99,76.43,83.68,79.08,80.81,75.73,78.99
"9612",116,2007,79.66,79.9,80.62,83.46,77.89,81.66,79.75
"9613",117,2007,74.65,70.72,77.34,74.82,74.15,72.38,74.05
"9614",118,2007,75.49,73.54,79.3,76.47,76.65,72.87,77.02
"9615",119,2007,80.14,78,82.39,81.31,81.22,77.38,81.56
"9616",120,2007,84.6,90.76,84.33,92.22,86.49,90.05,88.5
"9617",121,2007,84.92,90.32,84.21,91.4,86.19,90.15,88.78
"9618",122,2007,83.34,81.23,85.1,86.5,83.36,83.95,85.04
"9619",123,2007,86.8,90.22,87.57,92.17,87.88,90.21,90.2
"9620",124,2007,88.07,90.47,88.33,89.52,89.22,87.57,87.27
"9621",125,2007,85.58,84.63,86.5,85.51,85.43,82.05,84.73
"9622",126,2007,85.54,86.44,85.93,86.47,85.93,82,85.57
"9623",127,2007,84.77,83.88,85.03,84.43,84.99,81.92,83.65
"9624",128,2007,90.86,94.3,90.1,93.46,91.1,93.07,90.22
"9625",129,2007,90.06,92.8,89.45,92.34,90.18,92.39,89.51
"9626",130,2007,88.56,94.69,87.7,95.35,90.29,94.47,92.17
"9627",131,2007,85.24,86.84,85.77,91.15,83.21,92.1,86.17
"9628",132,2007,80.07,83.74,81.77,90.78,77.6,92.35,83.18
"9629",133,2007,82.64,89.93,83.23,93.82,81.68,95.26,87.75
"9630",134,2007,78.78,86.15,78.76,90.84,78.77,90.67,85.38
"9631",135,2007,83.97,92.43,82.55,93.06,86.68,91.62,90.35
"9632",136,2007,88.41,93.8,87.87,93.98,89.72,94.44,90.51
"9633",137,2007,83.59,84.42,83.76,86.9,84.56,85.83,84.7
"9634",138,2007,88.37,88.33,88.77,89.46,88.45,87.41,88.02
"9635",139,2007,90.79,93.95,90.39,94.1,91.54,92.81,92.5
"9636",140,2007,88.67,93.33,88.39,93.3,90.29,91.59,91.95
"9637",141,2007,82.97,82.08,84.08,84.41,83.43,81.23,84.15
"9638",142,2007,76.11,78.66,77.12,77.27,77.08,75.27,79.52
"9639",143,2007,75.03,75.19,76.18,75.04,75.37,73.85,77.03
"9640",144,2007,77.56,76.44,78.94,78.99,76.76,77.55,76.84
"9641",145,2007,88.87,88.26,88.97,87.76,88.77,86.02,86.05
"9642",146,2007,90.03,94.35,90.04,96.38,90.03,97.07,91.97
"9643",147,2007,86.08,91.37,85.64,93.1,85.7,92.62,89.5
"9644",148,2007,86.69,93.35,86.51,94.04,89.24,93.34,91.09
"9645",149,2007,91.32,95.83,90.45,94.01,90.98,94.44,91.61
"9646",150,2007,92.36,95.49,92.19,96.37,92.54,96.08,94.59
"9647",151,2007,87.05,93.13,86.89,96.4,88.63,95.75,91.65
"9648",152,2007,91.05,94.22,91.2,93.75,92.46,92.06,92.09
"9649",153,2007,89.72,95.27,89.71,94.38,91.72,93.95,93.54
"9650",154,2007,95.42,99.08,95.29,98.16,96.28,97.3,96.38
"9651",155,2007,89.75,94.16,88.54,94.65,90.6,95.13,91.63
"9652",156,2007,89.31,96.5,88.28,97.17,91.06,98,94.09
"9653",157,2007,88.46,87.02,88.38,88.08,88.59,87.37,86.35
"9654",158,2007,87.8,86.48,88.1,87.61,86.94,85.91,87.75
"9655",159,2007,81.99,81.37,83.93,84.08,80.38,83.77,81.85
"9656",160,2007,88.51,93.78,88.65,92.27,90.65,94.06,88.42
"9657",161,2007,86.95,92.83,86.99,94.11,88.36,94.39,90.35
"9658",162,2007,87.01,91,86.17,93.7,87.05,92.83,90.5
"9659",163,2007,84.01,84.96,84.36,83.67,83.31,83.42,82.25
"9660",164,2007,82.11,83.22,83.11,84.02,83.09,84.5,82.43
"9661",165,2007,85.57,88.59,85.37,90.85,85.85,89.79,87.41
"9662",166,2007,87.9,91.02,87.48,89.83,88.56,88.78,86.99
"9663",167,2007,84.82,80.26,86.67,82.23,84.04,80.53,81.03
"9664",168,2007,83.01,77.32,85.42,78.85,81.85,76.49,79.63
"9665",169,2007,91.7,86.91,91.99,83.82,90.22,81.27,87.28
"9666",170,2007,94.8,97.87,93.14,94.52,94.62,94.28,93.15
"9667",171,2007,88.9,94.21,88.89,95.92,89.21,97.63,89.93
"9668",172,2007,89.31,91.69,88.57,89.49,89.47,90.15,86.52
"9669",173,2007,85.85,78.81,87.16,83.11,84.71,79.87,81.83
"9670",174,2007,89.52,87.4,90.36,90.01,90.53,86.12,90.4
"9671",175,2007,91.37,95.49,90.23,93.93,90.75,92.72,92.53
"9672",176,2007,91.44,93.7,91.21,94.18,92.76,93.24,92.43
"9673",177,2007,86.75,89.91,86.95,93.12,86.02,91.95,91.64
"9674",178,2007,91.11,94.43,91.76,94.83,90.87,94.81,93.39
"9675",179,2007,94.1,96.98,93.39,97.78,94.57,97.04,96.83
"9676",180,2007,89.88,89.37,90.38,92.27,86.73,93.16,87.64
"9677",181,2007,84.86,88.74,85.54,92.05,79.26,93.68,84.62
"9678",182,2007,86.92,90.6,86.47,96.41,82.59,96.85,90.55
"9679",183,2007,81.9,83.83,82.31,91.51,82.23,91.85,86.67
"9680",184,2007,82.91,87.39,82.08,93.52,81.6,94.36,86.99
"9681",185,2007,84.43,91.85,83.89,93.94,86.59,93.97,89.06
"9682",186,2007,87.71,90.09,86.95,90.42,88.29,90.56,87.4
"9683",187,2007,89.38,92.27,88.63,91.73,89.64,91.44,87.82
"9684",188,2007,85.79,85.37,85.85,87.12,86.42,88.23,84.05
"9685",189,2007,82.58,81.07,83.12,83.72,82.35,82.83,81.73
"9686",190,2007,87.42,86.82,86.19,83.02,88.2,80.42,84.31
"9687",191,2007,92.7,93.12,90.97,89.89,92.51,88.9,90.19
"9688",192,2007,87.05,86.4,86.95,89.14,85.17,88.3,85.32
"9689",193,2007,91.9,94.64,91.51,93.75,91.25,93.57,91.7
"9690",194,2007,91.67,93.45,90.49,93.07,90.3,94.41,89.42
"9691",195,2007,85.26,82.98,86.86,88.54,84.51,87.52,87.12
"9692",196,2007,87.11,84.46,87.42,83.15,86.46,80.92,84.22
"9693",197,2007,84.48,85.24,85.21,87.9,84.98,86.04,85.93
"9694",198,2007,82.92,75.5,84.06,76.91,81.92,75.22,79.37
"9695",199,2007,77.89,70.95,79.44,64.84,75.58,64.51,69.76
"9696",200,2007,83.44,74.72,85.35,70.9,82.17,70.01,75.02
"9697",201,2007,86.1,87.99,86.43,85.61,87.31,83.77,85.26
"9698",202,2007,82.62,82.99,83.24,86.06,84.62,86.06,84.25
"9699",203,2007,88.31,93.15,88.58,89.19,89.35,87.83,90.23
"9700",204,2007,82.77,86.66,82.33,82.87,84.12,80.6,85.04
"9701",205,2007,81.68,82.51,81.92,81.98,81.69,80.28,83.33
"9702",206,2007,82.51,81.85,82.35,77.48,83.31,76.83,80.99
"9703",207,2007,85.78,82.68,85.56,80.78,85.39,79.69,81.04
"9704",208,2007,89.2,92.68,89.5,90.63,90.22,90.85,87.8
"9705",209,2007,89.26,91.76,89.23,91.6,89.53,93.61,88.89
"9706",210,2007,86.19,87.04,86.89,91.22,82.06,95.6,84.24
"9707",211,2007,80.19,84.08,81.51,88.42,77.72,90.56,80.94
"9708",212,2007,82.97,84.85,83.56,87.94,81.95,88.01,82.86
"9709",213,2007,84.83,92.56,84.43,93.57,86.46,93.68,88.58
"9710",214,2007,82.6,85.84,83.34,89.91,83.84,89,85.71
"9711",215,2007,91.85,96.54,90.73,96.35,91.45,97.55,94
"9712",216,2007,83.21,84.6,83.86,88.8,79.54,90.02,83.16
"9713",217,2007,86.29,90.04,86.29,90.29,81.27,92.81,82.58
"9714",218,2007,83.45,84.42,83.7,86.31,83.08,88.33,82.18
"9715",219,2007,82.55,86.97,83.3,87.9,85.58,87.32,86.87
"9716",220,2007,89.28,93.83,88.5,92.76,89.03,92.14,89.85
"9717",221,2007,87.55,91.92,87.06,93.65,86.56,95.97,87.99
"9718",222,2007,84.94,88.72,84.58,89.23,85.45,92.35,84.21
"9719",223,2007,89.94,94.9,88.66,94.58,90.92,95.69,90.76
"9720",224,2007,88.41,95.03,87.42,95.88,87.94,96.62,89.84
"9721",225,2007,87.88,93.79,86.43,93.39,88.9,92.59,89.46
"9722",226,2007,86.61,92.86,85.41,92.35,89.11,91.28,90.17
"9723",227,2007,87.71,90.18,87.35,87,88.88,86.06,88.47
"9724",228,2007,88.28,93.79,88.07,91.43,89.36,91.68,90.32
"9725",229,2007,85.64,90.93,85.67,93.45,87.8,93.07,89.55
"9726",230,2007,83.57,88.24,82.98,91.97,84.33,91.38,86.05
"9727",231,2007,88.61,93.48,86.71,94.31,87.31,95.95,88.54
"9728",232,2007,88.01,93.84,87.61,94.65,88.16,94.94,89.46
"9729",233,2007,86.75,92.94,86.01,94.89,84.81,96.88,89.2
"9730",234,2007,83.23,84.84,83.12,86.62,81.25,88.59,81.57
"9731",235,2007,81.12,86.83,81.92,86.79,84.06,85.66,87.24
"9732",236,2007,84.93,91.18,84.66,90.9,86.44,90.89,88.96
"9733",237,2007,87.09,92.75,85.08,91.98,88.51,90.35,90.43
"9734",238,2007,86.89,91.39,85.06,90.35,89.89,89.5,87.81
"9735",239,2007,86.23,90.4,85.99,89,85.7,87.77,85.03
"9736",240,2007,82.39,80.82,83.22,80.11,81.32,79.15,78.94
"9737",241,2007,83.04,84.22,84.06,81.8,83.82,81.41,81.06
"9738",242,2007,90.67,94.82,90.26,92.81,90.11,92.31,89.58
"9739",243,2007,85.49,90.54,84.56,93.4,83.87,94.26,87
"9740",244,2007,86.46,91.79,85.16,93.26,86.27,93.89,88.04
"9741",245,2007,81.24,85.32,81.47,86.89,79.53,86.83,83.06
"9742",246,2007,87.98,94.12,85.73,93.63,87.01,96.55,87.52
"9743",247,2007,85.21,91.88,84.9,93.08,86.38,92.76,88.01
"9744",248,2007,87.38,91.91,86.42,91.31,88.19,91.34,87.67
"9745",249,2007,85.59,86.08,85.49,86.42,85.71,84.85,84.41
"9746",250,2007,88.2,92.52,87.32,90.65,87.53,89.4,88.23
"9747",251,2007,83.86,88.4,83.37,93.15,83.88,92.94,88.48
"9748",252,2007,85.28,90.86,84.8,92.56,87.55,94.18,87.55
"9749",253,2007,82.38,82.84,82.58,85.33,82.25,85.12,81.68
"9750",254,2007,82.07,82.18,83.23,82.65,81.65,80.96,80.97
"9751",255,2007,87.74,88.84,87.2,89.13,87.63,88.66,85.51
"9752",256,2007,90.77,89.84,90.96,91.46,89.97,92.3,87.86
"9753",257,2007,86.75,88.21,86.93,90.39,85.01,91.46,86.19
"9754",258,2007,86.03,92.16,85.23,91.88,86.15,91.97,88.08
"9755",259,2007,86.52,89.18,85.37,90.62,86.5,92.1,84.65
"9756",260,2007,85.54,87.62,85.03,84.13,86.65,85.14,81.4
"9757",261,2007,85.06,85.54,85.07,84.32,85.16,83.69,82.65
"9758",262,2007,86.46,86.52,86.72,87.16,85.89,86.27,85.54
"9759",263,2007,89.44,87.64,88.24,88.79,86.91,87.44,86.71
"9760",264,2007,83.1,86.05,82.73,87.36,83.49,88.3,84.21
"9761",265,2007,79.06,79.25,80.01,81.41,79.35,80.8,79.78
"9762",266,2007,82.02,84.09,82.38,81.75,81.58,78.98,82.82
"9763",267,2007,87.94,91.33,87.14,85.61,87.99,85.3,85.92
"9764",268,2007,88.65,91.19,87.3,90.14,89.92,88.68,88.54
"9765",269,2007,92.6,95.77,91.66,96.14,93.14,96.88,91.75
"9766",270,2007,87.93,92.5,86.97,93.34,89.08,93.88,90.19
"9767",271,2007,87.59,92.14,87.11,90.12,87.84,92.14,85.76
"9768",272,2007,85.85,90.41,84.95,90.89,87.15,91.81,85.49
"9769",273,2007,84.01,88.93,83.12,92.4,84.05,91.93,86.81
"9770",274,2007,86.46,88.66,85.38,91.6,87.06,90.42,87.26
"9771",275,2007,88.44,91.41,87.59,90.97,89.81,92.42,86.23
"9772",276,2007,83.37,84.99,82.78,86,83.47,87.18,82.66
"9773",277,2007,80.73,81.53,81.19,82.26,80.12,82.79,79.75
"9774",278,2007,80.26,81.78,82.17,83.81,81.67,83.7,82.26
"9775",279,2007,81.99,84.96,82.99,87.31,83.16,87.25,84.29
"9776",280,2007,81.19,81.83,82.49,86.1,81.44,85.33,82.61
"9777",281,2007,83.98,83.68,85.03,85.09,83.27,83.59,82.58
"9778",282,2007,84.74,86.09,85.15,89,85.72,87.32,85.5
"9779",283,2007,83.75,85.35,84.18,86.47,83.29,85.57,83.76
"9780",284,2007,86.91,88.39,87.17,85.14,86.63,83.64,85.44
"9781",285,2007,83.53,84.21,83.62,81.84,84.51,80.57,83.14
"9782",286,2007,82.34,88.15,82.11,85.49,83.92,85.11,87.23
"9783",287,2007,85.01,88.05,84.26,82.98,85.65,83.95,85.07
"9784",288,2007,84.05,84.09,84.5,82.13,83.81,82.01,82.48
"9785",289,2007,89.15,93.28,88.03,92.55,89.43,91.32,88.27
"9786",290,2007,84.03,84.49,84.5,88.22,84.14,88.48,84.04
"9787",291,2007,84.79,87.48,85.22,88.29,86.71,89.29,86.61
"9788",292,2007,86.68,89.39,86.27,86.62,86.83,86.1,86.28
"9789",293,2007,85.05,81.52,86.51,82.87,82.55,81.13,82.6
"9790",294,2007,84.12,82.79,85.09,84.89,83.84,82.57,81.96
"9791",295,2007,87.46,86.76,87.27,83.98,87.79,82.08,84.03
"9792",296,2007,84.02,82.84,84.89,85.02,83.14,85.19,82.51
"9793",297,2007,85.53,88.04,85.6,89.68,86.29,88.91,87.79
"9794",298,2007,84.69,88.56,84.26,90.21,85.95,89.3,87.91
"9795",299,2007,86.84,91.39,85.94,91.3,86.83,91.51,89.51
"9796",300,2007,87.04,92.85,85.98,93.98,87.91,94.71,91.01
"9797",301,2007,91.41,95.51,90.78,95.26,91.54,96.23,92.09
"9798",302,2007,84.31,87.2,84.43,91.61,84.39,90.02,87.44
"9799",303,2007,86.02,90.3,86.6,90.25,87.65,90.1,87.69
"9800",304,2007,88.67,91.31,88.3,88.65,88.94,86.74,88.54
"9801",305,2007,82.48,83.66,82.2,80.81,83.27,78.99,83.7
"9802",306,2007,81.2,80.15,81.98,79.13,80.73,78.5,80.77
"9803",307,2007,81.48,83.94,81.83,82.18,81.39,82.91,83.58
"9804",308,2007,81.52,85.9,80.56,84.94,83.43,84.99,84.88
"9805",309,2007,78.89,80.69,80.04,78.11,79.94,77.77,79.72
"9806",310,2007,80.14,82.82,81.48,80.79,81.61,80.65,81.65
"9807",311,2007,83.24,82.94,83.85,83.13,83.5,81.15,83.68
"9808",312,2007,91.29,91.04,90.84,89.86,90.12,88.78,88.81
"9809",313,2007,86.53,88.93,86.48,90.95,87.18,89.55,88.84
"9810",314,2007,81.31,78.2,82.8,79.78,79.53,77.83,79.45
"9811",315,2007,80.82,77.2,82.17,74.55,79.2,73.79,75.38
"9812",316,2007,84.32,80.52,84.26,78.55,83.43,77.45,78.08
"9813",317,2007,81.17,78.57,81.36,78.75,78.9,77.46,78.24
"9814",318,2007,80.32,77.69,81.96,74.51,79.36,74.19,76.79
"9815",319,2007,82.04,79.94,83.35,77.43,81.43,76.64,78.6
"9816",320,2007,83.95,84.54,85.02,86.83,83.96,84.78,84.81
"9817",321,2007,87.97,89.84,88.77,89.79,89.35,87.9,88.49
"9818",322,2007,89.24,90.79,88.89,90.31,89.07,88.59,89.16
"9819",323,2007,82.41,81.22,83.47,85.84,82.08,85.1,81.96
"9820",324,2007,78.84,73.31,80.93,77.87,75.56,75.48,77.61
"9821",325,2007,81.6,78.85,82.57,83.18,80.84,80.54,81.54
"9822",326,2007,82.73,82,84.36,89.43,81.79,86.76,86.25
"9823",327,2007,86.74,88.85,86.98,93.93,86.13,92.36,90.96
"9824",328,2007,83.36,82.37,84.35,86.16,81.3,84.9,82.74
"9825",329,2007,81.7,81.56,81.87,86.07,79.84,85.02,81.76
"9826",330,2007,79.49,76.76,80.02,81.15,77.79,79.83,77.68
"9827",331,2007,76.02,73.54,76.59,74.94,74.3,74.74,73.42
"9828",332,2007,74.51,72.26,75.73,73.61,72.48,73.37,72.11
"9829",333,2007,73.34,75.71,74.12,75.26,73.79,75.31,74.99
"9830",334,2007,69.24,71.17,70.88,75.79,70.01,74.44,76
"9831",335,2007,68.9,72.05,70.76,74.66,70.4,72.62,75.33
"9832",336,2007,69.72,71.62,70.88,74,70.51,72.02,74.63
"9833",337,2007,69.63,72.1,70.33,75.31,70.74,73.93,74.85
"9834",338,2007,70.07,71.97,70.98,78.38,70.79,75.38,76.33
"9835",339,2007,67.02,69.59,68.17,76.21,67.71,73.47,75.18
"9836",340,2007,65.69,70.36,66.41,77.01,66.67,75.12,75.54
"9837",341,2007,69.66,68.95,70.85,70.92,69.83,70.07,71.44
"9838",342,2007,71.87,72.58,71.94,70.65,73.2,70.68,72.48
"9839",343,2007,66.38,71.69,66.15,76.14,69.38,76.65,74.61
"9840",344,2007,66.68,64.09,67.72,66.25,64.66,65.35,67.01
"9841",345,2007,68.07,65.18,70.01,69.31,67.48,66.96,70.17
"9842",346,2007,67.69,66.02,68.54,71.64,67.53,69.03,71.75
"9843",347,2007,80.81,76.88,81.58,78.48,78.13,76.87,77.9
"9844",348,2007,86.18,85.39,85.86,85.71,83.94,84.01,83.02
"9845",349,2007,83.26,81.06,83.63,83.08,81.03,80.88,81.67
"9846",350,2007,80.08,88.37,78.41,86.47,82.21,84.21,84.85
"9847",351,2007,71.22,78.43,71.2,80.19,72.46,79.22,78.49
"9848",352,2007,71.19,69.81,71.63,70.56,70.53,69.38,71.49
"9849",353,2007,70.79,69.33,71.89,65.09,69.81,64.45,67.36
"9850",354,2007,74.88,76.89,75.79,73.93,76.07,72.12,74.64
"9851",355,2007,73.78,75.71,74.46,78.08,75.73,75.66,77.2
"9852",356,2007,80.81,86.38,79.5,83.66,82.11,83.73,81.9
"9853",357,2007,86.14,89.14,86.76,90.52,84.77,90.61,85.3
"9854",358,2007,89.06,89.6,89.11,91.39,87.97,90.42,90.43
"9855",359,2007,87.58,90.03,86.72,92.07,87.13,91.72,87.96
"9856",360,2007,75.79,78.42,77.24,82.93,75.68,82.13,79.08
"9857",361,2007,73.3,74.93,74.75,84.06,72.92,82.98,78.51
"9858",362,2007,75.24,76.15,76.16,81.82,73.95,81.24,77.01
"9859",363,2007,69.88,73.7,70.41,78.66,70.21,79.21,75.01
"9860",364,2007,68.41,69.11,69.58,74.71,68.34,74.14,71.1
"9861",365,2007,65.3,63.89,67.38,65.41,64.71,65.4,64.29
"9862",1,2008,61.51,54.89,63.92,52.47,59.08,53.84,54.28
"9863",2,2008,61.84,51.13,64.04,46.65,57.23,46.98,50.19
"9864",3,2008,61.68,52.22,64,49.17,57.64,48.71,52.89
"9865",4,2008,67.35,62.11,68.5,71.4,65.37,68.89,67.76
"9866",5,2008,67.35,67.74,68.36,81.37,66.69,79.74,75.61
"9867",6,2008,67.02,68.52,68.34,80.79,67.95,76.86,77.13
"9868",7,2008,66.63,71.07,67.13,82.57,68.73,80.29,78.77
"9869",8,2008,68.05,70.45,68.45,80.39,69.47,77.34,77.81
"9870",9,2008,64.51,68.51,65.12,79.09,67,75.71,78.29
"9871",10,2008,60.59,67.61,61.08,79.59,64.53,77.67,77.65
"9872",11,2008,57.25,64.74,57.5,77.59,62.24,74.13,75.39
"9873",12,2008,57.22,62.28,57.09,75.1,59.98,71.03,71.91
"9874",13,2008,61.61,65.17,61.27,75.86,63.62,72.65,73.18
"9875",14,2008,66.59,72.23,66.97,82.73,68.14,81.01,78.21
"9876",15,2008,62.64,65.8,63.99,76.32,62.96,73.6,72.93
"9877",16,2008,57.81,60.68,57.01,71,59.67,67.7,70.84
"9878",17,2008,52.87,56.63,53.32,69.88,55.39,65.23,68.73
"9879",18,2008,47.89,51.63,48.06,64.71,49.95,61.55,63.33
"9880",19,2008,51.17,56.61,50.55,70.39,53.8,67.49,66.6
"9881",20,2008,54.66,59.3,53.97,73.68,56.48,70.23,69.64
"9882",21,2008,51.17,55.92,51.07,70.92,53.34,66.62,67.8
"9883",22,2008,53.3,55.68,52.71,68.84,53.71,65.65,65.49
"9884",23,2008,57.21,60.27,56.47,73.34,57.61,69.11,69.37
"9885",24,2008,52.67,63.13,51.74,77.08,57.63,74.11,73.3
"9886",25,2008,48.85,54.58,48.15,67.02,52.09,63.1,65.32
"9887",26,2008,48.24,51.67,47.92,67.45,50.38,62.36,65.54
"9888",27,2008,47.9,54.07,47.84,68.04,50.67,64.07,65.47
"9889",28,2008,44.2,51.87,44.81,69.16,47.5,64.59,65.71
"9890",29,2008,42.8,49.61,43.7,64.93,46.47,61.22,62.39
"9891",30,2008,42.14,46.52,43.47,59.84,44.5,57.3,58.93
"9892",31,2008,43.8,46.55,45,59.23,45.61,56.16,58.77
"9893",32,2008,45.09,48.66,45.99,59.75,47.5,57.33,59.03
"9894",33,2008,40.26,47.08,40.29,61.22,43.68,56.01,61.07
"9895",34,2008,41.59,49.54,41.23,65.72,45.01,61.41,63.82
"9896",35,2008,44.37,48.62,45.45,65.9,47.41,60.4,62.85
"9897",36,2008,51.02,54.06,52.51,67.56,53.44,62.58,63.89
"9898",37,2008,59.3,60.58,62.09,76.84,58.64,73.43,71.1
"9899",38,2008,56.21,62.38,57.17,77.59,57.27,75.1,71.75
"9900",39,2008,54.91,60.85,55.78,77.64,56.89,75.69,70.64
"9901",40,2008,67.86,73.18,66.41,84.18,67.46,83.65,76.97
"9902",41,2008,71.43,77.32,68.91,88.83,71.18,86.68,81.44
"9903",42,2008,65.8,76.53,63.67,87.92,67.34,87.09,81.36
"9904",43,2008,63.05,72.66,61.45,82.32,64.33,81.42,76.59
"9905",44,2008,63.61,69.58,62.27,82.3,64.72,79.93,76.76
"9906",45,2008,62.23,64.86,61.9,77.75,61.87,74.63,73.86
"9907",46,2008,67.55,76.74,64.72,85.12,69.27,84.67,81.26
"9908",47,2008,60.62,67.02,58.85,76.67,61.98,75.25,73.45
"9909",48,2008,55.11,60.74,53.41,71.47,55.74,68.8,69.96
"9910",49,2008,57.03,66,55.04,78.35,58.68,75.83,74.32
"9911",50,2008,56.2,63.03,55.08,74.25,57.95,71.06,72.26
"9912",51,2008,55.93,66.98,54.92,80.99,58.36,78.71,76.02
"9913",52,2008,51.23,62.35,50.48,76.89,54.66,74.14,73.76
"9914",53,2008,46.53,53.26,46.04,68.85,48.3,65.65,65.74
"9915",54,2008,47.31,52.71,46.34,64.98,47.43,61.83,62.45
"9916",55,2008,48.53,53.72,47.34,68.86,49.64,66.29,65.29
"9917",56,2008,47.37,53.85,46.94,68.57,49.84,65.84,66.87
"9918",57,2008,45.87,52.07,45.6,64.89,48.76,61.67,64.71
"9919",58,2008,46.87,50.91,47.18,64.15,48.18,60.95,63.26
"9920",59,2008,52.8,61.62,52.83,76.52,56.85,72.44,72.88
"9921",60,2008,44.69,47.89,46.18,61.18,46.84,58.63,59.49
"9922",61,2008,45.6,46.44,47.26,54.93,45.67,53.22,55.6
"9923",62,2008,46.93,48.73,47.65,59.93,47.48,56.39,59.11
"9924",63,2008,45.55,47.97,45.64,61.79,46.27,58.23,60.26
"9925",64,2008,47.16,51.95,47.36,67.66,48.43,63.91,64.8
"9926",65,2008,52.85,55.44,53.48,68.06,53.01,65.01,67.19
"9927",66,2008,61.22,68.25,58.71,77.88,64.08,77.63,75.21
"9928",67,2008,61.09,67.79,59.87,82.29,64.5,81.97,77.2
"9929",68,2008,52.81,62.71,51.52,77.9,57.48,75.74,73.94
"9930",69,2008,49.13,57.89,48.64,72.64,53.44,70.82,69.92
"9931",70,2008,45.9,55.69,45.67,73.97,51.1,70.88,71.64
"9932",71,2008,44.7,51.42,45.2,71.53,48.29,67.84,67.97
"9933",72,2008,46.47,52.57,47.03,69.16,49.69,65.57,67.27
"9934",73,2008,63.33,64.21,65.07,72.61,64.62,69.86,72
"9935",74,2008,81.58,82.54,84.07,88.77,83.55,87.03,88.29
"9936",75,2008,73.78,70.57,77.04,76.08,72.89,74.55,76.34
"9937",76,2008,70.95,65.58,74.34,70.85,69.97,68.81,71.73
"9938",77,2008,62.26,61.34,65.07,68.94,62.63,66.5,68.85
"9939",78,2008,54.25,60.33,56.64,73.62,56.71,71.37,71.5
"9940",79,2008,52.87,57.76,53.94,70.85,55.14,67.78,69.66
"9941",80,2008,53.97,56.68,54.86,69.9,55.64,66.23,69.55
"9942",81,2008,52.29,55.61,53.21,68.65,53.38,64.49,67.72
"9943",82,2008,49.98,55.16,53.55,71.03,53.45,66.6,69.49
"9944",83,2008,51.16,59.48,52.92,75.36,54.52,73.58,71.03
"9945",84,2008,47.53,54.08,49.77,69.83,51.25,66.27,67.93
"9946",85,2008,48.73,53.79,51.76,69.3,53.19,64.05,68.23
"9947",86,2008,52.25,50.92,56.79,61.27,56.67,56.64,62.94
"9948",87,2008,42.15,47.75,42.22,61.92,47.52,57.27,61.88
"9949",88,2008,43.48,47.99,43.17,61.51,44.63,58.12,60.66
"9950",89,2008,41.95,47.89,41.36,62.74,43.04,59.07,60.86
"9951",90,2008,41.41,48.98,40.18,65.32,43.55,60.79,64.08
"9952",91,2008,41.54,52.17,41.14,69.75,44.65,65.72,68
"9953",92,2008,42.86,52.73,42.86,74.03,45.92,71.18,69.41
"9954",93,2008,42.19,48.28,41.9,65.74,44.47,61.74,63.66
"9955",94,2008,39.51,44.91,39.18,65.44,41.23,61.05,62.07
"9956",95,2008,41.71,50.27,41.61,67.83,44.2,63.34,64.6
"9957",96,2008,54.61,65.21,54.2,76.25,58.82,73.6,73.71
"9958",97,2008,58.27,62.26,60.97,78.78,58.8,74.87,74.35
"9959",98,2008,49.74,57.24,53.8,71.81,53.57,68.57,70.36
"9960",99,2008,45.64,54.55,45.81,69.4,48.76,65.21,67.73
"9961",100,2008,46.34,53.92,47.36,70.49,48.15,65.62,67.75
"9962",101,2008,51.73,58.46,54.38,72.7,53.95,68.68,71.29
"9963",102,2008,61.33,67.11,64.43,75.83,64.12,72.99,76.27
"9964",103,2008,69.75,73.26,71.89,79.35,73.1,75.94,79.72
"9965",104,2008,65.73,72.46,67.96,79.95,69.06,78.43,76.56
"9966",105,2008,73.77,76.82,74.55,83.56,73.67,81.18,80.74
"9967",106,2008,78.19,82.61,79.23,85.31,79.43,82.67,81.96
"9968",107,2008,62.28,64.16,64.82,77,62.44,73.24,73.11
"9969",108,2008,59.35,58.47,64.71,67,62.4,63.24,66.62
"9970",109,2008,81.07,80.28,81.81,80.43,82.41,77.14,79.29
"9971",110,2008,77.78,73.77,78.77,79.82,79.12,74.52,82.38
"9972",111,2008,73.57,65.88,75.59,72.01,71.76,66.98,73.65
"9973",112,2008,77.58,71.81,79.61,77.17,76.69,72.56,78.2
"9974",113,2008,77.12,73.09,78.45,76.93,77.47,71.51,77.87
"9975",114,2008,83.44,80.17,85.14,83.26,85.99,77.21,83.97
"9976",115,2008,91.41,94.22,92.15,95.39,93.56,94.77,94.05
"9977",116,2008,85.95,85.9,86.43,88.9,86.7,89.13,85.61
"9978",117,2008,79.87,77.26,81.64,85.77,79.51,85.27,82.38
"9979",118,2008,87.9,90.18,89.04,92.67,88.31,91.37,88.8
"9980",119,2008,75.78,77.94,78.22,84.38,76.97,84.15,80.1
"9981",120,2008,69.45,69.57,71.38,73.88,70.19,71.6,74.2
"9982",121,2008,66.67,66.36,68.04,74.09,68.86,70.34,74.54
"9983",122,2008,68.49,66.52,70.07,71.85,68.95,68.71,73.37
"9984",123,2008,78.89,77.89,80.91,80.53,79.2,77.29,81.88
"9985",124,2008,89.16,91.69,89.09,93.56,90.33,90.84,93.28
"9986",125,2008,91.21,96.43,90.35,96.56,89.87,97.31,94.28
"9987",126,2008,87.57,89.64,86.64,91.2,83.62,93.41,87.36
"9988",127,2008,92.47,94.07,92.83,95.23,88.88,96.99,88.61
"9989",128,2008,88.03,94.26,87.07,95.44,89.25,94.45,93.36
"9990",129,2008,89.85,95.96,88.85,95.68,89.65,95.41,92.82
"9991",130,2008,90.35,91.69,89.47,92.24,89.51,91.52,90.29
"9992",131,2008,83.42,77.63,85.08,80.36,82.28,78.48,79.83
"9993",132,2008,80.4,76.65,82.42,80.57,78.85,78.52,79.44
"9994",133,2008,86.58,88.48,87.51,88.5,88.39,86.77,88
"9995",134,2008,83.89,84.11,84.62,84.66,85.25,82.16,84.73
"9996",135,2008,82.94,83.56,83.72,83.98,82.57,81.93,83.2
"9997",136,2008,84.04,85.32,83.28,85.89,82.71,83.49,84.31
"9998",137,2008,92.51,95.23,91.62,93.48,91.62,92.53,92.65
"9999",138,2008,90.25,91.62,89.28,91.35,89.04,90.34,90.01
"10000",139,2008,92.12,97.34,91.12,95.68,92.15,96.41,93.24
"10001",140,2008,93.21,96.66,91.32,94.71,92.74,96.02,91.32
"10002",141,2008,86.84,85.68,87.32,88.27,84.62,88.5,85.57
"10003",142,2008,84.03,88.62,85.37,87.52,86.93,85.05,87.68
"10004",143,2008,84.14,89.81,84.5,90.05,86.14,88.7,88.8
"10005",144,2008,85.42,87.44,85.76,88.91,84.88,86.31,87.47
"10006",145,2008,88.59,89.56,89.35,90.24,87.89,88.43,89.32
"10007",146,2008,85.83,87.86,85.98,90.68,86.12,89.4,90.09
"10008",147,2008,92.5,97.44,90.76,97.25,94.36,96.5,96.23
"10009",148,2008,90.6,94.35,89.68,94.48,91.54,94.06,91.41
"10010",149,2008,86.52,90.02,86.37,92.22,87.62,90.64,89.06
"10011",150,2008,88.34,85.81,88.23,83.53,87.08,81.9,83.5
"10012",151,2008,83.94,80.17,85.02,77.76,82.48,75.5,79.91
"10013",152,2008,87,86.5,86.91,83.41,85.59,81.99,84.18
"10014",153,2008,88.89,93.96,87.95,93.09,89.42,94.12,89.32
"10015",154,2008,90.27,95.86,89.52,96.04,91.18,97.91,91.69
"10016",155,2008,86.47,92.32,85.86,94.51,86.89,95.37,90.81
"10017",156,2008,86.21,89.53,86.46,90.84,87.12,90.13,87.54
"10018",157,2008,91.81,98.54,90.79,98.44,95.08,97.84,97.2
"10019",158,2008,85.3,88.42,85.61,91.58,87.56,90.17,92.11
"10020",159,2008,82.73,83.42,84.33,83.86,85.84,81.28,85.02
"10021",160,2008,83.84,83.2,84.83,83.53,83.99,82.3,85.89
"10022",161,2008,90.18,90.94,90.86,87.97,90.13,86.31,88.2
"10023",162,2008,87.33,83.35,87.68,84.53,85.48,81.73,85.51
"10024",163,2008,87.31,84.82,87.07,83.63,86.23,80.64,85.58
"10025",164,2008,82.07,80.86,82.67,82.03,81.87,80.62,82.56
"10026",165,2008,82.22,81.86,83.59,85.56,82.4,83.96,84.34
"10027",166,2008,84.1,87.36,84.42,90.18,85.73,89.88,87.62
"10028",167,2008,86.51,89.94,86.08,92.65,88.28,91.85,89.39
"10029",168,2008,85.2,83.69,86.27,86.12,84.49,83.7,83.86
"10030",169,2008,85.64,80.83,87.13,81.17,86.16,80.18,82.22
"10031",170,2008,87.21,88.03,87.54,88.62,86.41,85.93,89.09
"10032",171,2008,86.02,86.14,86.61,85.41,85.29,83.28,84.92
"10033",172,2008,80.08,75.92,82.3,75.9,78.87,74.63,77.88
"10034",173,2008,89.62,93.46,89.39,88.31,90.96,87.7,89.81
"10035",174,2008,93.71,96.15,93.17,96.27,93.3,96.27,94.14
"10036",175,2008,82.68,78.36,83.68,83.83,80.15,82.47,82.05
"10037",176,2008,92.26,92.85,92.64,91.39,93.21,89.65,90.85
"10038",177,2008,92.53,98.32,90.93,98.23,92.23,98.46,96.86
"10039",178,2008,89.33,91.57,87.88,92.77,87.76,91.58,91.91
"10040",179,2008,92.72,96.33,91.11,93.84,92.25,92.81,93.45
"10041",180,2008,91.23,95.46,91,96.28,91.67,97.23,94.21
"10042",181,2008,89.93,94.17,89.91,96.68,88.22,97.84,91.52
"10043",182,2008,87.79,92.98,87.28,95.14,89.5,95,91.01
"10044",183,2008,86.93,93.11,86.22,94.31,89.14,93.04,91.46
"10045",184,2008,90.73,95.89,89.47,95.68,90.14,96.58,92.5
"10046",185,2008,87.76,92.07,87.85,95.22,86.78,96.4,89.98
"10047",186,2008,89.74,95.83,89,96.26,88.79,97.61,91.66
"10048",187,2008,86.77,90.64,86.35,91.21,87.09,89.5,88.27
"10049",188,2008,82.09,87.25,82.14,90.21,80.72,89.18,86.87
"10050",189,2008,83.23,84.65,84.11,87.7,84.04,87.3,86.22
"10051",190,2008,85.72,85.41,86.49,83.62,85.23,81.98,82.38
"10052",191,2008,89.2,93.53,89.21,93.22,90.11,92.37,89.97
"10053",192,2008,91.63,95.8,91.02,96.3,92.03,95.81,91.98
"10054",193,2008,95.05,96.37,94.09,95.63,92.95,95.03,93.17
"10055",194,2008,86.38,86.79,86.72,91.36,86.4,88.13,91.39
"10056",195,2008,85.07,86.6,85.87,85.19,85.45,82.23,87.31
"10057",196,2008,87.37,87.6,88.15,83.17,87.75,81.22,86.11
"10058",197,2008,90.65,94.26,91.01,94.42,90.43,93.04,91.97
"10059",198,2008,89.99,90.75,89.49,91.52,86.4,94.74,85.03
"10060",199,2008,83.65,85.32,84.15,89.88,82.14,88.82,85.45
"10061",200,2008,85.47,90.2,85.04,90.57,84.89,89.07,88.47
"10062",201,2008,89.09,96.36,89.11,97.49,91.44,97.99,95.37
"10063",202,2008,85.64,87.49,85.93,89.52,85.1,88.93,85.27
"10064",203,2008,88.13,91.73,87.73,91.69,88.6,90.67,88.76
"10065",204,2008,84.71,83.78,84.9,85.5,84.06,85.31,83.26
"10066",205,2008,81.98,79.88,83.02,84.88,80.57,82.48,82.35
"10067",206,2008,85.43,84.7,86.1,83.02,84.57,83.4,82.63
"10068",207,2008,87.71,86.66,87.2,86.06,87.02,85.41,84.68
"10069",208,2008,92.46,96.44,90.43,94.35,92.4,94.7,92.05
"10070",209,2008,87.57,88.57,87.84,90.89,86.66,90.39,88.71
"10071",210,2008,88.78,95.26,87.79,93.58,91.32,95.55,90.7
"10072",211,2008,85.49,86.27,85.38,88.13,84.15,87.24,85.8
"10073",212,2008,83.49,82.51,83.47,79.74,82.61,77.5,82.3
"10074",213,2008,85.1,84.98,84.57,80.45,84.49,78.38,84.32
"10075",214,2008,85.9,87.6,85.29,87.01,86.86,84.32,86.97
"10076",215,2008,83.27,85.7,82.76,88.51,83.03,87.42,85.21
"10077",216,2008,88.22,93.13,87.31,93.77,89.41,94.2,89.53
"10078",217,2008,84.55,86.05,84.44,87.07,85.17,87.08,83.51
"10079",218,2008,81.6,77.73,82.71,78.68,79.32,77.38,79.51
"10080",219,2008,89.34,90.61,88.38,85.96,89.68,86,86.44
"10081",220,2008,83.61,80.6,84.96,79.33,81.83,80.96,77.79
"10082",221,2008,81.6,79.17,81.99,81.85,80.62,82.18,79.82
"10083",222,2008,87.06,90.51,87.24,88.32,86.52,88.16,86.35
"10084",223,2008,87.14,89.27,86.89,91.36,85.49,90.86,87.06
"10085",224,2008,87.87,88.73,87.77,89.64,87.21,89.81,87.11
"10086",225,2008,84.03,83.58,84.79,81.19,83.26,79.6,82.91
"10087",226,2008,84.92,91.11,85.53,88.06,85.89,87.52,87.5
"10088",227,2008,84.21,89.8,84.19,91.64,84.95,91.89,87.57
"10089",228,2008,88.94,94.5,88.67,93.28,90.5,93.66,89.86
"10090",229,2008,87.92,90.43,88.34,90.38,88.75,90.72,88.54
"10091",230,2008,83.32,82.19,83.94,82.42,83.2,80.49,82.51
"10092",231,2008,84.42,88.52,83.79,84.15,85.11,83.36,85.24
"10093",232,2008,88.91,89.15,88.83,84.76,87.98,83.73,85.27
"10094",233,2008,84.89,84.84,85.71,82.29,84.38,80.4,83.01
"10095",234,2008,85.78,86.17,85.79,85.9,84.63,83.83,84.49
"10096",235,2008,86.35,88.7,86.04,89.34,87.05,88.41,86.91
"10097",236,2008,87.82,88.7,87.44,89.45,86.76,86.62,87.9
"10098",237,2008,84.83,93.4,83.83,94.04,83.83,94.28,90.47
"10099",238,2008,83.99,89.41,82.55,90.81,82.15,91.78,84.29
"10100",239,2008,84.94,87.35,84.47,88.47,82.12,89.66,82.98
"10101",240,2008,80.51,82.7,80.47,86.46,80.94,86.17,84.22
"10102",241,2008,81.34,85.97,81.35,87.01,83.23,84.87,86.18
"10103",242,2008,85.54,88.16,85.55,89.47,85.38,88.4,85.84
"10104",243,2008,87.14,92.52,87.15,95.03,88.03,94.69,91.2
"10105",244,2008,83.13,87.64,83.24,90.16,84.06,89.89,87.21
"10106",245,2008,85.84,90.56,85.86,89.54,87.13,89.6,86.95
"10107",246,2008,86.3,92.03,85.42,90.3,86.88,91.2,87.49
"10108",247,2008,86.88,88.75,86.64,91.79,87.28,90.68,88.84
"10109",248,2008,89.07,95.02,86.7,93.01,91.19,92.27,91
"10110",249,2008,82.71,82.87,83.13,83.12,83.52,82.1,82.46
"10111",250,2008,76.55,74.01,78.37,73.13,75.51,72.06,75.74
"10112",251,2008,82.8,84.65,83.58,80.59,85.39,77.93,82.69
"10113",252,2008,88.07,92.75,86.98,92.14,86.47,94.16,85.61
"10114",253,2008,88.8,96.05,87.81,94.19,89.64,95.7,87.29
"10115",254,2008,83.96,86.97,84.58,88.03,86.11,87.72,83.92
"10116",255,2008,86.85,85.4,88.58,84.06,88.15,80.44,82.83
"10117",256,2008,84.22,83.89,85.17,83.4,84.28,82.49,82.21
"10118",257,2008,83.52,85.27,82.45,85.25,81.86,83.58,82.42
"10119",258,2008,85.43,91.08,85.24,92.86,85.69,91.5,88.08
"10120",259,2008,88.25,93.02,87.58,93.95,89.06,94.3,88.04
"10121",260,2008,89.4,94.02,89.07,94.98,90.81,94.61,89.84
"10122",261,2008,87.68,93.3,86.95,93.04,87.84,94.84,87.53
"10123",262,2008,84.7,89.15,84.38,88.08,86.09,88.13,85.99
"10124",263,2008,88.38,90.83,87.51,86.92,88.42,85.49,87.46
"10125",264,2008,86.9,93.3,85.25,91.78,89.29,89.57,91.34
"10126",265,2008,84.5,88.83,83.54,88.8,86.19,90.59,84.54
"10127",266,2008,84.61,85.87,85.58,87.42,87.08,86.87,85.07
"10128",267,2008,83.5,84.59,83.99,85.39,82.5,84.59,82.99
"10129",268,2008,83.92,86.59,83.28,87.05,85.1,85.01,85.6
"10130",269,2008,83.74,86.07,83.03,87.77,84.28,86.59,85.81
"10131",270,2008,87.9,91.98,87.21,92.42,87.39,92.49,88.57
"10132",271,2008,85.1,87.22,85.03,88.54,83.73,87.96,85.56
"10133",272,2008,83.72,83.88,84.34,84.42,83.44,84.66,83.63
"10134",273,2008,85.79,90.16,84.69,89.97,85.66,91.38,86.85
"10135",274,2008,82.2,82.45,83.28,85.71,81.55,85.59,82.58
"10136",275,2008,89.78,91.96,88.38,89.73,90.64,89.49,88.7
"10137",276,2008,84.3,84.47,84.11,81.94,84.91,81.95,81.61
"10138",277,2008,81.87,79.28,82.44,78.44,81.03,76.56,79.95
"10139",278,2008,84.62,81.55,86.41,77.72,84.66,75.63,80.24
"10140",279,2008,83.19,88.31,82.92,86.17,84.65,84.08,86.7
"10141",280,2008,85.01,87.41,85.26,83.67,85.76,82.63,84.78
"10142",281,2008,89.71,93.86,88.99,92.56,90.62,92.01,88.93
"10143",282,2008,84.36,87.1,84.72,89.64,82.03,92.66,81.5
"10144",283,2008,83.39,88.46,83.04,91.24,82.47,91.97,85.14
"10145",284,2008,84.56,87.23,84.39,89.13,85.59,88.48,87.39
"10146",285,2008,86.64,89.91,86.83,90,86.12,88.62,89.25
"10147",286,2008,87.5,91.72,86.4,93.1,86.23,91.69,90.88
"10148",287,2008,83.9,91.12,82.82,91.14,86.68,90.93,90.6
"10149",288,2008,91.41,92.92,91.41,91.51,90.21,91.83,90.11
"10150",289,2008,89.21,91.68,88.56,92.32,88.35,91.11,89.92
"10151",290,2008,85.96,92.37,84.77,94.8,86.71,94.36,91.26
"10152",291,2008,87.67,93.27,86.24,91.97,88.57,93.18,89.92
"10153",292,2008,81.77,86.94,82.23,86.22,83.77,86.79,84.52
"10154",293,2008,80.41,81.64,81.17,81.71,81.98,80.38,82.83
"10155",294,2008,85.38,85.52,84.98,81.34,86.25,80.39,85.24
"10156",295,2008,85.41,85.44,84.73,83.04,84,82.07,82.06
"10157",296,2008,82.48,82.36,82.17,81.84,81.45,80.72,81.34
"10158",297,2008,80.44,82.01,80.9,79.08,81.09,79.11,80.05
"10159",298,2008,81.49,80.63,83.18,80.36,81.18,79.63,80.4
"10160",299,2008,87.79,91.87,88.05,87.85,88.64,86.77,87.81
"10161",300,2008,85.74,88.84,86.73,86.54,85.57,86.07,86.15
"10162",301,2008,87.82,91.43,87.24,88.07,88.36,85.68,87.99
"10163",302,2008,90.53,91.67,90.3,88.39,89.8,87.32,87.22
"10164",303,2008,82.37,82.63,83.02,84.36,81.37,82.91,81.73
"10165",304,2008,81.97,81.08,83.02,78.38,81.27,78.42,79.47
"10166",305,2008,83.1,80.34,84.14,73.72,81.78,74.21,76.49
"10167",306,2008,86.57,84.66,86.7,81.68,86.09,78.48,83.76
"10168",307,2008,87.73,91.97,87.68,85.54,90,83.97,87.1
"10169",308,2008,89.71,92.04,88.62,85.62,89.82,84.03,87.19
"10170",309,2008,85.82,87.68,85.58,88.88,85.18,86.78,86.42
"10171",310,2008,87.05,90.05,86.96,90.29,87.7,90.46,87.19
"10172",311,2008,82.91,81.1,83.99,82.62,81.72,81.9,81.29
"10173",312,2008,78.96,80.21,80.19,79.64,80.55,78.47,80.83
"10174",313,2008,77.29,79.15,77.66,78.67,79,77.48,80.17
"10175",314,2008,77.24,79.53,77.87,77.47,78.74,76.26,79.43
"10176",315,2008,79.62,77.78,81.02,74.22,79.52,74.68,76.33
"10177",316,2008,80.55,82.49,81.41,78.02,81,78.47,79.83
"10178",317,2008,84.91,86.39,84.69,83.03,84.3,82.76,84.35
"10179",318,2008,85.72,90,84.47,85.99,86.29,85.46,86.2
"10180",319,2008,83.93,87.47,83.62,87.35,84.47,86.77,86.16
"10181",320,2008,79.74,81.06,80.44,80.4,79.44,78.18,80.64
"10182",321,2008,82.42,81.98,83.07,79.57,82.74,77.62,81.76
"10183",322,2008,86.02,90.6,85.25,85.79,86.22,84.73,86.88
"10184",323,2008,88.2,94.59,87.05,93.21,89.42,92.58,91.77
"10185",324,2008,90.42,93.67,89.86,91.3,90.43,91.24,91.21
"10186",325,2008,91.31,97.28,90.9,97.02,92.27,97.33,95.93
"10187",326,2008,89.78,93.37,89.8,95.06,90.42,94.95,93.23
"10188",327,2008,88.96,94.22,89.2,96.13,91.2,95.37,95.58
"10189",328,2008,88.07,90.82,88.3,90.15,89.3,89.41,89.11
"10190",329,2008,85.58,83.06,86.81,87.65,82.61,85.94,86.1
"10191",330,2008,86.09,86.79,84.91,88.2,85.94,86.89,86.32
"10192",331,2008,89.79,90,90.84,93.08,90.39,91.43,90.93
"10193",332,2008,88.65,93.98,87.81,92.64,90.2,91.26,92.45
"10194",333,2008,83.81,85.94,83.32,84.53,84.72,83.4,85.41
"10195",334,2008,78.28,83.28,78.42,83,81.24,81.49,84.44
"10196",335,2008,79.44,81.49,79.56,78.82,80.45,79.73,79.39
"10197",336,2008,80.5,79.93,81.23,76.22,81.19,76.19,79.07
"10198",337,2008,79.58,79.53,80.52,73.44,80.39,73.61,77.3
"10199",338,2008,83.81,86.08,83.84,81.42,85.12,81.48,83.3
"10200",339,2008,77.66,82.15,77.94,79.04,79.73,80,80.36
"10201",340,2008,70.97,78.44,71.88,85.09,73.54,85.91,81.63
"10202",341,2008,76.63,76.01,77.75,77.2,77.54,76.5,77.64
"10203",342,2008,83.94,86.42,84.9,84.4,84.19,84.5,84.87
"10204",343,2008,88.76,90.1,88.69,88.47,87.98,87.18,87.4
"10205",344,2008,87.32,87.17,86.54,85.48,86.3,85.61,84.51
"10206",345,2008,82.1,83.04,82.18,85.59,82.26,83.89,83.43
"10207",346,2008,77.93,83.23,77.47,85.34,80.58,84.08,84.59
"10208",347,2008,76.92,85.14,76.12,87.8,79.85,87.79,85.9
"10209",348,2008,80.51,90.04,79.95,91.02,83.84,91.56,88.19
"10210",349,2008,77.23,79.23,78.12,81.32,77.94,80.73,79.86
"10211",350,2008,74.7,73.67,75.53,69.95,74.24,71.13,71.03
"10212",351,2008,73.46,73.63,74.84,72.23,73.91,73.82,73.43
"10213",352,2008,70.37,76.28,72.1,80.2,71.74,81.44,78.38
"10214",353,2008,71.13,77.9,71.47,81.16,73.35,81.49,79.73
"10215",354,2008,71.58,74.03,72.7,75.22,71.8,75.05,75.73
"10216",355,2008,69.19,74.99,70.09,80.07,72,77.8,78.58
"10217",356,2008,70.79,72.52,71.6,72.89,72.68,72.49,74.65
"10218",357,2008,69.54,71.25,70.23,72.54,70.45,71.75,72.39
"10219",358,2008,68.04,71.94,69,73.17,68.96,72.79,72.44
"10220",359,2008,67.02,67.68,68.43,69.6,67.98,69.28,70.33
"10221",360,2008,69.2,67.02,69.51,64.12,67.86,65.3,65.4
"10222",361,2008,62.28,65.49,63.49,65.75,64.72,66.82,65.12
"10223",362,2008,62.12,67.69,62.61,73.33,65.03,74.02,69.83
"10224",363,2008,63.52,62.03,64.07,66.42,63.26,65.82,64.78
"10225",364,2008,62.93,63.99,64.11,66.99,63.99,67.04,65.65
"10226",365,2008,66.66,66.29,67.09,70.63,67.18,69.92,69.39
"10227",366,2008,75.08,77.75,74.25,79.67,76.59,77.28,79.39
"10228",1,2009,71.04,78.19,70.83,86.06,73.98,83.45,82.76
"10229",2,2009,67.45,74.04,67.69,83.69,71.38,83.01,78.91
"10230",3,2009,67.98,71.04,68.75,78.99,69.26,77.36,75.78
"10231",4,2009,77.86,81.33,77.68,87.09,78.17,87,83.23
"10232",5,2009,83.51,89.04,82.36,89.43,85.75,89.24,86.29
"10233",6,2009,82.01,83.05,82.3,86.76,81.84,84.88,83.63
"10234",7,2009,82.14,85.8,81.62,87.78,82.42,87.74,84.47
"10235",8,2009,77.78,78.92,77.82,80.8,76.64,81.32,77.14
"10236",9,2009,72.39,74.75,72.4,79.16,72.94,77.47,77.41
"10237",10,2009,68.3,73.42,67.81,79.17,69.63,77.93,75.86
"10238",11,2009,70.19,75.05,69.54,78.85,70.61,78.52,74.76
"10239",12,2009,73.96,79.34,72.43,87.07,74.47,86.35,80.79
"10240",13,2009,66.54,75.99,64.71,84.93,70.04,84.31,79.07
"10241",14,2009,64.89,70.7,63.5,77.71,67.31,75.83,74.17
"10242",15,2009,64.62,67.25,63.66,70.4,66.22,68.75,68.77
"10243",16,2009,64.03,69.32,62.83,72.83,66.32,71.73,70.79
"10244",17,2009,65.21,72.08,64.36,80,67.96,77.68,77.22
"10245",18,2009,66.55,74.02,66.36,79.39,68.87,79.74,74.57
"10246",19,2009,68.97,77.15,67.59,83.69,70.85,81.79,80.76
"10247",20,2009,71.36,79.45,70.03,84.42,73.74,82.72,81.62
"10248",21,2009,75.63,79.55,73.61,81.84,77.29,80.28,80.17
"10249",22,2009,75.17,80.69,73.92,85.4,76.36,83.44,82.38
"10250",23,2009,79.1,89.28,75.71,87.49,83.26,86.52,87.96
"10251",24,2009,72.16,80.69,70.67,85.89,74.18,84.67,82.22
"10252",25,2009,63.1,69.59,62.28,77.17,66.14,75.72,75.59
"10253",26,2009,58.56,65.16,56.94,69.43,61.74,68.23,68.33
"10254",27,2009,58.43,61.09,56.75,64.12,58.84,63.79,63.72
"10255",28,2009,60.44,68.44,59.02,76.11,64.03,74.15,72.56
"10256",29,2009,60.37,62.85,58.94,66.29,61.07,65.02,65.53
"10257",30,2009,67.11,68.94,67.41,76.83,65.81,75.42,73.94
"10258",31,2009,85.23,90.54,84.56,90.38,86.95,87.34,89.15
"10259",32,2009,83.37,87.85,82.21,88.56,83.98,86.3,87.68
"10260",33,2009,79.26,86.27,78.15,89.57,81.4,88.47,84.96
"10261",34,2009,71.52,72.6,71.28,76.48,71.76,75.39,75.09
"10262",35,2009,72.6,77.68,72.01,81.18,73.65,80.64,78.04
"10263",36,2009,73.38,79.13,71.58,83.16,75.32,81.54,79.42
"10264",37,2009,66.51,76.27,64.11,81.41,70.65,79.94,78.06
"10265",38,2009,59.93,66.9,58.94,73.28,63.98,71.05,71.54
"10266",39,2009,57.94,63.01,56.63,72.7,59.23,70.2,69.73
"10267",40,2009,60.55,70.93,57.72,79.25,64.27,77.58,74.52
"10268",41,2009,62.25,69.53,59.75,80.97,63.85,78.24,75.12
"10269",42,2009,75.47,85.93,71.62,90.01,78.7,89.14,86.11
"10270",43,2009,68.27,78.33,66.61,88.51,71.82,87.31,83.33
"10271",44,2009,61.24,65.63,59.01,70.22,63.49,68.85,69.83
"10272",45,2009,60.47,71.8,58.15,75.44,64.26,75.37,74.34
"10273",46,2009,56.55,69.19,54.33,81.22,60.67,79.23,77.43
"10274",47,2009,52.1,61,49.71,69.8,54.99,68,66.96
"10275",48,2009,55.59,61.48,54.14,66.93,57.13,65.82,65.89
"10276",49,2009,66.42,76.49,63.65,79.28,72.45,77.23,77.97
"10277",50,2009,59.95,73.47,56.52,85.84,66.53,83.53,80.83
"10278",51,2009,56.47,67.33,53.41,76.11,61.9,74.46,74.06
"10279",52,2009,55.99,62.4,53.91,69.84,58.72,66.35,69.46
"10280",53,2009,53.06,61.22,50.59,73.37,55.84,69.75,69.19
"10281",54,2009,50.95,60.4,48.27,72.04,54.06,69.36,68.06
"10282",55,2009,48.61,59.78,45.49,70.34,52.49,68.94,66.82
"10283",56,2009,49.53,60.11,47.06,73.73,54.15,70.35,70.91
"10284",57,2009,48.54,59.94,46.1,73.86,53.54,69.51,71.23
"10285",58,2009,48.76,56.95,45.96,68.32,51.3,64.92,66.24
"10286",59,2009,49.17,59.1,46.96,71.33,51.8,68.91,68.65
"10287",60,2009,50.03,60.19,49.86,73.54,54.47,69.75,70.54
"10288",61,2009,51.51,61.9,51.02,76.48,55.01,74.28,71.52
"10289",62,2009,65.9,71.51,65.47,78.39,67.39,74.81,75.18
"10290",63,2009,81.26,85.41,79.37,88.96,82.53,84.7,86.76
"10291",64,2009,74.01,77.27,72.88,79.4,74.81,76.7,78
"10292",65,2009,62.31,72.13,61.13,79.37,67.47,75,77.7
"10293",66,2009,58.38,63.11,57.37,67.61,61.2,64.07,68.2
"10294",67,2009,60.38,69.05,58.32,73.65,64.53,70.29,72.51
"10295",68,2009,55.36,68.43,53.21,80.12,60.14,77.32,76.85
"10296",69,2009,54.06,64.78,51.86,77.12,59.19,74.11,73.75
"10297",70,2009,51.18,59.79,49.31,71.85,54.9,67.68,70.2
"10298",71,2009,49.04,56.05,48.22,68.32,52.36,63.27,67.41
"10299",72,2009,49.82,58.4,49.12,71.79,53.02,66.71,69.09
"10300",73,2009,52.56,61.25,50.65,69.92,57.06,66.1,69.35
"10301",74,2009,55.9,69.99,53.55,77.57,60.78,75.43,74.57
"10302",75,2009,59.53,73.71,57.9,85.23,65.1,83.2,79.85
"10303",76,2009,67.98,80.18,65.83,90.14,72.63,88.45,84.43
"10304",77,2009,59.5,71.09,57.57,84.85,63.97,84.83,78.34
"10305",78,2009,58.48,67.97,57.19,82.58,61.8,81.53,77.33
"10306",79,2009,59.38,66.19,59.49,80.82,61.79,78.21,76.9
"10307",80,2009,74.45,78.85,75.39,89.88,74.77,87.88,85
"10308",81,2009,89.4,93.04,91.05,95.29,88.66,93.9,92.61
"10309",82,2009,86.31,93.65,85.96,92.84,85.71,92.2,91.41
"10310",83,2009,79.28,86.21,79.8,90.39,79.82,89.48,86.1
"10311",84,2009,68.52,73.69,70.29,83.1,70.12,79.94,79.85
"10312",85,2009,62.4,72.66,63.27,81.91,65.48,77.21,80.43
"10313",86,2009,60.74,66.76,62.06,74.77,62.01,71.75,74
"10314",87,2009,69.93,69.41,70.96,76.37,69.02,73.32,75.29
"10315",88,2009,74.75,79.32,74.96,82.56,75.74,80.71,80.96
"10316",89,2009,69.9,72.41,69.64,75.66,69.47,73.95,75.67
"10317",90,2009,66.29,74.86,66.03,79.42,67.32,77.6,77.91
"10318",91,2009,63.43,72.67,63.02,79.47,64.67,77.28,76.52
"10319",92,2009,61.51,73.52,59.67,81.02,65.41,79.2,79.67
"10320",93,2009,62.85,71.92,63.98,79.16,66.81,77.01,78.76
"10321",94,2009,54.13,64.64,53.81,73.56,58.72,71.89,72.81
"10322",95,2009,54.22,62.41,53.48,69.32,58.37,66.08,70.07
"10323",96,2009,52.59,57.36,53.38,67.77,53.87,64.29,66.94
"10324",97,2009,56.5,57.64,59.82,68.35,57.5,64.22,67.55
"10325",98,2009,67.31,74,69.16,81,69.68,78.69,78.94
"10326",99,2009,72.42,77.48,74.44,82.74,73.24,80.2,81.94
"10327",100,2009,82.55,86.71,84.42,89.83,84.09,87.54,89.18
"10328",101,2009,75.03,76.68,78.12,85.56,74.77,82.31,82.37
"10329",102,2009,74.34,81.81,75.49,84.27,76.88,81.51,83.72
"10330",103,2009,71.9,78.45,73.64,82.97,75.09,80.69,82
"10331",104,2009,64.63,71.18,66.72,80.76,66.49,77.38,78.38
"10332",105,2009,63.43,70.61,65.08,79.05,66.56,76.58,76.06
"10333",106,2009,69.74,71.72,72.6,79.47,71.57,77.7,75.87
"10334",107,2009,77.95,80.15,80.29,88.66,80.4,84.82,86.14
"10335",108,2009,83.85,87.3,83.66,90.8,85.32,86.89,88.1
"10336",109,2009,85.39,92.89,85.69,94.24,88.27,92.93,90.41
"10337",110,2009,89.87,94.14,89.1,93.34,89.42,93.27,90.73
"10338",111,2009,86.75,90.29,87.14,93.1,85.23,92.19,89.68
"10339",112,2009,83.53,85.57,84.16,86.15,83.82,86.61,83.24
"10340",113,2009,84.08,86.67,84.55,87.62,83.07,87.7,85.03
"10341",114,2009,75.54,74.27,78.12,79.58,73.32,76.78,77.64
"10342",115,2009,68.72,72.87,70.54,81.74,69.58,78.76,78.76
"10343",116,2009,66.62,71.04,68.44,79.81,68.6,76.89,77.07
"10344",117,2009,70.02,72.5,71.74,81.22,69.31,78.8,77.86
"10345",118,2009,77.23,80.73,79.39,87.54,76.49,86.58,84.58
"10346",119,2009,87.18,86.8,87.1,88.72,85.95,87.45,86.31
"10347",120,2009,84.62,84.77,85.64,89.91,84.28,87.8,86.17
"10348",121,2009,86.93,84.91,88.24,87.73,88.12,84.78,85.68
"10349",122,2009,87.34,84.03,89.17,88.96,87.03,87,86.3
"10350",123,2009,86.72,88.2,87.96,90.72,86.25,90.49,87.62
"10351",124,2009,92.88,97.32,92.72,97.01,93.66,96.82,95.96
"10352",125,2009,84.54,87.69,84.85,87.65,85.61,86.08,87.37
"10353",126,2009,80.2,81.57,81.28,84.93,79.98,83.71,82.39
"10354",127,2009,82.82,81.02,85.31,82.3,81.69,78.96,81.41
"10355",128,2009,88.46,90.1,88.24,89.8,87.88,88.93,87.21
"10356",129,2009,89.19,90.8,89,90.35,86.7,92.13,86.16
"10357",130,2009,80.61,80.86,82.18,85.29,79.95,84.72,81.87
"10358",131,2009,79.89,76.12,82.09,79.87,78.99,77.56,78.9
"10359",132,2009,78.38,76.08,79.98,80.26,78.28,78.14,78.95
"10360",133,2009,76.56,75.09,78.33,80.17,75.12,77.83,78.13
"10361",134,2009,80.93,76.94,82.97,80.89,79.93,78.01,79.59
"10362",135,2009,82.63,79.82,83.8,80.58,82.09,77.42,79.26
"10363",136,2009,80.6,80.26,83.34,82.31,79.79,80.33,79.78
"10364",137,2009,85.17,82.59,87.34,87.24,84.94,85.21,83.93
"10365",138,2009,88.74,89.3,89.44,91.12,89.04,89.91,88.25
"10366",139,2009,88.08,90.36,89.07,93.81,89.69,93.24,88.85
"10367",140,2009,84.95,88.06,85.63,91.33,83.76,93.79,84.47
"10368",141,2009,89.93,95.49,88.97,94.21,91.04,95.63,90.63
"10369",142,2009,86.27,88.96,87.1,89.8,87.44,89.37,87.7
"10370",143,2009,84.21,85.43,85.15,86.63,85.12,85.76,86.08
"10371",144,2009,86.14,86.21,87.24,85.13,85.85,83.64,84.67
"10372",145,2009,85.25,86.4,86.1,85.29,86.04,82.26,84.74
"10373",146,2009,82.32,79.08,84.11,79.77,81.91,77.63,79.81
"10374",147,2009,79.52,75.51,82.28,79.02,77.75,77,78.78
"10375",148,2009,82.94,79.25,86.62,83.3,82.63,80.89,82.14
"10376",149,2009,76.25,71.65,80.5,77.43,76.13,74.18,77.19
"10377",150,2009,73.87,68.42,77.95,73.96,72.03,71.31,73.48
"10378",151,2009,74.1,66.16,77.41,69.72,71.13,68.12,71.61
"10379",152,2009,74.44,69,78.25,73.42,72.57,71.11,73.46
"10380",153,2009,81.52,75.35,84.84,78.55,81.05,76.29,76.88
"10381",154,2009,87.14,87.88,87.85,88.25,87.31,87.04,84.66
"10382",155,2009,88.77,91.7,88.68,93.79,87.4,96,86.56
"10383",156,2009,90.15,97.63,89.16,99.23,91.2,99.47,96.58
"10384",157,2009,82.4,89.12,82.16,93.16,82.2,92.7,88.97
"10385",158,2009,89.18,93.27,89.8,95.42,89.55,93.93,93.71
"10386",159,2009,91.08,92.05,90.37,90.57,90.92,89.86,89.87
"10387",160,2009,86.99,88.01,86.06,90.33,86.59,87.41,89.72
"10388",161,2009,88.74,90.18,88.41,91.44,89.88,88.87,90.43
"10389",162,2009,88.63,93.14,88.1,93.36,88.91,92.34,90.19
"10390",163,2009,85.86,88.68,85.77,91.96,84.91,91.92,87.2
"10391",164,2009,84.97,85.65,85.53,90.31,81.42,91.38,84.37
"10392",165,2009,86.67,93.55,85.13,92.99,85.25,93.21,88.79
"10393",166,2009,84.17,85.46,84.12,83.16,83.79,81.56,84.86
"10394",167,2009,84.26,83.49,84.62,80.87,83.62,79.44,82.32
"10395",168,2009,88.24,90.14,87.81,89.58,88.13,88.9,86.66
"10396",169,2009,86.31,90.59,85.96,92.66,87.93,91.03,89.37
"10397",170,2009,84.99,82.19,85.46,86.15,83.72,85.09,85.04
"10398",171,2009,87.63,83.42,88.09,86.5,84.6,84.01,85.87
"10399",172,2009,92.33,89.76,92.54,87.93,90.64,86.24,88.62
"10400",173,2009,89.65,93.51,89.62,93.02,90.51,92.1,91.77
"10401",174,2009,94,96.6,92.86,95.97,95.01,95.35,94.66
"10402",175,2009,83.51,83.76,83.94,85.59,82.8,85.96,83.82
"10403",176,2009,88.82,93.14,89.42,92.47,89.6,93.29,90.05
"10404",177,2009,88.08,89.23,87.88,89.27,86.43,89.38,86.65
"10405",178,2009,86.84,92.96,86.14,95.12,88.45,96.54,89.21
"10406",179,2009,87.93,92.23,87.23,93.54,87.71,93.86,88.18
"10407",180,2009,88.67,91.28,88.61,92.65,89.64,89.75,91.2
"10408",181,2009,89.44,92.3,88.52,92.75,89.42,92.19,90.73
"10409",182,2009,91.28,92.21,90.98,91.03,90.72,89.84,90.39
"10410",183,2009,91.3,91.84,89.97,90.42,89.58,91.6,87.81
"10411",184,2009,87.93,85.46,89.14,89.07,86.78,88.51,87.27
"10412",185,2009,94.01,94.32,93.76,92.62,93.81,91.13,92.96
"10413",186,2009,85.32,82.68,86.64,85.54,83.42,86.22,83.87
"10414",187,2009,86.37,89.45,86.01,89.69,87.48,88.1,87.43
"10415",188,2009,86.43,84.18,86.65,86.57,84.17,85.82,84.02
"10416",189,2009,91.33,93.57,91.03,92.89,91.72,92.74,91.21
"10417",190,2009,89.09,87.68,89.57,87.89,87.66,88.58,86.22
"10418",191,2009,86.75,84.35,88.12,85.54,86.98,85.36,84.75
"10419",192,2009,89.82,92.05,89.82,91.04,90.59,89.77,90.09
"10420",193,2009,92.16,90.65,91.4,89.9,90.98,90.64,87.78
"10421",194,2009,82.1,78.13,84.42,82.28,79.47,82.55,80.56
"10422",195,2009,88.28,86.56,88.56,88.09,85.82,88.4,85.2
"10423",196,2009,89.59,88.3,90.63,89,89.24,88.1,87.2
"10424",197,2009,88.12,87.62,88.78,88.43,89.29,86.07,90.57
"10425",198,2009,88.24,91.52,86.52,88.77,86.08,87.05,88.09
"10426",199,2009,88.37,93.35,87.2,94.88,89.29,94.73,90.62
"10427",200,2009,86.5,91.44,86.41,92.2,87.72,92.42,88.4
"10428",201,2009,85.7,91.19,85.28,92.71,86.4,92.93,89.52
"10429",202,2009,89.44,92.78,89.02,93.98,89.75,93.73,91.1
"10430",203,2009,84.85,86.07,85.09,88.69,84.22,88.11,86.07
"10431",204,2009,89.23,90.6,89.29,85.07,89.97,84.74,85.97
"10432",205,2009,80.4,81.23,81.65,86.94,80.39,86.28,82.76
"10433",206,2009,78.45,77.12,80.19,81.1,77.87,79.09,79.41
"10434",207,2009,86.68,90.59,86.35,84.25,87.6,84.45,85.91
"10435",208,2009,89.87,94.11,88.99,94.16,90.35,94,90.88
"10436",209,2009,88.15,92.53,87.51,91.37,89.25,92.2,88.65
"10437",210,2009,91.43,94.18,92.08,95.32,91.96,94.5,92.97
"10438",211,2009,85.11,89.89,85.04,93.37,84.04,93.97,87.48
"10439",212,2009,89.27,88.42,89.77,90.51,87.43,88.99,88.8
"10440",213,2009,89.91,96.09,89.42,94.49,91.01,95.09,92.15
"10441",214,2009,84.23,87.09,84.27,88.49,85.43,87.94,87.66
"10442",215,2009,82.1,85.99,83.04,88.17,83.93,89.11,86.08
"10443",216,2009,89.87,94.08,89.69,93.71,90.99,93.64,89.82
"10444",217,2009,88.4,92.49,87.38,95.37,90.1,94.03,91.84
"10445",218,2009,90.08,95.28,89.58,96.64,90,95.95,92.77
"10446",219,2009,90.18,93.09,90.2,92.26,89.77,91.95,90.27
"10447",220,2009,91.09,93.97,89.6,90.74,91.65,88.32,91.01
"10448",221,2009,90.21,96.47,88.58,95.23,91.6,96.25,92.84
"10449",222,2009,84.72,91.5,84.22,92.58,86.01,94.63,88.47
"10450",223,2009,88.47,91.37,88.49,90.98,89.57,90.97,88.34
"10451",224,2009,85.66,92.72,84.33,92.48,86.36,91.79,88.15
"10452",225,2009,86.31,94.06,85.27,95.6,86.71,96.77,90.16
"10453",226,2009,88.74,95.86,87.72,97.01,90.27,97.57,92.54
"10454",227,2009,81.74,85.98,82.24,90.27,84.08,90.42,86.95
"10455",228,2009,82.63,87.69,82.92,86.09,83.91,85.42,85.38
"10456",229,2009,85.68,87.02,85.07,87.37,85.69,85.47,86.51
"10457",230,2009,88.4,91.68,88.47,90.91,89.97,89.5,89.17
"10458",231,2009,83.54,81.66,84.41,80.49,82.65,78.2,81.05
"10459",232,2009,83.87,83.87,84.4,82.45,84.03,80.72,83.16
"10460",233,2009,89.18,92.18,88.48,89.87,87.8,91.18,86.53
"10461",234,2009,82.78,81.62,83.62,81.14,81.71,81.15,80.98
"10462",235,2009,85.42,91.1,84.73,85.12,86.07,84.22,86.26
"10463",236,2009,80.77,83.31,81.2,84.84,81.38,85.35,83.05
"10464",237,2009,83.81,85.63,84.36,85.22,83.51,86.57,82.57
"10465",238,2009,88.16,93.07,87.94,90.16,89.89,90.3,88.29
"10466",239,2009,83.47,88.3,83.51,87.51,83.94,87.03,84.97
"10467",240,2009,88.41,94.24,87.71,94.02,89.9,94.6,90.33
"10468",241,2009,86,92.43,85.36,93.81,86.47,93.23,89.57
"10469",242,2009,85.43,88.45,85.19,89.48,86.75,88.66,87.23
"10470",243,2009,79.44,78.01,81.66,76.21,80.97,74.72,78.86
"10471",244,2009,82.98,82.41,82.96,78.81,84.57,77.18,80.66
"10472",245,2009,82.4,82.86,82.2,83.08,83.03,82.4,81.45
"10473",246,2009,84.53,89.98,84.5,90.07,86.94,89.24,87.34
"10474",247,2009,86.48,89.46,86.7,89.03,87.69,88.42,84.96
"10475",248,2009,84.52,88.16,84.62,86.85,86.1,88.67,81.59
"10476",249,2009,81.64,82.45,82.51,83.31,83.39,84.21,79.66
"10477",250,2009,82.23,79.8,84.53,80.39,82.42,79.23,79.67
"10478",251,2009,82.51,84.27,83,79.45,84.4,78.78,81.59
"10479",252,2009,85.39,89.16,85.06,88.24,86.65,87.03,84.58
"10480",253,2009,82.43,83.88,83.32,83.25,82.83,84.19,79.81
"10481",254,2009,83.64,80.06,84.55,79.32,81.25,79.64,75.8
"10482",255,2009,84,82.27,85.15,81.74,81.27,82.37,79.01
"10483",256,2009,84.83,87.61,83.93,89.11,84.23,88.29,85.61
"10484",257,2009,83.8,91.54,82.65,93.77,84.38,93.41,88.79
"10485",258,2009,88.98,92.62,88.5,94.09,88.48,93.69,91.09
"10486",259,2009,87.36,93.64,86.13,94.53,89.51,95.25,91.6
"10487",260,2009,83.81,90.62,82.64,90.86,85.51,90.71,87.49
"10488",261,2009,83.4,85.62,82.82,87.16,84.38,87.53,84.49
"10489",262,2009,81.48,86.47,81.02,85.94,83.3,85.16,84.06
"10490",263,2009,81.71,84.01,81.71,82.94,81.82,83.51,81.51
"10491",264,2009,88.53,91.3,88.6,89.32,88.3,87.95,87.05
"10492",265,2009,85.89,86.21,85.6,86.62,85.29,87.18,84.17
"10493",266,2009,81.68,79.89,82.23,80.06,80.59,80.05,77.18
"10494",267,2009,80.58,78.63,81.11,78.57,78.73,80.67,73.13
"10495",268,2009,82.78,79.89,83.89,80.07,81.47,81.78,75.71
"10496",269,2009,87.44,85.37,88.04,82.42,86.14,82.56,80.51
"10497",270,2009,82.3,82.44,83.21,84.04,83,81.97,83.06
"10498",271,2009,87.16,85.87,87.36,84.79,86.01,84.34,81.83
"10499",272,2009,84.09,82.75,84.51,83.98,82.38,86.61,78.69
"10500",273,2009,82.05,81.96,83.04,81.28,81.86,84.2,74.91
"10501",274,2009,82.58,81.77,83.05,82.81,82.2,84.46,76.29
"10502",275,2009,87.01,91.21,85.91,91.16,86.79,90.68,84.81
"10503",276,2009,90.71,96.77,89.49,96.26,90.88,97.62,91.58
"10504",277,2009,86.21,91.07,86.31,94.7,86.37,95.02,88.93
"10505",278,2009,80.98,80.37,82.12,84.48,79.94,83,80.83
"10506",279,2009,79.58,79.76,79.92,79.94,79.6,77.84,80.41
"10507",280,2009,85.93,90.37,85.76,88.1,86.1,85.82,87.24
"10508",281,2009,84.69,85.31,85.68,87.68,84.07,88.78,81.63
"10509",282,2009,79.92,78.42,81.65,76.14,77.75,79.5,69.13
"10510",283,2009,82,79.6,83.05,79.5,80.54,78.5,77.83
"10511",284,2009,82.35,81.19,83.37,79.33,82.22,78.25,80.02
"10512",285,2009,77.88,78.17,78.27,74.41,77.01,74.11,74.59
"10513",286,2009,78.43,74.83,79.99,70.73,76.7,70.53,71.54
"10514",287,2009,81.33,82.71,82.22,79.14,80.73,76.25,80.41
"10515",288,2009,82.79,84.54,82.97,79.89,84.08,76.28,82.16
"10516",289,2009,87.62,90.78,87.93,89.33,89.01,87.89,86.77
"10517",290,2009,80.67,80.89,81.47,85.17,79.8,85.04,79.85
"10518",291,2009,78.92,76.84,80.21,79.23,77.61,77.92,76.56
"10519",292,2009,77.81,78.34,78.5,79.24,78.09,77.24,79.09
"10520",293,2009,79.95,79.14,80.93,78.29,79.1,77.29,78.36
"10521",294,2009,79.63,81.84,80.12,79.76,80.22,78.16,79.64
"10522",295,2009,82.93,83.48,83.16,83.08,83.13,81.66,82.92
"10523",296,2009,87.78,89.13,87.55,88.49,87.32,86.32,88.55
"10524",297,2009,88.01,89.01,87.74,89.11,87.55,87.65,87.39
"10525",298,2009,82.2,86.64,83.43,88.7,83.56,89.32,83.93
"10526",299,2009,76.58,77.27,77.98,80.94,75.91,79.43,77.76
"10527",300,2009,77.8,76.9,77.77,78.3,77.33,76.02,76.71
"10528",301,2009,78.76,74.97,79.96,78.36,76.12,76.11,76.76
"10529",302,2009,82.89,81.6,82.93,81.94,81.9,79.21,80.43
"10530",303,2009,86.66,86.37,86.46,86.98,86.1,83.75,86.11
"10531",304,2009,84.4,88.66,84.93,90.5,86.35,89.67,88.78
"10532",305,2009,81.79,86.49,82.39,85.75,84.3,83.97,86.09
"10533",306,2009,79.27,84.09,79.5,85.55,80.53,84.17,84.95
"10534",307,2009,82.05,87.26,81.77,86.95,83.56,86.98,85.95
"10535",308,2009,82.31,82.75,82.57,84.45,82.91,82.63,83.44
"10536",309,2009,79,80.79,79.15,80.42,79.96,78.86,81.74
"10537",310,2009,79.38,78.55,79.83,77.09,79.15,76.28,78.75
"10538",311,2009,78.57,83.5,78.89,85.49,79.5,84.04,83.11
"10539",312,2009,75.83,80.96,74.51,80.98,78.16,79.5,79.73
"10540",313,2009,75.22,75.71,75.54,78.51,75.6,76.79,77.25
"10541",314,2009,79.41,78.87,80.11,81.84,77.91,80.79,78.56
"10542",315,2009,77.05,79.12,77.44,83.13,76.47,82.09,78.97
"10543",316,2009,78.31,78.53,79.52,83.58,77.28,81.01,78.36
"10544",317,2009,80.56,77.98,82.19,81.75,79.13,78.89,78.68
"10545",318,2009,85.66,85.04,86.03,84.83,84.83,82.46,82.48
"10546",319,2009,82.07,81.9,83.72,82.86,80.97,80.46,81.29
"10547",320,2009,82.04,79.7,83.27,80.52,81.34,77.06,79.76
"10548",321,2009,82.69,83.78,83.4,82.44,82.89,79.37,81.61
"10549",322,2009,80.17,79.73,81.92,81.07,79.39,77.9,79.3
"10550",323,2009,77.81,78.74,78.48,81.65,79.5,77.19,80.18
"10551",324,2009,77.35,75.92,79.53,80.83,76.5,78.58,77.42
"10552",325,2009,81.04,78.26,83.43,83.86,78.65,82.04,79.18
"10553",326,2009,72.68,71.69,75,80.56,70.63,77.96,76.41
"10554",327,2009,75.26,73.98,77.06,78.93,73.23,77.61,75.17
"10555",328,2009,74.81,73.82,76.51,79.95,72.18,78.93,75.99
"10556",329,2009,75.85,75.61,77.15,79.27,72.89,78.82,76.6
"10557",330,2009,75,76.41,76.25,83.08,73.03,81.59,79.08
"10558",331,2009,70.64,73.49,71.81,77.74,70.49,76,75.12
"10559",332,2009,69.74,72.82,71.13,75.96,70.43,74.92,74.32
"10560",333,2009,68.4,68.01,69.89,71.26,66.39,70.12,69.95
"10561",334,2009,70.65,70.59,71.43,72.33,69.09,72.21,70.83
"10562",335,2009,70.72,71.69,71.28,76.34,69.86,75.6,73.7
"10563",336,2009,69.96,70.13,70.42,76.51,68.81,74.87,72.64
"10564",337,2009,65.4,65.82,65.76,72.97,64.87,71.1,70.16
"10565",338,2009,65.92,64.94,66.43,67.83,65.29,67.51,66.17
"10566",339,2009,64.93,66.3,65.41,70.44,64.6,70.28,68.28
"10567",340,2009,61.29,62.85,61.64,64.98,62.2,64.31,64.15
"10568",341,2009,61.82,61.27,62.68,65.66,61.15,63.73,64.07
"10569",342,2009,61.79,64.37,62.65,73.35,60.56,71.13,69.46
"10570",343,2009,66.9,71.93,66.82,80.19,66.25,78.65,74.2
"10571",344,2009,68.83,74.5,68.75,81.86,69.67,81.31,77.17
"10572",345,2009,69.08,78.04,68.24,84.76,70.86,84.74,78.74
"10573",346,2009,63.89,66.83,63.31,79.27,63.17,76.22,72.42
"10574",347,2009,62.88,71.62,60.87,81.96,65.41,79.49,76.46
"10575",348,2009,56.92,59.97,56.66,70.99,57.07,68.6,67.01
"10576",349,2009,58.65,64.69,58.09,79.43,58.86,77.23,72.95
"10577",350,2009,59.52,62.49,59.68,75.92,60.13,73,71.67
"10578",351,2009,60.92,64.87,61.42,75.23,62,72.34,72.15
"10579",352,2009,61.85,68.04,61.45,79.3,62.65,76.52,76.06
"10580",353,2009,64.46,70.15,64.49,80.91,65.87,77.1,78.57
"10581",354,2009,67.78,70.22,68.74,76.6,68.71,73.78,75.22
"10582",355,2009,77.57,80.62,78.34,84.59,78.35,83.32,82.73
"10583",356,2009,76.01,74.69,77.8,84.18,73.7,82.62,78.74
"10584",357,2009,72.39,72,75.09,81.79,72.09,80.43,76.58
"10585",358,2009,70.18,70.51,73.58,83.43,71.58,82.11,77.45
"10586",359,2009,72.12,73.31,73.82,82.15,72.22,79.09,77.51
"10587",360,2009,72.19,76.25,72.93,78.64,73.56,76.2,77.5
"10588",361,2009,63.48,65.43,62.63,72.58,64.27,70.29,72.08
"10589",362,2009,55,55.86,55.51,62.22,55.24,60.74,61.6
"10590",363,2009,54.53,53.22,54.7,55.29,54.55,55.35,55.45
"10591",364,2009,52.43,49.68,52.66,54.09,51.62,52.28,53.86
"10592",365,2009,47.81,47.01,48.23,54.66,47.55,52.6,52.58
"10593",1,2010,48.49,48.94,48.01,57.82,48.89,56.35,55.14
"10594",2,2010,43.99,45.09,43.8,54.65,45.85,52.47,53.16
"10595",3,2010,41.55,42.87,41.94,53.5,42.55,51.77,49.95
"10596",4,2010,42.28,45.09,43.65,56.69,44.11,53.93,50.53
"10597",5,2010,43.31,45.69,45.35,57.22,44.88,55.22,50.94
"10598",6,2010,52.67,59.51,54.08,65.21,55.8,63.06,63.41
"10599",7,2010,57.06,60.92,56.58,72.33,58.2,68.47,68.49
"10600",8,2010,50.35,55.43,49.71,69.68,52.05,66.08,65.24
"10601",9,2010,45.08,48.59,44.61,60.43,46.36,56.81,57.66
"10602",10,2010,42.86,48.91,42.19,60.42,45.81,57.49,57.74
"10603",11,2010,41.63,47.59,41.28,59.03,44.56,56.3,56.25
"10604",12,2010,44.57,44.73,45.65,56.02,44.84,52.51,54.71
"10605",13,2010,42.6,42.04,43.52,51.31,42.78,48.6,51.27
"10606",14,2010,43.24,40.16,45.19,49.62,42.05,46.77,49.49
"10607",15,2010,44.67,46.96,45.82,60.93,45.79,56.48,58.19
"10608",16,2010,49.42,51.6,50.71,67.13,50.08,62.94,63.43
"10609",17,2010,49.62,52.47,51.04,65.35,50.92,62.31,62.17
"10610",18,2010,45.82,48.71,47.4,62.17,48.21,59.35,59.29
"10611",19,2010,47.2,47.15,49.7,59.39,48.77,55.29,58.33
"10612",20,2010,46.07,44.28,48.84,55.78,46.82,51.82,55.07
"10613",21,2010,44.23,44.3,46.85,57.84,44.32,54.21,55.38
"10614",22,2010,43.95,45.88,46.49,61.9,45.91,57.21,58.32
"10615",23,2010,47.16,49.81,49.55,64.31,50.16,59.48,62.16
"10616",24,2010,53.89,54.43,55.61,64.66,55.95,59.2,65.44
"10617",25,2010,51.21,55.46,51.38,69.61,52.81,66.18,67.25
"10618",26,2010,48.01,52.45,48.77,69.99,49.72,64.07,67.27
"10619",27,2010,45.42,49.63,46.5,65.38,47.06,61.45,63.17
"10620",28,2010,42.82,43.49,43.68,54.44,43.9,49.78,55.32
"10621",29,2010,49.71,46.23,51.83,53.96,48.93,49.54,54.93
"10622",30,2010,52.23,56.57,53.06,73.97,53.4,68.59,69.23
"10623",31,2010,51.22,53.15,52.17,68.68,51.86,64.63,63.32
"10624",32,2010,50.31,55.71,51.5,72.95,53.13,68.76,66.85
"10625",33,2010,52.67,58.69,53.98,75.61,55.33,71.17,70.68
"10626",34,2010,50.07,57.89,50.96,76.12,54.12,71.91,70.5
"10627",35,2010,48.51,58.1,48.69,73.93,52.99,70.28,68.92
"10628",36,2010,50.24,57.59,50.61,74.05,53.33,69.86,68.5
"10629",37,2010,48.94,53.64,48.67,65.79,50.81,62.03,65.21
"10630",38,2010,42.28,46.16,42.84,60.1,44.02,55.28,59.58
"10631",39,2010,42.18,45.15,46.09,59.19,44.49,55.06,56.27
"10632",40,2010,52.58,55.64,54.69,68.85,58.19,63.93,66.16
"10633",41,2010,47.63,47.07,48.24,54.49,48.74,51.95,55.24
"10634",42,2010,40.35,42.64,40.93,57.68,41.99,52.41,56.28
"10635",43,2010,36.95,42.03,38.17,56.82,40.51,52.74,55.08
"10636",44,2010,36.4,40.5,38.89,54.8,39.28,51.87,51.54
"10637",45,2010,40.71,42.3,42.66,57.95,42.47,51.75,54.36
"10638",46,2010,39.77,41.7,42.41,58.72,41.97,52.31,56.26
"10639",47,2010,37.37,40.74,38.19,58.36,39.21,51.42,57.25
"10640",48,2010,38.08,39.16,40.49,53.82,39.35,48.49,53.37
"10641",49,2010,39.25,37.75,42.45,50.85,39.25,46.64,48.63
"10642",50,2010,59.73,58.03,61.4,67.54,59.27,63.96,64.85
"10643",51,2010,65.1,68.6,68.32,80.3,67.9,76.86,76.56
"10644",52,2010,58.18,61.85,59.37,72.63,62.07,66.94,71.75
"10645",53,2010,50.16,52.97,53.95,70.49,53.7,64.19,69.15
"10646",54,2010,58.57,56.76,61.28,72.95,60.09,64.34,72.62
"10647",55,2010,68.64,64.67,70.45,69.11,69.03,64.06,72.7
"10648",56,2010,74.58,75.57,75.88,73.07,74.71,69.52,76.37
"10649",57,2010,74.95,77.34,76.32,75.35,76.64,71.51,76.76
"10650",58,2010,69.52,63.1,72.63,63.86,69.91,59.58,65.5
"10651",59,2010,65.29,58.73,67.55,62.22,66.16,57.59,64.31
"10652",60,2010,59.07,57.6,62.63,65.77,62.08,60.1,64.75
"10653",61,2010,65.65,57.41,70.24,63.91,66.73,57.68,63.87
"10654",62,2010,72.78,66.63,76,69.7,73.33,64.33,71.51
"10655",63,2010,73.44,70.4,75.95,72.84,73.58,68.5,73.64
"10656",64,2010,79.47,78.49,80.63,77.85,79.4,73.5,76.42
"10657",65,2010,74.75,68.99,77.24,74.94,73.7,69.23,74.95
"10658",66,2010,74.76,75.85,76.32,77.91,75.75,72.86,77.75
"10659",67,2010,80.28,79.02,80.94,79.89,80.97,74.36,80.23
"10660",68,2010,76.91,72.99,79.95,75.47,78.59,68.24,76.87
"10661",69,2010,80.17,69.33,82.89,73.6,80.18,65.8,76.2
"10662",70,2010,77.48,72.46,79.88,76.98,77.55,70.06,77.25
"10663",71,2010,75.54,73.3,78.2,76.26,74.18,72.26,74.98
"10664",72,2010,75.32,72.89,76.64,74.24,74.56,68.82,76.91
"10665",73,2010,65.05,64.33,66.62,66.87,66.33,62.73,68.75
"10666",74,2010,61.89,54.6,65.18,60.64,61.56,54.9,63.11
"10667",75,2010,69.37,59.8,72.33,63.77,70.34,56.47,66.45
"10668",76,2010,80.08,71.88,83.44,74.16,80.84,66.89,76.76
"10669",77,2010,81.6,75.23,84.49,77.32,83.86,71.45,78.46
"10670",78,2010,88.09,89.55,89.05,89.68,89.31,88.44,87.36
"10671",79,2010,82.52,77,84.05,80.19,82.43,77.51,79.04
"10672",80,2010,78.22,69.95,81.25,72.39,77.29,68.53,72.02
"10673",81,2010,66.78,59.73,70.42,64.88,66.14,61,65.73
"10674",82,2010,59.01,47.42,63.28,49.51,57.21,45.6,52.18
"10675",83,2010,56.64,47.82,61.41,55.76,54.84,50.87,55.05
"10676",84,2010,59.23,52.08,63.52,60.2,57.77,55.9,58.07
"10677",85,2010,62.46,56.83,66.36,63.04,62.68,57.55,63.94
"10678",86,2010,68.03,64.02,71.85,65.78,67.82,60.99,68.54
"10679",87,2010,75.17,69.82,79.46,73.97,73.9,69.31,75.18
"10680",88,2010,72.06,64.13,77.11,71.14,71.55,65.95,70.44
"10681",89,2010,76.27,73.38,80.2,78.3,79.94,74.02,77.51
"10682",90,2010,68.44,67.47,72.29,69.52,71.49,64.82,70.63
"10683",91,2010,67.16,60.48,72.84,64.61,68.94,59,67.19
"10684",92,2010,72.36,64.79,74.93,69.52,73.23,63.21,72.97
"10685",93,2010,71.2,66.42,74.74,73.18,71.78,66.35,73.7
"10686",94,2010,76.25,65.22,81.89,71.53,75.38,65.17,70.06
"10687",95,2010,86.48,76.55,90.37,83.34,87.32,78.6,82.07
"10688",96,2010,85.33,88.33,86.76,91.43,88.19,87.8,91.33
"10689",97,2010,88.96,96.74,88.43,98.15,91.19,97.98,96.12
"10690",98,2010,88.26,96.1,87.03,97.39,89.13,97.88,95.28
"10691",99,2010,89.58,97.56,89.69,98.86,93.36,98.5,98.2
"10692",100,2010,91.4,94.81,90.51,94.81,90.71,95.05,93.8
"10693",101,2010,90.34,95.62,90.61,95.12,93.56,94.72,94.76
"10694",102,2010,83.96,88.18,84.34,89.6,87.82,86.21,91.77
"10695",103,2010,89.2,92.64,88.48,94.29,89.38,92.32,93.46
"10696",104,2010,85.04,85.78,85.3,88.96,84.86,85.82,89.69
"10697",105,2010,85.93,86.2,86.83,91.49,86.9,87.03,91.23
"10698",106,2010,88.29,93.35,88.06,95.03,89.83,93.88,94.62
"10699",107,2010,84.73,89.01,84.14,91.62,85.88,91.64,90.93
"10700",108,2010,84.26,87.04,84.06,87.09,84.57,85.97,88.09
"10701",109,2010,87.97,91.5,88.27,91.93,89.73,91.13,90.6
"10702",110,2010,81.66,81.2,82.33,84.6,78.92,84.39,81.19
"10703",111,2010,86.53,88.27,86.86,86.51,85.68,85.4,85.33
"10704",112,2010,83.98,82.55,84.31,81.33,83.34,80.4,82.28
"10705",113,2010,82.23,82.48,84.35,82.98,83.72,82.32,82.73
"10706",114,2010,91.13,91.41,91.16,90.78,91.79,88.29,90.3
"10707",115,2010,85.43,86.45,85.49,86.02,85.16,84.11,86.49
"10708",116,2010,86.49,88.95,86.6,90.02,86.99,88.75,89.19
"10709",117,2010,85.39,83.72,87.27,83.16,86.98,80.63,85.85
"10710",118,2010,89.97,94.14,90.69,93.22,91.9,91.34,92.63
"10711",119,2010,82.85,78.16,84.35,79.52,82.3,78.49,80.47
"10712",120,2010,79.18,76.11,81.28,75.29,80.11,74.01,78.08
"10713",121,2010,78.84,79.21,80.38,77.47,79.11,75.62,79.89
"10714",122,2010,85.6,81.8,88.1,85.14,83.09,81.87,85.05
"10715",123,2010,88.82,91.68,88.78,88.69,89.88,87.48,89.16
"10716",124,2010,76.5,74.16,78.43,76.66,74.86,74.51,77.45
"10717",125,2010,74.7,70.12,77.17,71.61,73.91,67.86,73.95
"10718",126,2010,78.72,73.52,80.12,73.19,77.31,70.48,76.08
"10719",127,2010,78.39,73.98,81.04,73,78.21,70.49,75.99
"10720",128,2010,85.09,80,87.62,82.12,84.27,79.3,82.43
"10721",129,2010,88.59,90.62,88.54,92.56,90.58,90.4,91.74
"10722",130,2010,89.64,95.14,89.05,95.66,92.16,94.12,94.11
"10723",131,2010,93.06,96.71,92.69,96,93.32,94.61,95.04
"10724",132,2010,88.84,94.78,88.44,94,87.28,95.33,91.28
"10725",133,2010,81.25,83.97,81.61,91.29,76.73,93.81,85.26
"10726",134,2010,82.32,87.86,83.35,93.95,83.43,94.13,89.97
"10727",135,2010,86.56,92.16,86.07,93.01,87.93,92.26,90.8
"10728",136,2010,83.86,84.83,84.37,86.57,84.49,84.28,85.91
"10729",137,2010,87.69,91.73,88.14,89.16,89.71,87.68,89.54
"10730",138,2010,89.29,90.91,88.47,89.26,89.83,88.24,89.04
"10731",139,2010,87.83,89.94,87.94,89.78,88.65,87.4,88.32
"10732",140,2010,89.95,92.38,89.53,90.69,90.34,90.54,89.88
"10733",141,2010,88.16,90.25,87.31,90.41,88.16,90.15,89.14
"10734",142,2010,89.32,93.77,88.93,94.94,89.58,94.03,93.82
"10735",143,2010,86.77,88.15,86.91,88.77,87.37,85.94,89.15
"10736",144,2010,84.51,88.77,84.15,87.36,86.08,85.58,87.64
"10737",145,2010,88.95,90.23,88.18,88.91,88.57,86.51,88.79
"10738",146,2010,89.11,94.16,87.38,92.29,91.27,89.06,92.06
"10739",147,2010,90.43,93.7,89.69,93.98,91.63,93.38,92.1
"10740",148,2010,88.9,92.79,90.09,93.88,89.88,94.18,92.22
"10741",149,2010,84.1,87.62,84.09,89.21,83.62,88.95,88.1
"10742",150,2010,86.25,92.24,85.24,91.35,88.27,89.6,92.02
"10743",151,2010,91.93,95.28,90.71,91.66,91.26,90.33,92.25
"10744",152,2010,90.66,96.28,90.36,94.48,91.4,94.59,92.21
"10745",153,2010,84.87,85.41,85.23,91,85.2,89.05,88.27
"10746",154,2010,85.13,85.49,85.88,83.9,85.29,83.64,84.3
"10747",155,2010,89.65,94.1,89.59,92.01,90.12,91.3,90.87
"10748",156,2010,87.53,89.32,87.33,87.48,87.96,86.38,86.47
"10749",157,2010,89.66,93.13,88.96,92.7,89.84,93.47,89.43
"10750",158,2010,84.23,91.42,83.89,91.6,84,94.42,85.81
"10751",159,2010,88.18,91.96,87.87,92.09,88.86,92.07,89.15
"10752",160,2010,90.61,94.41,90.78,92.61,89.88,92.72,90.4
"10753",161,2010,85.04,89.97,84.45,91.96,84.36,92.01,87.95
"10754",162,2010,86.36,92.36,84.38,94.02,84.91,94.87,87.83
"10755",163,2010,85.64,89.65,84.92,92.99,81.7,94.99,85.93
"10756",164,2010,86.8,94.13,85.99,96.96,86.48,98.22,90.59
"10757",165,2010,89.48,94.54,89.28,94.59,90.45,94.27,92.42
"10758",166,2010,89.67,89.94,89.47,87.18,89.49,84.77,87.81
"10759",167,2010,87.92,89.38,88.92,91.78,89.15,90.27,90.73
"10760",168,2010,86.83,84.42,87.56,87.92,86.22,85.2,87.27
"10761",169,2010,90.02,90.92,89.34,90.64,89.61,88.5,89.93
"10762",170,2010,86.82,84.54,87.21,82.27,85.34,82.31,83.62
"10763",171,2010,91.77,95.97,90.95,93.13,91.41,91.99,93
"10764",172,2010,85.88,90.61,85.95,92.77,87.34,91.36,90.95
"10765",173,2010,86.85,92.64,86.12,94.24,88.53,94.08,90.89
"10766",174,2010,88.13,92.47,88.09,93.36,89.62,93.1,90.96
"10767",175,2010,86.53,89.61,85.8,91.47,86.11,91.41,88.96
"10768",176,2010,90.9,93.72,90.4,94.95,90.57,94.91,91.24
"10769",177,2010,88.39,92.83,88.64,94.9,88.24,96.43,90.53
"10770",178,2010,83.43,93.35,82.55,94.16,82.37,94.96,87.36
"10771",179,2010,88.25,91.73,88.08,90.59,89.03,89.47,89.77
"10772",180,2010,91.2,95.63,90.94,94.55,92.11,94.11,92.86
"10773",181,2010,85.46,88.08,85.67,88.62,85.94,87.17,88.9
"10774",182,2010,86.43,92.5,86.29,90.74,88.61,89.32,90.32
"10775",183,2010,92.79,97.78,91.79,95.28,93.5,94.64,93.73
"10776",184,2010,86.95,92.65,87.05,95.1,88.52,94.74,91.04
"10777",185,2010,87.35,90.76,87.36,91.89,88.3,90.94,91.76
"10778",186,2010,91.73,89.12,91.43,85.04,90.39,83.07,88.76
"10779",187,2010,90.42,95.64,89.03,93.47,92.02,92.72,92.77
"10780",188,2010,86.75,89.87,86.39,90.36,87.55,88.82,90.42
"10781",189,2010,93.87,95.4,93.17,90.28,93.45,89.7,90.67
"10782",190,2010,88.3,92.93,87.57,94.77,89.38,94.75,92.28
"10783",191,2010,82.74,85.52,82.9,89.34,82.98,88.14,86.12
"10784",192,2010,91.57,97.73,91.2,96.29,93.17,94.57,94.02
"10785",193,2010,85.2,83.66,86.07,87.14,83.31,85.55,85.37
"10786",194,2010,85.59,84.93,85.35,82.75,84.46,81.47,82.55
"10787",195,2010,88,83.49,88.9,84.62,87.06,81.65,85.77
"10788",196,2010,87.6,91.09,86.79,91.47,88.36,89.48,89.98
"10789",197,2010,92.41,95.1,92.27,95.04,93.64,94.86,94.22
"10790",198,2010,91.06,92.54,91.48,93.7,90.11,94.86,90.15
"10791",199,2010,88.89,91.03,88.68,93.94,86.83,95.94,89.85
"10792",200,2010,81.06,81.15,82.06,87.31,78.52,88.89,83.82
"10793",201,2010,76.3,76.82,77.75,84.28,75.71,84.43,80.68
"10794",202,2010,77.1,78.37,78.74,84.93,77.92,84.54,82.92
"10795",203,2010,79.21,80.09,80.05,85.66,79.79,84.08,83.65
"10796",204,2010,88.31,93.87,87.88,94.43,89.23,94.21,91.48
"10797",205,2010,86.43,91.33,86.45,92.7,87.39,91.4,89.55
"10798",206,2010,87.43,87.64,86.75,88.24,86.45,87.58,86.89
"10799",207,2010,91.63,94.73,90.94,93.77,92.75,92.73,92.31
"10800",208,2010,93.18,98.38,92.05,96.55,95.01,95.35,95.56
"10801",209,2010,83.42,86.76,83.03,90.22,84.35,89.24,87.4
"10802",210,2010,84.67,85.45,85.83,89.12,84.84,89.43,87.48
"10803",211,2010,87.79,88.63,88.2,88.01,85.42,89.24,86.56
"10804",212,2010,82.8,88.49,82.9,92.67,83.74,91.76,89.39
"10805",213,2010,85.18,85.96,85.75,88.21,86.46,86.97,86.87
"10806",214,2010,86.88,88.28,87.75,87.56,87.37,85.03,87.39
"10807",215,2010,89.11,92.14,89.92,93.3,89.63,93.3,90.11
"10808",216,2010,84.32,85.66,84.09,89.14,81.82,91.16,84.18
"10809",217,2010,83.25,87.25,83.81,90.54,79.41,91.73,83.16
"10810",218,2010,86.21,93.52,86.14,94.83,82.43,97.22,86.81
"10811",219,2010,75.89,83.71,77.58,91.87,72.26,95.08,83.94
"10812",220,2010,74.33,80.05,75.73,87.65,74.26,87,83.41
"10813",221,2010,77.49,82.96,78.36,89.54,77.74,89.98,84.45
"10814",222,2010,80.88,84.64,81.01,87.41,81.41,89.21,82.45
"10815",223,2010,82.96,88.72,83.31,92.63,81.63,95.17,85.94
"10816",224,2010,81.1,86.57,81.61,91.93,81.07,91.79,85.57
"10817",225,2010,83.25,89.51,83.04,93.12,84.95,91.72,87.65
"10818",226,2010,88.18,91.61,87.7,93.93,90.66,93.63,92.24
"10819",227,2010,83.72,88.43,84.44,91.92,85.86,91.86,88.87
"10820",228,2010,76.09,80.86,76.6,86.61,75.77,87.47,80.9
"10821",229,2010,78.11,78.95,79.55,83.21,78.98,82.89,80.49
"10822",230,2010,91.77,95.88,90.96,93.26,91.16,92.92,91.03
"10823",231,2010,89.37,94.27,89.71,96.4,90.73,95.56,93.82
"10824",232,2010,81.72,87.81,81.49,92.03,85.61,89.51,89.7
"10825",233,2010,86.6,89.9,86.38,92.86,89.23,91.1,88.74
"10826",234,2010,83.93,94,83.19,95.11,85.81,96.69,89.02
"10827",235,2010,80.31,83.36,80.27,89.13,80.16,88.34,85.42
"10828",236,2010,83.02,89.48,82.93,92.7,84.85,92.4,89.05
"10829",237,2010,87.67,89.75,87.68,89.3,88.76,89.51,88.76
"10830",238,2010,89.6,94.24,87.6,94.19,88.84,94.46,91.78
"10831",239,2010,87.96,90.76,86.92,92.22,88.29,91.82,89.3
"10832",240,2010,85.29,86.54,85.36,89.31,85.44,87.08,87.43
"10833",241,2010,79.79,81.26,80.23,82.02,80.59,79.95,81.04
"10834",242,2010,79.35,81.44,80.47,80.79,79.51,80.25,79.34
"10835",243,2010,84.13,86.44,85.03,87.69,83.43,87.19,85.3
"10836",244,2010,83.5,88.64,83.56,90.57,84.21,90.15,86.67
"10837",245,2010,85.29,88.71,85.57,88.4,86.38,86.47,86.35
"10838",246,2010,83.76,79.63,85.4,78.47,83.92,76.63,81.03
"10839",247,2010,88.36,86.96,88.5,83.07,89.56,79.2,86.68
"10840",248,2010,86.57,83.15,86.82,86.16,85.92,83.8,84.48
"10841",249,2010,81.38,78.79,84.37,84.63,81.85,81.82,83.34
"10842",250,2010,85.21,89.02,85.61,88.33,86.49,88.62,87.68
"10843",251,2010,82.76,89.22,81.76,90.32,81.99,90.7,86.53
"10844",252,2010,81.72,86.21,81.35,89.75,81.94,88.83,87.63
"10845",253,2010,85.04,89.19,84.03,89.74,84.9,90.04,87.74
"10846",254,2010,86.46,90.35,86.04,90.78,86.39,91.06,88.67
"10847",255,2010,87.99,91.06,87.72,92.51,88.24,91.73,89.65
"10848",256,2010,85.78,90.82,85.33,93.69,87.22,93.17,91.18
"10849",257,2010,80.4,81.03,80.93,86.64,80.29,86.33,82.91
"10850",258,2010,84.19,82.38,85.43,81.16,83.88,81.82,79.64
"10851",259,2010,89.42,91.2,89.41,87.92,87.3,88.16,85.21
"10852",260,2010,86.15,90.47,86.26,90.2,86.54,90.54,88.74
"10853",261,2010,84.65,91.3,83.75,91.61,84.88,94.42,86.51
"10854",262,2010,89.55,95.1,87.14,93.1,89.21,94.08,88.72
"10855",263,2010,88.12,92.18,86.64,93.43,90.22,91.68,92.31
"10856",264,2010,85.48,88.69,85.29,90.38,86.44,88.56,89.02
"10857",265,2010,83.01,84.35,83.13,85.12,83.1,82.9,83.63
"10858",266,2010,86.36,89.73,85.91,91.38,86.76,89.63,88.82
"10859",267,2010,87.01,83.55,88.09,85.17,85.96,83.29,83.51
"10860",268,2010,83.9,90.04,83.93,89.66,85.61,88.75,86.46
"10861",269,2010,82.89,85.37,82.86,86.57,83.68,85.08,85.03
"10862",270,2010,86.26,90.33,84.88,90.87,86.98,90.14,87.23
"10863",271,2010,86.22,89.66,86.12,88.41,87.51,86.83,86.97
"10864",272,2010,80.9,80.54,80.97,81.91,80.81,80.12,81.62
"10865",273,2010,81.73,80.33,82.27,80.12,80.19,77.21,80.59
"10866",274,2010,83.73,84.58,84.31,82.25,83.94,79.5,83.68
"10867",275,2010,87.38,89.72,87.4,90.44,88.14,88.69,89.42
"10868",276,2010,84.24,87.81,84.17,88.29,85.32,86.49,87.68
"10869",277,2010,87.95,91.42,87.37,91.44,89.22,88.83,91.71
"10870",278,2010,86.24,91.04,85.87,93.89,87.02,94.18,90.9
"10871",279,2010,83.53,85.65,83.88,90.39,83.84,89.92,86.69
"10872",280,2010,82.49,83.61,83.04,87.39,83.6,88.18,84.61
"10873",281,2010,82.88,86.42,82.83,86.61,83.73,87.65,84.38
"10874",282,2010,87.27,89.22,86.8,87.01,87.04,87.45,83.66
"10875",283,2010,85.97,87.86,85.47,86.44,86.47,87.33,82.95
"10876",284,2010,84.09,85.56,84.47,87.9,84.77,87.4,84.84
"10877",285,2010,84.7,85.75,84.95,86.28,84.07,87.38,83.98
"10878",286,2010,84.17,87.65,84.43,86.48,85.16,86.23,84.41
"10879",287,2010,82.69,83.09,83.8,84.61,82.66,83.8,82.93
"10880",288,2010,87.78,88.02,87.93,88.69,87.47,87.97,86.89
"10881",289,2010,89.11,89.77,89.46,90.45,88.09,91.02,86.62
"10882",290,2010,83.62,81.77,85.29,83.65,83.05,82.74,82.62
"10883",291,2010,86.23,89.04,86.69,86.83,87.19,86.55,85.78
"10884",292,2010,86.69,89.77,86.89,87.46,86.67,87.04,87.02
"10885",293,2010,86.72,90.91,87.33,88.85,88.65,87.19,90.51
"10886",294,2010,87.59,90.22,87.74,86.9,88.75,86.2,88.16
"10887",295,2010,82.52,84.94,82.6,81.88,84.25,80.65,83.21
"10888",296,2010,77.13,78.74,76.78,76.45,78.25,75.65,78.35
"10889",297,2010,73.54,79.03,73.89,77.68,75.21,79.08,79.02
"10890",298,2010,79.45,81.84,79.42,82.63,79.5,83.03,83.03
"10891",299,2010,81.77,85.97,81.9,82.77,82.54,82.99,83.08
"10892",300,2010,81.12,82.39,82.22,81.46,81.92,79.98,82.31
"10893",301,2010,82.84,83.48,82.87,82.51,83.27,82.38,83.67
"10894",302,2010,79.08,80.34,79.56,81.58,79.15,79.74,81.58
"10895",303,2010,76.04,78.76,75.89,76.26,76.98,75.72,78.43
"10896",304,2010,74.56,78.48,74.86,77.15,75.58,76.99,78.58
"10897",305,2010,84.09,84.03,84.91,81.15,84.46,79.94,83.02
"10898",306,2010,92.43,93.92,92.3,90.62,91.79,90.06,88.95
"10899",307,2010,86.77,92.33,86.17,93.45,87.49,92.39,91.87
"10900",308,2010,85.48,92.48,84.63,92.65,86.59,92.68,90.25
"10901",309,2010,86.17,88.57,85.62,89.07,86.09,89.21,87.11
"10902",310,2010,86.44,89.99,85.49,88.42,86.61,87.47,88.42
"10903",311,2010,91.03,96.5,89.73,97.16,90.68,97.56,94.54
"10904",312,2010,89.88,95.72,88.84,96.33,90.84,96.7,94.6
"10905",313,2010,88.62,90.34,87.57,89.1,88.37,87.94,88.68
"10906",314,2010,89.88,93.78,88.37,89.76,89.79,89.72,89.25
"10907",315,2010,81.36,82.19,82.11,83.72,80.25,84.38,81.47
"10908",316,2010,90.14,93.41,89.04,88.92,90.45,87.39,89.39
"10909",317,2010,89.16,94.98,89.04,93.77,91.68,92.55,92.55
"10910",318,2010,88.3,91.98,87.6,90.88,88.89,90.89,89.92
"10911",319,2010,87.41,89.05,86.28,85.4,86.84,84.42,85.8
"10912",320,2010,83.86,85.01,83.94,82.52,84.15,81.52,84.62
"10913",321,2010,83.48,85.91,83.25,79.66,84.39,80.02,83.57
"10914",322,2010,87.19,88.39,88.06,78.46,88.17,79.52,83.16
"10915",323,2010,85.51,87.84,85.61,84.81,85.65,83.79,86.13
"10916",324,2010,84.27,84.27,84.52,81.07,83.23,80,82.37
"10917",325,2010,79.92,80.22,80.66,75.95,79.78,76.81,77.33
"10918",326,2010,82.2,82.69,82.86,78.31,81.95,78.17,81.09
"10919",327,2010,81.37,83.84,80.89,82.24,82.86,80.9,84.11
"10920",328,2010,76.65,80.23,77.17,83.33,77.86,83.44,81.61
"10921",329,2010,75.26,77.48,75.51,76.55,76.01,76.73,77.11
"10922",330,2010,85.54,85.25,85.61,79.12,85.74,79.24,81.53
"10923",331,2010,90.81,89.28,90.57,84.77,89.24,82.61,87.28
"10924",332,2010,86.42,88.93,85.94,86.73,86.11,85.2,86.95
"10925",333,2010,81.28,84.04,81.05,86.35,81.43,84.5,83.72
"10926",334,2010,83.16,85.7,82.32,84.29,82.3,82.85,83.29
"10927",335,2010,84.44,86.23,84.39,84.06,84.1,82.02,84.44
"10928",336,2010,83,86.55,82.68,87.4,83.85,87.24,85.78
"10929",337,2010,87.22,90.55,86.72,90.12,87.99,88.13,90.21
"10930",338,2010,93.33,99.09,92.22,98.09,95.36,97.83,96.32
"10931",339,2010,85.78,88.17,86.03,89.81,86.19,90.15,86.72
"10932",340,2010,85.59,84.97,86.24,87.32,84.57,88.86,83.09
"10933",341,2010,85.45,84.74,85.42,84.91,84.65,84.49,83.06
"10934",342,2010,85.07,79.68,85.26,81.54,82.49,80.01,80.58
"10935",343,2010,84.2,83.27,83.77,81.34,83.35,79.27,81.55
"10936",344,2010,81.16,78.87,81.98,77.04,80.35,76.8,78.37
"10937",345,2010,81.65,81.6,82.32,77.32,81.51,77.78,79.62
"10938",346,2010,85.36,87.5,84.6,84.64,84.94,85.66,84.55
"10939",347,2010,83.3,83.5,83.28,81.31,82.86,81.48,80.97
"10940",348,2010,80.46,84.25,80.37,85.73,82.49,85.56,84.42
"10941",349,2010,77.08,86.08,77.03,88.81,80.87,87.74,88.19
"10942",350,2010,79.94,82.17,80.21,77.99,81.14,77.87,79.54
"10943",351,2010,82.77,84.95,82.77,79.84,82.87,79.67,81.57
"10944",352,2010,78.37,81.18,78.42,78.65,78.84,79.23,79.49
"10945",353,2010,76.46,78.03,76.36,77.34,76.23,77.49,78.04
"10946",354,2010,77.6,79.83,76.82,79.3,78.68,77.16,80.63
"10947",355,2010,77.37,77.14,77.61,78.56,77.46,76.58,78.68
"10948",356,2010,80.16,79.45,81.21,76.64,80.24,75.9,78.79
"10949",357,2010,81.19,82.62,81.14,77.07,82.41,76.3,79.21
"10950",358,2010,85.23,87.01,84.33,82.41,86.34,79.72,84.26
"10951",359,2010,84.97,87.57,83.83,86.9,86.48,85.93,86.14
"10952",360,2010,85.58,84.09,85.87,83.82,85.09,81.57,83.84
"10953",361,2010,82.59,78.03,82.78,76.96,81.53,74.88,77.92
"10954",362,2010,78.2,74.27,79.05,71.44,77.52,70,73.18
"10955",363,2010,77.91,78.53,78.71,79.5,76.86,76.73,77.5
"10956",364,2010,74.6,70.17,75.5,68.46,73.16,67.31,69.89
"10957",365,2010,70.59,65.95,71.79,60.01,69.97,61.18,62.85
"10958",1,2011,65.82,64,67.09,60.87,66.44,60.15,62.78
"10959",2,2011,69.92,67.43,70.49,62.45,69.23,62.76,64.6
"10960",3,2011,71.4,75.61,70.71,76.73,73.9,74.78,76.84
"10961",4,2011,69.93,72.36,68.72,75.02,71.38,72.87,74.06
"10962",5,2011,66.57,65.92,67.21,67.99,65.03,65.44,68.15
"10963",6,2011,75.67,72.03,76.73,74.86,73.62,73.54,73.23
"10964",7,2011,84.76,81.87,85.12,82.99,84.32,79.69,82.62
"10965",8,2011,82.5,81.94,83.39,85.39,82.01,84.25,82.09
"10966",9,2011,79.38,81.45,80.64,85.26,81.87,83.27,83.24
"10967",10,2011,81.35,78.4,81.06,79.29,80.46,77.36,78.47
"10968",11,2011,76.82,76.65,76.23,82.45,78.6,79.9,78.55
"10969",12,2011,68.93,66.27,70.05,71.93,69.01,68.89,69.93
"10970",13,2011,68.11,57.54,69.76,62.37,63.99,60.54,62.62
"10971",14,2011,69.03,66.12,70.26,77.34,68.63,73.94,73.93
"10972",15,2011,68.24,68.75,68.93,78.63,69.17,76.29,74.22
"10973",16,2011,66.54,66.98,66.92,78.09,68.02,73.44,74.69
"10974",17,2011,66.37,66.1,66.35,74.86,68.11,71.72,73.51
"10975",18,2011,60.52,60.09,61.09,70.11,62.13,67.23,68.79
"10976",19,2011,61.62,56.7,62.06,62.47,62.01,60.91,62.32
"10977",20,2011,56.98,54.32,57.87,60.06,58.12,58.58,59.47
"10978",21,2011,56.29,52.36,55.35,54.84,57.57,52.15,56.79
"10979",22,2011,59.2,51.85,59.27,52.88,57.83,51.2,54.41
"10980",23,2011,59.74,53.65,60.06,59.77,58.99,56.7,60.51
"10981",24,2011,57.1,55.74,57.93,66.99,57.96,62.35,65.69
"10982",25,2011,54.98,53.77,55.12,65.27,56.88,59.98,63.49
"10983",26,2011,53.65,50.64,54.21,64.13,53.95,58.16,62.7
"10984",27,2011,55.46,53.94,56.07,65.15,56.37,60.61,64.21
"10985",28,2011,54.9,52.19,55.86,58.76,56.27,55.22,59.7
"10986",29,2011,57.2,57.83,57.24,62.8,59.38,58.95,64.01
"10987",30,2011,59.41,61.71,58.85,68.34,62.03,65.25,67.44
"10988",31,2011,61.3,64.43,61.61,73.53,63.77,69.73,71.77
"10989",32,2011,62.9,66.53,62.48,74.48,65.35,71.98,71.53
"10990",33,2011,56.96,56.59,57.6,68.44,58.64,65.02,65.9
"10991",34,2011,48.99,48.37,51.21,61.97,50.33,57.69,60.53
"10992",35,2011,47.44,45.89,48.71,56.82,48.73,52.78,56.83
"10993",36,2011,47.99,48.69,49.36,59.33,49.65,54.71,58.55
"10994",37,2011,50.35,51.85,50.32,65.94,52.94,59.76,64.26
"10995",38,2011,51.57,50.07,51.97,61.54,51.62,55.6,60.9
"10996",39,2011,52.3,51.92,52.73,64.22,52.65,58.15,65
"10997",40,2011,56.74,61.28,56.58,72.49,58.04,68.68,70.31
"10998",41,2011,55.75,59.37,55.94,75.71,57.37,70.97,72.18
"10999",42,2011,53.58,59.41,53.95,75.58,55.18,71.12,71.43
"11000",43,2011,61.81,71.21,60.99,82.98,66.36,79.54,78.88
"11001",44,2011,57.15,62.16,56.36,74.11,58.75,69.37,71.67
"11002",45,2011,56.41,59.85,56.1,71.8,58.32,66.71,70.76
"11003",46,2011,65.29,71.87,65.78,81.67,69.34,78.48,78.31
"11004",47,2011,61.26,67.51,62.25,80.81,63.27,78.24,77.67
"11005",48,2011,53.58,61.25,54.15,75.25,57.23,71.98,72.61
"11006",49,2011,53.85,59.51,53.94,73.46,57.72,68.39,72.5
"11007",50,2011,48.62,55.69,49.46,71.6,52.99,66.1,71.51
"11008",51,2011,43.89,49.8,45.29,67.64,47.02,61.76,66.41
"11009",52,2011,41.45,47.94,43.08,67.27,44.3,60.87,64.86
"11010",53,2011,46.04,50.87,47.17,65.39,48.25,59.65,64.1
"11011",54,2011,54.42,59.34,55.95,72.38,56.26,68.89,69.33
"11012",55,2011,61.66,72.63,62.23,83.14,65.61,81.54,79.15
"11013",56,2011,67.29,75.96,67.12,80.72,71.14,79.86,78.36
"11014",57,2011,70.46,76.35,70.44,79.5,73.35,77.51,76.92
"11015",58,2011,82.42,86.78,83.72,91.09,84.57,88.62,90.23
"11016",59,2011,74.84,77.53,77.61,84.29,74.69,82.18,82.48
"11017",60,2011,62.45,76.32,63.41,85.95,67.42,84.57,81.26
"11018",61,2011,64.83,76.85,64.04,82.8,71.53,81.19,81.43
"11019",62,2011,62.22,76.81,63.35,86.42,70.66,84.9,85.75
"11020",63,2011,60.49,66.4,60.46,76.53,64.28,72.05,76.05
"11021",64,2011,59.48,62.25,61.82,69.72,60.87,66.41,70.41
"11022",65,2011,71.46,76.37,71.68,79.61,76.68,76.11,80.76
"11023",66,2011,68.7,79.01,66.62,82.78,76.13,79.24,82.78
"11024",67,2011,60.28,70.26,61.27,76.88,66.91,73.71,76.77
"11025",68,2011,65.47,76.73,65.38,80.86,70.54,77.9,79.87
"11026",69,2011,72.11,77.48,72.04,80.53,74.76,79.14,81.41
"11027",70,2011,75.93,80.37,76.24,84.67,79.92,81.55,83.53
"11028",71,2011,63.54,73.51,62.69,83.06,70.72,78.9,81.96
"11029",72,2011,52.36,60.72,53.38,78,56.1,74.76,74.55
"11030",73,2011,51.2,58.69,51.67,74.85,55.41,70.93,72.3
"11031",74,2011,52.93,59.68,52.39,69.43,55.97,67.22,68.75
"11032",75,2011,55.45,60.42,56.69,69.4,57.95,65.5,69.77
"11033",76,2011,65.71,76.51,63.22,82.12,70.74,79.53,79.96
"11034",77,2011,68.85,79.68,66.95,89.16,73.9,86.16,85.32
"11035",78,2011,68.75,80.59,68.37,86.71,73.31,84.17,84.04
"11036",79,2011,58.08,66.56,57.57,79.74,62.36,75.43,77.13
"11037",80,2011,60.23,69.69,59.55,81.6,65.77,77.23,80.7
"11038",81,2011,69.4,74.02,70.38,82.44,71.79,77.35,81.46
"11039",82,2011,65.1,89.08,62.81,95.06,73.22,94.06,90.46
"11040",83,2011,68.85,83.95,67.13,92.83,73.77,92.8,86.47
"11041",84,2011,70.04,82.73,70.62,89.65,73.75,89.5,84.11
"11042",85,2011,83.34,89.19,83.72,91.91,83.05,91.02,87.85
"11043",86,2011,68.46,72.04,68.99,79.65,69.33,77.47,77.27
"11044",87,2011,57.15,62.27,57.97,73.39,59.24,69.13,71.68
"11045",88,2011,57.27,64.95,58.16,74.94,60.7,72.64,72.56
"11046",89,2011,60.32,68.21,61.99,78.11,63.79,75.8,74.75
"11047",90,2011,62.6,72.32,64.59,81.5,66.17,79.58,78.97
"11048",91,2011,63.61,66.78,67.39,75.52,66.7,71.69,75.04
"11049",92,2011,57.44,63.74,61.25,72.94,61.77,70.09,72.73
"11050",93,2011,64.49,72.78,68.39,81.7,68.49,79.41,79.67
"11051",94,2011,61.27,68.19,61.38,75.98,63.38,73.13,74.45
"11052",95,2011,54.32,62.51,53.96,74.42,57.3,70.54,72.24
"11053",96,2011,50.75,62.7,49.92,78.17,55.68,74.85,74.83
"11054",97,2011,58.71,73.45,60.4,84.88,65.2,83.04,80.96
"11055",98,2011,69.3,77.42,71.07,86.05,73.16,83.2,83.69
"11056",99,2011,68.01,75.75,71.14,85.14,71.73,82.18,82.56
"11057",100,2011,74.2,77.06,80.1,87.99,76.91,84.47,85.56
"11058",101,2011,81.89,89.81,83.76,91.54,85.36,91.23,90.28
"11059",102,2011,82.72,86.31,85.68,92.43,83.13,89.7,89.22
"11060",103,2011,74.18,81.4,76.47,87.95,76.09,85.87,84.45
"11061",104,2011,80.5,87,81.7,91.32,81.47,89.96,85.8
"11062",105,2011,77.38,89.44,78.56,92.04,79.28,91.15,87.72
"11063",106,2011,82.45,83.12,84.5,87.66,81.67,87.65,84.74
"11064",107,2011,91.12,94.76,91.63,94.38,91.86,93.06,94.07
"11065",108,2011,88.73,93.93,88.51,94.19,88.29,94.3,90.68
"11066",109,2011,86.22,89.43,86.41,90.87,87.66,89.08,89.85
"11067",110,2011,92.16,97.58,90.82,97.56,91.57,97.81,95.04
"11068",111,2011,86.01,88.15,85.61,89.51,86.76,88.27,88.4
"11069",112,2011,82.97,87.99,83.04,88.65,85.45,86.29,87.41
"11070",113,2011,86.55,93.65,86.45,93.21,89.53,91.69,92.53
"11071",114,2011,87.48,88.86,87.19,86.58,88.1,85.02,85.83
"11072",115,2011,86.62,92.7,86.03,91.46,87.86,90.3,88.76
"11073",116,2011,85.57,83.9,85.89,84.99,84.36,83.9,82.76
"11074",117,2011,87.31,83.64,89.17,87.66,87.5,84.39,86.67
"11075",118,2011,86.94,91.01,87.02,91.31,91,89.25,90.9
"11076",119,2011,85.62,89.63,84,90.99,87.27,90.27,89.21
"11077",120,2011,83.79,90.42,82.88,91.69,83.98,91.16,89.72
"11078",121,2011,85.78,88.29,85.76,88.89,85.97,87.48,87.54
"11079",122,2011,88.5,91.27,88.63,93.26,89.52,92.22,91.09
"11080",123,2011,92.27,94.29,91.67,95.26,92.55,94.27,92.83
"11081",124,2011,85.64,91.26,85.71,94.37,85.74,93.92,91.17
"11082",125,2011,84.64,88.24,86.38,92.09,80.41,92.99,87.41
"11083",126,2011,84.24,89.57,85.71,92.98,83.83,93.07,88.39
"11084",127,2011,91.43,97.41,90.49,97.18,92.31,97.91,95.13
"11085",128,2011,89.25,95.86,88.13,94.84,88.73,94.56,91.74
"11086",129,2011,85.23,89.6,84.41,92.39,84.67,91.47,88.31
"11087",130,2011,89.91,96.48,88.48,95.73,91.62,95.49,93.61
"11088",131,2011,88.75,92.48,88.24,95.31,90,94.38,92.29
"11089",132,2011,86.48,92.96,86.19,94.09,88.51,95.12,90.91
"11090",133,2011,90.62,93.45,89.63,94.66,90.94,94.35,93.09
"11091",134,2011,92.73,97.86,92.07,97.08,93.27,96.7,95.64
"11092",135,2011,89.76,94.79,88.48,94.18,89.63,93.18,92.97
"11093",136,2011,94.06,98.41,92.99,97.6,94.26,98.71,96.67
"11094",137,2011,89.41,93.85,88.48,94.71,89.55,94.52,92.59
"11095",138,2011,90.56,95.62,90.19,96.75,91.85,96.92,94.72
"11096",139,2011,87.6,94.89,86.81,93.43,88.68,94.04,92.68
"11097",140,2011,94.04,97.89,92.16,91.67,94.35,92.08,92.32
"11098",141,2011,88.23,90.19,87.28,88.94,87.48,89.5,87.67
"11099",142,2011,89.47,94.29,88.53,93.71,90.88,93.32,90.92
"11100",143,2011,86.64,86.96,86.46,88.54,86.96,89.06,86.59
"11101",144,2011,87.84,89.49,88.06,88.61,87.51,86.68,88.34
"11102",145,2011,86.3,89.18,87.21,88.5,87.32,87.4,89.8
"11103",146,2011,87.84,93.78,86.89,90.81,90.08,89.38,90.37
"11104",147,2011,87.94,92,86.95,93.01,88.42,91.16,90.09
"11105",148,2011,88.54,94.83,87.58,96.2,89.78,95.83,91.34
"11106",149,2011,88.56,95.69,86.8,95.92,89.02,96.8,91.37
"11107",150,2011,91.1,97.8,89.88,98,92.14,98.78,95.21
"11108",151,2011,86.8,90.78,86.39,92.81,85.68,93.4,88.9
"11109",152,2011,90.33,92.26,90.09,94.34,86.79,96,90.33
"11110",153,2011,89.88,94.98,88.66,97.61,88.97,97.88,93.89
"11111",154,2011,82.88,88.66,82.05,91.69,79.78,92.91,87.19
"11112",155,2011,87.62,90.42,88.07,91.78,85.69,93.92,88.97
"11113",156,2011,87.06,86.84,87.33,89.92,84.21,93.21,84.72
"11114",157,2011,83.06,85.11,82.55,90.5,82.49,90.8,85.41
"11115",158,2011,84.21,85.21,84.47,86.6,84.41,86.8,84.99
"11116",159,2011,87.86,92.62,87.31,88.87,88.75,89.02,89.86
"11117",160,2011,84.52,85.48,84.69,83.76,84.96,83.47,85.04
"11118",161,2011,87.02,88.56,86.85,87.86,87.57,87.33,86.2
"11119",162,2011,85.59,84.09,85.93,84.41,85.33,86,82.32
"11120",163,2011,85.61,91.41,85.77,92.51,86.64,93.16,88.92
"11121",164,2011,89.47,92.4,89.52,91.26,88.48,91.88,88.82
"11122",165,2011,87.09,91.61,87.16,94.03,87.05,94.36,89.46
"11123",166,2011,84.62,91,83.34,90.21,85.94,92.11,86.26
"11124",167,2011,87.82,93.37,87,92.84,88.79,92.89,90.45
"11125",168,2011,82.02,78.47,83.95,82.77,79.43,81.78,81.01
"11126",169,2011,87.46,85.27,88.77,82.95,87.51,80.01,84.9
"11127",170,2011,90.51,90.69,89.61,87.85,88.53,87.19,87
"11128",171,2011,87.89,92.6,86.86,92.26,88.15,91.84,89.09
"11129",172,2011,87.95,88.21,87.24,88.91,87.06,89.15,86.72
"11130",173,2011,88.53,91.14,87.48,91.25,88.03,91.35,88.16
"11131",174,2011,92.6,96.38,91.18,95.2,93.45,95.22,92.7
"11132",175,2011,93.76,97.59,92.67,97.48,93.5,99.03,93.31
"11133",176,2011,88.39,93.22,88.62,94,88.78,94.36,91.05
"11134",177,2011,88.39,92.32,87.84,92.95,87.89,92.08,89.57
"11135",178,2011,90.23,95.37,89.83,93.57,92.03,94.27,91.44
"11136",179,2011,86.96,86.69,87.06,84.65,86.09,84.48,84.06
"11137",180,2011,86.91,85.95,86.51,81.75,86.46,78.58,83.76
"11138",181,2011,90.51,90.76,89.18,86.87,90.98,84.44,87.82
"11139",182,2011,86.02,90.55,86.98,92.62,88.99,91.89,90.46
"11140",183,2011,85.7,92.76,85.35,93.34,87.32,93.22,88.8
"11141",184,2011,87.81,91.54,87.34,90.33,87.39,92.13,86.21
"11142",185,2011,85.83,90.71,85.49,91.69,86.49,92.14,87.59
"11143",186,2011,89.95,95.17,89.26,93.46,90.16,95.08,91.24
"11144",187,2011,91.28,95.3,90.96,93.41,92.89,93.85,93.37
"11145",188,2011,85.02,85.34,85.53,89.61,82.46,91.31,84.26
"11146",189,2011,84.01,86.95,84.99,87.55,84.56,88.78,83.72
"11147",190,2011,84.43,87.77,84.33,90.32,84.56,91.03,87.61
"11148",191,2011,90.87,94.46,91.29,95.71,91.61,96.54,91.28
"11149",192,2011,90.82,95.77,90.56,95.79,91.59,96.84,91.8
"11150",193,2011,90.95,93.5,90.66,92.38,90.6,93.49,90.86
"11151",194,2011,88.59,93.77,88.04,91.2,90.02,91.76,90.2
"11152",195,2011,87.37,90.48,86.74,90.27,87.69,87.83,89.09
"11153",196,2011,86.37,84.43,86.78,84.03,86.65,81.59,84.74
"11154",197,2011,78.82,73.38,80.86,78.11,76.24,75.38,77.61
"11155",198,2011,78.98,72.81,81.15,76.48,76.12,75.07,76.77
"11156",199,2011,86.16,85.15,86.99,87.2,85.52,85.58,85.04
"11157",200,2011,85.32,90.23,85.62,90.94,86.96,90.43,88.13
"11158",201,2011,88.89,93.6,87.84,90.95,91.8,90.9,89.64
"11159",202,2011,88.52,91.42,87.37,89.25,89.03,88.41,87.39
"11160",203,2011,87.8,87.19,87.27,86.76,87,87.51,84.73
"11161",204,2011,87.02,90.73,87.14,93.22,86.73,94.18,88.87
"11162",205,2011,88.65,92.95,89.06,90.41,87.95,92.37,86.12
"11163",206,2011,90.18,92.07,90.38,93.38,87.32,95.91,87.05
"11164",207,2011,84.02,89.51,84.51,92.95,83.4,94.29,86.38
"11165",208,2011,89.95,95.54,89.29,94.24,90.91,94.58,89.03
"11166",209,2011,85.49,89.8,85.38,93.03,84.69,92.21,86.97
"11167",210,2011,80.98,80.81,82.61,83.9,80.73,82.92,83.76
"11168",211,2011,86.29,83.36,86.94,81.77,85.5,79.53,83.22
"11169",212,2011,84.71,79.97,85.12,77.89,83.58,76.02,80.5
"11170",213,2011,81.26,83.01,80.42,79.62,82.61,76.86,81.16
"11171",214,2011,80.35,83.67,80.54,84.95,81.53,83.7,83.34
"11172",215,2011,82.9,87.79,82.77,90.36,83.94,90.4,86.45
"11173",216,2011,85.62,87.72,86.25,87.65,85.57,90.32,83.94
"11174",217,2011,83.78,84.64,83.37,84.12,82.74,86.17,80.04
"11175",218,2011,91.49,93.89,91.7,91.67,92.47,92.21,90.34
"11176",219,2011,85.66,91.26,85.16,91.18,86.75,94.55,86.52
"11177",220,2011,83.95,88.44,83.46,86.55,85.74,88.91,82.34
"11178",221,2011,85.79,90.37,86,90.81,87.77,89.75,87.74
"11179",222,2011,83.24,84.5,83.94,85.46,83.37,85.35,82.87
"11180",223,2011,87.8,87.16,87.52,87.59,87.12,87.08,84.11
"11181",224,2011,89.56,91.75,89.58,92.73,89.95,92.42,88.97
"11182",225,2011,86.26,86.57,86.18,90.45,87.18,88.7,88.73
"11183",226,2011,85.88,84.4,86.14,85.35,85.03,83.63,84.74
"11184",227,2011,87.29,87.07,87.1,92.01,88.04,88.12,89.94
"11185",228,2011,86.08,86.48,86.32,87.39,88.1,84.85,87.58
"11186",229,2011,86.66,86.12,86.64,86.53,86.65,84.52,85.63
"11187",230,2011,82.26,78.99,82.93,81.12,80.82,80.26,79.44
"11188",231,2011,83.12,82.11,84.47,84.6,82.43,80.4,85.01
"11189",232,2011,87.29,91.45,87.11,89.32,87.65,88.29,89.02
"11190",233,2011,82.25,82.08,83.05,80.39,81.34,80.45,80.06
"11191",234,2011,86.35,86.86,86.24,84.59,85.86,86.67,82.43
"11192",235,2011,84.12,88.68,84.32,93.05,81.99,94.33,87.97
"11193",236,2011,82.6,84.14,83.74,90.85,77.22,93.09,84.65
"11194",237,2011,80.47,87.57,80.27,93.06,80.93,92.52,87.45
"11195",238,2011,84.21,91.68,83.13,94.59,86.02,94.25,90.37
"11196",239,2011,81.98,83.72,82.03,83.56,82.9,85.2,80.93
"11197",240,2011,84.71,87.77,84.34,90.26,85.03,89.04,87.44
"11198",241,2011,82.48,83.63,82.7,87.43,83.31,87.56,85.03
"11199",242,2011,78.79,81.17,78.76,82.32,80.19,84.91,79.85
"11200",243,2011,83.63,87.03,82.97,84.86,84.25,86.25,81.09
"11201",244,2011,87.41,91.21,87.39,88.37,87.29,90.47,82.46
"11202",245,2011,85.35,92.66,85.26,92.27,86.14,94.38,86.09
"11203",246,2011,86.22,90.23,85.76,91.28,88.05,90.36,88.92
"11204",247,2011,81.31,84.09,81.39,87,82.96,85.88,84.15
"11205",248,2011,76.93,76.98,78.25,77.67,77.82,78.62,75.78
"11206",249,2011,79.65,77.91,81.37,79.56,78.61,79.55,78.18
"11207",250,2011,86.59,86.34,87.05,82.97,86.7,81.99,83.76
"11208",251,2011,86.96,88.25,86.6,85.69,87.14,84.2,85.1
"11209",252,2011,84.16,85.56,84.13,87.81,84.17,85.19,85.92
"11210",253,2011,82.85,84.65,82.35,85.21,81.7,83.33,82.96
"11211",254,2011,86.59,91.23,86.5,90.02,87,89.88,85.51
"11212",255,2011,85.9,86.6,85.88,85.23,82.95,88.67,78.2
"11213",256,2011,81.3,81.66,82.25,79.96,79.69,83.07,74.87
"11214",257,2011,85.46,88.99,85.11,88.73,86.11,87.99,85.49
"11215",258,2011,83.59,85.22,84.1,87.82,83.69,86.81,83.79
"11216",259,2011,85.62,86.31,85.97,90.15,84.41,88.79,86.45
"11217",260,2011,88.32,91.81,87.21,92.1,87.96,90.29,89.27
"11218",261,2011,81.91,85.07,82.19,89.87,83.29,89.47,86.4
"11219",262,2011,87.27,90.67,87.1,91.63,87.36,92.46,87.24
"11220",263,2011,86.49,90.69,85.85,89.7,86.12,90.95,85.62
"11221",264,2011,88.53,93.05,87.6,90.06,89.44,87.67,89.16
"11222",265,2011,82.5,86.7,82.57,87.38,83.75,87.19,85.95
"11223",266,2011,81.48,84.92,81.36,84.57,83.15,84.14,83.51
"11224",267,2011,83.34,85.39,83.09,84.52,84.19,82.59,84.7
"11225",268,2011,89.86,96.7,88.72,94.03,90.77,95.34,89.79
"11226",269,2011,83.93,88.59,83.87,91.95,83.58,93.73,84.74
"11227",270,2011,83.26,87.02,83.01,84.77,85.23,87.27,80.84
"11228",271,2011,86.15,90.17,86.55,89.03,87.47,87.36,86.22
"11229",272,2011,83.53,89.58,83.22,90.99,84.28,90.67,85.95
"11230",273,2011,82.08,86.94,82.03,88.06,83.77,86.99,85.22
"11231",274,2011,81.89,82.86,82.53,85.42,81.91,83.23,82.98
"11232",275,2011,79.65,78.74,80.01,79.47,78.99,76.94,79.66
"11233",276,2011,82.99,81.48,83.52,78.75,82.54,78.36,79.93
"11234",277,2011,89.39,91.81,88.55,88.6,89.3,86.04,88.64
"11235",278,2011,85.78,89.74,85.67,89.22,86.62,87.54,89.3
"11236",279,2011,81.97,80.6,84.01,85.37,79.4,84.63,82.67
"11237",280,2011,88.57,90.81,88.3,92.54,87.56,91.28,89.82
"11238",281,2011,88.88,94.96,87.87,95.57,91.4,94.96,92.03
"11239",282,2011,85.79,86.71,84.49,88.68,85.82,89.02,83.76
"11240",283,2011,78.61,79.12,80,81.12,78.43,78.63,79.3
"11241",284,2011,84.28,85.78,84.79,82.32,85.13,80.58,84.91
"11242",285,2011,86.26,92.05,86.46,88.64,88.73,88.48,89.11
"11243",286,2011,83.2,88.8,83.19,88.28,85.61,87.67,87.81
"11244",287,2011,78.13,82.56,78.44,85.23,79.99,84.29,83.73
"11245",288,2011,85.83,88.43,85.59,84.94,86.07,85.74,85.12
"11246",289,2011,80.84,85.96,80.92,87.04,82.28,87.93,86.37
"11247",290,2011,77.87,83.02,78.38,86.05,79.96,84.36,85.59
"11248",291,2011,84.28,88.47,85.1,87.9,87.11,88.57,88.22
"11249",292,2011,87.75,92.26,87.51,91.6,88.96,90.39,92.04
"11250",293,2011,84.4,90.18,84.57,88.16,87.35,85.55,89.52
"11251",294,2011,84.75,91.41,83.91,90.18,86.96,89.13,89.77
"11252",295,2011,82.11,84,81.17,85.58,82.88,83.94,86.13
"11253",296,2011,80.84,87.04,80.23,83.87,82.77,82.9,85.84
"11254",297,2011,85.29,86.2,85.45,82.14,86.01,82.66,84.67
"11255",298,2011,85.03,89.55,84.42,86.3,86.45,86.26,86.69
"11256",299,2011,85.02,89.32,83.97,85.17,85.87,83.6,85.95
"11257",300,2011,86.94,90.23,86.25,86.56,87.78,86.14,85.42
"11258",301,2011,93.71,97.87,92.64,97.15,94.17,96.89,95.62
"11259",302,2011,94.67,97.01,93.61,96.71,93.56,96.43,93.77
"11260",303,2011,84.63,88.03,84.29,88.14,84.68,88.48,85.16
"11261",304,2011,76.7,77.41,76.9,76.76,76.77,75.9,76.61
"11262",305,2011,81.36,79.83,82.14,80.26,81.07,78.46,80.76
"11263",306,2011,84.34,83.46,85.63,83.29,83.96,82.49,82.98
"11264",307,2011,86.72,90.23,85.84,88.86,86.67,87.97,88.27
"11265",308,2011,88.98,91.72,88.45,91.41,89.4,91.25,90.08
"11266",309,2011,85.88,88.59,85.81,88.77,86.89,87.89,86.71
"11267",310,2011,85.85,91.59,85.01,91.46,86.32,90.09,88.48
"11268",311,2011,86.69,88.1,85.89,84.73,86.45,82.48,84.67
"11269",312,2011,86.3,84.9,86.19,83.06,86.55,79.89,85.25
"11270",313,2011,87.45,91.96,87.07,88.4,89.19,86.22,89.93
"11271",314,2011,89,91.93,87.8,85.68,88.81,85.23,86.65
"11272",315,2011,87.77,90.12,87.05,82.86,87.61,82.41,85.15
"11273",316,2011,90.66,95.25,89.54,92.71,92.42,92.07,93.01
"11274",317,2011,92.13,93.09,91.72,86.4,92.51,84.93,88.47
"11275",318,2011,85.03,86.81,84.91,86.48,85.35,85.6,87.86
"11276",319,2011,81.99,86.91,81.33,84.38,82.85,82.46,85.05
"11277",320,2011,82.95,84.1,82.55,82.04,83.14,80.23,83.7
"11278",321,2011,85.56,89.91,85.89,89.38,85.56,86.34,89.94
"11279",322,2011,91.35,94.69,90.37,92.8,92.84,91.43,93.29
"11280",323,2011,87.48,89.64,86.78,88.97,88.03,89.48,88.15
"11281",324,2011,87.15,90.6,86.21,86.15,88.08,85.5,87.44
"11282",325,2011,86.37,91.14,86.42,88.21,87.64,87.79,88.17
"11283",326,2011,85.97,88.57,85.63,88.51,86.14,86.83,88.22
"11284",327,2011,83.78,87.24,83.14,88,84,87.52,85.63
"11285",328,2011,84.8,83.61,85.69,85.23,83.17,84.4,83.59
"11286",329,2011,88.03,90.77,87.32,87.66,88.18,86.48,87.46
"11287",330,2011,84.88,84.28,85.29,82.27,83.71,81.12,82.3
"11288",331,2011,82.31,82.62,81.67,80.39,82.51,78.62,81.11
"11289",332,2011,83.94,85.22,83.73,86.12,84.08,83.02,86.91
"11290",333,2011,88.04,91.77,87.32,90.25,87.52,89.39,90.14
"11291",334,2011,88.05,91.47,87.48,91.87,88.09,90.24,91.74
"11292",335,2011,83.97,89.21,84.08,89.82,84.95,88.82,89.29
"11293",336,2011,84.12,87.74,84.32,84.09,84.7,83.53,85.65
"11294",337,2011,85.84,88.24,85.41,83.29,86.11,83.37,84.97
"11295",338,2011,86.57,89.73,85.6,84.68,86.42,83.6,86.09
"11296",339,2011,84.78,89.91,84.29,89.2,85.21,88.63,87.66
"11297",340,2011,79.95,83.39,80.94,83.35,80.28,81.32,84.37
"11298",341,2011,92.49,95.89,92.44,94.85,94.55,92.81,95.99
"11299",342,2011,86.12,89.52,85.93,89.41,86.91,88.96,87.56
"11300",343,2011,83.11,81.88,83.64,81.84,82.68,80.51,81.29
"11301",344,2011,81.51,81.32,82.04,81.36,81.23,79.83,80.98
"11302",345,2011,85.66,91.67,85.52,87.74,87.01,85.93,88.41
"11303",346,2011,87.97,87.7,87.84,85.94,87.48,85.04,85.01
"11304",347,2011,79.74,80.7,79.28,82.66,80.13,81.01,81.73
"11305",348,2011,79.36,78.95,79.99,78.86,79.34,77.34,79.56
"11306",349,2011,80.78,80.67,81.65,79.18,80.82,77.92,80.21
"11307",350,2011,81.3,86.52,81.61,86.02,82.1,84.52,85.5
"11308",351,2011,80.96,83.34,81.43,81.77,82.19,80.9,81.51
"11309",352,2011,77.41,80.6,77.56,80.62,78.28,79.51,80.21
"11310",353,2011,76.59,78.78,76.44,78.59,77.2,76.57,78.69
"11311",354,2011,73.2,79.82,73.29,80.36,75.97,79.33,79.54
"11312",355,2011,71.79,71.71,72.87,74.8,69.47,74.62,72.41
"11313",356,2011,77.25,73.16,78.06,74.82,75.01,73.15,74.42
"11314",357,2011,81.77,89.74,80.26,91.83,83.16,90.7,87.61
"11315",358,2011,75.97,80.92,75.98,85.58,75.92,84.79,80.54
"11316",359,2011,70.57,73.02,71.7,79.58,70.68,78.06,76.45
"11317",360,2011,69.38,70.39,69.68,78.07,69.02,76.03,75.13
"11318",361,2011,74.61,76.31,76.84,85.44,74.18,82.88,81.63
"11319",362,2011,82.68,86.39,83.52,91.09,83.77,90.23,86.8
"11320",363,2011,77.75,83.05,77.9,89.2,78.51,89.95,83.5
"11321",364,2011,73.93,77.87,74.56,85.56,73.62,85.28,80.77
"11322",365,2011,74.61,75.94,75.37,80.88,72.97,81.3,77
"11323",1,2012,71.83,73.59,72.7,82.16,71.72,80.15,78.4
"11324",2,2012,69.14,69.6,69.68,76.57,68.27,75.72,73.24
"11325",3,2012,69.2,71.1,69.81,76.71,69.57,74.73,75.36
"11326",4,2012,72.7,82.24,72.24,84.26,75.85,83.21,82.57
"11327",5,2012,75.47,81.32,75.63,82.38,77.21,81.83,80.24
"11328",6,2012,71.47,77.07,71.49,79.39,73.89,79.06,77.62
"11329",7,2012,68.04,74.9,67.4,77.79,71.58,77.04,76.2
"11330",8,2012,65.03,69.85,64.77,73.56,67.22,71.97,72.07
"11331",9,2012,67.05,72.71,66.85,75.94,68.92,75.37,74.28
"11332",10,2012,69.93,75.98,69.97,81.65,72.37,80.89,78.05
"11333",11,2012,68.26,76.97,67.92,82.17,71.5,82.73,77.91
"11334",12,2012,69.37,78.29,67.98,85.26,71.79,85.26,79.5
"11335",13,2012,61.74,68.12,61.94,78.5,63.61,77.67,73.18
"11336",14,2012,60.21,67.64,59.4,80.04,62.02,78.26,73.71
"11337",15,2012,63.32,66.38,63.14,71.81,64.1,70.97,70.43
"11338",16,2012,65.61,72.31,65.63,78,67.12,76.18,75.65
"11339",17,2012,63.88,72.55,63.37,82.46,66.2,81.65,77.37
"11340",18,2012,59.7,68.58,59.84,78.85,62.51,78.18,74.48
"11341",19,2012,57.66,66.52,57.81,76.92,59.95,75.04,73.28
"11342",20,2012,53.91,62.77,53.47,76.77,57.53,73.5,72.87
"11343",21,2012,52.51,57.08,52.26,67.69,54.45,64.91,65.65
"11344",22,2012,55.06,56.34,56.3,63.98,55.04,62.45,63.55
"11345",23,2012,60.07,62.71,60.36,66.18,61.24,64.4,66.42
"11346",24,2012,63.19,68.62,62.62,72.18,64.9,72.51,69.6
"11347",25,2012,66.88,79.8,65.01,82.28,70.43,84.4,77.16
"11348",26,2012,58.34,72.43,58.02,80.67,62.61,81.14,75.07
"11349",27,2012,56.05,64.17,55.28,74.69,58.76,72.4,71.13
"11350",28,2012,61.53,69.3,60.41,77.46,62.28,76.8,72.14
"11351",29,2012,63.55,68.74,63.07,81.94,64.62,78.72,75.75
"11352",30,2012,60.59,69.21,59.28,81.84,64,79.39,75.49
"11353",31,2012,57.84,64.43,56.88,76.61,59.08,74.28,71.73
"11354",32,2012,55.76,62.4,55.8,77.17,57.37,74.36,72.06
"11355",33,2012,54.75,61.99,54.43,72.53,57.14,70.9,67.95
"11356",34,2012,52.41,57.67,52.09,69.83,53.89,67.68,65.78
"11357",35,2012,55.45,56.96,55.56,70.73,54.49,67.51,65.95
"11358",36,2012,71.59,77.25,69.77,84.69,72.91,84.05,80.08
"11359",37,2012,81.71,91.55,79.96,94.07,84.53,94.58,90.73
"11360",38,2012,81.41,88.98,80.55,90.04,81.65,91.58,86.37
"11361",39,2012,78,81.61,79.93,87.43,76.58,87.72,82.94
"11362",40,2012,73.31,79.35,74.59,85.07,74.96,84.67,81.57
"11363",41,2012,66.93,72.19,67.34,80.54,68.27,78.61,77.72
"11364",42,2012,63.5,67.55,63.35,72.44,64.99,71.45,71.72
"11365",43,2012,59.52,67.59,59.95,76.3,62.53,76.08,74.02
"11366",44,2012,58.07,64.59,59.1,73.66,60.82,73.12,72.23
"11367",45,2012,53.95,62.41,54.06,71.58,57.4,71.39,69.48
"11368",46,2012,51.64,56.7,51.98,64.06,53.99,63.84,62.33
"11369",47,2012,49.94,54.08,50.44,57.49,51.93,58.3,58
"11370",48,2012,51.23,54.93,52.43,63.94,53.76,61.29,64.07
"11371",49,2012,53.25,58.86,53.16,66.49,55.75,64.24,65.43
"11372",50,2012,53.25,59.05,52.79,67.7,55.49,66.98,66.32
"11373",51,2012,50.06,58.74,49.47,69.12,53.55,67.2,66.31
"11374",52,2012,47.91,53.63,48.52,63.5,51.58,62.43,60.93
"11375",53,2012,46.77,51,47.21,59.48,47.97,58.15,57.89
"11376",54,2012,49.37,49.92,49.54,57.96,49.49,56.32,56.7
"11377",55,2012,52.7,53.98,53.57,65.02,52.87,63.98,62.32
"11378",56,2012,58.53,67.66,59.87,77.87,60.66,76.98,73.8
"11379",57,2012,53.25,60.17,53.22,69.76,55.3,68.93,67.03
"11380",58,2012,50.39,53.06,51.16,63.37,50.41,60.51,60.93
"11381",59,2012,51.55,55.45,51.57,68.85,52.55,65.54,64.82
"11382",60,2012,49.62,53.97,50.61,66.37,51.41,62.33,64.61
"11383",61,2012,47.76,52.65,48.11,69.35,49.01,64.58,65.51
"11384",62,2012,65.6,71.28,65.84,81.64,64.63,80.62,75.45
"11385",63,2012,77.11,83.47,77.23,88.71,76.37,88.66,84.14
"11386",64,2012,68.29,70.07,69.9,81,68.54,77.66,77.4
"11387",65,2012,62.23,65.68,62.73,77.76,62.67,74.1,73.87
"11388",66,2012,59.03,65.55,58.6,79.57,59.81,76.31,74.53
"11389",67,2012,56.37,66.11,54.83,76.13,59.38,73.49,72.89
"11390",68,2012,52.15,58.14,51.44,72.65,53.22,68.76,69.51
"11391",69,2012,60.33,68.83,59.72,84.73,60.76,83.96,76.92
"11392",70,2012,79.47,93.74,77.03,96,82.78,95.77,91.41
"11393",71,2012,73.83,80.24,73.84,88.92,73.92,88.58,83
"11394",72,2012,82.33,88.5,82.89,92.31,83.18,92.24,87.82
"11395",73,2012,78.53,85.82,79.21,91.27,79.47,92.07,85.96
"11396",74,2012,68.08,76.12,68.51,85.8,69.28,86.67,79.9
"11397",75,2012,62.85,67.32,63.39,80.38,62.47,78.79,75.2
"11398",76,2012,61.08,69.12,61.78,81.49,61.4,80.73,75.96
"11399",77,2012,63.36,72.96,64.42,83.25,66.51,80.58,78.76
"11400",78,2012,65.6,78.87,66,85.1,68.14,83.22,81.52
"11401",79,2012,62.54,77.11,63.15,85.9,66.51,83.04,82.64
"11402",80,2012,66.43,80.71,64.95,87.45,69,86.4,83.1
"11403",81,2012,68.44,79.37,66.53,88.36,68.17,87.99,82.07
"11404",82,2012,71.68,82.29,69.69,87.61,71.63,85.28,83.86
"11405",83,2012,76.5,83.86,76.43,86.47,76.45,84.2,84.51
"11406",84,2012,74.02,83.06,73.99,87.02,75.91,85.14,84.94
"11407",85,2012,84.01,89.98,84.01,90.93,85.44,90.36,90.01
"11408",86,2012,75.43,85.33,76.75,90.66,78.65,91.8,85.86
"11409",87,2012,78.92,87.03,79.65,88.16,81.06,86.88,85.91
"11410",88,2012,85.28,91.82,85.06,90.77,87.41,88.92,88.52
"11411",89,2012,87.88,89.63,88.42,90.01,88.49,87.23,89.72
"11412",90,2012,87.42,87.77,88.45,92.56,87.8,90.49,90.35
"11413",91,2012,83.07,85.06,84.69,91.14,85.26,89.13,89.03
"11414",92,2012,82.79,85.76,83.22,90.13,82.74,89.13,85.63
"11415",93,2012,81.76,84.19,82.79,89.72,83.56,88.02,86.79
"11416",94,2012,78.62,77.92,81.08,82.23,79.44,79.51,81.24
"11417",95,2012,84.02,83.1,84.95,83.7,84.64,79.67,83.59
"11418",96,2012,85.25,82.95,86.36,87.38,84.77,83.53,86.2
"11419",97,2012,88.56,83.7,89.4,87.41,86.68,85.46,85.45
"11420",98,2012,93.62,96.29,92.89,96.17,93.91,94.39,95.19
"11421",99,2012,87.95,91.63,87.39,92.34,89.33,89.68,91.12
"11422",100,2012,91.55,96.51,90.5,96.9,91.92,96.32,95.54
"11423",101,2012,87.36,90.05,87.05,90.7,89.5,88.15,90.46
"11424",102,2012,86.82,87.86,86.35,88.25,86.6,86.16,87.52
"11425",103,2012,92.34,96.73,92.37,95.8,92.82,95.2,94.65
"11426",104,2012,88.87,90.22,89.56,90.8,88.49,89.09,91.58
"11427",105,2012,86.69,89.52,86.12,90.35,87.59,88.3,88.99
"11428",106,2012,88.06,92.43,87.54,92.71,89.84,91.72,90.26
"11429",107,2012,80.67,87.79,82.14,91,85.75,89.16,90.41
"11430",108,2012,78.34,79.66,80.5,85.21,79.25,82.77,83.46
"11431",109,2012,87.23,88.84,88.09,93.44,86.57,93.08,90.55
"11432",110,2012,92.84,96.05,91.54,95.04,91.8,95.14,93.72
"11433",111,2012,85.47,88.19,85.53,91.26,86.78,89.8,91.31
"11434",112,2012,89.79,95.24,90.17,94.81,90.07,94.12,92.6
"11435",113,2012,85.23,88.38,84.87,90.44,87.16,89.26,90.23
"11436",114,2012,85.1,87.05,84.77,90.63,85.21,89.76,88.48
"11437",115,2012,84.89,87.69,85.61,90.71,86.14,89.08,88.22
"11438",116,2012,86.15,89.83,86.31,89.6,86.5,88.29,87.09
"11439",117,2012,88.2,89.68,88.72,87.74,88.21,87.9,85.1
"11440",118,2012,82.27,81.69,82.71,82.94,81.58,81.12,82.36
"11441",119,2012,78.87,81.71,79.94,82.4,81.6,79.08,83.63
"11442",120,2012,84.07,86.75,85.47,87.27,84.87,86.02,87.55
"11443",121,2012,84.62,85.94,85.23,87.04,86.12,84.42,87.27
"11444",122,2012,89.68,95.39,90.41,94.08,91.75,94.11,91.72
"11445",123,2012,87.05,91.03,87.36,90.82,87.24,90.11,87.79
"11446",124,2012,86.38,92.56,86.45,94.03,84.92,95.85,87.92
"11447",125,2012,86.82,91.37,86.89,94.82,87.5,96.57,89.81
"11448",126,2012,89.48,94.98,88.13,95.14,88.88,96.39,90.79
"11449",127,2012,84.25,92.86,83.1,93.96,83.12,94.59,88.52
"11450",128,2012,89.24,95.45,87.93,96.44,89.01,97.72,93.05
"11451",129,2012,87,92.69,86.15,94.64,84.9,96.18,90.77
"11452",130,2012,86.62,92.43,85.19,94.06,85.46,95.59,89.06
"11453",131,2012,84.96,94.17,84.35,95.22,87.29,95.92,91.19
"11454",132,2012,87.89,94.95,87.42,94.99,91.04,93.85,92.34
"11455",133,2012,92.11,95.17,92,94.39,93.3,92.29,93.31
"11456",134,2012,84.28,88.53,85.26,91.15,85.76,89.82,87.75
"11457",135,2012,76.24,70.74,78.72,77.11,73.12,74.94,75.09
"11458",136,2012,75.64,71.5,78.21,75.46,73.4,73.25,75.66
"11459",137,2012,83.63,80.1,86.76,85.03,82.73,81.95,84.4
"11460",138,2012,85.43,84.95,86.42,88.15,86.19,86.77,85.76
"11461",139,2012,84.57,84.74,85.31,88.56,84.41,86.83,86.84
"11462",140,2012,89.49,94.21,89.66,93.92,91.34,93.47,93.24
"11463",141,2012,83.24,86.3,83.68,90,85.48,89,87.27
"11464",142,2012,81.87,83.04,82.4,85.83,82.01,83.59,84.29
"11465",143,2012,85.4,84.99,86.3,87.38,86.62,85.66,86.18
"11466",144,2012,89.19,91.61,89.4,90.69,89.43,90.58,88.62
"11467",145,2012,87.43,85.13,88.32,87.11,86.95,85.87,85.77
"11468",146,2012,87.7,85.28,88.27,85.39,85.33,84.84,83.48
"11469",147,2012,88.27,89.53,88.39,89.41,87.68,88.62,86.93
"11470",148,2012,84.17,84.37,84.62,84.63,84.14,84.22,82.81
"11471",149,2012,83.96,83.14,84.76,85.27,83.88,84.3,83.67
"11472",150,2012,87.07,89.08,87.34,87.12,87.53,86.21,85.03
"11473",151,2012,85.27,90.32,85.57,94.98,85.85,95.99,88.79
"11474",152,2012,91.75,96.31,90.47,95.29,90.81,97.42,90.84
"11475",153,2012,87.69,95.45,86.99,96.71,87.89,97.56,91.19
"11476",154,2012,89.65,93.55,88.81,92.73,90.83,91.31,90.47
"11477",155,2012,82.38,83.21,84.34,86.14,83.55,83.21,85.06
"11478",156,2012,77.32,71.54,79.67,74.23,75.22,72.61,76.06
"11479",157,2012,77.19,75.64,79.53,76.54,77.17,75.72,77.26
"11480",158,2012,82.56,80.03,83.98,81.68,81.45,79.95,79.45
"11481",159,2012,87.55,86.52,87.83,85,87.03,82.69,84.92
"11482",160,2012,94.83,97.71,94.49,93.98,94.56,93.57,91.98
"11483",161,2012,90.24,92.69,89.69,92.84,90.01,92.42,91.35
"11484",162,2012,91.92,97.94,90.69,98.83,93.12,99.45,96.04
"11485",163,2012,87.99,94.35,87.1,95.81,86.01,96.94,90.52
"11486",164,2012,85.48,89.9,84.72,93.24,83.32,94.52,87.29
"11487",165,2012,91.55,94.98,91.39,95.51,92.15,95,92.46
"11488",166,2012,88.24,93.82,87.73,93.29,90.6,92.83,92.2
"11489",167,2012,83.58,90.05,83.45,90.25,85.55,89.75,88.29
"11490",168,2012,90.25,95.01,88.63,94.63,90.09,95.33,91.55
"11491",169,2012,90.67,94.39,89.97,94.53,91.6,94.91,91.52
"11492",170,2012,85.25,89.18,84.72,91.67,86.72,91.09,88.68
"11493",171,2012,80.44,79.67,81.36,81.71,80.9,80.02,82.12
"11494",172,2012,81.03,83.55,82.36,84.15,82.5,84.3,83.28
"11495",173,2012,86.18,88.35,86.66,89.25,86.35,89.6,84.94
"11496",174,2012,81.75,78.93,82.88,77.36,80.05,80.63,71.26
"11497",175,2012,84.49,85.86,84.84,82.08,84.01,83.02,79.37
"11498",176,2012,88.95,92.63,88.6,89.64,89.43,90.35,87.22
"11499",177,2012,87.28,91.12,87.53,93.81,87.74,92.87,90.19
"11500",178,2012,87.93,89.79,86.5,88.91,86.88,87.09,86.1
"11501",179,2012,89.81,93.45,90.46,93.64,90.64,94.41,90.35
"11502",180,2012,81.26,81.84,82.91,84.6,81.6,85.63,83.55
"11503",181,2012,79.89,77.63,81.92,80.12,79.78,78.2,80.27
"11504",182,2012,83.9,82.26,85.86,83.4,83.99,81.22,82.74
"11505",183,2012,89.33,94.1,88.92,92.34,89.46,91.34,90.23
"11506",184,2012,86.41,90.38,86.23,90.26,88.1,88.79,87.89
"11507",185,2012,87.27,94.23,86.58,94.94,89.16,94.83,90.99
"11508",186,2012,88.73,93.43,86.96,93.84,89.37,93.11,90.16
"11509",187,2012,84.76,85.9,84.62,89.45,84.67,87.91,87.73
"11510",188,2012,86.82,88.59,86.1,88.89,87.47,87.59,86.87
"11511",189,2012,90.8,92.36,90.58,92.32,90.98,92.82,90.35
"11512",190,2012,85.53,89.59,86.08,89.96,86.16,91.32,87.43
"11513",191,2012,87.77,91.66,88.19,91.73,88.46,92.68,88.81
"11514",192,2012,89.94,90.37,89.95,87.64,89.34,87.85,89.09
"11515",193,2012,89.34,91.18,90.58,91.44,92.08,89.83,93.92
"11516",194,2012,93.4,94.82,93.49,89.71,94.47,87.77,92.02
"11517",195,2012,89.34,93.87,88.47,91.54,90.39,90.99,91.34
"11518",196,2012,86.41,85.83,86.61,87.24,85.62,86.55,86.45
"11519",197,2012,88.08,90.71,88.12,84.92,89.22,84.55,87.05
"11520",198,2012,90.16,96.19,89.01,92.41,91.65,93.69,91.95
"11521",199,2012,89.48,95.19,87.75,95.26,88.55,96.55,91.44
"11522",200,2012,91.63,94.38,91.13,93.84,90.61,95.6,88.75
"11523",201,2012,89.44,91.39,90.47,93.2,87.74,95.36,88.1
"11524",202,2012,79.39,81.72,81.14,90.79,78.65,91.65,86.68
"11525",203,2012,83.52,85.17,83.97,91.63,81.72,92.91,86.36
"11526",204,2012,79.95,84.02,80.91,89.41,82.49,87.48,86.4
"11527",205,2012,85.48,84.83,87.04,85.55,87.28,84.3,83.67
"11528",206,2012,92.36,96.69,90.71,95.54,93.28,94.57,93.95
"11529",207,2012,84.84,86.66,84.82,86.06,84.09,88.61,83.73
"11530",208,2012,89.43,93.98,88.9,92.96,89.05,93.59,89.88
"11531",209,2012,90.83,96.64,89.82,95.93,92.75,95.17,94.87
"11532",210,2012,90.87,96.64,90.13,97.35,90.91,98.01,94.53
"11533",211,2012,82.84,86.69,84.12,87.86,84.68,87.07,87.2
"11534",212,2012,85.63,89.93,86.36,90.2,86.86,88.66,89.14
"11535",213,2012,85.36,88.82,85.78,91.54,84.53,90.14,88.07
"11536",214,2012,83.16,90.04,83.42,93.57,84.43,93.84,89.16
"11537",215,2012,80.43,83.14,81.01,88.32,81.47,87.25,84.8
"11538",216,2012,86.07,90.36,86.88,92.88,86.69,91.63,90.62
"11539",217,2012,88.72,93.37,88.07,93.23,89.75,91.92,91.97
"11540",218,2012,90.4,95.48,89.45,95.9,90.2,97.94,91.74
"11541",219,2012,89.05,93.1,89.51,95.54,87.49,97.58,89.84
"11542",220,2012,82.76,87.7,83.32,89.39,84.65,89.53,87.34
"11543",221,2012,82.4,86.74,81.55,89.7,81.86,90.2,85.27
"11544",222,2012,82.98,92.32,79.78,94.32,82.32,96.96,86.15
"11545",223,2012,82.28,86.1,83.73,89.71,83.34,90.65,84.99
"11546",224,2012,78.67,83.08,78.87,89.2,79.52,88.22,84.38
"11547",225,2012,86.81,88.11,87.29,86.75,84.77,85.71,85.73
"11548",226,2012,88.98,94.99,87.94,93.82,88.19,94.01,89.33
"11549",227,2012,92.85,98.44,92.02,98.49,93.63,98.37,96.29
"11550",228,2012,84.04,86.89,84.14,87.91,84.38,88.38,85.57
"11551",229,2012,78.48,80.49,79.7,81.74,79.76,80.51,81.4
"11552",230,2012,86.52,90.5,87.47,84.61,88.7,82.38,88.33
"11553",231,2012,89.26,88.11,90.31,86.04,89.13,86.31,85.47
"11554",232,2012,85.74,86.83,85.62,88.69,86.71,88.44,85.7
"11555",233,2012,83.61,88.3,83.37,89.42,85.78,90.9,85.76
"11556",234,2012,86.89,86.82,87.32,89.08,86.17,88.57,87.73
"11557",235,2012,85.33,90.83,85.97,92.14,86.01,92.18,88.93
"11558",236,2012,83.1,85.93,82.92,90.53,82.75,89.39,87.3
"11559",237,2012,84.15,91.66,82.79,93.84,84.97,94.91,87.95
"11560",238,2012,85.49,93.22,84.67,95.64,88.13,96.02,91.03
"11561",239,2012,90.93,96.24,89.39,93.96,89.13,95.05,89.29
"11562",240,2012,88.21,91.93,87.45,93.86,86.77,94.77,88.07
"11563",241,2012,82.52,87.61,82.55,91.33,83.68,92.68,84.81
"11564",242,2012,81.47,87.87,82.12,90.36,81.8,91.56,84.19
"11565",243,2012,84.62,88.91,85.35,88.76,83.82,89.65,84.72
"11566",244,2012,86.51,92.58,86.04,90.85,87.33,91.62,86.85
"11567",245,2012,82.52,87.8,81.38,87.96,82.62,87.7,83.5
"11568",246,2012,82.53,88.69,82.34,90.35,83.19,91.11,84.59
"11569",247,2012,87.4,88.21,86.34,86.55,85.37,87.31,82.3
"11570",248,2012,82.34,84.68,82.11,87.01,80.37,86.42,82.77
"11571",249,2012,86.53,93.43,85.39,92.89,87.44,94.04,87.87
"11572",250,2012,84.5,90.07,83.91,91.26,85.29,91.83,87.26
"11573",251,2012,82.7,87.06,82.65,88.16,84.45,89.07,84.95
"11574",252,2012,85,88.72,85.77,89.59,86.27,89.75,85.86
"11575",253,2012,85.95,86.21,86.05,84.95,87.62,84.8,83.82
"11576",254,2012,84.99,85.13,85.9,84.89,84.69,83.66,84.18
"11577",255,2012,85.45,91.17,86.4,91.58,87.48,91.69,89.48
"11578",256,2012,85.32,88.94,85.25,91.75,87.09,89.87,88.72
"11579",257,2012,88.89,92.71,88.56,93.93,88.98,95.03,88.15
"11580",258,2012,83.64,87.08,83.19,88.01,82,90.77,82.02
"11581",259,2012,83.77,87.67,83.7,86.87,84.65,87.85,82.96
"11582",260,2012,82.4,84.57,82.79,83.83,83.86,84.21,81.39
"11583",261,2012,83.39,87.52,84.09,88.89,85.27,88.98,85.27
"11584",262,2012,80.87,86.13,80.98,88.25,83.09,87.17,85.16
"11585",263,2012,79.48,80.36,80.94,81.22,80.2,78.94,81.04
"11586",264,2012,79.01,77.38,79.82,75.9,78.27,73.81,77.37
"11587",265,2012,81.7,82.11,81.7,83.78,83.4,81.19,83.6
"11588",266,2012,86.03,88.81,85.5,87.7,84.25,87.18,82.63
"11589",267,2012,82.84,78.92,83.34,82.3,80.08,79.66,79.85
"11590",268,2012,87.44,89.14,87.85,88.47,88,85.68,88.67
"11591",269,2012,86.76,91.85,85.37,91.46,86.84,91.88,87.83
"11592",270,2012,79.52,79.99,79.63,86.02,79.42,85.27,82.15
"11593",271,2012,86.73,86.53,87.25,89.56,85.28,89.56,84.73
"11594",272,2012,83.71,91.9,82.44,93.58,83.75,94.89,87.66
"11595",273,2012,85.52,91.94,84.58,95.12,87.66,94.85,89.54
"11596",274,2012,85.78,85.95,86.26,88.25,85.13,89.31,83.96
"11597",275,2012,85.76,86.63,85.58,86.95,85.46,86.67,84.79
"11598",276,2012,84.01,83.99,83.88,83.67,84.38,81.54,83.28
"11599",277,2012,78.94,73.96,81.02,76.09,76.61,75.19,76.34
"11600",278,2012,78.44,78.13,79.96,80.13,78.04,78.32,80.37
"11601",279,2012,83.49,86.95,83.43,86.24,84.75,83.42,87.27
"11602",280,2012,87.46,92.43,87.05,91,87.96,91.25,90.07
"11603",281,2012,86.69,90.08,87.11,89.63,86.84,88.98,86.43
"11604",282,2012,86.05,88.19,87.56,87.66,87.25,89.34,85.02
"11605",283,2012,82.89,81.43,83.6,79.8,81.94,81.24,77.89
"11606",284,2012,79.92,75.76,81.14,75.14,77.87,74.18,77.07
"11607",285,2012,77.42,78.9,78.97,73.45,78.47,73.71,76.97
"11608",286,2012,82.52,85.09,82.91,83.36,83.58,81.11,84.59
"11609",287,2012,85.52,90.1,85.63,93,86.04,91.97,90.73
"11610",288,2012,87.56,93.56,86.37,95.44,87.77,96.24,91.9
"11611",289,2012,86.97,89.96,85.91,91.21,86.54,90.43,90.47
"11612",290,2012,89.89,93.13,89.03,93.1,90.71,92.37,91.59
"11613",291,2012,83.07,84.66,83.4,86.9,83.06,85.95,86.72
"11614",292,2012,83.02,83.46,82.86,81.3,83.94,78.97,84.69
"11615",293,2012,89.05,92.24,88.06,86.3,89.07,85.48,88.47
"11616",294,2012,85.61,88.94,85.68,87.79,85.72,86.34,88.44
"11617",295,2012,86.97,93.31,85.95,93.58,89.04,91.82,91.7
"11618",296,2012,83.08,86.6,83.28,92.18,83.94,91.11,88.76
"11619",297,2012,81.65,81.52,82.18,90.58,80.18,89.58,86.92
"11620",298,2012,81.29,80.08,81.63,87.23,79.6,88.69,82.81
"11621",299,2012,82.16,81.48,82.86,82.09,81.19,84.61,78.96
"11622",300,2012,85,87,85.58,87.82,85.64,87.92,86.29
"11623",301,2012,80.18,80.52,81.66,81.81,80.28,81.6,81.16
"11624",302,2012,77.11,77.25,77.95,78.79,77.73,79.75,76.65
"11625",303,2012,83.93,85.99,85.01,88.12,84.72,87.43,85.94
"11626",304,2012,86.73,84.55,87.37,87.72,85.52,87.82,84.84
"11627",305,2012,83.13,80.19,84.04,81.86,81.03,79.25,81.38
"11628",306,2012,81.4,79.96,82.6,79.02,80.98,76.87,79.58
"11629",307,2012,81.21,81,81.9,82.3,80.97,80.01,82.18
"11630",308,2012,82.72,82.01,83.31,79.67,81.17,79.32,80.41
"11631",309,2012,81.14,82.77,81.96,81.27,81.77,79.83,81.89
"11632",310,2012,85.5,88.71,86.19,88.81,87.02,87.3,87.79
"11633",311,2012,83.03,79.61,84.37,81.79,81.84,81.01,80.92
"11634",312,2012,80.47,76.48,80.91,75.56,79.64,74.07,76.89
"11635",313,2012,79.91,79.89,80.55,75.48,79.29,75.86,77.16
"11636",314,2012,80.78,81.46,81.37,75.56,80.71,75.66,77.65
"11637",315,2012,77.58,74.71,78.1,72.42,76.86,71.42,74.66
"11638",316,2012,78.58,77,79.91,76.45,77.67,74.83,76.74
"11639",317,2012,81.26,80.12,81.78,83.69,79.75,82.05,81.16
"11640",318,2012,87.94,89.37,88.26,86.47,88.72,84.33,87.44
"11641",319,2012,89.34,91.2,88.94,87.88,89.33,85.43,88.45
"11642",320,2012,86.68,90.92,86.33,88.88,87.04,87.34,88.75
"11643",321,2012,86.36,86.03,85.7,83.85,85.3,81.75,83.33
"11644",322,2012,83.12,83.84,82.62,82.43,82.86,79.47,82.87
"11645",323,2012,79.5,78.58,80.34,78.38,78.14,75.47,79.02
"11646",324,2012,75.99,74.15,77.16,70.61,75.66,70.03,72.54
"11647",325,2012,72.44,72.29,73.9,68.84,72.79,67.8,70.6
"11648",326,2012,73.8,72.88,74.22,73.35,73.78,70.94,73.73
"11649",327,2012,76.81,76.25,77.04,74.66,77.2,71.3,76.03
"11650",328,2012,78.37,74.82,78.54,70.02,77.03,68.52,72.94
"11651",329,2012,73.82,70.95,74.82,67.77,72.87,66.67,70.31
"11652",330,2012,75.87,72.01,76.68,69.26,72.65,68.29,70.62
"11653",331,2012,77.43,72.91,79.85,80.16,71.98,77.75,75.88
"11654",332,2012,76.38,73.63,77.44,76.92,73.52,75.65,74.31
"11655",333,2012,69.92,66.46,71.72,67.29,69,65.93,68.14
"11656",334,2012,70.7,69.98,72.16,69.09,69.64,67.72,70.37
"11657",335,2012,68.84,67.26,70.61,71.08,68.15,69.34,70.38
"11658",336,2012,66.06,66.7,67.66,71.84,66.17,69.49,71.75
"11659",337,2012,66.35,67.84,68.33,73.61,67.46,70.31,74.52
"11660",338,2012,66.56,70.47,67.58,76.74,68.8,71.75,77.56
"11661",339,2012,64.2,66.4,65.37,75.45,64.55,70.53,75.57
"11662",340,2012,66.42,68.1,68.09,70.91,67.36,68.1,72.45
"11663",341,2012,68.04,70.39,69.52,73.47,68.89,71.01,74.52
"11664",342,2012,71.82,74.59,71.23,77.19,73.35,74.73,76.64
"11665",343,2012,70.57,72.11,69.4,75.71,71.21,73.62,73.58
"11666",344,2012,70.51,66.11,71.15,73.29,67.72,70.93,71.93
"11667",345,2012,70.66,65.24,71.56,71.47,67.05,68.65,70.11
"11668",346,2012,73.42,71.89,74.4,73.02,73.25,70.54,73.67
"11669",347,2012,70.58,71.29,70.9,72.7,71.36,69.93,72.98
"11670",348,2012,73.51,74.89,72.95,74.76,73.71,72.56,75.24
"11671",349,2012,72.9,73.4,72.49,72.9,73.57,70.47,73.61
"11672",350,2012,69.57,73.77,69.89,80.45,72.75,78.74,79.29
"11673",351,2012,64.16,64.91,64.42,74.41,65.47,69.91,74.18
"11674",352,2012,63.5,64.09,63.37,66.12,64.2,63.7,66.98
"11675",353,2012,62.02,61.66,62.55,68.26,61.6,65.82,67.96
"11676",354,2012,71.05,70.56,72.38,81.62,68.37,79.44,75.83
"11677",355,2012,69.74,67.3,70.11,73.86,66.91,71.48,71.35
"11678",356,2012,66.15,67.52,66.54,76.32,66.02,72.98,73.29
"11679",357,2012,67.03,66.99,68.25,78.43,65.03,74.72,74.34
"11680",358,2012,84.52,88.86,85.7,91.65,85.2,89.36,90.19
"11681",359,2012,85.1,87.59,85.4,91.45,85.34,90.16,89.38
"11682",360,2012,82.51,84.19,82.88,86.3,82.66,85.7,84.77
"11683",361,2012,77.5,75,78.88,81.29,75.51,78.89,79.16
"11684",362,2012,68.44,67.16,69.78,76.29,67.8,73.56,72.5
"11685",363,2012,65.25,61.28,67.4,69.1,62.74,66.49,68.05
"11686",364,2012,68.01,68.77,68.8,74.72,67.23,74.01,72.29
"11687",365,2012,66.4,65.01,67.66,72.64,63.94,70.7,70.63
"11688",366,2012,67.04,66.08,67.51,74.02,65.75,71.87,70.85
"11689",1,2013,65.79,67.07,65.96,75.95,64.82,74.78,71.95
"11690",2,2013,65.17,67.79,65.39,76.63,64.66,75.21,72.48
"11691",3,2013,60.12,64.18,60.18,75.03,60.91,73.21,70.89
"11692",4,2013,57.87,61.31,57.39,72.49,59.12,70.51,68.7
"11693",5,2013,58.08,58.99,58.26,68.54,57.42,66.44,65.62
"11694",6,2013,57.35,56.79,57.43,65.29,55.2,62.84,62.44
"11695",7,2013,58.06,56.21,58.76,66.23,55.95,63.16,63.4
"11696",8,2013,56.44,58.12,56.12,65.43,55.9,63.35,62.44
"11697",9,2013,56,58.85,55.75,70.3,55.86,68.37,65.3
"11698",10,2013,53.41,57.19,52.94,69.61,54.06,66.91,65.25
"11699",11,2013,52.33,55.18,52.07,67.74,53.15,64.36,64.43
"11700",12,2013,52.23,53.13,52.16,62.17,52.14,60.02,60.26
"11701",13,2013,53.88,59.29,53.05,69.69,55.75,67.18,66.78
"11702",14,2013,56.88,63.07,56.4,77.05,58.71,73.25,74.52
"11703",15,2013,54.3,60.24,54.24,74.43,56.6,70.14,71.82
"11704",16,2013,52.09,55.81,52.46,72.11,53.47,67.33,68.87
"11705",17,2013,52.48,56.08,52.89,71.02,53.55,66.91,67.48
"11706",18,2013,55.39,63.24,55.39,75.44,57.15,71.89,72.12
"11707",19,2013,58.76,66.04,57.84,77.63,60.98,75.23,73.32
"11708",20,2013,54.73,64.79,53.4,80.02,58.76,77.61,73.42
"11709",21,2013,54.4,63.67,53.85,79.33,57.6,76.81,73
"11710",22,2013,54.66,63.89,53.85,80.34,56.93,77.68,73.89
"11711",23,2013,56.2,63.46,55.62,79.78,58.23,75.84,74.64
"11712",24,2013,53.53,64.73,53.18,82.96,58.12,78.76,78.41
"11713",25,2013,50.58,57.07,50.37,71.86,52.51,67.78,69.31
"11714",26,2013,51.59,55.24,51.6,70.58,53.03,65.66,66.95
"11715",27,2013,49.51,52.59,49.89,70.18,50.88,64.6,66.69
"11716",28,2013,49,51.8,49.66,68.65,49.53,63.29,65.1
"11717",29,2013,51.77,57.55,52.72,74.99,53.43,70.28,70.24
"11718",30,2013,52.04,59.38,52.28,76.81,54.71,74.2,70.96
"11719",31,2013,53.13,63.13,53.41,80.79,55.71,78.24,74.21
"11720",32,2013,53.65,60.74,53.82,76.02,55.71,72.49,71.81
"11721",33,2013,49.48,55.01,50.05,74.79,50.88,70.43,69.14
"11722",34,2013,46.2,53.19,46.9,71.71,49.24,67.87,66.98
"11723",35,2013,47.45,51.94,47.96,69.3,48.57,65.5,65.99
"11724",36,2013,50.37,56.05,50.39,74.6,51.09,70.87,70.13
"11725",37,2013,50.18,56.2,51.18,71.84,52.07,68.1,69.75
"11726",38,2013,60.59,60.71,63.04,71.09,59.54,68.73,68.31
"11727",39,2013,64.1,70.59,63.68,79.15,64.88,77.38,75.57
"11728",40,2013,59.72,70.81,59.18,84.63,61.52,83.78,80.17
"11729",41,2013,55.46,62.45,55.14,75.91,55.29,73.66,72.74
"11730",42,2013,53.17,57.6,53.62,70.76,52.77,67.82,68.16
"11731",43,2013,47.91,54.33,49.15,70.03,48.99,66.5,66.22
"11732",44,2013,46.31,52.96,46.53,67.64,48.9,62.74,65.55
"11733",45,2013,45.25,47.3,46.73,63.31,45.32,58.36,61.36
"11734",46,2013,52,53.77,52.48,67.57,51.29,63.61,64.04
"11735",47,2013,54.5,61.48,55.41,77.47,56.02,73.07,72.36
"11736",48,2013,52.93,58.37,55.49,75.71,55.13,70.22,73.16
"11737",49,2013,51,54.68,52.3,70.03,51.46,65.82,68.36
"11738",50,2013,53.41,57.43,53.3,71.91,54.02,66.99,68.71
"11739",51,2013,54.53,60.22,54.26,76.06,56.54,72.05,71.76
"11740",52,2013,51.17,58.06,51.05,77.26,52.98,71.94,72.3
"11741",53,2013,50.76,52.65,51.36,68.53,51.18,63.41,65.13
"11742",54,2013,52.59,53.59,54.22,67.4,53.5,62.33,65.1
"11743",55,2013,55.67,58.15,59.46,75.88,57.09,69.94,72.43
"11744",56,2013,52.35,57.09,54.44,73.72,54.95,68.03,70.94
"11745",57,2013,49.34,54.8,50.63,74.52,51.31,68.37,69.71
"11746",58,2013,51.36,55.79,52.43,74.72,52.27,69.81,69.24
"11747",59,2013,63.2,67.68,66.72,80.35,64.79,76.99,75.16
"11748",60,2013,61.94,63.95,67.31,79.85,62.81,77.24,74.67
"11749",61,2013,50.37,56.07,54.22,72.63,54.69,69.51,68.84
"11750",62,2013,50.96,53.62,56.36,69.61,56.3,65.48,66.1
"11751",63,2013,64.39,62.47,71.08,76.92,69.47,72.51,73.33
"11752",64,2013,64.57,64.7,70.92,73.85,69.48,70.42,72.73
"11753",65,2013,63.66,61.57,70.08,72.79,67.89,67.7,71.91
"11754",66,2013,59.57,59.45,64.51,73.72,62.55,68.84,71.69
"11755",67,2013,55.38,56.25,61.05,71.11,59.26,66.46,69.08
"11756",68,2013,63.45,59.78,67.97,70.56,64.61,66.92,68.31
"11757",69,2013,68.98,67.69,70.76,79.37,70.57,74.74,77.01
"11758",70,2013,62.81,61.9,65.71,75.53,65.54,70.67,73.29
"11759",71,2013,64.78,67.26,67.51,81.19,67.65,76.84,77.68
"11760",72,2013,64.04,68.07,65.36,79.81,66.19,75.61,76.41
"11761",73,2013,55.46,60.31,55.62,75.64,57.37,71.18,72.71
"11762",74,2013,57.1,68.46,56.88,81.01,60.55,77.39,75.79
"11763",75,2013,59.69,66.55,62.15,81.93,62.09,77.88,76.6
"11764",76,2013,71.56,76.81,72.99,87.16,72.23,84.7,83.39
"11765",77,2013,73.11,75.54,76.79,85.88,73.5,82.89,83.53
"11766",78,2013,68.8,68.11,72.08,79.89,69.41,75.47,79.71
"11767",79,2013,61.52,63.86,63.49,76.08,62.82,72.62,75.45
"11768",80,2013,54.77,60.64,55.32,75.83,55.89,71.02,73.87
"11769",81,2013,53.76,59.76,54.94,73.12,53.79,70.37,71.34
"11770",82,2013,77,81.03,79.3,82.84,78,81.19,83.31
"11771",83,2013,76.79,74.72,78.35,76.97,74.7,76.21,76.52
"11772",84,2013,65.21,67.8,66.11,76.12,66.16,72.57,74.94
"11773",85,2013,53.33,60.07,53.74,73.44,55.53,69.34,71.05
"11774",86,2013,52.44,53.78,54.68,65.63,53.72,61.22,65.47
"11775",87,2013,61.55,57.55,66.84,70.75,60.79,64.48,69.86
"11776",88,2013,83.18,73.4,85.64,77.23,79.05,72.97,76.73
"11777",89,2013,83.27,84.12,83.8,89.36,82.47,86.51,87.11
"11778",90,2013,73.37,69.24,76.9,76.2,73.92,71.83,74.47
"11779",91,2013,62.4,61.59,66.24,72.15,63.79,67.95,70.36
"11780",92,2013,62.17,61.24,65.61,73.37,63.93,68.95,70.75
"11781",93,2013,58.61,60.25,61.7,72.59,61.37,68.37,71.6
"11782",94,2013,62.16,57.82,67.56,67.94,64.12,62.78,69.54
"11783",95,2013,63.9,59.27,69.46,69.49,64.63,64.2,69.39
"11784",96,2013,65,62.06,69.64,75.8,66.63,69.6,73.15
"11785",97,2013,62.62,62.7,67.04,76.56,63.53,72.23,73.8
"11786",98,2013,59.4,64.17,62.73,76.59,62.25,72.93,73.14
"11787",99,2013,56.08,60.03,59.5,74.14,59.16,69.55,70.64
"11788",100,2013,60.01,60.31,64.73,74.89,62.84,69.86,70.81
"11789",101,2013,57.4,59.31,61.61,78.6,61.2,71.56,73.33
"11790",102,2013,49.73,56.57,53.16,75.89,53.63,70.19,71.81
"11791",103,2013,54.37,57.96,58.41,75.39,56.76,69.38,71.26
"11792",104,2013,77.13,79.36,79.45,86.96,78.86,84.12,83.48
"11793",105,2013,78.64,80.74,81.88,84.52,80.88,81.02,82.28
"11794",106,2013,81.77,78.71,84.01,82.14,82.17,77.83,82
"11795",107,2013,81.98,82.99,82.98,89.35,83.1,87.74,86.1
"11796",108,2013,86.39,90.31,86.24,92.39,88.24,90.96,89.38
"11797",109,2013,91.13,96.9,90.85,98.02,93.48,97.95,95.96
"11798",110,2013,84.58,90.87,84.93,92.22,88.15,90.17,90.84
"11799",111,2013,82.88,91.83,83.86,93.82,87.75,91.92,92.86
"11800",112,2013,82.88,85.34,84,89.57,83.82,87.19,89.81
"11801",113,2013,86.74,93.93,85.99,93.29,88.99,92.31,93.44
"11802",114,2013,87.03,91.7,86.89,91.51,87.43,90.47,90.2
"11803",115,2013,83.08,88.29,82.04,91.31,80.77,89.89,89.32
"11804",116,2013,77.69,81.11,77.51,87.36,77.17,85.09,84.56
"11805",117,2013,77.92,80.79,77.78,86.14,78.65,84.71,83.66
"11806",118,2013,88.38,93.7,88,93.44,89.93,92.48,92.66
"11807",119,2013,88.71,93.79,88.82,96.14,89.15,94.07,95.45
"11808",120,2013,85.24,86.64,86.6,90.5,82.9,89.03,88.94
"11809",121,2013,90.08,93.72,89.32,94.64,89.23,95.15,91.56
"11810",122,2013,86.28,88.16,86.26,89.07,87.5,87.78,88.89
"11811",123,2013,89.27,88.82,89.13,91.4,86.81,89.84,90.55
"11812",124,2013,86.36,90.24,86.16,92.99,86.88,91.71,91.02
"11813",125,2013,90.67,95.12,90.25,96.41,91.5,96.62,94.88
"11814",126,2013,86.88,90.48,84.91,88.65,84.7,87.82,89.39
"11815",127,2013,94.29,97.86,93.2,96.96,93.88,96.78,96.43
"11816",128,2013,90.92,92.08,89.56,88.59,88.13,90.26,87.95
"11817",129,2013,90.76,90.97,90.45,92.3,88.59,91.11,90.35
"11818",130,2013,83.87,84.11,84.76,86.72,83.67,84.9,85.31
"11819",131,2013,75.72,75.44,76.16,76.79,75.97,75.33,77.28
"11820",132,2013,74.58,73.15,77.15,72.17,75.59,70.95,75.1
"11821",133,2013,85.52,85.11,86.82,86.61,84.85,85.61,86.78
"11822",134,2013,83.54,83.21,85.06,89.03,82.85,87.37,86.83
"11823",135,2013,77.63,73.42,80.35,77.4,75.54,73.48,78.18
"11824",136,2013,82.61,79.96,85.8,83.21,82.1,78.86,82.95
"11825",137,2013,85.14,83.8,87.76,85.92,84.98,82.37,87.27
"11826",138,2013,86.12,89.67,85.83,89.45,84.09,88.43,87.71
"11827",139,2013,87.75,88.34,88.45,88.76,86.49,87.56,86.88
"11828",140,2013,90.65,92.76,91.48,93.76,91.21,92.55,92.95
"11829",141,2013,90.9,96.39,89.43,96.95,92.28,96.11,95.2
"11830",142,2013,91.9,93.11,91.42,93.62,92.07,93.09,91.69
"11831",143,2013,89.97,94.5,88.91,95.6,90.59,94.97,93.99
"11832",144,2013,82.42,81.72,83.16,87.01,81.43,85.51,85.33
"11833",145,2013,81.75,82.71,82.49,81.67,81.82,79.59,83.5
"11834",146,2013,86.95,88.15,88.71,82.52,88.17,81.81,85.33
"11835",147,2013,89.32,91.1,89.78,89.27,89.88,87.18,90.65
"11836",148,2013,90.19,92.2,89.66,93.18,88.43,93.92,89.33
"11837",149,2013,85.35,81.39,85.57,83.79,84.05,82.5,82.69
"11838",150,2013,88.4,83.23,88.19,81.84,87.17,80.03,82.79
"11839",151,2013,91.92,90.73,91.43,91.4,90.79,90.32,89.44
"11840",152,2013,90.37,90.37,89.74,91.22,89.41,91.51,88.67
"11841",153,2013,87.22,90.83,87.7,92.98,87.99,91.24,90.83
"11842",154,2013,87.41,92.3,87.44,92.61,89.8,92.58,89.4
"11843",155,2013,86.64,91.43,86.53,91.89,88.19,93.57,88.06
"11844",156,2013,87.73,90.34,86.86,91.81,87.18,91.62,87.99
"11845",157,2013,90.06,89.52,89.5,89.26,90.63,87.23,90.48
"11846",158,2013,91.55,93.18,91.27,93.59,89.29,94.78,90.06
"11847",159,2013,85.45,86.08,86.34,90.17,85.54,88.99,86.79
"11848",160,2013,85.31,90.37,85.46,93.86,88.2,92.14,90.99
"11849",161,2013,88.16,91.35,88.03,87.58,90.15,87.28,87.83
"11850",162,2013,89.38,95.68,88.53,94.37,90.78,94.7,92.39
"11851",163,2013,88.03,91.33,87.93,92.42,88.2,91.36,89.24
"11852",164,2013,91.79,95.85,91.14,93.96,92.84,92.36,94.05
"11853",165,2013,91.69,96.21,89.62,93.66,91.75,94.26,91.63
"11854",166,2013,85.79,90.48,86.02,94.86,87.71,95.8,89.46
"11855",167,2013,83.07,82.83,83.45,85.58,82.18,85.71,83.19
"11856",168,2013,80.09,79.69,80.18,79.9,79.61,78.06,80.06
"11857",169,2013,89.04,92.24,89.71,92.77,90.01,92.54,89.3
"11858",170,2013,86.98,89.05,87.24,90.54,85.69,90.46,85.79
"11859",171,2013,86.37,85.74,85.77,87.41,86.9,87.25,83.6
"11860",172,2013,84.96,81.75,86.44,88.36,82.22,87.8,84.56
"11861",173,2013,80.7,79.21,82.8,84.5,78.93,84.26,82.26
"11862",174,2013,88.67,89.73,89.02,89.13,88.53,87.14,88.6
"11863",175,2013,90.13,91.31,90.64,93.31,90.53,91.25,92.23
"11864",176,2013,87.34,89.09,87.24,90.81,87.12,90.66,88.82
"11865",177,2013,84.18,81.37,84.6,82.67,81.3,81.78,81.4
"11866",178,2013,87.15,90.13,87.09,89.34,89.14,88.79,88.83
"11867",179,2013,88.59,94.35,88.17,94.29,90.06,94.3,91.72
"11868",180,2013,84.77,86.88,84.45,88.05,84.9,89.11,84.51
"11869",181,2013,85.68,92.42,84.21,89.36,86.7,89.03,87.56
"11870",182,2013,92.05,94.33,91.71,90.88,92.42,91.25,90.02
"11871",183,2013,83.06,81.68,84.21,83.84,83.64,84.17,81.75
"11872",184,2013,77.26,71.71,78.5,72.11,76.23,71.44,74.25
"11873",185,2013,79.64,79.74,80.8,75.21,80.66,75.72,77.67
"11874",186,2013,86.75,86.51,86.66,86.37,87.17,85.14,87
"11875",187,2013,86.06,85.14,86.28,86.3,85.74,86.41,85.66
"11876",188,2013,83.12,83.2,84.41,89.1,82.77,87.43,87.15
"11877",189,2013,84.22,87.48,85.12,86.69,85.84,86.69,84.85
"11878",190,2013,92.25,94.61,92.42,90.62,91.86,90.52,89.09
"11879",191,2013,86.19,90.61,85.87,93.66,86.53,93.28,90.22
"11880",192,2013,80.48,84.33,81.05,88.79,82.7,87.73,84.99
"11881",193,2013,78.2,75.85,80.79,73.95,78.94,72.73,77.08
"11882",194,2013,80.06,76.58,82.29,74.56,81.65,72.67,78.48
"11883",195,2013,84.86,85.47,84.5,83.68,85.8,80.82,84.39
"11884",196,2013,86,90.49,85.86,92.58,87.08,93.66,88.38
"11885",197,2013,86.84,91.64,86.96,94.06,86.41,95.55,88.58
"11886",198,2013,86.38,90.7,85.74,92.88,87.39,92.51,90.19
"11887",199,2013,85.02,86.19,84.77,89.83,85.52,87.41,87.63
"11888",200,2013,89.11,90.82,88.76,86.71,88.55,86.61,86.5
"11889",201,2013,90.97,93.34,90.96,93.94,90.67,94.37,92.66
"11890",202,2013,86.61,84.82,87.36,88.55,83.89,89.57,84.39
"11891",203,2013,84.18,78.89,86.43,83.38,81.84,82.22,81.37
"11892",204,2013,88.74,90.88,88.44,89.61,89.26,88.47,89.21
"11893",205,2013,87.31,89.19,87.2,88.14,86.45,89.86,86.25
"11894",206,2013,92.24,91.99,91.98,92.44,90.76,92.99,89.49
"11895",207,2013,91.27,94.33,90.31,96.03,90.46,97.24,93.68
"11896",208,2013,81.77,85.34,82.47,93.19,81.34,94.94,88.47
"11897",209,2013,82.76,85.99,83.02,92.44,83.52,93.49,87.37
"11898",210,2013,85.56,87.09,84.3,90.64,83.07,93.17,84.88
"11899",211,2013,85.15,88.55,84.98,90.95,85.98,90.73,88.39
"11900",212,2013,82.7,88.97,82.62,92.96,82.62,92.47,87.5
"11901",213,2013,81.13,83.49,82.32,87.87,83.42,87,85.09
"11902",214,2013,88.91,87.69,88.69,87.74,88.19,85.72,85.87
"11903",215,2013,87.3,84.94,87.66,88.07,85.56,86.56,86.17
"11904",216,2013,83.53,81.05,85.04,85.53,80.19,85.28,83.71
"11905",217,2013,79.98,72.51,81.92,77.91,76.95,75.21,78.16
"11906",218,2013,83.35,80.45,85.6,75.31,84.51,74.79,79.2
"11907",219,2013,89.42,90.96,91.08,90.5,91.51,88.54,90.22
"11908",220,2013,85.14,89.82,85.26,92.67,87.72,91.47,90.35
"11909",221,2013,85.62,92.57,85.69,89.71,87.71,88.37,88.89
"11910",222,2013,87.3,93.1,86.87,93.67,87.51,94.24,90.8
"11911",223,2013,89.94,95.55,89.64,96.64,90.44,96.81,93.21
"11912",224,2013,87.79,91.46,87.97,94.78,87.6,95.29,90.29
"11913",225,2013,84.15,89.67,84.21,89.89,85.68,89.5,87.71
"11914",226,2013,81.21,80.12,82.57,81,81.29,78.17,81.4
"11915",227,2013,89.02,91.98,88.68,89.73,89.59,90.14,88.19
"11916",228,2013,87.07,90.03,87.36,92.22,87.75,92.79,88.34
"11917",229,2013,85.13,90.89,84.47,92.61,85.47,94.69,88.33
"11918",230,2013,81.81,87.05,82.69,89.34,79.84,91,85.34
"11919",231,2013,80.85,86.2,81.98,88.22,80.44,88.92,84.45
"11920",232,2013,85.24,89.98,84.6,92.92,82.64,93.73,86.43
"11921",233,2013,85.14,91.01,85.7,95.13,86.38,96.09,88.51
"11922",234,2013,77.9,77.18,80.97,81.68,78.93,81.43,80.26
"11923",235,2013,78.68,72.05,80.86,76.5,76.39,74.23,76.58
"11924",236,2013,82.46,74.9,83.83,77.99,78.75,76.05,78.19
"11925",237,2013,83.91,82.59,85.24,81.19,83.5,79.37,83.15
"11926",238,2013,87.89,92.96,87.45,91.87,89.54,91.97,88.96
"11927",239,2013,86.85,94.37,85.7,94.62,85.67,96.66,87.43
"11928",240,2013,83.57,88.01,83.56,90.76,82.44,91.61,84.44
"11929",241,2013,81.03,83.17,82.78,89.63,79.69,92.81,84.82
"11930",242,2013,79.34,82.86,79.89,90.23,77.57,90.72,84.59
"11931",243,2013,80.42,83.78,80.95,91.16,81.03,90.29,86.73
"11932",244,2013,80.35,84.1,80.56,87.29,81.61,86.9,83.4
"11933",245,2013,82.49,82.9,83.07,82.12,82.75,80.6,82.38
"11934",246,2013,82.87,86.66,83.1,86.41,83.74,83.81,85.9
"11935",247,2013,87.69,91.43,87.42,91.45,89.76,90.66,89.48
"11936",248,2013,90.29,92.71,90.84,93.98,90.92,94.3,89.04
"11937",249,2013,86.53,91.9,85.62,93.82,87.34,95.67,88.87
"11938",250,2013,88.06,93.54,85.33,94.9,88.57,95.48,89.97
"11939",251,2013,85.68,90.24,85.07,91.48,87.01,90.72,87.92
"11940",252,2013,87.41,90.09,87.5,91.2,87.82,91.65,87.55
"11941",253,2013,86.18,88.9,85.89,89.92,84.26,89.42,85.54
"11942",254,2013,86.68,93.81,85.33,94.4,87.38,96.1,90.55
"11943",255,2013,81.31,82.26,82.08,84.24,81.72,83.15,82.96
"11944",256,2013,79.73,82.4,79.05,81.74,81.52,79.26,84.45
"11945",257,2013,86.32,92.01,85.07,87.35,86.9,85.77,86.53
"11946",258,2013,87.4,91.46,86.84,89.35,88.77,89.2,86.34
"11947",259,2013,86.57,87.77,87.35,89.75,87.16,88.9,86.51
"11948",260,2013,87.39,84.42,88.98,84.57,86.05,83.32,84.14
"11949",261,2013,83.67,80.86,84.94,79.54,82.37,79.3,78.5
"11950",262,2013,88.06,93.24,87.83,89.28,88.52,91.21,84.22
"11951",263,2013,85.01,88.47,85.12,83.82,85.98,86.34,79.08
"11952",264,2013,83.69,86.31,84.19,86.51,83.29,86.26,83.43
"11953",265,2013,79.38,83.96,78.98,86.6,81.32,86.83,83.73
"11954",266,2013,83.08,82.87,83.35,84.54,83.46,84.19,82.65
"11955",267,2013,85.17,86.08,85.13,85.02,85.27,86.96,82.15
"11956",268,2013,84.67,90.54,84.65,90.04,86.26,91.4,84.58
"11957",269,2013,85.75,93.34,84.47,95.42,84.41,96.67,88.49
"11958",270,2013,86.28,92.43,85.14,94.6,86.72,95.28,89.15
"11959",271,2013,83.01,85.9,83.58,87.87,85.72,88.79,83.84
"11960",272,2013,85.55,87.06,85.04,87.34,87.57,88.08,85.12
"11961",273,2013,80.82,78.22,82.88,80.92,79.32,77.73,79.16
"11962",274,2013,86.56,86.83,87.01,83.1,86.55,82.65,83.26
"11963",275,2013,83.12,77.72,84.62,79.72,81.97,77.56,79.45
"11964",276,2013,81.8,83.89,82.29,86.94,82.06,86.37,82.47
"11965",277,2013,92.89,96.73,91.92,94.56,93.66,95.76,90.05
"11966",278,2013,84.26,86.02,84.29,84.65,84.53,86.66,81.43
"11967",279,2013,78.19,77.66,78.97,77.31,77.68,79.11,73.92
"11968",280,2013,78.1,77.91,80.09,82.14,78.63,80.96,77.83
"11969",281,2013,85.09,88.56,85.41,89.75,86,87.39,85.87
"11970",282,2013,81.7,82.03,81.27,83.16,81.72,83.1,79.88
"11971",283,2013,78.61,78.96,79.45,82.43,78.98,81.36,79.3
"11972",284,2013,80.2,79.01,81.94,80.12,79.17,78.29,79.78
"11973",285,2013,82.47,79.34,85.21,80.52,82.07,77.62,80.74
"11974",286,2013,83.41,85.47,84.2,86.19,84.57,82.64,84.98
"11975",287,2013,79.46,81.78,80.48,83.14,82.44,81.32,82.8
"11976",288,2013,83.08,80.61,85.25,80.57,83.54,79.36,79.74
"11977",289,2013,86.31,90.39,86.71,91.83,87.07,90.09,91.08
"11978",290,2013,86.03,86.3,86.96,85.56,86.12,82.86,83.5
"11979",291,2013,83.23,81.7,84.07,84.24,82.31,81.83,81.29
"11980",292,2013,79.64,82.63,79.42,80.64,81.74,78.25,80.51
"11981",293,2013,82.12,86.68,82.39,85.17,83.23,83.9,84.12
"11982",294,2013,83.62,83.99,84.05,80.41,84.39,78.61,81.04
"11983",295,2013,84.77,85.82,84.51,85.72,85.59,82.49,85.33
"11984",296,2013,88.61,91.94,88.2,87.12,89.77,84.06,87.41
"11985",297,2013,84.56,83.85,85.26,83.53,84.42,82.59,81.65
"11986",298,2013,81.2,77.67,83,80.18,78.23,80.83,75.08
"11987",299,2013,82.41,81.43,83.28,84.27,81.65,84,79.88
"11988",300,2013,86.9,85.87,86.62,87.29,86.14,85.89,83.38
"11989",301,2013,82.96,81.04,83.9,79.71,82.98,77.66,79.64
"11990",302,2013,82.89,86.49,83.02,83,84.85,81.05,83.69
"11991",303,2013,81.8,82.91,82.4,79.96,82.67,78.96,80.91
"11992",304,2013,80.27,86.59,80.43,88.29,82.66,86.75,87.3
"11993",305,2013,81.79,85.85,82.93,89.1,82.55,87.04,88.03
"11994",306,2013,84.27,88.59,84.79,89.59,84.72,89.44,88.24
"11995",307,2013,85.6,89.94,85.44,87.59,86.85,87.88,87.44
"11996",308,2013,86.87,94.88,85.49,93.17,89.57,93.4,93.19
"11997",309,2013,86.22,87.86,86.62,89.85,87.15,88.1,89.54
"11998",310,2013,84.69,88.58,84.45,89.06,85.56,87.47,87.7
"11999",311,2013,89.01,90.97,88.95,91.01,88.95,88.7,90.72
"12000",312,2013,87.98,89.96,87.87,90.67,88.5,88.32,90.12
"12001",313,2013,85.53,83.43,86.51,84.24,85.04,82.51,84.56
"12002",314,2013,85.48,86.94,85.78,88.53,84.49,87.28,86.23
"12003",315,2013,86.28,87.11,86.77,86.84,86.39,86.1,84.76
"12004",316,2013,78.23,77.47,79.4,84.35,78.12,83.67,80.06
"12005",317,2013,77.54,75.06,79.3,78.97,75,77.56,77.99
"12006",318,2013,83.57,82.35,84.41,84.41,83.46,82.84,84.04
"12007",319,2013,86.09,85.98,85.87,83.55,86.19,82.75,84.15
"12008",320,2013,80.88,77.89,81.45,79.13,80.07,77.49,80.34
"12009",321,2013,78.08,80.24,78.18,77.72,80.33,78.15,79.19
"12010",322,2013,79.17,85.68,78.29,83.19,81.78,84.02,84.73
"12011",323,2013,76.97,82.21,76.92,84.94,80.12,84.3,84.59
"12012",324,2013,77.34,78.85,78.38,81.37,77.96,80.04,81.28
"12013",325,2013,75.66,76.36,75.53,74.93,75.28,74.82,76
"12014",326,2013,75.81,73.18,76.76,71.94,74.52,70.78,74.2
"12015",327,2013,81.72,83.76,82.09,78.9,81.99,77.51,81.12
"12016",328,2013,82.82,86.81,82.06,86.65,83.34,84.94,85.61
"12017",329,2013,81.52,81.61,82.23,80.06,80.08,80.23,79.6
"12018",330,2013,82.41,80.53,83.71,77.55,80.44,76.08,78.77
"12019",331,2013,82.46,80.28,83.13,76.68,81.14,76.7,78.81
"12020",332,2013,79.05,83.66,79.55,85.6,80.21,86.32,84.99
"12021",333,2013,76.17,81.63,76.83,82.18,77.22,83.28,79.77
"12022",334,2013,70.78,73.43,72.11,76.46,71.07,75.52,75.89
"12023",335,2013,72.47,72.34,73.73,80.33,71.57,77.06,79.13
"12024",336,2013,81.02,78.86,82.44,82.45,80.6,79.63,82.9
"12025",337,2013,84.32,82.32,84.93,86.84,82.99,85.3,85.11
"12026",338,2013,79.75,78.51,80.51,83.51,78.31,81.91,80.75
"12027",339,2013,77.73,74.81,79.87,78.54,76.9,76.06,78.72
"12028",340,2013,82.84,81.38,84.01,82.55,82.26,80.19,81.96
"12029",341,2013,76,81,76.79,84.24,77.75,82.36,82.69
"12030",342,2013,73.29,74.47,74.56,78.98,73.12,77.16,77.59
"12031",343,2013,73.6,70.35,75.18,78.41,70.02,76.54,74.91
"12032",344,2013,72.8,72.71,74.87,81.46,69.51,80.12,76.12
"12033",345,2013,80.5,78.47,81.89,80.09,78.17,78.28,79.44
"12034",346,2013,86.51,88.57,86.23,88.07,85.62,85.54,86.65
"12035",347,2013,80.67,81.19,80.94,85.4,79.95,83.72,82.22
"12036",348,2013,76.21,79.56,76.41,83.47,75.72,83.76,79.04
"12037",349,2013,74.82,78.04,74.93,85.52,73.24,84.99,79.32
"12038",350,2013,75.54,78.18,75.58,81.89,72.9,84.22,75.32
"12039",351,2013,73.31,71.01,74.41,74.83,69.45,76.05,70.75
"12040",352,2013,72.5,76.41,72.46,79.52,72.98,79.53,76.57
"12041",353,2013,70.59,70.38,70.94,72.27,70.03,71.32,71.7
"12042",354,2013,65.6,63.1,66.6,62.34,65.01,62.69,62.92
"12043",355,2013,64.95,59.78,66.2,57.95,63.45,58.52,59.11
"12044",356,2013,61.67,52.79,63.6,53.11,56.83,52.73,54.04
"12045",357,2013,62.68,60.33,63.75,63.21,60.77,62.05,63.63
"12046",358,2013,65.34,63.85,66.36,67.63,64.39,65.37,68.09
"12047",359,2013,64.1,64.9,64.76,73.94,62.42,70.35,73.16
"12048",360,2013,68.03,69.8,68.75,81.01,66.75,78.79,75.75
"12049",361,2013,67.61,69.12,67.79,78.33,66.65,75.43,73.78
"12050",362,2013,68.94,68.5,69.4,74.32,68.57,71.41,73.31
"12051",363,2013,66.26,68.35,66.9,77.16,66.48,74.63,74.5
"12052",364,2013,61.84,63.13,61.92,73,62.12,69.93,69.69
"12053",365,2013,64.06,65.54,63.71,74.23,63.06,71.66,71.01
"12054",1,2014,63.99,65.77,63.54,73.73,64.03,71.31,71.05
"12055",2,2014,64.7,66.7,64.28,74.75,64.88,73.02,71.73
"12056",3,2014,64.93,66.73,64.45,77.71,64.4,74.64,73.09
"12057",4,2014,65.42,70.98,63.61,81.16,65.86,78.93,76.07
"12058",5,2014,63.6,71.66,62.04,84.9,65.68,82.4,79.88
"12059",6,2014,61.02,68.56,60.19,84.3,65.16,79.38,83.25
"12060",7,2014,60.34,66.31,59.17,77.43,62.7,74.21,75.84
"12061",8,2014,61.63,65.07,60.92,69.75,61.9,68.51,68.47
"12062",9,2014,56.82,62.37,56.01,71.73,60.38,70.13,69.59
"12063",10,2014,49.73,52,49.42,59.9,51.89,58.33,59.03
"12064",11,2014,47.39,45.28,47.16,51.68,46.66,50.89,51.13
"12065",12,2014,47.89,47.37,48.26,58.34,46.63,56.42,57.07
"12066",13,2014,50.26,54.18,49.96,66.44,51.19,62.88,65.5
"12067",14,2014,53.33,57.63,53.87,73.45,54.23,69.6,70.58
"12068",15,2014,58.45,63.78,58.04,72.87,60.41,70,71.71
"12069",16,2014,59.74,66.19,59.15,74.48,61.85,71.79,73.54
"12070",17,2014,58.28,63.84,58.6,75.99,59.64,73.25,71.71
"12071",18,2014,62.09,66.73,62.34,79.56,62.58,77.54,73.57
"12072",19,2014,65.18,71.32,65.03,81.8,68.16,78.19,78.88
"12073",20,2014,56.18,60.11,55.11,70.46,57.8,67.41,69.28
"12074",21,2014,52.57,59.16,51.51,73.44,55.15,69.57,70.89
"12075",22,2014,51.32,57.43,50.81,72.36,53.68,68.64,69.45
"12076",23,2014,49.16,56.73,48.67,70.15,52.57,66.43,67.31
"12077",24,2014,53.09,58.84,53.04,68.89,54.95,66.21,66.5
"12078",25,2014,52.4,55.7,53.36,67.21,55.01,63.81,66.45
"12079",26,2014,46.54,52.38,46.98,65.38,49.64,62.46,63.18
"12080",27,2014,48.37,56.72,47.69,68.17,51.54,64.97,65.24
"12081",28,2014,52.48,56.52,51.99,68.79,54.37,64.29,67.94
"12082",29,2014,52.3,56.02,52.18,69.07,53.7,64.14,67.5
"12083",30,2014,51.33,56.16,50.94,71.36,52.84,66.07,68.53
"12084",31,2014,49.11,57.09,48.87,74.26,51.73,69.46,70.23
"12085",32,2014,47.48,53.79,48.55,70.35,50.01,65.49,67.6
"12086",33,2014,50.77,56.49,51.35,70.45,52.19,66.87,67.25
"12087",34,2014,53.6,59.37,54.13,73.47,54.82,69.62,69.99
"12088",35,2014,53.97,66.55,54,76.62,58.42,75,73.9
"12089",36,2014,50.6,58.19,50.96,71.57,53.4,68.38,69.34
"12090",37,2014,48.67,57.77,48.96,73.82,53.03,68.7,72.19
"12091",38,2014,53.54,60.04,54.15,73.09,55.54,68.72,71.69
"12092",39,2014,55.74,64.25,54.69,75.17,57.36,72.43,71.42
"12093",40,2014,50.69,58.88,49.85,76.03,52.91,71.52,71.68
"12094",41,2014,52.74,55.2,53.01,68.55,53.47,63.37,66.88
"12095",42,2014,51.11,54.77,52.8,73.44,53.59,67.03,71.39
"12096",43,2014,51.79,58.14,52.49,70.94,54.11,67.61,69.6
"12097",44,2014,48.24,52.98,48.71,69.1,49.69,63.74,67.16
"12098",45,2014,43.57,47.32,44.3,63.2,44.88,58.07,62.82
"12099",46,2014,40.89,42.89,41.72,57.35,41.15,52.55,57.35
"12100",47,2014,41.19,42.43,42.1,51.57,41.37,48.58,52.61
"12101",48,2014,43.9,47.82,44.26,61.71,45.57,57.11,60.81
"12102",49,2014,44.49,52.14,44.89,70.7,47.47,65.95,67.67
"12103",50,2014,47.27,55,47.1,73.07,49.71,68.33,70.43
"12104",51,2014,45.2,55.33,44.01,72.83,48.26,68.55,69.27
"12105",52,2014,45.43,52.49,44.71,71.5,47.43,66.72,67.49
"12106",53,2014,45.47,51.02,45.77,72.39,46.53,65.68,69.86
"12107",54,2014,46.63,53.83,46.98,72.96,48.86,66.71,70.04
"12108",55,2014,50.09,55.33,50.23,71.58,51.2,66.38,68.78
"12109",56,2014,53.03,64.59,52.13,82.88,55.9,78.65,76.43
"12110",57,2014,51.71,60.29,50.96,77.52,54.63,72.26,74.35
"12111",58,2014,54.13,60.01,56.57,77.54,56.53,72.15,74.12
"12112",59,2014,68.67,72.32,71.5,89.08,70.24,87.63,85.18
"12113",60,2014,64.59,72.53,65.83,80.97,67.16,78.56,79.14
"12114",61,2014,52.15,63.93,54.2,78.68,56.47,78.43,76.75
"12115",62,2014,50.25,53.67,51.3,68.37,51.26,64.44,67.62
"12116",63,2014,46.3,50.58,47.32,68.23,47.38,63.58,67.05
"12117",64,2014,46.27,50.98,47.22,70.85,47.22,64.88,67.92
"12118",65,2014,46.55,52.47,47.45,70.48,47.64,66.36,68.24
"12119",66,2014,48.98,58.26,51.42,80.67,51.88,74.45,75.57
"12120",67,2014,48.96,55.09,51.64,73.7,52.27,67.71,72.25
"12121",68,2014,47.28,56.99,46.78,71.99,50.55,68.72,71.18
"12122",69,2014,42.43,52.86,41.57,73.33,45.23,69.27,71.85
"12123",70,2014,40.89,50.82,40.56,70.44,43.87,65.82,68.59
"12124",71,2014,42.19,50.15,41.85,68.75,45.69,63.74,67.48
"12125",72,2014,44.59,49.93,46.42,69.03,47.2,63.23,68.03
"12126",73,2014,53.38,62.67,57.33,77.04,57.72,71.18,75.37
"12127",74,2014,48.56,57.4,52.34,73.3,53.9,69.22,71.61
"12128",75,2014,42.76,52.63,44.88,70.22,47.33,65.89,68.77
"12129",76,2014,43.28,48.48,46.04,65.36,46.52,59.55,64.04
"12130",77,2014,48.8,50.72,51.82,65.8,49.22,61.14,64.16
"12131",78,2014,49.63,50.84,51.96,66.56,50.01,60.85,64.85
"12132",79,2014,42.5,48.92,43.13,69.18,44,62.84,65.75
"12133",80,2014,39.85,43.59,40.83,63.19,40.53,56.46,61.55
"12134",81,2014,42.42,45.23,43.72,62.6,43.66,56.56,61.24
"12135",82,2014,47.77,48.6,52.1,66.94,50.37,59.06,66.24
"12136",83,2014,63.67,58.38,66.28,71.12,62.95,64.82,71.02
"12137",84,2014,65.77,59.59,68.55,70.09,65.98,63.5,70.49
"12138",85,2014,58.19,54.53,62.66,71.42,60.4,64.95,69.75
"12139",86,2014,60.95,56.21,64.35,66.13,64.01,59.17,68.65
"12140",87,2014,47.73,50.2,49.48,65.79,50.13,60.75,65.29
"12141",88,2014,41.4,41.56,42.23,55.56,42.56,50.75,55.4
"12142",89,2014,40.73,40.08,41.06,51.78,41.21,47.95,51.21
"12143",90,2014,40.5,43.25,40.49,56.54,41.78,52.72,55.46
"12144",91,2014,44.63,45.33,45.62,58.19,45.05,52.42,58.1
"12145",92,2014,70.36,63.52,70.96,70.04,66.89,65.79,69.51
"12146",93,2014,81.62,78.99,82.13,85.41,80.46,83.68,84.77
"12147",94,2014,86.63,90.67,86.47,90.59,89.36,89.2,90.57
"12148",95,2014,80.55,90.25,82.15,94.33,84.84,92.44,91.27
"12149",96,2014,76.06,77.34,78.55,82.72,77.13,81.03,79.58
"12150",97,2014,76.49,80.53,79.59,85.76,78.84,84.56,81.26
"12151",98,2014,72.95,73.28,77.31,79.48,72.17,77.38,77.77
"12152",99,2014,67.24,64.37,70.18,70.77,66.84,67.79,70.89
"12153",100,2014,59.09,57.77,62.47,67.92,58.96,63.23,68.53
"12154",101,2014,57.87,56.68,62.07,66.95,58.96,62.79,67.33
"12155",102,2014,56.32,56.13,59.28,68.95,54.22,64.74,66.39
"12156",103,2014,58.53,60.49,61.47,72.82,58.1,70.2,69.31
"12157",104,2014,63.45,64.7,67.26,75.35,66.59,71.86,73.05
"12158",105,2014,80.05,83.27,81.54,88.6,83.44,84.47,87.57
"12159",106,2014,80.05,83.45,80.08,89.14,81.75,84.72,86.51
"12160",107,2014,85.95,93.19,85.21,93.46,87.57,93.22,90.75
"12161",108,2014,84.01,87.82,83.74,89.67,84.24,88.38,86.46
"12162",109,2014,84.86,90.98,85.74,94.26,86.5,93.38,91.4
"12163",110,2014,84.07,91.07,84.9,91.23,86.8,92.14,88.62
"12164",111,2014,83.72,89.83,85.12,92.82,85.46,91.87,89.9
"12165",112,2014,86.3,87.8,87.79,88.29,86.44,86.18,85.95
"12166",113,2014,86.62,88.91,86.86,89.55,86.79,87.39,87.55
"12167",114,2014,92.47,95.99,91.84,95.61,91.97,94.12,94.5
"12168",115,2014,87.74,95.14,87.31,95.38,88.98,93.57,92.96
"12169",116,2014,81.77,81.84,83.34,86.34,80.55,84.7,83.71
"12170",117,2014,84.4,84.7,86.09,84.55,84.27,81.17,84.21
"12171",118,2014,81.3,80.09,83.46,84.13,80.87,80.19,82.23
"12172",119,2014,81.58,82.28,84.15,83.47,82.79,80.13,82.61
"12173",120,2014,85.39,78.73,88.36,80.42,85.75,77.43,80.17
"12174",121,2014,84.25,88.18,84.49,86.23,85.75,83.64,85.67
"12175",122,2014,75.59,75.3,78.29,80.17,76.1,76.8,78.91
"12176",123,2014,67.99,66.06,71.93,72.04,67.6,69.42,72.72
"12177",124,2014,72.12,71.01,76.25,76.89,74,73.54,75.9
"12178",125,2014,81.03,81.6,83.04,84.98,82.42,81.44,84.42
"12179",126,2014,79.32,78.67,81.46,82.74,79.64,78.5,81.69
"12180",127,2014,85.65,82.38,86.65,82.67,84.86,78.1,82.29
"12181",128,2014,83.94,84.2,85.73,86.64,84.37,83.05,85.46
"12182",129,2014,92.81,96.98,92.53,97.45,94.5,97.32,97.05
"12183",130,2014,90.13,94.69,89.48,95.98,91.18,95.72,94.28
"12184",131,2014,81.06,88.32,82.49,93.36,84.69,91.65,93.53
"12185",132,2014,77.54,78.08,79.61,85.42,77.58,82.12,85
"12186",133,2014,76.47,74.58,79.65,83.2,75.37,78.62,81.8
"12187",134,2014,82.22,80.36,85.23,83.66,84.21,81.13,82.6
"12188",135,2014,85.37,87.44,85.75,85.96,87.54,84.83,86.58
"12189",136,2014,88.27,90.94,88.15,89.37,89.96,89.67,89.46
"12190",137,2014,83.86,86.53,84.85,90.55,83.94,89.76,87.29
"12191",138,2014,88.73,90.56,89.66,90.88,89.28,89.37,87.43
"12192",139,2014,87.16,86.9,88.2,89.56,89.36,86.85,88.14
"12193",140,2014,83.63,83.67,84.5,84.11,84.58,82.07,82.94
"12194",141,2014,86.71,87.82,87.77,82.85,88.27,81.1,83.89
"12195",142,2014,80.56,78.33,82.17,78.49,79.08,75.97,79.45
"12196",143,2014,73.13,71.17,75.28,73.59,72.72,71.44,74.42
"12197",144,2014,68.68,63.67,71.96,68.69,67.04,65.46,69.84
"12198",145,2014,71.07,66.66,73.68,68.88,70.25,66.23,69.47
"12199",146,2014,74.38,71.95,76.69,75.06,73.79,71.21,75.92
"12200",147,2014,90.78,94.06,90.78,91.91,91.67,90.65,91.78
"12201",148,2014,93.93,98.77,92.94,97.58,94.65,97.34,95.5
"12202",149,2014,85.86,87.71,86.07,91.51,85.9,90.82,88.87
"12203",150,2014,85.7,87.07,86.33,86.12,85.83,84.76,86.43
"12204",151,2014,80.78,79.42,82.5,81.67,79.74,79.83,80.76
"12205",152,2014,84.83,80.56,85.86,83.21,82.53,81.88,82.32
"12206",153,2014,87.71,87.45,89.44,89.49,86.74,88.66,87.87
"12207",154,2014,80.93,79.04,82.84,83.79,79.81,82.82,82.43
"12208",155,2014,75.71,73.94,78.88,77.7,76.66,75.32,78.48
"12209",156,2014,72.8,71.92,75.88,77.64,73.8,74.64,76.93
"12210",157,2014,80.43,83.68,81.56,85.51,82.57,83.49,85.35
"12211",158,2014,84.38,84.53,84.8,84.96,82.69,81.98,84.1
"12212",159,2014,91.98,94.23,91.16,92.57,92.25,91,91.69
"12213",160,2014,84.87,87.12,85.12,89.36,85.74,89.03,86
"12214",161,2014,83.72,81.01,84.72,85.62,81.47,84.1,82.74
"12215",162,2014,95.57,95.65,95.47,93.13,94.28,92.49,92.85
"12216",163,2014,88.52,90.94,88.76,92.05,88.2,92.01,89.67
"12217",164,2014,84.83,89.28,84.91,92.12,85.86,90.83,88.61
"12218",165,2014,89.2,88.77,89.44,88.84,88.26,88.94,86.08
"12219",166,2014,93.29,91.85,93.25,92.11,92.67,91.62,90.76
"12220",167,2014,89.69,91.02,89.38,91.82,88.34,91.88,87.55
"12221",168,2014,88.77,88,89.92,88.67,88.65,88.32,88.36
"12222",169,2014,88.18,91.28,88.09,91.81,88.64,89.58,90.28
"12223",170,2014,84.14,88.46,85.14,91.98,83.51,90.86,88.36
"12224",171,2014,79.76,87.4,81.01,94.24,80.91,95.09,89.96
"12225",172,2014,79.23,85.68,78.97,91.04,80.94,89.92,88.86
"12226",173,2014,82.77,88.64,81.26,90.48,84.47,88.4,89.2
"12227",174,2014,90.81,97.03,88.97,96.67,92.51,95.88,93.92
"12228",175,2014,91.78,92.68,92.31,93.3,91.38,94.19,90.46
"12229",176,2014,93.13,94.69,93.76,96.4,93.23,95.79,95.01
"12230",177,2014,85.11,76.74,87.37,81.73,81.81,79.27,82.19
"12231",178,2014,79.61,71.08,81.47,70.07,76.74,68.89,72.36
"12232",179,2014,90.9,90.06,91.59,86.2,90.76,84.45,88.01
"12233",180,2014,88.84,89.87,88.93,90.87,87.88,89.85,88.86
"12234",181,2014,93.9,96.67,93.15,93.64,93.08,93.01,93.07
"12235",182,2014,89.53,95.12,88.11,95.93,90.74,96.9,92.39
"12236",183,2014,85.44,84.95,85.39,86.78,83.35,85.6,85.76
"12237",184,2014,80.12,78.93,81.69,79.08,79.57,76.99,79.66
"12238",185,2014,81.25,74.8,85.13,79.41,79.1,76.1,79.89
"12239",186,2014,83.66,81.48,85.22,81.52,84.8,78.24,83.3
"12240",187,2014,84.05,81.21,85.31,81.87,83.82,79.2,81.85
"12241",188,2014,89.24,88.83,90.19,90.91,88.28,89.96,90.07
"12242",189,2014,89.47,93.93,88.84,94.61,89.66,94.61,91.19
"12243",190,2014,90.82,92.73,90.68,93.2,90.53,92.82,90.75
"12244",191,2014,89.55,92.42,88.38,93.8,88.37,93.27,91.3
"12245",192,2014,91.64,94.95,91.19,95.24,91.47,95.09,92.85
"12246",193,2014,90.75,97.9,89.87,98.72,93.15,99.11,96.09
"12247",194,2014,87.93,93.39,87.37,95.48,89.09,94.42,92.55
"12248",195,2014,84.78,86.33,85.18,89.4,85.28,87.05,87.52
"12249",196,2014,89.67,92.97,89.16,93.03,88.64,91.8,89.14
"12250",197,2014,90.18,92.15,89.71,91.98,88.53,90.22,88.93
"12251",198,2014,86.83,87.54,87.7,87.01,87.67,85.02,85.2
"12252",199,2014,85.71,85.74,86.09,87.66,86.07,86.15,85.16
"12253",200,2014,86.06,88.6,86.79,89.13,89.13,88.27,87.9
"12254",201,2014,85.52,88.53,86.44,92.11,87.33,91.61,88.87
"12255",202,2014,89.32,93.65,88.29,94.92,88.97,96.15,89.75
"12256",203,2014,84.74,84.04,85.79,85.79,84.98,84.41,85.11
"12257",204,2014,81.25,78.08,82.64,81.79,81.17,80.18,80.65
"12258",205,2014,84.37,86.86,84.56,89.2,85.55,88.07,85.63
"12259",206,2014,78.33,74.99,79.99,78.35,78.18,77.28,77.86
"12260",207,2014,86.96,80.77,88.08,77.69,85.36,76.67,80.89
"12261",208,2014,86.09,85.32,86.63,89.02,84.55,88.82,86.25
"12262",209,2014,82.47,79.99,82.85,81.59,80.93,81.97,80.05
"12263",210,2014,86.99,91.77,86.39,90,85.8,90.77,86.05
"12264",211,2014,87.8,94,86.91,94.9,85.87,96.23,87.96
"12265",212,2014,83.12,88.72,82.58,91.76,83.15,91.76,85.14
"12266",213,2014,86.28,93.66,84.95,93.3,87.31,92.73,89.18
"12267",214,2014,83.86,88.61,83.91,92.91,84.3,92.81,88.54
"12268",215,2014,80.99,83.98,81.82,89.32,80.94,88.88,85.32
"12269",216,2014,78.94,80.26,79.98,79.37,79.37,79.73,79.29
"12270",217,2014,80.38,82.65,81.32,77.49,81.17,75.44,82.12
"12271",218,2014,86.3,88.01,86.77,88.27,85.77,85.97,85.17
"12272",219,2014,91.8,96.09,91.28,95.65,92.78,95.46,91.6
"12273",220,2014,82.31,88.91,81.45,89.13,86.06,90.14,86.36
"12274",221,2014,83.46,89.69,84.19,91.17,88.22,91.51,87.91
"12275",222,2014,86.65,91.6,87.49,91,89.06,91.69,88.84
"12276",223,2014,82.76,82.83,83.96,81.81,83.91,80.96,83.76
"12277",224,2014,87.59,89.06,87.73,85.06,88.36,82.29,86.62
"12278",225,2014,84.02,84.2,84.17,84.06,84.53,84.38,82.57
"12279",226,2014,89.08,94.17,88.31,93.13,91.4,91.73,91.23
"12280",227,2014,84.52,87.72,85.17,90.42,85.82,90.49,86.77
"12281",228,2014,85.59,91.61,85.35,91.92,88.08,92.54,88.26
"12282",229,2014,89.54,94.09,89.78,93.73,89.81,94.98,89.23
"12283",230,2014,88.91,93.34,88.77,94.98,88.28,97.15,90.49
"12284",231,2014,88.2,93.79,88.08,95.66,88.7,97.47,90.65
"12285",232,2014,81.47,85.89,81.72,89.71,83.86,90.23,87.12
"12286",233,2014,78.95,79.91,79.93,83.91,79.3,83.52,81.51
"12287",234,2014,78.81,80.24,79.52,83.38,77.66,82.83,79.74
"12288",235,2014,87.09,90,85.51,90.67,86.55,88.55,87.52
"12289",236,2014,82.28,89.46,81.7,92.14,84.36,91.96,88.38
"12290",237,2014,83.02,85.44,82.59,84.52,84,84.01,84.12
"12291",238,2014,89.96,94.01,89.41,92.37,90.44,93.5,88.64
"12292",239,2014,85.76,86.89,86.1,89.03,85.67,89.42,84.97
"12293",240,2014,85.81,91.02,84,93.08,85.31,92.73,88.36
"12294",241,2014,81.41,85.73,81.91,86.91,83.44,89.39,81
"12295",242,2014,80.45,79.52,82.6,81.6,80.79,84.31,77.3
"12296",243,2014,80.3,80.41,81.65,79.34,80.37,78.87,77.76
"12297",244,2014,81.03,83.57,82.58,84.07,82,83.89,80.91
"12298",245,2014,83.53,86.41,84.37,87.13,85.32,85.65,85.14
"12299",246,2014,90.22,93.46,89.62,86.49,90.43,85.49,87.11
"12300",247,2014,84.05,87.85,83.86,87.04,84.67,88.62,82.23
"12301",248,2014,79.81,80.32,80.97,82.6,80.32,84.19,79.06
"12302",249,2014,85.64,88.64,85.77,87.3,85.85,85.38,85.53
"12303",250,2014,86.99,89.71,86.81,90.13,88.91,90.54,86.22
"12304",251,2014,81.26,83.13,81.86,85.62,82.05,86.72,81.35
"12305",252,2014,86.67,87.55,86.76,85.01,86,85.88,80.85
"12306",253,2014,81.79,80.76,82.57,84.36,81.9,84.22,81.77
"12307",254,2014,87.15,87.83,87.39,89.39,87.27,88.43,87.15
"12308",255,2014,84.65,83.46,85.83,90.52,83.54,88.31,87.79
"12309",256,2014,86.42,88.24,86.16,90.02,87.3,89.01,87.23
"12310",257,2014,84,82.46,85.05,85.58,82.83,84.14,83.86
"12311",258,2014,88.4,86.54,88.85,86.02,85.93,86.71,83.9
"12312",259,2014,82.77,80.93,84.42,81.11,79.65,81.76,78.41
"12313",260,2014,85.07,86.65,85.73,82.23,85.03,81.38,82
"12314",261,2014,88.58,89.88,88.57,86.18,86.68,84.95,86.05
"12315",262,2014,84.59,86.77,84.95,86.02,83.61,83.58,85.02
"12316",263,2014,82.87,85.15,82.82,86.84,82.75,85.08,84.32
"12317",264,2014,87.07,89.82,85.83,88.53,86.66,88.19,84.1
"12318",265,2014,81,83.45,81.43,84.06,82.27,83.52,81.34
"12319",266,2014,82.28,85.73,81.84,87.09,83.59,85.89,85.28
"12320",267,2014,83.49,82.93,83.7,84.88,83.48,84.19,82.25
"12321",268,2014,81.84,81.38,82.57,82.48,80.72,82.93,79.25
"12322",269,2014,83.16,84.2,84.08,83.57,83.62,82.81,81.28
"12323",270,2014,84.35,87.27,84.24,86.87,84.29,85.13,84.26
"12324",271,2014,80.65,81.67,81.28,82.3,79.72,83.75,77.76
"12325",272,2014,81.41,81.47,82.51,80.21,80.79,82.25,74.36
"12326",273,2014,79.04,78.34,79.9,77.14,78.11,78.29,72.33
"12327",274,2014,84.35,86.98,85.46,87.45,84.55,85.55,83.36
"12328",275,2014,84.84,81.07,86.03,82.96,83.36,81,80.45
"12329",276,2014,83.76,81.62,85.33,82.61,81.58,82.61,78.73
"12330",277,2014,82.9,81.33,83.95,83.66,83.35,80.83,82.71
"12331",278,2014,85.88,89.76,85.38,91.39,86.44,89.56,88.27
"12332",279,2014,88.4,91.55,88.23,94.08,88.54,93.63,90.3
"12333",280,2014,87.01,92.44,86.99,93.83,88.58,93.24,88.74
"12334",281,2014,80.46,87.6,80.31,90.78,84.75,89.46,88.15
"12335",282,2014,88.33,93.13,87.87,93.87,88.66,93.87,91.39
"12336",283,2014,88.28,92.05,88.31,91.8,91.06,91.7,91.86
"12337",284,2014,90.61,95.46,89.05,94.05,92.72,92.93,93.85
"12338",285,2014,83.63,86.72,83.42,90.07,85.12,88.54,88.56
"12339",286,2014,85.77,91.96,85.45,92.32,88.18,90.27,89.6
"12340",287,2014,83.08,88.19,82.33,92.14,84.15,91.82,86.83
"12341",288,2014,84.98,89.27,84.65,91,87.29,91.41,87.28
"12342",289,2014,84.61,87.83,84.48,89.01,86.94,87.42,87.2
"12343",290,2014,89.07,93.74,88.57,90.51,90.61,89.05,89.11
"12344",291,2014,87.79,89.61,87.5,89.92,87.93,88.06,88.02
"12345",292,2014,84.95,86.31,85.12,86.45,84.83,86.1,82.82
"12346",293,2014,84.7,87.79,85.21,87.6,85.03,85.56,84.89
"12347",294,2014,80.45,80.16,81.88,84.68,79.76,82.71,81.34
"12348",295,2014,89.11,91.31,88.78,89.96,89.72,88.91,87.56
"12349",296,2014,83.2,83.68,84.11,84.93,82.53,85,82.44
"12350",297,2014,82.88,85.28,82.23,83.62,82.42,82.2,84.04
"12351",298,2014,84.45,90.93,83.07,87.68,85.12,86.81,88.11
"12352",299,2014,82.96,86.49,82.82,87.33,85.27,85.7,88.31
"12353",300,2014,87.28,88.93,87.97,89.4,87.06,89.38,88.38
"12354",301,2014,85.1,88.43,84.58,84.98,85.65,84.32,85.81
"12355",302,2014,80.27,83.76,80.18,82.57,82.32,80.23,85.34
"12356",303,2014,78.91,77.68,80.16,80.99,78.64,77.89,81.77
"12357",304,2014,80.67,77.85,81.7,81.17,79.42,78.97,80.75
"12358",305,2014,83.76,87.09,82.75,84.23,85.62,82.7,84.84
"12359",306,2014,78.81,74.74,80.24,72.61,77.43,71.78,74.56
"12360",307,2014,78.56,71.91,80.82,73.27,75.92,71.76,74.91
"12361",308,2014,78.36,77.51,79.16,75.68,78.79,73.73,78.03
"12362",309,2014,79.11,82.92,79.4,87.62,77.45,85.72,83.62
"12363",310,2014,82.26,84.32,82.56,86.47,79.05,85.74,83.44
"12364",311,2014,79.55,81.78,80.9,89.18,79.27,86.88,87.65
"12365",312,2014,83.64,85.05,85.64,91.03,84.72,89.07,89.28
"12366",313,2014,84.27,81.38,85.24,87.55,82.34,86.73,84.24
"12367",314,2014,81.79,80.92,83.22,83.71,80.79,78.93,83.44
"12368",315,2014,86.34,89.65,85.62,87.34,86.18,84.06,88.91
"12369",316,2014,86.74,93.27,85.43,91.75,87.28,93.05,90.27
"12370",317,2014,81.64,86.83,81.81,88.23,82.17,87.63,86.41
"12371",318,2014,79.85,82.6,80.36,83.41,80.81,84.15,83.5
"12372",319,2014,82.91,85.54,83.29,82.79,83.83,81.96,83.31
"12373",320,2014,86.81,89.03,86.81,89.55,87.04,86.8,88.07
"12374",321,2014,81.44,81.52,82.33,83.41,80.3,83.14,81.35
"12375",322,2014,82.14,82.85,82.37,83.19,82.34,79.91,84.05
"12376",323,2014,83.66,87.48,83.28,82.73,83.81,82,83.81
"12377",324,2014,80.11,81.89,80.34,77.75,80.24,78.37,79.05
"12378",325,2014,78.38,78.59,78.44,75.19,78.07,75.8,76.22
"12379",326,2014,79.62,79.38,80.32,75.62,79.28,74.5,78.24
"12380",327,2014,85.46,84.97,85.9,84.88,84.51,83.55,83.85
"12381",328,2014,78.95,76.31,79.43,78.82,78.17,76.9,77.55
"12382",329,2014,76.93,76.05,76.81,79.01,75.29,78.96,76.68
"12383",330,2014,74.84,73.08,75.73,78.37,73.45,76.75,76.62
"12384",331,2014,75.36,76.73,76.13,77.78,75.83,76.17,76.91
"12385",332,2014,78.17,76.03,79.2,80.82,76.94,77.93,79.06
"12386",333,2014,79.14,82.47,79.73,86.3,79.4,84.85,82.55
"12387",334,2014,77.2,77.78,78.36,84.55,75.8,83.33,80.1
"12388",335,2014,79.14,78.07,80.43,85.12,75.69,83.48,80.36
"12389",336,2014,78.1,75.16,79.77,83.28,74.53,81.52,79.23
"12390",337,2014,77.18,75.57,77.63,81.88,75.82,81.75,77.22
"12391",338,2014,75.72,75.09,76.89,79.32,74.17,77.99,75.44
"12392",339,2014,77.33,77.61,77.68,80.55,78.7,77.01,79.58
"12393",340,2014,81.72,83.69,82.39,84.11,81.11,82.11,83.61
"12394",341,2014,78.83,78.23,80.28,78.54,79.09,75.77,80.05
"12395",342,2014,80.13,82.08,79.85,82.51,78.66,80.89,81.95
"12396",343,2014,75.6,81.86,75.06,84.51,76.14,83.57,81.55
"12397",344,2014,72.44,72.13,74.08,78.95,70.01,76.45,77.69
"12398",345,2014,82.02,82.41,82.49,87.67,81.34,85.24,84.71
"12399",346,2014,73.91,73.69,75.66,81.07,70.85,78.17,78.5
"12400",347,2014,78.03,77.97,78.62,81.78,77.75,79.31,81.17
"12401",348,2014,75.87,75.9,76.26,79.15,75.3,76.47,79.29
"12402",349,2014,72.85,77.25,72.54,77.5,73.77,75.89,78.23
"12403",350,2014,72.02,73.9,72.62,76.5,72.34,75.63,76.44
"12404",351,2014,68.32,65.65,70.14,67.27,66.84,66.93,68.93
"12405",352,2014,67.12,68.78,67.58,65.9,67.46,65.02,68.68
"12406",353,2014,67.25,68.33,67.92,69.78,67.83,68.47,70.39
"12407",354,2014,64.16,67.4,64.5,71.17,65.21,70.22,70.43
"12408",355,2014,60.59,64.43,60.75,70.48,62.25,68.3,69.95
"12409",356,2014,57.94,57.92,58.65,65.82,57.18,63.89,63.52
"12410",357,2014,63.37,64.05,63.57,71.42,63.09,70.72,68.04
"12411",358,2014,64.05,61.57,65.23,70.27,61.79,67.7,68.47
"12412",359,2014,61.45,60.9,63.16,66.52,62.49,64.13,66.03
"12413",360,2014,61.24,64.28,60.5,64.6,63.63,63.76,64.3
"12414",361,2014,59.22,59.54,60.08,68.43,58.52,66.08,65.11
"12415",362,2014,61.23,65.01,61.03,72.74,62.24,70.9,70.22
"12416",363,2014,65.15,69.9,64,73.64,65.98,72.53,72.46
"12417",364,2014,68.42,74.4,66.06,79.07,70.09,76.99,75.74
"12418",365,2014,65.58,76.38,63.14,82.12,70.37,82.13,77.83
"12419",1,2015,57.16,63.93,55.83,70.33,61.09,69.06,67.62
"12420",2,2015,55.4,60.98,54.16,68.43,57.07,67.27,64.63
"12421",3,2015,57.67,59.54,57.32,67.36,57.49,65.53,63.65
"12422",4,2015,53.62,57.22,54.46,68.53,55.49,65.68,65.45
"12423",5,2015,51.65,55.44,50.38,62.63,54.07,60.85,60.21
"12424",6,2015,52.5,52.21,51.94,56.01,53.88,54.71,54.66
"12425",7,2015,58.69,60,58.74,65.44,58.65,63.46,63.01
"12426",8,2015,57.73,59.21,58.62,72.16,57.6,69.05,68.59
"12427",9,2015,58.64,60.98,59.33,74.4,59.58,70.8,70.99
"12428",10,2015,63.79,68.39,64.37,80.45,64.85,77.51,76.88
"12429",11,2015,67.88,75.36,68.83,84.41,70.72,83.34,80.6
"12430",12,2015,63.27,67.1,64.02,75.36,64.47,73.9,72.27
"12431",13,2015,61.65,69.49,61.24,77.48,64.5,75.44,74.54
"12432",14,2015,58.61,67.05,57.91,74.67,61.57,72.84,73.15
"12433",15,2015,60.9,64.95,61.59,74.04,62.16,70.7,73.28
"12434",16,2015,67.25,69.2,69.26,77.37,67.62,74.66,75.16
"12435",17,2015,68.51,70.17,70.46,77.47,70.24,73.64,78.06
"12436",18,2015,67.99,75.55,67.08,77.44,71.29,76.93,77.73
"12437",19,2015,62.29,67.41,63.41,72.01,65.23,70.47,72.03
"12438",20,2015,66.86,73.36,69.26,78.21,72.01,76.76,77.08
"12439",21,2015,64.09,75.99,64.95,83.94,67.55,83.02,79.25
"12440",22,2015,70.97,83.03,72.29,87.14,77.73,85.43,86
"12441",23,2015,67.71,78.83,68.6,84.63,72.93,82.64,82.99
"12442",24,2015,61.2,68.08,62.6,77.36,66.92,73.5,77.78
"12443",25,2015,52.68,59.44,54.73,70.66,57.92,66.4,69.99
"12444",26,2015,49.79,57.73,51.51,70.19,54.68,66.37,68.64
"12445",27,2015,46.02,53.66,46.36,66.54,50.5,62.98,65.23
"12446",28,2015,42.97,50.86,43.45,62.39,48.9,57.98,63.57
"12447",29,2015,46.65,51.7,48.24,63.95,50.64,59.7,63.35
"12448",30,2015,51.61,57.41,53.22,70.59,54.7,65.91,68.39
"12449",31,2015,64.37,72.21,66.19,84.5,67,81.86,80.64
"12450",32,2015,76.48,84.56,78.06,91.85,79.06,90.62,87.03
"12451",33,2015,68.31,80.2,69.19,88.38,71.57,87.9,83.69
"12452",34,2015,63.25,69.52,65.83,81.5,66.9,78.59,78.2
"12453",35,2015,58.97,68.87,60.79,81.95,62.15,79.83,77.09
"12454",36,2015,53.41,61.15,54.62,76.13,55.64,72.89,71.97
"12455",37,2015,51.7,59.55,52.33,75.58,54.57,70.92,73.23
"12456",38,2015,49.15,60.84,49.97,76.3,54.16,72.77,73.67
"12457",39,2015,45.96,56.1,47.44,71.64,48.74,68.7,71.3
"12458",40,2015,47.45,56.34,48.32,69.76,50.48,66.79,69.68
"12459",41,2015,48.2,55.5,49.13,70.99,50.59,66.74,70.64
"12460",42,2015,55.3,58.63,59.22,74.99,57.4,70.41,72.1
"12461",43,2015,65,61.99,70.57,74.92,67.37,70.71,72.47
"12462",44,2015,83.59,87.29,84.74,90.12,86.77,88.54,87.55
"12463",45,2015,74.41,75.2,76.67,80.96,75.83,77.61,80.56
"12464",46,2015,62.6,64.58,65.01,73.03,64.36,69.86,73.01
"12465",47,2015,57.46,60.17,61.3,68.56,61.15,65.6,68.71
"12466",48,2015,53.42,58.16,55.26,68.67,56.93,65.34,67.15
"12467",49,2015,50.58,53.63,52.17,65.47,52.54,62.22,63.82
"12468",50,2015,51.1,55.06,51.87,64.2,52.9,62.68,61.93
"12469",51,2015,44.11,50.79,45.81,66.03,47.14,63.66,62.17
"12470",52,2015,45.97,50.75,45.93,58.43,48.7,55.57,57.74
"12471",53,2015,47.85,51.07,47.1,57.56,49.28,54.58,57.47
"12472",54,2015,49.52,53.53,49.38,63.78,52,59.66,63.46
"12473",55,2015,51.76,57.89,51.54,67.83,54.03,64.32,66.7
"12474",56,2015,50.44,56.62,51.16,67.95,52.82,64.09,66.81
"12475",57,2015,48.22,56.17,48.95,69.27,52.28,65.04,68.02
"12476",58,2015,52.34,61.73,53.26,76.4,55.12,73.87,71.54
"12477",59,2015,67.66,73.82,66.25,80.98,67.92,78.75,76.64
"12478",60,2015,63.13,74.95,61.53,80.37,67.75,77.23,78.1
"12479",61,2015,56.58,61.01,55.03,67.78,58.04,65.09,66.37
"12480",62,2015,51.85,60.74,49.89,67.6,55.25,64.92,68.15
"12481",63,2015,51.05,56.55,49.15,69.23,52.95,64.39,66.8
"12482",64,2015,53.36,59.66,51.69,67.43,53.86,64.25,65.08
"12483",65,2015,56.97,67.36,54.35,76.16,59.83,74.73,72.14
"12484",66,2015,53.6,67.48,51.26,81.6,56.59,78.99,74.78
"12485",67,2015,51.99,61.52,50.74,77.24,53.99,74.1,72.04
"12486",68,2015,51.93,65.87,50.29,82.64,57.03,79.9,76.11
"12487",69,2015,54.15,66.55,52.48,82.34,59.37,80.52,76.48
"12488",70,2015,56.54,69.25,53.66,83.84,59.8,82.67,76.42
"12489",71,2015,53.4,64.99,51.29,79.81,57.27,77.16,73.66
"12490",72,2015,49.63,60.69,48.05,78.53,52.66,73.83,74.28
"12491",73,2015,47.03,59.37,45.42,75.95,49.85,73.37,71.43
"12492",74,2015,48.3,58.86,47.06,74.5,51.36,70.89,70.7
"12493",75,2015,48.6,56.86,47.84,71.81,50.78,68.18,69.93
"12494",76,2015,52.6,62.63,53.02,77.29,56.12,73.46,74.48
"12495",77,2015,58.96,68.93,60.39,82.6,63.72,77.79,81.86
"12496",78,2015,60.63,73.08,59.66,82.94,64.76,82.37,80.26
"12497",79,2015,67.84,76.67,69.42,85.3,69.76,83.31,82.69
"12498",80,2015,61.55,69.87,63.66,80.28,66.02,78.03,80.14
"12499",81,2015,52.44,59.64,54.97,71.97,55.77,68.63,72.77
"12500",82,2015,52.11,58.72,54.8,72.59,55.06,69.66,71.69
"12501",83,2015,51.34,57.14,53.39,68.02,54.09,65.47,68.02
"12502",84,2015,48.1,50.81,52.68,61.88,50.11,59.45,63.66
"12503",85,2015,45.59,49.74,48.04,60.03,48.1,56.88,62.41
"12504",86,2015,50.11,54.82,50.94,64.82,51.61,60.96,65.09
"12505",87,2015,51.31,59.32,51.57,74.96,53.13,71.12,71.33
"12506",88,2015,49.36,62.7,50.74,76.5,57.33,72.97,74.83
"12507",89,2015,50.01,51.71,54.92,60.11,52.98,56.2,62.84
"12508",90,2015,49.61,48.9,55.56,61.2,53,55.92,64.39
"12509",91,2015,57.64,56.03,62.56,68.48,60.84,62.3,70.18
"12510",92,2015,71.28,71.9,74.65,80.41,75.05,75.59,79.67
"12511",93,2015,71.59,78.65,72.77,88.68,74.24,86.54,83.72
"12512",94,2015,67.28,76,67.27,88.45,71.35,85.31,83.5
"12513",95,2015,57.56,68.45,57.05,81.24,61.47,77.93,76.98
"12514",96,2015,55.77,65.52,54.5,79.54,57.75,77.76,73.92
"12515",97,2015,51.89,63.35,52.76,79.34,56.33,76.79,74.12
"12516",98,2015,58.68,68.25,60.03,83.55,63.08,81.43,77.08
"12517",99,2015,64.57,79.33,65.83,91.05,71.27,88.65,84.75
"12518",100,2015,60.86,70.51,63.42,84.02,66.04,81.35,77.67
"12519",101,2015,70.64,77.47,74.06,87.11,75.97,83.55,81.44
"12520",102,2015,83.83,89,81.74,91.84,84.94,90.09,86.45
"12521",103,2015,81.49,88.32,81.95,90.77,85.37,89.51,86.77
"12522",104,2015,81.03,88.01,82.92,91.61,86.55,90.38,88.1
"12523",105,2015,70.94,71.73,72.91,81.34,71.34,78.63,77.5
"12524",106,2015,73.83,77.85,74.43,85,74.34,83.5,80.52
"12525",107,2015,74.12,84.71,74.02,92.19,76.67,90.05,86.96
"12526",108,2015,83.29,84.45,85.5,89.99,83.04,89.12,85.6
"12527",109,2015,86.27,89.6,86.08,90.5,86.53,89.92,86.48
"12528",110,2015,83.23,84.46,84.14,89.43,82.63,87.8,85.77
"12529",111,2015,79.41,80.97,82.06,87.82,81.1,86.12,85.45
"12530",112,2015,70.87,66.64,74.55,72.53,71.47,69.07,73.82
"12531",113,2015,72.76,68.29,76.06,74.46,73.31,70.85,73.4
"12532",114,2015,79.93,81.01,81.3,82.48,82.71,78.58,81.71
"12533",115,2015,87.26,94.02,87.39,93.48,90.47,91.11,90.19
"12534",116,2015,82.3,88.95,82.97,92.78,84.44,91.85,87.08
"12535",117,2015,78.43,79.66,80.23,83.95,80.51,81.62,81.14
"12536",118,2015,76.12,75.9,77.56,77.45,76.99,75.83,76.22
"12537",119,2015,74.33,72.09,76.43,73.63,74.7,72.68,70.82
"12538",120,2015,72.99,73.45,75.79,78.53,76.16,76.67,75.45
"12539",121,2015,71.02,68.06,74.51,73.32,71.59,68.64,72.51
"12540",122,2015,70.37,67.24,73.23,67.76,71.7,64.82,70.04
"12541",123,2015,63.46,63.65,66.51,66.75,66.86,64.35,67
"12542",124,2015,55.28,56.98,57.61,67.36,58.46,62.5,66.3
"12543",125,2015,56.12,58.4,58.55,68.94,58.85,64.77,67.34
"12544",126,2015,55.83,57.31,58.33,68.13,57.38,63.21,67.6
"12545",127,2015,70.51,69.15,72.45,75.96,72.6,70.4,74.39
"12546",128,2015,84.53,82.04,84.34,81.39,84.2,76.87,80.78
"12547",129,2015,81.66,79.29,83.92,83.37,81.59,79.43,79.52
"12548",130,2015,64.93,61.94,69.38,72.21,65.27,67.75,69.18
"12549",131,2015,63.59,60.33,67.68,70.61,63.51,67.15,67.67
"12550",132,2015,69.78,69.1,72.28,76.41,70.51,74.28,74.23
"12551",133,2015,76.81,71.78,80.91,76.41,76.75,73.38,74.44
"12552",134,2015,83.62,77.89,86.47,82.42,80.87,79.55,79.12
"12553",135,2015,84.43,88.86,85.36,91.93,84.33,90.93,87.79
"12554",136,2015,80.3,83.01,82.26,87.25,81.06,86.39,82.79
"12555",137,2015,81.45,81.4,84.16,84.55,80.35,82.9,80.41
"12556",138,2015,83.92,84.86,85.27,87.77,85.44,83.99,85.99
"12557",139,2015,84.55,90.32,84.3,94.2,83.42,94.49,87.76
"12558",140,2015,86.52,90.17,86.03,92.9,87.41,91.23,89.02
"12559",141,2015,84.14,89.45,84.33,92.15,86.94,89.22,88.08
"12560",142,2015,90.66,96.17,90.03,92.25,91.48,92.04,90.21
"12561",143,2015,89.86,91.5,89.46,88.98,90.22,89.03,88.75
"12562",144,2015,86.32,86.03,85.94,85.59,84.08,86.35,82.78
"12563",145,2015,87.05,88.23,86.87,90.29,86.45,90.35,87.43
"12564",146,2015,77.56,76.24,80.74,83.42,77.53,80.42,82.61
"12565",147,2015,74.38,73.81,78.16,82.14,75.06,77.83,80.59
"12566",148,2015,81,81.1,83.36,86.72,82.94,83.01,84.57
"12567",149,2015,86.91,87.36,89.02,88.94,87.42,87.01,88.74
"12568",150,2015,89.11,89.82,89.42,91.09,86.47,91.34,87.29
"12569",151,2015,87.63,89.26,87.55,88.71,86.15,87.18,85.97
"12570",152,2015,87.47,88.2,87.8,90.1,86.36,88.73,86.84
"12571",153,2015,86.97,87.27,87.17,90,84.33,89.39,87.01
"12572",154,2015,84.91,85.74,85.84,88.84,85.33,87.59,86.73
"12573",155,2015,87.03,93.36,86.71,94.97,89.11,94.65,89.58
"12574",156,2015,87.03,90.04,87.74,91.94,88.46,90.55,88.55
"12575",157,2015,84.42,86.95,83.57,89.23,84.47,87.99,84.32
"12576",158,2015,90.37,94.58,90.09,92.67,91.12,92.9,90.36
"12577",159,2015,90.95,93.73,90.31,92.76,91.31,91.82,91.91
"12578",160,2015,83.78,83.6,84.48,87.27,83.32,84.42,86.21
"12579",161,2015,81.29,80.47,82.91,77.44,81.05,75.6,79.58
"12580",162,2015,87.89,91.83,88.67,88.63,89.54,87.51,88
"12581",163,2015,86.39,88.96,86.27,90.58,85.6,90.74,86.12
"12582",164,2015,86.96,88.39,87.15,87.16,86.64,84.89,86.29
"12583",165,2015,88.52,88.64,88.95,88.09,88.52,87.08,86.77
"12584",166,2015,89.17,87.45,89.48,89.45,87.14,87.52,88.22
"12585",167,2015,91.07,92.74,91.24,93.53,90.29,93.33,90
"12586",168,2015,87.12,88.66,87.51,89.14,87.27,88.82,85.71
"12587",169,2015,84.99,84.78,85.84,86.78,84.76,85.78,85.59
"12588",170,2015,88.47,93.94,88.03,93.61,89.6,94.58,89.12
"12589",171,2015,91.78,93.87,91.55,92.53,91.75,92.27,91.11
"12590",172,2015,91.97,93.29,91.38,93.28,92.44,92.48,92.5
"12591",173,2015,91.61,97.94,89.49,97.33,91.41,96.76,95.23
"12592",174,2015,88.22,91.65,87.61,94.14,86.5,95.91,89.59
"12593",175,2015,85.22,90.14,84.49,93.01,85.34,93.77,86.03
"12594",176,2015,91,94.21,90.45,93.78,91.28,94.2,91.64
"12595",177,2015,89.85,94.63,89.22,97.33,90.96,98.27,93.97
"12596",178,2015,94.48,98.85,93.53,98.72,94.61,99.57,96.11
"12597",179,2015,85.8,89.93,86.02,93.87,84.73,95.35,89.93
"12598",180,2015,81.54,80.21,83.57,83.82,80.61,82.13,83.29
"12599",181,2015,81.86,80.55,82.21,78.85,82.56,78.16,80.78
"12600",182,2015,84.06,80.02,85.2,82.61,82.08,80.82,82.47
"12601",183,2015,88.69,88.92,89.65,87.22,88.38,86.8,85.76
"12602",184,2015,86.23,86.75,87.18,87.43,85.59,87.15,84.55
"12603",185,2015,81.97,81.87,83.29,86.82,81.12,85.86,82.95
"12604",186,2015,86.06,84.29,86.88,83.7,84.79,82.81,83.24
"12605",187,2015,89.66,95.48,90.23,94.5,93.72,93.64,93.48
"12606",188,2015,91.76,95.97,90.33,97.09,91.79,96.28,94.69
"12607",189,2015,86.61,89.49,86.41,91.87,86.54,91.01,89.05
"12608",190,2015,82.38,77.98,84.2,84.91,79.76,83.7,82.08
"12609",191,2015,89,86.69,90.3,90.37,88.28,87.54,89.03
"12610",192,2015,85.51,88.69,86.04,91.06,85.26,91.29,86.13
"12611",193,2015,82.22,85.92,82.83,87.73,82.66,88.36,84.6
"12612",194,2015,86.91,88.17,87.84,87.55,87.67,87.11,85.82
"12613",195,2015,86.77,89.31,86.13,89.2,84.04,90.07,86.42
"12614",196,2015,87.46,88.06,87.91,90.83,86.03,89.73,88.91
"12615",197,2015,90.09,94.7,88.15,95,89.37,95.53,92.18
"12616",198,2015,86.5,90.38,85.76,92.67,84.65,93.67,86.08
"12617",199,2015,88.2,94.25,87.28,96.05,88.33,96.45,91.16
"12618",200,2015,90.66,95.69,90.46,95.22,91.14,95.43,94.27
"12619",201,2015,92.04,97.31,91.81,97.02,94.92,96.81,97.14
"12620",202,2015,93.22,95,93.21,92.06,94.04,93.15,92.87
"12621",203,2015,88.69,94.06,87.54,95.08,89.78,96.52,91.34
"12622",204,2015,89.53,94.43,89.41,92.78,91.68,93.31,89.8
"12623",205,2015,91.66,92.02,91.93,91.39,90.61,90.15,91.38
"12624",206,2015,87.16,87.85,88.16,88.99,85.95,87.93,87.28
"12625",207,2015,84.61,84.25,85.85,87.79,84.34,86.22,86.22
"12626",208,2015,85.24,92.69,85.09,95.4,87.47,95.45,91.33
"12627",209,2015,86.68,88.83,86.85,89.22,86.43,89.19,85.92
"12628",210,2015,84.56,84.71,85.72,88.76,84.26,88.52,86.38
"12629",211,2015,91.98,93.74,91.69,90.67,92.48,87.51,92.25
"12630",212,2015,86.04,89.93,86.03,93.9,87.08,91.64,91.56
"12631",213,2015,84.17,88.16,84.44,87.94,85.84,87.61,86.1
"12632",214,2015,89,91.17,88.8,91.96,89.05,91.2,89.6
"12633",215,2015,87.18,86.09,87.34,88.16,85.92,87.19,85.59
"12634",216,2015,90.67,91.35,89.5,91.59,88.49,90.09,88.34
"12635",217,2015,85.24,87.81,85.36,89.02,84.02,89.44,85.47
"12636",218,2015,85.28,91.08,85.75,90.57,86.37,91.33,87
"12637",219,2015,83.72,85.72,84.17,87.87,83.42,87.84,84.78
"12638",220,2015,89.03,91.31,88.66,89.91,88.37,89.08,87.73
"12639",221,2015,86.08,86.2,86.34,88.33,85.56,87.13,84.33
"12640",222,2015,84.41,85.27,84.17,83.81,84.09,81.68,82.42
"12641",223,2015,83.85,78.94,85.27,82.61,81.32,79.75,80.91
"12642",224,2015,80.73,80.33,82.11,81.14,79.4,82.37,78.45
"12643",225,2015,88.13,91.06,87.97,88.62,87.93,87.37,86.88
"12644",226,2015,86.62,88.59,87.13,91.73,88.12,88.27,90.34
"12645",227,2015,86.72,89.82,86.47,92.22,86.72,90.33,90.28
"12646",228,2015,92.35,96.74,92.09,95.42,92.59,94.66,93.81
"12647",229,2015,90.67,91.67,89.87,89.3,87.96,90.46,87.23
"12648",230,2015,83.1,83.83,83.36,85.07,82.2,84.75,83.09
"12649",231,2015,85.11,80.07,85.59,79.33,81.47,77.35,80.56
"12650",232,2015,87.71,90.05,87.4,89.61,87.6,89.99,87.01
"12651",233,2015,87.74,91.24,87.44,93.75,87.86,94.43,89.19
"12652",234,2015,87.05,93.1,86.12,95.51,89.69,95.78,92.03
"12653",235,2015,87.33,90.03,86.08,93.19,87.63,91.18,90.8
"12654",236,2015,86.34,93.82,86,95.6,88.41,94.97,92.01
"12655",237,2015,82.16,84.71,82.55,88.55,82.69,86.64,85.71
"12656",238,2015,82.11,86.7,82.05,85.49,84.78,84.27,83.72
"12657",239,2015,87.08,89.99,87.22,86.54,87.81,84.58,86.51
"12658",240,2015,83.88,87.61,84.05,91.06,84.71,91.31,86.95
"12659",241,2015,83.71,85.21,84.19,83.62,84.02,88.11,78.17
"12660",242,2015,86.18,90.66,86.51,93.49,88.08,92.64,89.08
"12661",243,2015,85.53,90.44,85.98,87.45,87.39,89.19,84.37
"12662",244,2015,86,89.57,85.51,87.77,86.24,88.75,85.44
"12663",245,2015,87.28,90.98,86.93,89.62,86.32,89.64,85.98
"12664",246,2015,85.36,87.82,85.77,89.64,86.57,89.29,86.94
"12665",247,2015,84.14,87.46,83.81,87.38,84.41,87.84,83.47
"12666",248,2015,86.37,88.95,85.92,88.99,86.28,89.11,86.13
"12667",249,2015,88.35,91.21,88.52,90.35,88.68,89.99,88.05
"12668",250,2015,87.35,90.98,86.79,90.3,87.9,90.47,87.5
"12669",251,2015,81.09,79.57,80.95,79.55,81.32,78.78,79.42
"12670",252,2015,80.23,79.59,80.88,78.75,79.83,78.03,79.72
"12671",253,2015,85.18,84.18,85.85,84.94,86.15,82.04,85.46
"12672",254,2015,81.73,77.34,82.77,80.09,79.51,80.31,77.64
"12673",255,2015,77.69,76.55,79.19,76.82,77.73,78.76,72.89
"12674",256,2015,81.54,79.15,82.45,78.98,79.52,80.79,73.5
"12675",257,2015,81.79,82.18,82.08,81.13,81.47,81.71,76.13
"12676",258,2015,80.89,83.6,81.83,85.06,82.38,86.96,79.71
"12677",259,2015,84.33,87.96,84.38,88.96,85.83,88.11,85.07
"12678",260,2015,83.15,85.45,83.54,85.92,84.95,83.86,84.57
"12679",261,2015,87.01,89.68,86.96,90.28,87.39,86.67,88
"12680",262,2015,82.65,87.57,82.3,91.71,84.74,90.36,87.81
"12681",263,2015,86.68,91.61,86.99,93.49,87.76,92.7,90.1
"12682",264,2015,82.9,86.12,83.06,86.86,83.37,87.15,82.28
"12683",265,2015,79.95,80.68,80.99,84.23,79.94,83.72,80.57
"12684",266,2015,79.76,77.89,81.84,80.94,79.14,80.39,77.97
"12685",267,2015,81.3,83.69,81.46,84.18,80.72,85.38,78.98
"12686",268,2015,80.5,80.8,81.17,80.85,79.85,81.48,75.1
"12687",269,2015,79.21,76.14,81.71,78.07,77.72,79.48,72.94
"12688",270,2015,74.37,72.5,77.04,75.14,73.11,75.44,70.91
"12689",271,2015,74.1,70.79,76.45,74.17,72.63,74.87,69.53
"12690",272,2015,73.46,70.23,77.19,74.95,72.09,73.19,70.91
"12691",273,2015,75.6,75.37,78.27,78.36,75.27,75.74,75.9
"12692",274,2015,76.6,74.88,79.27,77.62,75.51,73.85,76.98
"12693",275,2015,78.75,74.86,81.77,83.83,77.2,81.86,80.41
"12694",276,2015,83.94,83.44,85.48,89.54,83.14,87.92,85.62
"12695",277,2015,78.91,81.39,80.75,84.98,80,83.73,80.52
"12696",278,2015,81.32,82.25,82.46,81.01,81.3,82.36,76.78
"12697",279,2015,81.9,80.28,83.01,81.43,79.72,80.87,77.35
"12698",280,2015,75.65,73.72,77.77,76,73.94,75.69,72.58
"12699",281,2015,78.54,74.41,81.44,76.68,76.21,73.78,74.57
"12700",282,2015,77.07,72.6,78.93,74.83,75.23,72.17,75.06
"12701",283,2015,80.46,81.14,80.7,78.67,82.11,76.86,78.89
"12702",284,2015,84.54,85.63,84.83,86.19,85.41,83.48,83.68
"12703",285,2015,91.07,92.73,91.18,89.17,90.84,88.04,86.25
"12704",286,2015,91.8,95.77,91.13,93.29,92.21,92.62,91.6
"12705",287,2015,92.12,96.82,90.94,94.95,92.61,95.32,92.78
"12706",288,2015,85.3,89.39,85.39,92,87.24,90.13,89.05
"12707",289,2015,75.83,74.51,77.78,77.79,74.94,76.45,76.22
"12708",290,2015,76.85,76.15,80.19,79.76,78.81,78.33,77.44
"12709",291,2015,82.48,84.03,83.87,87.19,84.46,84.98,83.68
"12710",292,2015,82.44,85.02,83.31,86.75,82.83,84.5,82.83
"12711",293,2015,82.12,82.96,82.47,82.81,82.23,82.71,78.96
"12712",294,2015,77.17,76.05,79.06,79.94,76.76,79.31,76.2
"12713",295,2015,78.46,74.35,81.41,79.59,77.94,77.35,77.04
"12714",296,2015,85.62,81.3,86.58,79.28,84.04,76.77,80.04
"12715",297,2015,88.08,91.34,87.21,90.86,87.95,89.7,87.01
"12716",298,2015,85.71,86.33,86.09,91.03,85.48,89.69,87.52
"12717",299,2015,82.44,82.22,83.75,88.89,81.01,88.57,84.01
"12718",300,2015,79.69,78.15,81.22,83.31,78.3,81.42,79.81
"12719",301,2015,83.76,79.05,84.93,79.39,80.44,77.3,78.89
"12720",302,2015,82.6,83.32,82.67,80.86,81.38,77.46,81.24
"12721",303,2015,84.79,83.35,85.1,80.37,84.14,77.86,80.97
"12722",304,2015,81.61,78.22,82.61,76.92,81.03,74.84,78.23
"12723",305,2015,82.13,80.1,83.03,74.41,81.84,72.88,77.8
"12724",306,2015,81.41,81.92,82.29,80.51,80.96,76.01,81.62
"12725",307,2015,81.24,76.87,82.83,76.7,79.34,73.49,77.93
"12726",308,2015,85.81,89.73,85.94,87.98,87.38,85.42,88.19
"12727",309,2015,84.79,86.35,85.1,85.54,85.18,83.3,85.25
"12728",310,2015,86.37,91.92,86.11,89.67,87.74,87.99,89.6
"12729",311,2015,86.49,93.65,86.18,91.59,88.87,88.68,91.6
"12730",312,2015,87.07,91.55,86.8,93.91,88.32,92.92,89.82
"12731",313,2015,77.94,76.62,80.22,81.8,76.68,80.75,78.93
"12732",314,2015,84.22,82.5,85.34,84.64,82.45,83.02,82.52
"12733",315,2015,91.14,91.63,90.66,89.68,89.83,89.99,85.44
"12734",316,2015,84.42,85.61,84.68,87.46,83.29,88.18,82.99
"12735",317,2015,81.99,82.42,83.63,85.26,82.01,82.74,83.82
"12736",318,2015,86.54,92.08,86.67,92.48,88.07,90.36,89.55
"12737",319,2015,88.59,91.89,88.25,93.66,89.3,92.81,91.68
"12738",320,2015,82.19,85.38,83.82,92.21,81.78,91.46,88.67
"12739",321,2015,77.94,79.11,80.54,87.81,76.7,87.57,83.35
"12740",322,2015,77.51,75.43,79.27,84.11,74.99,82.63,80.16
"12741",323,2015,79.29,78.91,80.66,82.85,78.27,81.75,80.08
"12742",324,2015,76.61,77.36,77.08,77.53,76.93,76.18,78.37
"12743",325,2015,72.87,74.09,74.37,75.34,72.41,73.32,76.26
"12744",326,2015,81.87,79.11,84.14,79.67,81.57,78.57,79.1
"12745",327,2015,81.24,77.59,82.61,82.48,78.95,80.75,79.85
"12746",328,2015,78.14,74.73,80.16,77.58,76.01,75.67,77.15
"12747",329,2015,78.95,75.1,80.43,76.12,76.59,74.94,75.87
"12748",330,2015,77.6,73.66,79.65,75.95,74.37,75.59,73.97
"12749",331,2015,83.3,85.73,84.01,87.09,81.87,86.23,82.9
"12750",332,2015,81.67,79.2,84.11,86.62,77.67,86.75,81.22
"12751",333,2015,80.08,82.31,81.83,88.05,77.01,87.9,81.63
"12752",334,2015,79.93,80.98,82.23,88.05,76.74,87.42,82.43
"12753",335,2015,80.22,82.6,81.16,87.83,78.8,89.88,80.84
"12754",336,2015,81.1,81.3,81.83,83.26,80.43,85.1,78.3
"12755",337,2015,86.71,86.4,87.08,87.61,84.45,89.03,82.81
"12756",338,2015,80.41,79.49,81.68,84.48,78.57,83.89,80.31
"12757",339,2015,82.5,79.63,82.46,82.13,80.58,80.7,78.9
"12758",340,2015,73.19,74.72,74.21,79.1,72.53,77.07,75.32
"12759",341,2015,69.26,67.93,71.5,75.52,66.32,74.22,71.04
"12760",342,2015,71.77,70.05,73.95,77.07,70.26,75.22,73.73
"12761",343,2015,75.64,74.53,77.35,79.76,74.03,78.33,76.17
"12762",344,2015,76.04,74.27,78.08,80.16,73.86,78.49,75.43
"12763",345,2015,74.84,74.83,76.03,82.41,75.54,81.6,76.84
"12764",346,2015,75.75,75.22,76.68,81.26,75.48,80.68,75.74
"12765",347,2015,74.33,75.72,75.79,83.48,73.73,82.63,77.52
"12766",348,2015,74.78,76.55,76.32,85.29,74.02,83.66,78.98
"12767",349,2015,74.73,78.49,75.61,84.56,74.52,84.13,79.86
"12768",350,2015,79.35,80.49,81.15,87.36,78.48,86.84,81.19
"12769",351,2015,82.86,82.17,84.81,87.37,80.74,86.78,81.75
"12770",352,2015,82.48,86.57,82.61,90.85,83.09,91.48,84.78
"12771",353,2015,75.91,71.97,77.89,81.77,72.31,79.38,76.9
"12772",354,2015,70.71,67.73,73.01,75.74,67.67,73.34,71.47
"12773",355,2015,68.44,65.15,70.45,73.63,64.66,71.7,69.22
"12774",356,2015,67.9,70.03,69.69,80.27,66.97,79.64,74.58
"12775",357,2015,65.45,63.69,67.03,72.48,62.29,71.55,67.66
"12776",358,2015,66.08,65.34,68.2,75.28,63.52,73.9,69.92
"12777",359,2015,61.69,62.46,62.48,74.05,60.79,71.19,68.9
"12778",360,2015,61.07,56.01,63.02,64.57,56.53,61.91,61.51
"12779",361,2015,62.41,60.77,63.84,72.45,59.47,70.02,67.82
"12780",362,2015,62.22,64.11,64.6,76.42,62.05,73.53,71.74
"12781",363,2015,64.15,66.81,65.66,78.53,64.5,76.28,73.08
"12782",364,2015,74.07,81.06,72.93,87.67,74.72,86.88,81.94
"12783",365,2015,69.1,74.21,68.67,84.18,70.91,82.93,78.9
"12784",1,2016,64.99,72.37,64.65,83.28,66.56,82.68,76.29
"12785",2,2016,62.96,67.01,63.41,77.69,63.28,76.5,72.71
"12786",3,2016,62.56,67.97,63.03,80.9,61.31,81.06,74.88
"12787",4,2016,65.28,70.76,64.89,82.9,65.22,83.26,76.66
"12788",5,2016,64.13,69.92,63.43,80.48,65.56,78.37,77.55
"12789",6,2016,60.88,69.47,59.91,78.49,63.08,76.26,76.26
"12790",7,2016,60.63,67.58,59.97,78.89,62.07,76.33,77.34
"12791",8,2016,58,65.27,57.56,77.05,59.76,74.27,74.75
"12792",9,2016,57.89,66.59,56.76,77.76,61.18,75.36,75.81
"12793",10,2016,54.47,63.54,53.9,76.49,57.12,74.14,74.06
"12794",11,2016,53.61,60.81,52.6,71.4,55.5,69.47,69.03
"12795",12,2016,52.3,56.85,52.06,67.76,53.09,65.12,65.31
"12796",13,2016,52.19,60.46,52.18,70.36,54.5,67.78,68.31
"12797",14,2016,52.2,56.75,52.81,66.77,53.84,64.2,65.93
"12798",15,2016,49.5,55.28,49.79,63.21,50.68,61.85,61.38
"12799",16,2016,50.95,54.82,51.61,64.48,51.89,62.71,61.78
"12800",17,2016,49.93,54.76,50.55,65.17,51.34,63.18,62.6
"12801",18,2016,48.43,53.62,49.42,63.22,50.02,61.29,61.58
"12802",19,2016,48.8,50.42,49.91,55.22,48.67,54.49,55.85
"12803",20,2016,48.92,50.78,50.46,57.77,49.7,55.82,58.13
"12804",21,2016,52.3,56.31,52.94,67.45,53.17,63.82,65.73
"12805",22,2016,52.85,57.29,53.84,70.09,54.14,66.34,68.11
"12806",23,2016,52.83,58.84,53.7,72.24,55.14,68.34,69.54
"12807",24,2016,51.06,56.39,52.3,70.05,54.08,65.71,67.4
"12808",25,2016,45.4,52.02,46.84,63.97,47.95,60.37,62.79
"12809",26,2016,46.23,48.11,46.98,57.31,46.48,54.94,57.08
"12810",27,2016,48.33,48.85,50.02,61.82,47.82,58.71,58.87
"12811",28,2016,48.94,51.76,50.42,66.59,49.57,62.35,64.06
"12812",29,2016,48.12,51.55,49.28,63.16,49.21,60.29,62.75
"12813",30,2016,47.05,53.45,47.7,60.69,48.77,59.87,60.8
"12814",31,2016,48.68,53.76,49.1,64.03,50.27,62.41,62.65
"12815",32,2016,47.54,51.56,48.3,64.64,48.93,60.68,62.56
"12816",33,2016,49.14,50.94,51.33,63.74,50.03,61.37,61.25
"12817",34,2016,51.81,54.16,54,67.81,52.68,63.5,66.82
"12818",35,2016,51.34,53.92,52.26,65.57,52.51,60.83,66.17
"12819",36,2016,49.2,50.6,51.08,61.75,50.71,56.94,63.55
"12820",37,2016,52.19,51.49,53.37,62.86,52.17,57.89,62.19
"12821",38,2016,54.06,58.32,55.5,72.31,55.45,68.88,68.4
"12822",39,2016,56.15,65.05,57,81.33,59.87,78.67,75.97
"12823",40,2016,53.74,57.77,54.84,70.8,56.37,67.46,68.63
"12824",41,2016,51.39,54.96,53.42,71.01,53.54,66.38,68.11
"12825",42,2016,49.94,49.66,52.17,65.58,50.6,60.3,63.75
"12826",43,2016,48.22,49.46,50.66,67.08,48.15,62.02,65.14
"12827",44,2016,49.2,51.38,51.19,71.69,49.39,65.19,68.7
"12828",45,2016,50.89,57.05,51.6,76.33,51.54,73.22,71.24
"12829",46,2016,56.24,64.88,56.12,80.57,58.59,77.62,75.87
"12830",47,2016,53.79,61.3,53.79,76.5,56.23,73.82,72.73
"12831",48,2016,52.83,58.64,53.35,75.76,53.76,72.6,70.85
"12832",49,2016,48.12,51.94,48.79,68.36,49.23,63.54,67.07
"12833",50,2016,47.51,54.04,48.64,71.44,49.75,66.44,68.25
"12834",51,2016,47.43,52.02,48.6,69.79,48.71,64.48,66.67
"12835",52,2016,48.11,60.27,47.49,79.56,51.47,78.02,73.02
"12836",53,2016,50.71,63.62,50.27,81.78,55.23,79.74,75.28
"12837",54,2016,49.09,57.67,48.84,73.93,52.37,70.27,71.82
"12838",55,2016,52.87,56.32,54.21,73.48,53.82,67.92,70.65
"12839",56,2016,55,58.97,55.24,71.72,57.11,67.98,70.31
"12840",57,2016,53.78,59.97,53.88,75.89,56.35,72.09,73.73
"12841",58,2016,47.44,56.95,47.55,77.83,50.1,73.99,72.98
"12842",59,2016,42.5,49.16,43.15,68.38,44.31,64.19,64.34
"12843",60,2016,43.08,46.27,44.58,63.55,42.88,59.78,60.46
"12844",61,2016,49.81,54.25,50.37,70.64,50.84,66.24,67.91
"12845",62,2016,51.16,56.73,52.83,73.21,53.66,68.27,71.05
"12846",63,2016,48.7,53.93,51.21,69.78,52,64.7,67.91
"12847",64,2016,43.88,49.35,45.3,68.39,46.81,62,65.18
"12848",65,2016,41.46,46.32,41.49,62.36,43.06,57.98,60.83
"12849",66,2016,41.11,45.76,42.12,62.6,43.39,56.57,61.85
"12850",67,2016,41.04,43.93,43.12,57.83,42.18,52.67,58.71
"12851",68,2016,42.75,44.75,44.68,60.27,44.42,53.26,61.8
"12852",69,2016,44.41,46.18,46.1,62.52,45.4,56.71,62.14
"12853",70,2016,42.25,43.17,43.63,57.94,43.35,51.49,58.43
"12854",71,2016,45.25,47.45,45.69,62.6,45.85,57.25,61.51
"12855",72,2016,42.86,48.58,43.26,65.99,44.88,60.93,65.77
"12856",73,2016,39.49,45.94,42.71,68.05,42.8,60.4,67.16
"12857",74,2016,43.96,45.42,49.26,63.06,46.34,56.91,61.7
"12858",75,2016,56.87,55.43,60.63,69.29,57.65,62.64,69.26
"12859",76,2016,66.25,64.25,70.54,78.56,72.03,70.56,79.3
"12860",77,2016,77.4,82.42,78.42,89.48,81.27,85.46,87.27
"12861",78,2016,80.93,82.32,81.95,82.87,81.16,80.05,82.13
"12862",79,2016,72.4,74.77,74.39,83.1,73,77.43,79.91
"12863",80,2016,64.22,63.91,67.51,73.03,65.06,68.19,71.01
"12864",81,2016,67.51,61.59,71.46,68.42,67.18,63.23,68.32
"12865",82,2016,64.4,57.7,67.88,65.28,63.48,59.78,65.12
"12866",83,2016,51.92,50.85,54.73,60.11,54.67,53.32,61.12
"12867",84,2016,47.46,48.52,48.31,59.98,49.07,54.41,59.13
"12868",85,2016,46.45,48.36,47.12,61.55,46.72,54.98,59.87
"12869",86,2016,45.33,49.4,45.37,64.68,46.76,58.24,62.35
"12870",87,2016,48.04,55.15,48.89,69.85,50.73,63.74,66.16
"12871",88,2016,53.61,56.49,57.22,69.32,55.51,63.69,68.71
"12872",89,2016,62.77,60.16,67.05,70.31,64.26,63.59,71.38
"12873",90,2016,65.91,67.69,68.88,80.48,71.63,71.83,81.69
"12874",91,2016,84.26,82.12,86.45,86.24,84.5,81.17,83.82
"12875",92,2016,81.83,81.57,83.91,88.27,84.47,85.1,86.55
"12876",93,2016,82.32,85.71,84.17,90.5,84.32,88.16,88.77
"12877",94,2016,83.41,83.94,84.61,86.81,86.33,83.75,87.3
"12878",95,2016,81.38,84.07,83.49,88.4,81.8,86.72,86.43
"12879",96,2016,79.07,77.57,82.16,82.28,78.03,79.02,81.21
"12880",97,2016,83.82,78.25,86.68,85.31,84.14,81.38,83.96
"12881",98,2016,79.72,78.43,81.75,85.77,81.75,81.46,84.61
"12882",99,2016,80.49,78.71,83.71,85.87,79.68,83.4,82.71
"12883",100,2016,81.76,80.53,84.3,83.55,82.27,81.33,81.78
"12884",101,2016,79.98,79.23,81.84,83.59,79.41,80.79,81.22
"12885",102,2016,74.06,73.69,77.35,77.17,76.68,73.18,78.01
"12886",103,2016,70.97,68.97,75.34,76.23,72.88,73.36,77.32
"12887",104,2016,77.71,69.86,82.08,80.5,75.46,76.52,78.14
"12888",105,2016,83.06,77.83,84.02,82.1,83.46,75.76,83.79
"12889",106,2016,77.67,73.03,80.18,82.48,77.93,75.87,81.72
"12890",107,2016,80.45,74,83.91,84.28,78.93,79.74,80.66
"12891",108,2016,79.7,73.1,83.44,84.26,77.27,80.92,81.55
"12892",109,2016,83.66,80.7,84.34,86.43,83.19,82.4,83.35
"12893",110,2016,83.67,86.62,83.9,89.12,83.97,88.9,84.37
"12894",111,2016,89.6,92.66,89.41,92.38,89.82,91.19,89.55
"12895",112,2016,85.49,90.34,86.22,94,86.94,92.56,90.48
"12896",113,2016,90.84,96.79,89.82,97.51,92.57,97.3,95.55
"12897",114,2016,86.75,88.07,86.79,91.27,85.69,89.94,88.76
"12898",115,2016,87.51,90.16,88.23,90.42,87.77,89.64,90.44
"12899",116,2016,81.91,85.1,82.83,83.65,82.53,81.74,84.16
"12900",117,2016,79.51,80.22,81.21,80.98,80.1,79.02,82.03
"12901",118,2016,77.74,76.21,80.84,80.94,77.02,78.19,80.05
"12902",119,2016,87.01,85.88,89.1,86.36,86.75,84.62,84.98
"12903",120,2016,90.43,93.6,90.52,94.41,89.2,94.21,90.85
"12904",121,2016,85.03,87.86,83.82,93.35,81.74,95.22,89.2
"12905",122,2016,84.18,92,82.31,96.14,82.12,98.38,90.08
"12906",123,2016,84.43,89.9,84.46,94.98,82.2,96.03,88.77
"12907",124,2016,87.34,95.96,86.73,97.44,89.92,98.49,94.13
"12908",125,2016,89.03,94.73,89.45,96.47,90.56,96.92,93.98
"12909",126,2016,86.14,92.24,86.19,94.72,87.01,93.35,91.03
"12910",127,2016,88.24,93.2,87.94,95.69,89.01,94.27,92.56
"12911",128,2016,89.24,95.92,87.7,96.16,91.22,96.09,93.99
"12912",129,2016,85.02,86.43,84.46,86.69,84.4,85.5,86.74
"12913",130,2016,87.17,87.74,87.59,86.71,86.29,83.13,86.46
"12914",131,2016,88.56,87.07,88.96,89.15,86.23,87.39,86.59
"12915",132,2016,85.57,81.31,86.5,82.4,82.8,81.57,79.93
"12916",133,2016,86.15,88.34,85.64,90.97,86.47,89.65,87.29
"12917",134,2016,90.55,95.76,89.33,94.96,91.26,93.97,91.89
"12918",135,2016,89.67,94.08,89.49,94.33,91.65,93.55,91.51
"12919",136,2016,89.01,93.1,88.46,94.3,90.08,92.84,90.96
"12920",137,2016,89.03,90,88.52,90.56,88.3,89.3,88.07
"12921",138,2016,89.66,87.49,89.4,87.89,88.71,86.77,86.64
"12922",139,2016,90.99,91.05,90.46,90.22,91.51,89.56,88.01
"12923",140,2016,89.01,86.22,89.47,89.83,87.81,88.15,87.77
"12924",141,2016,84.78,84.05,85.27,89.38,85.57,88.01,86.8
"12925",142,2016,87.59,89.02,87.59,90.89,87.48,91.1,86.85
"12926",143,2016,89,94.58,87.87,95.79,89.81,95.94,92.26
"12927",144,2016,89.3,92.11,88.89,94.07,90.39,92.63,90.69
"12928",145,2016,89.43,95.19,89.35,96.56,90.87,96.72,92.86
"12929",146,2016,88.32,92.51,88.11,93.72,89.61,92.98,92.43
"12930",147,2016,92.16,95.23,91.68,95.22,91.21,94.73,92.51
"12931",148,2016,90.59,96.96,89.2,97.78,90.44,98.34,95.19
"12932",149,2016,90.77,94.84,89.52,97,91.94,96.88,95.22
"12933",150,2016,89.52,89.65,89.87,92.29,89.32,91.1,90.82
"12934",151,2016,88.6,92.22,88.17,91.81,89.24,90.74,91.44
"12935",152,2016,85.03,88.77,85.48,92.17,85.69,91.02,90.02
"12936",153,2016,88.59,91.06,88.37,90.05,89.2,89.54,87.59
"12937",154,2016,86.42,92.34,85.86,92.04,87.91,90.92,87.58
"12938",155,2016,84.47,81.8,85.13,84.75,84.26,83.32,81.92
"12939",156,2016,76.83,69.87,79.18,70.95,73.52,68.83,72.54
"12940",157,2016,81.18,75.86,82.55,74.11,80.38,71.79,76.72
"12941",158,2016,85.01,83.35,86.18,83.48,84.81,79.7,84.39
"12942",159,2016,88.15,92.54,87.73,90.72,88.67,91.45,87.49
"12943",160,2016,82.76,85.5,82.96,87.35,82.82,87.18,85.31
"12944",161,2016,86.59,88.28,85.68,89.12,86.55,88.09,86.48
"12945",162,2016,86.83,91.61,87.52,91.9,88.95,90.83,89.26
"12946",163,2016,87.32,87.35,87.07,89.26,87.82,88.28,88.75
"12947",164,2016,86.16,85.72,86,88.32,85.9,87.91,86.91
"12948",165,2016,91.15,95.08,90.4,93.37,90.22,94.72,90.91
"12949",166,2016,92.71,98.35,92.7,97.68,93.38,99.33,94.87
"12950",167,2016,93.74,99.09,91.65,98.68,93.71,99.01,96.69
"12951",168,2016,83.22,83.75,83.72,84.64,84.22,84.79,83.78
"12952",169,2016,85.82,84.62,86.41,87.58,86.01,84.17,86.98
"12953",170,2016,87.73,91.15,87.79,93.02,89.18,90.71,92.09
"12954",171,2016,88.12,93.79,88.1,94.52,89.85,91.99,92.96
"12955",172,2016,90,94.79,87.52,96.48,87.24,95.94,92.37
"12956",173,2016,91.13,97.25,89.86,96.75,92.44,96.14,94.59
"12957",174,2016,87.69,88.74,87.97,90.53,87.62,89.48,89.52
"12958",175,2016,87.38,84.76,87.45,87.93,84.84,86.35,88.41
"12959",176,2016,89.68,93.71,89.03,93.28,88.94,91.75,91.83
"12960",177,2016,92.59,94.92,91.57,92.96,91.65,92.9,92.23
"12961",178,2016,89.46,93.04,90.16,94.27,89.51,94.41,91.37
"12962",179,2016,81.83,80.7,82.66,82.8,80.84,82.7,81.58
"12963",180,2016,83.93,83.67,84.82,86.6,82.84,85.66,84.05
"12964",181,2016,86.03,90.69,86.54,91.75,87.04,92.02,87.15
"12965",182,2016,89.6,95.14,89.17,97.06,91.68,96.97,95
"12966",183,2016,89.05,94.98,89.12,95.09,91.31,94.85,94.19
"12967",184,2016,84.37,86.14,84.52,89.14,85.08,86.94,88.42
"12968",185,2016,88.35,91.09,88.57,89.9,89.89,88.26,91.67
"12969",186,2016,86.9,88.4,87.55,86.15,87.27,84.31,87.29
"12970",187,2016,90.05,94.71,89.76,93.59,90.9,91.4,93.02
"12971",188,2016,94.12,96.98,93.99,95.63,94.06,94.88,95.13
"12972",189,2016,93.97,97.03,93.26,94.85,94.45,95.39,93.03
"12973",190,2016,85.19,84.38,86.57,86.34,85.71,87.29,83.88
"12974",191,2016,84.77,86.66,85.27,87.42,84.74,87.36,85.47
"12975",192,2016,88.36,91.39,87.96,90.27,88.17,89.28,88.41
"12976",193,2016,89.03,90.04,88.53,88.31,89.78,88.11,87.22
"12977",194,2016,87.16,84.09,87.05,83.88,86.89,82.33,83.17
"12978",195,2016,84.87,78.29,87.01,76.97,83.63,75.31,79.75
"12979",196,2016,87.57,87.02,87.66,88.55,86.67,86.38,86.5
"12980",197,2016,87.82,87.34,88.5,85.03,86.8,84.34,85.83
"12981",198,2016,95.37,98.62,93.95,94.82,95.22,94.01,94.85
"12982",199,2016,90.28,94.54,88.77,94.41,91.09,94.4,92.35
"12983",200,2016,81.13,81.26,81.93,86.06,82.05,85.29,83.65
"12984",201,2016,81.71,83.87,83.23,86.32,83.18,84.59,84.24
"12985",202,2016,86.74,91.28,86.76,91.11,86.28,89.66,87.76
"12986",203,2016,85.2,92.08,84.53,92.59,84.59,91.66,88.52
"12987",204,2016,83.44,88.47,83.52,90.52,82.97,87.7,87.34
"12988",205,2016,81.77,82.05,82.37,82.8,80.38,81.18,83.55
"12989",206,2016,89.75,93.71,89.21,92.97,89.56,93.89,91.22
"12990",207,2016,89.93,93.73,89.5,94.02,89.51,94.28,92.21
"12991",208,2016,83.42,84.16,83.99,85.69,83.24,85.3,84.69
"12992",209,2016,87.77,93.31,87.98,93.51,88.96,92.91,90.53
"12993",210,2016,85.67,89.44,85.8,93.1,86.64,92.64,88.8
"12994",211,2016,87.59,91.23,86.99,92.91,88.74,92.53,89.83
"12995",212,2016,86.13,86.9,85.52,90.92,84.63,89.93,88.08
"12996",213,2016,80.42,84.81,80.75,88.69,80.66,87.95,85
"12997",214,2016,84.48,87.21,85.25,89.68,84.26,90.21,84.83
"12998",215,2016,85.29,92.79,85.39,96.9,87.5,98.12,92.43
"12999",216,2016,84.52,91.01,84.07,95.92,85.63,96.11,90.74
"13000",217,2016,84.42,86.79,85.32,92.16,84.81,93.87,86.35
"13001",218,2016,84.14,86.94,84.82,89.92,85.32,89.47,87.17
"13002",219,2016,80.75,86.09,79.81,90.17,81.22,90.37,85.37
"13003",220,2016,78.43,83.64,78.64,87.26,79.93,88.41,82.91
"13004",221,2016,81.55,84.73,82.02,85.09,82.37,84.47,84.11
"13005",222,2016,87.02,92.2,87.6,88.36,88.92,87.81,87.95
"13006",223,2016,88.27,87.71,88.23,89.37,86.49,88.89,85.56
"13007",224,2016,83.13,85.82,83.81,87.05,83.24,88.21,82.57
"13008",225,2016,88.79,92.82,88.38,91.57,89.59,93.05,88.96
"13009",226,2016,88.2,89.91,88.92,91.88,89.31,90.23,89.56
"13010",227,2016,82.68,87.73,82.88,88.79,84.46,88.93,84.81
"13011",228,2016,80.79,84.06,81.12,87.18,81.61,86.06,83.9
"13012",229,2016,82.95,87.2,82.41,89.01,83.34,88.23,85.29
"13013",230,2016,79.93,78.98,80.77,81.52,79.69,80.72,79.57
"13014",231,2016,85.35,89.55,85.19,89.37,87.25,87.82,88.11
"13015",232,2016,86.14,84.75,86.47,85.5,84.23,86.02,81.91
"13016",233,2016,81.54,81.55,81.86,81.68,81.03,82.96,78.79
"13017",234,2016,79.55,80.09,81.27,82.67,79.8,83.11,78.66
"13018",235,2016,89.05,94.24,88.89,91.52,88.76,93.07,86.08
"13019",236,2016,85.26,88.19,85.94,88.37,84.28,90.57,82.83
"13020",237,2016,84.94,89.62,84.4,89.21,84.24,90.05,85.71
"13021",238,2016,83.1,89.7,83,91.99,83.43,93.43,86.07
"13022",239,2016,86.43,91.72,85.42,93.53,87.48,94.46,87.32
"13023",240,2016,82.74,88.12,82.61,91.36,83.81,91.83,86.54
"13024",241,2016,81.21,82.15,81.34,83.58,80.77,82.67,80.39
"13025",242,2016,81.8,83.17,81.5,81.98,82.7,80.59,80.53
"13026",243,2016,84.55,82.09,85.42,84.01,83.2,82.6,82.66
"13027",244,2016,81.1,80.56,82.28,83.53,81.44,83.5,80.1
"13028",245,2016,87.65,89.31,87.83,84.3,88.06,83.89,85.3
"13029",246,2016,89.3,92.55,88.76,88.32,88.31,89.71,86.81
"13030",247,2016,86.37,89.75,86.21,87.37,86.2,85.12,87.34
"13031",248,2016,87.91,92.39,86.32,88,88.56,86.68,88.75
"13032",249,2016,88.29,94.41,86.54,93.88,88.27,92.97,89.25
"13033",250,2016,86.57,91.64,86.32,92.43,86.77,93.47,87.06
"13034",251,2016,86.69,92.93,86,92.54,84.91,94.25,86.98
"13035",252,2016,82.68,91.94,82.95,94.7,84.25,94.57,89.61
"13036",253,2016,85.07,93.73,83.86,94.94,87.29,95.57,89.95
"13037",254,2016,88.76,94.1,87.83,93.38,90.18,92.39,90.2
"13038",255,2016,89.95,94.5,89.79,95.26,90.54,95.36,92.18
"13039",256,2016,82.15,85.01,82.43,87.18,83.56,87.33,85.76
"13040",257,2016,84.13,86.45,83.89,82.87,84.38,82.8,85.56
"13041",258,2016,88.03,90.33,87.97,87.4,87.96,86.13,87.14
"13042",259,2016,86.94,87.35,87.26,86.87,86.96,85.1,84.67
"13043",260,2016,87.97,87.39,88.18,83.84,87.02,84.36,81.61
"13044",261,2016,84.42,86.68,84.63,85.98,84.44,85.87,84.47
"13045",262,2016,82.15,85.83,82.3,89.19,82.07,86.9,86.17
"13046",263,2016,84.72,92.13,84.04,92.27,86.21,92.15,87.9
"13047",264,2016,85.12,90.1,85.05,89.5,86.19,88.85,86.07
"13048",265,2016,85.87,92.61,85.86,90.91,87.77,90.46,86.54
"13049",266,2016,83.18,88.33,82.58,88.29,85.48,86.5,85.83
"13050",267,2016,82.84,85.64,82.19,83.66,84.01,83.34,81.87
"13051",268,2016,80.4,82.8,81.7,85.97,82.87,84.79,83.07
"13052",269,2016,86.9,84.87,87.78,84.34,87.97,81.34,84.15
"13053",270,2016,85.85,90.74,85.2,90.88,86.72,90.07,87.4
"13054",271,2016,80.66,81.6,80.95,82.31,80.73,83.43,79.02
"13055",272,2016,78.73,78.01,79.78,76.36,78.17,75.58,77.69
"13056",273,2016,80.7,80.22,81.71,75.35,81.37,74.39,78.85
"13057",274,2016,80.45,84.14,80.55,83.79,81.64,82.38,82.88
"13058",275,2016,86.72,95.1,85.68,97.01,88.11,98.21,93.29
"13059",276,2016,88.58,96.23,87.58,97.34,89.44,98.93,92.61
"13060",277,2016,88.03,91.9,86.64,92.91,84.82,94.26,88.75
"13061",278,2016,81.7,84.22,81.1,88.2,80.82,87.71,84.42
"13062",279,2016,81.06,86.7,81.05,88.58,83.15,87.46,86.44
"13063",280,2016,81.63,82.58,82.26,81.93,82.06,78.4,83.1
"13064",281,2016,80.36,83.12,81.51,80.68,82.25,79.44,82.67
"13065",282,2016,80.57,81.94,81.96,83.66,81.65,81.74,83.95
"13066",283,2016,87.63,88.97,87.88,87.89,88.27,86.24,87.81
"13067",284,2016,81.07,82.21,81.59,85.59,79.29,84.71,82.92
"13068",285,2016,84.3,86.51,83.93,87.84,82.94,86.29,85.65
"13069",286,2016,83.67,86.12,84.05,89.09,83.45,87,86.28
"13070",287,2016,85.42,87.55,85.76,84.99,84.74,83.24,84.5
"13071",288,2016,87.89,91.04,87.12,87.05,88.04,86.83,87.69
"13072",289,2016,87.48,85.83,86.98,86.23,85.28,85.12,83.76
"13073",290,2016,84.66,86.02,84.53,87.49,84.62,86.83,85.02
"13074",291,2016,81.75,84.65,81.84,87.73,81.84,88.5,84.27
"13075",292,2016,79.55,79.98,81,81.79,79.3,82.31,78.85
"13076",293,2016,81.44,82.88,82.73,86.39,82.44,86.83,83.36
"13077",294,2016,82.05,84.71,82.03,85.67,83.18,84.18,82.14
"13078",295,2016,78.43,77.1,80.24,79.66,77.37,78.02,77.76
"13079",296,2016,79.02,74.9,81.11,75.34,78.06,73.54,76.78
"13080",297,2016,82.61,81.98,84.15,78.31,82.11,78.1,80.95
"13081",298,2016,79.7,82.68,80.66,82.37,80.96,80.25,83.87
"13082",299,2016,83.4,87.82,83.37,83.13,84.22,81.93,85.66
"13083",300,2016,82.64,87.53,82.29,83.63,83.63,81.89,84.54
"13084",301,2016,83.27,86,83.25,86.03,84.11,82.8,85.97
"13085",302,2016,88.48,90.87,88.19,87.82,89.14,86.26,89.27
"13086",303,2016,89.36,94.08,89.1,93.6,90.45,93.92,90.93
"13087",304,2016,81.83,86.75,81.75,90.02,81.84,88.42,85.79
"13088",305,2016,77.84,80.5,78.09,83.76,78.37,82.48,81.99
"13089",306,2016,80.19,81.58,81.31,86.72,80.65,83.75,84.87
"13090",307,2016,85.76,87.92,85.78,86.97,86.69,85.77,86.88
"13091",308,2016,83.21,87.29,82.65,87.3,84.17,85.78,86.64
"13092",309,2016,84.88,85.41,85.88,88.99,83.18,87.77,87.49
"13093",310,2016,83.8,87.26,83.87,89.96,81.49,90.21,84.99
"13094",311,2016,81.42,82.51,82.44,89.06,79.94,87.29,83.95
"13095",312,2016,82.66,84.45,82.14,87.95,83.67,86.32,85.86
"13096",313,2016,85.64,87.18,85.44,84.88,85.59,83.9,85.82
"13097",314,2016,82.14,84.26,82.64,82.03,82.08,80.2,82.29
"13098",315,2016,84.42,86.27,84.72,82.93,84.19,81.74,84.11
"13099",316,2016,85.54,91.07,85.78,85.54,86.13,84.66,86.92
"13100",317,2016,83.45,83.94,84.09,81.84,82.74,80.56,81.43
"13101",318,2016,82.25,83.4,82.97,78.06,82.3,77.85,79.83
"13102",319,2016,80.81,81.51,81.29,77.99,82.65,78.05,80.83
"13103",320,2016,74.03,75.35,75.27,73.32,75.5,73.3,75.97
"13104",321,2016,74,77.55,75.16,79.32,74.77,78.47,78.89
"13105",322,2016,76.72,78.49,77.79,80.25,76.3,78.73,80.31
"13106",323,2016,82.47,85.26,83.2,82.76,82.67,81.05,83.03
"13107",324,2016,87.13,88.94,86.54,85.87,86.65,83.88,87.11
"13108",325,2016,84.84,88.48,85.35,88.11,84.91,86.66,87.19
"13109",326,2016,82.43,86.92,83.96,89.91,84.05,88.16,88.05
"13110",327,2016,82.06,85.54,82.76,89.32,83.94,87.07,88.35
"13111",328,2016,82.15,82.74,82.2,82.13,81.51,81.13,82.46
"13112",329,2016,81.99,82.97,82.79,82.66,81.98,80.14,82.81
"13113",330,2016,90.37,92.81,89.64,88.87,89.15,88.22,88.59
"13114",331,2016,85.03,86.42,85.63,87.76,84.29,86.11,86.19
"13115",332,2016,86.59,89.7,87.42,90.17,86.88,89.18,88.08
"13116",333,2016,85.63,89.9,85.39,91.04,87.64,89.51,89.71
"13117",334,2016,91.23,95.13,89.78,95.2,91.78,94.02,94.28
"13118",335,2016,87.63,93.29,87.45,95.98,88.24,95,93.9
"13119",336,2016,89.73,95.89,88.02,95.13,88.47,96.15,92.28
"13120",337,2016,90.6,97.64,89.65,98.54,93.22,99.19,95.83
"13121",338,2016,85.08,88.82,85.35,91.11,86.45,90.6,89.46
"13122",339,2016,81.23,79.91,82.37,79.21,80.03,77.4,80.4
"13123",340,2016,81.16,78.38,82.79,76.09,80.9,74.64,78.42
"13124",341,2016,82.61,84.68,82.92,82.22,82.76,79.92,83.11
"13125",342,2016,79.89,77.28,81.1,79.93,77.28,77.54,79.17
"13126",343,2016,79.6,77.23,80.86,75.86,78.01,74.57,77.57
"13127",344,2016,81.4,80.39,82.59,77.7,80.39,76.82,79.18
"13128",345,2016,79.8,81.14,80.21,86.37,80,83.85,83.13
"13129",346,2016,75.47,72.62,77.09,77.51,72.3,75.47,74.93
"13130",347,2016,76.67,71.8,77.87,75.5,73.42,74.14,74.15
"13131",348,2016,74.09,68.81,76.46,70.74,71.01,69.47,72.12
"13132",349,2016,77.98,71.66,79.71,70.94,76.38,69.85,72.67
"13133",350,2016,73.24,75.01,74.24,75.05,73.29,74.97,75.34
"13134",351,2016,70.67,68.92,71.61,68.92,70.25,69.23,69.12
"13135",352,2016,73.07,72.39,74.31,71.98,72.63,71.7,71.86
"13136",353,2016,74.45,74.64,75.12,74.73,74.18,74.17,74.46
"13137",354,2016,69.53,66.67,70.62,64.5,69.25,64.15,65.65
"13138",355,2016,65.24,58.35,66.18,60.02,61.74,59.04,59.83
"13139",356,2016,70.14,71.65,69.98,75.82,70.66,72.16,76.66
"13140",357,2016,69.69,69.11,70.48,77.77,68.8,76.32,75.4
"13141",358,2016,75.88,76.63,75.87,78.35,75.97,74.93,78.93
"13142",359,2016,82.69,83.86,83.39,83.88,82.42,81.99,82.86
"13143",360,2016,84.94,87.03,84.92,86.24,84.54,83.11,86.66
"13144",361,2016,80.12,84.25,80.25,83.27,81.89,80.17,82.94
"13145",362,2016,69.92,79.24,70.29,81.46,73.71,79.58,79.1
"13146",363,2016,71.15,70.81,71.79,72.16,69.47,71.52,70.99
"13147",364,2016,75.31,75.03,76.12,77.25,74.14,75.52,75.92
"13148",365,2016,81.88,83.19,83.09,88.27,80.01,87.36,83.59
"13149",366,2016,88.2,91.35,88.6,94.28,89.28,92.84,92.61
"13150",1,2017,85.67,89.98,85.02,92.24,86.07,91.66,88.78
"13151",2,2017,74.94,72.55,75.85,74.1,73.65,72.77,73.71
"13152",3,2017,71.66,71.89,73.7,76.04,71.08,73.53,75.52
"13153",4,2017,76.69,77.28,77.59,83.71,77.62,80.05,81.73
"13154",5,2017,75.52,79.35,75.73,87.6,77.66,83.16,85.54
"13155",6,2017,79.01,81.97,78.78,89.55,78.58,87.12,86.08
"13156",7,2017,81.9,82.62,81.58,87.52,80.29,86.76,83.73
"13157",8,2017,82.4,84.1,82.21,87.59,80.87,85.76,85.21
"13158",9,2017,78.44,84.93,78.17,89.29,78.97,88.1,86.31
"13159",10,2017,71.03,82.89,70.44,84.28,74.3,86.33,82.55
"13160",11,2017,65.39,71.44,65.35,78.52,67.13,76.94,77.02
"13161",12,2017,67.79,67.8,68.19,69.43,66.47,69.06,69.38
"13162",13,2017,68.87,70.82,68.73,72.16,69.71,70.15,73.78
"13163",14,2017,66.84,73.08,66.87,78.66,69.11,76.49,78.27
"13164",15,2017,61.84,69.51,61.87,79.62,64.32,75.89,77.56
"13165",16,2017,60.65,64.41,61.04,75.26,61.65,72.18,72.55
"13166",17,2017,60.79,64.05,60.97,73.43,61.69,70.94,71.44
"13167",18,2017,61.13,64.77,61.11,75.15,61.66,72.12,73.01
"13168",19,2017,63.36,70.04,62.9,78.71,65.39,76.43,76.46
"13169",20,2017,64.73,69.64,64.26,78.03,67.02,76.45,75.3
"13170",21,2017,62.66,68.29,62.52,74.14,65.22,72.24,74.12
"13171",22,2017,63.39,70.67,63.22,75.98,65.61,73.79,75.29
"13172",23,2017,67.86,73.25,67.39,79.64,70.66,76.22,79.67
"13173",24,2017,67.57,69.48,66.74,73.92,68.54,72.79,73.26
"13174",25,2017,67.07,76.45,66.09,80.23,70.29,79.14,78.06
"13175",26,2017,68.51,68.81,70.35,75.91,66.91,74.62,72.69
"13176",27,2017,60.34,62.9,61.77,74.36,59.81,70,72.34
"13177",28,2017,59.67,65.34,60.43,78.23,61.71,73.98,75.36
"13178",29,2017,60.18,62.31,61.83,74.57,60.57,71.24,71.59
"13179",30,2017,66.58,69.38,67.45,78.72,66.35,75.93,76.48
"13180",31,2017,69.02,71.39,71.71,82.11,68.87,78.51,79.99
"13181",32,2017,64.91,72.64,66.14,81.45,67.26,79.35,79.23
"13182",33,2017,61.68,73.66,61.12,81.36,65.91,81.28,78.32
"13183",34,2017,62.92,67.93,62.77,74.73,64.55,73.2,70.85
"13184",35,2017,57.85,58.92,59.52,71.33,57.65,66.8,68.75
"13185",36,2017,55.11,56.81,56.54,69.35,55.02,65.37,66.79
"13186",37,2017,52.69,52.98,53.91,64.23,51.91,61.09,61.46
"13187",38,2017,53.27,51.85,53.92,60.77,52.41,58.84,58.52
"13188",39,2017,50.13,51.43,51.48,63.48,50.06,60.71,60.86
"13189",40,2017,53.23,51.71,54.56,59.49,52.42,57.89,59.08
"13190",41,2017,53.86,56.41,54.18,65.87,54.89,63.06,63.6
"13191",42,2017,48.14,54.35,48.9,71.52,50.31,66.72,67.47
"13192",43,2017,47.82,52.75,48.12,67.83,49.3,62.93,64.35
"13193",44,2017,47.6,51.89,47.97,68.86,48.79,64.25,64.1
"13194",45,2017,44.99,49.57,46.26,66.81,45.9,62.56,62.16
"13195",46,2017,48.11,54.72,48.52,70.98,50.16,66.81,66.72
"13196",47,2017,50.24,54.97,50.62,71.56,51.89,66.99,68.13
"13197",48,2017,46.11,53.13,46.83,68.82,48.44,65.24,64.67
"13198",49,2017,42.93,47.04,44.67,63.11,45.16,58.72,62
"13199",50,2017,47.28,50.66,48.97,64.32,48.31,59.95,63.28
"13200",51,2017,54,54.81,55.23,64.68,54.96,60.48,65.27
"13201",52,2017,55.93,58.78,57.6,69.1,57.87,64.76,70.3
"13202",53,2017,56.35,61.15,58.96,72.71,58.98,67.11,73.6
"13203",54,2017,56.92,64.73,59.71,78.83,61.1,74.1,78.47
"13204",55,2017,61.8,63.4,65.58,76.74,62.28,72.18,76.6
"13205",56,2017,62.5,67.98,64.07,73.04,65.8,68.27,74.53
"13206",57,2017,53.73,57.82,54.61,68.66,56.43,64.38,69.36
"13207",58,2017,50.55,55.16,51.05,64.99,55.69,60.31,67.62
"13208",59,2017,48.82,52.09,50.2,60.5,51.7,57.01,63.53
"13209",60,2017,49.56,55.37,50.17,64.95,51.87,61.07,65.78
"13210",61,2017,50.42,58.55,49.88,74.18,53.25,69.68,70.81
"13211",62,2017,51.35,54.94,51.32,65.78,52.88,60.55,64.71
"13212",63,2017,54.55,57.73,55.48,71.98,56.03,66.13,70.13
"13213",64,2017,57.16,63.57,57.44,81.05,59.37,75.74,76.72
"13214",65,2017,52.48,60.32,52.85,78.54,55.38,74.79,73.97
"13215",66,2017,63.38,69.55,63.8,83.09,65.4,80.06,78.35
"13216",67,2017,61.14,72.05,60.52,85.06,64.41,83.44,80.38
"13217",68,2017,59.85,69.06,60.01,84.01,62.46,81.72,79.72
"13218",69,2017,56.62,59.68,56.72,72.18,57.32,68.1,70.21
"13219",70,2017,58.93,62.39,60.64,78.94,60.01,75.74,74.92
"13220",71,2017,80.95,88.29,80.59,91.6,82.7,89.97,89.62
"13221",72,2017,76.32,76.92,77.62,83.37,75.39,81.49,81.62
"13222",73,2017,67.35,67.59,69.56,76.64,67.47,73.46,76.63
"13223",74,2017,63.67,68.21,64.89,75.64,65.05,74.06,74.95
"13224",75,2017,57.56,57.82,59.59,68.42,58.1,65.75,68.05
"13225",76,2017,55.81,57.46,57.16,70.33,56.04,67.12,69.25
"13226",77,2017,55.57,58.67,56.56,71.82,56.78,67.72,71.67
"13227",78,2017,55.45,59.51,57.37,77.4,57.32,71.32,77.07
"13228",79,2017,63.89,62.49,67.45,77.32,65.1,70.21,78.74
"13229",80,2017,67.63,65.66,70.05,77.11,65.65,70.93,76.84
"13230",81,2017,75.92,74.97,78.79,87.42,77.12,82.09,85.94
"13231",82,2017,78.27,81.18,79.18,85.83,77.81,84.02,83.4
"13232",83,2017,84.3,88.92,84.16,92.33,82.34,92.32,88.83
"13233",84,2017,82.25,84.32,83.21,88.09,79.98,88,85.08
"13234",85,2017,79.78,79.65,81.91,86.57,75.94,84.99,83.92
"13235",86,2017,85.71,91.41,85.53,88.3,87.13,86.37,88.54
"13236",87,2017,85.71,87.49,86.21,86.15,85.02,84.54,86.07
"13237",88,2017,85.79,90.3,86.74,91.74,85.75,90.96,88.97
"13238",89,2017,86.46,86.52,86.39,86.57,84.81,84.62,84.59
"13239",90,2017,80.32,83.02,81.27,83.2,81.26,81.78,82.9
"13240",91,2017,71.93,70.85,74.91,76.73,71.73,74.46,75.9
"13241",92,2017,66.88,63.38,70.31,69.74,65.21,66.66,70.76
"13242",93,2017,64.01,58.99,67.36,63.6,61.34,61.78,65.11
"13243",94,2017,60.68,56.33,62.92,59.89,57.78,57.64,60.49
"13244",95,2017,56.34,55.44,57.77,61.42,54.22,58.86,59.94
"13245",96,2017,57.97,57.57,59.24,64.56,56.32,61.85,62.51
"13246",97,2017,58.83,56.93,60.76,65.84,57.19,61.8,64.86
"13247",98,2017,60.03,61.38,62.43,72.15,60.66,67.6,70.93
"13248",99,2017,61.39,65.98,63.58,77.99,62.62,73.92,76.34
"13249",100,2017,64.13,69.22,65.97,75.9,64.4,72.24,75.87
"13250",101,2017,61.98,68.78,63.43,81.61,64.69,75.39,80.1
"13251",102,2017,68.56,78.37,70.87,90.21,73.43,86.43,86.23
"13252",103,2017,83.64,88.71,83.59,92,85.71,89.7,89.61
"13253",104,2017,86.5,89.45,87.54,91.59,87.13,90.56,89.33
"13254",105,2017,82.64,83.99,83.67,88.95,84.09,87.94,86.51
"13255",106,2017,84.05,84.17,84.73,88.45,83.05,87.99,84.42
"13256",107,2017,88.11,90.48,87.97,91.52,87.87,91.27,88.14
"13257",108,2017,83.06,88,84.04,88.4,84.44,86.43,86.8
"13258",109,2017,83.05,84.77,84.31,87.21,85.49,85.95,86.59
"13259",110,2017,79.21,76.61,82.03,81.07,78.66,77.21,81.99
"13260",111,2017,81.66,81.11,82.95,81.9,80.55,79.5,81.94
"13261",112,2017,84.17,79.92,85.97,83.45,81.87,79.89,82.21
"13262",113,2017,86.84,88.13,87.23,90.27,87.19,87.72,88.08
"13263",114,2017,85.81,88.58,86.25,91.89,87.37,92.2,87.91
"13264",115,2017,81.15,79.65,83.37,85.05,82.07,85.38,83.34
"13265",116,2017,78.06,75.56,80.45,75.03,77.93,72.68,76.23
"13266",117,2017,76.45,71.95,79.02,71.81,76.44,68.37,73.83
"13267",118,2017,83.19,85.57,84.4,82.85,84.24,80.35,82.37
"13268",119,2017,80.43,76.71,82.92,80.52,79.45,78.56,78.06
"13269",120,2017,88.28,85.46,90.17,86.68,86.46,82.17,85.94
"13270",121,2017,90.17,94.87,89.51,96.34,92.15,95.8,93.66
"13271",122,2017,87.49,91.35,86.78,94.1,89.42,91.66,93.02
"13272",123,2017,90.64,95.76,90.02,96.01,92.82,95.22,95.02
"13273",124,2017,84.06,85.69,85.05,87.27,84.67,86.56,85.99
"13274",125,2017,89.25,92.24,89.41,92.9,89.56,91,90.36
"13275",126,2017,90.71,92.55,89.92,91.09,90.84,89.89,90.19
"13276",127,2017,88.07,91.17,88.03,89.49,89.59,87.76,89.37
"13277",128,2017,89.29,91.4,89.66,88.52,90.35,86.92,90.19
"13278",129,2017,86.42,91.58,86.71,91.9,87.6,91.71,90.05
"13279",130,2017,86.39,91.77,86.46,91.78,88.13,89.93,90.05
"13280",131,2017,88.5,91.6,88.16,92.24,89.61,90.08,90.42
"13281",132,2017,85.48,90.49,85.49,94.23,87.3,92.95,92.65
"13282",133,2017,86.82,90.12,86.51,89.06,87.86,88.23,88.98
"13283",134,2017,83.86,83.4,84.12,82.19,83.38,80.46,83.74
"13284",135,2017,94,97.38,92.98,93.34,94.29,91.23,93.8
"13285",136,2017,92.85,96.19,92.36,93.79,93.57,94.01,91.91
"13286",137,2017,88.43,92.26,87.29,91.44,88.75,90.97,89.51
"13287",138,2017,83.08,82.39,82.84,82.4,82.95,81.61,81.63
"13288",139,2017,81.56,82.79,82.25,83.36,81.62,81.54,82.81
"13289",140,2017,80.23,78.15,81.21,83.69,78.02,82.03,80.73
"13290",141,2017,77.51,74.73,79.51,78.02,76.46,75.32,77.57
"13291",142,2017,86.2,87.89,86.63,81.37,86.43,79.47,83.84
"13292",143,2017,88.22,92.04,87.84,85.2,89.19,84.14,85.27
"13293",144,2017,93.61,96.22,92.5,93.66,92.93,94.71,91.04
"13294",145,2017,87.13,87.85,87.23,85.78,87.44,87.98,83.37
"13295",146,2017,83.96,84.88,84.59,85.98,83.48,85.25,84.14
"13296",147,2017,83.74,84.64,84.54,88.73,83.51,87.76,85.9
"13297",148,2017,84.65,90.1,84.61,92.41,86.4,92.72,89.15
"13298",149,2017,84.02,86.82,85.2,91.62,84.31,90.86,87.98
"13299",150,2017,87.65,91.18,87.68,91.84,89.21,90.22,90.05
"13300",151,2017,90.17,95.36,89.55,95.23,91.67,94.95,94.06
"13301",152,2017,82.77,79.94,85.04,85.99,82.02,85.84,83.17
"13302",153,2017,80.88,79.26,82.09,83.95,80.8,81.42,82.23
"13303",154,2017,80.49,76.74,82.87,80.38,79.82,79.46,80.02
"13304",155,2017,87.2,88.85,87.63,89.03,88.9,87.27,88.13
"13305",156,2017,89.97,93.42,89.79,93.58,91.63,92.5,90.36
"13306",157,2017,85.09,84.65,85.46,84.95,84.53,84.67,84.49
"13307",158,2017,87.39,91.64,87.49,92.45,87.82,90.87,91.78
"13308",159,2017,93.62,97.1,93.72,95.11,93.98,93.61,94.86
"13309",160,2017,85.04,83.24,86.55,81.65,82.92,81.18,81.07
"13310",161,2017,86.2,88.12,86.51,88.5,86,86.2,86.6
"13311",162,2017,88.91,94.61,88.42,96.17,89.8,95.53,94.22
"13312",163,2017,93.13,96.25,92.21,95.58,94.09,95.72,95.48
"13313",164,2017,93.92,91.46,94.18,91.58,91.96,91.18,91.47
"13314",165,2017,89.76,93.14,89.43,93.51,90.3,92.15,92.57
"13315",166,2017,90.45,96.08,88.59,94.11,91.56,95.58,91.15
"13316",167,2017,87.6,89.98,87.42,90.84,86.71,90.4,88.85
"13317",168,2017,89.36,92.51,88.99,93.22,89.46,93.18,92.51
"13318",169,2017,90.29,93.63,89.94,92.98,91.96,90.4,93.37
"13319",170,2017,89.85,93.63,90.21,93.58,91.36,92.64,92.75
"13320",171,2017,86,90.29,85.97,91.29,87.7,90.07,89.57
"13321",172,2017,85.5,85.3,86.21,90.21,86.21,88.84,85.83
"13322",173,2017,86.31,89.49,86.25,91.87,87.28,90.57,89.15
"13323",174,2017,84.03,87.16,84.63,86.24,85.67,87.16,87.45
"13324",175,2017,85.87,90.65,85.59,88.14,86.22,89.06,87.72
"13325",176,2017,86.74,89,85.79,90.48,85.37,89.77,87.32
"13326",177,2017,88.96,93.1,88.06,92.69,88.93,90.87,92.55
"13327",178,2017,82.62,81.2,83.44,83.87,82.02,82.03,83.38
"13328",179,2017,79.3,76.42,80.93,75.74,78.32,74.76,77.77
"13329",180,2017,88.64,89.19,89.59,84.86,88.58,81.96,87.84
"13330",181,2017,89.58,94.35,89.2,95.04,90.51,94.65,92.26
"13331",182,2017,82.97,89.95,82.62,93.49,87.67,92.33,89.98
"13332",183,2017,85.96,91.9,85.64,92.9,87.02,92.56,88.59
"13333",184,2017,81.05,86.15,81.27,91.8,81.67,91.85,85.91
"13334",185,2017,83.69,86.24,84.64,88.42,84.54,89.08,84.66
"13335",186,2017,84.33,88.85,84.51,88.46,83.93,89.47,84.23
"13336",187,2017,84.78,88.33,83.2,91.08,83.19,89.66,86.3
"13337",188,2017,81.62,82.31,82.15,87.08,80.05,87.49,82.52
"13338",189,2017,79.03,82.27,80.2,86.27,78.14,86.01,81.85
"13339",190,2017,83.06,86.71,83.34,87.17,80.88,88.06,83.36
"13340",191,2017,90.76,92.74,91.05,95.09,87.51,96.03,91.49
"13341",192,2017,89.39,95.42,89.29,97.15,90.24,97.99,92.99
"13342",193,2017,88.07,94.33,87.96,96.36,88.97,97.36,92.15
"13343",194,2017,82.37,82.78,82.94,88.3,82.84,87.95,84.85
"13344",195,2017,78.58,78.53,79.56,85.59,77.67,83.65,82.89
"13345",196,2017,79.93,80.39,81.2,86.35,79.31,84.16,83.52
"13346",197,2017,83.5,91.28,83.22,91.6,85.42,90.93,89.31
"13347",198,2017,85.56,89.12,85.16,88.9,86.7,87.78,88.19
"13348",199,2017,88.17,90.8,87.87,91.47,88.49,90.29,89.26
"13349",200,2017,89.09,88.36,90.42,90.3,88.04,91.22,87.89
"13350",201,2017,85.37,85.6,85.67,92.7,82.13,95,88.04
"13351",202,2017,79.63,83.41,80.42,89.58,79.33,89.71,86.09
"13352",203,2017,80.38,80.68,81.15,88.82,79.29,88.6,84.37
"13353",204,2017,80.97,83.9,80.4,89.9,80.56,89.86,85.91
"13354",205,2017,80.46,81.58,82.3,86.31,80.75,85.07,82.84
"13355",206,2017,80.2,82.83,83.03,89.1,80.81,88.19,86.16
"13356",207,2017,83.04,84.69,83.59,88.87,83,88.49,84.4
"13357",208,2017,80.58,82.05,81.96,85.34,81.49,85.35,83.38
"13358",209,2017,83.8,84.53,85.65,90.92,83.54,92.05,86.59
"13359",210,2017,81.56,85.06,82.22,90.86,80.54,92.08,86.99
"13360",211,2017,84.58,89.85,85.25,95.47,85.18,95.09,92.04
"13361",212,2017,83.14,90.92,82.82,95.08,82.13,96.2,89.81
"13362",213,2017,78.47,79.1,79.98,83.27,79.89,82.18,81.96
"13363",214,2017,74.13,74.43,75.19,76.38,73.57,76.31,76.43
"13364",215,2017,74.04,75.97,75.02,81.63,73.01,78.91,79.5
"13365",216,2017,85.36,89.91,83.88,91.19,84.21,93.03,86.28
"13366",217,2017,87.52,92.3,87.8,93.14,85.41,96.01,85.74
"13367",218,2017,83.43,84.39,83.63,84.81,82.26,85.95,80.85
"13368",219,2017,81.12,82.03,81.68,82.23,79.14,83.89,79.04
"13369",220,2017,80.05,79.92,80.54,79.16,79.11,80.58,76.46
"13370",221,2017,81.78,83.13,82.22,82.97,81.47,83.55,79.93
"13371",222,2017,81.6,75.79,83.23,78.34,78.82,77.87,77.65
"13372",223,2017,84.37,83.52,84.74,85.27,84.28,82.69,84.26
"13373",224,2017,80.95,83.35,80.4,83.96,81.4,82.94,82.7
"13374",225,2017,79.51,78.49,79.89,80.59,78.3,79.84,79.09
"13375",226,2017,79.55,75.56,80,75.09,77.78,74.2,75.33
"13376",227,2017,82.6,80.92,82.86,79.03,81.35,78.26,79.35
"13377",228,2017,85.52,87.76,85.68,87.86,85.36,86.52,86.78
"13378",229,2017,82.47,84.95,82.29,84.6,82.94,83.02,84.33
"13379",230,2017,83.97,87.46,84.08,86.29,84.49,86.03,87.32
"13380",231,2017,83.85,89.72,83.66,86.87,83.75,88.48,86.05
"13381",232,2017,87.63,93.07,86.87,89.45,89.17,90.41,86.68
"13382",233,2017,82.16,78.34,83.75,79.3,80.65,80.09,75.77
"13383",234,2017,80.49,81.1,82.06,79.89,80.53,80.27,78.52
"13384",235,2017,81.34,86.38,81.38,86.78,81.92,87.6,82.46
"13385",236,2017,80.45,79.75,82.55,81.32,80.4,79.32,80.8
"13386",237,2017,80.84,79.53,82.39,79.41,80.52,77.65,79.05
"13387",238,2017,77.68,75.63,80.34,74.48,78.13,72.29,76.91
"13388",239,2017,83.38,88.25,84.78,84.2,83.89,83.28,86.49
"13389",240,2017,85.94,90.71,85.34,89.23,86.16,90.3,86.43
"13390",241,2017,84.75,88.23,84.55,86.95,84.78,87.46,84.91
"13391",242,2017,84.25,85.56,85.01,83.37,85.14,84.99,82.41
"13392",243,2017,84.83,85.08,85.16,83.12,83.68,85.1,80.31
"13393",244,2017,82.11,83.15,82,82.68,81.76,86.07,78.73
"13394",245,2017,80.15,86.59,81.04,85.82,82.11,85.98,83.09
"13395",246,2017,80.18,85.83,81.38,87.78,81.8,87.87,83.33
"13396",247,2017,78.57,75.8,80.7,79.75,77.16,79.32,75.85
"13397",248,2017,79.67,77.44,81.21,77.35,79.28,76.61,76.66
"13398",249,2017,80.84,85.52,80.25,84.34,79.92,84.58,80.12
"13399",250,2017,83.2,87.84,81.71,89.27,83.9,90.26,85.15
"13400",251,2017,88.99,94.21,87.76,94.03,90.82,94.7,92.41
"13401",252,2017,85.95,89.43,85.55,92.6,86.66,91.34,89.23
"13402",253,2017,81.55,81.91,82.48,85.33,81.25,86.29,81.85
"13403",254,2017,81.08,80.42,82.16,78.54,81.38,78.13,76.81
"13404",255,2017,84.29,88.26,84.35,82.08,86,81.32,84.19
"13405",256,2017,83.73,87.26,84.22,84.47,83.54,83.46,82.97
"13406",257,2017,84.56,87.52,84.56,89.91,85.21,89.51,85.97
"13407",258,2017,80.85,86.81,80.36,88.43,82.78,89.53,84.82
"13408",259,2017,82.32,82.65,82.79,85.53,83.46,86.9,82.33
"13409",260,2017,81.71,82.05,82.69,84.34,82.19,84.18,80.76
"13410",261,2017,81.93,80.28,82.67,83.15,79.95,80.86,79.41
"13411",262,2017,78.71,80.49,80.04,84.55,78.25,82.07,83
"13412",263,2017,84.32,87.28,84.23,90.17,83.49,86.89,87.29
"13413",264,2017,90.27,95.03,88.73,93.7,90.48,91.95,90.92
"13414",265,2017,87.35,90.25,86.58,90.99,86.4,91.36,87.81
"13415",266,2017,84.5,86.67,84.4,87.81,85.22,88.08,84.03
"13416",267,2017,87.36,90.49,86.49,87.91,89.04,88.56,85.57
"13417",268,2017,82.89,84.33,82.61,83.64,82.76,84.33,79.6
"13418",269,2017,83.48,85.23,83.39,85.74,82.53,85.52,81.91
"13419",270,2017,82.86,84.2,83.68,83.51,83.13,81.9,82.97
"13420",271,2017,82.79,86.32,83.86,87.38,83.4,84.7,86.21
"13421",272,2017,89.13,91.34,89.24,89.18,89.37,89.67,86.86
"13422",273,2017,84.37,87.62,84.23,91.52,85.61,90.74,86.88
"13423",274,2017,77.87,77.07,78.56,81.83,76.9,81.92,77.7
"13424",275,2017,79.57,78.99,80.35,76.56,79.31,74.82,78.17
"13425",276,2017,78.94,78.32,80.46,78.4,77.82,78.65,79.25
"13426",277,2017,89.67,93.48,89.08,91.79,90.82,92.03,90.48
"13427",278,2017,82.99,85.68,83.3,90.15,83.71,88.44,85.56
"13428",279,2017,83.34,87.23,82.92,86.38,85.06,86.77,84.58
"13429",280,2017,80.46,79.67,82.48,74.09,79.95,73.48,76.89
"13430",281,2017,80.82,78.99,82.34,77.12,80.42,75.28,79.52
"13431",282,2017,80.69,85.88,81.37,85.77,82.37,84.39,83.52
"13432",283,2017,81.6,84.91,81.81,87.36,83.53,85.47,86.17
"13433",284,2017,85.95,90.64,85.51,90.95,87.04,89.34,89.74
"13434",285,2017,81,80.06,81.97,80.33,80.03,78.35,80.59
"13435",286,2017,80.98,79.82,82.52,75.75,81.32,74.83,78.51
"13436",287,2017,83.42,82.37,84.41,77.88,83.77,77.26,79.45
"13437",288,2017,87.6,92.14,86.45,87.44,88.43,85.64,86.32
"13438",289,2017,88.27,92.38,87.18,94.15,89.45,93.06,90.82
"13439",290,2017,81.89,84.48,81.64,87.2,82.75,87.59,82.75
"13440",291,2017,81.89,83.46,82.76,84.89,80.16,86.2,79.69
"13441",292,2017,82.85,82.77,84.19,84.67,81.04,85.53,81.48
"13442",293,2017,84.24,91.21,84.09,91.27,84.71,90.59,87.86
"13443",294,2017,86.63,89.4,86.61,92.33,86.71,90.59,90.52
"13444",295,2017,81.45,88.25,81.37,90.21,84,89.61,85.9
"13445",296,2017,79.32,79.27,79.88,80.54,79.25,80.67,77.58
"13446",297,2017,82.49,81.83,83.71,84.1,82.51,83.53,82.94
"13447",298,2017,85.53,83.17,86.31,87.29,84.52,85.99,85.05
"13448",299,2017,82.97,82.7,83.17,84.86,82.43,83.57,84.11
"13449",300,2017,84.24,85.89,84.53,87.3,83.72,83.45,85.91
"13450",301,2017,81.59,84.22,82.4,87.38,81.21,83.52,86.36
"13451",302,2017,84.41,85.77,85.33,83.89,83.5,82.55,84.35
"13452",303,2017,84.52,84.29,85.29,81.86,84.87,81.32,82.8
"13453",304,2017,83.16,84.77,83.63,78.55,83.07,77.83,81.44
"13454",305,2017,79.49,82.1,80.44,80.7,81.06,80.35,82.77
"13455",306,2017,82.01,85.46,82.45,85.22,83.64,85.84,84.73
"13456",307,2017,82.66,82.92,83.05,82.72,82.79,81.19,82.52
"13457",308,2017,85.23,90.14,85.35,90.13,86.7,88.55,89.69
"13458",309,2017,85.15,87.91,85.78,84.33,85.95,83.33,84.77
"13459",310,2017,90.46,92.01,89.46,84.77,89.95,84.58,85.61
"13460",311,2017,84.36,84.58,84.32,83.83,84.05,81.36,84.31
"13461",312,2017,82.2,87.11,81.97,88.14,83.84,86.27,85.59
"13462",313,2017,81.6,83.31,81.81,83.59,81.3,82.24,81.81
"13463",314,2017,79.52,81.33,80.24,79.97,79.91,78.01,80.04
"13464",315,2017,79.27,83.75,80.3,81.2,80.48,80.52,80.62
"13465",316,2017,80.33,81.12,81.41,81.35,80.57,80.45,80.37
"13466",317,2017,79.33,78.8,80.85,82.51,79.22,80.33,81.52
"13467",318,2017,83.42,84.26,84.59,87.42,84.13,84.16,86.23
"13468",319,2017,86.95,90.96,86.5,88.62,88.43,88.57,87.2
"13469",320,2017,84.05,86.15,83.61,85.74,84.08,84.6,84.22
"13470",321,2017,82.94,86.26,82.39,84.29,82.84,82.76,84.17
"13471",322,2017,80.64,86.03,81,84.34,82.41,83.01,84.89
"13472",323,2017,80.06,81.62,80.27,81.56,80.82,80.17,81.27
"13473",324,2017,77.76,79.23,78,76.24,77.64,75.84,77.96
"13474",325,2017,75.78,77.55,76.35,74.39,76.14,74.3,75.73
"13475",326,2017,76.2,75,77.48,72.99,75.69,71.7,74.87
"13476",327,2017,79.98,82.25,80.48,78.93,79.98,77.85,79.98
"13477",328,2017,83.32,87.24,83.03,82.66,84.12,80.85,84.12
"13478",329,2017,83.69,88.72,84.42,84.12,85.57,81.64,85.91
"13479",330,2017,80.44,79.52,81.58,79.27,80.47,77.26,80.07
"13480",331,2017,73.54,73.47,75.58,76.18,73.81,73.72,75.64
"13481",332,2017,70.59,68.49,72.69,73.27,68.39,70.83,71.94
"13482",333,2017,72.71,72.37,74.52,75.63,70.53,73.45,73.87
"13483",334,2017,74.01,72.44,76.43,76.04,73.93,72.63,75.6
"13484",335,2017,73.6,73,75.13,73.11,73.9,70.64,74
"13485",336,2017,71.71,74.73,72.14,74.84,73.08,72.68,74.47
"13486",337,2017,72.32,75.1,72.72,79.39,72.61,77.53,75.76
"13487",338,2017,78.79,76.71,79.73,77.42,78.09,75.68,75.67
"13488",339,2017,74.08,73.17,75.68,78.85,71.15,77.64,75.18
"13489",340,2017,68.01,64.38,69.64,71.36,65.76,68.28,68.83
"13490",341,2017,71.29,70.71,72.58,75.22,72.03,71.43,73.3
"13491",342,2017,66.76,66.37,68.48,70.51,66.12,67.54,69.64
"13492",343,2017,64.61,66.62,65.23,71.53,65.36,68.75,70.4
"13493",344,2017,63.25,65.02,63.89,66.68,64.2,65.01,67.02
"13494",345,2017,62.37,65.45,62.88,69.6,64.9,67.44,69.13
"13495",346,2017,56.45,65,58.45,72.93,60.28,70.08,71.36
"13496",347,2017,57.81,64.9,58.6,70.57,61.28,67.13,68.97
"13497",348,2017,63.46,65.21,63.27,67,65.16,63.7,66.15
"13498",349,2017,62.71,65.78,62.3,73.65,64.2,71.15,70.45
"13499",350,2017,58.3,62.15,58.08,69.97,60.48,66.83,68.47
"13500",351,2017,52.31,53.92,52.05,55.81,54.42,55.37,56.4
"13501",352,2017,53.39,50.57,53.4,53.14,52.74,51.33,53.7
"13502",353,2017,54.07,54.05,53.8,60.14,55.27,56.61,59.79
"13503",354,2017,54.54,52.06,54.6,55.86,53.57,54.13,57.14
"13504",355,2017,56.2,55.58,56.33,61.52,56.79,57.79,62.28
"13505",356,2017,56.45,58.86,56.82,65.16,58.1,62.01,64.74
"13506",357,2017,57.35,60.04,57.15,64.09,58.58,62.18,64.32
"13507",358,2017,55.25,60.05,55.03,65.64,58.07,62,64.69
"13508",359,2017,51.57,54.41,51.36,62.41,53.63,59.09,62.26
"13509",360,2017,50.66,56.71,50.85,70.98,53.72,66.19,67.78
"13510",361,2017,56.13,61.87,56.42,70.58,58.25,66.66,68.99
"13511",362,2017,62.18,65.24,63.13,72.57,62.21,68.78,71.04
"13512",363,2017,64.2,70.95,64.99,74.47,67.09,71.3,75.28
"13513",364,2017,73.44,80.18,73.51,83.46,74.66,81.98,82.25
"13514",365,2017,78.94,80.25,79.55,79.37,79.19,77.26,79.69
"13515",1,2018,82.9,87.73,82.44,85.67,84.78,85.12,85.66
"13516",2,2018,82.75,83.64,82.93,84.18,82.24,82.69,82.77
"13517",3,2018,77.83,77.75,79.43,83.91,79.3,80.55,80.73
"13518",4,2018,71.45,73.67,72.67,79.27,72.44,76.64,77.41
"13519",5,2018,66.41,70.13,67.4,74.38,67.75,72.23,73.32
"13520",6,2018,65.74,69.64,65.7,73.04,67.94,70.94,72.41
"13521",7,2018,62.5,65.52,63.1,72.95,63.58,69.85,71.57
"13522",8,2018,63.24,65.92,63.93,74.38,65.95,70.33,74.03
"13523",9,2018,63.81,69.16,64.43,78.79,66.84,74.78,77.64
"13524",10,2018,61.76,68.4,62.84,78.9,65.55,75.5,77.43
"13525",11,2018,62.38,67.15,64.2,78.61,65.17,74.62,77.17
"13526",12,2018,63.45,66.34,66.21,76.07,65.84,71.66,75.11
"13527",13,2018,62.73,72.78,62.65,77.23,66.66,74.21,76.07
"13528",14,2018,61.37,69.86,61.11,73.85,64.66,72.18,73.24
"13529",15,2018,61.39,67.06,60.98,71.4,64.62,67.5,71.86
"13530",16,2018,61.86,67.04,62.17,69.71,64.52,65.98,70.06
"13531",17,2018,72.74,75.83,75.32,84.09,74.5,80.9,81.68
"13532",18,2018,82.08,83.17,82.82,86.36,81.79,84.26,82.82
"13533",19,2018,79.25,77.89,80.09,82.21,78.22,80.57,78.2
"13534",20,2018,70.06,68.95,70.86,74.54,68.54,71.95,71.95
"13535",21,2018,64.88,65.57,66.27,72.24,63.13,69.67,68.72
"13536",22,2018,59.05,57.37,60.66,65.96,56.13,62.33,62.9
"13537",23,2018,59.18,56.8,60.09,64.63,56.73,60.79,62.69
"13538",24,2018,59.93,61.99,59.53,68.18,59.01,65.08,66.25
"13539",25,2018,57.5,63.21,57.52,72.77,58.6,68.72,69.56
"13540",26,2018,56.54,60.11,58.06,71.25,58.24,66.5,68.59
"13541",27,2018,53.18,58.76,52.92,68.14,55.32,63.5,66.69
"13542",28,2018,51.71,59,50.9,72.11,54.32,67.27,68.16
"13543",29,2018,52.8,59.62,51.9,73.84,54.86,69.71,69.22
"13544",30,2018,52.9,58.54,52.2,71.71,54.75,67.53,68
"13545",31,2018,50.39,57.52,49.16,69.49,53.15,64.51,66.48
"13546",32,2018,50.68,56.8,49.66,67.52,52.52,62.54,65.35
"13547",33,2018,50.25,56.54,49.25,68.11,52.74,63.33,66.57
"13548",34,2018,49.07,57.95,48.22,73.66,52.62,69.95,69.64
"13549",35,2018,48.59,57.49,48.52,73.97,52.23,69.27,70.49
"13550",36,2018,45.6,54.49,45.33,69.42,49.29,64.8,66.12
"13551",37,2018,44.94,49.4,44.56,60.9,47.29,56.23,58.78
"13552",38,2018,43.45,47.26,43.73,58.33,45.07,54.29,56.04
"13553",39,2018,42.26,44.85,42.58,55.79,43.56,51.23,54.89
"13554",40,2018,43.91,44.39,44.6,53.06,43.78,48.2,53.2
"13555",41,2018,45.71,49.02,46.29,62.63,47.08,56.5,59.88
"13556",42,2018,44.9,51.24,45.35,67.48,46.98,60.88,63.29
"13557",43,2018,45.83,52.66,45.71,68.09,47.88,61.86,64.95
"13558",44,2018,41.34,49.17,41.56,66.93,44.71,61.36,63.56
"13559",45,2018,41.24,48.08,41.9,65.48,44.57,59.22,62.46
"13560",46,2018,45.98,50.59,46.56,70.08,47.48,62.32,67.86
"13561",47,2018,51.21,56.55,51.66,73.35,52.52,68.25,69.35
"13562",48,2018,51.73,62.71,52.02,81.14,56.01,76.39,77.23
"13563",49,2018,48.92,57.36,48.38,74.26,51.67,69.87,70.61
"13564",50,2018,41.33,46.83,41.35,63.06,44.19,57.53,61.04
"13565",51,2018,39.22,39.04,40.12,45.46,39.22,42.48,46.19
"13566",52,2018,39.39,38.3,40.08,44.82,38.91,41.55,44.88
"13567",53,2018,38.9,39.29,39.37,49.83,39.31,44.91,49.89
"13568",54,2018,40.97,43.39,41.93,60.97,41.93,54.86,57.58
"13569",55,2018,41.24,44.81,42.18,64.68,42.4,56.75,62
"13570",56,2018,42.57,46.24,42.91,65.7,44.59,57.05,65.76
"13571",57,2018,42.94,48.31,43.17,62.92,45.34,57.2,63.55
"13572",58,2018,43.71,48.41,44.38,63.4,45.94,57.91,61.51
"13573",59,2018,42.65,48.47,43.66,65.54,45.94,58.83,65.17
"13574",60,2018,39.42,46.06,40.5,67.13,42.37,59.49,64.74
"13575",61,2018,39.53,45.57,40.84,64.05,41.77,57.83,63.21
"13576",62,2018,43.29,45.01,46.03,63.85,45.61,57.57,62.3
"13577",63,2018,52.69,51.39,55.74,71.4,53.49,66.1,68.58
"13578",64,2018,72.81,67.99,73.22,77.72,71.31,70.45,77.27
"13579",65,2018,80.4,82.14,81.13,85.35,80.82,83.8,82.37
"13580",66,2018,76.47,77,77.21,82.28,76.4,79.63,77.27
"13581",67,2018,77.52,78.49,79.53,85.23,77.37,84.05,81.54
"13582",68,2018,69.98,72.93,72.24,81.73,70.86,80.79,77.19
"13583",69,2018,57.72,59.19,60.18,71.24,58.32,67.99,67.73
"13584",70,2018,53.09,55.56,54.84,67.93,54.69,64.39,64.88
"13585",71,2018,54.61,54.05,57.22,66.57,55.51,62.76,63.46
"13586",72,2018,50.18,51.75,51.98,66.39,51.36,61.88,63.76
"13587",73,2018,48.25,50.27,48.87,62.22,49.39,57.6,60.88
"13588",74,2018,45.69,50.8,46.46,66.17,46.89,61.43,63.48
"13589",75,2018,44.73,49.24,45.62,64.7,46.58,59.03,62.13
"13590",76,2018,44.73,47.77,45.37,61.46,46.24,55.91,61.1
"13591",77,2018,42.85,47.16,43.72,59.82,44.75,54.94,60.32
"13592",78,2018,41.57,47.28,42.53,62.97,43.42,57.6,61.94
"13593",79,2018,38.99,44.42,40.03,61.38,40.8,55.84,60.15
"13594",80,2018,40.69,48.85,41.86,63.13,43.78,57.97,61.38
"13595",81,2018,56.03,58.51,56.99,69.21,54.93,65.81,67.22
"13596",82,2018,66.28,69.75,68.02,77.8,67.64,74.99,75.51
"13597",83,2018,52.39,56.52,52.57,72.84,53.04,66.11,71.01
"13598",84,2018,45.54,51.92,46.06,67.89,47.53,63.38,65.88
"13599",85,2018,47.48,51.42,48.64,68.65,48.16,63.56,65.82
"13600",86,2018,51.76,57.76,54.23,74.39,53.51,68.7,71.78
"13601",87,2018,69.91,81.16,70.75,91.3,73.63,87.3,85.48
"13602",88,2018,80.78,90.89,82.61,95.16,84.8,94.77,93.54
"13603",89,2018,73.95,79.35,74.59,82.98,76.67,80.42,81.44
"13604",90,2018,66.57,75.1,67.44,79.75,71.87,77.09,81.85
"13605",91,2018,63.69,75.93,64.04,88.14,67.14,85.92,85.45
"13606",92,2018,59.13,67.69,58.75,74.09,62.09,71.94,75.12
"13607",93,2018,54.77,64.39,55.01,75.19,59.46,70.77,74.56
"13608",94,2018,65.86,74.28,69.39,84.26,69.5,79.96,83.73
"13609",95,2018,75.91,78.23,79.19,82.51,78.69,79,84.13
"13610",96,2018,82.77,91.5,81.61,91.21,87.31,90.17,90.51
"13611",97,2018,75.37,75.47,77.78,74.43,77.05,72.12,77.09
"13612",98,2018,65.88,67.27,70.55,73.55,70.21,69.44,76.39
"13613",99,2018,70.51,78.02,73.64,83.55,76.72,80.67,83.35
"13614",100,2018,72.54,81.45,76.41,87.81,77.6,85.61,87.39
"13615",101,2018,81.44,82.3,84.16,85.08,80.77,84.21,84.18
"13616",102,2018,70.54,76.86,72.34,79.65,72.8,77.26,80.35
"13617",103,2018,70.15,78.19,70.65,82.73,74.89,81.04,83.15
"13618",104,2018,69.99,79.45,72.19,85.5,72.71,84.2,82.7
"13619",105,2018,76.03,75.25,79.41,80.15,77.95,77.05,79.09
"13620",106,2018,79.02,80.62,81.46,86.48,80.41,82.48,84.56
"13621",107,2018,85,89.97,86.13,88.26,86.99,84.48,88.32
"13622",108,2018,91.26,95.92,91.75,96.11,92.54,95.5,94.15
"13623",109,2018,91.56,93.91,90.53,93.5,90.77,93.92,89.87
"13624",110,2018,80.28,82.09,82.5,86.32,81.06,86.58,82.23
"13625",111,2018,71.48,69.07,75,73.18,71.24,70.99,74.16
"13626",112,2018,78.61,75.87,82.11,78.54,78.68,74.79,78.85
"13627",113,2018,79.78,78.48,82.15,84.32,79.93,82.4,83.04
"13628",114,2018,79.12,80.92,80.36,83.84,80.67,78.81,82.28
"13629",115,2018,80.36,75.96,82.21,79.34,78.35,76.33,78.18
"13630",116,2018,84.52,85.08,85.49,88.08,86.67,84.48,87.09
"13631",117,2018,84.28,87.32,84.2,90.52,85.83,86.98,89.28
"13632",118,2018,87.83,89.47,88.42,91.51,87.31,90.44,89.32
"13633",119,2018,88.44,91.42,88.75,89.73,89.28,86.18,90.33
"13634",120,2018,86.11,82.72,86.64,80.51,84.85,77.87,82.34
"13635",121,2018,86.76,86.83,86.41,84.86,84.36,83.33,83.07
"13636",122,2018,87.23,91.78,87.42,94.7,88.64,92.15,92.55
"13637",123,2018,86.09,87.21,86.07,90.32,86.42,86.65,89.3
"13638",124,2018,89.81,92.96,89.95,93.55,92.47,89.96,93.87
"13639",125,2018,88.95,92.63,88.59,92.77,90.57,92.95,89.33
"13640",126,2018,87.1,87.51,87.62,89.92,87.09,88.66,88.24
"13641",127,2018,86.7,90.75,87.34,92.15,85.65,91.49,89.54
"13642",128,2018,91.69,94.97,91.45,93.75,93.47,91.34,94.58
"13643",129,2018,88.6,88.51,88.71,88.54,87.15,86.81,87.68
"13644",130,2018,87.95,87.52,87.73,87.26,87.99,84.59,88.08
"13645",131,2018,86.84,87.89,86.97,88.99,86.56,86.71,87.74
"13646",132,2018,84.83,84.67,85.47,87.12,84.03,85.12,85.57
"13647",133,2018,87.55,87.37,87.72,89.71,86.16,87.8,87.97
"13648",134,2018,86.98,88.07,87.78,89.24,87.88,88.73,87.72
"13649",135,2018,92.49,94.69,91.01,94.61,92.05,94.09,92.6
"13650",136,2018,80.71,78.19,81.34,82.59,78.16,81.55,81.27
"13651",137,2018,77.76,75.57,78.68,80.15,76.85,78.04,77.56
"13652",138,2018,78.98,80.07,80.57,84.78,80.09,80.87,83.98
"13653",139,2018,87.48,86.38,88.52,87.72,87.58,85.53,87.18
"13654",140,2018,87.83,89.72,87.63,90.43,88.25,90.17,87.1
"13655",141,2018,89.37,89.61,89.51,89.45,88.28,89.28,87.19
"13656",142,2018,89.34,89.76,88.78,88.17,87.22,86.35,86.1
"13657",143,2018,93.4,93.71,91.79,93.77,93.39,91.47,92.98
"13658",144,2018,87.96,87.33,88.49,87.11,86.7,88.92,86.17
"13659",145,2018,85.64,84.29,84.72,88.42,81.81,87.41,85.88
"13660",146,2018,87.09,89.96,86.3,92.7,85.52,91.26,88.95
"13661",147,2018,85.55,88.12,85.15,89.15,85.94,87.37,89.74
"13662",148,2018,87.45,87.95,88.46,88.76,87.61,87.03,88.89
"13663",149,2018,86.19,88.34,87.5,88.89,86.6,87.11,88.19
"13664",150,2018,84.5,80.06,86.73,81.61,83.19,77.34,83.21
"13665",151,2018,81.24,77.21,83.75,81.94,80.93,78.1,81.11
"13666",152,2018,78.49,75.79,81.09,79.07,77.46,76.08,78.81
"13667",153,2018,86.9,88.44,86.68,84.36,85.48,82.52,84.24
"13668",154,2018,92.64,93.52,92.72,91.06,92.49,92.08,89.48
"13669",155,2018,82,81.7,83.9,84.26,82.09,84.34,82.31
"13670",156,2018,86.75,86.53,88.2,86.96,85.38,82.78,86.36
"13671",157,2018,84.23,88.2,84.04,89.56,82.54,89.57,85.57
"13672",158,2018,84.93,87.04,84.71,86.95,85.29,86.93,85.25
"13673",159,2018,86.71,87.49,87.49,88.89,87.28,87.48,88.14
"13674",160,2018,87.88,91.8,88.69,92.94,90.06,91.51,91.29
"13675",161,2018,89.17,85.37,90.24,89.05,86.97,87.08,87.5
"13676",162,2018,92.25,94.54,90.95,94.96,93.21,92.99,94.8
"13677",163,2018,82.25,79.86,84.07,84.56,81.67,81.71,84.91
"13678",164,2018,88.17,91.61,88.7,88.54,89.13,85.75,90.35
"13679",165,2018,92.25,94.39,92.35,94.69,91.53,95.11,93.05
"13680",166,2018,88.23,91.13,88.88,95.26,88.61,95.03,92.17
"13681",167,2018,85.07,88.17,84.99,91.17,83.42,90,86.82
"13682",168,2018,84.47,85.9,85.01,89.39,81.91,89.84,84.17
"13683",169,2018,85.21,85.53,86.77,91.49,84.34,92.63,88.62
"13684",170,2018,80.76,83.36,81.76,92.57,78.55,94.45,86.44
"13685",171,2018,79.92,82.37,81.46,90.72,78.57,90.44,84.48
"13686",172,2018,79.09,79.91,80.06,85.11,77.54,83.26,82.76
"13687",173,2018,75.63,75.72,77.81,81.16,73.45,80.87,78.03
"13688",174,2018,81.63,84.9,82.21,86.13,81.3,84.78,84.81
"13689",175,2018,85.28,88.86,86.12,89.18,86.99,88.09,88.33
"13690",176,2018,88.04,86.3,88.41,89.08,84.55,89.32,85.28
"13691",177,2018,88.18,85.67,88.08,86.55,84.39,86.27,83.72
"13692",178,2018,87.82,80.05,88.82,82.16,84.84,80.43,82.26
"13693",179,2018,89.46,88.9,90.03,91.01,88.84,89.86,89.86
"13694",180,2018,87.87,85.89,87.48,86.42,87.96,83.8,87.75
"13695",181,2018,87,84.2,87.83,78.94,86.11,78.14,81.67
"13696",182,2018,84.2,84.92,85.11,80.18,85.16,78.97,83.06
"13697",183,2018,87.56,92.16,87.29,93.68,89,94.49,91.18
"13698",184,2018,87.81,90.24,87,90.62,88.46,89.27,89.57
"13699",185,2018,86.5,87.56,86.34,84.06,85.79,82.93,84.54
"13700",186,2018,89.95,94.11,89.51,93.26,90.11,92.62,89.91
"13701",187,2018,81.57,79.45,83.43,84.18,80.97,81.88,82.42
"13702",188,2018,79.16,75.13,82.12,78.04,79.09,76.04,78.82
"13703",189,2018,85.45,83.99,86.43,82.06,83.97,81.21,81.68
"13704",190,2018,85.17,87.11,85.59,87.13,84.08,88.57,83.37
"13705",191,2018,87.06,91.55,86.34,92.79,86.02,94.18,85.97
"13706",192,2018,90.06,94.34,90.06,94.87,90.92,94.39,89.9
"13707",193,2018,90.35,92.85,89.33,91.9,90.19,90.57,90.49
"13708",194,2018,90.66,95.4,89.6,93.17,90.27,93.05,89.35
"13709",195,2018,85.84,89.16,86.01,89.25,84.86,89.04,85.17
"13710",196,2018,81.48,84.45,82.09,85.8,81.49,85.19,82.84
"13711",197,2018,82.43,81.62,83.66,81.65,80.73,82.87,80.15
"13712",198,2018,85.97,86.59,86.81,83.92,85.77,82.58,84.04
"13713",199,2018,84.88,76.28,86.57,75.01,82.62,72.88,77.22
"13714",200,2018,87.78,85.69,87.94,81.73,86.58,79.4,82.29
"13715",201,2018,82.46,81.17,83.36,82.1,82.65,80.35,80.75
"13716",202,2018,86,79.09,87.99,78.12,83.84,75.86,79.3
"13717",203,2018,85.39,81.2,86.39,81.72,83.75,80.36,82.25
"13718",204,2018,89.95,91.85,89.48,85.29,88.87,84.11,86.48
"13719",205,2018,90.9,97.14,90.36,96.08,92.66,96.07,93.97
"13720",206,2018,84.87,90.31,84.82,93.26,84.55,92.2,89.68
"13721",207,2018,85,90.47,84.83,94.15,85.86,95.22,89.35
"13722",208,2018,83.88,87.15,83.79,92.09,81.56,92.9,87.29
"13723",209,2018,80.56,81.47,81.44,87.51,79.68,85.95,83.54
"13724",210,2018,84.42,83.55,84.45,84.1,82.75,83.45,82.71
"13725",211,2018,83.61,81.98,84.34,82.61,84,81.09,83.38
"13726",212,2018,89.96,91.79,90.71,86.65,91.21,85.7,87.88
"13727",213,2018,94.28,97.95,93.24,94.86,95.9,95.83,92.7
"13728",214,2018,83.03,82.44,83.24,83.97,83.3,84.04,82.47
"13729",215,2018,80.84,81.83,81.65,81.48,80.73,79.05,81.97
"13730",216,2018,81.47,82.11,82.57,80.68,80.8,79.43,82.28
"13731",217,2018,84.29,88.11,85.57,88.73,84.65,88.78,85.72
"13732",218,2018,77.93,79.38,79.16,80.52,78.2,82.31,76.76
"13733",219,2018,80.28,78.36,81.13,80.95,79.03,81.24,78.1
"13734",220,2018,88.95,88.68,88.91,88.25,87.41,89.11,84.37
"13735",221,2018,87.91,88.89,87.96,91.44,89.27,91.08,88.85
"13736",222,2018,79.61,80.89,80.33,81.78,81.63,83.35,78.47
"13737",223,2018,76.23,74.78,77.84,75.52,76.21,75.48,73.87
"13738",224,2018,79.99,80.35,81.86,80.13,80.54,80.03,79.72
"13739",225,2018,86.37,90.02,86.38,84.1,86.76,82.46,84.82
"13740",226,2018,85.53,91.24,85.6,92.02,86.26,92.35,90.38
"13741",227,2018,85.37,89.45,85.35,87.77,84.92,89.92,82.64
"13742",228,2018,78.11,78.73,78.31,78.38,77.19,80.28,74.34
"13743",229,2018,81.37,80.67,82.41,80.3,78.88,79.79,77.65
"13744",230,2018,84.13,88.18,82.06,87.99,79.75,87.13,82.73
"13745",231,2018,81.46,82.96,81.54,86.91,79.81,86.48,82.04
"13746",232,2018,77.98,78.22,79.69,80.14,76.6,78.33,78.53
"13747",233,2018,87.94,87.53,87.69,80.67,85.75,78.97,81.02
"13748",234,2018,88.39,89.16,87.85,87.07,86.6,87.29,83.47
"13749",235,2018,78.76,82.57,78.62,86.86,78.45,87.42,80.58
"13750",236,2018,71.62,76.11,72.93,80.27,70.06,80.83,75.94
"13751",237,2018,78.62,80.75,79.54,82.21,79.59,82.12,80.19
"13752",238,2018,86.54,87.57,86.8,86.62,87.47,87.69,82.29
"13753",239,2018,86.02,85.38,86.74,86.93,84.23,88.33,81.16
"13754",240,2018,79.26,81.2,80.05,83.68,78.26,82.56,80.42
"13755",241,2018,79.62,79.6,80.84,81.67,78.87,81.09,79.16
"13756",242,2018,81.51,84.66,80.66,85.06,79.49,85.4,81.76
"13757",243,2018,79.43,81.97,79.95,84.01,79.69,84.39,80.52
"13758",244,2018,79.08,82.46,80.3,84.63,80.48,84,81.27
"13759",245,2018,81.06,82.1,81.68,82.09,82.91,80.87,82.06
"13760",246,2018,81.61,82.84,82.66,82.91,82.63,82.16,81.49
"13761",247,2018,88.4,90.89,88.12,92.92,83.38,94.51,85.44
"13762",248,2018,85.7,92.02,85,93.71,83.85,93.14,88.4
"13763",249,2018,88.56,95.48,86.68,96.66,89.17,97.59,93.46
"13764",250,2018,86.95,90.99,85.41,93.76,85.86,94.02,89.24
"13765",251,2018,75.33,80.57,75.79,88.27,74.86,87.48,82.52
"13766",252,2018,75.27,79.12,75.66,81.04,76.08,81.87,76.84
"13767",253,2018,81.14,80.35,81.64,82.06,80.98,83.52,78.22
"13768",254,2018,80.92,79.05,81.79,84.25,81.36,82.16,81.63
"13769",255,2018,82.71,84.57,83.96,86.15,83.6,86.5,85.4
"13770",256,2018,81.86,89.24,82.2,87.6,85.55,86.52,87.9
"13771",257,2018,84.35,87.79,84.61,85.02,86.17,84.87,87.84
"13772",258,2018,88.84,91.11,88.76,87.49,89.46,86.48,88.46
"13773",259,2018,85.36,86.02,85.91,87.49,84.75,87.29,83.74
"13774",260,2018,84.74,83.1,84.84,82.94,83.96,82.88,80.93
"13775",261,2018,85.49,84.18,86.01,84.22,85.8,82.69,83.74
"13776",262,2018,82.77,82.73,83.15,84.19,82.32,83.35,81.58
"13777",263,2018,80.4,81.28,80.9,82.54,80.34,83.8,78.94
"13778",264,2018,80.35,80.04,81.2,83.12,79.62,84.01,78.96
"13779",265,2018,86.34,91.42,85.64,90.38,87.62,89.86,88.27
"13780",266,2018,87.17,93.16,85.27,92.93,87.57,94.1,87.97
"13781",267,2018,86.37,88.97,85.47,88.71,85.3,90.53,83.17
"13782",268,2018,81.44,81.9,82.38,85.87,80.08,86.28,80.62
"13783",269,2018,80.53,76.5,82.44,79.66,76.71,77.64,77.51
"13784",270,2018,81.68,82.03,82.37,83.13,80.85,80.2,82.26
"13785",271,2018,85.91,87.41,85.55,88.66,85.71,87.52,86.72
"13786",272,2018,79.82,79.29,81.13,83.71,78.53,81.72,81.54
"13787",273,2018,82.05,87.38,81.98,90.56,83.24,90.09,85.23
"13788",274,2018,83.29,87.39,83.33,89.86,84.21,88.95,85.86
"13789",275,2018,84.26,88.54,84.08,90.8,84.83,90.2,87.5
"13790",276,2018,80.96,84.09,80.49,85.08,80.16,84.26,81.97
"13791",277,2018,82.92,84.41,83.74,88.36,82.93,88.09,84.22
"13792",278,2018,85.81,88.58,86.44,92.06,86.82,91.32,89.77
"13793",279,2018,91.13,94.05,90.68,93.52,91.91,92.4,93.26
"13794",280,2018,85.91,88.82,85.13,86.71,88.09,83.68,88.37
"13795",281,2018,84.29,85.42,83.99,83.6,85.26,81.47,83.82
"13796",282,2018,81.11,80.77,81.66,82.08,80.43,79.32,82.13
"13797",283,2018,81.45,82.51,82.12,78.08,83.04,76.61,82.35
"13798",284,2018,83.18,87.69,83.29,83.67,83.73,82.88,85.82
"13799",285,2018,87.16,94.37,86.17,92.51,88.65,91.75,91.2
"13800",286,2018,89.03,94.6,87.76,92.97,89.06,91.55,91.64
"13801",287,2018,82.23,87.63,82.54,88.91,83.46,87.93,87.45
"13802",288,2018,83.59,85.07,84.8,87.93,83.92,85.3,87.58
"13803",289,2018,77.39,75.68,79.31,80.36,77.09,76.37,79.83
"13804",290,2018,77.06,75.37,78.67,74.78,77.22,72.59,75.75
"13805",291,2018,79.63,81.5,80.34,76.16,80.04,75.35,79.66
"13806",292,2018,86.93,91.34,86.74,85.89,88.31,86.13,88.16
"13807",293,2018,87.98,92.21,87.7,92.53,89.31,92.23,90.83
"13808",294,2018,86.67,92.09,86.45,94.22,88.18,93.37,92.69
"13809",295,2018,91.7,94.8,91.17,94.03,91.55,93.68,93.26
"13810",296,2018,91.11,94.89,90.74,96.58,90.55,96.56,94.39
"13811",297,2018,84.95,88.12,85.14,85.86,86.03,85.77,87.18
"13812",298,2018,90.04,94.21,89.83,90.22,91.69,89.43,91.32
"13813",299,2018,83.41,82.74,84.86,84.11,82.79,83.38,83.14
"13814",300,2018,82.66,85.92,82.85,85.26,83.04,84.96,82.33
"13815",301,2018,80.53,76.78,82.22,77.45,78.99,76.66,78.34
"13816",302,2018,81.19,81.95,82.5,78.62,81.51,76.69,81.21
"13817",303,2018,78.69,80.15,79.38,82.29,79.46,79.66,81.62
"13818",304,2018,79.25,78.92,80.57,82.59,78.64,81.42,81.49
"13819",305,2018,82.84,81.95,83.87,82.08,82.45,80.38,81.59
"13820",306,2018,86.11,88.99,85.8,89.37,87.06,89.27,86.75
"13821",307,2018,79.12,77.82,80.09,79.18,78,78.08,78.44
"13822",308,2018,78.21,79.96,78.82,78.34,78.56,76.58,79.86
"13823",309,2018,77.05,80.54,77.44,80.29,78.02,78.08,81.31
"13824",310,2018,74.76,76.86,75.48,80.34,75.93,77.74,81.16
"13825",311,2018,83.15,83.13,83.5,83.99,83.64,82.07,84.25
"13826",312,2018,84.06,84.58,85.16,89.93,83.66,88.98,86.2
"13827",313,2018,87.86,92.67,87.78,93.59,89.11,93.52,91.29
"13828",314,2018,84.34,85.93,85.04,87.67,84.4,84.65,86.88
"13829",315,2018,81.48,83.59,82.31,81.96,81.63,81.2,83.06
"13830",316,2018,80.18,81,80.95,82.65,79.05,81.51,82.66
"13831",317,2018,74.59,71.83,76.22,75.13,72.31,73.38,75.63
"13832",318,2018,75.94,69.53,77.08,67.04,72.87,67.19,69.68
"13833",319,2018,79.69,80.47,81.28,78.3,79.89,77.13,78.64
"13834",320,2018,82.9,84.76,82.94,81.77,82.3,81.34,81.48
"13835",321,2018,86.18,89.83,86.08,88.89,86.39,88.28,86.97
"13836",322,2018,85.78,91.69,85.69,92.96,87.28,91.35,90.56
"13837",323,2018,78.25,80,78.8,85.37,77.04,84.41,80.51
"13838",324,2018,81.01,80.06,81.74,85.11,77.89,83.64,81.48
"13839",325,2018,80.41,78.59,81.21,78.19,78.74,77.45,78.12
"13840",326,2018,80.42,82.8,81.2,80.89,81.51,80.43,81.46
"13841",327,2018,76.93,78.62,77.28,79.47,78.03,78.11,79.04
"13842",328,2018,74.63,77.5,74.79,81.46,74.66,79.18,79.57
"13843",329,2018,74.96,75.89,75.62,79.86,73.77,77.7,78.62
"13844",330,2018,76.09,73.64,76.9,75.78,73.74,75.11,74.5
"13845",331,2018,73.24,70.11,75.41,71.95,71.64,70.69,72.04
"13846",332,2018,75.21,74.01,76.65,73.67,74.57,73.84,73.57
"13847",333,2018,76.59,78.5,78.3,78.28,77.85,77.66,77.64
"13848",334,2018,68.53,73.88,69.56,78.38,70.24,77.15,75.79
"13849",335,2018,67.08,70.83,67.24,74.96,68.47,73.37,73.03
"13850",336,2018,67.66,67.13,67.89,66.18,67.35,65.12,66.85
"13851",337,2018,66.48,66.36,67,69.87,66.85,68.39,68.98
"13852",338,2018,64.96,66.88,65.42,72.18,65.4,71.07,70.78
"13853",339,2018,64.67,69.57,64.9,76.8,66.4,74.25,74.94
"13854",340,2018,64.83,68.62,65.32,76.11,66.08,72.77,73.61
"13855",341,2018,63.74,65.73,64.51,69.88,63.71,67.93,68.66
"13856",342,2018,66.46,65.65,67.51,69.96,65.55,67.64,69.51
"13857",343,2018,70.15,73.52,70.6,76.77,70.94,74.71,75.53
"13858",344,2018,67.57,70.47,67.38,73.81,68.35,71.34,72.47
"13859",345,2018,64.53,69.6,63.91,77.69,66.7,74.92,74.33
"13860",346,2018,65.53,68.89,65.76,77.85,65.2,75.63,74.12
"13861",347,2018,69.87,72.14,70.17,81.71,69.18,79.39,77.61
"13862",348,2018,65.59,69.84,65.84,78.17,66.77,74.19,75.54
"13863",349,2018,63.89,65.26,63.19,70.07,64.45,67.7,68.04
"13864",350,2018,61.69,63.56,61.88,70.99,61.63,68.15,69.04
"13865",351,2018,57.7,59.73,58.89,71.52,56.61,68.39,68.05
"13866",352,2018,62.67,68.18,62.46,80.45,64.01,77.19,75.93
"13867",353,2018,60.02,65.6,60.02,76.76,61.19,74.3,72.22
"13868",354,2018,63.43,66.15,63.6,75.66,63.67,72.45,72.28
"13869",355,2018,64.24,67.43,63.93,72.52,64.14,69.93,70.23
"13870",356,2018,58.02,62.73,57.58,67.33,59.01,65.29,66.96
"13871",357,2018,55.57,58.58,55.7,68.91,55.36,66.53,65.66
"13872",358,2018,54.74,58.13,54.74,68.72,54.25,65.66,65.65
"13873",359,2018,56.94,59.73,56.17,69.18,56.84,65.84,66.3
"13874",360,2018,57.14,61.36,57.12,73.16,57.43,69.92,69.56
"13875",361,2018,54.28,59.83,54.18,71.99,55.65,68.75,67.42
"13876",362,2018,51.84,56.17,52.19,68.07,51.94,65.62,63.53
"13877",363,2018,54.76,59.77,53.59,69.86,56.17,66.1,66.11
"13878",364,2018,54.96,57.59,54.69,68.35,55.6,63.36,65.48
"13879",365,2018,53.2,54.21,54.11,68.75,52.47,62.73,65.63
"13880",1,2019,58.25,60.45,57.55,70.81,57.53,66.7,67.81
"13881",2,2019,55.96,61.84,56.12,74.17,57.69,71.46,69.26
"13882",3,2019,54.79,61.17,55.29,74.37,56.27,71.43,68.43
"13883",4,2019,58.16,60.01,59.01,72.24,57.18,68.45,68.09
"13884",5,2019,58.94,63.21,59.45,73.89,59.94,70.29,71.26
"13885",6,2019,56.26,66.15,54.93,80.42,59.41,77.36,77.08
"13886",7,2019,56.15,63.62,55.64,76.95,58.33,74.35,72.22
"13887",8,2019,53.57,61.35,53.34,74.11,55.31,70.74,71.02
"13888",9,2019,54.55,62.39,55.26,79.01,57.3,75.58,75.16
"13889",10,2019,57.11,66.97,56.74,81.05,60,77.04,77.33
"13890",11,2019,56.21,67.46,54.96,81.37,58.9,77.91,77.87
"13891",12,2019,56.52,64.45,55.3,77.09,58.18,73.64,75.1
"13892",13,2019,56.12,62.86,55.56,76.25,57.11,71.91,74.14
"13893",14,2019,53.54,59.36,53.94,71.74,54.25,67.87,69.38
"13894",15,2019,49.38,54.95,49.45,68.56,50.25,64.84,66.35
"13895",16,2019,49.51,55.3,49.85,70.18,50.39,66.13,67.85
"13896",17,2019,57.14,60.01,57.93,73.09,57.25,70.02,69.9
"13897",18,2019,59.06,64,60.11,77.05,59.96,73.73,74.05
"13898",19,2019,54.95,63.64,54.78,77.77,56.95,75.23,72.91
"13899",20,2019,54.43,58.91,55.53,72.89,55.44,70.11,68.55
"13900",21,2019,53,57.4,54.28,72.47,54.33,68.36,68.55
"13901",22,2019,50.72,55.68,51.14,69.41,51.05,66.54,65.91
"13902",23,2019,49.35,56.8,49.65,71.07,50.68,68.28,66.72
"13903",24,2019,50.06,56.89,49.98,73.24,51.83,69.45,68.46
"13904",25,2019,51.07,62.88,51.02,80.54,54.73,77.54,74.66
"13905",26,2019,51.67,61.88,51.61,77.23,55.55,74.34,73.13
"13906",27,2019,49.43,57.78,49.76,75.43,53.29,70.31,71.69
"13907",28,2019,48.94,55.15,50.14,69.75,51.68,66.27,68.14
"13908",29,2019,48.29,54.25,49.22,65.87,50.97,62.91,66.06
"13909",30,2019,50.35,59.5,50.82,73.25,52.48,70.01,70.51
"13910",31,2019,50.95,54.63,51.65,67.08,51.88,63.61,65.25
"13911",32,2019,47.63,53.89,48.62,67.97,49.03,64.15,65.61
"13912",33,2019,45.89,53.43,47.33,68.35,49.53,64.16,66.83
"13913",34,2019,46.1,52.25,47.93,67.44,48.16,63.12,65.16
"13914",35,2019,48.61,52.03,51.45,68.01,50.46,62.68,66.02
"13915",36,2019,52.85,56.11,56.44,70.88,54.37,66.26,68.53
"13916",37,2019,54.74,57.41,57.59,72.79,57.14,67.42,70.79
"13917",38,2019,50.76,55.93,52.08,66.23,53.22,63.43,66.26
"13918",39,2019,48.93,55.56,49.05,70.13,50.58,66.76,66.54
"13919",40,2019,46.63,53.31,46.33,70.76,48.74,65.25,67.36
"13920",41,2019,43.43,50.86,43.55,67.9,45.25,62.85,64.59
"13921",42,2019,43.48,50.38,43.76,66.46,45.66,62.02,63.15
"13922",43,2019,43.21,49.31,43.53,67.1,45.21,61.62,64.49
"13923",44,2019,45.06,49.5,45.34,66.41,46.62,61.05,63.96
"13924",45,2019,49.49,49.93,52.86,64.3,49.97,58.52,63.67
"13925",46,2019,51.96,51.81,53.62,58.86,52.64,55.9,59.81
"13926",47,2019,47.43,52.14,50.29,65.46,50.41,60.3,65.4
"13927",48,2019,49.76,55.72,54.36,69.11,53.8,62.22,68.1
"13928",49,2019,47.17,51.62,49.53,69.31,49.1,63.24,67.21
"13929",50,2019,47.88,54.5,49.05,72.35,49.86,67.17,68.76
"13930",51,2019,46.03,50.55,47.12,68.29,47.04,62.85,65.22
"13931",52,2019,43.9,49.25,44.68,65.99,45.44,60.2,64.33
"13932",53,2019,47.36,53.29,47.81,70.58,48.73,64.92,68.09
"13933",54,2019,48.55,52.69,48.55,70.92,49.3,64.73,68.37
"13934",55,2019,43.39,43.8,43.84,53.81,42.96,49.98,53.87
"13935",56,2019,40.3,37.15,41.11,42.1,38.94,39.18,44.71
"13936",57,2019,41.23,40.03,41.33,47,40.4,42.39,49.18
"13937",58,2019,41.71,41.79,42.31,57.97,41.8,50.16,58.08
"13938",59,2019,42.84,45.96,43.53,64.98,42.59,59.21,62.03
"13939",60,2019,42.11,46.55,42.78,65.8,42.94,59.31,63.01
"13940",61,2019,41.33,47.37,42.17,66.2,43.22,58.96,66.1
"13941",62,2019,44.75,49.81,46.59,67.61,47.25,61.31,66.76
"13942",63,2019,45.61,50.09,47.86,66.9,47.56,60.41,66.01
"13943",64,2019,46.3,53.62,46.24,69.96,48.26,63.55,68.89
"13944",65,2019,47.83,53.06,48.14,69.32,48.9,63.72,67.09
"13945",66,2019,46.67,54.66,47.82,73.24,48.67,67.24,70.17
"13946",67,2019,46.54,55.67,46.69,74.38,48.95,69.43,69.04
"13947",68,2019,48.83,56.31,50.56,74.55,50.9,69.9,69.32
"13948",69,2019,61.06,68.88,62.07,82.12,64.18,77.78,77.55
"13949",70,2019,53.98,61.02,54.85,77.96,57.39,72.92,74.47
"13950",71,2019,52.89,65.21,52.33,82.82,57.9,77.16,80.72
"13951",72,2019,53.09,65.6,52.95,83.39,57.88,78.63,80.25
"13952",73,2019,51.6,61.42,52.14,79.44,55.52,73.43,75.88
"13953",74,2019,54.97,66.23,57.56,82.87,60.5,78.13,79.53
"13954",75,2019,50.54,59.49,52.1,79.19,54.62,72.35,75.83
"13955",76,2019,50.77,59.72,52.16,74.65,53.31,69.18,72.63
"13956",77,2019,49.13,54.19,50.67,72.74,50.32,66.94,70.19
"13957",78,2019,48.35,58.2,49.74,77.43,51.1,72.07,72.84
"13958",79,2019,43.88,53.6,44.8,76.08,48.01,66.75,74.41
"13959",80,2019,43.38,51.18,44.29,69.69,46.41,63.97,69.39
"13960",81,2019,45.22,51.5,48.62,72.77,48.02,64.04,71.06
"13961",82,2019,45.53,52.56,49.25,73.51,49.15,66.23,71.43
"13962",83,2019,41.61,45.75,44.27,63.97,44.72,57.19,64.36
"13963",84,2019,38.41,41.97,39.8,60.01,39.82,52.76,61.55
"13964",85,2019,37.62,41.42,39.24,57.9,39.79,51.44,59.51
"13965",86,2019,39.16,41.63,43.42,56.73,41.49,49.4,58.37
"13966",87,2019,40.49,41,46.54,58.04,44.76,50.55,58.31
"13967",88,2019,61.39,57.22,63.62,74.07,64.13,64.04,75.51
"13968",89,2019,82.81,80.9,83.52,86.11,82.98,80.62,86.17
"13969",90,2019,87.28,82.55,88.17,84.18,85,81.97,81.98
"13970",91,2019,81.28,79.62,82.76,84.65,81.36,81.55,83.36
"13971",92,2019,68.81,76.42,70.18,84.21,72.09,80.78,84.13
"13972",93,2019,57.55,56.97,60.66,69.55,59.38,64.94,71.28
"13973",94,2019,57.46,54.43,60.75,66.76,57.87,62.28,67.4
"13974",95,2019,55.38,55.43,57.27,69.1,56.05,64.38,68.75
"13975",96,2019,52.62,51.87,54.36,67.96,52.58,63.37,65.98
"13976",97,2019,53.48,51.18,55.03,63.96,52.91,58.59,64.22
"13977",98,2019,56.93,54.38,60.1,69.25,57.17,62.53,68.63
"13978",99,2019,65.78,61.43,67.61,73.35,64.56,66.32,73.74
"13979",100,2019,68.34,67.84,68.38,77.74,65.7,71.83,77.9
"13980",101,2019,67.14,65.29,68.38,74.19,65.2,69.62,76.07
"13981",102,2019,70.03,62.87,72.62,70.53,67.81,63.9,72.4
"13982",103,2019,70.92,65.87,72.09,75.15,68.54,67.77,76.34
"13983",104,2019,71.87,68.78,73.62,75.53,70.14,69.83,75.41
"13984",105,2019,68.8,72.63,71.02,83.88,68.62,77.4,80.69
"13985",106,2019,71.62,77.78,73.94,86.82,74.06,83.32,82.24
"13986",107,2019,73.78,78.19,74.26,88.6,73.1,86.24,84.22
"13987",108,2019,83.8,90.36,84.21,95.46,86.13,92.54,94.31
"13988",109,2019,76.09,85.61,76.79,92.5,79.29,91.64,88.35
"13989",110,2019,74.22,78.23,75.56,86.49,73.46,83.75,84.29
"13990",111,2019,85.91,88.4,86.55,92.63,87.52,89.47,91.43
"13991",112,2019,86.67,94.19,86.02,94.86,87.87,94.7,91.14
"13992",113,2019,79.03,81.99,80.27,88.12,79.55,85.31,86.36
"13993",114,2019,84.76,91.83,84.37,95.4,86.48,93.68,93.72
"13994",115,2019,90.02,89.91,89.45,91.73,89.4,91.34,90.23
"13995",116,2019,85.5,90.8,86.44,92.94,89.59,91.37,91.84
"13996",117,2019,85.4,87.15,86.6,87.83,86,85.65,86.9
"13997",118,2019,83.06,87.31,83.63,89.43,85.51,89.02,86.99
"13998",119,2019,73.21,72.73,77.07,77.39,75.66,75.94,75.54
"13999",120,2019,67.02,66.61,71.05,72.15,69.71,69.92,70.66
"14000",121,2019,61.63,59.86,65.21,66.61,62.86,63.83,66.47
"14001",122,2019,60.41,59.65,63.01,66.19,61.11,62.89,67.05
"14002",123,2019,70.64,67.19,74.67,72.3,68.94,69.88,72.53
"14003",124,2019,72.36,70.81,75.51,79.54,70.73,75.7,76.43
"14004",125,2019,70.38,68.61,74.74,76.95,70.44,74.65,76.31
"14005",126,2019,80.65,85.45,81.71,88.58,82.47,88.85,84.72
"14006",127,2019,83.23,83.5,83.92,87.94,83.16,87.59,84.52
"14007",128,2019,88.03,94.21,86.63,95.88,88.2,96.42,92.94
"14008",129,2019,89.78,91.95,89.6,93.42,91,92.8,92.98
"14009",130,2019,86.14,88.21,85.77,90.22,85.54,89.05,88.39
"14010",131,2019,85.13,87.6,85.15,88.53,85.84,86.28,86.7
"14011",132,2019,89.61,90.05,89.2,88.79,88.85,88.97,86.13
"14012",133,2019,92.19,94.6,92.18,94.24,92.24,93.24,92.17
"14013",134,2019,89.27,93.11,89.42,92.19,91.61,91.58,90.7
"14014",135,2019,87.88,89.11,88.42,90.2,90.82,88.67,89.32
"14015",136,2019,80.92,84.78,82.24,87.7,81.28,84.6,86.48
"14016",137,2019,83.2,90.53,83.22,92.37,87.39,90.07,92.56
"14017",138,2019,81.73,80.84,82.6,80.24,82.43,76.92,82.41
"14018",139,2019,81.81,78.34,83.85,79.56,80.95,75.49,81.48
"14019",140,2019,80.45,77.74,82.16,80.34,80.1,77.15,81.95
"14020",141,2019,81.73,79.69,82.68,82.99,80.31,80.87,81.16
"14021",142,2019,85.33,83.49,84.68,86.34,84.62,83.87,84.64
"14022",143,2019,88.92,91.67,87.31,91.49,88.21,91.32,90.35
"14023",144,2019,86.03,89.87,84.96,91.56,86.23,89.79,87.83
"14024",145,2019,87.88,93.27,86.92,93.98,88.13,94.37,91.39
"14025",146,2019,85.89,89.19,86.37,88.17,86.53,89.43,86.41
"14026",147,2019,90.71,94.47,89.96,93.5,90.95,94.35,90.74
"14027",148,2019,85.66,88.17,85.92,89.43,86.49,88.99,87.94
"14028",149,2019,87.98,91.66,87.84,89.83,88.99,88.82,88.11
"14029",150,2019,89.86,93.43,90.43,93.05,89.81,92.78,89.69
"14030",151,2019,86.23,90.14,86.99,90.67,88.01,88.87,91.49
"14031",152,2019,90.66,95,89.85,93.76,91.17,92.42,93.73
"14032",153,2019,86.98,90.74,85.43,91.16,86.38,89.25,89.63
"14033",154,2019,89.26,93.92,88.45,93.45,91.63,94.24,90.89
"14034",155,2019,88.19,89.6,87.7,90.97,87.24,89.73,87.54
"14035",156,2019,88.7,91.06,88.48,92.77,87.19,93.36,88.74
"14036",157,2019,88.61,94.37,88.26,94.8,88.65,95.85,89.7
"14037",158,2019,88.68,93.53,87.47,95.17,88.26,95.26,91.62
"14038",159,2019,85.19,84.06,84.85,86.32,83.25,83.21,86.74
"14039",160,2019,84.27,87.48,85.33,90.71,85.83,89.01,88.56
"14040",161,2019,89.58,93.93,88.86,94.52,90.55,94.78,91.03
"14041",162,2019,90.19,93.14,90.23,94.47,91.19,92.15,93.28
"14042",163,2019,85.75,86.42,88.34,88.61,87.59,85.69,88.84
"14043",164,2019,78.37,76.63,81.86,80.69,80.1,77.21,81.58
"14044",165,2019,88.06,89.71,88.99,88.07,88.38,85.05,88.32
"14045",166,2019,81.33,78.9,82.16,80.84,80.77,78.44,82.14
"14046",167,2019,83.1,83.02,84.62,81.5,84.72,79.19,84.15
"14047",168,2019,87.98,87.87,88.89,87.89,90.64,84.25,88.74
"14048",169,2019,85.77,90.32,86.19,93.79,89.62,91.3,91.94
"14049",170,2019,90.08,97.18,89.37,96.74,91.09,97.82,94.43
"14050",171,2019,90.07,95,89.24,96.35,91,97.32,92.04
"14051",172,2019,92.1,96.52,91.61,95.53,93.27,96.3,91.46
"14052",173,2019,87.72,88.08,88.57,91.21,88.55,91.38,89.02
"14053",174,2019,89.14,88.09,89.22,88.24,88.84,86.63,88.13
"14054",175,2019,90.22,93.57,90.04,95.19,90.92,92.96,93.98
"14055",176,2019,91.97,97.03,91.06,93.32,94.45,93.45,92.45
"14056",177,2019,81.65,81.17,82.16,82.16,81.38,81.32,81.11
"14057",178,2019,76.37,72.34,77.45,74.9,75.51,72.83,75.67
"14058",179,2019,73.84,72.43,76.25,79.78,73.22,78.02,77.45
"14059",180,2019,83.09,85.45,84.7,88.18,83.97,87.34,85.06
"14060",181,2019,81.5,79.58,83.76,84.09,83.01,80.39,83.62
"14061",182,2019,87.81,87.63,88.16,88.04,87.87,86.27,88.05
"14062",183,2019,91.05,92.24,91.53,93.54,91.87,91.55,93.96
"14063",184,2019,81.95,77.75,83.15,79.45,81.61,76,80.81
"14064",185,2019,74.31,68.45,76.53,70.47,71.66,68.77,71.36
"14065",186,2019,81.65,77.81,83.95,83.83,79.2,81.59,83.2
"14066",187,2019,86.79,81.49,87.5,84.17,84.38,84.19,81.59
"14067",188,2019,78.34,82.95,79.41,87.06,79.93,88.03,82.84
"14068",189,2019,85.88,90.1,86.2,88.33,86.42,91.38,85.4
"14069",190,2019,81.64,89.69,83.59,94.29,84.47,93.9,91.4
"14070",191,2019,81.28,87.04,83.37,92.62,84.44,92.16,88.81
"14071",192,2019,84.42,83.4,85.64,87.04,85.23,85.55,86.7
"14072",193,2019,81.3,79.67,82.68,82.18,81.45,79.44,83.73
"14073",194,2019,89.67,92.86,90.38,92.78,89.44,91.69,91.21
"14074",195,2019,84.63,85.83,84.64,86.88,83.89,87.41,82.99
"14075",196,2019,79.43,76.58,80.67,77.76,78.8,76.7,78.4
"14076",197,2019,80.35,79.81,81.6,80.61,81.09,78.15,81.52
"14077",198,2019,86.09,86.82,86.71,84.99,85.89,84.71,83.53
"14078",199,2019,81.6,84.01,82.24,86.36,82.1,87.06,83.18
"14079",200,2019,84.04,88.44,85,89.93,86.44,90.03,87.21
"14080",201,2019,85.65,90.65,86.24,91.42,87.1,90.7,88.83
"14081",202,2019,83.48,85.87,83.3,86.81,84.57,86.05,85.97
"14082",203,2019,84.3,83.97,84.73,86.01,82.96,83.56,85.62
"14083",204,2019,87.43,86.91,87.43,87.06,87.48,85.24,86.11
"14084",205,2019,85.88,84.16,86.55,84.47,85.91,83.5,83.4
"14085",206,2019,82.99,77.52,84.17,74.72,81.96,73.57,77.52
"14086",207,2019,86.51,87.9,87.7,85.65,87.54,82.94,85.99
"14087",208,2019,88.44,89.39,88.56,86.33,89.85,83.52,88.26
"14088",209,2019,84.48,85.39,85.75,83.22,85.26,81.6,84.09
"14089",210,2019,76.8,78.21,77.55,83.04,75.41,83.77,79.29
"14090",211,2019,75.92,75.49,77.32,79.98,75.5,79.32,77.05
"14091",212,2019,80.54,82.87,81.99,86.82,80.19,84.55,82.57
"14092",213,2019,80.33,79.76,82.07,85.42,79.88,85,83.01
"14093",214,2019,75.34,74.07,77.57,79.65,72.97,78.56,77.6
"14094",215,2019,81.95,87.21,82.81,90.2,79.83,89.89,86.35
"14095",216,2019,83.63,84.27,85.59,89.57,82.96,89.52,85.37
"14096",217,2019,80.79,81.35,81.82,89.02,80.82,90.11,82.32
"14097",218,2019,71.3,78.07,71.1,86.77,70.91,88.56,78.99
"14098",219,2019,77.21,81.42,77.53,86.9,76.16,88.51,80.52
"14099",220,2019,77.1,78.34,78.72,83.84,75.67,83.75,79.37
"14100",221,2019,75.29,76.15,77.38,79.66,72.96,80.31,74.94
"14101",222,2019,77.08,78.38,79.96,80.79,77.82,79.83,79.66
"14102",223,2019,85.17,86.66,86.2,89.04,85.65,88.34,85.58
"14103",224,2019,82.16,85.63,82.41,90.83,80.94,90.14,84.85
"14104",225,2019,81.16,85.09,81.1,86.81,79.38,87.52,82.63
"14105",226,2019,85.92,89.92,84.54,92.47,83.66,94.47,87.48
"14106",227,2019,80.78,87.38,79.12,89.53,78.64,92.58,82.13
"14107",228,2019,77.85,80.71,77.89,83.53,76.9,83.39,80.74
"14108",229,2019,79.95,88.68,79.91,93.37,82.78,90.67,91.4
"14109",230,2019,79.53,82.33,77.49,86.72,79.44,84.85,84.31
"14110",231,2019,79.92,81.25,79.12,83.02,79.23,83.01,80.46
"14111",232,2019,77.99,76.58,78.44,78.11,73.65,79.36,75.6
"14112",233,2019,76.54,73.92,78.05,73.66,75.27,74.94,71.59
"14113",234,2019,77.43,76.13,78.34,76.39,75.93,76.48,74.17
"14114",235,2019,85.74,90.82,84.55,90.94,85.32,92.42,84.94
"14115",236,2019,83.63,88.96,83.04,90.92,84.37,91.83,82.99
"14116",237,2019,82.46,88.05,82.54,89.89,83.67,89.75,83.56
"14117",238,2019,80.02,78.85,81.06,82.23,79.83,82.42,78.83
"14118",239,2019,80.24,80.41,82.24,84.01,80.57,83.23,80.68
"14119",240,2019,83.72,86.79,84.56,89.95,81.58,91.33,82.74
"14120",241,2019,78.05,76.31,78.68,77.92,74.43,80.18,72.59
"14121",242,2019,72.64,71.69,74.31,73.31,70.41,73.83,69.51
"14122",243,2019,73.83,75.66,75.62,76.79,72.53,75.56,74.15
"14123",244,2019,77.81,76.5,78.9,76.65,74.38,75.27,74.36
"14124",245,2019,80.5,82.87,79.4,83.2,75.76,82.61,77.41
"14125",246,2019,77.78,78.98,78.29,81.23,76.99,81.92,76.26
"14126",247,2019,78.39,79.02,78.83,81.52,76.75,81.6,76.5
"14127",248,2019,83.2,81.51,83.98,80.13,82.32,81.84,76.25
"14128",249,2019,81.95,84.26,81.61,85.44,78.89,88.08,78.07
"14129",250,2019,78.04,77.79,78.05,78.32,76.03,81.65,72.12
"14130",251,2019,72.6,69.92,74.2,69.8,70.53,72.28,64.83
"14131",252,2019,72.23,71.35,73.57,72.3,69.09,72.46,68.42
"14132",253,2019,73.77,73.56,75.2,74.97,73.08,74.33,71.83
"14133",254,2019,73.77,80.03,73.89,79.6,74.56,78.49,77.59
"14134",255,2019,75.76,79.78,75.69,81.54,76.16,83.34,76.21
"14135",256,2019,80.04,83.26,80.08,83.89,79.45,86.67,77.93
"14136",257,2019,79.53,83.97,78.18,81.65,78.34,84.16,76.68
"14137",258,2019,77.3,78.4,77.85,76.78,77,79.13,72
"14138",259,2019,75.69,76.57,77.51,76.12,75.55,76.56,73.93
"14139",260,2019,81.94,83.29,81.23,77.3,83.04,76.13,80.35
"14140",261,2019,75.88,81.7,74.85,83.33,75.54,82.8,82.4
"14141",262,2019,81.38,85.63,80.66,85.91,81.79,84.76,84.31
"14142",263,2019,85.88,89.14,84.9,91.53,85.73,90.63,87.83
"14143",264,2019,84.74,87.04,84.62,88.06,84.33,86.86,83.7
"14144",265,2019,78.77,81.16,78.57,82.11,77.77,80.82,79.52
"14145",266,2019,81.72,90.75,79.43,92.73,81.35,91.62,86.81
"14146",267,2019,80.37,86.13,79.86,92.44,81.1,92.74,87.23
"14147",268,2019,83.29,89.22,81.95,92.49,84.42,91.89,89.83
"14148",269,2019,85.24,91.52,84.07,92.16,86.88,93.48,87.58
"14149",270,2019,77.71,77.93,79.01,78.81,78.86,79.13,77.66
"14150",271,2019,76.16,77.63,77.5,75.89,76.84,74.1,79.26
"14151",272,2019,81.11,85.06,81.08,85.25,81.77,83.15,86.66
"14152",273,2019,84.27,87.04,84.24,88.57,85.21,84.91,87.51
"14153",274,2019,82.56,83.45,82.62,85.8,82.64,84.51,83.4
"14154",275,2019,79.41,82.36,78.37,80.76,79.54,79.38,81.58
"14155",276,2019,81.31,81.27,82.39,78.5,81.1,77.54,79.11
"14156",277,2019,79.91,76.02,81.54,74.89,77.74,72.26,75.15
"14157",278,2019,77.73,79.07,78.52,78.16,77.28,75.12,78.44
"14158",279,2019,77.7,78.06,78.3,75.97,77.71,75.33,77.56
"14159",280,2019,78.32,80.15,77.4,77.18,78.37,75.34,79.13
"14160",281,2019,82.19,84.04,81.37,79.55,81.45,79.42,81.23
"14161",282,2019,86.23,89.98,85.19,92.29,84.89,92.66,86.77
"14162",283,2019,85.05,93.99,82.2,95.44,83.09,96.2,87.5
"14163",284,2019,89.75,97.07,87.85,98,90.1,98.68,94.55
"14164",285,2019,85.93,92.94,85.03,94.94,87.87,94.34,91.87
"14165",286,2019,80.46,82.2,80.56,85.32,82.17,86.04,81.94
"14166",287,2019,75.65,76.77,77.48,79.5,76.35,79.06,77.43
"14167",288,2019,83.32,89.68,83.88,83.07,83.72,83.34,83.34
"14168",289,2019,82.95,82.06,84.02,82.42,82.28,79.18,83.45
"14169",290,2019,83.45,86.39,83.07,88.61,84.56,86.61,86.26
"14170",291,2019,86.6,89.99,85.45,88.77,87.62,86.48,87.43
"14171",292,2019,88.44,90.46,88.07,89.04,88.19,87.44,87.11
"14172",293,2019,84.36,83.66,84.95,83.29,82.89,81.55,80.9
"14173",294,2019,83.44,84.81,83.88,83.1,83.65,81.88,83.54
"14174",295,2019,82.54,88.83,81.97,84.9,84.05,85.16,85.93
"14175",296,2019,80.17,80.37,80.11,79.77,80.41,77.66,80.43
"14176",297,2019,83.42,81.93,84.96,83.86,83.41,81.81,81.55
"14177",298,2019,88.97,93.48,89.05,93.33,90.29,93.95,90.45
"14178",299,2019,80.83,81.94,82.01,84.86,80.61,84.31,81.78
"14179",300,2019,79.66,83.02,79.71,85.13,81.15,83.04,82.08
"14180",301,2019,79.72,80.61,80.52,83.87,79.8,81.31,82.2
"14181",302,2019,76.67,75.26,78.04,79.52,75.97,78.12,77.54
"14182",303,2019,80.01,83.64,80.82,79.32,81.19,78.28,81.45
"14183",304,2019,82.54,88.18,82.95,83.46,83.89,83.18,83.45
"14184",305,2019,84.54,88.53,85.29,86.26,85.14,84.46,86.12
"14185",306,2019,85.25,92.22,85.52,88.49,87.04,87.65,89.3
"14186",307,2019,86.1,89.74,85.81,86.76,86.5,84.88,86.02
"14187",308,2019,81.88,83.06,82.12,85.96,81.6,83.28,84.32
"14188",309,2019,81.24,83.2,81.52,84.63,81.18,82.47,81.94
"14189",310,2019,78.83,75.82,80.35,76.73,77.16,74.81,77.04
"14190",311,2019,83.34,85.6,83.75,85.05,82.87,82.48,84.01
"14191",312,2019,82.09,78.59,82.91,84.37,79.37,82.19,81.13
"14192",313,2019,83.68,82.14,84.58,86.65,82.25,84.06,84.21
"14193",314,2019,86.29,88.47,86.64,89.69,87.19,86.52,88.56
"14194",315,2019,83.64,83.6,84.93,82.26,83.24,80.46,83.26
"14195",316,2019,83.62,83.61,84.68,80.15,85.4,77.65,83.17
"14196",317,2019,83.74,84.24,84.86,82.64,84.2,80.2,84.62
"14197",318,2019,83.22,83.87,83.51,81.51,83.43,80.8,82.02
"14198",319,2019,79.5,85.41,78.83,84.76,81.59,84.73,84.05
"14199",320,2019,78.85,82.75,78.89,83.11,80.71,82.33,82.89
"14200",321,2019,79.8,83.11,80.19,84.62,81.41,82.42,84.75
"14201",322,2019,79.83,82.84,80.92,86.26,81,83.25,86.88
"14202",323,2019,78.03,80.56,78.87,82.49,78.01,81.43,82.04
"14203",324,2019,80.63,79.63,81.67,79.57,79.14,78.72,80.24
"14204",325,2019,83.91,87.81,84.85,85.18,85.92,84.31,85.83
"14205",326,2019,84.35,88.62,83.79,85.29,85.46,84.95,86.64
"14206",327,2019,82.15,84.26,82.1,82.29,83.33,80.89,83.33
"14207",328,2019,79.6,81.26,80.08,79.26,79.95,78.81,80.38
"14208",329,2019,82.23,81.77,83.5,81.09,82.32,79.38,81.27
"14209",330,2019,81.7,80.43,83.02,83.94,81.12,82.36,81.85
"14210",331,2019,80.51,80.19,81.34,82.05,79.89,81,79.23
"14211",332,2019,76.5,73.99,76.85,75.26,74.79,73.85,74.51
"14212",333,2019,77.28,76.66,77.95,74.53,77.42,74.09,75.88
"14213",334,2019,75.53,77.88,76.72,79.82,77.28,79.28,78.95
"14214",335,2019,74.35,75.79,75.21,79.72,75.21,77.92,77.72
"14215",336,2019,75.09,74.75,76.81,82.45,74.14,80.13,78.59
"14216",337,2019,73.64,72.83,75.36,80.53,72.73,77.75,77.28
"14217",338,2019,70.74,66.02,71.99,69.87,68.27,68.39,70.44
"14218",339,2019,71.84,69.27,73.1,71.18,70.65,70.11,71.7
"14219",340,2019,68.28,66.4,69.62,68.19,66.57,67.69,68.8
"14220",341,2019,70.49,72.59,70.62,69.16,71.37,68.36,70.33
"14221",342,2019,72.12,76.2,72.12,76.35,73.92,76.41,76.24
"14222",343,2019,65.91,70.03,66.45,76.67,67.99,74.68,74.23
"14223",344,2019,65.09,63.45,66.13,67.59,63.48,65.32,67.25
"14224",345,2019,64.76,62.56,66.48,65.45,63.6,62.84,65.82
"14225",346,2019,65.59,68.38,66.52,73.1,66.61,70.1,72.56
"14226",347,2019,65.07,75.66,64.54,82.81,67.54,80.56,79.39
"14227",348,2019,64.94,71.43,64.7,78.63,66.13,75.78,75.91
"14228",349,2019,71.17,74.03,71.99,78.98,72.54,75.38,79.1
"14229",350,2019,78.14,78.7,77.95,82.27,78.14,78.25,80.59
"14230",351,2019,72.93,77.32,72.63,83.45,72.88,80.82,80.4
"14231",352,2019,69.53,72.21,69.64,81.74,68.57,79.6,77.76
"14232",353,2019,67.83,70.62,68.29,79.94,66.55,77.72,76.09
"14233",354,2019,79.65,80.76,80.61,84.84,77.87,83.44,81.15
"14234",355,2019,81.44,86.68,81.92,91.09,81.64,89.61,88.17
"14235",356,2019,73.93,75.01,74.75,79.33,71.72,79.81,75.89
"14236",357,2019,73.46,72.71,74.43,75.07,72.05,73.41,73.98
"14237",358,2019,75.2,72.18,76.86,76.9,73.6,75.25,74.84
"14238",359,2019,72.44,73.91,74.33,82.65,73.09,80.01,79.19
"14239",360,2019,78.95,81.36,80.35,85.09,80.09,84.14,81.66
"14240",361,2019,79.46,81.81,80.32,84.87,80.36,86.19,79.63
"14241",362,2019,73.76,74.35,75.63,78.36,73.85,76.25,74.68
"14242",363,2019,73.27,79.89,72.36,82.07,74.96,82.38,79.9
"14243",364,2019,66.27,70.4,67.22,78.7,66.84,77.05,76.09
"14244",365,2019,57.79,62.95,58.7,71.92,59.87,69.79,69.75
"14245",1,2020,57.41,60.73,58.07,67.63,58.45,66.77,66.65
"14246",2,2020,54.12,55.59,54.04,62.09,54.3,61,61.46
"14247",3,2020,53.45,51.27,54,56.52,50.92,57.24,55.96
"14248",4,2020,53.25,52.48,53.58,57.15,51.9,56.82,56.71
"14249",5,2020,51.64,55.24,51.61,57.59,52.19,57.89,57.69
"14250",6,2020,51.69,57.55,50.45,61.78,52.95,62.2,61.68
"14251",7,2020,52.85,57.98,52.29,63.66,54.43,62.56,63.06
"14252",8,2020,50.96,50.78,50.32,59.11,49.34,57.57,57.95
"14253",9,2020,51.86,52.88,51.7,61.09,50.95,58.73,60.16
"14254",10,2020,51.22,52.4,50.91,60.4,50.26,57.67,58.64
"14255",11,2020,50.38,58.25,49.47,70.21,52.96,69.46,64.85
"14256",12,2020,49.44,55.58,49.07,69.76,50.95,66.41,66.04
"14257",13,2020,50.48,57.42,49.9,73.01,51.87,69.99,67.97
"14258",14,2020,53.42,59.58,53.01,74.56,54.47,70.82,69.26
"14259",15,2020,55.51,59.95,55.91,74.83,55.52,71.81,69.2
"14260",16,2020,60.69,66.42,60.53,77.59,60.84,75.66,71.99
"14261",17,2020,68.56,72.21,68.44,82.75,68.38,80.54,77.16
"14262",18,2020,67.08,75.34,65.46,83.92,68.19,82.35,77.94
"14263",19,2020,64.8,76.45,63.4,85.51,67.98,84.57,80.07
"14264",20,2020,63.98,70.61,62.88,80.62,64.96,80.06,76.62
"14265",21,2020,57.57,66.83,56.79,75.95,59.55,74.69,74.87
"14266",22,2020,53.88,64.78,52.72,74.86,56.61,73.4,73.08
"14267",23,2020,51.34,63.76,48.99,73.03,55.38,70.4,72.31
"14268",24,2020,51.26,62.83,48.22,70.97,54.08,68.39,71.86
"14269",25,2020,45.97,59.89,45.46,72.69,49.87,70.62,72.44
"14270",26,2020,50.43,59.82,49.6,69.99,54.39,67.15,70.59
"14271",27,2020,46.89,55.68,46.4,65.41,50.45,63.55,66.32
"14272",28,2020,45.92,53.86,45.79,67.49,48.15,65.33,67.47
"14273",29,2020,45.18,53.39,45.36,65.35,47.97,63.57,65.1
"14274",30,2020,45.73,54.32,45.71,65.81,48.52,63.75,65.1
"14275",31,2020,50.79,56.89,51.49,68.23,52.3,65.17,67.01
"14276",32,2020,49.78,56.51,50.87,70.73,49.78,68.68,67.22
"14277",33,2020,49.87,54.66,50.34,69.07,51.63,65.26,68.51
"14278",34,2020,43.83,49.27,46.24,60.85,46.69,58.11,60.85
"14279",35,2020,38.61,45.29,39.44,57.11,40.93,55.03,55.92
"14280",36,2020,38.31,41.11,39.47,53.91,39.24,51.49,52.86
"14281",37,2020,37.61,39.89,39.18,51.71,37.84,49.86,49.09
"14282",38,2020,36.39,40.61,38.16,55,37,52.5,53.22
"14283",39,2020,41.53,46.2,42.34,60.25,42.21,57.31,59.17
"14284",40,2020,40.51,46.15,40.85,58.72,42.76,56.52,57.74
"14285",41,2020,39.77,42.74,40.33,52.98,38.85,50.5,52.97
"14286",42,2020,43.24,48.32,43.85,62.43,44.74,58.48,60.58
"14287",43,2020,43.62,48.04,44.47,63.78,44.07,59.07,61.93
"14288",44,2020,48.1,53.77,47.85,69.81,49.79,65.38,67.02
"14289",45,2020,50.14,55.82,49.5,72.62,51.64,67.03,70.17
"14290",46,2020,48.38,54.51,48.3,67.88,51.34,63.96,65.41
"14291",47,2020,42.21,46.92,43.61,63.76,44.57,58.01,62.75
"14292",48,2020,43.12,46.35,44.89,58.65,44.72,54.68,57.52
"14293",49,2020,46.44,48.37,47.99,60.27,46.07,56.86,57.9
"14294",50,2020,50.81,55.4,51.51,69.63,51.57,65.57,66.3
"14295",51,2020,48.34,54.67,48.24,67.99,49.38,63.99,66.85
"14296",52,2020,47.4,56.1,46.28,69.73,50.03,65.5,68.52
"14297",53,2020,43.95,54.95,43.69,72.91,47.34,69.3,70.61
"14298",54,2020,45.13,57.18,45.22,74.59,50.44,69.26,74.05
"14299",55,2020,46.86,54.89,48.14,69.96,51.39,64,71.43
"14300",56,2020,47.03,52.71,48.48,66.83,49.28,61.64,68.4
"14301",57,2020,47.18,52.98,48.48,64.13,50.19,60.37,65.84
"14302",58,2020,41.36,46.22,42.61,59.59,43.9,55.06,61.18
"14303",59,2020,38.01,43.3,39.92,58.76,39.87,54.02,61.1
"14304",60,2020,40.12,44.75,42.24,58.45,42.97,53.6,60.25
"14305",61,2020,40.68,45.56,42.98,59.4,43.67,54.13,61.09
"14306",62,2020,42.62,48.84,45.06,63.46,47.25,58.1,64.85
"14307",63,2020,42.82,47.03,46.03,61.25,46.18,56.12,63.24
"14308",64,2020,38.91,43.21,40.98,55.69,41.38,51.49,57.59
"14309",65,2020,36.46,39.08,38.6,51.82,37.85,48.17,51.67
"14310",66,2020,37.58,38.62,39.94,50.49,38.47,46.18,51.53
"14311",67,2020,40.05,40.33,42.7,49.77,41.16,46.07,51.85
"14312",68,2020,42.03,44.14,46.01,54.8,43.67,50.08,57.24
"14313",69,2020,43.1,48.95,45.14,61.75,46.95,56.71,63.59
"14314",70,2020,44.99,49.88,46.14,67.57,47.36,62.94,66.75
"14315",71,2020,43.85,49.93,45.11,65.98,47.55,59.94,66.43
"14316",72,2020,43.16,51.69,46.1,71.01,47.13,67.28,69.08
"14317",73,2020,46.4,52.74,49.68,71.73,49.13,66.7,69.83
"14318",74,2020,50.03,51.64,54.83,66.98,52.04,61.43,68.26
"14319",75,2020,43.27,46.52,49.54,64.32,48.8,60.11,65.41
"14320",76,2020,38.98,43.79,41.67,58.81,42.12,55.39,60.28
"14321",77,2020,35.99,39.98,38.3,53.51,37.72,50.4,54.86
"14322",78,2020,38.25,43.71,39.09,53.97,40.08,51.07,54.93
"14323",79,2020,39.21,44.85,38.85,53.38,41.09,49.53,56.03
"14324",80,2020,37.37,42.51,37.95,57.14,38.83,52.37,57.59
"14325",81,2020,32.86,39.79,33.69,58.15,34.78,53.28,57.21
"14326",82,2020,35.82,39.48,36.45,53.38,36.72,48.46,55.23
"14327",83,2020,39.52,42.22,40.13,54.06,40.15,48.65,56.15
"14328",84,2020,44.45,46.69,46,65.53,45.16,58.24,64.77
"14329",85,2020,43.16,48.74,42.66,64.95,43.58,58.99,64.37
"14330",86,2020,41.39,47.41,41.42,61.91,42.89,56.52,62.98
"14331",87,2020,37.89,44.06,38.14,55.89,39.96,51.88,58.51
"14332",88,2020,32.22,37.3,33.33,50.44,34.6,46.07,52.8
"14333",89,2020,35.77,36.02,37.14,47.13,36.6,41.48,49.51
"14334",90,2020,40.71,44.23,41.41,61.13,42.17,54.09,60.93
"14335",91,2020,54.73,55.81,58.39,71.52,59.07,65.66,70.21
"14336",92,2020,60.25,60.87,61.71,75.92,65.59,71.58,76.79
"14337",93,2020,65.92,65.76,68.08,75.61,70.58,69.86,78.62
"14338",94,2020,61.06,61.68,62.54,74.24,61.28,71.04,72.76
"14339",95,2020,61.64,61.95,63.5,77.57,60.68,73.63,74.4
"14340",96,2020,69.9,73.66,72.42,79.9,72.1,75.02,79.42
"14341",97,2020,71.57,70.85,75.54,74.08,72.32,70.29,74.18
"14342",98,2020,74.52,75.42,77.74,79.62,78.66,75.24,80.87
"14343",99,2020,71.72,72.22,75.77,77.91,76.11,74.38,79.25
"14344",100,2020,72.8,68.79,76.87,73,74.27,67.52,75.49
"14345",101,2020,74.6,72.83,77.87,78.54,77.83,70.61,81.08
"14346",102,2020,72.99,75.81,76.27,79.17,76.75,74.99,79.36
"14347",103,2020,56.09,53.88,61.12,61.71,61.19,57.22,64.73
"14348",104,2020,46.05,42.5,50.71,50.11,49.51,45.26,55.05
"14349",105,2020,42.16,41.18,44.84,44.86,47,41.17,49.85
"14350",106,2020,40.38,41.78,42.36,50.6,45.14,46.09,54.58
"14351",107,2020,40.34,42.28,42.48,53.39,44.49,47.93,56.8
"14352",108,2020,42.21,42.93,45.87,55.31,46.71,47.32,59.4
"14353",109,2020,60.81,58.01,63.62,69.9,63.56,62.11,70.39
"14354",110,2020,74.56,68.21,75.36,81.05,72.93,73.34,80.83
"14355",111,2020,71.07,75.75,70.82,83.73,72.8,78.01,83.16
"14356",112,2020,71.66,75.26,71.6,81.4,72.96,77.56,79.49
"14357",113,2020,76.82,75.09,78.36,82.28,78.65,78.84,83.39
"14358",114,2020,77.45,75.94,78.99,78.31,76.88,75.23,78.24
"14359",115,2020,63.42,60.99,64.7,64.05,65.23,61.08,67.28
"14360",116,2020,54.79,49.94,56.68,55.12,54.1,51.18,58.39
"14361",117,2020,51.96,48.11,53.81,59.45,51.88,53.91,60.82
"14362",118,2020,54.81,49.75,56.7,60.44,53.35,55.23,61.13
"14363",119,2020,60.65,57.66,62.33,66.91,61.12,62.49,67.1
"14364",120,2020,70.52,65.9,72.5,75.49,73.29,70.36,77.09
"14365",121,2020,75.98,78.85,77.94,85.49,81.16,82.63,84.01
"14366",122,2020,73.81,71.27,76.98,79.75,78.28,75.53,80.3
"14367",123,2020,74.75,70.92,76.18,76.29,76.7,70.14,77.36
"14368",124,2020,77.69,74.59,80.53,81.09,80.86,76.51,83.03
"14369",125,2020,76.75,73.87,78.58,75.05,78.47,70.6,77.04
"14370",126,2020,77.69,75.93,78.85,76.63,80.68,73.21,78.68
"14371",127,2020,77.23,71.46,80.22,73.35,79.3,70.55,74.55
"14372",128,2020,81.98,80.74,83.8,83.56,85.17,80.32,83.72
"14373",129,2020,83.66,82.82,84.65,84.03,85.36,80.73,83.87
"14374",130,2020,84.99,91.13,84.24,91.21,85.33,89.42,87.44
"14375",131,2020,74.39,70.8,76.33,75.25,75.3,72.16,75.21
"14376",132,2020,71.75,63.48,74.77,69.62,71.17,64.75,71.41
"14377",133,2020,70.86,63.74,72.85,68.17,70.75,63.8,71.29
"14378",134,2020,77.83,73.94,81.64,76.25,79.22,72.95,78.4
"14379",135,2020,82.18,77.7,85.01,83.66,83.32,80.39,82.96
"14380",136,2020,81.77,84.29,82.64,89.25,82.8,88.86,85.77
"14381",137,2020,77.95,77.77,80.91,82.86,78.66,81.08,79.23
"14382",138,2020,76.73,73.57,78.81,79.75,77.66,77.13,78.17
"14383",139,2020,85.33,88,85.17,89.61,86.17,87.4,87.06
"14384",140,2020,73.86,69.27,77.16,75.36,73.78,72.25,73.98
"14385",141,2020,70.83,64.12,74.79,70.05,71.61,66.58,68.99
"14386",142,2020,72.61,67.61,76.32,71.58,74.46,67.12,72.03
"14387",143,2020,84.92,83.89,85.29,82.15,84.01,78.33,80.24
"14388",144,2020,80.01,78.37,83.22,81.91,82.13,80.85,78.68
"14389",145,2020,77.7,76.74,80.11,81.58,80.92,78.1,80.03
"14390",146,2020,81.21,79.61,83.45,85.81,81.52,82.5,82.19
"14391",147,2020,83.87,86.88,83.94,89.51,81.99,88.87,83.09
"14392",148,2020,81.97,80.56,84.27,87.93,78.36,90.55,80.55
"14393",149,2020,86.53,93.53,85.68,96.76,87.15,95.69,93.67
"14394",150,2020,79.84,84.06,80.25,87.66,81.69,84.73,86.2
"14395",151,2020,81.17,83.39,82.81,87.56,83.69,85.58,85.77
"14396",152,2020,91.29,92.12,91.99,90.73,92.05,89.14,90.57
"14397",153,2020,82.83,85.65,83.54,87.23,84.4,85.75,85.74
"14398",154,2020,77.82,80.51,80.1,81.77,80.35,78.44,81.5
"14399",155,2020,72.39,73.94,75.38,79.42,74.91,76.1,78.98
"14400",156,2020,71.92,72.42,76.07,78.76,75.02,74.27,78.64
"14401",157,2020,74.17,72.53,79.27,81.23,76.7,77.42,79
"14402",158,2020,84.94,84.82,87.62,86.76,87.8,84.37,85.86
"14403",159,2020,83.93,85.99,85.96,87.39,85.71,84.13,85.35
"14404",160,2020,87.89,89.98,88.49,92.1,88.93,91.08,88.03
"14405",161,2020,84.33,90.44,84.38,93.55,87.62,92.77,89.82
"14406",162,2020,87.01,91.95,86.29,93.74,89.35,93.13,90.98
"14407",163,2020,85.55,93.43,85.75,93.55,90.35,92.06,93.45
"14408",164,2020,80.29,82.73,81.22,81.32,81.82,79.19,84.23
"14409",165,2020,78.13,77.19,79.71,78.16,79,75.52,79.49
"14410",166,2020,83.25,84.16,83.21,86.43,84.94,86.15,83.65
"14411",167,2020,88.16,93.69,87.82,93.54,90.4,94.74,89.73
"14412",168,2020,86.87,89.94,87.26,92.12,87.06,90.6,88.63
"14413",169,2020,86.64,95.2,85.66,96.88,89.75,96.1,95.08
"14414",170,2020,88.47,92.84,89.08,91.8,89.83,91.54,91.82
"14415",171,2020,86.56,94.62,86.19,95.23,89.37,94.65,92.54
"14416",172,2020,88.4,94.06,87.33,93.54,90.76,92.39,90.2
"14417",173,2020,88.79,89.2,89.34,85.21,88.8,85.41,85.56
"14418",174,2020,89.12,91.06,88.77,91.18,89.36,91.65,89.32
"14419",175,2020,84.56,84.37,86.55,87.3,84.43,86.77,85.76
"14420",176,2020,73.02,63.97,76.46,62.13,71.66,62.03,65.44
"14421",177,2020,80.9,75.97,81.94,70.01,81.49,70.02,72.91
"14422",178,2020,84.03,84.38,84.18,85.62,82.54,84.42,81.99
"14423",179,2020,83.14,80.86,84.03,81.18,83.21,79.93,80.68
"14424",180,2020,90.62,92.13,92.02,88.89,92.43,87.25,91.61
"14425",181,2020,85,86.39,84.97,88.97,84.65,88.17,86.88
"14426",182,2020,78.33,76.9,79.57,78.68,77.67,76.96,78.67
"14427",183,2020,84.32,83.36,84.38,82.68,82.88,78.92,83.44
"14428",184,2020,91.41,93.42,90.77,90.48,91.21,90.42,90.14
"14429",185,2020,86.55,85.8,87.1,86.66,85.42,87.91,84.85
"14430",186,2020,85.08,83.4,86.92,87.23,84.07,85.3,85.41
"14431",187,2020,79.89,73.98,84.41,70.28,80.05,69.34,74.91
"14432",188,2020,87.03,85.3,88.61,73.67,88.35,74.02,78.03
"14433",189,2020,83.43,86.16,84.94,85.95,84.41,84.24,83.92
"14434",190,2020,79.56,82.57,79.71,86.94,81.77,85.8,83.14
"14435",191,2020,82.35,86.49,83.29,88.41,84.85,87.44,86.92
"14436",192,2020,80.45,72.8,83.41,79.86,79.1,76.71,79.5
"14437",193,2020,89.33,87.49,90.81,87.86,89.07,86.47,86.02
"14438",194,2020,87.57,88.43,87.36,89.1,87.13,89.32,86.73
"14439",195,2020,84.81,87.24,85.25,86.85,85.69,87.05,84.54
"14440",196,2020,83.78,82.49,84.41,80.29,82.85,79.83,79.41
"14441",197,2020,87.55,86.43,87.79,83.76,88.65,81.97,85.55
"14442",198,2020,84.04,88.68,83.88,89.99,85.98,90.23,86.77
"14443",199,2020,85.25,91.51,84.68,92.51,86.78,94.23,87.08
"14444",200,2020,85.1,89.67,84.44,92.44,84.95,91.89,88.79
"14445",201,2020,82.22,88.13,82.41,90.78,83.14,90.39,87.06
"14446",202,2020,88.27,95.42,87.95,95.8,90.49,95.95,91.57
"14447",203,2020,86.49,93.33,85.98,96.25,89.07,95.27,93.38
"14448",204,2020,87.49,88.57,87.33,89.05,89.11,87.6,88.68
"14449",205,2020,90.25,95.06,90.24,89.64,91.76,88.41,91.23
"14450",206,2020,91.57,94.23,90.28,93.7,90.4,93.01,91.99
"14451",207,2020,82.22,89.79,82.92,92.78,85.92,90.69,90.52
"14452",208,2020,87.55,93.54,86.67,93.8,89.24,91.79,90.73
"14453",209,2020,83.65,90.45,81.75,91.78,84.26,90.36,88.28
"14454",210,2020,80.96,85.76,80.16,83.62,82.67,83.53,83.83
"14455",211,2020,81.46,87.55,81.67,85.51,83.52,83.39,86
"14456",212,2020,85.47,87.8,86.39,90.31,84.23,91.09,87.8
"14457",213,2020,76.03,74.15,78.46,83.06,70.44,83.99,76.65
"14458",214,2020,76.52,72.35,77.81,78.98,72.47,77.81,75.73
"14459",215,2020,77.81,76.37,79.22,79.83,76.2,80.3,76.24
"14460",216,2020,81.91,84.05,81.82,83.61,79.51,85.17,78.27
"14461",217,2020,83.53,88.71,82.72,91.99,78.86,95.34,82.05
"14462",218,2020,85.33,90.33,85.19,94.39,85.15,95.26,86.58
"14463",219,2020,84.02,89.45,83.14,92.98,83.01,94.21,84.85
"14464",220,2020,86.22,93.49,84.75,95.55,84.93,97.08,89.1
"14465",221,2020,81.5,85.38,82.05,90.3,79.72,89.89,85.57
"14466",222,2020,83.22,82.08,85.08,87.38,79.71,87.71,81.56
"14467",223,2020,84.17,90.72,83.57,93.9,85.08,92.8,89.72
"14468",224,2020,80.6,85.52,80.74,88.29,81.45,87.06,84.74
"14469",225,2020,85.87,92.31,84.75,90.79,86.38,88.99,88.94
"14470",226,2020,88.67,93.77,88.12,91.44,91.4,91.35,90.88
"14471",227,2020,84.02,82.55,84.59,83.77,84.82,84.09,82.56
"14472",228,2020,82.82,84.71,83.61,84.77,82.96,84.82,82.22
"14473",229,2020,81.25,80.08,82.44,81.69,81.04,80.75,81.69
"14474",230,2020,89.3,92.1,89.46,86.36,91.04,85.82,88.94
"14475",231,2020,89.83,89.2,90.49,81.78,88.78,81.46,84.27
"14476",232,2020,87.07,92.45,85.92,89.24,87.88,89.58,87.3
"14477",233,2020,82.34,80.56,83.24,84.46,80.77,84,80.44
"14478",234,2020,82.16,82.73,83.81,84.76,81.97,84.67,80.52
"14479",235,2020,94.09,95.37,94.95,92.05,92.79,92.14,88.56
"14480",236,2020,88.87,91.41,88.44,93.66,87.39,95.74,88.88
"14481",237,2020,81.91,86.25,80.14,89.4,79.5,90.25,84.05
"14482",238,2020,82.25,85.35,81.17,88.65,81.29,87.97,84.77
"14483",239,2020,88.02,93.29,87.06,93.24,88.98,93.08,90.48
"14484",240,2020,79.84,79.78,81.17,79.2,80.1,78.12,79.36
"14485",241,2020,77.36,76.37,78.43,72.23,77.55,70.95,74.58
"14486",242,2020,79.23,74.87,80.49,62.47,80.35,63.45,69.8
"14487",243,2020,82.77,77.68,83.8,63.18,83.33,65.76,70.14
"14488",244,2020,82.12,88.74,80.27,85.37,83.26,83.56,85.5
"14489",245,2020,82.75,84.91,83,87.68,83.11,88.25,84.13
"14490",246,2020,88.22,93.1,86.71,93.21,87.34,93.63,90.76
"14491",247,2020,80.7,93.24,78.58,95.35,82.31,96.07,89.73
"14492",248,2020,80.64,88.04,80.07,93.49,82.6,92.19,88.26
"14493",249,2020,79.78,82.45,80.89,84.2,80.9,84.16,81.62
"14494",250,2020,81.19,82.64,81.84,84.36,81.71,83.4,83.45
"14495",251,2020,83.7,87.78,83.89,86.45,85.1,84.47,85.52
"14496",252,2020,85.76,91.4,84.44,92.49,87.27,91.86,89.38
"14497",253,2020,82.99,86.82,83.71,85.65,85.45,85.31,83.31
"14498",254,2020,81.46,83.59,81.87,88.9,83.73,87.69,84.9
"14499",255,2020,81.74,86.96,81.08,89.26,83.31,89.07,84.52
"14500",256,2020,82.56,85.97,80.59,88.61,84.77,87.4,86.36
"14501",257,2020,83.82,90.04,82.84,91.68,85.17,91.17,86.54
"14502",258,2020,81.16,79.64,82.14,80.38,80.59,81.54,77.11
"14503",259,2020,78.82,76.94,80.92,75.73,76.61,74.7,75.47
"14504",260,2020,87.39,85.25,87.11,80.91,84.37,79.75,83.45
"14505",261,2020,79.93,79.7,80.83,77.41,78.73,76.6,79.51
"14506",262,2020,79.2,78.98,79.85,74.55,78.56,74.15,77.79
"14507",263,2020,81.77,83.06,81.88,81.06,81.75,80.08,84.65
"14508",264,2020,89.43,92.51,88.02,93.59,89.34,93.41,90.4
"14509",265,2020,79.34,80.06,79.75,82.76,79.58,84.07,79.67
"14510",266,2020,74.41,75.12,75.35,78.02,74.38,79.15,73.95
"14511",267,2020,80.72,84.33,81.68,85.85,82.32,86.06,81.21
"14512",268,2020,83.09,86.5,82.83,89.12,81.66,89.04,82.71
"14513",269,2020,80.26,81.22,80.28,79.93,79.96,80.56,75.77
"14514",270,2020,77.84,73.99,79.3,73.66,76.84,72.24,73.97
"14515",271,2020,79.99,77.56,81.15,72.92,79.42,71.69,75.29
"14516",272,2020,79.82,79.82,80.07,72.59,80.2,73.2,75.18
"14517",273,2020,83.82,86.39,83.44,86.71,83.13,86.2,82.06
"14518",274,2020,79.8,76.65,80.46,81.15,77.1,81.36,75.66
"14519",275,2020,81.11,79.73,81.59,78.16,78.68,77.52,77.12
"14520",276,2020,83.99,85.91,82.49,86.03,83.4,85.08,82.62
"14521",277,2020,84.51,89.87,83.18,93.33,85.33,92.69,87.49
"14522",278,2020,81.41,82.58,82.1,85.41,82.07,87.5,79.96
"14523",279,2020,83.14,82.68,82.86,83.68,79.41,85.57,78.52
"14524",280,2020,77.28,81.09,78.39,83.69,77.03,84.74,78.84
"14525",281,2020,82.13,83.24,82.66,86.96,82.8,87.7,82.5
"14526",282,2020,85.58,89.7,86.23,92.26,86.59,91.74,86.87
"14527",283,2020,80.65,84.54,80.24,86.77,81.78,86.33,82.09
"14528",284,2020,78.98,81.89,79.59,84.37,77.93,82.84,79.48
"14529",285,2020,83.94,88.69,83.17,86.98,85.17,89.6,82.05
"14530",286,2020,84.88,91.17,84.74,92.37,86.35,93.56,85.3
"14531",287,2020,83.07,86.11,83.75,91.76,83.79,89.58,85.87
"14532",288,2020,81.61,84.63,81.67,88.79,82.96,88.84,83.56
"14533",289,2020,77.83,78.58,78.57,80.11,77.07,78.99,77.99
"14534",290,2020,78.05,78.9,78.87,80.82,77.36,80.37,77.35
"14535",291,2020,83.97,83.53,84.45,81.56,81.52,83.9,75.96
"14536",292,2020,85.38,87.37,84.81,85.97,83.35,86.91,80.56
"14537",293,2020,79.61,81.55,79.56,84.93,79.99,85.68,80.52
"14538",294,2020,81.2,85.08,82.56,89.24,83.29,88.8,85.25
"14539",295,2020,81.77,84.66,83.68,89.81,82.89,90.16,84.28
"14540",296,2020,82.48,84.15,83.15,85.55,80.92,85.33,79.65
"14541",297,2020,81.98,84.77,82.54,84.44,81.9,84.77,79.51
"14542",298,2020,82.2,83.69,82.19,88.45,81.92,88.52,82.73
"14543",299,2020,76.44,77.99,77.55,80.44,75.38,79.09,77.48
"14544",300,2020,76.7,76.26,77.28,73.98,75.41,74.23,74.06
"14545",301,2020,73.99,76.21,74.68,74.47,73.59,74.99,73.96
"14546",302,2020,74.99,77.69,75.8,77.85,74.08,78.23,76.87
"14547",303,2020,75.98,80.01,76.03,77.31,76.05,76.94,77.02
"14548",304,2020,77.63,85.35,76.62,83.79,79.85,81.93,83.28
"14549",305,2020,81.54,88.47,80.81,87.26,81.72,87.95,86.09
"14550",306,2020,93.97,96.67,93.45,95.7,93.55,95.92,93.94
"14551",307,2020,88,93.34,87.43,93.39,90.88,93,92.66
"14552",308,2020,85.87,90.13,85.37,86.87,86.37,85.95,87.63
"14553",309,2020,84.21,88.37,85.45,90.81,85.93,89.6,89.89
"14554",310,2020,86.93,87.94,87.29,91.3,86.23,89.88,89.79
"14555",311,2020,81.86,84.8,82.67,87.19,81.31,86.29,86.72
"14556",312,2020,81.05,82.44,82.2,83.18,80.07,80.94,84.36
"14557",313,2020,87,90.16,86.99,88.62,86.55,86.72,88.05
"14558",314,2020,87.44,93.37,85.89,90.99,86.8,91.08,89.88
"14559",315,2020,87.41,90.19,86.46,88.2,88.23,87.33,88.52
"14560",316,2020,88.67,94.79,86.9,92.57,90.87,91.47,91.94
"14561",317,2020,82.98,83.99,83.2,83.49,82.81,82.38,82.62
"14562",318,2020,89.38,96.16,88.47,95.7,90.84,96.01,93.38
"14563",319,2020,84.56,85.69,84.36,87.89,82.85,88.34,86.61
"14564",320,2020,81.24,81.42,82.07,83.78,80.09,83.11,82.4
"14565",321,2020,86.09,86.77,85.65,85.07,86.47,83.08,86.15
"14566",322,2020,90.57,94.08,90.19,89.32,91.1,89.03,89.7
"14567",323,2020,84.79,86.09,84.64,87.9,84.59,86.64,87.11
"14568",324,2020,77.16,82,77.44,84.18,77.37,83.28,82.43
"14569",325,2020,75.71,77.84,75.36,76.43,75.75,76.82,76.64
"14570",326,2020,78.8,79.19,79.54,78.83,78.12,77.46,79.32
"14571",327,2020,82.46,81.98,84.2,80.26,82.07,79.71,80.72
"14572",328,2020,81.07,83.79,81.43,83.23,81.54,83.09,83.4
"14573",329,2020,78.64,80.89,79.33,83.64,79.68,81.64,84.86
"14574",330,2020,80.49,80.63,81.6,79.15,80.57,78.83,81.3
"14575",331,2020,83.24,86.74,82.91,83.48,83.44,83.59,83.22
"14576",332,2020,87.13,91.5,87.48,87.69,87.98,86.28,87.92
"14577",333,2020,91.88,96.08,90.78,90.49,93.25,89.64,91.58
"14578",334,2020,86.92,91,87.08,90.72,87.8,89.72,88.04
"14579",335,2020,82.89,82.54,83.42,83.38,82.85,81.44,82.21
"14580",336,2020,84.57,87.4,84.84,86.43,86.05,85.89,85.95
"14581",337,2020,83.75,85.37,84.28,85.29,82.87,85.86,83.21
"14582",338,2020,79.03,78.72,79.55,76.94,78.21,77.18,76.9
"14583",339,2020,73.97,78.59,75.1,80.15,75.14,80.2,78.23
"14584",340,2020,77.32,77.5,78.86,78.27,75.13,79.58,76.69
"14585",341,2020,78.28,79.05,79.77,82.78,75.46,81.69,80.62
"14586",342,2020,82.21,83.03,82.67,84.29,81.95,83.84,82.05
"14587",343,2020,83.01,83.77,84.08,84.62,83.65,84.93,83.74
"14588",344,2020,83.02,83.15,84.21,81.68,83.41,81.82,82.57
"14589",345,2020,81.34,82.64,81.6,79.44,82.01,80.51,79.22
"14590",346,2020,75.36,79.8,75.48,76,76.62,77.18,75.96
"14591",347,2020,72.48,75.09,73.29,74.48,73.87,74.43,74.76
"14592",348,2020,71.11,69.09,73.21,68.78,69.87,69.07,68.57
"14593",349,2020,71.84,67.8,74.84,72.21,68.71,72.05,70.81
"14594",350,2020,73.64,72.54,75.85,77.22,72.88,74.01,76.73
"14595",351,2020,77.41,78.37,77.87,78.68,77.42,77.77,78.45
"14596",352,2020,73.81,72.57,75.1,76.96,72.44,75.02,75.45
"14597",353,2020,71.8,72.49,72.65,78.23,70.76,76.12,76.86
"14598",354,2020,73.67,73.01,73.94,75.01,72.76,74.62,74.02
"14599",355,2020,68.78,69.08,69.77,71.84,68.86,69.53,71.2
"14600",356,2020,67.74,67.28,69.33,75.9,66.77,72.5,72.88
"14601",357,2020,67.7,71,68.81,76.25,67.94,73.32,74.78
"14602",358,2020,69.42,75.15,69.77,73.76,71.24,73.62,74.14
"14603",359,2020,69.24,69.35,70.38,71.53,69.2,70.27,71.15
"14604",360,2020,68.95,67.64,70.13,69.54,67.65,68.12,70.06
"14605",361,2020,65.12,68.38,65.98,70.84,66.4,69.28,71.26
"14606",362,2020,60.61,66.81,61.54,72.03,62.67,68.67,72.25
"14607",363,2020,59.32,62.94,60.55,68.52,60.21,65.38,69.11
"14608",364,2020,59.47,61.33,60.83,62.53,60.62,59.64,64.73
"14609",365,2020,66.92,62.24,70.44,62.93,67.82,59.71,65.09
"14610",366,2020,64.48,67.11,65.11,71.48,66.85,67.38,72.65
"14611",1,2021,64.66,71.36,64.93,74.96,66.96,72.64,73.5
"14612",2,2021,67.7,71.99,68.11,82.64,67.95,79.74,77.8
"14613",3,2021,62.77,68.36,62.75,79.82,65.19,76.18,75.68
"14614",4,2021,55.69,61.03,56.22,70.72,57.62,67.89,69.67
"14615",5,2021,52.66,54.03,53.65,57.91,52.81,56.15,59.06
"14616",6,2021,52.23,49.91,53.25,55.98,51.51,53.92,56.26
"14617",7,2021,64.11,62.92,64.04,68.39,64.3,64.1,66.97
"14618",8,2021,81.03,81.21,82.79,85.31,78.44,83.06,83.23
"14619",9,2021,83.8,78.67,84.33,82.46,79.82,79.98,80.03
"14620",10,2021,86.39,82.91,87.02,86.48,83.65,85.78,83.1
"14621",11,2021,81.99,79.47,83.24,87.83,78.81,86.28,82.63
"14622",12,2021,71.65,66.13,73.58,72.52,67.76,71.45,69.66
"14623",13,2021,65.61,60.34,68.14,64.64,62.83,63.23,63.4
"14624",14,2021,64.8,58.28,67.49,64.55,61.48,62.69,63.54
"14625",15,2021,62.7,59.17,64.85,65.74,60.39,64.1,63.87
"14626",16,2021,62.48,57.99,64.21,61.93,60.51,61.01,61.48
"14627",17,2021,59.15,56.03,61.25,59.51,57.37,58.63,58.95
"14628",18,2021,60,56.06,62.36,61.75,57.64,60.28,60.29
"14629",19,2021,57.69,52.4,59.17,58.45,55.11,56.16,57.7
"14630",20,2021,60.13,52.07,61.78,54.68,56.16,54.2,54.56
"14631",21,2021,63.48,62.43,63.84,72.95,62.78,68.9,70.04
"14632",22,2021,59.09,57.21,60.31,68.51,57.61,64.28,66.67
"14633",23,2021,56.63,54.34,58.71,69.18,54.86,63.54,66.36
"14634",24,2021,66.17,67.54,65.56,73.46,64.67,72.03,70.17
"14635",25,2021,62.28,63.12,62.7,74.17,60,72.13,69.44
"14636",26,2021,56.77,56.36,56.91,67.93,55.5,64.25,64.81
"14637",27,2021,54.15,51.96,54.68,63.79,51.91,60.9,60.24
"14638",28,2021,51.15,48.53,51.82,61.54,49.11,57.69,58.77
"14639",29,2021,47.74,45.62,48.05,52.39,46.53,50.98,52.07
"14640",30,2021,47.05,44.27,47.48,51.98,45.19,48.93,51.17
"14641",31,2021,51.3,50.01,52.29,63.6,49.52,59.25,58.91
"14642",32,2021,54.96,56.22,55.55,71.21,54.97,66.26,65.94
"14643",33,2021,49.07,49.62,48.76,61.61,48.84,57.44,59.59
"14644",34,2021,46.01,44.03,48.2,57.87,46.27,53.59,56.29
"14645",35,2021,48.73,44.82,51.3,58.88,47.24,53.8,55.27
"14646",36,2021,66.99,70.35,65.39,75.3,67.66,72.63,70.39
"14647",37,2021,60.21,62.26,59.46,68.88,59.77,66.06,67.9
"14648",38,2021,53.47,56.75,52.71,71.68,54.7,66.36,69.07
"14649",39,2021,49.99,52.99,49.64,67.89,50.63,63.53,64.68
"14650",40,2021,51.29,53.83,50.63,67.32,51.01,63.06,64.39
"14651",41,2021,45.85,51.17,45.58,70.33,47.59,65.44,67.18
"14652",42,2021,39.15,47.06,38.81,66.11,41.2,59.91,63.54
"14653",43,2021,43.97,46.64,44.62,62.45,44.08,56.86,60.94
"14654",44,2021,47.32,48.42,47.8,66.34,46.58,60.87,62.13
"14655",45,2021,47.98,55.1,47.55,73.9,49.79,71.06,68.26
"14656",46,2021,45.47,48.63,45.2,61.63,46.7,57.31,61.25
"14657",47,2021,44.89,48.97,45.14,60.74,45.38,57.57,59.45
"14658",48,2021,45.36,51.73,44.64,67.19,47.5,63,64.95
"14659",49,2021,41.91,45.98,41.33,56.22,43.98,52.65,56
"14660",50,2021,41.22,38.2,42.18,47.05,39.74,43.78,47.7
"14661",51,2021,42.7,42.33,43.54,54.24,42.64,50.49,52.59
"14662",52,2021,40.76,44.09,40.63,59.01,41.36,54.68,57.36
"14663",53,2021,40.72,46.49,41.31,65.64,42.75,60.95,63.05
"14664",54,2021,45.76,48.91,46.29,64.12,46.23,58.09,62.41
"14665",55,2021,53.82,60.59,53.48,75.65,57.04,71.07,71.78
"14666",56,2021,51.3,59.82,50.38,76.68,53.94,72.31,71.77
"14667",57,2021,51,60.3,50.35,77.31,53.89,73.64,72.58
"14668",58,2021,51.44,66.13,49.11,82.15,56.48,79.88,77.45
"14669",59,2021,48.69,56.49,47.66,73.04,52.52,69.81,68.84
"14670",60,2021,39.09,45.11,38.93,62.7,41.64,57.98,60.36
"14671",61,2021,35.5,40.22,35.44,51.93,36.69,48.94,50.6
"14672",62,2021,32.92,37.58,33.58,46.28,33.96,44.7,46.11
"14673",63,2021,38.84,36.1,40.21,43.33,37.23,40.76,43.67
"14674",64,2021,47.35,43.89,49.7,56.88,46.62,52.3,55.81
"14675",65,2021,68.85,65.87,69.6,72.68,66.51,69.06,69.53
"14676",66,2021,76.31,87.52,75.05,89.19,78.45,89.18,83.89
"14677",67,2021,59.94,60.84,60.89,65.54,59.47,64.43,63.58
"14678",68,2021,55.18,55.37,56.38,59.56,55.38,56.34,59.65
"14679",69,2021,54.32,57.25,54.48,66.82,55.98,62.79,67.75
"14680",70,2021,51.68,55.72,52.41,69.92,53.72,65.33,69.94
"14681",71,2021,51.87,53.98,52.61,67.13,52.76,62.97,66.62
"14682",72,2021,57.12,59.1,58.69,73.43,57.92,68.34,72.48
"14683",73,2021,58.66,63.48,59.78,75.81,59.57,71.84,73.71
"14684",74,2021,63.42,74.1,62.91,84.76,65.73,82.37,81.28
"14685",75,2021,67.04,78.1,66.85,85.8,70.98,84.76,81.47
"14686",76,2021,71.77,82.75,73.35,91.9,72.61,91.44,85.87
"14687",77,2021,64.57,70.12,64.75,79.85,67.72,74.34,79.56
"14688",78,2021,55.17,61.98,57,73.3,58.25,68.94,73.18
"14689",79,2021,49.47,55.01,50.91,68.5,52.57,64.36,69.24
"14690",80,2021,45.15,49.88,46.37,63.63,46.9,59.66,62.93
"14691",81,2021,47.33,48.83,49.25,62.37,48.49,59.11,60.38
"14692",82,2021,53.81,55.12,57.28,67.61,53.55,62.47,65.76
"14693",83,2021,74.99,81.12,75.55,85.78,77.96,81.32,85.74
"14694",84,2021,81.45,88.41,81.45,92.34,83.53,90.64,89.35
"14695",85,2021,69.71,86.67,68.91,91.43,74.93,91.42,87.54
"14696",86,2021,63.62,78.85,63.75,90.72,68.21,91.37,84.82
"14697",87,2021,63.79,69.61,65.51,81.88,65.9,80.01,78.02
"14698",88,2021,65.93,69.45,66.51,81.38,64.74,79.03,76.28
"14699",89,2021,80.39,85.02,79.57,87.5,80.07,85.79,84.8
"14700",90,2021,73.13,75.2,73.81,83.87,73.41,81.17,82.05
"14701",91,2021,70.45,79.52,71.62,89.8,73.81,86.95,87.67
"14702",92,2021,62.62,68.08,63.75,81.16,63.92,78.03,78.91
"14703",93,2021,60.46,70.68,61.67,81.29,64.51,79.49,78.51
"14704",94,2021,59.87,68.14,61.09,80.56,64.32,78.33,77.98
"14705",95,2021,69.64,74.9,71.94,84,75.24,80.39,82.69
"14706",96,2021,80.17,88.07,79.28,93.1,81.46,91.6,90.82
"14707",97,2021,84.95,89.4,85.58,92.18,85.44,91.55,87.71
"14708",98,2021,79.04,84.97,79.28,88.34,81.4,85.73,86.35
"14709",99,2021,84.08,84.05,85.81,88.53,84.32,85.56,88.28
"14710",100,2021,85.04,82.26,85.94,81.63,85.38,79.14,82.72
"14711",101,2021,80.24,78.15,81.83,82.63,78.49,79.84,81.18
"14712",102,2021,83.76,83.22,84.83,87.31,82.86,85.12,84.3
"14713",103,2021,79.29,78.42,80.7,82.04,77.55,83.3,76.99
"14714",104,2021,87.18,91.73,87.62,91.18,86.21,92.27,86.19
"14715",105,2021,84.55,91.76,85.24,93.88,88.56,92.27,90.97
"14716",106,2021,81.82,84.01,83.28,87.19,83.16,85.53,84.5
"14717",107,2021,82.75,82.62,84.28,84.15,82.45,81.69,83.57
"14718",108,2021,73.68,73.41,75.33,78.43,73.1,76.73,76.55
"14719",109,2021,66.76,62.79,69.74,66.34,64.36,65.19,67.39
"14720",110,2021,64.45,60.96,66.62,67.61,61.76,65.1,67.65
"14721",111,2021,63.44,60.97,66.32,69.22,61.43,66.35,68.45
"14722",112,2021,61.34,61.3,64.12,68.7,60.69,65.46,68.07
"14723",113,2021,66.43,66.37,68.52,74.22,64.62,70.62,72.27
"14724",114,2021,65.73,64.74,66.96,71.69,63.67,69.36,71.4
"14725",115,2021,64.44,61.6,65.89,70.91,60.58,67.75,70.1
"14726",116,2021,68.47,69.26,70.62,76.64,67.72,72.94,75.49
"14727",117,2021,78.38,80.17,81.07,87.03,79.73,83.77,86.37
"14728",118,2021,87.05,92.88,87.03,96.85,85.83,97.43,92.12
"14729",119,2021,91.11,98.28,89.52,98.65,91.31,98.91,95.93
"14730",120,2021,91.88,98.15,91.38,98.29,95.21,97.81,97.72
"14731",121,2021,81.26,88.35,81.01,92.24,84.24,91.07,91.04
"14732",122,2021,82.54,83.46,83.51,85.36,81.56,82.61,86.8
"14733",123,2021,92.77,97.62,91.38,97.83,92.64,97.53,96.05
"14734",124,2021,87.18,89.22,87.89,88.61,87.63,86.55,88.81
"14735",125,2021,84.14,85.08,84.67,85.83,83.97,85.64,84.52
"14736",126,2021,89.03,94.37,87.58,94.19,90.03,95.48,91.57
"14737",127,2021,90.7,93.82,89.88,93,91.24,91.44,92.51
"14738",128,2021,88.67,94.89,87.72,96.28,91.88,95.32,95.74
"14739",129,2021,92.93,96.08,90.92,95.27,93,94.9,93.28
"14740",130,2021,87.14,96.44,87,97.72,91.84,97.35,96.1
"14741",131,2021,87.47,89.25,87.82,89.93,88.64,89.83,88.36
"14742",132,2021,92.21,96.89,91.42,94.3,93.89,94.73,92.24
"14743",133,2021,82.93,78.99,84.46,83.37,82.64,81.52,82.49
"14744",134,2021,77.88,77.9,80.38,80.67,80.01,78.06,81.24
"14745",135,2021,74.56,73.93,77.38,79.96,74.19,77.11,80.45
"14746",136,2021,82.68,80.16,85.08,84,81.72,80.39,84.64
"14747",137,2021,91.38,95.88,92.37,95.61,95.43,94.27,96.82
"14748",138,2021,85.65,88.56,85.09,90.3,86.07,90.33,87.51
"14749",139,2021,84.99,88.67,85.49,90.16,87.42,90.08,88.46
"14750",140,2021,85.38,86.17,86.14,86.97,87.58,84.51,85.93
"14751",141,2021,81.46,78.46,82.8,83.19,80.18,81.99,81.79
"14752",142,2021,80.76,79.71,81.78,84.52,80.58,83.51,81.73
"14753",143,2021,76.18,74.2,78.24,78.25,74.85,77.05,77.76
"14754",144,2021,87,90.01,87.25,90.05,88.29,90.46,88.58
"14755",145,2021,87.61,91.93,88.22,93,89.35,93.1,91.33
"14756",146,2021,82.7,81.21,84.48,80.06,83.55,78.06,80.84
"14757",147,2021,87.36,90.02,87.42,88.85,87.5,86.49,88.48
"14758",148,2021,87.48,87.18,87.96,88.36,87.25,87.2,87.74
"14759",149,2021,87.55,90.9,87.98,94.78,87.73,94.73,91.12
"14760",150,2021,85.79,84.79,87.97,87.98,85.48,85.92,87.68
"14761",151,2021,88.96,90.49,88.28,89.28,87.76,88.25,87.34
"14762",152,2021,90.69,93.15,90.89,92.01,91.41,91.55,91.59
"14763",153,2021,87.2,91.19,86.87,93.84,87.08,92.76,90.42
"14764",154,2021,86.48,92.55,85.33,93.54,88.01,93.43,90.42
"14765",155,2021,88.16,89.94,88.63,89.59,89.21,88.38,89.01
"14766",156,2021,83.56,84.52,83.93,86.05,83.65,85.12,84.14
"14767",157,2021,90.63,96.9,89.54,97.34,91.98,98,94.74
"14768",158,2021,80.17,83.08,80.66,87.84,79.52,88.96,83.11
"14769",159,2021,83.76,83.54,84.42,82.42,83.99,80.77,82.63
"14770",160,2021,80.06,80.22,80.81,85.05,79.43,84.15,83.28
"14771",161,2021,84.81,83.5,85.38,77.73,86.24,76.65,81.57
"14772",162,2021,88.46,90.61,86.99,85.49,88.26,84.08,86.53
"14773",163,2021,83.52,84.64,84.41,88.55,83.82,86.78,86.52
"14774",164,2021,83.51,86.05,84.64,89.46,84.27,88.28,87.09
"14775",165,2021,78.74,78.89,80.85,82,79.79,80.05,82.35
"14776",166,2021,86.37,86.57,86.95,77.77,87.25,79.4,80.44
"14777",167,2021,88.79,84.81,87.97,77.32,86.31,78.42,79.01
"14778",168,2021,88.99,87.8,88.5,89.61,85.87,88.32,87.58
"14779",169,2021,87.38,93.16,85.53,93.95,90.08,93.66,91.01
"14780",170,2021,84.36,85.94,84.04,83.71,84.85,83.5,82.74
"14781",171,2021,90.46,95.18,90.21,91.17,91.54,90.76,89.76
"14782",172,2021,87,88.58,87.94,88.94,86.93,90.81,86.56
"14783",173,2021,90.7,92.54,89.89,88.61,88.82,87.5,88.71
"14784",174,2021,82.85,80.41,84.58,83.82,80.65,83.38,82.96
"14785",175,2021,85.76,88.62,85.32,91.46,86.16,91.1,88.53
"14786",176,2021,84.83,87.54,84.88,90.3,84.86,90.29,87.6
"14787",177,2021,87.77,89.94,86.93,89.48,88.42,90.55,86.76
"14788",178,2021,87.11,87.26,86.86,87.01,87.51,84.45,85.68
"14789",179,2021,83.24,84.67,83.43,82.53,83.42,80.61,83.33
"14790",180,2021,85.7,82.02,85.79,81.55,84.5,79.54,83.11
"14791",181,2021,91.74,94.3,90.98,92.61,91.07,93.46,89.04
"14792",182,2021,84.54,86.41,84.68,91.75,83.43,94.26,87.34
"14793",183,2021,75.19,77.56,75.55,86.84,74.16,89.22,82.1
"14794",184,2021,79.6,80.96,79.71,88.96,76.6,91.54,82.35
"14795",185,2021,85.8,88.38,85.97,95.04,85.59,96.83,88.66
"14796",186,2021,83.64,89.98,83.09,93.81,85.24,94.13,90.34
"14797",187,2021,87.01,91.95,88.29,93.16,90.37,92.06,90.77
"14798",188,2021,87.05,84.58,87.95,85.07,85.68,84.24,83.99
"14799",189,2021,86.69,87,86.81,86.75,87.87,84.27,87.7
"14800",190,2021,90.44,90.02,90.77,91.62,89.76,90.65,90.68
"14801",191,2021,90.14,91.38,89.95,92.97,89.54,92.44,90.84
"14802",192,2021,84.91,87.27,85.84,89.76,84.82,89.27,87.56
"14803",193,2021,80.52,80.26,82.96,83.08,81.25,81.18,82.45
"14804",194,2021,88.46,90.28,88.5,90.15,87.48,91.11,87.55
"14805",195,2021,77.32,73.89,79.99,76.44,76.13,74.4,77.93
"14806",196,2021,83,78.17,84.75,78.71,81.52,75.25,80.43
"14807",197,2021,85.88,86.79,86.9,88.22,86.55,86.1,86.99
"14808",198,2021,82.97,84.88,83.74,86.22,85.49,84.33,84.87
"14809",199,2021,77.31,71.88,80.88,75.45,75.72,73.97,76.77
"14810",200,2021,90.66,90.9,91,91.38,90.16,88.79,90.03
"14811",201,2021,82.99,81.58,83.79,82.93,82.09,82.15,81.31
"14812",202,2021,89.57,93.23,88.82,92.91,90.04,93.35,89.57
"14813",203,2021,92.73,96.85,91,96.42,90.56,96.69,93.47
"14814",204,2021,87.51,91.11,87.43,93.76,88.16,92.99,90.81
"14815",205,2021,83.3,88.33,84.86,92.66,85.45,92.14,90.38
"14816",206,2021,83.02,90.42,82.77,93.62,83.45,94.8,89.3
"14817",207,2021,83.72,87.49,84.79,88.56,85.83,88.21,87.31
"14818",208,2021,83.24,83.15,84.28,86.8,82.76,85.92,85.34
"14819",209,2021,89.78,91.9,89.59,87.83,89.25,84.84,87.62
"14820",210,2021,85.24,92.27,84.84,95.73,87.59,95.99,91.42
"14821",211,2021,87.63,89.08,87.31,90.67,88.09,91.29,86.92
"14822",212,2021,85.16,88.84,85.1,91.13,85.27,92.22,86.9
"14823",213,2021,86.01,86.54,85.91,89.59,83.93,91.03,85.78
"14824",214,2021,87.94,88.31,87.44,91.33,85.52,94.8,85.81
"14825",215,2021,83.44,85.73,82.56,90.55,78.59,92.87,83.6
"14826",216,2021,88.09,90.78,88.2,93.84,86.21,95.55,88.78
"14827",217,2021,89.9,93.81,90.6,95.08,89.6,96.86,90.63
"14828",218,2021,83.7,85.07,85.55,88.94,82.06,90.74,83.29
"14829",219,2021,81.33,82.35,83.03,85.79,81.81,85.86,82.89
"14830",220,2021,84.39,90.15,84.08,90.2,86.88,90.2,90.31
"14831",221,2021,85,90.59,84.74,90.36,87.39,89.61,89.3
"14832",222,2021,85.4,85.97,85.65,87.34,85.39,88.06,84.42
"14833",223,2021,84.31,86.46,84.57,90.72,84.67,89.61,85.6
"14834",224,2021,85.54,88.37,86.43,88.24,88.11,84.84,87.83
"14835",225,2021,85.91,90.56,85.95,88.14,86.24,87.77,86.51
"14836",226,2021,88.23,94.33,86.92,92.63,87.58,92.51,89.76
"14837",227,2021,86.62,89.76,85.52,92.46,85.86,92.22,88
"14838",228,2021,83.13,86.37,82.6,88.88,84.5,88.55,85.74
"14839",229,2021,81.83,86,81.3,86.97,83.14,86.09,84.53
"14840",230,2021,87.64,91.28,87.1,90.65,87.51,90.82,88.48
"14841",231,2021,87.41,91.21,86.76,91.1,87.39,91.8,88.85
"14842",232,2021,84.34,84.47,83.5,86.39,82.97,85.19,86.38
"14843",233,2021,81.55,87.26,81.02,89.89,82.35,87.03,87.36
"14844",234,2021,80.92,78.57,82.9,81.42,79.09,81.46,80.46
"14845",235,2021,80.47,79.48,80.91,79.29,79.67,77.18,81.27
"14846",236,2021,85.64,92.4,84.53,93.02,86.23,93.2,89.91
"14847",237,2021,83.57,87.57,82.65,90.98,83.48,89.68,86.77
"14848",238,2021,80.16,78.89,81.34,83.06,78.83,81.72,80.51
"14849",239,2021,78.12,75.22,79.17,76.47,77.25,74,77.79
"14850",240,2021,84.55,79.94,85.67,74.99,83.38,73.18,79.11
"14851",241,2021,84.25,85.01,83.45,84.95,83.77,83,83.83
"14852",242,2021,90.84,93.61,88.33,91.31,87.98,93.89,85.76
"14853",243,2021,82.61,89.04,82.21,91.62,83.34,91.52,86.77
"14854",244,2021,82.44,85.92,81.52,88.82,81.83,87.2,86.52
"14855",245,2021,80.79,83.82,80.68,84.22,81.36,84.3,83.66
"14856",246,2021,78.31,82.69,78.45,80.28,79.78,80.05,81.46
"14857",247,2021,81.27,86.18,81.76,82.02,82.42,83.42,82.81
"14858",248,2021,81.97,82.26,83.2,85.67,82.13,85.17,83.67
"14859",249,2021,86.28,85.72,86.09,86.03,86.1,86.13,85.7
"14860",250,2021,86.48,89.72,86.13,93.21,87.87,92.59,89.69
"14861",251,2021,83.32,87,83.09,88.96,84.73,86.94,86.7
"14862",252,2021,81.94,82.62,82.26,81.65,82.73,80.39,82.23
"14863",253,2021,83.81,83.45,84.95,84.45,82.87,84.02,83.75
"14864",254,2021,85.48,90.32,85.83,91.26,87.26,90.03,89.1
"14865",255,2021,78.68,83.01,79.93,88.7,80.34,88.19,85.06
"14866",256,2021,78.12,75.58,79.59,76.2,77.43,76.63,74.97
"14867",257,2021,79.29,79.29,80.36,76.33,78.65,75.21,75.68
"14868",258,2021,79.74,79.08,82.36,76.73,80.75,74.3,78.32
"14869",259,2021,79.72,78.42,82.01,81.21,78.55,77.99,79.86
"14870",260,2021,77.07,73.83,78.52,76.01,74.22,75.58,74.88
"14871",261,2021,84.42,82.64,84.4,82.92,82.82,80.11,83.08
"14872",262,2021,83.31,84.84,83.9,85.78,84.41,82.97,85.94
"14873",263,2021,82.52,87.07,82.94,88.2,85.41,85.66,87.19
"14874",264,2021,86.96,91.95,86.75,93.03,88.86,91.21,92.21
"14875",265,2021,83.37,83.24,84.14,86.27,81.7,84.97,84.17
"14876",266,2021,82.78,87.96,82.64,90.37,83.7,88.39,86.43
"14877",267,2021,85.35,89.96,85.31,92.55,88.05,91.92,88.12
"14878",268,2021,80.57,87.23,80.65,90.49,83.4,90.68,85.42
"14879",269,2021,77.84,80.36,78.32,80.66,78.96,81.82,77.7
"14880",270,2021,80.31,83.84,80.96,84.61,81.69,82.03,83.28
"14881",271,2021,78.14,81.95,79.43,87.79,80.7,86.63,84.71
"14882",272,2021,82.44,83.22,83.41,86.47,83.8,84.95,83.62
"14883",273,2021,82.46,80.61,84.21,86.44,81.47,83.53,83.76
"14884",274,2021,82.88,82.95,83.51,85.05,82.84,82.24,81.94
"14885",275,2021,78.44,79.1,79.37,81.66,77.32,78.62,78.84
"14886",276,2021,76.57,76.59,77.46,73.76,76.37,72.72,75.38
"14887",277,2021,78.25,84.79,78.72,83.88,79.86,83.32,82.52
"14888",278,2021,84.97,91.44,85.16,91.58,86.62,90.64,89.51
"14889",279,2021,83.19,84.93,83.89,86.66,84.19,86.48,84.93
"14890",280,2021,80.72,79.4,81.89,79.13,81.55,78.74,79.68
"14891",281,2021,85.22,86.11,85.98,86.04,86.03,84.08,85.52
"14892",282,2021,82.49,85.22,82.42,86.88,83.12,84.47,84.67
"14893",283,2021,81.05,82.68,80.73,84.3,81.83,81.69,82.75
"14894",284,2021,84.78,89.92,84.91,91.03,85.72,90.62,89.5
"14895",285,2021,82.65,86.6,82.63,86.92,82.09,88.17,83.44
"14896",286,2021,81.14,83.15,82.03,86.45,82.5,84.93,83.85
"14897",287,2021,79.72,81.35,80.35,84.12,80.7,82.27,82.12
"14898",288,2021,80,81.8,79.9,78.54,81.94,77.15,80.4
"14899",289,2021,81.51,84.38,81.95,79.87,82.98,81.4,80.5
"14900",290,2021,84.76,86.2,85.04,83.89,84.89,82.24,82.33
"14901",291,2021,80.25,79.6,81.12,78.94,80.49,77.14,77.45
"14902",292,2021,78.1,76.87,78.35,75.39,78.6,74.21,76.35
"14903",293,2021,77.15,77.56,78.25,75.41,77.92,74.16,77.48
"14904",294,2021,78.38,77.95,79.59,75.95,78.75,74.03,78.74
"14905",295,2021,78.42,77.22,79.34,78.44,77.29,77.06,78.59
"14906",296,2021,78.06,78.66,77.69,76.76,77.45,76.43,76.37
"14907",297,2021,78.77,77.44,79.05,77.2,76.52,75.82,76.92
"14908",298,2021,72.68,73.54,73.24,73.45,73.16,72.28,74.48
"14909",299,2021,82.03,80.55,82.83,80.13,80.89,79.55,79.65
"14910",300,2021,89.73,87.66,90.7,89.57,88.59,88.97,88.67
"14911",301,2021,88.77,96.23,87.2,97.48,90.53,98.84,92.73
"14912",302,2021,89.42,95.89,88.27,97.93,91.54,97.87,93.92
"14913",303,2021,86.25,87.13,86.8,90.42,86.67,89.86,89.43
"14914",304,2021,86.69,90.3,86.17,91.08,86.46,90.13,89.36
"14915",305,2021,85.48,86.31,85.5,86.96,82.72,85.26,85.95
"14916",306,2021,80.65,80.8,81.03,82.19,79.61,79.07,83.13
"14917",307,2021,74.26,73.63,75.83,75.92,74.46,74.59,78.08
"14918",308,2021,76.86,77.04,77.53,75.83,77.24,73.67,78.99
"14919",309,2021,74.89,78.14,75.5,75.39,75.7,75.61,76.69
"14920",310,2021,72.82,72.35,74.24,73.67,72.02,74.07,73.37
"14921",311,2021,74.02,69.74,75.57,71.29,71.98,70.59,71.85
"14922",312,2021,77.56,74.63,78.98,74.28,76.62,72.75,76.25
"14923",313,2021,78.05,77.97,78.68,72.49,79.02,72.52,76.06
"14924",314,2021,72.26,75.11,72.51,70.85,74.16,71.91,72.88
"14925",315,2021,68.86,71.12,69.15,70.36,70.01,70.53,70.84
"14926",316,2021,70.13,68.02,70.67,61.09,68.71,62.59,64.77
"14927",317,2021,68.81,66.07,70.28,69.11,68,68.29,69.96
"14928",318,2021,71.17,73.55,71.16,75.26,72.35,73.17,75.63
"14929",319,2021,70.15,68.23,70.47,70.77,69.55,68.65,72.19
"14930",320,2021,67.45,67.06,67.98,65.34,66.68,66.34,66.29
"14931",321,2021,66.55,65.76,67.29,64.12,66.35,64.6,65.55
"14932",322,2021,65.19,67.38,65.52,63.1,65.45,65.02,64.75
"14933",323,2021,67.08,65.76,67.54,63.13,66.35,62.67,66.23
"14934",324,2021,68.88,64.22,70.62,62,67.53,61.76,64.29
"14935",325,2021,86.34,84.93,86.23,77.73,86.48,76.45,80.86
"14936",326,2021,84.42,82.23,83.94,80.29,82.34,78.45,80.45
"14937",327,2021,85.02,91.13,84.53,90.46,86.32,89.03,88.06
"14938",328,2021,90.18,91.84,89.07,87.76,88.98,87.96,85.43
"14939",329,2021,88.94,93.92,88.27,92.34,87.61,93.74,87.56
"14940",330,2021,81.21,82.41,82.18,86.02,79.42,87.1,81.04
"14941",331,2021,80.12,79.35,81.22,80.69,77.29,81.47,77.55
"14942",332,2021,79.2,80.36,79.9,79.01,77.95,78.42,78.26
"14943",333,2021,79.64,82.31,79.25,81.16,79.09,81.44,79.19
"14944",334,2021,72.98,72.12,74.34,73.85,69.77,73.82,72.42
"14945",335,2021,70.93,66.86,72.42,65.57,67.58,66.03,66.26
"14946",336,2021,78.07,81.74,77.39,75.38,77.45,78.72,73.13
"14947",337,2021,71.88,72.68,72.84,73.87,69.12,75.54,70.61
"14948",338,2021,74.43,71.7,74.85,71.38,72.11,70.96,71.18
"14949",339,2021,74.74,72.38,75.25,74.96,70.82,74.48,73.17
"14950",340,2021,73.08,71.92,73.55,76.19,70.23,75.43,73.43
"14951",341,2021,74.17,73.69,74.34,74.01,71.94,74.75,72.32
"14952",342,2021,73.05,74.58,73.5,80.49,72.14,79.09,77.08
"14953",343,2021,68.57,71.07,68.11,76.67,68.1,75.54,73.81
"14954",344,2021,69.41,72.15,68.61,74.13,68.81,74.35,71.97
"14955",345,2021,65.5,66.47,65.43,65.43,64.82,65.85,65.33
"14956",346,2021,62.57,62.69,63.7,58.02,61.13,60.1,59.21
"14957",347,2021,63.87,63.04,65.14,62.79,61.16,63.37,62.26
"14958",348,2021,68.83,68.08,68.99,68.62,66.73,67.73,67.33
"14959",349,2021,71.02,73.35,70.38,77.7,69.9,76.43,75.03
"14960",350,2021,70.56,76.24,69.21,80.6,70.67,80.4,76.62
"14961",351,2021,67.82,72.39,67.89,80.4,68.89,79.32,77.09
"14962",352,2021,65.13,67.92,64.82,75.09,64.51,73.55,72.25
"14963",353,2021,69.83,71.97,68.58,75.53,68.93,74.06,73.84
"14964",354,2021,67.32,70.74,66.56,75.54,67.86,74.31,73.39
"14965",355,2021,67.01,71.5,66.12,74.62,67.12,73.45,72.6
"14966",356,2021,64.18,69.38,63.59,72.45,64.26,70.67,71.15
"14967",357,2021,67.81,75.45,66.4,76.34,68.97,76.78,74.23
"14968",358,2021,68.48,73.33,67.5,74.4,68.91,73.71,73.31
"14969",359,2021,68.1,76.1,66.28,77.9,69.65,76.94,76.34
"14970",360,2021,70.15,76.16,67.67,73.31,70.56,74.12,74.02
"14971",361,2021,65.35,75.19,63.18,77.32,67.64,75.57,76.49
"14972",362,2021,57.68,66.05,56.64,73.29,59.21,70.44,70.96
"14973",363,2021,59.05,61.91,58.79,67.13,58.16,65.7,65.6
"14974",364,2021,60.01,61.97,60.16,62.18,60.13,62.37,63.26
"14975",365,2021,63,65.3,62.63,64.6,63.14,63.8,65.16
"14976",1,2022,60.66,65.84,60.08,72.02,62.38,68.81,70.62
"14977",2,2022,55.49,60.49,54.12,63.11,56.73,62.84,61.73
"14978",3,2022,55.97,57.03,54.15,53.73,55.81,55.79,54.84
"14979",4,2022,55.4,55.29,54.79,53.53,55.41,55,54.63
"14980",5,2022,55.88,58.01,54.26,54.83,55.98,56.58,55.93
"14981",6,2022,48.98,50.58,48.76,51.62,47.64,51.64,52.78
"14982",7,2022,52.11,56.63,51.23,66.91,52.26,62.64,63.32
"14983",8,2022,53.07,56.25,52.78,63.58,52.71,60.77,61.96
"14984",9,2022,52.05,59.34,51.02,65.52,53.9,64.22,65.09
"14985",10,2022,54.98,62.24,54.07,73.4,56.65,70.44,70.69
"14986",11,2022,55.34,63.06,54.7,72.85,55.94,70.01,70.54
"14987",12,2022,53.94,61.51,53.69,71.55,55.25,68.25,70.42
"14988",13,2022,55.25,61.29,55.1,69.07,56.18,65.25,70.75
"14989",14,2022,55.72,62.45,54.93,71.15,56.46,67.35,71.39
"14990",15,2022,55.59,58.88,55.34,66.79,54.84,63.19,66.06
"14991",16,2022,55.84,56.2,56.73,65.96,53.87,61.67,64.87
"14992",17,2022,73.48,76.23,74.96,76.82,73.97,76.79,75.24
"14993",18,2022,68.85,71.21,69.27,78.3,69.08,75.38,76.07
"14994",19,2022,58.59,61.7,59.26,70.48,59.33,67.4,69.02
"14995",20,2022,55.41,59.75,56.01,70.66,56.33,68.2,67.02
"14996",21,2022,56.52,57.02,57.65,66.67,56.58,62.36,65.23
"14997",22,2022,61.22,61.6,61.14,65.2,61.73,62.15,66.15
"14998",23,2022,61.07,63.64,61.06,67,63.06,64.41,68.69
"14999",24,2022,56.3,66.08,56.37,78.63,59.89,74.48,76.45
"15000",25,2022,51.54,55.89,52.03,67.8,53.74,62.76,68.35
"15001",26,2022,51.67,54.76,51.5,60.18,52.84,57.05,62.81
"15002",27,2022,49.9,51.9,49.93,56.29,51.21,54.38,59.2
"15003",28,2022,47.47,49.37,47.58,50.83,47.44,49.98,53.44
"15004",29,2022,50.48,53.09,51.05,55.28,51.32,53.55,57.58
"15005",30,2022,46.03,52.87,47.38,60.35,47.19,58.47,60.1
"15006",31,2022,45.85,49.58,47.5,60.66,46.3,57.53,60.33
"15007",32,2022,48.13,49.86,48.78,59.44,47.27,55.95,59.83
"15008",33,2022,52.55,52.55,53.01,60.54,50.83,57.03,60.61
"15009",34,2022,53.98,54.4,55.07,65.8,52.53,61.91,63.83
"15010",35,2022,54.82,59.23,54.66,70.54,55.7,66.12,70.22
"15011",36,2022,50.25,61.5,50.14,77.44,53.23,74.18,75.96
"15012",37,2022,52.19,63.66,51.46,78.45,55.46,75.72,75.56
"15013",38,2022,49.9,55.14,50.71,71.99,49.74,69.84,68.99
"15014",39,2022,67.31,68.34,67.49,77.78,66.49,75.07,75.56
"15015",40,2022,65.58,70.31,65.87,76.43,65.9,72.88,76.43
"15016",41,2022,58.92,66.03,58.55,71.34,61.43,68.47,72.88
"15017",42,2022,56.33,62.18,55.75,74.23,57.98,71.4,74.32
"15018",43,2022,52.73,55.34,52.79,67.3,53,62.74,67.53
"15019",44,2022,50.87,53.12,50.72,64.95,50.59,60.64,64.67
"15020",45,2022,49.85,53.04,49.83,62.75,50.94,59.34,64.27
"15021",46,2022,46.26,51.67,46.32,62.54,47.87,58.9,63.98
"15022",47,2022,47.67,49.86,48.03,59.84,48.09,55.61,60.87
"15023",48,2022,50.23,54.44,50.08,67.24,50.98,63.56,65.85
"15024",49,2022,50.37,54.43,50.71,67.71,51.73,63.04,67.34
"15025",50,2022,46.62,51.74,47.83,68.08,48.54,62.99,68.66
"15026",51,2022,44.46,47.49,46.05,63.52,45.81,58.62,63.17
"15027",52,2022,43.96,46.74,44.58,62.15,45.17,57.41,62.44
"15028",53,2022,45.71,46.13,46.33,58.08,44.94,53.55,58.96
"15029",54,2022,49.12,50.74,50.09,61.88,49,58.01,63.06
"15030",55,2022,52.04,62.81,52.76,72.35,55.13,68.51,71.85
"15031",56,2022,53.2,58.94,53.98,69.1,54.24,65.28,68.93
"15032",57,2022,54.71,57.33,56.52,65.27,55.02,62.05,66.03
"15033",58,2022,79.04,84.6,77.8,89.63,77.1,86.64,85.86
"15034",59,2022,73.81,89.58,72.48,94.45,76.94,94.5,89.73
"15035",60,2022,66.02,71.21,65.8,81.5,63.92,79.3,77.93
"15036",61,2022,65.3,70.71,65.35,78.02,65.32,75.14,77.07
"15037",62,2022,61.66,63.19,62.05,71.44,59.65,67.4,71.7
"15038",63,2022,62.63,66.15,64.43,73.26,63.96,68.86,75.14
"15039",64,2022,57.98,61.57,60.02,69.14,59.27,66.05,70.48
"15040",65,2022,57.15,64.15,56.71,70.71,58.49,69.15,70.54
"15041",66,2022,53.5,60.91,53.29,71.07,54.71,69.36,70.93
"15042",67,2022,49.02,55.38,49.17,67.63,50.47,63.82,68.52
"15043",68,2022,53.36,61.2,53.48,76.36,55.69,72.66,74.99
"15044",69,2022,55.92,62.37,55.4,73.32,56.18,70.37,71.61
"15045",70,2022,61.56,68.73,60.16,78.06,61.38,74.72,75.1
"15046",71,2022,67.23,74.58,64.32,80.2,69.99,77.25,79.38
"15047",72,2022,67.63,75.1,66.29,77.25,71.64,73.55,79.79
"15048",73,2022,56.22,71.18,55.1,83.36,61.46,82.57,81.27
"15049",74,2022,54.85,61.83,53.65,73.51,57.74,70.34,74.18
"15050",75,2022,57.28,60.48,58,70.23,58.13,66.97,70.26
"15051",76,2022,64.65,68.78,65.77,75.96,66.08,72.15,75.49
"15052",77,2022,56.9,64.62,56.78,74.54,58.89,72.27,72.89
"15053",78,2022,55.11,60.64,54.94,70.75,55.75,67.51,69.93
"15054",79,2022,54.69,60.42,54.68,72.76,54.65,68.47,71.57
"15055",80,2022,54.67,61.58,54.86,72.41,55.12,69.14,71.27
"15056",81,2022,51.33,62.05,51.58,76.78,54.36,73.18,74.49
"15057",82,2022,48.12,57.08,47.47,68.94,50.92,65.62,67.17
"15058",83,2022,43.55,49.45,44.08,63.05,44.23,59.07,62.07
"15059",84,2022,47.75,50.75,48.16,65.41,46.99,60.93,63.73
"15060",85,2022,56.4,60.4,56.96,74.54,56.29,69.57,71.85
"15061",86,2022,57.23,66.86,58.93,76.9,62.08,72.8,74.86
"15062",87,2022,51.65,56.39,55.11,67.84,54.61,64.12,67.74
"15063",88,2022,64.7,60.84,68.64,71.04,63.37,65.26,71.3
"15064",89,2022,56.21,54.4,59.35,64.89,54.73,60.77,65.9
"15065",90,2022,47.64,52.58,48.44,68.83,47.81,64.07,66.61
"15066",91,2022,49.06,53,49.31,65.64,49.6,61.63,64.5
"15067",92,2022,48.39,52.83,49.25,66.89,48.68,62.33,65.29
"15068",93,2022,61.15,60.71,64.54,71.05,61.32,67.88,69.68
"15069",94,2022,76.61,72.29,78.82,78.39,77.18,72.67,79.12
"15070",95,2022,83.23,83.8,84.12,84.97,83.86,81.99,84.49
"15071",96,2022,77.94,78.41,80.16,83.84,80.71,80.4,84.24
"15072",97,2022,74.77,77.95,77.6,86,77.62,83.57,82.55
"15073",98,2022,69.21,73.75,72.88,81.68,71.77,80.34,78.74
"15074",99,2022,61.25,59.24,66.91,69.81,63.96,65.94,70.36
"15075",100,2022,61,58.05,67.41,67.22,61.99,63.36,68.03
"15076",101,2022,61.31,62.25,67.22,72.8,62.6,68.49,72.04
"15077",102,2022,57.8,57.75,62.69,69.79,58.86,65.99,68.77
"15078",103,2022,52.8,55.07,55.33,65.84,54.62,62,64.94
"15079",104,2022,54.48,57.77,56.17,69.69,55.6,65.96,67.81
"15080",105,2022,59.19,62.69,62.62,75.12,60.43,71.68,71.44
"15081",106,2022,71.36,71.59,74.85,83.81,73.84,81.96,81.28
"15082",107,2022,85.6,92.77,85.2,96.9,87.81,96.2,95.64
"15083",108,2022,80.45,92.61,79.19,95.76,81.59,95.65,91.96
"15084",109,2022,70.75,80.56,70.5,89.86,73,87.66,86.2
"15085",110,2022,73.19,72.36,78.81,81.82,72.52,78.41,80.52
"15086",111,2022,84.1,84.92,86.37,86.59,83.28,81.87,87.19
"15087",112,2022,78.21,85,77.28,87.73,80.72,85.56,87.71
"15088",113,2022,73.38,79.74,73.18,85.51,74.76,83.52,84.67
"15089",114,2022,66.8,76.31,67.36,83.6,68.54,83.93,81.94
"15090",115,2022,69.42,79.17,71.38,86.56,72.05,84.94,83.96
"15091",116,2022,71.74,73.15,73.56,82.07,70.32,79.1,80.76
"15092",117,2022,93.24,94.27,92.29,95.72,90.93,95.77,94.2
"15093",118,2022,84.05,86.58,84.2,89.03,85.19,87.64,87.41
"15094",119,2022,83.7,88.91,83.61,91.46,84.82,90.73,88.58
"15095",120,2022,88.47,91.38,88.46,93.08,89.63,94.02,89.5
"15096",121,2022,83.7,89.04,82.43,91.13,83.5,93.27,85.05
"15097",122,2022,77.62,82.55,78,85.59,79.19,85.7,81.94
"15098",123,2022,69.04,69.78,70.85,77.52,69,75.93,74.91
"15099",124,2022,69.64,69.58,72.32,75.18,69.04,73.52,73.43
"15100",125,2022,82.67,77.82,85.22,79.44,79.48,77.37,78.95
"15101",126,2022,91.56,91.03,91.08,92.28,90.54,91.4,91.31
"15102",127,2022,92.97,98.13,92.34,98.76,94.42,98.02,97.71
"15103",128,2022,86.93,88.09,86.66,91.03,85.94,88.75,90.06
"15104",129,2022,87.62,93.38,86.56,95.53,87.47,96.25,92.1
"15105",130,2022,87.34,89.94,87.19,94.2,86.69,93.43,91.55
"15106",131,2022,90.69,95.32,90.16,97.24,91.96,97.61,95.49
"15107",132,2022,88.84,95.13,88.23,94.89,89.63,94.92,92.63
"15108",133,2022,81.86,87.56,82.69,88.59,82.93,88.98,84.7
"15109",134,2022,83.76,85.17,84.87,86.85,83.74,86.93,85.87
"15110",135,2022,82.09,84.42,82.53,87.08,82.29,87.15,84.77
"15111",136,2022,79.27,79.23,82.53,84.49,79.89,83.5,83.22
"15112",137,2022,89.52,89.99,90.84,89.12,90.51,89.24,88.78
"15113",138,2022,92.89,93.53,93.54,91.47,93.45,91.05,91.56
"15114",139,2022,89.27,92.21,90.49,94.08,93.06,92.2,95.3
"15115",140,2022,84.64,88.58,84.71,89.39,86.62,87.09,89.4
"15116",141,2022,77.55,69.09,81.04,70.48,76.19,67.88,74.57
"15117",142,2022,76.32,67.98,80.45,68.24,74.57,65.85,71.77
"15118",143,2022,82.9,83.43,83.92,81.51,82.9,77.43,82.96
"15119",144,2022,86.03,86.51,87.57,88.6,85.79,87.03,87.07
"15120",145,2022,86.71,92.76,86.35,94.47,87.77,95.04,90.9
"15121",146,2022,86.31,89.26,85.91,92.26,86.32,90.43,88.57
"15122",147,2022,91.89,95.42,91.16,94.67,91.68,94.63,92.2
"15123",148,2022,82.54,84.37,83.17,86.31,83.59,86.26,83.5
"15124",149,2022,76.88,75.32,79.24,79.51,76.82,76.7,79.67
"15125",150,2022,74.09,72.69,77.18,78.3,74.8,75.72,78.86
"15126",151,2022,78.88,76.46,81.58,77.79,78.65,75.91,79.46
"15127",152,2022,76.92,72.66,79.03,71.64,75.92,70.57,75.07
"15128",153,2022,73.45,73.48,75.85,74.65,74.45,72.58,77.24
"15129",154,2022,80.64,76.91,82.68,77.97,76.43,74.53,79.55
"15130",155,2022,89.73,92.71,89.13,88.43,88.43,87.65,88.66
"15131",156,2022,89.48,90.43,88.76,89.93,86.83,92.7,88.45
"15132",157,2022,85.37,86.11,84.78,87.15,84.13,87.49,86.94
"15133",158,2022,80.27,79.93,80.91,82.51,79.23,81.59,82.59
"15134",159,2022,86.05,86.59,86.63,84.06,84.7,84.59,83.58
"15135",160,2022,85.82,83.84,86.69,82.64,84.07,84.19,80.79
"15136",161,2022,75.11,73.91,77.97,82.3,72.09,81.8,79.07
"15137",162,2022,79.72,76.81,82.14,82.49,78.36,80.6,83.35
"15138",163,2022,93.07,95.88,92.5,95.49,92.32,95.71,92.62
"15139",164,2022,91.37,92.87,90.95,94.12,89.05,96.27,90.65
"15140",165,2022,79.07,80.78,79.83,90.38,73.57,93.43,82.7
"15141",166,2022,80.64,82.6,81.06,91.34,78.3,91.96,87
"15142",167,2022,80.5,84.52,81.59,89.01,82.47,88.26,86.19
"15143",168,2022,87.46,92.4,86.68,92.11,88.81,90.57,90.11
"15144",169,2022,89.25,90.88,88.54,88.8,90.23,88.49,87.81
"15145",170,2022,88.13,93.67,86.93,94.84,88.51,94.27,91.82
"15146",171,2022,94.44,97.15,93.97,96.74,94.23,97,95.63
"15147",172,2022,87.39,87.42,87.54,90.26,85.09,88.96,88.11
"15148",173,2022,79.86,80.78,79.75,84.72,79.79,81.84,83.03
"15149",174,2022,81.78,81.23,82.55,84.94,81.17,83.9,84.25
"15150",175,2022,88.83,95.15,88.54,93.83,90.41,94.21,92.02
"15151",176,2022,86.21,88.87,85.36,90.51,86.6,90.84,89.06
"15152",177,2022,83.42,89.59,83.85,95.21,84.56,94.88,91.53
"15153",178,2022,78.99,84.22,79.75,88.07,79.48,86.57,86.38
"15154",179,2022,83.22,88.91,83.66,86.1,83.3,86.04,86.81
"15155",180,2022,83.89,85.14,83.53,84.72,84.45,83.38,85.7
"15156",181,2022,89.63,92.54,87.92,91.03,88.11,89.75,89.01
"15157",182,2022,87.96,93.99,87.71,94.5,91.91,94.63,93.68
"15158",183,2022,85.25,91.97,83.87,94.16,87.02,93.46,90.97
"15159",184,2022,87.06,89.87,86.15,91.51,87.65,90.97,87.78
"15160",185,2022,90.27,94.24,90.09,92.75,92.28,93.45,90.36
"15161",186,2022,84.25,81.31,84.66,82.89,82.93,83.18,82.24
"15162",187,2022,82.9,84.15,82.72,88.48,82.24,86.82,84.74
"15163",188,2022,84.43,88.02,84.05,88.61,83.6,88.82,85.77
"15164",189,2022,94.7,96.55,93.54,94.65,93.89,94.64,93.75
"15165",190,2022,87.68,89.13,87.81,89.94,86.7,90.31,86.54
"15166",191,2022,86.48,84.9,86.61,84.22,84.97,84.59,83.52
"15167",192,2022,90.73,92.24,90.87,92.87,90.85,91.06,92.5
"15168",193,2022,81.97,80.45,83.4,86.88,80.25,88.23,82.74
"15169",194,2022,77.66,74.46,79.86,81.98,76.74,80.28,79.37
"15170",195,2022,76.57,69.48,79.57,70.18,75.12,69.96,74.08
"15171",196,2022,75.43,76.82,76.6,75.42,76.89,75.61,77.91
"15172",197,2022,77.68,75.71,78.16,76.25,76.93,75.85,77.23
"15173",198,2022,79.36,84.39,80.07,86.47,81.36,87.21,83.78
"15174",199,2022,86.2,86.97,86.35,85.04,85.09,87.1,81.64
"15175",200,2022,90.09,93.17,89.41,92.05,89.27,92.35,89.56
"15176",201,2022,84.01,87.43,83.45,92.08,84.64,91.18,87.71
"15177",202,2022,90.26,94.14,87.57,94.26,89.22,94.38,90.68
"15178",203,2022,84.85,85.12,84.47,85.91,84.08,85.24,83.96
"15179",204,2022,77.58,72.24,80.19,70.79,76.02,69.7,74.77
"15180",205,2022,77.53,71.36,81.81,66.11,76.77,66.34,70.15
"15181",206,2022,84.13,82.34,86.15,81.46,86.63,78.57,83.95
"15182",207,2022,85.41,84.57,85.25,84.82,85.61,84.6,85.92
"15183",208,2022,83.27,89.82,84.14,91.15,87.81,88.88,90.72
"15184",209,2022,88.85,93.18,89.43,92.39,90.37,90.83,90.28
"15185",210,2022,85.36,89.42,85.2,90.74,87.45,90.96,88.62
"15186",211,2022,84.56,83.85,85.1,83.33,84.7,83.16,85.01
"15187",212,2022,82.97,79,85,82.35,83.09,80.66,82.71
"15188",213,2022,89.7,89.17,89.81,89.84,88.39,89.31,87.81
"15189",214,2022,88.51,86.14,89.76,89.07,87.88,88.26,87.96
"15190",215,2022,84.83,83.73,86.28,86.91,83.36,86.23,84.65
"15191",216,2022,82.52,79.73,83.93,83.78,81.24,81.58,82.37
"15192",217,2022,83.08,85.67,82.96,86.74,82.63,85.35,83.71
"15193",218,2022,92.03,94.3,91.44,92.46,91.26,91.52,91.67
"15194",219,2022,79.38,78.97,80.27,81.54,78.12,81.77,79.26
"15195",220,2022,75.71,72.51,77.58,74.55,74.21,74.18,74.78
"15196",221,2022,85.57,84.72,86.89,81.97,86.19,80.04,84.25
"15197",222,2022,87.51,91.44,85.28,91.66,85.68,91.97,87.49
"15198",223,2022,82.02,82.15,82.7,84.39,81.74,85.43,80.86
"15199",224,2022,85.39,89.58,84.83,90.57,86.75,89.74,88.01
"15200",225,2022,84.66,85.58,85.01,86.4,85.97,85.53,87.42
"15201",226,2022,91.92,93.59,91.16,93.43,93.42,92.86,91.89
"15202",227,2022,83.56,86.26,83.77,89.09,83.71,89.02,85.23
"15203",228,2022,77.4,75.8,78.55,81.05,77.35,80.37,79.01
"15204",229,2022,72.38,69.09,74.32,67.51,70.86,67.3,69.94
"15205",230,2022,70.11,61.61,72.38,59.82,67.25,59.78,64.74
"15206",231,2022,74.44,67.26,76.55,63.86,72.35,64.02,68.22
"15207",232,2022,88.06,88.85,87.86,86.01,87.06,83.8,84.96
"15208",233,2022,82.84,86.27,83.14,91.34,80.91,93.14,85.77
"15209",234,2022,74,75.88,75.98,88.49,69.94,90.09,81.01
"15210",235,2022,75.12,74.94,75.82,83.64,72.03,83.44,78.53
"15211",236,2022,77.2,76.13,77.48,80.93,75.15,80.37,77.45
"15212",237,2022,81.81,78.82,80.71,82.37,79.29,81.54,79.07
"15213",238,2022,79.64,79.84,78.88,84.53,78.15,82.51,80.68
"15214",239,2022,85.28,89.46,83.7,91.58,86.04,91.25,87.2
"15215",240,2022,82.53,85.39,81.99,88.89,82.61,89.62,83.4
"15216",241,2022,90.28,93.29,91.09,94.54,92.39,94.05,91.87
"15217",242,2022,80.56,82.73,80.83,85.65,81.92,85.66,83.54
"15218",243,2022,80.54,83.7,81.3,87.2,82.75,86.82,84.27
"15219",244,2022,83.17,85.6,83.24,84.51,85.43,82.72,86.32
"15220",245,2022,86.01,87.52,85.85,86.14,87.42,85.3,88.33
"15221",246,2022,84.89,90.07,83.56,90.31,87.53,87.66,89.06
"15222",247,2022,82.56,85.2,81.95,88.51,79.6,91.92,82.33
"15223",248,2022,82.87,81.78,83.55,84.9,82.56,84.68,81.5
"15224",249,2022,78.61,79.64,79.02,85.04,77.5,83.44,80.58
"15225",250,2022,79.19,79.63,79.62,84.54,78.32,84.32,79.28
"15226",251,2022,79.59,81.2,79.3,86.56,80.12,87.5,81.83
"15227",252,2022,80.27,87.24,79.24,88.11,83.93,88.81,85.81
"15228",253,2022,82.15,86.75,82.47,86.53,83.37,86.9,84.04
"15229",254,2022,81.68,80.68,82.45,81.9,80.49,81.22,78.77
"15230",255,2022,80.78,82.85,80.89,83.7,81.81,81.68,82.14
"15231",256,2022,81.09,87.23,81.49,87.87,83.5,86,87.91
"15232",257,2022,80,79.1,81.25,81.19,80.22,80.34,80.16
"15233",258,2022,76.79,74.22,78.75,80.04,75.57,77.92,79.18
"15234",259,2022,84.84,86.22,85.84,86.58,84.64,85.02,85.49
"15235",260,2022,82.6,84.47,83.16,87.86,82.81,88.29,84.07
"15236",261,2022,80.18,80.54,81.49,81.08,81.35,81.27,79.27
"15237",262,2022,84.98,87.83,84.12,87.17,86.37,88.16,85.21
"15238",263,2022,78.17,81.39,78.55,82.49,77.82,83.02,80.38
"15239",264,2022,80.97,82.66,81.53,82.41,80.52,79.62,83.19
"15240",265,2022,83.25,87.65,82.37,87.97,84.38,86.36,87.79
"15241",266,2022,78.2,79.31,77.06,79.85,75.76,77.82,80.19
"15242",267,2022,79.6,88.63,79.01,89.88,80.45,89.57,85.31
"15243",268,2022,82.16,85.3,82.02,87.69,82.22,86.97,84.3
"15244",269,2022,82.36,83.98,82.38,84.23,81.34,86.24,80.51
"15245",270,2022,81.73,83.01,82.42,85.45,81.89,85.75,82.4
"15246",271,2022,87.63,91.03,86.47,87.15,87.7,84.43,87.07
"15247",272,2022,80,83.88,80.07,83.4,78.89,81.79,82.92
"15248",273,2022,88.07,94.83,86.48,94.03,86.56,95.32,89.48
"15249",274,2022,83.56,86.75,83.97,90.79,83.85,91.02,86.58
"15250",275,2022,83.19,85.5,84.06,87.21,84.54,87.71,83.64
"15251",276,2022,81.38,83.28,81.74,84.63,82.27,83.81,83.18
"15252",277,2022,78.96,84.19,79.22,84.04,80.15,80.97,83.08
"15253",278,2022,79.09,78.61,80.49,79.13,78.91,75.65,80.81
"15254",279,2022,85.11,83.56,86.68,80.34,82.87,79.35,83.02
"15255",280,2022,83.47,92.49,82.34,93.78,86.09,93.26,90.08
"15256",281,2022,83.61,91.84,82.86,92.44,86.71,92.33,87.92
"15257",282,2022,85.95,85.57,86.53,87.04,85.38,85.79,85.18
"15258",283,2022,80.17,79.29,81.23,82.08,79.62,81.17,80.02
"15259",284,2022,82.29,78.75,83.65,80.77,81.72,78.53,80.24
"15260",285,2022,81.11,80.15,81.32,80.62,80.26,78.88,79.6
"15261",286,2022,82.59,83.65,82.25,83.94,83,81.92,83.97
"15262",287,2022,79.18,84.16,79.88,83.88,80.45,82.42,82.89
"15263",288,2022,81.74,84.51,82.03,84.83,81.74,83.71,84.18
"15264",289,2022,88.09,89.99,87.59,87.51,88.26,85.15,86.55
"15265",290,2022,86.05,91.39,85.73,93.11,88.84,91.56,92.03
"15266",291,2022,82.18,85.92,81.84,87.93,83.34,86.05,87.86
"15267",292,2022,80.57,83.73,81.16,83.19,80.89,81.81,83.94
"15268",293,2022,82.47,85.89,83.12,85.48,82.99,83.54,86.47
"15269",294,2022,79.42,81.4,80.22,80.38,78.87,78.46,81.46
"15270",295,2022,78.39,82.68,78.82,81.03,80.09,80.66,82.18
"15271",296,2022,76.13,78.13,77.77,78.74,76.58,76.63,78.68
"15272",297,2022,86.27,89.13,85.53,85.31,87,82.46,86.03
"15273",298,2022,82.63,88.35,81.35,89.48,84.54,88.79,86.54
"15274",299,2022,78.36,84.04,78.24,86.44,79.5,85.74,85.36
"15275",300,2022,81.31,85.08,81.65,88,80.55,86.55,87.93
"15276",301,2022,86.16,91.68,85.06,90.97,87.43,90.86,89.52
"15277",302,2022,85.36,87.7,86.23,89.19,85.39,88.61,88.76
"15278",303,2022,86.3,84.86,87.5,87.5,85.05,86.36,86.35
"15279",304,2022,80.98,82.85,81.28,81.38,81.66,81.83,81.32
"15280",305,2022,81.07,82.18,82.09,84.09,80.8,83.86,81.74
"15281",306,2022,86.32,84,87.5,88.78,84.05,88.66,85.68
"15282",307,2022,80.33,85.76,80.46,92.11,80.14,92.5,88.86
"15283",308,2022,71.66,77.03,71.72,87.45,70.93,88.31,81.9
"15284",309,2022,76.03,80.66,75.86,86.64,75.12,86.69,82.22
"15285",310,2022,76.09,79.71,76.94,85.5,77.04,84.15,84.13
"15286",311,2022,76.96,80.51,77.93,87.07,77.65,84.51,86.34
"15287",312,2022,85.01,89.3,84.61,89.83,86.42,87.26,89.3
"15288",313,2022,86.48,86.49,87.52,86.62,86.34,86.55,86.61
"15289",314,2022,86.2,87.21,86.41,84.53,86.04,82.82,86.68
"15290",315,2022,84.88,87.58,84.55,84.03,85.98,82.96,86.55
"15291",316,2022,85.61,88.99,84.97,89.79,84.67,89.91,88.95
"15292",317,2022,85,87.6,84.56,87.79,84.55,86.69,85.92
"15293",318,2022,79.36,81.08,79.57,85.78,78.93,85.94,82.62
"15294",319,2022,81.38,83.66,80.93,86.96,81.59,85.93,84.51
"15295",320,2022,84.8,84.47,85.47,85.29,83.13,85.06,84.41
"15296",321,2022,90.28,91.32,90.48,90.58,89.76,90.9,87.67
"15297",322,2022,90.26,94.85,90.29,95.65,92.14,95.33,94.9
"15298",323,2022,86.58,87.53,86.98,88.41,86.02,87.63,87.02
"15299",324,2022,80.07,83.57,80.41,87.42,80.7,87.07,84.79
"15300",325,2022,76.16,77.77,76.88,80.24,75.92,80.25,79.3
"15301",326,2022,73.37,76.5,74.23,80.06,73.52,78.57,79.92
"15302",327,2022,76.44,79.36,76.37,81.34,77.42,79.86,80.88
"15303",328,2022,81.98,80.33,82.48,78.69,82.46,77.83,80.93
"15304",329,2022,81.95,82.41,82.12,83.44,81.36,81.73,84.13
"15305",330,2022,82.03,81.93,81.75,81.42,81.61,80.53,81.98
"15306",331,2022,83.32,83.69,83.36,83.22,82.32,82.23,84.02
"15307",332,2022,85.88,89.81,85.9,88.76,87.11,85.21,89.78
"15308",333,2022,83.06,86.87,83.09,84.47,84.19,83,86.86
"15309",334,2022,76.15,79.59,77.64,80.7,77.24,81.78,80.38
"15310",335,2022,70.54,75.23,71.61,79.36,72.01,79.31,78.36
"15311",336,2022,69.12,71,69.72,72.59,69.54,73.03,73.06
"15312",337,2022,72.2,71.44,74.19,67.39,71.38,68.23,69.07
"15313",338,2022,73.02,74.69,74.27,71.31,73.35,71.03,74.75
"15314",339,2022,71.62,75.05,72.68,80.37,72.68,77.54,80.62
"15315",340,2022,69.1,73.11,70.25,77.51,70.69,76.34,77.95
"15316",341,2022,65.41,68.72,67.25,73.04,66.79,71.87,74.17
"15317",342,2022,67.29,69.31,68.46,70.5,68.07,68.58,72.86
"15318",343,2022,70.19,71.52,70.35,75.91,71.16,73.83,76.85
"15319",344,2022,70.84,71.7,71.28,76.9,70.83,74.42,76.35
"15320",345,2022,72.81,71.32,74.02,77.97,71.83,74.83,77.94
"15321",346,2022,74.96,74.35,76.4,80.5,73.78,78.68,78.82
"15322",347,2022,73.82,73.98,75.13,84.21,72.64,82.56,80.31
"15323",348,2022,79.13,83.71,79.05,89.26,79.07,89.95,83.45
"15324",349,2022,73.95,73.27,74.67,80.49,72.39,81.58,75.93
"15325",350,2022,69.83,71.35,69.47,77.71,69.44,76.64,75.11
"15326",351,2022,66.16,67.63,65.93,72.58,66.52,72.44,71.55
"15327",352,2022,63.48,62.17,64.5,66.37,62.66,66.31,66.48
"15328",353,2022,65.26,66.23,64.63,67.92,63.94,68.76,67.38
"15329",354,2022,63.19,62.84,64.16,69.81,61.61,68.58,68.18
"15330",355,2022,63.58,62.92,64.48,69.12,62.44,68.26,69.17
"15331",356,2022,66.73,68.89,66.3,73.39,67.23,73.05,72.96
"15332",357,2022,61.51,62.46,61.57,67.7,62.35,67.04,67.71
"15333",358,2022,56.16,54.73,56.53,57.66,55.42,59.32,57.31
"15334",359,2022,55.77,51.46,56.03,52.65,53.83,54.4,53.43
"15335",360,2022,59.53,56.41,60.1,61.67,57.22,60.24,61.4
"15336",361,2022,63.17,61.24,64.15,70.71,60.39,67.82,69.45
"15337",362,2022,66.7,69.57,66.21,71.8,67.18,70.75,71.67
"15338",363,2022,64.54,72.97,62.96,76.04,66.86,76.72,74.28
"15339",364,2022,61.3,65.07,60.5,71.51,62.24,69.68,70.65
"15340",365,2022,59.98,60.55,59.97,65.68,59.05,64.52,66.76
"15341",1,2023,64.33,67.67,63.56,64.75,65.2,65.54,67.49
"15342",2,2023,64.04,67.22,63.67,69.29,65.81,68.2,70.78
"15343",3,2023,60.13,64.96,59.31,70.22,61.33,69.15,70.88
"15344",4,2023,59.78,64.25,60.42,73.85,60.95,71.26,72.33
"15345",5,2023,59.75,62.82,59.95,73.2,59.79,69.68,71.32
"15346",6,2023,60.26,61.74,60.22,70.04,59.47,66.96,70.35
"15347",7,2023,67.12,67.7,68.51,74.14,67.66,70.56,74.96
"15348",8,2023,87.46,89.33,87.63,89.49,90.49,85.77,88.76
"15349",9,2023,81.25,84.18,81.58,86.97,80.95,86.59,83.72
"15350",10,2023,73.13,78.91,74.24,84.35,74.91,82.55,81.89
"15351",11,2023,69.62,76.32,70.48,84.05,70.96,82.39,80.87
"15352",12,2023,72.74,73.05,73.26,78.3,73.09,76.25,77.95
"15353",13,2023,73.75,74.72,75.23,80.74,75.03,80.15,79.86
"15354",14,2023,70.78,72.85,70.38,76.69,71,75.93,76.42
"15355",15,2023,64.8,69.65,64.28,73.08,66.66,71.24,73.63
"15356",16,2023,61.43,63.3,62.47,69.11,62.41,65.74,70.16
"15357",17,2023,63.25,68.5,64.37,72.7,65.76,70.1,73.78
"15358",18,2023,62.2,63.58,64.09,70.82,63.03,67.38,72.03
"15359",19,2023,59.24,62.19,59.59,65.68,60.85,63.8,66.62
"15360",20,2023,58.85,59.66,58.91,59.78,59.04,59.31,62.77
"15361",21,2023,58,57.21,58.38,61.94,56.92,60.65,63.42
"15362",22,2023,58.18,61.32,58.72,70.27,57.7,67.81,68.07
"15363",23,2023,57.87,65.17,58.1,76.96,60.22,75.12,72.9
"15364",24,2023,53.98,55.91,54.36,66.5,53.93,63.71,64.61
"15365",25,2023,52.22,53.21,52.83,62.8,52.18,60.32,62.33
"15366",26,2023,51.77,47.16,52.85,49.86,49.1,50.23,50.53
"15367",27,2023,50.67,48.85,51.93,54.95,49.44,54.23,54.66
"15368",28,2023,49.72,51.17,50.07,55.26,50.06,55.07,55.59
"15369",29,2023,48.21,50.33,49.02,56.66,48.71,55.24,55.84
"15370",30,2023,48.17,49.1,49.39,54.3,47.43,53.3,54.55
"15371",31,2023,48.84,52.88,49.65,57.35,49.76,57.22,57.78
"15372",32,2023,46.82,51.74,47.64,55.69,48.39,55,56.65
"15373",33,2023,47.34,47.28,48.47,52.38,47.13,51.36,53.3
"15374",34,2023,47.36,48.32,49.24,57.57,47.13,55.13,57.33
"15375",35,2023,49.4,51.5,51.26,63.22,49.42,59.56,61.05
"15376",36,2023,54.83,57.95,55.75,69.54,54.32,68.26,65.8
"15377",37,2023,51.1,54.65,52.23,67.62,51.65,64.19,64.99
"15378",38,2023,53,56.31,53.35,67.09,53.08,63.69,65.63
"15379",39,2023,51.92,53.73,53.18,64.98,51.92,61.82,64.05
"15380",40,2023,55.47,59.58,55.91,71.24,56.66,68.39,69.36
"15381",41,2023,54.87,62.98,54.1,77.7,57.07,76.03,72.93
"15382",42,2023,56.37,60.98,55.9,76.32,57.81,74.46,71.14
"15383",43,2023,51.88,57.69,52.17,74.56,53.03,72.11,69.7
"15384",44,2023,52.29,56.29,52.79,71.74,53.04,68.56,68.85
"15385",45,2023,53.43,56.76,54.63,71.45,53.48,68.43,68.49
"15386",46,2023,58.21,59.62,59.61,73.88,57.66,71.35,69.66
"15387",47,2023,66.6,78.76,64.25,85.17,70.89,83.72,80.07
"15388",48,2023,55.77,61.12,55.83,72.34,58.25,69.75,69.59
"15389",49,2023,51.39,54.18,50.81,61.44,52.53,58.91,61.44
"15390",50,2023,47.24,45.03,48.03,50.33,46.26,48.18,51.5
"15391",51,2023,48.02,47.73,48.73,55.78,47.66,52.95,56.04
"15392",52,2023,50.76,52.83,51.22,62.19,51.86,59.02,62.2
"15393",53,2023,48.4,49.7,49.32,60.43,49.12,56.92,61.03
"15394",54,2023,48.34,48.04,49.47,54.1,47.55,52.57,55
"15395",55,2023,46.9,48.35,47.81,54.88,47.29,53.7,55.81
"15396",56,2023,46.14,46.82,47.59,53.12,46.06,51.31,54.81
"15397",57,2023,48.46,54,49.08,65.25,50.64,61.75,64.25
"15398",58,2023,48.93,53.59,50.05,67.82,50.88,63.5,66.56
"15399",59,2023,51.32,55.14,54.13,70.23,52.35,65.34,68.81
"15400",60,2023,58.38,58.48,63.46,70.81,61.99,64.71,71.26
"15401",61,2023,59.56,59,63.76,72.2,61.34,68.06,71.02
"15402",62,2023,55.79,59.48,57.55,73.85,56.72,70.98,70.49
"15403",63,2023,52.62,62.97,53.62,80.02,55.52,77.44,74.59
"15404",64,2023,49.95,56.55,50.56,73.28,52.08,69.77,69.51
"15405",65,2023,49.16,55.77,50.63,70.75,51.25,67.12,69.35
"15406",66,2023,48.52,54.61,49.1,67.96,51.14,64.52,68
"15407",67,2023,50.07,53.3,53.2,67.56,50.76,63.27,67.8
"15408",68,2023,53.92,50.59,57.6,67.16,51.24,61.53,68.9
"15409",69,2023,73.33,75.48,74.53,81.51,71,78.34,80.08
"15410",70,2023,83.93,90.44,82.73,92.55,84.91,90.34,90.79
"15411",71,2023,83.55,91.28,82.74,91.87,86.82,92.07,90.95
"15412",72,2023,69.9,73.62,70.77,81.53,71.02,78.08,81.53
"15413",73,2023,60.28,63.73,61.39,69.64,61.42,67.28,71.85
"15414",74,2023,52.12,54.92,51.92,62.21,52.69,58.71,65.13
"15415",75,2023,51.42,54.72,51.44,61.64,51.09,59.69,63.61
"15416",76,2023,53.98,59.61,53.17,66.02,54.43,63.92,67.74
"15417",77,2023,53.7,58.54,52.72,66.98,54.39,64.95,67.57
"15418",78,2023,49.04,55.66,47.9,63.95,51.13,62.31,64.87
"15419",79,2023,46.54,54.22,44.77,62.45,48.3,60.84,62.89
"15420",80,2023,47.94,55.27,45.62,61.01,48.81,60.08,60.67
"15421",81,2023,50.47,58.78,48.08,66.18,52.32,63.44,67.18
"15422",82,2023,47.8,54.55,46.19,66.13,49.23,62.33,65.4
"15423",83,2023,42.69,48.79,42.11,59.96,43.73,56.28,60.91
"15424",84,2023,45.32,52.71,43.87,60.73,46.72,56.8,62.34
"15425",85,2023,51.21,54.72,51.01,64.96,52.03,59.8,66.4
"15426",86,2023,52.64,57.67,51.42,68.38,52.9,64.24,67.55
"15427",87,2023,50.58,59.38,49.55,73.34,53.05,68.38,72.03
"15428",88,2023,50.61,57.93,49.44,71,52.27,66.59,70.19
"15429",89,2023,48.16,60.26,48.37,75.83,52.17,72.02,72.93
"15430",90,2023,51.38,59.61,51.68,72.33,53.53,70.04,69.99
"15431",91,2023,59.25,70.65,58.96,83.39,63.61,81.62,78.69
"15432",92,2023,62.75,76.19,61.19,87.58,67.25,86.66,83.71
"15433",93,2023,55.46,61.15,54.79,70.1,57.13,67,70.13
"15434",94,2023,50.14,58.28,49.35,69.13,51.63,66.58,68.29
"15435",95,2023,50.34,59.62,48.69,68.73,52.71,66.12,68.63
"15436",96,2023,51.85,60.41,50.21,71.87,53.79,69.18,70.42
"15437",97,2023,55.06,65.77,53.16,81.25,57.03,77.79,77.95
"15438",98,2023,66.79,75.53,68.62,87.34,69.71,85.28,83.62
"15439",99,2023,65.73,72.46,67.5,84.76,69.56,84.14,81.81
"15440",100,2023,75.92,78.73,75.93,87.86,75.14,84.36,83.78
"15441",101,2023,78.9,80.67,77.63,87.62,78.45,87.31,83.4
"15442",102,2023,67.04,69.39,68.62,79.6,68.65,75.94,77.68
"15443",103,2023,63.02,61.25,65,68.56,62.18,63.91,69.54
"15444",104,2023,55.67,58.86,56.41,66.43,57.73,63.03,67.89
"15445",105,2023,50.63,54.19,52.24,67.94,51.51,64.96,66.88
"15446",106,2023,58.59,62.22,61.18,74.38,60.57,70.64,73.03
"15447",107,2023,74.53,76.27,76.23,79.32,76.04,75.71,79.19
"15448",108,2023,66.35,77.68,65.63,82.89,71.86,80.22,82.19
"15449",109,2023,59.82,74.35,58.52,80.47,65.95,79.4,78.59
"15450",110,2023,57.97,65.34,58.21,76.63,59.3,73.71,74.8
"15451",111,2023,68.41,68.61,69.85,77.61,67.97,73.95,75.56
"15452",112,2023,88.77,92.3,87.65,94.31,90.53,93.13,92.76
"15453",113,2023,85.29,85.66,85.63,90.06,85.91,88.1,90.24
"15454",114,2023,87.71,92.83,85.97,92.94,87.89,93.92,91.34
"15455",115,2023,85.41,89.8,85.12,91.22,85.74,91.6,89.72
"15456",116,2023,82.48,85.86,81.87,89.83,84.05,87.84,90.33
"15457",117,2023,77.7,80.81,77.3,83.31,79.54,81.42,82.99
"15458",118,2023,85.87,91.28,84.43,88.66,87.12,87.13,87.15
"15459",119,2023,89.66,93.45,88.64,93.13,89.59,92.54,91.62
"15460",120,2023,80.33,84.43,80.91,89.22,83.11,87.31,87.52
"15461",121,2023,76.26,75.04,77.64,77.97,76.89,76.79,78.06
"15462",122,2023,69.4,70.69,70.78,73.41,71.09,72.48,73.8
"15463",123,2023,63.58,63.74,65.33,67.93,64.99,66.99,68.94
"15464",124,2023,63.5,62.9,65.16,68.67,62.93,65.87,68.29
"15465",125,2023,64.22,64.03,65.72,70.99,64.11,68.73,70.87
"15466",126,2023,61.39,61.52,61.89,67.37,60.13,65.9,68.16
"15467",127,2023,61.8,61.06,62.49,68.28,60.06,66.88,67.29
"15468",128,2023,74.05,71.81,74.36,76.22,70.71,75.06,74.53
"15469",129,2023,81.03,81.13,81.71,85.91,78.72,83.01,84.06
"15470",130,2023,87.73,94.86,86.43,95.31,87.96,95.07,92.38
"15471",131,2023,82.49,88.84,82.02,90.71,83.94,88.85,88.94
"15472",132,2023,74.73,80.08,74.91,87.54,75.77,83.26,85.37
"15473",133,2023,83.13,88.66,82.56,92.17,86.33,90.2,89.98
"15474",134,2023,86.78,95.28,85.42,96.48,91.47,96.07,93.67
"15475",135,2023,86.36,93.7,85.32,93.43,91.6,92.87,90.73
"15476",136,2023,81.29,84.11,81.79,86.4,84.19,82.86,86.01
"15477",137,2023,83.1,83.74,83.63,83.6,84.14,80.48,83.7
"15478",138,2023,83.91,87.6,83.13,88.06,84.1,86.42,88.06
"15479",139,2023,84.82,87.69,84.76,89.47,85.03,87.79,86.97
"15480",140,2023,85.45,88.28,84.55,87.3,86.49,85.32,86.33
"15481",141,2023,91.57,96.54,90.4,96.05,91.42,97.33,93.59
"15482",142,2023,91.72,96.05,90.62,96.66,91.22,96.63,93.65
"15483",143,2023,83.38,91.49,82.78,94.58,84.35,93.84,91.49
"15484",144,2023,79.56,82.55,81.83,90.9,79.96,88.98,88.82
"15485",145,2023,86.92,92.05,87.37,93.75,88,93.12,91.99
"15486",146,2023,87.47,94.15,85.84,94.84,89.17,94.29,93.18
"15487",147,2023,83.84,86.57,84.17,88.92,85.19,87.31,88.23
"15488",148,2023,81.99,84.38,81.5,88.36,82.43,85.42,87.06
"15489",149,2023,81.9,82.8,81.88,84.54,81.83,82.55,84.39
"15490",150,2023,93.28,96.7,92.46,94.94,93.33,94.77,92.78
"15491",151,2023,88.24,94.89,87.63,96.88,90.7,97.56,93.17
"15492",152,2023,84.85,91.58,84.95,94.19,88.17,94.41,89.97
"15493",153,2023,84.87,90.11,84.8,90.25,85.08,91.97,86.02
"15494",154,2023,81.42,86.28,79.83,90.11,80.71,90.61,84.59
"15495",155,2023,79.97,81.59,80.35,84.69,81.9,85.02,82.06
"15496",156,2023,89.11,94.12,89.03,92.94,90.55,92.68,90.29
"15497",157,2023,88.61,92.66,88.08,95.17,89.95,96.79,91.43
"15498",158,2023,84.27,91.84,83.58,94.32,86.77,95.28,90.14
"15499",159,2023,88.38,93.63,88.08,94.05,91.11,92.03,94.06
"15500",160,2023,88.46,91.87,87.9,89.45,88.76,90.19,87.45
"15501",161,2023,81.13,82.01,80.96,85.78,81.39,86.31,83.48
"15502",162,2023,82.06,84.04,82.91,86.63,82.7,86.63,86.03
"15503",163,2023,87.51,91.07,87.09,89.65,88.19,90.58,89.3
"15504",164,2023,84.35,84.8,84.12,86.43,83.73,86.91,83.11
"15505",165,2023,87.44,89.25,86.79,90.76,88.3,90.4,88.18
"15506",166,2023,87.92,90.09,86.44,91.23,85.46,90.46,88.48
"15507",167,2023,93.11,95.31,91.6,95.11,90.07,94.64,93.98
"15508",168,2023,83.48,85.71,84.28,92.26,81.75,93.81,88.14
"15509",169,2023,83.39,85.72,84.25,90.27,81.46,93.58,85.2
"15510",170,2023,81.47,81.96,82.04,86.39,79.8,89.23,80.46
"15511",171,2023,84.24,88.83,84.25,91.53,84.58,92.84,86.49
"15512",172,2023,84.74,91.75,84.8,94.29,86.62,95.91,89.49
"15513",173,2023,85.07,89.33,84.57,91.62,86.66,91.33,88.45
"15514",174,2023,86.73,86.95,86.35,88.21,86.72,88.46,87.38
"15515",175,2023,91.94,96.8,90.86,94.71,92.72,95.21,91.97
"15516",176,2023,84.13,91.26,83.49,96.42,86.95,96.58,91.94
"15517",177,2023,82.03,88.77,81.52,92.56,85.33,91.51,89.52
"15518",178,2023,80,79.3,81.36,83.21,81.25,81.67,83.93
"15519",179,2023,82.12,84.1,82.14,87.66,83.03,87.43,85.54
"15520",180,2023,87.95,92.8,87.63,93.92,88,94.97,88.23
"15521",181,2023,85.88,89.62,85.88,91.39,86,94.45,84.99
"15522",182,2023,81.38,88.51,81.87,91.45,81.77,93.82,84.89
"15523",183,2023,86.91,92.94,86.27,93.34,86.82,94.75,88.41
"15524",184,2023,85.75,89.89,85.26,88.6,86.68,88.06,88.02
"15525",185,2023,84.76,83.62,85.96,82.27,84.02,82.87,83.76
"15526",186,2023,90.84,95.25,90.49,93.18,93.06,93.36,93.16
"15527",187,2023,77.48,85.44,77.92,90.91,81.61,90,88.37
"15528",188,2023,72.85,73.11,74.98,79.84,73.37,77.55,79.89
"15529",189,2023,86.58,89.06,87.28,85.3,87.82,85.44,86.87
"15530",190,2023,83.58,82.64,84.3,85.99,82.41,85.39,82.95
"15531",191,2023,87.1,90.62,87.45,88.72,89.11,89.02,86.89
"15532",192,2023,87.53,89.62,87.62,91.5,87.3,91.51,89.02
"15533",193,2023,87.11,89.43,86.53,90.09,87.03,89.74,87.45
"15534",194,2023,76.89,78.8,77.29,81.33,78.34,81.13,79.23
"15535",195,2023,82.86,87.19,83.89,88.5,84.69,86.81,88.03
"15536",196,2023,83.89,85.51,84.03,88.3,84.2,88.38,86.36
"15537",197,2023,85.99,91.47,84.74,92.15,86.1,92.46,87.24
"15538",198,2023,86.63,87.73,87.29,88.46,87.08,86.65,87.27
"15539",199,2023,82.49,86.61,83.07,91.26,83.69,90.77,87.45
"15540",200,2023,83.43,88.43,84.24,89.06,85.56,90.96,84.7
"15541",201,2023,82.7,83.63,83.34,87.82,82.87,88.04,82.76
"15542",202,2023,84.96,88.3,84.7,91,84.34,91.56,84.69
"15543",203,2023,85.63,89.86,85.73,94.12,85.83,94.06,87.28
"15544",204,2023,83.9,89.55,83.79,92.77,85.5,93.26,89.52
"15545",205,2023,86.25,88.98,86.01,89.95,87.2,89.99,88.51
"15546",206,2023,86.69,88.84,87.25,87.57,87.61,86,87.45
"15547",207,2023,78.46,83.2,79.04,89.42,78.15,88.47,86.21
"15548",208,2023,84.06,94.98,83.63,97.06,87.35,97.59,93.4
"15549",209,2023,90.68,97.48,90.31,97.47,92.59,96.9,95.73
"15550",210,2023,82.81,85.57,83.53,90.86,83.96,90.09,88.19
"15551",211,2023,82.15,85.16,82.21,89.09,83.14,88.27,85.11
"15552",212,2023,80.9,82.16,81.7,88.07,77.2,90.04,81.52
"15553",213,2023,78.92,79.06,80.12,87.14,76.98,85.63,82.06
"15554",214,2023,79.55,77.49,80.62,81.59,79.73,79.89,80.23
"15555",215,2023,82.17,84.54,81.95,85.83,83.36,83.27,84.75
"15556",216,2023,86.95,90.48,86.04,87.3,86.23,85.68,85.74
"15557",217,2023,84.6,90.5,84.2,92.48,85.12,91.75,88.54
"15558",218,2023,87.5,93.12,86.57,93.44,88.48,93.41,90.26
"15559",219,2023,87.32,91.67,86.65,92.73,88.55,91.87,90.4
"15560",220,2023,82.73,83.33,82.97,84.09,83.45,84.8,81.36
"15561",221,2023,82.22,86.96,82.96,87.37,83.71,86.68,83.79
"15562",222,2023,82.81,85.99,81.78,88.69,83.63,88.27,85.75
"15563",223,2023,81.83,82.27,81.6,85.71,81.61,85.1,83.18
"15564",224,2023,78.1,76.09,79.52,80.82,77.36,79.32,79.51
"15565",225,2023,83.75,80.17,85.02,80.36,82.08,79.09,79.98
"15566",226,2023,84.99,84.49,85.02,82.73,84.52,82.51,80.94
"15567",227,2023,86.18,86.12,86.99,83.89,86.08,81.49,85.11
"15568",228,2023,88.57,94.11,88.05,93.52,90.59,92.8,91.69
"15569",229,2023,80.17,79.14,80.99,82.63,78.6,82.71,81.86
"15570",230,2023,78.98,79.67,79.59,82.37,79.27,80.34,82.79
"15571",231,2023,79.76,80.65,80.95,79.97,80.41,79.08,81.93
"15572",232,2023,86.03,89.89,85.72,89.05,86.6,89.07,88.55
"15573",233,2023,83.45,86.56,83.21,88.98,84.6,88.23,86.72
"15574",234,2023,86.78,89.9,86.22,91.7,86.72,93.99,85.94
"15575",235,2023,77.56,75.95,79.06,75.79,77.39,79.46,71.12
"15576",236,2023,81.16,77.26,83.05,79.78,79.43,79.73,77.96
"15577",237,2023,76.78,76.47,77.84,76.41,76.86,75.86,74.23
"15578",238,2023,73.57,73.36,75.43,74.14,73.6,74.74,72.05
"15579",239,2023,73.49,74.16,75.53,75.96,74.46,78.56,72.68
"15580",240,2023,74.37,71.66,77.46,74.41,75.58,74.64,73.93
"15581",241,2023,80.32,74.95,82.9,75.33,79.26,75.18,75.49
"15582",242,2023,82.08,83.85,83.36,84.34,81.62,84.79,82.19
"15583",243,2023,77.41,78.65,79.07,82.86,78.19,84.26,79.22
"15584",244,2023,77.91,75.52,79.14,78.35,76.91,80.09,73.84
"15585",245,2023,78.23,77.16,79.12,80.82,78.14,79.43,78.82
"15586",246,2023,82.51,83.55,82.64,84.06,82.72,82.81,81.38
"15587",247,2023,82.34,82.66,82.67,85.03,81.8,86.12,81.07
"15588",248,2023,77.23,79.13,79.01,83.07,77.54,83.78,78.97
"15589",249,2023,78.05,78.8,79.29,79.59,78.05,80.34,75.86
"15590",250,2023,82.8,84.64,81.97,83.41,81.06,84.21,77.39
"15591",251,2023,87.8,89,87.31,86.72,88.67,85.91,84.62
"15592",252,2023,82.19,82.8,82.77,87.53,82.88,84.86,84.43
"15593",253,2023,78.42,79.8,80.64,86.43,80.22,83.95,83.25
"15594",254,2023,78.59,79.02,80.16,82.32,78.22,81.86,79.81
"15595",255,2023,80.83,83.61,81.11,82.77,81.77,82.68,80.69
"15596",256,2023,79.98,82.05,80.62,83.94,80.85,82.56,80.74
"15597",257,2023,78.9,79.46,80.58,83.07,80.05,81.82,79.52
"15598",258,2023,76.07,74.73,77.85,76.18,75.82,76.56,72.76
"15599",259,2023,74.41,71.5,77.23,73.79,74.99,72.71,70.85
"15600",260,2023,83.33,83.55,83.07,80.01,83.22,78.05,79.46
"15601",261,2023,81.91,79.57,82.53,80.72,80.74,80.24,77
"15602",262,2023,80.66,78.85,80.22,80.82,79.24,80.8,76.48
"15603",263,2023,75.45,73.67,76.49,75.52,75.14,75.38,72.63
"15604",264,2023,72.71,72.7,74.24,72.55,73.61,71.07,70.64
"15605",265,2023,78.11,81.68,78.78,81.64,78.86,79.7,79.37
"15606",266,2023,80.49,84.09,81.84,89.37,81.88,87.1,87.55
"15607",267,2023,84.45,88.49,83.07,90.13,85.71,90.14,87.3
"15608",268,2023,78.09,76.65,78.56,83.57,76.36,83.57,79.73
"15609",269,2023,71.06,71.32,72.15,77.7,71.72,75.35,75.57
"15610",270,2023,77.04,78.57,78.26,78.5,78.3,77.59,80.94
"15611",271,2023,78.84,82.64,78.98,85.33,79.07,85.51,82.38
"15612",272,2023,78.44,84.98,77.94,89.63,79.02,89.97,83.92
"15613",273,2023,71.14,72.24,72.58,79.42,70.66,79.24,74.86
"15614",274,2023,74.67,75.38,74.88,76.77,74.73,76.22,75.37
"15615",275,2023,75.34,76.24,76,77.96,75.1,76.84,76.75
"15616",276,2023,75.42,77.98,75.34,80.92,76.05,80.97,77.67
"15617",277,2023,70.41,73.92,71.04,78.6,70.72,79.63,73.99
"15618",278,2023,70.49,68.71,70.32,74.71,70.43,72.28,71.96
"15619",279,2023,68.04,66.38,68.3,71.39,67.19,68.1,72.88
"15620",280,2023,71.98,73.56,72.76,77.81,73.15,74.26,78.14
"15621",281,2023,74,73.07,75.87,79.9,73.72,76.86,76.52
"15622",282,2023,70.19,70.75,71.19,79.14,70.2,75.74,75.14
"15623",283,2023,72.57,76.94,74.5,85.78,74.44,82.88,81.98
"15624",284,2023,73.49,73.6,75.7,76.76,73.58,75.93,75.42
"15625",285,2023,69.94,69,72.33,75.97,69.04,75.27,73.23
"15626",286,2023,67.41,69.86,69.21,80.46,69.33,77.99,77.39
"15627",287,2023,70.35,72.88,72.02,79.7,72.61,76.94,77.28
"15628",288,2023,74.93,74.64,76.7,79.54,74.13,76.53,75.94
"15629",289,2023,74.97,73.12,77.28,81.88,73.04,80.45,76.81
"15630",290,2023,74.8,74.65,76.19,81.7,74.93,78.81,78.95
"15631",291,2023,70.52,72.81,71.84,78.51,70.55,75.17,75.82
"15632",292,2023,72.79,73.34,75.16,81.59,74.92,78.73,78.91
"15633",293,2023,71.77,71.19,74.58,80.04,73.29,79.94,75.99
"15634",294,2023,74,74.5,74.97,86.65,75.35,85.93,81.52
"15635",295,2023,85.22,89.55,83.62,91.51,87.24,88.56,90.7
"15636",296,2023,80.55,84.41,80.65,89.54,81.05,86.87,86.61
"15637",297,2023,74.1,75.71,74.9,85.75,74.31,83.81,81.76
"15638",298,2023,79.89,77.39,81.75,82.75,79.32,79.83,81.04
"15639",299,2023,84.01,87.62,83.98,87.55,83.49,86.35,86.38
"15640",300,2023,81.02,86.27,81.19,90.27,79.92,88.11,86.99
"15641",301,2023,80.92,78.76,82.74,80.29,78.1,77.76,81.7
"15642",302,2023,85.33,91,83.8,92.7,86.99,92.22,90.1
"15643",303,2023,76.61,77.78,77.91,78.85,76.58,78.73,77.22
"15644",304,2023,76.76,76.78,77.79,76.5,76.86,74.35,77.5
"15645",305,2023,76.76,81.34,76.72,81.03,78.09,79.99,81.37
"15646",306,2023,87.04,89.08,86.17,89.46,85.7,88.72,87.06
"15647",307,2023,84.56,89.17,84.29,91.54,85.26,90.46,88.38
"15648",308,2023,77.23,86.66,76.7,90.89,76.72,91.17,85.13
"15649",309,2023,77.57,78.37,77.96,84.09,76.03,82.81,80.89
"15650",310,2023,79.82,81.26,80.44,87.15,80.59,84.4,84.81
"15651",311,2023,87.08,91.61,85.19,92.9,87.13,94.35,90.17
"15652",312,2023,80.76,85.26,79.49,88.34,82.8,89.01,85.38
"15653",313,2023,77.9,79.54,78.26,86.02,78.33,84.71,83.03
"15654",314,2023,83.06,84.22,84.56,88.27,82.76,86.24,86.01
"15655",315,2023,86.84,91.1,87.11,91.86,87.19,90.86,90.02
"15656",316,2023,77.47,81.42,78.73,86.52,77.13,86.97,83.44
"15657",317,2023,78.62,76.81,79.88,82.04,76.9,80.52,80.4
"15658",318,2023,78.02,81.66,78.43,84.12,77.99,83.17,81.8
"15659",319,2023,73.2,74.43,74.02,79.14,71.64,79.4,76.84
"15660",320,2023,69.95,71.8,71.44,76.36,69.12,76.23,72.67
"15661",321,2023,72.09,72.55,73.64,78.27,70.54,77.3,75.42
"15662",322,2023,74.64,74.8,74.65,77.6,73.13,77.11,76.5
"15663",323,2023,72.45,74.4,72.91,77.12,72.04,76.93,76.95
"15664",324,2023,69.09,73.98,68.79,76.94,69.69,75.16,77.98
"15665",325,2023,67.27,71.03,66.79,71.92,68.2,72.61,73.32
"15666",326,2023,68.57,73.21,67.15,73.75,69.59,74.35,74.34
"15667",327,2023,67.4,69.53,68.04,71.52,67.03,71.2,72.33
"15668",328,2023,69.52,71.79,68.66,71.17,69.86,72.58,72.15
"15669",329,2023,66.52,68.26,67.59,72.73,65.13,71.84,72.48
"15670",330,2023,77.44,80.26,77.9,78.37,77.82,77.4,80.07
"15671",331,2023,73.6,73.54,74.38,77.42,70.85,77.61,76.12
"15672",332,2023,70.56,71.42,72.62,79.06,68.9,78.12,76.05
"15673",333,2023,67.65,68.01,69.1,76.46,65.36,75.24,73.73
"15674",334,2023,65.12,66.27,65.65,70.37,63.36,70.34,69.17
"15675",335,2023,62.01,64.62,62.56,68.45,60.91,68.25,67.87
"15676",336,2023,60.77,63.22,61.37,69.34,59.52,68.04,67.8
"15677",337,2023,60.03,61.64,60.96,69.56,58.22,68.16,68.03
"15678",338,2023,58.95,61.78,59.8,70.11,57.05,69.45,68.69
"15679",339,2023,61.95,63.11,62.59,69.22,59.55,68.86,66.76
"15680",340,2023,60.25,62.65,60.62,68.89,58.5,67.13,68.15
"15681",341,2023,58.59,57.8,59.44,63.3,55.91,61.02,64.7
"15682",342,2023,64.82,65.28,65.95,69.03,64.31,66.85,70.17
"15683",343,2023,70.92,78.34,70.68,86.13,71.52,83.79,82.49
"15684",344,2023,67.62,75.73,67.31,84.74,68.42,83.07,79.84
"15685",345,2023,60.04,63.08,60.49,73.4,58.53,71.14,71.53
"15686",346,2023,59.42,61.86,59.68,71.22,57.63,69.87,69.05
"15687",347,2023,62.48,67.05,62.21,73.99,62.24,72.41,72.28
"15688",348,2023,61.71,67.55,61.74,76.66,61.93,75.33,74.04
"15689",349,2023,60.72,65.76,60.61,76.45,59.88,75.1,73.62
"15690",350,2023,67,73.36,68.01,85.12,67.27,82.48,83.15
"15691",351,2023,66.07,77.51,65.4,84.32,68.89,81.34,82.03
"15692",352,2023,61.68,68.57,62.2,74.62,63.93,72.31,75.85
"15693",353,2023,61.7,67.21,62.58,73.54,62.59,71.56,74.78
"15694",354,2023,58.37,65.26,58.56,73.74,60.74,70.61,74.94
"15695",355,2023,55.31,61.58,55.54,71.31,56.65,68.77,71.74
"15696",356,2023,58.48,61.77,59.65,72.19,58.32,68.56,72.79
"15697",357,2023,59.86,64.58,62.42,74.47,59.73,72.07,73.64
"15698",358,2023,60.43,66.71,61.07,77.17,61.76,74.26,75.69
"15699",359,2023,64.28,66.76,66.65,77.21,65.87,73.58,77.04
"15700",360,2023,74.12,80.37,74.81,86.76,75.65,84.81,84.96
"15701",361,2023,70.62,75.02,73.28,78.91,71.5,76.31,79.67
"15702",362,2023,72.45,76.64,74.93,79.55,73.79,78.18,80.36
"15703",363,2023,72.99,76.16,74.54,78.43,73.42,77.81,79.39
"15704",364,2023,68.15,71.79,69.51,73.23,69.05,71.09,74.93
"15705",365,2023,59.9,65.57,61.69,68.82,61.65,67.46,70.88
"15706",1,2024,61.08,67.03,61.34,74.73,62.85,71.3,75.41
"15707",2,2024,58.33,62.76,59.08,67.39,59.61,64.47,69.35
"15708",3,2024,55.85,58.77,56.54,63.89,56.21,61.68,65.68
"15709",4,2024,51.26,53.39,52.06,56.33,50.57,56.51,58.68
"15710",5,2024,48.77,48.98,50.03,52.37,47.37,51.95,55.36
"15711",6,2024,50.04,51.05,51.55,57.34,49,54.72,58.82
"15712",7,2024,51.23,54.9,52.34,64.2,51.15,60.97,63.63
"15713",8,2024,50.67,54.51,51.16,61.35,50.5,59.36,61.22
"15714",9,2024,46.87,49.27,48.43,57.51,45.52,54.84,57.04
"15715",10,2024,46.68,49.39,48.43,59.85,45.66,56.6,59.92
"15716",11,2024,53.01,54.49,53.77,60.44,51.92,57.53,63.13
"15717",12,2024,53.62,55.25,54.84,60.52,53.36,58.88,62.37
"15718",13,2024,50.59,54.42,52.47,60.87,50.9,59.78,62.1
"15719",14,2024,48.73,50.94,49.91,55.85,48.65,54.46,57.68
"15720",15,2024,51.19,51.55,51.99,56.92,49.67,54.95,57.6
"15721",16,2024,52.56,51.3,54.01,56.4,49.69,54.76,57.54
"15722",17,2024,47.89,49.23,49.14,58.02,46.39,56.03,57.35
"15723",18,2024,49.77,50.57,51.33,60.32,48.16,57.8,59.96
"15724",19,2024,51.93,52.48,53.93,61.49,50.25,59.49,60.84
"15725",20,2024,47.78,49.58,49.54,61.24,46.66,58.26,60.57
"15726",21,2024,47.87,49.97,49.68,63.1,46.64,59.13,62.92
"15727",22,2024,46.67,49.34,47.39,58.46,45.7,55.59,58.24
"15728",23,2024,47.54,48.44,48.47,57.65,46.22,55.18,57.2
"15729",24,2024,48.14,43.51,50.58,53,43.46,50.76,53.24
"15730",25,2024,43.33,43.6,45.13,52.57,42.84,49.75,52.86
"15731",26,2024,45.5,43.88,47.64,52.9,42.79,50.42,52.74
"15732",27,2024,47.17,47.39,48.73,57.57,45.7,55.02,57.49
"15733",28,2024,46.21,49.98,46.93,58.73,45.85,56.14,58.73
"15734",29,2024,43.04,48.14,43.78,58.56,43.58,55.94,58.75
"15735",30,2024,40.93,45.67,42.87,56.73,41.69,52.78,56.28
"15736",31,2024,51.49,49.73,55.04,58.81,51.06,54.95,59.73
"15737",32,2024,54.68,59.3,56.06,68.43,55.74,65.75,68.13
"15738",33,2024,61.91,64.69,65.21,78.92,63.22,74.44,75.51
"15739",34,2024,80.2,81.25,80.69,86.63,81.04,82.78,86.23
"15740",35,2024,76.39,78.17,77.16,83.95,77.98,79.6,83.61
"15741",36,2024,75.8,82.24,76.67,85.52,78.47,81.5,84.54
"15742",37,2024,86.22,94.79,84.05,96.88,86.83,97.85,92.32
"15743",38,2024,73.31,78.19,73.51,87.96,73.29,87.65,82.35
"15744",39,2024,72.67,73.59,75.5,81.85,70.89,79.95,77.98
"15745",40,2024,77.01,87.17,77.42,90.3,79.99,87.32,87.87
"15746",41,2024,68.52,74.48,68.83,81.24,69.78,81.9,76.99
"15747",42,2024,60.73,67.01,61.31,75.47,61.97,75.7,71.74
"15748",43,2024,56.12,57.89,56.93,64.38,54.7,63.35,63.73
"15749",44,2024,54.17,56.41,55.35,64.42,52.27,63.84,63.21
"15750",45,2024,52.28,53.78,53.94,62.13,49.84,61,60.57
"15751",46,2024,57.48,59.14,60.39,67.78,57.86,65.69,66.48
"15752",47,2024,60.36,70.5,62.2,83.11,66.05,79.43,79.76
"15753",48,2024,53.8,62.75,55.51,72.35,58.48,70.85,70.15
"15754",49,2024,49.52,55.26,51.31,66.39,51.64,64.13,64.08
"15755",50,2024,44.71,50.2,45.3,60.07,45.1,59.94,59.18
"15756",51,2024,41.62,47.61,41.52,54.16,41.63,54.28,53.84
"15757",52,2024,43.46,48.03,44,55.08,43.45,55.62,54.01
"15758",53,2024,39.67,48.62,40.21,63.23,41.21,61.87,60.82
"15759",54,2024,37.53,48.67,37.94,63.32,40.05,61.24,62.53
"15760",55,2024,40.36,45,41.32,56.12,39.77,54.08,55.84
"15761",56,2024,40.43,44.14,42.24,52.2,40.63,51.42,52.73
"15762",57,2024,47.5,48.47,49.86,53.89,46.89,52.75,56.15
"15763",58,2024,49.81,53.66,51.67,64.19,50.91,60.48,64.74
"15764",59,2024,46.33,51.22,47.23,64.34,48.37,59.84,64.98
"15765",60,2024,42.3,48.26,43.22,59.21,44.37,56.79,60.06
"15766",61,2024,41.13,42.99,42.17,49.76,41.84,48.53,52.48
"15767",62,2024,42.72,46.41,43.71,54.35,43.74,52.26,56.11
"15768",63,2024,43.74,49.23,44.48,63.04,47.02,57.36,64.87
"15769",64,2024,41.98,47.43,42.63,60.58,43.68,56.73,61.67
"15770",65,2024,41.42,46.62,42.29,60.2,43.03,56.21,60.88
"15771",66,2024,43.04,46.42,44.74,59.76,43.8,56.45,58.89
"15772",67,2024,48.15,48.11,50.72,61.06,47.37,57.09,60.35
"15773",68,2024,47.67,48.66,50.62,63.05,48.03,57.9,62.39
"15774",69,2024,55.26,54.54,58.18,68.88,56.96,62.19,69.31
"15775",70,2024,54.37,51.46,58.88,61.74,55.61,57,62.84
"15776",71,2024,55.7,51.76,59.78,63.97,57.67,58.88,64.36
"15777",72,2024,51.86,50.62,55.74,64.12,53.6,59.07,63.24
"15778",73,2024,48.52,49.95,54.48,63.94,51.82,58.56,63.43
"15779",74,2024,43.92,45.38,48.63,60.89,46.84,55.35,60.91
"15780",75,2024,43.06,43.53,46.54,56.83,44.94,52.24,57.46
"15781",76,2024,44.93,45.75,48.38,58.97,48.56,53.87,59.83
"15782",77,2024,44.34,46.35,46.52,60.12,44.94,56.19,59.02
"15783",78,2024,47.26,52.15,49.05,66,49.32,62.22,64.42
"15784",79,2024,46.3,49.02,50.19,66,48.41,60.82,64.81
"15785",80,2024,44.4,46.32,47.48,59.04,46.75,54.57,60.57
"15786",81,2024,42.23,42.94,44.92,53.4,43.75,48.91,56.21
"15787",82,2024,41.25,43.86,43.3,55.72,42.34,52.5,56.9
"15788",83,2024,39.97,42.14,41.72,56.82,42.16,51.39,58.83
"15789",84,2024,44.49,44.12,48.53,55.71,45.63,51.32,57.57
"15790",85,2024,49.3,44.67,52.66,53.68,50.29,49.69,59.69
"15791",86,2024,54.98,55.34,57.43,60.5,58.95,56.99,66.42
"15792",87,2024,53.9,57.37,55.68,63.23,59.42,59.18,68.12
"15793",88,2024,50.58,56.24,52.62,64.13,55.7,60.31,68.5
"15794",89,2024,51.42,55.59,53.77,65.11,55.92,60.76,69.56
"15795",90,2024,50.8,53.84,53.36,62.92,53.6,58.32,65.12
"15796",91,2024,46.71,52.9,46.98,63.05,52.21,57.49,66.13
"15797",92,2024,44.23,47.85,46.22,60.73,47.76,54.98,63.33
"15798",93,2024,53.38,58.55,55.38,66.68,58.23,60.88,69.43
"15799",94,2024,71.1,70.5,73.21,75.99,74.93,73.55,76.38
"15800",95,2024,75.12,78.62,75.76,89.77,76.32,88.07,86.65
"15801",96,2024,64.35,60.01,68.19,71.01,64.28,67.48,71.57
"15802",97,2024,71.91,69.91,73.61,76.27,72.02,73.38,77.07
"15803",98,2024,63.74,61.51,67.58,66.71,64.7,62.79,69.43
"15804",99,2024,58.68,57.94,61.61,68.44,60.47,65.04,69.68
"15805",100,2024,51.85,52.5,53.31,63.07,54.29,58.8,64.67
"15806",101,2024,46.6,44.33,47.95,54.29,46.85,50.61,56.26
"15807",102,2024,44.72,42.89,46.6,52.49,44.64,48.86,54.35
"15808",103,2024,44.75,41.35,46.69,50.49,44.44,46.93,53.65
"15809",104,2024,45.09,45.05,46.19,56.28,45.57,52.17,58.01
"15810",105,2024,45.44,44.94,46.18,56.39,46.64,51.96,58.39
"15811",106,2024,44.14,43.87,44.64,54.69,43.77,50.23,57.37
"15812",107,2024,42.71,43.29,43.86,55.66,41.73,51.41,57.3
"15813",108,2024,53.36,49.87,56.69,60.48,52.03,56.55,60.81
"15814",109,2024,86.82,87.14,87.22,89.64,84.01,86.96,88.67
"15815",110,2024,83.69,89.33,84.31,94.31,85.84,91.63,92.94
"15816",111,2024,84.68,87.71,84.4,90.95,83.16,88.5,90.39
"15817",112,2024,87.39,88.99,87.04,91.32,87.35,89.39,91
"15818",113,2024,93.6,97.23,93.21,94.67,95.24,94.33,95.52
"15819",114,2024,78.8,80.23,80.3,83.67,79.69,82.22,82.92
"15820",115,2024,73.12,69.58,76.43,70.95,73.75,68.09,74.21
"15821",116,2024,82.44,78.07,83.99,76.19,81.82,71.9,79.24
"15822",117,2024,85.44,86.78,86.07,86.36,87.05,83.62,87.24
"15823",118,2024,84.24,88.05,83.91,90.29,85.62,88.24,89.22
"15824",119,2024,77.98,78.51,79.78,84.67,77.67,79.85,85.04
"15825",120,2024,84.67,91.11,85.04,93.6,85.12,93.31,91.11
"15826",121,2024,79.82,83.15,81.32,87.08,78.51,86.51,83.87
"15827",122,2024,78.46,79.09,80.45,86.16,77.83,84.45,83.39
"15828",123,2024,81.13,78.06,83.55,81.5,79.63,80.34,79.44
"15829",124,2024,83.8,84.15,86.32,85.84,86.16,81.92,87.18
"15830",125,2024,78.89,83.5,80.32,87.28,79.09,86.64,85.59
"15831",126,2024,85.66,83.46,88.06,84.56,85.9,80.57,85.86
"15832",127,2024,83.59,87.58,83.71,87.91,83.41,87.98,84.64
"15833",128,2024,76.57,74.23,78.89,79.06,75.46,76.99,79.19
"15834",129,2024,79.53,78.96,81.63,82.33,79.29,79.18,82.32
"15835",130,2024,91.42,95.39,92.13,94.51,93.14,91.41,95.75
"15836",131,2024,88.02,89.08,88.9,92.43,88.33,90.36,91.53
"15837",132,2024,79.06,80.86,81.37,88.34,80.04,85.75,87
"15838",133,2024,78.04,77.05,80.69,82.89,78.01,78.67,82.78
"15839",134,2024,76.61,71.59,81.57,73.89,76.5,70.69,76.32
"15840",135,2024,69.58,65.81,73.02,70.23,68.43,67.88,71.4
"15841",136,2024,65.66,63.82,69.69,70.4,67.33,67.11,72.21
"15842",137,2024,79.91,74.82,82.91,76.47,79.79,73.38,80.23
"15843",138,2024,78.66,76.37,80.44,75.93,78.58,74.77,76.45
"15844",139,2024,84.84,86.35,86.13,83.34,86.32,80.23,85.99
"15845",140,2024,84.67,85.88,85.09,86.39,86.28,84.18,86.38
"15846",141,2024,85.82,89.6,86.48,90.82,87.07,91.21,87.74
"15847",142,2024,88.4,92.97,87.45,96.17,87.53,96.88,91.34
"15848",143,2024,83.18,85.92,84.48,93.02,83.46,92.72,89.43
"15849",144,2024,81.81,83.11,83.61,88.4,84.93,87.28,86.55
"15850",145,2024,80.97,81.97,82.67,84.55,82.06,82.19,84.99
"15851",146,2024,81.38,83.16,82.95,82.53,82.97,79.46,84.34
"15852",147,2024,87.78,86.73,88.19,84.71,86.97,81.99,85.09
"15853",148,2024,90.02,94.79,86.75,95.52,87.79,97.27,89.2
"15854",149,2024,86.61,89.62,87.58,93.38,88.44,90.39,90.94
"15855",150,2024,87.42,92.13,87.81,95.06,87.87,94.87,93.14
"15856",151,2024,89.39,93.64,90.27,93.97,89.59,94.08,92.33
"15857",152,2024,86.82,90.69,87.06,93.48,86.39,95.54,89.58
"15858",153,2024,80.37,81.79,81.17,89.32,78.38,91.63,84.18
"15859",154,2024,79.37,80.76,80.72,86.02,77.83,86.14,81.85
"15860",155,2024,85.57,89.23,86.1,92.66,86.18,93.61,88.71
"15861",156,2024,89.08,93.65,88.79,96.1,90.35,97.32,92.75
"15862",157,2024,87.92,86.6,88.85,89.91,86.19,87.96,85.8
"15863",158,2024,80.66,87.73,80.69,91.53,81.42,89.59,86.78
"15864",159,2024,89.14,92.31,88.35,92.72,87.05,91.68,89.93
"15865",160,2024,88.92,93.92,88.96,92.64,88.64,92.6,90.03
"15866",161,2024,87.56,90.6,87.36,91.12,88.81,89.86,91.66
"15867",162,2024,85.9,91.14,85.95,90.51,88.58,89.61,89.69
"15868",163,2024,85.19,89.18,84.48,91.82,86.18,90.14,89.4
"15869",164,2024,84.59,85.66,85.76,88.79,85.37,87.15,86.31
"15870",165,2024,86.7,85.62,87.36,85.81,86.27,83.98,86.5
"15871",166,2024,88.44,87.32,88.76,87.97,88.35,86.91,87.51
"15872",167,2024,87.04,88.2,88.95,90.16,86.51,87.94,88.68
"15873",168,2024,85.05,83.89,86.38,88.08,83.74,86.27,85.27
"15874",169,2024,87.83,89.83,87.76,90.74,88.25,90.28,88.7
"15875",170,2024,80.9,80.74,82.31,83.44,80.78,82.61,83.61
"15876",171,2024,85.7,86.55,85.63,87.85,84.75,85.99,86.45
"15877",172,2024,88.15,88.57,88.54,88.91,88.25,87.3,87.79
"15878",173,2024,93.84,95.05,93.5,95.59,93.82,94.69,93.86
"15879",174,2024,84.16,81.26,84.88,82.52,81.42,82.15,82.05
"15880",175,2024,86.63,85.9,87.78,87.39,86.76,83.51,89.04
"15881",176,2024,88.5,91.61,88.37,89.62,89.23,86.75,88.53
"15882",177,2024,84.54,89.03,84.84,92.26,85.17,92.37,88.52
"15883",178,2024,84.67,90.04,84.92,93.07,84.93,93.75,88.59
"15884",179,2024,82.82,85.03,84.34,89.36,83.41,88.62,87.05
"15885",180,2024,85.79,84.55,86.31,82.96,86.13,79.61,87.32
"15886",181,2024,85.64,89.59,85.63,84.46,87.77,84.23,87.29
"15887",182,2024,85.16,90.05,86.01,85.89,87.46,84.64,87.92
"15888",183,2024,86.11,87.41,86.58,89.22,86.43,87.93,88.42
"15889",184,2024,85.66,89.01,84.83,90.97,83.93,93.22,85.41
"15890",185,2024,87,91.24,87.51,94.04,86.11,95,89.04
"15891",186,2024,82.32,86.14,83.38,90.12,82.65,88.81,86.28
"15892",187,2024,86.93,95.8,86.08,96.81,88.94,97.13,93.47
"15893",188,2024,87.89,93.49,87.95,94.47,89.21,95.37,89.91
"15894",189,2024,84.8,85.57,84.65,87.08,85.57,87.12,85.42
"15895",190,2024,79.93,79.36,80.8,82.77,80.88,80.72,81.99
"15896",191,2024,89.6,91.14,89.26,90.93,90.44,90.33,89.54
"15897",192,2024,83.16,82.38,83.6,82.24,82.79,82.02,81.89
"15898",193,2024,78.12,73.71,78.93,72.09,77.82,70.92,75
"15899",194,2024,86.39,89.85,86.74,82.96,89.34,82.85,85.83
"15900",195,2024,86.91,89.83,86.93,91.32,87.47,91.29,90.77
"15901",196,2024,84.48,88.9,85.56,90.19,85.49,90,87.47
"15902",197,2024,87.8,92.45,88.44,94.02,88.94,94.92,89.82
"15903",198,2024,80.6,79.8,81.6,86.25,77.9,89.04,81.88
"15904",199,2024,80.83,77.74,82.3,85.92,77.27,90.17,80.41
"15905",200,2024,78.81,81.61,79.5,90.4,72.84,92.93,81.04
"15906",201,2024,73.94,75.14,74.36,85.35,70.59,84.39,79.43
"15907",202,2024,76.44,75.62,78.47,83.2,74.99,80.06,79.74
"15908",203,2024,81.05,80.7,82,85.68,79.25,82,83.67
"15909",204,2024,83.02,88.1,82.36,90.67,80.19,91.98,84.57
"15910",205,2024,75.2,80.19,76.56,87.43,73.29,89.36,79.84
"15911",206,2024,83.59,81.82,85.38,86.32,81.28,85.53,83.84
"15912",207,2024,79.95,84.69,80.83,89.75,80.77,90.8,85.33
"15913",208,2024,83.9,87.12,85.44,89,84.8,87.68,87.23
"15914",209,2024,87.56,90.93,85.61,91.72,85.6,92.72,87.28
"15915",210,2024,90.33,97.41,88.11,96.95,92.65,96.81,93.65
"15916",211,2024,91.47,95.26,90.02,96.42,88.86,96.88,91.87
"15917",212,2024,88.96,94.32,87.55,96.36,87.61,97.97,91.96
"15918",213,2024,82.21,87.17,82.67,90.23,82.95,91.29,86
"15919",214,2024,74.48,75.16,75.83,78.25,74.41,81.48,74.87
"15920",215,2024,75.92,74.32,78.12,78.98,75.86,78.3,76.77
"15921",216,2024,77.23,78.15,78.47,77.84,77.26,76.31,78.87
"15922",217,2024,80.93,80.18,82.04,75.23,82.18,74.15,79.26
"15923",218,2024,86.35,87.4,85.8,80.17,84.86,78.9,83.44
"15924",219,2024,82.04,86.03,81.95,91.87,81.86,91.16,87.3
"15925",220,2024,74.28,74.49,75.68,80.79,74.2,81.69,77.37
"15926",221,2024,77.53,77.51,78.87,77.84,76.64,75.32,79.42
"15927",222,2024,85.43,89.67,85.56,85.13,86.36,84.68,87.68
"15928",223,2024,88.09,94.45,86.32,91.28,89.53,91.57,88.86
"15929",224,2024,84.68,87.67,84.1,87.75,86.65,88.59,84.22
"15930",225,2024,83.19,85.99,82.92,89.84,83.98,89.03,85.8
"15931",226,2024,82.13,85.09,82.54,89.14,80.75,91.72,83.04
"15932",227,2024,79.29,77.42,80.99,82,77.3,82.97,77.89
"15933",228,2024,79.45,80.52,80.15,82.7,79.32,82.92,78.93
"15934",229,2024,79.53,79.84,79.7,80.45,78.09,81.99,77.79
"15935",230,2024,77.97,75.65,77.95,77.12,74.81,80.09,72.55
"15936",231,2024,77.31,72.79,78.73,75.16,75.31,76.38,71.76
"15937",232,2024,82.48,84.74,81.62,84.43,82.99,84.17,81.66
"15938",233,2024,76.35,77.07,77.21,81.78,75.79,81.63,78.88
"15939",234,2024,75.51,75.36,76.87,79.87,76,80.13,77.83
"15940",235,2024,75.46,76.8,76.67,82.21,75.16,82.78,78.92
"15941",236,2024,80.18,80.22,80.3,82.19,79.99,80.81,82.35
"15942",237,2024,79.94,80.45,80.08,82.21,78.81,81.46,80.19
"15943",238,2024,80.84,84.01,78.72,85.39,80.26,85.43,82.08
"15944",239,2024,79.31,79.93,78.88,82.14,77.29,83.7,77.53
"15945",240,2024,78.63,78.57,80.26,84.13,75.81,82.59,78.85
"15946",241,2024,83.45,87.47,82.43,87.53,83.13,87.07,84.61
"15947",242,2024,82.06,86.74,80.85,88.54,82.53,90.17,83.56
"15948",243,2024,76.32,78.12,74.74,79.91,74.94,83.41,74.74
"15949",244,2024,79.41,84.61,77.43,86.2,79.83,86.64,80.51
"15950",245,2024,84.5,87.76,82.17,90.6,84.79,90.83,85.17
"15951",246,2024,84.64,90.75,82.43,92,84.01,92.93,85.24
"15952",247,2024,78.79,78.42,77.53,82.17,77.02,83.58,76.45
"15953",248,2024,78.7,79.33,77.9,81.6,77.7,81.65,78.61
"15954",249,2024,78.5,83.66,76.56,88.58,78.8,90.01,82.74
"15955",250,2024,81.73,87.13,78.94,87.39,82.71,90.12,81.78
"15956",251,2024,82.94,87.62,80.4,88.07,84.07,87.85,83.36
"15957",252,2024,80.75,82.82,79.26,83.68,81.38,84.71,79.37
"15958",253,2024,76.71,77.48,76.77,76.02,76.01,81,69.73
"15959",254,2024,72.91,73.79,72.33,74.31,71.97,75.77,70.02
"15960",255,2024,71.84,73.74,71.24,77.77,72.8,78.38,74.23
"15961",256,2024,77.44,75.78,77.47,79.01,74.68,78.69,75.34
"15962",257,2024,89.08,89.46,88.34,88.3,86.7,89.99,84.59
"15963",258,2024,83.21,82.77,82.75,82.64,81.04,83.99,78.52
"15964",259,2024,74.61,73.55,75.57,76.09,73.43,76.17,73.42
"15965",260,2024,77.57,77.47,78.69,77.79,76.27,79.54,73.14
"15966",261,2024,88.03,89.74,87.25,89.11,87.41,90.8,82.96
"15967",262,2024,81.92,82.86,81.85,86.1,82.06,85.77,81.21
"15968",263,2024,78.7,81.92,77.99,82.52,79.43,85.01,77.44
"15969",264,2024,81.23,85.59,81.19,85.66,81.18,87.2,80.89
"15970",265,2024,79.81,83.12,80.42,84.92,79.36,87.43,80.4
"15971",266,2024,79.45,82.72,80.41,85.59,80.02,87.95,80.01
"15972",267,2024,84.25,85.56,85.35,84.3,83.57,86.65,80.5
"15973",268,2024,79.94,78.91,80.17,79.34,77.76,80.22,75.43
"15974",269,2024,76.95,74.66,77.96,76.38,73.66,76.16,72.65
"15975",270,2024,81.19,79.57,82.19,77.31,79.5,76.45,75.87
"15976",271,2024,78.41,76.03,78.73,78.02,76.32,74.34,77.4
"15977",272,2024,84.44,87.28,83.73,84.95,83.02,82.34,82.48
"15978",273,2024,86.81,92.11,86.34,94.18,87.26,93.49,92.2
"15979",274,2024,76.14,78.42,77.74,85.88,74.79,83.6,82.46
"15980",275,2024,73.08,72.35,75.01,78.33,71.09,75.76,76.17
"15981",276,2024,77.23,78.17,78.42,77,78.03,74.14,78.35
"15982",277,2024,78.09,78.77,78.82,75.74,79.29,75.89,76.89
"15983",278,2024,83.76,85.41,83.78,82.12,83.02,81.75,82.08
"15984",279,2024,85.94,86.78,85.94,88.2,85.67,88.25,85.1
"15985",280,2024,88.71,94.15,87.55,93.75,90.14,93.9,93.29
"15986",281,2024,85.17,85.95,85.36,89.66,85.59,87.8,89.58
"15987",282,2024,86.43,90.67,85.8,90.92,87.44,89.04,90.79
"15988",283,2024,84.09,87.03,83.35,86.29,83.85,83.94,88.19
"15989",284,2024,80.7,84,81.38,87.45,80.79,86.48,84.42
"15990",285,2024,76.97,78.4,78.07,79.59,76.64,79.7,78.52
"15991",286,2024,77.15,72.23,79.42,72.83,74.04,72.29,74.16
"15992",287,2024,81.63,79.05,83.64,77.37,79.65,75.82,76.86
"15993",288,2024,81.59,84.29,82.64,87.16,82.32,89.23,82.19
"15994",289,2024,82.56,91.37,82.91,93.01,84.59,94.12,87.72
"15995",290,2024,78.25,82.21,78.74,84.12,80.89,85.23,81.43
"15996",291,2024,77.65,80.62,77.45,83.15,79.23,83.34,81.48
"15997",292,2024,76.88,77.13,77.99,81.19,76.57,80.45,80.28
"15998",293,2024,76.72,76.95,77.44,81.13,75.9,78.93,79.27
"15999",294,2024,72.96,70.34,74.2,70.02,71.38,69.26,72.68
"16000",295,2024,72.02,74.92,72.63,68.54,72.82,70.39,71.39
"16001",296,2024,72.83,75.96,73.62,74.23,72.59,73.66,75.9
"16002",297,2024,79.04,77.19,80.19,77.63,76.63,76.23,78.52
"16003",298,2024,75.22,77.63,76.05,82.22,76.11,81.19,77.95
"16004",299,2024,74.35,68.42,76.62,71.08,71.49,70.24,71.9
"16005",300,2024,80.5,77.6,81.97,76.1,78.41,74.7,76.02
"16006",301,2024,75.59,74.81,77.24,80.43,74.1,79.08,77.45
"16007",302,2024,81.11,83.74,81.97,86.34,81.63,86.59,82.19
"16008",303,2024,87.92,89.17,89.21,88.23,87.42,87.28,85.6
"16009",304,2024,79.8,83.93,81.76,86.81,81.16,86.13,82.59
"16010",305,2024,76.88,79.11,76.95,82.17,76.03,81.44,79.07
"16011",306,2024,76.16,78.47,76.5,82.56,73.81,80.03,81.09
"16012",307,2024,71.27,67.03,73.31,71.62,66.23,70.35,73.19
"16013",308,2024,78.28,79.36,78.93,80.83,78.24,77.56,83.22
"16014",309,2024,86.69,93.32,85.45,94.31,89.07,93.49,92.91
"16015",310,2024,76.85,78.94,77.41,79.63,75.91,80.06,77.96
"16016",311,2024,74.88,73.45,75.91,73.59,72.58,72.89,75.13
"16017",312,2024,73.77,73.85,74.44,71.97,73.17,71.56,75.73
"16018",313,2024,77.01,82.22,76.91,86.03,77.02,84.2,83.93
"16019",314,2024,82.35,79.76,83.89,85.25,79.33,81.04,82.84
"16020",315,2024,84.64,88.46,85.47,91.06,83.87,87.49,87.49
"16021",316,2024,79.98,79.33,81.52,84.2,78.27,80.62,82.35
"16022",317,2024,78.61,81.22,79.6,80.54,79.54,78.39,81.29
"16023",318,2024,76.35,81.83,76.19,79.57,78.37,79.2,81.16
"16024",319,2024,83.47,91.04,82.45,90.27,85.84,90.14,89.66
"16025",320,2024,80.93,82.43,82.37,79.69,80.17,79.65,80.59
"16026",321,2024,84.73,91.48,84.53,87.86,87.45,87.68,88.74
"16027",322,2024,79.17,81.36,79.79,79.71,78.95,79.3,78.92
"16028",323,2024,80.46,82.76,81.19,77.06,81,76.67,79.88
"16029",324,2024,78.36,82.74,78.5,79.97,79.59,78.95,80.72
"16030",325,2024,76.81,77.24,78.55,78.02,76.37,75.23,78.43
"16031",326,2024,82.9,87.89,83.01,87.77,83.28,85.6,87.73
"16032",327,2024,86.72,89.4,87.76,85.87,88.79,84.94,86.96
"16033",328,2024,89.86,92.36,90.6,93.98,91.22,92.43,92.91
"16034",329,2024,79.68,80.24,81.04,79.54,79.38,79.63,78.42
"16035",330,2024,78.56,76.81,79.55,77.87,77.84,75.76,77.94
"16036",331,2024,74.38,73.67,75.42,76.16,73.72,75.02,76.05
"16037",332,2024,73.62,75.75,74.74,77.02,75.21,75.91,77.32
"16038",333,2024,77.15,80.66,78.97,86.01,78.85,84.7,83.22
"16039",334,2024,69.93,69.59,72.47,74.99,68.84,73.34,73.43
"16040",335,2024,67.71,65.86,71.09,71.14,66.08,69.34,71.06
"16041",336,2024,73.96,74.88,76.79,76.84,75.55,74.28,77.01
"16042",337,2024,70.36,70.3,72.82,74.37,70.11,72.65,74.96
"16043",338,2024,69.55,69.97,70.17,73.15,69.6,72.57,72.52
"16044",339,2024,70.53,69.26,71.62,72.46,69.44,71.3,72.01
"16045",340,2024,69.3,69.64,70.2,72.18,68.54,71.68,71.9
"16046",341,2024,64.96,66.78,65.74,69.61,66.04,68.96,69.59
"16047",342,2024,61.62,62.38,62.02,64.42,62.52,62.9,65.59
"16048",343,2024,60.2,52.81,61.88,54.83,54.83,54.34,57.37
"16049",344,2024,61.14,58.9,63.7,63.16,59,61.11,64.92
"16050",345,2024,62.31,60.4,63.41,65.69,59.88,63.45,65.99
"16051",346,2024,64.79,66.21,65.32,70.3,64.68,68.52,69.88
"16052",347,2024,64.68,68.96,65.22,69.92,65.53,69.6,69.87
"16053",348,2024,62.17,68.52,62.68,74.81,65,73.02,75.17
"16054",349,2024,63.45,67.81,63.7,75.82,64.38,73.32,75.11
"16055",350,2024,61.99,65.32,62.13,72.3,61.7,68.68,71.97
"16056",351,2024,61.26,65.56,61.18,70.71,60.59,69.01,69.63
"16057",352,2024,72.27,74.32,72.5,80.51,72.66,78.18,76.94
"16058",353,2024,62.79,66.42,64.2,74.19,63.34,72,72.58
"16059",354,2024,64.04,64.93,65.69,71.68,63.25,69.4,71.66
"16060",355,2024,60.71,63.09,61.63,68.23,60.76,66.1,68.4
"16061",356,2024,65.28,69.56,65.32,75.43,69.12,71.07,77.36
"16062",357,2024,67.49,68.25,68.38,75.04,67.1,71.56,74.89
"16063",358,2024,71.95,72.32,72.79,80.05,70.31,78.4,76.8
"16064",359,2024,62.43,62.16,63.33,67.89,61.36,66.75,67.79
"16065",360,2024,61.19,64.39,61.56,68.62,60.8,67.85,68.12
"16066",361,2024,61.15,64.06,61.24,72.16,60.01,70.52,70.86
"16067",362,2024,61.33,67.41,61.25,76.23,62.64,73.26,75.06
"16068",363,2024,60.87,65.4,62.72,72.41,62.58,69.01,73.29
"16069",364,2024,62.75,63.76,65.4,67.93,63.54,64.73,69.47
"16070",365,2024,59.15,60.68,61.85,64.43,60.4,62.34,66.11
"16071",366,2024,56.98,56.54,58.45,58.04,56.76,57.18,60.57
